<?xml version="1.0" encoding="utf-8"?>
<COLLADA xmlns="http://www.collada.org/2005/11/COLLADASchema" version="1.4.1" xmlns:xsi="http://www.w3.org/2001/XMLSchema-instance">
  <asset>
    <contributor>
      <author>Blender User</author>
      <authoring_tool>Blender 4.2.1 LTS commit date:2024-08-19, commit time:11:21, hash:396f546c9d82</authoring_tool>
    </contributor>
    <created>2024-08-28T15:12:24</created>
    <modified>2024-08-28T15:12:24</modified>
    <unit name="meter" meter="1"/>
    <up_axis>Z_UP</up_axis>
  </asset>
  <library_effects>
    <effect id="Material-effect">
      <profile_COMMON>
        <newparam sid="post-apocalyptic_texture_png_002-surface">
          <surface type="2D">
            <init_from>post-apocalyptic_texture_png_002</init_from>
          </surface>
        </newparam>
        <newparam sid="post-apocalyptic_texture_png_002-sampler">
          <sampler2D>
            <source>post-apocalyptic_texture_png_002-surface</source>
          </sampler2D>
        </newparam>
        <technique sid="common">
          <lambert>
            <emission>
              <color sid="emission">0 0 0 1</color>
            </emission>
            <diffuse>
              <texture texture="post-apocalyptic_texture_png_002-sampler" texcoord="UVMap"/>
            </diffuse>
            <reflectivity>
              <float sid="specular">1</float>
            </reflectivity>
            <index_of_refraction>
              <float sid="ior">1.45</float>
            </index_of_refraction>
          </lambert>
        </technique>
      </profile_COMMON>
    </effect>
  </library_effects>
  <library_images>
    <image id="post-apocalyptic_texture_png_002" name="post-apocalyptic_texture_png_002">
      <init_from>post-apocalyptic_texture.png.002.png</init_from>
    </image>
  </library_images>
  <library_materials>
    <material id="Material-material" name="Material">
      <instance_effect url="#Material-effect"/>
    </material>
  </library_materials>
  <library_geometries>
    <geometry id="shelf_2_mesh-mesh" name="shelf_2_mesh">
      <mesh>
        <source id="shelf_2_mesh-mesh-positions">
          <float_array id="shelf_2_mesh-mesh-positions-array" count="1536">0.6515255 -0.2895286 0 0.6515255 -0.2895286 1.838316 0.6089422 -0.2895286 0 0.6089422 -0.2895286 1.838316 0.651525 0.2952787 0 0.651525 0.2952787 1.838316 0.6089417 0.2952787 0 0.6089417 0.2952787 1.838316 -0.5469299 -0.2895295 0 -0.5345001 -0.2895295 1.840092 -0.5043467 -0.2895295 0 -0.5043467 -0.2895295 1.838316 -0.5469304 0.2952779 0 -0.5345005 0.2952779 1.840092 -0.5043472 0.2952779 0 -0.5043472 0.2952779 1.838316 0.6461984 -0.2895286 0.8383553 0.6506376 -0.2895286 1.481314 0.6089422 -0.2895286 1.499959 0.6089422 -0.2895286 0.8871873 0.6089417 0.2952787 1.499959 0.6089417 0.2952787 0.8871873 0.639095 0.2952787 1.534585 0.6470857 0.2952787 0.9351314 -0.5469299 -0.2895295 0.4595791 -0.5469299 -0.2895295 0.919158 -0.5424908 -0.2895295 1.454205 -0.5043467 -0.2895295 1.378737 -0.5043467 -0.2895295 0.919158 -0.5043467 -0.2895295 0.459579 -0.5043472 0.2952779 1.378737 -0.5043472 0.2952779 0.919158 -0.5043472 0.2952779 0.459579 -0.5345005 0.2952779 1.403597 -0.5469304 0.2952779 0.919158 -0.5469304 0.2952779 0.459579 0.6089422 -0.2895286 0.4924867 0.6089417 0.2952787 0.4924867 0.639095 0.2952787 0.4809446 0.6355441 -0.2895286 0.5280008 -0.5353878 -0.2895295 0.6785157 -0.5043467 -0.2895295 0.7033756 -0.5043472 0.2952779 0.7033756 -0.5380519 0.2952779 0.786834 0.6089419 0.1003429 0 0.6089421 -0.0945928 0 0.6089421 -0.0945928 1.838316 0.6089419 0.1003429 1.838316 0.6515253 -0.0945928 0 0.6515251 0.1003429 0 0.6515251 0.1003429 1.838316 0.6515253 -0.0945928 1.838316 0.6467899 0.1724512 1.105389 0.6464941 0.01433628 0.8506693 0.6429426 0.01749533 1.536773 0.6467902 -0.1559613 1.709259 0.6089421 -0.0945928 0.8871873 0.6089419 0.1003429 0.8871873 0.6089421 -0.0945928 1.499959 0.6089419 0.1003429 1.499959 0.6089421 -0.0945928 0.4924867 0.6089419 0.1003429 0.4924867 0.6379114 0.2307512 0.7942674 0.6367278 -0.1314142 0.1195567 -0.504347 0.1003421 0 -0.5043469 -0.09459364 0 -0.5043469 -0.09459364 1.838316 -0.504347 0.1003421 1.838316 -0.5469301 -0.0945937 0 -0.5469302 0.100342 0 -0.5345004 0.1003421 1.840092 -0.5345003 -0.0945937 1.840092 -0.54693 -0.1636335 0.1036415 -0.5469303 0.1356289 0.6467531 -0.54693 -0.1406204 0.9881976 -0.5469303 0.1448343 1.198385 -0.5398274 -0.1973859 1.67207 -0.5371639 -0.1067768 1.561614 -0.504347 0.1003421 0.459579 -0.5043469 -0.09459364 0.459579 -0.504347 0.1003421 0.919158 -0.5043469 -0.09459364 0.919158 -0.504347 0.1003421 1.378737 -0.5043469 -0.09459364 1.378737 -0.504347 0.1003421 0.7033756 -0.5043469 -0.09459364 0.7033756 -0.5362759 -0.0945937 0.7146218 -0.5371638 0.06198674 0.9148887 0.6176588 -0.2701466 0.4154083 0.6176588 -0.2701466 0.4594208 -0.5122961 -0.2662723 0.3971978 -0.5122961 -0.2662723 0.4412103 0.6176584 0.2315609 0.4154083 0.6176584 0.2315609 0.4594208 -0.5130639 0.2315601 0.4154083 -0.5130639 0.2315601 0.4594208 -0.5122961 -0.207121 0.3971978 -0.5122961 -0.207121 0.4412103 0.6176588 -0.2109954 0.4154083 0.6176588 -0.2109954 0.4594208 -0.4580136 -0.2662722 0.3971978 0.5633763 -0.2701467 0.4154083 0.5633763 -0.2701467 0.4594208 -0.4580136 -0.2662722 0.4412103 0.5379259 0.1898338 0.4154083 -0.4333313 0.189833 0.4154083 -0.4220418 0.2069829 0.459752 0.5270608 0.2064453 0.4594208 -0.429751 -0.1853105 0.4422064 0.5270611 -0.1865318 0.4594208 -0.4325636 -0.2251002 0.3971978 0.5379261 -0.2289746 0.4154083 -0.4612472 -0.2701475 0.5969381 -0.5149133 -0.2701475 0.6024872 -0.5149133 -0.2109963 0.6024872 -0.5149136 0.2315601 0.6024872 0.5761386 0.2315609 0.5975547 0.6176584 0.2315609 0.5975547 0.6176588 -0.2109954 0.5975547 0.6176588 -0.2701466 0.5975547 0.5761389 -0.2385581 0.5975547 0.5633763 -0.2701467 0.5975547 -0.4740104 0.2315601 0.5969381 -0.4740099 -0.2385589 0.5969381 -0.5130639 0.2797044 0.4594208 -0.5130639 0.2797044 0.4154083 -0.4587814 0.2797044 0.4154083 0.5633758 0.2797052 0.4594208 0.6176584 0.2797052 0.4594208 0.6176584 0.2797052 0.4154083 0.5633758 0.2797052 0.4154083 -0.4587814 0.2797044 0.4594208 -0.4740104 0.2797044 0.5969381 0.5761385 0.2797052 0.5975547 0.6176584 0.2797052 0.5975547 -0.5149137 0.2797044 0.6024872 0.5633759 0.2315608 0.4154083 -0.4587814 0.2315601 0.4154083 -0.4580136 -0.2369739 0.3971978 0.5633763 -0.2408488 0.4154083 0.5221133 0.1830155 0.4323939 -0.4175187 0.1830147 0.4323939 -0.416751 -0.2182814 0.4141833 0.5221136 -0.2221564 0.4323939 0.6176588 -0.2701466 0.8161304 0.6176588 -0.2701466 0.8601428 -0.5130635 -0.2701475 0.8161304 -0.5130635 -0.2701475 0.8601428 0.6176584 0.2315609 0.8161304 0.6176584 0.2315609 0.8601428 -0.5130639 0.2315601 0.8161304 -0.5130639 0.2315601 0.8601428 -0.5130635 -0.2109963 0.8161304 -0.5130635 -0.2109963 0.8601428 0.6176588 -0.2109954 0.8161304 0.6176588 -0.2109954 0.8601428 -0.458781 -0.2701475 0.8161304 0.5633763 -0.2701467 0.8161304 0.5633763 -0.2701467 0.8601428 -0.458781 -0.2701475 0.8601428 0.5379259 0.1898338 0.8161304 -0.4333313 0.189833 0.8161304 -0.4224661 0.2027701 0.8601428 0.5271719 0.2032548 0.8599887 -0.4224659 -0.1865326 0.8601428 0.5279457 -0.1867182 0.8598062 -0.433331 -0.2289754 0.8161304 0.5379261 -0.2289746 0.8161304 -0.4600141 -0.2701475 0.9933442 -0.5155298 -0.2701475 0.9773135 -0.5155298 -0.2109963 0.9773135 -0.5155302 0.2315601 0.9773135 0.5761386 0.2315609 0.9988933 0.6176584 0.2315609 0.9982767 0.6176588 -0.2109954 0.9982767 0.6176588 -0.2701466 0.9982767 0.5761389 -0.2385581 0.9988933 0.5516614 -0.2701467 0.9871786 -0.4727773 0.2315601 0.9933442 -0.4703106 -0.2385589 0.9847124 -0.5130639 0.2797044 0.8601428 -0.5130639 0.2797044 0.8161304 -0.4587814 0.2797044 0.8161304 0.5633758 0.2797052 0.8601428 0.6176584 0.2797052 0.8601428 0.6176584 0.2797052 0.8161304 0.5633758 0.2797052 0.8161304 -0.4587814 0.2797044 0.8601428 -0.4727773 0.2797044 0.9933442 0.5761385 0.2797052 0.9988933 0.6176584 0.2797052 0.9982767 -0.5155302 0.2797044 0.9773135 0.5633759 0.2315608 0.8161304 -0.4587814 0.2315601 0.8161304 -0.458781 -0.2408496 0.8161304 0.5633763 -0.2408488 0.8161304 0.5221133 0.1830155 0.8331158 -0.4175187 0.1830147 0.8331158 -0.4175184 -0.2221571 0.8331158 0.5221136 -0.2221564 0.8331158 0.6176588 -0.2701466 1.216852 0.6176588 -0.2701466 1.260865 -0.5130635 -0.2701475 1.216852 -0.5130635 -0.2701475 1.260865 0.6176584 0.2315609 1.216852 0.6176584 0.2315609 1.260865 -0.5130639 0.2315601 1.216852 -0.5130639 0.2315601 1.260865 -0.5130635 -0.2109963 1.216852 -0.5130635 -0.2109963 1.260865 0.6176588 -0.2109954 1.216852 0.6176588 -0.2109954 1.260865 -0.458781 -0.2701475 1.216852 0.5633763 -0.2701467 1.216852 0.5633826 -0.2695759 1.254957 -0.458781 -0.2701475 1.260865 0.5379259 0.1898338 1.216852 -0.4333313 0.189833 1.216852 -0.4224661 0.20483 1.260865 0.5270608 0.2011286 1.260865 -0.4224659 -0.1865326 1.260865 0.5270675 -0.185961 1.254957 -0.433331 -0.2289754 1.216852 0.5379261 -0.2289746 1.216852 -0.458781 -0.2701475 1.398999 -0.5130635 -0.2701475 1.398999 -0.5130635 -0.2109963 1.398999 -0.5130639 0.2315601 1.398999 0.5761386 0.2315609 1.398999 0.6176584 0.2315609 1.398999 0.6176588 -0.2109954 1.398999 0.6176588 -0.2701466 1.398999 0.5761389 -0.2385581 1.398999 0.5633763 -0.2701467 1.398999 -0.4715441 0.2315601 1.398999 -0.4715437 -0.2385589 1.398999 -0.5130639 0.2797044 1.260865 -0.5130639 0.2797044 1.216852 -0.4587814 0.2797044 1.216852 0.5633758 0.2797052 1.260865 0.6176584 0.2797052 1.260865 0.6176584 0.2797052 1.216852 0.5633758 0.2797052 1.216852 -0.4587814 0.2797044 1.260865 -0.4715441 0.2797044 1.398999 0.5761385 0.2797052 1.398999 0.6176584 0.2797052 1.398999 -0.5130639 0.2797044 1.398999 0.5633759 0.2315608 1.216852 -0.4587814 0.2315601 1.216852 -0.458781 -0.2408496 1.216852 0.5633763 -0.2408488 1.216852 0.5221133 0.1830155 1.233838 -0.4175187 0.1830147 1.233838 -0.4175184 -0.2221571 1.233838 0.5221136 -0.2221564 1.233838 0.6176588 -0.2701466 1.617574 0.6176588 -0.2701466 1.661587 -0.5130635 -0.2701475 1.617574 -0.5130635 -0.2701475 1.661587 0.6176584 0.2315609 1.617574 0.6176584 0.2315609 1.661587 -0.515273 0.2381981 1.602584 -0.515273 0.2381981 1.646597 -0.5130635 -0.2109963 1.617574 -0.5130635 -0.2109963 1.661587 0.6176588 -0.2109954 1.617574 0.6176588 -0.2109954 1.661587 -0.458781 -0.2701475 1.617574 0.5633763 -0.2701467 1.617574 0.561352 -0.2738546 1.669358 -0.458781 -0.2701475 1.661587 0.5379259 0.1898338 1.617574 -0.4333313 0.189833 1.617574 -0.4224661 0.2030261 1.661587 0.5270608 0.2064453 1.661587 -0.4224659 -0.1865326 1.661587 0.5250369 -0.1902397 1.669358 -0.433331 -0.2289754 1.617574 0.5379261 -0.2289746 1.617574 -0.458781 -0.2701475 1.799721 -0.5130635 -0.2701475 1.799721 -0.5130635 -0.2109963 1.799721 -0.5130639 0.2315601 1.799721 0.5711051 0.2372543 1.786285 0.6176584 0.2315609 1.799721 0.6176588 -0.2109954 1.799721 0.6176588 -0.2701466 1.799721 0.5761389 -0.2385581 1.799721 0.5341387 -0.2632755 1.769819 -0.4715441 0.2315601 1.799721 -0.4715437 -0.2385589 1.799721 -0.5152731 0.2863425 1.646597 -0.5152731 0.2863425 1.602584 -0.4609906 0.2863425 1.602584 0.5661914 0.2804167 1.660543 0.6176584 0.2797052 1.661587 0.6176584 0.2797052 1.617574 0.5865064 0.2821295 1.616516 -0.4609906 0.2863425 1.646597 -0.4715441 0.2797044 1.799721 0.5804407 0.293914 1.769301 0.6176584 0.2797052 1.799721 -0.5130639 0.2797044 1.799721 0.5633759 0.2315608 1.617574 -0.4621446 0.2310432 1.61809 -0.458781 -0.2408496 1.617574 0.5633763 -0.2408488 1.617574 0.5221133 0.1830155 1.63456 -0.4175187 0.1830147 1.63456 -0.4175184 -0.2221571 1.63456 0.5221136 -0.2221564 1.63456 -0.2785714 -0.2701474 1.617574 -0.2785714 -0.2701474 1.661587 -0.2958877 0.2153229 1.622878 -0.2955662 0.1949161 1.657975 -0.2785714 -0.1865326 1.661587 -0.2785714 -0.2408491 1.617574 -0.2785714 -0.2701474 1.792618 -0.2903853 -0.2385588 1.780188 -0.2794115 0.1735958 1.622878 -0.2620952 -0.2289754 1.617574 -0.2691745 0.1667775 1.639864 -0.2518583 -0.2221566 1.63456 0.3032203 -0.2775458 1.216852 0.3032203 -0.2775458 1.260865 0.3093855 0.1976495 1.216852 0.3127877 0.1736189 1.260865 0.3050699 -0.1865324 1.260865 0.3032203 -0.2482475 1.216852 0.2995209 -0.2775458 1.384941 0.2933893 -0.247002 1.384941 0.2967984 0.1559225 1.216852 0.290633 -0.2363738 1.216852 0.2889777 0.1491042 1.233838 0.2828124 -0.229555 1.233838 -0.288776 -0.2701474 0.8161304 0.04886025 -0.2781624 0.8161304 0.04886019 -0.2781624 0.8601428 -0.288776 -0.2701474 0.8601428 -0.04341363 0.1472749 0.8116803 -0.3103562 0.2173795 0.8161304 -0.31292 0.1927055 0.8599116 -0.04234087 0.1258611 0.8521106 -0.2878922 -0.1865326 0.8604503 0.04820543 -0.1952161 0.8606635 -0.288776 -0.2408491 0.8161304 0.04886019 -0.2488641 0.8161304 0.01556563 -0.2781625 0.9803963 -0.288776 -0.2701474 0.9982767 -0.2972933 -0.2385588 0.9982767 0.006924867 -0.2465739 0.9736141 -0.09163218 0.1014719 0.8143338 -0.2933718 0.1756524 0.8161304 -0.2717917 -0.2289754 0.8161304 0.04887783 -0.2369904 0.8161304 -0.09162122 0.09465354 0.8313193 -0.2828191 0.1688341 0.8331158 -0.261239 -0.2221566 0.8331158 0.0488888 -0.2301721 0.8331158 0.2450215 -0.2775458 0.8161304 0.2679909 0.1795974 0.8268951 0.2453207 -0.186387 0.8603289 0.2450215 -0.2482475 0.8161304 0.2498804 -0.2459573 0.9816294 0.2371821 -0.2289747 0.8161304 0.231162 -0.2221564 0.8331158 0.2450215 -0.2775458 0.8601428 0.2650064 0.2037883 0.796184 0.2450215 -0.2775458 0.9982767 0.2414977 0.1559225 0.7991375 0.2354776 0.1491042 0.811011 0.06706881 -0.2578325 0.4024206 0.4554759 -0.2701467 0.4154083 0.4554759 -0.2701467 0.4594208 0.06706881 -0.2578325 0.4464331 0.4554755 0.2315608 0.4154083 0.147498 0.1938191 0.4172474 0.1475378 0.17027 0.46093 0.4532881 0.2064453 0.4592728 0.06706875 -0.174951 0.4468742 0.4554758 -0.1865319 0.4596431 0.06706881 -0.2285342 0.4024206 0.4554759 -0.2408488 0.4154083 0.4419114 -0.2701467 0.5889227 0.07961255 -0.2701473 0.5895393 0.102752 -0.2385587 0.5969381 0.4630778 -0.2385586 0.5950885 0.4353986 0.1898338 0.4154083 0.1443879 0.1520925 0.4172474 0.06395852 -0.21666 0.4024206 0.4353989 -0.2289746 0.4154083 0.4272404 0.1491042 0.4323939 0.1424553 0.1452737 0.434233 0.06202602 -0.2098417 0.4194062 0.4229247 -0.2221564 0.4323939 0.147689 -0.2782635 1.63638 0.1021112 0.2254553 1.64107 0.1476889 -0.1946487 1.680392 0.147689 -0.2489657 1.63638 0.1215682 -0.2385587 1.781964 0.1432021 -0.2370915 1.63638 0.1404142 -0.2302732 1.653366 0.147689 -0.2782635 1.680392 0.14509 0.2390442 1.602326 0.1184303 -0.2701473 1.774861 0.1406031 0.1973176 1.602326 0.1392859 0.194891 1.610404 -0.5130637 0.01028186 1.661587 0.6176586 0.01028269 1.617574 -0.5130637 0.01028186 1.617574 0.6176586 0.01028269 1.661587 -0.422466 0.009955704 1.661587 0.5270609 0.009956479 1.661587 -0.4587811 -0.004644513 1.617574 0.5633761 -0.004643678 1.617574 -0.5130637 0.01028186 1.799721 0.6176586 0.01028269 1.799721 -0.4715439 -0.003499627 1.799721 0.5740572 0.005413234 1.779759 -0.4333311 -0.01957094 1.617574 0.537926 -0.01957017 1.617574 -0.4175186 -0.01957094 1.63456 0.5221135 -0.01957017 1.63456 -0.2518585 -0.01957088 1.63456 0.1368613 -0.02223247 1.640727 0.4554755 0.2315608 0.4594208 0.5633759 0.2315608 0.4594208 0.4554758 -0.2109955 0.4594208 0.5633763 -0.2109954 0.4594208 -0.4580136 -0.207121 0.4412103 -0.4587814 0.2315601 0.4594208 0.2650064 0.2037883 0.8269501 0.5633759 0.2315608 0.8601428 0.2468711 -0.210996 0.8601428 0.5633763 -0.2109954 0.8601428 -0.458781 -0.2109963 0.8601428 -0.4587814 0.2315601 0.8601428 0.3093855 0.1976495 1.260865 0.5633759 0.2315608 1.260865 0.3050699 -0.210996 1.260865 0.5633826 -0.2104247 1.254957 -0.458781 -0.2109963 1.260865 -0.4587814 0.2315601 1.260865 0.1008656 0.2505708 1.64107 0.5633759 0.2315608 1.661587 0.147689 -0.2191128 1.680392 0.561352 -0.2147033 1.669358 -0.4587811 0.01028186 1.661587 -0.4609906 0.2381981 1.646597 0.5633761 0.01028269 1.661587 -0.2933568 0.2195939 1.657975 -0.458781 -0.2109963 1.661587 -0.2785714 -0.2109962 1.661587 -0.3103561 0.2173795 0.8601428 -0.04341363 0.1472749 0.8524747 -0.288776 -0.2109962 0.8601428 0.04886019 -0.2190113 0.8601428 0.1474981 0.1938191 0.4612599 0.06706875 -0.1986813 0.4464331 -0.2785716 0.009955763 1.656951 -0.2955662 0.1949161 1.65334 0.3050699 -0.1865324 1.256229 0.3127877 0.1736189 1.256229 -0.244056 -0.1784001 0.8562359 -0.2772035 0.1992172 0.8555497 0.03100728 -0.1796116 0.8562909 -0.04289925 0.1422524 0.8509219 0.2006655 -0.184152 0.8560733 0.2362766 0.1806131 0.823785 0.05363023 -0.1585731 0.4425013 0.1375805 0.1867042 0.4565432 0.4164047 -0.179869 0.4553315 0.4155538 0.2128602 0.4549384 0.144136 0.007294178 1.663119 0.1021112 0.2254553 1.636434 -0.2785714 -0.1865326 1.656951 0.1476889 -0.1946487 1.675757 -0.422466 0.009955704 1.656951 0.5270609 0.009956479 1.656951 0.5256475 0.2061607 0.4547856 0.5256477 -0.1868165 0.4547856 -0.4142231 -0.1704828 0.4382665 -0.406514 0.2218106 0.455812 0.5460864 0.1997591 0.8554285 0.5468602 -0.1902139 0.855246 -0.4216827 -0.1869494 0.8555075 -0.421683 0.2023533 0.8555075 0.5270608 0.2011286 1.256229 0.5270675 -0.185961 1.250322 -0.4224659 -0.1865326 1.256229 -0.4224661 0.20483 1.256229 0.5270608 0.2064453 1.656951 0.5250369 -0.1902397 1.664723 -0.4224661 0.2030261 1.656951 -0.4224659 -0.1865326 1.656951 -0.3072003 -0.273172 1.276982 -0.3025203 0.2246622 1.216852 -0.2258365 -0.2660561 1.398361 -0.2848079 0.1829351 1.216852 -0.2738028 0.1761168 1.233838 -0.3037742 -0.2716523 1.216852 -0.3025203 0.2246622 1.260865 -0.306824 -0.2125159 1.276982 -0.3037742 -0.2423545 1.216852 -0.2372503 -0.2346802 1.398361 -0.2860617 -0.2304803 1.216852 -0.2750567 -0.223662 1.233838 -0.2729004 0.198481 1.260865 -0.2778962 -0.1880522 1.276982 -0.2729004 0.198481 1.256229 -0.2778962 -0.1880522 1.272347</float_array>
          <technique_common>
            <accessor source="#shelf_2_mesh-mesh-positions-array" count="512" stride="3">
              <param name="X" type="float"/>
              <param name="Y" type="float"/>
              <param name="Z" type="float"/>
            </accessor>
          </technique_common>
        </source>
        <source id="shelf_2_mesh-mesh-normals">
          <float_array id="shelf_2_mesh-mesh-normals-array" count="3000">0 -1 0 -1 -9.17297e-7 0 0 1 0 0.9994512 0.0330317 -0.002485632 0 0 -1 0 0 1 0 -1 0 1 9.17297e-7 0 0 1 0 -0.9994978 -9.16836e-7 0.03168946 0 0 -1 0.05878841 0 0.9982705 0.9995855 -0.02770709 -0.00782907 0.999976 -6.93311e-4 -0.006904184 0 1 0 0 1 0 -1 -9.17297e-7 0 -1 -9.17297e-7 0 0 -1 0 0 -1 0 -1 -9.17296e-7 5.39159e-7 -0.9992082 0.01673561 -0.03609734 -0.9999363 0.003635048 0.01068693 0 1 0 0 1 0 0 1 0 1 9.17297e-7 0 1 9.17297e-7 0 1 9.17297e-7 0 0 -1 0 0 -1 0 0 -1 0 0 -1 0 -1 -9.17296e-7 0 0 1 0 0.9924273 9.1035e-7 0.1228332 0 -1 0 1 9.17297e-7 0 0 1 0 -0.9992156 0.03733408 0.01320528 0.9996662 9.1699e-7 0.02583622 0.9924273 9.12139e-7 0.1228332 -1 -6.11531e-7 0 -1 -1.22306e-6 0 -1 -6.11531e-7 0 -1 -1.22306e-6 0 -1 -6.11531e-7 0 -1 -1.22306e-6 0 0.9997821 0.01606547 0.01332706 0.9999334 -0.01028537 0.005223274 0.9945067 -0.1032006 -0.01749676 0.9992053 0.03436309 -0.02019798 0 0 1 0 0 1 0 0 -1 0 0 -1 0.9993898 0.0135892 -0.03217828 0.9996203 -0.004805803 -0.02713084 -1 -6.11531e-7 0 -1 -1.22306e-6 0 -0.9991273 0.03177946 0.0271064 -0.998921 -0.0386306 0.02577471 1 9.17296e-7 0 1 6.11531e-7 0 1 9.17296e-7 0 1 6.11531e-7 0 1 9.17296e-7 0 1 6.11531e-7 0 1 9.17296e-7 0 1 6.11531e-7 0 -0.9985402 0.04755228 0.02562069 -0.9997556 -0.01310849 0.01780092 -0.9969375 -0.04051196 -0.06689095 -0.9985176 0.03227198 -0.04383021 -1 -9.17296e-7 0 -1 -9.55092e-7 -1.3221e-7 0.05878841 0 0.9982705 0.05878841 0 0.9982705 0 0 -1 0 0 -1 -1 -9.17296e-7 0 -0.9999542 -6.11503e-7 0.009564459 1 9.17296e-7 0 1 6.11531e-7 0 5.49022e-7 -1 0 -0.9999985 -0.001749992 0 1 1.23804e-6 0 1 0 0 0 0 -1 1 8.08096e-7 0 0.1344317 1.68416e-7 0.9909229 0 0 -1 1 8.08096e-7 0 -1 0 0 0 0 -1 0 0 -1 -0.9957588 -8.05906e-7 0.09200155 0.1273412 -0.991859 0 1 0 0 0.9947657 8.82859e-7 0.1021821 0.02137327 0.03886377 -0.9990159 -0.7319258 -6.4604e-7 -0.6813844 0 0 1 -2.76202e-7 1 0 5.49022e-7 -1 0 0.01607102 -0.9998708 0 0 0 1 0 0 1 0.1344318 0 0.9909228 0.1344317 0 0.9909229 -0.02180695 0.008810639 0.9997234 -0.9999164 -8.08028e-7 -0.01292836 5.49022e-7 -1 0 -2.9969e-7 0.9666451 0.2561196 -0.002487421 -0.9997074 -0.02406191 1 1.23804e-6 0 2.43545e-7 -1 0 -0.9998683 0 -0.01622533 -5.49022e-7 1 0 -7.17784e-7 1 0 -5.49022e-7 1 0 -5.49022e-7 1 0 1 0 0 -1 -1.23804e-6 0 -0.9999164 -1.23794e-6 -0.01292836 0.9939239 0 0.1100694 -0.9957589 -1.23759e-6 0.09200155 0 0 -1 0 0 -1 -1 -1.23804e-6 0 0.003167808 -2.36123e-4 -0.9999949 0 0 -1 0.06371843 0.038863 -0.9972109 0 0 -1 0 0 -1 -0.01227241 0.927469 -0.3736987 0.7252197 0.03152751 -0.6877953 0.1449153 -0.4054268 -0.9025678 5.49022e-7 -1 0 -1 -8.08096e-7 0 1 1.23804e-6 0 1 0 0 0 0 -1 1 8.08096e-7 0 -0.3510909 -4.23665e-7 0.9363414 0 0 -1 1 8.08096e-7 0 -1 0 0 0 0 -1 0 0 -1 -0.9957962 -8.04243e-7 0.09159618 -0.0375669 -0.07355546 -0.9965834 1 0 0 0.9956662 0.003517806 0.09293276 0 0 -1 -0.7319234 -6.46037e-7 -0.681387 0.01484787 0 0.9998897 -0.09268033 0.9956959 0 5.49022e-7 -1 0 3.50605e-7 -1 0 0.01484787 0 0.9998897 0.01484787 0 0.9998899 -0.3510913 -2.85177e-7 0.9363413 -0.1614743 0 0.9868769 -0.04290485 -0.3179957 0.9471209 -0.9997786 -8.07471e-7 -0.02104425 5.49022e-7 -1 0 -3.40305e-7 0.9806682 0.1956782 5.49022e-7 -1 0 1 1.23804e-6 0 0.02412277 -0.9997091 0 -0.9997785 0 -0.02104425 -5.49022e-7 1 0 -7.17784e-7 1 0 -5.49022e-7 1 0 -6.70659e-7 1 0 1 0 0 -1 -1.23804e-6 0 -0.9997785 -1.23777e-6 -0.02104425 0.9945251 0 0.1044979 -0.9957962 -1.23214e-6 0.09159618 0 0 -1 0 0 -1 -1 -1.23804e-6 0 0 0 -1 0 0 -1 0 0 -1 0 0 -1 0 -0.05943471 -0.9982321 -3.097e-6 0.9280132 -0.3725476 0.7319253 5.38366e-7 -0.6813849 0.1388806 -0.8875589 -0.4392621 5.49022e-7 -1 0 -1 -8.08096e-7 0 1 1.23804e-6 0 1 0 0 0 0 -1 1 8.08096e-7 0 0 0 1 0 0 -1 1 8.08096e-7 0 -1 0 0 0 0 -1 0 0 -1 -0.9957581 -0.001244664 0.09200149 -0.2343835 -1.00971e-5 -0.9721442 1 0 0 0.9957588 8.8374e-7 0.09200197 0 0 -1 -0.7319234 -6.46037e-7 -0.681387 0 0 1 -0.1323398 0.9912044 0 5.49567e-7 -0.9998878 0.01497733 -0.009707748 -0.9999529 0 0 0 1 0 0 1 0 0 1 0 0 1 -0.05025082 0.02030271 0.9985302 -1 -8.08096e-7 0 -0.01008361 -0.9999413 -0.003962755 -0.01574373 0.981978 0.1883382 5.49022e-7 -1 0 1 1.23804e-6 0 0.03064084 -0.9995301 9.13579e-4 -1 0 0 -5.49022e-7 1 0 -7.17784e-7 1 0 -5.49022e-7 1 0 -5.49022e-7 1 0 1 0 0 -1 -1.23804e-6 0 -1 -1.23804e-6 0 0.9957588 0 0.09200197 -0.9957589 -1.23759e-6 0.09200155 0 0 -1 0 0 -1 -1 -1.23804e-6 0 0 0 -1 0 0 -1 0 0 -1 0 0 -1 0 0 -1 0.009779095 0.9257706 -0.3779593 0.7319253 5.38366e-7 -0.6813849 0.1366528 -0.9394694 -0.3142026 5.49022e-7 -1 0 -0.999953 -0.009693264 0 1 1.23804e-6 0 1 0 0 0 0 -1 1 8.08096e-7 0 0 0 1 0 0 -1 1 8.08096e-7 0 -1 0 0 0 0 -1 -0.04519444 0 -0.9989781 -0.9958225 0.01208531 0.09050673 -0.01091688 -0.514475 -0.8574359 1 0 0 0.9957588 8.83739e-7 0.09200203 6.03756e-4 0.002195656 -0.9999974 -0.7319356 -6.46047e-7 -0.6813738 -0.5220969 0.3226855 0.7894865 0.01788765 0.99984 0 5.49022e-7 -1 0 3.30752e-7 -1 0 0 0 1 -0.4162731 -3.36388e-7 0.9092396 0 0 1 0 0 1 -0.02570736 -0.7524698 0.6581249 -1 -8.08096e-7 0 0.08255058 -0.988531 0.1264591 -3.18326e-7 0.9740426 0.2263647 5.49022e-7 -1 0 1 1.23804e-6 0 0.01756268 -0.9956974 0.09098446 -1 0 0 0.07758414 0.9969858 0 0.3566656 0.9342322 0 -5.49022e-7 1 0 -5.45713e-7 0.9990616 0.0433101 0.9991816 0 -0.04045009 -1 -1.23804e-6 0 -0.9998959 -1.2395e-6 0.01442587 0.9976333 0 0.06875842 -0.9906848 0.05970764 0.1223874 0.2367033 -0.2668817 -0.9342086 0.03396141 0 -0.9994232 -0.8457806 0.379006 -0.3755125 0.03592944 0.01418691 -0.9992536 -0.0472157 -0.01784151 -0.9987254 0 0 -1 0 0 -1 -0.0160067 0 -0.9998719 -2.92164e-6 0.9280166 -0.3725388 0.7319343 4.30699e-7 -0.6813753 -0.01142996 -0.9571396 -0.2894012 -0.09000039 -0.9504024 -0.2977167 0.03682869 0.929467 -0.3670624 0 0.02845048 -0.9995952 0 0 -1 -0.0491696 0.00528717 -0.9987764 3.30752e-7 -1 0 0.01028352 0.9816185 0.1905761 0.1070992 0.0432713 0.9933063 -0.01903676 -0.9998189 0 0.09826153 0.9642766 -0.2459987 -0.9999489 0.01010948 0 0 0 -1 -0.04349881 -0.9365687 -0.3477743 -0.02748399 0.9185639 -0.3943157 0 0 -1 0 0 -1 0 0 -1 -0.00550884 -0.9980483 0.06220376 -0.0389564 0.9800553 0.194869 0.025496 0.00927484 0.9996319 0.02842658 -0.9994838 0.01496654 0.04410207 0.9990271 0 0.9860283 6.03806e-7 0.1665779 0 0 -1 -0.09640407 -0.9514863 -0.2921987 -0.3419549 -0.9261139 -0.1593112 -0.03926521 0.9224172 -0.3841937 0.02397847 0.9277493 -0.372433 0 0 -1 -1.44557e-4 -0.005593001 -0.9999844 0 0 -1 0 0 -1 -0.04271423 -0.04061841 -0.9982613 -0.02495855 -0.03161048 -0.9991886 3.50605e-7 -1 0 -0.02632659 -0.9996534 0 -0.03886014 0.9600161 0.2772346 0.02301472 0.9695017 0.2440014 -0.07587963 0.2397438 0.9678663 0.08135843 0.02193677 0.9964435 0.00314331 -0.9999951 0 -0.02373194 -0.9997184 0 0.09510743 0.995467 0 0.2540069 0.9672024 -1.85565e-7 -0.002607107 0.9999967 0 1 6.06699e-7 0 0 0 -1 0 0 -1 0.02323561 -0.99973 0 -0.03267675 0.9797322 0.1976283 0.07063221 -0.04307967 -0.9965718 -3.22526e-7 0.9280216 -0.3725264 0.1302269 -0.9200904 -0.3694247 0.002614974 -0.05946481 -0.998227 0 0 -1 0.00263065 -0.9999963 7.28101e-4 -0.03280848 0.2012195 0.9789966 -0.1802344 0.9836237 0 0.01736539 0.9486134 0.3159608 0 0 -1 -0.060678 -0.9445624 -0.3226763 0.01008766 -0.9283627 -0.3715383 -2.71412e-7 0.9280225 -0.3725241 0.04314231 0.9377104 -0.3447289 0.01009756 0.04534953 -0.9989202 0.03707861 0.03330218 -0.9987573 0.01029855 -0.0220738 -0.9997033 0.03524857 0.009232878 -0.999336 0 0 -1 -0.006345331 0.003053009 -0.9999752 0.01631015 -0.9995659 -0.02453529 -0.02879929 -0.996117 -0.08319503 -0.004281103 0.9805832 0.1960566 0.001021385 0.9799901 0.1990436 0 -0.2280533 0.9736487 0.005034863 -0.1948231 0.9808255 2.76202e-7 -1 0 -0.03168845 -0.9994978 0 0.06212985 0.9980681 0 -0.1216372 0.9925746 0 -0.04241162 -0.9991003 0 0.01903676 0.9998188 0 0.009946227 0 -0.9999505 0.0334196 0 -0.9994414 0.01627272 -0.9973594 -0.07077765 -0.005666136 0.983537 0.1806177 0.03602749 -0.02197372 -0.9991092 -0.03798437 0.9146311 -0.4025011 0.0329374 -0.9205015 -0.3893484 0.01476329 -0.1384643 -0.9902574 0.04286712 -0.05948311 -0.9973085 3.00274e-7 -1 0 -0.004013419 0.3648577 0.9310547 -0.06667089 0.9329889 -0.353676 -0.003454506 -0.8005093 0.5993104 0.0440756 0 -0.9990282 -3.10669e-7 1 0 0.04656517 -0.05977821 -0.997125 0.07656836 -0.9970643 0 0 0 -1 0.7319348 7.24659e-7 -0.6813747 -0.04781317 -0.06138056 -0.9969685 0 0 -1 -0.01506745 0.001971721 -0.9998845 -0.9998629 -0.008768677 0.01404529 0 0 1 -0.2806054 -0.03057897 0.9593359 -0.731933 -2.09612e-7 -0.6813766 0 0 -1 0.9957589 8.83741e-7 0.09200191 -0.9565227 -5.80321e-7 0.2916579 -0.9979391 -0.01446712 0.06251561 1 8.08096e-7 0 1 8.08096e-7 0 0 0 -1 -1 -8.08096e-7 0 -0.002006888 -0.005720138 0.9999817 0 0 1 -7.40147e-4 -0.0446664 0.9990017 0 0 1 -0.1250489 -0.017681 0.991993 0 0.01386541 0.9999039 0 0 1 -0.00425738 0 0.9999909 0 0 1 0.02277588 0.03380972 0.9991688 0 0 1 0.01119881 -0.01336365 0.999848 -0.04833137 -0.002397 0.9988285 0.02622997 0.03893721 0.9988973 0 0 1 0 0 1 -0.02173995 0.3717271 0.9280875 0 0 1 0 0 1 -0.1085507 0.1283591 0.985769 0 0 1 0.02555638 -0.01202464 0.9996011 -0.002284348 -0.01248365 0.9999195 -5.19687e-4 -0.02189189 0.9997603 0.08317714 -0.01277434 0.9964529 3.05299e-4 -0.007542192 0.9999715 -0.002419531 0.00985676 0.9999485 0.00707519 -0.01399332 0.999877 -0.009005784 -0.01858299 0.9997867 -0.03370594 -0.009079992 0.9993906 0.0427649 -0.003828644 0.9990778 -0.04407507 0 0.9990282 0 0 1 -3.48429e-4 0.03879362 0.9992472 0.00144869 0.00100404 0.9999985 -0.101569 -6.67119e-4 0.9948283 0.001959085 -0.01525956 0.9998816 0.01582407 0.03862553 0.9991284 0 0 1 0.001767516 0.04163867 0.9991312 -2.92083e-4 0 1 0.02062892 0.003627479 0.9997807 0.08560633 0.07955396 0.9931479 -0.003903567 -0.03968715 0.9992045 0.005677938 0.001013159 0.9999834 -0.01458925 0 0.9998936 0.0406785 0.02324235 0.9989019 0.0284484 0 0.9995953 -0.04286378 0.1131599 0.9926518 2.04167e-4 0.9959856 -0.089513 -0.002573549 0.9999967 0 0.0101785 0.4162878 0.9091759 1 6.09201e-7 0 0.05269426 -0.6571477 -0.7519177 -1 -1.72459e-5 0 0.008690178 0.2786796 0.9603448 -0.04468983 -0.999001 0 -0.01592367 -0.2668628 -0.963603 -0.01168322 0.9999318 0 -1.22703e-4 -0.9981169 0.06133997 0.04052037 -0.3847188 -0.922144 1 6.17439e-7 0 0.04997324 0.7324363 0.678999 -0.01469558 0.2711209 0.9624331 -1 -3.03349e-7 0 0.2888653 -0.04844057 0.9561435 -0.02006787 0.2425076 0.9699419 -0.06377846 -0.997964 0 0 0 1 0.02763694 0 0.999618 0 0 1 -0.04241114 -0.9991002 0 0.01051086 0.9999448 0 0 0 -1 0.04410034 0.9990271 0 0.002703964 0.001092493 0.9999958 -0.01994919 -0.999801 0 0 0 -1 0 0 -1 -0.0436812 -0.9405323 -0.336884 0.009818971 0.9295225 -0.3686345 0 0 -1 0.02938336 0.9592212 0.2811249 -0.009708881 -0.9999529 0 0 -1 0 -1 -9.17297e-7 0 0 1 0 0.9993276 9.1668e-7 -0.03666615 0 0 -1 0 0 1 0 -1 0 1 9.17297e-7 0 0 1 0 -0.9995847 -0.02004724 0.02069878 0 0 -1 0.05878841 0 0.9982705 0.9994112 4.17807e-4 -0.03430914 0.999751 0.02195501 0.004009902 0 1 0 0 1 0 -1 -9.17297e-7 0 -1 -9.17297e-7 0 0 -1 0 0 -1 0 -1 -4.73444e-7 0 -0.9988424 0.004323184 -0.04790806 -0.9999582 -0.003846824 0.00829631 0 1 0 0 1 0 0 1 0 1 9.17297e-7 0 1 9.17297e-7 0 1 9.17297e-7 0 0 -1 0 0 -1 0 0 -1 0 0 -1 0 -1 -9.17296e-7 0 0 1 0 0.9970556 0.07049399 0.03017854 0 -1 0 1 9.17297e-7 0 0 1 0 -0.9985112 -0.01429885 0.05264031 0.9992862 0.03607571 0.0112046 0.9983939 -0.05062997 0.02542525 -1 -6.11531e-7 0 -1 -1.22306e-6 0 -1 -6.11531e-7 0 -1 -1.22306e-6 0 -1 -6.11531e-7 0 -1 -1.22306e-6 0 0.9998056 0.01395809 0.01393055 0.9996174 0.0271939 0.005049109 0.9976347 -0.05655622 -0.03906756 0.999181 0.03384786 -0.02217113 0 0 1 0 0 1 0 0 -1 0 0 -1 0.9991637 9.16529e-7 -0.04089003 0.9993276 9.1668e-7 -0.03666615 -1 -6.11531e-7 0 -1 -1.22306e-6 0 -0.9989523 0.01903969 0.04161477 -0.9989685 -0.03977102 0.02191376 1 9.17296e-7 0 1 6.11531e-7 0 1 9.17296e-7 0 1 6.11531e-7 0 1 9.17296e-7 0 1 6.11531e-7 0 1 9.17296e-7 0 1 6.11531e-7 0 -0.9987878 0.02359455 0.04319941 -0.9988057 0.04673504 0.01425272 -0.9988931 -0.04140967 -0.02231073 -0.9988035 0.03627914 -0.03279358 -1 -5.54009e-7 -1.54093e-7 -1 -6.11531e-7 7.42842e-7 0.05878841 0 0.9982705 0.05878841 0 0.9982705 0 0 -1 0 0 -1 -0.9999613 0.008034348 0.003588497 -0.9992105 0.03894591 0.007853448 1 9.17296e-7 0 1 6.11531e-7 0 5.49022e-7 -1 0 -0.9999985 -0.001749992 0 1 1.23804e-6 0 1 0 0 0 0 -1 1 8.08096e-7 0 0.1344318 0 0.9909229 0 0 -1 1 8.08096e-7 0 -1 0 0 0 0 -1 0 0 -1 -0.9957589 -7.57491e-7 0.09200143 0.1273412 -0.991859 0 1 0 0 0.99392 -0.00282967 0.110069 0 0.04147624 -0.9991396 -0.7319285 -4.16671e-7 -0.6813815 0 0 1 -2.76202e-7 1 0 5.49022e-7 -1 0 0.01607102 -0.9998709 0 0 0 1 0 0 1 0.1344317 1.19309e-7 0.9909229 0.1027629 0.04151928 0.993839 -0.07013082 -0.1456324 0.98685 -0.9998674 -0.001075148 -0.01625114 5.49022e-7 -1 0 -0.01770901 0.9804229 0.1961057 5.48852e-7 -0.9996905 -0.02487707 1 1.23804e-6 0 2.76202e-7 -1 0 -0.9998683 0 -0.01622533 -5.49022e-7 1 0 -5.49022e-7 1 0 -5.49022e-7 1 0 -7.29884e-7 1 0 1 0 0 -1 -1.23804e-6 0 -0.9999164 -1.23794e-6 -0.01292836 0.9939239 0 0.1100694 -0.9957588 -1.23279e-6 0.09200155 0 0 -1 0 0 -1 -1 -1.23804e-6 0 0.003152966 0.001923024 -0.9999932 0 0 -1 -0.02043437 0.04379874 -0.9988313 0 0 -1 0 0 -1 -0.01202178 0.9317654 -0.3628617 0.7379267 0.03200274 -0.6741217 2.69755e-7 -0.9280221 -0.372525 5.49022e-7 -1 0 -1 -8.08096e-7 0 1 1.23804e-6 0 1 0 0 0 0 -1 1 8.08096e-7 0 -0.3510913 0 0.9363413 0 0 -1 1 8.08096e-7 0 -1 0 0 0 0 -1 0 0 -1 -0.9957962 -7.5752e-7 0.09159606 -0.08036732 -0.2116458 -0.9740366 1 0 0 0.9945251 8.70644e-7 0.1044979 0 0 -1 -0.7319262 -4.1667e-7 -0.681384 0.01484787 0 0.9998897 -0.09268033 0.995696 0 5.49022e-7 -1 0 3.50605e-7 -1 0 -0.1613543 -0.2308117 0.9595263 0.01484787 0 0.9998898 -0.1727066 -0.01898783 0.9847903 -0.2734051 0.1696102 0.9468273 0.02087253 0.4636081 0.8857945 -0.9997786 -8.07917e-7 -0.02104425 4.51568e-7 -1 0 -0.01681858 0.9765741 0.214523 5.35396e-7 -1 0 1 1.23804e-6 0 0.02323555 -0.9997277 0.002142667 -0.9997785 0 -0.02104425 -5.49022e-7 1 0 -5.49022e-7 1 0 -5.49022e-7 1 0 -5.49022e-7 1 0 1 0 0 -1 -1.23804e-6 0 -0.9997785 -1.23777e-6 -0.02104425 0.9945251 0 0.1044979 -0.9957962 -1.23284e-6 0.09159618 0 0 -1 0 0 -1 -1 -1.23804e-6 0 0 0 -1 0 0 -1 0 0 -1 0 0 -1 0.07688999 0 -0.9970396 -2.56816e-7 0.9280216 -0.3725267 0.7319249 5.7292e-7 -0.6813853 0.1246395 -0.9554602 -0.2675085 5.49022e-7 -1 0 -1 -8.08096e-7 0 1 1.23804e-6 0 1 0 0 0 0 -1 1 8.08096e-7 0 0 0 1 0 0 -1 1 8.08096e-7 0 -1 0 0 0 0 -1 0 0 -1 -0.9961015 -7.57752e-7 0.08821487 -0.2343835 -1.00971e-5 -0.9721442 1 0 0 0.9957588 8.71724e-7 0.09200197 0 0 -1 -0.7319262 -4.1667e-7 -0.681384 0 0 1 -0.1323398 0.9912044 0 -0.01051491 -0.9999448 0 -0.01715344 -0.9995086 -0.0262382 0 0 1 0 0 1 0 0 1 0 0 1 -0.05290234 -0.01061993 0.9985432 -1 -8.08096e-7 0 5.49022e-7 -1 0 -0.01084303 0.9808023 0.1947031 5.49022e-7 -1 0 1 1.23804e-6 0 0.02824205 -0.9995933 -0.003959715 -1 0 0 -5.49022e-7 1 0 -5.49022e-7 1 0 -5.49022e-7 1 0 -7.17785e-7 1 0 1 0 0 -1 -1.23804e-6 0 -1 -1.23804e-6 0 0.9957588 0 0.09200197 -0.9957588 -1.23279e-6 0.09200155 0 0 -1 0 0 -1 -1 -1.23804e-6 0 0 0 -1 0 0 -1 0 0 -1 0 0 -1 0 0 -1 0.009451031 0.9249073 -0.3800752 0.7319249 5.7292e-7 -0.6813853 0.1345236 -0.9565344 -0.2587382 5.49022e-7 -1 0 -0.999953 -0.009693264 0 1 1.23804e-6 0 1 0 0 0 0 -1 1 8.08096e-7 0 0 0 1 0 0 -1 1 8.08096e-7 0 -1 0 0 0 0 -1 -0.04519444 0 -0.9989783 -0.9936125 7.54844e-4 0.1128431 -0.09108495 -0.9930973 0.07390004 1 0 0 0.9974898 0.01423162 0.0693655 0.2721253 -0.06052386 -0.9603565 -0.7319357 -6.25012e-7 -0.6813737 -0.2772846 -3.4329e-7 0.9607878 0.0502085 0.9714871 -0.2317156 0.05604958 -0.9960321 -0.06912767 3.30752e-7 -1 0 -0.3345722 -0.4397607 0.8334699 -0.05375415 0.08097434 0.9952657 0 0 1 0 0 1 0.01547652 -0.2208179 0.9751923 -1 -8.08096e-7 0 -0.08199292 -0.9966329 0 0.02129709 0.9800664 0.1975256 5.49022e-7 -1 0 1 1.23804e-6 0 0.01348423 -0.9940236 0.1083287 -1 0 0 0.0128988 0.9989122 0.04481244 0.01625198 0.9919934 -0.1252404 -5.49022e-7 1 0 -7.17112e-7 0.9990617 0.04331016 0.9997823 -0.02086484 0 -1 -1.23804e-6 0 -0.9998959 -1.23791e-6 0.01442587 0.9976333 0 0.06875842 -0.9826614 0.1777346 0.05279314 0 0 -1 0 -0.02092891 -0.999781 -0.9983436 0.05753421 0 0.03207033 0.03491699 -0.9988755 -0.04319614 -0.09258288 -0.9947676 0 0 -1 0 0 -1 0.05807834 -0.1387203 -0.988627 -2.42274e-7 0.9280251 -0.3725176 0.7319344 4.16675e-7 -0.6813752 -0.003070831 -0.9270288 -0.3749775 -0.09155946 -0.9419806 -0.322939 0.03656619 0.9195824 -0.391192 0.03573089 0 -0.9993615 0 0 -1 -0.04558062 -0.01799774 -0.9987985 3.30752e-7 -1 0 -9.75673e-4 0.9740636 0.2262725 0.03646707 0.3776977 0.9252106 -0.01903676 -0.9998189 0 0.1179928 0.9846864 -0.1283367 -0.9999489 0.01010948 0 0 0 -1 -0.04415494 -0.9199225 -0.3896062 -0.02853786 0.9230227 -0.383686 0 0 -1 0 0 -1 0 0 -1 -0.02188169 -0.9997604 -6.52419e-4 0.004258155 0.9602636 0.279062 0.02564811 0.005148768 0.9996578 0.03062009 -0.9995311 0 0.04410207 0.9990271 0 0.9860242 9.05798e-7 0.1666026 0 0 -1 -0.09929966 -0.943233 -0.3169401 -0.3416978 -0.8722408 -0.3499122 -0.04077732 0.9272587 -0.3721944 0.02306336 0.9227297 -0.3847573 0 0 -1 -0.009601056 -5.29917e-4 -0.9999538 0 0 -1 0 0 -1 -0.04361563 -0.01195722 -0.9989768 -0.01047235 -0.004262626 -0.9999361 3.48081e-7 -1 0 -0.02373147 -0.9996967 -0.006570756 -0.01013827 0.9725463 0.2324886 0.04185193 0.9793106 0.1979879 -0.0287922 -0.007763266 0.9995552 0.06306248 0.2259619 0.9720928 0.00314331 -0.9999951 0 -0.02373194 -0.9997184 0 0.09510737 0.995467 -1.28801e-7 0.2540069 0.9672024 -3.43994e-7 -0.002607107 0.9999967 0 1 6.06699e-7 0 0 0 -1 0 0 -1 0.02323561 -0.99973 0 -1.76452e-6 0.9609982 0.2765547 0.06775426 -0.09456193 -0.9932106 -2.85173e-7 0.9280214 -0.3725269 0.1245437 -0.8863946 -0.4458625 -0.05693852 -0.03014904 -0.9979224 0 0 -1 0.00314331 -0.9999951 0 -0.06969505 0.4734597 0.8780539 -0.1802344 0.9836237 1.3167e-7 -1.96318e-4 0.7932537 -0.6088911 0 0 -1 -0.0610255 -0.9238645 -0.3778231 0.04505658 -0.3921866 -0.9187816 -2.78834e-7 0.9280226 -0.372524 0.04492807 0.9288419 -0.367742 0.006001532 0.04035788 -0.9991673 -0.006458699 7.50788e-5 -0.9999791 0.01047164 0.002742886 -0.9999414 0.03524756 0.05959671 -0.9976 0 0 -1 -0.006381034 4.75628e-4 -0.9999795 -0.001171112 -0.9963259 -0.0856347 1.64547e-6 -1 1.72352e-7 -2.70672e-7 0.9799794 0.1990987 0.02228331 0.9677005 0.251116 0.01367825 0.005526423 0.9998912 0.00165683 -0.2292034 0.9733771 2.76202e-7 -1 0 -0.03168839 -0.9994977 0 0.06212985 0.9980681 0 -0.1216372 0.9925746 1.23547e-7 -0.04241162 -0.9991003 0 0.01903676 0.9998188 0 0.009946227 0 -0.9999505 0.0334196 0 -0.9994415 0.01065772 -0.9999432 0 -0.007275879 0.9824801 0.1862253 0.03827041 -0.004115164 -0.999259 -0.03827977 0.9251534 -0.3776584 0.04575335 -0.9587458 -0.2805589 -0.0733968 0.0215584 -0.9970697 0.04669594 0.01764512 -0.9987533 -0.02244734 -0.9966476 0.07867425 0.04355484 -0.2232892 0.9737787 -0.08269977 0.989974 -0.1145081 0.09887725 0.0431267 -0.9941647 0.0440756 0 -0.9990282 -3.10669e-7 1 0 0.01586395 0 -0.9998742 0.0765683 -0.9970643 0 0 0 -1 0.7319343 6.46046e-7 -0.6813752 -0.0160067 0 -0.9998719 0 0 -1 0 0 -1 -1 -8.08096e-7 0 0 0 1 -0.4162731 -3.36388e-7 0.9092396 -0.7319356 -6.46049e-7 -0.6813739 0 0 -1 0.9957588 8.04668e-7 0.09200203 -0.9565227 -5.80321e-7 0.2916579 -0.99594 -8.04815e-7 0.09001934 1 8.08096e-7 0 1 8.08096e-7 0 0 0 -1 -1 -8.08096e-7 0 0 0 1 0.003104746 -0.009085118 0.9999539 -0.03676998 -0.04151242 0.9984612 0 0 1 -0.1232689 0.1523236 0.9806132 0.00184077 -0.007445454 0.9999706 0 0 1 -0.009835124 -4.87497e-4 0.9999516 0 0 1 0.02660137 0 0.9996462 0 0 1 -0.01027917 -0.01525896 0.9998307 -0.04175841 0.06037944 0.9973016 0.02922904 0 0.9995728 -0.3145285 0.05926042 0.9473964 0 0 1 0.02828657 -0.002532422 0.9995967 0 0 1 0 0 1 -0.1027331 0.1525021 0.9829491 0.001238107 -0.009501099 0.9999541 0.02492821 -0.01574522 0.9995653 0 0 1 -9.58257e-4 -0.01253163 0.999921 0.08106666 0.0077371 0.9966787 0.002673804 -0.02180403 0.9997587 -0.002971053 -0.01401054 0.9998974 0.006765663 -0.006484031 0.9999561 -0.009402811 -0.03345912 0.9993959 -0.03340482 -0.0185734 0.9992693 0.04267716 0.00211656 0.9990867 -0.04407507 0 0.9990283 0 0 1 0.02310925 0.03430461 0.9991442 0.004996657 0 0.9999875 0.003917753 0.08779311 0.9961311 0.0266028 -5.7008e-4 0.9996459 0.02843642 0.06293338 0.9976125 0 0 1 0.02763849 -5.92274e-4 0.9996178 -0.004170298 0.001450955 0.9999903 -1.26862e-4 0.01664972 0.9998614 0.001739859 0.01707822 0.9998527 -0.007908821 -0.04452431 0.998977 -0.03717863 -0.03158062 0.9988095 -0.04281955 0.06165254 0.9971787 -0.01373815 0.1187915 0.9928242 0 0.01952242 0.9998094 0.01610457 0 0.9998703 -0.03166514 0.5891106 0.8074317 -0.002573549 0.9999967 0 0.001000165 0.2708427 0.9626231 1 6.09201e-7 0 -0.08626294 -0.07498675 -0.9934465 -1 -1.72459e-5 0 -0.03082537 0.7146741 0.698778 -0.04468983 -0.999001 0 -0.01368117 -0.2433751 -0.9698358 -0.01168322 0.9999318 0 -0.04526734 -0.7282882 -0.6837742 0.01772636 -0.24782 -0.9686439 1 6.17439e-7 0 -1.90575e-4 0.9981228 -0.06124478 -0.01504355 0.2463929 0.9690533 -1 -3.03349e-7 0 0.288861 -0.04844069 0.9561448 -0.01441574 0.4822747 0.8759015 -0.06377846 -0.997964 0 -0.1102537 0.04283004 0.9929802 0.02639597 -0.03121268 0.9991642 0 0 1 -0.04241114 -0.9991002 0 0.01051086 0.9999448 0 0 0 -1 0.04410034 0.9990271 0 0.002720415 9.89645e-4 0.9999958 0.01766955 -0.9987523 0.0467078 0 0 -1 0 0 -1 -0.04496395 -0.9368149 -0.3469239 0.009461641 0.9258456 -0.3777837 0 0 -1 0.002254605 0.9839585 0.1783832 -0.007841587 -0.9996387 -0.02571088</float_array>
          <technique_common>
            <accessor source="#shelf_2_mesh-mesh-normals-array" count="1000" stride="3">
              <param name="X" type="float"/>
              <param name="Y" type="float"/>
              <param name="Z" type="float"/>
            </accessor>
          </technique_common>
        </source>
        <source id="shelf_2_mesh-mesh-map-0">
          <float_array id="shelf_2_mesh-mesh-map-0-array" count="6000">0.3263061 0.08808189 0.3269071 0.09285724 0.3263186 0.09312039 0.3206709 0.08164167 0.3234221 0.08641701 0.3206709 0.08641701 0.3173905 0.08220601 0.317816 0.08649265 0.3173905 0.08698135 0.322992 0.08469229 0.3248772 0.08287078 0.3248772 0.08790928 0.3277478 0.08439284 0.3283488 0.08164161 0.3283488 0.08439284 0.3264181 0.113457 0.3258174 0.1107058 0.3264181 0.1107058 0.3138876 0.09074753 0.3133493 0.08532643 0.3137748 0.08530133 0.3182258 0.09249258 0.320977 0.0860064 0.320977 0.09249258 0.3332527 0.09760171 0.3336783 0.09146636 0.3336783 0.09795254 0.3272129 0.08207494 0.3259125 0.07970339 0.3286637 0.07970339 0.3269217 0.1019444 0.3275227 0.09919321 0.3275227 0.1019444 0.3269886 0.08989727 0.3274148 0.09264844 0.3269886 0.09264844 0.3205885 0.09680986 0.324877 0.1013639 0.3226454 0.1071285 0.3205885 0.09680986 0.3248772 0.08790928 0.3248771 0.09698367 0.3173905 0.09562963 0.317816 0.1013631 0.3173905 0.1012002 0.3173905 0.08698135 0.3179288 0.09495294 0.3173905 0.09562963 0.3206709 0.09506523 0.3234221 0.1006358 0.3206709 0.1006358 0.3206709 0.08641701 0.3234221 0.09506529 0.3206709 0.09506523 0.3263813 0.1021947 0.3269071 0.1070761 0.3265317 0.1065748 0.3263186 0.09312039 0.3269071 0.1015055 0.3263813 0.1021947 0.3259125 0.1056736 0.3276893 0.1042109 0.3286637 0.1056736 0.3286639 0.09558755 0.3259123 0.09270125 0.3280139 0.09172689 0.3280139 0.09172689 0.3259124 0.08514982 0.3272129 0.08207494 0.3330773 0.1174111 0.3336783 0.110925 0.3336783 0.1174111 0.3332026 0.1063063 0.3336783 0.1044387 0.3336783 0.1074842 0.3330773 0.1044387 0.3336783 0.09795254 0.3336783 0.1044387 0.3182258 0.1119512 0.320977 0.105465 0.320977 0.1119512 0.3182258 0.1020242 0.320977 0.09897881 0.320977 0.1020242 0.3182258 0.09897881 0.320977 0.09249258 0.320977 0.09897881 0.3139503 0.1112712 0.3133493 0.104785 0.3139503 0.104785 0.3133493 0.1013442 0.3139503 0.09829884 0.3137874 0.1016951 0.3139503 0.09829884 0.3133493 0.09181261 0.3138876 0.09074753 0.3263061 0.1140267 0.3269071 0.1070761 0.3269071 0.1140267 0.3206709 0.1006358 0.3234221 0.1075864 0.3206709 0.1075864 0.3173905 0.1081508 0.317816 0.1013631 0.3179914 0.1081508 0.3226454 0.1071285 0.3248772 0.1088156 0.322126 0.1088156 0.3133493 0.104785 0.3137874 0.1016951 0.3139503 0.104785 0.3182258 0.105465 0.320977 0.1020242 0.320977 0.105465 0.3330773 0.110925 0.3336783 0.1074842 0.3336783 0.110925 0.3259124 0.09918743 0.3286639 0.09558755 0.3276893 0.1042109 0.3166234 0.102028 0.3193747 0.1088156 0.3166236 0.1088156 0.3193747 0.1088156 0.3226454 0.1071285 0.322126 0.1088156 0.3151685 0.1006358 0.3179197 0.1075864 0.3151685 0.1075864 0.3179197 0.1006358 0.3206709 0.1075864 0.3179197 0.1075864 0.3151685 0.08641695 0.3179197 0.09506523 0.3151685 0.09506523 0.3179197 0.08641701 0.3206709 0.09506523 0.3179197 0.09506523 0.3151685 0.09506523 0.3179197 0.1006358 0.3151685 0.1006358 0.3179197 0.09506523 0.3206709 0.1006358 0.3179197 0.1006358 0.3166234 0.0871576 0.318357 0.09321492 0.3166235 0.09561783 0.320544 0.08712667 0.3205885 0.09680986 0.318357 0.09321492 0.3166235 0.09561783 0.3175341 0.097606 0.3166234 0.102028 0.3175341 0.097606 0.3205885 0.09680986 0.3226454 0.1071285 0.3264181 0.1079546 0.3258174 0.1052034 0.3264181 0.1052034 0.3264181 0.1107058 0.3258174 0.1079546 0.3264181 0.1079546 0.3277478 0.08989524 0.3283488 0.08714401 0.3283488 0.08989524 0.3277478 0.08714401 0.3283488 0.08439284 0.3283488 0.08714401 0.3166234 0.0871576 0.3193747 0.08287078 0.320544 0.08712667 0.3193747 0.08287078 0.322992 0.08469229 0.320544 0.08712667 0.3151685 0.08164167 0.3179197 0.08641701 0.3151685 0.08641695 0.3179197 0.08164167 0.3206709 0.08641701 0.3179197 0.08641701 0.3319128 0.09654575 0.3341662 0.09456843 0.334166 0.09918737 0.3319128 0.09654575 0.3286639 0.09558755 0.3308737 0.09276115 0.3237282 0.105465 0.3264794 0.1020242 0.3264794 0.105465 0.320977 0.105465 0.3237282 0.1020242 0.3237282 0.105465 0.3237282 0.09897881 0.3264794 0.09249258 0.3264794 0.09897881 0.320977 0.09897881 0.3237282 0.09249258 0.3237282 0.09897881 0.3237282 0.1020242 0.3264794 0.09897881 0.3264794 0.1020242 0.320977 0.1020242 0.3237282 0.09897881 0.3237282 0.1020242 0.3237282 0.1119512 0.3264794 0.105465 0.3264794 0.1119512 0.320977 0.1119512 0.3237282 0.105465 0.3237282 0.1119512 0.3320426 0.08876037 0.3341662 0.08586376 0.3341659 0.09270119 0.3280139 0.09172689 0.3284918 0.08363372 0.3320426 0.08876037 0.3308737 0.09276115 0.3341659 0.09270119 0.3341662 0.09456843 0.3308737 0.09276115 0.3280139 0.09172689 0.3320426 0.08876037 0.3314149 0.1056736 0.334166 0.09918737 0.3341661 0.1056736 0.3314149 0.1056736 0.3276893 0.1042109 0.3319128 0.09654575 0.3269886 0.08439487 0.3274148 0.08714604 0.3269886 0.08714604 0.3269886 0.08714604 0.3274148 0.08989727 0.3269886 0.08989727 0.3269217 0.1074468 0.3275227 0.1046956 0.3275227 0.1074468 0.3269217 0.1046956 0.3275227 0.1019444 0.3275227 0.1046956 0.3341662 0.08586376 0.3314149 0.07970339 0.3341661 0.07970339 0.3284918 0.08363372 0.3286637 0.07970339 0.3314149 0.07970339 0.3237282 0.09249258 0.3264794 0.0860064 0.3264794 0.09249258 0.320977 0.09249258 0.3237282 0.0860064 0.3237282 0.09249258 0.3060393 0.1222279 0.3066592 0.121462 0.3066592 0.1222281 0.3094433 0.120363 0.309078 0.126554 0.3088222 0.120363 0.3085274 0.132861 0.3091484 0.1321815 0.3091484 0.132861 0.3091484 0.1391069 0.3085274 0.1399418 0.3085274 0.1391069 0.3100014 0.1293107 0.3162466 0.1285448 0.3166679 0.1293109 0.3091484 0.132861 0.3110975 0.1391069 0.3091484 0.1391069 0.3143364 0.1356039 0.3150178 0.1350279 0.3150157 0.1356036 0.3166679 0.1293109 0.3170813 0.1285448 0.3170813 0.1293109 0.3091484 0.132861 0.3085274 0.1391069 0.3085274 0.132861 0.3094434 0.1195282 0.3088222 0.120363 0.3088224 0.1195282 0.3170226 0.1444926 0.3166092 0.1437265 0.3170226 0.1437265 0.3166679 0.1308337 0.3170813 0.1293109 0.3170813 0.1308337 0.3214706 0.1298807 0.3234231 0.1361277 0.3214706 0.1361265 0.2971988 0.1806904 0.2972899 0.183713 0.2972246 0.183713 0.3091484 0.1391069 0.3110975 0.1399418 0.3091484 0.1399418 0.3103983 0.1363745 0.3126008 0.1301832 0.3126008 0.1368182 0.3161879 0.1444926 0.3100014 0.1437368 0.3166092 0.1437265 0.3103446 0.1276419 0.3105801 0.1218256 0.3105801 0.1275438 0.3143386 0.1202096 0.3150178 0.1196234 0.3150178 0.1202093 0.3218488 0.1175778 0.3224695 0.1160551 0.3224695 0.1175779 0.3057793 0.1374093 0.3063992 0.1366434 0.3063992 0.1374095 0.3065933 0.1296383 0.3060393 0.1222279 0.3066592 0.1222281 0.307706 0.1202129 0.3072603 0.1196272 0.3080949 0.1196268 0.3143386 0.1202096 0.3080949 0.1196268 0.3143386 0.1196237 0.3080928 0.135607 0.3143386 0.1350283 0.3143364 0.1356039 0.3072583 0.1356074 0.307706 0.1350315 0.3080928 0.135607 0.3077069 0.1218089 0.3072603 0.1203932 0.307706 0.1202129 0.3096991 0.126554 0.3117184 0.1203081 0.3117174 0.1265538 0.3057793 0.1374093 0.3038338 0.1366428 0.3057793 0.1366432 0.3166754 0.1254656 0.3145694 0.1330975 0.3145742 0.1249576 0.3060393 0.1214618 0.3038425 0.122182 0.3037644 0.1214246 0.3091484 0.132861 0.3110975 0.1321815 0.3110975 0.132861 0.3057793 0.1351204 0.3038338 0.1366428 0.3039554 0.1349285 0.3094434 0.1195282 0.3117184 0.1203081 0.3094433 0.120363 0.3217256 0.128369 0.3224917 0.1289895 0.3217256 0.1289897 0.3224917 0.1283688 0.3219057 0.1264207 0.3224917 0.1264207 0.3042001 0.1145751 0.30496 0.1152032 0.3041939 0.1151958 0.3042001 0.1145751 0.3047704 0.1126411 0.3049662 0.1145825 0.3100345 0.1301832 0.3106555 0.1295037 0.3106555 0.1301832 0.3096991 0.126554 0.3090779 0.1272335 0.309078 0.126554 0.3117174 0.1265538 0.309699 0.1272335 0.3096991 0.126554 0.3106555 0.1301832 0.3126008 0.1295037 0.3126008 0.1301832 0.3214706 0.1361265 0.3234231 0.1368072 0.3214706 0.1368059 0.3100014 0.1445029 0.309322 0.1437367 0.3100014 0.1437368 0.3100014 0.1293107 0.3093219 0.1285446 0.3100014 0.1285446 0.3214706 0.1361265 0.3208495 0.136806 0.3208495 0.1361266 0.301289 0.1976345 0.3012332 0.189437 0.301822 0.1894809 0.3165003 0.12967 0.3166679 0.1308337 0.3165003 0.1311171 0.3105902 0.1433776 0.3166092 0.1437265 0.3100014 0.1437368 0.3105902 0.1296699 0.3166679 0.1293109 0.3165003 0.12967 0.3018675 0.1854886 0.3071066 0.1841497 0.3071066 0.1855496 0.3043171 0.1322248 0.3040063 0.1390039 0.3040734 0.1322473 0.3103416 0.1158697 0.3105716 0.1216249 0.3103416 0.1217314 0.301289 0.1853738 0.3013889 0.1841496 0.3018675 0.1854886 0.308855 0.1200885 0.3094749 0.1193225 0.3094749 0.1200886 0.318337 0.1245497 0.3177159 0.1307955 0.3177159 0.1245498 0.3063541 0.1302118 0.3069751 0.1295324 0.3069751 0.1302118 0.3069751 0.1364578 0.3063541 0.1372926 0.3063541 0.1364578 0.3043062 0.1313616 0.3105515 0.1305956 0.3109727 0.1313617 0.3069751 0.1302118 0.3089241 0.1364578 0.3069751 0.1364578 0.320734 0.1473223 0.3214074 0.1467147 0.3214132 0.1473222 0.3109727 0.1313617 0.3113862 0.1305956 0.3113862 0.1313618 0.3069751 0.1302118 0.3063541 0.1364578 0.3063541 0.1302118 0.318337 0.1237149 0.3177159 0.1245498 0.3177159 0.123715 0.3113862 0.1465539 0.3109727 0.1457878 0.3113862 0.1457878 0.3110771 0.1358548 0.3113862 0.1313618 0.3114906 0.1358548 0.3020846 0.1307835 0.3040459 0.1370305 0.3020846 0.1370292 0.3042169 0.1881104 0.3032996 0.1914592 0.3039857 0.1881264 0.3069751 0.1364578 0.3089241 0.1372926 0.3069751 0.1372926 0.3223265 0.1391547 0.3242105 0.1329088 0.3240879 0.1395438 0.3105515 0.1465539 0.3043062 0.1457877 0.3109727 0.1457878 0.3174346 0.1353981 0.3176701 0.1295818 0.3176701 0.1352999 0.3207335 0.1319122 0.3214132 0.1313264 0.3214128 0.1319121 0.2961289 0.1891175 0.2962668 0.1849085 0.2965629 0.1891176 0.308855 0.1352806 0.3094749 0.1345146 0.3094749 0.1352807 0.308855 0.1224879 0.3094749 0.1200886 0.3094749 0.122488 0.3141009 0.1319122 0.3136558 0.1313265 0.3144903 0.1313265 0.3207335 0.1319122 0.3144903 0.1313265 0.320734 0.1313264 0.3144903 0.1473224 0.3207282 0.1467147 0.320734 0.1473223 0.3136558 0.1473224 0.314099 0.1466823 0.3144903 0.1473224 0.3140009 0.1365206 0.3136596 0.1322607 0.3141009 0.1319122 0.318337 0.1245497 0.3199897 0.1307949 0.318337 0.1307954 0.308855 0.1352806 0.3070659 0.1343487 0.308855 0.1345145 0.3190532 0.1386068 0.3171213 0.1363241 0.319055 0.1362075 0.308855 0.1200885 0.3072048 0.1192872 0.308855 0.1193224 0.3069751 0.1302118 0.3089241 0.1295324 0.3089241 0.1302118 0.3088483 0.1300219 0.3070659 0.1343487 0.3069028 0.1300214 0.318337 0.1237149 0.3199897 0.1245492 0.318337 0.1245497 0.3142924 0.127174 0.3150585 0.1277946 0.3142924 0.1277948 0.3150585 0.1271739 0.3144726 0.1252171 0.3150585 0.1252257 0.3057771 0.144581 0.3065336 0.1452133 0.3057675 0.1452016 0.3065431 0.1445926 0.3057675 0.1429282 0.3063743 0.1427112 0.3217055 0.1329088 0.3223265 0.1322293 0.3223265 0.1329088 0.318337 0.1307954 0.3177159 0.131475 0.3177159 0.1307955 0.3199897 0.1307949 0.318337 0.1314749 0.318337 0.1307954 0.3223265 0.1329088 0.3242105 0.1322293 0.3242105 0.1329088 0.3020846 0.1370292 0.3040459 0.1377099 0.3020846 0.1377087 0.3043062 0.1465538 0.3036268 0.1457877 0.3043062 0.1457877 0.3043062 0.1313616 0.3036268 0.1305955 0.3043062 0.1305955 0.3020846 0.1370292 0.3014636 0.1377088 0.3014636 0.1370294 0.3048951 0.1454285 0.3045064 0.1436929 0.3050952 0.1434532 0.3108052 0.1317209 0.3110771 0.1358548 0.3108052 0.1359654 0.3048951 0.1454285 0.3109727 0.1457878 0.3043062 0.1457877 0.3048951 0.1317208 0.3109727 0.1313617 0.3108052 0.1317209 0.2974318 0.1715622 0.3026758 0.1675165 0.3026758 0.1716228 0.3014593 0.1333124 0.3012161 0.1353695 0.3012161 0.1331639 0.3126492 0.1409036 0.3128837 0.135089 0.3128837 0.1408073 0.2949175 0.1849493 0.2944384 0.1889051 0.2947446 0.1848636 0.3090158 0.1144094 0.3096357 0.1136435 0.3096357 0.1144096 0.3065782 0.1330166 0.3059572 0.1392624 0.3059572 0.1330167 0.3092133 0.1247928 0.3098343 0.1241133 0.3098343 0.1247928 0.3098343 0.1310388 0.3092133 0.1318736 0.3092133 0.1310388 0.3047342 0.1170102 0.3109794 0.1162443 0.3114007 0.1170104 0.3098343 0.1247928 0.3117833 0.1310388 0.3098343 0.1310388 0.309825 0.1335744 0.3105043 0.1329882 0.3105043 0.1335741 0.3114007 0.1170104 0.3118142 0.1162443 0.3118142 0.1170104 0.3098343 0.1247928 0.3092133 0.1310388 0.3092133 0.1247928 0.3065782 0.1321818 0.3059572 0.1330167 0.3059572 0.1321819 0.3118142 0.1322026 0.3114007 0.1314365 0.3118142 0.1314365 0.3115051 0.1206821 0.3118142 0.1170104 0.3119186 0.1206821 0.3077003 0.1330657 0.3097363 0.1393045 0.3077837 0.1393033 0.3197657 0.1418143 0.3194989 0.1472685 0.3194989 0.1417654 0.3098343 0.1310388 0.3117833 0.1318736 0.3098343 0.1318736 0.3105832 0.1393319 0.3125364 0.1330859 0.3125364 0.1397209 0.3109794 0.1322026 0.3047342 0.1314364 0.3114007 0.1314365 0.3174347 0.1413087 0.3176702 0.1354924 0.3176702 0.1412106 0.309825 0.1182048 0.3105043 0.1176186 0.3105043 0.1182045 0.297331 0.1738941 0.2979338 0.170312 0.2979518 0.1738942 0.3096357 0.1296016 0.3090996 0.1288354 0.3096357 0.1288355 0.3096343 0.1165973 0.3090158 0.1144094 0.3096357 0.1144096 0.3031924 0.1182082 0.3027468 0.1176226 0.3035813 0.1176221 0.309825 0.1182048 0.3035813 0.1176221 0.309825 0.117619 0.3035813 0.1335776 0.309825 0.1329885 0.309825 0.1335744 0.3027468 0.133578 0.3031924 0.1329919 0.3035813 0.1335776 0.3030787 0.1222019 0.3027468 0.1183885 0.3031924 0.1182082 0.3065782 0.1330166 0.3085274 0.139262 0.3065782 0.1392623 0.3090158 0.1296015 0.3070703 0.1288349 0.3090996 0.1288354 0.3162859 0.1261064 0.3145788 0.1284289 0.3145858 0.1251226 0.3090158 0.1144094 0.3070703 0.1136428 0.3090158 0.1136433 0.3098343 0.1247928 0.3117833 0.1241133 0.3117833 0.1247928 0.3090996 0.1288354 0.3072616 0.1251115 0.3090091 0.1251642 0.3065782 0.1321818 0.3085274 0.1330163 0.3065782 0.1330166 0.3217256 0.130938 0.3224917 0.1315585 0.3217256 0.1315587 0.3224917 0.1309378 0.3219057 0.1289898 0.3224917 0.1289897 0.3030598 0.1426753 0.3038259 0.1432959 0.3030598 0.1432961 0.3030598 0.1426753 0.3036457 0.1407271 0.3038259 0.1426752 0.3099622 0.1330859 0.3105832 0.1324064 0.3105832 0.1330859 0.3065782 0.1392623 0.3059572 0.1399419 0.3059572 0.1392624 0.3085274 0.139262 0.3065782 0.1399418 0.3065782 0.1392623 0.3105832 0.1330859 0.3125364 0.1324065 0.3125364 0.1330859 0.3077837 0.1393033 0.3097363 0.139984 0.3077837 0.1399828 0.3047342 0.1322025 0.3040549 0.1314363 0.3047342 0.1314364 0.3047342 0.1170102 0.3040549 0.1162441 0.3047342 0.1162441 0.3077837 0.1393033 0.3071627 0.1399829 0.3071627 0.1393035 0.2960219 0.185334 0.2955304 0.1834878 0.2961192 0.1832379 0.3112332 0.1173696 0.3115051 0.1206821 0.3113376 0.1208598 0.3053231 0.1310772 0.3114007 0.1314365 0.3047342 0.1314364 0.3053231 0.1173695 0.3114007 0.1170104 0.3112332 0.1173696 0.3140984 0.1835327 0.3193376 0.1802425 0.3194419 0.1836199 0.3100314 0.1402141 0.3097874 0.1420699 0.3097882 0.1400592 0.3203073 0.1389735 0.3205417 0.1331589 0.3205417 0.1388772 0.3053151 0.1826115 0.3051005 0.1857898 0.3050696 0.1825014 0.303409 0.1152035 0.3040289 0.1144376 0.3040289 0.1152037 0.3119306 0.1234313 0.3123396 0.1266475 0.3117185 0.1266476 0.3046441 0.1230652 0.3052651 0.1223857 0.3052651 0.1230652 0.3052651 0.1293112 0.3046441 0.130146 0.3046441 0.1293112 0.3110253 0.1254768 0.3141446 0.1246976 0.3143585 0.1254628 0.3052651 0.1230652 0.3072141 0.1261882 0.3052651 0.1261882 0.3078436 0.1344055 0.3085228 0.1338193 0.3085228 0.1344051 0.3176917 0.1254488 0.3181019 0.1246809 0.3181051 0.125447 0.3052651 0.1261882 0.3046441 0.1293112 0.3046441 0.1261882 0.3125517 0.1194735 0.3119306 0.1203084 0.3119306 0.1194736 0.3181694 0.1406391 0.3177527 0.1398747 0.3181661 0.139873 0.3178352 0.1313146 0.3181051 0.125447 0.3182486 0.1313128 0.3123297 0.1334668 0.3141241 0.1364461 0.3124638 0.1366413 0.3143283 0.1755555 0.3142601 0.1770911 0.3142601 0.1750519 0.3052651 0.1293112 0.3072141 0.130146 0.3052651 0.130146 0.3026909 0.1262819 0.3046441 0.1231589 0.3046441 0.1264764 0.3142121 0.1406557 0.3110939 0.1399502 0.3144195 0.1398887 0.3174346 0.1265322 0.3176702 0.1236712 0.3176702 0.1265303 0.307929 0.1191105 0.3085228 0.1184497 0.3087348 0.1189829 0.2937793 0.1786186 0.2929754 0.1727107 0.2935962 0.1727138 0.303409 0.1303956 0.3040289 0.1296296 0.3040289 0.1303957 0.303409 0.1177468 0.3040289 0.1152037 0.3040289 0.117747 0.301211 0.1190393 0.3007653 0.1184536 0.3015999 0.1184532 0.3046606 0.1190723 0.3015999 0.1184532 0.3047217 0.1184517 0.3015999 0.1344087 0.3045273 0.1338213 0.3047217 0.1344071 0.3007654 0.1344091 0.301211 0.133823 0.3015999 0.1344087 0.3012178 0.1254584 0.3008737 0.1196401 0.301211 0.1190393 0.3125517 0.1203083 0.3145009 0.1234309 0.3125517 0.1234312 0.303409 0.1303956 0.3018909 0.1292161 0.3032962 0.1296011 0.3205609 0.1328849 0.3189029 0.130506 0.3205609 0.1303415 0.303409 0.1152035 0.3014636 0.1144369 0.303409 0.1144374 0.3052651 0.1230652 0.3072141 0.1223857 0.3072141 0.1230652 0.3031368 0.1237632 0.3018909 0.1292161 0.3018137 0.1233494 0.3125517 0.1194735 0.3145009 0.1203081 0.3125517 0.1203083 0.3139754 0.1431003 0.3144152 0.1424658 0.3144152 0.1430866 0.3144152 0.1424658 0.313889 0.1409392 0.3144152 0.1405177 0.3186071 0.1202009 0.3193732 0.1208215 0.3186071 0.1208216 0.3186071 0.1202009 0.3192247 0.1180447 0.3193732 0.1202007 0.3020783 0.1231662 0.3024802 0.1223857 0.3024802 0.1230652 0.3123396 0.1266475 0.3117185 0.1273271 0.3117185 0.1266476 0.3123396 0.1266475 0.3145009 0.1272332 0.3123396 0.127327 0.3024802 0.1230652 0.3046441 0.1224794 0.3046441 0.1231589 0.3127026 0.139755 0.3142901 0.1405177 0.3127415 0.1404439 0.3109927 0.1407007 0.3103101 0.1399375 0.3110939 0.1399502 0.3110221 0.1247107 0.3103101 0.1251534 0.3103426 0.1247135 0.3120834 0.1398026 0.3127415 0.1404439 0.3121294 0.1405177 0.3023724 0.193798 0.3020057 0.1918596 0.3025935 0.1916245 0.3175256 0.1258087 0.3178352 0.1313146 0.3176679 0.1313786 0.3146286 0.1395286 0.3177527 0.1398747 0.3144195 0.1398887 0.3116156 0.1258335 0.3143585 0.1254628 0.3145706 0.1258211 0.3106813 0.1856794 0.3077834 0.1802424 0.3106423 0.1802424 0.3098105 0.1370761 0.3095673 0.1392701 0.3095673 0.1369321 0.3076023 0.137901 0.3078368 0.1350418 0.3078368 0.137901 0.3027082 0.1929536 0.3021981 0.1983347 0.3025923 0.1929342 0.3024446 0.1870247 0.3023043 0.1850739 0.3025516 0.1848523 0.3095496 0.1313555 0.3095673 0.1369321 0.3093065 0.1313952 0.3106426 0.1935037 0.308014 0.19141 0.3106426 0.1911657 0.3175836 0.1395162 0.3177419 0.1373314 0.3177527 0.1398747 0.3025935 0.1916245 0.3016401 0.1856378 0.3022292 0.1856986 0.303409 0.1152035 0.3015636 0.1177464 0.3014636 0.115203 0.3205609 0.1303415 0.3188778 0.124692 0.3203001 0.124325 0.3007654 0.1336431 0.3012185 0.1312719 0.301211 0.133823 0.3037567 0.1237633 0.303409 0.1177468 0.3040289 0.117747 0.302416 0.1329123 0.3027737 0.1305823 0.3028218 0.13293 0.3059617 0.1339403 0.3059503 0.1311144 0.3060157 0.1311131 0.3177527 0.1398747 0.3181554 0.1373296 0.3181661 0.139873 0.3053151 0.1826115 0.3050942 0.1745573 0.3053396 0.1744017 0.3100345 0.1320747 0.3097874 0.1288087 0.3100306 0.1285851 0.3193588 0.1914932 0.3140984 0.1835327 0.3194419 0.1836199 0.3112544 0.1289988 0.3115051 0.1206821 0.311422 0.1292488 0.2960219 0.1716263 0.2959116 0.1748518 0.2954331 0.1712671 0.3090091 0.1251642 0.3070831 0.1176963 0.308786 0.1165488 0.3165954 0.1138252 0.3147816 0.1176328 0.3145788 0.1136428 0.3028048 0.1295251 0.3030787 0.1222019 0.3032475 0.129686 0.3090996 0.1288354 0.309629 0.1251643 0.3096357 0.1288355 0.2973167 0.182532 0.2979518 0.1738942 0.2979375 0.1825321 0.3236294 0.1207891 0.3235638 0.1153006 0.3236294 0.1152947 0.3118354 0.1292488 0.3115051 0.1206821 0.3119186 0.1206821 0.2947442 0.1773982 0.2945228 0.1756441 0.2947697 0.1754222 0.2946839 0.1802491 0.2944979 0.1775459 0.2947442 0.1773982 0.3014636 0.1287862 0.3012161 0.1262145 0.3014593 0.1261292 0.3014636 0.1287862 0.3012161 0.1331639 0.3012204 0.1287864 0.3026758 0.1807779 0.2971583 0.1788766 0.3026758 0.1785722 0.3026758 0.1785722 0.2982047 0.1761783 0.3027889 0.1741953 0.3108052 0.1454286 0.3109727 0.1433885 0.3109727 0.1457878 0.3108052 0.1431488 0.3110858 0.1386233 0.3109727 0.1433885 0.2960687 0.1901616 0.2961935 0.1941824 0.2953926 0.1898299 0.2968404 0.1948629 0.2952052 0.1979498 0.2961935 0.1941824 0.308855 0.1224879 0.306979 0.1200706 0.308855 0.1200885 0.308855 0.1224879 0.3071541 0.1267831 0.3069096 0.1224874 0.3190625 0.1314418 0.3173655 0.1286014 0.3190603 0.1286478 0.319055 0.1362075 0.3174764 0.1320303 0.3190625 0.1314418 0.3136501 0.1465347 0.314095 0.1442372 0.314099 0.1466823 0.3136494 0.1441171 0.3139935 0.1399511 0.314095 0.1442372 0.3088483 0.1300219 0.3094676 0.1272536 0.3094682 0.130022 0.3088477 0.1272534 0.3094749 0.122488 0.3094676 0.1272536 0.3049473 0.1450775 0.3055755 0.1429818 0.305568 0.1450776 0.2962743 0.1972387 0.2957988 0.1934663 0.2963742 0.1934664 0.3117409 0.1244919 0.3115814 0.1327193 0.311516 0.1327193 0.3077301 0.1442606 0.3076647 0.1414875 0.3077301 0.1414875 0.3109727 0.1457878 0.3113862 0.1433885 0.3113862 0.1457878 0.3113862 0.1433885 0.3110858 0.1386233 0.3114993 0.1386233 0.308855 0.1345145 0.3094682 0.130022 0.3094749 0.1345146 0.3190634 0.1241809 0.3173655 0.1286014 0.3171213 0.1239971 0.2955939 0.1859776 0.2953926 0.1898299 0.295005 0.1856185 0.3014593 0.1261292 0.3012161 0.1221083 0.3014593 0.1218847 0.2946839 0.1802491 0.2947446 0.1848636 0.2944384 0.180248 0.3027889 0.1741953 0.2974318 0.1715622 0.3026758 0.1716228 0.3108052 0.1359654 0.3110858 0.1386233 0.3109183 0.1386231 0.3088477 0.1272534 0.3069028 0.1300214 0.3071541 0.1267831 0.3135453 0.1398273 0.3140009 0.1365206 0.3139935 0.1399511 0.2963742 0.1934664 0.2961289 0.1891175 0.2965629 0.1891176 0.3214151 0.1305441 0.3213543 0.1348002 0.3213543 0.1299139 0.3110858 0.1386233 0.3114906 0.1358548 0.3114993 0.1386233 0.3011004 0.1733717 0.3013442 0.1813021 0.3011004 0.1815274 0.301822 0.1894809 0.3018675 0.1854886 0.301922 0.1895078 0.3042532 0.1269791 0.3040364 0.1257508 0.3042843 0.1255325 0.3043171 0.1322248 0.3040063 0.1271504 0.3042532 0.1269791 0.3013889 0.197411 0.30693 0.1906433 0.3070479 0.1974006 0.301922 0.1895078 0.3071066 0.1855496 0.30693 0.1906433 0.3164417 0.1433673 0.3164913 0.1363157 0.3166092 0.1437265 0.3165003 0.1311171 0.3164913 0.1363157 0.3163237 0.1363596 0.3105902 0.1296699 0.3100014 0.1308335 0.3100014 0.1293107 0.301289 0.1853738 0.3012332 0.189437 0.3007002 0.1850904 0.3059734 0.1296381 0.3038425 0.122182 0.3060393 0.1222279 0.3057793 0.1351204 0.3039467 0.1298153 0.3059734 0.1296381 0.3165029 0.1184601 0.3146032 0.1198722 0.3145694 0.1182765 0.316502 0.119983 0.3145742 0.1249576 0.3146032 0.1198722 0.307706 0.1350315 0.3072633 0.1272217 0.3077061 0.1268929 0.3077061 0.1268929 0.3072636 0.1221095 0.3077069 0.1218089 0.3057793 0.1366432 0.3063992 0.1351206 0.3063992 0.1366434 0.3063992 0.1351206 0.3059734 0.1296381 0.3065933 0.1296383 0.3125476 0.1847378 0.3131624 0.1761787 0.3131684 0.1847379 0.3131624 0.1761787 0.3125476 0.1718347 0.3131684 0.1718348 0.2972246 0.1703119 0.2972846 0.1724231 0.2972193 0.1724231 0.3293673 0.1420651 0.3291707 0.1360486 0.3294327 0.1420651 0.3166092 0.1437265 0.3169047 0.1363157 0.3170226 0.1437265 0.3169047 0.1363157 0.3166679 0.1308337 0.3170813 0.1308337 0.3032962 0.1296011 0.3037567 0.1237633 0.3040289 0.1296296 0.3203001 0.124325 0.3186274 0.1182765 0.3204533 0.1184873 0.3023144 0.1800904 0.3016401 0.1856378 0.3017241 0.1797336 0.3095496 0.1313555 0.3095673 0.1260089 0.3098105 0.1257853 0.3027082 0.1929536 0.3021981 0.1871675 0.3024446 0.1870247 0.3106426 0.1911657 0.3076107 0.1856458 0.3106813 0.1856794 0.3175734 0.1370995 0.3178352 0.1313146 0.3177419 0.1373314 0.303409 0.1177468 0.3018137 0.1233494 0.3015636 0.1177464 0.3007681 0.1311021 0.3012178 0.1254584 0.3012185 0.1312719 0.2934725 0.1848391 0.2932237 0.1792408 0.2937793 0.1786186 0.3142254 0.2022382 0.3142245 0.1982959 0.3143113 0.1985558 0.3181554 0.1373296 0.3178352 0.1313146 0.3182486 0.1313128 0.3293673 0.1420651 0.3294332 0.1440959 0.3293678 0.1440959 0.3135014 0.1911657 0.3106813 0.1856794 0.3136199 0.185629 0.3155503 0.1734224 0.3157523 0.1790332 0.3154851 0.1734224 0.3106426 0.1935037 0.3135014 0.1911657 0.3135014 0.1935037 0.3076023 0.137901 0.3078368 0.1407601 0.3076023 0.1408564 0.3106813 0.1856794 0.3135011 0.1802424 0.3136199 0.185629 0.3145706 0.1258211 0.3176917 0.1254488 0.3175256 0.1258087 0.3116736 0.1395411 0.3144195 0.1398887 0.3110939 0.1399502 0.3125517 0.1234312 0.3145009 0.1265538 0.3123396 0.1266475 0.3047217 0.1344071 0.3078436 0.1338196 0.3078436 0.1344055 0.3046606 0.1190723 0.3078436 0.1184501 0.307929 0.1191105 0.3174346 0.1265322 0.3176702 0.1293894 0.3174346 0.1294875 0.3173347 0.1406426 0.3144195 0.1398887 0.3177527 0.1398747 0.3026909 0.1294049 0.3046441 0.1264764 0.3046441 0.1297939 0.3031104 0.1129078 0.3030446 0.1184497 0.3030446 0.1129037 0.3127026 0.139755 0.3141241 0.1364461 0.3144653 0.1397011 0.3052651 0.1230652 0.3046441 0.1261882 0.3046441 0.1230652 0.3052651 0.1261882 0.3072141 0.1293112 0.3052651 0.1293112 0.3143585 0.1254628 0.3172672 0.1246845 0.3176917 0.1254488 0.3125517 0.1203083 0.3119306 0.1234313 0.3119306 0.1203084 0.3219475 0.1189623 0.3223018 0.1199722 0.3219475 0.1200034 0.3164033 0.1189652 0.3160581 0.1199755 0.3160581 0.1184529 0.3219549 0.1323549 0.3161197 0.1328704 0.3164271 0.1324712 0.3219475 0.1189623 0.3160581 0.1184529 0.3223018 0.1184497 0.3137085 0.1765221 0.3137286 0.1802303 0.3133873 0.1801884 0.3175079 0.1222572 0.3171653 0.1262235 0.3171653 0.1217573 0.3230028 0.1356654 0.3171653 0.1361808 0.3175104 0.1356682 0.3230097 0.1222653 0.3171653 0.1217573 0.323409 0.1217542 0.3128035 0.1687914 0.3127544 0.171863 0.3124154 0.1718152 0.3166458 0.1145388 0.3162903 0.1176699 0.3163006 0.1140266 0.3221569 0.1279331 0.3162903 0.1284486 0.3166354 0.1279359 0.3221046 0.1145345 0.3163006 0.1140266 0.322534 0.1140218 0.3048298 0.1769555 0.3054571 0.1829749 0.3051027 0.1829574 0.3085315 0.1227251 0.3081172 0.1280469 0.3081866 0.1222127 0.3140759 0.1360973 0.3113564 0.1366097 0.311352 0.1360973 0.314131 0.1226987 0.3113637 0.1221862 0.3144856 0.1221862 0.3047747 0.1903541 0.3050107 0.1885333 0.3052763 0.1909017 0.3085799 0.1360973 0.3082358 0.1340668 0.3085809 0.1340668 0.3127661 0.1800795 0.3127544 0.171863 0.3131355 0.1804973 0.3166354 0.1279359 0.3162627 0.1263 0.3166078 0.1258916 0.3230028 0.1356654 0.3232089 0.1340833 0.323409 0.1361777 0.3135597 0.1883766 0.3129216 0.184576 0.3139077 0.1883402 0.3175104 0.1356682 0.3171653 0.1337819 0.3175103 0.1337692 0.3173877 0.1290266 0.3171653 0.1337819 0.3170522 0.1290177 0.3133873 0.1801884 0.3129216 0.184576 0.3126196 0.1845611 0.3175124 0.1262452 0.3170522 0.1290177 0.3171653 0.1262235 0.3126537 0.1866117 0.3124675 0.1785748 0.3130006 0.18713 0.3126463 0.1742602 0.3124675 0.1785748 0.3121353 0.1785744 0.3164271 0.1324712 0.3162368 0.1254596 0.3165714 0.1254593 0.3164032 0.1199752 0.3162368 0.1254596 0.3160581 0.1199755 0.3051027 0.1829574 0.3050107 0.1885333 0.3046626 0.1885644 0.3084623 0.1280469 0.3082358 0.1340668 0.3081172 0.1280469 0.3085799 0.1360973 0.3113564 0.1366097 0.3082345 0.1366097 0.3085315 0.1227251 0.3113637 0.1221862 0.3113589 0.1226987 0.3071976 0.1747845 0.312644 0.1732404 0.3127385 0.1747938 0.3134028 0.1806367 0.3081591 0.1762484 0.3136609 0.1762565 0.3111606 0.1749438 0.3060922 0.1719203 0.3115511 0.1719203 0.3123973 0.1728256 0.3096126 0.1674504 0.31244 0.1674239 0.309661 0.1808226 0.3124342 0.1787921 0.3124332 0.1808226 0.3060454 0.1832731 0.3111606 0.1749438 0.3115049 0.1832084 0.3082051 0.1899152 0.3136532 0.1878737 0.3136975 0.1899124 0.3083255 0.1874086 0.3128513 0.1845692 0.3136532 0.1878737 0.3128513 0.1845692 0.3082444 0.1811332 0.3134028 0.1806367 0.3128644 0.1863936 0.307503 0.1799068 0.3123689 0.178716 0.3123689 0.178716 0.3071976 0.1747845 0.3127385 0.1747938 0.3096621 0.1787921 0.3123973 0.1728256 0.3124342 0.1787921 0.3124342 0.1787921 0.3154851 0.1734258 0.3150449 0.1790328 0.3124332 0.1808226 0.3150449 0.1790328 0.3151571 0.1808226 0.3123973 0.1728256 0.3152121 0.1674239 0.3154851 0.1734258 0.3168308 0.1218873 0.3168964 0.1237757 0.3168308 0.1237866 0.3118234 0.1213589 0.3118063 0.1244919 0.3117409 0.1244919 0.3173877 0.1290266 0.3176267 0.1331517 0.3175103 0.1337692 0.3168964 0.1212694 0.3168311 0.1157459 0.3168964 0.1157459 0.3042169 0.1881104 0.3033003 0.1842085 0.3032996 0.1837606 0.3054719 0.1312068 0.3055373 0.1257442 0.3055373 0.1312078 0.3173877 0.1290266 0.3175455 0.1268764 0.3176095 0.1292703 0.3155503 0.1734224 0.3157898 0.1674239 0.3158551 0.1674239 0.3061535 0.1807524 0.3055102 0.1885794 0.3059222 0.1808955 0.3292576 0.1307234 0.3291707 0.1360486 0.3291053 0.1360486 0.2949949 0.1945298 0.2949294 0.1935088 0.2949944 0.1934887 0.3061535 0.1807524 0.3055102 0.1769767 0.3055958 0.176443 0.3077301 0.1414875 0.3076647 0.1387626 0.3077301 0.1387626 0.3055592 0.1173543 0.3054936 0.1183449 0.3055002 0.1168026 0.3165714 0.1254593 0.3166378 0.132253 0.3164271 0.1324712 0.3060157 0.1367128 0.3058962 0.1339416 0.3059617 0.1339403 0.3219549 0.1323549 0.3166378 0.132253 0.3221656 0.1321367 0.3165714 0.1254593 0.3164988 0.1205276 0.3168042 0.1256499 0.3158177 0.1790332 0.3157963 0.1808246 0.3157523 0.1790332 0.3060714 0.1853175 0.3115049 0.1832084 0.3115929 0.185319 0.3166078 0.1258916 0.3162903 0.1176699 0.3166354 0.1176698 0.3128557 0.18219 0.3131355 0.1804973 0.3132328 0.1827022 0.2972193 0.1724231 0.2972641 0.1806904 0.2971988 0.1806904 0.3117429 0.1347597 0.3115814 0.1327193 0.3118083 0.1347597 0.3118142 0.1314365 0.311422 0.1292488 0.3118354 0.1292488 0.3066142 0.1304809 0.3072386 0.1282752 0.307235 0.130481 0.3027468 0.1328121 0.3032475 0.129686 0.3031924 0.1329919 0.308786 0.1165488 0.3070703 0.1144089 0.3090158 0.1144094 0.3112332 0.1310773 0.311422 0.1292488 0.3114007 0.1314365 0.3193376 0.1935039 0.3137172 0.1914754 0.3193588 0.1914932 0.3053396 0.1744017 0.3051005 0.1725286 0.3053459 0.1723051 0.3100345 0.1320747 0.3097882 0.1400592 0.3097913 0.1321855 0.2961192 0.1832379 0.2959116 0.1748518 0.2965005 0.1750295 0.3165124 0.1174708 0.3145858 0.1251226 0.3147816 0.1176328 0.3090091 0.1251642 0.3096343 0.1165973 0.309629 0.1251643 0.3263061 0.08808189 0.3269071 0.08808189 0.3269071 0.09285724 0.3206709 0.08164167 0.3234221 0.08164167 0.3234221 0.08641701 0.3173905 0.08220601 0.3179914 0.08220601 0.317816 0.08649265 0.322992 0.08469229 0.322126 0.08287078 0.3248772 0.08287078 0.3277478 0.08439284 0.3277478 0.08164161 0.3283488 0.08164161 0.3264181 0.113457 0.3258174 0.113457 0.3258174 0.1107058 0.3138876 0.09074753 0.3133493 0.09181261 0.3133493 0.08532643 0.3182258 0.09249258 0.3182258 0.0860064 0.320977 0.0860064 0.3332527 0.09760171 0.3332527 0.09144127 0.3336783 0.09146636 0.3272129 0.08207494 0.3259124 0.08514982 0.3259125 0.07970339 0.3269217 0.1019444 0.3269217 0.09919321 0.3275227 0.09919321 0.3269886 0.08989727 0.3274148 0.08989727 0.3274148 0.09264844 0.3205885 0.09680986 0.3248771 0.09698367 0.324877 0.1013639 0.3205885 0.09680986 0.322992 0.08469229 0.3248772 0.08790928 0.3173905 0.09562963 0.3179288 0.09495294 0.317816 0.1013631 0.3173905 0.08698135 0.317816 0.08649265 0.3179288 0.09495294 0.3206709 0.09506523 0.3234221 0.09506529 0.3234221 0.1006358 0.3206709 0.08641701 0.3234221 0.08641701 0.3234221 0.09506529 0.3263813 0.1021947 0.3269071 0.1015055 0.3269071 0.1070761 0.3263186 0.09312039 0.3269071 0.09285724 0.3269071 0.1015055 0.3259125 0.1056736 0.3259124 0.09918743 0.3276893 0.1042109 0.3286639 0.09558755 0.3259127 0.09609711 0.3259123 0.09270125 0.3280139 0.09172689 0.3259123 0.09270125 0.3259124 0.08514982 0.3330773 0.1174111 0.3330773 0.110925 0.3336783 0.110925 0.3332026 0.1063063 0.3330773 0.1044387 0.3336783 0.1044387 0.3330773 0.1044387 0.3332527 0.09760171 0.3336783 0.09795254 0.3182258 0.1119512 0.3182258 0.105465 0.320977 0.105465 0.3182258 0.1020242 0.3182258 0.09897881 0.320977 0.09897881 0.3182258 0.09897881 0.3182258 0.09249258 0.320977 0.09249258 0.3139503 0.1112712 0.3133493 0.1112712 0.3133493 0.104785 0.3133493 0.1013442 0.3133493 0.09829884 0.3139503 0.09829884 0.3139503 0.09829884 0.3133493 0.09829884 0.3133493 0.09181261 0.3263061 0.1140267 0.3265317 0.1065748 0.3269071 0.1070761 0.3206709 0.1006358 0.3234221 0.1006358 0.3234221 0.1075864 0.3173905 0.1081508 0.3173905 0.1012002 0.317816 0.1013631 0.3226454 0.1071285 0.324877 0.1013639 0.3248772 0.1088156 0.3133493 0.104785 0.3133493 0.1013442 0.3137874 0.1016951 0.3182258 0.105465 0.3182258 0.1020242 0.320977 0.1020242 0.3330773 0.110925 0.3332026 0.1063063 0.3336783 0.1074842 0.3259124 0.09918743 0.3259127 0.09609711 0.3286639 0.09558755 0.3166234 0.102028 0.3175341 0.097606 0.3193747 0.1088156 0.3193747 0.1088156 0.3175341 0.097606 0.3226454 0.1071285 0.3151685 0.1006358 0.3179197 0.1006358 0.3179197 0.1075864 0.3179197 0.1006358 0.3206709 0.1006358 0.3206709 0.1075864 0.3151685 0.08641695 0.3179197 0.08641701 0.3179197 0.09506523 0.3179197 0.08641701 0.3206709 0.08641701 0.3206709 0.09506523 0.3151685 0.09506523 0.3179197 0.09506523 0.3179197 0.1006358 0.3179197 0.09506523 0.3206709 0.09506523 0.3206709 0.1006358 0.3166234 0.0871576 0.320544 0.08712667 0.318357 0.09321492 0.320544 0.08712667 0.322992 0.08469229 0.3205885 0.09680986 0.3166235 0.09561783 0.318357 0.09321492 0.3175341 0.097606 0.3175341 0.097606 0.318357 0.09321492 0.3205885 0.09680986 0.3264181 0.1079546 0.3258174 0.1079546 0.3258174 0.1052034 0.3264181 0.1107058 0.3258174 0.1107058 0.3258174 0.1079546 0.3277478 0.08989524 0.3277478 0.08714401 0.3283488 0.08714401 0.3277478 0.08714401 0.3277478 0.08439284 0.3283488 0.08439284 0.3166234 0.0871576 0.3166236 0.08287078 0.3193747 0.08287078 0.3193747 0.08287078 0.322126 0.08287078 0.322992 0.08469229 0.3151685 0.08164167 0.3179197 0.08164167 0.3179197 0.08641701 0.3179197 0.08164167 0.3206709 0.08164167 0.3206709 0.08641701 0.3319128 0.09654575 0.3308737 0.09276115 0.3341662 0.09456843 0.3319128 0.09654575 0.3276893 0.1042109 0.3286639 0.09558755 0.3237282 0.105465 0.3237282 0.1020242 0.3264794 0.1020242 0.320977 0.105465 0.320977 0.1020242 0.3237282 0.1020242 0.3237282 0.09897881 0.3237282 0.09249258 0.3264794 0.09249258 0.320977 0.09897881 0.320977 0.09249258 0.3237282 0.09249258 0.3237282 0.1020242 0.3237282 0.09897881 0.3264794 0.09897881 0.320977 0.1020242 0.320977 0.09897881 0.3237282 0.09897881 0.3237282 0.1119512 0.3237282 0.105465 0.3264794 0.105465 0.320977 0.1119512 0.320977 0.105465 0.3237282 0.105465 0.3320426 0.08876037 0.3284918 0.08363372 0.3341662 0.08586376 0.3280139 0.09172689 0.3272129 0.08207494 0.3284918 0.08363372 0.3308737 0.09276115 0.3320426 0.08876037 0.3341659 0.09270119 0.3308737 0.09276115 0.3286639 0.09558755 0.3280139 0.09172689 0.3314149 0.1056736 0.3319128 0.09654575 0.334166 0.09918737 0.3314149 0.1056736 0.3286637 0.1056736 0.3276893 0.1042109 0.3269886 0.08439487 0.3274148 0.08439487 0.3274148 0.08714604 0.3269886 0.08714604 0.3274148 0.08714604 0.3274148 0.08989727 0.3269217 0.1074468 0.3269217 0.1046956 0.3275227 0.1046956 0.3269217 0.1046956 0.3269217 0.1019444 0.3275227 0.1019444 0.3341662 0.08586376 0.3284918 0.08363372 0.3314149 0.07970339 0.3284918 0.08363372 0.3272129 0.08207494 0.3286637 0.07970339 0.3237282 0.09249258 0.3237282 0.0860064 0.3264794 0.0860064 0.320977 0.09249258 0.320977 0.0860064 0.3237282 0.0860064 0.3060393 0.1222279 0.3060393 0.1214618 0.3066592 0.121462 0.3094433 0.120363 0.3096991 0.126554 0.309078 0.126554 0.3085274 0.132861 0.3085274 0.1321815 0.3091484 0.1321815 0.3091484 0.1391069 0.3091484 0.1399418 0.3085274 0.1399418 0.3100014 0.1293107 0.3100014 0.1285446 0.3162466 0.1285448 0.3091484 0.132861 0.3110975 0.132861 0.3110975 0.1391069 0.3143364 0.1356039 0.3143386 0.1350283 0.3150178 0.1350279 0.3166679 0.1293109 0.3162466 0.1285448 0.3170813 0.1285448 0.3091484 0.132861 0.3091484 0.1391069 0.3085274 0.1391069 0.3094434 0.1195282 0.3094433 0.120363 0.3088222 0.120363 0.3170226 0.1444926 0.3161879 0.1444926 0.3166092 0.1437265 0.3166679 0.1308337 0.3166679 0.1293109 0.3170813 0.1293109 0.3214706 0.1298807 0.3234231 0.1294929 0.3234231 0.1361277 0.2971988 0.1806904 0.2972641 0.1806904 0.2972899 0.183713 0.3091484 0.1391069 0.3110975 0.1391069 0.3110975 0.1399418 0.3103983 0.1363745 0.3106555 0.1301832 0.3126008 0.1301832 0.3161879 0.1444926 0.3100014 0.1445029 0.3100014 0.1437368 0.3103446 0.1276419 0.3103446 0.1217314 0.3105801 0.1218256 0.3143386 0.1202096 0.3143386 0.1196237 0.3150178 0.1196234 0.3218488 0.1175778 0.3218488 0.116055 0.3224695 0.1160551 0.3057793 0.1374093 0.3057793 0.1366432 0.3063992 0.1366434 0.3065933 0.1296383 0.3059734 0.1296381 0.3060393 0.1222279 0.307706 0.1202129 0.3072603 0.1203932 0.3072603 0.1196272 0.3143386 0.1202096 0.307706 0.1202129 0.3080949 0.1196268 0.3080928 0.135607 0.307706 0.1350315 0.3143386 0.1350283 0.3072583 0.1356074 0.3072603 0.1348516 0.307706 0.1350315 0.3077069 0.1218089 0.3072636 0.1221095 0.3072603 0.1203932 0.3096991 0.126554 0.3094433 0.120363 0.3117184 0.1203081 0.3057793 0.1374093 0.3038338 0.1374089 0.3038338 0.1366428 0.3166754 0.1254656 0.3167492 0.1328756 0.3145694 0.1330975 0.3060393 0.1214618 0.3060393 0.1222279 0.3038425 0.122182 0.3091484 0.132861 0.3091484 0.1321815 0.3110975 0.1321815 0.3057793 0.1351204 0.3057793 0.1366432 0.3038338 0.1366428 0.3094434 0.1195282 0.3117185 0.1194732 0.3117184 0.1203081 0.3217256 0.128369 0.3224917 0.1283688 0.3224917 0.1289895 0.3224917 0.1283688 0.3217256 0.128369 0.3219057 0.1264207 0.3042001 0.1145751 0.3049662 0.1145825 0.30496 0.1152032 0.3042001 0.1145751 0.3041939 0.1125572 0.3047704 0.1126411 0.3100345 0.1301832 0.3100345 0.1295037 0.3106555 0.1295037 0.3096991 0.126554 0.309699 0.1272335 0.3090779 0.1272335 0.3117174 0.1265538 0.3117173 0.1272332 0.309699 0.1272335 0.3106555 0.1301832 0.3106555 0.1295037 0.3126008 0.1295037 0.3214706 0.1361265 0.3234231 0.1361277 0.3234231 0.1368072 0.3100014 0.1445029 0.309322 0.1445028 0.309322 0.1437367 0.3100014 0.1293107 0.3093219 0.1293107 0.3093219 0.1285446 0.3214706 0.1361265 0.3214706 0.1368059 0.3208495 0.136806 0.301289 0.1976345 0.3007002 0.1979936 0.3012332 0.189437 0.3165003 0.12967 0.3166679 0.1293109 0.3166679 0.1308337 0.3105902 0.1433776 0.3164417 0.1433673 0.3166092 0.1437265 0.3105902 0.1296699 0.3100014 0.1293107 0.3166679 0.1293109 0.3018675 0.1854886 0.3013889 0.1841496 0.3071066 0.1841497 0.3043171 0.1322248 0.3042446 0.1392318 0.3040063 0.1390039 0.3103416 0.1158697 0.3105801 0.1159554 0.3105716 0.1216249 0.301289 0.1853738 0.301289 0.1839268 0.3013889 0.1841496 0.308855 0.1200885 0.308855 0.1193224 0.3094749 0.1193225 0.318337 0.1245497 0.318337 0.1307954 0.3177159 0.1307955 0.3063541 0.1302118 0.3063541 0.1295324 0.3069751 0.1295324 0.3069751 0.1364578 0.3069751 0.1372926 0.3063541 0.1372926 0.3043062 0.1313616 0.3043062 0.1305955 0.3105515 0.1305956 0.3069751 0.1302118 0.3089241 0.1302118 0.3089241 0.1364578 0.320734 0.1473223 0.3207282 0.1467147 0.3214074 0.1467147 0.3109727 0.1313617 0.3105515 0.1305956 0.3113862 0.1305956 0.3069751 0.1302118 0.3069751 0.1364578 0.3063541 0.1364578 0.318337 0.1237149 0.318337 0.1245497 0.3177159 0.1245498 0.3113862 0.1465539 0.3105515 0.1465539 0.3109727 0.1457878 0.3110771 0.1358548 0.3109727 0.1313617 0.3113862 0.1313618 0.3020846 0.1307835 0.3040459 0.1303958 0.3040459 0.1370305 0.3042169 0.1881104 0.3034101 0.1919597 0.3032996 0.1914592 0.3069751 0.1364578 0.3089241 0.1364578 0.3089241 0.1372926 0.3223265 0.1391547 0.3223265 0.1329088 0.3242105 0.1329088 0.3105515 0.1465539 0.3043062 0.1465538 0.3043062 0.1457877 0.3174346 0.1353981 0.3174346 0.1294875 0.3176701 0.1295818 0.3207335 0.1319122 0.320734 0.1313264 0.3214132 0.1313264 0.2961289 0.1891175 0.2956461 0.1849085 0.2962668 0.1849085 0.308855 0.1352806 0.308855 0.1345145 0.3094749 0.1345146 0.308855 0.1224879 0.308855 0.1200885 0.3094749 0.1200886 0.3141009 0.1319122 0.3136596 0.1322607 0.3136558 0.1313265 0.3207335 0.1319122 0.3141009 0.1319122 0.3144903 0.1313265 0.3144903 0.1473224 0.314099 0.1466823 0.3207282 0.1467147 0.3136558 0.1473224 0.3136501 0.1465347 0.314099 0.1466823 0.3140009 0.1365206 0.3135488 0.1365848 0.3136596 0.1322607 0.318337 0.1245497 0.3199897 0.1245492 0.3199897 0.1307949 0.308855 0.1352806 0.3069096 0.1352801 0.3070659 0.1343487 0.3190532 0.1386068 0.3173109 0.138766 0.3171213 0.1363241 0.308855 0.1200885 0.306979 0.1200706 0.3072048 0.1192872 0.3069751 0.1302118 0.3069751 0.1295324 0.3089241 0.1295324 0.3088483 0.1300219 0.308855 0.1345145 0.3070659 0.1343487 0.318337 0.1237149 0.3199897 0.1237143 0.3199897 0.1245492 0.3142924 0.127174 0.3150585 0.1271739 0.3150585 0.1277946 0.3150585 0.1271739 0.3142924 0.127174 0.3144726 0.1252171 0.3057771 0.144581 0.3065431 0.1445926 0.3065336 0.1452133 0.3065431 0.1445926 0.3057771 0.144581 0.3057675 0.1429282 0.3217055 0.1329088 0.3217055 0.1322293 0.3223265 0.1322293 0.318337 0.1307954 0.318337 0.1314749 0.3177159 0.131475 0.3199897 0.1307949 0.3199897 0.1314743 0.318337 0.1314749 0.3223265 0.1329088 0.3223265 0.1322293 0.3242105 0.1322293 0.3020846 0.1370292 0.3040459 0.1370305 0.3040459 0.1377099 0.3043062 0.1465538 0.3036268 0.1465538 0.3036268 0.1457877 0.3043062 0.1313616 0.3036268 0.1313616 0.3036268 0.1305955 0.3020846 0.1370292 0.3020846 0.1377087 0.3014636 0.1377088 0.3048951 0.1454285 0.3043062 0.1457877 0.3045064 0.1436929 0.3108052 0.1317209 0.3109727 0.1313617 0.3110771 0.1358548 0.3048951 0.1454285 0.3108052 0.1454286 0.3109727 0.1457878 0.3048951 0.1317208 0.3043062 0.1313616 0.3109727 0.1313617 0.2974318 0.1715622 0.2969582 0.1675164 0.3026758 0.1675165 0.3014593 0.1333124 0.3014593 0.1355922 0.3012161 0.1353695 0.3126492 0.1409036 0.3126492 0.1349928 0.3128837 0.135089 0.2949175 0.1849493 0.2946825 0.1891295 0.2944384 0.1889051 0.3090158 0.1144094 0.3090158 0.1136433 0.3096357 0.1136435 0.3065782 0.1330166 0.3065782 0.1392623 0.3059572 0.1392624 0.3092133 0.1247928 0.3092133 0.1241133 0.3098343 0.1241133 0.3098343 0.1310388 0.3098343 0.1318736 0.3092133 0.1318736 0.3047342 0.1170102 0.3047342 0.1162441 0.3109794 0.1162443 0.3098343 0.1247928 0.3117833 0.1247928 0.3117833 0.1310388 0.309825 0.1335744 0.309825 0.1329885 0.3105043 0.1329882 0.3114007 0.1170104 0.3109794 0.1162443 0.3118142 0.1162443 0.3098343 0.1247928 0.3098343 0.1310388 0.3092133 0.1310388 0.3065782 0.1321818 0.3065782 0.1330166 0.3059572 0.1330167 0.3118142 0.1322026 0.3109794 0.1322026 0.3114007 0.1314365 0.3115051 0.1206821 0.3114007 0.1170104 0.3118142 0.1170104 0.3077003 0.1330657 0.3097363 0.1326698 0.3097363 0.1393045 0.3197657 0.1418143 0.3197657 0.1473174 0.3194989 0.1472685 0.3098343 0.1310388 0.3117833 0.1310388 0.3117833 0.1318736 0.3105832 0.1393319 0.3105832 0.1330859 0.3125364 0.1330859 0.3109794 0.1322026 0.3047342 0.1322025 0.3047342 0.1314364 0.3174347 0.1413087 0.3174347 0.1353981 0.3176702 0.1354924 0.309825 0.1182048 0.309825 0.117619 0.3105043 0.1176186 0.297331 0.1738941 0.297313 0.1703119 0.2979338 0.170312 0.3096357 0.1296016 0.3090158 0.1296015 0.3090996 0.1288354 0.3096343 0.1165973 0.308786 0.1165488 0.3090158 0.1144094 0.3031924 0.1182082 0.3027468 0.1183885 0.3027468 0.1176226 0.309825 0.1182048 0.3031924 0.1182082 0.3035813 0.1176221 0.3035813 0.1335776 0.3031924 0.1329919 0.309825 0.1329885 0.3027468 0.133578 0.3027468 0.1328121 0.3031924 0.1329919 0.3030787 0.1222019 0.3026478 0.1221156 0.3027468 0.1183885 0.3065782 0.1330166 0.3085274 0.1330163 0.3085274 0.139262 0.3090158 0.1296015 0.3070703 0.129601 0.3070703 0.1288349 0.3162859 0.1261064 0.3165124 0.1282511 0.3145788 0.1284289 0.3090158 0.1144094 0.3070703 0.1144089 0.3070703 0.1136428 0.3098343 0.1247928 0.3098343 0.1241133 0.3117833 0.1241133 0.3090996 0.1288354 0.3070703 0.1288349 0.3072616 0.1251115 0.3065782 0.1321818 0.3085274 0.1321815 0.3085274 0.1330163 0.3217256 0.130938 0.3224917 0.1309378 0.3224917 0.1315585 0.3224917 0.1309378 0.3217256 0.130938 0.3219057 0.1289898 0.3030598 0.1426753 0.3038259 0.1426752 0.3038259 0.1432959 0.3030598 0.1426753 0.3030598 0.1407272 0.3036457 0.1407271 0.3099622 0.1330859 0.3099622 0.1324064 0.3105832 0.1324064 0.3065782 0.1392623 0.3065782 0.1399418 0.3059572 0.1399419 0.3085274 0.139262 0.3085274 0.1399415 0.3065782 0.1399418 0.3105832 0.1330859 0.3105832 0.1324064 0.3125364 0.1324065 0.3077837 0.1393033 0.3097363 0.1393045 0.3097363 0.139984 0.3047342 0.1322025 0.3040549 0.1322024 0.3040549 0.1314363 0.3047342 0.1170102 0.3040549 0.1170102 0.3040549 0.1162441 0.3077837 0.1393033 0.3077837 0.1399828 0.3071627 0.1399829 0.2960219 0.185334 0.2954331 0.1856932 0.2955304 0.1834878 0.3112332 0.1173696 0.3114007 0.1170104 0.3115051 0.1206821 0.3053231 0.1310772 0.3112332 0.1310773 0.3114007 0.1314365 0.3053231 0.1173695 0.3047342 0.1170102 0.3114007 0.1170104 0.3140984 0.1835327 0.3136199 0.1802424 0.3193376 0.1802425 0.3100314 0.1402141 0.3100306 0.1422926 0.3097874 0.1420699 0.3203073 0.1389735 0.3203073 0.1330627 0.3205417 0.1331589 0.3053151 0.1826115 0.3053459 0.1860127 0.3051005 0.1857898 0.303409 0.1152035 0.303409 0.1144374 0.3040289 0.1144376 0.3119306 0.1234313 0.3125517 0.1234312 0.3123396 0.1266475 0.3046441 0.1230652 0.3046441 0.1223857 0.3052651 0.1223857 0.3052651 0.1293112 0.3052651 0.130146 0.3046441 0.130146 0.3110253 0.1254768 0.3110221 0.1247107 0.3141446 0.1246976 0.3052651 0.1230652 0.3072141 0.1230652 0.3072141 0.1261882 0.3078436 0.1344055 0.3078436 0.1338196 0.3085228 0.1338193 0.3176917 0.1254488 0.3172672 0.1246845 0.3181019 0.1246809 0.3052651 0.1261882 0.3052651 0.1293112 0.3046441 0.1293112 0.3125517 0.1194735 0.3125517 0.1203083 0.3119306 0.1203084 0.3181694 0.1406391 0.3173347 0.1406426 0.3177527 0.1398747 0.3178352 0.1313146 0.3176917 0.1254488 0.3181051 0.125447 0.3123297 0.1334668 0.3141421 0.1329916 0.3141241 0.1364461 0.3143283 0.1755555 0.314325 0.1771021 0.3142601 0.1770911 0.3052651 0.1293112 0.3072141 0.1293112 0.3072141 0.130146 0.3026909 0.1262819 0.3024802 0.1230652 0.3046441 0.1231589 0.3142121 0.1406557 0.3109927 0.1407007 0.3110939 0.1399502 0.3174346 0.1265322 0.3174346 0.1235769 0.3176702 0.1236712 0.307929 0.1191105 0.3078436 0.1184501 0.3085228 0.1184497 0.2937793 0.1786186 0.2932237 0.1792408 0.2929754 0.1727107 0.303409 0.1303956 0.3032962 0.1296011 0.3040289 0.1296296 0.303409 0.1177468 0.303409 0.1152035 0.3040289 0.1152037 0.301211 0.1190393 0.3008737 0.1196401 0.3007653 0.1184536 0.3046606 0.1190723 0.301211 0.1190393 0.3015999 0.1184532 0.3015999 0.1344087 0.301211 0.133823 0.3045273 0.1338213 0.3007654 0.1344091 0.3007654 0.1336431 0.301211 0.133823 0.3012178 0.1254584 0.3007748 0.1255048 0.3008737 0.1196401 0.3125517 0.1203083 0.3145009 0.1203081 0.3145009 0.1234309 0.303409 0.1303956 0.3014636 0.1303951 0.3018909 0.1292161 0.3205609 0.1328849 0.3186274 0.1330627 0.3189029 0.130506 0.303409 0.1152035 0.3014636 0.115203 0.3014636 0.1144369 0.3052651 0.1230652 0.3052651 0.1223857 0.3072141 0.1223857 0.3031368 0.1237632 0.3032962 0.1296011 0.3018909 0.1292161 0.3125517 0.1194735 0.3145009 0.1194732 0.3145009 0.1203081 0.3139754 0.1431003 0.3136888 0.1424803 0.3144152 0.1424658 0.3144152 0.1424658 0.3136888 0.1424803 0.313889 0.1409392 0.3186071 0.1202009 0.3193732 0.1202007 0.3193732 0.1208215 0.3186071 0.1202009 0.3186387 0.1180448 0.3192247 0.1180447 0.3020783 0.1231662 0.3018592 0.1223857 0.3024802 0.1223857 0.3123396 0.1266475 0.3123396 0.127327 0.3117185 0.1273271 0.3123396 0.1266475 0.3145009 0.1265538 0.3145009 0.1272332 0.3024802 0.1230652 0.3024802 0.1223857 0.3046441 0.1224794 0.3127026 0.139755 0.3144653 0.1397011 0.3142901 0.1405177 0.3109927 0.1407007 0.3103133 0.1407036 0.3103101 0.1399375 0.3110221 0.1247107 0.3110253 0.1254768 0.3103101 0.1251534 0.3120834 0.1398026 0.3127026 0.139755 0.3127415 0.1404439 0.3023724 0.193798 0.3017927 0.194207 0.3020057 0.1918596 0.3175256 0.1258087 0.3176917 0.1254488 0.3178352 0.1313146 0.3146286 0.1395286 0.3175836 0.1395162 0.3177527 0.1398747 0.3116156 0.1258335 0.3110253 0.1254768 0.3143585 0.1254628 0.3106813 0.1856794 0.3076107 0.1856458 0.3077834 0.1802424 0.3098105 0.1370761 0.3098105 0.1394928 0.3095673 0.1392701 0.3076023 0.137901 0.3076023 0.1349456 0.3078368 0.1350418 0.3027082 0.1929536 0.3024417 0.1985595 0.3021981 0.1983347 0.3024446 0.1870247 0.3021981 0.1871675 0.3023043 0.1850739 0.3095496 0.1313555 0.3098105 0.1370761 0.3095673 0.1369321 0.3106426 0.1935037 0.3077837 0.1935037 0.308014 0.19141 0.3175836 0.1395162 0.3175734 0.1370995 0.3177419 0.1373314 0.3025935 0.1916245 0.3020057 0.1918596 0.3016401 0.1856378 0.303409 0.1152035 0.303409 0.1177468 0.3015636 0.1177464 0.3205609 0.1303415 0.3189029 0.130506 0.3188778 0.124692 0.3007654 0.1336431 0.3007681 0.1311021 0.3012185 0.1312719 0.3037567 0.1237633 0.3031368 0.1237632 0.303409 0.1177468 0.302416 0.1329123 0.3022766 0.1305444 0.3027737 0.1305823 0.3059617 0.1339403 0.3058962 0.1339416 0.3059503 0.1311144 0.3177527 0.1398747 0.3177419 0.1373314 0.3181554 0.1373296 0.3053151 0.1826115 0.3050696 0.1825014 0.3050942 0.1745573 0.3100345 0.1320747 0.3097913 0.1321855 0.3097874 0.1288087 0.3193588 0.1914932 0.3137172 0.1914754 0.3140984 0.1835327 0.3112544 0.1289988 0.3113376 0.1208598 0.3115051 0.1206821 0.2960219 0.1716263 0.2965005 0.1750295 0.2959116 0.1748518 0.3090091 0.1251642 0.3072616 0.1251115 0.3070831 0.1176963 0.3165954 0.1138252 0.3165124 0.1174708 0.3147816 0.1176328 0.3028048 0.1295251 0.3026478 0.1221156 0.3030787 0.1222019 0.3090996 0.1288354 0.3090091 0.1251642 0.309629 0.1251643 0.2973167 0.182532 0.297331 0.1738941 0.2979518 0.1738942 0.3236294 0.1207891 0.3235638 0.120795 0.3235638 0.1153006 0.3118354 0.1292488 0.311422 0.1292488 0.3115051 0.1206821 0.2947442 0.1773982 0.2944979 0.1775459 0.2945228 0.1756441 0.2946839 0.1802491 0.2944384 0.180248 0.2944979 0.1775459 0.3014636 0.1287862 0.3012204 0.1287864 0.3012161 0.1262145 0.3014636 0.1287862 0.3014593 0.1333124 0.3012161 0.1331639 0.3026758 0.1807779 0.2969582 0.1807777 0.2971583 0.1788766 0.3026758 0.1785722 0.2971583 0.1788766 0.2982047 0.1761783 0.3108052 0.1454286 0.3108052 0.1431488 0.3109727 0.1433885 0.3108052 0.1431488 0.3109183 0.1386231 0.3110858 0.1386233 0.2960687 0.1901616 0.2968404 0.1948629 0.2961935 0.1941824 0.2968404 0.1948629 0.295794 0.19771 0.2952052 0.1979498 0.308855 0.1224879 0.3069096 0.1224874 0.306979 0.1200706 0.308855 0.1224879 0.3088477 0.1272534 0.3071541 0.1267831 0.3190625 0.1314418 0.3174764 0.1320303 0.3173655 0.1286014 0.319055 0.1362075 0.3171213 0.1363241 0.3174764 0.1320303 0.3136501 0.1465347 0.3136494 0.1441171 0.314095 0.1442372 0.3136494 0.1441171 0.3135453 0.1398273 0.3139935 0.1399511 0.3088483 0.1300219 0.3088477 0.1272534 0.3094676 0.1272536 0.3088477 0.1272534 0.308855 0.1224879 0.3094749 0.122488 0.3049473 0.1450775 0.3049548 0.1429817 0.3055755 0.1429818 0.2962743 0.1972387 0.2956536 0.1972386 0.2957988 0.1934663 0.3117409 0.1244919 0.3118063 0.1244919 0.3115814 0.1327193 0.3077301 0.1442606 0.3076647 0.1442606 0.3076647 0.1414875 0.3109727 0.1457878 0.3109727 0.1433885 0.3113862 0.1433885 0.3113862 0.1433885 0.3109727 0.1433885 0.3110858 0.1386233 0.308855 0.1345145 0.3088483 0.1300219 0.3094682 0.130022 0.3190634 0.1241809 0.3190603 0.1286478 0.3173655 0.1286014 0.2955939 0.1859776 0.2960687 0.1901616 0.2953926 0.1898299 0.3014593 0.1261292 0.3012161 0.1262145 0.3012161 0.1221083 0.2946839 0.1802491 0.2949175 0.1849493 0.2947446 0.1848636 0.3027889 0.1741953 0.2982047 0.1761783 0.2974318 0.1715622 0.3108052 0.1359654 0.3110771 0.1358548 0.3110858 0.1386233 0.3088477 0.1272534 0.3088483 0.1300219 0.3069028 0.1300214 0.3135453 0.1398273 0.3135488 0.1365848 0.3140009 0.1365206 0.2963742 0.1934664 0.2957988 0.1934663 0.2961289 0.1891175 0.3214151 0.1305441 0.3214197 0.1345328 0.3213543 0.1348002 0.3110858 0.1386233 0.3110771 0.1358548 0.3114906 0.1358548 0.3011004 0.1733717 0.3013461 0.1733968 0.3013442 0.1813021 0.301822 0.1894809 0.301289 0.1853738 0.3018675 0.1854886 0.3042532 0.1269791 0.3040063 0.1271504 0.3040364 0.1257508 0.3043171 0.1322248 0.3040734 0.1322473 0.3040063 0.1271504 0.3013889 0.197411 0.301922 0.1895078 0.30693 0.1906433 0.301922 0.1895078 0.3018675 0.1854886 0.3071066 0.1855496 0.3164417 0.1433673 0.3163237 0.1363596 0.3164913 0.1363157 0.3165003 0.1311171 0.3166679 0.1308337 0.3164913 0.1363157 0.3105902 0.1296699 0.3105902 0.1311169 0.3100014 0.1308335 0.301289 0.1853738 0.301822 0.1894809 0.3012332 0.189437 0.3059734 0.1296381 0.3039467 0.1298153 0.3038425 0.122182 0.3057793 0.1351204 0.3039554 0.1349285 0.3039467 0.1298153 0.3165029 0.1184601 0.316502 0.119983 0.3146032 0.1198722 0.316502 0.119983 0.3166754 0.1254656 0.3145742 0.1249576 0.307706 0.1350315 0.3072603 0.1348516 0.3072633 0.1272217 0.3077061 0.1268929 0.3072633 0.1272217 0.3072636 0.1221095 0.3057793 0.1366432 0.3057793 0.1351204 0.3063992 0.1351206 0.3063992 0.1351206 0.3057793 0.1351204 0.3059734 0.1296381 0.3125476 0.1847378 0.3125417 0.1761786 0.3131624 0.1761787 0.3131624 0.1761787 0.3125417 0.1761786 0.3125476 0.1718347 0.2972246 0.1703119 0.2972899 0.1703119 0.2972846 0.1724231 0.3293673 0.1420651 0.3291053 0.1360486 0.3291707 0.1360486 0.3166092 0.1437265 0.3164913 0.1363157 0.3169047 0.1363157 0.3169047 0.1363157 0.3164913 0.1363157 0.3166679 0.1308337 0.3032962 0.1296011 0.3031368 0.1237632 0.3037567 0.1237633 0.3203001 0.124325 0.3188778 0.124692 0.3186274 0.1182765 0.3023144 0.1800904 0.3022292 0.1856986 0.3016401 0.1856378 0.3095496 0.1313555 0.3093065 0.1313952 0.3095673 0.1260089 0.3027082 0.1929536 0.3025923 0.1929342 0.3021981 0.1871675 0.3106426 0.1911657 0.308014 0.19141 0.3076107 0.1856458 0.3175734 0.1370995 0.3176679 0.1313786 0.3178352 0.1313146 0.303409 0.1177468 0.3031368 0.1237632 0.3018137 0.1233494 0.3007681 0.1311021 0.3007748 0.1255048 0.3012178 0.1254584 0.2934725 0.1848391 0.2929754 0.1848012 0.2932237 0.1792408 0.3142254 0.2022382 0.3142245 0.202688 0.3142245 0.1982959 0.3181554 0.1373296 0.3177419 0.1373314 0.3178352 0.1313146 0.3293673 0.1420651 0.3294327 0.1420651 0.3294332 0.1440959 0.3135014 0.1911657 0.3106426 0.1911657 0.3106813 0.1856794 0.3155503 0.1734224 0.3158177 0.1790332 0.3157523 0.1790332 0.3106426 0.1935037 0.3106426 0.1911657 0.3135014 0.1911657 0.3076023 0.137901 0.3078368 0.137901 0.3078368 0.1407601 0.3106813 0.1856794 0.3106423 0.1802424 0.3135011 0.1802424 0.3145706 0.1258211 0.3143585 0.1254628 0.3176917 0.1254488 0.3116736 0.1395411 0.3146286 0.1395286 0.3144195 0.1398887 0.3125517 0.1234312 0.3145009 0.1234309 0.3145009 0.1265538 0.3047217 0.1344071 0.3045273 0.1338213 0.3078436 0.1338196 0.3046606 0.1190723 0.3047217 0.1184517 0.3078436 0.1184501 0.3174346 0.1265322 0.3176702 0.1265303 0.3176702 0.1293894 0.3173347 0.1406426 0.3142121 0.1406557 0.3144195 0.1398887 0.3026909 0.1294049 0.3026909 0.1262819 0.3046441 0.1264764 0.3031104 0.1129078 0.3031104 0.1184539 0.3030446 0.1184497 0.3127026 0.139755 0.3124638 0.1366413 0.3141241 0.1364461 0.3052651 0.1230652 0.3052651 0.1261882 0.3046441 0.1261882 0.3052651 0.1261882 0.3072141 0.1261882 0.3072141 0.1293112 0.3143585 0.1254628 0.3141446 0.1246976 0.3172672 0.1246845 0.3125517 0.1203083 0.3125517 0.1234312 0.3119306 0.1234313 0.3219475 0.1189623 0.3223018 0.1184497 0.3223018 0.1199722 0.3164033 0.1189652 0.3164032 0.1199752 0.3160581 0.1199755 0.3219549 0.1323549 0.3223018 0.1328732 0.3161197 0.1328704 0.3219475 0.1189623 0.3164033 0.1189652 0.3160581 0.1184529 0.3137085 0.1765221 0.3141078 0.176011 0.3137286 0.1802303 0.3175079 0.1222572 0.3175124 0.1262452 0.3171653 0.1262235 0.3230028 0.1356654 0.323409 0.1361777 0.3171653 0.1361808 0.3230097 0.1222653 0.3175079 0.1222572 0.3171653 0.1217573 0.3128035 0.1687914 0.3132328 0.1682787 0.3127544 0.171863 0.3166458 0.1145388 0.3166354 0.1176698 0.3162903 0.1176699 0.3221569 0.1279331 0.322534 0.1284453 0.3162903 0.1284486 0.3221046 0.1145345 0.3166458 0.1145388 0.3163006 0.1140266 0.3048298 0.1769555 0.3051844 0.176443 0.3054571 0.1829749 0.3085315 0.1227251 0.3084623 0.1280469 0.3081172 0.1280469 0.3140759 0.1360973 0.3145775 0.1366448 0.3113564 0.1366097 0.314131 0.1226987 0.3113589 0.1226987 0.3113637 0.1221862 0.3047747 0.1903541 0.3046626 0.1885644 0.3050107 0.1885333 0.3085799 0.1360973 0.3082345 0.1366097 0.3082358 0.1340668 0.3127661 0.1800795 0.3124154 0.1718152 0.3127544 0.171863 0.3166354 0.1279359 0.3162903 0.1284486 0.3162627 0.1263 0.3230028 0.1356654 0.3228609 0.1341198 0.3232089 0.1340833 0.3135597 0.1883766 0.3126196 0.1845611 0.3129216 0.184576 0.3175104 0.1356682 0.3171653 0.1361808 0.3171653 0.1337819 0.3173877 0.1290266 0.3175103 0.1337692 0.3171653 0.1337819 0.3133873 0.1801884 0.3137286 0.1802303 0.3129216 0.184576 0.3175124 0.1262452 0.3173877 0.1290266 0.3170522 0.1290177 0.3126537 0.1866117 0.3121353 0.1785744 0.3124675 0.1785748 0.3126463 0.1742602 0.3130006 0.1742291 0.3124675 0.1785748 0.3164271 0.1324712 0.3161197 0.1328704 0.3162368 0.1254596 0.3164032 0.1199752 0.3165714 0.1254593 0.3162368 0.1254596 0.3051027 0.1829574 0.3054571 0.1829749 0.3050107 0.1885333 0.3084623 0.1280469 0.3085809 0.1340668 0.3082358 0.1340668 0.3085799 0.1360973 0.311352 0.1360973 0.3113564 0.1366097 0.3085315 0.1227251 0.3081866 0.1222127 0.3113637 0.1221862 0.3071976 0.1747845 0.3070998 0.1732432 0.312644 0.1732404 0.3134028 0.1806367 0.3082444 0.1811332 0.3081591 0.1762484 0.3111606 0.1749438 0.3060795 0.1750513 0.3060922 0.1719203 0.3123973 0.1728256 0.3095435 0.1727722 0.3096126 0.1674504 0.309661 0.1808226 0.3096621 0.1787921 0.3124342 0.1787921 0.3060454 0.1832731 0.3060795 0.1750513 0.3111606 0.1749438 0.3082051 0.1899152 0.3083255 0.1874086 0.3136532 0.1878737 0.3083255 0.1874086 0.3083083 0.1835272 0.3128513 0.1845692 0.3128513 0.1845692 0.3083083 0.1835272 0.3082444 0.1811332 0.3128644 0.1863936 0.3073366 0.1865099 0.307503 0.1799068 0.3123689 0.178716 0.307503 0.1799068 0.3071976 0.1747845 0.3096621 0.1787921 0.3095435 0.1727722 0.3123973 0.1728256 0.3124342 0.1787921 0.3123973 0.1728256 0.3154851 0.1734258 0.3124332 0.1808226 0.3124342 0.1787921 0.3150449 0.1790328 0.3123973 0.1728256 0.31244 0.1674239 0.3152121 0.1674239 0.3168308 0.1218873 0.3168874 0.1212694 0.3168964 0.1237757 0.3118234 0.1213589 0.3118888 0.1213589 0.3118063 0.1244919 0.3173877 0.1290266 0.3176095 0.1292703 0.3176267 0.1331517 0.3168964 0.1212694 0.3168311 0.1212694 0.3168311 0.1157459 0.3042169 0.1881104 0.3039857 0.1881264 0.3033003 0.1842085 0.3054719 0.1312068 0.3054719 0.1257432 0.3055373 0.1257442 0.3173877 0.1290266 0.3175124 0.1262452 0.3175455 0.1268764 0.3155503 0.1734224 0.3154851 0.1734224 0.3157898 0.1674239 0.3061535 0.1807524 0.3057226 0.1887962 0.3055102 0.1885794 0.3292576 0.1307234 0.329323 0.1307234 0.3291707 0.1360486 0.2949949 0.1945298 0.2949294 0.1950629 0.2949294 0.1935088 0.3061535 0.1807524 0.3059222 0.1808955 0.3055102 0.1769767 0.3077301 0.1414875 0.3076647 0.1414875 0.3076647 0.1387626 0.3055592 0.1173543 0.3055592 0.1183646 0.3054936 0.1183449 0.3165714 0.1254593 0.3168042 0.1256499 0.3166378 0.132253 0.3060157 0.1367128 0.3059503 0.1367141 0.3058962 0.1339416 0.3219549 0.1323549 0.3164271 0.1324712 0.3166378 0.132253 0.3165714 0.1254593 0.3164032 0.1199752 0.3164988 0.1205276 0.3158177 0.1790332 0.3158616 0.1808246 0.3157963 0.1808246 0.3060714 0.1853175 0.3060454 0.1832731 0.3115049 0.1832084 0.3166078 0.1258916 0.3162627 0.1263 0.3162903 0.1176699 0.3128557 0.18219 0.3127661 0.1800795 0.3131355 0.1804973 0.2972193 0.1724231 0.2972846 0.1724231 0.2972641 0.1806904 0.3117429 0.1347597 0.311516 0.1327193 0.3115814 0.1327193 0.3118142 0.1314365 0.3114007 0.1314365 0.311422 0.1292488 0.3066142 0.1304809 0.3066179 0.1282751 0.3072386 0.1282752 0.3027468 0.1328121 0.3028048 0.1295251 0.3032475 0.129686 0.308786 0.1165488 0.3070831 0.1176963 0.3070703 0.1144089 0.3112332 0.1310773 0.3112544 0.1289988 0.311422 0.1292488 0.3193376 0.1935039 0.3136199 0.1935037 0.3137172 0.1914754 0.3053396 0.1744017 0.3050942 0.1745573 0.3051005 0.1725286 0.3100345 0.1320747 0.3100314 0.1402141 0.3097882 0.1400592 0.2961192 0.1832379 0.2955304 0.1834878 0.2959116 0.1748518 0.3165124 0.1174708 0.3162859 0.1261064 0.3145858 0.1251226 0.3090091 0.1251642 0.308786 0.1165488 0.3096343 0.1165973</float_array>
          <technique_common>
            <accessor source="#shelf_2_mesh-mesh-map-0-array" count="3000" stride="2">
              <param name="S" type="float"/>
              <param name="T" type="float"/>
            </accessor>
          </technique_common>
        </source>
        <vertices id="shelf_2_mesh-mesh-vertices">
          <input semantic="POSITION" source="#shelf_2_mesh-mesh-positions"/>
        </vertices>
        <triangles material="Material-material" count="1000">
          <input semantic="VERTEX" source="#shelf_2_mesh-mesh-vertices" offset="0"/>
          <input semantic="NORMAL" source="#shelf_2_mesh-mesh-normals" offset="1"/>
          <input semantic="TEXCOORD" source="#shelf_2_mesh-mesh-map-0" offset="2" set="0"/>
          <p>1 0 0 18 0 1 17 0 2 47 1 3 20 1 4 59 1 5 7 2 6 22 2 7 20 2 8 55 3 9 1 3 10 17 3 11 44 4 12 4 4 13 49 4 14 3 5 15 51 5 16 46 5 17 26 6 18 11 6 19 9 6 20 30 7 21 67 7 22 82 7 23 33 8 24 15 8 25 30 8 26 76 9 27 9 9 28 71 9 29 69 10 30 14 10 31 64 10 32 66 11 33 9 11 34 11 11 35 53 12 36 39 12 37 63 12 38 53 13 39 17 13 40 16 13 41 21 14 42 38 14 43 37 14 44 20 15 45 23 15 46 21 15 47 57 16 48 37 16 49 61 16 50 59 17 51 21 17 52 57 17 53 16 18 54 36 18 55 39 18 56 17 19 57 19 19 58 16 19 59 8 20 60 72 20 61 68 20 62 86 21 63 25 21 64 74 21 65 74 22 66 26 22 67 76 22 68 12 23 69 32 23 70 14 23 71 43 24 72 31 24 73 42 24 74 34 25 75 30 25 76 31 25 77 14 26 78 78 26 79 64 26 80 42 27 81 80 27 82 84 27 83 31 28 84 82 28 85 80 28 86 8 29 87 29 29 88 24 29 89 41 30 90 25 30 91 40 30 92 25 31 93 27 31 94 26 31 95 0 32 96 36 32 97 2 32 98 61 33 99 6 33 100 44 33 101 6 34 102 38 34 103 4 34 104 63 35 105 0 35 106 48 35 107 29 36 108 40 36 109 24 36 110 32 37 111 84 37 112 78 37 113 35 38 114 42 38 115 32 38 116 24 39 117 86 39 118 72 39 119 38 40 120 49 40 121 4 40 122 49 41 123 63 41 124 48 41 125 36 42 126 45 42 127 2 42 128 60 43 129 44 43 130 45 43 131 18 44 132 56 44 133 19 44 134 58 45 135 57 45 136 56 45 137 19 46 138 60 46 139 36 46 140 56 47 141 61 47 142 60 47 143 22 48 144 52 48 145 23 48 146 54 49 147 53 49 148 52 49 149 23 50 150 62 50 151 38 50 152 62 51 153 53 51 154 63 51 155 47 52 156 5 52 157 7 52 158 46 53 159 50 53 160 47 53 161 2 54 162 48 54 163 0 54 164 45 55 165 49 55 166 48 55 167 22 56 168 50 56 169 54 56 170 50 57 171 55 57 172 54 57 173 3 58 174 58 58 175 18 58 176 46 59 177 59 59 178 58 59 179 73 60 180 43 60 181 35 60 182 73 61 183 86 61 184 87 61 185 79 62 186 41 62 187 29 62 188 78 63 189 85 63 190 79 63 191 81 64 192 27 64 193 28 64 194 80 65 195 83 65 196 81 65 197 85 66 198 28 66 199 41 66 200 84 67 201 81 67 202 85 67 203 65 68 204 29 68 205 10 68 206 64 69 207 79 69 208 65 69 209 75 70 210 33 70 211 34 70 212 74 71 213 77 71 214 75 71 215 87 72 216 34 72 217 43 72 218 87 73 219 74 73 220 75 73 221 69 74 222 35 74 223 12 74 224 69 75 225 72 75 226 73 75 227 15 76 228 70 76 229 67 76 230 67 77 231 71 77 232 66 77 233 8 78 234 65 78 235 10 78 236 68 79 237 64 79 238 65 79 239 33 80 240 70 80 241 13 80 242 77 81 243 71 81 244 70 81 245 83 82 246 11 82 247 27 82 248 82 83 249 66 83 250 83 83 251 103 84 252 90 84 253 100 84 254 97 85 255 94 85 256 96 85 257 92 86 258 128 86 259 93 86 260 99 87 261 88 87 262 98 87 263 136 88 264 98 88 265 139 88 266 93 89 267 118 89 268 99 89 269 115 90 270 132 90 271 135 90 272 139 91 273 88 91 274 101 91 275 93 92 276 98 92 277 92 92 278 91 93 279 96 93 280 90 93 281 90 94 282 138 94 283 100 94 284 383 95 285 101 95 286 373 95 287 429 96 288 116 96 289 427 96 290 327 97 291 488 97 292 219 97 293 99 98 294 119 98 295 89 98 296 430 99 297 122 99 298 123 99 299 96 100 300 137 100 301 138 100 302 104 101 303 143 101 304 140 101 305 116 102 306 134 102 307 133 102 308 426 103 309 136 103 310 376 103 311 89 104 312 101 104 313 88 104 314 372 105 315 103 105 316 100 105 317 120 106 318 119 106 319 118 106 320 116 107 321 118 107 322 117 107 323 114 108 324 122 108 325 115 108 326 113 109 327 123 109 328 114 109 329 387 110 330 121 110 331 120 110 332 95 111 333 114 111 334 115 111 335 89 112 336 121 112 337 102 112 338 459 113 339 123 113 340 386 113 341 91 114 342 112 114 343 113 114 344 93 115 345 134 115 346 117 115 347 374 116 348 121 116 349 384 116 350 91 117 351 114 117 352 97 117 353 127 118 354 129 118 355 130 118 356 128 119 357 133 119 358 134 119 359 124 120 360 126 120 361 125 120 362 124 121 363 132 121 364 131 121 365 137 122 366 131 122 367 431 122 368 95 123 369 125 123 370 94 123 371 115 124 372 124 124 373 95 124 374 431 125 375 132 125 376 122 125 377 427 126 378 133 126 379 127 126 380 94 127 381 126 127 382 137 127 383 136 128 384 129 128 385 92 128 386 427 129 387 130 129 388 136 129 389 105 130 390 377 130 391 389 130 392 111 131 393 383 131 394 391 131 395 105 132 396 138 132 397 137 132 398 104 133 399 139 133 400 111 133 401 392 134 402 143 134 403 395 134 404 390 135 405 142 135 406 394 135 407 105 136 408 142 136 409 110 136 410 388 137 411 140 137 412 392 137 413 159 138 414 146 138 415 156 138 416 153 139 417 150 139 418 152 139 419 148 140 420 184 140 421 149 140 422 155 141 423 144 141 424 154 141 425 192 142 426 154 142 427 195 142 428 149 143 429 174 143 430 155 143 431 171 144 432 188 144 433 191 144 434 195 145 435 144 145 436 157 145 437 149 146 438 154 146 439 148 146 440 147 147 441 152 147 442 146 147 443 146 148 444 194 148 445 156 148 446 363 149 447 157 149 448 360 149 449 435 150 450 172 150 451 433 150 452 343 151 453 465 151 454 467 151 455 155 152 456 175 152 457 145 152 458 436 153 459 178 153 460 179 153 461 152 154 462 193 154 463 194 154 464 160 155 465 199 155 466 196 155 467 172 156 468 190 156 469 189 156 470 432 157 471 192 157 472 368 157 473 145 158 474 157 158 475 144 158 476 339 159 477 156 159 478 336 159 479 176 160 480 175 160 481 174 160 482 172 161 483 174 161 484 173 161 485 170 162 486 178 162 487 171 162 488 169 163 489 179 163 490 170 163 491 364 164 492 177 164 493 176 164 494 153 165 495 171 165 496 151 165 497 145 166 498 177 166 499 158 166 500 436 167 501 350 167 502 456 167 503 159 168 504 169 168 505 147 168 506 149 169 507 190 169 508 173 169 509 367 170 510 177 170 511 369 170 512 147 171 513 170 171 514 153 171 515 183 172 516 185 172 517 186 172 518 184 173 519 189 173 520 190 173 521 180 174 522 182 174 523 181 174 524 187 175 525 191 175 526 188 175 527 193 176 528 187 176 529 437 176 530 151 177 531 181 177 532 150 177 533 171 178 534 180 178 535 151 178 536 437 179 537 188 179 538 178 179 539 433 180 540 189 180 541 183 180 542 150 181 543 182 181 544 193 181 545 192 182 546 185 182 547 148 182 548 433 183 549 186 183 550 192 183 551 161 184 552 341 184 553 353 184 554 167 185 555 363 185 556 365 185 557 161 186 558 194 186 559 193 186 560 160 187 561 195 187 562 167 187 563 371 188 564 199 188 565 366 188 566 354 189 567 198 189 568 358 189 569 166 190 570 197 190 571 198 190 572 370 191 573 196 191 574 371 191 575 215 192 576 202 192 577 212 192 578 209 193 579 206 193 580 208 193 581 204 194 582 240 194 583 205 194 584 211 195 585 200 195 586 210 195 587 248 196 588 210 196 589 251 196 590 205 197 591 230 197 592 211 197 593 227 198 594 244 198 595 247 198 596 251 199 597 200 199 598 213 199 599 205 200 600 210 200 601 204 200 602 203 201 603 208 201 604 202 201 605 202 202 606 250 202 607 212 202 608 329 203 609 213 203 610 324 203 611 441 204 612 228 204 613 439 204 614 165 205 615 484 205 616 485 205 617 211 206 618 231 206 619 201 206 620 442 207 621 234 207 622 235 207 623 208 208 624 249 208 625 250 208 626 216 209 627 255 209 628 252 209 629 228 210 630 246 210 631 245 210 632 438 211 633 248 211 634 326 211 635 200 212 636 214 212 637 213 212 638 501 213 639 215 213 640 212 213 641 232 214 642 231 214 643 230 214 644 228 215 645 230 215 646 229 215 647 226 216 648 234 216 649 227 216 650 225 217 651 235 217 652 226 217 653 331 218 654 233 218 655 232 218 656 209 219 657 227 219 658 207 219 659 201 220 660 233 220 661 214 220 662 503 221 663 235 221 664 505 221 665 215 222 666 225 222 667 203 222 668 205 223 669 246 223 670 229 223 671 214 224 672 330 224 673 325 224 674 203 225 675 226 225 676 209 225 677 239 226 678 241 226 679 242 226 680 240 227 681 245 227 682 246 227 683 236 228 684 238 228 685 237 228 686 236 229 687 244 229 688 243 229 689 249 230 690 243 230 691 443 230 692 207 231 693 237 231 694 206 231 695 227 232 696 236 232 697 207 232 698 443 233 699 244 233 700 234 233 701 439 234 702 245 234 703 239 234 704 206 235 705 238 235 706 249 235 707 248 236 708 241 236 709 204 236 710 439 237 711 242 237 712 248 237 713 217 238 714 497 238 715 499 238 716 223 239 717 329 239 718 333 239 719 217 240 720 250 240 721 249 240 722 216 241 723 251 241 724 223 241 725 334 242 726 255 242 727 335 242 728 506 243 729 254 243 730 507 243 731 222 244 732 253 244 733 254 244 734 332 245 735 252 245 736 334 245 737 271 246 738 258 246 739 268 246 740 410 247 741 263 247 742 262 247 743 260 248 744 296 248 745 261 248 746 267 249 747 256 249 748 266 249 749 304 250 750 409 250 751 415 250 752 261 251 753 417 251 754 411 251 755 283 252 756 300 252 757 303 252 758 307 253 759 256 253 760 269 253 761 411 254 762 266 254 763 409 254 764 259 255 765 264 255 766 258 255 767 258 256 768 306 256 769 268 256 770 399 257 771 269 257 772 396 257 773 447 258 774 419 258 775 450 258 776 342 259 777 487 259 778 465 259 779 267 260 780 287 260 781 257 260 782 448 261 783 290 261 784 418 261 785 410 262 786 305 262 787 414 262 788 421 263 789 311 263 790 423 263 791 284 264 792 302 264 793 301 264 794 404 265 795 445 265 796 304 265 797 257 266 798 269 266 799 256 266 800 313 267 801 268 267 802 312 267 803 288 268 804 287 268 805 286 268 806 419 269 807 286 269 808 417 269 809 282 270 810 418 270 811 416 270 812 281 271 813 291 271 814 282 271 815 400 272 816 289 272 817 288 272 818 265 273 819 416 273 820 408 273 821 257 274 822 289 274 823 270 274 824 452 275 825 319 275 826 453 275 827 271 276 828 281 276 829 259 276 830 261 277 831 302 277 832 285 277 833 403 278 834 289 278 835 405 278 836 259 279 837 282 279 838 265 279 839 298 280 840 296 280 841 297 280 842 296 281 843 301 281 844 302 281 845 292 282 846 294 282 847 293 282 848 292 283 849 300 283 850 299 283 851 305 284 852 299 284 853 449 284 854 263 285 855 293 285 856 262 285 857 263 286 858 303 286 859 292 286 860 449 287 861 300 287 862 290 287 863 445 288 864 301 288 865 295 288 866 262 289 867 294 289 868 305 289 869 260 290 870 298 290 871 297 290 872 304 291 873 295 291 874 298 291 875 273 292 876 314 292 877 320 292 878 279 293 879 399 293 880 401 293 881 420 294 882 306 294 883 414 294 884 272 295 885 415 295 886 421 295 887 425 296 888 308 296 889 423 296 890 321 297 891 310 297 892 323 297 893 420 298 894 309 298 895 422 298 896 406 299 897 308 299 898 407 299 899 320 300 900 309 300 901 273 300 902 401 301 903 323 301 904 402 301 905 422 302 906 322 302 907 424 302 908 278 303 909 317 303 910 306 303 911 320 304 912 404 304 913 406 304 914 271 305 915 318 305 916 280 305 917 453 306 918 400 306 919 446 306 920 280 307 921 319 307 922 291 307 923 396 308 924 313 308 925 312 308 926 449 309 927 314 309 928 305 309 929 413 310 930 493 310 931 277 310 932 306 311 933 312 311 934 268 311 935 332 312 936 500 312 937 499 312 938 333 313 939 255 313 940 223 313 941 507 314 942 334 314 943 335 314 944 506 315 945 329 315 946 504 315 947 216 316 948 326 316 949 248 316 950 325 317 951 498 317 952 496 317 953 441 318 954 331 318 955 232 318 956 498 319 957 331 319 958 505 319 959 214 320 960 324 320 961 213 320 962 502 321 963 326 321 964 497 321 965 164 322 966 487 322 967 162 322 968 501 323 969 329 323 970 324 323 971 353 324 972 197 324 973 161 324 974 352 325 975 357 325 976 353 325 977 355 326 978 366 326 979 365 326 980 355 327 981 358 327 982 359 327 983 198 328 984 357 328 985 358 328 986 358 329 987 356 329 988 359 329 989 166 330 990 346 330 991 194 330 992 354 331 993 347 331 994 346 331 995 370 332 996 340 332 997 368 332 998 352 333 999 341 333 1000 340 333 1001 339 334 1002 168 334 1003 159 334 1004 339 335 1005 348 335 1006 349 335 1007 457 336 1008 364 336 1009 434 336 1010 456 337 1011 351 337 1012 457 337 1013 168 338 1014 350 338 1015 179 338 1016 349 339 1017 351 339 1018 350 339 1019 367 340 1020 337 340 1021 360 340 1022 338 341 1023 336 341 1024 337 341 1025 437 342 1026 341 342 1027 193 342 1028 341 343 1029 455 343 1030 340 343 1031 328 344 1032 511 344 1033 509 344 1034 276 345 1035 478 345 1036 412 345 1037 194 346 1038 336 346 1039 156 346 1040 336 347 1041 347 347 1042 337 347 1043 158 348 1044 360 348 1045 157 348 1046 435 349 1047 364 349 1048 176 349 1049 160 350 1050 368 350 1051 192 350 1052 365 351 1053 199 351 1054 167 351 1055 352 352 1056 371 352 1057 356 352 1058 359 353 1059 371 353 1060 366 353 1061 365 354 1062 347 354 1063 355 354 1064 338 355 1065 369 355 1066 348 355 1067 348 356 1068 364 356 1069 351 356 1070 340 357 1071 432 357 1072 368 357 1073 362 358 1074 485 358 1075 468 358 1076 347 359 1077 360 359 1078 337 359 1079 389 360 1080 141 360 1081 105 360 1082 389 361 1083 392 361 1084 393 361 1085 391 362 1086 143 362 1087 111 362 1088 390 363 1089 395 363 1090 391 363 1091 141 364 1092 394 364 1093 142 364 1094 393 365 1095 395 365 1096 394 365 1097 110 366 1098 382 366 1099 138 366 1100 391 367 1101 382 367 1102 390 367 1103 104 368 1104 376 368 1105 136 368 1106 388 369 1107 377 369 1108 376 369 1109 375 370 1110 112 370 1111 103 370 1112 374 371 1113 385 371 1114 375 371 1115 429 372 1116 387 372 1117 120 372 1118 428 373 1119 386 373 1120 387 373 1121 123 374 1122 385 374 1123 386 374 1124 386 375 1125 384 375 1126 387 375 1127 102 376 1128 373 376 1129 101 376 1130 373 377 1131 375 377 1132 372 377 1133 431 378 1134 377 378 1135 137 378 1136 377 379 1137 426 379 1138 376 379 1139 218 380 1140 510 380 1141 508 380 1142 316 381 1143 477 381 1144 476 381 1145 138 382 1146 372 382 1147 100 382 1148 372 383 1149 383 383 1150 373 383 1151 270 384 1152 396 384 1153 269 384 1154 446 385 1155 288 385 1156 447 385 1157 272 386 1158 404 386 1159 304 386 1160 401 387 1161 311 387 1162 279 387 1163 406 388 1164 322 388 1165 320 388 1166 424 389 1167 407 389 1168 425 389 1169 321 390 1170 399 390 1171 317 390 1172 313 391 1173 405 391 1174 318 391 1175 318 392 1176 400 392 1177 319 392 1178 314 393 1179 444 393 1180 404 393 1181 361 394 1182 484 394 1183 163 394 1184 312 395 1185 399 395 1186 396 395 1187 316 396 1188 495 396 1189 276 396 1190 323 397 1191 425 397 1192 402 397 1193 397 398 1194 461 398 1195 475 398 1196 422 399 1197 323 399 1198 310 399 1199 420 400 1200 310 400 1201 278 400 1202 425 401 1203 311 401 1204 402 401 1205 421 402 1206 307 402 1207 279 402 1208 273 403 1209 414 403 1210 305 403 1211 408 404 1212 283 404 1213 263 404 1214 416 405 1215 290 405 1216 283 405 1217 419 406 1218 285 406 1219 284 406 1220 421 407 1221 308 407 1222 272 407 1223 264 408 1224 414 408 1225 306 408 1226 452 409 1227 418 409 1228 291 409 1229 109 410 1230 480 410 1231 481 410 1232 445 411 1233 419 411 1234 284 411 1235 261 412 1236 409 412 1237 260 412 1238 411 413 1239 286 413 1240 267 413 1241 415 414 1242 266 414 1243 307 414 1244 265 415 1245 410 415 1246 264 415 1247 107 416 1248 426 416 1249 379 416 1250 109 417 1251 428 417 1252 429 417 1253 106 418 1254 430 418 1255 108 418 1256 107 419 1257 429 419 1258 427 419 1259 163 420 1260 432 420 1261 361 420 1262 165 421 1263 434 421 1264 435 421 1265 162 422 1266 436 422 1267 164 422 1268 163 423 1269 435 423 1270 433 423 1271 219 424 1272 438 424 1273 327 424 1274 221 425 1275 440 425 1276 441 425 1277 218 426 1278 442 426 1279 220 426 1280 219 427 1281 441 427 1282 439 427 1283 275 428 1284 444 428 1285 397 428 1286 277 429 1287 446 429 1288 447 429 1289 274 430 1290 448 430 1291 412 430 1292 275 431 1293 450 431 1294 445 431 1295 274 432 1296 451 432 1297 449 432 1298 276 433 1299 453 433 1300 316 433 1301 508 434 1302 438 434 1303 502 434 1304 220 435 1305 503 435 1306 509 435 1307 162 436 1308 454 436 1309 437 436 1310 342 437 1311 455 437 1312 454 437 1313 164 438 1314 456 438 1315 344 438 1316 345 439 1317 456 439 1318 457 439 1319 361 440 1320 455 440 1321 343 440 1322 362 441 1323 457 441 1324 434 441 1325 106 442 1326 458 442 1327 431 442 1328 379 443 1329 458 443 1330 378 443 1331 108 444 1332 459 444 1333 380 444 1334 381 445 1335 459 445 1336 428 445 1337 397 446 1338 451 446 1339 315 446 1340 398 447 1341 453 447 1342 446 447 1343 276 448 1344 448 448 1345 452 448 1346 277 449 1347 450 449 1348 413 449 1349 472 450 1350 480 450 1351 473 450 1352 469 451 1353 485 451 1354 484 451 1355 463 452 1356 489 452 1357 488 452 1358 474 453 1359 493 453 1360 479 453 1361 495 454 1362 460 454 1363 478 454 1364 511 455 1365 463 455 1366 510 455 1367 486 456 1368 465 456 1369 487 456 1370 464 457 1371 467 457 1372 465 457 1373 467 458 1374 468 458 1375 469 458 1376 483 459 1377 470 459 1378 471 459 1379 471 460 1380 472 460 1381 473 460 1382 476 461 1383 474 461 1384 460 461 1385 460 462 1386 475 462 1387 461 462 1388 478 463 1389 461 463 1390 494 463 1391 474 464 1392 492 464 1393 475 464 1394 344 465 1395 486 465 1396 164 465 1397 221 466 1398 462 466 1399 328 466 1400 345 467 1401 464 467 1402 344 467 1403 220 468 1404 491 468 1405 218 468 1406 343 469 1407 469 469 1408 361 469 1409 221 470 1410 488 470 1411 489 470 1412 345 471 1413 468 471 1414 466 471 1415 397 472 1416 492 472 1417 275 472 1418 378 473 1419 483 473 1420 471 473 1421 277 474 1422 477 474 1423 398 474 1424 379 475 1425 480 475 1426 107 475 1427 378 476 1428 473 476 1429 379 476 1430 412 477 1431 494 477 1432 274 477 1433 381 478 1434 481 478 1435 472 478 1436 380 479 1437 482 479 1438 108 479 1439 275 480 1440 479 480 1441 413 480 1442 106 481 1443 482 481 1444 483 481 1445 380 482 1446 472 482 1447 470 482 1448 315 483 1449 494 483 1450 461 483 1451 490 484 1452 510 484 1453 491 484 1454 509 485 1455 440 485 1456 328 485 1457 218 486 1458 502 486 1459 443 486 1460 508 487 1461 463 487 1462 327 487 1463 220 488 1464 511 488 1465 490 488 1466 212 489 1467 504 489 1468 501 489 1469 443 490 1470 497 490 1471 249 490 1472 224 491 1473 505 491 1474 235 491 1475 496 492 1476 224 492 1477 215 492 1478 222 493 1479 504 493 1480 250 493 1481 254 494 1482 500 494 1483 507 494 1484 499 495 1485 253 495 1486 217 495 1487 333 496 1488 507 496 1489 335 496 1490 499 497 1491 326 497 1492 332 497 1493 440 498 1494 505 498 1495 331 498 1496 325 499 1497 501 499 1498 324 499 1499 1 500 1500 3 500 1501 18 500 1502 47 501 1503 7 501 1504 20 501 1505 7 502 1506 5 502 1507 22 502 1508 55 503 1509 51 503 1510 1 503 1511 44 504 1512 6 504 1513 4 504 1514 3 505 1515 1 505 1516 51 505 1517 26 506 1518 27 506 1519 11 506 1520 30 507 1521 15 507 1522 67 507 1523 33 508 1524 13 508 1525 15 508 1526 76 509 1527 26 509 1528 9 509 1529 69 510 1530 12 510 1531 14 510 1532 66 511 1533 71 511 1534 9 511 1535 53 512 1536 16 512 1537 39 512 1538 53 513 1539 55 513 1540 17 513 1541 21 514 1542 23 514 1543 38 514 1544 20 515 1545 22 515 1546 23 515 1547 57 516 1548 21 516 1549 37 516 1550 59 517 1551 20 517 1552 21 517 1553 16 518 1554 19 518 1555 36 518 1556 17 519 1557 18 519 1558 19 519 1559 8 520 1560 24 520 1561 72 520 1562 86 521 1563 40 521 1564 25 521 1565 74 522 1566 25 522 1567 26 522 1568 12 523 1569 35 523 1570 32 523 1571 43 524 1572 34 524 1573 31 524 1574 34 525 1575 33 525 1576 30 525 1577 14 526 1578 32 526 1579 78 526 1580 42 527 1581 31 527 1582 80 527 1583 31 528 1584 30 528 1585 82 528 1586 8 529 1587 10 529 1588 29 529 1589 41 530 1590 28 530 1591 25 530 1592 25 531 1593 28 531 1594 27 531 1595 0 532 1596 39 532 1597 36 532 1598 61 533 1599 37 533 1600 6 533 1601 6 534 1602 37 534 1603 38 534 1604 63 535 1605 39 535 1606 0 535 1607 29 536 1608 41 536 1609 40 536 1610 32 537 1611 42 537 1612 84 537 1613 35 538 1614 43 538 1615 42 538 1616 24 539 1617 40 539 1618 86 539 1619 38 540 1620 62 540 1621 49 540 1622 49 541 1623 62 541 1624 63 541 1625 36 542 1626 60 542 1627 45 542 1628 60 543 1629 61 543 1630 44 543 1631 18 544 1632 58 544 1633 56 544 1634 58 545 1635 59 545 1636 57 545 1637 19 546 1638 56 546 1639 60 546 1640 56 547 1641 57 547 1642 61 547 1643 22 548 1644 54 548 1645 52 548 1646 54 549 1647 55 549 1648 53 549 1649 23 550 1650 52 550 1651 62 550 1652 62 551 1653 52 551 1654 53 551 1655 47 552 1656 50 552 1657 5 552 1658 46 553 1659 51 553 1660 50 553 1661 2 554 1662 45 554 1663 48 554 1664 45 555 1665 44 555 1666 49 555 1667 22 556 1668 5 556 1669 50 556 1670 50 557 1671 51 557 1672 55 557 1673 3 558 1674 46 558 1675 58 558 1676 46 559 1677 47 559 1678 59 559 1679 73 560 1680 87 560 1681 43 560 1682 73 561 1683 72 561 1684 86 561 1685 79 562 1686 85 562 1687 41 562 1688 78 563 1689 84 563 1690 85 563 1691 81 564 1692 83 564 1693 27 564 1694 80 565 1695 82 565 1696 83 565 1697 85 566 1698 81 566 1699 28 566 1700 84 567 1701 80 567 1702 81 567 1703 65 568 1704 79 568 1705 29 568 1706 64 569 1707 78 569 1708 79 569 1709 75 570 1710 77 570 1711 33 570 1712 74 571 1713 76 571 1714 77 571 1715 87 572 1716 75 572 1717 34 572 1718 87 573 1719 86 573 1720 74 573 1721 69 574 1722 73 574 1723 35 574 1724 69 575 1725 68 575 1726 72 575 1727 15 576 1728 13 576 1729 70 576 1730 67 577 1731 70 577 1732 71 577 1733 8 578 1734 68 578 1735 65 578 1736 68 579 1737 69 579 1738 64 579 1739 33 580 1740 77 580 1741 70 580 1742 77 581 1743 76 581 1744 71 581 1745 83 582 1746 66 582 1747 11 582 1748 82 583 1749 67 583 1750 66 583 1751 103 584 1752 91 584 1753 90 584 1754 97 585 1755 95 585 1756 94 585 1757 92 586 1758 129 586 1759 128 586 1760 99 587 1761 89 587 1762 88 587 1763 136 588 1764 92 588 1765 98 588 1766 93 589 1767 117 589 1768 118 589 1769 115 590 1770 122 590 1771 132 590 1772 139 591 1773 98 591 1774 88 591 1775 93 592 1776 99 592 1777 98 592 1778 91 593 1779 97 593 1780 96 593 1781 90 594 1782 96 594 1783 138 594 1784 383 595 1785 139 595 1786 101 595 1787 429 596 1788 120 596 1789 116 596 1790 327 597 1791 463 597 1792 488 597 1793 99 598 1794 118 598 1795 119 598 1796 430 599 1797 431 599 1798 122 599 1799 96 600 1800 94 600 1801 137 600 1802 104 601 1803 111 601 1804 143 601 1805 116 602 1806 117 602 1807 134 602 1808 426 603 1809 427 603 1810 136 603 1811 89 604 1812 102 604 1813 101 604 1814 372 605 1815 375 605 1816 103 605 1817 120 606 1818 121 606 1819 119 606 1820 116 607 1821 120 607 1822 118 607 1823 114 608 1824 123 608 1825 122 608 1826 113 609 1827 112 609 1828 123 609 1829 387 610 1830 384 610 1831 121 610 1832 95 611 1833 97 611 1834 114 611 1835 89 612 1836 119 612 1837 121 612 1838 459 613 1839 430 613 1840 123 613 1841 91 614 1842 103 614 1843 112 614 1844 93 615 1845 128 615 1846 134 615 1847 374 616 1848 102 616 1849 121 616 1850 91 617 1851 113 617 1852 114 617 1853 127 618 1854 128 618 1855 129 618 1856 128 619 1857 127 619 1858 133 619 1859 124 620 1860 131 620 1861 126 620 1862 124 621 1863 135 621 1864 132 621 1865 137 622 1866 126 622 1867 131 622 1868 95 623 1869 124 623 1870 125 623 1871 115 624 1872 135 624 1873 124 624 1874 431 625 1875 131 625 1876 132 625 1877 427 626 1878 116 626 1879 133 626 1880 94 627 1881 125 627 1882 126 627 1883 136 628 1884 130 628 1885 129 628 1886 427 629 1887 127 629 1888 130 629 1889 105 630 1890 137 630 1891 377 630 1892 111 631 1893 139 631 1894 383 631 1895 105 632 1896 110 632 1897 138 632 1898 104 633 1899 136 633 1900 139 633 1901 392 634 1902 140 634 1903 143 634 1904 390 635 1905 110 635 1906 142 635 1907 105 636 1908 141 636 1909 142 636 1910 388 637 1911 104 637 1912 140 637 1913 159 638 1914 147 638 1915 146 638 1916 153 639 1917 151 639 1918 150 639 1919 148 640 1920 185 640 1921 184 640 1922 155 641 1923 145 641 1924 144 641 1925 192 642 1926 148 642 1927 154 642 1928 149 643 1929 173 643 1930 174 643 1931 171 644 1932 178 644 1933 188 644 1934 195 645 1935 154 645 1936 144 645 1937 149 646 1938 155 646 1939 154 646 1940 147 647 1941 153 647 1942 152 647 1943 146 648 1944 152 648 1945 194 648 1946 363 649 1947 195 649 1948 157 649 1949 435 650 1950 176 650 1951 172 650 1952 343 651 1953 342 651 1954 465 651 1955 155 652 1956 174 652 1957 175 652 1958 436 653 1959 437 653 1960 178 653 1961 152 654 1962 150 654 1963 193 654 1964 160 655 1965 167 655 1966 199 655 1967 172 656 1968 173 656 1969 190 656 1970 432 657 1971 433 657 1972 192 657 1973 145 658 1974 158 658 1975 157 658 1976 339 659 1977 159 659 1978 156 659 1979 176 660 1980 177 660 1981 175 660 1982 172 661 1983 176 661 1984 174 661 1985 170 662 1986 179 662 1987 178 662 1988 169 663 1989 168 663 1990 179 663 1991 364 664 1992 369 664 1993 177 664 1994 153 665 1995 170 665 1996 171 665 1997 145 666 1998 175 666 1999 177 666 2000 436 667 2001 179 667 2002 350 667 2003 159 668 2004 168 668 2005 169 668 2006 149 669 2007 184 669 2008 190 669 2009 367 670 2010 158 670 2011 177 670 2012 147 671 2013 169 671 2014 170 671 2015 183 672 2016 184 672 2017 185 672 2018 184 673 2019 183 673 2020 189 673 2021 180 674 2022 187 674 2023 182 674 2024 187 675 2025 180 675 2026 191 675 2027 193 676 2028 182 676 2029 187 676 2030 151 677 2031 180 677 2032 181 677 2033 171 678 2034 191 678 2035 180 678 2036 437 679 2037 187 679 2038 188 679 2039 433 680 2040 172 680 2041 189 680 2042 150 681 2043 181 681 2044 182 681 2045 192 682 2046 186 682 2047 185 682 2048 433 683 2049 183 683 2050 186 683 2051 161 684 2052 193 684 2053 341 684 2054 167 685 2055 195 685 2056 363 685 2057 161 686 2058 166 686 2059 194 686 2060 160 687 2061 192 687 2062 195 687 2063 371 688 2064 196 688 2065 199 688 2066 354 689 2067 166 689 2068 198 689 2069 166 690 2070 161 690 2071 197 690 2072 370 691 2073 160 691 2074 196 691 2075 215 692 2076 203 692 2077 202 692 2078 209 693 2079 207 693 2080 206 693 2081 204 694 2082 241 694 2083 240 694 2084 211 695 2085 201 695 2086 200 695 2087 248 696 2088 204 696 2089 210 696 2090 205 697 2091 229 697 2092 230 697 2093 227 698 2094 234 698 2095 244 698 2096 251 699 2097 210 699 2098 200 699 2099 205 700 2100 211 700 2101 210 700 2102 203 701 2103 209 701 2104 208 701 2105 202 702 2106 208 702 2107 250 702 2108 329 703 2109 251 703 2110 213 703 2111 441 704 2112 232 704 2113 228 704 2114 165 705 2115 163 705 2116 484 705 2117 211 706 2118 230 706 2119 231 706 2120 442 707 2121 443 707 2122 234 707 2123 208 708 2124 206 708 2125 249 708 2126 216 709 2127 223 709 2128 255 709 2129 228 710 2130 229 710 2131 246 710 2132 438 711 2133 439 711 2134 248 711 2135 200 712 2136 201 712 2137 214 712 2138 501 713 2139 496 713 2140 215 713 2141 232 714 2142 233 714 2143 231 714 2144 228 715 2145 232 715 2146 230 715 2147 226 716 2148 235 716 2149 234 716 2150 225 717 2151 224 717 2152 235 717 2153 331 718 2154 330 718 2155 233 718 2156 209 719 2157 226 719 2158 227 719 2159 201 720 2160 231 720 2161 233 720 2162 503 721 2163 442 721 2164 235 721 2165 215 722 2166 224 722 2167 225 722 2168 205 723 2169 240 723 2170 246 723 2171 214 724 2172 233 724 2173 330 724 2174 203 725 2175 225 725 2176 226 725 2177 239 726 2178 240 726 2179 241 726 2180 240 727 2181 239 727 2182 245 727 2183 236 728 2184 243 728 2185 238 728 2186 236 729 2187 247 729 2188 244 729 2189 249 730 2190 238 730 2191 243 730 2192 207 731 2193 236 731 2194 237 731 2195 227 732 2196 247 732 2197 236 732 2198 443 733 2199 243 733 2200 244 733 2201 439 734 2202 228 734 2203 245 734 2204 206 735 2205 237 735 2206 238 735 2207 248 736 2208 242 736 2209 241 736 2210 439 737 2211 239 737 2212 242 737 2213 217 738 2214 249 738 2215 497 738 2216 223 739 2217 251 739 2218 329 739 2219 217 740 2220 222 740 2221 250 740 2222 216 741 2223 248 741 2224 251 741 2225 334 742 2226 252 742 2227 255 742 2228 506 743 2229 222 743 2230 254 743 2231 222 744 2232 217 744 2233 253 744 2234 332 745 2235 216 745 2236 252 745 2237 271 746 2238 259 746 2239 258 746 2240 410 747 2241 408 747 2242 263 747 2243 260 748 2244 297 748 2245 296 748 2246 267 749 2247 257 749 2248 256 749 2249 304 750 2250 260 750 2251 409 750 2252 261 751 2253 285 751 2254 417 751 2255 283 752 2256 290 752 2257 300 752 2258 307 753 2259 266 753 2260 256 753 2261 411 754 2262 267 754 2263 266 754 2264 259 755 2265 265 755 2266 264 755 2267 258 756 2268 264 756 2269 306 756 2270 399 757 2271 307 757 2272 269 757 2273 447 758 2274 288 758 2275 419 758 2276 342 759 2277 162 759 2278 487 759 2279 267 760 2280 286 760 2281 287 760 2282 448 761 2283 449 761 2284 290 761 2285 410 762 2286 262 762 2287 305 762 2288 421 763 2289 279 763 2290 311 763 2291 284 764 2292 285 764 2293 302 764 2294 404 765 2295 444 765 2296 445 765 2297 257 766 2298 270 766 2299 269 766 2300 313 767 2301 271 767 2302 268 767 2303 288 768 2304 289 768 2305 287 768 2306 419 769 2307 288 769 2308 286 769 2309 282 770 2310 291 770 2311 418 770 2312 281 771 2313 280 771 2314 291 771 2315 400 772 2316 405 772 2317 289 772 2318 265 773 2319 282 773 2320 416 773 2321 257 774 2322 287 774 2323 289 774 2324 452 775 2325 291 775 2326 319 775 2327 271 776 2328 280 776 2329 281 776 2330 261 777 2331 296 777 2332 302 777 2333 403 778 2334 270 778 2335 289 778 2336 259 779 2337 281 779 2338 282 779 2339 298 780 2340 295 780 2341 296 780 2342 296 781 2343 295 781 2344 301 781 2345 292 782 2346 299 782 2347 294 782 2348 292 783 2349 303 783 2350 300 783 2351 305 784 2352 294 784 2353 299 784 2354 263 785 2355 292 785 2356 293 785 2357 263 786 2358 283 786 2359 303 786 2360 449 787 2361 299 787 2362 300 787 2363 445 788 2364 284 788 2365 301 788 2366 262 789 2367 293 789 2368 294 789 2369 260 790 2370 304 790 2371 298 790 2372 304 791 2373 445 791 2374 295 791 2375 273 792 2376 305 792 2377 314 792 2378 279 793 2379 307 793 2380 399 793 2381 420 794 2382 278 794 2383 306 794 2384 272 795 2385 304 795 2386 415 795 2387 425 796 2388 407 796 2389 308 796 2390 321 797 2391 278 797 2392 310 797 2393 420 798 2394 273 798 2395 309 798 2396 406 799 2397 272 799 2398 308 799 2399 320 800 2400 322 800 2401 309 800 2402 401 801 2403 321 801 2404 323 801 2405 422 802 2406 309 802 2407 322 802 2408 278 803 2409 321 803 2410 317 803 2411 320 804 2412 314 804 2413 404 804 2414 271 805 2415 313 805 2416 318 805 2417 453 806 2418 319 806 2419 400 806 2420 280 807 2421 318 807 2422 319 807 2423 396 808 2424 403 808 2425 313 808 2426 449 809 2427 451 809 2428 314 809 2429 413 810 2430 479 810 2431 493 810 2432 306 811 2433 317 811 2434 312 811 2435 332 812 2436 334 812 2437 500 812 2438 333 813 2439 335 813 2440 255 813 2441 507 814 2442 500 814 2443 334 814 2444 506 815 2445 333 815 2446 329 815 2447 216 816 2448 332 816 2449 326 816 2450 325 817 2451 330 817 2452 498 817 2453 441 818 2454 440 818 2455 331 818 2456 498 819 2457 330 819 2458 331 819 2459 214 820 2460 325 820 2461 324 820 2462 502 821 2463 438 821 2464 326 821 2465 164 822 2466 486 822 2467 487 822 2468 501 823 2469 504 823 2470 329 823 2471 353 824 2472 357 824 2473 197 824 2474 352 825 2475 356 825 2476 357 825 2477 355 826 2478 359 826 2479 366 826 2480 355 827 2481 354 827 2482 358 827 2483 198 828 2484 197 828 2485 357 828 2486 358 829 2487 357 829 2488 356 829 2489 166 830 2490 354 830 2491 346 830 2492 354 831 2493 355 831 2494 347 831 2495 370 832 2496 352 832 2497 340 832 2498 352 833 2499 353 833 2500 341 833 2501 339 834 2502 349 834 2503 168 834 2504 339 835 2505 338 835 2506 348 835 2507 457 836 2508 351 836 2509 364 836 2510 456 837 2511 350 837 2512 351 837 2513 168 838 2514 349 838 2515 350 838 2516 349 839 2517 348 839 2518 351 839 2519 367 840 2520 338 840 2521 337 840 2522 338 841 2523 339 841 2524 336 841 2525 437 842 2526 454 842 2527 341 842 2528 341 843 2529 454 843 2530 455 843 2531 328 844 2532 462 844 2533 511 844 2534 276 845 2535 495 845 2536 478 845 2537 194 846 2538 346 846 2539 336 846 2540 336 847 2541 346 847 2542 347 847 2543 158 848 2544 367 848 2545 360 848 2546 435 849 2547 434 849 2548 364 849 2549 160 850 2550 370 850 2551 368 850 2552 365 851 2553 366 851 2554 199 851 2555 352 852 2556 370 852 2557 371 852 2558 359 853 2559 356 853 2560 371 853 2561 365 854 2562 363 854 2563 347 854 2564 338 855 2565 367 855 2566 369 855 2567 348 856 2568 369 856 2569 364 856 2570 340 857 2571 455 857 2572 432 857 2573 362 858 2574 165 858 2575 485 858 2576 347 859 2577 363 859 2578 360 859 2579 389 860 2580 393 860 2581 141 860 2582 389 861 2583 388 861 2584 392 861 2585 391 862 2586 395 862 2587 143 862 2588 390 863 2589 394 863 2590 395 863 2591 141 864 2592 393 864 2593 394 864 2594 393 865 2595 392 865 2596 395 865 2597 110 866 2598 390 866 2599 382 866 2600 391 867 2601 383 867 2602 382 867 2603 104 868 2604 388 868 2605 376 868 2606 388 869 2607 389 869 2608 377 869 2609 375 870 2610 385 870 2611 112 870 2612 374 871 2613 384 871 2614 385 871 2615 429 872 2616 428 872 2617 387 872 2618 428 873 2619 459 873 2620 386 873 2621 123 874 2622 112 874 2623 385 874 2624 386 875 2625 385 875 2626 384 875 2627 102 876 2628 374 876 2629 373 876 2630 373 877 2631 374 877 2632 375 877 2633 431 878 2634 458 878 2635 377 878 2636 377 879 2637 458 879 2638 426 879 2639 218 880 2640 491 880 2641 510 880 2642 316 881 2643 398 881 2644 477 881 2645 138 882 2646 382 882 2647 372 882 2648 372 883 2649 382 883 2650 383 883 2651 270 884 2652 403 884 2653 396 884 2654 446 885 2655 400 885 2656 288 885 2657 272 886 2658 406 886 2659 404 886 2660 401 887 2661 402 887 2662 311 887 2663 406 888 2664 407 888 2665 322 888 2666 424 889 2667 322 889 2668 407 889 2669 321 890 2670 401 890 2671 399 890 2672 313 891 2673 403 891 2674 405 891 2675 318 892 2676 405 892 2677 400 892 2678 314 893 2679 451 893 2680 444 893 2681 361 894 2682 469 894 2683 484 894 2684 312 895 2685 317 895 2686 399 895 2687 316 896 2688 476 896 2689 495 896 2690 323 897 2691 424 897 2692 425 897 2693 397 898 2694 315 898 2695 461 898 2696 422 899 2697 424 899 2698 323 899 2699 420 900 2700 422 900 2701 310 900 2702 425 901 2703 423 901 2704 311 901 2705 421 902 2706 415 902 2707 307 902 2708 273 903 2709 420 903 2710 414 903 2711 408 904 2712 416 904 2713 283 904 2714 416 905 2715 418 905 2716 290 905 2717 419 906 2718 417 906 2719 285 906 2720 421 907 2721 423 907 2722 308 907 2723 264 908 2724 410 908 2725 414 908 2726 452 909 2727 448 909 2728 418 909 2729 109 910 2730 107 910 2731 480 910 2732 445 911 2733 450 911 2734 419 911 2735 261 912 2736 411 912 2737 409 912 2738 411 913 2739 417 913 2740 286 913 2741 415 914 2742 409 914 2743 266 914 2744 265 915 2745 408 915 2746 410 915 2747 107 916 2748 427 916 2749 426 916 2750 109 917 2751 381 917 2752 428 917 2753 106 918 2754 431 918 2755 430 918 2756 107 919 2757 109 919 2758 429 919 2759 163 920 2760 433 920 2761 432 920 2762 165 921 2763 362 921 2764 434 921 2765 162 922 2766 437 922 2767 436 922 2768 163 923 2769 165 923 2770 435 923 2771 219 924 2772 439 924 2773 438 924 2774 221 925 2775 328 925 2776 440 925 2777 218 926 2778 443 926 2779 442 926 2780 219 927 2781 221 927 2782 441 927 2783 275 928 2784 445 928 2785 444 928 2786 277 929 2787 398 929 2788 446 929 2789 274 930 2790 449 930 2791 448 930 2792 275 931 2793 413 931 2794 450 931 2795 274 932 2796 315 932 2797 451 932 2798 276 933 2799 452 933 2800 453 933 2801 508 934 2802 327 934 2803 438 934 2804 220 935 2805 442 935 2806 503 935 2807 162 936 2808 342 936 2809 454 936 2810 342 937 2811 343 937 2812 455 937 2813 164 938 2814 436 938 2815 456 938 2816 345 939 2817 344 939 2818 456 939 2819 361 940 2820 432 940 2821 455 940 2822 362 941 2823 345 941 2824 457 941 2825 106 942 2826 378 942 2827 458 942 2828 379 943 2829 426 943 2830 458 943 2831 108 944 2832 430 944 2833 459 944 2834 381 945 2835 380 945 2836 459 945 2837 397 946 2838 444 946 2839 451 946 2840 398 947 2841 316 947 2842 453 947 2843 276 948 2844 412 948 2845 448 948 2846 277 949 2847 447 949 2848 450 949 2849 472 950 2850 481 950 2851 480 950 2852 469 951 2853 468 951 2854 485 951 2855 463 952 2856 462 952 2857 489 952 2858 474 953 2859 477 953 2860 493 953 2861 495 954 2862 476 954 2863 460 954 2864 511 955 2865 462 955 2866 463 955 2867 486 956 2868 464 956 2869 465 956 2870 464 957 2871 466 957 2872 467 957 2873 467 958 2874 466 958 2875 468 958 2876 483 959 2877 482 959 2878 470 959 2879 471 960 2880 470 960 2881 472 960 2882 476 961 2883 477 961 2884 474 961 2885 460 962 2886 474 962 2887 475 962 2888 478 963 2889 460 963 2890 461 963 2891 474 964 2892 479 964 2893 492 964 2894 344 965 2895 464 965 2896 486 965 2897 221 966 2898 489 966 2899 462 966 2900 345 967 2901 466 967 2902 464 967 2903 220 968 2904 490 968 2905 491 968 2906 343 969 2907 467 969 2908 469 969 2909 221 970 2910 219 970 2911 488 970 2912 345 971 2913 362 971 2914 468 971 2915 397 972 2916 475 972 2917 492 972 2918 378 973 2919 106 973 2920 483 973 2921 277 974 2922 493 974 2923 477 974 2924 379 975 2925 473 975 2926 480 975 2927 378 976 2928 471 976 2929 473 976 2930 412 977 2931 478 977 2932 494 977 2933 381 978 2934 109 978 2935 481 978 2936 380 979 2937 470 979 2938 482 979 2939 275 980 2940 492 980 2941 479 980 2942 106 981 2943 108 981 2944 482 981 2945 380 982 2946 381 982 2947 472 982 2948 315 983 2949 274 983 2950 494 983 2951 490 984 2952 511 984 2953 510 984 2954 509 985 2955 503 985 2956 440 985 2957 218 986 2958 508 986 2959 502 986 2960 508 987 2961 510 987 2962 463 987 2963 220 988 2964 509 988 2965 511 988 2966 212 989 2967 250 989 2968 504 989 2969 443 990 2970 502 990 2971 497 990 2972 224 991 2973 498 991 2974 505 991 2975 496 992 2976 498 992 2977 224 992 2978 222 993 2979 506 993 2980 504 993 2981 254 994 2982 253 994 2983 500 994 2984 499 995 2985 500 995 2986 253 995 2987 333 996 2988 506 996 2989 507 996 2990 499 997 2991 497 997 2992 326 997 2993 440 998 2994 503 998 2995 505 998 2996 325 999 2997 496 999 2998 501 999 2999</p>
        </triangles>
      </mesh>
    </geometry>
  </library_geometries>
  <library_visual_scenes>
    <visual_scene id="Scene" name="Scene">
      <node id="shelf_2" name="shelf_2" type="NODE">
        <matrix sid="transform">1 0 0 0 0 1 0 0 0 0 1 0 0 0 0 1</matrix>
        <instance_geometry url="#shelf_2_mesh-mesh" name="shelf_2">
          <bind_material>
            <technique_common>
              <instance_material symbol="Material-material" target="#Material-material">
                <bind_vertex_input semantic="UVMap" input_semantic="TEXCOORD" input_set="0"/>
              </instance_material>
            </technique_common>
          </bind_material>
        </instance_geometry>
      </node>
    </visual_scene>
  </library_visual_scenes>
  <scene>
    <instance_visual_scene url="#Scene"/>
  </scene>
</COLLADA>