# Blender 4.2.1 LTS
# www.blender.org
mtllib car_wreck_1.mtl
g barrel_damaged_Mesh
v 0.565368 1.101742 2.038417
v 0.696183 0.668872 2.280172
v 0.688716 0.631049 2.154404
v 0.569137 1.026738 1.933415
v 0.667792 0.650138 2.025947
v 0.583300 0.929726 1.869799
v 0.688716 0.756114 2.378338
v 0.569137 1.151803 2.157349
v 0.667792 0.875498 2.429460
v 0.583300 1.155086 2.273313
v -0.181970 1.029459 2.078787
v -0.181970 0.574779 2.332722
v -0.181970 0.947032 1.977931
v -0.181970 0.537802 2.206483
v -0.181970 1.072097 2.201864
v -0.181970 0.662867 2.430416
v -0.181970 1.073776 2.318724
v -0.181969 0.784620 2.480216
v -0.181970 0.848416 1.915210
v -0.181970 0.559260 2.076701
v -0.181969 0.915923 2.472256
v 0.654993 0.825374 2.240220
v -0.181969 1.030768 2.408116
v 0.650168 0.841340 2.231304
v -0.181970 0.749749 1.904942
v 0.650168 0.800937 2.158961
v -0.181970 0.634903 1.969083
v 0.654993 0.784971 2.167877
v -0.194181 0.574779 2.332722
v -0.202858 0.568861 2.336028
v 0.718110 0.667801 2.280769
v 0.707991 0.671592 2.278653
v -0.202858 0.658969 2.435962
v -0.194181 0.662867 2.430416
v 0.700524 0.758835 2.376819
v 0.710471 0.757045 2.381187
v -0.202857 0.783514 2.486904
v -0.194181 0.784620 2.480216
v 0.679600 0.878218 2.427942
v 0.689068 0.879166 2.433482
v -0.202857 0.917828 2.478762
v -0.194181 0.915923 2.472256
v 0.649365 1.006096 2.421895
v 0.658139 1.009978 2.427297
v -0.202857 1.035308 2.413151
v -0.194181 1.030768 2.408116
v 0.615807 1.117142 2.359876
v 0.623811 1.123571 2.363856
v -0.202858 1.080050 2.321291
v -0.194181 1.073776 2.318724
v 0.595108 1.157805 2.271794
v 0.602419 1.165891 2.273350
v -0.202858 1.078864 2.201454
v -0.194181 1.072097 2.201864
v 0.580945 1.154524 2.155830
v 0.587776 1.163046 2.154438
v -0.202858 1.035377 2.075482
v -0.194181 1.029459 2.078787
v 0.577176 1.104462 2.036898
v 0.583836 1.112117 2.032622
v -0.202858 0.950930 1.972384
v -0.194181 0.947032 1.977931
v 0.580945 1.029459 1.931896
v 0.587776 1.035112 1.925369
v -0.202858 0.849522 1.908522
v -0.194181 0.848416 1.915210
v 0.595108 0.932446 1.868280
v 0.602418 0.935362 1.860580
v -0.202858 0.747844 1.898436
v -0.194181 0.749749 1.904942
v 0.615806 0.836124 1.856702
v 0.623811 0.836107 1.849142
v -0.202858 0.630363 1.964048
v -0.194181 0.634903 1.969083
v 0.649365 0.725077 1.918721
v 0.658139 0.722514 1.912583
v -0.202858 0.552985 2.074135
v -0.194181 0.559260 2.076701
v 0.679600 0.652858 2.024427
v 0.689068 0.648638 2.020714
v -0.202858 0.531035 2.206893
v -0.194181 0.537802 2.206483
v 0.700524 0.633770 2.152886
v 0.710471 0.629112 2.152118
v -0.166469 0.543443 2.350223
v 0.690352 0.635121 2.299021
v 0.681978 0.732957 2.409108
v -0.166469 0.642228 2.459780
v 0.658514 0.866837 2.466439
v -0.166469 0.778765 2.515626
v 0.624607 1.010244 2.459657
v -0.166469 0.926011 2.506701
v 0.586973 1.134774 2.390108
v -0.166469 1.054804 2.434772
v 0.562603 1.184207 2.289190
v -0.166469 1.106995 2.332312
v 0.545900 1.183243 2.157627
v -0.166469 1.107923 2.199693
v 0.541224 1.117676 2.029517
v -0.166469 1.060794 2.061286
v 0.545899 1.042991 1.906502
v -0.166469 0.967672 1.948567
v 0.562603 0.931481 1.836677
v -0.166469 0.854271 1.879800
v 0.586973 0.819631 1.825835
v -0.166469 0.739660 1.870498
v 0.624607 0.695101 1.895384
v -0.166469 0.610869 1.942427
v 0.658514 0.614112 2.013926
v -0.166469 0.526040 2.063114
v 0.681978 0.592705 2.157983
v -0.166469 0.501976 2.208654
v 0.702628 0.578938 2.156691
v 0.035946 0.547352 2.348039
v 0.718111 0.583740 2.154608
v 0.449036 0.583601 2.327795
v 0.440776 0.680108 2.436386
v 0.497008 0.693061 2.429151
v 0.033621 0.644721 2.456148
v 0.091628 0.648367 2.454112
v 0.417630 0.812167 2.492936
v 0.473863 0.825121 2.485702
v 0.027108 0.779198 2.511350
v 0.085115 0.782844 2.509314
v 0.384184 0.953625 2.486248
v 0.440417 0.966578 2.479013
v 0.017696 0.924148 2.502711
v 0.075702 0.927794 2.500675
v 0.334345 1.071213 2.408243
v 0.390577 1.084166 2.401009
v -0.005469 1.045612 2.422542
v 0.052538 1.049257 2.420506
v 0.323153 1.124794 2.318337
v 0.379386 1.137748 2.311102
v 0.000520 1.101689 2.331240
v 0.058527 1.105335 2.329205
v 0.306768 1.123539 2.188732
v 0.363001 1.136493 2.181498
v -0.004091 1.102146 2.200680
v 0.053916 1.105791 2.198644
v 0.315754 1.041699 2.112040
v 0.371987 1.054652 2.104806
v -0.001562 0.995364 2.081537
v 0.056445 0.999010 2.079501
v 0.306768 0.985194 1.941020
v 0.363001 0.998148 1.933785
v -0.016619 0.954126 1.935646
v 0.041388 0.957771 1.933610
v 0.313763 0.875504 1.871975
v 0.369996 0.888458 1.864740
v 0.000520 0.852399 1.884878
v 0.058527 0.856045 1.882843
v 0.347062 0.765603 1.861039
v 0.403295 0.778557 1.853805
v 0.007248 0.740002 1.875338
v 0.065256 0.743647 1.873302
v 0.384184 0.642765 1.929644
v 0.440417 0.655719 1.922409
v 0.017696 0.613288 1.946106
v 0.075702 0.616934 1.944070
v 0.417630 0.562877 2.046575
v 0.473863 0.575831 2.039340
v 0.027108 0.529909 2.064988
v 0.085115 0.533554 2.062952
v 0.440775 0.541762 2.188673
v 0.497008 0.554715 2.181439
v 0.033621 0.506376 2.208436
v 0.091628 0.510021 2.206400
v 0.677884 0.601511 2.004781
v 0.093953 0.550998 2.346004
v 0.693453 0.606236 2.003222
v 0.642129 0.686916 1.879775
v 0.657821 0.691346 1.878648
v 0.505268 0.596554 2.320561
v 0.602444 0.818236 1.806435
v 0.618273 0.822213 1.805560
v 0.576225 0.937904 1.816908
v 0.592177 0.941359 1.816058
v 0.558242 1.056713 1.889858
v 0.574280 1.059680 1.888799
v 0.553110 1.136732 2.018875
v 0.569178 1.139344 2.017416
v 0.558242 1.204611 2.154674
v 0.574280 1.207069 2.152702
v 0.576225 1.204407 2.294091
v 0.592178 1.206944 2.291595
v 0.602444 1.150559 2.401472
v 0.618273 1.153390 2.398544
v 0.642130 1.019240 2.474813
v 0.657821 1.022524 2.471632
v 0.677885 0.868015 2.481964
v 0.693453 0.871820 2.478758
v 0.702628 0.726836 2.421508
v 0.718111 0.731128 2.418511
v 0.726912 0.628314 2.302824
v 0.711459 0.623666 2.305419
v -0.183530 0.527666 2.359035
v -0.199829 0.528719 2.358447
v -0.199829 0.485142 2.209675
v -0.183530 0.483938 2.209748
v -0.199829 0.510430 2.056729
v -0.183530 0.509314 2.056272
v -0.199829 0.599575 1.929901
v -0.183530 0.598767 1.929006
v -0.199830 0.734920 1.854312
v -0.183530 0.734581 1.853155
v -0.199830 0.857021 1.863160
v -0.183530 0.857218 1.861970
v -0.199829 0.977370 1.934769
v -0.183530 0.978063 1.933783
v -0.199829 1.075518 2.053062
v -0.183530 1.076572 2.052474
v -0.199829 1.124757 2.198672
v -0.183530 1.125961 2.198599
v -0.199829 1.122606 2.338697
v -0.183530 1.123722 2.339153
v -0.199829 1.066098 2.447297
v -0.183529 1.066905 2.448193
v -0.199829 0.930753 2.522886
v -0.183529 0.931091 2.524044
v -0.199829 0.776014 2.532266
v -0.183529 0.775817 2.533455
v -0.199829 0.632530 2.473578
v -0.183530 0.631837 2.474565
v -0.215275 0.534050 2.355469
v -0.215275 0.636041 2.468582
v 0.731642 0.737921 2.411682
v 0.740288 0.636909 2.298023
v 0.694007 0.623027 2.305775
v -0.166469 0.633990 2.471500
v -0.215275 0.777010 2.526241
v 0.707416 0.876146 2.470874
v -0.166469 0.776428 2.529760
v -0.215275 0.929036 2.517025
v 0.672409 1.024208 2.463872
v -0.166469 0.930039 2.520448
v -0.215275 1.062008 2.442761
v 0.633554 1.152780 2.392066
v -0.166469 1.064396 2.445411
v -0.215275 1.116953 2.336385
v 0.608083 1.204841 2.287300
v -0.166469 1.120254 2.337735
v -0.215275 1.118662 2.199042
v 0.590618 1.204572 2.151061
v -0.166469 1.122222 2.198826
v -0.215275 1.070187 2.056040
v 0.585671 1.137630 2.018374
v -0.166469 1.073301 2.054301
v -0.215275 0.973858 1.939765
v 0.590618 1.059768 1.891785
v -0.166469 0.975909 1.936847
v -0.215275 0.856026 1.869185
v 0.608083 0.943914 1.820100
v -0.166469 0.856607 1.865666
v -0.215275 0.736636 1.860173
v 0.633554 0.827409 1.809477
v -0.166469 0.735634 1.856750
v -0.215275 0.603664 1.934437
v 0.672409 0.698836 1.881284
v -0.166469 0.601275 1.931788
v -0.215275 0.516082 2.059041
v 0.707416 0.615219 2.003674
v -0.166469 0.512781 2.057690
v -0.215275 0.491238 2.209305
v 0.731642 0.593118 2.152406
v -0.166469 0.487678 2.209521
v -0.221664 0.568861 2.336028
v -0.221664 0.658969 2.435962
v 0.728655 0.761234 2.378848
v 0.736294 0.671990 2.278430
v -0.221664 0.783514 2.486904
v 0.707252 0.883355 2.431143
v -0.221664 0.917828 2.478762
v 0.676323 1.014167 2.424957
v -0.221664 1.035308 2.413151
v 0.641995 1.127760 2.361516
v -0.221664 1.080050 2.321291
v 0.620603 1.170079 2.271010
v -0.221664 1.078864 2.201454
v 0.605960 1.167235 2.152099
v -0.221664 1.035377 2.075482
v 0.602020 1.105394 2.036377
v -0.221664 0.950930 1.972384
v 0.605960 1.039301 1.923030
v -0.221664 0.849522 1.908522
v 0.620603 0.939550 1.858241
v -0.221664 0.747844 1.898436
v 0.641995 0.840296 1.846803
v -0.221664 0.630363 1.964048
v 0.676323 0.726703 1.910243
v -0.221664 0.552985 2.074135
v 0.707252 0.652827 2.018374
v -0.221664 0.531035 2.206893
v 0.728655 0.633300 2.149779
v -0.166469 0.530936 2.357208
v 0.685270 0.725092 2.420620
v 0.660792 0.864758 2.480428
v 0.625420 1.014363 2.473354
v 0.586160 1.144275 2.400799
v 0.560324 1.197208 2.294757
v 0.542607 1.197169 2.156969
v 0.537569 1.129770 2.022763
v 0.542607 1.050856 1.894990
v 0.560324 0.933560 1.822688
v 0.586160 0.815512 1.812138
v 0.625420 0.685600 1.884693
v 0.660792 0.601111 2.008359
v 0.685270 0.578779 2.158641
v 0.051488 0.484865 2.209204
v 0.077311 0.486488 2.208298
v 0.092542 0.495945 2.207239
v 0.094967 0.538693 2.352876
v 0.079796 0.530300 2.357563
v 0.053973 0.528677 2.358470
v 0.036960 0.535047 2.354912
v 0.034535 0.492300 2.209275
v 0.461275 0.523286 2.187746
v 0.486309 0.529053 2.184525
v 0.500256 0.540978 2.182089
v 0.508874 0.584625 2.327223
v 0.495141 0.573787 2.333276
v 0.470107 0.568021 2.336496
v 0.452641 0.571671 2.334458
v 0.444023 0.528025 2.189323
v 0.044523 0.510026 2.055827
v 0.070347 0.511649 2.054921
v 0.085747 0.520495 2.057591
v 0.027740 0.516849 2.059627
v 0.436528 0.545864 2.035812
v 0.461561 0.551630 2.032591
v 0.476111 0.563006 2.033849
v 0.419878 0.550053 2.041083
v 0.034460 0.599177 1.928718
v 0.060283 0.600799 1.927811
v 0.075928 0.607478 1.933572
v 0.017921 0.603833 1.935607
v 0.400767 0.631281 1.910788
v 0.425801 0.637048 1.907567
v 0.441219 0.646348 1.911864
v 0.384986 0.633394 1.919098
v 0.023290 0.734660 1.853051
v 0.049113 0.736283 1.852144
v 0.065030 0.739668 1.859745
v 0.007023 0.736023 1.861780
v 0.361075 0.762620 1.837435
v 0.386109 0.768387 1.834215
v 0.402493 0.774493 1.840295
v 0.346260 0.761540 1.847529
v 0.015910 0.857090 1.861994
v 0.041733 0.858713 1.861088
v 0.057894 0.858330 1.868912
v -0.000112 0.854685 1.870948
v 0.325462 0.882312 1.847907
v 0.350495 0.888079 1.844687
v 0.367748 0.890508 1.850941
v 0.311515 0.877555 1.858175
v -0.001680 0.968123 1.916582
v 0.024144 0.969746 1.915676
v 0.040474 0.965868 1.922065
v -0.017533 0.962223 1.924101
v 0.316865 1.001143 1.920866
v 0.341899 1.006909 1.917646
v 0.359753 1.005906 1.922430
v 0.303520 0.992952 1.929664
v 0.013216 1.016102 2.069955
v 0.039039 1.017724 2.069049
v 0.055431 1.011315 2.072628
v -0.002576 1.007670 2.074665
v 0.325279 1.064326 2.099403
v 0.350313 1.070093 2.096182
v 0.368382 1.066581 2.098144
v 0.312149 1.053627 2.105378
v 0.010848 1.125719 2.198761
v 0.036672 1.127342 2.197855
v 0.053002 1.119867 2.197806
v -0.005005 1.116222 2.199841
v 0.316865 1.149063 2.185723
v 0.341899 1.154830 2.182503
v 0.359753 1.150230 2.180848
v 0.303520 1.137277 2.188082
v 0.015910 1.123634 2.339250
v 0.041733 1.125257 2.338343
v 0.057895 1.118394 2.334565
v -0.000112 1.114749 2.336601
v 0.334851 1.148857 2.325163
v 0.359885 1.154623 2.321943
v 0.377138 1.150572 2.316594
v 0.320905 1.137619 2.323828
v 0.010572 1.061785 2.438779
v 0.036396 1.063408 2.437872
v 0.052312 1.058712 2.431004
v -0.005695 1.055067 2.433040
v 0.348358 1.089746 2.423163
v 0.373392 1.095512 2.419943
v 0.389775 1.093538 2.411554
v 0.333542 1.080584 2.418789
v 0.034460 0.931551 2.523846
v 0.060283 0.933174 2.522939
v 0.075928 0.931773 2.514232
v 0.017921 0.928127 2.516268
v 0.400767 0.963656 2.505916
v 0.425801 0.969423 2.502695
v 0.441219 0.970641 2.492523
v 0.384987 0.957688 2.499758
v 0.044523 0.776569 2.533083
v 0.070347 0.778192 2.532176
v 0.085747 0.780559 2.523244
v 0.027740 0.776913 2.525280
v 0.436528 0.812407 2.513068
v 0.461561 0.818174 2.509847
v 0.476111 0.823070 2.499501
v 0.419878 0.810117 2.506736
v 0.051488 0.632786 2.474061
v 0.077311 0.634408 2.473155
v 0.092542 0.640270 2.465657
v 0.034535 0.636624 2.467693
v 0.461275 0.671207 2.452603
v 0.486309 0.676973 2.449382
v 0.500256 0.685302 2.440506
v 0.444023 0.672349 2.447741
v 0.602261 0.625548 2.304368
v 0.594187 0.719881 2.410512
v 0.594187 0.584652 2.168380
v 0.571563 0.848965 2.465788
v 0.538871 0.987236 2.459251
v 0.502585 1.107306 2.392192
v 0.479429 1.153838 2.295520
v 0.463566 1.152108 2.169116
v 0.483775 1.103709 2.065169
v 0.457910 1.003184 1.916785
v 0.479429 0.910164 1.859214
v 0.502585 0.803450 1.848128
v 0.538871 0.683380 1.915186
v 0.571563 0.605292 2.029483
v 0.267777 0.565442 2.337937
v 0.263562 0.660442 2.443707
v 0.263562 0.525214 2.201576
v 0.251754 0.791400 2.497939
v 0.234691 0.932376 2.489889
v 0.215752 1.055449 2.421154
v 0.203666 1.103897 2.323411
v 0.195386 1.103480 2.196274
v 0.201834 1.000640 2.110566
v 0.195386 0.957380 1.934676
v 0.203666 0.860224 1.887105
v 0.215752 0.751593 1.877090
v 0.234691 0.628520 1.945825
v 0.251754 0.547726 2.061633
v -0.065458 0.547428 2.347997
v -0.067730 0.642604 2.453670
v -0.067730 0.507375 2.211539
v -0.074097 0.774051 2.507628
v -0.083297 0.915735 2.499184
v -0.093509 1.039593 2.430009
v -0.100025 1.088542 2.331986
v -0.104489 1.088469 2.204658
v -0.105115 1.023561 2.070606
v -0.104489 0.953239 1.962527
v -0.100026 0.844869 1.895681
v -0.093509 0.735738 1.885946
v -0.083298 0.611879 1.955120
v -0.074097 0.530377 2.071323
v 0.662348 0.789824 2.233739
v 0.663422 0.777281 2.219625
v 0.659340 0.806989 2.241089
v 0.637558 1.003377 2.423414
v 0.603999 1.114422 2.361396
v 0.645821 0.851723 2.216106
v 0.642812 0.854467 2.197637
v 0.641739 0.849029 2.179555
v 0.642812 0.836487 2.165441
v 0.645821 0.819322 2.158091
v 0.603999 0.833403 1.858221
v 0.637557 0.722358 1.920240
v 0.659340 0.774588 2.183075
v 0.662348 0.771844 2.201544
v 0.663278 0.853991 2.176784
v 0.684961 0.782243 2.216855
v 0.683887 0.776805 2.198773
v 0.664352 0.841448 2.162670
v 0.680879 0.779550 2.180304
v 0.669738 0.822115 2.169919
v 0.683887 0.794787 2.230968
v 0.664352 0.859429 2.194866
v 0.678501 0.814120 2.223720
v 0.667360 0.856685 2.213335
v 0.675684 0.826037 2.223156
v 0.672556 0.836387 2.217377
v 0.672556 0.810197 2.170482
v 0.675684 0.799847 2.176262
v 0.680451 0.802994 2.218956
v 0.681147 0.794863 2.209807
v 0.680879 0.811950 2.238318
v 0.676532 0.830336 2.237449
v 0.671707 0.846301 2.228533
v 0.669738 0.843118 2.207525
v 0.667788 0.844897 2.195553
v 0.667092 0.841371 2.183832
v 0.667788 0.833240 2.174683
v 0.667360 0.824284 2.155320
v 0.671707 0.805899 2.156190
v 0.676532 0.789933 2.165106
v 0.678501 0.793117 2.186114
v 0.680451 0.791338 2.198086
v 0.655868 0.838786 2.185276
v 0.669923 0.792278 2.211251
v 0.669227 0.788752 2.199530
v 0.656564 0.830655 2.176127
v 0.667277 0.790531 2.187557
v 0.658514 0.819529 2.171363
v 0.669227 0.800408 2.220399
v 0.656564 0.842311 2.196997
v 0.667277 0.811534 2.225164
v 0.658514 0.840532 2.208969
v 0.664459 0.823452 2.224601
v 0.661332 0.833801 2.218821
v 0.661332 0.807612 2.171926
v 0.664459 0.797262 2.177706
vn -0.0719 -0.9572 0.2804
vn -0.3597 -0.8954 0.2623
vn -0.0720 -0.9840 -0.1627
vn -0.3597 -0.9206 -0.1522
vn -0.0719 -0.8160 -0.5736
vn -0.3597 -0.7634 -0.5366
vn -0.0720 -0.4863 -0.8708
vn -0.3597 -0.4550 -0.8146
vn -0.0735 0.0721 -0.9947
vn -0.3664 0.0700 -0.9278
vn -0.0736 0.5100 -0.8570
vn -0.3668 0.4780 -0.7981
vn -0.0000 -0.0605 -0.9982
vn -0.0726 0.7676 -0.6369
vn -0.3624 0.7177 -0.5946
vn 0.2245 -0.5112 0.8296
vn -0.0726 0.9448 -0.3195
vn -0.3624 0.8827 -0.2992
vn -0.0736 0.9972 0.0153
vn -0.3668 0.9302 0.0116
vn -0.0735 0.8847 0.4603
vn -0.3664 0.8267 0.4270
vn -0.0719 0.4863 0.8708
vn -0.0000 0.7427 -0.6697
vn -0.3597 0.4550 0.8146
vn -0.0719 0.0603 0.9956
vn -0.2488 0.9315 -0.2654
vn -0.0000 0.3786 -0.9256
vn -0.3597 0.0565 0.9314
vn -0.1994 0.3560 -0.9130
vn -0.1107 -0.0730 -0.9912
vn -0.0000 -0.4876 -0.8731
vn -0.0000 -0.9011 -0.4335
vn 0.1468 -0.8845 -0.4428
vn -0.0000 -0.9999 0.0144
vn 0.2246 -0.9745 0.0001
vn -0.0000 -0.9449 0.3273
vn 0.2534 -0.8944 0.3685
vn -0.0000 -0.7743 0.6328
vn 0.2535 -0.7828 0.5683
vn -0.0720 -0.3776 0.9232
vn -0.0000 -0.5367 0.8438
vn -0.0000 -0.1035 0.9946
vn 0.1468 -0.0869 0.9853
vn -0.0000 0.4876 0.8731
vn -0.0000 0.8181 0.5750
vn -0.1107 0.8056 0.5820
vn -0.0000 0.9866 0.1631
vn -0.1995 0.9640 0.1758
vn -0.3597 -0.3532 0.8636
vn -0.2487 0.7145 -0.6539
vn -0.1107 0.8056 0.5821
vn -1.0000 -0.0000 -0.0000
vn 0.1107 -0.8056 -0.5821
vn -0.0000 0.4876 0.8730
vn 0.1107 0.0731 0.9912
vn -0.0719 -0.7408 0.6679
vn -0.3597 -0.6930 0.6248
vn 0.9481 0.2982 -0.1101
vn -0.9974 -0.0627 0.0350
vn 1.0000 -0.0000 -0.0000
vn 0.9974 0.0627 -0.0350
vn -0.9669 -0.2227 0.1244
vn -0.0000 -0.0987 0.9951
vn 0.9669 0.2227 -0.1244
vn 0.2239 -0.5075 0.8320
vn -0.6059 0.5908 -0.5327
vn 0.3881 0.7033 -0.5956
vn -0.6060 0.3012 -0.7363
vn 0.4272 0.4182 -0.8016
vn -0.6060 -0.0481 -0.7940
vn 0.4978 0.0769 -0.8639
vn -0.6059 -0.3879 -0.6945
vn 0.5859 -0.2529 -0.7699
vn -0.5867 -0.7280 -0.3546
vn 0.7104 -0.5605 -0.4257
vn -0.5844 -0.8114 0.0080
vn 0.7719 -0.6312 -0.0764
vn -0.6013 -0.7553 0.2607
vn 0.7931 -0.5700 0.2148
vn -0.6097 -0.6137 0.5016
vn 0.7783 -0.4962 0.3848
vn -0.6153 -0.4231 0.6652
vn 0.7468 -0.2817 0.6024
vn -0.6150 -0.0816 0.7843
vn 0.6853 0.0641 0.7254
vn -0.6059 0.3879 0.6945
vn 0.5859 0.5228 0.6191
vn -0.6059 0.6508 0.4574
vn 0.4979 0.7758 0.3876
vn -0.6060 0.7848 0.1298
vn 0.4272 0.9018 0.0644
vn -0.6060 0.7634 -0.2236
vn 0.3881 0.8760 -0.2865
vn -0.0000 0.9597 -0.2811
vn 0.1094 -0.7373 0.6666
vn 0.1205 -0.7375 0.6646
vn 0.0716 -0.3820 0.9214
vn -0.0147 -0.9868 -0.1612
vn 0.0749 -0.9835 -0.1645
vn -0.0000 0.7427 -0.6696
vn 0.0716 -0.9848 -0.1580
vn -0.0396 -0.8195 -0.5717
vn 0.0159 -0.8189 -0.5737
vn -0.0164 -0.8278 -0.5608
vn -0.0707 -0.4908 -0.8684
vn -0.0535 -0.4932 -0.8683
vn -0.1261 -0.5125 -0.8494
vn -0.1125 0.0816 -0.9903
vn -0.1459 0.0747 -0.9865
vn -0.2711 0.0411 -0.9617
vn -0.2580 0.4995 -0.8270
vn -0.1805 0.4201 -0.8894
vn -0.3379 0.4376 -0.8333
vn 0.2749 0.8066 -0.5232
vn -0.2240 0.9483 -0.2250
vn -0.4610 0.7699 -0.4412
vn -0.1385 0.8916 -0.4311
vn -0.2128 0.6176 -0.7571
vn -0.0000 -0.5329 0.8462
vn -0.3701 0.8126 -0.4503
vn -0.1348 0.9909 0.0042
vn -0.1767 0.9842 0.0083
vn -0.3497 0.9363 0.0311
vn -0.0231 0.8938 0.4479
vn -0.0694 0.8904 0.4499
vn -0.2711 0.8403 0.4694
vn 0.0404 0.4897 0.8709
vn 0.0295 0.4908 0.8707
vn -0.1261 0.4544 0.8818
vn -0.0396 0.0569 0.9976
vn 0.0159 0.0589 0.9981
vn -0.0164 0.0434 0.9989
vn -0.0147 -0.3803 0.9247
vn 0.0749 -0.3758 0.9237
vn -0.3882 -0.7553 0.5280
vn -0.0008 -0.9595 0.2816
vn 0.1094 -0.9543 0.2781
vn 0.1205 -0.9526 0.2793
vn -0.0000 -0.7736 0.6337
vn -0.9429 -0.2814 0.1783
vn 0.9431 0.2987 -0.1458
vn 0.2550 -0.8564 0.4490
vn -0.9875 -0.1269 0.0930
vn 0.9877 0.1450 -0.0590
vn -0.0000 -0.9453 0.3263
vn -0.9837 -0.1791 0.0157
vn 0.9891 0.1389 -0.0482
vn 0.2239 -0.9746 -0.0043
vn -0.9970 -0.0171 -0.0759
vn 0.9988 -0.0239 0.0430
vn -0.0000 -1.0000 0.0099
vn -0.2487 0.9315 -0.2654
vn -0.0008 -0.7431 0.6692
vn 0.1458 -0.8825 -0.4471
vn -0.1995 0.9640 0.1757
vn -0.0000 -0.8990 -0.4379
vn 0.9669 0.2228 -0.1244
vn -0.9955 0.0200 0.0929
vn 0.9939 0.0213 -0.1086
vn -0.9667 -0.2119 0.1437
vn -0.9788 -0.1525 0.1368
vn -0.9641 -0.2412 0.1110
vn 0.9723 0.1658 -0.1649
vn -0.9856 -0.1682 0.0172
vn 0.9879 0.1522 0.0285
vn 0.1458 -0.0822 0.9859
vn -0.9441 -0.2960 0.1451
vn 0.5799 -0.5866 0.5654
vn 0.5339 -0.2521 0.8071
vn 0.4511 0.1483 0.8801
vn 0.3478 0.5351 0.7699
vn 0.2044 0.8943 0.3979
vn 0.1269 0.9918 -0.0155
vn 0.0908 0.8891 -0.4485
vn 0.0908 0.8482 -0.5218
vn 0.1269 0.5333 -0.8363
vn 0.2044 0.1303 -0.9702
vn 0.3478 -0.3749 -0.8594
vn 0.4510 -0.6716 -0.5878
vn 0.5339 -0.8194 -0.2087
vn 0.5799 -0.7891 0.2029
vn -0.9868 -0.0614 0.1501
vn 0.9142 0.3632 -0.1800
vn 0.9944 0.1039 -0.0167
vn -0.9865 0.1262 -0.1045
vn 0.9944 0.0687 -0.0797
vn -0.9868 -0.1556 0.0456
vn 0.9048 0.3657 -0.2182
vn -0.9870 0.1519 -0.0524
vn 0.9865 0.0634 -0.1512
vn 0.9865 0.1620 0.0253
vn -0.9855 0.0872 -0.1456
vn -0.9868 -0.1204 0.1086
vn 0.9192 0.3003 -0.2546
vn -0.9868 0.0098 0.1619
vn -0.9857 0.0127 -0.1683
vn 0.9721 0.2316 0.0380
vn 0.9316 0.2329 -0.2791
vn -0.9868 0.0791 0.1416
vn -0.9868 -0.0791 -0.1416
vn 0.9541 0.2989 0.0188
vn 0.9541 0.1407 -0.2643
vn -0.9874 0.1425 0.0694
vn -0.9868 -0.1327 -0.0933
vn 0.9293 0.3668 -0.0436
vn 0.9721 0.0891 -0.2171
vn -0.9874 0.1584 -0.0016
vn -0.9868 -0.1600 -0.0265
vn 0.9153 0.3850 -0.1181
vn 0.2094 -0.9384 0.2749
vn 0.2094 -0.9647 -0.1595
vn 0.2093 -0.8000 -0.5623
vn 0.2093 -0.4768 -0.8537
vn 0.2015 0.0702 -0.9770
vn 0.2004 0.5005 -0.8422
vn 0.2073 0.7528 -0.6248
vn 0.2073 0.9268 -0.3132
vn 0.2004 0.9796 0.0156
vn 0.2015 0.8686 0.4526
vn 0.2093 0.4768 0.8537
vn 0.2093 0.0592 0.9761
vn 0.2093 -0.3702 0.9051
vn 0.2093 -0.7262 0.6548
vn 0.0700 -0.9575 0.2799
vn 0.2487 -0.9315 0.2654
vn 0.0561 -0.9848 -0.1641
vn 0.1994 -0.9640 -0.1757
vn 0.0311 -0.8171 -0.5756
vn 0.1107 -0.8056 -0.5820
vn -0.0394 0.0704 -0.9967
vn -0.1378 0.0456 -0.9894
vn -0.0588 0.4329 -0.8995
vn -0.2226 0.4984 -0.8379
vn -0.0702 0.9540 -0.2916
vn -0.2512 0.9161 -0.3124
vn -0.0704 0.7590 -0.6472
vn -0.2455 0.6797 -0.6912
vn -0.0622 0.9979 0.0171
vn -0.2207 0.9749 0.0299
vn -0.0349 0.8497 0.5261
vn -0.1263 0.8416 0.5251
vn -0.0049 0.5462 0.8376
vn -0.0173 0.5436 0.8392
vn 0.0312 0.0615 0.9976
vn 0.1107 0.0730 0.9912
vn 0.0561 -0.3768 0.9246
vn 0.1994 -0.3560 0.9130
vn 0.0700 -0.7405 0.6684
vn 0.2487 -0.7145 0.6539
vn 0.5247 -0.8191 0.2317
vn -0.3863 -0.8833 0.2657
vn 0.6572 -0.7317 0.1810
vn -0.2283 -0.9285 0.2928
vn 0.5125 -0.8434 -0.1616
vn -0.3986 -0.9077 -0.1308
vn 0.6132 -0.7607 -0.2129
vn -0.2719 -0.9573 -0.0980
vn 0.4903 -0.6948 -0.5261
vn -0.4210 -0.7580 -0.4983
vn 0.5339 -0.6192 -0.5758
vn -0.3505 -0.8170 -0.4579
vn 0.4627 -0.4029 -0.7897
vn -0.4488 -0.4637 -0.7639
vn 0.4351 -0.3352 -0.8357
vn -0.4486 -0.5353 -0.7157
vn 0.4133 0.0911 -0.9060
vn -0.4918 0.0376 -0.8699
vn 0.2857 0.1721 -0.9427
vn -0.5689 -0.0954 -0.8169
vn 0.3962 0.4576 -0.7960
vn -0.5002 0.3172 -0.8057
vn 0.2249 0.5216 -0.8230
vn -0.6579 0.3632 -0.6598
vn 0.3330 0.8902 -0.3108
vn -0.5075 0.8375 -0.2024
vn 0.1424 0.9310 -0.3362
vn -0.6734 0.7083 -0.2115
vn 0.4020 0.6956 -0.5954
vn -0.4458 0.6776 -0.5849
vn 0.2100 0.6983 -0.6843
vn -0.5887 0.5474 -0.5948
vn 0.4162 0.9093 -0.0051
vn -0.4886 0.8720 0.0305
vn 0.2464 0.9686 -0.0340
vn -0.6301 0.7721 0.0824
vn 0.4352 0.7541 0.4919
vn -0.4714 0.7619 0.4442
vn 0.3344 0.8269 0.4522
vn -0.5595 0.6755 0.4802
vn 0.4626 0.5427 0.7010
vn -0.4482 0.4298 0.7839
vn 0.4172 0.6135 0.6705
vn -0.4525 0.3502 0.8201
vn 0.4903 0.0835 0.8675
vn -0.4210 0.0267 0.9067
vn 0.5339 0.1655 0.8292
vn -0.3505 -0.0386 0.9358
vn 0.5125 -0.3047 0.8028
vn -0.3987 -0.3647 0.8415
vn 0.6132 -0.2177 0.7593
vn -0.2719 -0.4187 0.8665
vn 0.5247 -0.6269 0.5759
vn -0.3863 -0.6895 0.6127
vn 0.6572 -0.5379 0.5280
vn -0.2282 -0.7363 0.6370
vn 0.0409 -0.9575 0.2855
vn 0.3176 -0.9131 0.2557
vn -0.0074 -0.9893 -0.1458
vn 0.2685 -0.9455 -0.1842
vn -0.0941 -0.8344 -0.5431
vn 0.1800 -0.7875 -0.5895
vn -0.2024 -0.5234 -0.8277
vn 0.0696 -0.4703 -0.8798
vn -0.3437 0.0087 -0.9390
vn -0.0729 0.0711 -0.9948
vn -0.4226 0.4284 -0.7986
vn -0.1537 0.5000 -0.8523
vn -0.4559 0.7491 -0.4806
vn -0.1828 0.8322 -0.5234
vn -0.4559 0.8021 -0.3857
vn -0.1828 0.8821 -0.4340
vn -0.4226 0.9047 0.0541
vn -0.1537 0.9879 0.0213
vn -0.3437 0.8041 0.4851
vn -0.0729 0.8843 0.4612
vn -0.2024 0.4302 0.8798
vn 0.0696 0.5024 0.8619
vn -0.0942 0.0248 0.9952
vn 0.1800 0.0889 0.9797
vn -0.0074 -0.3947 0.9188
vn 0.2685 -0.3390 0.9016
vn 0.0408 -0.7453 0.6655
vn 0.3176 -0.6966 0.6433
vn 0.3158 -0.9136 0.2560
vn 0.1782 0.0885 0.9800
vn -0.0451 0.5389 0.8412
vn -0.1335 0.8439 0.5196
vn -0.1572 0.9875 0.0103
vn -0.1919 0.6598 -0.7266
vn -0.4631 0.8485 -0.2560
vn -0.1775 0.5161 -0.8379
vn -0.0659 0.0790 -0.9947
vn 0.0677 -0.4708 -0.8796
vn 0.1782 -0.7880 -0.5893
vn 0.2667 -0.9460 -0.1840
vn 0.2667 -0.3395 0.9020
vn 0.3158 -0.6972 0.6436
vn 0.0923 -0.9558 0.2790
vn 0.0823 -0.3750 0.9233
vn 0.0657 0.0636 0.9958
vn -0.0241 0.5475 0.8365
vn 0.0294 0.8509 0.5245
vn 0.0164 0.9999 0.0029
vn 0.1327 0.7395 -0.6599
vn 0.0043 0.9622 -0.2724
vn 0.0073 0.4475 -0.8942
vn 0.0268 0.0861 -0.9959
vn 0.0475 -0.4841 -0.8737
vn 0.0657 -0.8145 -0.5765
vn 0.0823 -0.9829 -0.1650
vn 0.0923 -0.7389 0.6675
vn 0.0442 -0.7420 0.6690
vn 0.0442 -0.9587 0.2808
vn 0.0607 -0.3779 0.9239
vn 0.0972 0.0602 0.9934
vn 0.1567 0.4816 0.8623
vn 0.2422 0.8645 0.4404
vn 0.2990 0.9542 0.0067
vn 0.3073 0.9008 -0.3067
vn 0.4917 0.6713 -0.5546
vn 0.2990 0.4948 -0.8160
vn 0.2422 0.0785 -0.9670
vn 0.1567 -0.4816 -0.8623
vn 0.0972 -0.8142 -0.5723
vn 0.0607 -0.9848 -0.1628
vn -0.1107 -0.0731 -0.9912
vn -0.1995 0.3560 -0.9129
vn 0.1995 -0.3560 0.9129
vn 0.1995 -0.9640 -0.1757
vn -0.1994 0.9640 0.1757
vn -0.1995 0.3560 -0.9130
vn 0.1994 -0.3560 0.9129
vn 0.9669 0.2227 -0.1245
vn -0.0000 -0.4876 -0.8730
vn -0.0720 -0.9572 0.2804
vn -0.3597 -0.8955 0.2623
vn -0.0719 -0.9841 -0.1627
vn -0.0720 -0.8160 -0.5735
vn -0.3596 -0.7634 -0.5366
vn -0.3596 -0.4550 -0.8147
vn -0.0692 0.0715 -0.9950
vn -0.3473 0.0678 -0.9353
vn -0.0688 0.5096 -0.8576
vn -0.3455 0.4798 -0.8064
vn -0.0712 0.7675 -0.6370
vn -0.3565 0.7190 -0.5966
vn -0.0712 0.9449 -0.3194
vn -0.3564 0.8851 -0.2993
vn -0.0688 0.9975 0.0159
vn -0.3455 0.9383 0.0144
vn -0.0691 0.8847 0.4610
vn -0.3474 0.8319 0.4328
vn 0.2245 -0.9745 0.0002
vn 0.2535 -0.8944 0.3685
vn 0.2534 -0.7828 0.5683
vn -0.0719 -0.3776 0.9232
vn 0.9441 0.2961 -0.1451
vn -0.6060 0.5908 -0.5327
vn 0.3881 0.7034 -0.5956
vn -0.6060 -0.3879 -0.6945
vn -0.6150 -0.7106 -0.3419
vn 0.6854 -0.5840 -0.4351
vn -0.6153 -0.7882 0.0113
vn 0.7468 -0.6607 -0.0762
vn -0.6097 -0.7489 0.2595
vn 0.7783 -0.5879 0.2206
vn -0.6013 -0.6181 0.5063
vn 0.7931 -0.4818 0.3726
vn -0.5844 -0.4324 0.6866
vn 0.7719 -0.2660 0.5774
vn -0.5867 -0.0799 0.8059
vn 0.7104 0.0685 0.7005
vn -0.6060 0.6508 0.4574
vn 0.4273 0.9018 0.0644
vn 0.1112 -0.7386 0.6649
vn 0.0803 -0.9840 -0.1593
vn 0.0235 -0.8223 -0.5685
vn -0.0463 -0.4977 -0.8661
vn -0.1076 0.0777 -0.9912
vn -0.1274 0.0599 -0.9900
vn -0.2618 0.0365 -0.9644
vn -0.1281 0.4255 -0.8958
vn -0.0834 0.5270 -0.8457
vn -0.3096 0.4709 -0.8261
vn -0.0899 0.9608 -0.2623
vn -0.3221 0.9038 -0.2817
vn -0.4068 0.7739 -0.4853
vn 0.2640 0.7211 -0.6406
vn -0.1689 0.6640 -0.7284
vn -0.4415 0.8052 -0.3960
vn -0.1296 0.9915 0.0080
vn -0.1718 0.9851 0.0122
vn -0.3403 0.9396 0.0363
vn -0.1074 0.8503 0.5152
vn -0.1258 0.8452 0.5194
vn -0.2618 0.8403 0.4748
vn -0.0742 0.5394 0.8387
vn -0.0556 0.5355 0.8427
vn 0.0235 0.0528 0.9983
vn 0.0803 -0.3805 0.9213
vn 0.2550 -0.8314 0.4937
vn -0.0008 -0.9595 0.2817
vn 0.1112 -0.9535 0.2801
vn -0.9431 -0.2987 0.1458
vn 0.9429 0.2814 -0.1783
vn -0.3882 -0.8457 0.3661
vn -0.9877 -0.1451 0.0590
vn 0.9875 0.1269 -0.0930
vn -0.9891 -0.1389 0.0482
vn 0.9837 0.1791 -0.0157
vn 0.2240 -0.9746 -0.0043
vn -0.9988 0.0239 -0.0430
vn 0.9970 0.0171 0.0759
vn 0.1457 -0.8825 -0.4471
vn -0.9939 -0.0213 0.1086
vn 0.9955 -0.0200 -0.0928
vn -0.9641 -0.2210 0.1472
vn -0.9723 -0.1658 0.1648
vn -0.9667 -0.2335 0.1050
vn 0.9788 0.1525 -0.1367
vn -0.9879 -0.1522 -0.0285
vn 0.9856 0.1682 -0.0172
vn -0.9481 -0.2982 0.1101
vn 0.5798 -0.5866 0.5654
vn 0.4510 0.1483 0.8801
vn 0.2233 0.8935 0.3897
vn 0.1490 0.9886 -0.0211
vn 0.1182 0.8848 -0.4508
vn 0.1182 0.8479 -0.5169
vn 0.1489 0.5364 -0.8307
vn 0.2233 0.1368 -0.9651
vn 0.4511 -0.6716 -0.5878
vn 0.9048 0.3776 -0.1969
vn -0.9870 0.1243 -0.1018
vn 0.9142 0.3437 -0.2148
vn -0.9865 0.1552 -0.0526
vn -0.9874 0.0844 -0.1340
vn 0.9153 0.3025 -0.2658
vn -0.9874 0.0156 -0.1578
vn 0.9293 0.2295 -0.2894
vn 0.9541 0.2989 0.0189
vn -0.9857 0.1500 0.0775
vn 0.9316 0.3598 -0.0519
vn -0.9855 0.1697 0.0021
vn 0.9192 0.3743 -0.1221
vn 0.2093 -0.9384 0.2749
vn 0.2093 -0.9648 -0.1595
vn 0.2136 0.0718 -0.9743
vn 0.2139 0.5005 -0.8389
vn 0.2111 0.7524 -0.6239
vn 0.2110 0.9259 -0.3134
vn 0.2139 0.9768 0.0138
vn 0.2136 0.8672 0.4499
vn -0.0621 0.9979 0.0170
vn -0.0350 0.8497 0.5261
vn 0.0311 0.0615 0.9976
vn 0.1995 -0.3560 0.9130
vn -0.2282 -0.9285 0.2928
vn -0.3987 -0.9077 -0.1308
vn 0.4628 -0.4029 -0.7897
vn 0.4350 -0.3352 -0.8357
vn 0.4356 0.0953 -0.8951
vn -0.4702 0.0361 -0.8818
vn 0.3137 0.1750 -0.9333
vn -0.5560 -0.0932 -0.8260
vn 0.4161 0.4534 -0.7882
vn -0.4985 0.3176 -0.8066
vn 0.2479 0.5225 -0.8158
vn -0.6292 0.3731 -0.6818
vn 0.4036 0.8640 -0.3009
vn -0.4336 0.8712 -0.2304
vn 0.2144 0.9200 -0.3282
vn -0.6168 0.7507 -0.2366
vn 0.3287 0.7222 -0.6086
vn -0.5130 0.6436 -0.5680
vn 0.1201 0.7143 -0.6895
vn -0.6598 0.4928 -0.5673
vn 0.3908 0.9205 -0.0004
vn -0.5123 0.8583 0.0276
vn 0.2206 0.9750 -0.0270
vn -0.6517 0.7541 0.0816
vn 0.4348 0.7542 0.4920
vn -0.4899 0.7520 0.4410
vn 0.3318 0.8273 0.4533
vn -0.5783 0.6609 0.4783
vn 0.4438 0.5476 0.7093
vn -0.4528 0.4284 0.7819
vn 0.3997 0.6151 0.6796
vn -0.4569 0.3480 0.8186
vn 0.5339 0.1654 0.8292
vn 0.5124 -0.3047 0.8028
vn -0.3987 -0.3647 0.8414
vn -0.0073 -0.9893 -0.1458
vn -0.0942 -0.8344 -0.5431
vn 0.0695 -0.4703 -0.8798
vn -0.3320 0.0098 -0.9432
vn -0.0687 0.0726 -0.9950
vn -0.4100 0.4314 -0.8036
vn -0.1491 0.5014 -0.8523
vn -0.4419 0.7544 -0.4854
vn -0.1884 0.8316 -0.5225
vn -0.4419 0.8090 -0.3877
vn -0.1884 0.8810 -0.4339
vn -0.4100 0.9105 0.0542
vn -0.1490 0.9886 0.0201
vn -0.3320 0.8082 0.4864
vn -0.0688 0.8852 0.4600
vn 0.0695 0.5024 0.8619
vn -0.0941 0.0248 0.9952
vn 0.1800 0.0889 0.9796
vn -0.0073 -0.3947 0.9188
vn 0.3159 -0.9136 0.2560
vn 0.0677 0.5020 0.8622
vn -0.0738 0.8916 0.4468
vn -0.1527 0.9882 0.0056
vn -0.4874 0.7515 -0.4447
vn -0.1405 0.8309 -0.5384
vn -0.1418 0.4970 -0.8561
vn -0.0784 0.0862 -0.9932
vn 0.0924 -0.9558 0.2791
vn 0.0822 -0.3750 0.9234
vn 0.0647 0.0647 0.9958
vn 0.0448 0.4924 0.8692
vn -0.0357 0.8936 0.4474
vn 0.0097 0.9999 -0.0039
vn -0.0024 0.6401 -0.7683
vn 0.0404 0.9699 -0.2400
vn 0.0137 0.4406 -0.8976
vn 0.0201 0.0940 -0.9954
vn 0.0448 -0.4819 -0.8751
vn 0.0647 -0.8139 -0.5774
vn 0.0822 -0.9829 -0.1650
vn 0.0924 -0.7390 0.6674
vn 0.0440 -0.7419 0.6691
vn 0.0440 -0.9588 0.2807
vn 0.0586 -0.3767 0.9245
vn 0.0894 0.0650 0.9939
vn 0.1384 0.4916 0.8598
vn 0.2112 0.8800 0.4254
vn 0.2675 0.9635 -0.0099
vn 0.5221 0.7667 -0.3737
vn 0.3030 0.7996 -0.5185
vn 0.2675 0.5138 -0.8151
vn 0.2112 0.0994 -0.9724
vn 0.1384 -0.4742 -0.8695
vn 0.0894 -0.8121 -0.5766
vn 0.0586 -0.9847 -0.1642
vn 0.1995 -0.9640 -0.1758
vn 0.2487 -0.9315 0.2653
vn -0.2487 0.9315 -0.2653
vn -0.1106 0.8056 0.5821
vt 0.531069 0.862797
vt 0.526157 0.861646
vt 0.526157 0.862797
vt 0.526157 0.863948
vt 0.531069 0.863948
vt 0.535980 0.862797
vt 0.531069 0.861646
vt 0.535980 0.863948
vt 0.540892 0.862797
vt 0.535980 0.861646
vt 0.540892 0.863948
vt 0.545803 0.861646
vt 0.545803 0.862797
vt 0.545803 0.863948
vt 0.550715 0.861646
vt 0.550715 0.862797
vt 0.550715 0.863948
vt 0.555627 0.861646
vt 0.555627 0.862797
vt 0.555627 0.863948
vt 0.575013 0.861244
vt 0.573195 0.865017
vt 0.560538 0.861646
vt 0.560538 0.862797
vt 0.560538 0.863948
vt 0.558503 0.853187
vt 0.561777 0.850575
vt 0.565450 0.862797
vt 0.565450 0.863948
vt 0.570362 0.862797
vt 0.565450 0.861646
vt 0.570362 0.863948
vt 0.575273 0.862797
vt 0.570362 0.861646
vt 0.575273 0.863948
vt 0.580185 0.862797
vt 0.575273 0.861646
vt 0.569921 0.867628
vt 0.565838 0.868560
vt 0.580185 0.863948
vt 0.585097 0.862797
vt 0.580185 0.861646
vt 0.561777 0.867533
vt 0.565860 0.868465
vt 0.585097 0.863948
vt 0.569943 0.867533
vt 0.573218 0.864921
vt 0.575035 0.861148
vt 0.575013 0.857056
vt 0.575035 0.856960
vt 0.573195 0.853282
vt 0.573218 0.853187
vt 0.569921 0.850671
vt 0.569943 0.850575
vt 0.565838 0.849739
vt 0.565860 0.849643
vt 0.561755 0.850671
vt 0.590008 0.861646
vt 0.590008 0.862797
vt 0.558481 0.853282
vt 0.556663 0.857056
vt 0.556686 0.856960
vt 0.556663 0.861244
vt 0.556686 0.861148
vt 0.558481 0.865017
vt 0.558503 0.864921
vt 0.561755 0.867628
vt 0.590008 0.863948
vt 0.571087 0.862740
vt 0.570029 0.860543
vt 0.560402 0.865179
vt 0.561460 0.867376
vt 0.571087 0.865179
vt 0.560402 0.862740
vt 0.570029 0.867376
vt 0.561460 0.860543
vt 0.554779 0.890976
vt 0.551505 0.905322
vt 0.554779 0.907933
vt 0.594920 0.861646
vt 0.594920 0.862797
vt 0.594920 0.863948
vt 0.553871 0.859422
vt 0.555381 0.859422
vt 0.590008 0.857321
vt 0.594920 0.857321
vt 0.545386 0.901936
vt 0.546896 0.901936
vt 0.570037 0.867727
vt 0.565860 0.868680
vt 0.567456 0.860484
vt 0.568966 0.860484
vt 0.535980 0.850134
vt 0.540892 0.850134
vt 0.558312 0.853148
vt 0.556453 0.857008
vt 0.545803 0.857321
vt 0.550715 0.857321
vt 0.585097 0.853867
vt 0.590008 0.853867
vt 0.543877 0.901936
vt 0.553871 0.860484
vt 0.555381 0.860484
vt 0.567456 0.859422
vt 0.565947 0.859422
vt 0.531069 0.850134
vt 0.561684 0.850381
vt 0.558334 0.853052
vt 0.565838 0.868776
vt 0.570015 0.867823
vt 0.573387 0.865056
vt 0.575223 0.861292
vt 0.573364 0.865152
vt 0.575245 0.861196
vt 0.575223 0.857008
vt 0.575245 0.856912
vt 0.573364 0.853148
vt 0.573387 0.853052
vt 0.570015 0.850477
vt 0.570037 0.850381
vt 0.565838 0.849523
vt 0.565860 0.849428
vt 0.561661 0.850477
vt 0.556475 0.856912
vt 0.556453 0.861292
vt 0.556475 0.861196
vt 0.558334 0.865056
vt 0.558312 0.865152
vt 0.561684 0.867727
vt 0.561661 0.867823
vt 0.542367 0.901936
vt 0.587944 0.895619
vt 0.583032 0.894172
vt 0.583032 0.895619
vt 0.587944 0.892026
vt 0.583032 0.890439
vt 0.583032 0.892026
vt 0.578121 0.892026
vt 0.545803 0.853867
vt 0.540892 0.853867
vt 0.529004 0.899196
vt 0.524093 0.897626
vt 0.524093 0.899196
vt 0.529004 0.894172
vt 0.524093 0.895619
vt 0.529004 0.895619
vt 0.529004 0.890439
vt 0.524093 0.892026
vt 0.529004 0.892026
vt 0.533916 0.897626
vt 0.533916 0.899196
vt 0.533916 0.894172
vt 0.533916 0.895619
vt 0.585097 0.857321
vt 0.533916 0.892026
vt 0.538828 0.897626
vt 0.538828 0.899196
vt 0.538828 0.894172
vt 0.538828 0.895619
vt 0.526157 0.850134
vt 0.538828 0.890439
vt 0.538828 0.892026
vt 0.543739 0.897626
vt 0.543739 0.899196
vt 0.543739 0.894172
vt 0.543739 0.895619
vt 0.552362 0.859422
vt 0.543739 0.890439
vt 0.543739 0.892026
vt 0.548651 0.897626
vt 0.548651 0.899196
vt 0.548651 0.895619
vt 0.565947 0.860484
vt 0.548651 0.892026
vt 0.553562 0.897626
vt 0.553562 0.899196
vt 0.553562 0.895619
vt 0.548651 0.894172
vt 0.540858 0.901936
vt 0.553562 0.890439
vt 0.553562 0.892026
vt 0.558474 0.897626
vt 0.558474 0.899196
vt 0.558474 0.895619
vt 0.553562 0.894172
vt 0.558312 0.853148
vt 0.558474 0.890439
vt 0.558474 0.892026
vt 0.563386 0.899196
vt 0.563386 0.895619
vt 0.558474 0.894172
vt 0.540892 0.857321
vt 0.563386 0.892026
vt 0.568297 0.897626
vt 0.568297 0.899196
vt 0.568297 0.894172
vt 0.568297 0.895619
vt 0.580185 0.853867
vt 0.568297 0.892026
vt 0.563386 0.890439
vt 0.573209 0.899196
vt 0.573209 0.895619
vt 0.552362 0.860484
vt 0.573209 0.892026
vt 0.568297 0.890439
vt 0.578121 0.899196
vt 0.573209 0.897626
vt 0.578121 0.895619
vt 0.573209 0.894172
vt 0.564438 0.859422
vt 0.578121 0.890439
vt 0.583032 0.899196
vt 0.578121 0.897626
vt 0.578121 0.894172
vt 0.519181 0.897626
vt 0.519181 0.899196
vt 0.524093 0.894172
vt 0.519181 0.895619
vt 0.519181 0.890439
vt 0.519181 0.892026
vt 0.535980 0.853867
vt 0.580185 0.857321
vt 0.585097 0.857321
vt 0.550853 0.859422
vt 0.564438 0.860484
vt 0.535980 0.857321
vt 0.575273 0.853867
vt 0.550853 0.860484
vt 0.562928 0.859422
vt 0.531069 0.853867
vt 0.575273 0.857321
vt 0.549343 0.859422
vt 0.562928 0.860484
vt 0.531069 0.857321
vt 0.570362 0.853867
vt 0.549343 0.860484
vt 0.561419 0.859422
vt 0.526157 0.853867
vt 0.570362 0.857321
vt 0.561419 0.860484
vt 0.547834 0.859422
vt 0.565450 0.853867
vt 0.526157 0.857321
vt 0.587944 0.899196
vt 0.583032 0.897626
vt 0.559909 0.859422
vt 0.547834 0.860484
vt 0.570362 0.857321
vt 0.565450 0.857321
vt 0.559909 0.860484
vt 0.590008 0.850134
vt 0.594920 0.850134
vt 0.561990 0.901936
vt 0.560480 0.901936
vt 0.560538 0.853867
vt 0.585097 0.850134
vt 0.558400 0.859422
vt 0.558971 0.901936
vt 0.580185 0.850134
vt 0.560538 0.857321
vt 0.557462 0.901936
vt 0.558400 0.860484
vt 0.575273 0.850134
vt 0.555952 0.901936
vt 0.555627 0.853867
vt 0.570362 0.850134
vt 0.556890 0.859422
vt 0.554443 0.901936
vt 0.565450 0.850134
vt 0.558312 0.865152
vt 0.555627 0.857321
vt 0.552933 0.901936
vt 0.556890 0.860484
vt 0.560538 0.850134
vt 0.551424 0.901936
vt 0.550715 0.853867
vt 0.555627 0.850134
vt 0.549914 0.901936
vt 0.550715 0.850134
vt 0.548405 0.901936
vt 0.545803 0.850134
vt 0.594920 0.853867
vt 0.568966 0.859422
vt 0.568966 0.857386
vt 0.567456 0.857740
vt 0.568966 0.857740
vt 0.567456 0.857386
vt 0.565947 0.857740
vt 0.565947 0.857386
vt 0.564438 0.857740
vt 0.562928 0.857386
vt 0.562928 0.857740
vt 0.561419 0.857740
vt 0.561419 0.857386
vt 0.559909 0.857740
vt 0.559909 0.857386
vt 0.558400 0.857740
vt 0.556890 0.857386
vt 0.556890 0.857740
vt 0.555381 0.857386
vt 0.555381 0.857740
vt 0.553871 0.857386
vt 0.553871 0.857740
vt 0.552362 0.857740
vt 0.552362 0.857386
vt 0.550853 0.857740
vt 0.549343 0.857386
vt 0.549343 0.857740
vt 0.547834 0.857386
vt 0.547834 0.857740
vt 0.574089 0.865730
vt 0.556776 0.858337
vt 0.557805 0.857874
vt 0.557805 0.858102
vt 0.558833 0.862609
vt 0.557805 0.863072
vt 0.557805 0.862844
vt 0.565838 0.848596
vt 0.561259 0.849642
vt 0.556677 0.862815
vt 0.556776 0.862609
vt 0.565838 0.869703
vt 0.558833 0.858337
vt 0.558932 0.858131
vt 0.555772 0.862094
vt 0.555951 0.861951
vt 0.559658 0.861951
vt 0.558932 0.862815
vt 0.557587 0.852570
vt 0.570417 0.868658
vt 0.555951 0.858995
vt 0.556677 0.858131
vt 0.576127 0.861498
vt 0.555549 0.856801
vt 0.560116 0.861001
vt 0.559837 0.862094
vt 0.555493 0.859945
vt 0.555772 0.858852
vt 0.576127 0.856801
vt 0.555549 0.861498
vt 0.560339 0.859895
vt 0.560339 0.861051
vt 0.555493 0.861001
vt 0.555270 0.859895
vt 0.574089 0.852570
vt 0.557587 0.865730
vt 0.560116 0.859945
vt 0.559837 0.858852
vt 0.555270 0.861051
vt 0.570417 0.849642
vt 0.561259 0.868658
vt 0.559658 0.858995
vt 0.549343 0.861631
vt 0.547834 0.861985
vt 0.549343 0.861985
vt 0.550853 0.861985
vt 0.552362 0.861631
vt 0.552362 0.861985
vt 0.553871 0.861631
vt 0.553871 0.861985
vt 0.555381 0.861985
vt 0.556890 0.861985
vt 0.555381 0.861631
vt 0.558400 0.861985
vt 0.556890 0.861631
vt 0.559909 0.861631
vt 0.559909 0.861985
vt 0.561419 0.861631
vt 0.561419 0.861985
vt 0.562928 0.861631
vt 0.562928 0.861985
vt 0.564438 0.861631
vt 0.564438 0.861985
vt 0.565947 0.861631
vt 0.565947 0.861985
vt 0.567456 0.861985
vt 0.568966 0.861985
vt 0.567456 0.861631
vt 0.526157 0.856916
vt 0.531069 0.857166
vt 0.531069 0.856916
vt 0.526157 0.853463
vt 0.531069 0.853712
vt 0.531069 0.853463
vt 0.535980 0.856916
vt 0.535980 0.857166
vt 0.535980 0.853712
vt 0.535980 0.853463
vt 0.540892 0.856916
vt 0.540892 0.857166
vt 0.540892 0.853463
vt 0.540892 0.853712
vt 0.545803 0.856916
vt 0.545803 0.857166
vt 0.545803 0.853712
vt 0.545803 0.853463
vt 0.550715 0.856916
vt 0.550715 0.857166
vt 0.550715 0.853463
vt 0.550715 0.853712
vt 0.555627 0.856916
vt 0.555627 0.857166
vt 0.555627 0.853712
vt 0.555627 0.853463
vt 0.560538 0.857166
vt 0.560538 0.856916
vt 0.560538 0.853712
vt 0.560538 0.853463
vt 0.565450 0.856916
vt 0.565450 0.857166
vt 0.565450 0.853712
vt 0.565450 0.853463
vt 0.570362 0.856916
vt 0.570362 0.857166
vt 0.570362 0.853463
vt 0.570362 0.853712
vt 0.575273 0.856916
vt 0.575273 0.857166
vt 0.575273 0.853463
vt 0.575273 0.853712
vt 0.580185 0.857166
vt 0.580185 0.856916
vt 0.580185 0.853712
vt 0.580185 0.853463
vt 0.585097 0.857166
vt 0.585097 0.856916
vt 0.585097 0.853712
vt 0.585097 0.853463
vt 0.590008 0.857166
vt 0.590008 0.856916
vt 0.590008 0.853712
vt 0.590008 0.853463
vt 0.594920 0.857166
vt 0.594920 0.856916
vt 0.594920 0.853712
vt 0.594920 0.853463
vt 0.547834 0.860531
vt 0.547834 0.859470
vt 0.526157 0.853712
vt 0.549343 0.860531
vt 0.550853 0.859470
vt 0.549343 0.859470
vt 0.552362 0.860531
vt 0.550853 0.860531
vt 0.552362 0.859470
vt 0.553871 0.860531
vt 0.555381 0.860531
vt 0.553871 0.859470
vt 0.556890 0.859470
vt 0.555381 0.859470
vt 0.558400 0.860531
vt 0.556890 0.860531
vt 0.558400 0.859470
vt 0.559909 0.860531
vt 0.559909 0.859470
vt 0.561419 0.860531
vt 0.561419 0.859470
vt 0.564438 0.860531
vt 0.562928 0.860531
vt 0.564438 0.859470
vt 0.562928 0.859470
vt 0.565947 0.859470
vt 0.565947 0.860531
vt 0.567456 0.859470
vt 0.568966 0.860531
vt 0.567456 0.860531
vt 0.568966 0.859470
vt 0.531069 0.848983
vt 0.531068 0.847832
vt 0.526157 0.848983
vt 0.535980 0.848983
vt 0.540892 0.848983
vt 0.535980 0.847832
vt 0.545803 0.848983
vt 0.540892 0.847832
vt 0.550715 0.848983
vt 0.545803 0.847832
vt 0.555627 0.848983
vt 0.550715 0.847832
vt 0.560538 0.848983
vt 0.560538 0.847832
vt 0.565450 0.848983
vt 0.570362 0.847832
vt 0.570362 0.848983
vt 0.575273 0.847832
vt 0.575273 0.848983
vt 0.580185 0.847832
vt 0.580185 0.848983
vt 0.585097 0.848983
vt 0.590008 0.848983
vt 0.585097 0.847832
vt 0.594920 0.848983
vt 0.590008 0.847832
vt 0.519181 0.893613
vt 0.524093 0.893613
vt 0.578121 0.893613
vt 0.573209 0.893613
vt 0.568297 0.893613
vt 0.563386 0.893613
vt 0.558474 0.893613
vt 0.553562 0.893613
vt 0.548651 0.893613
vt 0.543739 0.893613
vt 0.538828 0.893613
vt 0.533916 0.893613
vt 0.529004 0.893613
vt 0.583032 0.893613
vt 0.587944 0.893613
vt 0.519181 0.897066
vt 0.524093 0.897066
vt 0.583032 0.897066
vt 0.578121 0.897066
vt 0.573209 0.897066
vt 0.568297 0.897066
vt 0.563386 0.897066
vt 0.563386 0.897066
vt 0.558474 0.897066
vt 0.558474 0.897066
vt 0.553562 0.897066
vt 0.548651 0.897066
vt 0.543739 0.897066
vt 0.538828 0.897066
vt 0.533916 0.897066
vt 0.529004 0.897066
vt 0.587944 0.897066
vt 0.587944 0.900800
vt 0.583032 0.900800
vt 0.519181 0.900800
vt 0.524093 0.900800
vt 0.578121 0.900800
vt 0.573209 0.900800
vt 0.568297 0.900800
vt 0.563386 0.900800
vt 0.558474 0.900800
vt 0.553562 0.900800
vt 0.548651 0.900800
vt 0.543739 0.900800
vt 0.538828 0.900800
vt 0.533916 0.900800
vt 0.529004 0.900800
vt 0.559471 0.900578
vt 0.558884 0.908770
vt 0.558884 0.900712
vt 0.559942 0.900203
vt 0.562968 0.907838
vt 0.560204 0.899660
vt 0.566242 0.905227
vt 0.560204 0.899058
vt 0.568059 0.901453
vt 0.559942 0.898516
vt 0.568059 0.897265
vt 0.559471 0.898140
vt 0.566242 0.893492
vt 0.558884 0.889949
vt 0.562968 0.890881
vt 0.558297 0.898140
vt 0.558884 0.898006
vt 0.551527 0.893492
vt 0.554801 0.890881
vt 0.557827 0.898516
vt 0.549710 0.897265
vt 0.557565 0.899058
vt 0.549710 0.901453
vt 0.557565 0.899660
vt 0.551527 0.905227
vt 0.557827 0.900203
vt 0.554801 0.907838
vt 0.558297 0.900578
vt 0.568521 0.866174
vt 0.569207 0.864750
vt 0.562967 0.861745
vt 0.562281 0.863169
vt 0.567286 0.867160
vt 0.564203 0.860759
vt 0.565744 0.867512
vt 0.565744 0.860407
vt 0.563367 0.868897
vt 0.568122 0.859022
vt 0.565744 0.869439
vt 0.565744 0.858480
vt 0.563367 0.859022
vt 0.568122 0.868897
vt 0.565929 0.866660
vt 0.568306 0.868045
vt 0.565929 0.868587
vt 0.568706 0.865322
vt 0.567470 0.866308
vt 0.571271 0.864327
vt 0.570213 0.866524
vt 0.569392 0.862317
vt 0.569392 0.863898
vt 0.568706 0.860893
vt 0.571271 0.861888
vt 0.568306 0.858171
vt 0.570213 0.859691
vt 0.565929 0.859555
vt 0.567470 0.859907
vt 0.563551 0.858171
vt 0.565929 0.857628
vt 0.563151 0.860893
vt 0.564387 0.859907
vt 0.562466 0.862317
vt 0.561644 0.859691
vt 0.562466 0.863898
vt 0.560586 0.861888
vt 0.561644 0.866524
vt 0.560586 0.864327
vt 0.563151 0.865322
vt 0.563551 0.868045
vt 0.564387 0.866308
vt 0.568521 0.861745
vt 0.564203 0.867160
vt 0.562281 0.864750
vt 0.567286 0.860759
vt 0.569207 0.863169
vt 0.562967 0.866174
vt 0.540892 0.861646
vt 0.585097 0.861646
vt 0.551505 0.893587
vt 0.587944 0.894172
vt 0.587944 0.890439
vt 0.529004 0.897626
vt 0.524093 0.890439
vt 0.533916 0.890439
vt 0.548651 0.890439
vt 0.563386 0.897626
vt 0.563386 0.894172
vt 0.563386 0.897626
vt 0.573209 0.890439
vt 0.578121 0.897626
vt 0.519181 0.894172
vt 0.587944 0.897626
vt 0.564438 0.857386
vt 0.558400 0.857386
vt 0.550853 0.857386
vt 0.547834 0.861631
vt 0.550853 0.861631
vt 0.558400 0.861631
vt 0.568966 0.861631
vt 0.526157 0.857166
vt 0.526157 0.847832
vt 0.555627 0.847832
vt 0.565450 0.847832
vt 0.594920 0.847832
s 0
usemtl Material
f 199/1/1 197/2/1 198/3/1
f 199/1/2 225/4/2 264/5/2
f 201/6/3 200/7/3 199/1/3
f 201/6/4 264/5/4 261/8/4
f 203/9/5 202/10/5 201/6/5
f 258/11/6 201/6/6 261/8/6
f 206/12/7 203/9/7 205/13/7
f 255/14/8 203/9/8 258/11/8
f 208/15/9 205/13/9 207/16/9
f 207/16/10 255/14/10 252/17/10
f 210/18/11 207/16/11 209/19/11
f 209/19/12 252/17/12 249/20/12
f 42/21/13 18/22/13 38/22/13
f 212/23/14 209/19/14 211/24/14
f 211/24/15 249/20/15 246/25/15
f 67/26/16 4/27/16 6/26/16
f 213/28/17 212/23/17 211/24/17
f 243/29/18 211/24/18 246/25/18
f 215/30/19 214/31/19 213/28/19
f 240/32/20 213/28/20 243/29/20
f 217/33/21 216/34/21 215/30/21
f 237/35/22 215/30/22 240/32/22
f 219/36/23 218/37/23 217/33/23
f 34/38/24 12/39/24 29/39/24
f 219/36/25 237/35/25 234/40/25
f 221/41/26 220/42/26 219/36/26
f 83/43/27 2/44/27 32/44/27
f 38/22/28 16/38/28 34/38/28
f 231/45/29 219/36/29 234/40/29
f 35/46/30 9/47/30 39/47/30
f 43/48/31 9/47/31 466/48/31
f 46/49/32 21/21/32 42/21/32
f 47/50/32 466/48/32 467/50/32
f 46/49/33 17/51/33 23/49/33
f 47/50/34 10/52/34 51/52/34
f 54/53/35 17/51/35 50/51/35
f 51/52/36 8/54/36 55/54/36
f 58/55/37 15/53/37 54/53/37
f 59/56/38 8/54/38 1/56/38
f 62/57/39 11/55/39 58/55/39
f 63/27/40 1/56/40 4/27/40
f 224/58/41 221/41/41 223/59/41
f 66/60/42 13/57/42 62/57/42
f 70/61/43 19/60/43 66/60/43
f 71/62/44 6/26/44 473/62/44
f 74/63/45 25/61/45 70/61/45
f 75/64/45 473/62/45 474/64/45
f 78/65/46 27/63/46 74/63/46
f 79/66/47 474/64/47 5/66/47
f 82/67/48 20/65/48 78/65/48
f 83/43/49 5/66/49 3/43/49
f 226/68/50 221/41/50 231/45/50
f 32/44/51 7/46/51 35/46/51
f 24/69/52 486/70/52 468/70/52
f 11/55/53 14/67/53 12/39/53
f 28/71/54 481/72/54 475/72/54
f 24/69/55 494/73/55 495/69/55
f 26/74/32 502/71/32 28/71/32
f 22/73/56 493/75/56 494/73/56
f 26/74/31 500/76/31 501/74/31
f 11/55/53 16/38/53 15/53/53
f 13/77/53 20/78/53 14/79/53
f 15/53/53 18/22/53 17/51/53
f 17/51/53 21/21/53 23/49/53
f 19/60/53 27/63/53 20/65/53
f 197/80/57 223/59/57 198/81/57
f 198/81/58 226/68/58 225/82/58
f 154/83/59 355/84/59 150/84/59
f 119/85/60 315/86/60 416/85/60
f 108/87/61 257/88/61 106/88/61
f 36/89/51 270/90/51 31/90/51
f 120/91/62 312/92/62 170/92/62
f 109/93/63 306/94/63 307/93/63
f 65/95/64 287/96/64 69/96/64
f 155/97/60 352/98/60 344/97/60
f 121/99/63 420/100/63 412/99/63
f 110/101/61 260/87/61 108/87/61
f 156/102/62 351/103/62 152/103/62
f 118/104/65 411/105/65 419/104/65
f 109/93/63 308/106/63 111/106/63
f 64/107/66 286/108/66 284/107/66
f 30/109/67 34/38/67 29/39/67
f 36/89/68 32/44/68 35/46/68
f 33/110/69 38/22/69 34/38/69
f 40/111/70 35/46/70 39/47/70
f 41/112/71 38/22/71 37/113/71
f 44/114/72 39/47/72 43/48/72
f 45/115/73 42/21/73 41/112/73
f 44/114/74 47/50/74 48/116/74
f 49/117/75 46/49/75 45/115/75
f 52/118/76 47/50/76 51/52/76
f 53/119/77 50/51/77 49/117/77
f 56/120/78 51/52/78 55/54/78
f 57/121/79 54/53/79 53/119/79
f 60/122/80 55/54/80 59/56/80
f 57/121/81 62/57/81 58/55/81
f 60/122/82 63/27/82 64/107/82
f 61/123/83 66/60/83 62/57/83
f 64/107/84 67/26/84 68/108/84
f 65/95/85 70/61/85 66/60/85
f 68/108/86 71/62/86 72/124/86
f 73/125/87 70/61/87 69/96/87
f 72/124/88 75/64/88 76/126/88
f 73/125/89 78/65/89 74/63/89
f 76/126/90 79/66/90 80/127/90
f 77/128/91 82/67/91 78/65/91
f 80/127/92 83/43/92 84/129/92
f 30/109/93 82/67/93 81/130/93
f 31/90/94 83/43/94 32/44/94
f 29/39/95 14/67/95 82/67/95
f 110/101/61 266/131/61 263/101/61
f 435/132/96 117/133/96 436/134/96
f 421/135/97 87/136/97 422/137/97
f 87/136/98 424/138/98 422/137/98
f 153/139/63 340/140/63 157/140/63
f 462/141/99 167/142/99 451/143/99
f 161/144/100 437/145/100 448/146/100
f 30/109/101 268/110/101 33/110/101
f 109/147/102 423/148/102 434/149/102
f 159/150/103 462/141/103 461/151/103
f 157/152/104 448/146/104 447/153/104
f 123/154/60 416/85/60 408/154/60
f 433/155/105 109/147/105 434/149/105
f 155/156/106 461/151/106 460/157/106
f 153/158/107 447/153/107 446/159/107
f 111/106/63 229/160/63 86/160/63
f 105/161/108 433/155/108 432/162/108
f 151/163/109 460/157/109 459/164/109
f 149/165/110 446/159/110 445/166/110
f 158/167/65 347/83/65 154/83/65
f 103/168/111 432/162/111 431/169/111
f 147/170/112 459/164/112 458/171/112
f 444/172/113 149/165/113 445/166/113
f 124/173/62 415/91/62 120/91/62
f 430/174/114 103/168/114 431/169/114
f 143/175/115 458/171/115 457/176/115
f 443/177/116 145/178/116 444/172/116
f 112/131/61 295/179/61 266/131/61
f 99/180/117 430/174/117 429/181/117
f 139/182/118 457/176/118 456/183/118
f 442/184/119 141/185/119 443/177/119
f 61/123/120 285/186/120 65/186/120
f 97/187/121 429/181/121 428/188/121
f 455/189/122 139/182/122 456/183/122
f 441/190/123 137/191/123 442/184/123
f 155/97/60 336/192/60 159/192/60
f 427/193/124 97/187/124 428/188/124
f 131/194/125 455/189/125 454/195/125
f 129/196/126 441/190/126 440/197/126
f 125/198/63 412/99/63 404/198/63
f 426/199/127 95/200/127 427/193/127
f 453/201/128 131/194/128 454/195/128
f 439/202/129 129/196/129 440/197/129
f 156/102/62 335/203/62 343/102/62
f 425/204/130 93/205/130 426/199/130
f 452/206/131 127/207/131 453/201/131
f 438/208/132 125/209/132 439/202/132
f 122/105/65 403/210/65 411/105/65
f 89/211/133 425/204/133 424/138/133
f 450/212/134 123/213/134 452/206/134
f 436/134/135 121/214/135 438/208/135
f 64/107/136 282/122/136 60/122/136
f 451/143/137 114/215/137 449/216/137
f 165/217/138 435/218/138 437/145/138
f 423/148/139 86/219/139 421/220/139
f 157/140/63 332/221/63 161/221/63
f 127/222/60 408/223/60 400/222/60
f 158/167/65 331/224/65 339/167/65
f 128/225/62 407/173/62 124/173/62
f 57/121/140 283/123/140 61/123/140
f 163/226/60 336/192/60 328/226/60
f 125/198/141 396/227/141 129/227/141
f 164/228/62 335/203/62 160/203/62
f 126/210/142 395/229/142 403/210/142
f 56/120/143 282/122/143 280/120/143
f 161/221/63 324/230/63 165/230/63
f 127/222/144 392/231/144 131/231/144
f 166/232/65 331/224/65 162/224/65
f 128/225/145 391/233/145 399/225/145
f 53/119/146 281/121/146 57/121/146
f 167/234/60 328/226/60 316/234/60
f 129/227/147 388/235/147 133/235/147
f 168/236/62 327/228/62 164/228/62
f 130/229/148 387/237/148 395/229/148
f 56/120/149 278/118/149 52/118/149
f 116/238/63 324/230/63 323/238/63
f 131/231/150 384/239/150 135/239/150
f 132/233/151 383/240/151 391/233/151
f 174/241/65 319/232/65 166/232/65
f 49/117/152 279/119/152 53/119/152
f 133/235/63 380/242/63 137/242/63
f 114/243/60 316/234/60 315/243/60
f 31/90/153 294/129/153 84/129/153
f 449/244/154 119/245/154 450/212/154
f 134/237/65 379/246/65 387/237/65
f 52/118/155 276/116/155 48/116/155
f 170/247/62 311/236/62 168/236/62
f 81/130/95 267/109/95 30/109/95
f 135/248/60 376/249/60 139/249/60
f 136/240/62 375/250/62 383/240/62
f 87/251/63 229/252/63 296/251/63
f 80/127/156 294/129/156 292/127/156
f 49/117/157 275/115/157 277/117/157
f 85/253/61 230/254/61 295/253/61
f 137/242/63 372/255/63 141/255/63
f 87/251/63 297/256/63 89/256/63
f 138/246/158 371/257/158 379/246/158
f 48/116/32 274/114/32 44/114/32
f 88/254/61 233/258/61 230/254/61
f 89/256/63 298/259/63 91/259/63
f 77/128/48 293/130/48 81/130/48
f 139/249/60 368/260/60 143/260/60
f 92/261/61 233/258/61 90/258/61
f 140/250/62 367/262/62 375/250/62
f 93/263/63 298/259/63 299/263/63
f 76/126/47 292/127/47 290/126/47
f 41/112/32 275/115/32 45/115/32
f 94/264/61 236/261/61 92/261/61
f 145/265/63 372/255/63 364/265/63
f 93/263/63 300/266/63 95/266/63
f 146/267/158 371/257/158 142/257/158
f 44/114/31 272/111/31 40/111/31
f 94/264/61 242/268/61 239/264/61
f 95/266/63 301/269/63 97/269/63
f 73/125/46 291/270/46 77/270/46
f 147/271/159 368/260/159 360/271/159
f 96/268/61 245/272/61 242/268/61
f 148/273/160 367/262/160 144/262/160
f 97/269/161 302/274/161 99/274/161
f 72/124/45 290/126/45 288/124/45
f 41/112/13 271/113/13 273/112/13
f 98/272/61 248/275/61 245/272/61
f 149/276/162 364/265/162 356/276/162
f 101/277/163 302/274/163 303/277/163
f 150/84/164 363/267/164 146/267/164
f 40/111/30 269/89/30 36/89/30
f 102/278/61 248/275/61 100/275/61
f 103/279/63 303/277/63 304/279/63
f 69/96/45 289/125/45 73/125/45
f 151/98/165 360/271/165 352/98/165
f 104/280/61 251/278/61 102/278/61
f 152/103/166 359/273/166 148/273/166
f 105/281/63 304/279/63 305/281/63
f 72/124/167 286/108/167 68/108/167
f 37/113/28 268/110/28 271/113/28
f 116/282/63 420/100/63 117/100/63
f 106/88/61 254/280/61 104/280/61
f 153/139/168 356/276/168 348/139/168
f 174/283/158 419/104/158 320/283/158
f 107/94/63 305/281/63 306/94/63
f 228/284/169 194/285/169 195/286/169
f 227/287/170 192/288/170 194/285/170
f 232/289/171 190/290/171 192/288/171
f 190/290/172 238/291/172 188/292/172
f 238/291/173 186/293/173 188/292/173
f 241/294/174 184/295/174 186/293/174
f 244/296/175 182/297/175 184/295/175
f 182/297/176 250/298/176 180/299/176
f 180/299/177 253/300/177 178/301/177
f 178/301/178 256/302/178 176/303/178
f 256/302/179 173/304/179 176/303/179
f 259/305/180 171/306/180 173/304/180
f 171/306/181 265/307/181 115/308/181
f 115/308/182 228/309/182 195/310/182
f 268/110/183 231/311/183 271/113/183
f 284/312/184 247/313/184 282/314/184
f 269/315/185 228/316/185 270/317/185
f 283/123/186 246/318/186 249/319/186
f 270/317/187 265/320/187 294/321/187
f 293/130/188 225/322/188 267/109/188
f 280/323/189 247/313/189 244/324/189
f 279/119/190 246/318/190 281/121/190
f 294/321/191 262/325/191 292/326/191
f 272/327/192 227/328/192 269/315/192
f 285/186/193 249/319/193 252/329/193
f 268/110/194 225/322/194 226/330/194
f 286/331/195 250/332/195 284/312/195
f 273/112/196 231/311/196 234/333/196
f 287/96/197 252/329/197 255/334/197
f 274/335/198 232/336/198 272/327/198
f 288/337/199 253/338/199 286/331/199
f 275/115/200 234/333/200 237/339/200
f 289/125/201 255/334/201 258/340/201
f 274/335/202 238/341/202 235/342/202
f 290/343/203 256/344/203 288/337/203
f 275/115/204 240/345/204 277/117/204
f 289/125/205 261/346/205 291/270/205
f 276/347/206 241/348/206 238/341/206
f 292/326/207 259/349/207 290/343/207
f 277/117/208 243/350/208 279/119/208
f 293/130/209 261/346/209 264/351/209
f 278/352/210 244/324/210 241/348/210
f 266/353/211 197/354/211 200/355/211
f 202/356/212 266/353/212 200/355/212
f 260/357/213 202/356/213 204/358/213
f 257/359/214 204/358/214 206/360/214
f 208/361/215 257/359/215 206/360/215
f 210/362/216 254/363/216 208/361/216
f 212/364/217 251/365/217 210/362/217
f 245/366/218 212/364/218 214/367/218
f 242/368/219 214/367/219 216/369/219
f 239/370/220 216/369/220 218/371/220
f 236/372/221 218/371/221 220/373/221
f 233/374/222 220/373/222 222/375/222
f 224/376/223 233/374/223 222/375/223
f 197/377/224 230/378/224 224/376/224
f 313/379/225 309/380/225 310/381/225
f 321/382/226 317/383/226 318/384/226
f 326/385/227 309/380/227 325/386/227
f 318/384/228 329/387/228 330/388/228
f 334/389/229 325/386/229 333/390/229
f 338/391/230 329/387/230 337/392/230
f 342/393/32 333/390/32 341/394/32
f 338/391/32 345/395/32 346/396/32
f 350/397/231 341/394/231 349/398/231
f 354/399/232 345/395/232 353/400/232
f 358/401/233 349/398/233 357/402/233
f 354/399/234 361/403/234 362/404/234
f 358/401/235 365/405/235 366/406/235
f 362/404/236 369/407/236 370/408/236
f 374/409/237 365/405/237 373/410/237
f 370/408/238 377/411/238 378/412/238
f 382/413/239 373/410/239 381/414/239
f 386/415/240 377/411/240 385/416/240
f 390/417/241 381/414/241 389/418/241
f 394/419/242 385/416/242 393/420/242
f 390/417/243 397/421/243 398/422/243
f 394/419/244 401/423/244 402/424/244
f 398/422/245 405/425/245 406/426/245
f 402/424/246 409/427/246 410/428/246
f 406/426/247 413/429/247 414/430/247
f 410/428/248 417/431/248 418/432/248
f 414/430/249 314/433/249 313/434/249
f 418/432/250 322/435/250 321/436/250
f 313/437/251 311/236/251 312/247/251
f 309/380/252 315/243/252 316/234/252
f 321/438/253 319/232/253 320/241/253
f 322/439/254 324/230/254 317/383/254
f 310/440/255 327/228/255 311/236/255
f 309/380/256 328/226/256 325/386/256
f 330/441/257 319/232/257 318/442/257
f 317/383/258 332/221/258 329/387/258
f 334/443/259 327/228/259 326/444/259
f 325/386/260 336/192/260 333/390/260
f 338/445/261 331/224/261 330/441/261
f 329/387/262 340/140/262 337/392/262
f 342/446/263 335/203/263 334/443/263
f 341/394/264 336/192/264 344/97/264
f 338/445/265 347/83/265 339/167/265
f 337/392/266 348/139/266 345/395/266
f 350/447/267 343/102/267 342/446/267
f 349/398/268 344/97/268 352/98/268
f 346/448/269 355/84/269 347/83/269
f 353/400/270 348/139/270 356/276/270
f 350/447/271 359/273/271 351/103/271
f 357/402/272 352/98/272 360/271/272
f 362/449/273 355/84/273 354/450/273
f 361/403/274 356/276/274 364/265/274
f 366/451/275 359/273/275 358/452/275
f 365/405/276 360/271/276 368/260/276
f 370/453/277 363/267/277 362/449/277
f 369/407/278 364/265/278 372/255/278
f 366/451/279 375/250/279 367/262/279
f 365/405/280 376/249/280 373/410/280
f 370/453/281 379/246/281 371/257/281
f 369/407/282 380/242/282 377/411/282
f 374/454/283 383/240/283 375/250/283
f 373/410/284 384/248/284 381/414/284
f 378/455/285 387/237/285 379/246/285
f 377/411/286 388/235/286 385/416/286
f 382/456/287 391/233/287 383/240/287
f 389/418/288 384/239/288 392/231/288
f 386/457/289 395/229/289 387/237/289
f 393/420/290 388/235/290 396/227/290
f 398/458/291 391/233/291 390/459/291
f 389/418/292 400/222/292 397/421/292
f 402/460/293 395/229/293 394/461/293
f 393/420/294 404/198/294 401/423/294
f 398/458/295 407/173/295 399/225/295
f 405/425/296 400/222/296 408/223/296
f 410/462/297 403/210/297 402/460/297
f 401/423/298 412/99/298 409/427/298
f 406/463/299 415/91/299 407/173/299
f 413/429/300 408/154/300 416/85/300
f 418/464/301 411/105/301 410/462/301
f 409/427/302 420/100/302 417/431/302
f 313/465/303 415/91/303 414/466/303
f 314/433/304 416/85/304 315/86/304
f 321/467/305 419/104/305 418/464/305
f 322/435/306 420/100/306 323/282/306
f 113/468/307 229/160/307 308/106/307
f 115/469/308 196/470/308 113/468/308
f 169/471/309 308/106/309 307/93/309
f 169/471/310 115/469/310 113/468/310
f 172/472/311 307/93/311 306/94/311
f 172/472/312 171/473/312 169/471/312
f 305/281/313 172/472/313 306/94/313
f 175/474/314 173/475/314 172/472/314
f 177/476/315 305/281/315 304/279/315
f 177/476/316 176/477/316 175/474/316
f 179/478/317 304/279/317 303/277/317
f 179/478/318 178/479/318 177/476/318
f 181/480/319 303/277/319 302/274/319
f 182/481/320 179/478/320 181/480/320
f 301/269/321 181/480/321 302/274/321
f 183/482/322 182/481/322 181/480/322
f 300/266/323 183/482/323 301/269/323
f 186/483/324 183/482/324 185/484/324
f 299/263/325 185/484/325 300/266/325
f 188/485/326 185/484/326 187/486/326
f 298/259/327 187/486/327 299/263/327
f 190/487/328 187/486/328 189/488/328
f 191/489/329 298/259/329 297/256/329
f 191/489/330 190/487/330 189/488/330
f 193/490/331 297/256/331 296/251/331
f 193/490/332 192/491/332 191/489/332
f 196/492/333 296/251/333 229/252/333
f 196/492/334 194/493/334 193/490/334
f 423/148/335 174/494/335 166/495/335
f 122/496/336 425/204/336 126/497/336
f 126/497/337 426/199/337 130/498/337
f 426/199/338 134/499/338 130/498/338
f 427/193/339 138/500/339 134/499/339
f 428/188/340 142/501/340 138/500/340
f 429/181/341 146/502/341 142/501/341
f 430/174/342 150/503/342 146/502/342
f 431/169/343 154/504/343 150/503/343
f 432/162/344 158/505/344 154/504/344
f 158/505/345 434/149/345 162/506/345
f 434/149/346 166/495/346 162/506/346
f 118/507/347 424/138/347 122/496/347
f 421/135/348 118/507/348 174/508/348
f 437/145/349 170/509/349 168/510/349
f 120/511/350 438/208/350 124/512/350
f 124/512/351 439/202/351 128/513/351
f 128/513/352 440/197/352 132/514/352
f 132/514/353 441/190/353 136/515/353
f 136/516/354 442/184/354 140/517/354
f 140/518/355 443/177/355 144/519/355
f 144/519/356 444/172/356 148/520/356
f 444/172/357 152/521/357 148/520/357
f 445/166/358 156/522/358 152/521/358
f 446/159/359 160/523/359 156/522/359
f 447/153/360 164/524/360 160/523/360
f 448/146/361 168/510/361 164/524/361
f 170/525/362 436/134/362 120/511/362
f 85/526/363 450/212/363 88/527/363
f 451/143/364 85/528/364 112/529/364
f 88/527/365 452/206/365 90/530/365
f 90/530/366 453/201/366 92/531/366
f 92/531/367 454/195/367 94/532/367
f 94/532/368 455/189/368 96/533/368
f 96/533/369 456/183/369 98/534/369
f 456/183/370 100/535/370 98/534/370
f 457/176/371 102/536/371 100/535/371
f 458/171/372 104/537/372 102/536/372
f 459/164/373 106/538/373 104/537/373
f 460/157/374 108/539/374 106/538/374
f 461/151/375 110/540/375 108/539/375
f 462/141/376 112/529/376 110/540/376
f 463/541/65 2/542/65 464/543/65
f 465/544/65 7/545/65 463/541/65
f 22/546/65 9/547/65 465/544/65
f 24/548/65 466/549/65 22/546/65
f 468/550/65 467/551/65 24/548/65
f 469/552/65 10/553/65 468/550/65
f 469/552/65 1/554/65 8/555/65
f 471/556/65 1/554/65 470/557/65
f 471/556/65 6/558/65 4/559/65
f 472/560/65 473/561/65 6/558/65
f 26/562/65 474/563/65 473/561/65
f 28/564/65 5/565/65 474/563/65
f 475/566/65 3/567/65 5/565/65
f 476/568/65 2/542/65 3/567/65
f 485/569/377 515/570/377 487/570/377
f 482/571/56 517/572/56 489/572/56
f 491/573/378 513/569/378 485/569/378
f 499/574/379 510/571/379 482/571/379
f 491/573/51 506/575/51 511/573/51
f 498/576/250 508/574/250 499/574/250
f 475/72/380 479/577/380 476/577/380
f 468/70/381 484/578/381 469/578/381
f 464/579/226 479/577/226 478/579/226
f 469/578/153 477/580/153 470/580/153
f 470/580/51 480/581/51 471/581/51
f 463/582/250 478/579/250 483/582/250
f 472/76/382 480/581/382 500/76/382
f 465/75/383 483/582/383 493/75/383
f 492/583/65 483/584/65 478/585/65
f 485/586/65 483/584/65 491/587/65
f 485/586/65 494/588/65 493/589/65
f 488/590/65 494/588/65 487/591/65
f 496/592/158 495/593/158 488/590/158
f 496/592/65 484/594/65 486/595/65
f 498/596/65 484/594/65 497/597/65
f 498/596/65 480/598/65 477/599/65
f 482/600/65 480/598/65 499/601/65
f 489/602/158 500/603/158 482/600/158
f 490/604/65 501/605/65 489/602/65
f 490/604/65 481/606/65 502/607/65
f 503/608/65 479/609/65 481/606/65
f 504/610/65 478/585/65 479/609/65
f 511/573/65 514/611/65 513/569/65
f 506/575/65 508/574/65 505/576/65
f 507/612/65 510/571/65 508/574/65
f 510/571/65 518/613/65 517/572/65
f 512/614/65 506/575/65 505/576/65
f 513/569/384 516/615/384 515/570/384
f 489/572/45 518/613/45 490/613/45
f 488/615/385 515/570/385 516/615/385
f 490/613/47 509/616/47 503/616/47
f 488/615/54 514/611/54 496/611/54
f 503/616/156 507/612/156 504/612/156
f 497/614/380 514/611/380 512/614/380
f 504/612/153 506/575/153 492/575/153
f 498/576/226 512/614/226 505/576/226
f 199/1/386 200/7/386 197/2/386
f 199/1/387 198/3/387 225/4/387
f 201/6/388 202/10/388 200/7/388
f 201/6/4 199/1/4 264/5/4
f 203/9/389 204/617/389 202/10/389
f 258/11/390 203/9/390 201/6/390
f 206/12/7 204/617/7 203/9/7
f 255/14/391 205/13/391 203/9/391
f 208/15/392 206/12/392 205/13/392
f 207/16/393 205/13/393 255/14/393
f 210/18/394 208/15/394 207/16/394
f 209/19/395 207/16/395 252/17/395
f 42/21/13 21/21/13 18/22/13
f 212/23/396 210/18/396 209/19/396
f 211/24/397 209/19/397 249/20/397
f 67/26/16 63/27/16 4/27/16
f 213/28/398 214/31/398 212/23/398
f 243/29/399 213/28/399 211/24/399
f 215/30/400 216/34/400 214/31/400
f 240/32/401 215/30/401 213/28/401
f 217/33/402 218/37/402 216/34/402
f 237/35/403 217/33/403 215/30/403
f 219/36/23 220/42/23 218/37/23
f 34/38/101 16/38/101 12/39/101
f 219/36/25 217/33/25 237/35/25
f 221/41/26 222/618/26 220/42/26
f 83/43/27 3/43/27 2/44/27
f 38/22/28 18/22/28 16/38/28
f 231/45/29 221/41/29 219/36/29
f 35/46/30 7/46/30 9/47/30
f 43/48/31 39/47/31 9/47/31
f 46/49/32 23/49/32 21/21/32
f 47/50/32 43/48/32 466/48/32
f 46/49/33 50/51/33 17/51/33
f 47/50/34 467/50/34 10/52/34
f 54/53/35 15/53/35 17/51/35
f 51/52/404 10/52/404 8/54/404
f 58/55/37 11/55/37 15/53/37
f 59/56/405 55/54/405 8/54/405
f 62/57/39 13/57/39 11/55/39
f 63/27/406 59/56/406 1/56/406
f 224/58/407 222/618/407 221/41/407
f 66/60/42 19/60/42 13/57/42
f 70/61/43 25/61/43 19/60/43
f 71/62/44 67/26/44 6/26/44
f 74/63/45 27/63/45 25/61/45
f 75/64/45 71/62/45 473/62/45
f 78/65/46 20/65/46 27/63/46
f 79/66/47 75/64/47 474/64/47
f 82/67/48 14/67/48 20/65/48
f 83/43/381 79/66/381 5/66/381
f 226/68/50 223/59/50 221/41/50
f 32/44/51 2/44/51 7/46/51
f 24/69/52 495/69/52 486/70/52
f 11/55/53 13/57/53 14/67/53
f 28/71/230 502/71/230 481/72/230
f 24/69/45 22/73/45 494/73/45
f 26/74/32 501/74/32 502/71/32
f 22/73/246 465/75/246 493/75/246
f 26/74/31 472/76/31 500/76/31
f 11/55/53 12/39/53 16/38/53
f 13/77/53 19/619/53 20/78/53
f 15/53/53 16/38/53 18/22/53
f 17/51/53 18/22/53 21/21/53
f 19/60/53 25/61/53 27/63/53
f 197/80/57 224/58/57 223/59/57
f 198/81/58 223/59/58 226/68/58
f 154/83/408 347/83/408 355/84/408
f 119/85/60 114/86/60 315/86/60
f 108/87/61 260/87/61 257/88/61
f 36/89/51 269/89/51 270/90/51
f 120/91/62 415/91/62 312/92/62
f 109/93/63 107/94/63 306/94/63
f 65/95/64 285/95/64 287/96/64
f 155/97/60 151/98/60 352/98/60
f 121/99/63 117/100/63 420/100/63
f 110/101/61 263/101/61 260/87/61
f 156/102/62 343/102/62 351/103/62
f 118/104/65 122/105/65 411/105/65
f 109/93/63 307/93/63 308/106/63
f 64/107/66 68/108/66 286/108/66
f 30/109/409 33/110/409 34/38/409
f 36/89/410 31/90/410 32/44/410
f 33/110/69 37/113/69 38/22/69
f 40/111/70 36/89/70 35/46/70
f 41/112/71 42/21/71 38/22/71
f 44/114/72 40/111/72 39/47/72
f 45/115/411 46/49/411 42/21/411
f 44/114/74 43/48/74 47/50/74
f 49/117/412 50/51/412 46/49/412
f 52/118/413 48/116/413 47/50/413
f 53/119/414 54/53/414 50/51/414
f 56/120/415 52/118/415 51/52/415
f 57/121/416 58/55/416 54/53/416
f 60/122/417 56/120/417 55/54/417
f 57/121/418 61/123/418 62/57/418
f 60/122/419 59/56/419 63/27/419
f 61/123/420 65/186/420 66/60/420
f 64/107/421 63/27/421 67/26/421
f 65/95/422 69/96/422 70/61/422
f 68/108/423 67/26/423 71/62/423
f 73/125/87 74/63/87 70/61/87
f 72/124/88 71/62/88 75/64/88
f 73/125/424 77/270/424 78/65/424
f 76/126/90 75/64/90 79/66/90
f 77/128/91 81/130/91 82/67/91
f 80/127/425 79/66/425 83/43/425
f 30/109/93 29/39/93 82/67/93
f 31/90/94 84/129/94 83/43/94
f 29/39/95 12/39/95 14/67/95
f 110/101/61 112/131/61 266/131/61
f 435/132/426 116/620/426 117/133/426
f 421/135/97 86/621/97 87/136/97
f 87/136/98 89/211/98 424/138/98
f 153/139/63 348/139/63 340/140/63
f 462/141/99 163/622/99 167/142/99
f 161/144/427 165/217/427 437/145/427
f 30/109/101 267/109/101 268/110/101
f 109/147/102 111/623/102 423/148/102
f 159/150/103 163/622/103 462/141/103
f 157/152/428 161/144/428 448/146/428
f 123/154/60 119/85/60 416/85/60
f 433/155/105 107/624/105 109/147/105
f 155/156/106 159/150/106 461/151/106
f 153/158/429 157/152/429 447/153/429
f 111/106/63 308/106/63 229/160/63
f 105/161/108 107/624/108 433/155/108
f 151/163/430 155/156/430 460/157/430
f 149/165/431 153/158/431 446/159/431
f 158/167/65 339/167/65 347/83/65
f 103/168/432 105/161/432 432/162/432
f 147/170/433 151/163/433 459/164/433
f 444/172/434 145/178/434 149/165/434
f 124/173/62 407/173/62 415/91/62
f 430/174/435 101/625/435 103/168/435
f 143/175/436 147/170/436 458/171/436
f 443/177/437 141/185/437 145/178/437
f 112/131/61 85/179/61 295/179/61
f 99/180/438 101/625/438 430/174/438
f 139/182/439 143/175/439 457/176/439
f 442/184/440 137/191/440 141/185/440
f 61/123/120 283/123/120 285/186/120
f 97/187/441 99/180/441 429/181/441
f 455/189/442 135/626/442 139/182/442
f 441/190/443 133/627/443 137/191/443
f 155/97/60 344/97/60 336/192/60
f 427/193/444 95/200/444 97/187/444
f 131/194/445 135/628/445 455/189/445
f 129/196/446 133/627/446 441/190/446
f 125/198/63 121/99/63 412/99/63
f 426/199/447 93/205/447 95/200/447
f 453/201/448 127/207/448 131/194/448
f 439/202/449 125/209/449 129/196/449
f 156/102/62 160/203/62 335/203/62
f 425/204/130 91/629/130 93/205/130
f 452/206/131 123/630/131 127/207/131
f 438/208/450 121/214/450 125/209/450
f 122/105/65 126/210/65 403/210/65
f 89/211/133 91/629/133 425/204/133
f 450/212/134 119/245/134 123/213/134
f 436/134/451 117/133/451 121/214/451
f 64/107/452 284/107/452 282/122/452
f 451/143/453 167/142/453 114/215/453
f 165/217/454 116/631/454 435/218/454
f 423/148/139 111/623/139 86/219/139
f 157/140/63 340/140/63 332/221/63
f 127/222/60 123/223/60 408/223/60
f 158/167/65 162/224/65 331/224/65
f 128/225/62 399/225/62 407/173/62
f 57/121/140 281/121/140 283/123/140
f 163/226/60 159/192/60 336/192/60
f 125/198/455 404/198/455 396/227/455
f 164/228/62 327/228/62 335/203/62
f 126/210/456 130/229/456 395/229/456
f 56/120/457 60/122/457 282/122/457
f 161/221/63 332/221/63 324/230/63
f 127/222/458 400/222/458 392/231/458
f 166/232/65 319/232/65 331/224/65
f 128/225/459 132/233/459 391/233/459
f 53/119/146 279/119/146 281/121/146
f 167/234/60 163/226/60 328/226/60
f 129/227/460 396/227/460 388/235/460
f 168/236/62 311/236/62 327/228/62
f 130/229/461 134/237/461 387/237/461
f 56/120/462 280/120/462 278/118/462
f 116/238/63 165/230/63 324/230/63
f 131/231/463 392/231/463 384/239/463
f 132/233/464 136/240/464 383/240/464
f 174/241/158 320/241/158 319/232/158
f 49/117/152 277/117/152 279/119/152
f 133/235/63 388/235/63 380/242/63
f 114/243/60 167/234/60 316/234/60
f 31/90/153 270/90/153 294/129/153
f 449/244/154 114/632/154 119/245/154
f 134/237/65 138/246/65 379/246/65
f 52/118/465 278/118/465 276/116/465
f 170/247/62 312/247/62 311/236/62
f 81/130/95 293/130/95 267/109/95
f 135/248/60 384/248/60 376/249/60
f 136/240/62 140/250/62 375/250/62
f 87/251/63 86/252/63 229/252/63
f 80/127/381 84/129/381 294/129/381
f 49/117/157 45/115/157 275/115/157
f 85/253/61 88/254/61 230/254/61
f 137/242/63 380/242/63 372/255/63
f 87/251/63 296/251/63 297/256/63
f 138/246/65 142/257/65 371/257/65
f 48/116/32 276/116/32 274/114/32
f 88/254/61 90/258/61 233/258/61
f 89/256/63 297/256/63 298/259/63
f 77/128/48 291/128/48 293/130/48
f 139/249/60 376/249/60 368/260/60
f 92/261/61 236/261/61 233/258/61
f 140/250/62 144/262/62 367/262/62
f 93/263/63 91/259/63 298/259/63
f 76/126/47 80/127/47 292/127/47
f 41/112/32 273/112/32 275/115/32
f 94/264/61 239/264/61 236/261/61
f 145/265/63 141/255/63 372/255/63
f 93/263/63 299/263/63 300/266/63
f 146/267/158 363/267/158 371/257/158
f 44/114/31 274/114/31 272/111/31
f 94/264/61 96/268/61 242/268/61
f 95/266/63 300/266/63 301/269/63
f 73/125/46 289/125/46 291/270/46
f 147/271/466 143/260/466 368/260/466
f 96/268/61 98/272/61 245/272/61
f 148/273/467 359/273/467 367/262/467
f 97/269/468 301/269/468 302/274/468
f 72/124/45 76/126/45 290/126/45
f 41/112/13 37/113/13 271/113/13
f 98/272/61 100/275/61 248/275/61
f 149/276/469 145/265/469 364/265/469
f 101/277/470 99/274/470 302/274/470
f 150/84/471 355/84/471 363/267/471
f 40/111/30 272/111/30 269/89/30
f 102/278/61 251/278/61 248/275/61
f 103/279/63 101/277/63 303/277/63
f 69/96/45 287/96/45 289/125/45
f 151/98/472 147/271/472 360/271/472
f 104/280/61 254/280/61 251/278/61
f 152/103/473 351/103/473 359/273/473
f 105/281/63 103/279/63 304/279/63
f 72/124/167 288/124/167 286/108/167
f 37/113/28 33/110/28 268/110/28
f 116/282/63 323/282/63 420/100/63
f 106/88/61 257/88/61 254/280/61
f 153/139/474 149/276/474 356/276/474
f 174/283/65 118/104/65 419/104/65
f 107/94/63 105/281/63 305/281/63
f 228/284/475 227/287/475 194/285/475
f 227/287/170 232/289/170 192/288/170
f 232/289/476 235/633/476 190/290/476
f 190/290/172 235/633/172 238/291/172
f 238/291/477 241/294/477 186/293/477
f 241/294/478 244/296/478 184/295/478
f 244/296/479 247/634/479 182/297/479
f 182/297/480 247/634/480 250/298/480
f 180/299/481 250/298/481 253/300/481
f 178/301/482 253/300/482 256/302/482
f 256/302/179 259/305/179 173/304/179
f 259/305/483 262/635/483 171/306/483
f 171/306/181 262/635/181 265/307/181
f 115/308/182 265/307/182 228/309/182
f 268/110/183 226/330/183 231/311/183
f 284/312/484 250/332/484 247/313/484
f 269/315/185 227/328/185 228/316/185
f 283/123/485 281/121/485 246/318/485
f 270/317/187 228/316/187 265/320/187
f 293/130/188 264/351/188 225/322/188
f 280/323/486 282/314/486 247/313/486
f 279/119/487 243/350/487 246/318/487
f 294/321/191 265/320/191 262/325/191
f 272/327/192 232/336/192 227/328/192
f 285/186/488 283/123/488 249/319/488
f 268/110/194 267/109/194 225/322/194
f 286/331/489 253/338/489 250/332/489
f 273/112/196 271/113/196 231/311/196
f 287/96/490 285/95/490 252/329/490
f 274/335/198 235/342/198 232/336/198
f 288/337/491 256/344/491 253/338/491
f 275/115/200 273/112/200 234/333/200
f 289/125/201 287/96/201 255/334/201
f 274/335/492 276/347/492 238/341/492
f 290/343/203 259/349/203 256/344/203
f 275/115/493 237/339/493 240/345/493
f 289/125/205 258/340/205 261/346/205
f 276/347/494 278/352/494 241/348/494
f 292/326/207 262/325/207 259/349/207
f 277/117/495 240/345/495 243/350/495
f 293/130/209 291/128/209 261/346/209
f 278/352/496 280/323/496 244/324/496
f 266/353/497 295/636/497 197/354/497
f 202/356/498 263/637/498 266/353/498
f 260/357/213 263/637/213 202/356/213
f 257/359/214 260/357/214 204/358/214
f 208/361/499 254/363/499 257/359/499
f 210/362/500 251/365/500 254/363/500
f 212/364/501 248/638/501 251/365/501
f 245/366/502 248/638/502 212/364/502
f 242/368/503 245/366/503 214/367/503
f 239/370/504 242/368/504 216/369/504
f 236/372/221 239/370/221 218/371/221
f 233/374/222 236/372/222 220/373/222
f 224/376/223 230/378/223 233/374/223
f 197/377/224 295/639/224 230/378/224
f 313/379/225 314/640/225 309/380/225
f 321/382/226 322/439/226 317/383/226
f 326/385/227 310/381/227 309/380/227
f 318/384/228 317/383/228 329/387/228
f 334/389/229 326/385/229 325/386/229
f 338/391/230 330/388/230 329/387/230
f 342/393/32 334/389/32 333/390/32
f 338/391/32 337/392/32 345/395/32
f 350/397/231 342/393/231 341/394/231
f 354/399/232 346/396/232 345/395/232
f 358/401/233 350/397/233 349/398/233
f 354/399/234 353/400/234 361/403/234
f 358/401/235 357/402/235 365/405/235
f 362/404/236 361/403/236 369/407/236
f 374/409/237 366/406/237 365/405/237
f 370/408/238 369/407/238 377/411/238
f 382/413/505 374/409/505 373/410/505
f 386/415/240 378/412/240 377/411/240
f 390/417/506 382/413/506 381/414/506
f 394/419/242 386/415/242 385/416/242
f 390/417/243 389/418/243 397/421/243
f 394/419/244 393/420/244 401/423/244
f 398/422/507 397/421/507 405/425/507
f 402/424/246 401/423/246 409/427/246
f 406/426/247 405/425/247 413/429/247
f 410/428/508 409/427/508 417/431/508
f 414/430/249 413/429/249 314/433/249
f 418/432/250 417/431/250 322/435/250
f 313/437/251 310/440/251 311/236/251
f 309/380/252 314/640/252 315/243/252
f 321/438/253 318/442/253 319/232/253
f 322/439/509 323/238/509 324/230/509
f 310/440/255 326/444/255 327/228/255
f 309/380/510 316/234/510 328/226/510
f 330/441/257 331/224/257 319/232/257
f 317/383/258 324/230/258 332/221/258
f 334/443/259 335/203/259 327/228/259
f 325/386/260 328/226/260 336/192/260
f 338/445/261 339/167/261 331/224/261
f 329/387/262 332/221/262 340/140/262
f 342/446/511 343/102/511 335/203/511
f 341/394/264 333/390/264 336/192/264
f 338/445/512 346/448/512 347/83/512
f 337/392/266 340/140/266 348/139/266
f 350/447/513 351/103/513 343/102/513
f 349/398/514 341/394/514 344/97/514
f 346/448/515 354/450/515 355/84/515
f 353/400/516 345/395/516 348/139/516
f 350/447/517 358/452/517 359/273/517
f 357/402/518 349/398/518 352/98/518
f 362/449/519 363/267/519 355/84/519
f 361/403/520 353/400/520 356/276/520
f 366/451/521 367/262/521 359/273/521
f 365/405/522 357/402/522 360/271/522
f 370/453/523 371/257/523 363/267/523
f 369/407/524 361/403/524 364/265/524
f 366/451/525 374/454/525 375/250/525
f 365/405/526 368/260/526 376/249/526
f 370/453/527 378/455/527 379/246/527
f 369/407/528 372/255/528 380/242/528
f 374/454/529 382/456/529 383/240/529
f 373/410/530 376/249/530 384/248/530
f 378/455/531 386/457/531 387/237/531
f 377/411/532 380/242/532 388/235/532
f 382/456/533 390/459/533 391/233/533
f 389/418/534 381/414/534 384/239/534
f 386/457/535 394/461/535 395/229/535
f 393/420/536 385/416/536 388/235/536
f 398/458/537 399/225/537 391/233/537
f 389/418/538 392/231/538 400/222/538
f 402/460/539 403/210/539 395/229/539
f 393/420/540 396/227/540 404/198/540
f 398/458/295 406/463/295 407/173/295
f 405/425/296 397/421/296 400/222/296
f 410/462/541 411/105/541 403/210/541
f 401/423/298 404/198/298 412/99/298
f 406/463/542 414/466/542 415/91/542
f 413/429/543 405/425/543 408/154/543
f 418/464/301 419/104/301 411/105/301
f 409/427/302 412/99/302 420/100/302
f 313/465/303 312/92/303 415/91/303
f 314/433/304 413/429/304 416/85/304
f 321/467/305 320/283/305 419/104/305
f 322/435/306 417/431/306 420/100/306
f 113/468/307 196/470/307 229/160/307
f 115/469/308 195/641/308 196/470/308
f 169/471/544 113/468/544 308/106/544
f 169/471/310 171/473/310 115/469/310
f 172/472/545 169/471/545 307/93/545
f 172/472/312 173/475/312 171/473/312
f 305/281/313 175/474/313 172/472/313
f 175/474/546 176/477/546 173/475/546
f 177/476/547 175/474/547 305/281/547
f 177/476/548 178/479/548 176/477/548
f 179/478/549 177/476/549 304/279/549
f 179/478/550 180/642/550 178/479/550
f 181/480/551 179/478/551 303/277/551
f 182/481/552 180/642/552 179/478/552
f 301/269/553 183/482/553 181/480/553
f 183/482/554 184/643/554 182/481/554
f 300/266/555 185/484/555 183/482/555
f 186/483/556 184/643/556 183/482/556
f 299/263/557 187/486/557 185/484/557
f 188/485/558 186/483/558 185/484/558
f 298/259/327 189/488/327 187/486/327
f 190/487/559 188/485/559 187/486/559
f 191/489/560 189/488/560 298/259/560
f 191/489/561 192/491/561 190/487/561
f 193/490/562 191/489/562 297/256/562
f 193/490/332 194/493/332 192/491/332
f 196/492/333 193/490/333 296/251/333
f 196/492/334 195/644/334 194/493/334
f 423/148/563 421/220/563 174/494/563
f 122/496/336 424/138/336 425/204/336
f 126/497/564 425/204/564 426/199/564
f 426/199/565 427/193/565 134/499/565
f 427/193/566 428/188/566 138/500/566
f 428/188/567 429/181/567 142/501/567
f 429/181/568 430/174/568 146/502/568
f 430/174/569 431/169/569 150/503/569
f 431/169/570 432/162/570 154/504/570
f 432/162/344 433/155/344 158/505/344
f 158/505/345 433/155/345 434/149/345
f 434/149/346 423/148/346 166/495/346
f 118/507/347 422/137/347 424/138/347
f 421/135/348 422/137/348 118/507/348
f 437/145/571 435/218/571 170/509/571
f 120/511/572 436/134/572 438/208/572
f 124/512/573 438/208/573 439/202/573
f 128/513/574 439/202/574 440/197/574
f 132/514/575 440/197/575 441/190/575
f 136/516/576 441/190/576 442/184/576
f 140/518/577 442/184/577 443/177/577
f 144/519/578 443/177/578 444/172/578
f 444/172/579 445/166/579 152/521/579
f 445/166/580 446/159/580 156/522/580
f 446/159/581 447/153/581 160/523/581
f 447/153/582 448/146/582 164/524/582
f 448/146/583 437/145/583 168/510/583
f 170/525/584 435/132/584 436/134/584
f 85/526/585 449/244/585 450/212/585
f 451/143/586 449/216/586 85/528/586
f 88/527/587 450/212/587 452/206/587
f 90/530/588 452/206/588 453/201/588
f 92/531/589 453/201/589 454/195/589
f 94/532/590 454/195/590 455/189/590
f 96/533/591 455/189/591 456/183/591
f 456/183/592 457/176/592 100/535/592
f 457/176/593 458/171/593 102/536/593
f 458/171/594 459/164/594 104/537/594
f 459/164/595 460/157/595 106/538/595
f 460/157/596 461/151/596 108/539/596
f 461/151/597 462/141/597 110/540/597
f 462/141/598 451/143/598 112/529/598
f 463/541/65 7/545/65 2/542/65
f 465/544/65 9/547/65 7/545/65
f 22/546/65 466/549/65 9/547/65
f 24/548/65 467/551/65 466/549/65
f 468/550/65 10/553/65 467/551/65
f 469/552/65 8/555/65 10/553/65
f 469/552/65 470/557/65 1/554/65
f 471/556/65 4/559/65 1/554/65
f 471/556/65 472/560/65 6/558/65
f 472/560/65 26/562/65 473/561/65
f 26/562/65 28/564/65 474/563/65
f 28/564/65 475/566/65 5/565/65
f 475/566/65 476/568/65 3/567/65
f 476/568/65 464/543/65 2/542/65
f 485/569/31 513/569/31 515/570/31
f 482/571/246 510/571/246 517/572/246
f 491/573/382 511/573/382 513/569/382
f 499/574/248 508/574/248 510/571/248
f 491/573/51 492/575/51 506/575/51
f 498/576/250 505/576/250 508/574/250
f 475/72/599 481/72/599 479/577/599
f 468/70/381 486/70/381 484/578/381
f 464/579/600 476/577/600 479/577/600
f 469/578/601 484/578/601 477/580/601
f 470/580/51 477/580/51 480/581/51
f 463/582/250 464/579/250 478/579/250
f 472/76/382 471/581/382 480/581/382
f 465/75/508 463/582/508 483/582/508
f 492/583/158 491/587/158 483/584/158
f 485/586/65 493/589/65 483/584/65
f 485/586/65 487/591/65 494/588/65
f 488/590/65 495/593/65 494/588/65
f 496/592/65 486/595/65 495/593/65
f 496/592/65 497/597/65 484/594/65
f 498/596/65 477/599/65 484/594/65
f 498/596/65 499/601/65 480/598/65
f 482/600/65 500/603/65 480/598/65
f 489/602/65 501/605/65 500/603/65
f 490/604/65 502/607/65 501/605/65
f 490/604/65 503/608/65 481/606/65
f 503/608/65 504/610/65 479/609/65
f 504/610/65 492/583/65 478/585/65
f 511/573/65 512/614/65 514/611/65
f 506/575/65 507/612/65 508/574/65
f 507/612/65 509/616/65 510/571/65
f 510/571/65 509/616/65 518/613/65
f 512/614/65 511/573/65 506/575/65
f 513/569/65 514/611/65 516/615/65
f 489/572/45 517/572/45 518/613/45
f 488/615/32 487/570/32 515/570/32
f 490/613/602 518/613/602 509/616/602
f 488/615/54 516/615/54 514/611/54
f 503/616/156 509/616/156 507/612/156
f 497/614/380 496/611/380 514/611/380
f 504/612/27 507/612/27 506/575/27
f 498/576/226 497/614/226 512/614/226
g car_Mesh
v -0.682919 0.122149 -0.823663
v -0.589180 1.429583 -0.214833
v 0.921233 0.122149 -0.835048
v 0.898313 1.429583 -0.226272
v -0.636045 0.088739 0.718962
v -0.619804 1.460655 0.645907
v 0.958728 0.088739 0.705442
v 0.936672 1.463568 0.625958
v -0.700639 1.039062 -0.660345
v 1.002907 1.039062 -0.673445
v 1.002889 0.934823 0.794039
v -0.678054 0.934823 0.806965
v 0.880045 0.092991 -2.075435
v -0.599353 0.092991 -2.064059
v -0.622137 1.385962 -1.889735
v -0.621815 1.296003 -1.521175
v 0.915915 0.927497 2.693805
v 0.913710 0.175889 2.800061
v -0.531506 0.175889 2.811175
v -0.566788 0.921635 2.667120
v 0.924490 0.122149 -0.571735
v 0.986098 1.463736 -0.088014
v -0.620139 0.122149 -0.559857
v -0.643270 1.446092 -0.080132
v -0.782877 1.004618 -0.672600
v 1.104396 0.972982 -0.702666
v -0.621954 1.394828 -0.256246
v 0.930445 1.394828 -0.268183
v 0.975361 1.372720 0.675011
v -0.650709 1.372720 0.687516
v 0.961653 1.477003 0.548007
v -0.636961 0.088739 0.585860
v 1.114861 0.934823 0.658202
v 0.957813 0.088739 0.572340
v -0.620209 1.479144 0.593163
v -0.792101 0.934823 0.672867
v -0.743059 1.039109 0.704059
v 1.066305 1.039109 0.690145
v 0.970061 1.063136 -0.612609
v -0.613336 0.088739 -0.960682
v -0.633503 0.089941 -1.926583
v 0.916306 0.089941 -1.938501
v 0.910995 0.088739 -0.972404
v -0.611344 1.246276 -1.378755
v -0.624252 1.336201 -1.680020
v -0.606299 1.194085 -1.235832
v 0.914547 1.388878 -2.004032
v -0.607371 0.088739 1.134907
v -0.598493 0.093592 2.114311
v -0.649331 0.849725 1.896065
v -0.654707 0.934823 1.354373
v 0.937259 0.088739 1.123028
v 0.943444 0.093592 2.102454
v 0.987964 0.908953 1.341741
v 0.993340 0.874931 1.883433
v 1.136681 0.600461 -0.798982
v 1.179871 0.600461 0.703567
v -0.857189 0.600461 0.720836
v -0.836329 0.600461 -0.783809
v 1.050029 0.593707 -2.203355
v -0.780668 0.676408 -2.185134
v 1.050311 0.645436 2.798297
v -0.697361 0.645436 2.811736
v 1.137332 0.600461 -0.714271
v -0.835677 0.600461 -0.699099
v -0.857510 0.600461 0.674181
v 1.179551 0.600461 0.656912
v 1.009455 1.528831 0.198921
v -0.824997 0.539735 -1.169306
v -0.841478 0.539735 -1.716540
v 1.115966 0.575819 -1.182349
v 1.127486 0.539735 -1.731681
v 1.152926 0.539735 1.313486
v 1.157343 0.539735 1.887892
v -0.820084 0.539735 1.328658
v -0.815667 0.539735 1.903064
v 1.104205 0.445381 -0.835257
v 1.104880 0.280780 -0.861875
v 1.156737 0.422210 0.703763
v 1.125930 0.242641 0.704024
v -0.834053 0.422210 0.720640
v -0.803248 0.242641 0.720379
v 0.990439 0.380195 -2.214843
v 0.973992 0.314937 -2.212383
v 1.030936 0.486465 2.799160
v 1.052704 0.355636 2.729238
v -0.677975 0.486465 2.812301
v -0.619115 0.322820 2.811848
v 1.115028 0.422210 -0.700696
v 1.061952 0.177443 -0.738529
v -0.853489 0.422210 -0.685559
v -0.797041 0.276050 -0.691903
v -0.834374 0.422210 0.673985
v -0.803722 0.242641 0.651385
v 1.156416 0.422210 0.657108
v 1.125456 0.242641 0.635030
v -0.647810 0.088739 -0.230679
v 0.964481 1.543017 0.301712
v -0.802231 0.410762 -1.080800
v -0.772528 0.309458 -1.042214
v -0.819551 0.410762 -1.805388
v -0.793401 0.309458 -1.844405
v 1.133736 0.473863 1.235015
v 1.099641 0.309458 1.178695
v 1.135659 0.410762 1.982098
v 1.106137 0.309458 2.023485
v -0.798048 0.276050 -0.822777
v -0.854243 0.422210 -0.783672
v -0.695395 0.314937 -2.199546
v -0.711878 0.380195 -2.201753
v 1.070831 0.279710 -1.046301
v 1.098022 0.410762 -1.095413
v 1.079563 0.234856 -1.874958
v 1.104195 0.410762 -1.820181
v -0.768878 0.309458 1.193064
v -0.798399 0.410762 1.234452
v -0.762382 0.309458 2.037853
v -0.792536 0.410762 1.996926
v -0.652511 0.904052 1.673330
v -0.653486 0.909913 1.517962
v 0.989185 0.909913 1.505331
v 0.990160 0.904052 1.660698
v -0.818866 0.564857 1.487037
v -0.816885 0.564857 1.744684
v 1.154144 0.564857 1.471865
v 1.156125 0.564857 1.729512
v 0.728866 1.459745 -2.018768
v -0.464840 1.439904 -1.967946
v -0.300394 0.188995 -2.171045
v 0.579475 0.188995 -2.177811
v 0.758668 1.031848 -0.679955
v -0.456530 1.031848 -0.670610
v -0.407042 0.934823 0.804881
v 0.731877 0.934823 0.796123
v 0.918659 1.368694 -1.905663
v 0.351431 1.371546 -1.902395
v -0.055041 1.376101 -1.898194
v 0.354093 1.232737 -1.558289
v 1.123158 0.584199 -1.330133
v 1.124233 0.564857 -1.582293
v -0.830799 0.584199 -1.315108
v -0.835928 0.564857 -1.567220
v -0.362725 1.500694 0.643930
v 0.686742 1.500694 0.635859
v 0.482247 1.481361 -0.235394
v -0.367744 1.456171 -0.227284
v -0.430986 0.089945 -1.924660
v 0.713238 0.088739 -0.967350
v -0.475615 0.309882 -1.037629
v -0.415525 0.088739 -0.958670
v -0.487364 0.309035 -1.839892
v -0.402554 0.093857 2.112782
v 0.747504 0.093857 2.103938
v 0.803145 0.309458 1.180976
v 0.739973 0.088739 1.124545
v 0.809642 0.309458 2.025765
v 0.771845 0.412732 -1.084955
v 0.771227 0.543666 -1.172170
v 0.761296 0.416167 -1.795472
v 0.751218 0.535805 -1.719377
v -0.472066 0.410762 1.231943
v -0.471343 0.539735 1.325976
v -0.466203 0.410762 1.994416
v -0.466926 0.539735 1.900382
v -0.468144 0.564857 1.742002
v 0.807384 0.564857 1.732194
v 0.808602 0.539735 1.890573
v 0.763868 0.563252 -1.570274
v -0.475421 0.563252 -1.560744
v -0.465066 0.535805 -1.710024
v -0.476656 0.543666 -1.162575
v -0.475933 0.412732 -1.075360
v -0.480686 0.408793 -1.800045
v 0.804185 0.539735 1.316168
v 0.803462 0.410762 1.222134
v 0.809325 0.410762 1.984608
v 0.833655 0.309881 -1.049239
v 0.713842 0.089945 -1.933464
v 0.771518 0.309035 -1.849572
v -0.410086 0.088739 1.133389
v -0.472382 0.309458 1.190784
v -0.465886 0.309458 2.035573
v -0.341347 0.295901 -1.535491
v -0.385588 0.453399 -1.617375
v 0.646196 0.255514 1.660980
v 0.647965 0.480297 1.834804
v -0.301309 0.480297 1.821956
v -0.301388 0.296060 1.646922
v 0.674173 0.453399 -1.616760
v 0.630222 0.295899 -1.520233
v -0.470125 0.564857 1.484356
v 0.805403 0.564857 1.474547
v 0.639450 0.288040 1.566855
v 0.639520 0.480297 1.394563
v -0.309754 0.480297 1.381715
v -0.308123 0.296058 1.557764
v 0.771613 0.585804 -1.318182
v -0.479112 0.585804 -1.308564
v -0.339919 0.296206 -1.439703
v -0.386083 0.456315 -1.267441
v 0.684401 0.456315 -1.266821
v 0.637826 0.296204 -1.461772
v -0.382897 0.175889 2.829392
v 0.736156 0.175889 2.820787
v 0.697924 0.927497 2.714842
v -0.348499 0.921635 2.684801
v 0.638815 1.548979 -0.031734
v -0.368888 1.510331 -0.050145
v 0.728137 1.412758 0.676912
v -0.403484 1.412758 0.685615
v 0.686336 1.519183 0.583116
v -0.363131 1.519183 0.591186
v -0.708311 1.243497 0.677077
v -0.631209 1.254768 -0.445072
v -0.691338 1.244532 0.706374
v 0.748469 1.214469 -1.228010
v -0.241186 1.184292 -1.052575
v 0.757301 1.356285 -1.672475
v -0.179699 1.370018 -1.656396
v 0.756344 0.684904 2.820632
v -0.403085 0.684904 2.829547
v -0.509127 0.631676 -2.183718
v 0.787990 0.631676 -2.193693
v -0.378594 0.269011 -2.203901
v 0.657161 0.269011 -2.211866
v -0.352834 0.322225 -2.206964
v 0.631359 0.322225 -2.214532
v 0.670199 0.431521 2.833032
v -0.192647 0.237626 2.791468
v 0.755436 0.505745 2.820638
v -0.402177 0.505745 2.829540
v 0.750851 1.266578 -1.371010
v -0.254972 1.276120 -1.284120
v 0.757513 1.316113 -1.513607
v -0.465844 1.329823 -1.500961
v -0.019504 1.483881 -0.241353
v 0.328296 1.483881 -0.244028
v 0.215058 1.534647 0.642539
v -0.012903 1.534647 0.641240
v 0.352238 0.893909 0.799042
v -0.027402 0.916420 0.801962
v -0.051666 1.027096 -0.677630
v 0.353745 1.027096 -0.680748
v 0.342700 0.172843 -2.182750
v -0.063722 0.172843 -2.179626
v -0.060254 1.427459 -1.976612
v 0.329129 1.434605 -2.041243
v -0.009612 0.175889 2.832479
v 0.508925 0.208692 2.828492
v 0.485697 0.927497 2.722432
v -0.134934 0.897087 2.727204
v 0.330757 1.528713 -0.055525
v 0.168517 1.533059 0.047867
v 0.350930 1.451396 0.679813
v -0.026278 1.432952 0.682714
v 0.137209 1.553136 0.592331
v -0.013308 1.553136 0.588496
v -0.439139 1.558038 0.112202
v 0.683386 1.564525 0.263083
v 1.016277 1.244532 0.693242
v 0.960563 1.254768 -0.457312
v 0.330186 1.140896 -1.283091
v 0.164628 1.100843 -1.090856
v 0.348728 1.352953 -1.672734
v -0.059713 1.357531 -1.668511
v 0.508925 0.664716 2.828492
v -0.155574 0.664716 2.833602
v -0.080064 0.631676 -2.204894
v 0.358652 0.631676 -2.208267
v -0.318695 0.167857 -2.172011
v -0.064190 0.168039 -2.188433
v -0.063151 0.339541 -2.223556
v 0.341454 0.339541 -2.226668
v 0.508925 0.322820 2.828492
v 0.071623 0.408255 2.786177
v 0.508925 0.486465 2.828492
v -0.155574 0.486465 2.833602
v 0.442716 1.214368 -1.353099
v -0.055545 1.218881 -1.391586
v 0.127015 1.263959 -1.487114
v -0.058198 1.317343 -1.509657
v -0.833919 0.813006 -0.783829
v -0.789644 0.757309 -2.129343
v 1.116498 0.767457 -1.255723
v 1.131334 0.710599 -1.705490
v -0.817568 0.813006 1.342403
v -0.813712 0.782124 1.843958
v 1.134272 0.813006 -0.798964
v 1.145834 0.813006 0.704621
v -0.822357 0.813006 0.719756
v 0.352476 1.183146 -1.415744
v 1.048036 0.805679 2.779985
v -0.696321 0.805679 2.793399
v 1.134879 0.813006 -0.720035
v -0.833312 0.813006 -0.704899
v -0.822715 0.813006 0.673102
v 1.145475 0.813006 0.657967
v -0.016259 1.580767 0.268464
v 0.333564 1.601561 0.265774
v -0.636845 1.518000 0.273236
v 0.957807 0.088739 -0.244554
v -0.823172 0.767457 -1.240808
v -0.844923 0.710599 -1.690293
v 1.126575 0.880997 1.284238
v 1.154479 0.813006 1.828823
v -0.816283 0.813006 1.509588
v -0.814997 0.813006 1.676774
v 1.151908 0.813006 1.494454
v 1.153194 0.813006 1.661638
v 1.120180 0.748505 -1.405635
v 1.131543 0.729552 -1.555607
v -0.829159 0.748505 -1.390646
v -0.842826 0.729552 -1.540425
v 0.755721 0.785491 2.801593
v -0.403708 0.785491 2.810508
v 0.354024 1.321731 -1.692728
v 0.444668 1.109674 -1.233139
v -0.054957 1.396238 -1.996606
v 0.758038 1.374900 -1.902115
v 0.508301 0.805679 2.809453
v -0.156197 0.783881 2.814563
v -0.629948 0.092169 -2.010278
v -0.461379 1.388566 -1.889510
v 0.911463 0.092169 -2.022131
v -0.460548 1.298601 -1.520956
v -0.817726 0.571298 -2.104387
v 1.097772 0.571298 -2.119117
v -0.794205 0.262056 -2.090438
v -0.812688 0.469952 -2.122046
v 1.092462 0.469952 -2.136697
v 1.029342 0.156932 -2.102782
v -0.205655 1.419788 -1.796157
v 0.813111 1.419166 -1.911962
v 0.129030 1.407323 -1.782662
v 0.614343 1.393331 -1.839115
v 1.125208 0.684083 -2.046128
v -0.851682 0.691225 -2.019284
v -0.581966 0.125401 2.608493
v 0.931804 0.125401 2.596852
v 0.992639 0.902772 2.498278
v -0.648785 0.883427 2.548987
v 1.149517 0.689839 2.664830
v -0.811175 0.689839 2.679907
v 1.017769 0.177237 2.613190
v 1.130349 0.532531 2.664290
v -0.792017 0.532531 2.679072
v -0.726514 0.316669 2.663087
v 0.803350 0.125194 2.611453
v -0.453302 0.125194 2.621117
v -0.053648 0.125255 2.623924
v 0.549747 0.158058 2.619284
v -0.810069 0.785493 2.660829
v 1.147165 0.785493 2.645778
v -0.692658 1.063136 -0.599823
v 0.797423 1.048565 0.692213
v -0.474177 1.048565 0.701991
v 0.373556 1.057691 0.695472
v -0.050311 1.057691 0.698732
v 0.928337 1.534107 0.365236
v -0.661181 0.115115 0.400316
v 0.685544 1.524683 0.480103
v -0.357012 1.499543 0.307501
v 0.363800 1.554260 0.393319
v 0.106347 1.533497 0.380832
v -0.623055 1.484644 0.490166
v 0.979958 0.115115 0.385279
v -0.060699 0.093102 -2.086471
v -0.465369 0.093028 -2.064853
v 0.358455 0.441211 -2.228538
v 0.787834 0.441211 -2.213963
v -0.509283 0.441211 -2.203988
v -0.535087 0.314937 -2.200604
v 0.813687 0.314937 -2.210976
v 0.746065 0.093028 -2.074169
v 0.341110 0.093102 -2.089561
v -0.080179 0.441211 -2.225165
v 0.361410 0.676277 -2.206302
v 0.862707 0.593375 -2.198390
v 0.361273 0.425312 -2.229874
v 0.838557 0.380196 -2.213487
v -0.583908 0.593375 -2.187265
v -0.559992 0.380196 -2.202732
v -0.082792 0.676277 -2.202886
v -0.083017 0.425312 -2.226457
v 1.050165 0.425312 -2.216963
v 0.994874 0.239052 -2.215638
v -0.732354 0.269821 -2.197714
v -0.771629 0.425312 -2.202954
v 0.767414 0.142434 -2.200168
v 0.862619 0.479671 -2.209825
v -0.467821 0.269821 -2.199451
v -0.583996 0.479671 -2.198701
v -0.859122 0.652336 -2.091416
v -0.771284 0.593707 -2.189349
v 1.139387 0.652336 -2.107599
v 1.054858 0.612784 -2.201544
v 0.805654 0.672751 -2.176064
v 0.805704 0.425312 -2.214787
v 1.050743 0.479619 -2.210988
v -0.836205 0.409867 -2.083210
v -0.772115 0.479619 -2.196970
v 1.116575 0.409867 -2.098227
v -0.526891 0.676854 -2.182802
v -0.527164 0.425312 -2.204538
v -0.447973 0.934823 0.716877
v -0.791742 0.934823 0.719521
v -0.384240 0.926031 2.788385
v -0.656297 0.926031 2.771117
v -0.727710 0.934823 1.339272
v 1.104552 0.886358 2.591875
v 1.006573 0.926031 2.758330
v -0.759501 0.877566 2.549078
v -0.740353 0.849725 1.898207
v -0.763275 0.934823 1.509711
v 1.115220 0.934823 0.704856
v 1.097600 0.908953 1.325236
v 1.054060 0.904052 1.655647
v 1.085235 0.874931 1.884168
v -0.762302 0.864497 1.669614
v 1.098860 0.886985 1.493926
v 0.771451 0.934823 0.707500
v -0.041498 0.916420 0.713752
v 0.734814 0.909677 2.779780
v -0.156334 0.894487 2.796844
v 0.364976 0.916416 0.710626
v 0.507419 0.909677 2.766324
v 0.497398 0.597632 1.386431
v 0.896426 0.597632 1.230934
v 0.689558 0.597632 1.837427
v 0.919175 0.597632 1.835662
v 0.620688 0.597632 1.561248
v 0.890586 0.597632 1.535787
v 0.688296 0.597632 1.673273
v 0.921467 0.597632 1.694018
v -0.624397 0.594728 1.228137
v -0.290894 0.597632 1.405078
v 0.479742 0.596200 1.270245
v -0.600015 0.616373 1.869735
v -0.333311 0.597632 1.982841
v 0.471419 0.597632 1.914727
v -0.654476 0.607064 1.577957
v -0.351238 0.597632 1.517103
v 0.340943 0.597632 1.511781
v -0.616271 0.627305 1.712461
v -0.219654 0.597632 1.758265
v 0.241503 0.547505 1.748204
v 0.697938 0.597632 0.795974
v -0.374040 0.597632 0.805061
v 0.694368 0.538713 2.639482
v 0.652365 0.588840 2.734236
v -0.343903 0.588840 2.647466
v -0.300447 0.588840 2.741563
v -0.105927 0.597632 1.215228
v 0.202336 0.597632 1.968332
v 0.135836 0.597632 1.426772
v -0.003885 0.597632 1.678596
v 0.483544 0.588840 2.647061
v 0.458897 0.588840 2.741681
v -0.082043 0.588840 2.574794
v -0.106887 0.588840 2.746032
v 0.340611 0.597632 0.799003
v -0.016714 0.597632 0.802032
v 0.923796 0.588840 2.613070
v -0.573709 0.588840 2.624585
v -0.647581 0.611040 0.815479
v -0.499458 0.588840 2.723733
v 0.851079 0.588840 2.713348
v 0.953020 0.597632 0.793811
v 1.148275 0.650427 2.664056
v 1.050510 0.684904 2.799168
v -0.402177 0.645436 2.829540
v -0.697546 0.684904 2.812610
v -0.809945 0.650427 2.679115
v 0.755436 0.645436 2.820638
v 0.735533 0.805679 2.801748
v -0.383520 0.805679 2.810353
v 1.048144 0.785491 2.780064
v -0.821956 0.774797 2.644777
v -0.696429 0.785491 2.793479
v 1.158802 0.805679 2.629546
v 1.161835 0.670247 2.648566
v 1.050795 0.664716 2.799007
v -0.382897 0.664716 2.829392
v -0.697834 0.664716 2.812454
v -0.823742 0.670247 2.663835
v -0.382897 0.486465 2.829392
v -0.679812 0.505745 2.811222
v 1.139428 0.509231 2.648738
v 1.032755 0.505745 2.798053
v -0.801334 0.509231 2.663662
v 0.736156 0.664716 2.820787
v 0.736156 0.486465 2.820787
v -0.079358 0.629458 -2.181573
v -0.079474 0.438993 -2.201844
v 0.358304 0.629458 -2.184938
v 0.358109 0.438993 -2.205209
v 0.787117 0.629460 -2.170377
v 0.786961 0.438995 -2.190646
v -0.507896 0.629460 -2.160418
v -0.508052 0.438995 -2.180688
v 0.361590 0.648113 -2.215943
v 0.806089 0.648355 -2.200841
v 0.361418 0.426042 -2.238291
v 0.805916 0.426127 -2.223195
v -0.527334 0.648355 -2.190587
v -0.527505 0.426127 -2.212941
v -0.083120 0.648113 -2.212523
v -0.083292 0.426042 -2.234872
v 0.358756 0.632062 -2.216708
v 0.788207 0.632282 -2.202119
v 0.358560 0.441934 -2.236957
v 0.788051 0.442023 -2.222371
v -0.509474 0.632282 -2.192140
v -0.509630 0.442023 -2.212392
v -0.080299 0.632062 -2.213331
v -0.080413 0.441934 -2.233582
v -0.060346 0.189015 -2.186419
v -0.318138 0.172843 -2.163283
v 0.337838 0.322225 -2.225698
v 0.657153 0.339541 -2.214668
v -0.378629 0.339541 -2.206703
v -0.352892 0.272443 -2.206431
v 0.631424 0.272443 -2.214001
v 0.597338 0.172843 -2.170323
v 0.339220 0.189015 -2.189492
v -0.059520 0.322225 -2.222642
v 0.337523 0.275001 -2.199902
v 0.630404 0.276885 -2.189899
v -0.351502 0.276885 -2.182348
v -0.058809 0.275001 -2.196854
v -0.059554 0.198790 -2.163937
v 0.338774 0.198790 -2.167001
v -0.058754 0.322945 -2.198138
v 0.337448 0.322945 -2.201184
v -0.299000 0.198921 -2.148657
v 0.630390 0.322796 -2.190029
v -0.351489 0.322796 -2.182479
v 0.578427 0.198921 -2.155404
v 0.341729 0.338788 -2.236412
v 0.657770 0.339015 -2.224414
v -0.379396 0.339015 -2.216438
v -0.379235 0.266405 -2.213381
v 0.657657 0.266405 -2.221354
v 0.597760 0.167857 -2.179058
v 0.343033 0.168039 -2.191565
v -0.063576 0.338788 -2.233295
v -0.060725 0.184198 -2.195225
v -0.301014 0.184076 -2.179797
v 0.338035 0.321486 -2.235444
v 0.631958 0.321631 -2.224275
v -0.353584 0.321631 -2.216697
v -0.353509 0.269517 -2.215841
v 0.631895 0.269517 -2.223418
v 0.579961 0.184076 -2.186571
v 0.339464 0.184198 -2.198302
v -0.059867 0.321486 -2.232384
v -0.778334 0.481774 -2.207675
v -0.776171 0.595928 -2.200822
v 1.061885 0.785749 2.790932
v 1.064361 0.685163 2.809979
v -0.710000 0.785749 2.804557
v -0.711229 0.685163 2.823633
v 1.054739 0.595928 -2.214901
v 1.056797 0.481774 -2.221786
v 1.065117 0.643766 2.808550
v 1.046605 0.504182 2.808822
v -0.712008 0.643766 2.822216
v -0.693493 0.504182 2.822203
v 0.990277 0.379109 -2.230908
v 0.973829 0.313851 -2.228447
v -0.695479 0.313851 -2.215611
v -0.711963 0.379109 -2.217818
v 0.813524 0.313851 -2.227040
v 0.838395 0.379109 -2.229551
v -0.535172 0.313851 -2.216669
v -0.560077 0.379109 -2.218797
v -0.834781 0.572438 -2.103140
v 1.114844 0.572438 -2.118133
v 0.862300 0.595944 -2.213681
v 0.862212 0.482239 -2.225118
v -0.829801 0.471092 -2.120799
v 1.109593 0.471092 -2.135713
v -0.583736 0.595944 -2.202562
v -0.583824 0.482239 -2.213998
v 1.162692 0.690291 2.666560
v -0.402964 0.684916 2.843713
v -0.824322 0.690291 2.681839
v 0.756440 0.684916 2.834797
v 0.755817 0.785503 2.815758
v -0.403587 0.785503 2.824674
v -0.823236 0.785945 2.662761
v 1.160360 0.785945 2.647508
v 1.161319 0.647682 2.665783
v -0.402166 0.645388 2.843707
v -0.822961 0.647682 2.681042
v -0.402166 0.505697 2.843707
v 1.143600 0.529786 2.666016
v -0.805240 0.529786 2.681002
v 0.755642 0.645388 2.834804
v 0.755642 0.505697 2.834804
v 0.983736 0.122149 -0.607230
v 0.980740 0.122149 -0.836456
v -0.698223 0.088739 0.613258
v -0.697492 0.088739 0.719482
v -0.467243 0.093895 -2.124354
v -0.636210 0.093895 -2.123351
v -0.691269 0.092422 -2.026563
v 0.968140 0.088739 -1.033402
v -0.623397 0.122149 -0.823171
v -0.679924 0.122149 -0.594436
v 1.020175 0.088739 0.704921
v 1.019445 0.088739 0.598696
v 1.005830 0.088739 -0.244969
v -0.710266 0.115115 0.400766
v -0.671413 0.088739 -1.020794
v 0.972527 0.092422 -2.039357
v 0.979487 0.088739 -1.880589
v -0.666590 0.088739 1.173881
v 0.997070 0.088739 1.161087
v -0.695833 0.088739 -0.230264
v -0.659810 0.088739 2.055462
v -0.462525 0.088739 2.053945
v -0.469305 0.088739 1.172364
v -0.474625 0.088739 -1.018791
v 0.759984 0.107444 -1.820873
v 1.008815 0.092893 2.079169
v 0.806564 0.088739 2.044186
v 0.771407 0.088739 -1.028374
v 0.799785 0.088739 1.162605
v -0.695787 0.088739 -1.867706
v -0.492046 0.088739 -1.865756
v -0.341338 0.229982 -1.533639
v 0.637345 0.229982 -1.463471
v -0.301399 0.229976 1.643631
v 0.644696 0.229977 1.658666
v -0.306347 0.229978 1.561890
v 0.639761 0.229974 1.569922
v -0.340168 0.229982 -1.441880
v 0.630880 0.229982 -1.519470
v 0.915985 0.093895 -2.135287
v 0.747024 0.093895 -2.133691
v -0.062630 0.093895 -2.145969
v 0.342126 0.093895 -2.149081
v 1.029043 0.115115 0.384830
v -0.610639 0.130273 2.662196
v 0.996685 0.144671 2.668592
v 0.550891 0.163077 2.678582
v -0.053880 0.130273 2.683233
v -0.456659 0.130273 2.680372
v 0.807617 0.130273 2.670650
v 0.811098 1.440266 -0.230027
v 0.915141 1.034356 -0.673281
v 0.986325 1.419623 -1.930948
v 0.824934 0.175889 2.810424
v 0.929156 0.673229 -2.177951
v 0.830781 0.151398 -2.194986
v 0.927935 0.425312 -2.215875
v 1.058483 0.548812 -1.167385
v 0.972492 0.410762 1.983353
v 0.966629 0.410762 1.220879
v 0.982973 0.539735 1.889232
v 0.877362 0.088739 -1.898150
v 0.932473 0.224651 -1.891624
v 1.012521 0.478587 -1.073863
v 0.957890 0.309458 2.024625
v 0.905206 0.088739 2.043427
v 0.921189 0.242909 -1.031088
v 0.870482 0.088739 -1.009227
v 0.981755 0.564857 1.730853
v 0.898428 0.088739 1.161846
v 0.951394 0.309458 1.179836
v 0.978555 0.539735 1.314827
v 0.979774 0.564857 1.473206
v 0.921675 0.356752 -1.787398
v 0.943960 0.544882 -1.738042
v 0.939131 0.571167 -1.581367
v 0.947620 0.592114 -1.316834
v 0.833453 1.453375 0.661173
v 0.943335 0.934823 0.706178
v 0.831505 0.093895 -2.134490
v 0.871413 0.897896 2.791023
v 0.850847 1.545261 0.075102
v 0.883572 1.392739 0.675717
v 0.814876 1.499164 0.582128
v 0.906748 1.208290 -1.231533
v 0.989643 1.332327 -1.620635
v 0.893476 0.664716 2.809897
v 0.850241 0.275889 2.814716
v 0.883546 0.486465 2.809973
v 0.910006 1.260389 -1.374542
v 1.021840 1.314126 -1.551166
v 0.885617 1.550914 0.221740
v 0.918997 1.258739 0.693990
v 0.891784 0.805679 2.790866
v 0.903004 0.761873 -2.123744
v 0.930195 1.409126 -1.834589
v 0.899080 0.130273 2.660267
v 0.975700 1.043837 0.690842
v 0.815110 1.504664 0.479107
v 0.893839 0.314937 -2.211680
v 0.914498 0.380195 -2.214165
v 0.956368 0.593541 -2.200872
v 0.956681 0.479645 -2.210407
v 0.867384 0.934823 0.795081
v 0.806920 0.927497 2.704324
v 0.813608 0.597632 1.214496
v 0.730758 0.597632 1.476249
v 0.803104 0.597632 1.672390
v 0.809082 0.588840 2.626275
v 0.825479 0.597632 0.794892
v 0.751722 0.588840 2.723792
v 0.903427 0.684904 2.809900
v 0.901932 0.785491 2.790828
v 0.902874 0.645436 2.809468
v 0.894096 0.505745 2.809346
v 0.893677 0.313851 -2.227744
v 0.914336 0.379109 -2.230228
v 0.958519 0.595936 -2.214292
v 0.959504 0.482007 -2.223452
v 0.910401 0.685040 2.822388
v 0.908851 0.785626 2.803345
v 0.910380 0.644577 2.821677
v 0.901124 0.504940 2.821813
v 0.815112 0.089943 -1.935983
v 0.845474 0.093724 2.103196
v 0.812116 0.088739 -0.969878
v 0.838616 0.088739 1.123787
v 0.813055 0.093010 -2.074803
v 0.867577 0.125298 2.604154
v -0.552906 0.122149 -0.824188
v -0.491265 1.480675 0.644918
v -0.619857 0.934823 0.718199
v -0.551726 0.093895 -2.123853
v -0.519549 0.905699 2.801719
v -0.584938 1.465171 0.046675
v -0.549644 0.122149 -0.560399
v -0.558919 1.392739 0.686810
v -0.491670 1.499164 0.592175
v -0.564177 0.088739 0.585243
v -0.624551 1.180476 -1.093146
v -0.464065 1.367423 -1.741914
v -0.520221 1.538019 0.396592
v -0.540366 0.664716 2.820923
v -0.495376 0.385401 2.821944
v -0.530436 0.486465 2.820847
v -0.614134 0.309458 2.036713
v -0.561168 0.088739 2.054703
v -0.620631 0.309458 1.191924
v -0.658761 0.544882 -1.727697
v -0.649242 0.416889 -1.821579
v -0.623456 0.316782 -1.021118
v -0.567947 0.088739 1.173122
v -0.572368 0.088739 -0.999914
v -0.629370 0.410762 1.995671
v -0.641296 0.539735 1.901723
v -0.638529 0.418859 -1.061183
v -0.645713 0.539735 1.327317
v -0.635233 0.410762 1.233197
v -0.651155 0.571167 -1.571102
v -0.650416 0.548812 -1.153394
v -0.654775 0.592114 -1.306491
v -0.642308 0.316358 -1.862921
v -0.595010 0.088739 -1.888646
v -0.642514 0.564857 1.743343
v -0.644495 0.564857 1.485697
v -0.449451 1.277498 -1.324640
v -0.658695 1.355923 -1.554550
v -0.502034 1.440266 -0.219930
v -0.563261 0.088739 0.718344
v -0.612881 1.034356 -0.661530
v -0.624905 1.437293 -1.968178
v -0.442581 0.175889 2.820171
v -0.623924 1.258739 0.705855
v -0.649890 0.677100 -2.182840
v -0.600088 0.269821 -2.198583
v -0.649397 0.425312 -2.203746
v -0.574532 0.088739 -0.231312
v -0.623277 0.765636 -2.129065
v -0.539921 0.805679 2.801876
v -0.606961 1.417184 -1.866328
v -0.548270 0.130273 2.671396
v -0.652454 1.043837 0.703362
v -0.586281 0.115115 0.399630
v -0.437214 1.504664 0.526686
v -0.615241 0.314937 -2.200076
v -0.635935 0.380195 -2.202242
v -0.677596 0.593541 -2.188307
v -0.678055 0.479645 -2.197836
v -0.542548 0.934823 0.805923
v -0.457643 0.921635 2.675961
v -0.467312 0.597632 1.271635
v -0.525128 0.597632 1.813122
v -0.560825 0.597632 1.450456
v -0.356973 0.597632 1.716498
v -0.458806 0.588840 2.636025
v -0.501581 0.597632 0.806143
v -0.399953 0.588840 2.732648
v -0.550316 0.684904 2.821079
v -0.550068 0.785491 2.801994
v -0.549769 0.645436 2.820639
v -0.540994 0.505745 2.820381
v -0.615326 0.313851 -2.216140
v -0.636020 0.379109 -2.218306
v -0.679953 0.595936 -2.201692
v -0.681079 0.482007 -2.210836
v -0.557096 0.685040 2.833673
v -0.556794 0.785626 2.814615
v -0.557086 0.644577 2.832961
v -0.547830 0.504940 2.832955
v -0.532362 0.093010 -2.064456
v -0.500523 0.093724 2.113547
v -0.508728 0.088739 1.134148
v -0.514430 0.088739 -0.959677
v -0.532283 0.089943 -1.925622
v -0.517634 0.125298 2.614805
v -0.684683 1.398879 -0.239998
v -0.639246 1.459077 -0.160692
v 0.814407 1.475618 -0.178737
v 0.949206 1.459077 -0.172907
v 1.034445 1.064968 -0.604325
v -0.052901 1.286121 -1.529652
v 0.762810 1.284891 -1.533602
v -0.694821 1.257894 -0.432339
v 0.987338 1.344023 -0.303818
v 1.024363 1.257894 -0.445559
v -0.756907 1.064968 -0.590550
v 0.923939 1.278679 -1.537154
v -0.504553 1.475618 -0.168594
v -0.369860 1.492158 -0.176497
v 0.329696 1.520211 -0.193522
v 0.673801 1.498786 -0.134473
v -0.452051 1.248897 -1.378515
v -0.050248 1.187660 -1.411581
v 0.756147 1.235356 -1.391005
v 0.915302 1.229167 -1.394536
v -0.020127 1.520211 -0.190832
v -0.462720 1.338796 -1.679803
v 1.010194 1.440336 -0.130420
v 1.036005 1.274748 -0.393028
v -0.699574 1.440336 -0.117272
v -0.704379 1.244809 -0.419318
v -0.693338 1.473100 0.204691
v 1.000777 1.465590 0.529223
v 0.993834 1.435307 0.632287
v 1.082032 1.030988 -0.582528
v 1.032796 1.243497 0.663688
v 1.087244 1.000431 0.655848
v -0.776330 1.069138 -0.545998
v -0.764524 1.000431 0.670088
v -0.677849 1.465590 0.512537
v -0.669836 1.435307 0.645081
v 0.833281 1.363220 -0.300038
v 0.928188 1.381163 -0.252491
v 0.727690 1.409826 0.654851
v 0.754492 1.270005 0.673191
v -0.403377 1.409826 0.663549
v -0.429894 1.270005 0.682299
v -0.395468 1.274753 -0.430246
v -0.030416 1.300144 -0.442947
v 0.359674 1.297591 0.676205
v -0.035077 1.297591 0.679241
v -0.556367 1.259746 -0.423114
v -0.436934 1.063890 -0.614843
v 0.699721 1.274753 -0.438668
v 0.739932 1.063890 -0.623893
v 0.334516 1.300144 -0.445754
v -0.020126 1.408145 -0.311415
v 0.327840 1.408145 -0.314091
v 0.883075 1.389678 0.653674
v -0.026334 1.430178 0.660628
v -0.525290 1.363220 -0.289590
v -0.368578 1.379997 -0.297325
v 0.676468 1.379997 -0.305362
v 0.350647 1.448621 0.657729
v -0.455452 1.018991 -0.653946
v 0.757847 1.018991 -0.663276
v -0.365237 1.441061 -0.213435
v 0.674417 1.441061 -0.221430
v 0.860711 1.259746 -0.434011
v 0.958298 1.241769 -0.440909
v -0.018399 1.468743 -0.227362
v 0.327406 1.468743 -0.230022
v -0.044819 1.065366 -0.622300
v -0.051456 1.016014 -0.659366
v 0.347749 1.065366 -0.625319
v 0.353816 1.016014 -0.662483
v 0.918598 1.255700 0.671942
v 0.797103 1.045624 0.670150
v -0.474197 1.045624 0.679927
v 0.373320 1.054916 0.673387
v -0.050415 1.054916 0.676646
v -0.595529 1.056541 -0.596055
v 0.898798 1.056541 -0.607546
v 0.968346 1.047908 -0.598805
v 0.975363 1.040812 0.668791
v 0.913968 1.018772 -0.659937
v 0.808289 1.425077 -0.216347
v -0.558761 1.389678 0.664762
v -0.628692 1.241769 -0.428705
v -0.619456 1.381163 -0.240590
v -0.623863 1.255700 0.683804
v -0.690732 1.047908 -0.586047
v -0.652457 1.040812 0.681309
v -0.611504 1.018772 -0.648206
v -0.499015 1.425077 -0.206294
v -0.586011 1.414313 -0.201348
v 0.895351 1.414313 -0.212740
v 1.001945 1.022305 -0.662038
v -0.699502 1.022305 -0.648954
v -0.790413 0.934823 0.749860
v -0.697332 0.088739 0.742789
v 1.020336 0.088739 0.728228
v 1.114357 0.934823 0.735213
v -0.856977 0.594219 0.751659
v 1.180083 0.594219 0.734390
v 1.126097 0.242641 0.728231
v 1.156917 0.418380 0.729984
v -0.833873 0.418380 0.746861
v -0.803081 0.242641 0.744586
v -0.487493 0.088739 0.738098
v 0.810457 0.088739 0.727094
v -0.822122 0.813006 0.750224
v 1.170009 0.755652 0.742356
v -0.676911 0.934823 0.833751
v 1.002160 0.934823 0.820839
v 0.698122 0.597632 0.822812
v -0.373855 0.597632 0.831899
v 0.340796 0.597632 0.825841
v -0.016529 0.597632 0.828870
v -0.640253 0.613890 0.871287
v 0.952323 0.597632 0.820612
v -0.635905 0.088739 0.739356
v 0.958869 0.088739 0.725836
v 0.825223 0.597632 0.821711
v 0.884663 0.088739 0.726465
v -0.500956 0.597632 0.832954
v -0.561699 0.088739 0.738727
v -0.734898 0.934823 0.763243
v -0.427507 0.934823 0.760879
v -0.366106 0.926031 2.744648
v -0.610560 0.927497 2.749141
v -0.688585 0.934823 1.346802
v 1.049531 0.915959 2.573635
v 0.960884 0.926031 2.715084
v -0.704767 0.877566 2.529994
v -0.685481 0.849725 1.897064
v -0.708356 0.934823 1.514569
v 1.059055 0.934823 0.749448
v 1.006287 0.900325 1.202734
v 1.017072 0.904052 1.658210
v 1.048224 0.874931 1.883732
v -0.707406 0.904052 1.671471
v 1.044023 0.909913 1.499629
v 0.751664 0.934823 0.751812
v -0.034450 0.916420 0.757857
v 0.716009 0.926031 2.736327
v -0.145702 0.897087 2.753165
v 0.358607 0.893909 0.754834
v 0.496117 0.926031 2.722814
v 0.838447 0.926031 2.725705
v 0.905360 0.934823 0.750630
v -0.487973 0.927497 2.757879
v -0.581202 0.934823 0.762061
v 1.058259 0.934823 0.778026
v -0.733662 0.934823 0.791806
v 1.117499 0.245873 0.704152
v 1.015893 0.096482 0.704957
v 0.958728 0.097522 0.705442
v -0.794815 0.245873 0.720364
v -0.693211 0.096482 0.719446
v -0.786043 0.927205 0.749749
v -0.784970 0.929233 0.719347
v 1.137126 0.811860 0.704606
v 1.170815 0.600887 0.703723
v -0.813650 0.811860 0.719607
v -0.848131 0.600887 0.720839
v 1.147765 0.423471 0.703996
v -0.825080 0.423471 0.720721
v -0.563261 0.097522 0.718344
v 1.108446 0.929233 0.704786
v -0.636045 0.097522 0.718962
v -0.692976 0.096443 0.742752
v 1.015980 0.096443 0.728265
v 1.109986 0.927205 0.735168
v -0.847928 0.594794 0.751687
v 1.171037 0.594794 0.734571
v 1.117662 0.245864 0.728360
v 1.147950 0.419671 0.730209
v -0.824904 0.419671 0.746934
v -0.794645 0.245864 0.744572
v -0.487493 0.097522 0.738098
v 0.810457 0.097522 0.727094
v -0.813415 0.811861 0.750074
v 1.137360 0.811861 0.735073
v -0.635905 0.097522 0.739356
v 0.958869 0.097522 0.725836
v 0.884663 0.097522 0.726465
v -0.561699 0.097522 0.738727
v 1.061554 0.930830 0.767859
v -0.737114 0.930830 0.781690
v -0.738219 0.930830 0.770648
v 1.062489 0.930830 0.756800
v 1.020411 1.432028 -0.115947
v 1.046018 1.266599 -0.378386
v -0.832708 0.236866 0.400131
v -0.823497 0.236866 -0.228970
v 1.092401 0.274243 -0.618657
v 1.001806 0.142090 -0.572330
v -0.801274 0.274243 -0.604095
v -0.697455 0.142090 -0.559263
v -0.794560 1.017868 -0.553364
v -0.822776 0.865014 -0.631095
v 1.097126 1.024920 -0.567692
v 1.111112 0.966161 -0.668420
v 1.134183 0.261251 -0.217826
v -0.870280 0.541655 0.548782
v -0.862621 0.599566 -0.228624
v 1.146125 0.814931 -0.245396
v 1.105570 0.912057 -0.301699
v 1.101975 1.005358 0.628806
v 1.136978 0.905151 0.593766
v -0.779668 1.005358 0.643276
v -0.814097 0.903795 0.608946
v -0.819143 0.237195 0.624637
v -0.724782 0.108681 0.586604
v 1.140507 0.237195 0.608024
v 1.045634 0.108681 0.571595
v 1.019422 0.124338 -0.332947
v -0.709568 1.432028 -0.102644
v -0.716758 1.284175 -0.333944
v -0.864180 0.342477 0.335676
v -0.818798 0.422647 -0.439097
v -0.800425 0.912057 -0.287042
v 1.117998 0.482293 -0.641058
v 1.133406 0.440168 -0.486881
v -0.703465 1.460761 0.205100
v 1.142593 0.664390 -0.684581
v 1.129412 0.555782 -0.508404
v -0.736973 0.135057 0.401010
v 1.105906 0.904108 0.421130
v 1.013517 1.450403 0.503911
v 1.008624 1.434343 0.605824
v 1.048003 1.246638 0.636875
v 1.141790 0.814800 -0.679213
v -0.834337 0.737403 -0.676357
v -0.845425 0.578781 -0.601325
v -0.827442 0.851184 0.609062
v -0.865837 0.656671 0.647816
v 1.144732 0.849797 0.594349
v 1.195580 0.599566 0.629897
v -0.723928 1.246638 0.650501
v 1.025731 1.511879 0.198283
v -0.822054 0.814931 -0.229863
v 1.182909 0.571220 0.269919
v -0.884569 0.399510 -0.541533
v -0.850631 0.419952 0.647244
v 1.172303 0.419952 0.630094
v 1.068958 1.021312 0.468647
v 1.090933 1.025699 0.468544
v -0.804664 0.903779 0.435631
v -0.688038 1.453229 0.513405
v 1.151370 0.236866 0.381950
v 1.171989 0.431234 0.481270
v -0.721961 0.108681 -0.230038
v 1.087522 0.999394 -0.247115
v 1.065429 0.995503 -0.247198
v -0.781540 1.021838 -0.232742
v -0.759451 1.017948 -0.233165
v -0.749119 1.021312 0.482628
v -0.771092 1.025699 0.482863
v -0.693217 1.409476 0.595521
v -0.667973 1.401929 0.591394
v -0.671736 1.417552 0.510157
v -0.694192 1.421766 0.511224
v 1.025727 1.485038 0.200898
v 1.002970 1.480649 0.200600
v -0.685031 1.434343 0.618848
v -0.746204 1.024748 0.610826
v -0.773963 1.026507 0.615898
v -0.720946 1.241705 0.608519
v -0.699079 1.237248 0.608050
v -0.788846 1.041243 -0.503377
v -0.759657 1.039510 -0.495451
v -0.817507 0.851166 0.435737
v 1.097383 0.970955 -0.248243
v -0.807570 0.971329 -0.165550
v 1.135108 0.850799 0.420298
v 1.055750 0.135057 0.384585
v 1.022585 1.237248 0.605467
v 1.044457 1.241705 0.605598
v 1.095850 1.026507 0.601519
v 1.068016 1.024748 0.596875
v 1.064454 1.039510 -0.509478
v 1.093516 1.041243 -0.517852
v -0.781451 0.997449 0.483647
v 0.993658 1.417552 0.497351
v 1.016129 1.421766 0.498072
v 1.016450 1.409476 0.582374
v 0.991145 1.401929 0.578636
v 1.101302 0.997449 0.469169
v -0.686418 1.448432 0.235683
v -0.709167 1.452821 0.236332
v -0.692501 1.397210 -0.090576
v -0.716049 1.402961 -0.091111
v -0.716621 1.271433 -0.321025
v -0.694136 1.266980 -0.320998
v 1.028965 1.238039 -0.357632
v 1.051447 1.242492 -0.358005
v 1.027070 1.402961 -0.104516
v 1.003532 1.397210 -0.103618
v 1.030993 1.247881 0.017613
v 1.026867 1.242335 0.523175
v -0.718095 1.247881 0.031063
v -0.704543 1.242335 0.536489
v 0.857505 0.152699 0.684879
v 0.927189 0.152699 0.684288
v -0.145671 0.161572 -0.235018
v 0.347441 0.161572 -0.239279
v 0.355666 0.187947 0.391000
v -0.147933 0.187947 0.395614
v 0.804235 0.187947 0.386889
v 0.785887 0.161572 -0.243068
v -0.480161 0.187947 0.398658
v -0.470708 0.161572 -0.232210
v -0.453029 0.194981 -0.825431
v -0.388991 0.161572 -0.958874
v -0.319185 0.210103 -1.629285
v -0.462804 0.161570 -1.865908
v 0.620015 0.210103 -1.264095
v 0.747362 0.161572 -1.028189
v -0.278078 0.210097 1.803368
v -0.434130 0.161548 2.053473
v 0.626836 0.210097 1.810341
v 0.783150 0.161548 2.044112
v -0.439783 0.161572 1.172137
v -0.284511 0.210103 1.405695
v 0.775248 0.161572 1.162793
v 0.619567 0.210103 1.412661
v -0.445594 0.161572 -1.019014
v -0.317214 0.210103 -1.267280
v 0.751545 0.161570 -1.875246
v 0.610852 0.210103 -1.626125
v 0.823332 0.194981 -0.834771
v 0.755835 0.194981 -0.834727
v -0.054471 0.194981 -0.828495
v -0.529970 0.152699 0.696642
v -0.460287 0.152699 0.696051
v 0.371786 0.152699 0.688997
v 0.787822 0.152699 0.685470
v 0.826593 0.194981 -0.570982
v 0.759100 0.194981 -0.570463
v -0.051207 0.194981 -0.564232
v -0.449764 0.194981 -0.561167
v 0.856738 0.161572 0.573197
v 0.787054 0.161572 0.573788
v -0.138213 0.161572 0.581631
v -0.461054 0.161572 0.584368
v 0.691690 0.161572 -0.967184
v 0.747168 0.165249 -2.036089
v 0.722757 0.165857 -2.073552
v -0.457276 0.158361 0.751413
v -0.383099 0.161572 1.133182
v 0.377205 0.210103 -1.289728
v 0.552360 0.210103 -1.239094
v 0.024627 0.210103 1.464138
v -0.241846 0.210103 1.421588
v 0.052192 0.161572 1.924168
v -0.236378 0.210102 1.749124
v 0.010338 0.161572 1.168675
v 0.305385 0.210103 -1.717230
v 0.565305 0.210103 -1.578976
v -0.460902 0.165249 -2.026799
v -0.437069 0.165857 -2.064633
v 0.346669 0.161570 -1.871858
v 0.691986 0.162774 -1.932841
v 0.856044 0.161572 -0.243674
v -0.540865 0.161572 -0.231603
v -0.027940 0.161552 2.049501
v -0.375651 0.166657 2.111172
v 0.785574 0.158361 0.740877
v 0.717971 0.161572 1.124715
v 0.391195 0.161572 -1.025450
v 0.448017 0.194981 -0.832359
v -0.044250 0.152699 0.692524
v 0.444349 0.194981 -0.568043
v 0.351159 0.161572 0.577483
v -0.248784 0.210103 -1.241816
v -0.075168 0.210103 -1.291265
v 0.577437 0.210103 1.427900
v 0.312360 0.210103 1.466354
v 0.583255 0.210102 1.755439
v 0.295801 0.161572 1.870175
v 0.381618 0.161572 1.165820
v -0.272183 0.210103 -1.581822
v -0.060015 0.210103 -1.685540
v -0.404137 0.162774 -1.924412
v -0.057924 0.161570 -1.868747
v 0.725565 0.166657 2.102704
v 0.376947 0.161552 2.046388
v -0.137019 0.161572 -1.021387
v 0.344478 0.165250 -2.033035
v 0.335045 0.165931 -2.089124
v -0.058211 0.165250 -2.029938
v -0.049643 0.165931 -2.086166
v -0.032067 0.152723 0.758546
v 0.360512 0.152723 0.755218
v 0.814150 0.165121 -2.028671
v 0.881130 0.164993 -2.021225
v -0.527762 0.165121 -2.018352
v 0.778991 0.197948 2.609475
v -0.423992 0.197948 2.618726
v -0.181140 0.198009 2.622736
v 0.536230 0.198009 2.617219
v -0.551870 0.187947 0.399314
v 0.875944 0.187947 0.386232
v 0.894085 0.194981 -0.571501
v 0.890828 0.194981 -0.834815
v -0.501215 0.165838 -2.064221
v -0.565354 0.165819 -2.063854
v -0.594619 0.164993 -2.009877
v 0.881022 0.161572 -0.972174
v 0.926421 0.161572 0.572606
v 0.926201 0.161572 -0.244281
v 0.885792 0.162763 -1.937483
v 0.927624 0.152699 0.747523
v 0.906854 0.161572 1.123262
v -0.469298 0.166479 2.111135
v -0.483684 0.161572 -0.959913
v 0.788909 0.162766 -1.935022
v 0.819201 0.166479 2.101227
v 0.786356 0.161572 -0.969679
v 0.812413 0.161572 1.123988
v -0.501083 0.162766 -1.925103
v 0.786901 0.165838 -2.074126
v 0.947653 0.187947 0.385575
v -0.597992 0.162763 -1.926073
v 0.851038 0.165819 -2.074746
v 0.840469 0.198052 2.602191
v 0.856525 0.158374 0.740251
v -0.520518 0.194981 -0.824437
v -0.517257 0.194981 -0.560648
v -0.530738 0.161572 0.584959
v -0.477539 0.161572 1.133908
v -0.485574 0.198052 2.612387
v -0.528321 0.161572 0.738444
v 0.785573 0.167169 0.740829
v 0.927624 0.161482 0.747523
v -0.457276 0.167169 0.751365
v 0.371786 0.161482 0.688997
v 0.787822 0.161482 0.685470
v 0.299781 0.161458 0.755781
v 0.028665 0.161458 0.758079
v 0.857505 0.161482 0.684879
v 0.927189 0.161482 0.684288
v -0.529973 0.161008 0.696177
v -0.460287 0.161482 0.696051
v -0.044250 0.161482 0.692524
v 0.856525 0.167157 0.740251
v -0.528321 0.170355 0.738444
v -0.037274 0.100547 -0.235955
v 0.277033 0.100547 -0.238671
v 0.238391 0.112456 0.392074
v 0.038816 0.112456 0.393903
v 0.252672 0.134612 -1.424114
v 0.478952 0.134612 -1.388530
v 0.104368 0.134612 1.591336
v -0.190485 0.134612 1.495989
v 0.081722 0.134612 1.725329
v -0.188213 0.134611 1.633901
v 0.301888 0.134612 -1.551230
v 0.475797 0.134612 -1.476016
v 0.374074 0.133956 -0.831791
v 0.043987 0.133956 -0.829252
v 0.367990 0.133956 -0.567456
v 0.027114 0.133956 -0.564834
v 0.234554 0.086080 0.511159
v 0.046716 0.086080 0.512604
v -0.179965 0.134612 -1.390769
v 0.045245 0.134612 -1.424819
v 0.528627 0.134612 1.501529
v 0.236981 0.134612 1.592358
v 0.531107 0.134611 1.639443
v 0.264250 0.134612 1.726736
v 0.324186 0.100550 1.166919
v 0.110425 0.086086 1.168637
v -0.179499 0.134612 -1.478243
v -0.007886 0.134612 -1.552283
v -0.006899 0.100547 -1.022388
v 0.318339 0.100547 -1.024889
v 0.074330 0.078698 0.826308
v 0.255060 0.078698 0.824776
v 0.288507 0.126922 0.391615
v 0.224493 0.086080 -0.238217
v -0.011300 0.126922 0.394362
v 0.015266 0.086080 -0.236409
v 0.306335 0.149078 -1.347751
v 0.527669 0.149078 -1.312181
v 0.069926 0.149078 1.510183
v -0.241385 0.149078 1.448306
v 0.083113 0.149078 1.806228
v -0.237554 0.149077 1.680802
v 0.300795 0.149078 -1.627204
v 0.520867 0.149078 -1.551619
v 0.285897 0.100547 0.578036
v -0.005440 0.100547 0.580506
v -0.226338 0.149078 -1.314743
v -0.006074 0.149078 -1.348813
v 0.577898 0.149078 1.454619
v 0.268635 0.149078 1.511714
v 0.582078 0.149077 1.687117
v 0.265647 0.149078 1.807635
v -0.226900 0.149078 -1.554160
v -0.009129 0.149078 -1.628257
v 0.311009 0.119490 -0.567018
v 0.318900 0.119490 -0.830982
v 0.084095 0.119490 -0.565273
v 0.099168 0.119490 -0.829292
v 0.263248 0.086080 -1.024199
v 0.048197 0.086080 -1.022545
v 0.028674 0.091712 0.759347
v 0.067781 0.100550 1.168891
v 0.299789 0.091712 0.757048
v 0.281543 0.086086 1.167321
v -0.846129 0.612694 -2.047787
v -0.773279 0.647734 -2.180568
v 1.103319 0.598411 -2.084824
v 1.049607 0.674706 -2.181425
v 0.934595 0.646350 -2.190435
v -0.650136 0.647734 -2.181367
v -0.526992 0.647734 -2.182166
v 0.361445 0.647734 -2.207502
v 0.805877 0.647734 -2.192415
v -0.082845 0.647734 -2.204086
v -0.062962 0.755575 -2.136109
v 0.342773 0.750669 -2.122463
v -0.467492 0.763900 -2.114208
v 0.747428 0.763900 -2.123551
v -0.054417 1.326309 -1.688506
v 1.125639 0.680372 -1.932083
v 1.074789 0.757309 -2.137923
v -0.842713 0.680372 -1.916947
v 0.762598 1.325064 -1.692470
v 0.923993 1.318850 -1.696025
v -0.697898 1.101658 -1.020815
v -0.737165 1.120797 -1.009131
v 1.064225 1.044424 -0.989019
v 0.927467 1.098039 -0.986157
v 1.134002 0.643745 -2.093209
v -0.853553 0.643745 -2.077925
v -0.770525 0.674706 -2.167428
v 1.059477 0.676408 -2.199285
v 0.928749 0.677100 -2.194979
v -0.650035 0.673229 -2.165807
v -0.526518 0.672751 -2.165820
v 0.361225 0.671573 -2.189476
v 0.805765 0.676854 -2.193049
v -0.082348 0.671573 -2.186065
v -0.062868 0.750669 -2.119344
v 0.342610 0.755575 -2.139228
v -0.467667 0.768136 -2.131161
v 0.747342 0.768136 -2.140504
v -0.623052 0.761873 -2.112009
v 1.124785 0.678993 -2.017536
v 1.060616 0.760465 -2.125000
v -0.843174 0.678993 -2.002403
v -0.780665 0.760465 -2.110841
v 0.902967 0.765636 -2.140801
v -0.455282 1.066787 -0.885410
v -0.744221 1.024836 -0.913566
v 1.057240 0.997944 -0.959672
v 0.385742 0.993061 -0.933368
v -0.047386 0.981137 -0.869289
v -0.451980 1.018972 -0.915368
v 0.761140 1.014963 -0.947071
v -0.609454 1.018189 -0.911831
v 0.918518 1.013124 -0.951729
v -0.713772 0.989789 -0.909546
v 1.037147 0.986841 -0.953997
v 0.640431 1.099878 -0.998559
v 0.416870 1.077976 -1.090629
v -0.038437 1.066052 -0.903717
v 1.089346 0.939912 0.383894
v 1.129521 0.939960 0.631159
v -0.807175 0.939960 0.646052
v -0.838521 0.815026 0.646345
v 1.160868 0.815026 0.630970
v 1.142960 0.815026 0.383477
v -0.793592 0.939912 0.398374
v -0.824422 0.815026 0.398606
v 1.145552 0.907761 0.441992
v 1.168394 0.908804 0.614691
v -0.854628 0.902619 0.632963
v -0.867735 0.850008 0.633078
v 1.176011 0.853450 0.615275
v 1.174234 0.854452 0.441164
v -0.845386 0.902603 0.459650
v -0.858000 0.849990 0.459754
v 1.044516 0.801433 -2.021996
v 1.062208 1.441357 -1.946452
v -0.790539 0.800893 -2.009293
v -0.772363 1.434887 -1.968392
v 1.041951 1.344691 -1.679017
v 1.030478 0.876119 -1.718428
v 1.016365 0.903366 -1.260455
v 1.027617 1.202944 -1.234492
v -0.693714 1.237266 -1.253536
v -0.726490 0.948084 -1.245353
v -0.728390 1.364625 -1.660676
v -0.748781 0.827309 -1.705397
v 1.082106 1.293026 -1.457551
v 1.054136 0.910695 -1.559023
v 1.044009 0.929396 -1.413633
v 1.056631 1.254687 -1.377795
v -0.763259 1.275087 -1.358981
v -0.780428 0.929837 -1.396033
v -0.767199 0.910964 -1.545826
v -0.748245 1.324594 -1.501636
v 1.049379 1.425553 -2.060210
v 1.038993 0.781874 -2.088745
v -0.467228 0.778485 -2.104679
v -0.465549 1.446249 -2.043475
v 0.748613 1.432641 -2.056026
v 0.747311 0.778485 -2.114019
v -0.062529 0.764567 -2.108839
v -0.061033 1.429672 -2.054379
v 0.154073 1.419813 -2.064921
v 0.342596 0.764567 -2.111954
v -0.793757 0.826036 -1.915912
v -0.775569 1.414785 -1.869947
v 1.049115 0.825881 -1.930779
v 1.059612 1.401324 -1.882041
v 1.049229 1.016987 -0.774392
v 1.065829 1.023225 -0.885070
v 0.936249 1.051305 -0.882146
v 0.917314 1.008291 -0.775347
v -0.729745 1.051305 -0.827604
v -0.746368 1.010576 -0.760515
v -0.509418 1.054175 -0.836974
v -0.615899 1.011656 -0.736232
v -0.458870 1.002317 -0.739442
v -0.438730 1.051305 -0.837131
v 0.375752 1.051305 -0.863796
v 0.353695 0.993939 -0.746296
v 0.759950 1.002317 -0.748814
v 0.779253 1.051305 -0.877006
v -0.052625 0.993939 -0.743171
v -0.032672 1.051305 -0.850425
v -0.623118 0.776729 -2.102942
v -0.622244 1.446090 -2.042404
v -0.766341 1.445903 -2.041440
v -0.758499 0.781856 -2.074918
v 0.903209 0.776729 -2.114679
v 0.937722 1.415303 -2.034229
v -0.447883 1.196715 -1.235583
v -0.046740 1.069621 -1.049434
v 0.753766 1.183247 -1.248005
v 0.912044 1.177068 -1.251527
v 0.754620 1.395075 -2.000492
v 0.349763 1.391702 -2.000790
v -0.459543 1.408683 -1.987941
v -0.619609 1.406071 -1.988173
v 0.917009 1.011656 -0.748020
v 1.078691 1.015316 -0.746834
v -0.784314 0.774343 -2.101243
v -0.763033 0.801402 -2.008032
v 1.044065 0.903729 -1.258958
v -0.766127 0.825544 -1.918238
v 1.058184 0.876009 -1.719239
v 1.076708 0.826026 -1.930295
v 1.071376 0.929825 -1.410273
v -0.698489 0.947568 -1.248755
v -0.776787 1.014396 -0.732455
v -0.720925 0.827013 -1.706651
v -0.739798 0.911469 -1.543130
v 1.081808 0.910426 -1.560030
v -0.752475 0.929438 -1.399581
v -0.616623 1.008338 -0.763557
v -0.459398 0.999380 -0.766817
v 0.353533 0.991319 -0.773706
v 0.760058 0.999332 -0.776189
v -0.052884 0.991347 -0.770583
v 1.071999 0.800923 -2.023679
v 1.064412 0.774343 -2.115460
v 0.342622 0.773628 -2.085934
v -0.062152 0.773711 -2.082854
v -0.466839 0.786020 -2.078184
v 0.747332 0.785941 -2.087501
v -0.622921 0.783751 -2.076316
v 0.903422 0.783767 -2.088057
v -0.263735 0.617138 -1.333306
v -0.265243 0.617138 -1.416565
v -0.640670 0.594301 -1.678422
v -0.495526 0.643809 -1.684376
v -0.053413 0.766895 -0.758747
v 0.033064 0.689761 -1.233132
v -0.627071 0.594301 -1.978433
v -0.472145 0.594301 -1.978687
v -0.645588 0.684786 -1.154112
v -0.469821 0.701584 -1.183521
v 0.042576 0.593704 -1.688530
v -0.632778 0.594301 -1.886257
v -0.344746 0.617138 -1.348092
v 0.544473 0.618139 -1.882121
v 0.379087 0.594301 -1.981748
v 0.436121 0.659742 -1.533848
v 0.421975 0.643351 -1.686628
v 0.416230 0.594301 -1.240759
v 0.447604 0.770279 -1.249629
v 0.343589 0.594301 -2.042626
v -0.479151 0.594301 -1.887444
v -0.644243 0.594301 -1.525655
v -0.739666 0.594301 -1.522569
v -0.461600 0.594301 -0.753422
v -0.618897 0.643351 -0.748389
v -0.752389 0.814332 -1.384245
v -0.639189 0.594301 -1.381791
v -0.709776 0.684786 -1.156567
v 0.792683 0.594301 -1.689492
v 0.607320 0.613061 -1.878302
v -0.621778 0.594301 -2.044864
v -0.347714 0.617138 -1.434143
v 0.003086 0.594301 -1.891194
v -0.017994 0.594301 -1.977023
v -0.762419 0.594301 -1.975020
v 0.793115 0.643351 -1.242835
v 0.819721 0.721230 -1.252486
v -0.062942 0.594301 -2.042028
v 0.354185 0.671595 -0.761857
v -0.466999 0.594301 -2.044169
v -0.765935 0.594301 -1.887231
v -0.720672 0.594301 -1.678803
v 0.757735 0.594301 -1.988412
v 0.748167 0.594301 -2.053719
v 0.804735 0.594301 -1.536638
v 0.694307 0.817680 -0.726973
v 0.924496 0.594301 -1.898404
v 0.941779 0.594301 -1.690640
v 0.913118 0.594301 -1.990271
v 0.945512 0.594301 -1.393965
v 0.939246 0.594301 -1.243131
v 0.902781 0.594301 -2.056545
v 0.951150 0.594301 -1.537725
v 0.920017 0.777930 -0.760012
v 1.044402 0.594301 -1.988990
v 1.049375 0.594301 -1.900043
v 1.030676 0.594301 -1.690744
v 1.054349 0.594301 -1.537865
v 1.044119 0.594301 -1.398235
v 1.017154 0.594301 -1.245200
v 1.050924 0.594301 -0.758401
v -0.757396 0.594301 -2.041427
v -0.747457 0.796074 -0.744755
v 1.038397 0.594301 -2.055173
v 1.039995 1.003177 -0.807381
v 0.921262 1.010162 -0.824649
v -0.767066 1.403666 -1.988387
v -0.761045 1.414681 -2.061435
v 1.032914 1.171722 -1.254486
v -0.770273 1.383563 -1.889942
v 1.066759 1.362972 -1.908933
v 1.047247 1.313469 -1.699011
v 1.061927 1.223465 -1.397790
v -0.744733 1.010162 -0.770107
v -0.701537 1.191265 -1.236512
v -0.742948 1.293372 -1.521631
v -0.723094 1.333403 -1.680671
v 1.072528 1.272951 -1.540430
v -0.757962 1.243865 -1.378976
v -0.453717 1.010162 -0.779635
v -0.610791 1.010162 -0.774492
v 0.773498 0.985904 -0.804322
v 0.359032 1.004583 -0.789939
v -0.047660 1.010162 -0.792928
v 1.054675 1.394331 -2.080204
v 1.061960 1.383165 -2.007295
v -0.055737 1.398450 -2.074374
v 0.348984 1.393914 -2.078558
v -0.460253 1.415027 -2.063469
v 0.753909 1.401419 -2.076021
v -0.616948 1.414869 -2.062399
v 0.910551 1.397750 -2.078190
v -0.780876 1.308983 -1.510479
v -0.760043 1.349014 -1.669550
v -0.649906 1.434171 -2.071015
v -0.487090 1.434330 -2.072286
v -0.602736 1.020804 -0.786100
v -0.736678 1.020804 -0.781715
v 1.087657 1.409942 -2.071373
v 1.095133 1.398776 -1.998470
v -0.798989 1.430292 -2.050282
v 1.099994 1.378583 -1.900110
v 1.079451 1.329080 -1.690155
v -0.247591 1.020804 -0.797727
v 1.105516 1.288562 -1.531599
v 0.937261 1.417053 -2.088759
v 1.045990 1.006689 -0.838759
v 0.929401 1.034774 -0.863026
v -0.066764 1.417753 -2.083708
v 0.353766 1.413217 -2.088410
v -0.808797 1.399174 -1.878770
v 1.094320 1.239076 -1.388940
v 1.063990 1.187333 -1.245593
v 0.772320 1.020804 -0.831117
v 0.368279 1.032891 -0.839021
v -0.805339 1.419276 -1.977223
v -0.738212 1.206876 -1.225401
v -0.800856 1.274358 -1.413544
v -0.039605 1.020804 -0.804536
v 0.774500 1.420722 -2.086390
v -0.748249 0.885625 2.274901
v -0.635110 0.135882 2.362344
v 1.003419 0.138874 2.301789
v 1.096572 0.902624 2.289280
v 1.159589 0.604991 2.268229
v -0.842613 0.580096 2.417207
v 1.091178 0.240871 2.384459
v 1.137543 0.459997 2.315418
v -0.781781 0.401157 2.321678
v -0.739447 0.277499 2.364753
v -0.817833 0.778460 2.244368
v 1.156641 0.809342 2.229185
v -0.647380 0.888555 2.273785
v 0.994668 0.910831 2.242114
v 0.620879 0.593236 2.441044
v -0.300103 0.543109 2.433627
v 0.366116 0.593236 2.555160
v 0.018681 0.543109 2.300589
v -0.576020 0.593236 2.235881
v 0.921486 0.593236 2.224365
v -0.590114 0.135872 2.364917
v 0.937739 0.135872 2.353168
v 0.806725 0.543109 2.231410
v 0.856640 0.135887 2.357190
v -0.483673 0.543109 2.540897
v -0.508964 0.135887 2.367691
v 1.050555 0.917425 2.279942
v -0.695603 0.881229 2.198883
v 0.752393 0.208678 2.359605
v -0.399706 0.208678 2.368464
v -0.104425 0.206156 2.339633
v 0.456703 0.206156 2.335319
v 0.829949 0.208641 2.355223
v -0.477321 0.208641 2.365276
v 1.135477 0.706733 -0.798973
v 1.162853 0.706733 0.704094
v -0.839773 0.706733 0.720296
v 1.136106 0.706733 -0.717153
v -0.834495 0.706733 -0.701999
v -0.840113 0.706733 0.673642
v 1.162513 0.706733 0.657439
v -0.824084 0.653596 -1.205057
v -0.843200 0.625167 -1.703416
v 1.151774 0.676370 1.320377
v 1.138381 0.609549 1.831028
v 1.153026 0.688931 1.483160
v 1.154659 0.688931 1.695575
v -0.829979 0.666352 -1.352877
v -0.839377 0.647204 -1.553823
v 0.735845 0.735197 2.811267
v -0.383209 0.735197 2.819873
v 0.508613 0.735197 2.818972
v -0.155886 0.724298 2.824082
v -0.835124 0.706733 -0.783819
v 1.136461 0.616313 -1.168619
v 1.129410 0.625167 -1.718585
v -0.816507 0.615889 1.388808
v -0.806716 0.628379 1.870667
v -0.838216 0.722017 1.559958
v -0.791922 0.647387 1.642225
v 1.121669 0.666352 -1.367884
v 1.127888 0.647204 -1.568950
v -0.844421 0.646533 -1.982367
v 1.114479 0.639391 -2.008454
v 1.160319 0.737963 2.639056
v -0.822849 0.722522 2.654306
v 0.756033 0.735197 2.811112
v -0.403397 0.735197 2.820028
v 1.148341 0.737666 2.655304
v -0.810622 0.737666 2.670368
v 1.063123 0.735456 2.800455
v -0.710615 0.735456 2.814095
v 0.756128 0.735209 2.825278
v -0.403275 0.735209 2.834193
v 1.161526 0.738118 2.657034
v -0.823779 0.738118 2.672300
v 0.909626 0.735333 2.812866
v -0.556945 0.735333 2.824144
v 1.163076 0.703613 0.734739
v -0.839549 0.703613 0.750942
v 1.153971 0.706373 0.704164
v -0.830891 0.706373 0.720223
v 1.154199 0.703327 0.734822
v -0.830672 0.703327 0.750881
v 1.143023 0.707196 -0.679250
v -0.861239 0.673941 -0.549257
v -0.857049 0.708219 0.632940
v 1.178224 0.707296 0.630433
v 1.155339 0.707249 -0.245966
v -0.842337 0.707249 -0.229244
v -0.845076 0.687550 0.487830
v 1.162932 0.707296 0.382569
v -0.848363 0.661369 -2.040164
v 1.129394 0.661369 -2.055372
v -0.855402 0.671780 -2.055350
v 1.133191 0.670287 -2.074948
v -0.785156 0.716858 -2.157239
v -0.636583 0.721368 -2.155953
v -0.497279 0.722495 -2.156981
v -0.072877 0.715926 -2.169497
v 0.352010 0.715926 -2.172765
v 0.782206 0.681663 -2.175670
v 0.943301 0.693307 -2.161277
v 1.051806 0.744051 -2.170292
v -0.818769 0.691726 2.263909
v 1.158115 0.707167 2.248707
v 0.974441 0.105444 -0.934929
v -0.677166 0.105444 -0.922228
v 1.137723 0.546859 -1.081657
v -0.830663 0.570098 -0.976558
v -0.785288 0.292754 -0.932496
v -0.828238 0.416486 -0.932236
v 1.142663 0.468061 -0.973829
v 1.094684 0.338089 -1.011965
v 1.125385 0.790232 -1.027344
v -0.828545 0.790232 -1.012318
v 0.916114 0.105444 -0.903726
v -0.618366 0.105444 -0.891926
v -0.533668 0.105444 -0.891932
v -0.421010 0.178276 -0.892152
v 0.723763 0.178276 -0.900955
v 0.419606 0.178276 -0.928905
v -0.095745 0.178276 -0.924941
v 0.885925 0.178276 -0.903494
v 0.804844 0.178276 -0.902225
v -0.502101 0.178276 -0.892175
v 0.346207 0.117251 -0.928340
v 0.018544 0.117251 -0.925820
v 0.291074 0.102785 -0.927590
v 0.073682 0.102785 -0.925919
v 1.061378 0.959523 -1.002896
v -0.751638 0.981240 -0.988904
v 1.032797 0.960177 -1.017423
v -0.722429 0.979073 -1.004635
v -0.013182 0.815945 -0.998292
v -0.452757 0.652613 -0.951130
v -0.637691 0.684786 -0.912816
v 0.385208 0.594301 -1.001308
v 0.777819 0.594301 -1.002736
v 0.929632 0.594301 -1.001572
v 1.034039 0.594301 -1.001801
v -0.734065 0.684786 -0.912226
v -0.829604 0.680165 -0.994438
v 1.116896 0.620373 -1.068212
v -0.744301 0.867675 2.086554
v -0.648355 0.869140 2.084925
v -0.577175 0.595434 2.041529
v 1.049389 0.896178 2.081837
v -0.647460 0.112311 2.208903
v 0.998159 0.106634 2.185543
v 1.090903 0.888777 2.086724
v 1.151272 0.513588 2.168999
v -0.799447 0.528326 2.054489
v 1.087824 0.238129 2.138299
v 1.105214 0.356595 2.094296
v -0.794735 0.435379 2.163610
v -0.753415 0.311261 2.194162
v -0.815772 0.780292 2.044163
v 1.155560 0.811174 2.029004
v 0.994004 0.892881 2.062773
v 0.690761 0.595434 2.037941
v -0.317892 0.595434 2.252069
v 0.456679 0.595434 2.242052
v 0.256231 0.595434 2.163487
v 0.920330 0.595434 2.030014
v -0.594304 0.114732 2.239614
v 0.940591 0.114732 2.227811
v 0.805545 0.595434 2.033977
v 0.851058 0.114806 2.230193
v -0.448126 0.595434 2.089932
v -0.504743 0.114806 2.240619
v -0.690542 0.865477 2.047974
v 0.738979 0.187667 2.231154
v -0.387678 0.187667 2.239818
v -0.066183 0.183854 2.194567
v 0.416825 0.183854 2.190853
v 0.824575 0.187560 2.228225
v -0.473309 0.187560 2.238206
v 1.145380 0.626691 2.075759
v -0.816729 0.676327 2.068710
v -0.681961 0.088739 0.958335
v 1.008703 0.088739 0.944657
v 1.105978 0.871883 1.030224
v -0.838530 0.566977 1.040158
v 1.170086 0.599798 1.062888
v 1.120496 0.284946 1.028272
v 1.147655 0.404711 1.071639
v -0.820846 0.354564 1.143061
v -0.792643 0.253797 1.094865
v -0.819845 0.813006 1.046314
v 1.138960 0.785885 1.107312
v 0.981771 0.915920 0.998182
v 0.722750 0.597632 1.011620
v -0.228118 0.597632 1.151661
v 0.340238 0.597632 1.086734
v -0.011469 0.597632 1.089579
v 0.920820 0.597632 1.100411
v -0.621638 0.088739 0.937131
v 0.948063 0.088739 0.924432
v 0.812899 0.597632 1.082672
v -0.477025 0.547505 1.151220
v -0.535214 0.088739 0.936437
v -0.759061 0.934823 1.044566
v -0.665809 0.934823 1.094062
v -0.633273 0.616978 1.101674
v -0.711124 0.934823 1.069304
v 1.028602 0.938750 1.036289
v -0.420187 0.159967 0.942297
v 0.751772 0.159967 0.932796
v -0.010864 0.157147 0.963611
v 0.371065 0.157147 0.960519
v 0.917239 0.157135 0.935392
v 0.834468 0.159973 0.932120
v -0.502930 0.161572 0.936176
v 0.048227 0.096131 0.964119
v 0.311987 0.096131 0.961984
v 0.092377 0.082392 0.997473
v 0.268302 0.082392 0.996049
v 1.160460 0.642394 1.137245
v -0.829188 0.689991 1.043236
v -0.774746 0.934823 0.897130
v -0.671363 0.934823 0.963833
v -0.616580 0.597632 0.963888
v 1.054391 0.928360 0.916813
v -0.689651 0.088739 0.850502
v 1.014523 0.088739 0.836382
v 1.096633 0.902577 0.879215
v -0.847759 0.580606 0.895828
v 1.165095 0.534971 0.759839
v 1.117862 0.238566 0.829096
v 1.149444 0.425349 0.829234
v -0.825010 0.416477 0.868691
v -0.790123 0.171046 0.920493
v -0.820984 0.813006 0.898186
v 1.109514 0.814536 0.889589
v 0.998612 0.928360 0.950991
v 0.529173 0.547505 0.904703
v -0.375627 0.597632 1.024880
v 0.408047 0.597632 0.988202
v -0.014001 0.597632 0.959152
v 0.943093 0.597632 0.950960
v -0.628776 0.088739 0.838188
v 0.953469 0.088739 0.825078
v 0.819064 0.547505 0.952119
v -0.492549 0.597632 0.962988
v -0.548464 0.088739 0.837527
v -0.722399 0.934823 0.930477
v -0.438742 0.159164 0.846802
v 0.768683 0.159164 0.836782
v -0.021471 0.154934 0.861021
v 0.365786 0.154934 0.857811
v 0.922434 0.154916 0.841405
v 0.845502 0.159173 0.836132
v -0.515632 0.161572 0.837254
v 0.038445 0.093920 0.861675
v 0.305885 0.093920 0.859458
v 0.083349 0.080544 0.911842
v 0.261677 0.080544 0.910364
v 1.160252 0.696806 0.881067
v -0.834372 0.696806 0.897007
v -0.611340 0.637776 -1.666083
v -0.492864 0.676449 -1.666994
v -0.605117 0.637776 -1.829952
v -0.483989 0.637776 -1.830889
v -0.077529 0.637776 -1.670201
v -0.103765 0.637776 -1.833845
v 0.506095 0.728506 -1.604507
v 0.497068 0.718046 -1.702000
v 0.559358 0.662909 -1.852323
v 0.733627 0.686747 -1.703828
v 0.631456 0.662909 -1.849504
v 0.741318 0.686747 -1.606287
v 0.050570 0.643809 -1.314408
v 0.062767 0.593704 -1.461483
v -0.493508 0.593704 -1.310225
v -0.498849 0.593704 -1.457226
v -0.273860 0.805624 -1.345399
v -0.275001 0.805624 -1.408407
v -0.335167 0.805624 -1.356589
v -0.337413 0.805624 -1.421710
v -0.239909 0.867815 -1.354012
v -0.255289 0.849079 -1.412182
v -0.293545 0.898259 -1.362959
v -0.310329 0.879485 -1.423056
v -0.113931 1.569674 0.119710
v -0.183634 1.518076 0.642552
v -0.239878 0.925402 0.715277
v -0.260101 0.093895 -2.135420
v -0.267563 0.909883 2.792716
v -0.072310 1.521966 -0.118657
v -0.210373 1.423096 0.684130
v -0.184039 1.536565 0.589809
v -0.266519 0.664716 2.831547
v -0.057353 0.324979 2.788759
v -0.266519 0.486465 2.831547
v -0.190814 1.506520 -0.183836
v -0.191794 0.175889 2.830973
v -0.299611 0.647734 -2.193388
v -0.299783 0.425312 -2.215760
v -0.267143 0.794520 2.812508
v -0.250456 0.130273 2.681837
v -0.257178 1.053237 0.700323
v -0.184831 1.516926 0.486796
v -0.187890 0.172843 -2.171649
v -0.217120 0.339541 -2.215331
v -0.289468 0.631676 -2.194559
v -0.289603 0.441211 -2.214830
v -0.212685 0.925402 0.803387
v -0.239164 0.909068 2.706510
v -0.175319 0.597632 1.351587
v 0.027504 0.597632 1.949490
v -0.174056 0.597632 1.515741
v -0.104080 0.547505 1.620658
v -0.235924 0.588840 2.649686
v -0.191106 0.597632 0.803510
v -0.201354 0.588840 2.743851
v -0.288506 0.629459 -2.171248
v -0.288642 0.438994 -2.191519
v -0.299919 0.648231 -2.201817
v -0.300089 0.426083 -2.224169
v -0.289758 0.632170 -2.202989
v -0.289892 0.441978 -2.223240
v -0.177501 0.189006 -2.178916
v -0.202673 0.322225 -2.214991
v -0.201658 0.275921 -2.189775
v -0.176416 0.198854 -2.156480
v -0.201623 0.322872 -2.190495
v -0.188401 0.167951 -2.180418
v -0.217712 0.338899 -2.225068
v -0.177998 0.184138 -2.187695
v -0.203216 0.321557 -2.224728
v -0.258198 0.093066 -2.075921
v -0.248699 0.125225 2.622554
v -0.189463 1.470357 -0.234487
v -0.249260 1.029415 -0.674204
v -0.208580 1.287752 -0.436749
v -0.227767 1.284128 0.680733
v -0.210350 1.420245 0.662053
v -0.190188 1.394407 -0.304539
v -0.236190 1.064646 -0.618661
v -0.257242 1.050381 0.678247
v -0.187673 1.455233 -0.220565
v -0.248626 1.017467 -0.656721
v -0.190922 0.597632 0.830349
v -0.253270 0.911214 2.749008
v -0.226282 0.925402 0.759332
v -0.248987 0.194981 -0.827000
v -0.245723 0.194981 -0.562736
v -0.295776 0.161572 0.582967
v -0.105425 0.210103 1.443371
v -0.088644 0.185257 1.838738
v -0.181678 0.161572 1.151353
v -0.197640 0.164043 2.079600
v -0.247296 0.152699 0.694245
v -0.159901 0.210103 -1.267131
v -0.163563 0.210103 -1.634921
v -0.226893 0.162157 -1.895914
v -0.259994 0.161572 -0.990878
v -0.304306 0.161572 -0.233648
v -0.254744 0.165249 -2.028406
v -0.310077 0.187947 0.397100
v -0.238726 0.165895 -2.075657
v -0.299663 0.197980 2.620779
v -0.239590 0.155475 0.755065
v -0.247296 0.161482 0.694245
v -0.208498 0.164245 0.754803
v -0.082009 0.149078 1.479984
v -0.073389 0.149077 1.745014
v -0.113575 0.149078 -1.332185
v -0.115412 0.149078 -1.592093
v -0.039535 0.134612 1.544802
v -0.050020 0.134611 1.680708
v -0.064668 0.134612 -1.408201
v -0.091641 0.134612 -1.516148
v -0.299125 0.672148 -2.176184
v -0.260345 0.757127 -2.116837
v -0.299534 0.676558 -2.193084
v -0.260478 0.761705 -2.133694
v -0.250893 0.998028 -0.741351
v -0.260042 0.771360 -2.106809
v -0.259659 0.779718 -2.080575
v -0.214967 0.619356 -1.312367
v -0.204444 0.724841 -1.186020
v -0.239642 0.594301 -1.977835
v -0.220044 0.618158 -1.686503
v -0.232270 0.594301 -1.889364
v -0.211330 0.593704 -1.459405
v -0.252629 0.786700 -0.756149
v -0.260142 0.594301 -2.043073
v -0.248537 0.207387 2.353704
v -0.163447 0.593236 2.400883
v -0.280006 0.719132 -2.163389
v -0.266831 0.729618 2.822028
v -0.219796 0.731703 -0.953702
v -0.254490 0.178276 -0.908939
v -0.144979 0.595434 2.072707
v -0.223088 0.185715 2.216652
v -0.210634 0.158523 0.953209
v -0.183121 0.597632 1.090968
v -0.187024 0.547505 0.960585
v -0.225120 0.156998 0.854081
v -0.280233 0.656651 -1.668636
v -0.289333 0.637776 -1.832402
v -0.302642 0.617138 -1.321283
v -0.306017 0.617138 -1.441155
v -0.303151 0.805624 -1.331621
v -0.305986 0.805624 -1.430912
v -0.261156 0.888238 -1.340623
v -0.286255 0.859287 -1.432267
v 1.123696 0.574528 -1.456213
v -0.833364 0.574528 -1.441164
v -0.340755 0.229982 -1.487896
v 0.634063 0.229982 -1.491870
v 0.767741 0.574528 -1.444228
v -0.477266 0.574528 -1.434654
v -0.340631 0.296054 -1.487407
v -0.385836 0.454857 -1.442408
v 0.679287 0.454857 -1.441790
v 0.634084 0.296054 -1.490514
v -0.835992 0.739028 -1.465536
v 1.125861 0.739028 -1.480621
v 0.943376 0.581640 -1.449100
v -0.652965 0.581640 -1.438797
v -0.318200 0.210103 -1.448282
v 0.615433 0.210103 -1.445110
v -0.260483 0.210103 -1.411819
v 0.558833 0.210103 -1.409035
v 0.277280 0.134612 -1.487672
v 0.018680 0.134612 -1.488551
v -0.226619 0.149078 -1.434451
v 0.524268 0.149078 -1.431900
v -0.179731 0.134612 -1.434506
v 0.477374 0.134612 -1.432273
v 1.076592 0.920125 -1.485152
v -0.773814 0.920401 -1.470930
v 1.049073 0.920046 -1.486328
v -0.746137 0.920454 -1.471355
v 0.056669 0.618757 -1.387945
v -0.496179 0.593704 -1.383726
v 0.452056 0.778475 -1.321580
v -0.641716 0.594301 -1.453723
v 0.822422 0.721230 -1.324403
v 0.948331 0.594301 -1.465845
v 1.049234 0.594301 -1.468050
v -0.746028 0.814332 -1.453407
v -0.834678 0.656778 -1.453350
v 1.124779 0.656778 -1.468417
v -0.264489 0.617138 -1.374935
v -0.370482 0.617138 -1.390323
v -0.264142 0.805624 -1.377240
v -0.360542 0.805624 -1.388355
v -0.239105 0.852658 -1.383641
v -0.321960 0.902520 -1.391726
v -0.078155 0.134612 -1.462174
v -0.226399 0.900344 -1.402389
v -0.237885 0.898036 -1.422899
v -0.237860 0.921369 -1.375909
v -0.234842 0.906615 -1.381217
v -0.282012 0.933407 -1.415035
v -0.287374 0.906358 -1.433056
v -0.275024 0.894442 -1.436866
v -0.261466 0.929026 -1.392532
v -0.212367 0.893793 -1.403959
v -0.228550 0.890215 -1.432501
v -0.227856 0.931472 -1.363145
v -0.212587 0.902943 -1.377517
v -0.302414 0.950908 -1.405016
v -0.301582 0.905737 -1.441742
v -0.277507 0.885540 -1.450952
v -0.257434 0.943312 -1.385981
v -0.271106 0.870023 -1.382818
v -0.295423 0.863578 -1.401006
v -0.262968 0.882635 -1.353020
v -0.307788 0.903403 -1.382020
v -0.244803 0.858346 -1.378891
v -0.249738 0.854139 -1.398667
v -0.248237 0.870372 -1.360157
v -0.309942 0.880705 -1.394491
v -0.291158 0.893477 -1.369965
v 0.395235 0.594301 -1.894255
v 0.770954 0.594301 -1.897180
v 0.480005 0.686747 -1.834493
v 0.719761 0.686747 -1.836359
v 0.568119 0.699489 -1.908344
v 0.600566 0.699888 -1.896003
v 0.578562 0.730983 -1.888128
v 0.599196 0.718663 -1.897341
v 0.748115 0.522359 -2.116256
v 0.654623 0.698678 -1.428064
v 0.767596 0.581697 -2.142444
v 0.679818 0.760639 -1.434074
v 0.822256 0.629449 -2.161590
v 0.740235 0.817126 -1.422318
v 0.891221 0.633657 -2.163340
v 0.812797 0.822103 -1.397287
v 0.948147 0.592713 -2.147022
v 0.869788 0.773670 -1.368541
v 0.971289 0.535976 -2.121916
v 0.889438 0.714786 -1.347060
v 0.951810 0.462920 -2.092685
v 0.904338 0.660519 -1.442248
v 0.897150 0.415169 -2.073537
v 0.828186 0.410961 -2.071789
v 0.820078 0.621574 -1.465557
v 0.771260 0.451904 -2.088106
v 0.674274 0.615334 -1.406583
v 0.675361 0.757311 -1.371522
v 0.654303 0.709540 -1.366498
v 0.725857 0.804523 -1.361696
v 0.786505 0.808683 -1.340774
v 0.834138 0.768202 -1.316748
v 0.850563 0.723003 -1.298794
v 0.829505 0.650772 -1.293772
v 0.779007 0.603560 -1.303597
v 0.718360 0.599399 -1.324518
v 0.670727 0.639880 -1.348545
v 0.675619 0.764207 -1.436192
v 0.649277 0.698311 -1.429908
v 0.738787 0.823266 -1.423901
v 0.814653 0.828470 -1.397729
v 0.874238 0.777831 -1.367674
v 0.894784 0.715152 -1.345216
v 0.888309 0.647515 -1.341326
v 0.749275 0.583251 -1.379787
v 0.669823 0.611172 -1.407449
v 0.658940 0.772325 -1.389457
v 0.632598 0.706430 -1.383172
v 0.722108 0.831384 -1.377166
v 0.797974 0.836588 -1.350994
v 0.857560 0.785950 -1.320939
v 0.878106 0.723271 -1.298480
v 0.870161 0.654534 -1.296175
v 0.736550 0.599819 -1.334159
v 0.653144 0.619291 -1.360713
v 0.735540 0.527399 -2.089771
v 0.757220 0.594987 -2.119260
v 0.818053 0.648131 -2.140569
v 0.894805 0.652814 -2.142515
v 0.958160 0.607247 -2.124355
v 0.983914 0.542553 -2.096070
v 0.962237 0.461248 -2.063537
v 0.901404 0.408104 -2.042229
v 0.824652 0.403421 -2.040282
v 0.761298 0.448988 -2.058442
v 0.666981 0.622040 -1.854336
v 0.733349 0.660359 -1.648662
v 0.728170 0.779974 -1.656619
v 0.757460 0.743849 -1.869872
v 0.797559 0.846225 -1.633665
v 0.818304 0.800336 -1.879166
v 0.890262 0.861035 -1.597581
v 0.923552 0.816552 -1.867532
v 0.948514 0.795200 -1.589139
v 0.983985 0.756881 -1.872712
v 0.968165 0.676467 -1.567659
v 0.984143 0.638148 -1.858595
v 0.934356 0.613522 -1.579633
v 0.946697 0.589242 -1.758821
v 0.908144 0.553450 -1.752932
v 0.850096 0.574576 -1.602942
v 0.859511 0.550296 -1.752370
v 0.753000 0.577015 -1.627182
v 0.761506 0.538696 -1.842122
v 0.408772 0.668785 -1.512914
v 0.881658 0.733983 -1.681919
v 0.411221 0.666431 -1.489077
v 0.889634 0.738369 -1.659629
v 0.400924 0.664066 -1.469853
v 0.893806 0.753649 -1.644453
v 0.381811 0.662593 -1.462586
v 0.892579 0.773987 -1.642189
v 0.361184 0.662576 -1.470052
v 0.886423 0.791614 -1.653702
v 0.347104 0.663816 -1.489486
v 0.877688 0.799798 -1.674594
v 0.344473 0.666375 -1.513234
v 0.869711 0.795413 -1.696885
v 0.354771 0.668740 -1.532458
v 0.865539 0.780133 -1.712060
v 0.373884 0.670212 -1.539725
v 0.866766 0.759795 -1.714324
v 0.394510 0.670229 -1.532259
v 0.872923 0.742167 -1.702811
v 0.446049 0.783308 -1.517265
v 0.454026 0.787693 -1.494974
v 0.458198 0.802973 -1.479799
v 0.456971 0.823311 -1.477535
v 0.450814 0.840939 -1.489048
v 0.441983 0.849020 -1.509911
v 0.434103 0.844738 -1.532230
v 0.429931 0.829458 -1.547406
v 0.431158 0.809120 -1.549670
v 0.437314 0.791492 -1.538157
v 0.426607 0.770998 -1.485832
v 0.408661 0.723027 -1.483107
v 0.420538 0.780808 -1.467175
v 0.398363 0.720662 -1.463884
v 0.406654 0.794386 -1.460607
v 0.379250 0.719190 -1.456617
v 0.390257 0.806545 -1.468638
v 0.358623 0.719172 -1.464082
v 0.377601 0.812449 -1.488213
v 0.344513 0.720446 -1.483502
v 0.373546 0.810343 -1.511821
v 0.341912 0.722971 -1.507265
v 0.379614 0.800532 -1.530478
v 0.352210 0.725336 -1.526488
v 0.393498 0.786955 -1.537046
v 0.371323 0.726808 -1.533755
v 0.409895 0.774796 -1.529015
v 0.391950 0.726826 -1.526290
v 0.406211 0.725381 -1.506944
v 0.422542 0.768701 -1.509453
v 0.418283 0.511088 -1.530466
v 0.420732 0.508734 -1.506630
v 0.410434 0.506369 -1.487406
v 0.391322 0.504896 -1.480139
v 0.370695 0.504879 -1.487604
v 0.356615 0.506119 -1.507038
v 0.353984 0.508677 -1.530787
v 0.364282 0.511043 -1.550011
v 0.383394 0.512515 -1.557277
v 0.404021 0.512532 -1.549812
v 0.436391 0.651373 -1.525130
v 0.441837 0.648273 -1.492970
v 0.424622 0.644082 -1.461087
v 0.371832 0.639204 -1.441471
v 0.339372 0.639052 -1.454141
v 0.321913 0.640997 -1.481744
v 0.316284 0.644300 -1.513800
v 0.331881 0.648285 -1.544707
v 0.384414 0.653221 -1.564986
v 0.418740 0.653523 -1.552654
v 0.324582 0.506719 -1.529123
v 0.341798 0.510911 -1.561013
v 0.394587 0.515789 -1.580629
v 0.444688 0.513791 -1.540444
v 0.450135 0.510692 -1.508297
v 0.434538 0.506708 -1.477393
v 0.382006 0.501771 -1.457114
v 0.347675 0.501470 -1.469450
v 0.330210 0.503415 -1.497058
v 0.427046 0.515941 -1.567959
v 0.608713 0.776166 -1.504102
v 0.616690 0.780551 -1.481811
v 0.620861 0.795831 -1.466635
v 0.619635 0.816169 -1.464372
v 0.613479 0.833797 -1.475885
v 0.604696 0.841930 -1.496762
v 0.596767 0.837596 -1.519067
v 0.592596 0.822316 -1.534243
v 0.593822 0.801978 -1.536507
v 0.599978 0.784350 -1.524994
v 0.337792 0.668785 -1.715941
v 0.810677 0.733983 -1.884947
v 0.340242 0.666431 -1.692104
v 0.818654 0.738369 -1.862656
v 0.329944 0.664066 -1.672881
v 0.822826 0.753649 -1.847480
v 0.310831 0.662593 -1.665614
v 0.821599 0.773987 -1.845216
v 0.290204 0.662576 -1.673079
v 0.815443 0.791614 -1.856730
v 0.276124 0.663816 -1.692513
v 0.806708 0.799798 -1.877621
v 0.273493 0.666375 -1.716262
v 0.798732 0.795413 -1.899912
v 0.283791 0.668740 -1.735485
v 0.794559 0.780133 -1.915088
v 0.302904 0.670212 -1.742752
v 0.795786 0.759795 -1.917352
v 0.323531 0.670229 -1.735287
v 0.801943 0.742167 -1.905839
v 0.375069 0.783308 -1.720293
v 0.383046 0.787693 -1.698002
v 0.387217 0.802973 -1.682826
v 0.385991 0.823311 -1.680562
v 0.379835 0.840939 -1.692075
v 0.371003 0.849020 -1.712939
v 0.363123 0.844738 -1.735258
v 0.358951 0.829458 -1.750434
v 0.360178 0.809120 -1.752697
v 0.366334 0.791492 -1.741184
v 0.355627 0.770998 -1.688859
v 0.337681 0.723027 -1.686135
v 0.349558 0.780808 -1.670202
v 0.327383 0.720662 -1.666911
v 0.335674 0.794386 -1.663634
v 0.308270 0.719190 -1.659644
v 0.319277 0.806545 -1.671666
v 0.287644 0.719172 -1.667110
v 0.306621 0.812449 -1.691240
v 0.273533 0.720446 -1.686529
v 0.302565 0.810343 -1.714848
v 0.270933 0.722971 -1.710292
v 0.308634 0.800532 -1.733506
v 0.281230 0.725336 -1.729516
v 0.322518 0.786955 -1.740073
v 0.300343 0.726808 -1.736783
v 0.338915 0.774796 -1.732042
v 0.320969 0.726826 -1.729317
v 0.335232 0.725381 -1.709971
v 0.351561 0.768701 -1.712480
v 0.347303 0.511088 -1.733494
v 0.349752 0.508734 -1.709657
v 0.339454 0.506369 -1.690433
v 0.320342 0.504896 -1.683167
v 0.299715 0.504879 -1.690632
v 0.285635 0.506119 -1.710066
v 0.283004 0.508677 -1.733814
v 0.293302 0.511043 -1.753038
v 0.312414 0.512515 -1.760305
v 0.333041 0.512532 -1.752839
v 0.365411 0.651373 -1.728158
v 0.370857 0.648273 -1.695997
v 0.353642 0.644082 -1.664114
v 0.300853 0.639204 -1.644498
v 0.268392 0.639052 -1.657168
v 0.250933 0.640997 -1.684772
v 0.245304 0.644300 -1.716827
v 0.260901 0.648285 -1.747734
v 0.313434 0.653221 -1.768014
v 0.347760 0.653523 -1.755682
v 0.253602 0.506719 -1.732151
v 0.270818 0.510911 -1.764040
v 0.323607 0.515789 -1.783656
v 0.373708 0.513791 -1.743472
v 0.379155 0.510692 -1.711324
v 0.363559 0.506708 -1.680421
v 0.311026 0.501771 -1.660141
v 0.276695 0.501470 -1.672478
v 0.259230 0.503415 -1.700085
v 0.356067 0.515941 -1.770986
v -0.416798 0.668785 -1.262521
v 0.056087 0.733983 -1.431527
v -0.414349 0.666431 -1.238684
v 0.064063 0.738369 -1.409236
v -0.424647 0.664066 -1.219461
v 0.068235 0.753649 -1.394060
v -0.443760 0.662593 -1.212194
v 0.067009 0.773987 -1.391797
v -0.464386 0.662576 -1.219659
v 0.060852 0.791614 -1.403310
v -0.478466 0.663816 -1.239093
v 0.052118 0.799798 -1.424201
v -0.481097 0.666375 -1.262842
v 0.044141 0.795413 -1.446492
v -0.470799 0.668740 -1.282065
v 0.039969 0.780133 -1.461668
v -0.451686 0.670212 -1.289332
v 0.041196 0.759795 -1.463932
v -0.431060 0.670229 -1.281867
v 0.047352 0.742167 -1.452419
v -0.379521 0.783308 -1.266873
v -0.371545 0.787693 -1.244582
v -0.367373 0.802973 -1.229406
v -0.368599 0.823311 -1.227142
v -0.374756 0.840939 -1.238655
v -0.383587 0.849020 -1.259519
v -0.391467 0.844738 -1.281838
v -0.395639 0.829458 -1.297014
v -0.394413 0.809120 -1.299278
v -0.388256 0.791492 -1.287764
v -0.398964 0.770998 -1.235440
v -0.416910 0.723027 -1.232715
v -0.405032 0.780808 -1.216782
v -0.427208 0.720662 -1.213491
v -0.418917 0.794386 -1.210214
v -0.446320 0.719190 -1.206224
v -0.435314 0.806545 -1.218246
v -0.466947 0.719172 -1.213690
v -0.447969 0.812449 -1.237820
v -0.481057 0.720446 -1.233109
v -0.452025 0.810343 -1.261428
v -0.483658 0.722971 -1.256872
v -0.445957 0.800532 -1.280086
v -0.473360 0.725336 -1.276096
v -0.432072 0.786955 -1.286654
v -0.454247 0.726808 -1.283363
v -0.415675 0.774796 -1.278622
v -0.433621 0.726826 -1.275897
v -0.419359 0.725381 -1.256552
v -0.403029 0.768701 -1.259061
v -0.408186 0.510990 -1.264546
v -0.407554 0.510382 -1.258395
v -0.410211 0.509772 -1.253435
v -0.415142 0.509392 -1.251560
v -0.420464 0.509387 -1.253487
v -0.424097 0.509707 -1.258501
v -0.424776 0.510368 -1.264628
v -0.422119 0.510978 -1.269588
v -0.417188 0.511358 -1.271463
v -0.411866 0.511362 -1.269537
v -0.389179 0.651373 -1.274738
v -0.383733 0.648273 -1.242577
v -0.400949 0.644082 -1.210695
v -0.453738 0.639204 -1.191079
v -0.486199 0.639052 -1.203748
v -0.503658 0.640997 -1.231352
v -0.509286 0.644300 -1.263407
v -0.493689 0.648285 -1.294314
v -0.441157 0.653221 -1.314594
v -0.406831 0.653523 -1.302262
v -0.432362 0.509862 -1.264199
v -0.427920 0.510944 -1.272427
v -0.414300 0.512203 -1.277488
v -0.401372 0.511687 -1.267120
v -0.399967 0.510888 -1.258826
v -0.403991 0.509859 -1.250852
v -0.417546 0.508586 -1.245620
v -0.426404 0.508508 -1.248803
v -0.430910 0.509010 -1.255926
v -0.405924 0.512242 -1.274219
v -0.216857 0.776166 -1.253710
v -0.208880 0.780551 -1.231419
v -0.204709 0.795831 -1.216243
v -0.205935 0.816169 -1.213979
v -0.212092 0.833797 -1.225492
v -0.220875 0.841930 -1.246370
v -0.228803 0.837596 -1.268675
v -0.232975 0.822316 -1.283851
v -0.231749 0.801978 -1.286114
v -0.225592 0.784350 -1.274601
v -0.476485 0.668785 -1.465918
v -0.003600 0.733983 -1.634924
v -0.474035 0.666431 -1.442081
v 0.004377 0.738369 -1.612633
v -0.484334 0.664066 -1.422858
v 0.008549 0.753649 -1.597458
v -0.503446 0.662593 -1.415591
v 0.007322 0.773987 -1.595194
v -0.524073 0.662576 -1.423056
v 0.001166 0.791614 -1.606707
v -0.538153 0.663816 -1.442490
v -0.007569 0.799798 -1.627599
v -0.540784 0.666375 -1.466239
v -0.015545 0.795413 -1.649889
v -0.530486 0.668740 -1.485463
v -0.019717 0.780133 -1.665065
v -0.511373 0.670212 -1.492729
v -0.018491 0.759795 -1.667329
v -0.490747 0.670229 -1.485264
v -0.012334 0.742167 -1.655816
v -0.439208 0.783308 -1.470270
v -0.431232 0.787693 -1.447979
v -0.427060 0.802973 -1.432803
v -0.428286 0.823311 -1.430540
v -0.434443 0.840939 -1.442053
v -0.443274 0.849020 -1.462916
v -0.451154 0.844738 -1.485235
v -0.455326 0.829458 -1.500411
v -0.454099 0.809120 -1.502675
v -0.447943 0.791492 -1.491161
v -0.458650 0.770998 -1.438837
v -0.476596 0.723027 -1.436112
v -0.464719 0.780808 -1.420179
v -0.486894 0.720662 -1.416888
v -0.478603 0.794386 -1.413612
v -0.506007 0.719190 -1.409622
v -0.495000 0.806545 -1.421643
v -0.526633 0.719172 -1.417087
v -0.507656 0.812449 -1.441217
v -0.540743 0.720446 -1.436506
v -0.511712 0.810343 -1.464825
v -0.543345 0.722971 -1.460269
v -0.505643 0.800532 -1.483483
v -0.533046 0.725336 -1.479493
v -0.491758 0.786955 -1.490051
v -0.513934 0.726808 -1.486760
v -0.475362 0.774796 -1.482019
v -0.493307 0.726826 -1.479294
v -0.479045 0.725381 -1.459949
v -0.462716 0.768701 -1.462458
v -0.487096 0.593075 -1.475821
v -0.486250 0.592262 -1.467592
v -0.489806 0.591446 -1.460955
v -0.496404 0.590937 -1.458446
v -0.503525 0.590932 -1.461024
v -0.508386 0.591359 -1.467733
v -0.509294 0.592243 -1.475932
v -0.505739 0.593059 -1.482568
v -0.499141 0.593568 -1.485077
v -0.492020 0.593574 -1.482500
v -0.448866 0.651373 -1.478135
v -0.443420 0.648273 -1.445974
v -0.460635 0.644082 -1.414092
v -0.513424 0.639204 -1.394476
v -0.545885 0.639052 -1.407146
v -0.563344 0.640997 -1.434749
v -0.568973 0.644300 -1.466804
v -0.553376 0.648285 -1.497711
v -0.500844 0.653221 -1.517991
v -0.466517 0.653523 -1.505659
v -0.519445 0.591567 -1.475357
v -0.513501 0.593014 -1.486367
v -0.495277 0.594698 -1.493139
v -0.477980 0.594008 -1.479266
v -0.476100 0.592939 -1.468167
v -0.481484 0.591563 -1.457498
v -0.499620 0.589859 -1.450497
v -0.511472 0.589755 -1.454756
v -0.517501 0.590426 -1.464287
v -0.484071 0.594750 -1.488765
v -0.441796 0.674418 -1.321112
v -0.100037 0.693001 -1.764951
v -0.429576 0.659510 -1.277575
v -0.114751 0.747996 -1.785032
v -0.496055 0.674481 -1.249144
v -0.118137 0.798133 -1.843683
v -0.570877 0.735213 -1.239151
v -0.108900 0.802551 -1.918503
v -0.608563 0.729686 -1.233006
v -0.090568 0.759562 -1.980913
v -0.611632 0.679773 -1.270003
v -0.070144 0.707298 -2.007074
v -0.572784 0.643746 -1.338990
v -0.055430 0.630593 -1.986994
v -0.545085 0.606962 -1.342984
v -0.052044 0.580456 -1.928343
v -0.523889 0.605717 -1.347173
v -0.061281 0.576038 -1.853523
v -0.517290 0.640488 -1.349957
v -0.079613 0.619026 -1.791113
v -0.037192 0.745042 -1.806151
v -0.024893 0.702642 -1.789368
v -0.040021 0.786947 -1.855172
v -0.032300 0.790639 -1.917707
v -0.016978 0.754709 -1.969870
v 0.000092 0.714591 -1.991736
v 0.012390 0.650481 -1.974953
v 0.015220 0.608576 -1.925931
v 0.007499 0.604883 -1.863397
v -0.007823 0.640813 -1.811234
v -0.116102 0.751163 -1.780434
v -0.100718 0.692676 -1.759439
v -0.119641 0.803583 -1.841755
v -0.109983 0.808202 -1.919982
v -0.090817 0.763256 -1.985234
v -0.069464 0.707623 -2.012587
v -0.054079 0.627426 -1.991592
v -0.050540 0.575006 -1.930270
v -0.060197 0.570387 -1.852044
v -0.079363 0.615333 -1.786792
v -0.054239 0.758369 -1.784296
v -0.038855 0.699881 -1.763302
v -0.057778 0.810788 -1.845618
v -0.048120 0.815407 -1.923845
v -0.028954 0.770462 -1.989097
v -0.007601 0.714829 -2.016449
v 0.007783 0.634631 -1.995455
v 0.011323 0.582212 -1.934133
v 0.001666 0.577593 -1.855906
v -0.017500 0.622538 -1.790655
v -0.381565 0.635652 -1.331361
v -0.427146 0.650448 -1.302749
v -0.491302 0.787723 -1.273446
v -0.554822 0.763280 -1.240623
v -0.611494 0.782594 -1.299006
v -0.601865 0.714536 -1.296534
v -0.567045 0.610865 -1.341673
v -0.549703 0.595146 -1.353712
v -0.526113 0.593761 -1.358374
v -0.462332 0.587416 -1.341508
v -0.398102 0.705442 -1.542588
v -0.298763 0.658990 -1.781419
v -0.306943 0.765157 -1.773603
v -0.463462 0.782575 -1.567943
v -0.299309 0.823961 -1.844757
v -0.554204 0.876279 -1.541878
v -0.282505 0.837106 -1.941992
v -0.610660 0.876285 -1.543317
v -0.427348 0.778672 -1.993264
v -0.644236 0.828478 -1.536072
v -0.406925 0.673287 -2.019425
v -0.642973 0.737143 -1.513914
v -0.392211 0.596581 -1.999345
v -0.646222 0.617483 -1.570358
v -0.250772 0.546445 -1.944811
v -0.260008 0.542027 -1.869990
v -0.520688 0.562929 -1.603913
v -0.278340 0.585015 -1.807580
v -0.431265 0.643982 -1.546652
v -0.422071 0.641984 -1.727476
v -0.459214 0.749126 -1.706192
v -0.521019 0.803596 -1.705068
v -0.617735 0.817365 -1.720431
v -0.681303 0.761666 -1.817218
v -0.694153 0.656281 -1.838277
v -0.674481 0.634489 -1.854566
v -0.609801 0.584352 -1.758480
v -0.538067 0.579934 -1.754396
v -0.478491 0.622923 -1.740246
v -0.130085 0.598024 -1.097963
v 0.601184 0.610550 -1.266403
v -0.150577 0.661425 -1.126893
v 0.591692 0.673846 -1.302010
v -0.181665 0.711560 -1.213923
v 0.569149 0.730274 -1.402009
v -0.291126 0.715230 -1.597112
v 0.457384 0.734414 -1.798097
v -0.308283 0.671031 -1.690955
v 0.427950 0.684683 -1.899845
v -0.306221 0.609898 -1.731113
v 0.417590 0.623945 -1.941298
v -0.285737 0.532447 -1.702080
v 0.421941 0.536782 -1.904183
v -0.254647 0.482311 -1.615050
v 0.444483 0.480354 -1.804184
v -0.145188 0.478642 -1.231861
v 0.556249 0.476215 -1.408095
v -0.128029 0.522840 -1.138018
v 0.585682 0.525945 -1.306347
v 0.640978 0.657172 -1.343868
v 0.649756 0.608187 -1.314356
v 0.622137 0.704334 -1.427448
v 0.515647 0.707794 -1.803064
v 0.491046 0.666229 -1.888105
v 0.483231 0.619382 -1.923000
v 0.486867 0.546531 -1.891979
v 0.505708 0.499368 -1.808399
v 0.612199 0.495909 -1.432784
v 0.636800 0.537474 -1.347742
v 0.593860 0.677510 -1.294514
v 0.603550 0.610245 -1.257217
v 0.570291 0.736507 -1.399066
v 0.457064 0.740835 -1.800832
v 0.426290 0.688840 -1.907212
v 0.415224 0.624250 -1.950485
v 0.419773 0.533118 -1.911679
v 0.443341 0.474121 -1.807127
v 0.556570 0.469793 -1.405361
v 0.587343 0.521788 -1.298981
v 0.642460 0.674563 -1.307132
v 0.652151 0.607298 -1.269835
v 0.618892 0.733560 -1.411685
v 0.505664 0.737888 -1.813450
v 0.474891 0.685893 -1.919831
v 0.463824 0.621303 -1.963103
v 0.468373 0.530171 -1.924298
v 0.491941 0.471174 -1.819745
v 0.605170 0.466846 -1.417980
v 0.635944 0.518841 -1.311599
v -0.098689 0.597291 -1.084286
v -0.121494 0.669438 -1.116494
v -0.156093 0.725235 -1.213353
v -0.268920 0.729318 -1.609165
v -0.288016 0.680129 -1.713605
v -0.285721 0.610506 -1.758286
v -0.262923 0.524308 -1.725975
v -0.228325 0.468511 -1.629116
v -0.115497 0.464427 -1.233305
v -0.096401 0.513616 -1.128864
v 0.142383 0.638372 -1.147279
v 0.371783 0.624461 -1.206841
v 0.374870 0.746153 -1.246139
v 0.145471 0.760064 -1.186577
v 0.430268 0.848630 -1.369009
v -0.026731 0.862541 -1.242659
v 0.318503 0.852769 -1.765098
v -0.138497 0.866681 -1.638747
v 0.289070 0.803039 -1.866846
v -0.167930 0.816950 -1.740495
v 0.188189 0.637856 -1.881736
v -0.041212 0.651767 -1.822174
v 0.192540 0.550693 -1.844621
v -0.036860 0.564604 -1.785059
v 0.215082 0.494266 -1.744622
v -0.014318 0.508177 -1.685060
v 0.326847 0.490126 -1.348533
v 0.097446 0.504037 -1.288972
v 0.356281 0.539856 -1.246785
v 0.126880 0.553768 -1.187223
v 0.859276 0.639691 -1.454713
v 0.887364 0.591802 -1.592632
v 0.801151 0.612428 -1.314345
v 0.815194 0.598722 -1.359910
v -0.306478 0.168047 1.405526
v -0.299624 0.168047 1.803356
v 0.637824 0.168047 1.412802
v 0.644678 0.168047 1.810631
v 0.639004 0.357989 1.378801
v 0.648596 0.309458 1.854059
v -0.310384 0.357989 1.362461
v -0.300793 0.357989 1.837719
v -0.340865 0.168047 -1.448380
v -0.341718 0.168047 -1.629404
v 0.634200 0.168047 -1.445067
v 0.638915 0.168047 -1.264031
v -0.340520 0.357989 -1.447133
v -0.341604 0.357758 -1.643808
v 0.633945 0.357989 -1.439129
v 0.628175 0.357757 -1.635842
v -0.339438 0.358221 -1.250458
v -0.340013 0.168047 -1.267357
v 0.639715 0.358221 -1.242415
v 0.629485 0.168047 -1.626104
v 0.887555 0.230237 -1.505796
v 0.887576 0.296299 -1.504441
v -0.615420 0.296258 -1.485826
v -0.615545 0.230185 -1.486315
v -0.580872 0.228506 1.569675
v -0.575924 0.228504 1.651415
v 0.893841 0.228285 1.562347
v 0.898777 0.228288 1.651091
v 0.893530 0.286352 1.559279
v 0.900277 0.253826 1.653405
v -0.582649 0.294586 1.565548
v -0.575914 0.294588 1.654707
v -0.616128 0.230098 -1.532058
v 0.890837 0.229874 -1.477396
v -0.616137 0.296017 -1.533910
v 0.883712 0.296508 -1.534160
v -0.614709 0.296496 -1.438122
v -0.614957 0.230272 -1.440300
v 0.891318 0.296096 -1.475698
v 0.884370 0.230591 -1.533398
v 0.804212 0.596635 1.836474
vn 0.0376 -0.6634 -0.7473
vn 0.1655 0.5222 0.8366
vn -0.0918 0.4521 0.8872
vn -0.4894 0.8065 -0.3318
vn -0.0000 -1.0000 -0.0000
vn -0.2320 0.9719 -0.0395
vn -0.9064 0.4218 -0.0233
vn -0.7161 -0.4477 0.5355
vn 0.9698 0.2437 -0.0075
vn 0.9391 0.3171 -0.1326
vn 0.5129 -0.6120 -0.6020
vn -0.0163 0.9798 0.1995
vn -0.0911 0.9958 0.0012
vn -0.0530 0.1988 0.9786
vn 0.0358 -0.9512 0.3066
vn 0.6232 0.6333 0.4589
vn -0.0526 0.9174 -0.3944
vn 0.0084 -0.0134 0.9999
vn 0.6320 0.5119 -0.5819
vn 0.5385 0.7045 -0.4623
vn 0.4759 0.8013 -0.3626
vn 0.9921 -0.0170 -0.1241
vn -0.8829 0.3997 -0.2464
vn -0.0247 0.1532 0.9879
vn 0.8292 0.3289 0.4520
vn 0.9625 -0.1048 -0.2504
vn -0.8221 0.3289 0.4647
vn -0.2601 0.4862 0.8343
vn -0.1429 0.9337 0.3284
vn -0.9698 0.2437 0.0075
vn -0.0273 0.9904 -0.1358
vn -0.9885 -0.0098 -0.1507
vn -0.8397 -0.2598 -0.4770
vn -0.1062 0.9943 -0.0048
vn 0.9928 0.0677 -0.0989
vn -0.0274 0.9558 -0.2927
vn -0.7461 0.5490 -0.3767
vn 0.9217 0.3877 -0.0071
vn -0.1810 0.8999 0.3967
vn 0.9189 0.3680 -0.1423
vn -0.2073 0.9545 0.2144
vn -0.9465 0.3185 -0.0517
vn 0.8972 -0.4287 0.1057
vn -0.0024 -0.9711 0.2388
vn 0.9538 0.2872 -0.0876
vn 0.6766 0.7363 -0.0052
vn -0.8054 -0.4104 0.4276
vn -0.0077 -0.0831 -0.9965
vn -0.9698 0.2402 -0.0428
vn -0.9991 0.0154 0.0400
vn 0.0062 -0.5891 0.8080
vn 0.9857 -0.1075 0.1295
vn 0.9987 -0.0471 0.0171
vn 0.9550 0.2383 0.1765
vn -0.9834 -0.0645 -0.1697
vn -0.4820 0.8603 -0.1663
vn -0.9917 -0.1287 0.0068
vn 0.9861 -0.1312 -0.1019
vn 0.0006 0.9999 -0.0104
vn -0.0006 0.9977 -0.0675
vn 0.0853 0.9509 0.2974
vn 0.1249 -0.0207 -0.9919
vn 0.9917 -0.1287 -0.0068
vn -0.0316 0.9993 -0.0203
vn -0.9950 0.1000 0.0077
vn -0.7989 -0.6014 0.0104
vn -0.9327 -0.3605 0.0072
vn 0.8241 -0.5664 -0.0057
vn 0.9856 -0.1691 -0.0068
vn -0.0065 -0.7248 -0.6889
vn 0.0006 -0.9977 0.0675
vn -0.7036 -0.5810 -0.4091
vn -0.8363 -0.2280 -0.4987
vn -0.1006 -0.0338 0.9944
vn -0.0739 -0.0148 0.9972
vn 0.7484 -0.3590 0.5576
vn 0.8914 -0.3566 0.2799
vn 0.5689 -0.8224 -0.0074
vn 0.9626 -0.2307 0.1418
vn 0.2546 0.9271 0.2749
vn -0.8241 -0.5664 0.0057
vn -0.9856 -0.1691 0.0068
vn -0.2032 0.9739 0.1007
vn 0.0588 0.9751 -0.2139
vn 0.1516 0.9725 0.1770
vn -0.8664 -0.4982 0.0339
vn -0.9330 -0.3235 -0.1578
vn -0.0012 -0.9877 -0.1567
vn 0.0071 -0.3764 0.9264
vn 0.8593 -0.5093 0.0462
vn 0.9443 -0.2779 0.1762
vn -0.1352 -0.3597 0.9232
vn 0.0077 -0.0831 0.9965
vn -0.9794 -0.1968 0.0440
vn -0.7917 -0.4142 0.4491
vn -0.1012 -0.5670 0.8175
vn 0.9310 -0.2442 -0.2714
vn 0.9356 -0.2838 -0.2098
vn -0.1421 -0.0212 -0.9896
vn 0.8308 -0.2502 -0.4972
vn 0.0112 0.9999 -0.0096
vn -0.7568 -0.2958 0.5828
vn -0.1232 -0.6209 0.7742
vn -0.1201 -0.3422 -0.9319
vn -0.0062 -0.5891 -0.8080
vn 0.5056 -0.2448 0.8273
vn -0.9935 -0.0896 -0.0704
vn -0.9230 -0.2496 0.2930
vn -0.0930 -0.5523 -0.8284
vn 0.7673 0.6314 0.1117
vn 0.8127 0.5827 -0.0062
vn 0.1161 -0.2629 -0.9578
vn 0.1097 -0.1239 -0.9862
vn -0.0424 -0.9952 0.0884
vn 0.0012 -0.9877 0.1567
vn -0.0428 -0.9617 -0.2708
vn -0.1521 -0.1421 0.9781
vn 0.9968 -0.0180 -0.0785
vn 0.9995 -0.0085 0.0317
vn 0.0427 -0.9952 0.0877
vn -0.8803 0.4695 -0.0675
vn 0.8525 0.5224 -0.0169
vn 0.9417 0.2590 0.2146
vn -0.1450 0.9394 0.3107
vn 0.8336 0.0341 0.5513
vn -0.7762 0.1076 -0.6213
vn 0.4460 -0.5257 -0.7244
vn -0.8332 -0.2479 0.4943
vn -0.8357 -0.0465 0.5472
vn -0.7634 -0.1949 0.6159
vn 0.8108 -0.0599 -0.5823
vn 0.7032 -0.2657 -0.6595
vn -0.3929 -0.9087 -0.1411
vn -0.7003 -0.0941 -0.7076
vn 0.7621 -0.6452 0.0541
vn 0.7581 -0.4574 0.4649
vn -0.6465 -0.1154 0.7542
vn -0.9998 -0.0017 0.0192
vn -0.3858 -0.9107 0.1474
vn -0.4534 -0.8913 0.0035
vn 0.7082 -0.2676 0.6533
vn 0.9998 0.0014 -0.0200
vn 0.8294 -0.0589 0.5556
vn -0.0058 -0.0281 -0.9996
vn 0.5128 -0.5076 0.6923
vn 0.4641 -0.8857 -0.0089
vn 0.7521 -0.4600 -0.4719
vn 0.9052 -0.4243 -0.0229
vn 0.7848 -0.5960 -0.1699
vn 0.8041 -0.5938 0.0284
vn -0.8018 -0.2080 -0.5603
vn -0.9079 -0.4191 0.0055
vn -0.8723 -0.0454 -0.4869
vn -0.0280 -0.0630 -0.9976
vn -0.8319 -0.3108 -0.4597
vn -0.7731 -0.6343 0.0042
vn 0.7131 0.0762 -0.6969
vn -0.0301 -0.0529 -0.9981
vn -0.0071 -0.3764 -0.9264
vn 0.0625 -0.9840 0.1670
vn -0.0547 -0.9827 0.1769
vn 0.0365 -0.9602 -0.2770
vn 0.0243 -0.8051 -0.5926
vn -0.1890 -0.0842 -0.9784
vn 0.0520 0.9587 0.2797
vn -0.0543 0.8881 0.4565
vn -0.0469 0.9334 0.3557
vn -0.2140 0.8254 0.5224
vn -0.1045 -0.0401 -0.9937
vn 0.1428 0.0489 0.9885
vn 0.1027 -0.1284 0.9864
vn 0.1156 -0.0718 0.9907
vn -0.0070 0.5389 0.8423
vn -0.9695 -0.2442 0.0216
vn 0.0191 0.9145 -0.4042
vn -0.0055 -0.3926 -0.9197
vn 0.0002 -0.9996 0.0294
vn 1.0000 -0.0000 -0.0008
vn -0.0032 0.9955 0.0945
vn 0.0605 -0.1684 0.9839
vn -0.0185 -0.0000 0.9998
vn 0.8113 0.0575 -0.5818
vn -0.9889 0.1462 -0.0257
vn 0.0085 0.0009 1.0000
vn -0.9699 0.2425 -0.0207
vn 0.0903 0.9839 0.1542
vn -0.0610 0.9265 0.3713
vn 0.0277 0.8008 0.5983
vn -0.0035 0.8923 -0.4514
vn -0.0010 0.9922 -0.1246
vn -0.0287 0.5636 0.8255
vn -0.0762 0.9938 -0.0812
vn 0.0773 0.9956 0.0526
vn 0.1045 0.9922 -0.0681
vn -0.0008 -0.9949 -0.1011
vn -0.1134 0.9692 -0.2187
vn 0.2012 0.8674 0.4552
vn -0.0887 0.9398 0.3301
vn -0.8941 -0.2414 -0.3773
vn -0.0223 0.9915 -0.1282
vn -0.0511 -0.6631 -0.7467
vn 0.9194 0.1949 0.3415
vn 0.9948 0.0577 0.0835
vn 0.0077 -0.0015 1.0000
vn -0.0307 -0.9493 0.3128
vn -0.1297 -0.9581 0.2553
vn 0.0695 0.0137 0.9975
vn -0.0020 0.1691 0.9856
vn -0.0163 0.9804 0.1964
vn -0.0768 0.9501 0.3023
vn -0.0155 0.5471 -0.8369
vn 0.0057 0.5208 -0.8537
vn 0.2037 0.9052 -0.3729
vn -0.0656 0.9911 -0.1156
vn 0.0416 0.2654 0.9632
vn -0.0163 0.4345 0.9005
vn 0.0544 -0.9903 0.1279
vn 0.8549 -0.3155 -0.4118
vn -0.1263 -0.9822 0.1392
vn 0.0522 0.4425 0.8952
vn -0.0121 0.3921 0.9198
vn -0.0608 0.9963 -0.0609
vn -0.0124 0.9980 -0.0614
vn 0.0085 0.5759 -0.8175
vn -0.0061 0.6031 -0.7977
vn 0.0321 0.9971 0.0683
vn -0.0010 0.9946 0.1042
vn 0.0332 0.2068 0.9778
vn 0.0024 0.1582 0.9874
vn -0.0021 -0.9560 0.2932
vn 0.0542 -0.9593 0.2771
vn -0.0077 -0.0617 -0.9981
vn 0.9723 0.2337 0.0093
vn 0.0257 0.9909 -0.1325
vn 0.0494 -0.9911 0.1239
vn -0.1004 -0.9860 0.1331
vn 0.0724 0.9414 0.3294
vn -0.0020 0.9374 0.3483
vn -0.9215 -0.3849 0.0512
vn 0.0004 -0.9991 0.0418
vn 0.0565 0.9971 -0.0518
vn -0.1652 0.9646 -0.2054
vn -0.9153 0.2016 0.3487
vn 0.0208 0.9920 -0.1248
vn 0.0033 0.9059 -0.4235
vn -0.0110 0.5209 -0.8535
vn 0.0357 0.9496 0.3113
vn 0.2425 0.9411 0.2358
vn -0.9181 -0.3956 -0.0251
vn 0.0097 -0.0058 0.9999
vn -0.9117 -0.3784 0.1600
vn -0.9542 0.2342 0.1862
vn -0.0384 -0.0537 -0.9978
vn -0.8037 0.1202 -0.5828
vn -0.9534 0.3016 0.0053
vn -0.0077 -0.0000 -1.0000
vn 0.9053 -0.4085 -0.1163
vn 0.8671 -0.3747 0.3282
vn 0.8023 -0.3917 0.4504
vn 0.0339 -0.0000 0.9994
vn 0.0077 -0.0000 1.0000
vn -0.9993 0.0048 -0.0370
vn -0.0007 -0.9955 -0.0946
vn 0.9984 -0.0018 -0.0573
vn -0.8658 0.4844 -0.1259
vn 0.0019 -0.9997 0.0263
vn -0.0011 -0.9996 0.0293
vn -0.0049 0.1971 0.9804
vn -0.0281 -0.0000 0.9996
vn -0.0963 -0.0000 0.9954
vn 0.0263 0.0066 0.9996
vn 0.0059 -0.0056 1.0000
vn 0.1020 -0.0737 -0.9921
vn 0.6716 -0.2682 0.6907
vn 0.0085 -0.0005 1.0000
vn 0.9936 0.1005 -0.0521
vn 1.0000 -0.0045 -0.0064
vn 0.0078 -0.0012 1.0000
vn 0.0100 0.0028 -0.9999
vn -0.0249 0.0042 -0.9997
vn 0.9074 -0.4194 0.0261
vn -0.9227 -0.3853 0.0114
vn 0.4144 0.8542 0.3141
vn 0.1098 0.9499 0.2925
vn 0.0344 0.9774 0.2086
vn 0.1426 0.7617 0.6320
vn 0.0050 0.1578 0.9875
vn 0.0336 0.1339 0.9904
vn -0.0114 0.1450 0.9894
vn -0.0016 0.9999 -0.0099
vn -0.9974 -0.0501 0.0514
vn -0.9989 0.0211 0.0417
vn -0.0596 0.9649 0.2558
vn 0.0503 0.9126 0.4058
vn 0.9999 0.0097 -0.0077
vn 0.9999 0.0098 -0.0084
vn -0.9024 0.3925 0.1781
vn -0.7956 0.5826 -0.1660
vn -0.8757 0.3523 0.3301
vn -0.0005 0.9931 0.1177
vn 0.0499 0.9381 0.3429
vn 0.0359 0.9707 0.2377
vn -0.8008 0.5929 0.0852
vn -0.7173 0.6875 0.1133
vn 0.9942 -0.0779 0.0739
vn 0.9882 0.1520 0.0187
vn -0.9993 -0.0246 0.0292
vn -0.9996 0.0053 -0.0269
vn -0.9217 0.3877 0.0071
vn -0.9868 0.1618 0.0072
vn -0.3062 0.9501 0.0592
vn 0.9999 0.0113 -0.0077
vn 0.9697 -0.2441 0.0067
vn -0.9999 -0.0000 0.0146
vn 0.9874 0.1583 -0.0072
vn -0.9999 0.0113 0.0077
vn -0.9993 0.0366 0.0072
vn 0.9468 0.2555 -0.1957
vn 0.0145 0.9075 0.4198
vn 0.1294 0.9415 0.3112
vn -0.5459 -0.1668 0.8211
vn -0.8125 -0.3415 0.4724
vn -0.7043 -0.2308 -0.6713
vn -0.0081 0.9746 0.2236
vn -0.0849 0.8877 0.4525
vn 0.9874 -0.1521 0.0445
vn 0.9891 -0.1186 -0.0874
vn -0.9597 -0.2754 0.0562
vn -0.9154 -0.4011 -0.0353
vn 0.9985 -0.0145 -0.0521
vn -0.9964 -0.0592 0.0599
vn 0.9149 0.4033 -0.0152
vn 0.9642 0.2631 0.0331
vn 0.7719 -0.6340 0.0467
vn 0.8368 -0.3235 0.4416
vn 0.9997 0.0214 -0.0073
vn -0.8362 0.5481 -0.0182
vn 0.0798 -0.1539 -0.9849
vn 0.9910 0.1323 0.0181
vn -0.7024 -0.2265 -0.6748
vn 0.0059 -0.0058 1.0000
vn -0.9027 -0.3998 -0.1589
vn 0.1837 -0.0924 -0.9786
vn 0.0646 0.0085 0.9979
vn -0.9303 -0.3617 0.0611
vn -0.9826 -0.1369 0.1252
vn 0.9141 -0.3558 0.1944
vn 0.8572 -0.5144 0.0239
vn -0.9839 0.1769 -0.0242
vn 0.9893 -0.1453 0.0159
vn -0.9653 0.2609 -0.0156
vn 0.8409 0.5412 0.0004
vn -0.0032 -0.9991 -0.0427
vn -0.8443 -0.5254 0.1056
vn -0.0264 0.9301 -0.3665
vn 0.0028 0.1065 0.9943
vn -0.9655 -0.2558 0.0499
vn 0.0076 0.1315 0.9913
vn 0.0197 0.6507 0.7591
vn 0.0130 0.1179 0.9929
vn 0.0076 0.1062 0.9943
vn -0.0518 0.9552 -0.2914
vn 0.0076 0.1432 0.9897
vn 0.9911 -0.1318 0.0209
vn -0.2640 0.9506 0.1630
vn -0.0012 -0.9901 -0.1405
vn -0.6818 -0.2106 0.7006
vn 0.0365 -0.6572 -0.7528
vn 0.0418 0.9828 0.1800
vn -0.0924 0.9262 0.3654
vn 0.1541 0.9866 0.0530
vn 0.9837 0.0065 -0.1796
vn -0.8447 -0.3790 0.3780
vn 0.0071 0.0008 -1.0000
vn -0.0963 0.9779 -0.1857
vn 0.6370 -0.6055 0.4771
vn 0.3675 0.9047 0.2157
vn -0.8590 -0.4437 -0.2553
vn -0.7485 -0.5887 0.3053
vn -0.9926 0.0932 -0.0783
vn 0.9762 -0.1981 -0.0880
vn -0.0427 0.6517 0.7573
vn -0.1671 0.9242 0.3435
vn -0.7791 -0.6248 -0.0504
vn 0.5519 -0.8303 -0.0776
vn -0.0494 -0.3789 -0.9241
vn 0.0339 -0.0601 -0.9976
vn -0.0428 -0.0490 -0.9979
vn 0.0404 -0.0570 -0.9976
vn -0.0491 -0.4146 -0.9087
vn -0.2422 -0.7467 -0.6195
vn 0.0448 -0.3922 -0.9188
vn -0.0071 -0.3922 -0.9198
vn -0.0533 -0.0563 -0.9970
vn -0.0077 -0.0356 -0.9993
vn 0.0003 0.9990 0.0449
vn -0.0031 0.9963 0.0856
vn -0.9992 -0.0033 0.0402
vn 0.0029 0.9983 0.0588
vn 0.0024 -0.9974 -0.0718
vn 0.0007 0.9963 0.0856
vn -0.0021 0.9990 0.0449
vn 0.0045 0.9959 0.0906
vn -0.0871 0.0188 -0.9960
vn -0.0066 -0.0353 -0.9994
vn -0.0893 -0.0670 -0.9938
vn -0.0089 -0.0352 -0.9993
vn -0.0064 -0.0352 -0.9994
vn -0.0065 -0.0352 -0.9994
vn -0.0087 -0.0351 -0.9993
vn -0.8814 0.0439 -0.4702
vn 0.9046 0.2509 -0.3447
vn -0.0264 0.1833 -0.9827
vn -0.0089 0.1048 -0.9945
vn -0.8816 0.0412 -0.4701
vn 0.8735 0.0440 -0.4848
vn -0.0064 0.1302 -0.9915
vn -0.0092 0.1033 -0.9946
vn -0.0065 0.1001 -0.9950
vn -0.0089 0.1001 -0.9949
vn 0.9027 0.0933 -0.4200
vn -0.8813 0.0391 -0.4709
vn -0.0000 1.0000 -0.0000
vn -0.0305 0.9036 0.4273
vn 0.0041 0.0277 -0.9996
vn 0.4580 0.8871 0.0581
vn -0.0278 0.9950 -0.0954
vn 0.6439 0.7221 0.2530
vn 0.0088 0.9919 0.1269
vn 0.0049 0.9723 0.2337
vn -0.5579 0.7584 0.3370
vn -0.0616 0.9978 -0.0244
vn 0.3866 0.9222 0.0098
vn 0.0451 0.9989 -0.0139
vn 0.0491 0.9261 0.3741
vn 0.1271 0.9893 0.0717
vn -0.0895 0.8927 0.4416
vn -0.0213 0.9326 0.3602
vn -0.0252 0.9336 0.3574
vn 0.3051 0.9523 0.0058
vn -0.1147 0.9781 -0.1735
vn 0.0908 0.9168 -0.3890
vn 0.1087 0.9759 0.1892
vn -0.0161 0.9998 -0.0084
vn 0.0492 0.9981 -0.0377
vn 0.4858 0.8693 0.0913
vn 0.1645 0.9632 -0.2127
vn -0.4118 0.8785 -0.2422
vn 0.2000 0.8999 -0.3874
vn -0.0164 0.9998 -0.0098
vn 0.0018 1.0000 0.0064
vn -0.0457 0.9722 -0.2295
vn 0.0020 1.0000 -0.0048
vn -0.1012 0.9930 0.0611
vn -0.0734 0.9814 0.1772
vn -0.0073 0.9983 0.0571
vn 0.2337 0.9562 0.1762
vn -0.3617 0.9280 -0.0890
vn 0.1360 0.9840 -0.1148
vn 0.0440 0.8958 -0.4422
vn 0.8043 0.0125 0.5941
vn -0.0537 -0.0342 0.9980
vn -0.7595 0.0058 0.6505
vn 0.0727 -0.0360 0.9967
vn 0.0076 0.1860 0.9825
vn 0.0694 0.0330 0.9970
vn 0.7353 0.1680 -0.6565
vn 0.8048 0.0066 0.5935
vn -0.0580 0.0350 0.9977
vn 0.7961 0.1370 0.5894
vn -0.8386 0.1115 0.5332
vn 0.8078 -0.0420 0.5879
vn -0.0602 0.0147 0.9981
vn -0.7632 -0.0338 0.6453
vn -0.0578 -0.0076 0.9983
vn 0.8140 -0.0678 0.5769
vn -0.7655 -0.0370 0.6424
vn 0.0690 0.0115 0.9975
vn 0.0812 -0.0119 0.9966
vn -0.7624 -0.1162 0.6366
vn 0.8147 -0.1128 0.5689
vn 0.0337 0.1057 -0.9938
vn -0.0490 0.1057 -0.9932
vn -0.0076 0.1058 -0.9944
vn 0.0047 0.9955 0.0945
vn -0.0047 -0.9955 -0.0945
vn 0.9986 0.0047 -0.0523
vn 0.0032 -0.9955 -0.0946
vn 0.0007 0.9955 0.0946
vn 0.0339 0.0417 -0.9986
vn 0.0338 0.0897 -0.9954
vn 0.0036 0.1001 -0.9950
vn 0.0482 0.1057 -0.9932
vn -0.0493 0.0417 -0.9979
vn -0.0077 0.0489 -0.9988
vn -0.0491 0.0896 -0.9948
vn -0.0077 0.0823 -0.9966
vn 0.9997 -0.0033 0.0249
vn 0.9992 0.0035 -0.0409
vn -0.9997 0.0035 -0.0255
vn 0.0033 -0.9953 -0.0964
vn -0.0034 -0.9983 -0.0584
vn -0.0047 -0.9958 -0.0912
vn -0.0004 -0.9990 -0.0457
vn -0.0007 -0.9963 -0.0864
vn 0.9971 -0.0020 -0.0767
vn 0.0320 -0.8736 0.4855
vn 0.0006 -0.9971 0.0756
vn 0.0037 -0.8780 0.4786
vn -0.0018 -0.9981 0.0608
vn 0.0036 -0.9977 0.0683
vn -0.0241 -0.8688 0.4946
vn -0.0310 0.8749 -0.4833
vn -0.0037 0.8774 -0.4798
vn 0.8728 -0.4570 0.1712
vn 0.0343 -0.0267 -0.9991
vn 0.0446 -0.3953 -0.9175
vn -0.0587 -0.3953 -0.9167
vn -0.0071 -0.3964 -0.9180
vn -0.0497 -0.0267 -0.9984
vn -0.0077 -0.0268 -0.9996
vn -0.9992 -0.0004 -0.0395
vn -0.0257 0.9158 -0.4008
vn -0.0031 0.9171 -0.3986
vn 0.8494 0.4608 -0.2572
vn -0.0594 -0.3773 -0.9242
vn 0.0379 -0.0642 -0.9972
vn -0.0384 -0.0421 -0.9984
vn 0.0779 -0.0165 -0.9968
vn -0.0381 -0.4066 -0.9128
vn 0.0171 -0.4047 -0.9143
vn 0.0450 -0.3759 -0.9256
vn -0.0071 -0.3861 -0.9224
vn -0.0533 -0.0641 -0.9965
vn -0.0077 -0.0542 -0.9985
vn -0.0035 0.9978 -0.0657
vn 0.0029 0.9970 -0.0770
vn -0.9987 0.0004 -0.0501
vn -0.0006 0.9970 -0.0771
vn -0.9977 0.0006 0.0673
vn 0.8702 0.4514 -0.1974
vn 0.9980 0.0026 0.0630
vn -0.8646 0.4161 -0.2816
vn -0.8603 -0.4170 0.2931
vn 0.0238 0.8774 -0.4791
vn 0.8313 -0.1092 0.5450
vn -0.0736 -0.0049 0.9973
vn -0.8619 0.0456 -0.5050
vn 0.0172 0.0605 -0.9980
vn -0.7735 0.1324 0.6198
vn -0.0088 -0.0353 -0.9993
vn 0.8536 0.0467 -0.5188
vn -0.7823 -0.1178 0.6116
vn -0.0066 -0.0351 -0.9994
vn -0.0326 0.0803 -0.9962
vn 0.0889 -0.0000 0.9960
vn 0.0790 0.1859 0.9794
vn 0.8168 0.1267 0.5628
vn -0.0640 0.1859 0.9805
vn 0.0478 0.9771 0.2075
vn 0.0004 -0.9977 0.0675
vn 0.1341 -0.1904 -0.9725
vn 0.0029 0.9844 0.1761
vn 0.1844 0.9712 0.1509
vn -0.0004 0.9977 -0.0675
vn -0.1491 -0.1918 -0.9701
vn 0.0007 -0.9840 -0.1780
vn -0.0040 0.9977 0.0671
vn 0.9342 0.3556 -0.0290
vn -0.0634 -0.9848 -0.1614
vn -0.0539 0.9951 0.0832
vn -0.9345 0.3556 -0.0146
vn 0.0750 -0.9829 -0.1680
vn 0.0301 -0.9994 -0.0145
vn 0.0095 -0.9982 -0.0588
vn -0.0015 -0.9999 0.0100
vn 0.0015 0.9844 0.1759
vn 0.0269 -0.9838 -0.1774
vn -0.0355 -0.9993 -0.0078
vn -0.0014 -0.9840 -0.1784
vn 0.1533 -0.9439 -0.2925
vn 0.0008 -0.9999 0.0105
vn 0.9999 -0.0019 0.0109
vn 0.0106 0.9979 0.0636
vn -1.0000 -0.0049 0.0068
vn -0.9997 -0.0019 0.0263
vn -0.0050 -0.9981 -0.0616
vn 1.0000 0.0046 -0.0086
vn -0.0456 -0.1684 0.9847
vn 0.0002 -0.9999 -0.0150
vn -0.0000 -0.9999 -0.0152
vn 0.1209 -0.9666 0.2261
vn -0.0009 -0.9948 -0.1015
vn -0.0013 -0.9901 -0.1406
vn -0.0834 -0.9833 0.1618
vn 0.0023 -0.9997 -0.0233
vn -0.0002 -0.0011 1.0000
vn 0.0515 -0.9947 -0.0890
vn 0.0020 -0.9966 0.0824
vn -0.0008 -0.9995 -0.0305
vn 0.0006 -0.9965 0.0838
vn 0.0053 -0.9997 -0.0236
vn -0.5702 -0.0000 -0.8215
vn -0.1125 -0.0687 -0.9913
vn 0.9037 -0.4268 0.0336
vn 0.7035 -0.2582 -0.6621
vn 0.8077 -0.4316 -0.4017
vn 0.5369 -0.2151 0.8158
vn 0.0263 0.0055 0.9996
vn -0.0359 -0.0392 -0.9986
vn 0.0158 0.0217 0.9996
vn 0.0070 -0.0195 -0.9998
vn -0.0001 -0.9999 -0.0149
vn -0.0007 -0.9999 -0.0139
vn 0.0004 -0.9999 -0.0146
vn -0.0001 -0.9999 -0.0133
vn 0.0029 -0.9996 -0.0265
vn -0.0002 -0.9999 -0.0153
vn 0.0022 -0.9991 -0.0430
vn -0.0169 -0.9860 0.1659
vn 0.0547 -0.9949 0.0844
vn -0.0006 -0.9964 0.0848
vn -0.1254 -0.9884 0.0861
vn -0.0082 -0.9965 0.0832
vn 0.0110 -0.9966 0.0822
vn 0.0513 -0.9915 -0.1200
vn 0.0112 -0.9963 0.0847
vn -0.0001 -0.9999 -0.0152
vn 0.0151 -0.9973 0.0722
vn 0.0038 -0.9884 0.1521
vn -0.0003 -1.0000 -0.0034
vn 0.0168 0.9904 0.1370
vn 0.0001 -1.0000 0.0008
vn 0.0010 -0.9808 -0.1951
vn 0.0026 0.9862 0.1656
vn 0.0790 0.1873 0.9791
vn 0.0889 -0.0049 0.9960
vn -0.0088 -0.0351 -0.9993
vn 0.0173 0.0803 -0.9966
vn 0.0811 0.0495 0.9955
vn 0.0689 0.0612 0.9957
vn 0.0693 0.0617 0.9957
vn 0.0728 -0.0069 0.9973
vn -0.3996 0.9166 0.0127
vn -0.1612 0.9721 0.1703
vn -0.0265 0.1011 -0.9945
vn 0.0934 -0.0872 -0.9918
vn 0.6882 -0.2692 -0.6737
vn 0.1611 0.9855 0.0530
vn -0.5570 -0.0000 0.8305
vn -0.0737 0.9687 0.2372
vn -0.0249 0.0035 -0.9997
vn -0.0025 0.9998 -0.0206
vn 0.2742 0.9452 -0.1771
vn 0.1178 0.5102 0.8520
vn -0.0048 -0.0532 -0.9986
vn 0.2163 0.9332 -0.2871
vn -0.0102 0.0075 0.9999
vn 0.0681 0.1993 0.9776
vn 0.0077 -0.0018 1.0000
vn 0.0295 0.1500 0.9883
vn 0.0797 0.8706 0.4856
vn 0.6632 -0.7440 0.0817
vn -0.9387 -0.3437 0.0252
vn 0.4030 -0.0431 0.9142
vn -0.1044 -0.0428 -0.9936
vn -0.0120 -0.4650 -0.8853
vn -0.0616 -0.9700 -0.2354
vn -0.0062 -0.5892 -0.8080
vn -0.0334 -0.9857 0.1650
vn 0.0440 0.9431 0.3297
vn 0.0443 0.9384 0.3427
vn -0.0363 -0.9964 0.0763
vn 0.2478 -0.2732 0.9295
vn -0.0975 -0.0148 -0.9951
vn -0.0075 -0.2459 -0.9693
vn -0.4138 -0.2429 -0.8773
vn -0.1694 0.0214 0.9853
vn -0.0456 -0.6211 0.7824
vn -0.1076 0.9832 0.1472
vn 0.0078 0.0298 0.9995
vn -0.0056 -0.8068 -0.5908
vn 0.1562 -0.5910 0.7914
vn -0.8242 -0.3326 0.4583
vn 0.0452 0.9685 0.2448
vn -0.9625 0.2712 0.0074
vn 0.0070 -0.0134 0.9999
vn 0.9151 -0.3922 0.0940
vn 0.9011 -0.4285 0.0659
vn -0.0555 -0.5528 -0.8314
vn 0.0357 -0.9513 0.3060
vn 0.0339 0.9428 0.3315
vn -0.0122 0.8860 -0.4634
vn 0.9905 -0.1186 0.0702
vn -0.0124 -0.9964 0.0838
vn -0.0054 -0.9996 -0.0261
vn 0.0020 -0.9964 0.0846
vn 0.0002 -0.9999 -0.0146
vn -0.0013 -0.9862 -0.1656
vn 0.0016 0.9819 0.1894
vn -0.0022 -0.9998 0.0209
vn 0.0143 -0.9922 -0.1234
vn -0.0002 1.0000 0.0034
vn -0.0640 0.1852 0.9806
vn -0.0326 0.0605 -0.9976
vn -0.0736 -0.0000 0.9973
vn -0.0577 -0.0654 0.9962
vn -0.0602 -0.0386 0.9974
vn -0.0581 0.0043 0.9983
vn -0.0536 -0.0613 0.9967
vn -0.1367 0.9626 -0.2339
vn 0.0126 0.9999 0.0052
vn -0.0092 0.1094 -0.9940
vn -0.0064 0.1001 -0.9950
vn -0.0065 -0.0353 -0.9994
vn -0.0066 -0.0352 -0.9994
vn 0.3052 0.9399 0.1532
vn 0.8984 -0.4383 0.0265
vn 0.0085 0.0014 1.0000
vn 0.0016 -0.9991 -0.0430
vn 0.0798 -0.1515 -0.9852
vn 0.4873 0.0489 0.8719
vn -0.7744 0.6290 -0.0687
vn 0.0040 0.8549 0.5187
vn 0.0137 0.8258 0.5639
vn -0.9130 -0.4074 0.0231
vn -0.0056 -0.6790 -0.7341
vn -0.9440 0.2945 -0.1489
vn 0.1184 0.9446 0.3061
vn -0.0465 -0.9480 0.3149
vn 0.0243 -0.6755 -0.7370
vn 0.8862 -0.4633 -0.0061
vn -0.0470 0.9300 0.3646
vn -0.0189 0.9713 0.2371
vn -0.0055 -0.3922 -0.9198
vn -0.9657 0.2597 0.0057
vn -0.9221 0.3854 0.0354
vn 0.2061 -0.0447 -0.9775
vn 0.0371 -0.9858 0.1637
vn 0.1237 -0.0499 0.9911
vn 0.0748 -0.9590 -0.2734
vn 0.0382 -0.9961 0.0794
vn 0.1256 -0.5664 -0.8145
vn 0.1481 -0.3423 -0.9278
vn 0.0662 -0.5584 0.8269
vn 0.1011 -0.3347 0.9369
vn -0.3565 0.8434 -0.4021
vn 0.0416 -0.1194 0.9920
vn -0.1525 -0.0468 0.9872
vn -0.0000 1.0000 -0.0009
vn -0.9135 -0.4037 -0.0497
vn -0.1317 0.9887 -0.0713
vn -0.9935 0.0377 -0.1073
vn -0.9162 -0.3978 0.0489
vn -0.9672 -0.2486 0.0518
vn -0.0541 0.0126 0.9985
vn -0.2193 0.9750 -0.0346
vn -0.7849 -0.4957 -0.3717
vn -0.0527 0.4623 0.8852
vn -0.1177 0.8223 -0.5568
vn 0.1244 0.8134 -0.5682
vn 0.8243 0.5629 0.0598
vn 0.9821 0.1880 -0.0075
vn -0.0995 0.8050 -0.5848
vn 0.3168 0.7563 -0.5724
vn 0.0516 0.8594 -0.5087
vn -0.1190 0.6466 -0.7535
vn 0.0083 0.9434 -0.3315
vn -0.1272 0.8068 -0.5770
vn 0.1242 0.9111 -0.3930
vn -0.2268 0.7646 0.6032
vn -0.2090 0.8978 0.3876
vn 0.0814 0.6299 -0.7724
vn -0.0879 0.8096 -0.5804
vn -0.0045 0.8118 -0.5839
vn -0.0096 0.8923 -0.4514
vn 0.0866 0.9583 0.2722
vn -0.0422 0.8239 -0.5652
vn -0.0133 0.8971 0.4417
vn -0.1328 0.8132 -0.5666
vn -0.0015 0.9568 -0.2907
vn -0.7730 0.6329 -0.0438
vn -0.7855 0.3520 0.5090
vn 0.7546 0.6341 -0.1687
vn 0.7936 0.3519 0.4964
vn -0.8215 0.2503 0.5123
vn 0.5983 -0.8012 0.0115
vn -0.7365 0.5673 -0.3684
vn 0.8480 0.2548 0.4647
vn 0.8477 0.1737 0.5011
vn -0.7687 0.6374 0.0540
vn 0.7145 0.6798 0.1653
vn -0.8421 0.1793 0.5086
vn -0.8246 0.4879 -0.2863
vn 0.8421 0.2107 0.4965
vn 0.6965 0.5178 -0.4968
vn 0.8072 0.5319 -0.2560
vn 0.8189 -0.5648 -0.1020
vn 0.8357 -0.2066 0.5088
vn -0.8346 0.2106 0.5089
vn 0.8508 0.5113 0.1214
vn 0.1314 0.8120 -0.5687
vn -0.0063 0.6580 -0.7530
vn -0.0463 0.9171 -0.3959
vn 0.1049 0.7973 -0.5944
vn 0.0077 -0.0112 0.9999
vn -0.0061 0.6073 -0.7945
vn 0.0080 -0.0122 0.9999
vn 0.0073 -0.0127 0.9999
vn -0.0171 0.6331 -0.7739
vn 0.0074 -0.0121 0.9999
vn -0.6065 -0.7949 0.0194
vn 0.8553 0.1346 0.5004
vn 0.8532 -0.1100 0.5099
vn -0.9640 0.2616 -0.0467
vn 0.1733 0.6273 -0.7592
vn -0.1008 0.7976 -0.5947
vn 0.0667 0.7888 -0.6111
vn 0.0198 0.1402 0.9899
vn -0.0016 0.1332 0.9911
vn -0.9162 0.1106 0.3853
vn -0.1153 0.8145 -0.5685
vn 0.0798 0.8070 -0.5852
vn -0.0888 0.8079 -0.5826
vn -0.0045 0.8112 -0.5848
vn -0.8198 -0.5659 -0.0877
vn 0.0052 0.6605 -0.7508
vn 0.0169 0.1332 0.9909
vn 0.0076 0.1385 0.9903
vn -0.0759 0.7812 -0.6196
vn -0.0049 0.7730 -0.6343
vn -0.1187 0.6567 -0.7448
vn -0.0225 0.8130 -0.5819
vn 0.8700 0.4876 -0.0735
vn -0.0058 0.6288 -0.7776
vn -0.8287 -0.2071 0.5199
vn -0.0061 0.6011 -0.7992
vn 0.9630 0.2075 -0.1722
vn -0.9808 -0.0618 -0.1850
vn -0.4436 0.8675 0.2250
vn -0.9282 0.3487 -0.1297
vn 0.1072 0.6572 -0.7461
vn 0.0916 0.7971 -0.5969
vn 0.0136 0.8130 -0.5821
vn 0.1065 0.8145 -0.5702
vn 0.0403 0.9235 -0.3815
vn -0.1375 0.6504 -0.7471
vn -0.1401 0.8120 -0.5666
vn -0.1533 0.7980 -0.5828
vn -0.0028 0.1420 0.9899
vn 0.0081 -0.0127 0.9999
vn -0.8451 -0.1103 0.5231
vn 0.0300 -0.6798 -0.7328
vn 0.1276 -0.9831 0.1312
vn -0.5971 -0.7987 -0.0743
vn 0.0213 0.7922 0.6098
vn -0.0105 0.7922 0.6102
vn 0.0077 -0.0054 1.0000
vn -0.0062 0.0119 -0.9999
vn 0.0147 -0.0011 0.9999
vn 0.0913 0.9958 -0.0021
vn 0.0085 -0.0000 1.0000
vn 0.9948 0.0925 -0.0424
vn 0.0256 -0.0018 0.9997
vn -0.9838 0.1652 -0.0697
vn 0.8961 -0.4120 -0.1653
vn 0.7003 0.7114 0.0592
vn -0.0594 -0.0000 -0.9982
vn 0.0389 0.0268 -0.9989
vn -0.9172 -0.3981 0.0168
vn 0.0226 -0.0037 0.9997
vn -0.3680 0.8773 0.3080
vn 0.8803 -0.4744 -0.0048
vn -0.7976 0.6022 0.0345
vn -0.0015 -0.0019 1.0000
vn 0.0058 0.9974 -0.0716
vn 0.0050 0.9983 0.0581
vn -0.1980 0.9645 -0.1746
vn -0.1372 0.9901 0.0301
vn 0.0245 0.4118 0.9109
vn -0.0044 0.9974 0.0717
vn 0.0591 0.9982 -0.0094
vn -0.1073 0.9941 -0.0155
vn 0.1164 0.9931 -0.0115
vn 0.0053 0.9981 0.0606
vn 0.0467 0.9988 -0.0144
vn 0.0039 0.9993 0.0376
vn 0.1141 0.9924 -0.0466
vn -0.0013 0.9993 0.0377
vn 0.0065 0.9715 0.2369
vn 0.0120 0.9915 0.1295
vn -0.5159 0.8473 0.1264
vn 0.4027 0.9054 0.1349
vn 0.0032 0.9948 -0.1023
vn -0.0419 0.9891 -0.1415
vn 0.0056 0.9976 -0.0693
vn -0.0790 0.9968 0.0079
vn -0.0188 -0.9998 -0.0016
vn -0.9222 -0.3846 0.0411
vn 0.0182 -0.9998 -0.0001
vn 0.1036 0.9928 0.0610
vn 0.9881 0.1533 0.0079
vn -0.9713 0.2373 -0.0185
vn -0.0401 -0.0093 0.9992
vn 0.9068 -0.4158 -0.0695
vn -0.8436 -0.2830 -0.4564
vn 0.8671 -0.3445 0.3597
vn -0.9856 -0.1679 -0.0177
vn -0.9915 -0.1288 -0.0189
vn 0.9851 -0.1716 -0.0067
vn 0.8269 -0.5624 -0.0040
vn 0.9912 -0.1300 -0.0258
vn -0.9866 0.1614 0.0231
vn -0.8267 -0.5626 0.0056
vn 0.0533 -0.0179 0.9984
vn 0.9729 0.2309 -0.0075
vn -0.0085 -0.0035 1.0000
vn -0.0229 0.0146 -0.9996
vn 0.0033 -0.0039 1.0000
vn -0.0119 0.0088 -0.9999
vn 0.8899 -0.4560 -0.0144
vn -0.3329 0.8360 -0.4362
vn -0.0183 0.0275 -0.9995
vn 0.0090 -0.0056 0.9999
vn 0.5054 0.3018 -0.8084
vn 0.0081 -0.0037 1.0000
vn -0.0070 -0.0054 -1.0000
vn -0.0093 0.0009 -1.0000
vn 0.5468 -0.6689 0.5036
vn 0.0084 0.0045 1.0000
vn -0.0131 0.0026 -0.9999
vn -0.0171 0.0012 -0.9999
vn -0.8977 -0.4406 0.0062
vn 0.7954 -0.4137 -0.4429
vn 0.0062 0.0023 -1.0000
vn 0.9137 -0.4063 -0.0113
vn -0.3039 -0.9432 -0.1340
vn 0.1881 -0.9618 -0.1987
vn -0.1717 0.9715 0.1636
vn 0.9926 0.1203 0.0195
vn 0.9879 0.1549 -0.0119
vn 0.9906 -0.1361 -0.0098
vn -0.1958 0.9800 -0.0351
vn 0.9797 0.1955 0.0436
vn 0.0301 -0.9995 0.0018
vn 0.0401 0.9967 0.0704
vn -0.9852 0.1388 -0.1011
vn 0.9976 -0.0562 -0.0403
vn 0.9784 -0.2067 0.0023
vn 0.1954 0.9802 -0.0307
vn 0.8032 -0.5868 -0.1027
vn -0.9984 -0.0415 -0.0385
vn 0.9974 0.0216 -0.0690
vn 0.9923 -0.1210 -0.0282
vn -0.9686 -0.2283 0.0989
vn -0.9909 -0.0639 0.1187
vn -0.7635 -0.6366 -0.1087
vn 0.7274 -0.6845 -0.0487
vn -0.9819 0.1852 0.0387
vn -0.0403 -0.0930 -0.9949
vn 0.1762 -0.1061 -0.9786
vn -0.1881 -0.9771 -0.0999
vn 0.2386 -0.9364 0.2573
vn -0.1791 0.0104 -0.9838
vn -0.1165 -0.5831 0.8040
vn -0.9788 -0.2021 -0.0339
vn -0.7981 -0.6005 0.0491
vn -0.5743 -0.6380 0.5129
vn -0.0021 0.0399 -0.9992
vn -0.9716 0.2346 0.0310
vn 0.9215 0.3883 0.0060
vn 0.9816 -0.1353 -0.1351
vn -0.9219 0.3874 -0.0089
vn 0.2591 -0.5669 0.7820
vn 0.1869 -0.9658 -0.1798
vn -0.9867 0.1589 0.0333
vn -0.5068 0.1220 -0.8534
vn -0.7284 -0.6851 -0.0107
vn 0.7986 -0.6006 0.0392
vn -0.9998 -0.0186 -0.0112
vn -0.9969 -0.0462 -0.0632
vn 0.9929 -0.1164 -0.0258
vn -0.1830 -0.9713 0.1517
vn 0.9216 0.3874 -0.0231
vn 0.9854 -0.1696 -0.0149
vn -0.9827 0.1851 0.0013
vn -0.9760 0.2179 0.0009
vn 0.9854 0.1591 -0.0608
vn -0.2179 -0.8469 0.4850
vn 0.1726 -0.8268 0.5354
vn 0.9771 0.2094 -0.0367
vn -0.9997 0.0126 0.0230
vn -0.9761 0.2173 -0.0009
vn 0.9703 0.2276 0.0825
vn 0.9772 0.2119 -0.0096
vn 0.9744 0.2196 -0.0485
vn -0.9513 0.3063 -0.0345
vn -0.9672 0.2350 -0.0963
vn 0.9999 -0.0018 -0.0165
vn -0.7018 0.7104 0.0525
vn 0.9803 0.1451 -0.1340
vn -0.9699 0.2190 0.1069
vn -0.9661 0.2581 -0.0020
vn -0.8524 0.5194 0.0603
vn 0.9445 0.3282 -0.0173
vn 0.9890 0.1459 0.0239
vn 0.9955 0.0807 0.0493
vn -0.9812 0.1892 0.0389
vn -0.9384 0.3448 0.0239
vn 0.9384 0.3436 -0.0368
vn -0.9704 0.2357 -0.0532
vn -0.9721 0.2168 0.0896
vn -0.9772 0.1954 0.0829
vn -0.9866 0.1632 -0.0072
vn 0.9779 0.1960 0.0724
vn 0.9879 0.1498 -0.0393
vn 0.9827 0.1847 0.0100
vn 0.9894 0.1446 -0.0091
vn 0.9764 0.2062 0.0636
vn 0.9784 0.1954 0.0678
vn -0.9781 0.1943 0.0742
vn -0.9812 0.1910 0.0284
vn 0.1733 0.9848 -0.0071
vn -0.0625 0.9980 -0.0038
vn 0.0002 -0.9999 -0.0155
vn -0.0008 -0.9948 -0.1015
vn -0.8293 -0.5524 0.0838
vn 0.0001 -1.0000 0.0083
vn -0.0013 -0.9902 -0.1398
vn 0.9998 -0.0003 -0.0180
vn -0.0085 -0.0216 -0.9997
vn -0.0547 -0.9799 -0.1920
vn -0.0015 -0.9805 0.1966
vn 0.0239 -0.9860 0.1647
vn 0.1409 -0.9879 -0.0650
vn -0.0196 -0.9998 0.0025
vn 0.0026 -0.9998 0.0214
vn 0.0790 -0.9837 0.1615
vn 0.0037 -0.9709 0.2394
vn 0.0487 -0.9793 0.1964
vn -0.0002 -0.9999 -0.0157
vn -0.0006 -0.9999 -0.0139
vn -0.0007 -0.9969 -0.0792
vn -0.0001 -0.9999 -0.0162
vn -0.0001 -0.9999 -0.0121
vn 0.1871 -0.8175 -0.5446
vn -0.0013 -0.9901 -0.1405
vn -0.0234 -0.9666 0.2552
vn 0.7178 -0.6957 -0.0277
vn 0.0286 -0.9894 0.1426
vn 0.0023 -0.9539 0.3000
vn -0.0077 -0.9998 0.0165
vn 0.2451 -0.7252 0.6435
vn -0.0328 -0.9942 -0.1024
vn -0.0000 -1.0000 -0.0002
vn -0.0151 -0.9857 0.1678
vn -0.9999 0.0006 0.0167
vn -0.7115 -0.6978 0.0830
vn -0.3288 -0.8978 0.2931
vn 0.0377 -0.9802 -0.1943
vn -0.4157 -0.9022 -0.1148
vn -0.1556 -0.5150 -0.8429
vn 0.1392 -0.4696 -0.8718
vn -0.0002 -0.9997 -0.0228
vn -0.0002 -0.9997 -0.0241
vn 0.0003 -0.9997 -0.0234
vn 0.0009 -0.9997 -0.0249
vn 0.0003 -0.9997 -0.0253
vn -0.0002 -0.9996 -0.0288
vn 0.0008 -0.9994 -0.0350
vn 0.0112 -0.9994 -0.0320
vn 0.0022 -0.9991 -0.0427
vn -0.0013 -0.9902 -0.1399
vn 0.6694 -0.7376 -0.0881
vn 0.1379 -0.9834 0.1180
vn -0.1235 -0.9859 -0.1127
vn -0.2905 -0.9304 -0.2234
vn -0.1751 -0.9807 -0.0866
vn 0.0966 -0.9854 0.1405
vn 0.0682 -0.9797 0.1884
vn -0.0001 -1.0000 -0.0000
vn 0.0601 -0.9850 -0.1615
vn 0.2103 -0.9563 0.2032
vn -0.0034 -0.9991 -0.0425
vn 0.0011 -0.9996 -0.0267
vn 0.0037 -0.9717 0.2361
vn 0.0001 -1.0000 0.0084
vn 0.0003 -0.9997 -0.0243
vn -0.0027 -0.9704 0.2417
vn 0.0002 -0.9999 -0.0160
vn -0.0081 -0.0054 -1.0000
vn -0.0085 0.0055 -0.9999
vn 0.0007 -0.9948 0.1022
vn -0.0000 -1.0000 -0.0004
vn 0.0004 -0.9990 0.0453
vn 0.0121 -0.9998 0.0127
vn 0.0070 -0.9764 0.2157
vn 0.0009 -0.9948 0.1020
vn -0.0289 -0.1369 -0.9902
vn 0.0085 0.0558 0.9984
vn -0.0008 -0.9949 -0.1013
vn 0.0013 -0.9854 0.1700
vn 0.0002 -0.9998 0.0216
vn -0.0009 -0.9935 0.1140
vn -0.0009 -0.9927 -0.1204
vn -0.0017 -0.9763 -0.2163
vn -0.8741 -0.4858 0.0021
vn 0.6365 -0.7712 0.0088
vn -0.3141 -0.6988 -0.6426
vn 0.7039 -0.6576 0.2684
vn -0.6146 -0.7888 0.0076
vn -0.0609 -0.7097 -0.7019
vn 0.8738 -0.4856 -0.0248
vn 0.6214 -0.7765 0.1043
vn -0.4796 -0.8485 -0.2237
vn 0.7062 -0.6958 -0.1308
vn -0.4125 -0.8754 -0.2520
vn 0.6382 -0.7681 -0.0513
vn 0.6549 -0.7554 0.0197
vn 0.1115 -0.6839 0.7210
vn -0.4524 -0.8511 0.2664
vn -0.4073 -0.9126 0.0367
vn -0.1927 -0.7202 0.6664
vn 0.2775 -0.9601 0.0351
vn -0.2647 -0.9630 0.0512
vn -0.0327 -0.9775 0.2082
vn 0.0878 -0.9584 -0.2714
vn -0.0664 -0.9784 0.1960
vn 0.0649 -0.9865 -0.1501
vn 0.0018 -0.9778 0.2097
vn 0.0320 -0.9779 0.2067
vn -0.0658 -0.9320 -0.3565
vn 0.0572 -0.9829 0.1748
vn -0.0014 -0.9844 0.1760
vn -0.0712 -0.9837 -0.1651
vn 0.0006 -0.9823 -0.1871
vn 0.2461 -0.9692 0.0074
vn -0.2536 -0.9672 -0.0145
vn 0.2651 -0.9638 -0.0282
vn -0.2444 -0.9582 -0.1485
vn 0.2539 -0.9627 0.0933
vn -0.2467 -0.9419 0.2279
vn -0.3324 -0.9417 0.0521
vn 0.2879 -0.9577 -0.0016
vn -0.3175 -0.9385 0.1354
vn 0.7058 -0.6917 0.1530
vn 0.2492 -0.9563 -0.1530
vn -0.4123 -0.9049 -0.1061
vn 0.4131 -0.9025 -0.1219
vn -0.2738 -0.9426 -0.1912
vn -0.2773 -0.9608 0.0046
vn 0.2773 -0.9608 -0.0050
vn -0.2948 -0.9556 -0.0016
vn 0.2948 -0.9555 -0.0106
vn -0.0016 -0.9818 -0.1897
vn -0.6028 -0.6253 -0.4957
vn 0.9144 0.1932 -0.3558
vn -0.0313 0.4158 -0.9089
vn -0.0055 0.5210 -0.8536
vn 0.0271 0.6031 -0.7972
vn -0.0357 0.5761 -0.8166
vn -0.0324 0.9407 -0.3378
vn -0.0004 0.9965 0.0837
vn 0.0471 0.9985 0.0279
vn 0.1380 0.8343 -0.5338
vn 0.0044 0.5657 -0.8246
vn -0.1675 -0.7590 -0.6292
vn 0.0417 0.9987 0.0280
vn -0.9971 -0.0542 0.0541
vn 0.9568 -0.2008 0.2101
vn -0.0149 0.5469 -0.8370
vn -0.0231 0.5468 -0.8370
vn -0.0058 0.4384 -0.8987
vn -0.8883 0.0793 -0.4524
vn -0.0019 -0.9983 -0.0584
vn -0.0746 -0.9909 0.1119
vn 0.1304 -0.9693 -0.2086
vn 0.0048 -0.9893 0.1456
vn 0.0116 -0.9347 0.3553
vn -0.1870 -0.8618 -0.4716
vn -0.1152 -0.9808 -0.1572
vn 0.0056 -0.9751 -0.2218
vn -0.0019 -0.9751 -0.2216
vn 0.0093 -0.9631 -0.2691
vn -0.0141 -0.9676 -0.2521
vn -0.0021 -0.9631 -0.2692
vn 0.0022 0.9598 0.2808
vn 0.0349 0.9645 0.2617
vn -0.0293 0.9697 0.2425
vn -0.0123 0.9701 0.2425
vn 0.6814 0.7188 0.1380
vn -0.5857 0.7968 0.1483
vn 0.0507 0.9816 -0.1842
vn 0.0002 -0.9720 -0.2348
vn 0.0130 0.9764 0.2154
vn 0.0070 -0.9950 -0.0997
vn -0.0071 0.9765 0.2155
vn 0.3471 0.8661 0.3598
vn 0.0087 0.9640 0.2658
vn -0.1344 0.9867 0.0916
vn -0.0106 0.9243 0.3814
vn -0.0154 -0.9347 0.3552
vn 0.5042 -0.8567 0.1089
vn -0.4619 -0.7621 -0.4538
vn -0.0010 0.9680 0.2510
vn 0.0149 0.9536 0.3007
vn 0.9822 -0.1804 -0.0520
vn -0.9314 -0.2635 0.2510
vn 0.4881 0.8216 0.2946
vn -0.0424 -0.9965 0.0722
vn -0.3708 0.8623 0.3450
vn 0.9700 0.0862 0.2274
vn -0.0248 0.5244 -0.8511
vn -0.8457 0.2362 -0.4786
vn -0.0197 0.5019 -0.8647
vn 0.0076 0.5697 -0.8218
vn -0.0059 0.6450 -0.7642
vn 0.0244 0.3850 -0.9226
vn 0.0629 0.3042 -0.9505
vn 0.0510 0.9110 -0.4093
vn 0.7713 0.6081 -0.1880
vn 0.9123 0.3742 -0.1665
vn -0.9677 0.2453 -0.0586
vn 0.9518 0.2391 -0.1923
vn 0.9630 0.2646 -0.0517
vn -0.9688 0.2420 -0.0532
vn -0.9692 0.2401 -0.0552
vn 0.9185 0.3944 -0.0292
vn -0.9703 0.2367 -0.0497
vn -0.9712 0.2327 -0.0518
vn 0.8737 0.4719 -0.1184
vn 0.1206 -0.9927 -0.0069
vn 0.5106 -0.1254 0.8506
vn 0.4376 0.2488 -0.8641
vn -0.0300 0.9995 -0.0017
vn -0.5476 -0.0679 0.8340
vn -0.0978 0.9951 0.0116
vn -0.0542 -0.9355 -0.3490
vn -0.1563 -0.9395 -0.3047
vn -0.1429 -0.9598 -0.2415
vn -0.0349 -0.9690 -0.2447
vn -0.0131 -0.9796 -0.2005
vn -0.0343 -0.9790 -0.2007
vn 0.0082 -0.9795 -0.2012
vn 0.0161 -0.9797 -0.1997
vn -0.0337 -0.8970 -0.4407
vn 0.1372 -0.9603 -0.2430
vn 0.0159 -0.9693 -0.2455
vn 0.2033 -0.9210 -0.3322
vn 0.0161 -0.9391 -0.3433
vn 0.1409 -0.9356 -0.3239
vn 0.0160 -0.9437 -0.3303
vn 0.0160 -0.9451 -0.3263
vn 0.0220 -0.9702 -0.2414
vn 0.2162 -0.8348 -0.5063
vn -0.0252 -0.9928 -0.1174
vn 0.0161 -0.9798 -0.1995
vn -0.9963 -0.0091 -0.0853
vn 0.0074 0.2348 0.9720
vn 0.9994 0.0081 0.0323
vn -0.9958 0.0149 0.0903
vn -0.9977 -0.0005 0.0676
vn -0.0077 -0.0526 -0.9986
vn 0.9979 0.0171 0.0627
vn 0.1244 0.9760 0.1788
vn 0.4064 -0.4526 -0.7937
vn 0.0079 0.1638 0.9865
vn 0.0116 -0.0663 -0.9977
vn 0.1175 -0.0365 -0.9924
vn -0.0246 -0.0731 -0.9970
vn -0.0231 -0.0414 -0.9989
vn 0.0180 0.1640 0.9863
vn 0.9962 0.0156 0.0860
vn -0.1760 -0.1976 -0.9644
vn 0.9423 -0.0435 -0.3320
vn -0.9984 0.0063 0.0558
vn -0.9976 -0.0044 -0.0689
vn 0.9776 -0.0272 -0.2087
vn -0.9894 0.0090 0.1449
vn -0.0100 0.1762 0.9843
vn 0.9926 0.0155 0.1207
vn 0.0092 0.1747 0.9846
vn 0.9961 -0.0119 0.0876
vn -0.0015 0.1736 0.9848
vn -0.9848 -0.0111 -0.1735
vn -0.0052 0.1982 0.9801
vn -0.0232 0.9961 0.0852
vn -0.0049 0.9598 -0.2808
vn 0.1411 0.9618 -0.2344
vn -0.0047 0.9656 -0.2601
vn -0.0011 0.9731 -0.2305
vn -0.0355 0.9859 0.1636
vn 0.0048 0.9918 -0.1278
vn 0.0291 0.8867 -0.4615
vn -0.0024 0.9773 -0.2116
vn 0.0026 0.9918 -0.1274
vn 0.0036 0.9927 -0.1206
vn -0.0038 0.9921 -0.1253
vn 0.0543 0.9927 -0.1075
vn -0.0203 0.9939 -0.1084
vn 0.0195 0.9941 -0.1070
vn -0.0007 0.9955 -0.0951
vn -0.0071 0.9607 -0.2776
vn -0.0026 0.9433 -0.3319
vn 0.0255 0.9524 -0.3038
vn -0.0341 0.9438 -0.3286
vn -0.0137 0.9669 -0.2549
vn 0.0122 0.9667 -0.2557
vn 0.0102 0.9999 -0.0091
vn 0.0021 0.9659 -0.2590
vn -0.0583 0.9907 -0.1226
vn 0.0124 0.9626 -0.2707
vn 0.0143 0.9926 -0.1209
vn -0.0170 0.9657 -0.2589
vn 0.1209 0.6489 0.7512
vn 0.4532 0.8194 -0.3510
vn 0.0228 0.1153 0.9931
vn 0.1528 0.9882 0.0057
vn -0.7063 0.7079 -0.0105
vn 0.7253 0.6878 0.0284
vn 0.5546 0.2641 -0.7891
vn 0.8849 0.4563 0.0940
vn -0.0015 0.9798 0.2001
vn -0.1298 0.9915 0.0115
vn -0.3116 0.9249 0.2178
vn -0.3055 0.8933 -0.3297
vn -0.1860 0.0825 0.9791
vn -0.0000 1.0000 0.0029
vn 0.0930 0.9903 0.1031
vn 0.9443 -0.0058 -0.3290
vn -0.0830 0.8597 -0.5040
vn 0.1703 0.9854 -0.0056
vn 0.3367 0.9401 -0.0540
vn -0.3231 0.9463 -0.0076
vn 0.0042 1.0000 -0.0001
vn 0.1801 0.9158 -0.3589
vn -0.0047 0.7926 -0.6097
vn -0.0140 -0.9443 -0.3287
vn -0.0440 -0.9429 -0.3300
vn -0.1951 -0.8366 -0.5120
vn 0.0163 -0.9889 -0.1478
vn -0.0499 -0.9381 -0.3429
vn -0.0427 -0.9696 -0.2409
vn -0.0133 -0.9729 -0.2310
vn -0.0347 -0.9723 -0.2310
vn 0.0081 -0.9728 -0.2314
vn 0.0159 -0.9729 -0.2307
vn -0.0425 -0.9722 -0.2301
vn -0.0440 -0.9431 -0.3297
vn -0.0443 -0.9384 -0.3427
vn -0.0427 -0.9686 -0.2449
vn -0.0422 -0.9791 -0.1991
vn 0.0187 -0.9994 -0.0286
vn -0.0480 -0.9720 -0.2299
vn 0.0302 -0.9386 -0.3438
vn 0.0291 -0.9726 -0.2305
vn -0.0063 -0.8788 -0.4771
vn 0.0415 -0.9339 -0.3551
vn -0.0405 -0.8968 -0.4406
vn -0.0244 -0.8773 -0.4792
vn 0.0164 -0.9930 -0.1171
vn -0.0115 -0.9995 -0.0283
vn -0.0245 -0.9962 -0.0834
vn -0.0324 -0.9960 -0.0834
vn -0.0422 -0.9791 -0.1989
vn -0.4337 -0.8587 -0.2729
vn -0.0067 -0.4171 -0.9088
vn 0.0224 0.7291 0.6840
vn 0.4577 -0.8707 -0.1803
vn -0.1384 0.3305 -0.9336
vn 0.4658 -0.8704 -0.1596
vn 0.4717 -0.8326 -0.2903
vn 0.1233 0.2784 -0.9525
vn 0.0854 0.8304 0.5507
vn -0.0148 -0.4421 -0.8968
vn -0.4032 -0.9067 -0.1234
vn 0.4754 -0.8421 -0.2548
vn 0.4704 -0.8571 -0.2099
vn 0.0027 0.6090 0.7931
vn 0.4596 -0.8652 -0.2003
vn -0.4144 -0.8939 -0.1708
vn -0.4943 -0.8574 -0.1429
vn -0.0423 -0.4632 -0.8853
vn -0.7560 -0.6542 0.0232
vn 0.4999 -0.7274 -0.4700
vn 0.0128 -0.4838 -0.8751
vn 0.0362 0.8377 0.5449
vn -0.4455 -0.8101 -0.3812
vn 0.0168 0.8648 0.5019
vn -0.0232 -0.4552 -0.8901
vn -0.4165 -0.8878 -0.1959
vn 0.0163 0.9991 -0.0404
vn 0.0598 0.9789 0.1952
vn 0.0210 0.7605 0.6490
vn 0.0050 0.7644 0.6448
vn -0.0114 0.7762 0.6304
vn -0.0484 0.8922 -0.4490
vn 0.0526 0.9977 0.0421
vn -0.4548 0.8754 0.1639
vn 0.1190 0.9546 -0.2732
vn 0.0196 0.7996 0.6002
vn -0.3986 0.8786 0.2630
vn 0.0216 0.7525 0.6583
vn -0.0143 0.9246 -0.3808
vn 0.4638 0.7742 0.4308
vn 0.0182 0.8314 0.5554
vn -0.9775 0.1805 0.1090
vn 0.0276 0.9242 -0.3810
vn -0.2692 0.8363 0.4775
vn -0.4470 0.8892 0.0972
vn 0.5823 0.6797 0.4459
vn 0.4605 0.8010 0.3825
vn 0.4535 0.7381 0.4996
vn -0.4887 0.8170 0.3060
vn 0.0237 0.9245 -0.3804
vn 0.2024 0.8916 0.4051
vn -0.0838 0.9959 0.0327
vn 0.5053 0.8562 0.1081
vn 0.0340 0.8059 0.5910
vn 0.4382 0.8552 0.2767
vn -0.0038 0.9244 -0.3815
vn 0.6631 0.7276 -0.1759
vn 0.0133 0.8247 0.5654
vn -0.0035 0.9250 -0.3800
vn -0.4612 0.8724 0.1620
vn 0.0043 -0.9869 0.1610
vn -0.0062 -0.9865 0.1635
vn -0.0076 -0.9879 0.1546
vn 0.0069 -0.9875 0.1574
vn 0.0012 -0.9883 0.1523
vn -0.1101 0.9938 0.0180
vn -0.0250 0.9947 -0.0995
vn -0.0011 -0.9861 0.1664
vn 0.1519 0.9536 0.2599
vn 0.9152 -0.4028 0.0148
vn -0.9361 -0.3381 0.0973
vn 0.0004 0.9999 0.0113
vn 0.2642 -0.9643 0.0201
vn -0.0447 -0.9869 0.1552
vn 0.1246 0.9844 0.1240
vn 0.0088 0.9666 0.2561
vn 0.0074 0.9999 0.0071
vn 0.0056 1.0000 0.0064
vn -0.0025 1.0000 0.0063
vn 0.1866 0.9767 -0.1059
vn 0.0104 0.9995 0.0298
vn -0.8818 -0.4712 -0.0210
vn 0.0079 -0.9865 0.1634
vn 0.7689 0.6394 0.0017
vn 0.9609 -0.2766 -0.0111
vn -0.9933 -0.1159 -0.0012
vn 0.8391 -0.5327 0.1098
vn 0.9776 -0.2103 -0.0110
vn -0.9826 -0.1602 -0.0941
vn -0.9495 -0.3137 0.0099
vn -0.8273 0.5573 -0.0705
vn 0.9973 0.0003 -0.0736
vn 0.9677 0.2521 -0.0029
vn -0.9761 0.2171 0.0083
vn 0.1017 -0.0000 -0.9948
vn 0.0129 -0.0755 -0.9971
vn 0.1793 -0.0053 -0.9838
vn -0.0085 -0.0000 -1.0000
vn 0.9972 -0.0096 -0.0747
vn -0.9999 0.0068 -0.0102
vn 0.8391 0.5432 -0.0276
vn -0.2427 0.3588 -0.9013
vn -0.0086 0.9026 -0.4304
vn 0.0065 0.9660 -0.2585
vn -0.0152 0.5767 -0.8168
vn -0.0104 0.4975 -0.8674
vn -0.7675 0.3041 -0.5644
vn -0.0084 0.5210 -0.8535
vn 0.9521 -0.1531 0.2648
vn -0.9230 -0.2840 0.2594
vn 0.8098 -0.4878 0.3259
vn -0.9991 0.0413 0.0047
vn 0.9807 0.1824 -0.0710
vn -0.9827 0.1851 -0.0037
vn -0.9418 0.3347 -0.0322
vn 0.9963 0.0853 -0.0100
vn -0.9910 0.1211 -0.0564
vn 0.9832 0.1822 0.0049
vn 0.0175 0.0030 0.9998
vn 0.2956 0.0481 -0.9541
vn 0.0036 -0.0071 -1.0000
vn 0.0171 -0.0022 0.9999
vn -0.9869 0.1613 0.0076
vn 0.9879 0.1532 0.0232
vn -0.9999 0.0109 -0.0070
vn -0.8221 0.1374 0.5525
vn 0.8564 0.1348 0.4984
vn -0.0637 0.1852 0.9806
vn 0.0788 0.1874 0.9791
vn -0.1490 -0.1918 -0.9701
vn 0.1342 -0.1904 -0.9725
vn -0.0637 0.1860 0.9805
vn 0.8160 0.1269 0.5640
vn 0.0788 0.1859 0.9794
vn -0.7745 0.1322 0.6187
vn -0.8437 0.1102 0.5254
vn 0.7379 0.1100 0.6659
vn -0.1247 0.1323 0.9833
vn 0.9822 0.0063 -0.1875
vn -0.9999 0.0085 -0.0102
vn 0.9997 0.0211 -0.0095
vn 0.9996 -0.0190 -0.0226
vn -0.9997 0.0164 0.0176
vn 0.9874 0.1583 -0.0068
vn -0.9868 0.1618 0.0068
vn -0.9995 0.0047 -0.0301
vn -0.9988 -0.0265 0.0416
vn 0.9935 0.0746 0.0859
vn 0.9559 0.2913 0.0389
vn 0.9999 0.0089 -0.0091
vn -0.9987 0.0226 0.0467
vn -0.9987 -0.0457 0.0238
vn -0.0183 0.1450 0.9893
vn 0.0076 0.1578 0.9874
vn 0.9971 -0.0019 0.0758
vn 0.9994 0.0278 0.0210
vn -0.9712 0.2382 0.0075
vn -1.0000 -0.0036 0.0077
vn 0.9935 0.1030 -0.0489
vn 0.9990 -0.0450 0.0043
vn -0.9971 0.0755 0.0077
vn -0.9908 -0.1344 -0.0172
vn 0.9991 0.0113 -0.0400
vn 0.7133 0.6087 -0.3475
vn 0.2975 0.9333 0.2012
vn -0.6645 0.7243 0.1839
vn 0.0471 0.7831 -0.6201
vn -0.3441 0.8796 -0.3285
vn 0.2232 0.9469 0.2314
vn 0.0069 0.9918 -0.1276
vn -0.0005 0.9738 -0.2276
vn 0.9951 -0.0081 0.0986
vn -0.9977 -0.0014 0.0678
vn 0.2538 -0.9627 0.0933
vn -0.5050 -0.8182 0.2746
vn 0.6410 -0.7657 -0.0525
vn -0.0001 -0.9701 0.2428
vn 0.0002 -0.9717 0.2363
vn 0.0019 -0.9698 0.2437
vn 0.0200 -0.9799 0.1984
vn 0.0002 -0.9707 0.2403
vn -0.1612 -0.9746 0.1558
vn 0.0056 -0.9718 0.2359
vn 0.8632 -0.3828 0.3291
vn -0.9127 -0.3761 0.1595
vn -0.9234 0.3791 -0.0595
vn 0.9025 -0.3880 0.1870
vn 0.9985 0.0537 -0.0065
vn -0.9796 0.0983 -0.1753
vn 0.9973 0.0113 -0.0725
vn -0.0000 -0.9709 0.2394
vn 0.8238 -0.5086 -0.2502
vn 0.9474 0.2933 -0.1280
vn -0.9988 -0.0473 -0.0107
vn 0.9967 0.0755 0.0285
vn 0.9708 0.2168 -0.1026
vn 0.9978 -0.0612 -0.0242
vn -0.7528 0.6536 -0.0781
vn -0.9611 -0.2748 0.0279
vn -0.9895 -0.1061 0.0980
vn 0.9897 -0.1126 0.0879
vn 0.8412 -0.5192 0.1513
vn -0.9948 0.0754 -0.0686
vn 0.9411 -0.3233 0.0993
vn 0.6680 0.7441 0.0032
vn 0.0035 -0.9865 0.1636
vn -0.9071 -0.4170 0.0568
vn 0.0013 0.9943 -0.1066
vn -0.0026 1.0000 0.0066
vn 0.0039 0.9999 0.0109
vn 0.0019 0.9998 0.0205
vn -0.0033 1.0000 0.0089
vn -0.0729 -0.9849 0.1572
vn -0.9370 -0.3357 0.0969
vn -0.0109 0.9999 0.0088
vn 0.0026 -0.9861 0.1663
vn 0.0005 0.9950 -0.0996
vn 0.0105 -0.9874 0.1581
vn -0.0106 -0.9878 0.1554
vn -0.0018 -0.9865 0.1636
vn 0.0007 -0.9869 0.1614
vn 0.0078 0.9947 -0.1023
vn 0.9141 -0.3944 0.0943
vn 0.1754 -0.9701 0.1676
vn -0.0555 0.9938 -0.0959
vn -0.9741 0.2255 -0.0190
vn -0.9934 0.1144 0.0076
vn 0.9984 0.0502 -0.0272
vn 0.3212 -0.9470 -0.0044
vn -0.3386 -0.9394 0.0526
vn -0.7257 -0.6828 0.0840
vn -0.0107 -0.9998 0.0169
vn 0.7129 -0.7007 -0.0273
vn 0.0089 -0.9997 0.0211
vn -0.0318 -0.9995 0.0041
vn -0.0344 -0.9994 0.0044
vn -0.0610 0.9932 -0.0995
vn -0.9265 0.3341 -0.1732
vn -0.9089 -0.4141 -0.0494
vn -0.1928 0.9553 0.2243
vn 0.0354 0.8787 -0.4761
vn 0.1234 0.9250 -0.3593
vn 0.2639 0.9046 -0.3349
vn 0.3387 0.9158 0.2159
vn 0.5953 0.7938 0.1245
vn 0.9875 0.1546 0.0320
vn -0.8902 0.4456 0.0947
vn 0.9824 0.1596 0.0966
vn 0.9128 -0.3913 -0.1172
vn -0.9672 -0.2507 -0.0419
vn -0.9882 -0.1451 0.0495
vn 0.9857 -0.1667 0.0258
vn 0.8234 -0.5658 0.0443
vn 0.9934 -0.1143 -0.0024
vn -0.9927 0.1140 0.0405
vn -0.6421 -0.6962 0.3211
vn 0.9545 0.2838 -0.0917
vn 0.9193 0.2959 0.2594
vn -0.7057 -0.6728 -0.2219
vn -0.9866 0.1575 0.0423
vn 0.9926 -0.0904 0.0811
vn 0.9822 -0.1730 0.0732
vn -0.9825 -0.1730 0.0688
vn 0.9932 0.1085 -0.0424
vn -0.9300 0.3539 0.0989
vn 0.9909 -0.1339 0.0129
vn 0.1801 0.9549 0.2360
vn 0.0031 0.9334 0.3589
vn 0.0030 0.9333 0.3591
vn 0.0045 0.8487 0.5288
vn -0.9039 -0.4249 -0.0492
vn 0.0362 0.9982 0.0475
vn -0.0554 -0.9985 0.0020
vn -0.0462 -0.9989 0.0059
vn 0.0116 -0.9997 0.0209
vn 0.7081 -0.7056 -0.0269
vn -0.0135 -0.9998 0.0174
vn 0.0002 -1.0000 0.0084
vn -0.3451 -0.9371 0.0532
vn 0.9622 -0.1442 0.2310
vn -0.9875 0.1574 0.0076
vn 0.2983 -0.9545 -0.0025
vn -0.7162 -0.6929 0.0833
vn -0.9792 0.1406 -0.1459
vn 0.9078 -0.4028 -0.1166
vn -0.0009 0.9934 -0.1144
vn -0.0018 0.9732 -0.2297
vn 0.1637 -0.3700 0.9145
vn -0.8244 0.5651 -0.0313
vn -0.0367 -0.4674 0.8833
vn -0.0018 0.9733 -0.2297
vn 0.1294 0.9846 -0.1176
vn 0.8410 0.0229 -0.5405
vn 0.8456 0.5265 -0.0885
vn 0.8455 0.5298 -0.0667
vn -0.7109 0.6995 -0.0737
vn -0.0179 0.9460 -0.3238
vn -0.0744 0.8511 0.5197
vn -0.1829 0.9831 0.0066
vn 0.1763 0.9399 -0.2923
vn -0.2938 0.0840 -0.9522
vn -0.2806 0.0521 -0.9584
vn 0.4251 0.0507 0.9037
vn -0.8533 0.0396 0.5200
vn 0.7114 -0.6230 -0.3252
vn 0.4227 -0.1170 0.8987
vn -0.7413 0.3158 0.5922
vn 0.7903 -0.4736 -0.3888
vn -0.5839 0.3138 0.7487
vn -0.5715 -0.3409 -0.7464
vn -0.6136 0.0667 0.7868
vn 0.5864 0.0653 -0.8074
vn 0.4557 -0.2801 -0.8449
vn -0.0730 0.8980 -0.4339
vn -0.0904 0.9903 0.1056
vn -0.0134 -0.9998 0.0110
vn -0.0105 -0.9999 0.0104
vn 0.0111 -0.9867 0.1622
vn -0.0013 0.9999 0.0116
vn 0.0013 -0.9854 0.1701
vn 0.0924 0.9631 -0.2528
vn -0.0183 0.1577 0.9873
vn -0.0125 0.6459 -0.7633
vn 0.0121 -0.1369 -0.9905
vn -0.0597 0.9627 0.2639
vn 0.0074 -0.9868 0.1619
vn -0.0755 0.7662 -0.6382
vn 0.0922 0.9721 0.2158
vn -0.3868 0.9207 -0.0528
vn 0.0261 0.9614 -0.2738
vn -0.0052 0.2219 0.9751
vn 0.0106 0.6426 -0.7662
vn 0.0349 0.9592 0.2805
vn -0.0133 -0.9720 -0.2345
vn -0.0367 0.5471 -0.8363
vn -0.0632 -0.9806 -0.1857
vn 0.0318 -0.9781 0.2055
vn -0.0832 -0.9736 0.2127
vn 0.0653 -0.9772 -0.2019
vn 0.1218 -0.6045 0.7872
vn -0.3542 -0.5913 -0.7245
vn 0.0009 -0.9948 0.1022
vn 0.0010 -0.9991 -0.0427
vn 0.0002 -0.9997 -0.0228
vn 0.1448 -0.3959 -0.9068
vn -0.1964 -0.9791 0.0522
vn -0.0156 -0.9847 0.1734
vn -0.0382 -0.9903 -0.1335
vn -0.0074 -0.9999 0.0098
vn -0.0013 -0.9901 -0.1404
vn -0.0005 -0.9999 -0.0122
vn 0.0165 -0.9864 0.1638
vn -0.0444 -0.9658 0.2554
vn -0.0537 -0.9806 -0.1886
vn -0.0008 -0.9949 -0.1012
vn 0.0533 -0.0237 0.9983
vn 0.0466 0.9987 -0.0217
vn 0.1055 0.9935 0.0438
vn -0.0053 0.6580 -0.7530
vn -0.0761 0.7892 -0.6094
vn -0.0888 0.8070 -0.5839
vn -0.0018 0.1362 0.9907
vn -0.0168 0.6605 -0.7507
vn 0.0080 -0.0116 0.9999
vn -0.0878 0.8082 -0.5823
vn 0.0237 -0.6734 -0.7389
vn 0.0133 0.8549 0.5186
vn -0.0006 -0.9963 0.0854
vn -0.0007 -0.9999 -0.0133
vn 0.0070 -0.0040 -1.0000
vn -0.0022 0.9985 -0.0538
vn -0.0533 -0.0639 -0.9965
vn -0.0593 -0.3787 -0.9236
vn -0.0256 0.9171 -0.3978
vn -0.0496 -0.0153 -0.9987
vn -0.0583 -0.4119 -0.9093
vn -0.0313 0.8722 -0.4881
vn 0.0035 -0.9971 0.0754
vn 0.0314 -0.8782 0.4772
vn -0.0045 -0.9963 -0.0863
vn -0.0028 -0.9990 -0.0457
vn -0.0493 0.0416 -0.9979
vn -0.0047 -0.9955 -0.0944
vn 0.2233 0.9715 -0.0800
vn -0.3476 0.9176 -0.1928
vn 0.1263 0.9879 0.0895
vn 0.0451 0.9988 -0.0210
vn 0.0047 0.9954 0.0959
vn 0.0036 0.9973 0.0734
vn -0.0533 -0.0461 -0.9975
vn -0.0497 -0.3647 -0.9298
vn 0.0125 0.1065 0.9942
vn 0.1772 -0.1405 -0.9741
vn -0.0107 0.1577 0.9874
vn 0.0017 -0.9997 0.0232
vn 0.0153 0.9187 -0.3947
vn -0.0021 -0.9559 0.2936
vn 0.0096 0.6028 -0.7978
vn 0.0544 -0.9908 0.1243
vn -0.0146 0.4044 0.9145
vn -0.0195 0.9991 -0.0384
vn -0.0031 0.1582 0.9874
vn -0.0223 0.9910 -0.1321
vn 0.0085 0.0005 1.0000
vn -0.0079 0.2790 0.9602
vn 0.1392 -0.1854 0.9727
vn 0.0649 0.9432 0.3259
vn 0.0935 0.9864 -0.1350
vn -0.9262 0.0419 -0.3747
vn 0.8644 -0.4377 0.2473
vn -0.7890 0.2794 -0.5471
vn 0.8390 -0.4748 0.2657
vn -0.8846 0.0787 -0.4596
vn -0.1347 0.9875 0.0821
vn 0.0237 0.9469 -0.3206
vn -0.9996 0.0187 0.0189
vn 0.9985 0.0525 -0.0181
vn -0.2262 0.9162 -0.3309
vn 0.8859 0.4567 0.0815
vn 0.1459 0.8436 -0.5167
vn -0.0017 0.9921 -0.1252
vn 0.0050 0.9917 -0.1281
vn -0.9976 -0.0035 -0.0690
vn 0.9972 0.0053 0.0749
vn 0.2968 -0.9549 -0.0084
vn -0.2929 -0.9561 0.0007
vn 0.8146 -0.5792 0.0310
vn -0.9101 -0.4096 0.0626
vn 0.8791 -0.4766 -0.0048
vn 0.0409 -0.9960 0.0794
vn -0.9446 0.3252 0.0450
vn -0.9140 -0.4050 0.0231
vn -0.0336 -0.9965 0.0763
vn 0.9649 0.2606 0.0335
vn -0.9986 0.0301 0.0438
vn 0.0057 -0.0329 0.9994
vn -0.8127 -0.5827 0.0037
vn -0.0012 1.0000 -0.0051
vn -0.9035 -0.4287 0.0055
vn 0.0499 -0.9958 0.0772
vn -0.0349 -0.9963 0.0784
vn 0.8983 -0.2740 0.3435
vn 0.2719 -0.6673 -0.6934
vn -0.9405 0.1802 -0.2881
vn -0.7416 0.0876 -0.6651
vn -0.6099 0.4293 0.6661
vn 0.3347 -0.5832 -0.7402
vn 0.6161 -0.0657 0.7849
vn -0.3083 0.6171 0.7240
vn 0.3949 0.8619 -0.3181
vn 0.2114 0.3689 -0.9051
vn 0.1603 0.6245 -0.7644
vn 0.1266 0.8283 -0.5458
vn 0.6528 0.2549 -0.7134
vn 0.3497 0.7005 -0.6221
vn 0.3757 0.8768 -0.3002
vn 0.7443 0.0932 -0.6614
vn 0.4188 0.7972 -0.4349
vn 0.6390 0.7093 -0.2975
vn 0.3769 0.5909 -0.7133
vn 0.1959 0.8121 -0.5497
vn -0.8818 0.4553 0.1232
vn 0.3427 -0.8128 -0.4711
vn 0.6018 0.4033 0.6894
vn -0.3438 0.5233 0.7797
vn 0.0673 0.0849 -0.9941
vn -0.0067 0.5019 -0.8649
vn -0.0187 0.5583 -0.8294
vn -0.0399 0.5143 -0.8567
vn 0.3556 -0.0406 -0.9337
vn 0.5244 0.2758 0.8056
vn -0.9559 0.2909 0.0405
vn 0.3526 -0.1605 -0.9219
vn -0.9746 -0.0566 -0.2167
vn -0.6740 0.7342 -0.0817
vn -0.1888 0.9785 0.0835
vn 0.6672 0.6393 0.3823
vn 0.9132 0.2139 0.3468
vn 0.7985 -0.4943 0.3436
vn 0.2926 -0.2095 -0.9330
vn -0.0994 -0.9479 0.3026
vn -0.9168 -0.2876 -0.2772
vn -0.0009 -0.3713 -0.9285
vn -0.3317 0.1613 0.9295
vn -0.1302 -0.9491 -0.2869
vn 0.3317 -0.1612 -0.9295
vn -0.6065 0.3122 0.7312
vn 0.3317 -0.1614 -0.9295
vn 0.3315 -0.2237 -0.9165
vn -0.0117 0.0349 0.9993
vn -0.6057 0.7189 -0.3410
vn -0.2502 -0.9650 0.0783
vn 0.9222 -0.0664 0.3810
vn 0.8895 0.3816 0.2512
vn 0.6198 0.7801 0.0857
vn -0.8753 0.3149 -0.3671
vn -0.0076 0.9848 -0.1738
vn -0.5039 0.3772 0.7771
vn -0.6134 0.0584 0.7876
vn 0.9877 -0.0032 0.1565
vn -0.3198 0.4389 0.8397
vn -0.1306 0.3878 0.9124
vn 0.3318 -0.1613 -0.9295
vn 0.2909 -0.1134 -0.9500
vn -0.0702 0.3160 0.9462
vn 0.3046 -0.8788 0.3672
vn 0.0015 -0.4041 -0.9147
vn -0.3317 0.1614 0.9295
vn -0.3312 0.2419 0.9120
vn -0.8879 0.0927 -0.4505
vn -0.6426 0.5044 -0.5767
vn -0.0621 0.7398 -0.6699
vn 0.5714 0.5526 -0.6067
vn 0.8740 0.1451 -0.4638
vn 0.8699 -0.3648 -0.3321
vn 0.5846 -0.7708 -0.2534
vn 0.0536 -0.9725 -0.2267
vn -0.5158 -0.8183 -0.2537
vn -0.8516 -0.4101 -0.3263
vn -0.9565 -0.2692 0.1126
vn -0.6469 -0.6844 0.3363
vn -0.6122 -0.7302 0.3034
vn -0.0426 -0.9839 0.1737
vn 0.0658 -0.8921 0.4471
vn 0.6846 -0.6576 0.3144
vn 0.9707 -0.2232 0.0889
vn 0.8837 -0.4553 0.1085
vn 0.9394 0.3177 -0.1288
vn 0.9924 0.0158 0.1220
vn 0.6025 0.6573 -0.4527
vn 0.7022 0.7119 -0.0084
vn -0.0653 0.8624 -0.5021
vn -0.1286 0.9728 -0.1927
vn -0.6809 0.6291 -0.3749
vn -0.6821 0.6998 -0.2122
vn -0.9305 0.1534 -0.3326
vn -0.7860 0.6019 0.1415
vn -0.0210 -0.9795 0.2002
vn 0.3028 -0.7120 0.6336
vn 0.5382 -0.0611 0.8406
vn 0.5031 0.5889 0.6326
vn 0.2966 0.9254 0.2357
vn 0.0221 0.9799 -0.1983
vn -0.3028 0.7120 -0.6336
vn -0.5382 0.0611 -0.8406
vn -0.5031 -0.5889 -0.6326
vn -0.2977 -0.9246 -0.2377
vn 0.9311 0.0953 -0.3520
vn 0.9312 0.0953 -0.3519
vn 0.0596 -0.9917 -0.1135
vn -0.6011 0.7728 -0.2037
vn 0.5076 0.7752 0.3760
vn 0.0607 -0.9923 -0.1083
vn 0.3450 -0.8094 -0.4752
vn 0.0322 -0.5202 -0.8534
vn -0.3597 0.0817 -0.9295
vn -0.5503 0.6519 -0.5218
vn -0.4921 0.8705 0.0069
vn -0.3182 0.8310 0.4563
vn -0.0207 0.5315 0.8468
vn 0.3597 -0.0818 0.9295
vn 0.5639 -0.6411 0.5205
vn 0.5259 -0.8505 -0.0078
vn 0.9938 0.0552 -0.0967
vn 0.9262 -0.3539 -0.1301
vn 0.8819 -0.0098 0.4712
vn 0.8574 -0.2929 0.4232
vn -0.3380 -0.1138 0.9342
vn -0.3355 0.1698 0.9266
vn -0.8089 -0.0983 0.5797
vn -0.7614 0.3032 0.5731
vn -0.9930 -0.0564 0.1040
vn -0.9297 0.3414 0.1380
vn -0.8819 0.0098 -0.4713
vn -0.8583 0.2886 -0.4243
vn -0.3597 0.0818 -0.9295
vn 0.3380 0.1138 -0.9342
vn 0.3352 -0.1743 -0.9259
vn 0.8045 0.0982 -0.5858
vn 0.7527 -0.3144 -0.5784
vn 0.0412 -0.9948 -0.0933
vn 0.0378 -0.9941 -0.1021
vn 0.0405 -0.9937 -0.1041
vn 0.1790 0.8493 -0.4966
vn 0.0519 -0.9914 -0.1203
vn -0.2419 0.7050 0.6667
vn 0.0298 -0.9920 -0.1226
vn 0.0582 -0.9917 -0.1148
vn -0.6270 0.7560 0.1880
vn -0.8435 -0.1094 0.5258
vn -0.9833 -0.0776 0.1646
vn -0.8926 -0.0036 -0.4509
vn -0.3657 0.0836 -0.9270
vn -0.3342 -0.1310 0.9333
vn 0.9842 0.0771 -0.1593
vn 0.3657 -0.0836 0.9270
vn 0.8926 0.0036 0.4509
vn 0.8406 0.1098 -0.5305
vn 0.3342 0.1310 -0.9334
vn -0.5087 0.7535 0.4166
vn 0.0520 -0.9942 -0.0944
vn 0.4092 0.8814 -0.2359
vn 0.0486 -0.9921 -0.1158
vn 0.2389 0.6135 0.7527
vn 0.0602 -0.9927 -0.1042
vn -0.3082 0.7184 -0.6236
vn 0.5307 0.8475 -0.0082
vn 0.0517 -0.9914 -0.1206
vn 0.0530 -0.9942 -0.0939
vn -0.0118 -0.9327 -0.3605
vn 0.0448 -0.5353 -0.8435
vn 0.0851 0.1153 -0.9897
vn 0.0884 0.6897 -0.7187
vn 0.0597 0.9762 -0.2084
vn 0.0119 0.9341 0.3568
vn -0.0448 0.5353 0.8435
vn -0.0851 -0.1153 0.9897
vn -0.0884 -0.6897 0.7187
vn -0.0601 -0.9751 0.2133
vn -0.0335 -0.9783 0.2045
vn 0.1738 -0.7174 0.6746
vn 0.3441 -0.0833 0.9352
vn 0.3423 0.5947 0.7275
vn 0.2098 0.9384 0.2747
vn 0.0349 0.9791 -0.2002
vn -0.1738 0.7174 -0.6746
vn -0.3441 0.0833 -0.9352
vn -0.3423 -0.5947 -0.7275
vn -0.2114 -0.9368 -0.2786
vn 0.9312 0.0953 -0.3520
vn 0.0322 -0.5203 -0.8534
vn -0.0206 0.5315 0.8468
vn 0.8819 -0.0098 0.4713
vn -0.8088 -0.0983 0.5797
vn -0.7613 0.3032 0.5731
vn -0.9930 -0.0564 0.1039
vn 0.3353 -0.1743 -0.9259
vn 0.2966 0.9255 0.2357
vn 0.0378 -0.9941 -0.1020
vn -0.7496 -0.4950 0.4393
vn -0.8633 -0.4946 0.1006
vn -0.7767 -0.4418 -0.4489
vn -0.3196 -0.2965 -0.9000
vn -0.3007 -0.4372 0.8476
vn 0.9799 -0.0951 -0.1751
vn 0.3686 -0.2741 0.8882
vn 0.8898 -0.1559 0.4289
vn 0.8337 -0.1024 -0.5427
vn 0.3340 -0.1798 -0.9253
vn 0.0487 -0.9921 -0.1158
vn -0.3441 0.0834 -0.9352
vn -0.5976 -0.7324 0.3264
vn -0.7232 -0.6883 0.0561
vn -0.6932 -0.5822 -0.4249
vn -0.2986 -0.3938 -0.8693
vn -0.2144 -0.7586 0.6153
vn 0.8768 -0.4412 -0.1911
vn 0.3199 -0.6758 0.6640
vn 0.7593 -0.5725 0.3094
vn 0.7656 -0.3783 -0.5204
vn 0.3201 -0.3443 -0.8826
vn -0.5087 0.7534 0.4166
vn 0.0531 -0.0693 0.9962
vn 0.1047 0.7611 0.6402
vn 0.1385 0.9780 0.1561
vn 0.0623 0.5666 -0.8217
vn 0.0496 0.2497 -0.9671
vn 0.0600 -0.2420 -0.9684
vn 0.0902 -0.6056 -0.7906
vn 0.1716 -0.9845 -0.0370
vn -0.9546 -0.2859 -0.0835
vn 0.0899 -0.8077 0.5827
vn -0.0201 -0.3383 0.9408
vn 0.1459 -0.8089 0.5696
vn 0.9665 0.2200 0.1323
vn 0.9325 -0.1044 0.3458
vn -0.9665 -0.2200 -0.1323
vn -0.9665 -0.2198 -0.1323
vn 0.7847 0.4112 0.4639
vn 0.9777 -0.1788 0.1102
vn -0.9454 -0.2969 -0.1342
vn 0.9845 -0.1010 -0.1432
vn 0.9498 0.1051 -0.2947
vn -0.0476 0.7579 0.6506
vn 0.0950 -0.3085 0.9465
vn 0.1297 -0.7984 0.5880
vn 0.1128 -0.9926 -0.0447
vn 0.0477 -0.7579 -0.6506
vn -0.0302 -0.2585 -0.9655
vn -0.1040 0.4064 -0.9078
vn -0.1297 0.7984 -0.5880
vn 0.0188 0.3422 0.9394
vn -0.1128 0.9926 0.0447
vn 0.8129 0.4650 0.3506
vn 0.8759 0.0732 0.4769
vn -0.9665 -0.2201 -0.1324
vn 0.8197 0.5568 0.1341
vn 0.8497 0.5164 -0.1061
vn -0.9665 -0.2200 -0.1324
vn -0.9665 -0.2201 -0.1323
vn 0.8803 0.4331 -0.1936
vn -0.0327 -0.5939 0.8039
vn 0.1960 0.0412 0.9797
vn 0.1565 0.0304 0.9872
vn 0.9665 0.2201 0.1323
vn 0.9361 0.3249 0.1348
vn -0.8778 -0.4714 0.0849
vn 0.4200 0.1735 0.8908
vn 0.1194 -0.0163 0.9927
vn -0.0123 0.7799 0.6258
vn -0.9759 0.1655 -0.1424
vn 0.0163 -0.2319 0.9726
vn 0.5208 -0.8399 -0.1527
vn 0.0914 -0.7267 0.6808
vn 0.2409 -0.5880 0.7722
vn -0.0656 -0.9949 0.0760
vn -0.2736 -0.9159 -0.2937
vn -0.9199 -0.3680 0.1357
vn -0.5341 0.1410 -0.8336
vn -0.9764 -0.1319 0.1709
vn -0.5650 0.2274 -0.7931
vn -0.0504 0.9326 0.3575
vn -0.2880 0.8995 -0.3285
vn -0.1603 0.9147 0.3710
vn 0.0999 0.9663 0.2372
vn 0.9095 0.4082 0.0788
vn 0.4360 0.4790 0.7619
vn 0.4378 0.8633 0.2510
vn 0.4080 -0.0398 0.9121
vn 0.7769 0.6171 -0.1254
vn 0.6819 0.7096 -0.1774
vn 0.0082 0.9487 -0.3159
vn -0.8196 0.5527 -0.1511
vn -0.9918 0.0170 0.1267
vn -0.9843 -0.0527 0.1685
vn 0.7010 -0.7069 -0.0941
vn 0.8776 -0.4768 0.0499
vn 0.3267 0.2829 0.9018
vn 0.5709 0.4853 0.6622
vn 0.6165 0.7697 -0.1659
vn 0.4935 0.7165 -0.4930
vn -0.1039 0.1521 -0.9829
vn -0.2535 -0.3897 -0.8854
vn -0.1711 -0.8741 -0.4547
vn -0.0589 -0.9982 0.0062
vn -0.9618 0.0096 0.2735
vn 0.0557 -0.9033 0.4254
vn 0.1991 -0.4480 0.8716
vn -0.9510 -0.1653 0.2614
vn 0.9570 -0.1002 -0.2722
vn 0.9467 -0.2950 -0.1297
vn -0.9600 0.0677 0.2716
vn -0.9600 0.0679 0.2716
vn 0.9921 0.1146 -0.0511
vn 0.9050 -0.3378 -0.2587
vn -0.9662 0.0586 0.2509
vn -0.9684 -0.0012 0.2494
vn 0.8868 -0.2873 -0.3620
vn 0.8884 -0.1416 -0.4367
vn 0.1711 0.8741 0.4547
vn -0.0590 -0.9982 0.0059
vn -0.1743 0.5685 -0.8040
vn -0.0557 0.9033 -0.4254
vn 0.2462 0.4969 0.8322
vn 0.0590 0.9982 -0.0059
vn 0.9771 0.1743 -0.1219
vn 0.9864 -0.1542 -0.0562
vn 0.9340 0.2443 -0.2606
vn 0.9173 0.1820 -0.3543
vn 0.9141 0.1329 -0.3831
vn -0.9445 -0.2020 0.2590
vn -0.9468 -0.1877 0.2615
vn 0.9617 -0.0653 -0.2660
vn 0.9570 -0.1001 -0.2722
vn 0.9641 0.0352 -0.2631
vn -0.3900 0.2750 0.8788
vn -0.4002 0.7250 0.5606
vn -0.4735 0.8690 0.1436
vn -0.6104 0.7538 -0.2434
vn -0.7555 0.3360 -0.5624
vn -0.7269 -0.4012 -0.5574
vn -0.5533 -0.7919 -0.2585
vn -0.4247 -0.8984 0.1118
vn -0.3676 -0.8136 0.4504
vn -0.3663 -0.4453 0.8170
vn 0.3004 -0.4421 0.8452
vn 0.2627 -0.8905 0.3714
vn 0.1673 -0.9842 -0.0578
vn 0.0274 -0.8619 -0.5063
vn -0.1686 -0.3848 -0.9075
vn -0.2970 0.5088 -0.8080
vn -0.2490 0.2690 -0.9304
vn -0.7573 0.6332 -0.1598
vn -0.0877 0.9047 -0.4168
vn -0.6878 0.6968 0.2033
vn 0.0309 0.9995 0.0017
vn -0.5422 0.6296 0.5564
vn 0.2068 0.7137 0.6693
vn 0.1552 0.4432 0.8829
vn 0.2569 0.2911 0.9216
vn -0.0054 1.0000 0.0004
vn -0.7394 0.1344 0.6597
vn -0.5081 -0.4616 0.7271
vn 0.3448 -0.9018 0.2605
vn 0.3804 -0.9126 0.1499
vn 0.2570 -0.9355 -0.2425
vn 0.5237 -0.6697 0.5264
vn 0.0890 -0.9459 0.3119
vn 0.4356 -0.8463 0.3067
vn 0.4516 -0.8761 -0.1686
vn 0.4300 -0.9016 -0.0479
vn -0.1360 -0.2363 0.9621
vn -0.9997 0.0158 0.0172
vn 0.9998 0.0124 -0.0172
vn 0.9948 0.0943 -0.0387
vn -0.9994 0.0271 0.0202
vn 1.0000 -0.0071 -0.0050
vn 0.9981 -0.0566 -0.0229
vn -1.0000 -0.0071 0.0054
vn -0.9999 0.0099 0.0127
vn 0.9899 -0.0842 -0.1144
vn -1.0000 0.0055 0.0055
vn 0.9857 0.1089 -0.1287
vn -1.0000 0.0029 0.0016
vn -1.0000 -0.0000 0.0040
vn 0.9999 -0.0070 -0.0100
vn 0.9999 0.0062 -0.0144
vn -0.9999 0.0108 0.0047
vn 0.9994 0.0223 -0.0260
vn -0.9999 -0.0079 0.0149
vn 0.9969 0.0734 -0.0293
vn -0.9996 -0.0262 0.0112
vn 0.9970 -0.0535 -0.0554
vn -0.9999 0.0018 0.0127
vn 0.9916 0.0084 -0.1288
vn 0.9916 -0.0039 -0.1291
vn -0.9999 0.0018 0.0128
vn -0.9982 -0.0029 0.0604
vn 0.0291 -0.0919 0.9953
vn 0.0548 -0.0260 0.9982
vn 0.0286 -0.0497 0.9984
vn -0.0548 -0.0121 -0.9984
vn -0.0004 -1.0000 0.0019
vn 0.0054 -1.0000 -0.0004
vn -0.0007 -1.0000 0.0019
vn -0.0011 -0.9999 -0.0127
vn -0.0066 -1.0000 0.0004
vn 0.0003 -0.9999 -0.0129
vn 0.0007 1.0000 -0.0032
vn 0.0160 0.9454 0.3255
vn 0.0010 1.0000 -0.0032
vn -0.0027 1.0000 -0.0049
vn -0.0087 1.0000 -0.0001
vn 0.0004 0.9999 0.0110
vn 0.0087 1.0000 -0.0001
vn -0.0086 0.9999 0.0114
vn 0.0389 0.1098 0.9932
vn 0.0407 -0.6715 -0.7399
vn 0.4006 0.8728 0.2788
vn -0.0665 0.4704 0.8800
vn -0.1958 0.9696 0.1465
vn -0.1116 0.9819 0.1527
vn -0.6118 0.7171 -0.3338
vn -0.7312 -0.4384 0.5226
vn 0.9415 0.2949 -0.1632
vn 0.5290 -0.7844 -0.3239
vn -0.0182 0.9803 0.1967
vn -0.2926 0.9511 -0.0991
vn -0.2118 0.0447 0.9763
vn 0.1145 -0.9479 0.2973
vn 0.8385 0.3621 0.4072
vn -0.0029 0.9568 -0.2907
vn 0.0104 -0.0130 0.9999
vn 0.8535 0.4106 -0.3209
vn 0.4315 0.8709 -0.2353
vn 0.2697 0.8263 -0.4945
vn 0.9904 0.0003 -0.1382
vn -0.8873 0.3934 -0.2406
vn -0.0258 0.1529 0.9879
vn 0.6981 0.2515 0.6703
vn 0.9639 -0.1154 -0.2399
vn -0.6877 0.2515 0.6810
vn -0.4349 0.8487 0.3009
vn -0.0278 0.9909 -0.1320
vn -0.9890 -0.0137 -0.1474
vn -0.8612 -0.3155 -0.3986
vn -0.1532 0.9866 0.0569
vn 0.9928 0.0679 -0.0991
vn -0.0867 0.9738 -0.2101
vn -0.8667 0.4718 -0.1620
vn 0.9001 0.4311 0.0633
vn 0.4245 0.3652 0.8285
vn 0.8809 0.4663 -0.0808
vn 0.0121 0.9972 0.0738
vn -0.7522 0.6400 0.1568
vn 0.8812 -0.4722 0.0237
vn -0.0000 -0.9717 0.2361
vn 0.6321 0.7708 -0.0789
vn 0.6682 0.7439 0.0036
vn -0.8065 -0.5884 0.0575
vn -0.9937 0.1095 0.0250
vn -0.9948 0.0738 0.0706
vn 0.9604 -0.2786 -0.0010
vn 0.9993 -0.0265 0.0262
vn 0.8894 -0.3508 -0.2931
vn -0.9846 -0.1748 -0.0014
vn -0.0354 0.9943 -0.1005
vn 0.9791 -0.2033 -0.0075
vn 0.0022 0.9998 -0.0206
vn -0.0006 0.9977 -0.0674
vn -0.0446 0.9771 0.2082
vn 0.1268 -0.0213 -0.9917
vn -0.0118 0.9999 -0.0087
vn -0.9950 0.1000 0.0076
vn -0.8007 -0.5990 0.0062
vn 0.1938 -0.5536 -0.8099
vn -0.6953 -0.5668 -0.4419
vn -0.8472 -0.2170 -0.4849
vn -0.0607 -0.0408 0.9973
vn -0.0578 -0.0236 0.9980
vn 0.9367 -0.3004 0.1799
vn 0.8116 -0.1645 0.5605
vn 0.7390 -0.6204 -0.2626
vn 0.9969 0.0166 -0.0773
vn 0.6168 0.7699 0.1636
vn -0.0411 0.9523 0.3025
vn 0.1168 0.9728 -0.2001
vn 0.1072 0.9730 0.2042
vn -0.8899 -0.4240 -0.1680
vn -0.9318 -0.3305 -0.1504
vn 0.8840 -0.4261 0.1920
vn 0.9460 -0.2617 0.1914
vn -0.1535 -0.3849 0.9101
vn -0.9745 0.0268 0.2228
vn -0.7914 -0.4295 0.4350
vn -0.1300 -0.5927 0.7949
vn 0.9409 -0.2515 -0.2269
vn 0.9427 -0.2694 -0.1969
vn -0.1402 -0.0207 -0.9899
vn 0.8410 -0.2817 -0.4619
vn 0.0309 0.9992 -0.0233
vn -0.7729 -0.2796 0.5696
vn -0.2126 -0.4566 0.8639
vn -0.0945 -0.3758 -0.9219
vn 0.3079 0.1168 0.9442
vn -0.9989 0.0467 0.0003
vn -0.9546 0.2978 0.0073
vn -0.0601 -0.5813 -0.8115
vn 0.8105 0.5816 0.0697
vn 0.6690 0.7355 0.1077
vn 0.0517 -0.1977 -0.9789
vn 0.1860 -0.1976 -0.9625
vn -0.0494 -0.9957 0.0781
vn -0.0378 -0.9603 -0.2765
vn -0.2157 -0.1093 0.9703
vn 0.8897 -0.4562 0.0174
vn 0.9989 -0.0456 0.0078
vn 0.0351 -0.9964 0.0778
vn -0.9126 0.3845 -0.1392
vn 0.8812 0.0793 -0.4661
vn 0.8828 0.4683 -0.0375
vn -0.0466 0.9317 0.3602
vn 0.8347 0.0305 0.5498
vn -0.8283 -0.0590 -0.5571
vn 0.3878 -0.9099 -0.1473
vn -0.7550 -0.6522 0.0675
vn -0.8071 0.0452 0.5887
vn -0.7294 -0.4722 0.4950
vn 0.7166 0.1865 -0.6721
vn 0.6589 -0.0818 -0.7477
vn -0.5108 -0.5084 -0.6933
vn -0.7062 -0.2684 -0.6551
vn 0.8571 -0.2231 0.4643
vn 0.7873 -0.2164 0.5774
vn -0.6567 -0.2821 0.6994
vn -0.9998 0.0020 0.0202
vn -0.4438 -0.5263 0.7253
vn -0.4620 -0.8869 0.0089
vn 0.7023 -0.0939 0.7056
vn 0.9998 -0.0017 -0.0192
vn 0.7779 0.1060 0.6194
vn 0.3948 -0.9079 0.1410
vn 0.4555 -0.8902 -0.0035
vn 0.7161 0.1979 -0.6694
vn 0.9029 -0.4291 -0.0260
vn 0.8257 -0.3100 -0.4713
vn 0.7781 -0.6279 -0.0175
vn -0.7682 -0.4450 -0.4603
vn -0.9057 -0.4238 0.0023
vn -0.8464 0.0497 -0.5303
vn -0.7761 -0.6093 -0.1628
vn -0.7926 -0.6083 0.0428
vn 0.7956 -0.2749 -0.5398
vn 0.0555 -0.9828 0.1762
vn -0.0614 -0.9838 0.1681
vn 0.0220 -0.9558 -0.2933
vn 0.1866 -0.5440 -0.8181
vn -0.1156 -0.1176 -0.9863
vn -0.0534 0.9559 0.2886
vn -0.1403 0.9373 0.3190
vn -0.0708 0.9258 0.3714
vn -0.1382 0.9313 0.3371
vn -0.0960 -0.0390 -0.9946
vn 0.0732 0.0109 0.9973
vn -0.0183 -0.1643 0.9862
vn 0.0774 -0.0278 0.9966
vn -0.3125 0.5089 0.8021
vn 0.0194 0.9171 -0.3982
vn -0.0060 -0.3924 -0.9198
vn -0.0032 0.9955 0.0946
vn 0.0607 -0.1684 0.9838
vn 0.7990 0.0599 -0.5984
vn -0.9889 0.1463 -0.0269
vn 0.0078 0.0013 1.0000
vn -0.9664 0.2570 0.0086
vn -0.0552 0.9866 0.1535
vn -0.0081 0.9695 0.2452
vn 0.2207 0.8875 0.4044
vn -0.0080 0.6507 0.7593
vn 0.0024 0.9957 -0.0928
vn 0.0628 0.9950 0.0771
vn -0.0471 0.9743 -0.2205
vn -0.0009 -0.9949 -0.1010
vn -0.0593 0.9643 -0.2582
vn 0.1479 0.9337 0.3262
vn -0.8922 -0.2180 -0.3955
vn -0.0227 0.9920 -0.1245
vn -0.0481 -0.6572 -0.7522
vn 0.8579 0.2018 0.4725
vn 1.0000 -0.0049 -0.0082
vn 0.0085 -0.0013 1.0000
vn -0.0486 -0.9481 0.3142
vn -0.1159 -0.9644 0.2378
vn -0.0626 0.2059 0.9766
vn -0.0117 0.1795 0.9837
vn -0.0361 0.9848 0.1697
vn 0.0067 0.9365 0.3505
vn -0.0189 0.5209 -0.8534
vn 0.0026 0.5471 -0.8371
vn 0.0720 0.9592 -0.2735
vn -0.0849 0.9863 -0.1412
vn -0.0236 0.4138 0.9101
vn -0.0326 0.4085 0.9122
vn 0.0540 -0.9898 0.1318
vn 0.8322 -0.2598 -0.4898
vn -0.1256 -0.9831 0.1332
vn 0.0463 0.4702 0.8813
vn -0.0053 0.3782 0.9257
vn 0.1253 0.9076 -0.4007
vn -0.0004 0.9986 -0.0534
vn 0.0102 0.5468 -0.8372
vn 0.0343 0.9970 0.0700
vn 0.0447 0.9893 0.1390
vn -0.0546 0.3821 0.9225
vn 0.0337 0.3831 0.9231
vn -0.0024 -0.9561 0.2929
vn 0.0624 -0.9498 0.3065
vn -0.0049 -0.0564 -0.9984
vn 0.9692 0.2462 -0.0030
vn 0.0252 0.9904 -0.1362
vn 0.0494 -0.9910 0.1243
vn -0.1001 -0.9871 0.1253
vn 0.0639 0.9645 0.2561
vn -0.0084 0.9436 0.3309
vn -0.9160 -0.3977 0.0527
vn 0.0476 0.9971 -0.0598
vn 0.4351 0.8698 -0.2327
vn -0.8495 0.2084 0.4848
vn 0.0203 0.9910 -0.1324
vn 0.0143 0.8921 -0.4515
vn -0.0171 0.5657 -0.8244
vn 0.1246 0.9622 0.2422
vn 0.0146 0.8947 0.4464
vn 0.0094 -0.0057 0.9999
vn -0.9111 -0.3809 0.1577
vn -0.9530 0.3026 0.0174
vn -0.0357 -0.0524 -0.9980
vn -0.9259 0.0671 -0.3718
vn -0.9574 0.2880 -0.0183
vn 0.9022 -0.4140 -0.1209
vn 0.8679 -0.3653 0.3365
vn 0.8150 -0.3817 0.4360
vn 0.9985 -0.0004 -0.0549
vn -0.8533 0.4609 -0.2441
vn 0.0016 -0.9996 0.0293
vn -0.0014 -0.9997 0.0232
vn 0.0035 -0.0469 0.9989
vn 0.0333 0.1791 0.9833
vn 0.0066 -0.5043 0.8635
vn 0.0255 0.0073 0.9996
vn 0.0057 -0.0057 1.0000
vn 0.0972 -0.0758 -0.9924
vn 0.6854 -0.2550 0.6821
vn 0.0077 0.0005 1.0000
vn 0.9936 0.1043 -0.0424
vn 0.9550 0.0849 -0.2841
vn 0.0095 0.0024 -1.0000
vn -0.0225 0.0018 -0.9997
vn 0.9135 -0.4061 0.0243
vn 0.2162 0.9523 0.2155
vn -0.0465 0.7255 0.6867
vn 0.4908 0.6745 0.5515
vn -0.0220 0.9197 0.3920
vn 0.0032 0.1339 0.9910
vn -0.0055 0.1338 0.9910
vn -0.0001 1.0000 -0.0008
vn -0.9958 -0.0024 0.0912
vn -0.9990 0.0268 0.0365
vn 0.0447 0.8947 0.4444
vn 0.3294 0.8148 0.4771
vn 0.9906 0.1070 -0.0848
vn -0.6985 0.7156 0.0054
vn -0.9169 0.3990 0.0071
vn -0.6053 0.7075 0.3647
vn -0.0163 0.9889 0.1478
vn 0.0441 0.9368 0.3472
vn -0.0166 0.9730 0.2300
vn -0.8947 0.4465 0.0069
vn -0.6826 0.7177 0.1378
vn 0.9924 0.1228 0.0034
vn -0.9988 -0.0450 0.0197
vn -0.9997 0.0006 -0.0236
vn -0.8990 0.4311 0.0772
vn -0.9868 0.1616 0.0076
vn -0.5054 0.8341 0.2211
vn 0.9697 -0.2442 0.0067
vn 0.9874 0.1582 -0.0076
vn -0.9998 -0.0190 -0.0072
vn 0.9149 0.4003 -0.0519
vn 0.0659 0.9405 0.3334
vn 0.0167 0.9061 0.4228
vn -0.5281 -0.1801 0.8299
vn -0.8321 -0.2671 0.4861
vn -0.7219 -0.2121 -0.6588
vn -0.0357 0.9686 0.2460
vn -0.1144 0.9290 0.3520
vn 0.9414 -0.3229 -0.0971
vn 0.9968 0.0669 0.0442
vn -0.9609 -0.2706 0.0585
vn -0.8667 -0.4893 0.0971
vn 0.9903 -0.1095 -0.0860
vn -0.9878 -0.1541 -0.0201
vn 0.9456 0.3185 -0.0663
vn 0.9632 0.2658 0.0394
vn 0.8249 -0.5631 -0.0492
vn 0.8064 -0.4133 0.4229
vn 0.9999 0.0134 -0.0053
vn -0.8562 0.5166 -0.0041
vn 0.0882 -0.1551 -0.9840
vn 0.9728 0.2152 -0.0856
vn -0.7048 -0.2238 -0.6732
vn 0.0064 -0.0055 1.0000
vn -0.9064 -0.3901 -0.1623
vn 0.0230 -0.0589 -0.9980
vn 0.0077 0.0270 0.9996
vn -0.9513 -0.2977 0.0803
vn -0.9357 -0.3483 0.0566
vn 0.9796 -0.1997 0.0240
vn 0.7371 -0.6740 0.0491
vn -0.9974 0.0290 0.0657
vn 0.9903 -0.1378 0.0178
vn -0.9739 0.2230 0.0431
vn 0.8280 0.5606 0.0083
vn -0.0023 -0.9991 -0.0430
vn -0.8034 -0.5929 0.0545
vn 0.0147 0.9412 -0.3375
vn 0.0104 0.1309 0.9913
vn -0.9654 -0.2555 0.0527
vn 0.0112 0.1360 0.9906
vn 0.0414 0.5636 0.8250
vn 0.0048 0.1309 0.9914
vn -0.0190 0.9453 -0.3255
vn 0.0006 0.1350 0.9908
vn 0.9911 -0.1321 0.0180
vn -0.6589 0.7505 0.0515
vn -0.9167 0.2028 0.3442
vn 0.0396 -0.6631 -0.7474
vn 0.1021 0.9404 0.3245
vn -0.0502 0.8999 0.4333
vn 0.1529 0.9869 0.0515
vn 0.9858 0.0113 -0.1674
vn -0.8727 -0.2891 0.3934
vn 0.0095 0.0031 -1.0000
vn -0.0282 0.9972 -0.0696
vn 0.7530 -0.5883 0.2948
vn 0.3915 0.8754 0.2836
vn -0.9323 -0.3578 -0.0523
vn -0.6294 -0.6061 0.4863
vn -0.9710 0.1500 -0.1859
vn 0.9912 -0.1148 0.0663
vn -0.0119 0.7922 0.6101
vn -0.3328 0.9286 0.1639
vn -0.7801 -0.6246 -0.0347
vn 0.5959 -0.7990 -0.0805
vn -0.0590 -0.3922 -0.9180
vn 0.0379 -0.0461 -0.9982
vn -0.0501 -0.0397 -0.9980
vn 0.0221 -0.0397 -0.9990
vn -0.0322 -0.3925 -0.9192
vn -0.2134 -0.2725 -0.9382
vn 0.0354 -0.3647 -0.9305
vn -0.0492 -0.0601 -0.9970
vn -0.0033 0.9954 0.0960
vn -0.9992 -0.0033 0.0403
vn 0.0028 0.9990 0.0449
vn 0.0021 -0.9990 -0.0457
vn -0.0025 0.9973 0.0735
vn 0.0044 0.9963 0.0855
vn -0.0087 -0.0355 -0.9993
vn -0.0063 -0.0354 -0.9994
vn -0.0088 0.0405 -0.9991
vn -0.0089 -0.0353 -0.9993
vn -0.0067 -0.0351 -0.9994
vn -0.0822 -0.0403 -0.9958
vn -0.8805 0.0414 -0.4722
vn 0.8391 -0.1631 -0.5190
vn 0.0166 0.1264 -0.9918
vn -0.0061 0.1094 -0.9940
vn -0.8809 0.0441 -0.4713
vn 0.8743 0.0412 -0.4836
vn 0.0113 0.1608 -0.9869
vn -0.0088 0.1001 -0.9949
vn 0.9900 -0.0279 -0.1380
vn -0.8801 0.0387 -0.4731
vn 0.0881 0.9649 0.2476
vn 0.0014 0.0275 -0.9996
vn 0.0422 0.9981 -0.0446
vn -0.0022 0.9946 -0.1039
vn 0.0706 0.9900 -0.1224
vn -0.0015 0.9920 0.1266
vn -0.5836 0.8048 0.1080
vn -0.0170 0.9811 0.1925
vn 0.3934 0.9120 0.1158
vn 0.0026 0.9993 0.0374
vn 0.0467 0.9989 -0.0075
vn 0.0296 0.9397 0.3408
vn 0.1348 0.9893 0.0559
vn -0.0454 0.9988 -0.0203
vn 0.0543 0.8867 0.4592
vn -0.0219 0.9339 0.3567
vn -0.0203 0.9983 0.0545
vn 0.4644 0.8849 0.0353
vn -0.0642 0.9808 -0.1842
vn 0.3661 0.9205 0.1363
vn 0.2702 0.9620 0.0389
vn 0.0596 0.9978 -0.0301
vn 0.1146 0.9770 -0.1796
vn -0.0509 0.8733 -0.4846
vn 0.0013 1.0000 0.0068
vn -0.1301 0.9846 -0.1168
vn 0.2442 0.9540 -0.1738
vn -0.0088 0.9999 -0.0110
vn 0.0027 1.0000 -0.0031
vn -0.0342 0.9805 0.1935
vn 0.1730 0.9802 0.0960
vn -0.0171 0.9852 -0.1706
vn 0.0136 0.9994 0.0304
vn 0.0043 0.9781 -0.2083
vn -0.3376 0.8683 0.3636
vn 0.4583 0.8888 0.0073
vn 0.8049 0.0067 0.5934
vn -0.0574 -0.0069 0.9983
vn -0.7631 -0.0397 0.6450
vn 0.0689 -0.0613 0.9957
vn 0.1407 0.1331 0.9811
vn 0.0734 0.0043 0.9973
vn -0.7594 0.0066 0.6506
vn 0.8052 0.0125 0.5929
vn -0.0540 0.0617 0.9966
vn 0.8444 0.0930 0.5275
vn -0.8339 0.1172 0.5394
vn 0.8030 -0.0887 0.5894
vn -0.0536 0.0612 0.9967
vn -0.7624 -0.0427 0.6456
vn -0.0658 0.0495 0.9966
vn 0.8112 -0.0431 0.5832
vn -0.7731 -0.1046 0.6256
vn 0.0755 -0.0386 0.9964
vn 0.0730 -0.0654 0.9952
vn -0.8058 -0.1128 0.5813
vn 0.7721 -0.1162 0.6248
vn 0.0047 0.9955 0.0944
vn 0.9986 0.0048 -0.0523
vn 0.0032 -0.9955 -0.0945
vn 0.0339 0.0416 -0.9986
vn 0.0338 0.0896 -0.9954
vn -0.0635 0.1057 -0.9924
vn -0.0189 0.1001 -0.9948
vn -0.0077 0.0490 -0.9988
vn -0.0491 0.0897 -0.9948
vn 0.9997 -0.0033 0.0248
vn 0.0031 -0.9963 -0.0863
vn -0.0035 -0.9974 -0.0717
vn -0.0048 -0.9953 -0.0964
vn 0.9979 0.0004 -0.0655
vn 0.0317 -0.8688 0.4942
vn 0.0006 -0.9971 0.0755
vn 0.0037 -0.8780 0.4787
vn -0.0029 -0.9971 0.0755
vn 0.0028 -0.9981 0.0608
vn -0.0241 -0.8782 0.4777
vn -0.0312 0.8774 -0.4787
vn 0.8647 -0.4171 0.2798
vn 0.0381 -0.0028 -0.9993
vn 0.0336 -0.4231 -0.9055
vn -0.0478 -0.4093 -0.9112
vn -0.0534 -0.0153 -0.9985
vn -0.0077 -0.0267 -0.9996
vn -0.9991 -0.0018 -0.0420
vn -0.0253 0.9145 -0.4039
vn 0.8637 0.4843 -0.1392
vn -0.0592 -0.3760 -0.9247
vn 0.0379 -0.0639 -0.9972
vn -0.0932 -0.0165 -0.9955
vn 0.0230 -0.0421 -0.9988
vn -0.0312 -0.4047 -0.9139
vn 0.0240 -0.4066 -0.9133
vn 0.0451 -0.3787 -0.9244
vn -0.0071 -0.3862 -0.9224
vn -0.0532 -0.0642 -0.9965
vn -0.0034 0.9970 -0.0770
vn 0.0013 0.9985 -0.0539
vn -0.9981 -0.0020 -0.0613
vn -0.9969 0.0026 0.0784
vn 0.8602 0.4161 -0.2948
vn 0.9986 0.0006 0.0520
vn -0.8732 0.4514 -0.1839
vn -0.8701 -0.4570 0.1845
vn 0.0238 0.8722 -0.4885
vn 0.8246 -0.1228 0.5523
vn -0.0691 -0.0093 0.9976
vn -0.8615 0.0467 -0.5057
vn -0.0063 0.0801 -0.9968
vn -0.7732 0.1273 0.6213
vn -0.0089 -0.0354 -0.9993
vn 0.8540 0.0456 -0.5182
vn -0.7890 -0.1047 0.6054
vn -0.0090 0.1001 -0.9949
vn 0.0845 -0.0046 0.9964
vn 0.0793 0.1866 0.9792
vn 0.8171 0.1317 0.5612
vn -0.0642 0.1867 0.9803
vn -0.0807 0.9509 0.2987
vn 0.1340 -0.1904 -0.9725
vn 0.0013 0.9819 0.1894
vn 0.0575 0.9952 0.0790
vn -0.1492 -0.1918 -0.9700
vn -0.0147 0.9904 0.1372
vn -0.0776 -0.9829 -0.1668
vn -0.1796 0.9693 0.1680
vn 0.0609 -0.9848 -0.1624
vn 0.0358 -0.9993 -0.0112
vn 0.0002 -1.0000 -0.0034
vn -0.0000 -1.0000 0.0009
vn -0.0001 0.9862 0.1656
vn -0.1600 -0.9470 -0.2784
vn -0.0289 -0.9995 -0.0124
vn -0.0040 -0.9808 -0.1951
vn -0.0284 -0.9841 -0.1754
vn 0.0025 -0.9998 0.0208
vn 0.0003 1.0000 0.0034
vn -0.0162 -0.9922 -0.1232
vn -0.0454 -0.1684 0.9847
vn -0.0001 -0.9999 -0.0153
vn 0.1651 -0.9741 0.1547
vn -0.0530 -0.9947 -0.0885
vn -0.0537 -0.9913 -0.1200
vn -0.0020 -0.9718 0.2360
vn -0.0033 -0.9996 -0.0264
vn -0.0087 -0.0018 1.0000
vn 0.0006 -0.9967 0.0815
vn 0.0044 -0.9997 -0.0255
vn -0.0007 -0.9964 0.0846
vn 0.0002 -0.9998 -0.0202
vn -0.1173 -0.0662 -0.9909
vn 0.9072 -0.4192 0.0344
vn 0.6856 -0.2753 -0.6739
vn 0.8413 -0.3386 -0.4214
vn 0.5546 -0.2032 0.8070
vn 0.0256 0.0063 0.9997
vn -0.0318 -0.0623 -0.9975
vn 0.0076 0.0298 0.9995
vn 0.0165 -0.0395 -0.9991
vn -0.0004 -0.9999 -0.0146
vn -0.0006 -0.9999 -0.0146
vn 0.0005 -0.9999 -0.0133
vn -0.0027 -0.9997 -0.0233
vn -0.0002 -0.9999 -0.0152
vn -0.1750 -0.9846 -0.0041
vn 0.0363 -0.9906 0.1316
vn 0.0546 -0.9950 0.0832
vn -0.0004 -0.9964 0.0843
vn -0.1233 -0.9879 0.0937
vn -0.0099 -0.9963 0.0848
vn 0.1324 -0.9807 0.1437
vn 0.0094 -0.9965 0.0831
vn -0.0004 -0.9999 -0.0150
vn -0.0007 -0.9966 0.0824
vn -0.0857 -0.9903 0.1095
vn -0.0104 -0.9982 -0.0586
vn 0.0051 0.9977 0.0670
vn 0.0016 -0.9999 0.0100
vn 0.0012 0.9844 0.1759
vn 0.0845 -0.0093 0.9964
vn -0.0063 0.1001 -0.9950
vn 0.0732 -0.0076 0.9973
vn 0.0755 0.0147 0.9970
vn 0.0734 0.0350 0.9967
vn 0.0690 -0.0341 0.9970
vn -0.0132 0.9933 -0.1150
vn 0.0331 0.9239 0.3813
vn -0.0061 0.1034 -0.9946
vn -0.0414 0.1773 -0.9833
vn -0.0087 -0.0982 -0.9951
vn 0.6857 -0.2718 -0.6753
vn 0.0438 0.9558 0.2907
vn 0.0147 0.1350 0.9907
vn 0.0231 0.9430 0.3320
vn -0.0254 0.0040 -0.9997
vn -0.0008 0.9999 -0.0104
vn 0.3937 0.9102 -0.1285
vn 0.2556 0.4201 0.8707
vn -0.0077 -0.0298 -0.9995
vn 0.1257 0.9861 -0.1087
vn -0.0110 0.0068 0.9999
vn 0.2254 0.0481 0.9731
vn 0.0085 -0.0016 1.0000
vn 0.0393 0.1452 0.9886
vn 0.1969 0.9537 0.2275
vn 0.8395 -0.5068 0.1960
vn -0.9370 -0.3484 0.0266
vn 0.3570 0.0903 0.9297
vn 0.0649 -0.4619 0.8845
vn -0.0960 -0.0415 -0.9945
vn -0.5641 -0.5030 -0.6549
vn 0.4184 -0.9077 -0.0311
vn -0.0328 -0.9859 0.1644
vn 0.0458 -0.3322 0.9421
vn 0.0527 0.9456 0.3211
vn 0.0441 0.9384 0.3429
vn -0.0388 -0.9960 0.0801
vn -0.0444 -0.5598 0.8275
vn -0.2399 -0.0585 -0.9690
vn 0.3277 -0.1576 -0.9316
vn -0.0622 -0.1549 -0.9860
vn -0.1153 0.0407 0.9925
vn 0.2584 -0.3200 0.9115
vn -0.0265 0.9919 0.1241
vn -0.0004 0.0223 0.9998
vn 0.0006 -0.9977 0.0674
vn 0.1569 -0.7149 -0.6814
vn 0.0049 -0.7665 0.6422
vn -0.8113 -0.3438 0.4729
vn 0.0408 0.9710 0.2355
vn -0.9633 0.2628 -0.0551
vn 0.0058 -0.0131 0.9999
vn 0.9159 -0.3899 0.0951
vn 0.9014 -0.4285 0.0615
vn -0.0508 -0.6632 -0.7467
vn 0.0348 -0.9513 0.3062
vn 0.0099 0.9934 0.1140
vn -0.0172 0.8042 -0.5941
vn 0.9905 -0.1160 0.0743
vn -0.0097 -0.9966 0.0824
vn 0.0003 -0.9995 -0.0320
vn -0.0034 -0.9840 -0.1780
vn -0.0002 0.9844 0.1762
vn -0.0006 -0.9999 0.0105
vn 0.0041 -0.9981 -0.0617
vn -0.0096 0.9979 0.0638
vn -0.0642 0.1859 0.9805
vn -0.0090 0.0801 -0.9967
vn -0.0064 -0.0354 -0.9994
vn -0.0692 -0.0046 0.9976
vn -0.0658 -0.0120 0.9978
vn -0.0537 0.0115 0.9985
vn -0.0541 0.0330 0.9980
vn -0.0574 -0.0360 0.9977
vn -0.1832 0.9127 -0.3652
vn -0.1000 0.9178 0.3843
vn -0.0064 0.1048 -0.9945
vn 0.0113 0.1214 -0.9925
vn 0.2677 0.9606 0.0755
vn 0.8994 -0.4364 0.0246
vn 0.0040 0.1360 0.9907
vn 0.0077 0.0016 1.0000
vn 0.0026 -0.9991 -0.0427
vn 0.0882 -0.1524 -0.9844
vn 0.5461 -0.0000 0.8377
vn -0.8860 0.3607 -0.2914
vn 0.0199 0.7922 0.6099
vn -0.9119 -0.4098 0.0237
vn -0.9410 0.3171 -0.1178
vn 0.1591 0.9473 0.2781
vn -0.0317 -0.9491 0.3135
vn 0.0242 -0.6776 -0.7350
vn 0.9080 -0.4171 -0.0394
vn -0.0512 0.9343 0.3529
vn 0.0792 0.9536 0.2905
vn -0.0060 -0.3921 -0.9199
vn -0.8513 0.4619 0.2488
vn -0.9399 0.3185 -0.1231
vn 0.1416 -0.0312 -0.9894
vn 0.0378 -0.9857 0.1644
vn 0.2030 -0.0682 0.9768
vn 0.0573 -0.9543 -0.2933
vn 0.0356 -0.9965 0.0757
vn 0.1041 -0.5502 -0.8285
vn 0.1283 -0.3199 -0.9387
vn 0.0976 -0.5839 0.8059
vn 0.1296 -0.3695 0.9202
vn -0.5080 0.8572 -0.0845
vn -0.0578 -0.0092 0.9983
vn 0.1568 0.1190 0.9804
vn 0.0015 0.9999 -0.0099
vn -0.9221 -0.3848 -0.0419
vn -0.1541 0.9870 -0.0452
vn -0.9951 0.0259 -0.0951
vn -0.9130 -0.4052 0.0481
vn -0.9669 -0.2487 0.0563
vn 0.0697 0.1795 0.9813
vn -0.1288 0.9817 -0.1402
vn -0.8376 -0.3713 -0.4007
vn -0.0635 0.4513 0.8901
vn -0.1015 0.8001 -0.5912
vn 0.1241 0.8132 -0.5685
vn 0.6342 0.7359 -0.2373
vn 0.9201 0.3134 -0.2351
vn -0.0789 0.8025 -0.5914
vn 0.1302 0.8100 -0.5718
vn 0.3690 0.7741 -0.5145
vn -0.0906 0.6488 -0.7556
vn 0.0473 0.9552 -0.2922
vn -0.1331 0.8132 -0.5665
vn 0.0460 0.8103 -0.5842
vn -0.0633 0.8528 0.5183
vn -0.2313 0.9095 0.3453
vn 0.1098 0.6350 -0.7647
vn -0.0888 0.8110 -0.5783
vn -0.0214 0.9187 -0.3944
vn 0.0866 0.9578 0.2741
vn 0.1206 0.9143 -0.3867
vn 0.0447 0.9126 0.4063
vn -0.1331 0.8134 -0.5662
vn 0.0465 0.9174 -0.3952
vn -0.6887 0.7225 -0.0602
vn -0.7859 0.3519 0.5085
vn 0.7053 0.6842 -0.1858
vn 0.7932 0.3520 0.4969
vn -0.8408 0.2548 0.4776
vn 0.8977 -0.4389 -0.0389
vn -0.9346 0.3448 -0.0871
vn 0.8293 0.2502 0.4996
vn 0.8511 0.1738 0.4953
vn -0.7710 0.6346 0.0543
vn 0.8502 0.5125 0.1205
vn -0.8388 0.1792 0.5141
vn -0.6998 0.6047 -0.3803
vn 0.8424 0.2106 0.4961
vn 0.8374 0.4357 -0.3302
vn 0.8034 0.5360 -0.2595
vn 0.8195 -0.5639 -0.1021
vn 0.8363 -0.2068 0.5078
vn -0.8344 0.2107 0.5094
vn 0.5369 0.7990 0.2709
vn 0.1242 0.8153 -0.5655
vn 0.0052 0.6019 -0.7985
vn 0.1703 0.8221 -0.5433
vn 0.1356 0.8067 -0.5752
vn 0.0086 -0.0117 0.9999
vn 0.0065 -0.0123 0.9999
vn -0.0698 0.6083 -0.7906
vn 0.0068 -0.0112 0.9999
vn -0.5981 -0.8012 0.0193
vn 0.8541 0.1351 0.5023
vn 0.8527 -0.1101 0.5107
vn -0.9931 0.0529 0.1045
vn 0.0675 0.6552 -0.7524
vn -0.1143 0.7900 -0.6024
vn 0.0782 0.7727 -0.6299
vn 0.0250 0.1347 0.9906
vn 0.0003 0.1359 0.9907
vn -0.8476 0.1414 0.5114
vn -0.1271 0.8043 -0.5804
vn 0.0790 0.8089 -0.5826
vn -0.0879 0.8089 -0.5814
vn -0.6026 -0.7882 -0.1248
vn 0.0577 0.6085 -0.7914
vn 0.0202 0.1226 0.9923
vn 0.0017 0.1215 0.9926
vn -0.0879 0.7732 -0.6280
vn -0.0949 0.6662 -0.7397
vn -0.1173 0.6793 -0.7244
vn 0.6143 0.7157 -0.3322
vn -0.0174 0.6019 -0.7983
vn -0.8281 -0.2069 0.5209
vn 0.9681 0.2007 -0.1499
vn -0.9952 0.0084 -0.0973
vn -0.7598 0.6358 0.1356
vn -0.9634 0.2394 -0.1210
vn 0.0836 0.6666 -0.7407
vn 0.1050 0.7894 -0.6049
vn 0.1061 0.6793 -0.7262
vn 0.1181 0.8043 -0.5823
vn -0.1328 0.8216 -0.5544
vn -0.1053 0.6562 -0.7472
vn -0.1329 0.8153 -0.5635
vn -0.1517 0.7977 -0.5837
vn -0.0097 0.1347 0.9908
vn 0.0087 -0.0123 0.9999
vn -0.9825 -0.0635 0.1749
vn -0.0044 -0.3459 -0.9383
vn 0.1284 -0.9822 0.1373
vn -0.5518 -0.8309 -0.0719
vn 0.0544 0.6517 0.7566
vn -0.0053 0.8549 0.5187
vn 0.0060 0.0146 -0.9999
vn 0.0254 -0.0035 0.9997
vn 0.0984 0.9931 -0.0636
vn 0.0137 -0.0039 0.9999
vn 0.9862 0.0969 -0.1344
vn 0.0172 -0.0011 0.9999
vn -0.9891 0.1462 -0.0197
vn 0.8920 -0.4222 -0.1615
vn 0.7981 0.6021 0.0222
vn -0.0558 0.0268 -0.9981
vn 0.0425 -0.0000 -0.9991
vn -0.9205 -0.3904 0.0159
vn 0.0168 -0.0019 0.9999
vn -0.4846 -0.6067 0.6301
vn 0.8815 -0.4723 -0.0042
vn -0.6993 0.7114 0.0700
vn -0.0072 -0.0037 1.0000
vn 0.0044 0.9976 -0.0697
vn 0.0058 0.9982 0.0599
vn -0.0313 0.9774 -0.2092
vn -0.2309 0.9730 0.0040
vn -0.0491 0.9986 -0.0204
vn 0.0318 0.4577 0.8885
vn 0.0572 0.9983 0.0082
vn -0.1038 0.9935 -0.0463
vn 0.1314 0.9907 -0.0341
vn 0.0061 0.9980 0.0630
vn 0.0484 0.9988 -0.0077
vn 0.0035 0.9993 0.0377
vn -0.0006 1.0000 -0.0059
vn 0.3981 0.9006 0.1742
vn -0.0080 0.9720 0.2348
vn -0.0007 0.9918 0.1282
vn 0.4816 0.8763 0.0091
vn -0.0029 0.9946 -0.1039
vn 0.0510 0.9979 -0.0391
vn 0.0049 0.9976 -0.0687
vn -0.1026 0.9928 0.0626
vn -0.0182 -0.9998 0.0001
vn -0.9212 -0.3866 0.0430
vn 0.0188 -0.9998 -0.0019
vn 0.0791 0.9968 0.0067
vn 0.9875 0.1577 -0.0076
vn -0.9729 0.2309 0.0075
vn -0.0380 -0.0206 0.9991
vn 0.8928 -0.4459 0.0637
vn -0.8220 -0.3583 -0.4426
vn 0.8266 -0.4487 0.3397
vn -0.9851 -0.1716 0.0069
vn -0.9914 -0.1300 -0.0122
vn 0.9853 -0.1679 -0.0313
vn 0.8267 -0.5626 -0.0058
vn 0.9911 -0.1288 -0.0326
vn -0.9869 0.1572 0.0375
vn -0.8268 -0.5624 0.0074
vn 0.0555 -0.0126 0.9984
vn 0.9709 0.2373 -0.0334
vn 0.0022 -0.0011 1.0000
vn -0.0107 0.0119 -0.9999
vn -0.0038 0.0026 -1.0000
vn 0.8863 -0.4629 -0.0153
vn -0.5178 0.3018 -0.8005
vn -0.0211 0.0277 -0.9994
vn 0.0095 -0.0059 0.9999
vn 0.3262 0.8360 -0.4413
vn -0.0012 -0.0044 1.0000
vn -0.0178 -0.0046 -0.9998
vn -0.0201 0.0001 -0.9998
vn 0.2807 0.8923 0.3535
vn -0.0005 0.0052 1.0000
vn -0.0050 0.0087 -0.9999
vn -0.0212 0.0025 -0.9998
vn 0.8222 -0.3347 -0.4603
vn 0.3145 0.0599 -0.9474
vn -0.1896 -0.9658 -0.1770
vn 0.1868 -0.9621 -0.1987
vn -0.0150 0.9882 0.1524
vn 0.9852 0.1668 0.0395
vn 0.9963 -0.0537 -0.0674
vn 0.9953 0.0167 -0.0949
vn -0.1732 0.9843 -0.0346
vn 0.9247 0.3807 -0.0094
vn 0.0302 -0.9995 0.0018
vn 0.1744 0.9814 0.0805
vn -0.9865 0.1272 -0.1035
vn 0.9955 -0.0892 -0.0322
vn 0.9925 0.1211 0.0186
vn 0.0624 0.9980 -0.0047
vn 0.8033 -0.5867 -0.1026
vn -0.9861 0.1606 0.0421
vn 0.9895 -0.1387 -0.0407
vn 0.9978 -0.0179 0.0636
vn -0.9825 -0.1766 0.0596
vn -0.9921 -0.1043 0.0691
vn -0.7787 -0.6158 -0.1204
vn 0.7783 -0.6271 -0.0300
vn -0.9889 -0.1438 -0.0376
vn -0.1749 -0.0473 -0.9834
vn 0.0373 -0.1538 -0.9874
vn -0.1912 -0.9765 -0.0999
vn 0.1798 -0.9498 0.2560
vn -0.0230 -0.0080 -0.9997
vn -0.2488 -0.5522 0.7957
vn -0.8260 0.3322 0.4553
vn -0.7274 -0.6844 -0.0495
vn -0.9969 -0.0469 -0.0637
vn 0.1608 0.0571 -0.9853
vn -0.9962 0.0858 0.0125
vn 0.9189 0.3945 0.0046
vn 0.9817 -0.1573 -0.1074
vn -0.9585 0.2802 -0.0526
vn 0.1297 -0.5877 0.7986
vn 0.3018 -0.9432 -0.1387
vn -0.9883 -0.1520 0.0160
vn -0.5090 0.1204 -0.8523
vn -0.7838 -0.6209 0.0073
vn 0.7270 -0.6843 -0.0572
vn -0.9850 -0.1561 -0.0738
vn -0.9559 -0.2934 -0.0140
vn 0.9916 -0.1285 -0.0118
vn -0.2377 -0.9589 0.1550
vn 0.9865 0.0326 -0.1603
vn 0.9904 -0.1295 0.0478
vn -0.9852 0.1715 0.0031
vn -0.9709 0.2397 -0.0037
vn 0.9816 0.1847 -0.0491
vn -0.1704 -0.8573 0.4858
vn 0.2195 -0.8146 0.5368
vn 0.9802 0.1957 -0.0296
vn -0.9788 0.1787 -0.0998
vn -0.8930 0.4473 -0.0493
vn 0.9960 0.0890 0.0092
vn 0.9790 0.2038 0.0042
vn 0.9616 0.2324 -0.1457
vn -0.9705 0.1664 0.1744
vn -0.9738 0.2258 -0.0285
vn 0.9776 0.2041 -0.0505
vn -0.9796 0.1865 0.0744
vn 0.9714 0.2190 0.0920
vn -0.9838 0.1558 -0.0882
vn -0.9388 0.3436 -0.0223
vn -0.9698 0.2440 -0.0032
vn 0.9387 0.3442 -0.0171
vn 0.9433 0.3243 0.0710
vn 0.9992 0.0038 0.0407
vn -0.9655 0.2500 0.0723
vn -0.8832 0.4689 0.0104
vn 0.9660 0.2580 -0.0169
vn -0.9651 0.2610 0.0222
vn -0.9809 0.1937 0.0171
vn -0.9771 0.1935 0.0884
vn -0.9909 0.1202 -0.0609
vn 0.9936 0.1123 0.0093
vn 0.9849 0.1731 -0.0099
vn 0.9893 0.1456 -0.0101
vn 0.9870 0.1589 0.0230
vn 0.9824 0.1865 0.0022
vn 0.9784 0.1971 0.0631
vn -0.9914 0.1280 0.0280
vn -0.9867 0.1620 0.0135
vn 0.1957 0.9806 -0.0081
vn -0.1958 0.9802 -0.0277
vn -0.0000 -0.9999 -0.0153
vn -0.7206 -0.6778 0.1462
vn -0.0351 -0.9991 0.0217
vn -0.0009 -0.9949 -0.1011
vn -0.0012 -0.9902 -0.1398
vn 0.9998 0.0006 -0.0178
vn -0.0085 -0.0215 -0.9997
vn -0.0476 -0.9803 -0.1917
vn 0.0248 -0.9934 0.1117
vn 0.0204 -0.9857 0.1673
vn 0.0369 -0.9896 -0.1389
vn 0.0081 -0.9999 0.0098
vn -0.0271 -0.9888 0.1470
vn 0.0064 -0.9703 0.2417
vn 0.0256 -0.9668 0.2543
vn -0.0009 -0.9948 -0.1014
vn -0.0004 -0.9999 -0.0160
vn 0.0003 -0.9999 -0.0122
vn 0.3779 -0.5937 -0.7105
vn -0.0012 -0.9901 -0.1404
vn -0.0350 -0.9830 0.1804
vn 0.7278 -0.6854 -0.0226
vn -0.1396 -0.9548 0.2624
vn 0.0222 -0.9664 0.2563
vn -0.0020 -0.9998 0.0218
vn 0.2031 -0.9744 0.0967
vn -0.1199 -0.9898 -0.0768
vn -0.0000 -1.0000 -0.0001
vn -0.0261 -0.9862 0.1633
vn -0.9999 -0.0003 0.0165
vn -0.7065 -0.7022 0.0882
vn -0.2530 -0.7194 0.6469
vn 0.0529 -0.9817 -0.1831
vn -0.4063 -0.9074 -0.1074
vn -0.1317 -0.3984 -0.9077
vn 0.1675 -0.5115 -0.8428
vn -0.0005 -0.9997 -0.0228
vn -0.0006 -0.9997 -0.0243
vn -0.0015 -0.9996 -0.0267
vn -0.0117 -0.9994 -0.0319
vn -0.0016 -0.9991 -0.0427
vn 0.0027 -0.9991 -0.0426
vn -0.0012 -0.9901 -0.1401
vn 0.6796 -0.7276 -0.0934
vn -0.2174 -0.9521 0.2152
vn -0.0623 -0.9837 -0.1687
vn 0.1695 -0.9819 -0.0848
vn 0.3006 -0.9234 -0.2387
vn -0.0749 -0.9767 0.2010
vn 0.0001 -1.0000 -0.0000
vn -0.0901 -0.9867 0.1355
vn 0.1178 -0.9868 -0.1109
vn -0.1328 -0.9842 0.1168
vn -0.0029 -0.9991 -0.0427
vn -0.0007 -0.9997 -0.0253
vn -0.0004 -0.9999 -0.0155
vn 0.0063 -0.9711 0.2388
vn -0.0012 -0.9997 -0.0249
vn -0.0001 -0.9709 0.2394
vn -0.0001 -0.9999 -0.0157
vn -0.0088 -0.0000 -1.0000
vn -0.0085 0.0054 -0.9999
vn -0.0119 -0.9998 0.0129
vn -0.0637 -0.9924 0.1055
vn -0.0796 -0.9968 0.0005
vn -0.0336 -0.0054 -0.9994
vn 0.0018 -0.0000 1.0000
vn -0.0009 -0.9949 -0.1013
vn 0.0002 -0.9998 0.0215
vn 0.0009 -0.9935 0.1135
vn 0.0004 -0.9928 -0.1198
vn -0.0020 -0.9762 -0.2168
vn -0.8138 -0.5785 0.0560
vn 0.6243 -0.7810 0.0144
vn -0.2106 -0.7566 -0.6190
vn 0.8613 -0.4653 0.2042
vn -0.5267 -0.8494 -0.0336
vn 0.0019 -0.8278 -0.5610
vn 0.9113 -0.4103 0.0347
vn 0.6519 -0.7511 0.1040
vn -0.6036 -0.7727 -0.1967
vn 0.6317 -0.7558 -0.1722
vn -0.7063 -0.6999 -0.1058
vn 0.6354 -0.7703 -0.0537
vn 0.6724 -0.7398 0.0222
vn 0.1890 -0.7237 0.6637
vn -0.4003 -0.8587 0.3200
vn -0.4894 -0.8702 0.0566
vn -0.1267 -0.6023 0.7882
vn 0.2656 -0.9635 0.0345
vn -0.2766 -0.9597 0.0505
vn -0.0332 -0.9779 0.2065
vn 0.0712 -0.9308 -0.3584
vn -0.0691 -0.9818 0.1768
vn 0.0644 -0.9801 -0.1876
vn 0.0016 -0.9776 0.2102
vn 0.0313 -0.9778 0.2073
vn -0.0622 -0.9779 -0.1998
vn 0.0800 -0.9744 0.2101
vn -0.0528 -0.9865 -0.1550
vn 0.2537 -0.9673 0.0058
vn -0.2462 -0.9691 -0.0157
vn 0.2457 -0.9689 -0.0305
vn -0.2637 -0.9531 -0.1485
vn 0.2540 -0.9627 0.0933
vn -0.2468 -0.9419 0.2279
vn -0.3205 -0.9457 0.0542
vn 0.2846 -0.9586 0.0037
vn -0.5533 -0.8284 0.0872
vn 0.3174 -0.9306 0.1821
vn 0.4145 -0.9020 -0.1204
vn -0.2517 -0.9572 -0.1429
vn 0.2700 -0.9419 -0.1999
vn -0.4028 -0.9079 -0.1160
vn -0.2968 -0.9550 0.0007
vn 0.2929 -0.9561 -0.0083
vn -0.7437 0.3526 -0.5679
vn 0.5372 -0.4905 -0.6861
vn -0.0016 0.3089 -0.9511
vn 0.0020 0.5469 -0.8372
vn 0.0238 0.5471 -0.8367
vn -0.0393 0.6031 -0.7967
vn -0.0061 0.6031 -0.7976
vn 0.0196 0.9332 -0.3587
vn -0.0164 0.9930 0.1171
vn -0.0534 0.9753 -0.2142
vn 0.1968 0.9713 -0.1333
vn -0.0021 0.5209 -0.8536
vn -0.0359 -0.9442 -0.3273
vn 0.0324 0.9960 0.0834
vn -0.9831 -0.0715 0.1685
vn 0.9674 -0.2531 -0.0056
vn 0.0185 0.4243 -0.9054
vn -0.0219 0.6028 -0.7976
vn 0.0179 0.5208 -0.8535
vn -0.8527 0.5224 -0.0038
vn 0.0035 -0.9979 -0.0647
vn -0.2166 -0.9761 -0.0181
vn -0.0124 -0.9997 -0.0230
vn 0.2612 -0.9638 -0.0538
vn -0.0855 -0.9942 -0.0656
vn 0.1118 -0.9810 -0.1584
vn 0.1613 -0.8728 -0.4607
vn -0.0085 -0.9950 -0.0996
vn -0.0038 -0.9720 -0.2348
vn 0.0097 -0.9720 -0.2347
vn -0.0134 -0.9631 -0.2689
vn 0.0331 0.9697 0.2420
vn -0.0306 0.9592 0.2810
vn -0.0097 0.9764 0.2155
vn 0.4999 0.7898 0.3554
vn -0.0199 0.8048 0.5932
vn 0.0104 0.9765 0.2154
vn -0.0015 -0.9751 -0.2216
vn 0.0160 0.9701 0.2423
vn -0.0090 -0.9751 -0.2217
vn -0.0492 0.9883 -0.1447
vn 0.2120 0.9582 0.1921
vn 0.0237 0.9924 0.1210
vn 0.0118 0.9331 0.3594
vn 0.0134 0.9125 0.4089
vn 0.0403 -0.9953 0.0875
vn 0.7263 -0.6845 0.0622
vn -0.6648 -0.6246 -0.4098
vn 0.0394 0.9553 0.2928
vn 0.7827 -0.6113 0.1170
vn -0.9410 -0.2478 0.2306
vn -0.0019 0.9678 0.2519
vn 0.0496 -0.9778 -0.2034
vn -0.9901 0.1285 0.0559
vn 0.9855 0.1638 0.0437
vn -0.0101 0.5669 -0.8237
vn -0.8490 0.4968 -0.1803
vn -0.0105 0.5214 -0.8532
vn -0.0178 0.5010 -0.8653
vn -0.0224 0.6425 -0.7659
vn 0.0043 0.3782 -0.9257
vn -0.1656 0.1820 -0.9692
vn 0.7529 0.3295 -0.5697
vn 0.9481 0.2782 -0.1541
vn -0.9686 0.2429 -0.0523
vn 0.9880 0.1391 0.0675
vn 0.9302 0.3608 -0.0673
vn -0.9694 0.2397 -0.0528
vn -0.9686 0.2424 -0.0555
vn 0.8420 0.4655 -0.2727
vn -0.9694 0.2392 -0.0561
vn -0.9689 0.2413 -0.0544
vn 0.9906 0.1362 -0.0093
vn 0.0989 -0.9950 -0.0112
vn 0.5084 -0.1271 0.8517
vn 0.4326 0.2505 -0.8661
vn -0.0299 0.9996 -0.0017
vn -0.5494 -0.0668 0.8329
vn -0.1222 0.9925 0.0102
vn -0.0139 -0.9507 -0.3097
vn -0.1688 -0.9275 -0.3337
vn -0.0151 -0.8338 -0.5519
vn -0.0349 -0.9689 -0.2448
vn -0.0344 -0.9791 -0.2004
vn 0.0083 -0.9796 -0.2008
vn 0.0163 -0.9797 -0.1999
vn -0.0514 -0.8729 -0.4852
vn 0.0072 -0.8338 -0.5520
vn 0.1417 -0.8915 -0.4302
vn 0.0160 -0.9390 -0.3435
vn 0.1389 -0.9375 -0.3192
vn 0.0157 -0.9436 -0.3306
vn 0.0217 -0.9434 -0.3310
vn 0.0290 -0.9689 -0.2456
vn 0.0294 -0.8786 -0.4767
vn -0.0416 -0.9882 -0.1472
vn 0.0163 -0.9797 -0.1997
vn -0.9959 -0.0129 -0.0890
vn 0.0014 0.2219 0.9751
vn 0.9992 0.0062 0.0400
vn -0.9968 0.0170 0.0775
vn -0.9976 0.0009 0.0692
vn -0.0163 -0.0371 -0.9992
vn 0.9970 0.0150 0.0754
vn -0.1357 0.8439 0.5191
vn -0.0099 -0.0330 -0.9994
vn -0.0183 -0.0526 -0.9984
vn 0.0249 0.1759 0.9841
vn -0.0409 -0.0379 -0.9984
vn -0.0007 -0.2613 -0.9653
vn -0.0768 -0.0409 -0.9962
vn -0.0422 -0.0328 -0.9986
vn 0.0059 0.1736 0.9848
vn 0.9957 0.0129 0.0916
vn 0.0091 -0.0663 -0.9978
vn 0.9586 -0.1301 -0.2534
vn -0.9988 0.0082 0.0481
vn -0.9973 -0.0056 -0.0731
vn 0.9769 -0.0243 -0.2122
vn -0.9881 0.0143 0.1530
vn 0.0073 0.1640 0.9864
vn 0.9938 0.0076 0.1108
vn -0.0044 0.1637 0.9865
vn 0.9953 0.0021 0.0973
vn 0.0266 0.2348 0.9717
vn -0.9838 -0.0085 -0.1790
vn 0.0167 0.1747 0.9845
vn -0.0644 0.9904 -0.1227
vn 0.0031 0.9608 -0.2772
vn 0.2613 0.9393 -0.2223
vn -0.0060 0.9656 -0.2598
vn -0.0029 0.9731 -0.2305
vn -0.0218 0.9863 0.1637
vn 0.0027 0.9918 -0.1277
vn -0.0113 0.8879 -0.4599
vn 0.0018 0.9774 -0.2115
vn 0.0002 0.9917 -0.1284
vn -0.0011 0.9928 -0.1198
vn -0.0060 0.9922 -0.1247
vn 0.0564 0.9909 -0.1218
vn -0.0211 0.9953 -0.0950
vn 0.0188 0.9954 -0.0943
vn -0.0007 0.9956 -0.0941
vn 0.0006 0.9596 -0.2812
vn -0.0023 0.9444 -0.3288
vn 0.0290 0.9428 -0.3322
vn -0.0303 0.9622 -0.2705
vn -0.0173 0.9618 -0.2733
vn 0.0130 0.9656 -0.2598
vn 0.0170 0.9998 -0.0097
vn -0.0005 0.9657 -0.2596
vn -0.0560 0.9925 -0.1084
vn 0.0098 0.9667 -0.2557
vn 0.0141 0.9927 -0.1199
vn -0.0161 0.9668 -0.2549
vn 0.2422 0.9697 0.0314
vn -0.0011 0.0505 0.9987
vn 0.1306 0.9841 0.1202
vn 0.7250 0.6882 0.0272
vn -0.1256 0.9735 0.1909
vn 0.7558 0.5355 -0.3770
vn 0.0141 0.9293 -0.3689
vn 0.3182 0.9479 0.0127
vn -0.1899 0.9779 -0.0873
vn -0.0876 0.9955 -0.0352
vn -0.3154 0.9449 0.0881
vn 0.2078 0.8700 -0.4471
vn -0.1257 0.9690 -0.2127
vn -0.0135 0.7681 -0.6402
vn -0.0581 0.9760 0.2099
vn 0.3461 0.9360 -0.0647
vn -0.0963 0.9723 0.2131
vn 0.0042 1.0000 -0.0002
vn -0.1767 0.7655 -0.6187
vn -0.1443 -0.7616 -0.6318
vn -0.0436 -0.9429 -0.3303
vn -0.0505 -0.8767 -0.4783
vn 0.0005 -0.9931 -0.1177
vn -0.0441 -0.9368 -0.3472
vn -0.0482 -0.9684 -0.2449
vn -0.0348 -0.9724 -0.2308
vn 0.0082 -0.9729 -0.2312
vn 0.0161 -0.9729 -0.2308
vn -0.0426 -0.9722 -0.2302
vn -0.0436 -0.9430 -0.3300
vn -0.0441 -0.9384 -0.3429
vn -0.0424 -0.9790 -0.1993
vn 0.0084 -0.9964 -0.0838
vn -0.0427 -0.9715 -0.2331
vn 0.0159 -0.9359 -0.3519
vn 0.0161 -0.9715 -0.2365
vn 0.0153 -0.8743 -0.4851
vn 0.1806 -0.8566 -0.4834
vn -0.0639 -0.9258 -0.3727
vn -0.0449 -0.8724 -0.4867
vn 0.0004 -0.9965 -0.0837
vn -0.0410 -0.9923 -0.1165
vn -0.0417 -0.9987 -0.0280
vn -0.0423 -0.9791 -0.1991
vn -0.4426 -0.8550 -0.2705
vn -0.0058 -0.4221 -0.9065
vn 0.4597 -0.8698 -0.1791
vn -0.0055 -0.4155 -0.9096
vn 0.4548 -0.8754 -0.1642
vn 0.4807 -0.8282 -0.2882
vn 0.0411 0.9921 0.1189
vn -0.0143 -0.4517 -0.8920
vn -0.4172 -0.9006 -0.1218
vn 0.4688 -0.8447 -0.2582
vn 0.4860 -0.8488 -0.2081
vn 0.0564 0.8602 0.5068
vn 0.4602 -0.8650 -0.2000
vn -0.4171 -0.8930 -0.1690
vn -0.4271 -0.8900 -0.1594
vn -0.0426 -0.4545 -0.8897
vn -0.8841 0.3925 -0.2536
vn 0.3053 -0.8091 -0.5021
vn 0.0140 -0.4573 -0.8892
vn 0.0091 0.6091 0.7930
vn -0.3474 -0.8740 -0.3399
vn 0.0051 0.7353 0.6777
vn -0.0230 -0.4540 -0.8907
vn -0.4186 -0.8870 -0.1948
vn 0.0055 0.9859 0.1674
vn 0.0212 0.7604 0.6491
vn 0.0212 0.7623 0.6468
vn 0.0060 0.7734 0.6339
vn 0.0263 0.9070 -0.4204
vn -0.1586 0.9870 0.0248
vn -0.0584 0.9266 -0.3716
vn -0.4574 0.8743 0.1625
vn 0.0230 0.9992 0.0319
vn 0.0224 0.8311 0.5557
vn -0.4677 0.8585 0.2103
vn 0.0394 0.8294 0.5572
vn -0.0147 0.9264 -0.3762
vn 0.9662 -0.2248 -0.1261
vn -0.9481 0.3114 0.0638
vn 0.0253 0.9169 -0.3983
vn -0.6491 0.6213 0.4390
vn -0.4502 0.8879 0.0947
vn 0.8299 0.5531 0.0725
vn 0.0122 0.8008 0.5988
vn 0.4481 0.8064 0.3859
vn 0.8393 0.4899 0.2358
vn -0.4703 0.8270 0.3079
vn 0.0083 0.9788 -0.2046
vn 0.0424 0.7482 0.6621
vn 0.1113 0.7441 -0.6588
vn 0.4194 0.8937 0.1594
vn 0.5560 0.7952 0.2419
vn -0.1196 0.6668 -0.7356
vn 0.4003 0.9111 0.0985
vn -0.0039 0.9244 -0.3814
vn -0.4718 0.8677 0.1566
vn 0.0088 -0.9865 0.1634
vn -0.0018 -0.9869 0.1610
vn -0.0049 -0.9868 0.1619
vn 0.0100 -0.9879 0.1545
vn -0.1601 0.9871 0.0065
vn -0.0453 0.9933 -0.1063
vn -0.0054 -0.9865 0.1635
vn -0.1297 0.9861 0.1042
vn 0.9171 -0.3984 0.0136
vn -0.9353 -0.3405 0.0961
vn -0.3763 0.8950 0.2395
vn 0.0123 -0.9990 -0.0426
vn -0.0097 -0.9860 0.1667
vn -0.0043 0.9999 0.0113
vn 0.3238 0.9441 0.0613
vn -0.2673 0.9187 0.2909
vn 0.0036 1.0000 0.0081
vn -0.1833 0.9814 0.0569
vn 0.3188 0.9449 -0.0735
vn 0.1031 0.9946 0.0139
vn -0.7942 -0.5878 0.1542
vn 0.0036 -0.9861 0.1664
vn 0.8206 0.5682 -0.0618
vn 0.9897 -0.1365 0.0428
vn -0.9914 0.0416 -0.1239
vn 0.7593 -0.6508 -0.0031
vn 0.9836 -0.1685 -0.0650
vn -0.9456 -0.3252 0.0071
vn -0.9475 -0.3194 0.0144
vn -0.7735 0.6337 -0.0022
vn 0.9984 -0.0566 -0.0059
vn 0.9707 0.2384 -0.0295
vn -0.9745 0.2246 -0.0007
vn 0.0167 -0.0054 -0.9998
vn 0.1789 -0.0000 -0.9839
vn -0.9999 0.0083 -0.0111
vn 0.7926 0.0962 -0.6021
vn -0.0094 0.9027 -0.4301
vn -0.0402 0.9477 -0.3167
vn 0.0468 0.6515 -0.7572
vn -0.0382 0.5107 -0.8589
vn 0.0013 0.5188 -0.8549
vn -0.7533 0.6082 -0.2502
vn 0.0114 0.5685 -0.8226
vn 0.9848 -0.0772 0.1559
vn -0.9304 -0.2738 0.2436
vn 0.9041 -0.4174 0.0919
vn -0.9912 0.0949 0.0920
vn -0.9871 0.1604 0.0006
vn 0.9995 0.0115 -0.0284
vn -0.9773 0.1829 -0.1067
vn 0.9963 0.0853 -0.0120
vn 0.0084 0.0037 1.0000
vn -0.0139 0.1466 -0.9891
vn -0.0071 -0.0063 -1.0000
vn 0.0080 -0.0029 1.0000
vn -0.9873 0.1571 0.0227
vn 0.9875 0.1576 0.0083
vn -0.9814 0.1261 -0.1448
vn -0.8879 0.2607 0.3790
vn 0.8552 0.1353 0.5003
vn -0.0640 0.1860 0.9805
vn 0.0790 0.1866 0.9792
vn -0.0640 0.1867 0.9803
vn 0.8162 0.1319 0.5625
vn -0.7741 0.1271 0.6202
vn -0.8398 0.1155 0.5304
vn 0.9837 0.0125 -0.1796
vn -0.9998 0.0150 -0.0116
vn 0.9999 0.0132 -0.0067
vn 0.9855 -0.1592 -0.0586
vn -0.9998 -0.0206 0.0028
vn 0.9874 0.1582 -0.0072
vn -0.9868 0.1616 0.0072
vn -0.9997 -0.0002 -0.0262
vn -0.9984 -0.0471 0.0325
vn 0.9989 0.0061 0.0462
vn 0.9874 0.0525 0.1495
vn -0.9987 0.0294 0.0424
vn -0.9988 -0.0089 0.0476
vn -0.0119 0.1338 0.9909
vn 0.0054 0.1339 0.9910
vn 0.9981 -0.0501 0.0356
vn 0.9935 0.1037 -0.0477
vn -0.9201 -0.1986 0.3376
vn -0.9720 0.1236 -0.1999
vn 0.9763 -0.0955 0.1941
vn 0.9996 -0.0246 0.0138
vn -0.9993 0.0034 0.0374
vn -0.9959 -0.0574 -0.0693
vn 0.9977 -0.0361 -0.0573
vn -0.9996 0.0113 -0.0276
vn 0.0015 0.9697 0.2442
vn 0.2213 0.9326 0.2850
vn -0.3094 0.9016 -0.3024
vn 0.0046 0.7962 -0.6051
vn -0.0023 0.7767 -0.6299
vn 0.4736 0.8542 -0.2144
vn 0.0049 0.9918 -0.1275
vn 0.1337 0.9664 -0.2196
vn 0.9951 -0.0083 0.0989
vn -0.9976 -0.0004 0.0692
vn -0.4421 -0.8327 0.3334
vn 0.6381 -0.7680 -0.0549
vn 0.0035 -0.9707 0.2403
vn -0.0161 -0.9844 0.1751
vn 0.0038 -0.9701 0.2428
vn -0.1167 -0.9670 0.2264
vn 0.0863 -0.9831 0.1613
vn -0.9996 0.0113 -0.0246
vn 0.8641 -0.3734 0.3375
vn -0.9121 -0.3786 0.1572
vn -0.9444 0.3015 -0.1316
vn 0.9980 0.0142 -0.0624
vn 0.9429 -0.2491 0.2209
vn -0.9355 -0.3192 -0.1515
vn -0.7880 -0.5884 -0.1812
vn -0.9994 -0.0232 -0.0257
vn 0.9585 0.2807 -0.0497
vn 0.0034 -0.9717 0.2363
vn 0.7905 -0.6101 0.0529
vn 0.9294 0.3618 -0.0722
vn -0.9988 -0.0026 -0.0499
vn 0.9726 0.2285 -0.0438
vn 0.9661 0.2562 -0.0313
vn 0.9969 -0.0789 -0.0061
vn -0.6776 0.7355 -0.0002
vn -0.9514 -0.3024 0.0581
vn -0.9984 -0.0563 -0.0049
vn 0.9636 -0.2167 0.1568
vn 0.8921 -0.4336 -0.1271
vn -0.9875 -0.1246 0.0964
vn 0.9869 -0.1613 0.0063
vn 0.7418 0.6674 -0.0664
vn -0.0001 -0.9861 0.1663
vn -0.8781 -0.4572 0.1409
vn 0.1833 0.9804 -0.0722
vn 0.0021 0.9999 0.0107
vn 0.0061 1.0000 0.0070
vn 0.0080 0.9999 0.0077
vn 0.2962 0.9520 0.0767
vn -0.0521 -0.9844 0.1678
vn -0.9362 -0.3382 0.0958
vn -0.0093 0.9999 0.0105
vn -0.0010 -0.9865 0.1636
vn -0.0225 0.9941 -0.1065
vn 0.0130 -0.9878 0.1553
vn -0.0086 -0.9867 0.1623
vn 0.0018 -0.9869 0.1614
vn 0.0044 -0.9865 0.1636
vn 0.0044 0.9946 -0.1037
vn 0.9149 -0.3921 0.0954
vn 0.0587 -0.9626 0.2643
vn -0.0346 0.9939 -0.1049
vn -0.9709 0.2395 0.0085
vn -0.9965 0.0747 0.0388
vn 0.9859 0.1636 0.0339
vn 0.3019 -0.9534 0.0026
vn -0.3347 -0.9407 0.0556
vn -0.7159 -0.6925 0.0890
vn -0.0081 -0.9997 0.0224
vn 0.7180 -0.6957 -0.0219
vn 0.0110 -0.9999 0.0103
vn -0.0203 -0.9997 0.0124
vn -0.0566 -0.9982 0.0204
vn -0.4770 0.8768 0.0609
vn -0.9806 0.1947 0.0216
vn -0.9134 -0.4051 -0.0409
vn -0.1406 0.9538 0.2656
vn -0.3539 0.8674 -0.3498
vn 0.0903 0.8289 -0.5521
vn -0.0010 0.9903 -0.1392
vn 0.6554 0.7515 0.0761
vn 0.9141 0.3991 -0.0711
vn -0.9349 0.3549 0.0072
vn 0.9940 0.1007 -0.0424
vn 0.9073 -0.4026 -0.1215
vn -0.9903 -0.1307 0.0477
vn -0.9964 -0.0849 -0.0040
vn 0.9761 -0.2172 -0.0113
vn 0.8422 -0.5275 0.1117
vn 0.9909 -0.1337 0.0123
vn -0.6147 -0.7876 0.0438
vn 0.9895 0.1409 -0.0326
vn 0.9746 0.1610 0.1560
vn -0.8224 -0.5658 0.0586
vn -0.9908 0.1134 0.0741
vn 0.9577 -0.1326 0.2554
vn 0.8233 -0.5658 0.0444
vn 0.9824 -0.1662 0.0856
vn -0.9888 -0.1318 0.0699
vn -0.9904 -0.1372 0.0171
vn 0.9632 0.1564 -0.2188
vn -0.9677 0.2519 0.0074
vn 0.9013 0.3724 0.2214
vn 0.5549 0.8302 0.0541
vn 0.1510 0.9795 0.1334
vn -0.0679 0.9072 0.4152
vn 0.2576 0.9662 0.0024
vn 0.3040 0.9443 -0.1259
vn -0.3523 0.8790 0.3213
vn -0.9084 -0.4161 -0.0404
vn 0.0309 0.9983 0.0504
vn -0.0815 -0.9965 0.0190
vn -0.0331 -0.9993 0.0148
vn 0.0136 -0.9998 0.0108
vn 0.7131 -0.7007 -0.0216
vn -0.0109 -0.9997 0.0227
vn -0.3423 -0.9379 0.0563
vn 0.9878 0.1535 0.0262
vn 0.2930 -0.9561 0.0032
vn -0.7112 -0.6974 0.0886
vn -0.9424 0.1582 -0.2946
vn 0.9048 -0.4083 -0.1212
vn 0.0926 0.9956 -0.0148
vn -0.3104 0.9505 -0.0118
vn 0.1614 -0.4741 0.8656
vn 0.1311 0.9913 -0.0137
vn 0.1747 0.9845 -0.0138
vn 0.8106 -0.0558 -0.5829
vn -0.0846 0.9964 0.0015
vn -0.1101 0.9787 0.1730
vn -0.1418 0.9871 -0.0737
vn -0.0037 0.8754 -0.4834
vn -0.2800 0.0852 -0.9562
vn -0.1654 0.0739 -0.9835
vn 0.2944 0.0769 0.9526
vn -0.7795 0.0677 0.6227
vn 0.7114 -0.6230 -0.3253
vn 0.4444 -0.1197 0.8878
vn -0.6445 0.3368 0.6865
vn 0.8589 -0.4156 -0.2992
vn -0.4660 0.3265 0.8223
vn -0.5366 0.0448 0.8427
vn 0.5159 0.0464 -0.8554
vn 0.5719 -0.2301 -0.7874
vn -0.0061 0.5990 -0.8007
vn -0.0190 0.9979 -0.0614
vn 0.0886 0.9705 -0.2242
vn -0.2576 0.8992 0.3538
vn -0.2644 0.9028 -0.3392
vn 0.0136 -0.9872 0.1586
vn -0.0031 0.9999 0.0135
vn -0.3499 0.9276 0.1312
vn -0.0114 0.1451 0.9894
vn -0.0360 0.5828 -0.8118
vn 0.0156 -0.0851 -0.9963
vn 0.2765 0.9607 0.0220
vn -0.0733 0.7686 -0.6356
vn 0.0008 0.9943 0.1070
vn 0.0378 0.8833 -0.4672
vn 0.0296 0.9523 -0.3038
vn 0.0173 0.1982 0.9800
vn 0.0331 0.9646 0.2617
vn -0.0127 -0.9676 -0.2522
vn -0.0403 0.5761 -0.8164
vn 0.0312 -0.9780 0.2062
vn 0.0493 -0.9674 -0.2482
vn 0.2121 -0.6328 0.7447
vn -0.2372 -0.6765 -0.6972
vn -0.0125 -0.9985 0.0535
vn -0.0122 -0.9992 -0.0375
vn -0.0002 -0.9997 -0.0233
vn 0.1734 -0.4569 -0.8725
vn -0.1323 -0.9318 0.3381
vn -0.0273 -0.9849 0.1708
vn -0.0889 -0.9879 -0.1273
vn -0.0014 -0.9999 0.0156
vn -0.0012 -0.9901 -0.1403
vn -0.0001 -0.9999 -0.0137
vn -0.0470 -0.9808 -0.1893
vn -0.0009 -0.9949 -0.1012
vn 0.0555 -0.0185 0.9983
vn 0.0483 0.9987 -0.0149
vn 0.1305 0.9914 -0.0067
vn -0.0171 0.6305 -0.7760
vn -0.0881 0.7812 -0.6180
vn -0.0879 0.8080 -0.5826
vn 0.0002 0.1390 0.9903
vn -0.0710 0.6356 -0.7688
vn 0.0085 -0.0112 0.9999
vn -0.0887 0.8095 -0.5803
vn 0.0195 0.8258 0.5637
vn -0.0004 -0.9964 0.0848
vn 0.0165 -0.0128 -0.9998
vn -0.0532 -0.0640 -0.9965
vn -0.0591 -0.3774 -0.9242
vn -0.0251 0.9158 -0.4008
vn -0.0534 -0.0028 -0.9986
vn -0.0476 -0.4231 -0.9049
vn -0.0315 0.8749 -0.4833
vn 0.0312 -0.8736 0.4856
vn -0.0045 -0.9958 -0.0912
vn -0.0029 -0.9983 -0.0584
vn 0.0100 0.9997 0.0206
vn -0.4719 0.8800 0.0547
vn 0.1062 0.9229 0.3701
vn 0.1340 0.9882 0.0739
vn 0.0047 0.9959 0.0906
vn 0.0034 0.9983 0.0588
vn -0.0492 -0.0524 -0.9974
vn -0.0595 -0.3709 -0.9268
vn -0.1134 0.9809 -0.1581
vn 0.0051 0.1169 0.9931
vn 0.0229 -0.1131 -0.9933
vn -0.0044 0.1451 0.9894
vn 0.0014 -0.9997 0.0264
vn -0.0024 -0.9560 0.2934
vn 0.0114 0.5758 -0.8175
vn 0.0540 -0.9903 0.1280
vn -0.0299 0.3808 0.9242
vn -0.0831 0.9930 -0.0842
vn -0.0132 0.1690 0.9855
vn -0.0227 0.9915 -0.1282
vn 0.0077 0.0009 1.0000
vn -0.1349 0.2388 0.9617
vn -0.0178 -0.2776 0.9605
vn -0.2478 0.9646 0.0908
vn 0.0807 0.9800 -0.1820
vn -0.8983 0.2671 -0.3488
vn 0.8658 -0.4249 0.2642
vn -0.8006 0.3007 -0.5183
vn 0.8626 -0.4758 0.1718
vn -0.8208 0.0492 -0.5691
vn -0.0050 1.0000 0.0001
vn 0.9991 0.0310 0.0280
vn 0.9564 0.0018 0.2919
vn -0.2668 0.8495 -0.4552
vn 0.9031 0.4282 -0.0317
vn 0.2524 0.8210 -0.5121
vn 0.1294 0.8612 -0.4914
vn -0.0038 0.9922 -0.1245
vn -0.9973 -0.0046 -0.0731
vn -0.8741 -0.4858 0.0020
vn 0.8803 -0.4744 -0.0041
vn 0.0383 -0.9964 0.0757
vn -0.9600 0.2545 -0.1168
vn -0.9130 -0.4074 0.0238
vn -0.0361 -0.9961 0.0800
vn 0.9639 0.2632 0.0398
vn 0.0008 1.0000 0.0069
vn 0.8257 -0.5638 -0.0194
vn 0.9072 -0.4198 -0.0261
vn 0.9998 0.0194 0.0028
vn 0.8638 -0.3865 0.3231
vn 0.2291 -0.6010 -0.7657
vn -0.8981 0.1657 -0.4073
vn -0.5777 -0.2399 -0.7802
vn -0.2311 0.5832 0.7788
vn 0.2751 -0.6167 -0.7376
vn 0.5869 0.0825 0.8055
vn -0.3115 0.6166 0.7231
vn 0.3712 0.8718 -0.3198
vn 0.3670 0.5677 -0.7369
vn 0.4576 0.4284 -0.7792
vn 0.1267 0.8258 -0.5495
vn 0.6052 0.1843 -0.7745
vn 0.5025 0.6881 -0.5235
vn 0.1927 0.9591 -0.2072
vn 0.3630 0.7442 -0.5607
vn 0.4331 0.7815 -0.4491
vn 0.5428 0.7099 -0.4487
vn 0.3654 0.4214 -0.8300
vn 0.4241 0.8584 -0.2885
vn -0.8043 0.4386 0.4010
vn 0.1751 -0.6278 -0.7584
vn 0.6917 0.3451 0.6344
vn 0.1137 0.7201 0.6845
vn -0.0057 0.6843 -0.7292
vn 0.0294 0.6595 -0.7511
vn -0.0214 0.5565 -0.8306
vn -0.0210 0.5414 -0.8405
vn -0.0440 0.5500 -0.8340
vn -0.0300 0.6408 0.7671
vn -0.9559 0.2910 0.0405
vn 0.0322 -0.3151 -0.9485
vn -0.8735 0.3196 -0.3672
vn -0.6721 0.7359 -0.0821
vn -0.1176 0.9824 0.1455
vn 0.5405 0.7966 0.2706
vn 0.8876 0.3872 0.2495
vn 0.8295 -0.4193 0.3689
vn 0.3316 -0.2200 -0.9174
vn 0.1280 -0.9684 0.2139
vn -0.5022 -0.0799 0.8610
vn -0.5479 0.3227 0.7718
vn 0.3316 -0.1614 -0.9295
vn 0.3678 -0.2045 -0.9072
vn 0.0540 0.0536 0.9971
vn -0.3899 -0.8951 0.2163
vn 0.9321 -0.0960 0.3493
vn 0.8896 0.3816 0.2512
vn 0.3301 -0.0857 -0.9400
vn -0.1735 -0.8379 -0.5176
vn -0.0142 0.3647 0.9310
vn 0.0015 -0.4042 -0.9147
vn -0.8924 0.0936 -0.4415
vn 0.8679 0.1436 -0.4755
vn 0.5846 -0.7708 -0.2533
vn -0.6653 -0.7394 0.1035
vn -0.9734 -0.2289 0.0023
vn -0.3241 -0.8262 0.4607
vn -0.0637 -0.9857 0.1561
vn 0.0630 -0.8924 0.4469
vn 0.6710 -0.6708 0.3160
vn 0.9256 -0.3298 0.1857
vn 0.8638 -0.4879 0.1256
vn 0.9953 -0.0101 -0.0961
vn 0.9851 0.1688 0.0319
vn 0.6066 0.6536 -0.4526
vn 0.7499 0.6614 -0.0165
vn -0.0768 0.8602 -0.5042
vn -0.0895 0.9809 -0.1727
vn -0.6604 0.6492 -0.3774
vn -0.6435 0.7408 -0.1928
vn -0.7795 0.5382 -0.3205
vn -0.9905 -0.0514 -0.1273
vn 0.2976 0.9246 0.2378
vn 0.0210 0.9795 -0.2002
vn -0.5031 -0.5888 -0.6326
vn -0.2978 -0.9246 -0.2377
vn 0.0590 -0.9919 -0.1126
vn -0.5836 0.7827 -0.2164
vn 0.5147 0.7730 0.3708
vn 0.0617 -0.9922 -0.1080
vn 0.3430 -0.8170 -0.4635
vn 0.0344 -0.5381 -0.8422
vn -0.5480 0.6600 -0.5139
vn -0.4922 0.8705 0.0067
vn -0.3181 0.8309 0.4565
vn -0.0238 0.5408 0.8408
vn 0.5570 -0.6569 0.5082
vn 0.5161 -0.8564 -0.0162
vn 0.9260 -0.3563 -0.1247
vn 0.8525 -0.2944 0.4320
vn -0.3294 0.1693 0.9289
vn -0.8082 -0.0978 0.5808
vn -0.7557 0.3038 0.5802
vn -0.9931 -0.0558 0.1028
vn -0.9302 0.3435 0.1291
vn -0.8553 0.2889 -0.4301
vn 0.3257 -0.1746 -0.9292
vn 0.7488 -0.3160 -0.5826
vn 0.0412 -0.9939 -0.1024
vn 0.0344 -0.9932 -0.1108
vn 0.1704 0.8518 -0.4953
vn 0.0432 -0.9922 -0.1172
vn -0.2638 0.6962 0.6676
vn 0.0551 -0.9936 -0.0991
vn 0.0559 -0.9918 -0.1153
vn -0.6113 0.7768 0.1514
vn -0.8435 -0.1094 0.5259
vn -0.9833 -0.0776 0.1647
vn -0.8796 -0.0070 -0.4758
vn -0.3537 0.0799 -0.9319
vn -0.3603 -0.1246 0.9245
vn 0.9842 0.0771 -0.1592
vn 0.3537 -0.0799 0.9319
vn 0.8795 0.0070 0.4758
vn 0.8406 0.1097 -0.5304
vn 0.3603 0.1246 -0.9245
vn -0.5460 0.7376 0.3973
vn 0.0606 -0.9934 -0.0979
vn 0.4487 0.8662 -0.2201
vn 0.0457 -0.9956 -0.0815
vn 0.2307 0.5959 0.7692
vn 0.0615 -0.9925 -0.1061
vn -0.2901 0.7337 -0.6144
vn 0.5129 0.8579 0.0320
vn 0.0436 -0.9920 -0.1182
vn 0.0607 -0.9934 -0.0975
vn -0.0118 -0.9327 -0.3604
vn 0.0596 0.9757 -0.2108
vn 0.0120 0.9334 0.3586
vn 0.3441 -0.0834 0.9352
vn 0.2114 0.9368 0.2786
vn 0.0335 0.9783 -0.2045
vn -0.1738 0.7175 -0.6746
vn 0.5570 -0.6569 0.5083
vn -0.8081 -0.0978 0.5808
vn -0.8820 0.0098 -0.4712
vn 0.5031 0.5888 0.6326
vn 0.8525 -0.2944 0.4321
vn -0.9302 0.3435 0.1292
vn 0.0377 -0.9941 -0.1021
vn 0.0551 -0.9936 -0.0990
vn -0.7497 -0.4950 0.4393
vn -0.7643 -0.4410 -0.4706
vn -0.3085 -0.2966 -0.9038
vn -0.3251 -0.4381 0.8381
vn 0.9799 -0.0951 -0.1752
vn 0.3571 -0.2739 0.8930
vn 0.8776 -0.1556 0.4534
vn 0.8337 -0.1024 -0.5426
vn 0.3584 -0.1795 -0.9161
vn 0.0606 -0.9934 -0.0978
vn 0.0606 -0.9934 -0.0975
vn 0.0618 -0.9922 -0.1080
vn 0.8820 -0.0098 0.4712
vn 0.0560 -0.9918 -0.1153
vn -0.7232 -0.6884 0.0560
vn -0.6809 -0.5824 -0.4441
vn -0.2871 -0.3974 -0.8716
vn -0.2353 -0.7552 0.6119
vn 0.8768 -0.4412 -0.1910
vn 0.3113 -0.6738 0.6702
vn 0.7512 -0.5714 0.3305
vn 0.7655 -0.3783 -0.5205
vn 0.3417 -0.3525 -0.8712
vn -0.1309 0.3089 0.9420
vn 0.1060 0.7589 0.6426
vn 0.1841 0.9796 0.0806
vn 0.2337 0.8315 -0.5041
vn -0.0120 0.4438 -0.8960
vn 0.1805 -0.7425 -0.6451
vn 0.0438 -0.8752 0.4817
vn 0.8285 0.3691 0.4212
vn 0.9777 -0.1787 0.1101
vn -0.9665 -0.2201 -0.1322
vn -0.9433 -0.2772 -0.1826
vn 0.9498 0.1051 -0.2946
vn -0.0477 0.7579 0.6506
vn -0.0302 -0.2586 -0.9655
vn 0.0188 0.3422 0.9395
vn 0.8497 0.5165 -0.1062
vn -0.9665 -0.2199 -0.1324
vn 0.8322 0.4927 -0.2543
vn -0.1178 -0.9491 -0.2920
vn -0.4153 -0.6648 -0.6209
vn -0.5302 -0.6955 -0.4849
vn 0.8980 0.4345 -0.0697
vn 0.3974 0.1766 0.9005
vn -0.5981 0.3792 0.7060
vn -0.9873 -0.1422 -0.0702
vn -0.2923 -0.1524 0.9441
vn 0.8650 -0.4524 -0.2172
vn 0.4157 -0.1991 0.8875
vn 0.0384 -0.8176 0.5745
vn -0.1667 -0.9829 -0.0786
vn -0.2329 -0.9377 -0.2580
vn -0.9385 -0.1261 0.3213
vn -0.4667 -0.3067 -0.8296
vn -0.9898 0.0204 0.1407
vn -0.5349 0.1045 -0.8384
vn -0.7821 0.5827 0.2208
vn -0.2591 0.9146 -0.3105
vn -0.0079 0.9491 0.3150
vn -0.0074 0.9911 0.1327
vn 0.7250 0.6864 0.0565
vn 0.2035 0.7439 0.6366
vn 0.7007 0.6723 0.2390
vn 0.4047 -0.0361 0.9137
vn 0.9013 0.3602 -0.2405
vn 0.6511 0.7421 -0.1595
vn 0.1880 0.9108 -0.3674
vn -0.5368 0.8340 -0.1274
vn -0.9868 0.0939 0.1323
vn -0.7300 -0.6827 0.0317
vn 0.6022 -0.7826 -0.1580
vn 0.3146 -0.9489 0.0265
vn 0.2457 0.5030 0.8286
vn 0.3800 0.8396 0.3881
vn -0.1727 0.5752 -0.7996
vn -0.9524 -0.1530 0.2637
vn 0.9636 -0.0263 -0.2659
vn -0.9613 0.0480 0.2714
vn 0.9882 0.1191 -0.0963
vn 0.9006 -0.3495 -0.2585
vn -0.9740 0.0118 0.2262
vn 0.9864 -0.1542 -0.0561
vn 0.9390 0.2203 -0.2642
vn -0.9662 0.0587 0.2508
vn -0.9662 0.0585 0.2509
vn 0.8947 0.1325 -0.4266
vn -0.9663 0.0586 0.2509
vn -0.9470 -0.1867 0.2616
vn -0.9548 -0.1206 0.2716
vn 0.9630 -0.0516 -0.2644
vn 0.9641 0.0129 -0.2654
vn -0.3786 0.2749 0.8838
vn -0.4692 0.8715 0.1427
vn -0.7650 0.3354 -0.5498
vn -0.4148 -0.9032 0.1099
vn 0.2968 -0.4516 0.8414
vn 0.2561 -0.8956 0.3637
vn 0.1680 -0.9841 -0.0577
vn 0.0252 -0.8682 -0.4956
vn -0.1697 -0.3933 -0.9036
vn -0.3825 0.1568 -0.9105
vn -0.2318 0.2269 -0.9459
vn -0.7326 0.6707 -0.1159
vn -0.6909 0.6941 0.2022
vn 0.0413 0.5322 0.8456
vn 0.2192 0.6984 0.6813
vn 0.1454 0.3007 0.9426
vn -0.8087 -0.0601 0.5852
vn -0.8877 -0.0945 -0.4506
vn 0.3821 -0.2580 0.8874
vn -0.0756 -0.9933 -0.0876
vn -0.0642 0.0917 0.9937
vn 0.1685 0.7608 0.6267
vn 0.8643 0.4670 -0.1867
vn -0.1619 -0.6279 0.7613
vn 0.0657 -0.9843 0.1641
vn 0.6787 -0.6895 0.2529
vn 0.0505 -0.9974 0.0519
vn 0.0986 -0.5261 0.8447
vn 0.1068 -0.9247 0.3655
vn 0.4443 -0.8109 0.3808
vn 0.2784 -0.9413 -0.1907
vn 0.5684 -0.8179 -0.0891
vn 0.1065 -0.5272 0.8430
vn -0.9871 -0.1487 0.0597
vn 0.9893 -0.1353 -0.0550
vn 0.9975 -0.0658 -0.0269
vn -0.9734 -0.2172 0.0735
vn 0.9999 0.0046 -0.0141
vn 0.9996 -0.0261 -0.0051
vn -0.9999 -0.0004 0.0110
vn -1.0000 -0.0012 0.0047
vn 0.9980 -0.0584 -0.0260
vn 0.9993 -0.0217 -0.0293
vn -1.0000 0.0037 0.0022
vn -1.0000 0.0008 0.0028
vn 1.0000 -0.0033 -0.0077
vn 0.9998 0.0098 -0.0187
vn -0.9999 0.0099 0.0128
vn 0.9899 -0.0841 -0.1142
vn -0.9999 -0.0091 0.0055
vn 0.9856 0.1091 -0.1289
vn -0.9998 -0.0193 0.0054
vn 0.9975 0.0016 -0.0709
vn -0.9999 0.0003 0.0149
vn 0.9934 0.0020 -0.1146
vn 0.9934 0.0020 -0.1148
vn -0.9999 0.0033 0.0149
vn -0.9969 -0.0221 0.0753
vn -0.0007 -1.0000 -0.0000
vn 0.0054 -1.0000 -0.0003
vn -0.0011 -1.0000 -0.0000
vn 0.0010 -1.0000 -0.0001
vn 0.0024 -1.0000 -0.0003
vn 0.0004 1.0000 -0.0050
vn 0.0007 1.0000 -0.0050
vn -0.0006 1.0000 0.0071
vn -0.0011 1.0000 0.0061
vn 0.0088 0.9999 0.0060
vn -0.0000 1.0000 0.0061
vn 0.0002 1.0000 0.0061
vn 0.7266 0.6864 0.0302
vt 0.204280 0.057595
vt 0.203666 0.057767
vt 0.203649 0.057695
vt 0.149314 0.171824
vt 0.149550 0.171827
vt 0.149402 0.172031
vt 0.182510 0.174766
vt 0.182197 0.174478
vt 0.182604 0.174333
vt 0.157276 0.168380
vt 0.156990 0.168176
vt 0.157201 0.167806
vt 0.066140 0.886945
vt 0.065767 0.886341
vt 0.066099 0.886319
vt 0.156354 0.168142
vt 0.157012 0.168557
vt 0.156365 0.168707
vt 0.168363 0.165718
vt 0.168800 0.165264
vt 0.168560 0.165931
vt 0.191279 0.125080
vt 0.192187 0.124371
vt 0.192151 0.125060
vt 0.160212 0.159296
vt 0.160789 0.159074
vt 0.160789 0.159294
vt 0.161414 0.171518
vt 0.160842 0.171957
vt 0.160724 0.171515
vt 0.401085 0.029329
vt 0.401868 0.029493
vt 0.401044 0.029838
vt 0.154154 0.172031
vt 0.154616 0.172746
vt 0.154623 0.172050
vt 0.313214 0.052114
vt 0.313567 0.052779
vt 0.313565 0.052098
vt 0.164773 0.187523
vt 0.164200 0.186977
vt 0.164775 0.186785
vt 0.057847 0.885982
vt 0.057198 0.886044
vt 0.057153 0.885625
vt 0.433610 0.935056
vt 0.434015 0.934356
vt 0.434022 0.935052
vt 0.150369 0.165819
vt 0.149619 0.165506
vt 0.150360 0.165497
vt 0.184164 0.174330
vt 0.183206 0.174141
vt 0.184187 0.173903
vt 0.065668 0.879874
vt 0.065404 0.880906
vt 0.065336 0.879899
vt 0.158704 0.164366
vt 0.159756 0.165155
vt 0.159593 0.165264
vt 0.309555 0.051043
vt 0.309268 0.051248
vt 0.309342 0.050674
vt 0.158014 0.163610
vt 0.158626 0.164117
vt 0.201381 0.058235
vt 0.201079 0.058238
vt 0.201087 0.058143
vt 0.169770 0.164125
vt 0.170380 0.163618
vt 0.169691 0.164375
vt 0.183139 0.174459
vt 0.158732 0.159436
vt 0.158118 0.159390
vt 0.158726 0.159299
vt 0.202645 0.058207
vt 0.201386 0.058332
vt 0.170276 0.159400
vt 0.169662 0.159443
vt 0.169668 0.159307
vt 0.156931 0.171827
vt 0.157167 0.171824
vt 0.157078 0.172031
vt 0.156325 0.171825
vt 0.156932 0.171576
vt 0.167605 0.159074
vt 0.168182 0.159298
vt 0.167605 0.159294
vt 0.219534 0.058073
vt 0.220370 0.057938
vt 0.220374 0.058042
vt 0.203600 0.057299
vt 0.202603 0.057216
vt 0.203610 0.057201
vt 0.203858 0.057279
vt 0.203855 0.057182
vt 0.156941 0.171089
vt 0.156325 0.171574
vt 0.156330 0.171087
vt 0.203630 0.058045
vt 0.202623 0.058111
vt 0.154873 0.170154
vt 0.155718 0.168702
vt 0.155718 0.170155
vt 0.168638 0.165156
vt 0.159900 0.159311
vt 0.160212 0.159076
vt 0.318562 0.091734
vt 0.319870 0.092269
vt 0.319877 0.091819
vt 0.160895 0.167248
vt 0.160147 0.168352
vt 0.159989 0.167141
vt 0.152388 0.172717
vt 0.153153 0.172245
vt 0.152395 0.172145
vt 0.167122 0.170443
vt 0.167671 0.171514
vt 0.166980 0.171513
vt 0.328654 0.073535
vt 0.327618 0.074187
vt 0.327776 0.073578
vt 0.065732 0.879459
vt 0.065329 0.879067
vt 0.065795 0.879044
vt 0.314146 0.068602
vt 0.314663 0.067195
vt 0.314662 0.068593
vt 0.433437 0.939957
vt 0.434019 0.939176
vt 0.434018 0.939965
vt 0.318292 0.035707
vt 0.317414 0.034750
vt 0.318449 0.034646
vt 0.184099 0.061380
vt 0.184557 0.060340
vt 0.184565 0.061383
vt 0.293283 0.048150
vt 0.293736 0.047542
vt 0.293868 0.048309
vt 0.180687 0.182264
vt 0.179977 0.180917
vt 0.180622 0.180884
vt 0.441638 0.834449
vt 0.442411 0.833832
vt 0.442408 0.834457
vt 0.435178 0.942973
vt 0.435914 0.942056
vt 0.435896 0.943209
vt 0.161959 0.169867
vt 0.161675 0.170510
vt 0.161571 0.169804
vt 0.161934 0.167080
vt 0.161540 0.168159
vt 0.161415 0.167164
vt 0.150183 0.096544
vt 0.149432 0.097039
vt 0.149458 0.096335
vt 0.157259 0.169870
vt 0.156996 0.170159
vt 0.165762 0.159078
vt 0.166602 0.159294
vt 0.165762 0.159298
vt 0.162632 0.166172
vt 0.161792 0.165770
vt 0.162632 0.165709
vt 0.201267 0.528300
vt 0.201133 0.528953
vt 0.201066 0.528962
vt 0.948381 0.595747
vt 0.948305 0.596106
vt 0.948305 0.595747
vt 0.579996 0.828287
vt 0.579711 0.828707
vt 0.579689 0.828629
vt 0.682286 0.587889
vt 0.682348 0.587330
vt 0.682349 0.587893
vt 0.162632 0.159296
vt 0.161792 0.159074
vt 0.162632 0.159076
vt 0.196388 0.525956
vt 0.195900 0.526583
vt 0.196357 0.525901
vt 0.162727 0.135539
vt 0.161884 0.135936
vt 0.161884 0.135473
vt 0.174992 0.107425
vt 0.174273 0.108060
vt 0.174273 0.107211
vt 0.175836 0.108032
vt 0.174992 0.108042
vt 0.163477 0.159405
vt 0.164197 0.159089
vt 0.164197 0.159590
vt 0.163477 0.159079
vt 0.399002 0.026864
vt 0.399839 0.026691
vt 0.399839 0.027090
vt 0.948305 0.593915
vt 0.948380 0.594293
vt 0.948305 0.594294
vt 0.148732 0.101805
vt 0.147948 0.101980
vt 0.147938 0.101516
vt 0.165009 0.172339
vt 0.165781 0.172872
vt 0.165049 0.172852
vt 0.301716 0.113617
vt 0.302411 0.113397
vt 0.302409 0.113817
vt 0.165784 0.157292
vt 0.166557 0.156873
vt 0.166556 0.157507
vt 0.429867 0.898937
vt 0.428960 0.898230
vt 0.429647 0.898239
vt 0.424182 0.916012
vt 0.425053 0.915319
vt 0.425089 0.916016
vt 0.328654 0.072978
vt 0.327935 0.072351
vt 0.328654 0.072129
vt 0.163477 0.166175
vt 0.163477 0.165558
vt 0.149281 0.171195
vt 0.149486 0.170157
vt 0.149541 0.171089
vt 0.164197 0.159099
vt 0.164917 0.159408
vt 0.164197 0.159600
vt 0.164917 0.159083
vt 0.155718 0.171088
vt 0.154873 0.171086
vt 0.156357 0.170157
vt 0.150153 0.171087
vt 0.150764 0.170155
vt 0.150765 0.171085
vt 0.175151 0.108652
vt 0.174274 0.109174
vt 0.174274 0.108617
vt 0.161859 0.136640
vt 0.161358 0.137166
vt 0.161199 0.136556
vt 0.434357 0.834843
vt 0.433535 0.835596
vt 0.433534 0.834844
vt 0.187168 0.058036
vt 0.186465 0.057554
vt 0.187235 0.057550
vt 0.437036 0.900833
vt 0.437914 0.899870
vt 0.437913 0.900889
vt 0.436384 0.900728
vt 0.436879 0.899773
vt 0.183400 0.056631
vt 0.182634 0.057105
vt 0.182607 0.056627
vt 0.186924 0.059081
vt 0.186469 0.058039
vt 0.180107 0.182280
vt 0.179370 0.181365
vt 0.318944 0.035600
vt 0.318925 0.034447
vt 0.183451 0.056012
vt 0.182539 0.056012
vt 0.326392 0.073873
vt 0.327142 0.074367
vt 0.326535 0.074783
vt 0.327116 0.073666
vt 0.690650 0.582108
vt 0.690587 0.581549
vt 0.690650 0.581545
vt 0.162690 0.172303
vt 0.163345 0.172850
vt 0.162613 0.172872
vt 0.200865 0.527580
vt 0.201338 0.528258
vt 0.192955 0.124361
vt 0.193055 0.125048
vt 0.177220 0.060314
vt 0.178042 0.059561
vt 0.178043 0.060313
vt 0.197481 0.122915
vt 0.195654 0.125003
vt 0.194708 0.121968
vt 0.189046 0.058034
vt 0.189748 0.057547
vt 0.189747 0.058035
vt 0.183791 0.059853
vt 0.184565 0.059242
vt 0.184561 0.059858
vt 0.192128 0.125061
vt 0.192055 0.122273
vt 0.293810 0.050080
vt 0.293283 0.049365
vt 0.293869 0.049312
vt 0.188978 0.057549
vt 0.189749 0.056921
vt 0.186459 0.056929
vt 0.187282 0.056925
vt 0.433561 0.941559
vt 0.434018 0.940754
vt 0.434017 0.941543
vt 0.433548 0.940756
vt 0.183516 0.060828
vt 0.182752 0.061320
vt 0.182746 0.060832
vt 0.445790 0.835165
vt 0.445333 0.834125
vt 0.446032 0.834120
vt 0.327402 0.047208
vt 0.326709 0.048260
vt 0.326701 0.047215
vt 0.434357 0.833629
vt 0.433534 0.833629
vt 0.441945 0.835982
vt 0.442405 0.834942
vt 0.442411 0.835986
vt 0.189812 0.058169
vt 0.190640 0.057584
vt 0.189767 0.058512
vt 0.434358 0.832888
vt 0.433535 0.832888
vt 0.189812 0.058755
vt 0.190668 0.059465
vt 0.189846 0.059464
vt 0.183129 0.058154
vt 0.183362 0.057112
vt 0.161959 0.168694
vt 0.161526 0.168864
vt 0.161959 0.169281
vt 0.161548 0.169334
vt 0.177219 0.058346
vt 0.177219 0.059561
vt 0.176947 0.059865
vt 0.176116 0.060451
vt 0.176117 0.059866
vt 0.167499 0.167246
vt 0.168251 0.168358
vt 0.167392 0.168325
vt 0.161421 0.171921
vt 0.160967 0.172391
vt 0.161092 0.169034
vt 0.160233 0.169062
vt 0.151712 0.172069
vt 0.193048 0.129440
vt 0.196260 0.129291
vt 0.156208 0.119642
vt 0.177083 0.100844
vt 0.171672 0.121603
vt 0.435720 0.832314
vt 0.435111 0.831714
vt 0.435720 0.831270
vt 0.188160 0.059585
vt 0.188757 0.060147
vt 0.188157 0.060570
vt 0.186792 0.059640
vt 0.187686 0.060758
vt 0.186646 0.060880
vt 0.187687 0.059590
vt 0.437094 0.832289
vt 0.436198 0.831076
vt 0.437240 0.830990
vt 0.436198 0.832314
vt 0.179120 0.124593
vt 0.190391 0.118044
vt 0.191367 0.129853
vt 0.183522 0.107650
vt 0.198078 0.129226
vt 0.199644 0.126982
vt 0.200712 0.129540
vt 0.197438 0.125830
vt 0.177046 0.166664
vt 0.168682 0.152942
vt 0.176336 0.151252
vt 0.185652 0.158419
vt 0.189104 0.147328
vt 0.435720 0.834869
vt 0.436198 0.833825
vt 0.436198 0.835063
vt 0.437094 0.833852
vt 0.437240 0.835150
vt 0.187395 0.059367
vt 0.187084 0.059375
vt 0.435111 0.834425
vt 0.435720 0.833825
vt 0.434993 0.832461
vt 0.199659 0.139294
vt 0.197360 0.136010
vt 0.199200 0.135367
vt 0.196672 0.132530
vt 0.198634 0.132225
vt 0.201662 0.136942
vt 0.201937 0.134045
vt 0.201323 0.131754
vt 0.188175 0.057151
vt 0.187689 0.058138
vt 0.187690 0.056974
vt 0.187688 0.058864
vt 0.186791 0.058124
vt 0.186646 0.056886
vt 0.163170 0.138536
vt 0.161511 0.136773
vt 0.161612 0.136799
vt 0.188793 0.057562
vt 0.188172 0.058132
vt 0.188166 0.058859
vt 0.188886 0.059441
vt 0.198096 0.141301
vt 0.193759 0.136513
vt 0.436787 0.833616
vt 0.436507 0.833618
vt 0.441706 0.834935
vt 0.183858 0.060335
vt 0.176947 0.059279
vt 0.176084 0.058582
vt 0.176996 0.058582
vt 0.446099 0.833638
vt 0.445325 0.833026
vt 0.446148 0.833021
vt 0.445329 0.833643
vt 0.189812 0.057583
vt 0.190678 0.056886
vt 0.176946 0.060451
vt 0.176091 0.061161
vt 0.178043 0.057605
vt 0.178042 0.058346
vt 0.182740 0.060206
vt 0.183562 0.060206
vt 0.189284 0.059079
vt 0.189749 0.059080
vt 0.151704 0.172761
vt 0.152380 0.173478
vt 0.151820 0.177314
vt 0.152380 0.179253
vt 0.152503 0.177327
vt 0.151010 0.173528
vt 0.151018 0.172780
vt 0.151010 0.179200
vt 0.150937 0.177743
vt 0.192341 0.069256
vt 0.193931 0.069051
vt 0.193932 0.069520
vt 0.167044 0.194177
vt 0.166270 0.193544
vt 0.167042 0.193544
vt 0.166270 0.188811
vt 0.167042 0.188262
vt 0.167042 0.188811
vt 0.174368 0.126794
vt 0.175059 0.126161
vt 0.175061 0.126581
vt 0.303384 0.112071
vt 0.302691 0.111169
vt 0.303384 0.111169
vt 0.946926 0.592766
vt 0.947002 0.592462
vt 0.947002 0.592769
vt 0.074506 0.876753
vt 0.074547 0.875616
vt 0.074611 0.876747
vt 0.184600 0.191279
vt 0.183764 0.190880
vt 0.184600 0.190880
vt 0.075460 0.874532
vt 0.075344 0.876405
vt 0.075344 0.874535
vt 0.682283 0.584556
vt 0.682349 0.583897
vt 0.682349 0.584556
vt 0.065645 0.870836
vt 0.065671 0.868808
vt 0.065755 0.870832
vt 0.573981 0.832157
vt 0.574061 0.832630
vt 0.573980 0.832639
vt 0.165429 0.188811
vt 0.166270 0.188262
vt 0.191307 0.077439
vt 0.189716 0.076969
vt 0.191166 0.076961
vt 0.190744 0.068868
vt 0.192340 0.068754
vt 0.192340 0.068880
vt 0.186760 0.071866
vt 0.188306 0.071186
vt 0.188306 0.072023
vt 0.184017 0.060142
vt 0.178888 0.070442
vt 0.177577 0.059561
vt 0.153147 0.172712
vt 0.153158 0.177330
vt 0.149483 0.175476
vt 0.149728 0.173567
vt 0.152280 0.165801
vt 0.154195 0.165495
vt 0.154193 0.165801
vt 0.217534 0.058149
vt 0.215531 0.058121
vt 0.217530 0.058045
vt 0.210943 0.059099
vt 0.211347 0.059012
vt 0.211358 0.059089
vt 0.154067 0.171084
vt 0.152416 0.171568
vt 0.152416 0.171082
vt 0.153393 0.105652
vt 0.151741 0.106142
vt 0.151741 0.105655
vt 0.150764 0.168702
vt 0.152416 0.170151
vt 0.065842 0.882477
vt 0.065736 0.880884
vt 0.154067 0.168700
vt 0.152416 0.168700
vt 0.151134 0.106144
vt 0.151741 0.106393
vt 0.151134 0.106395
vt 0.154873 0.171821
vt 0.155718 0.171572
vt 0.155718 0.171823
vt 0.201341 0.057278
vt 0.201038 0.057302
vt 0.201340 0.057181
vt 0.218506 0.058008
vt 0.218510 0.058112
vt 0.209843 0.057458
vt 0.210245 0.057567
vt 0.209832 0.057531
vt 0.159716 0.159152
vt 0.191308 0.070708
vt 0.189712 0.071495
vt 0.189712 0.070716
vt 0.186716 0.076324
vt 0.188306 0.076670
vt 0.186716 0.076964
vt 0.057801 0.879582
vt 0.057153 0.879642
vt 0.057847 0.879150
vt 0.057781 0.884337
vt 0.057107 0.885205
vt 0.057087 0.884131
vt 0.164338 0.194185
vt 0.164772 0.193543
vt 0.164773 0.194281
vt 0.164278 0.188810
vt 0.164772 0.188261
vt 0.164824 0.188810
vt 0.154147 0.172730
vt 0.154608 0.173501
vt 0.312756 0.049452
vt 0.313206 0.051359
vt 0.313225 0.049448
vt 0.155091 0.196583
vt 0.155032 0.197318
vt 0.155023 0.196582
vt 0.155091 0.190848
vt 0.155032 0.190113
vt 0.155101 0.190114
vt 0.310180 0.051572
vt 0.310827 0.050975
vt 0.310827 0.051570
vt 0.154873 0.168078
vt 0.154873 0.168701
vt 0.183079 0.115822
vt 0.183392 0.115411
vt 0.183486 0.116145
vt 0.182367 0.176411
vt 0.182008 0.175692
vt 0.182416 0.175499
vt 0.211048 0.058300
vt 0.211961 0.058366
vt 0.211051 0.058403
vt 0.203887 0.058045
vt 0.203647 0.058142
vt 0.205887 0.058490
vt 0.206626 0.058570
vt 0.205892 0.058593
vt 0.182985 0.115216
vt 0.183210 0.113631
vt 0.181848 0.178994
vt 0.182320 0.177280
vt 0.182233 0.179060
vt 0.152416 0.168050
vt 0.155057 0.195604
vt 0.155123 0.195605
vt 0.155154 0.194673
vt 0.155089 0.192760
vt 0.155154 0.192758
vt 0.154139 0.173489
vt 0.154627 0.175412
vt 0.154158 0.175407
vt 0.154627 0.177322
vt 0.164274 0.193543
vt 0.164771 0.192471
vt 0.164355 0.189333
vt 0.164873 0.189334
vt 0.057773 0.881483
vt 0.057093 0.880825
vt 0.057787 0.880555
vt 0.057079 0.881685
vt 0.192486 0.073703
vt 0.193934 0.070903
vt 0.193934 0.073573
vt 0.189715 0.075006
vt 0.191165 0.074999
vt 0.213535 0.058302
vt 0.212691 0.058232
vt 0.213532 0.058199
vt 0.210180 0.058335
vt 0.208406 0.058511
vt 0.208402 0.058408
vt 0.206621 0.058467
vt 0.153393 0.106390
vt 0.154067 0.171819
vt 0.152416 0.171819
vt 0.066716 0.884834
vt 0.067058 0.883231
vt 0.067058 0.884829
vt 0.066040 0.885434
vt 0.065510 0.882499
vt 0.150117 0.168704
vt 0.150125 0.170157
vt 0.309285 0.052735
vt 0.309533 0.051422
vt 0.309549 0.053025
vt 0.168678 0.159157
vt 0.168494 0.159315
vt 0.215535 0.058225
vt 0.155131 0.165496
vt 0.155126 0.165810
vt 0.155108 0.198061
vt 0.155101 0.197318
vt 0.152399 0.175403
vt 0.153139 0.173474
vt 0.153158 0.175402
vt 0.066716 0.879383
vt 0.067015 0.878851
vt 0.067057 0.879378
vt 0.054516 0.882088
vt 0.054172 0.882268
vt 0.054172 0.881965
vt 0.066716 0.885844
vt 0.067058 0.886253
vt 0.066716 0.886259
vt 0.192075 0.059235
vt 0.196421 0.070910
vt 0.190679 0.070231
vt 0.192342 0.070773
vt 0.193933 0.069989
vt 0.154112 0.060720
vt 0.159658 0.070945
vt 0.155884 0.072715
vt 0.203231 0.059087
vt 0.197514 0.059096
vt 0.068065 0.879243
vt 0.067722 0.878901
vt 0.068065 0.878778
vt 0.069690 0.878239
vt 0.070032 0.877774
vt 0.070032 0.878242
vt 0.063845 0.883482
vt 0.063504 0.883887
vt 0.063503 0.883479
vt 0.060662 0.874656
vt 0.061006 0.874906
vt 0.060665 0.874905
vt 0.165430 0.193544
vt 0.166269 0.192471
vt 0.165429 0.192471
vt 0.166269 0.189335
vt 0.067633 0.868990
vt 0.067522 0.869892
vt 0.067522 0.868988
vt 0.065481 0.866740
vt 0.065370 0.868808
vt 0.065370 0.866742
vt 0.061760 0.871634
vt 0.061813 0.871872
vt 0.061698 0.871861
vt 0.061545 0.872291
vt 0.061490 0.871872
vt 0.061605 0.871861
vt 0.075429 0.873856
vt 0.075313 0.873860
vt 0.075396 0.877793
vt 0.075460 0.876408
vt 0.174365 0.125089
vt 0.174904 0.125089
vt 0.174365 0.121952
vt 0.175058 0.122641
vt 0.167041 0.192472
vt 0.167041 0.189335
vt 0.063719 0.880268
vt 0.063375 0.880593
vt 0.063375 0.880146
vt 0.054516 0.875738
vt 0.054172 0.875582
vt 0.054516 0.875422
vt 0.067229 0.883378
vt 0.066884 0.883530
vt 0.066885 0.883240
vt 0.055985 0.881137
vt 0.056246 0.880863
vt 0.056256 0.881233
vt 0.186909 0.074532
vt 0.188306 0.072820
vt 0.188306 0.074454
vt 0.191308 0.069479
vt 0.189712 0.069486
vt 0.191309 0.072262
vt 0.191309 0.071487
vt 0.188306 0.076087
vt 0.067034 0.878790
vt 0.067378 0.878480
vt 0.067378 0.878937
vt 0.067722 0.879268
vt 0.067378 0.878913
vt 0.067722 0.878790
vt 0.063844 0.882061
vt 0.063503 0.880459
vt 0.063845 0.880462
vt 0.067058 0.885839
vt 0.151820 0.175413
vt 0.151697 0.173513
vt 0.150084 0.175416
vt 0.165100 0.192471
vt 0.165151 0.189334
vt 0.165101 0.193543
vt 0.165101 0.188261
vt 0.165126 0.188811
vt 0.196180 0.527284
vt 0.196326 0.527969
vt 0.196113 0.527276
vt 0.166846 0.169331
vt 0.167212 0.169736
vt 0.166823 0.169800
vt 0.151115 0.097791
vt 0.150591 0.098327
vt 0.150577 0.097622
vt 0.151704 0.179968
vt 0.152395 0.180716
vt 0.152388 0.180014
vt 0.149834 0.180037
vt 0.151025 0.180518
vt 0.151018 0.179948
vt 0.434604 0.940808
vt 0.434604 0.939806
vt 0.434662 0.941576
vt 0.181267 0.180062
vt 0.181658 0.179265
vt 0.181845 0.180067
vt 0.181267 0.180851
vt 0.181848 0.180876
vt 0.181696 0.174369
vt 0.181270 0.173673
vt 0.181848 0.173679
vt 0.154969 0.172082
vt 0.154967 0.172762
vt 0.310986 0.052139
vt 0.311752 0.052728
vt 0.311745 0.052146
vt 0.181847 0.182263
vt 0.181120 0.178485
vt 0.181700 0.178465
vt 0.434664 0.939037
vt 0.434017 0.942941
vt 0.434597 0.942957
vt 0.166719 0.170506
vt 0.166854 0.168156
vt 0.166979 0.167162
vt 0.168182 0.159078
vt 0.167104 0.159294
vt 0.167104 0.159074
vt 0.157201 0.171195
vt 0.161290 0.166170
vt 0.160788 0.165797
vt 0.161290 0.165784
vt 0.946850 0.592462
vt 0.946926 0.592459
vt 0.682349 0.585216
vt 0.682283 0.584556
vt 0.161290 0.159074
vt 0.161290 0.159294
vt 0.167606 0.165795
vt 0.167104 0.166167
vt 0.167104 0.165781
vt 0.166820 0.171822
vt 0.161182 0.169740
vt 0.160486 0.170522
vt 0.160325 0.169767
vt 0.057075 0.881130
vt 0.056814 0.880843
vt 0.057075 0.880771
vt 0.061600 0.877851
vt 0.061256 0.878169
vt 0.061256 0.877723
vt 0.054273 0.881746
vt 0.054464 0.880445
vt 0.054470 0.881742
vt 0.061844 0.882518
vt 0.061498 0.882226
vt 0.061841 0.882223
vt 0.153139 0.179258
vt 0.154158 0.177326
vt 0.163162 0.171178
vt 0.162685 0.170993
vt 0.161734 0.172135
vt 0.162078 0.170572
vt 0.148955 0.100644
vt 0.149427 0.101765
vt 0.147920 0.100766
vt 0.161574 0.171826
vt 0.149432 0.100456
vt 0.150383 0.101596
vt 0.161272 0.170448
vt 0.161137 0.169387
vt 0.160279 0.169415
vt 0.400861 0.028167
vt 0.401879 0.029033
vt 0.151949 0.093037
vt 0.159893 0.091216
vt 0.434501 0.937045
vt 0.434338 0.935052
vt 0.181118 0.176422
vt 0.181698 0.176417
vt 0.192342 0.074705
vt 0.193932 0.074956
vt 0.192341 0.075220
vt 0.191164 0.073037
vt 0.189713 0.072269
vt 0.054140 0.880160
vt 0.054121 0.880449
vt 0.054516 0.876054
vt 0.054172 0.875885
vt 0.066716 0.880270
vt 0.067057 0.880265
vt 0.193933 0.074019
vt 0.192415 0.074192
vt 0.186716 0.070309
vt 0.188306 0.070020
vt 0.188306 0.070603
vt 0.181085 0.112101
vt 0.180433 0.110412
vt 0.181337 0.110399
vt 0.181768 0.112319
vt 0.182095 0.110395
vt 0.431962 0.913225
vt 0.431018 0.911617
vt 0.431925 0.911621
vt 0.313073 0.044216
vt 0.312082 0.042644
vt 0.312954 0.042656
vt 0.180303 0.176283
vt 0.180874 0.174360
vt 0.180711 0.176353
vt 0.430587 0.913538
vt 0.431270 0.913319
vt 0.185755 0.070348
vt 0.433538 0.937104
vt 0.434020 0.937114
vt 0.059416 0.885790
vt 0.058144 0.886139
vt 0.058111 0.885835
vt 0.180395 0.112013
vt 0.179560 0.110431
vt 0.157257 0.165858
vt 0.157526 0.166183
vt 0.157222 0.166142
vt 0.184676 0.181052
vt 0.184099 0.179173
vt 0.184762 0.179133
vt 0.201435 0.052901
vt 0.202474 0.052966
vt 0.201438 0.053006
vt 0.184676 0.181863
vt 0.184142 0.181174
vt 0.211365 0.059017
vt 0.211773 0.059073
vt 0.184120 0.176196
vt 0.184676 0.175296
vt 0.184720 0.176278
vt 0.184762 0.177214
vt 0.149216 0.165858
vt 0.149630 0.165856
vt 0.184676 0.174484
vt 0.184676 0.173673
vt 0.205527 0.052677
vt 0.206561 0.052530
vt 0.206566 0.052635
vt 0.056538 0.881130
vt 0.056267 0.880848
vt 0.056538 0.880771
vt 0.203257 0.057834
vt 0.203240 0.057761
vt 0.151129 0.105657
vt 0.161288 0.165604
vt 0.061697 0.880983
vt 0.061500 0.880986
vt 0.067034 0.879268
vt 0.067378 0.879395
vt 0.154873 0.171570
vt 0.164105 0.159715
vt 0.163504 0.159530
vt 0.149551 0.171576
vt 0.326715 0.103945
vt 0.325846 0.103634
vt 0.326704 0.103779
vt 0.408689 0.889769
vt 0.408062 0.890083
vt 0.407970 0.889961
vt 0.323615 0.120223
vt 0.324454 0.120124
vt 0.324458 0.120288
vt 0.164585 0.123717
vt 0.165456 0.123399
vt 0.165430 0.123565
vt 0.212249 0.047631
vt 0.212119 0.046903
vt 0.212183 0.046895
vt 0.312751 0.081884
vt 0.313444 0.081931
vt 0.313470 0.082098
vt 0.061765 0.882985
vt 0.061889 0.883877
vt 0.061761 0.884000
vt 0.184224 0.189560
vt 0.184599 0.188969
vt 0.184600 0.189902
vt 0.183434 0.185570
vt 0.183028 0.186966
vt 0.183030 0.184868
vt 0.183434 0.190459
vt 0.183030 0.191160
vt 0.183767 0.185570
vt 0.183764 0.185148
vt 0.184225 0.190175
vt 0.183767 0.190459
vt 0.184225 0.185853
vt 0.184600 0.185148
vt 0.184599 0.187059
vt 0.184224 0.187055
vt 0.184224 0.188973
vt 0.183029 0.190086
vt 0.183434 0.189696
vt 0.183433 0.188969
vt 0.183433 0.187059
vt 0.069491 0.877860
vt 0.069451 0.875762
vt 0.069491 0.875763
vt 0.073627 0.869641
vt 0.073671 0.871668
vt 0.073587 0.869641
vt 0.069606 0.877094
vt 0.069645 0.876040
vt 0.069645 0.877094
vt 0.069494 0.874738
vt 0.069534 0.874739
vt 0.073547 0.869641
vt 0.073503 0.871668
vt 0.073463 0.871667
vt 0.073627 0.867570
vt 0.073587 0.867569
vt 0.069539 0.879959
vt 0.069452 0.877861
vt 0.073628 0.866580
vt 0.073668 0.866581
vt 0.183551 0.184074
vt 0.183030 0.183715
vt 0.183764 0.183900
vt 0.183243 0.192032
vt 0.183764 0.192129
vt 0.183030 0.192314
vt 0.183551 0.184453
vt 0.183764 0.184524
vt 0.183243 0.184713
vt 0.183030 0.184291
vt 0.183243 0.184355
vt 0.183551 0.191198
vt 0.183764 0.191505
vt 0.183551 0.191576
vt 0.183030 0.191737
vt 0.183243 0.191674
vt 0.183551 0.184831
vt 0.166467 0.172401
vt 0.166830 0.172766
vt 0.166576 0.172807
vt 0.161927 0.172404
vt 0.161564 0.172766
vt 0.182238 0.184600
vt 0.181982 0.184287
vt 0.182237 0.184158
vt 0.182774 0.184156
vt 0.165989 0.172485
vt 0.165704 0.172299
vt 0.162405 0.172488
vt 0.162357 0.172844
vt 0.182237 0.191871
vt 0.181982 0.192323
vt 0.181982 0.191741
vt 0.182774 0.191428
vt 0.182774 0.191873
vt 0.182238 0.191428
vt 0.181982 0.184868
vt 0.166660 0.172130
vt 0.163205 0.173880
vt 0.162574 0.173672
vt 0.163386 0.173672
vt 0.163407 0.183602
vt 0.162979 0.183856
vt 0.162829 0.183648
vt 0.160238 0.184921
vt 0.160958 0.184498
vt 0.160262 0.184955
vt 0.411052 0.958297
vt 0.411263 0.959090
vt 0.410792 0.958388
vt 0.163766 0.180010
vt 0.164003 0.179011
vt 0.164025 0.180035
vt 0.163832 0.177427
vt 0.163917 0.176599
vt 0.164091 0.177402
vt 0.314158 0.071225
vt 0.313849 0.069795
vt 0.314112 0.069913
vt 0.411052 0.954287
vt 0.411009 0.953487
vt 0.411184 0.953498
vt 0.163832 0.178216
vt 0.163744 0.179008
vt 0.164091 0.178209
vt 0.411052 0.952709
vt 0.410792 0.951884
vt 0.411051 0.951921
vt 0.410792 0.952687
vt 0.155462 0.173880
vt 0.156007 0.173672
vt 0.156188 0.173880
vt 0.161529 0.173881
vt 0.160655 0.173674
vt 0.161592 0.173673
vt 0.156564 0.183648
vt 0.157055 0.183901
vt 0.156413 0.183857
vt 0.162251 0.183693
vt 0.161788 0.183872
vt 0.161719 0.183667
vt 0.156913 0.173880
vt 0.158737 0.173674
vt 0.158768 0.173885
vt 0.160624 0.173882
vt 0.157143 0.183693
vt 0.158128 0.183829
vt 0.161213 0.183641
vt 0.158180 0.183622
vt 0.410835 0.956339
vt 0.411052 0.956292
vt 0.163832 0.183017
vt 0.163621 0.183808
vt 0.158235 0.119299
vt 0.155208 0.120897
vt 0.154732 0.117346
vt 0.210659 0.119709
vt 0.207822 0.124893
vt 0.206218 0.119351
vt 0.190666 0.124741
vt 0.187068 0.121437
vt 0.190527 0.115524
vt 0.199948 0.122679
vt 0.195469 0.126006
vt 0.198722 0.076688
vt 0.191689 0.078394
vt 0.191612 0.074312
vt 0.197565 0.109042
vt 0.189036 0.110671
vt 0.193720 0.106328
vt 0.202035 0.085040
vt 0.208219 0.073682
vt 0.201502 0.113159
vt 0.203387 0.109072
vt 0.182257 0.101876
vt 0.215216 0.077302
vt 0.212951 0.073956
vt 0.210525 0.110927
vt 0.212683 0.109312
vt 0.158120 0.078714
vt 0.155127 0.076337
vt 0.158829 0.074628
vt 0.157592 0.111443
vt 0.154338 0.113787
vt 0.154226 0.110248
vt 0.157551 0.085972
vt 0.154474 0.079936
vt 0.160172 0.105972
vt 0.154194 0.086840
vt 0.206178 0.085673
vt 0.212728 0.090551
vt 0.208234 0.106583
vt 0.183259 0.086209
vt 0.185859 0.078473
vt 0.189320 0.094103
vt 0.181495 0.095712
vt 0.197631 0.090619
vt 0.195737 0.080714
vt 0.200645 0.097969
vt 0.160802 0.090129
vt 0.164909 0.081188
vt 0.165136 0.113741
vt 0.166325 0.108784
vt 0.171825 0.074757
vt 0.161853 0.119921
vt 0.158913 0.123327
vt 0.434561 0.934977
vt 0.434673 0.934357
vt 0.434654 0.935052
vt 0.165336 0.187471
vt 0.165433 0.186775
vt 0.165431 0.187518
vt 0.180723 0.174285
vt 0.180612 0.173674
vt 0.180707 0.173673
vt 0.165334 0.193639
vt 0.165431 0.194286
vt 0.165336 0.194333
vt 0.164867 0.193639
vt 0.165101 0.193639
vt 0.165334 0.188166
vt 0.165101 0.188166
vt 0.420360 0.969611
vt 0.420266 0.970301
vt 0.420265 0.969563
vt 0.181168 0.174285
vt 0.181117 0.174360
vt 0.434116 0.934977
vt 0.434110 0.934356
vt 0.164867 0.188166
vt 0.164869 0.187475
vt 0.434338 0.934977
vt 0.180946 0.174285
vt 0.434747 0.934981
vt 0.434764 0.934360
vt 0.165520 0.188170
vt 0.165522 0.187474
vt 0.180538 0.174289
vt 0.180630 0.174360
vt 0.166181 0.187515
vt 0.166274 0.186869
vt 0.166272 0.187565
vt 0.435302 0.934983
vt 0.435513 0.934359
vt 0.435412 0.935055
vt 0.179982 0.174292
vt 0.179772 0.173678
vt 0.179863 0.173683
vt 0.421014 0.969613
vt 0.420924 0.970311
vt 0.420923 0.969568
vt 0.166179 0.193635
vt 0.166272 0.194240
vt 0.166181 0.194289
vt 0.166179 0.188171
vt 0.165430 0.188261
vt 0.179872 0.174364
vt 0.060826 0.854504
vt 0.061724 0.852480
vt 0.061723 0.854504
vt 0.061724 0.857557
vt 0.060826 0.856570
vt 0.061723 0.856570
vt 0.065645 0.864714
vt 0.065712 0.865755
vt 0.065602 0.865751
vt 0.065440 0.865751
vt 0.065329 0.865755
vt 0.067713 0.868989
vt 0.067823 0.869892
vt 0.067713 0.869893
vt 0.065397 0.870836
vt 0.065481 0.868810
vt 0.065561 0.868810
vt 0.065671 0.866742
vt 0.072012 0.865627
vt 0.071936 0.867640
vt 0.071937 0.865543
vt 0.072909 0.865627
vt 0.072982 0.867640
vt 0.072908 0.867654
vt 0.072012 0.871752
vt 0.072984 0.871837
vt 0.071937 0.871837
vt 0.072984 0.865543
vt 0.071936 0.870763
vt 0.072012 0.870715
vt 0.072012 0.867653
vt 0.071936 0.869739
vt 0.072908 0.870715
vt 0.072982 0.869739
vt 0.072983 0.870763
vt 0.072908 0.869726
vt 0.069646 0.876039
vt 0.069606 0.874985
vt 0.069646 0.874983
vt 0.070242 0.881797
vt 0.070203 0.880895
vt 0.070242 0.880893
vt 0.070163 0.881797
vt 0.070203 0.881798
vt 0.073909 0.869738
vt 0.073861 0.871837
vt 0.073821 0.871835
vt 0.073506 0.866581
vt 0.073503 0.865543
vt 0.073546 0.866580
vt 0.073866 0.866618
vt 0.073861 0.865543
vt 0.073906 0.866616
vt 0.073547 0.867570
vt 0.073587 0.869641
vt 0.073949 0.867640
vt 0.073949 0.869739
vt 0.061715 0.871624
vt 0.066171 0.866728
vt 0.066176 0.866110
vt 0.066211 0.866726
vt 0.075505 0.874531
vt 0.075505 0.876409
vt 0.066204 0.869232
vt 0.066244 0.867312
vt 0.066244 0.869234
vt 0.075442 0.877796
vt 0.075396 0.873147
vt 0.075474 0.873854
vt 0.066176 0.870436
vt 0.066136 0.870434
vt 0.074442 0.873733
vt 0.074432 0.873178
vt 0.074473 0.873180
vt 0.074442 0.875619
vt 0.074401 0.873732
vt 0.060091 0.871378
vt 0.060115 0.871874
vt 0.060044 0.871379
vt 0.061749 0.851535
vt 0.061967 0.850153
vt 0.061975 0.851535
vt 0.062338 0.850399
vt 0.062337 0.851530
vt 0.062338 0.853962
vt 0.061975 0.853405
vt 0.062337 0.853410
vt 0.061971 0.854080
vt 0.061749 0.853405
vt 0.061542 0.871634
vt 0.061430 0.871664
vt 0.074506 0.872599
vt 0.074578 0.873184
vt 0.074547 0.873736
vt 0.061757 0.872290
vt 0.061872 0.872274
vt 0.074323 0.876543
vt 0.074399 0.876006
vt 0.074400 0.876592
vt 0.073672 0.872719
vt 0.073589 0.874088
vt 0.073590 0.872597
vt 0.073672 0.877371
vt 0.073932 0.877492
vt 0.073590 0.877493
vt 0.073932 0.872598
vt 0.073918 0.872719
vt 0.073918 0.877370
vt 0.074401 0.877208
vt 0.074401 0.872882
vt 0.074324 0.872965
vt 0.074399 0.874084
vt 0.074322 0.874100
vt 0.074322 0.875989
vt 0.073590 0.876729
vt 0.073671 0.876661
vt 0.073671 0.875984
vt 0.073671 0.874106
vt 0.065495 0.874135
vt 0.065482 0.873406
vt 0.065528 0.873408
vt 0.065563 0.877535
vt 0.065449 0.876047
vt 0.065495 0.876045
vt 0.061587 0.871624
vt 0.061652 0.871862
vt 0.065449 0.874134
vt 0.061940 0.871959
vt 0.061917 0.871624
vt 0.061987 0.871960
vt 0.061711 0.872301
vt 0.061652 0.871862
vt 0.060116 0.871044
vt 0.060161 0.871053
vt 0.061591 0.872302
vt 0.061917 0.872453
vt 0.061872 0.872440
vt 0.074465 0.876755
vt 0.074401 0.875621
vt 0.684892 0.585515
vt 0.685447 0.586167
vt 0.684790 0.586178
vt 0.682814 0.583165
vt 0.682155 0.583815
vt 0.682155 0.583127
vt 0.576833 0.828202
vt 0.577253 0.828707
vt 0.576833 0.828687
vt 0.192154 0.513507
vt 0.192691 0.513957
vt 0.192153 0.513967
vt 0.701750 0.530794
vt 0.701967 0.530138
vt 0.701972 0.530794
vt 0.952821 0.593376
vt 0.953129 0.593095
vt 0.953129 0.593473
vt 0.954412 0.595496
vt 0.953996 0.596000
vt 0.953934 0.595464
vt 0.686101 0.586061
vt 0.685448 0.585514
vt 0.686101 0.585506
vt 0.955750 0.592427
vt 0.956059 0.592688
vt 0.955750 0.592805
vt 0.577958 0.840787
vt 0.578494 0.840333
vt 0.578495 0.840792
vt 0.683473 0.583126
vt 0.682814 0.582434
vt 0.683473 0.582440
vt 0.199401 0.527791
vt 0.199167 0.527066
vt 0.199401 0.527067
vt 0.701492 0.530802
vt 0.701265 0.530138
vt 0.701499 0.530138
vt 0.199167 0.527790
vt 0.198933 0.528518
vt 0.198933 0.527792
vt 0.957798 0.597742
vt 0.958082 0.598162
vt 0.957739 0.597746
vt 0.948305 0.593537
vt 0.948380 0.593158
vt 0.948380 0.593537
vt 0.205563 0.530197
vt 0.205625 0.529974
vt 0.205625 0.530196
vt 0.202623 0.511808
vt 0.202713 0.511382
vt 0.202776 0.511393
vt 0.684546 0.580433
vt 0.684057 0.581050
vt 0.684515 0.580379
vt 0.948381 0.595389
vt 0.948305 0.595030
vt 0.948381 0.595030
vt 0.205687 0.530420
vt 0.205625 0.530196
vt 0.205687 0.530197
vt 0.201851 0.513091
vt 0.201782 0.512645
vt 0.201914 0.513085
vt 0.685569 0.583663
vt 0.685433 0.584318
vt 0.685367 0.584331
vt 0.955938 0.591283
vt 0.955862 0.590975
vt 0.955938 0.590973
vt 0.580388 0.828595
vt 0.580055 0.828312
vt 0.580112 0.828300
vt 0.685165 0.582947
vt 0.685639 0.583615
vt 0.947002 0.592769
vt 0.947078 0.592461
vt 0.947078 0.592771
vt 0.956888 0.599743
vt 0.957221 0.599459
vt 0.956908 0.599821
vt 0.184762 0.181662
vt 0.185252 0.182289
vt 0.185180 0.182331
vt 0.687218 0.584425
vt 0.687353 0.585075
vt 0.687151 0.584417
vt 0.200189 0.528966
vt 0.200328 0.529655
vt 0.200122 0.528956
vt 0.570285 0.835448
vt 0.570200 0.835008
vt 0.570348 0.835437
vt 0.686467 0.583076
vt 0.686949 0.583706
vt 0.686876 0.583747
vt 0.200391 0.527580
vt 0.199916 0.528257
vt 0.200361 0.527525
vt 0.570555 0.835876
vt 0.570629 0.835448
vt 0.570693 0.835454
vt 0.687415 0.583076
vt 0.686949 0.583757
vt 0.687383 0.583022
vt 0.185038 0.182986
vt 0.184971 0.182995
vt 0.569629 0.840533
vt 0.569555 0.841068
vt 0.569555 0.840528
vt 0.684337 0.581763
vt 0.684483 0.582453
vt 0.684270 0.581752
vt 0.202208 0.529421
vt 0.202141 0.529187
vt 0.202208 0.529187
vt 0.200438 0.517627
vt 0.200511 0.518161
vt 0.200438 0.518166
vt 0.686739 0.584363
vt 0.686672 0.584371
vt 0.205812 0.526978
vt 0.205879 0.526744
vt 0.205879 0.526978
vt 0.953413 0.598828
vt 0.953333 0.599300
vt 0.953333 0.598819
vt 0.061915 0.877413
vt 0.062140 0.878273
vt 0.061849 0.878420
vt 0.065808 0.886967
vt 0.065495 0.886486
vt 0.065799 0.875952
vt 0.066079 0.876179
vt 0.065798 0.876268
vt 0.065625 0.875516
vt 0.066080 0.875780
vt 0.061922 0.876581
vt 0.062204 0.876870
vt 0.061919 0.876997
vt 0.065112 0.880760
vt 0.065056 0.879913
vt 0.061448 0.884481
vt 0.061728 0.884500
vt 0.061961 0.880028
vt 0.061743 0.880013
vt 0.065490 0.885471
vt 0.065708 0.885456
vt 0.065333 0.879483
vt 0.065047 0.879357
vt 0.065151 0.883101
vt 0.065625 0.883370
vt 0.064875 0.883397
vt 0.060128 0.884975
vt 0.059848 0.884138
vt 0.060129 0.884040
vt 0.180283 0.183812
vt 0.179440 0.183747
vt 0.179442 0.183706
vt 0.065292 0.882514
vt 0.060720 0.878929
vt 0.060998 0.879108
vt 0.060720 0.879392
vt 0.060594 0.884975
vt 0.060778 0.885156
vt 0.060313 0.885156
vt 0.065502 0.878778
vt 0.064867 0.882918
vt 0.065143 0.882623
vt 0.060720 0.885745
vt 0.060998 0.885564
vt 0.060998 0.886030
vt 0.061456 0.876559
vt 0.061285 0.876270
vt 0.061749 0.876292
vt 0.053327 0.879438
vt 0.053143 0.879619
vt 0.052862 0.879438
vt 0.065143 0.876263
vt 0.064859 0.876451
vt 0.064867 0.875968
vt 0.176813 0.195425
vt 0.176603 0.195217
vt 0.176591 0.195177
vt 0.067229 0.877446
vt 0.066884 0.877271
vt 0.067228 0.877143
vt 0.063846 0.877495
vt 0.063504 0.877492
vt 0.061844 0.882515
vt 0.062190 0.882226
vt 0.062186 0.882517
vt 0.061990 0.879469
vt 0.062186 0.878227
vt 0.062186 0.879471
vt 0.067722 0.878456
vt 0.068065 0.878312
vt 0.056538 0.881138
vt 0.056791 0.880858
vt 0.056803 0.881228
vt 0.063719 0.879801
vt 0.063375 0.879699
vt 0.067074 0.878643
vt 0.066885 0.877561
vt 0.055337 0.880875
vt 0.054995 0.881213
vt 0.054994 0.880771
vt 0.066885 0.882653
vt 0.067229 0.882412
vt 0.065798 0.882619
vt 0.066078 0.882309
vt 0.066079 0.882708
vt 0.065842 0.877562
vt 0.066078 0.876577
vt 0.066123 0.877556
vt 0.065885 0.880392
vt 0.065798 0.882302
vt 0.065885 0.878495
vt 0.066166 0.880399
vt 0.061548 0.882971
vt 0.065151 0.875785
vt 0.065546 0.875805
vt 0.065799 0.882935
vt 0.065546 0.883081
vt 0.058144 0.878993
vt 0.059445 0.878749
vt 0.059432 0.878961
vt 0.060720 0.886208
vt 0.060222 0.886475
vt 0.060076 0.886190
vt 0.058059 0.884334
vt 0.058052 0.881486
vt 0.058065 0.880566
vt 0.058079 0.885532
vt 0.058111 0.879297
vt 0.061489 0.883855
vt 0.057801 0.885550
vt 0.066080 0.883107
vt 0.052677 0.879620
vt 0.052396 0.879438
vt 0.062212 0.876314
vt 0.060998 0.886495
vt 0.064859 0.882435
vt 0.065135 0.882145
vt 0.686529 0.585020
vt 0.686467 0.584995
vt 0.684128 0.581097
vt 0.184825 0.183683
vt 0.184762 0.183659
vt 0.201989 0.513513
vt 0.202046 0.513525
vt 0.202861 0.510953
vt 0.202929 0.510978
vt 0.199167 0.528511
vt 0.199401 0.528516
vt 0.683474 0.583813
vt 0.682814 0.583164
vt 0.952821 0.593734
vt 0.953129 0.593852
vt 0.192156 0.513048
vt 0.192691 0.513502
vt 0.421673 0.969571
vt 0.421765 0.970217
vt 0.421674 0.970226
vt 0.165520 0.193635
vt 0.420827 0.969615
vt 0.420829 0.970309
vt 0.172128 0.070482
vt 0.212505 0.070040
vt 0.207720 0.070634
vt 0.411477 0.958884
vt 0.411905 0.959139
vt 0.156818 0.173672
vt 0.182774 0.184600
vt 0.181982 0.183706
vt 0.182236 0.183716
vt 0.183243 0.183996
vt 0.155546 0.081858
vt 0.146380 0.084569
vt 0.150527 0.106146
vt 0.184186 0.182443
vt 0.184676 0.182674
vt 0.181814 0.192009
vt 0.181558 0.191864
vt 0.181856 0.192009
vt 0.154147 0.180004
vt 0.154139 0.179245
vt 0.067378 0.878456
vt 0.067722 0.878312
vt 0.195972 0.526624
vt 0.310188 0.053025
vt 0.182197 0.181859
vt 0.182510 0.181575
vt 0.182604 0.182008
vt 0.067229 0.881492
vt 0.066885 0.878707
vt 0.310191 0.051009
vt 0.061268 0.874780
vt 0.061612 0.875102
vt 0.061268 0.875247
vt 0.419692 0.970108
vt 0.188306 0.077253
vt 0.186716 0.077603
vt 0.183139 0.181742
vt 0.183206 0.182201
vt 0.150527 0.106397
vt 0.328561 0.071962
vt 0.068047 0.878973
vt 0.068388 0.877642
vt 0.068388 0.878954
vt 0.430554 0.902282
vt 0.429859 0.902077
vt 0.430552 0.901863
vt 0.422537 0.970093
vt 0.421763 0.969522
vt 0.422535 0.969460
vt 0.192342 0.069771
vt 0.328236 0.046719
vt 0.327511 0.046101
vt 0.328333 0.046101
vt 0.177776 0.060451
vt 0.176914 0.061161
vt 0.446732 0.834115
vt 0.446870 0.833632
vt 0.446971 0.833015
vt 0.177821 0.059279
vt 0.177860 0.058582
vt 0.441006 0.834929
vt 0.151697 0.179217
vt 0.177798 0.059865
vt 0.199116 0.119935
vt 0.200848 0.123626
vt 0.435181 0.832888
vt 0.441480 0.835977
vt 0.435180 0.834843
vt 0.435180 0.833628
vt 0.327637 0.048250
vt 0.328102 0.047201
vt 0.446256 0.835161
vt 0.327466 0.046723
vt 0.192599 0.120408
vt 0.195759 0.119480
vt 0.435181 0.835595
vt 0.061942 0.878165
vt 0.061600 0.878313
vt 0.948380 0.594672
vt 0.948305 0.594672
vt 0.399002 0.027489
vt 0.399839 0.027489
vt 0.948380 0.595389
vt 0.948305 0.595389
vt 0.440868 0.834442
vt 0.441588 0.833824
vt 0.061007 0.877723
vt 0.060662 0.877973
vt 0.060665 0.877724
vt 0.153147 0.180020
vt 0.167606 0.166167
vt 0.184164 0.182015
vt 0.069690 0.879758
vt 0.069349 0.880397
vt 0.069349 0.879740
vt 0.207199 0.052613
vt 0.207194 0.052508
vt 0.209198 0.057480
vt 0.209207 0.057407
vt 0.304924 0.092875
vt 0.305401 0.093618
vt 0.305393 0.092862
vt 0.313563 0.051359
vt 0.313592 0.049448
vt 0.163745 0.123778
vt 0.164596 0.123551
vt 0.057893 0.878856
vt 0.064875 0.875489
vt 0.065966 0.878755
vt 0.066261 0.879021
vt 0.059847 0.885156
vt 0.060998 0.879574
vt 0.060720 0.879854
vt 0.065798 0.876584
vt 0.570762 0.835008
vt 0.570831 0.835032
vt 0.570438 0.835863
vt 0.570497 0.835866
vt 0.199987 0.528300
vt 0.687021 0.583799
vt 0.685228 0.585022
vt 0.685165 0.584999
vt 0.948305 0.594672
vt 0.948381 0.594672
vt 0.948305 0.593915
vt 0.948380 0.593915
vt 0.198933 0.527067
vt 0.577958 0.841241
vt 0.578496 0.841251
vt 0.955750 0.592048
vt 0.956059 0.592329
vt 0.682156 0.582439
vt 0.165524 0.186777
vt 0.164870 0.186784
vt 0.157704 0.115274
vt 0.197567 0.115297
vt 0.181107 0.114683
vt 0.162338 0.183899
vt 0.163930 0.173880
vt 0.164197 0.173672
vt 0.182774 0.192317
vt 0.181982 0.191160
vt 0.183243 0.191315
vt 0.183551 0.191954
vt 0.061004 0.875301
vt 0.060662 0.875300
vt 0.184142 0.175172
vt 0.186716 0.070948
vt 0.059416 0.879344
vt 0.193931 0.075426
vt 0.192340 0.075735
vt 0.181814 0.185050
vt 0.181558 0.185202
vt 0.181519 0.185202
vt 0.167912 0.170526
vt 0.212413 0.051452
vt 0.212252 0.049544
vt 0.212339 0.049540
vt 0.212439 0.052385
vt 0.212388 0.053361
vt 0.212356 0.052385
vt 0.061697 0.880226
vt 0.061413 0.881370
vt 0.207559 0.057338
vt 0.205926 0.057473
vt 0.205918 0.057401
vt 0.167552 0.171955
vt 0.167427 0.172390
vt 0.312745 0.052129
vt 0.057198 0.879222
vt 0.205119 0.057496
vt 0.205129 0.057568
vt 0.063846 0.876608
vt 0.063546 0.876077
vt 0.063846 0.875979
vt 0.151025 0.172331
vt 0.060531 0.884040
vt 0.184600 0.191678
vt 0.168161 0.169062
vt 0.167302 0.169031
vt 0.167257 0.169384
vt 0.168073 0.169771
vt 0.188820 0.059078
vt 0.176396 0.058347
vt 0.177220 0.057606
vt 0.188938 0.057583
vt 0.189766 0.056886
vt 0.183158 0.060330
vt 0.176396 0.059561
vt 0.183608 0.058159
vt 0.184079 0.057118
vt 0.189023 0.059464
vt 0.188960 0.058169
vt 0.188005 0.057547
vt 0.188105 0.056921
vt 0.188208 0.057552
vt 0.188927 0.056928
vt 0.183020 0.059847
vt 0.183742 0.059236
vt 0.188346 0.058033
vt 0.176397 0.060314
vt 0.184207 0.056635
vt 0.184316 0.056012
vt 0.187390 0.059079
vt 0.187868 0.058033
vt 0.165782 0.157988
vt 0.166554 0.157988
vt 0.302408 0.114099
vt 0.200927 0.529648
vt 0.200865 0.529624
vt 0.183634 0.061376
vt 0.070049 0.877776
vt 0.069518 0.879563
vt 0.070049 0.878711
vt 0.202589 0.057314
vt 0.066716 0.883236
vt 0.203106 0.052837
vt 0.202471 0.052861
vt 0.164302 0.187619
vt 0.061698 0.879469
vt 0.061502 0.878229
vt 0.061844 0.878225
vt 0.182103 0.175085
vt 0.156751 0.167925
vt 0.309793 0.050793
vt 0.160031 0.165719
vt 0.159830 0.165931
vt 0.160788 0.166170
vt 0.156904 0.167732
vt 0.157237 0.167062
vt 0.309639 0.050600
vt 0.149422 0.167005
vt 0.149280 0.167806
vt 0.149121 0.167062
vt 0.156936 0.167005
vt 0.156854 0.165506
vt 0.157614 0.165518
vt 0.156340 0.167903
vt 0.155718 0.168108
vt 0.155706 0.167872
vt 0.150776 0.167872
vt 0.150764 0.168108
vt 0.149718 0.172823
vt 0.149768 0.177523
vt 0.149070 0.166183
vt 0.149374 0.166142
vt 0.154864 0.167843
vt 0.152420 0.167815
vt 0.154067 0.168050
vt 0.152277 0.165495
vt 0.310204 0.050771
vt 0.149820 0.179294
vt 0.156105 0.165819
vt 0.156843 0.165856
vt 0.414398 0.891907
vt 0.414307 0.893327
vt 0.414340 0.891904
vt 0.411955 0.889659
vt 0.412289 0.889800
vt 0.411978 0.889783
vt 0.157649 0.161540
vt 0.157859 0.162961
vt 0.157819 0.163030
vt 0.159878 0.159437
vt 0.414342 0.889959
vt 0.413448 0.889927
vt 0.413435 0.889803
vt 0.061883 0.882988
vt 0.303310 0.062184
vt 0.304403 0.061082
vt 0.304442 0.061153
vt 0.157824 0.159589
vt 0.158718 0.159561
vt 0.157830 0.159712
vt 0.414485 0.890583
vt 0.414426 0.890578
vt 0.157741 0.160210
vt 0.157708 0.161537
vt 0.412266 0.889675
vt 0.414347 0.893397
vt 0.413504 0.894414
vt 0.160188 0.159422
vt 0.159786 0.165083
vt 0.158665 0.164046
vt 0.062079 0.880031
vt 0.162643 0.159422
vt 0.411378 0.889654
vt 0.411386 0.889778
vt 0.149243 0.171699
vt 0.149233 0.171200
vt 0.302806 0.474074
vt 0.301195 0.476351
vt 0.300322 0.475332
vt 0.315638 0.461002
vt 0.305489 0.462161
vt 0.305020 0.460996
vt 0.300594 0.464828
vt 0.299179 0.466429
vt 0.298282 0.464789
vt 0.299464 0.471303
vt 0.302031 0.471455
vt 0.313326 0.467411
vt 0.312169 0.465478
vt 0.313326 0.465411
vt 0.326112 0.462364
vt 0.316108 0.468227
vt 0.315795 0.462283
vt 0.313347 0.464435
vt 0.312299 0.463614
vt 0.313370 0.463411
vt 0.312367 0.469980
vt 0.313370 0.469412
vt 0.313392 0.470253
vt 0.330385 0.468011
vt 0.331142 0.462383
vt 0.312299 0.469205
vt 0.065173 0.882517
vt 0.161792 0.159294
vt 0.161289 0.159419
vt 0.161797 0.159419
vt 0.411378 0.896155
vt 0.412103 0.895916
vt 0.412135 0.896079
vt 0.301006 0.466181
vt 0.338741 0.470135
vt 0.335300 0.467706
vt 0.339533 0.467342
vt 0.307153 0.470331
vt 0.306518 0.467480
vt 0.311738 0.469812
vt 0.312233 0.464569
vt 0.311643 0.463739
vt 0.410876 0.889654
vt 0.410878 0.889778
vt 0.337841 0.476233
vt 0.334392 0.473893
vt 0.338511 0.474074
vt 0.316088 0.473577
vt 0.307001 0.476063
vt 0.306927 0.473893
vt 0.329657 0.475904
vt 0.325233 0.473577
vt 0.329820 0.472238
vt 0.316120 0.475752
vt 0.065039 0.880926
vt 0.311643 0.469078
vt 0.312169 0.467341
vt 0.311547 0.465519
vt 0.325699 0.468302
vt 0.325452 0.471220
vt 0.339274 0.471455
vt 0.336108 0.465715
vt 0.340279 0.466181
vt 0.336584 0.464709
vt 0.340686 0.464828
vt 0.160064 0.165556
vt 0.326289 0.461086
vt 0.331471 0.461164
vt 0.409523 0.889782
vt 0.408663 0.889893
vt 0.160780 0.165604
vt 0.324959 0.120302
vt 0.324962 0.120124
vt 0.400973 0.901555
vt 0.401011 0.902060
vt 0.400940 0.902184
vt 0.303035 0.062746
vt 0.303281 0.062111
vt 0.305178 0.465715
vt 0.303036 0.469855
vt 0.302291 0.467050
vt 0.304697 0.464709
vt 0.303483 0.476233
vt 0.342782 0.466429
vt 0.342999 0.464789
vt 0.341173 0.471303
vt 0.340128 0.476351
vt 0.340997 0.475332
vt 0.311738 0.463006
vt 0.312367 0.462699
vt 0.313392 0.462570
vt 0.410375 0.889654
vt 0.409535 0.889658
vt 0.207557 0.057411
vt 0.212691 0.058230
vt 0.211958 0.058263
vt 0.065365 0.886363
vt 0.065371 0.885474
vt 0.212468 0.053363
vt 0.212394 0.054098
vt 0.212169 0.047638
vt 0.054519 0.879861
vt 0.054175 0.878016
vt 0.054519 0.877964
vt 0.191916 0.067765
vt 0.192497 0.067892
vt 0.191916 0.067892
vt 0.159586 0.185440
vt 0.159555 0.185412
vt 0.186432 0.067765
vt 0.185853 0.067891
vt 0.185849 0.067765
vt 0.053327 0.878036
vt 0.053608 0.877583
vt 0.053608 0.878092
vt 0.435774 0.968196
vt 0.436606 0.968016
vt 0.436621 0.968055
vt 0.190283 0.067765
vt 0.188649 0.067892
vt 0.188649 0.067765
vt 0.187015 0.067892
vt 0.187015 0.067765
vt 0.191080 0.067892
vt 0.191080 0.067765
vt 0.186434 0.067892
vt 0.193083 0.067765
vt 0.192499 0.067765
vt 0.437310 0.967552
vt 0.437347 0.967572
vt 0.163926 0.174015
vt 0.164123 0.174511
vt 0.163877 0.174670
vt 0.181856 0.185050
vt 0.181814 0.184718
vt 0.181856 0.184718
vt 0.191308 0.068249
vt 0.189711 0.068130
vt 0.191308 0.068122
vt 0.181819 0.184456
vt 0.181856 0.184437
vt 0.434931 0.968260
vt 0.435768 0.968155
vt 0.217080 0.057576
vt 0.222509 0.069078
vt 0.217888 0.069484
vt 0.063504 0.876604
vt 0.413104 0.947448
vt 0.413123 0.947361
vt 0.413123 0.947413
vt 0.159238 0.186417
vt 0.159156 0.186167
vt 0.159276 0.186399
vt 0.432316 0.970747
vt 0.432556 0.970640
vt 0.432585 0.970669
vt 0.054280 0.883309
vt 0.054477 0.883304
vt 0.178439 0.183717
vt 0.177891 0.183893
vt 0.177865 0.183861
vt 0.177857 0.184130
vt 0.177874 0.184114
vt 0.061991 0.880226
vt 0.062187 0.880229
vt 0.157631 0.172300
vt 0.157612 0.172213
vt 0.157631 0.172166
vt 0.433931 0.968289
vt 0.433382 0.968113
vt 0.433936 0.968248
vt 0.163659 0.174215
vt 0.163638 0.174829
vt 0.411220 0.949371
vt 0.410958 0.949298
vt 0.410953 0.949163
vt 0.163664 0.174089
vt 0.162678 0.183442
vt 0.162163 0.183488
vt 0.156369 0.174089
vt 0.157008 0.174089
vt 0.411691 0.958679
vt 0.412056 0.958930
vt 0.163573 0.182929
vt 0.163193 0.183396
vt 0.411311 0.958209
vt 0.411311 0.956246
vt 0.158232 0.183516
vt 0.157230 0.183488
vt 0.158800 0.174093
vt 0.160592 0.174091
vt 0.161650 0.183504
vt 0.156715 0.183442
vt 0.161467 0.174090
vt 0.155729 0.174089
vt 0.411311 0.952734
vt 0.411310 0.951958
vt 0.163573 0.177452
vt 0.163573 0.178227
vt 0.163573 0.179004
vt 0.411311 0.954284
vt 0.411311 0.953509
vt 0.314374 0.070032
vt 0.163573 0.176673
vt 0.163573 0.179986
vt 0.163024 0.174089
vt 0.162479 0.173880
vt 0.224280 0.055491
vt 0.224508 0.055583
vt 0.224239 0.055524
vt 0.066676 0.881018
vt 0.066419 0.881125
vt 0.066415 0.881015
vt 0.068655 0.879405
vt 0.068559 0.879072
vt 0.068656 0.879072
vt 0.061004 0.877971
vt 0.060665 0.878367
vt 0.053106 0.880900
vt 0.053371 0.880986
vt 0.053109 0.880996
vt 0.479771 0.830773
vt 0.479992 0.830664
vt 0.480098 0.830760
vt 0.458284 0.832260
vt 0.458787 0.832383
vt 0.458275 0.832405
vt 0.206355 0.055154
vt 0.206896 0.054997
vt 0.206911 0.055140
vt 0.054172 0.881662
vt 0.054175 0.879832
vt 0.062632 0.879460
vt 0.062803 0.879148
vt 0.062726 0.879481
vt 0.054483 0.884603
vt 0.054140 0.884608
vt 0.061992 0.880983
vt 0.061848 0.882223
vt 0.203688 0.055251
vt 0.204502 0.055095
vt 0.204524 0.055218
vt 0.205326 0.055042
vt 0.205360 0.055187
vt 0.456115 0.832345
vt 0.456938 0.832438
vt 0.456120 0.832459
vt 0.455421 0.832474
vt 0.455417 0.832364
vt 0.456951 0.832314
vt 0.457764 0.832428
vt 0.205838 0.055026
vt 0.205857 0.055171
vt 0.202987 0.055180
vt 0.203685 0.055137
vt 0.054174 0.877124
vt 0.054517 0.877032
vt 0.458781 0.832239
vt 0.459333 0.832358
vt 0.181114 0.183992
vt 0.180277 0.183853
vt 0.432751 0.969001
vt 0.432806 0.969833
vt 0.432710 0.969007
vt 0.181130 0.183953
vt 0.432847 0.969837
vt 0.149909 0.150616
vt 0.152293 0.120289
vt 0.432018 0.966676
vt 0.431783 0.966767
vt 0.431763 0.966754
vt 0.432580 0.968184
vt 0.432621 0.968175
vt 0.054516 0.881772
vt 0.162452 0.183901
vt 0.162543 0.184135
vt 0.162429 0.183935
vt 0.434434 0.968254
vt 0.434432 0.968295
vt 0.161870 0.184019
vt 0.161420 0.184278
vt 0.161403 0.184240
vt 0.432471 0.967681
vt 0.432432 0.967694
vt 0.433356 0.968145
vt 0.433366 0.967896
vt 0.437347 0.967291
vt 0.437305 0.967291
vt 0.178941 0.183711
vt 0.178942 0.183753
vt 0.159115 0.186165
vt 0.161883 0.184058
vt 0.062313 0.880036
vt 0.062505 0.879736
vt 0.062409 0.880036
vt 0.153605 0.151865
vt 0.146380 0.175231
vt 0.432284 0.967203
vt 0.432008 0.966717
vt 0.063502 0.883070
vt 0.063502 0.882057
vt 0.449982 0.787325
vt 0.449600 0.787452
vt 0.449582 0.787333
vt 0.206222 0.056766
vt 0.207523 0.056599
vt 0.207532 0.056706
vt 0.208365 0.056726
vt 0.209877 0.056783
vt 0.208369 0.056831
vt 0.160189 0.163558
vt 0.159911 0.163307
vt 0.161795 0.160592
vt 0.161287 0.163557
vt 0.161287 0.160590
vt 0.163748 0.121566
vt 0.163749 0.123612
vt 0.205262 0.056948
vt 0.205259 0.056844
vt 0.585683 0.255891
vt 0.585498 0.255197
vt 0.585683 0.255073
vt 0.451638 0.784041
vt 0.453138 0.783868
vt 0.453183 0.784004
vt 0.288533 0.108135
vt 0.288022 0.106963
vt 0.288531 0.106963
vt 0.162642 0.160592
vt 0.163504 0.163562
vt 0.162642 0.163559
vt 0.160186 0.160594
vt 0.159915 0.160190
vt 0.448529 0.784160
vt 0.447920 0.784074
vt 0.448524 0.784057
vt 0.166057 0.121578
vt 0.165458 0.121569
vt 0.302877 0.060586
vt 0.303261 0.060335
vt 0.161794 0.163558
vt 0.286315 0.108143
vt 0.287176 0.106967
vt 0.287178 0.108140
vt 0.288025 0.108136
vt 0.312844 0.081716
vt 0.313444 0.080104
vt 0.164104 0.160603
vt 0.163504 0.160595
vt 0.410879 0.895964
vt 0.410372 0.893917
vt 0.410880 0.893917
vt 0.463144 0.785090
vt 0.463939 0.785152
vt 0.463148 0.785196
vt 0.203082 0.058006
vt 0.203871 0.057884
vt 0.203886 0.058007
vt 0.451182 0.787357
vt 0.449987 0.787431
vt 0.208898 0.056602
vt 0.208883 0.056492
vt 0.462102 0.785228
vt 0.462079 0.785099
vt 0.462784 0.782963
vt 0.461803 0.782867
vt 0.462794 0.782855
vt 0.410371 0.895964
vt 0.409525 0.893921
vt 0.313443 0.077139
vt 0.312843 0.076264
vt 0.313444 0.076073
vt 0.327396 0.082706
vt 0.328258 0.080877
vt 0.328255 0.082851
vt 0.202034 0.057948
vt 0.203078 0.057901
vt 0.411388 0.893917
vt 0.411977 0.893919
vt 0.160779 0.163556
vt 0.164595 0.121566
vt 0.412251 0.890553
vt 0.219037 0.052902
vt 0.218084 0.053075
vt 0.218058 0.052940
vt 0.205829 0.056681
vt 0.206216 0.056660
vt 0.412362 0.893668
vt 0.411979 0.890954
vt 0.582715 0.256001
vt 0.582530 0.255797
vt 0.582716 0.255745
vt 0.312844 0.077153
vt 0.409525 0.890955
vt 0.410371 0.890952
vt 0.325070 0.055301
vt 0.325933 0.052333
vt 0.325933 0.055299
vt 0.452660 0.787208
vt 0.451179 0.787250
vt 0.410880 0.890950
vt 0.453665 0.787191
vt 0.452657 0.787320
vt 0.209911 0.056645
vt 0.209900 0.056539
vt 0.157997 0.162906
vt 0.413389 0.894317
vt 0.414170 0.893272
vt 0.157948 0.159822
vt 0.159708 0.164848
vt 0.158779 0.163949
vt 0.159778 0.159566
vt 0.303358 0.061877
vt 0.412389 0.889929
vt 0.413425 0.890125
vt 0.157857 0.161528
vt 0.414158 0.891791
vt 0.158741 0.159709
vt 0.414219 0.890190
vt 0.414337 0.890081
vt 0.303396 0.060332
vt 0.159776 0.163303
vt 0.157890 0.160220
vt 0.414277 0.890587
vt 0.412385 0.890558
vt 0.159781 0.160194
vt 0.328140 0.478663
vt 0.322337 0.474659
vt 0.328294 0.468269
vt 0.327856 0.454030
vt 0.321075 0.450947
vt 0.327646 0.451880
vt 0.332641 0.452270
vt 0.333177 0.454704
vt 0.332909 0.471834
vt 0.332617 0.462404
vt 0.315281 0.475681
vt 0.320765 0.466507
vt 0.320581 0.474863
vt 0.315300 0.461426
vt 0.319809 0.457737
vt 0.308481 0.475080
vt 0.308481 0.455199
vt 0.314830 0.451063
vt 0.308595 0.478948
vt 0.315136 0.478161
vt 0.320117 0.477315
vt 0.321075 0.454814
vt 0.451634 0.783936
vt 0.204658 0.056977
vt 0.204631 0.056846
vt 0.055342 0.879790
vt 0.055166 0.879574
vt 0.055469 0.879575
vt 0.061678 0.886614
vt 0.061359 0.888211
vt 0.061360 0.886614
vt 0.064264 0.883054
vt 0.064707 0.881554
vt 0.064549 0.883248
vt 0.068281 0.880451
vt 0.068667 0.881353
vt 0.068221 0.881353
vt 0.056408 0.888211
vt 0.055653 0.886614
vt 0.056617 0.886614
vt 0.061676 0.892061
vt 0.061358 0.891175
vt 0.061676 0.891175
vt 0.056881 0.880898
vt 0.057169 0.879880
vt 0.057169 0.880793
vt 0.053375 0.877970
vt 0.053783 0.879460
vt 0.053238 0.878346
vt 0.056567 0.884645
vt 0.056090 0.883372
vt 0.056629 0.883265
vt 0.065756 0.884854
vt 0.064600 0.884410
vt 0.065758 0.884409
vt 0.066186 0.881536
vt 0.067775 0.882894
vt 0.066089 0.883053
vt 0.067777 0.884179
vt 0.066133 0.885687
vt 0.062456 0.880454
vt 0.062132 0.881357
vt 0.062071 0.880422
vt 0.066130 0.880569
vt 0.067775 0.881354
vt 0.055981 0.881951
vt 0.056757 0.880379
vt 0.056777 0.881657
vt 0.061209 0.885195
vt 0.061505 0.884783
vt 0.061592 0.885192
vt 0.056592 0.885122
vt 0.055957 0.884791
vt 0.059874 0.886614
vt 0.061678 0.885602
vt 0.061360 0.885600
vt 0.056617 0.885600
vt 0.055654 0.885600
vt 0.061360 0.879753
vt 0.061549 0.879575
vt 0.061676 0.879790
vt 0.056631 0.879753
vt 0.055772 0.879575
vt 0.056708 0.879531
vt 0.061676 0.892590
vt 0.061358 0.892061
vt 0.056407 0.892061
vt 0.055651 0.892590
vt 0.055651 0.892061
vt 0.059456 0.892590
vt 0.059365 0.892061
vt 0.057554 0.892590
vt 0.057127 0.892061
vt 0.059459 0.879753
vt 0.061246 0.879575
vt 0.057601 0.879488
vt 0.059417 0.879488
vt 0.059907 0.885600
vt 0.059480 0.881377
vt 0.060767 0.882081
vt 0.059446 0.881768
vt 0.059365 0.891175
vt 0.056407 0.891175
vt 0.055652 0.891175
vt 0.059774 0.885053
vt 0.061058 0.884791
vt 0.053617 0.880227
vt 0.053892 0.879262
vt 0.053901 0.880231
vt 0.061036 0.881951
vt 0.059464 0.880514
vt 0.061096 0.880238
vt 0.057554 0.880514
vt 0.064443 0.879096
vt 0.063528 0.881449
vt 0.063473 0.879759
vt 0.067779 0.883925
vt 0.063612 0.884526
vt 0.064222 0.885688
vt 0.063419 0.885824
vt 0.064598 0.884854
vt 0.064433 0.881537
vt 0.063441 0.882977
vt 0.057457 0.880898
vt 0.057169 0.879880
vt 0.057457 0.879611
vt 0.064423 0.879096
vt 0.064245 0.878598
vt 0.064420 0.879111
vt 0.062577 0.884182
vt 0.063614 0.884175
vt 0.059642 0.884505
vt 0.060925 0.883372
vt 0.057737 0.891189
vt 0.057736 0.892076
vt 0.071039 0.879457
vt 0.071330 0.877771
vt 0.071330 0.879740
vt 0.071039 0.879457
vt 0.070748 0.878779
vt 0.071039 0.878634
vt 0.055922 0.880238
vt 0.061553 0.880232
vt 0.055007 0.880224
vt 0.055464 0.880232
vt 0.063852 0.887159
vt 0.066869 0.888628
vt 0.063483 0.888630
vt 0.063172 0.887220
vt 0.062924 0.888617
vt 0.067896 0.887281
vt 0.066501 0.887158
vt 0.062458 0.887284
vt 0.062046 0.888571
vt 0.062091 0.887267
vt 0.055653 0.888211
vt 0.059069 0.891189
vt 0.061678 0.888211
vt 0.055701 0.881754
vt 0.055643 0.880512
vt 0.061323 0.884505
vt 0.062578 0.885966
vt 0.062307 0.884396
vt 0.067776 0.885963
vt 0.068047 0.884393
vt 0.068050 0.885690
vt 0.062578 0.881356
vt 0.062309 0.882835
vt 0.062309 0.881538
vt 0.062578 0.882896
vt 0.068044 0.882832
vt 0.055692 0.884505
vt 0.055679 0.883267
vt 0.056035 0.882662
vt 0.055690 0.882510
vt 0.061315 0.881754
vt 0.061892 0.881536
vt 0.061996 0.888211
vt 0.068306 0.888568
vt 0.068015 0.888600
vt 0.062011 0.880224
vt 0.061992 0.879828
vt 0.061995 0.892590
vt 0.061995 0.892061
vt 0.061852 0.879574
vt 0.061997 0.885605
vt 0.061952 0.884774
vt 0.061974 0.885189
vt 0.061995 0.891175
vt 0.067896 0.880451
vt 0.061997 0.886614
vt 0.055333 0.892061
vt 0.055658 0.879753
vt 0.055334 0.888211
vt 0.055335 0.886614
vt 0.055805 0.885196
vt 0.055510 0.884783
vt 0.055335 0.885602
vt 0.181516 0.191546
vt 0.181558 0.191546
vt 0.067282 0.883480
vt 0.068017 0.879549
vt 0.067282 0.883155
vt 0.181558 0.191227
vt 0.181516 0.189325
vt 0.181558 0.189325
vt 0.161508 0.190378
vt 0.160879 0.188997
vt 0.161423 0.190110
vt 0.067542 0.883167
vt 0.067541 0.879363
vt 0.067229 0.880934
vt 0.067229 0.879695
vt 0.067254 0.878610
vt 0.067540 0.878435
vt 0.067541 0.881265
vt 0.067540 0.877461
vt 0.067345 0.877149
vt 0.067542 0.877143
vt 0.067542 0.883805
vt 0.067542 0.883486
vt 0.060064 0.882472
vt 0.060022 0.881544
vt 0.060064 0.881544
vt 0.060064 0.884374
vt 0.060022 0.882472
vt 0.181516 0.191227
vt 0.066074 0.879602
vt 0.181558 0.185521
vt 0.058812 0.888229
vt 0.058176 0.886632
vt 0.059247 0.886632
vt 0.057960 0.891192
vt 0.058847 0.891192
vt 0.057143 0.882467
vt 0.056533 0.882401
vt 0.057067 0.882241
vt 0.065600 0.883568
vt 0.067461 0.883743
vt 0.065758 0.884095
vt 0.058263 0.885620
vt 0.059300 0.885620
vt 0.058144 0.885072
vt 0.059040 0.884524
vt 0.059170 0.885072
vt 0.065654 0.880751
vt 0.064909 0.881558
vt 0.064837 0.880751
vt 0.064759 0.883569
vt 0.063770 0.883925
vt 0.063851 0.883391
vt 0.064601 0.884096
vt 0.058025 0.884524
vt 0.059137 0.882621
vt 0.059291 0.882355
vt 0.060488 0.882401
vt 0.060494 0.882584
vt 0.057730 0.882355
vt 0.059446 0.882089
vt 0.057960 0.891761
vt 0.058846 0.891761
vt 0.063375 0.880408
vt 0.063091 0.881012
vt 0.063090 0.880511
vt 0.059560 0.885614
vt 0.057537 0.881377
vt 0.056930 0.881921
vt 0.053624 0.877740
vt 0.053608 0.879257
vt 0.057535 0.885600
vt 0.057906 0.886628
vt 0.057535 0.886614
vt 0.057575 0.881768
vt 0.063089 0.880008
vt 0.061932 0.881545
vt 0.059368 0.888211
vt 0.059515 0.886628
vt 0.057623 0.888225
vt 0.057129 0.888211
vt 0.059873 0.883163
vt 0.059300 0.884520
vt 0.059453 0.882936
vt 0.057142 0.883163
vt 0.057765 0.884520
vt 0.057148 0.884505
vt 0.062164 0.879963
vt 0.062452 0.878333
vt 0.062452 0.879665
vt 0.059430 0.885067
vt 0.059050 0.888225
vt 0.062505 0.880237
vt 0.062804 0.879841
vt 0.062801 0.880523
vt 0.057342 0.885053
vt 0.057883 0.885067
vt 0.057128 0.891175
vt 0.062505 0.880754
vt 0.062207 0.879846
vt 0.062505 0.879699
vt 0.057862 0.888229
vt 0.060499 0.882767
vt 0.062898 0.883205
vt 0.063588 0.883135
vt 0.059068 0.892076
vt 0.057219 0.882692
vt 0.057567 0.882936
vt 0.056917 0.883007
vt 0.067460 0.883202
vt 0.065809 0.883247
vt 0.067777 0.883013
vt 0.057576 0.882089
vt 0.058002 0.885614
vt 0.064439 0.879111
vt 0.065592 0.879944
vt 0.065828 0.880106
vt 0.065623 0.880347
vt 0.065716 0.881558
vt 0.057885 0.882621
vt 0.062579 0.883928
vt 0.062580 0.883016
vt 0.056522 0.882767
vt 0.056244 0.882581
vt 0.056527 0.882584
vt 0.064559 0.879624
vt 0.065798 0.879623
vt 0.166806 0.172272
vt 0.509487 0.129302
vt 0.509785 0.128733
vt 0.509615 0.129364
vt 0.509399 0.131527
vt 0.509525 0.132096
vt 0.509406 0.132096
vt 0.181863 0.191741
vt 0.181869 0.186967
vt 0.181980 0.186966
vt 0.181869 0.189061
vt 0.181981 0.190086
vt 0.181867 0.190085
vt 0.181980 0.189063
vt 0.148855 0.165517
vt 0.154965 0.173501
vt 0.154994 0.177322
vt 0.154994 0.175412
vt 0.155108 0.189370
vt 0.155043 0.189352
vt 0.169661 0.060131
vt 0.168988 0.062031
vt 0.169555 0.062031
vt 0.166890 0.172094
vt 0.509472 0.128519
vt 0.509625 0.128424
vt 0.509555 0.128697
vt 0.509525 0.132677
vt 0.509408 0.132679
vt 0.155023 0.190849
vt 0.181856 0.192310
vt 0.166973 0.171916
vt 0.167362 0.172435
vt 0.171864 0.059338
vt 0.172510 0.060059
vt 0.172517 0.059317
vt 0.172449 0.066552
vt 0.171841 0.067114
vt 0.172444 0.067109
vt 0.171849 0.065810
vt 0.172456 0.065811
vt 0.171864 0.058760
vt 0.172523 0.058684
vt 0.172130 0.061986
vt 0.172492 0.061976
vt 0.169404 0.186964
vt 0.169763 0.187307
vt 0.169336 0.186913
vt 0.333862 0.085459
vt 0.334220 0.085114
vt 0.334304 0.085161
vt 0.334289 0.084544
vt 0.334208 0.084546
vt 0.169827 0.188458
vt 0.169750 0.187876
vt 0.169832 0.187877
vt 0.169827 0.194748
vt 0.169825 0.192650
vt 0.169905 0.192652
vt 0.169867 0.189531
vt 0.169825 0.190556
vt 0.169786 0.189533
vt 0.169905 0.190555
vt 0.163525 0.187730
vt 0.163605 0.189645
vt 0.163525 0.189644
vt 0.163529 0.186798
vt 0.163613 0.185820
vt 0.163609 0.186798
vt 0.163613 0.191555
vt 0.163533 0.191555
vt 0.163537 0.185085
vt 0.163533 0.185819
vt 0.164053 0.193296
vt 0.163618 0.193033
vt 0.164136 0.193333
vt 0.164053 0.184080
vt 0.163618 0.184341
vt 0.163531 0.184300
vt 0.163537 0.192289
vt 0.163531 0.193075
vt 0.334284 0.083964
vt 0.334203 0.083963
vt 0.163618 0.192289
vt 0.169847 0.187260
vt 0.163618 0.185085
vt 0.149333 0.180075
vt 0.149848 0.180684
vt 0.149272 0.177429
vt 0.149228 0.175501
vt 0.149316 0.179334
vt 0.172474 0.063905
vt 0.187183 0.173433
vt 0.187174 0.172866
vt 0.187127 0.172823
vt 0.177629 0.195473
vt 0.177567 0.197083
vt 0.177714 0.195495
vt 0.306788 0.079147
vt 0.307349 0.079872
vt 0.307339 0.079129
vt 0.149184 0.173584
vt 0.187109 0.173179
vt 0.187050 0.172652
vt 0.174877 0.173320
vt 0.175385 0.173411
vt 0.175546 0.173525
vt 0.311168 0.048241
vt 0.311734 0.048855
vt 0.311726 0.048277
vt 0.171874 0.064037
vt 0.316292 0.046625
vt 0.316221 0.048044
vt 0.316377 0.046647
vt 0.175716 0.173531
vt 0.175886 0.173516
vt 0.175337 0.173314
vt 0.154786 0.197477
vt 0.154618 0.198201
vt 0.154579 0.197415
vt 0.174035 0.172691
vt 0.174267 0.172676
vt 0.154780 0.196820
vt 0.154567 0.196681
vt 0.154796 0.195794
vt 0.154597 0.195703
vt 0.154811 0.192811
vt 0.154626 0.194770
vt 0.154626 0.192856
vt 0.154567 0.190946
vt 0.154780 0.190807
vt 0.154579 0.190211
vt 0.154786 0.190149
vt 0.154807 0.189448
vt 0.154618 0.189426
vt 0.334202 0.081848
vt 0.334304 0.081422
vt 0.334912 0.082060
vt 0.160356 0.160416
vt 0.160353 0.159598
vt 0.411558 0.889956
vt 0.411807 0.889958
vt 0.160615 0.159594
vt 0.160780 0.159419
vt 0.160779 0.160589
vt 0.160610 0.160417
vt 0.411808 0.890777
vt 0.411388 0.890949
vt 0.411559 0.890775
vt 0.593287 0.256562
vt 0.593038 0.257379
vt 0.593038 0.256560
vt 0.593299 0.256068
vt 0.593041 0.255250
vt 0.593295 0.255250
vt 0.593974 0.257382
vt 0.594153 0.256667
vt 0.594116 0.257488
vt 0.582717 0.256001
vt 0.582901 0.255792
vt 0.582901 0.256048
vt 0.584575 0.255999
vt 0.584744 0.255787
vt 0.584744 0.256073
vt 0.581808 0.253717
vt 0.581994 0.253022
vt 0.581993 0.253841
vt 0.583051 0.256048
vt 0.582901 0.255784
vt 0.583051 0.255785
vt 0.594319 0.257388
vt 0.594153 0.256690
vt 0.594319 0.256560
vt 0.171276 0.062008
vt 0.169580 0.063932
vt 0.170460 0.064347
vt 0.170341 0.060135
vt 0.168234 0.062041
vt 0.168903 0.063955
vt 0.168229 0.060113
vt 0.168983 0.060106
vt 0.167240 0.062061
vt 0.166799 0.063982
vt 0.167265 0.063979
vt 0.166769 0.060161
vt 0.167235 0.060142
vt 0.166844 0.065892
vt 0.167311 0.065898
vt 0.166750 0.059406
vt 0.167216 0.059383
vt 0.171865 0.060081
vt 0.168306 0.065897
vt 0.169059 0.065880
vt 0.168964 0.059345
vt 0.169736 0.065834
vt 0.170416 0.065807
vt 0.170323 0.059387
vt 0.169643 0.059379
vt 0.168949 0.058773
vt 0.169626 0.058687
vt 0.168197 0.058884
vt 0.170309 0.058938
vt 0.166501 0.067317
vt 0.166846 0.066647
vt 0.166495 0.066637
vt 0.166733 0.058710
vt 0.167199 0.058684
vt 0.054765 0.886492
vt 0.053628 0.885399
vt 0.054962 0.885479
vt 0.063562 0.879770
vt 0.064401 0.881686
vt 0.063563 0.881681
vt 0.056100 0.886500
vt 0.057181 0.886808
vt 0.056198 0.886927
vt 0.054665 0.886926
vt 0.053694 0.887119
vt 0.053682 0.886807
vt 0.055215 0.883305
vt 0.053505 0.882151
vt 0.055324 0.882155
vt 0.049770 0.870722
vt 0.051645 0.872644
vt 0.049770 0.872641
vt 0.057170 0.887121
vt 0.056279 0.887245
vt 0.304940 0.094332
vt 0.304932 0.093633
vt 0.051645 0.873584
vt 0.051645 0.874571
vt 0.063524 0.876483
vt 0.064403 0.877129
vt 0.063515 0.877123
vt 0.055828 0.876051
vt 0.057798 0.876662
vt 0.055842 0.876674
vt 0.055922 0.879335
vt 0.057797 0.877405
vt 0.057797 0.879332
vt 0.055842 0.883915
vt 0.057798 0.884533
vt 0.055832 0.884527
vt 0.055884 0.883173
vt 0.057798 0.883926
vt 0.063515 0.884328
vt 0.064402 0.883595
vt 0.064403 0.884325
vt 0.055702 0.884034
vt 0.057274 0.884347
vt 0.055733 0.884373
vt 0.055885 0.877416
vt 0.055647 0.883313
vt 0.057286 0.884021
vt 0.053667 0.886388
vt 0.055099 0.884724
vt 0.053590 0.884351
vt 0.055129 0.884379
vt 0.055901 0.885487
vt 0.057196 0.886395
vt 0.053603 0.884681
vt 0.063523 0.884968
vt 0.064402 0.884965
vt 0.057262 0.884672
vt 0.057236 0.885406
vt 0.064402 0.877860
vt 0.063504 0.877860
vt 0.055540 0.882159
vt 0.057399 0.881005
vt 0.057358 0.882154
vt 0.063504 0.883591
vt 0.053577 0.884022
vt 0.053548 0.883297
vt 0.063534 0.878838
vt 0.064402 0.878836
vt 0.148993 0.165386
vt 0.157476 0.159207
vt 0.157630 0.159513
vt 0.157501 0.159520
vt 0.148928 0.164311
vt 0.149062 0.164242
vt 0.157519 0.159941
vt 0.157649 0.159951
vt 0.148950 0.159948
vt 0.148915 0.160942
vt 0.148820 0.159951
vt 0.148994 0.162378
vt 0.149000 0.163106
vt 0.148865 0.162395
vt 0.157347 0.164239
vt 0.157357 0.163106
vt 0.157486 0.164312
vt 0.157409 0.161704
vt 0.157445 0.160941
vt 0.157538 0.161690
vt 0.148941 0.161694
vt 0.149046 0.160944
vt 0.148838 0.162042
vt 0.148967 0.162036
vt 0.157474 0.162379
vt 0.157225 0.163091
vt 0.157441 0.162041
vt 0.157572 0.162042
vt 0.156857 0.165377
vt 0.156113 0.165497
vt 0.156114 0.165368
vt 0.152277 0.165366
vt 0.150358 0.165368
vt 0.154195 0.165366
vt 0.148992 0.159207
vt 0.148838 0.159513
vt 0.148871 0.159082
vt 0.154189 0.159195
vt 0.152278 0.159074
vt 0.154190 0.159074
vt 0.155122 0.159075
vt 0.155122 0.159198
vt 0.152279 0.159195
vt 0.150367 0.159077
vt 0.156837 0.159205
vt 0.156101 0.159077
vt 0.156836 0.159080
vt 0.149632 0.159080
vt 0.149632 0.159205
vt 0.157313 0.160936
vt 0.148968 0.159520
vt 0.149616 0.165377
vt 0.150368 0.159202
vt 0.157469 0.165387
vt 0.157597 0.159082
vt 0.060237 0.879568
vt 0.060237 0.881307
vt 0.062748 0.879308
vt 0.061619 0.877626
vt 0.062748 0.877427
vt 0.058535 0.879388
vt 0.058104 0.881102
vt 0.058121 0.879315
vt 0.060916 0.879520
vt 0.061623 0.881242
vt 0.060916 0.881277
vt 0.057795 0.881059
vt 0.057833 0.879149
vt 0.060577 0.879544
vt 0.060577 0.881292
vt 0.059516 0.879506
vt 0.059516 0.881256
vt 0.058534 0.881886
vt 0.058535 0.881161
vt 0.058101 0.881835
vt 0.057787 0.881789
vt 0.060916 0.881967
vt 0.060577 0.881983
vt 0.059516 0.881960
vt 0.062756 0.881161
vt 0.061620 0.879463
vt 0.059518 0.882380
vt 0.058531 0.882475
vt 0.058111 0.882455
vt 0.057799 0.882429
vt 0.060899 0.882432
vt 0.060570 0.882459
vt 0.060238 0.881999
vt 0.062767 0.881877
vt 0.063919 0.882441
vt 0.062770 0.882370
vt 0.058101 0.874565
vt 0.057799 0.873952
vt 0.058112 0.873926
vt 0.058535 0.874535
vt 0.058526 0.873906
vt 0.059511 0.874113
vt 0.060237 0.874468
vt 0.060248 0.874017
vt 0.060576 0.874477
vt 0.060574 0.873985
vt 0.061614 0.874199
vt 0.060916 0.874486
vt 0.060900 0.873952
vt 0.054085 0.869150
vt 0.053364 0.870893
vt 0.053364 0.869073
vt 0.056594 0.867747
vt 0.055478 0.866599
vt 0.056597 0.866647
vt 0.060916 0.877701
vt 0.060576 0.877732
vt 0.058129 0.877440
vt 0.057821 0.877230
vt 0.058535 0.877537
vt 0.059516 0.877686
vt 0.060237 0.876496
vt 0.059516 0.876472
vt 0.060576 0.877508
vt 0.060452 0.877519
vt 0.058118 0.876394
vt 0.057809 0.876300
vt 0.060916 0.876474
vt 0.058535 0.876426
vt 0.062749 0.875260
vt 0.061628 0.874502
vt 0.062767 0.874531
vt 0.062766 0.874076
vt 0.059516 0.875199
vt 0.059516 0.874490
vt 0.060576 0.875178
vt 0.057787 0.874593
vt 0.058105 0.875297
vt 0.057796 0.875323
vt 0.060916 0.875187
vt 0.058535 0.875260
vt 0.169061 0.066641
vt 0.169739 0.067277
vt 0.169738 0.066585
vt 0.171844 0.066553
vt 0.170417 0.067125
vt 0.166388 0.058746
vt 0.170417 0.066554
vt 0.168307 0.067241
vt 0.169062 0.067343
vt 0.168260 0.063969
vt 0.168211 0.059351
vt 0.167313 0.066656
vt 0.168307 0.066659
vt 0.166487 0.065897
vt 0.166432 0.063987
vt 0.166399 0.059427
vt 0.166774 0.062072
vt 0.166406 0.062076
vt 0.166412 0.060166
vt 0.166847 0.067344
vt 0.167314 0.067355
vt 0.177728 0.193292
vt 0.177688 0.194039
vt 0.177772 0.194062
vt 0.155020 0.182188
vt 0.155105 0.181461
vt 0.155030 0.181448
vt 0.148929 0.172176
vt 0.148887 0.172770
vt 0.148944 0.172808
vt 0.311095 0.109130
vt 0.311061 0.108810
vt 0.311010 0.109153
vt 0.155113 0.180781
vt 0.155038 0.180768
vt 0.310982 0.110619
vt 0.310965 0.109624
vt 0.310898 0.110642
vt 0.148904 0.173511
vt 0.148961 0.173550
vt 0.310945 0.111387
vt 0.310861 0.111410
vt 0.309805 0.117630
vt 0.309721 0.116936
vt 0.309730 0.117617
vt 0.149053 0.180003
vt 0.149124 0.180660
vt 0.149109 0.180042
vt 0.155078 0.186008
vt 0.155154 0.184111
vt 0.155078 0.184098
vt 0.177575 0.192250
vt 0.177659 0.192272
vt 0.187041 0.170638
vt 0.186931 0.169949
vt 0.186957 0.170662
vt 0.186992 0.171384
vt 0.149049 0.177395
vt 0.149036 0.179262
vt 0.149092 0.179300
vt 0.311049 0.109601
vt 0.177557 0.191458
vt 0.177526 0.191779
vt 0.177611 0.191801
vt 0.177667 0.194749
vt 0.177751 0.194772
vt 0.155096 0.182201
vt 0.177519 0.197123
vt 0.177504 0.197756
vt 0.148948 0.175429
vt 0.149005 0.175467
vt 0.187077 0.171360
vt 0.309787 0.116210
vt 0.309770 0.114286
vt 0.309712 0.116197
vt 0.148992 0.177357
vt 0.309797 0.116950
vt 0.148835 0.172742
vt 0.148872 0.172137
vt 0.148827 0.172129
vt 0.148841 0.173484
vt 0.148838 0.175404
vt 0.148834 0.177322
vt 0.148829 0.179240
vt 0.148820 0.179982
vt 0.149065 0.180561
vt 0.177695 0.191824
vt 0.177744 0.192295
vt 0.313552 0.060771
vt 0.313618 0.060045
vt 0.313543 0.060031
vt 0.177857 0.194084
vt 0.177836 0.194794
vt 0.313676 0.058134
vt 0.313601 0.058120
vt 0.186908 0.171408
vt 0.316145 0.048212
vt 0.316155 0.048636
vt 0.154945 0.182174
vt 0.155003 0.184084
vt 0.316414 0.045924
vt 0.177642 0.191480
vt 0.309500 0.054937
vt 0.309461 0.054490
vt 0.309416 0.054961
vt 0.186872 0.170686
vt 0.186846 0.169973
vt 0.177812 0.193315
vt 0.155003 0.185995
vt 0.149348 0.180755
vt 0.313561 0.061451
vt 0.313628 0.060784
vt 0.309396 0.056723
vt 0.309349 0.055979
vt 0.309312 0.056747
vt 0.310960 0.048840
vt 0.311200 0.049615
vt 0.311183 0.048874
vt 0.309433 0.055955
vt 0.154963 0.180755
vt 0.154954 0.181435
vt 0.309546 0.054466
vt 0.309512 0.054146
vt 0.068240 0.886611
vt 0.067836 0.886622
vt 0.062114 0.886615
vt 0.066317 0.886422
vt 0.063296 0.886522
vt 0.064037 0.886424
vt 0.163573 0.180967
vt 0.411052 0.955290
vt 0.411311 0.955265
vt 0.060068 0.879368
vt 0.060076 0.878945
vt 0.171620 0.114155
vt 0.069690 0.879102
vt 0.069349 0.877771
vt 0.069690 0.877789
vt 0.068388 0.879610
vt 0.068047 0.879629
vt 0.178806 0.074499
vt 0.059445 0.886455
vt 0.057893 0.886414
vt 0.060222 0.878696
vt 0.177328 0.118741
vt 0.172204 0.123251
vt 0.178767 0.078602
vt 0.177916 0.108019
vt 0.171813 0.086861
vt 0.174638 0.093877
vt 0.410856 0.955315
vt 0.164047 0.181058
vt 0.164091 0.183105
vt 0.179381 0.112766
vt 0.180376 0.112813
vt 0.060068 0.885768
vt 0.059432 0.886173
vt 0.433502 0.938128
vt 0.434020 0.938145
vt 0.430751 0.914499
vt 0.431396 0.914169
vt 0.180139 0.177245
vt 0.180629 0.177349
vt 0.312138 0.045050
vt 0.313132 0.044995
vt 0.431980 0.914027
vt 0.179494 0.176917
vt 0.180959 0.112952
vt 0.181699 0.177441
vt 0.434582 0.938041
vt 0.191165 0.074018
vt 0.189714 0.074025
vt 0.161970 0.059804
vt 0.067244 0.883805
vt 0.068342 0.879549
vt 0.063330 0.879579
vt 0.067281 0.877473
vt 0.062011 0.879488
vt 0.062335 0.879553
vt 0.069690 0.877771
vt 0.068559 0.879411
vt 0.060129 0.883106
vt 0.434982 0.936975
vt 0.435145 0.937937
vt 0.181119 0.177454
vt 0.174961 0.172689
vt 0.174961 0.173297
vt 0.332148 0.082592
vt 0.331939 0.083271
vt 0.331960 0.082570
vt 0.332146 0.083790
vt 0.332145 0.083209
vt 0.154995 0.192765
vt 0.154994 0.190668
vt 0.154811 0.194816
vt 0.154994 0.195885
vt 0.154994 0.196959
vt 0.174368 0.173105
vt 0.174498 0.172661
vt 0.154992 0.197539
vt 0.154807 0.198179
vt 0.335622 0.082148
vt 0.335620 0.082073
vt 0.175716 0.173540
vt 0.175706 0.173639
vt 0.509639 0.128875
vt 0.411387 0.895964
vt 0.178445 0.183758
vt 0.432322 0.967187
vt 0.160937 0.184462
vt 0.434933 0.968301
vt 0.206350 0.055011
vt 0.457786 0.832281
vt 0.325470 0.120124
vt 0.325461 0.120315
vt 0.410369 0.889778
vt 0.198699 0.527795
vt 0.198699 0.527067
vt 0.199634 0.527794
vt 0.199634 0.528521
vt 0.205812 0.527212
vt 0.205879 0.527212
vt 0.202141 0.528953
vt 0.202208 0.528953
vt 0.205687 0.529975
vt 0.205563 0.530420
vt 0.205625 0.530419
vt 0.198699 0.528522
vt 0.701715 0.530802
vt 0.701733 0.530138
vt 0.199634 0.527067
vt 0.702201 0.530138
vt 0.702195 0.530794
vt 0.161796 0.165604
vt 0.423751 0.917932
vt 0.423107 0.916009
vt 0.423424 0.916009
vt 0.150039 0.100034
vt 0.150543 0.101288
vt 0.163229 0.135552
vt 0.162727 0.135938
vt 0.161792 0.166170
vt 0.166602 0.159074
vt 0.166317 0.167988
vt 0.166460 0.167078
vt 0.150158 0.099330
vt 0.150442 0.099972
vt 0.435307 0.941609
vt 0.435190 0.939646
vt 0.435309 0.938898
vt 0.435189 0.940862
vt 0.150158 0.098158
vt 0.150040 0.097454
vt 0.150158 0.098744
vt 0.150546 0.099266
vt 0.165429 0.189334
vt 0.161002 0.168327
vt 0.180681 0.180116
vt 0.181266 0.179273
vt 0.181268 0.182248
vt 0.180680 0.179114
vt 0.166602 0.166167
vt 0.063906 0.874559
vt 0.063918 0.873952
vt 0.063888 0.875302
vt 0.063882 0.876288
vt 0.063906 0.881823
vt 0.063888 0.881080
vt 0.056615 0.873265
vt 0.055468 0.873687
vt 0.055475 0.873319
vt 0.057736 0.872467
vt 0.056596 0.870695
vt 0.057725 0.870540
vt 0.063877 0.879153
vt 0.063877 0.877229
vt 0.149130 0.163098
vt 0.057316 0.883304
vt 0.053463 0.881005
vt 0.055433 0.881005
vt 0.055422 0.885192
vt 0.065039 0.878801
vt 0.062196 0.877427
vt 0.063844 0.883073
vt 0.067057 0.886668
vt 0.066715 0.886673
vt 0.168405 0.167144
vt 0.163319 0.166784
vt 0.162658 0.166873
vt 0.161041 0.135945
vt 0.327935 0.072969
vt 0.180548 0.178346
vt 0.311072 0.046484
vt 0.310345 0.045626
vt 0.310908 0.045522
vt 0.189713 0.073044
vt 0.180357 0.113614
vt 0.180833 0.113802
vt 0.292556 0.046963
vt 0.293327 0.046441
vt 0.293164 0.047403
vt 0.312156 0.045852
vt 0.311554 0.045192
vt 0.313191 0.045775
vt 0.293817 0.046545
vt 0.311680 0.046043
vt 0.433466 0.939152
vt 0.179322 0.113544
vt 0.410877 0.954291
vt 0.179042 0.123283
vt 0.060998 0.878642
vt 0.068388 0.880266
vt 0.068047 0.880285
vt 0.062136 0.885963
vt 0.062518 0.886625
vt 0.068218 0.885959
vt 0.163788 0.181012
vt 0.069349 0.879084
vt 0.171147 0.059091
vt 0.180720 0.182954
vt 0.181268 0.182947
vt 0.434565 0.943648
vt 0.435113 0.943656
vt 0.065917 0.881554
vt 0.064802 0.880348
vt 0.067957 0.880000
vt 0.064529 0.876656
vt 0.064245 0.876669
vt 0.063434 0.879539
vt 0.053622 0.880712
vt 0.053906 0.880715
vt 0.066102 0.880086
vt 0.062396 0.880003
vt 0.062041 0.879955
vt 0.068311 0.880000
vt 0.314353 0.069416
vt 0.314088 0.069257
vt 0.163616 0.175444
vt 0.163733 0.176636
vt 0.163829 0.175326
vt 0.053608 0.878601
vt 0.053608 0.879619
vt 0.069513 0.879563
vt 0.070049 0.879178
vt 0.060499 0.883573
vt 0.060129 0.883573
vt 0.215161 0.116137
vt 0.059848 0.883628
vt 0.217431 0.103249
vt 0.216177 0.088087
vt 0.219270 0.083729
vt 0.217477 0.109505
vt 0.217831 0.074096
vt 0.217374 0.120377
vt 0.212423 0.125549
vt 0.313824 0.069098
vt 0.181846 0.182956
vt 0.191308 0.068863
vt 0.189712 0.068871
vt 0.069690 0.879644
vt 0.070032 0.878710
vt 0.070032 0.879647
vt 0.179398 0.183094
vt 0.178737 0.182624
vt 0.179389 0.182517
vt 0.180171 0.182962
vt 0.435886 0.943786
vt 0.436547 0.943314
vt 0.436626 0.943845
vt 0.437114 0.901364
vt 0.437913 0.901399
vt 0.318214 0.036237
vt 0.317415 0.035769
vt 0.314662 0.069292
vt 0.314085 0.069993
vt 0.314662 0.069990
vt 0.178580 0.183685
vt 0.177860 0.183197
vt 0.178658 0.183155
vt 0.180236 0.183644
vt 0.180752 0.183644
vt 0.436365 0.901881
vt 0.435601 0.901175
vt 0.436375 0.901305
vt 0.437912 0.901909
vt 0.437193 0.901894
vt 0.179408 0.183670
vt 0.189711 0.068256
vt 0.181846 0.183650
vt 0.318568 0.093427
vt 0.319117 0.092737
vt 0.319084 0.093427
vt 0.314065 0.068602
vt 0.313799 0.068402
vt 0.222111 0.120643
vt 0.217395 0.124869
vt 0.222723 0.078089
vt 0.222571 0.073544
vt 0.222142 0.116040
vt 0.222261 0.109422
vt 0.222040 0.090393
vt 0.059848 0.883120
vt 0.060468 0.883106
vt 0.070348 0.879540
vt 0.070049 0.879646
vt 0.314331 0.068802
vt 0.053626 0.881197
vt 0.053910 0.881200
vt 0.064279 0.879603
vt 0.064766 0.879944
vt 0.431630 0.888673
vt 0.431147 0.887984
vt 0.431695 0.887992
vt 0.181269 0.183645
vt 0.065858 0.880588
vt 0.215382 0.058221
vt 0.164055 0.175207
vt 0.053327 0.878503
vt 0.069690 0.878707
vt 0.054085 0.870955
vt 0.053364 0.872643
vt 0.058535 0.880973
vt 0.058535 0.880997
vt 0.060696 0.876461
vt 0.060576 0.875401
vt 0.060237 0.875168
vt 0.060457 0.876484
vt 0.060462 0.875398
vt 0.060701 0.877497
vt 0.060696 0.876476
vt 0.060690 0.875404
vt 0.222117 0.103225
vt 0.212726 0.103174
vt 0.062746 0.876360
vt 0.154995 0.194862
vt 0.169757 0.102248
vt 0.061630 0.875212
vt 0.056596 0.868814
vt 0.055476 0.867825
vt 0.156100 0.159201
vt 0.064401 0.879767
vt 0.163605 0.187730
vt 0.169746 0.188459
vt 0.181865 0.191158
vt 0.056234 0.883082
vt 0.062898 0.883746
vt 0.062505 0.880750
vt 0.062799 0.881173
vt 0.056253 0.882081
vt 0.060022 0.880570
vt 0.060064 0.880570
vt 0.062337 0.888603
vt 0.057558 0.879753
vt 0.070748 0.877771
vt 0.071038 0.877771
vt 0.056625 0.892590
vt 0.054172 0.876188
vt 0.162384 0.174089
vt 0.161161 0.183519
vt 0.190283 0.067892
vt 0.336418 0.462404
vt 0.336906 0.461246
vt 0.334617 0.470547
vt 0.334325 0.476063
vt 0.311594 0.464650
vt 0.154062 0.167815
vt 0.204294 0.057667
vt 0.212325 0.051455
vt 0.058079 0.879600
vt 0.066166 0.878488
vt 0.066885 0.882093
vt 0.065563 0.872646
vt 0.065517 0.872642
vt 0.073589 0.876001
vt 0.074324 0.877124
vt 0.061967 0.854788
vt 0.061750 0.854080
vt 0.062338 0.854541
vt 0.074465 0.872597
vt 0.066204 0.867314
vt 0.073909 0.867641
vt 0.073587 0.867569
vt 0.072909 0.871753
vt 0.072012 0.869726
vt 0.065397 0.864714
vt 0.065286 0.864719
vt 0.065561 0.866740
vt 0.061724 0.858593
vt 0.060826 0.857557
vt 0.154112 0.106901
vt 0.191697 0.102600
vt 0.161265 0.183847
vt 0.073671 0.865543
vt 0.073711 0.865544
vt 0.069539 0.873664
vt 0.069579 0.873666
vt 0.183028 0.189063
vt 0.154067 0.171568
vt 0.184099 0.177172
vt 0.193933 0.074487
vt 0.075281 0.873153
vt 0.057107 0.879923
vt 0.155089 0.194672
vt 0.210183 0.058439
vt 0.181926 0.176537
vt 0.219529 0.057969
vt 0.186802 0.072740
vt 0.303383 0.112931
vt 0.302691 0.111718
vt 0.154067 0.170153
vt 0.060237 0.877763
vt 0.060241 0.882486
vt 0.054425 0.872679
vt 0.054085 0.872695
vt 0.157606 0.162395
vt 0.148810 0.161690
vt 0.055160 0.884034
vt 0.055763 0.884712
vt 0.060785 0.883082
vt 0.063088 0.881010
vt 0.062804 0.881119
vt 0.063089 0.880010
vt 0.061336 0.883267
vt 0.062188 0.880986
vt 0.188982 0.058754
vt 0.168117 0.169416
vt 0.061502 0.879473
vt 0.166869 0.168861
vt 0.187084 0.058377
vt 0.187396 0.058372
vt 0.188901 0.058268
vt 0.195347 0.132200
vt 0.194962 0.131851
vt 0.195342 0.131781
vt 0.176119 0.059280
vt 0.190642 0.058755
vt 0.060497 0.875832
vt 0.060566 0.875750
vt 0.060656 0.876537
vt 0.060637 0.875906
vt 0.060652 0.877019
vt 0.060588 0.877119
vt 0.060517 0.877055
vt 0.060492 0.876323
vt 0.060576 0.876480
vt 0.173502 0.062830
vt 0.173442 0.063405
vt 0.173417 0.062673
vt 0.173513 0.063469
vt 0.058535 0.879568
vt 0.058535 0.879594
vt 0.171716 0.147143
vt 0.189340 0.149475
vt 0.171611 0.147679
vt 0.184509 0.162092
vt 0.171334 0.147911
vt 0.170950 0.147994
vt 0.172294 0.166659
vt 0.170644 0.147817
vt 0.160206 0.162469
vt 0.170424 0.147367
vt 0.166202 0.147119
vt 0.170555 0.147104
vt 0.186581 0.141336
vt 0.190128 0.149569
vt 0.168828 0.144279
vt 0.171458 0.146800
vt 0.170871 0.146880
vt 0.176309 0.139253
vt 0.557098 0.323618
vt 0.546119 0.289828
vt 0.546119 0.320051
vt 0.162110 0.116723
vt 0.177858 0.115257
vt 0.182639 0.122687
vt 0.171712 0.135569
vt 0.176271 0.135856
vt 0.170800 0.136514
vt 0.185177 0.162889
vt 0.172380 0.167751
vt 0.182509 0.129085
vt 0.186329 0.121386
vt 0.185756 0.131635
vt 0.186998 0.140742
vt 0.154153 0.155077
vt 0.155033 0.154947
vt 0.158623 0.122189
vt 0.155562 0.132695
vt 0.154702 0.121628
vt 0.062210 0.872371
vt 0.064100 0.872371
vt 0.176362 0.138839
vt 0.056540 0.872371
vt 0.054651 0.872371
vt 0.058430 0.872371
vt 0.060320 0.872371
vt 0.065990 0.872371
vt 0.175694 0.133672
vt 0.154153 0.142083
vt 0.169905 0.112956
vt 0.179921 0.111694
vt 0.159765 0.113516
vt 0.169770 0.108779
vt 0.159742 0.163214
vt 0.170673 0.139498
vt 0.170705 0.146946
vt 0.557098 0.286260
vt 0.568078 0.320051
vt 0.568078 0.289828
vt 0.539334 0.299167
vt 0.539334 0.310711
vt 0.574863 0.310711
vt 0.574863 0.299167
vt 0.161613 0.131369
vt 0.168057 0.134869
vt 0.569317 0.321757
vt 0.576869 0.311363
vt 0.576869 0.298515
vt 0.569317 0.288121
vt 0.557098 0.284151
vt 0.544879 0.288121
vt 0.537328 0.298515
vt 0.537328 0.311363
vt 0.544879 0.321757
vt 0.557098 0.325727
vt 0.171172 0.147339
vt 0.171163 0.147379
vt 0.171161 0.147375
vt 0.171194 0.147371
vt 0.171158 0.147373
vt 0.171102 0.147264
vt 0.171155 0.147373
vt 0.171153 0.147373
vt 0.171069 0.147280
vt 0.171103 0.147369
vt 0.171153 0.147378
vt 0.171043 0.147301
vt 0.171156 0.147382
vt 0.171119 0.147409
vt 0.171162 0.147390
vt 0.171135 0.147425
vt 0.171171 0.147430
vt 0.171164 0.147387
vt 0.171195 0.147419
vt 0.171164 0.147383
vt 0.080681 0.887874
vt 0.081012 0.884550
vt 0.081010 0.887873
vt 0.081212 0.884547
vt 0.081210 0.887869
vt 0.078690 0.886394
vt 0.078908 0.883842
vt 0.079257 0.886419
vt 0.079756 0.883149
vt 0.079795 0.886460
vt 0.080137 0.886457
vt 0.080098 0.883145
vt 0.080433 0.886467
vt 0.079030 0.881895
vt 0.077838 0.884004
vt 0.077561 0.883943
vt 0.079307 0.881957
vt 0.078058 0.884193
vt 0.080144 0.884546
vt 0.080350 0.887872
vt 0.080143 0.887869
vt 0.080683 0.884552
vt 0.080037 0.888785
vt 0.080345 0.889645
vt 0.079847 0.889069
vt 0.080037 0.889601
vt 0.079847 0.889381
vt 0.080345 0.888637
vt 0.080843 0.888901
vt 0.080843 0.889212
vt 0.076535 0.890318
vt 0.076081 0.890633
vt 0.076204 0.890233
vt 0.077238 0.888488
vt 0.077667 0.888493
vt 0.077339 0.888865
vt 0.077099 0.886685
vt 0.076592 0.886807
vt 0.076822 0.886360
vt 0.076993 0.890627
vt 0.076537 0.890721
vt 0.080351 0.891629
vt 0.080680 0.891196
vt 0.080682 0.891569
vt 0.080144 0.891786
vt 0.080348 0.891195
vt 0.076275 0.886757
vt 0.076589 0.886240
vt 0.076524 0.886774
vt 0.075975 0.886836
vt 0.076369 0.886052
vt 0.080078 0.890810
vt 0.080472 0.889778
vt 0.080379 0.890757
vt 0.079835 0.889772
vt 0.079742 0.890751
vt 0.079577 0.889789
vt 0.079498 0.890603
vt 0.078759 0.888913
vt 0.078729 0.889517
vt 0.078514 0.889391
vt 0.081008 0.891195
vt 0.081212 0.891787
vt 0.081011 0.891629
vt 0.077607 0.890121
vt 0.077934 0.890934
vt 0.077602 0.890929
vt 0.077935 0.889453
vt 0.077939 0.890125
vt 0.078145 0.890941
vt 0.078145 0.889290
vt 0.078150 0.890133
vt 0.077708 0.889781
vt 0.076922 0.890102
vt 0.076909 0.889882
vt 0.077721 0.890000
vt 0.076963 0.890411
vt 0.078934 0.889749
vt 0.077762 0.890309
vt 0.077813 0.890588
vt 0.077013 0.890689
vt 0.079047 0.890001
vt 0.076434 0.888158
vt 0.077040 0.888690
vt 0.075741 0.886980
vt 0.076632 0.887956
vt 0.076839 0.887723
vt 0.077445 0.888255
vt 0.076973 0.887548
vt 0.077579 0.888080
vt 0.077077 0.890936
vt 0.077280 0.890121
vt 0.077275 0.890930
vt 0.077077 0.889284
vt 0.077082 0.890127
vt 0.077276 0.889449
vt 0.076859 0.889467
vt 0.076864 0.890228
vt 0.077065 0.889701
vt 0.077067 0.889992
vt 0.075997 0.889708
vt 0.076200 0.889471
vt 0.076529 0.889379
vt 0.077723 0.886555
vt 0.078094 0.886494
vt 0.077970 0.886742
vt 0.077328 0.890232
vt 0.077275 0.887423
vt 0.076779 0.887585
vt 0.077028 0.887235
vt 0.076071 0.889072
vt 0.076526 0.888976
vt 0.077606 0.887443
vt 0.078040 0.887695
vt 0.077629 0.887872
vt 0.078138 0.888339
vt 0.077786 0.890329
vt 0.077772 0.888369
vt 0.077080 0.889125
vt 0.078827 0.890140
vt 0.078568 0.890401
vt 0.078029 0.888001
vt 0.079169 0.889751
vt 0.077277 0.888379
vt 0.077268 0.890338
vt 0.080790 0.886657
vt 0.081245 0.888627
vt 0.080787 0.888625
vt 0.076666 0.888339
vt 0.076665 0.890297
vt 0.081248 0.886660
vt 0.081588 0.888641
vt 0.080334 0.888627
vt 0.080337 0.886660
vt 0.080011 0.888641
vt 0.080010 0.886675
vt 0.077177 0.887874
vt 0.075740 0.890243
vt 0.075999 0.889999
vt 0.077390 0.886533
vt 0.077685 0.886180
vt 0.075740 0.889440
vt 0.076961 0.886953
vt 0.076983 0.889066
vt 0.077232 0.886180
vt 0.077318 0.889430
vt 0.080141 0.891191
vt 0.076092 0.885991
vt 0.080176 0.889770
vt 0.079047 0.888880
vt 0.081209 0.891191
vt 0.063762 0.886324
vt 0.064755 0.866461
vt 0.064744 0.886320
vt 0.065354 0.866450
vt 0.065343 0.886309
vt 0.058023 0.879499
vt 0.058467 0.864342
vt 0.058883 0.879400
vt 0.060465 0.882118
vt 0.061002 0.862271
vt 0.061236 0.882067
vt 0.062025 0.862259
vt 0.062258 0.882060
vt 0.063141 0.882086
vt 0.058832 0.858525
vt 0.050878 0.870948
vt 0.050052 0.870765
vt 0.059658 0.858708
vt 0.051536 0.871512
vt 0.062163 0.866449
vt 0.062772 0.886319
vt 0.062152 0.886308
vt 0.062782 0.866460
vt 0.061841 0.879117
vt 0.062762 0.881687
vt 0.061273 0.879966
vt 0.061841 0.881554
vt 0.061273 0.880897
vt 0.062762 0.878674
vt 0.064251 0.879463
vt 0.064251 0.880394
vt 0.051374 0.883699
vt 0.050017 0.884641
vt 0.050386 0.883444
vt 0.053475 0.878229
vt 0.054757 0.878245
vt 0.053779 0.879355
vt 0.053061 0.872840
vt 0.051546 0.873207
vt 0.052233 0.871870
vt 0.052743 0.884623
vt 0.051382 0.884902
vt 0.062780 0.887616
vt 0.063769 0.887437
vt 0.062163 0.888087
vt 0.050599 0.873057
vt 0.051343 0.873105
vt 0.049703 0.873291
vt 0.061963 0.885170
vt 0.062864 0.885011
vt 0.060959 0.884993
vt 0.060231 0.884551
vt 0.057933 0.881303
vt 0.057290 0.880927
vt 0.065354 0.888088
vt 0.064752 0.887617
vt 0.054579 0.883109
vt 0.055557 0.885539
vt 0.054564 0.885526
vt 0.055560 0.881113
vt 0.055572 0.883121
vt 0.056186 0.885562
vt 0.056186 0.880626
vt 0.056201 0.883145
vt 0.054882 0.882092
vt 0.052531 0.883053
vt 0.052492 0.882396
vt 0.054920 0.882750
vt 0.052653 0.883976
vt 0.058545 0.881999
vt 0.055043 0.883673
vt 0.055195 0.884505
vt 0.052803 0.884808
vt 0.058883 0.882751
vt 0.051074 0.877244
vt 0.052885 0.878834
vt 0.049001 0.873724
vt 0.051666 0.876639
vt 0.052285 0.875943
vt 0.054094 0.877533
vt 0.052685 0.875420
vt 0.054494 0.877010
vt 0.052996 0.885544
vt 0.053601 0.883111
vt 0.053586 0.885528
vt 0.052996 0.880609
vt 0.053011 0.883127
vt 0.053588 0.881103
vt 0.052345 0.881154
vt 0.052358 0.883431
vt 0.052964 0.882723
vt 0.050372 0.881167
vt 0.049772 0.882744
vt 0.049767 0.881875
vt 0.051357 0.880892
vt 0.054926 0.872451
vt 0.056033 0.872270
vt 0.055664 0.873012
vt 0.053745 0.883443
vt 0.053585 0.875045
vt 0.052104 0.875531
vt 0.052847 0.874484
vt 0.052958 0.881853
vt 0.049988 0.879975
vt 0.051349 0.879688
vt 0.054576 0.875104
vt 0.055872 0.875858
vt 0.054643 0.876389
vt 0.056166 0.877783
vt 0.055115 0.883731
vt 0.055071 0.877873
vt 0.053003 0.880133
vt 0.058226 0.883168
vt 0.057450 0.883947
vt 0.055841 0.876773
vt 0.059247 0.882003
vt 0.053592 0.877905
vt 0.053566 0.883759
vt 0.064092 0.872758
vt 0.065453 0.878645
vt 0.064083 0.878637
vt 0.051768 0.877783
vt 0.051762 0.883635
vt 0.065462 0.872766
vt 0.066478 0.878685
vt 0.062729 0.878645
vt 0.062737 0.872766
vt 0.061764 0.878685
vt 0.061760 0.872809
vt 0.053295 0.876396
vt 0.049000 0.883474
vt 0.053931 0.872385
vt 0.054811 0.871332
vt 0.049000 0.881075
vt 0.052647 0.873642
vt 0.052713 0.879956
vt 0.053458 0.871332
vt 0.053715 0.881044
vt 0.063767 0.876394
vt 0.064750 0.876390
vt 0.065349 0.876379
vt 0.057815 0.871970
vt 0.059512 0.872046
vt 0.061119 0.872169
vt 0.062141 0.872159
vt 0.063024 0.872188
vt 0.055268 0.864828
vt 0.054442 0.864645
vt 0.055926 0.865392
vt 0.062777 0.876390
vt 0.062158 0.876378
vt 0.063773 0.866464
vt 0.056211 0.883641
vt 0.063682 0.881244
vt 0.575486 0.306720
vt 0.571954 0.312606
vt 0.571954 0.306720
vt 0.568423 0.312606
vt 0.568423 0.306720
vt 0.564891 0.306720
vt 0.561360 0.312606
vt 0.561360 0.306720
vt 0.557828 0.306720
vt 0.557828 0.312606
vt 0.554297 0.306720
vt 0.554297 0.312606
vt 0.550765 0.306720
vt 0.547234 0.312606
vt 0.547234 0.306720
vt 0.575486 0.312606
vt 0.543702 0.312606
vt 0.543702 0.306720
vt 0.540171 0.312606
vt 0.540171 0.306720
vt 0.062482 0.877050
vt 0.066523 0.864612
vt 0.066523 0.871487
vt 0.544494 0.321348
vt 0.536942 0.310954
vt 0.550765 0.312606
vt 0.564891 0.312606
vt 0.568932 0.321348
vt 0.556713 0.325318
vt 0.045364 0.871487
vt 0.045364 0.864612
vt 0.049405 0.859050
vt 0.055944 0.856925
vt 0.062482 0.859050
vt 0.049405 0.877050
vt 0.055944 0.879174
vt 0.543702 0.300834
vt 0.540171 0.294948
vt 0.543702 0.294948
vt 0.540171 0.303777
vt 0.543702 0.303777
vt 0.547234 0.303777
vt 0.550765 0.303777
vt 0.554297 0.303777
vt 0.557828 0.300834
vt 0.554297 0.294948
vt 0.557828 0.294948
vt 0.557828 0.303777
vt 0.561360 0.294948
vt 0.561360 0.303777
vt 0.564891 0.300834
vt 0.564891 0.294948
vt 0.564891 0.303777
vt 0.568423 0.294948
vt 0.568423 0.303777
vt 0.571954 0.300834
vt 0.571954 0.294948
vt 0.571954 0.303777
vt 0.575486 0.300834
vt 0.575486 0.294948
vt 0.575486 0.303777
vt 0.568423 0.300834
vt 0.561360 0.300834
vt 0.554297 0.300834
vt 0.547234 0.300834
vt 0.540171 0.300834
vt 0.547234 0.294948
vt 0.550765 0.300834
vt 0.550765 0.294948
vt 0.161635 0.136530
vt 0.163308 0.134871
vt 0.169745 0.171595
vt 0.167389 0.145093
vt 0.166151 0.135605
vt 0.166410 0.139404
vt 0.160125 0.134336
vt 0.436567 0.832522
vt 0.436724 0.832524
vt 0.186791 0.058882
vt 0.187084 0.058878
vt 0.194624 0.132271
vt 0.193450 0.132842
vt 0.194543 0.131850
vt 0.195254 0.131374
vt 0.194542 0.131430
vt 0.187396 0.058868
vt 0.159870 0.138211
vt 0.194897 0.131859
vt 0.194966 0.131852
vt 0.194901 0.131852
vt 0.194964 0.131845
vt 0.161528 0.136521
vt 0.194903 0.131856
vt 0.185806 0.074423
vt 0.061627 0.881932
vt 0.191499 0.124386
vt 0.313221 0.052810
vt 0.433437 0.934360
vt 0.170575 0.163037
vt 0.170570 0.159598
vt 0.318570 0.092312
vt 0.328653 0.074092
vt 0.314207 0.067211
vt 0.162077 0.167990
vt 0.948381 0.596106
vt 0.580055 0.828291
vt 0.682286 0.587326
vt 0.175836 0.107570
vt 0.399002 0.026240
vt 0.148772 0.102318
vt 0.301718 0.112983
vt 0.165786 0.156595
vt 0.428995 0.898926
vt 0.424283 0.915316
vt 0.149223 0.169867
vt 0.175309 0.109263
vt 0.161834 0.137344
vt 0.434358 0.835596
vt 0.436403 0.899575
vt 0.186459 0.059083
vt 0.690586 0.582111
vt 0.163385 0.172340
vt 0.200895 0.527525
vt 0.293165 0.050113
vt 0.183452 0.061313
vt 0.445325 0.835168
vt 0.327173 0.048255
vt 0.182646 0.058149
vt 0.161032 0.172436
vt 0.434993 0.833677
vt 0.193567 0.142284
vt 0.192340 0.068742
vt 0.174366 0.126161
vt 0.682283 0.583897
vt 0.574061 0.832148
vt 0.189711 0.077446
vt 0.190744 0.068742
vt 0.210932 0.059028
vt 0.153393 0.106139
vt 0.201053 0.057397
vt 0.210257 0.057493
vt 0.164197 0.188261
vt 0.312737 0.051371
vt 0.203892 0.058141
vt 0.182824 0.113564
vt 0.181848 0.177343
vt 0.164277 0.192470
vt 0.212695 0.058335
vt 0.155043 0.198079
vt 0.066715 0.878755
vt 0.054516 0.882405
vt 0.067722 0.879347
vt 0.063846 0.883890
vt 0.061004 0.874655
vt 0.067633 0.869894
vt 0.061872 0.871663
vt 0.061430 0.872276
vt 0.075281 0.877788
vt 0.063719 0.880735
vt 0.067228 0.883681
vt 0.055985 0.880771
vt 0.067034 0.878312
vt 0.067378 0.879371
vt 0.196388 0.527944
vt 0.151025 0.098497
vt 0.151712 0.180661
vt 0.310993 0.052841
vt 0.946850 0.592769
vt 0.682283 0.585216
vt 0.056803 0.881205
vt 0.061600 0.878316
vt 0.061502 0.882521
vt 0.401897 0.028283
vt 0.054483 0.880161
vt 0.186716 0.069669
vt 0.312119 0.044248
vt 0.430259 0.911615
vt 0.179441 0.111988
vt 0.211779 0.058996
vt 0.205523 0.052572
vt 0.056256 0.881210
vt 0.325872 0.103800
vt 0.323604 0.120056
vt 0.073711 0.871667
vt 0.069606 0.876039
vt 0.069579 0.879957
vt 0.161818 0.172807
vt 0.182774 0.183712
vt 0.166037 0.172844
vt 0.182236 0.192313
vt 0.313899 0.071188
vt 0.155195 0.173672
vt 0.185120 0.124178
vt 0.434578 0.934356
vt 0.165338 0.186776
vt 0.420362 0.970301
vt 0.181175 0.173673
vt 0.180521 0.173677
vt 0.166183 0.186860
vt 0.435422 0.934364
vt 0.421015 0.970309
vt 0.060827 0.852480
vt 0.065755 0.864719
vt 0.067823 0.868988
vt 0.065286 0.870831
vt 0.070203 0.881798
vt 0.070163 0.880893
vt 0.073463 0.865544
vt 0.073821 0.865544
vt 0.066136 0.866112
vt 0.075442 0.873144
vt 0.060161 0.871861
vt 0.061751 0.850153
vt 0.074611 0.872605
vt 0.065517 0.877538
vt 0.061872 0.871633
vt 0.685447 0.585506
vt 0.682814 0.583897
vt 0.577314 0.828170
vt 0.701733 0.530138
vt 0.952821 0.593017
vt 0.954412 0.595982
vt 0.685447 0.586172
vt 0.577958 0.840332
vt 0.199167 0.527789
vt 0.701270 0.530802
vt 0.199167 0.528513
vt 0.958104 0.598084
vt 0.948305 0.593158
vt 0.205563 0.529975
vt 0.202564 0.511811
vt 0.948305 0.595389
vt 0.205625 0.530419
vt 0.201713 0.512669
vt 0.955862 0.591285
vt 0.580368 0.828674
vt 0.685195 0.582893
vt 0.947002 0.592459
vt 0.957164 0.599448
vt 0.184793 0.181607
vt 0.687415 0.585051
vt 0.200391 0.529632
vt 0.570132 0.835033
vt 0.686500 0.583022
vt 0.570497 0.835887
vt 0.569629 0.841073
vt 0.684546 0.582429
vt 0.202141 0.529421
vt 0.200511 0.517622
vt 0.205812 0.526744
vt 0.953414 0.599310
vt 0.065528 0.886986
vt 0.061059 0.884975
vt 0.060720 0.885283
vt 0.060990 0.876536
vt 0.065135 0.876741
vt 0.176824 0.195465
vt 0.055337 0.881338
vt 0.682814 0.583895
vt 0.192691 0.513048
vt 0.165522 0.194330
vt 0.164869 0.194329
vt 0.150518 0.105660
vt 0.181516 0.191864
vt 0.182103 0.181252
vt 0.061612 0.874655
vt 0.419830 0.969467
vt 0.327960 0.072185
vt 0.068047 0.877661
vt 0.429861 0.902710
vt 0.177736 0.061160
vt 0.201937 0.120472
vt 0.061943 0.877723
vt 0.440765 0.833816
vt 0.069690 0.880415
vt 0.956059 0.591971
vt 0.312752 0.052828
vt 0.176397 0.057606
vt 0.188901 0.056886
vt 0.188105 0.056935
vt 0.182919 0.059230
vt 0.301715 0.114098
vt 0.070390 0.877771
vt 0.203109 0.052942
vt 0.149576 0.167732
vt 0.310838 0.050739
vt 0.157682 0.160214
vt 0.413543 0.894485
vt 0.062212 0.878439
vt 0.316307 0.471148
vt 0.325208 0.475752
vt 0.311460 0.467298
vt 0.335045 0.471291
vt 0.401021 0.901560
vt 0.303002 0.062583
vt 0.306262 0.471291
vt 0.212693 0.058333
vt 0.212459 0.054102
vt 0.053327 0.877569
vt 0.193078 0.067891
vt 0.164192 0.173815
vt 0.221671 0.057014
vt 0.413104 0.947313
vt 0.432304 0.970708
vt 0.157612 0.172265
vt 0.411225 0.949498
vt 0.412206 0.958724
vt 0.314417 0.071262
vt 0.224607 0.055478
vt 0.066680 0.881114
vt 0.061007 0.878365
vt 0.053366 0.880876
vt 0.479728 0.830743
vt 0.062598 0.879148
vt 0.202991 0.055290
vt 0.459337 0.832214
vt 0.162566 0.184142
vt 0.433348 0.967880
vt 0.062207 0.879736
vt 0.152246 0.177446
vt 0.585499 0.256016
vt 0.447903 0.784206
vt 0.166057 0.123176
vt 0.286316 0.107077
vt 0.312844 0.080119
vt 0.164104 0.163570
vt 0.463945 0.785028
vt 0.461770 0.783001
vt 0.409521 0.895896
vt 0.327395 0.080880
vt 0.202020 0.058079
vt 0.219042 0.053010
vt 0.205823 0.056801
vt 0.582530 0.256053
vt 0.325070 0.052336
vt 0.453665 0.787297
vt 0.304289 0.060984
vt 0.412496 0.893664
vt 0.322420 0.484291
vt 0.308958 0.445565
vt 0.055026 0.879828
vt 0.056881 0.879611
vt 0.054163 0.879583
vt 0.061358 0.892590
vt 0.057169 0.880793
vt 0.064529 0.878589
vt 0.071040 0.877771
vt 0.070748 0.879740
vt 0.062304 0.885693
vt 0.068044 0.881535
vt 0.061375 0.880512
vt 0.068262 0.887263
vt 0.055333 0.891175
vt 0.055333 0.892590
vt 0.160720 0.188765
vt 0.060022 0.884374
vt 0.181516 0.185521
vt 0.063375 0.881117
vt 0.053910 0.877569
vt 0.062804 0.879699
vt 0.062164 0.877726
vt 0.062212 0.881180
vt 0.166958 0.172704
vt 0.509525 0.131515
vt 0.181865 0.184870
vt 0.509465 0.128116
vt 0.333794 0.085510
vt 0.169746 0.194747
vt 0.164136 0.184043
vt 0.187215 0.173505
vt 0.306805 0.079889
vt 0.175387 0.173335
vt 0.175725 0.173630
vt 0.174035 0.173301
vt 0.334073 0.081408
vt 0.593287 0.257381
vt 0.593038 0.256072
vt 0.593974 0.256560
vt 0.584572 0.255712
vt 0.581808 0.252898
vt 0.582902 0.256048
vt 0.594191 0.257511
vt 0.054585 0.887243
vt 0.051645 0.870720
vt 0.305408 0.094314
vt 0.049732 0.874560
vt 0.064402 0.876489
vt 0.057798 0.876044
vt 0.057797 0.883183
vt 0.061628 0.876438
vt 0.177643 0.193269
vt 0.311145 0.108786
vt 0.155154 0.186022
vt 0.187015 0.169925
vt 0.177473 0.191435
vt 0.177473 0.197822
vt 0.309845 0.114299
vt 0.148810 0.180605
vt 0.316083 0.048885
vt 0.316330 0.045901
vt 0.313636 0.061465
vt 0.310977 0.049581
vt 0.309596 0.054123
vt 0.310945 0.048207
vt 0.179620 0.176066
vt 0.068667 0.879587
vt 0.174730 0.172675
vt 0.331933 0.083928
vt 0.154995 0.198156
vt 0.335461 0.082262
vt 0.423270 0.918002
vt 0.163229 0.135938
vt 0.150569 0.098797
vt 0.056618 0.873758
vt 0.056604 0.872548
vt 0.162584 0.136849
vt 0.310427 0.046623
vt 0.292682 0.046112
vt 0.434016 0.943640
vt 0.317415 0.036279
vt 0.314115 0.069298
vt 0.177860 0.183706
vt 0.435537 0.901857
vt 0.318568 0.092729
vt 0.220798 0.125748
vt 0.431114 0.888674
vt 0.055467 0.869013
vt 0.061751 0.854787
vt 0.060827 0.858593
vt 0.302690 0.112242
vt 0.054425 0.870931
vt 0.078620 0.883875
vt 0.079498 0.883166
vt 0.080394 0.883155
vt 0.079527 0.882145
vt 0.080352 0.884550
vt 0.080653 0.889497
vt 0.080653 0.888681
vt 0.077603 0.889514
vt 0.077899 0.887292
vt 0.078153 0.890299
vt 0.079527 0.889263
vt 0.081597 0.886675
vt 0.057607 0.864441
vt 0.060231 0.862322
vt 0.062907 0.862290
vt 0.060316 0.859272
vt 0.063682 0.878806
vt 0.054568 0.881295
vt 0.055450 0.874656
vt 0.060316 0.880544
vt 0.066504 0.872809
s 0
usemtl Material
f 664/645/603 1423/646/603 1286/647/603
f 1362/648/604 526/649/604 547/650/604
f 1255/651/605 524/652/605 548/653/605
f 1358/654/606 1335/655/606 1334/656/606
f 1287/657/607 550/658/607 1257/659/607
f 1346/660/608 542/661/608 1253/662/608
f 543/663/609 1344/664/609 1990/665/609
f 1163/666/610 606/667/610 865/668/610
f 551/669/611 807/670/611 815/671/611
f 1857/672/612 2000/673/612 1987/674/612
f 849/675/613 1158/676/613 904/677/613
f 1947/678/614 1289/679/614 1919/680/614
f 1171/681/615 1936/682/615 1971/683/615
f 1297/684/616 926/685/616 811/686/616
f 1215/687/617 536/688/617 1172/689/617
f 928/690/618 810/691/618 998/692/618
f 649/693/619 1980/694/619 1962/695/619
f 1300/696/620 733/697/620 555/698/620
f 1248/699/607 541/700/607 1127/701/607
f 1343/702/621 1363/703/621 1338/704/621
f 1337/705/622 1356/706/622 1342/707/622
f 1342/708/623 1357/709/623 1343/702/623
f 872/710/624 1427/711/624 527/712/624
f 1359/713/625 1334/714/625 1341/715/625
f 1291/716/626 548/653/626 733/697/626
f 1364/717/627 547/718/627 778/719/627
f 872/710/628 1417/720/628 1420/721/628
f 548/722/629 731/723/629 733/724/629
f 524/725/630 1369/726/630 548/727/630
f 1249/728/631 553/729/631 524/725/631
f 808/730/632 554/731/632 814/732/632
f 874/733/633 1421/734/633 1300/735/633
f 546/736/634 1398/737/634 1371/738/634
f 522/739/635 1371/738/635 1425/740/635
f 883/741/636 1256/742/636 1302/743/636
f 545/744/637 1417/720/637 732/745/637
f 2412/746/638 726/747/638 776/748/638
f 1366/749/639 1341/715/639 1344/664/639
f 1365/750/640 933/751/640 551/669/640
f 1863/752/641 1258/753/641 1924/754/641
f 2242/755/642 1984/756/642 2258/757/642
f 1285/758/643 1926/759/643 1935/760/643
f 821/761/644 1946/762/644 1859/763/644
f 2234/764/645 629/765/645 2241/766/645
f 2246/767/646 558/768/646 1331/769/646
f 2310/770/647 822/771/647 2318/772/647
f 935/773/648 823/774/648 827/775/648
f 2316/776/649 1136/777/649 633/778/649
f 1265/779/650 700/780/650 1140/781/650
f 642/782/651 2185/783/651 2187/784/651
f 2347/785/652 593/786/652 2184/787/652
f 1178/788/653 692/789/653 693/790/653
f 2312/791/654 621/792/654 2314/793/654
f 658/794/655 2183/795/655 2189/796/655
f 2236/797/656 2182/798/656 2271/799/656
f 2237/800/657 617/801/657 2239/802/657
f 542/661/658 1360/803/658 818/804/658
f 599/805/659 584/806/659 611/807/659
f 595/808/660 582/809/660 607/810/660
f 997/811/661 1325/812/661 1317/813/661
f 1219/814/662 1087/815/662 1235/816/662
f 912/817/663 1095/818/663 844/819/663
f 863/820/664 1111/821/664 1115/822/664
f 613/823/665 575/824/665 597/825/665
f 871/826/666 1077/827/666 1110/828/666
f 583/829/667 626/830/667 609/831/667
f 610/832/668 519/833/668 1128/834/668
f 610/832/669 626/835/669 625/836/669
f 614/837/670 1129/838/670 1130/839/670
f 613/823/671 598/840/671 614/837/671
f 1174/841/672 1158/842/672 1198/843/672
f 891/844/673 1234/845/673 1218/846/673
f 846/847/674 1124/848/674 1125/849/674
f 846/850/675 906/851/675 905/852/675
f 1262/853/676 537/854/676 1290/855/676
f 1263/856/677 606/857/677 1262/858/677
f 1164/859/678 604/860/678 536/861/678
f 1006/862/679 604/863/679 862/864/679
f 1120/865/680 608/866/680 1119/867/680
f 596/868/681 607/810/681 608/869/681
f 1361/870/682 616/871/682 877/872/682
f 1122/873/683 612/874/683 1121/875/683
f 600/876/684 611/807/684 612/874/684
f 2412/746/685 880/877/685 2430/878/685
f 1253/662/686 818/804/686 1260/879/686
f 1217/880/687 777/881/687 879/882/687
f 2238/883/688 1133/884/688 2235/885/688
f 2239/886/689 618/887/689 2238/888/689
f 1187/889/690 685/890/690 684/891/690
f 1266/892/691 679/893/691 1276/894/691
f 2313/895/692 1137/896/692 2309/897/692
f 2314/898/693 622/899/693 2313/895/693
f 1268/900/694 669/901/694 691/902/694
f 1270/903/695 699/904/695 1266/892/695
f 2311/905/696 634/906/696 593/786/696
f 2315/907/697 633/778/697 634/908/697
f 1267/909/698 691/902/698 688/910/698
f 2236/911/699 630/912/699 589/913/699
f 2241/766/700 630/912/700 2240/914/700
f 864/915/701 1113/916/701 991/917/701
f 920/918/702 904/919/702 903/920/702
f 870/921/703 1079/922/703 997/811/703
f 865/668/704 605/923/704 1008/924/704
f 1273/925/690 683/926/690 682/927/690
f 1192/928/705 697/929/705 1181/930/705
f 1269/931/706 690/932/706 667/933/706
f 1272/934/707 682/935/707 681/936/707
f 1181/930/708 1143/937/708 1180/938/708
f 2184/939/709 641/940/709 2186/941/709
f 641/940/710 2187/784/710 2186/941/710
f 1274/942/711 689/943/711 690/932/711
f 1276/894/653 680/944/653 1275/945/653
f 934/946/712 826/947/712 822/948/712
f 938/949/713 827/775/713 826/947/713
f 1182/950/714 695/951/714 675/952/714
f 1184/953/650 674/954/650 1183/955/650
f 1185/956/715 1146/957/715 695/958/715
f 1191/959/607 684/891/607 710/960/607
f 1188/961/695 672/962/695 1147/963/695
f 2550/964/716 687/965/716 2542/966/716
f 1190/967/717 710/960/717 692/968/717
f 1279/969/718 689/970/718 1278/971/718
f 1281/972/719 669/901/719 1280/973/719
f 2182/798/720 657/974/720 2188/975/720
f 2537/976/721 2189/796/721 2574/977/721
f 1283/978/607 683/926/607 1282/979/607
f 2549/980/722 715/981/722 2541/982/722
f 2243/983/723 1925/984/723 820/985/723
f 1881/986/724 2001/987/724 1857/672/724
f 1984/756/725 828/988/725 1988/989/725
f 1932/990/726 1285/758/726 1935/760/726
f 3223/991/727 697/929/727 3219/992/727
f 3205/993/728 700/994/728 3211/995/728
f 704/996/729 685/997/729 694/998/729
f 702/999/730 688/1000/730 691/1001/730
f 3213/1002/731 669/1003/731 1149/1004/731
f 3217/1005/732 691/1001/732 669/1003/732
f 3207/1006/733 674/1007/733 1145/1008/733
f 3209/1009/734 694/998/734 674/1007/734
f 705/1010/735 682/1011/735 683/1012/735
f 3211/995/736 681/1013/736 705/1010/736
f 707/1014/737 678/1015/737 686/1016/737
f 3219/992/738 677/1017/738 707/1014/738
f 679/1018/739 3210/1019/739 713/1020/739
f 713/1020/740 3211/995/740 705/1010/740
f 680/1021/741 713/1020/741 709/1022/741
f 709/1022/742 705/1010/742 683/1012/742
f 693/1023/743 3208/1024/743 672/1025/743
f 3208/1024/744 704/996/744 3209/1009/744
f 672/1025/745 3206/1026/745 1147/1027/745
f 701/1028/746 3236/1029/746 3238/1028/746
f 692/1030/747 712/1031/747 693/1023/747
f 712/1031/748 684/1032/748 704/996/748
f 675/1033/749 3222/1034/749 719/1035/749
f 3218/1036/750 707/1014/750 2545/1037/750
f 676/1038/751 719/1035/751 715/1039/751
f 2545/1037/752 686/1016/752 2541/1040/752
f 690/1041/753 3220/1042/753 667/1043/753
f 3216/1044/754 702/999/754 3217/1005/754
f 667/1043/755 3221/1045/755 1142/1046/755
f 714/1047/756 3228/1048/756 3234/1049/756
f 689/1050/757 718/1051/757 690/1041/757
f 2544/1052/758 687/1053/758 702/999/758
f 695/1054/759 3215/1055/759 3222/1034/759
f 1155/1056/760 3232/1057/760 3230/1056/760
f 1189/1058/691 693/790/691 672/962/691
f 1264/1059/761 681/936/761 700/780/761
f 1194/1060/762 678/1061/762 1193/1062/762
f 1177/1063/707 685/1064/707 1179/1065/707
f 1183/955/761 694/1066/761 1177/1063/761
f 1277/1067/763 688/1068/763 687/965/763
f 1195/1069/764 676/1070/764 715/981/764
f 1283/978/717 680/1071/717 709/1072/717
f 1182/950/765 676/1073/765 1176/1074/765
f 1271/1075/766 667/933/766 1142/1076/766
f 1284/1077/767 753/1078/767 1285/758/767
f 796/1079/768 752/1080/768 798/1081/768
f 735/1082/769 1284/1077/769 1258/1083/769
f 734/1084/770 796/1079/770 780/1085/770
f 1223/1086/771 985/1087/771 1229/1088/771
f 1206/1089/772 1010/1090/772 746/1091/772
f 2422/1092/773 747/1093/773 2421/1094/773
f 1206/1095/774 722/1096/774 1172/1097/774
f 2424/1098/775 747/1099/775 721/1100/775
f 627/1101/776 1090/1102/776 1089/1103/776
f 648/1104/777 1050/1105/777 1056/1106/777
f 1251/1107/778 909/1108/778 1123/1109/778
f 1044/1110/779 1052/1111/779 1051/1112/779
f 749/1113/780 1112/1114/780 1114/1115/780
f 888/1116/781 1014/1117/781 1016/1118/781
f 844/1119/782 1099/1120/782 847/1121/782
f 2420/1122/783 1004/1123/783 2422/1092/783
f 538/1124/784 982/1125/784 859/1126/784
f 1443/1127/785 986/1128/785 1449/1129/785
f 2435/1130/786 966/1131/786 2442/1132/786
f 573/1133/787 2292/1134/787 2287/1135/787
f 753/1078/788 1259/1136/788 1285/758/788
f 752/1080/789 782/1137/789 798/1081/789
f 1899/1138/790 735/1082/790 1886/1139/790
f 761/1140/791 1964/1141/791 760/1142/791
f 876/1143/792 1408/1144/792 1409/1145/792
f 1170/1146/793 1426/1147/793 528/1148/793
f 882/1149/794 774/1150/794 881/1151/794
f 881/1152/795 729/1153/795 879/1154/795
f 725/1155/796 817/1156/796 777/881/796
f 1295/1157/797 541/700/797 1254/1158/797
f 771/1159/798 817/1156/798 770/1160/798
f 1202/1161/799 662/1162/799 1196/1163/799
f 2413/1164/800 730/1165/800 661/1166/800
f 557/1167/801 1426/1168/801 1412/1169/801
f 876/1143/802 2468/1170/802 2429/1171/802
f 1169/1172/803 1425/1173/803 1415/1174/803
f 1364/717/804 556/1175/804 1365/750/804
f 569/1176/805 959/1177/805 953/1178/805
f 652/1179/806 1228/1180/806 1222/1181/806
f 1167/1182/807 1290/1183/807 1299/1184/807
f 1165/1185/808 722/1186/808 767/1187/808
f 1199/1188/809 993/1189/809 1212/1190/809
f 2416/1191/810 994/1192/810 2427/1193/810
f 1298/1194/811 646/1195/811 1289/679/811
f 853/1196/812 645/1197/812 765/1198/812
f 1854/1199/813 1966/1200/813 1938/1201/813
f 1855/1202/814 1970/1203/814 1213/1204/814
f 1200/1205/815 1349/1206/815 725/1207/815
f 2423/1208/816 726/747/816 2417/1209/816
f 1196/1210/817 727/1211/817 1201/1212/817
f 2418/1213/818 661/1214/818 728/1215/818
f 2418/1216/819 1374/1217/819 2465/1218/819
f 520/1219/820 1418/1220/820 545/744/820
f 1201/1221/821 1372/1222/821 1387/1223/821
f 662/1224/822 772/1225/822 727/1211/822
f 756/1226/823 773/1227/823 772/1228/823
f 725/1155/824 1348/1229/824 770/1160/824
f 1348/1229/825 771/1159/825 770/1160/825
f 1854/1199/826 2507/1230/826 2503/1231/826
f 1876/1232/827 1945/1233/827 1853/1234/827
f 850/1235/828 764/1236/828 646/1195/828
f 852/1237/829 765/1238/829 764/1236/829
f 941/1239/830 838/1240/830 993/1189/830
f 838/1240/831 942/1241/831 839/1242/831
f 1166/1243/832 2424/1244/832 2428/1245/832
f 1165/1185/833 766/1246/833 1166/1243/833
f 769/1247/834 976/1248/834 978/1249/834
f 859/1126/835 2146/1250/835 2140/1251/835
f 873/1252/836 1413/1253/836 1406/1254/836
f 773/1255/837 1392/1256/837 772/1257/837
f 727/1258/838 1392/1256/838 1372/1222/838
f 729/1153/839 756/1259/839 662/1162/839
f 774/1150/840 757/1260/840 756/1261/840
f 539/1262/841 1741/1263/841 1734/1264/841
f 1301/1265/842 615/1266/842 1295/1157/842
f 1200/1267/843 777/881/843 1210/1268/843
f 586/1269/844 540/1270/844 616/1271/844
f 555/1272/845 731/723/845 1367/1273/845
f 875/1274/846 1406/1254/846 1408/1144/846
f 760/1142/847 2506/1275/847 2462/1276/847
f 1884/1277/848 1966/1200/848 1880/1278/848
f 799/1279/849 737/1280/849 753/1078/849
f 798/1081/850 783/1281/850 799/1279/850
f 552/1282/851 1634/1283/851 1740/1284/851
f 1246/1285/852 1755/1286/852 1752/1287/852
f 521/1288/853 2251/1289/853 2244/1290/853
f 640/1291/854 950/1292/854 952/1293/854
f 768/1294/855 968/1295/855 976/1248/855
f 535/1296/856 981/1297/856 985/1298/856
f 572/1299/857 950/1292/857 639/1300/857
f 673/1301/858 1750/1302/858 1245/1303/858
f 2373/1304/859 1763/1305/859 2381/1306/859
f 2246/1307/860 1746/1308/860 2253/1309/860
f 532/1310/861 1738/1311/861 840/1312/861
f 1009/1313/862 794/1314/862 1010/1090/862
f 784/1315/863 795/1316/863 794/1314/863
f 741/1317/864 1016/1318/864 1015/1319/864
f 786/1320/865 1013/1321/865 1011/1322/865
f 744/1323/866 1047/1324/866 1040/1325/866
f 648/1326/867 1046/1327/867 1041/1328/867
f 2451/1329/868 1051/1112/868 2454/1330/868
f 745/1331/869 1052/1111/869 1037/1332/869
f 722/1096/862 792/1333/862 767/1334/862
f 767/1334/870 793/1335/870 766/1336/870
f 746/1091/871 794/1314/871 792/1337/871
f 794/1314/872 793/1338/872 792/1337/872
f 1244/1339/873 1739/1340/873 1749/1341/873
f 1328/1342/874 1737/1343/874 532/1344/874
f 867/1345/875 1762/1346/875 1729/1347/875
f 665/1348/876 1646/1349/876 1149/1350/876
f 758/1351/877 980/1352/877 979/1353/877
f 2331/1354/878 953/1178/878 2332/1355/878
f 637/1356/879 959/1177/879 638/1357/879
f 758/1351/880 965/1358/880 652/1179/880
f 1332/1359/881 1754/1360/881 1751/1361/881
f 696/1362/882 1747/1363/882 1242/1364/882
f 1254/1365/883 1695/1366/883 1295/1367/883
f 521/1288/884 1734/1264/884 1735/1368/884
f 735/1082/885 797/1369/885 751/1370/885
f 780/1085/886 797/1369/886 781/1371/886
f 751/1370/887 799/1279/887 753/1078/887
f 797/1369/888 798/1081/888 799/1279/888
f 2179/1372/889 839/1242/889 2180/1373/889
f 2177/1374/890 838/1240/890 2179/1372/890
f 2427/1193/891 2178/1375/891 2520/1376/891
f 1231/1377/892 1107/1378/892 1239/1379/892
f 2573/1380/893 831/1381/893 2176/1382/893
f 820/1383/894 2175/1384/894 2169/1385/894
f 1208/1386/895 1928/1387/895 1209/1388/895
f 1865/1389/896 1923/1390/896 1203/1391/896
f 2173/1392/897 827/775/897 2174/1393/897
f 2171/1394/898 826/947/898 2173/1392/898
f 824/1395/899 937/1396/899 932/1397/899
f 804/1398/900 932/1397/900 927/1399/900
f 930/1400/901 811/1401/901 926/1402/901
f 1968/1403/902 1289/679/902 1967/1404/902
f 1923/1390/903 1208/1386/903 1203/1391/903
f 1209/1405/904 1920/1406/904 1204/1407/904
f 2330/1408/905 804/1398/905 927/1399/905
f 937/1396/906 805/1409/906 931/1410/906
f 2174/1393/907 823/774/907 2172/1411/907
f 2318/1412/908 2171/1394/908 2346/1413/908
f 2176/1382/909 821/761/909 2170/1414/909
f 2243/983/910 2169/1415/910 2270/1416/910
f 924/1417/911 1367/1273/911 554/731/911
f 808/730/912 2167/1418/912 2164/1419/912
f 1368/1420/913 553/729/913 883/741/913
f 2162/1421/914 812/1422/914 2165/1423/914
f 602/1101/915 1087/1424/915 601/1425/915
f 748/1426/916 1117/1427/916 992/1115/916
f 815/671/917 2163/1428/917 2168/1429/917
f 813/1430/918 2181/1431/918 2166/1432/918
f 2170/1414/919 1859/763/919 2190/1433/919
f 829/1434/920 1986/1435/920 1993/1436/920
f 782/1137/921 852/1237/921 783/1281/921
f 783/1281/922 850/1235/922 737/1280/922
f 673/1437/923 1655/1438/923 1699/1439/923
f 698/1440/858 1761/1441/858 1680/1442/858
f 3207/1443/924 1652/1444/924 1651/1445/924
f 666/1446/925 1648/1447/925 1146/1448/925
f 736/1449/926 853/1450/926 782/1137/926
f 1259/1136/927 850/1235/927 1298/1194/927
f 631/1451/928 920/918/928 632/1452/928
f 632/1452/929 1844/1453/929 590/1454/929
f 620/1455/930 918/1456/930 846/847/930
f 620/1455/931 1125/849/931 1148/1457/931
f 590/1454/932 2191/1458/932 2183/795/932
f 619/1459/933 1842/1460/933 918/1456/933
f 803/1461/934 1987/674/934 1986/1435/934
f 2548/1462/935 1993/1436/935 2561/1463/935
f 631/1464/936 1134/1465/936 849/675/936
f 3205/993/937 1650/1466/937 1140/1467/937
f 2233/1468/938 998/692/938 2192/1469/938
f 2138/1470/939 930/1400/939 2128/1471/939
f 724/1472/940 1315/1473/940 1308/1474/940
f 568/1475/941 962/1476/941 637/1356/941
f 671/1477/942 1652/1444/942 1145/1478/942
f 886/1479/943 1736/1480/943 1328/1342/943
f 884/1481/944 1740/1284/944 1753/1482/944
f 769/1247/945 2443/1483/945 2436/1484/945
f 1307/1485/946 983/1486/946 1314/1487/946
f 2136/1488/947 865/1489/947 1008/1490/947
f 2133/1491/948 1008/1490/948 1003/1492/948
f 2134/1493/949 1006/1494/949 862/1495/949
f 2130/1496/950 862/1497/950 1164/1498/950
f 2133/1499/951 2193/1500/951 2232/1501/951
f 2132/1502/952 1006/1494/952 2135/1503/952
f 573/1133/953 952/1293/953 948/1504/953
f 2131/1505/954 998/692/954 2139/1506/954
f 2151/1507/955 857/1508/955 1247/1509/955
f 2137/1510/956 1163/1511/956 865/1489/956
f 527/1512/957 1344/1513/957 872/1514/957
f 939/1515/958 875/1516/958 943/1517/958
f 1216/1518/959 1405/1519/959 1413/1520/959
f 1197/1521/960 873/1522/960 939/1515/960
f 1288/1523/961 1427/1524/961 1422/1148/961
f 2429/1525/962 923/1526/962 2414/1527/962
f 875/1516/963 940/1528/963 943/1517/963
f 528/1529/964 1980/694/964 1170/1530/964
f 1250/1531/965 555/698/965 924/1532/965
f 1300/1533/966 1419/1534/966 1291/1535/966
f 818/804/967 1368/1420/967 883/741/967
f 550/658/968 1301/1265/968 1257/659/968
f 696/1536/969 1659/1537/969 1693/1538/969
f 1286/647/970 1424/1539/970 520/1540/970
f 777/881/971 881/1151/971 879/882/971
f 817/1156/972 882/1149/972 881/1151/972
f 1217/1541/973 729/1153/973 1202/1161/973
f 812/1422/974 2212/1542/974 2165/1423/974
f 3215/1543/975 1648/1447/975 1647/1544/975
f 665/1545/976 1751/1361/976 1714/1546/976
f 2430/878/977 730/1165/977 2419/1547/977
f 614/837/978 1545/1548/978 1544/1549/978
f 549/1550/979 1361/870/979 877/872/979
f 609/1551/980 1527/1552/980 1573/1553/980
f 612/1554/981 1543/1555/981 1121/1556/981
f 609/1557/982 1564/1558/982 583/1559/982
f 607/1560/983 1525/1561/983 608/1562/983
f 649/1563/984 1414/1564/984 1170/1565/984
f 1260/879/985 883/741/985 1302/743/985
f 1128/1566/986 1527/1567/986 610/1568/986
f 1162/1569/987 1545/1570/987 1130/1571/987
f 2431/1572/988 1160/1573/988 2415/1574/988
f 1038/1575/989 897/1576/989 916/1577/989
f 1039/1578/990 909/1108/990 922/1579/990
f 743/1580/991 916/1577/991 907/1581/991
f 1036/1582/992 909/1108/992 742/1583/992
f 1042/1584/993 907/1581/993 1159/1585/993
f 1042/1584/994 1161/1586/994 762/1587/994
f 763/1588/995 1161/1586/995 1160/1573/995
f 1039/1578/996 2426/1589/996 2432/1590/996
f 790/1591/997 897/1576/997 791/1592/997
f 1849/1593/998 1025/1594/998 1851/1595/998
f 887/1596/999 1030/1597/999 1029/1598/999
f 922/1599/1000 1023/1600/1000 1024/1601/1000
f 1851/1595/1001 2446/1602/1001 2425/1603/1001
f 787/1604/1002 1028/1605/1002 741/1606/1002
f 894/1607/1003 1029/1598/1003 1034/1608/1003
f 1849/1593/1004 1020/1609/1004 1019/1610/1004
f 894/1607/1005 2449/1611/1005 2434/1612/1005
f 602/1613/1006 903/1614/1006 904/1615/1006
f 628/1616/1007 905/1617/1007 906/1618/1007
f 1218/1619/1008 904/1615/1008 1174/1620/1008
f 898/1621/1009 1175/1622/1009 1219/1623/1009
f 890/1624/1007 1293/1625/1007 1303/1626/1007
f 628/1616/1010 1294/1627/1010 1304/1628/1010
f 890/1624/1011 922/1579/1011 909/1108/1011
f 891/1629/1012 916/1577/1012 898/1621/1012
f 844/1630/1013 1843/1631/1013 912/1632/1013
f 845/1633/1014 914/1634/1014 1844/1453/1014
f 896/1635/1015 1846/1636/1015 1220/1637/1015
f 1221/1638/1016 903/1614/1016 1175/1622/1016
f 847/1639/1017 906/851/1017 918/1640/1017
f 848/1641/1018 903/920/1018 917/1642/1018
f 1305/1643/1019 1843/1644/1019 1847/1645/1019
f 910/1646/1020 1294/1627/1020 1306/1647/1020
f 899/1648/1021 922/1579/1021 910/1646/1021
f 896/1635/1022 916/1577/1022 1850/1649/1022
f 848/1641/1023 1844/1453/1023 920/918/1023
f 844/1630/1024 918/1640/1024 1842/1650/1024
f 1481/1651/1025 923/1652/1025 1250/1653/1025
f 1459/1654/1026 1252/1655/1026 1480/1656/1026
f 1436/1657/1027 1503/1658/1027 1507/1659/1027
f 1461/1660/1028 929/1661/1028 928/1662/1028
f 2299/1663/1029 931/1664/1029 2272/1665/1029
f 1465/1666/1025 927/1667/1025 932/1668/1025
f 1467/1669/1030 2310/1670/1030 2334/1671/1030
f 1469/1672/1031 935/1673/1031 1468/1674/1031
f 1470/1675/1032 931/1664/1032 1464/1676/1032
f 1470/1675/1033 932/1668/1033 937/1677/1033
f 1471/1678/1034 934/1679/1034 1467/1680/1034
f 1471/1678/1035 935/1673/1035 938/1681/1035
f 1466/1682/1025 1197/1683/1025 1479/1684/1025
f 2473/1685/1036 940/1686/1036 2414/1687/1036
f 1478/1688/1037 941/1689/1037 1199/1690/1037
f 1458/1691/1038 2416/1692/1038 2472/1693/1038
f 1472/1694/1039 943/1695/1039 1476/1696/1039
f 1473/1697/1025 943/1695/1025 940/1686/1025
f 1474/1698/1040 944/1699/1040 941/1689/1040
f 1475/1700/1041 944/1699/1041 1477/1701/1041
f 1461/1660/1042 2131/1702/1042 2154/1703/1042
f 1463/1704/1043 926/1705/1043 1459/1654/1043
f 1313/1706/1025 984/1707/1025 1315/1708/1025
f 2328/1709/1044 953/1710/1044 1309/1711/1044
f 962/1712/1045 1310/1713/1045 1312/1714/1045
f 953/1710/1046 1311/1715/1046 1309/1711/1046
f 959/1716/1047 1312/1714/1047 1311/1715/1047
f 1225/1717/1025 951/1718/1025 1226/1719/1025
f 2439/1720/1048 963/1721/1048 2440/1722/1048
f 945/1723/1025 1225/1717/1025 1224/1724/1025
f 954/1725/1025 2439/1720/1025 2437/1726/1025
f 963/1721/1049 2438/1727/1049 2440/1722/1049
f 2320/1728/1025 1224/1724/1025 2327/1729/1025
f 2321/1730/1025 2437/1726/1025 2526/1731/1025
f 967/1732/1050 1229/1733/1050 1227/1734/1050
f 2441/1735/1025 970/1736/1025 2443/1737/1025
f 975/1738/1051 968/1739/1051 967/1732/1051
f 977/1740/1025 976/1741/1025 975/1738/1025
f 2320/1728/1052 955/1742/1052 945/1723/1052
f 2322/1743/1053 971/1744/1053 955/1742/1053
f 951/1718/1025 958/1745/1025 947/1746/1025
f 964/1747/1054 972/1748/1054 958/1745/1054
f 945/1723/1025 961/1749/1025 949/1750/1025
f 955/1742/1055 973/1751/1055 961/1749/1055
f 949/1750/1056 964/1747/1056 951/1718/1056
f 973/1751/1057 964/1747/1057 961/1749/1057
f 2144/1752/1058 977/1740/1058 975/1738/1058
f 2142/1753/1059 975/1738/1059 967/1732/1059
f 2143/1754/1060 2441/1735/1060 2518/1755/1060
f 2142/1753/1061 1227/1734/1061 2150/1756/1061
f 2152/1757/1062 982/1758/1062 1313/1706/1062
f 860/1759/1063 1000/1760/1063 999/1761/1063
f 1316/1762/1064 1002/1763/1064 1261/1764/1064
f 861/1765/1065 1002/1766/1065 990/1767/1065
f 738/1768/1066 1205/1769/1066 1230/1770/1066
f 832/1771/1067 2177/1374/1067 2194/1772/1067
f 739/1773/1067 2178/1375/1067 2195/1774/1067
f 1231/1775/1068 810/1776/1068 1212/1777/1068
f 870/1778/1069 811/1401/1069 996/1779/1069
f 871/1780/1070 810/691/1070 995/1781/1070
f 833/1782/1071 1297/684/1071 1317/1783/1071
f 860/1759/1072 2192/1469/1072 2196/1784/1072
f 2197/1785/1073 996/1779/1073 2193/1500/1073
f 987/1786/1074 1000/1760/1074 580/1787/1074
f 989/1788/1075 1261/1764/1075 1318/1789/1075
f 991/1790/1076 1002/1766/1076 1003/1791/1076
f 1319/1792/1077 605/1793/1077 1263/1794/1077
f 863/1795/1078 603/1796/1078 1006/1797/1078
f 864/1798/1079 605/1799/1079 1005/1800/1079
f 1232/1801/1080 1000/1802/1080 1205/1803/1080
f 748/1804/1081 1207/1805/1081 1233/1806/1081
f 748/1804/863 1009/1313/863 1010/1090/863
f 749/1807/863 1001/1808/863 989/1788/863
f 991/1790/1082 1008/1809/1082 864/1798/1082
f 987/1786/1083 1006/1797/1083 999/1761/1083
f 1013/1810/1084 1016/1811/1084 1014/1812/1084
f 2445/1813/1085 1011/1814/1085 1012/1815/1085
f 1012/1815/1086 1013/1810/1086 1014/1812/1086
f 889/1816/1087 2445/1817/1087 2434/1818/1087
f 2433/1819/1088 1011/1322/1088 2444/1820/1088
f 740/1821/1089 1018/1822/1089 889/1823/1089
f 741/1824/1090 1013/1321/1090 787/1825/1090
f 887/1826/1091 1012/1827/1091 1014/1117/1091
f 1028/1828/1092 1019/1829/1092 1020/1830/1092
f 1030/1831/1093 1021/1832/1093 1029/1833/1093
f 1031/1834/1094 1024/1835/1094 1023/1836/1094
f 1028/1828/1095 1022/1837/1095 1030/1831/1095
f 1031/1834/1096 2446/1838/1096 2448/1839/1096
f 1027/1840/1097 1025/1841/1097 1019/1829/1097
f 2449/1842/1098 1026/1843/1098 2447/1844/1098
f 1029/1833/1099 1026/1843/1099 1034/1845/1099
f 916/1846/1100 1020/1847/1100 1850/1848/1100
f 889/1849/1101 1031/1850/1101 740/1851/1101
f 888/1852/1102 1028/1850/1102 1030/1853/1102
f 897/1854/1103 1022/1855/1103 916/1856/1103
f 2433/1857/1104 1031/1858/1104 2448/1859/1104
f 2426/1860/1105 1024/1861/1105 2447/1862/1105
f 786/1863/1106 1027/1864/1106 787/1604/1106
f 897/1854/1107 1026/1865/1107 1021/1866/1107
f 1040/1325/1108 1069/1867/1108 744/1323/1108
f 2431/1868/1109 788/1869/1109 2455/1870/1109
f 1037/1332/1110 1074/1871/1110 1067/1872/1110
f 762/1873/1111 789/1874/1111 1063/1875/1111
f 745/1331/1112 1067/1872/1112 1068/1876/1112
f 744/1877/1113 2458/1878/1113 2451/1329/1113
f 762/1873/1114 1062/1879/1114 1042/1880/1114
f 1035/1881/1115 2457/1882/1115 2450/1883/1115
f 1043/1884/1116 1065/1885/1116 1035/1881/1116
f 743/1886/1117 1062/1887/1117 1061/1888/1117
f 1052/1889/1118 1046/1890/1118 1045/1891/1118
f 1045/1891/1119 1056/1892/1119 1050/1893/1119
f 2453/1894/1120 1048/1895/1120 1049/1896/1120
f 1048/1895/1121 1050/1893/1121 1049/1896/1121
f 2452/1897/1122 1051/1898/1122 1048/1895/1122
f 1048/1895/1123 1052/1889/1123 1045/1891/1123
f 745/1899/1124 1046/1327/1124 1054/1900/1124
f 647/1901/1125 2453/1902/1125 2450/1883/1125
f 1043/1884/1126 1049/1903/1126 1050/1105/1126
f 647/1904/1127 1047/1324/1127 1053/1905/1127
f 2457/1906/1128 789/1907/1128 2455/1908/1128
f 1068/1909/1129 1057/1910/1129 1058/1911/1129
f 1069/1912/1130 1060/1913/1130 1059/1914/1130
f 1068/1909/1131 1061/1915/1131 1071/1916/1131
f 1070/1917/1132 788/1918/1132 1060/1913/1132
f 1071/1916/1133 1062/1919/1133 1072/1920/1133
f 1072/1920/1134 1063/1921/1134 1073/1922/1134
f 1073/1922/1135 789/1907/1135 1065/1923/1135
f 1069/1912/1136 2456/1924/1136 2458/1925/1136
f 1074/1926/1137 1057/1910/1137 1067/1927/1137
f 790/1928/1138 2456/1929/1138 2432/1930/1138
f 1038/1931/1139 1057/1932/1139 791/1933/1139
f 1041/1328/1140 1068/1934/1140 1071/1935/1140
f 790/1928/1141 1057/1932/1141 1064/1936/1141
f 742/1937/1142 1059/1938/1142 1060/1939/1142
f 1040/1325/1143 1066/1940/1143 1070/1941/1143
f 743/1886/1144 1058/1942/1144 1038/1943/1144
f 1041/1328/1145 1072/1944/1145 648/1326/1145
f 742/1937/1146 788/1945/1146 1036/1946/1146
f 1043/1884/1147 1072/1947/1147 1073/1948/1147
f 1115/1949/1148 1083/1950/1148 1084/1951/1148
f 1326/1952/1149 1086/1953/1149 1327/1954/1149
f 1095/1955/1150 1075/1956/1150 1099/1957/1150
f 1237/1958/1151 1081/1959/1151 1082/1960/1151
f 1105/1961/1152 2199/1962/1152 2203/1963/1152
f 1235/1964/1153 1088/1965/1153 1234/1966/1153
f 1096/1967/1154 1082/1968/1154 1081/1969/1154
f 1116/1970/1155 1085/1971/1155 1113/1972/1155
f 1320/1973/1156 1094/1974/1156 1093/1975/1156
f 1322/1976/1157 1102/1977/1157 1323/1978/1157
f 1241/1979/1158 1117/1980/1158 1118/1981/1158
f 2204/1982/1159 1107/1983/1159 2200/1984/1159
f 2202/1985/1160 1077/1986/1160 2198/1987/1160
f 1325/1988/1161 2199/1989/1161 2205/1990/1161
f 578/1991/1162 1096/1992/1162 1081/1993/1162
f 1303/1994/1163 1089/1995/1163 1320/1996/1163
f 2196/1997/1164 1110/1998/1164 2202/1999/1164
f 578/2000/1165 1236/2001/1165 1220/2002/1165
f 987/2003/1166 1083/2004/1166 1111/2005/1166
f 900/2006/1167 1321/2007/1167 1304/2008/1167
f 861/2009/1168 2203/2010/1168 2197/2011/1168
f 1221/2012/1169 1098/2013/1169 1237/2014/1169
f 581/2015/1170 1326/2016/1170 1318/2017/1170
f 890/2018/1171 1094/2019/1171 900/2020/1171
f 847/2021/1172 1075/2022/1172 919/2023/1172
f 991/2024/1173 1085/2025/1173 581/2015/1173
f 891/2026/1174 1092/2027/1174 1091/2028/1174
f 848/2029/1175 1082/2030/1175 1100/2031/1175
f 860/2032/1176 1078/2033/1176 988/2034/1176
f 1319/2035/1177 1114/2036/1177 1327/2037/1177
f 1316/2038/1178 1104/2039/1178 1324/2040/1178
f 1305/2041/1179 1101/2042/1179 1322/2043/1179
f 863/2044/1180 1084/2045/1180 1007/2046/1180
f 861/2047/1181 1080/2048/1181 1105/2049/1181
f 919/2050/1182 1323/2051/1182 1306/2052/1182
f 864/2053/1183 1086/2054/1183 1116/2055/1183
f 988/2034/1184 1238/2056/1184 1230/2057/1184
f 899/2058/1185 1102/2059/1185 1101/2060/1185
f 1232/2061/1186 1117/2062/1186 1240/2063/1186
f 738/2064/1187 2200/2065/1187 2194/2066/1187
f 896/2067/1188 1098/2068/1188 908/2069/1188
f 1007/2046/1189 1241/2070/1189 1233/2071/1189
f 2195/2072/1190 1108/2073/1190 2201/2074/1190
f 845/2075/1191 1100/2076/1191 1096/2077/1191
f 521/2078/607 1119/2079/607 539/2080/607
f 523/2081/607 1121/2082/607 550/658/607
f 532/2083/1192 1251/2084/1192 1328/2085/1192
f 532/2083/1193 1125/2086/1193 1124/2087/1193
f 561/2088/1194 2234/2089/1194 2244/2090/1194
f 1127/701/607 1128/2091/607 519/2092/607
f 525/2093/607 1130/1571/607 1129/2094/607
f 539/2080/1195 1131/2095/1195 819/2096/1195
f 550/658/1196 1132/2097/1196 878/2098/1196
f 2245/2099/1197 519/2092/1197 2235/2100/1197
f 560/2101/1198 1134/2102/1198 1135/2103/1198
f 566/2104/607 2308/2105/607 2325/2106/607
f 599/2107/1199 1494/2108/1199 576/2109/1199
f 541/700/1200 1138/2110/1200 1128/2091/1200
f 567/2111/1201 1265/2112/1201 1329/2113/1201
f 1330/2114/607 1141/2115/607 1270/2116/607
f 558/768/607 1271/2117/607 1331/769/607
f 560/2101/1202 1180/2118/1202 1242/2119/1202
f 1243/2120/1203 1145/2121/1203 1184/2122/1203
f 1244/2123/607 1146/2124/607 1186/2125/607
f 570/2126/607 1188/2127/607 1245/2128/607
f 1332/2129/1204 1149/2130/1204 1281/2131/1204
f 1514/2132/1205 1743/2133/1205 1765/2134/1205
f 866/2135/1206 1756/2136/1206 1247/2137/1206
f 1301/2138/1207 1695/1366/1207 1732/2139/1207
f 668/2140/1208 1657/2141/1208 1644/2142/1208
f 3213/2143/1209 1646/2144/1209 1645/2145/1209
f 1245/1303/858 1744/2146/858 570/2147/858
f 698/2148/1210 1653/2149/1210 1141/2150/1210
f 666/2151/1211 1749/1341/1211 1676/2152/1211
f 869/2153/1212 1728/2154/1212 866/2135/1212
f 671/2155/1213 1748/2156/1213 1716/2157/1213
f 867/1345/1214 2490/2158/1214 2460/2159/1214
f 1246/2160/1215 1159/2161/1215 1198/2162/1215
f 2459/2163/1216 1123/2164/1216 2415/2165/1216
f 893/2166/1217 1159/2161/1217 892/2167/1217
f 885/2168/1218 1161/2169/1218 893/2166/1218
f 884/2170/842 1131/2095/842 1162/1569/842
f 559/2171/1219 1125/2086/1219 840/2172/1219
f 531/2173/1220 1134/2102/1220 842/2174/1220
f 856/2175/1221 2129/2176/1221 2148/2177/1221
f 571/2178/1222 2277/2179/1222 2294/2180/1222
f 869/2181/1223 1166/1243/1223 868/2182/1223
f 2460/2183/1224 1166/1243/1224 2428/1245/1224
f 866/2184/1225 1165/1185/1225 869/2181/1225
f 1333/2185/1226 1167/1182/1226 1299/1184/1226
f 857/1508/1227 1215/687/1227 1247/1509/1227
f 878/2098/842 1138/2110/842 615/1266/842
f 552/2186/1228 1162/1569/1228 1130/1571/1228
f 1247/1509/1229 1168/2187/1229 866/2184/1229
f 531/2173/1230 1198/2162/1230 1158/2188/1230
f 1245/2128/607 1147/2189/607 673/2190/607
f 561/2088/607 1186/2125/607 1126/2191/607
f 571/2178/1231 1184/2122/1231 1144/2192/1231
f 1242/2119/1232 1143/2193/1232 696/2194/1232
f 1233/2071/1233 1118/2195/1233 748/2196/1233
f 580/2197/1234 1240/2063/1234 1083/2004/1234
f 1230/2057/1235 1106/2198/1235 738/2199/1235
f 917/2200/1236 1237/2014/1236 1082/2201/1236
f 1220/2002/1237 1097/2202/1237 896/2203/1237
f 1077/2204/1238 2204/1982/1238 2198/2205/1238
f 1084/2206/1239 1240/2207/1239 1241/1979/1239
f 1092/2208/1240 1234/1966/1240 1091/2209/1240
f 1098/2210/1241 1236/2211/1241 1237/1958/1241
f 1233/2212/1242 603/2213/1242 1007/2214/1242
f 992/2215/1243 1205/1769/1243 1009/1313/1243
f 832/1771/1244 1212/1190/1244 993/1189/1244
f 1230/2216/1245 1000/1802/1245 988/2217/1245
f 2150/1756/1246 981/1297/1246 2147/2218/1246
f 1227/1734/1025 985/1298/1025 981/1297/1025
f 2324/2219/1025 1224/1724/1025 946/2220/1025
f 946/2220/1025 1225/1717/1025 950/1292/1025
f 950/1292/1025 1226/1719/1025 952/1293/1025
f 1462/2221/1247 1199/2222/1247 929/1661/1247
f 1479/1684/1025 939/2223/1025 1472/1694/1025
f 908/2224/1022 1175/1622/1022 916/1577/1022
f 1220/1637/1248 914/2225/1248 578/2226/1248
f 601/2227/1009 1175/1622/1009 903/1614/1009
f 891/1629/1249 1174/1620/1249 907/1581/1249
f 670/2228/1250 1650/1466/1250 1697/2229/1250
f 549/2230/1251 1217/1541/1251 1202/1161/1251
f 556/2231/965 1197/1521/965 933/2232/965
f 1486/2233/1252 1634/2234/1252 525/2235/1252
f 736/1449/1253 1214/2236/1253 851/2237/1253
f 1242/1364/1254 1742/2238/1254 560/2239/1254
f 995/2240/1255 1239/1379/1255 1077/827/1255
f 540/1270/1256 1210/2241/1256 616/1271/1256
f 526/2242/1257 1201/2243/1257 547/2244/1257
f 868/2245/1258 1731/2246/1258 869/2153/1258
f 540/1270/1259 1336/2247/1259 1200/1205/1259
f 668/2248/1260 1746/2249/1260 1331/2250/1260
f 929/2251/1261 1212/1777/1261 810/1776/1261
f 1222/1181/1262 986/2252/1262 529/2253/1262
f 547/2244/1263 1211/2254/1263 778/2255/1263
f 526/2256/1264 1202/1161/1264 1196/1163/1264
f 608/866/1265 1526/2257/1265 1119/867/1265
f 2151/2258/1266 1756/2259/1266 2160/2260/1266
f 536/2261/774 1206/2262/774 1172/2263/774
f 604/2264/1267 1207/2265/1267 1206/2266/1267
f 723/2267/1268 1229/1088/1268 968/1295/1268
f 630/2268/1269 1176/2269/1269 589/2270/1269
f 657/2271/1270 1176/2272/1270 1195/1069/1270
f 624/2273/761 1177/1063/761 623/2274/761
f 623/2274/1271 1179/1065/1271 592/2275/1271
f 658/2276/1272 1193/1062/1272 590/2277/1272
f 622/2278/691 1178/788/691 1189/1058/691
f 1208/1386/1273 752/1080/1273 750/2279/1273
f 1203/1391/1274 750/2279/1274 734/1084/1274
f 657/2271/1275 2549/980/1275 2537/2280/1275
f 632/2281/1276 1193/2282/1276 1192/928/1276
f 591/2283/717 1191/959/717 1190/967/717
f 1137/2284/695 1189/1058/695 1188/961/695
f 644/2285/607 1191/959/607 643/2286/607
f 1126/2287/1277 1185/956/1277 629/2288/1277
f 1144/2289/1278 1183/955/1278 624/2273/1278
f 629/2288/1279 1182/2290/1279 630/2268/1279
f 1135/2291/1280 1181/930/1280 1180/938/1280
f 631/2292/1281 1192/928/1281 1181/930/1281
f 592/2293/690 1187/889/690 644/2285/690
f 877/872/1282 1210/1268/1282 1217/880/1282
f 670/1440/1283 1745/2294/1283 1329/2295/1283
f 1218/846/673 1088/2296/673 602/2297/673
f 907/2298/1284 1198/843/1284 1159/2299/1284
f 898/2300/662 1235/816/662 1092/2301/662
f 621/2302/1285 1190/2303/1285 1178/788/1285
f 531/2304/1286 1726/2305/1286 1755/2306/1286
f 752/1080/1287 1204/2307/1287 736/1449/1287
f 813/1430/1288 1990/665/1288 800/2308/1288
f 778/2255/1289 1216/2309/1289 556/2231/1289
f 2298/2310/1290 1745/2311/1290 2305/2312/1290
f 1255/2313/1291 1419/1534/1291 1416/2314/1291
f 1169/1172/1292 1396/2315/1292 663/2316/1292
f 1168/2187/1293 1172/689/1293 722/1186/1293
f 851/2317/1294 1171/2318/1294 645/2319/1294
f 765/1198/1295 1940/2320/1295 1944/2321/1295
f 582/2322/1296 1552/2323/1296 607/1560/1296
f 856/2175/1297 1299/1184/1297 1163/2324/1297
f 559/2171/1298 1281/2131/1298 1148/2325/1298
f 1331/769/607 1142/2326/607 668/2327/607
f 566/2104/607 1270/2116/607 1136/2328/607
f 1329/2113/1299 1140/2329/1299 670/2330/1299
f 1328/2085/1300 1123/2164/1300 886/2331/1300
f 1306/2052/1301 1102/2332/1301 910/2333/1301
f 912/2334/1302 1322/2043/1302 1076/2335/1302
f 990/2336/1303 1324/2040/1303 1080/2048/1303
f 1005/2337/1304 1327/2037/1304 1086/2054/1304
f 1318/2017/1305 1112/2338/1305 989/2339/1305
f 1304/2008/1167 1090/2340/1167 628/2341/1167
f 890/2342/1163 1320/1996/1163 1093/2343/1163
f 1108/1983/1306 2205/1990/1306 2201/2344/1306
f 1076/2345/1307 1323/1978/1307 1075/2346/1307
f 1089/2347/1007 1321/2348/1007 1320/1973/1007
f 1112/1980/1308 1327/1954/1308 1114/2349/1308
f 749/1807/1309 1263/1794/1309 1004/1123/1309
f 1318/1789/1310 1002/1763/1310 581/2350/1310
f 1317/1783/1311 811/686/1311 997/2351/1311
f 739/1773/1312 1261/1764/1312 1001/1808/1312
f 2152/1757/1313 969/2352/1313 2143/1754/1313
f 960/2353/1025 1312/1714/1025 963/1721/1025
f 1309/1711/1025 960/2353/1025 954/1725/1025
f 1312/1714/1025 957/2354/1025 963/1721/1025
f 2321/1730/1025 1309/1711/1025 954/1725/1025
f 969/2352/1025 1315/1708/1025 970/1736/1025
f 1480/1656/1314 925/2355/1314 1458/1691/1314
f 1456/2356/1025 1250/1653/1025 924/2357/1025
f 1306/1647/1315 906/1618/1315 919/2358/1315
f 899/1648/1316 1847/1645/1316 1848/2359/1316
f 900/2360/1317 1294/1627/1317 922/1579/1317
f 627/2361/1318 1293/1625/1318 905/1617/1318
f 1260/879/1319 880/877/1319 776/748/1319
f 840/1312/1320 1754/2362/1320 559/2363/1320
f 874/2364/960 1250/1531/960 923/1526/960
f 651/2365/1321 1314/1487/1321 966/1131/1321
f 2153/2366/1322 856/2175/1322 2148/2177/1322
f 1308/1474/1323 984/2367/1323 538/2368/1323
f 1497/2369/1324 1664/2370/1324 1773/2371/1324
f 831/1381/1325 1927/2372/1325 821/761/1325
f 760/2373/1326 1404/2374/1326 761/2375/1326
f 2462/2376/1327 1393/2377/1327 2470/2378/1327
f 3214/2379/1328 1647/1544/1328 2552/2380/1328
f 755/2381/1329 1399/2382/1329 754/2383/1329
f 1859/763/1330 1918/2384/1330 1982/2385/1330
f 1920/1406/1331 1214/2386/1331 1204/1407/1331
f 1299/1184/1332 537/2387/1332 1163/2324/1332
f 2461/2388/1333 1399/2382/1333 2469/2389/1333
f 1257/2390/1334 1664/2391/1334 1287/2392/1334
f 1924/2393/1335 1284/1077/1335 1932/990/1335
f 1926/759/1336 1298/1194/1336 1947/678/1336
f 2329/2394/607 566/2104/607 2325/2106/607
f 1124/2395/1337 1293/1625/1337 1251/1107/1337
f 820/985/1338 1933/2396/1338 830/2397/1338
f 2547/2398/1339 1934/2399/1339 831/1381/1339
f 1133/2400/1340 1269/931/1340 1271/1075/1340
f 641/2401/717 1275/2402/717 1283/978/717
f 660/2403/1341 1267/2404/1341 1277/1067/1341
f 635/2405/761 1272/934/761 1264/1059/761
f 642/2406/607 1283/978/607 1282/979/607
f 1148/2407/1342 1280/973/1342 620/2408/1342
f 587/2409/1343 1279/969/1343 1278/971/1343
f 2538/2410/1344 1277/1067/1344 2550/964/1344
f 634/2411/653 1275/945/653 593/2412/653
f 617/2413/1345 1278/2414/1345 1274/942/1345
f 636/2415/707 1273/2416/707 1272/934/707
f 618/2417/1346 1274/942/1346 1269/931/1346
f 594/2418/690 1282/979/690 1273/925/690
f 619/2419/1347 1267/909/1347 588/2420/1347
f 1136/2421/695 1266/892/695 633/2422/695
f 620/2408/1348 1268/900/1348 619/2419/1348
f 633/2422/691 1276/894/691 634/2411/691
f 1253/662/1349 776/748/1349 726/747/1349
f 1004/2423/1350 1262/858/1350 747/2424/1350
f 721/2425/1351 1262/853/1351 1290/855/1351
f 1317/813/1352 1108/2426/1352 833/2427/1352
f 1139/2428/650 1264/1059/650 1265/779/650
f 570/2429/1353 2339/2430/1353 2326/2431/1353
f 1302/743/1354 730/1165/1354 880/877/1354
f 661/1166/631 1256/742/631 1249/728/631
f 557/1167/1355 1398/737/1355 779/2432/1355
f 884/1481/1356 1741/1263/1356 819/2433/1356
f 1201/2434/1357 1405/1519/1357 1211/2435/1357
f 994/1192/1358 1252/2436/1358 1297/684/1358
f 726/747/1359 1346/660/1359 1253/662/1359
f 3223/2437/1360 1659/2438/1360 1143/2439/1360
f 728/1215/1361 1249/2440/1361 1255/651/1361
f 520/2441/1362 1334/656/1362 1335/655/1362
f 522/2442/1363 1336/2247/1363 1337/705/1363
f 1338/704/1364 544/2443/1364 1981/2444/1364
f 806/2445/1365 544/2443/1365 812/1422/1365
f 545/2446/1366 1341/2447/1366 1334/656/1366
f 546/2448/1367 1337/705/1367 1342/707/1367
f 779/2449/1368 1342/2450/1368 1343/2451/1368
f 872/1514/1369 1341/2447/1369 732/2452/1369
f 527/1512/1370 1957/2453/1370 1990/2454/1370
f 1286/2455/1371 1347/2456/1371 664/2457/1371
f 663/2458/1372 1348/1229/1372 1349/2459/1372
f 1886/1139/1373 1258/1083/1373 1862/2460/1373
f 1898/2461/1374 734/1084/1374 780/1085/1374
f 779/2449/1375 1338/2462/1375 557/2463/1375
f 664/2457/1376 2423/1208/1376 2461/2464/1376
f 755/2465/1377 1354/2466/1377 1348/1229/1377
f 649/693/1378 1961/2467/1378 761/1140/1378
f 1898/2461/1379 781/1371/1379 1899/1138/1379
f 1169/2468/1380 1349/1206/1380 1336/2247/1380
f 1865/1389/1381 734/1084/1381 1897/2469/1381
f 520/2441/1382 1346/660/1382 1286/2455/1382
f 650/2470/1383 1957/2453/1383 1288/2471/1383
f 1360/2472/1384 1547/2473/1384 1554/2474/1384
f 554/2475/1385 1540/2476/1385 1902/2477/1385
f 586/2478/1386 1521/2479/1386 1356/2480/1386
f 551/669/1387 1538/2481/1387 1365/750/1387
f 1369/2482/1388 1569/2483/1388 731/2484/1388
f 1131/2095/1389 1606/2485/1389 1162/1569/1389
f 1366/2486/1390 1548/2487/1390 1359/2488/1390
f 1362/2489/1391 1561/2490/1391 1560/2491/1391
f 1365/750/1392 1561/2490/1392 1364/717/1392
f 1368/2492/1393 1554/2474/1393 1579/2493/1393
f 586/2478/1394 1559/2494/1394 1570/2495/1394
f 1367/2496/1395 1569/2483/1395 1540/2476/1395
f 1358/2497/1396 1548/2498/1396 1547/2473/1396
f 815/671/1397 1901/2499/1397 551/669/1397
f 1357/709/1398 1531/2500/1398 1363/703/1398
f 1356/2480/1399 1522/2501/1399 1357/709/1399
f 1119/2079/1400 1546/2502/1400 1131/2095/1400
f 614/837/1401 1575/2503/1401 613/823/1401
f 814/2504/1402 1902/2477/1402 1903/2505/1402
f 1361/870/1403 1560/2506/1403 1559/2507/1403
f 1370/2508/1404 1425/2509/1404 1371/2510/1404
f 1404/2511/1405 1383/2512/1405 1394/2513/1405
f 1414/2514/1406 1412/2515/1406 1426/2516/1406
f 1370/2508/1407 1398/2517/1407 1397/2518/1407
f 1408/2519/1408 1379/2520/1408 1409/2521/1408
f 1401/2522/1409 1384/2523/1409 1403/2524/1409
f 2468/2525/1410 1375/2526/1410 1407/2527/1410
f 1405/2528/1411 1406/2529/1411 1413/2530/1411
f 2463/2531/1412 1401/2522/1412 2467/2532/1412
f 1373/2533/1413 1408/2519/1413 1406/2529/1413
f 1132/2097/1414 1582/2534/1414 1138/2110/1414
f 585/2535/1415 2215/2536/1415 2168/1429/1415
f 585/2535/1416 1575/2503/1416 1568/2537/1416
f 813/2538/1417 1530/2539/1417 543/2540/1417
f 1411/2541/1418 1398/2517/1418 1412/2515/1418
f 1389/2542/1419 1376/2543/1419 1380/2544/1419
f 1384/2523/1420 1391/2545/1420 1382/2546/1420
f 1387/2547/1421 1373/2533/1421 1405/2528/1421
f 2464/2548/1422 1374/2549/1422 1375/2526/1422
f 2167/2550/1423 1903/2505/1423 2214/2551/1423
f 1423/2552/1424 1390/2553/1424 1389/2554/1424
f 1386/2555/1425 1396/2556/1425 1391/2557/1425
f 2469/2558/1426 1385/2559/1426 2466/2560/1426
f 1385/2559/1427 1400/2561/1427 1386/2555/1427
f 1138/2110/1428 1528/2562/1428 1128/2091/1428
f 1403/2524/1429 1382/2546/1429 1383/2512/1429
f 1372/2563/1430 1378/2564/1430 1373/2533/1430
f 1378/2564/1431 1388/2565/1431 1379/2520/1431
f 2466/2560/1432 1377/2566/1432 2463/2531/1432
f 1385/2567/1433 1384/2523/1433 1377/2566/1433
f 1380/2568/1434 1381/2569/1434 1410/2570/1434
f 1410/2570/1435 1393/2571/1435 1422/2572/1435
f 1363/703/1436 1532/2573/1436 544/2443/1436
f 2467/2532/1437 1402/2574/1437 2470/2575/1437
f 612/1554/1438 1574/2576/1438 1542/2577/1438
f 1402/2574/1439 1403/2524/1439 1404/2511/1439
f 812/1422/1440 1532/2573/1440 1562/2578/1440
f 2166/2579/1441 1564/1558/1441 2213/2580/1441
f 1368/2581/1442 1595/2582/1442 1369/2583/1442
f 543/2584/1443 1529/2585/1443 1366/2486/1443
f 1383/2586/1444 1397/2518/1444 1411/2541/1444
f 1382/2546/1445 1370/2587/1445 1397/2588/1445
f 1394/2589/1446 1411/2541/1446 1414/2514/1446
f 1391/2557/1447 1415/2590/1447 1370/2508/1447
f 1420/2591/1448 1422/2572/1448 1427/2592/1448
f 1417/2593/1449 1410/2570/1449 1420/2591/1449
f 1424/2594/1450 1389/2554/1450 1418/2595/1450
f 1417/2593/1451 1389/2554/1451 1380/2568/1451
f 1375/2526/1452 1416/2596/1452 1419/2597/1452
f 1407/2527/1453 1419/2597/1453 1421/2598/1453
f 584/2599/1454 1574/2576/1454 611/2600/1454
f 663/2316/1455 1400/2601/1455 755/2381/1455
f 1255/2602/1456 1374/1217/1456 728/2603/1456
f 1132/2097/1457 1543/2604/1457 1557/2605/1457
f 650/2606/1458 1422/2607/1458 1393/2377/1458
f 761/2375/1459 1394/2608/1459 649/1563/1459
f 893/2609/1460 1722/2610/1460 885/2611/1460
f 966/2612/1025 1454/2613/1025 1445/2614/1025
f 1436/1657/1461 1508/2615/1461 1437/2616/1461
f 1228/2617/1025 1449/2618/1025 986/2619/1025
f 2370/2620/607 1430/2621/607 2353/2622/607
f 597/2623/1462 1484/2624/1462 598/2625/1462
f 980/2626/1025 1446/2627/1025 979/2628/1025
f 979/2628/1025 1444/2629/1025 965/2630/1025
f 966/2612/1025 2471/2631/1025 2442/2632/1025
f 965/2630/1025 1452/2633/1025 1228/2617/1025
f 983/2634/1463 1454/2613/1463 1314/2635/1463
f 598/2625/1464 1485/2636/1464 1129/2637/1464
f 1483/2638/1025 2348/2639/1025 2374/2640/1025
f 1287/2641/1464 1499/2642/1464 523/2643/1464
f 1442/2644/1465 983/2645/1465 530/2646/1465
f 523/2643/1464 1488/2647/1464 1122/2648/1464
f 597/2623/1466 1492/2649/1466 1495/2650/1466
f 2363/2651/1467 1449/2652/1467 2368/2653/1467
f 1301/2138/1468 1760/2654/1468 1257/2390/1468
f 1466/2655/1469 1517/2656/1469 1520/2657/1469
f 1450/2658/1470 1500/2659/1470 1513/2660/1470
f 1451/2661/1471 1501/2662/1471 1430/2663/1471
f 3206/2664/1472 1651/1445/1472 1656/2665/1472
f 808/2666/1473 1490/2667/1473 924/2668/1473
f 1456/2669/1474 1490/2667/1474 1519/2670/1474
f 3212/2671/1475 1645/2145/1475 2551/2672/1475
f 1456/2673/1476 1518/2674/1476 1483/2675/1476
f 807/2676/1477 1498/2677/1477 1491/2678/1477
f 1442/2679/1025 2374/2640/1025 2349/2680/1025
f 529/2681/1025 1482/2682/1025 1466/2683/1025
f 530/2684/1025 1481/1651/1025 1456/2356/1025
f 1308/2685/1478 1458/1691/1478 724/2686/1478
f 1222/2687/1025 1472/1694/1025 652/2688/1025
f 535/2689/1479 1478/2690/1479 1462/2221/1479
f 859/2691/1480 1459/1654/1480 538/2692/1480
f 858/2693/1481 2154/1703/1481 2141/2694/1481
f 768/2695/1482 1475/1700/1482 1477/1701/1482
f 723/2696/1483 1477/1701/1483 1474/1698/1483
f 758/2697/1484 1473/1697/1484 759/2698/1484
f 652/2688/1485 1476/1696/1485 758/2697/1485
f 724/2686/1486 2472/1693/1486 2436/2699/1486
f 1223/2700/1487 1474/1698/1487 1478/1688/1487
f 2435/2701/1488 1473/1697/1488 2473/1685/1488
f 529/2702/1025 1479/1684/1025 1222/2687/1025
f 639/2703/1489 1468/1674/1489 1471/1678/1489
f 572/2704/1490 1471/1678/1490 1467/1680/1490
f 638/2705/1491 1470/1675/1491 637/2706/1491
f 637/2706/1492 1464/1676/1492 568/2707/1492
f 573/2708/1493 1468/1674/1493 640/2709/1493
f 2319/2710/1494 1467/1669/1494 2334/1671/1494
f 569/2711/1495 1465/1666/1495 638/2705/1495
f 568/2707/1496 2299/1663/1496 2273/2712/1496
f 535/2689/1497 1461/1660/1497 858/2693/1497
f 530/2684/1025 1483/2638/1025 1442/2679/1025
f 538/2692/1498 1480/1656/1498 1308/2685/1498
f 1307/2713/1025 1457/2714/1025 1481/1651/1025
f 1519/2715/1499 1489/2716/1499 1518/2717/1499
f 1514/2718/1500 1485/2719/1500 1501/2720/1500
f 1497/2721/607 1513/2722/607 1499/2723/607
f 842/2724/1501 1742/2725/1501 1726/2305/1501
f 1513/2726/1502 1488/2727/1502 1499/2728/1502
f 1520/2729/1503 1502/2730/1503 1498/2731/1503
f 2208/2732/1504 1512/2733/1504 2210/2734/1504
f 1493/2735/1505 1489/2736/1505 1490/2737/1505
f 893/2609/1506 1678/2738/1506 1720/2739/1506
f 1497/2740/1507 1777/2741/1507 1516/2742/1507
f 3206/2664/1508 1655/2743/1508 1147/2744/1508
f 3221/2745/1509 1657/2141/1509 1142/2746/1509
f 1487/2747/1510 1507/2748/1510 1496/2749/1510
f 1496/2749/1511 1503/2750/1511 1494/2751/1511
f 1484/2752/1512 1506/2753/1512 1505/2754/1512
f 1484/2752/1513 1501/2755/1513 1485/2756/1513
f 1495/2757/1514 1504/2758/1514 1506/2753/1514
f 1494/2751/1515 2211/2759/1515 2209/2760/1515
f 1487/2747/1516 1500/2761/1516 1508/2762/1516
f 885/2611/1517 2489/2763/1517 2459/2764/1517
f 1491/2765/1518 1502/2766/1518 1512/2733/1518
f 599/2107/1519 1487/2767/1519 1496/2768/1519
f 1435/2769/1520 1505/2770/1520 1506/2771/1520
f 600/2772/1521 1488/2647/1521 1487/2767/1521
f 1434/2773/1522 1501/2662/1522 1505/2770/1522
f 3205/993/1523 1654/2774/1523 1649/2775/1523
f 1431/2776/1524 1517/2777/1524 1482/2778/1524
f 1435/2769/1525 1504/2779/1525 1433/2780/1525
f 892/2781/1526 1752/1287/1526 1678/2738/1526
f 1428/2782/1527 1518/2783/1527 1489/2784/1527
f 807/2676/1528 2208/2785/1528 2163/2786/1528
f 1440/2787/1529 2211/2788/1529 2207/2789/1529
f 2206/2790/1530 1504/2779/1530 2210/2791/1530
f 933/2792/1531 1520/2793/1531 1498/2677/1531
f 525/2794/1464 1485/2636/1464 1486/2795/1464
f 2164/2796/1532 1494/2108/1532 2209/2797/1532
f 1437/2616/1533 1500/2659/1533 1429/2798/1533
f 1440/2787/1534 1489/2784/1534 1511/2799/1534
f 1514/2800/1535 1772/2801/1535 1486/2802/1535
f 3204/2803/1536 1653/2804/1536 1654/2774/1536
f 1431/2776/1537 1512/2805/1537 1502/2806/1537
f 1254/1365/1538 1758/2807/1538 1759/2808/1538
f 1592/2809/1539 1590/2810/1539 1589/2811/1539
f 1615/2812/1540 1594/2813/1540 1593/2814/1540
f 1583/2815/1541 1611/2816/1541 1584/2817/1541
f 1537/2818/1542 1531/2500/1542 1603/2819/1542
f 1572/2820/1543 2216/2821/1543 2219/2822/1543
f 1556/2823/1544 1552/2323/1544 1555/2824/1544
f 1583/2815/1545 1576/2825/1545 1577/2826/1545
f 1537/2818/1546 1562/2578/1546 1532/2573/1546
f 1565/2827/1547 1915/2828/1547 1602/2829/1547
f 1585/2830/1548 1601/2831/1548 1600/2832/1548
f 2218/2833/1549 1566/2834/1549 2214/2835/1549
f 1581/2836/1550 1533/2837/1550 1553/2838/1550
f 1900/2839/1551 1603/2819/1551 1618/2840/1551
f 1588/2841/1552 1596/2842/1552 1587/2843/1552
f 1546/2844/1553 1525/1561/1553 1533/2845/1553
f 1529/2585/1554 1551/2846/1554 1604/2847/1554
f 1572/2820/1555 1553/2838/1555 1556/2848/1555
f 1556/2848/1556 2212/1542/1556 2216/2821/1556
f 1523/2849/1557 1574/2850/1557 1549/2851/1557
f 1534/2852/1558 1574/2850/1558 1566/2834/1558
f 1528/2853/1559 1524/2854/1559 1527/1567/1559
f 1606/2855/1560 1533/2837/1560 1580/2856/1560
f 2213/2857/1561 1535/2858/1561 2217/2859/1561
f 1598/2860/1562 1590/2861/1562 1599/2862/1562
f 1608/2863/1563 1617/2864/1563 1616/2865/1563
f 1592/2809/1564 1619/2866/1564 1591/2867/1564
f 1627/2868/1565 1594/2813/1565 1628/2869/1565
f 1598/2860/1566 1596/2870/1566 1597/2871/1566
f 1623/2872/1567 1601/2873/1567 1624/2874/1567
f 1564/2875/1568 1550/2876/1568 1535/2858/1568
f 1523/2877/1569 1543/2878/1569 1542/2879/1569
f 1527/2880/1570 1550/2881/1570 1573/2882/1570
f 1608/2863/1571 1610/2883/1571 1607/2884/1571
f 1530/2539/1572 1571/2885/1572 1551/2886/1572
f 1900/2839/1573 1536/2887/1573 1537/2818/1573
f 1553/2888/1574 1525/1561/1574 1552/2323/1574
f 1613/2889/1575 1902/2477/1575 1540/2476/1575
f 1626/2890/1576 1611/2891/1576 1612/2892/1576
f 1615/2812/1577 1617/2893/1577 1614/2894/1577
f 1604/2895/1578 1906/2896/1578 1613/2889/1578
f 1602/2897/1579 1914/2898/1579 1578/2899/1579
f 1524/2854/1580 1557/2900/1580 1523/2877/1580
f 1545/1548/1581 1580/2856/1581 1544/1549/1581
f 1535/2858/1582 1549/2901/1582 1534/2902/1582
f 1524/2903/1583 1549/2904/1583 1550/2905/1583
f 1568/2537/1584 1581/2836/1584 1572/2820/1584
f 1622/2906/1585 1619/2866/1585 1620/2907/1585
f 1901/2499/1586 1618/2840/1586 1538/2481/1586
f 1544/1549/1587 1581/2836/1587 1575/2503/1587
f 1535/2858/1588 2218/2908/1588 2217/2859/1588
f 1571/2885/1589 1906/2896/1589 1551/2886/1589
f 1568/2537/1590 2219/2822/1590 2215/2536/1590
f 1623/2909/1591 1621/2910/1591 1622/2906/1591
f 1626/2911/1592 1628/2869/1592 1625/2912/1592
f 1627/2913/1593 1522/2501/1593 1521/2479/1593
f 1623/2914/1594 1547/2473/1594 1548/2498/1594
f 1622/2915/1595 1554/2474/1595 1547/2473/1595
f 1616/2916/1596 1559/2494/1596 1560/2491/1596
f 1612/2917/1597 1522/2501/1597 1626/2918/1597
f 1609/2919/1598 1561/2490/1598 1538/2481/1598
f 1600/2920/1599 1548/2487/1599 1529/2585/1599
f 1597/2921/1600 1569/2483/1600 1598/2922/1600
f 1593/2923/1601 1521/2479/1601 1570/2495/1601
f 1620/2924/1602 1579/2493/1602 1554/2474/1602
f 1616/2916/1603 1561/2490/1603 1608/2925/1603
f 1589/2926/1604 1569/2483/1604 1595/2927/1604
f 1597/2921/1605 1613/2889/1605 1540/2476/1605
f 1600/2920/1606 1604/2847/1606 1585/2928/1606
f 1583/2929/1607 1618/2840/1607 1603/2819/1607
f 1612/2917/1608 1603/2819/1608 1531/2500/1608
f 1593/2923/1609 1559/2494/1609 1615/2930/1609
f 1589/2926/1610 1579/2493/1610 1592/2931/1610
f 1588/2932/1611 1604/2895/1611 1613/2889/1611
f 1609/2919/1612 1618/2840/1612 1577/2933/1612
f 1624/2934/1613 1586/2935/1613 1631/2936/1613
f 1632/2937/1614 1596/2938/1614 1599/2939/1614
f 1632/2937/1615 1590/2940/1615 1591/2941/1615
f 1621/2942/1616 1631/2936/1616 1619/2943/1616
f 1630/2944/1617 1594/2945/1617 1614/2946/1617
f 1629/2947/1618 1628/2948/1618 1594/2945/1618
f 1576/2949/1619 1629/2947/1619 1630/2944/1619
f 1584/2950/1620 1625/2951/1620 1629/2947/1620
f 1610/2952/1621 1630/2944/1621 1607/2953/1621
f 1617/2954/1622 1630/2944/1622 1614/2946/1622
f 1619/2943/1623 1632/2937/1623 1591/2941/1623
f 1631/2936/1624 1587/2955/1624 1632/2937/1624
f 1585/2830/1625 1587/2843/1625 1586/2956/1625
f 1577/2826/1626 1610/2957/1626 1609/2958/1626
f 1727/2959/1627 1737/2960/1627 1736/2961/1627
f 1668/2962/1628 1640/2963/1628 1669/2964/1628
f 1683/2965/1629 1839/2966/1629 1816/2967/1629
f 2340/2968/1630 1744/2969/1630 1750/2970/1630
f 2486/2971/797 1671/2972/797 2475/2973/797
f 1672/2974/1631 1639/2975/1631 1733/2976/1631
f 1707/2977/1632 1828/2978/1632 1826/2979/1632
f 1723/2980/1633 1840/2981/1633 1838/2982/1633
f 2485/2983/1634 1705/2984/1634 2482/2985/1634
f 1710/2986/1635 1818/2987/1635 1829/2988/1635
f 1711/2989/1636 1707/2990/1636 1708/2991/1636
f 1709/2992/1637 1717/2993/1637 1710/2986/1637
f 2335/2994/1638 1761/2995/1638 2341/2996/1638
f 2338/2997/1639 1699/2998/1639 1711/2989/1639
f 1712/2999/1640 2484/3000/1640 2483/3001/1640
f 2248/3002/1641 1749/3003/1641 2252/3004/1641
f 2522/3005/1642 1644/3006/1642 2485/2983/1642
f 1640/2963/1628 1703/3007/1628 1669/2964/1628
f 1661/3008/607 1669/2964/607 1662/3009/607
f 2474/3010/607 1671/2972/607 1643/3011/607
f 1677/3012/1643 1752/3013/1643 1725/3014/1643
f 2487/3015/1644 1691/3016/1644 2489/3017/1644
f 1633/3018/1645 1673/3019/1645 1672/2974/1645
f 2476/3020/1645 1665/3021/1645 1675/3022/1645
f 1673/3019/1645 1666/3023/1645 1704/3024/1645
f 1704/3024/1645 1702/3025/1645 1674/3026/1645
f 1719/3027/1646 1678/3028/1646 1677/3012/1646
f 1719/3027/1647 1722/3029/1647 1720/3030/1647
f 1669/2964/607 1701/3031/607 1662/3009/607
f 1688/3032/1648 1821/3033/1648 1820/3034/1648
f 1637/3035/842 1640/2963/842 1639/2975/842
f 2488/3036/1649 1675/3022/1649 1641/3037/1649
f 2249/3038/1650 1676/3039/1650 2248/3002/1650
f 2338/3040/1651 1802/3041/1651 2343/3042/1651
f 1689/3043/1652 1692/3044/1652 1693/3045/1652
f 1688/3032/1653 1715/3046/1653 1692/3044/1653
f 2337/3047/1654 2479/3048/1654 2525/3049/1654
f 1709/2992/1655 1829/2988/1655 1828/3050/1655
f 2478/3051/1656 1696/3052/1656 2480/3053/1656
f 1685/3054/1657 1717/2993/1657 1696/3052/1657
f 1687/3055/1658 2477/3056/1658 2479/3048/1658
f 1684/3057/1659 1819/3058/1659 1686/3059/1659
f 2377/3060/1660 1838/3061/1660 2382/3062/1660
f 1686/3063/1661 2495/3064/1661 2478/3051/1661
f 1700/3065/1662 1682/3066/1662 1676/3039/1662
f 1674/3026/1663 1812/3067/1663 1823/3068/1663
f 1708/3069/1664 1826/3070/1664 1827/3071/1664
f 1683/3072/1665 2494/3073/1665 2477/3074/1665
f 1715/3046/1666 1719/3027/1666 1692/3044/1666
f 1693/3045/1667 1719/3027/1667 1677/3012/1667
f 1714/3075/1668 2487/3015/1668 2484/3000/1668
f 1747/3076/1669 1677/3012/1669 1725/3014/1669
f 1754/3077/1670 1727/2959/1670 1751/3078/1670
f 2158/3079/1671 1731/3080/1671 1730/3081/1671
f 2517/3082/1672 1730/3081/1672 2490/3083/1672
f 2156/3084/1673 1731/3080/1673 2159/3085/1673
f 2157/3086/1674 1762/3087/1674 2161/3088/1674
f 2488/3036/842 1642/3089/842 2486/2971/842
f 1673/3019/1675 1637/3035/1675 1639/2975/1675
f 1704/3024/1676 1810/3090/1676 1637/3035/1676
f 1694/3091/842 1639/2975/842 1640/2963/842
f 1714/3075/1677 1645/3092/1677 1646/3093/1677
f 1682/3066/1678 1648/3094/1678 1676/3039/1678
f 1697/3095/1679 1649/3096/1679 1686/3063/1679
f 1716/3097/1680 1651/3098/1680 1652/3099/1680
f 1680/3100/1681 1654/3101/1681 1653/3102/1681
f 1686/3063/607 1654/3101/607 1684/3103/607
f 1699/2998/1682 1656/3104/1682 1707/2990/1682
f 1709/2992/1683 1656/3104/1683 1651/3098/1683
f 1705/2984/1684 1657/3105/1684 1658/3106/1684
f 2553/3107/607 1658/3106/607 2551/3108/607
f 1693/3045/1685 1660/3109/1685 1689/3043/1685
f 1689/3043/607 2552/2380/607 2554/3110/607
f 1741/3111/842 1733/2976/842 1694/3091/842
f 2156/3084/1686 1756/3112/1686 1728/3113/1686
f 1742/3114/1687 1725/3014/1687 1726/3115/1687
f 1634/3116/1645 1672/2974/1645 1740/3117/1645
f 1725/3014/1220 1755/3118/1220 1726/3115/1220
f 1735/3119/607 1668/2962/607 1661/3008/607
f 2252/3004/1688 1739/3120/1688 2251/3121/1688
f 1740/3117/1631 1733/2976/1631 1753/3122/1631
f 2336/3123/1689 1750/2970/1689 1699/2998/1689
f 1734/3124/1628 1694/3091/1628 1668/2962/1628
f 1760/3125/968 1641/3037/968 1675/3022/968
f 1751/3078/1690 1690/3126/1690 1714/3075/1690
f 1641/3037/842 1695/3127/842 1642/3089/842
f 1642/3089/797 1759/3128/797 1671/2972/797
f 2247/3129/1691 1746/3130/1691 1644/3006/1691
f 1643/3011/607 1759/3128/607 1758/3131/607
f 1690/3126/1692 1736/2961/1692 1691/3016/1692
f 1665/3021/1645 1760/3125/1645 1675/3022/1645
f 1634/2234/1464 1771/3132/1464 1633/3133/1464
f 1776/3134/1693 1698/3135/1693 1764/3136/1693
f 1667/3137/1464 1767/3138/1464 1666/3139/1464
f 1724/3140/1694 1770/3141/1694 1769/3142/1694
f 1768/3143/1695 1776/3134/1695 1764/3136/1695
f 1775/3144/1696 1769/3145/1696 1770/3146/1696
f 1775/3144/1697 2493/3147/1697 2492/3148/1697
f 1767/3149/1698 1764/3136/1698 1769/3145/1698
f 1774/3150/1699 1777/3151/1699 1773/3152/1699
f 1772/3153/1700 1776/3134/1700 1771/3154/1700
f 1702/3155/1464 2492/3156/1464 2481/3157/1464
f 1666/3158/1464 1775/3159/1464 1702/3155/1464
f 1633/3133/1464 1768/3160/1464 1667/3137/1464
f 1764/3136/1701 1724/3161/1701 1769/3145/1701
f 1665/3162/1702 1773/2371/1702 1664/2370/1702
f 1811/3163/1703 1834/3164/1703 1832/3165/1703
f 1781/3166/842 1811/3163/842 1780/3167/842
f 2581/3168/607 1804/3169/607 2501/3170/607
f 1799/3171/607 1800/3172/607 1801/3173/607
f 1832/3165/607 1835/3174/607 1833/3175/607
f 2257/3176/1704 1836/3177/1704 2256/3178/1704
f 2345/3179/1705 1803/3180/1705 2344/3181/1705
f 1803/3180/1706 1799/3171/1706 1784/3182/1706
f 1784/3182/607 2499/3183/607 2498/3184/607
f 1799/3171/607 1786/3185/607 1784/3182/607
f 1837/3186/1707 1782/3187/1707 1836/3177/1707
f 2555/3188/607 1789/3189/607 2560/3190/607
f 2556/3191/607 1788/3192/607 2555/3188/607
f 1795/3193/1708 1780/3167/1708 1794/3194/1708
f 2553/3195/1709 1830/3196/1709 2557/3197/1709
f 1703/3007/1710 1790/3198/1710 1701/3031/1710
f 1713/3199/1711 2497/3200/1711 2483/3001/1711
f 1708/3201/1712 1802/3041/1712 1711/3202/1712
f 1663/3203/1713 1793/3204/1713 1670/3205/1713
f 1688/3032/1714 1831/3206/1714 1713/3199/1714
f 2554/3110/1715 1815/3207/1715 2558/3208/1715
f 1636/3209/1716 1792/3210/1716 1703/3007/1716
f 1670/3205/1717 1778/3211/1717 1635/3212/1717
f 1681/3213/1718 1807/3214/1718 1814/3215/1718
f 1706/3216/1719 1806/3217/1719 1718/3218/1719
f 1704/3219/1464 1823/3220/1464 1822/3221/1464
f 2249/3038/1720 1790/3198/1720 2254/3222/1720
f 1636/3209/1721 1810/3090/1721 1779/3223/1721
f 2482/3224/1722 1824/3225/1722 2496/3226/1722
f 2250/3227/1723 1806/3217/1723 2255/3228/1723
f 1635/3212/1724 1812/3067/1724 1638/3229/1724
f 1681/3230/1725 1815/3231/1725 1682/3232/1725
f 1780/3167/1726 1779/3223/1726 1810/3090/1726
f 1813/3233/1727 1812/3067/1727 1778/3211/1727
f 1783/3234/1728 1814/3215/1728 1782/3187/1728
f 1785/3235/1729 2494/3236/1729 2498/3184/1729
f 1786/3185/1730 2495/3064/1730 2499/3183/1730
f 1788/3192/1731 1821/3033/1731 1789/3189/1731
f 1795/3193/1732 1822/3237/1732 1823/3068/1732
f 2500/3238/1733 1825/3239/1733 2496/3240/1733
f 1798/3241/1734 1827/3242/1734 1826/3243/1734
f 1800/3172/1735 1829/2988/1735 1801/3173/1735
f 1801/3173/1736 1818/2987/1736 1786/3185/1736
f 1804/3169/1737 2497/3200/1737 2501/3170/1737
f 1805/3244/1738 1820/3034/1738 1788/3192/1738
f 1833/3175/1739 1792/3210/1739 1832/3165/1739
f 1834/3164/1740 1791/3245/1740 1835/3174/1740
f 1832/3165/1741 1779/3223/1741 1811/3163/1741
f 1813/3233/1742 1793/3204/1742 1834/3164/1742
f 2256/3178/1743 1807/3214/1743 2254/3222/1743
f 2257/3176/1744 1791/3245/1744 2255/3228/1744
f 2344/3181/1745 1839/2966/1745 2342/3246/1745
f 1809/3247/1746 2383/3248/1746 2385/3249/1746
f 1803/3180/1747 1816/2967/1747 1839/2966/1747
f 1841/3250/1748 1827/3242/1748 1799/3171/1748
f 1836/3177/1749 1814/3215/1749 1807/3214/1749
f 1837/3186/1750 1825/3239/1750 1797/3251/1750
f 1794/3194/1751 1810/3090/1751 1822/3237/1751
f 1795/3193/1752 1812/3067/1752 1781/3166/1752
f 1785/3235/1753 1819/3252/1753 1817/3253/1753
f 1800/3172/1754 1826/3243/1754 1828/3050/1754
f 1796/3254/1755 2557/3255/1755 2559/3256/1755
f 1789/3189/1756 2558/3208/1756 2560/3190/1756
f 1809/3247/1757 1838/3257/1757 1840/3258/1757
f 1867/3259/1758 1843/1631/1758 1842/1650/1758
f 1845/3260/1759 1844/3261/1759 914/3262/1759
f 1845/3263/1760 1846/3264/1760 1173/3265/1760
f 1871/3266/1761 1848/2359/1761 1847/1645/1761
f 1873/3267/1762 1850/1649/1762 1849/3268/1762
f 1875/3269/1763 2425/3270/1763 2502/3271/1763
f 1873/3267/827 1851/3272/827 1875/3269/827
f 528/1529/1764 1338/2462/1764 1981/3273/1764
f 1967/1404/1765 646/1195/1765 1939/3274/1765
f 764/1236/1766 1944/3275/1766 1943/3276/1766
f 645/1197/1767 1971/683/1767 1940/2320/1767
f 1882/3277/1768 1970/1203/1768 2001/3278/1768
f 1350/3279/1769 1339/3280/1769 1351/3281/1769
f 1939/3274/1770 764/1236/1770 1943/3276/1770
f 2220/3282/1771 1842/1650/1771 2190/1433/1771
f 1881/3283/1772 2191/3284/1772 2221/3285/1772
f 1173/3265/1773 1850/3286/1773 915/3287/1773
f 1855/1202/1774 1945/1233/1774 1941/3288/1774
f 1868/3289/1775 1847/1645/1775 1843/1644/1775
f 1883/3290/1776 1982/2385/1776 1884/3291/1776
f 1893/3292/1777 2087/3293/1777 2088/3294/1777
f 2073/3295/1778 1896/3296/1778 2072/3297/1778
f 1892/3298/1779 2073/3295/1779 2089/3299/1779
f 1895/3300/1780 2088/3294/1780 2081/3301/1780
f 2087/3293/1781 1890/3302/1781 2091/3303/1781
f 911/3304/1782 1868/3305/1782 1867/3306/1782
f 913/3307/1783 1845/3308/1783 1869/3309/1783
f 1870/3310/1784 1845/3308/1784 1173/3311/1784
f 921/3312/1785 1871/3313/1785 1292/3314/1785
f 1874/3315/1786 1873/3316/1786 895/3317/1786
f 2504/3318/1787 1875/3319/1787 2502/3320/1787
f 895/3317/1788 1875/3319/1788 901/3321/1788
f 1852/3322/1789 1853/3323/1789 1877/3324/1789
f 2505/3325/1790 1854/3326/1790 2503/3327/1790
f 1877/3324/1791 1855/3328/1791 1879/3329/1791
f 1296/3330/1792 1854/3326/1792 1878/3331/1792
f 854/3332/1793 1882/3333/1793 1881/3334/1793
f 855/3335/1794 1884/3336/1794 801/3337/1794
f 1885/3338/1795 1882/3333/1795 1858/3339/1795
f 1874/3340/1796 1173/3311/1796 915/3341/1796
f 1885/3338/1797 1855/3328/1797 1213/3342/1797
f 1292/3314/1798 1868/3305/1798 579/3343/1798
f 1296/3330/1799 1884/3336/1799 1880/3344/1799
f 1952/3345/1800 1864/3346/1800 1865/1389/1800
f 1960/3347/1801 1899/1138/1801 1965/3348/1801
f 1960/3347/1802 1897/2469/1802 1898/2461/1802
f 1963/3349/1803 1865/1389/1803 1897/2469/1803
f 1890/3302/1804 2090/3350/1804 2091/3303/1804
f 2114/3351/1805 1896/3352/1805 1888/3353/1805
f 2082/3354/1806 1887/3355/1806 2124/3356/1806
f 1956/3357/1807 1886/3358/1807 1862/3359/1807
f 1959/3360/1808 1899/1138/1808 1886/1139/1808
f 1951/3361/1809 1888/3353/1809 1864/3362/1809
f 2222/3363/1810 1867/3364/1810 2220/3365/1810
f 1954/3366/1811 1862/3367/1811 1863/3368/1811
f 1889/3369/1812 2089/3299/1812 2090/3350/1812
f 2124/3370/1813 1863/3371/1813 1924/3372/1813
f 854/3373/1814 2221/3374/1814 2223/3375/1814
f 2225/3376/1815 801/3377/1815 1296/3378/1815
f 2222/3363/1816 801/3379/1816 2224/3380/1816
f 2226/3381/1817 1296/3378/1817 1878/3382/1817
f 2519/3383/1818 1878/3382/1818 2505/3384/1818
f 2228/3385/1819 1852/3386/1819 1877/3387/1819
f 2228/3385/1820 1879/3388/1820 2229/3389/1820
f 2229/3389/1821 1885/3390/1821 2230/3391/1821
f 2231/3392/1822 1885/3390/1822 1858/3393/1822
f 913/3394/1823 2231/3395/1823 2223/3396/1823
f 1558/3397/1824 1901/2499/1824 1539/3398/1824
f 1565/3399/1825 1902/2477/1825 1541/3400/1825
f 1567/3401/1826 1901/2499/1826 1904/3402/1826
f 1567/3401/1827 1905/3403/1827 1605/3404/1827
f 1578/3405/1828 1902/2477/1828 1906/2896/1828
f 1565/3399/1829 1907/3406/1829 1903/2505/1829
f 1558/3397/1830 1905/3403/1830 1900/2839/1830
f 1578/3405/1831 1907/3406/1831 1602/3407/1831
f 1915/3408/1832 1910/3409/1832 1914/3410/1832
f 1909/3411/1833 1913/3412/1833 1908/3413/1833
f 1567/3414/1834 1913/3415/1834 1912/3416/1834
f 1565/3417/1835 1910/3418/1835 1911/3419/1835
f 1605/3420/1836 1908/3421/1836 1913/3422/1836
f 1541/3423/1837 1914/3424/1837 1910/3425/1837
f 1567/3426/1838 1909/3427/1838 1539/3428/1838
f 1539/3429/1839 1908/3430/1839 1558/3431/1839
f 1973/3432/1840 809/3433/1840 835/3434/1840
f 1972/3435/1841 1351/3281/1841 1973/3432/1841
f 1856/3436/1842 656/3437/1842 1339/3280/1842
f 1355/3438/1843 1339/3280/1843 843/3439/1843
f 655/3440/1844 1977/3441/1844 654/3442/1844
f 1978/3443/1845 655/3440/1845 841/3444/1845
f 654/3442/1846 1976/3445/1846 837/3446/1846
f 1979/3447/1847 841/3444/1847 533/3448/1847
f 1891/3449/1848 1973/3432/1848 1890/3302/1848
f 656/3437/1849 1860/3450/1849 1340/3451/1849
f 534/3452/1850 1355/3438/1850 843/3439/1850
f 835/3434/1851 1352/3453/1851 1974/3454/1851
f 564/3455/1852 1350/3279/1852 1972/3435/1852
f 656/3437/1853 1352/3453/1853 809/3433/1853
f 562/3456/1854 843/3439/1854 1350/3279/1854
f 2083/3457/1855 562/3456/1855 2086/3458/1855
f 2084/3459/1856 534/3452/1856 2083/3457/1856
f 2082/3460/1857 1893/3292/1857 1895/3300/1857
f 2092/3461/1858 565/3462/1858 2099/3463/1858
f 2074/3464/1859 533/3448/1859 2077/3465/1859
f 1948/3466/1860 2064/3467/1860 1921/3468/1860
f 2003/3469/1861 2027/3470/1861 2002/3471/1861
f 1985/3472/1862 2042/3473/1862 1983/3474/1862
f 1916/3475/1863 2071/3476/1863 2062/3477/1863
f 1922/3478/1864 2268/3479/1864 2260/3480/1864
f 1997/3481/1865 2012/3482/1865 1999/3483/1865
f 1983/3474/1866 2069/3484/1866 1969/3485/1866
f 1949/3486/1867 1171/2318/1867 1214/3487/1867
f 1999/3483/1868 2515/3488/1868 2031/3489/1868
f 1969/3490/1869 2038/3491/1869 2006/3492/1869
f 1950/3493/1870 2061/3494/1870 1953/3495/1870
f 1997/3496/1871 2053/3497/1871 2046/3498/1871
f 1995/3499/1872 2070/3500/1872 1955/3501/1872
f 1996/3502/1873 2032/3503/1873 1995/3499/1873
f 2007/3504/1874 2051/3505/1874 2059/3506/1874
f 1994/3507/1875 2572/3508/1875 2564/3509/1875
f 1998/3510/1876 2061/3494/1876 2053/3497/1876
f 1989/3511/1877 2033/3512/1877 1994/3507/1877
f 1948/3466/1878 2062/3477/1878 2063/3513/1878
f 1929/3514/1879 2571/3515/1879 2563/3516/1879
f 1991/3517/1880 2048/3518/1880 1985/3472/1880
f 1921/3468/1881 2065/3519/1881 1929/3514/1881
f 1937/3520/1882 2059/3506/1882 2071/3521/1882
f 1991/3517/1883 2030/3522/1883 2049/3523/1883
f 2006/3492/1884 2047/3524/1884 2004/3525/1884
f 2261/3526/1885 2070/3527/1885 2269/3528/1885
f 2002/3471/1886 2051/3505/1886 2005/3529/1886
f 1922/3478/1887 2066/3530/1887 2067/3531/1887
f 2508/3532/1888 2047/3524/1888 2516/3533/1888
f 1950/3534/1889 1980/694/1889 1981/3273/1889
f 1969/3535/1890 1918/3536/1890 1983/3537/1890
f 1950/3534/1891 2258/3538/1891 2260/3539/1891
f 1985/3540/1892 1918/3536/1892 1946/3541/1892
f 1948/3542/1893 1986/3543/1893 1987/3544/1893
f 1930/3545/1894 1984/3546/1894 1988/3547/1894
f 2261/3548/1895 1925/3549/1895 2259/3550/1895
f 1992/3551/1896 1927/3552/1896 1934/3553/1896
f 1929/3554/1897 1986/3543/1897 1921/3555/1897
f 1930/3545/1898 2561/3556/1898 2563/3557/1898
f 1994/3558/1899 1925/3549/1899 1989/3559/1899
f 2564/3560/1900 1934/3553/1900 2562/3561/1900
f 1995/3562/1901 1958/3563/1901 1996/3564/1901
f 1997/3565/1902 1962/695/1902 1998/3566/1902
f 1996/3564/1903 2506/1275/1903 1964/1141/1903
f 1999/3567/1904 1961/2467/1904 1997/3565/1904
f 1937/3568/1905 2000/3569/1905 2001/3570/1905
f 2003/3571/1906 1945/3572/1906 1942/3573/1906
f 2003/3571/1907 2507/3574/1907 2508/3575/1907
f 2002/3576/1908 1941/3577/1908 1945/3572/1908
f 2006/3578/1909 1938/3579/1909 1966/3580/1909
f 1937/3568/1910 1970/3581/1910 2007/3582/1910
f 1985/3540/1911 1927/3552/1911 1991/3583/1911
f 1948/3542/1912 2000/3569/1912 1916/3584/1912
f 1953/3585/1913 1962/695/1913 1980/694/1913
f 2007/3582/1914 1941/3577/1914 2005/3586/1914
f 1955/3587/1915 1957/2453/1915 1995/3562/1915
f 1969/3535/1916 1966/3580/1916 1982/3588/1916
f 2023/3589/1917 2399/3590/1917 2394/3589/1917
f 2265/3591/1918 2013/3592/1918 2262/3593/1918
f 2607/3594/1025 2050/3595/1025 2022/3596/1025
f 2026/3597/1919 2043/3598/1919 2044/3599/1919
f 2022/3596/1025 2051/3600/1025 2027/3601/1025
f 2567/3602/1920 2044/3599/1920 2569/3603/1920
f 2024/3604/1921 2394/3589/1921 2395/3604/1921
f 2036/3605/1025 2054/3606/1025 2608/3607/1025
f 2608/3607/1025 2056/3608/1025 2050/3595/1025
f 2050/3595/1025 2059/3609/1025 2051/3600/1025
f 2569/3603/1922 2057/3610/1922 2570/3611/1922
f 2052/3590/1025 2055/3612/1025 2036/3605/1025
f 2266/3613/1025 2025/3614/1025 2265/3591/1025
f 2054/3606/1025 2064/3615/1025 2063/3616/1025
f 2054/3606/1025 2062/3617/1025 2056/3608/1025
f 2056/3608/1025 2071/3618/1025 2059/3609/1025
f 2570/3611/1025 2066/3619/1025 2571/3620/1025
f 2060/3621/1025 2064/3615/1025 2055/3612/1025
f 2267/3622/1025 2068/3623/1025 2268/3624/1025
f 2014/3625/1025 2069/3626/1025 2042/3627/1025
f 2019/3628/1025 2042/3627/1025 2048/3629/1025
f 2049/3630/1025 2019/3628/1025 2048/3629/1025
f 2029/3631/1025 2049/3630/1025 2030/3632/1025
f 2568/3633/1923 2030/3632/1923 2572/3634/1923
f 2035/3635/1924 2034/3636/1924 2033/3637/1924
f 2267/3622/1925 2043/3598/1925 2266/3613/1925
f 2401/3638/1926 2024/3639/1926 2018/3640/1926
f 2521/3641/1927 2017/3642/1927 2263/3643/1927
f 2400/3644/1928 2567/3602/1928 2565/3645/1928
f 2041/3646/1025 2027/3601/1025 2045/3647/1025
f 2400/3644/1929 2025/3614/1929 2026/3597/1929
f 2040/3648/1025 2022/3596/1025 2041/3646/1025
f 2018/3649/1930 2607/3594/1930 2040/3648/1930
f 2514/3650/1931 2018/3649/1931 2512/3651/1931
f 2575/3652/1932 2405/3653/1932 2577/3652/1932
f 2511/3654/1025 2045/3647/1025 2516/3655/1025
f 2509/3656/1933 2013/3592/1933 2400/3644/1933
f 2513/3657/1025 2041/3646/1025 2511/3654/1025
f 2263/3658/1934 2016/3659/1934 2264/3660/1934
f 2018/3649/1935 2393/3648/1935 2392/3649/1935
f 2264/3660/1025 2035/3635/1025 2269/3661/1025
f 2029/3631/1936 2011/3662/1936 2010/3663/1936
f 2034/3636/1937 2566/3664/1937 2568/3633/1937
f 2038/3665/1025 2015/3666/1025 2047/3667/1025
f 2016/3659/1938 2402/3668/1938 2034/3636/1938
f 2014/3625/1025 2028/3669/1025 2015/3666/1025
f 2028/3669/1939 2530/3657/1939 2513/3657/1939
f 1351/3281/1940 656/3437/1940 809/3433/1940
f 1345/3670/1941 2080/3671/1941 1353/3672/1941
f 1894/3673/1942 2076/3674/1942 1896/3296/1942
f 2075/3675/1943 1979/3447/1943 2074/3464/1943
f 1353/3672/1944 2076/3674/1944 1975/3676/1944
f 1345/3670/1945 2079/3677/1945 2085/3678/1945
f 655/3440/1946 834/3679/1946 1856/3436/1946
f 841/3444/1947 1856/3436/1947 1355/3438/1947
f 834/3679/1948 837/3446/1948 1860/3450/1948
f 533/3448/1949 1355/3438/1949 563/3680/1949
f 1860/3450/1950 653/3681/1950 1861/3682/1950
f 1340/3451/1951 1353/3672/1951 1352/3453/1951
f 1352/3453/1952 1975/3676/1952 1974/3454/1952
f 1860/3450/1953 1345/3670/1953 1340/3451/1953
f 837/3446/1954 565/3462/1954 653/3681/1954
f 2097/3683/1955 1977/3441/1955 2095/3684/1955
f 653/3681/1956 2079/3677/1956 1861/3682/1956
f 2082/3460/1957 562/3456/1957 564/3455/1957
f 2084/3459/1958 533/3448/1958 563/3680/1958
f 564/3455/1959 1891/3449/1959 1893/3292/1959
f 835/3434/1960 1892/3298/1960 1889/3369/1960
f 1973/3432/1961 1889/3369/1961 1890/3302/1961
f 1892/3298/1962 1975/3676/1962 1894/3673/1962
f 2098/3685/1963 1978/3443/1963 1979/3447/1963
f 2095/3684/1964 836/3686/1964 2094/3687/1964
f 2099/3463/1965 1976/3445/1965 2097/3683/1965
f 2096/3688/1966 836/3686/1966 1978/3443/1966
f 653/3681/1967 2093/3689/1967 2078/3690/1967
f 2101/3691/1968 2083/3692/1968 2100/3693/1968
f 2103/3694/1969 2098/3695/1969 2102/3696/1969
f 2105/3697/1970 2088/3698/1970 2104/3699/1970
f 2093/3700/1971 2106/3701/1971 2107/3702/1971
f 2102/3696/1972 2075/3703/1972 2108/3704/1972
f 2079/3705/1973 2109/3706/1973 2110/3707/1973
f 2104/3699/1970 2087/3708/1970 2111/3709/1970
f 2085/3710/1974 2110/3707/1974 2112/3711/1974
f 2092/3712/1975 2113/3713/1975 2106/3714/1975
f 2073/3715/1976 2114/3716/1976 2115/3717/1976
f 2117/3718/1977 2094/3719/1977 2116/3720/1977
f 2077/3721/1978 2101/3691/1978 2118/3722/1978
f 2080/3723/1979 2112/3724/1979 2119/3725/1979
f 2120/3726/1980 2080/3723/1980 2119/3725/1980
f 2122/3727/1981 2089/3728/1981 2121/3729/1981
f 2078/3730/1982 2107/3702/1982 2109/3706/1982
f 2108/3731/1983 2074/3732/1983 2123/3733/1983
f 2086/3734/1984 2124/3356/1984 2125/3735/1984
f 2116/3720/1985 2096/3736/1985 2103/3694/1985
f 1895/3737/1986 2105/3738/1986 1887/3355/1986
f 2111/3709/1970 2091/3739/1970 2126/3740/1970
f 1888/3353/1987 2076/3741/1987 2120/3726/1987
f 2097/3742/1988 2117/3743/1988 2127/3744/1988
f 2121/3729/1989 2073/3715/1989 2115/3717/1989
f 2083/3692/1990 2125/3735/1990 2100/3693/1990
f 2126/3740/1991 2090/3745/1991 2122/3727/1991
f 2099/3746/1992 2127/3744/1992 2113/3713/1992
f 2123/3733/1993 2077/3721/1993 2118/3722/1993
f 1995/3747/1994 2081/3748/1994 1955/3749/1994
f 1996/3750/1995 2088/3698/1995 1995/3747/1995
f 1999/3751/1996 2087/3708/1996 1996/3750/1996
f 1997/3752/1997 2091/3739/1997 1999/3751/1997
f 1998/3753/1998 2090/3745/1998 1997/3752/1998
f 1953/3754/1999 2089/3728/1999 1998/3753/1999
f 1953/3754/2000 2072/3755/2000 2073/3715/2000
f 1919/3756/2001 2118/3722/2001 1947/3757/2001
f 1971/3758/2002 2127/3759/2002 1940/3760/2002
f 1965/3348/2003 2122/3727/2003 1960/3347/2003
f 1935/3761/2004 2125/3735/2004 1932/3762/2004
f 1963/3349/2005 2115/3717/2005 1952/3345/2005
f 1940/3760/2006 2117/3763/2006 1944/3764/2006
f 1864/3362/2007 2120/3726/2007 1923/3765/2007
f 2111/3709/2008 1965/3348/2008 1959/3360/2008
f 1887/3766/2009 1954/3767/2009 1863/3371/2009
f 2116/3720/2010 1939/3768/2010 1943/3769/2010
f 1932/3770/2011 2124/3370/2011 1924/3372/2011
f 1968/3771/2012 2123/3733/2012 1919/3756/2012
f 2109/3772/2013 1917/3773/2013 1949/3774/2013
f 1960/3347/2008 2121/3729/2008 1963/3349/2008
f 2120/3726/2014 1931/3775/2014 1923/3765/2014
f 2119/3725/2015 1928/3776/2015 1931/3775/2015
f 1947/3757/2016 2101/3691/2016 1926/3777/2016
f 1944/3778/2017 2116/3720/2017 1943/3769/2017
f 1952/3345/2018 2114/3716/2018 1951/3779/2018
f 1936/3780/2019 2113/3781/2019 1971/3758/2019
f 2112/3782/2020 1920/3783/2020 1928/3784/2020
f 2104/3785/2021 1959/3786/2021 1956/3787/2021
f 2110/3788/2022 1949/3774/2022 1920/3783/2022
f 2102/3696/2023 1968/3789/2023 1967/3790/2023
f 2107/3791/2024 1936/3792/2024 1917/3773/2024
f 1954/3366/2025 2104/3785/2025 1956/3787/2025
f 2103/3694/2026 1967/3790/2026 1939/3768/2026
f 1926/3777/2027 2100/3693/2027 1935/3761/2027
f 2304/3793/2028 2156/3084/2028 2300/3794/2028
f 2305/3795/2029 2157/3086/2029 2161/3088/2029
f 2300/3794/2030 2159/3085/2030 2303/3796/2030
f 2524/3797/2031 2158/3079/2031 2517/3082/2031
f 2302/3798/2032 2159/3085/2032 2158/3079/2032
f 2140/3799/2033 1463/1704/2033 859/2691/2033
f 2141/2694/2034 2275/3800/2034 2287/3801/2034
f 2298/3802/2035 2148/2177/2035 2293/3803/2035
f 2289/3804/2036 2152/1757/2036 2143/1754/2036
f 2153/3805/2037 1762/3806/2037 1333/3807/2037
f 2151/2258/2038 2304/3808/2038 2296/3809/2038
f 2295/3810/2039 2147/2218/2039 2292/1134/2039
f 857/1508/2040 2130/3811/2040 1164/3812/2040
f 2293/3803/2041 2129/2176/2041 2276/3813/2041
f 2297/3814/2042 2146/3815/2042 2152/1757/2042
f 2288/3816/2043 2150/1756/2043 2295/3810/2043
f 2289/3804/2044 2518/1755/2044 2523/3817/2044
f 2290/3818/2045 2142/1753/2045 2288/3816/2045
f 2291/3819/2046 2144/1752/2046 2290/3818/2046
f 2154/1703/2047 2278/3820/2047 2275/3800/2047
f 1463/1704/2048 2128/3821/2048 930/3822/2048
f 2276/3823/2049 2137/1510/2049 2284/3824/2049
f 2296/3825/2050 2149/3826/2050 2151/1507/2050
f 2278/3827/2051 2139/1506/2051 2286/3828/2051
f 2279/3829/2052 2135/1503/2052 2282/3830/2052
f 2280/3831/2053 2232/1501/2053 2307/3832/2053
f 2281/3833/2054 2130/1496/2054 2277/3834/2054
f 2281/3835/2055 2135/1503/2055 2134/1493/2055
f 2283/3836/2056 2133/1499/2056 2280/3831/2056
f 2284/3824/2057 2136/1488/2057 2283/3837/2057
f 2272/3838/2058 2138/1470/2058 2128/1471/2058
f 2306/3839/2059 2139/1506/2059 2233/1468/2059
f 2273/3840/2060 2146/1250/2060 2274/3841/2060
f 858/3842/2061 2147/2218/2061 981/1297/2061
f 1765/3843/2062 1757/3844/2062 1776/3134/2062
f 2491/3845/2063 1766/3846/2063 2493/3147/2063
f 1763/3847/2064 1766/3846/2064 1679/3848/2064
f 1516/2742/2065 1763/3847/2065 1455/3849/2065
f 1516/3850/2065 1450/3851/2065 1513/2722/2065
f 2306/3839/2066 2132/3852/2066 2279/3853/2066
f 2307/3832/2067 2138/1470/2067 2285/3854/2067
f 2223/3375/2068 1858/3855/2068 854/3856/2068
f 1869/3857/2069 2230/3858/2069 2231/3859/2069
f 1874/3860/2070 2230/3858/2070 1870/3861/2070
f 895/3862/2071 2229/3389/2071 1874/3863/2071
f 895/3862/1819 2227/3864/1819 2228/3385/1819
f 2504/3865/2072 2226/3381/2072 2519/3383/2072
f 921/3866/2073 2225/3376/2073 2226/3381/2073
f 911/3867/2074 2224/3380/2074 579/3868/2074
f 1292/3869/2075 2224/3870/2075 2225/3376/2075
f 2223/3396/2076 1866/3871/2076 913/3872/2076
f 855/3873/2077 2220/3365/2077 1883/3874/2077
f 2221/3285/2078 1844/3261/2078 1866/3875/2078
f 1883/3290/2079 2190/1433/2079 1859/763/2079
f 1904/3402/2080 2219/2822/2080 1905/3403/2080
f 2217/2859/2081 1907/3406/2081 1571/2885/2081
f 2213/2857/2082 1571/2885/2082 1563/3876/2082
f 2216/2821/2083 1562/2578/2083 1536/2887/2083
f 2218/2908/2084 1903/2505/2084 1907/3406/2084
f 2219/2822/2085 1536/2887/2085 1905/3403/2085
f 808/2666/2086 2209/2797/2086 1493/3877/2086
f 1441/3878/2087 2210/2791/2087 1512/2805/2087
f 2207/2789/2088 1503/1658/2088 1432/3879/2088
f 2163/2786/2089 1492/2649/2089 575/3880/2089
f 2209/2760/2090 1511/3881/2090 1493/2735/2090
f 1492/3882/2091 2210/2734/2091 1504/2758/2091
f 2166/2579/2092 1563/3883/2092 813/3884/2092
f 2167/2550/2093 1566/3885/2093 584/2599/2093
f 2168/1429/2094 1904/3402/2094 815/671/2094
f 2201/2344/2095 1324/3886/2095 1104/3887/2095
f 2198/2205/2096 1238/3888/2096 1078/3889/2096
f 739/3890/1190 2201/2074/1190 1104/3891/1190
f 2194/2066/1187 1107/3892/1187 832/3893/1187
f 2197/2011/2097 1109/1998/2097 870/3894/2097
f 860/3895/2098 2202/1999/2098 1103/3896/2098
f 2205/1990/2099 1080/3897/2099 1324/3886/2099
f 1103/3898/2100 2198/1987/2100 1078/3899/2100
f 1238/3888/2101 2200/1984/2101 1106/3900/2101
f 2203/1963/2102 1079/3901/2102 1109/3902/2102
f 861/1765/2103 2193/1500/2103 1003/1791/2103
f 871/1780/2104 2192/1469/2104 998/692/2104
f 833/1782/2105 2178/1375/2105 994/1192/2105
f 738/1768/2105 2177/1374/2105 1009/1313/2105
f 2165/1423/2106 1555/3903/2106 582/809/2106
f 2232/1501/2107 996/1779/2107 2138/1470/2107
f 2132/3904/2108 2192/3905/2108 999/3906/2108
f 2183/795/2109 1857/672/2109 803/1461/2109
f 588/3907/2110 2190/3908/2110 1842/1460/2110
f 2166/3909/918 577/3910/918 583/829/918
f 2168/1429/2111 575/824/2111 585/2535/2111
f 574/3911/914 2165/1423/914 582/809/914
f 2164/1419/2112 584/806/2112 576/3912/2112
f 2270/1416/2113 587/3913/2113 2237/3914/2113
f 660/3915/2114 2170/3916/2114 588/3907/2114
f 2346/1413/2115 591/3917/2115 2312/791/2115
f 644/3918/2116 2172/1411/2116 592/3919/2116
f 2171/1394/2117 643/3920/2117 591/3917/2117
f 643/3920/897 2174/1393/897 644/3918/897
f 2169/1385/2118 659/3921/2118 587/3922/2118
f 2538/3923/2119 2176/3924/2119 660/3915/2119
f 2520/1376/2120 1001/1808/2120 2420/1122/2120
f 1009/1313/890 2179/1372/890 784/1315/890
f 784/1315/2121 2180/1373/2121 785/3925/2121
f 2574/977/2122 829/1434/2122 2548/1462/2122
f 802/3926/2123 2188/975/2123 828/988/2123
f 2186/3927/2124 825/3928/2124 824/1395/2124
f 2184/787/2125 824/1395/2125 804/1398/2125
f 2242/755/2126 2182/798/2126 802/3926/2126
f 2189/796/2127 803/1461/2127 829/1434/2127
f 2347/785/2128 804/1398/2128 2317/3929/2128
f 2187/3930/2129 805/1409/2129 825/3928/2129
f 2162/1421/2130 2242/755/2130 806/2445/2130
f 577/3931/2113 2270/1416/2113 2237/3914/2113
f 2032/3932/2131 2269/3661/2131 2070/3933/2131
f 2031/3934/2132 2264/3660/2132 2032/3932/2132
f 2515/3935/2133 2263/3658/2133 2031/3934/2133
f 2061/3936/2134 2266/3613/2134 2053/3937/2134
f 2267/3938/1025 2067/3939/1025 2058/3940/1025
f 2053/3941/2135 2265/3942/2135 2046/3943/2135
f 2046/3944/2136 2262/3593/2136 2012/3945/2136
f 1955/3587/2137 2259/3550/2137 1990/2454/2137
f 2260/3539/2138 1984/3546/2138 1922/3946/2138
f 2261/3526/2139 2035/3947/2139 1989/3511/2139
f 2260/3480/2140 2068/3948/2140 1950/3949/2140
f 1837/3186/1744 2255/3228/1744 1806/3217/1744
f 1833/3175/2141 2254/3222/2141 1790/3198/2141
f 1663/3203/2142 2255/3228/2142 1791/3245/2142
f 1700/3065/2143 2254/3222/2143 1807/3214/2143
f 1835/3174/1704 2256/3178/1704 1833/3175/1704
f 1643/3011/2144 2253/3950/2144 2247/3129/2144
f 1661/3008/2145 2251/3121/2145 1735/3119/2145
f 1701/3031/2146 2248/3002/2146 1662/3009/2146
f 2474/3010/2147 2247/3129/2147 2522/3005/2147
f 1662/3009/2148 2252/3004/2148 1661/3008/2148
f 558/768/2149 2235/2100/2149 1133/3951/2149
f 2244/2090/2150 1120/3952/2150 521/2078/2150
f 2181/1431/910 2243/983/910 2270/1416/910
f 1248/3953/2151 2253/1309/2151 1758/2807/2151
f 2244/1290/2152 1739/3954/2152 561/3955/2152
f 800/2308/2153 2259/3956/2153 2243/983/2153
f 595/808/2154 2241/3957/2154 2240/3958/2154
f 574/3911/2155 2240/3958/2155 2236/797/2155
f 625/3959/689 2239/886/689 2238/888/689
f 519/833/688 2238/883/688 2235/885/688
f 577/3910/2156 2239/886/2156 626/830/2156
f 574/3911/2157 2271/799/2157 2162/1421/2157
f 1248/699/2158 2245/2099/2158 2246/767/2158
f 596/3960/2159 2234/764/2159 2241/766/2159
f 806/2445/2160 2258/757/2160 1981/2444/2160
f 2185/3961/2161 2285/3854/2161 805/1409/2161
f 592/3962/2162 2306/3963/2162 2279/3964/2162
f 568/1475/2163 2274/3841/2163 956/3965/2163
f 2172/1411/2164 2286/3828/2164 2306/3839/2164
f 931/1410/2165 2285/3854/2165 2272/3838/2165
f 635/3966/2166 2283/3837/2166 636/3967/2166
f 636/3968/2167 2280/3969/2167 594/3970/2167
f 624/3971/2168 2282/3972/2168 2281/3833/2168
f 1144/3973/2169 2281/3833/2169 2277/3834/2169
f 594/3970/2170 2307/3974/2170 2185/783/2170
f 623/3975/2171 2279/3964/2171 2282/3972/2171
f 936/3976/2172 2286/3828/2172 823/774/2172
f 1243/2120/2173 2294/2180/2173 2296/3825/2173
f 1139/3977/2174 2284/3824/2174 635/3966/2174
f 2275/3800/2175 936/3978/2175 1469/1672/2175
f 958/1745/2176 2291/3819/2176 2290/3818/2176
f 958/1745/2177 2288/3816/2177 947/1746/2177
f 957/2354/2178 2523/3817/2178 2438/1727/2178
f 1310/1713/2179 2274/3979/2179 2297/3814/2179
f 567/2111/2180 2276/3813/2180 1139/3980/2180
f 2296/3809/2181 1748/3981/2181 1243/3982/2181
f 957/2354/2182 2297/3814/2182 2289/3804/2182
f 1329/2113/2183 2293/3803/2183 567/2111/2183
f 2287/3801/2184 1469/1672/2184 573/2708/2184
f 1696/3052/2032 2303/3796/2032 2302/3798/2032
f 2480/3053/2185 2302/3798/2185 2524/3797/2185
f 1716/3097/2186 2303/3796/2186 1717/2993/2186
f 1745/3983/2187 2301/3984/2187 2305/3795/2187
f 1748/3985/2188 2300/3794/2188 1716/3097/2188
f 2273/2712/2189 2155/3986/2189 2140/3799/2189
f 2153/3805/2190 2305/2312/2190 2161/3987/2190
f 2294/2180/2191 2130/3811/2191 2149/3826/2191
f 2155/3986/2192 2272/1665/2192 2128/3821/2192
f 2287/1135/2193 2147/2218/2193 2141/3988/2193
f 2387/3989/2194 2317/3929/2194 2361/3990/2194
f 2386/3991/2195 2312/791/2195 2356/3992/2195
f 2345/3179/2196 1802/3993/2196 1841/3250/2196
f 2384/3994/2197 2342/3246/2197 2382/3062/2197
f 2385/3249/1705 2344/3181/1705 2384/3994/1705
f 2376/3995/1689 2340/2968/1689 2336/3123/1689
f 1687/3996/2198 2342/3246/2198 1839/3997/2198
f 2377/3060/2199 2525/3049/2199 2528/3998/2199
f 2378/3999/2200 2343/3042/2200 2383/4000/2200
f 2378/4001/2201 2336/3123/2201 2338/2997/2201
f 2375/4002/2202 2341/2996/2202 2381/4003/2202
f 2380/4004/2203 2339/2430/2203 2340/2968/2203
f 2363/4005/2204 2334/1671/2204 2351/4006/2204
f 2331/4007/1025 1460/4008/1025 569/2711/1025
f 572/1299/2205 2324/2219/2205 946/2220/2205
f 2333/4009/1025 927/1667/1025 1460/4008/1025
f 570/2126/607 2309/4010/607 1137/4011/607
f 2326/2431/2206 2379/4012/2206 2370/4013/2206
f 2373/4014/607 2325/2106/607 2369/4015/607
f 2365/4016/2207 2328/1709/2207 2321/1730/2207
f 2368/2653/1025 2327/1729/1025 2324/2219/1025
f 2325/2106/607 2352/4017/607 2369/4015/607
f 2367/4018/1025 2322/1743/1025 2366/4019/1025
f 2366/4019/2208 2320/1728/2208 2364/4020/2208
f 2365/4016/2209 2526/1731/2209 2527/4021/2209
f 2371/4022/2210 2320/1728/2210 2327/1729/2210
f 2372/4023/2211 2332/4024/2211 2328/1709/2211
f 2351/4006/2212 2310/1670/2212 2354/4025/2212
f 2386/3991/2213 2318/1412/2213 2346/1413/2213
f 2348/4026/2214 2317/3929/2214 2330/1408/2214
f 2349/4027/2215 2332/1355/2215 2350/4028/2215
f 1330/4029/2216 2341/4030/2216 1761/4031/2216
f 2359/4032/2217 2316/4033/2217 2315/4034/2217
f 2359/4032/2218 2311/905/2218 2355/4035/2218
f 2358/4036/2219 2313/4037/2219 2357/4038/2219
f 2357/4039/2220 2309/897/2220 2353/4040/2220
f 2358/4036/2221 2312/791/2221 2314/793/2221
f 2355/4035/2222 2347/785/2222 2387/3989/2222
f 2360/4041/2223 2308/4042/2223 2316/776/2223
f 2362/4043/2224 2310/770/2224 2318/772/2224
f 1431/4044/2225 2362/4043/2225 1441/4045/2225
f 1437/4046/2226 2352/4047/2226 2360/4048/2226
f 1432/4049/2227 2387/3989/2227 2207/4050/2227
f 1435/4051/2228 2356/4052/2228 2358/4053/2228
f 1430/4054/2220 2357/4039/2220 2353/4040/2220
f 1435/4051/2229 2357/4039/2229 1434/4055/2229
f 1432/4049/2218 2359/4032/2218 2355/4035/2218
f 1437/4046/2230 2359/4032/2230 1436/4056/2230
f 2349/4027/2231 1448/4057/2231 1442/2644/2231
f 1428/4058/2232 2361/3990/2232 2348/4026/2232
f 1441/4059/2233 2386/4060/2233 2206/4061/2233
f 1482/4062/2234 2354/4025/2234 1431/4063/2234
f 1454/4064/1025 2350/4065/1025 2372/4023/1025
f 1444/4066/2235 2371/4022/2235 1452/4067/2235
f 1445/4068/2236 2527/4021/2236 2471/4069/2236
f 1446/4070/2237 2364/4020/2237 1444/4066/2237
f 1446/4070/1025 2367/4018/1025 2366/4019/1025
f 2369/4015/607 1429/4071/607 1450/3851/607
f 1452/4067/1025 2368/2653/1025 1449/2652/1025
f 1445/4068/1025 2372/4023/1025 2365/4016/1025
f 1455/4072/607 2369/4015/607 1450/3851/607
f 2370/4013/2238 1743/4073/2238 1451/4074/2238
f 1443/4075/2239 2351/4006/2239 1482/4062/2239
f 1757/3844/2240 2379/4012/2240 2380/4004/2240
f 1679/3848/2241 2381/4003/2241 1763/3847/2241
f 1724/3161/2242 2376/3995/2242 2378/4001/2242
f 1724/4076/2243 2383/4000/2243 1840/4077/2243
f 1723/4078/2244 2528/3998/2244 2491/3845/2244
f 1698/3135/2245 2380/4004/2245 2376/3995/2245
f 1809/3247/1705 2384/3994/1705 1808/4079/1705
f 1808/4079/2246 2382/3062/2246 1838/3257/2246
f 1433/4080/2247 2386/4081/2247 2356/4082/2247
f 2207/4050/2248 2361/3990/2248 1440/4083/2248
f 2385/3249/2249 2343/4084/2249 2345/3179/2249
f 2337/3047/2250 2382/3062/2250 2342/3246/2250
f 2349/2680/1025 2333/4009/1025 2331/4007/1025
f 2319/4085/2251 2368/2653/2251 2324/2219/2251
f 2374/2640/1025 2330/4086/1025 2333/4009/1025
f 2326/4087/607 2353/2622/607 2309/4010/607
f 2329/4088/2252 2381/1306/2252 2341/4030/2252
f 2529/3651/2253 2393/3648/2253 2530/3657/2253
f 2390/3628/2254 2389/3662/2254 2391/3669/2254
f 2011/3662/2255 2388/3663/2255 2010/3663/2255
f 2010/3663/2256 2390/3628/2256 2019/3628/2256
f 2512/3651/2257 2392/3649/2257 2529/3651/2257
f 2028/3669/1939 2390/3628/1939 2391/3669/1939
f 2395/3604/2258 2610/3607/2258 2609/3594/2258
f 2394/4089/2259 2397/4090/2259 2395/3639/2259
f 2398/4091/2260 2612/4092/2260 2614/4091/2260
f 2036/3605/2261 2610/3607/2261 2397/3605/2261
f 2036/3605/2262 2399/3590/2262 2052/3590/2262
f 2024/3604/2263 2609/3594/2263 2607/3594/2263
f 2575/3652/2264 2400/3644/2264 2565/3645/2264
f 2531/4093/2265 2402/3668/2265 2509/3656/2265
f 2576/4094/2266 2403/4095/2266 2566/3664/2266
f 2009/3653/2267 2514/3650/2267 2532/4096/2267
f 2534/4096/2268 2411/4097/2268 2536/4096/2268
f 2532/4096/2269 2407/4097/2269 2534/4096/2269
f 2531/4093/2270 2404/4098/2270 2533/4099/2270
f 2020/4100/2271 2578/4094/2271 2576/4094/2271
f 2579/3652/2272 2591/3653/2272 2590/3652/2272
f 2404/4098/2273 2535/4099/2273 2533/4099/2273
f 2406/4100/2274 2580/4094/2274 2578/4094/2274
f 2577/3652/2275 2409/3653/2275 2579/3652/2275
f 2533/4099/2276 2410/4100/2276 2406/4100/2276
f 2411/4097/2277 2596/4096/2277 2536/4096/2277
f 2020/4100/2278 2533/4099/2278 2406/4100/2278
f 2009/3653/2279 2534/4096/2279 2405/3653/2279
f 2405/3653/2280 2536/4096/2280 2409/3653/2280
f 2532/4096/2281 2403/4095/2281 2039/4097/2281
f 2008/4098/2282 2509/3656/2282 2400/3644/2282
f 2011/3662/2257 2529/3651/2257 2389/3662/2257
f 2391/3669/2253 2529/3651/2253 2530/3657/2253
f 2491/3845/2283 2375/4002/2283 1679/3848/2283
f 2471/4069/1025 2367/4018/1025 1447/4101/1025
f 2367/4018/1025 2526/1731/1025 2323/4102/1025
f 2528/3998/2284 2335/2994/2284 2375/4002/2284
f 1697/3095/2285 2524/3797/2285 2301/3984/2285
f 2438/1727/2286 2291/3819/2286 972/1748/2286
f 2474/3010/2287 2250/3227/2287 1663/3203/2287
f 2012/3945/2288 2521/4103/2288 2515/3935/2288
f 2180/1373/2289 2420/1122/2289 785/3925/2289
f 901/4104/2290 2519/3383/2290 2227/3864/2290
f 1723/4078/2291 2493/3147/2291 1770/3146/2291
f 2523/3817/2292 2145/4105/2292 2291/3819/2292
f 2301/3984/2293 2517/3082/2293 2157/3086/2293
f 2513/3657/1939 2393/3648/1939 2040/3648/1939
f 2028/3669/1025 2511/3654/1025 2015/3666/1025
f 2017/4106/2294 2509/3656/2294 2402/3668/2294
f 2015/3666/1025 2516/3655/1025 2047/3667/1025
f 2403/4095/2295 2512/3651/2295 2011/3662/2295
f 2262/4107/2296 2510/4108/2296 2521/3641/2296
f 2508/3575/2297 1938/3579/2297 2004/4109/2297
f 2003/3469/2298 2516/3533/2298 2045/4110/2298
f 2227/3864/2299 2505/3384/2299 1852/3386/2299
f 1852/3322/2300 2503/3327/2300 1876/4111/2300
f 921/3312/2301 2502/3320/2301 1872/4112/2301
f 2502/3271/2302 1848/2359/2302 1872/4113/2302
f 1805/3244/2303 2497/3200/2303 1831/3206/2303
f 1796/3254/2304 2496/3240/2304 1824/4114/2304
f 1787/4115/2305 2495/3064/2305 1819/3252/2305
f 2498/3184/2306 1816/2967/2306 1784/3182/2306
f 1706/4116/2307 2496/3226/2307 1825/4117/2307
f 2483/3001/2308 1830/4118/2308 1712/2999/2308
f 2498/3184/607 1787/4115/607 1785/3235/607
f 2556/3191/607 2501/3170/607 1805/3244/607
f 2481/3157/1464 1774/4119/1464 1665/4120/1464
f 2492/3148/2309 1766/3846/2309 1774/3150/2309
f 1638/3229/842 2486/2971/842 1635/3212/842
f 2157/3086/2310 2490/3083/2310 1729/4121/2310
f 2484/3000/2311 1721/4122/2311 1715/3046/2311
f 2477/3074/2312 1817/4123/2312 1684/4124/2312
f 2478/3051/2313 1818/2987/2313 1685/3054/2313
f 2479/3048/2314 1684/3103/2314 1680/3100/2314
f 1686/3063/2315 2480/3053/2315 1697/3095/2315
f 2525/3049/2316 1680/3100/2316 2335/2994/2316
f 1638/3229/2317 2476/3020/2317 2488/3036/2317
f 1674/3026/1645 2481/4125/1645 2476/3020/1645
f 1721/4122/2318 2489/3017/2318 1722/3029/2318
f 1663/3203/607 2475/2973/607 2474/3010/607
f 2522/3005/2319 1718/3218/2319 2250/3227/2319
f 1713/3199/2320 2484/3000/2320 1715/3046/2320
f 1718/3218/2321 2482/2985/2321 1706/3216/2321
f 1635/3212/2322 2475/2973/2322 1670/3205/2322
f 2459/2764/2323 1691/4126/2323 886/1479/2323
f 651/4127/2324 2473/1685/2324 1457/2714/2324
f 2436/2699/2325 1475/1700/2325 769/4128/2325
f 2442/2632/1025 1447/4129/1025 980/2626/1025
f 1381/4130/2326 2470/2575/2326 1393/4131/2326
f 1390/4132/2327 2463/2531/2327 1376/2543/2327
f 1395/4133/2328 2466/2560/2328 1390/2553/2328
f 1379/2520/2329 2465/4134/2329 2464/2548/2329
f 1376/2543/2330 2467/2532/2330 1381/4130/2330
f 1409/2521/2331 2464/2548/2331 2468/2525/2331
f 2461/2464/2332 1354/2466/2332 754/4135/2332
f 2461/2388/2333 1395/4136/2333 664/645/2333
f 760/2373/2334 2470/2378/2334 1402/4137/2334
f 867/4138/2335 2428/1245/2335 1167/1182/2335
f 885/2168/2336 2415/2165/2336 1160/4139/2336
f 2460/2159/2337 1730/4140/2337 868/2245/2337
f 1039/4141/2338 2456/1929/2338 1059/4142/2338
f 2458/1925/2339 1064/4143/2339 1074/1926/2339
f 1066/4144/2340 2455/1908/2340 788/1918/2340
f 2450/1883/2341 1049/1903/2341 1035/1881/2341
f 1047/4145/2342 2454/4146/2342 2452/1897/2342
f 1053/4147/2343 2452/1897/2343 2453/1894/2343
f 2450/1883/2344 1066/4148/2344 647/1901/2344
f 1044/1110/2345 2458/1878/2345 1074/1871/2345
f 763/4149/2346 2455/1870/2346 789/1874/2346
f 902/4150/2347 2447/1862/2347 1026/1865/2347
f 786/1863/2348 2448/1859/2348 1033/4151/2348
f 1032/4152/1098 2447/1844/1098 1024/1835/1098
f 2448/1839/2349 1025/1841/2349 1033/4153/2349
f 740/4154/2350 2444/1820/2350 1017/4155/2350
f 2434/1818/1087 1012/1827/1087 894/4156/1087
f 1018/4157/1085 2444/4158/1085 2445/1813/1085
f 2518/1755/2351 977/1740/2351 2145/4105/2351
f 2441/1735/1025 978/4159/1025 977/1740/1025
f 2526/1731/1025 971/1744/1025 2323/4102/1025
f 974/4160/1025 2438/1727/1025 972/1748/1025
f 2437/1726/1025 973/1751/1025 971/1744/1025
f 973/1751/2352 2440/1722/2352 974/4160/2352
f 2472/1693/2353 942/4161/2353 1475/1700/2353
f 1457/2714/2354 2414/1687/2354 923/1652/2354
f 2434/1612/2355 1032/4162/2355 889/4163/2355
f 2425/1603/2356 1023/4164/2356 1848/4165/2356
f 2432/1590/2357 902/4166/2357 790/1591/2357
f 1036/1582/2358 2415/1574/2358 1123/1109/2358
f 775/4167/977 2430/878/977 2419/1547/977
f 876/4168/2359 2414/1527/2359 940/1528/2359
f 2436/1484/2360 970/4169/2360 724/1472/2360
f 839/1242/2361 2520/1376/2361 2180/1373/2361
f 744/1877/2362 2454/1330/2362 1055/4170/2362
f 650/2470/2363 2506/1275/2363 1958/3563/2363
f 2428/1245/2364 721/4171/2364 1167/1182/2364
f 2503/1231/2365 1942/4172/2365 1876/1232/2365
f 773/1255/2366 2465/1218/2366 1388/4173/2366
f 773/1227/2367 2413/4174/2367 2418/1213/2367
f 1354/2466/2368 2417/1209/2368 771/1159/2368
f 942/1241/2369 2427/1193/2369 839/1242/2369
f 2429/1171/2370 1407/4175/2370 874/733/2370
f 757/1260/800 2419/1547/800 2413/1164/800
f 759/4176/2371 2442/1132/2371 980/1352/2371
f 785/3925/783 2422/1092/783 795/1316/783
f 766/4177/2372 2421/4178/2372 2424/1098/2372
f 795/1316/2373 2421/1094/2373 793/1338/2373
f 816/4179/2374 2430/878/2374 882/1149/2374
f 771/1159/2375 2412/746/2375 816/4179/2375
f 2500/3238/607 2556/3191/607 1797/3251/607
f 2580/4094/2376 2595/4097/2376 2411/4097/2376
f 2404/4098/2377 2579/3652/2377 2408/4098/2377
f 2578/4094/2378 2411/4097/2378 2407/4097/2378
f 2579/3652/2379 2593/4098/2379 2408/4098/2379
f 2576/4094/2380 2407/4097/2380 2039/4097/2380
f 2576/4094/2381 2402/3668/2381 2020/4100/2381
f 2009/3653/2382 2565/3645/2382 2401/4180/2382
f 828/988/2122 2574/977/2122 2548/1462/2122
f 2175/1384/2383 2538/3923/2383 659/3921/2383
f 2568/3633/1937 2403/4095/1937 2029/3631/1937
f 2575/3652/2384 2404/4098/2384 2008/4098/2384
f 2565/3645/2385 2023/3589/2385 2401/4180/2385
f 2034/3636/2386 2572/3634/2386 2033/3637/2386
f 2060/3621/1025 2571/3620/1025 2065/4181/1025
f 2052/3590/1025 2570/3611/1025 2060/3621/1025
f 2023/4089/2387 2569/4182/2387 2052/4183/2387
f 1994/3558/2388 2562/3561/2388 1933/4184/2388
f 1929/3554/2389 2561/3556/2389 1993/4185/2389
f 2563/3516/2390 2066/3530/2390 1930/4186/2390
f 1992/4187/2391 2572/3508/2391 2030/3522/2391
f 1783/3234/2392 2558/3208/2392 1815/4188/2392
f 1804/3169/2393 2557/3255/2393 1830/4118/2393
f 2554/3110/2394 1821/4189/2394 1689/4190/2394
f 2553/3195/2395 1824/4191/2395 1705/2152/2395
f 1797/3251/607 2555/3188/607 1782/3187/607
f 1782/3187/607 2560/3190/607 1783/3234/607
f 2500/3238/607 2559/3256/607 2581/3168/607
f 2554/3110/607 1647/4192/607 1682/3066/607
f 1712/2999/607 2551/3108/607 1645/3092/607
f 3221/2745/2396 2551/2672/2396 1658/4193/2396
f 659/4194/2397 2550/964/2397 1279/969/2397
f 830/2397/2398 2562/4195/2398 2547/2398/2398
f 3223/2437/2399 2552/2380/2399 1660/4196/2399
f 2537/2280/2400 1194/1060/2400 658/2276/2400
f 828/988/2401 2561/1463/2401 1988/989/2401
f 830/2397/2402 2573/1380/2402 2175/4197/2402
f 1156/4198/2403 3240/4199/2403 3241/4198/2403
f 716/4200/2404 2544/1052/2404 718/1051/2404
f 720/4201/2405 3225/4202/2405 2546/4203/2405
f 718/1051/2406 3216/1044/2406 3220/1042/2406
f 715/1039/752 2545/1037/752 2541/1040/752
f 719/1035/750 3218/1036/750 2545/1037/750
f 2549/980/2407 686/4204/2407 1194/1060/2407
f 2188/975/721 2537/976/721 2574/977/721
f 2550/964/2408 716/4205/2408 1279/969/2408
f 2587/4206/2409 2601/4207/2409 2605/4206/2409
f 2584/4208/2410 2606/4209/2410 2589/4209/2410
f 2585/4210/2411 2602/4211/2411 2604/4210/2411
f 2585/4210/2412 2600/4208/2412 2584/4208/2412
f 2410/4100/2413 2594/4094/2413 2580/4094/2413
f 2409/3653/2414 2596/4096/2414 2591/3653/2414
f 2535/4099/2415 2593/4098/2415 2592/4099/2415
f 2535/4099/2416 2597/4100/2416 2410/4100/2416
f 2582/4211/2417 2591/3653/2417 2583/4212/2417
f 2584/4208/2418 2593/4098/2418 2585/4210/2418
f 2586/4207/2419 2595/4097/2419 2594/4094/2419
f 2588/4213/2420 2591/3653/2420 2596/4096/2420
f 2584/4208/2421 2597/4100/2421 2592/4099/2421
f 2587/4206/2422 2596/4096/2422 2595/4097/2422
f 2582/4211/2423 2593/4098/2423 2590/3652/2423
f 2586/4207/2424 2597/4100/2424 2589/4209/2424
f 2598/4214/2425 2604/4210/2425 2602/4211/2425
f 2606/4209/2426 2598/4214/2426 2601/4207/2426
f 2605/4206/2427 2598/4214/2427 2599/4213/2427
f 2598/4215/2428 2603/4216/2428 2599/4217/2428
f 2582/4218/2429 2603/4216/2429 2602/4218/2429
f 2589/4209/2430 2601/4207/2430 2586/4207/2430
f 2587/4206/2431 2599/4213/2431 2588/4213/2431
f 2588/4217/2432 2603/4216/2432 2583/4216/2432
f 2037/4092/2433 2607/3594/2433 2021/4219/2433
f 2398/4091/2434 2609/3594/2434 2610/3607/2434
f 2021/4219/2435 2609/3594/2435 2396/4220/2435
f 2398/4091/2436 2608/3607/2436 2037/4092/2436
f 2611/4219/2437 2614/4091/2437 2612/4092/2437
f 2396/4220/2438 2614/4091/2438 2613/4220/2438
f 2396/4220/2439 2611/4219/2439 2021/4219/2439
f 2037/4092/2440 2611/4219/2440 2612/4092/2440
f 2673/4221/2441 2618/4222/2441 2674/4223/2441
f 2674/4223/2442 2620/4224/2442 2676/4225/2442
f 2620/4224/2443 2678/4226/2443 2676/4225/2443
f 2622/4227/2444 2680/4228/2444 2678/4226/2444
f 2624/4229/2445 2682/4230/2445 2680/4228/2445
f 2682/4230/2446 2628/4231/2446 2684/4232/2446
f 2616/4233/2447 2644/4234/2447 2618/4222/2447
f 2631/4235/2448 2689/4236/2448 2687/4237/2448
f 2633/4238/2449 2673/4221/2449 2689/4236/2449
f 2615/4239/2450 2627/4240/2450 2632/4241/2450
f 2638/4242/2451 2636/4243/2451 2634/4244/2451
f 2642/4245/2452 2661/4246/2452 2660/4247/2452
f 2622/4227/2453 2646/4248/2453 2647/4249/2453
f 2635/4250/2454 2653/4251/2454 2654/4252/2454
f 2633/4238/2455 2645/4253/2455 2616/4233/2455
f 2624/4229/2456 2649/4254/2456 2626/4255/2456
f 2639/4256/2457 2659/4257/2457 2658/4258/2457
f 2646/4259/2458 2653/4260/2458 2655/4259/2458
f 2645/4253/2449 2661/4246/2449 2654/4252/2449
f 2652/4261/2459 2660/4247/2459 2661/4246/2459
f 2649/4262/2460 2659/4263/2460 2650/4263/2460
f 2649/4262/2461 2657/4264/2461 2658/4262/2461
f 2647/4265/2462 2657/4264/2462 2648/4264/2462
f 2645/4266/2463 2653/4260/2463 2644/4260/2463
f 2647/4265/2464 2655/4259/2464 2656/4265/2464
f 2636/4243/2465 2653/4251/2465 2634/4244/2465
f 2643/4267/2466 2654/4252/2466 2661/4246/2466
f 2626/4255/2467 2650/4268/2467 2628/4231/2467
f 2637/4269/2468 2655/4270/2468 2636/4243/2468
f 2637/4269/2469 2657/4271/2469 2656/4272/2469
f 2622/4227/2470 2648/4273/2470 2624/4229/2470
f 2633/4238/2471 2651/4274/2471 2652/4261/2471
f 2638/4242/2472 2658/4258/2472 2657/4271/2472
f 2620/4224/2455 2644/4234/2455 2646/4248/2455
f 3201/4275/2473 2631/4235/2473 2687/4237/2473
f 2625/4276/2474 2617/4277/2474 2623/4278/2474
f 2632/4241/2450 2629/4279/2450 2630/4280/2450
f 2623/4278/2450 2619/4281/2450 2621/4282/2450
f 2635/4250/2451 2640/4283/2451 2639/4256/2451
f 2643/4267/2475 2641/4284/2475 2640/4283/2475
f 2634/4244/2476 2639/4256/2476 2638/4242/2476
f 2615/4239/2477 2663/4285/2477 2617/4277/2477
f 2617/4277/2478 2664/4286/2478 2619/4281/2478
f 2621/4282/2479 2664/4286/2479 2665/4287/2479
f 2623/4278/2480 2665/4287/2480 2666/4288/2480
f 2625/4276/2481 2666/4288/2481 2667/4289/2481
f 2627/4240/2482 2667/4289/2482 2668/4290/2482
f 2629/4279/2483 2668/4290/2483 2669/4291/2483
f 2630/4280/2484 2669/4291/2484 2670/4292/2484
f 2630/4280/2485 2671/4293/2485 2632/4241/2485
f 2632/4241/2486 2662/4294/2486 2615/4239/2486
f 2690/4295/2487 2662/4296/2487 2671/4297/2487
f 2690/4295/2488 2673/4221/2488 2672/4298/2488
f 2670/4299/2489 2690/4295/2489 2671/4297/2489
f 2688/4300/2490 2689/4236/2490 2690/4295/2490
f 2669/4301/2491 2688/4300/2491 2670/4299/2491
f 2668/4302/2492 2686/4303/2492 2669/4301/2492
f 2683/4304/2493 2668/4302/2493 2667/4305/2493
f 2682/4230/2494 2685/4306/2494 2683/4304/2494
f 2666/4307/2495 2683/4304/2495 2667/4305/2495
f 2680/4228/2496 2683/4304/2496 2681/4308/2496
f 2665/4309/2497 2681/4308/2497 2666/4307/2497
f 2679/4310/2498 2680/4228/2498 2681/4308/2498
f 2677/4311/2499 2665/4309/2499 2664/4312/2499
f 2676/4225/2500 2679/4310/2500 2677/4311/2500
f 2675/4313/2501 2664/4312/2501 2663/4314/2501
f 2674/4223/2502 2677/4311/2502 2675/4313/2502
f 2672/4298/2503 2663/4314/2503 2662/4296/2503
f 2673/4221/2504 2675/4313/2504 2672/4298/2504
f 2771/4315/2505 2694/4316/2505 2772/4317/2505
f 2772/4317/2506 2696/4318/2506 2773/4319/2506
f 2773/4320/2507 2698/4321/2507 2774/4322/2507
f 2774/4322/2508 2700/4323/2508 2775/4324/2508
f 2700/4323/2509 2776/4325/2509 2775/4324/2509
f 2702/4326/2510 2777/4327/2510 2776/4325/2510
f 2704/4328/2511 2778/4329/2511 2777/4330/2511
f 2706/4331/2512 2779/4332/2512 2778/4329/2512
f 2708/4333/2513 2780/4334/2513 2779/4335/2513
f 2780/4334/2514 2692/4336/2514 2771/4315/2514
f 2702/4337/2515 2710/4338/2515 2704/4339/2515
f 2704/4339/2515 2708/4340/2515 2706/4341/2515
f 2700/4342/2515 2696/4343/2515 2694/4344/2515
f 2694/4344/2516 2702/4337/2516 2700/4342/2516
f 2746/4345/2517 2761/4346/2517 2747/4347/2517
f 2703/4348/2518 2758/4349/2518 2757/4350/2518
f 2693/4351/2519 2753/4352/2519 2752/4353/2519
f 2746/4345/2520 2768/4354/2520 2769/4355/2520
f 2737/4356/2521 2711/4357/2521 2740/4358/2521
f 2735/4359/2522 2720/4360/2522 2737/4356/2522
f 2733/4361/2523 2719/4362/2523 2735/4363/2523
f 2731/4364/2524 2718/4365/2524 2733/4361/2524
f 2729/4366/2525 2717/4367/2525 2731/4368/2525
f 2715/4369/2526 2729/4366/2526 2727/4370/2526
f 2714/4371/2527 2727/4370/2527 2725/4372/2527
f 2713/4373/2528 2725/4374/2528 2723/4375/2528
f 2712/4376/2529 2723/4377/2529 2721/4378/2529
f 2711/4357/2530 2721/4378/2530 2740/4358/2530
f 2739/4379/2531 2693/4380/2531 2691/4381/2531
f 2739/4379/2532 2721/4382/2532 2722/4383/2532
f 2722/4383/2533 2695/4384/2533 2693/4380/2533
f 2722/4383/2534 2723/4385/2534 2724/4386/2534
f 2724/4387/2528 2697/4388/2528 2695/4389/2528
f 2724/4387/2528 2725/4374/2528 2726/4390/2528
f 2726/4390/2535 2699/4391/2535 2697/4388/2535
f 2726/4390/2536 2727/4392/2536 2728/4393/2536
f 2699/4391/2537 2730/4394/2537 2701/4395/2537
f 2728/4393/2538 2729/4396/2538 2730/4394/2538
f 2730/4397/2539 2703/4348/2539 2701/4398/2539
f 2729/4399/2540 2732/4400/2540 2730/4397/2540
f 2703/4348/2541 2734/4401/2541 2705/4402/2541
f 2731/4364/2542 2734/4401/2542 2732/4400/2542
f 2705/4402/2543 2736/4403/2543 2707/4404/2543
f 2733/4361/2543 2736/4403/2543 2734/4401/2543
f 2707/4405/2544 2738/4406/2544 2709/4407/2544
f 2735/4408/2545 2738/4406/2545 2736/4409/2545
f 2709/4407/2546 2739/4379/2546 2691/4381/2546
f 2737/4410/2547 2739/4379/2547 2738/4406/2547
f 2746/4345/2548 2742/4411/2548 2745/4412/2548
f 2745/4412/2549 2743/4413/2549 2744/4414/2549
f 2747/4347/2549 2749/4415/2549 2750/4416/2549
f 2746/4345/2550 2750/4416/2550 2741/4417/2550
f 2709/4418/2551 2759/4419/2551 2707/4420/2551
f 2745/4412/2552 2767/4421/2552 2768/4354/2552
f 2699/4422/2553 2754/4423/2553 2697/4424/2553
f 2743/4413/2554 2767/4421/2554 2744/4414/2554
f 2741/4417/2555 2770/4425/2555 2764/4426/2555
f 2701/4427/2556 2757/4428/2556 2756/4429/2556
f 2756/4430/2557 2768/4431/2557 2755/4432/2557
f 2756/4433/2558 2761/4434/2558 2769/4435/2558
f 2758/4349/2559 2761/4434/2559 2757/4350/2559
f 2759/4436/2560 2762/4437/2560 2758/4349/2560
f 2754/4438/2561 2768/4431/2561 2767/4439/2561
f 2751/4440/2562 2765/4441/2562 2764/4442/2562
f 2753/4443/2563 2767/4439/2563 2766/4444/2563
f 2752/4445/2564 2766/4446/2564 2765/4441/2564
f 2751/4440/2565 2770/4447/2565 2760/4448/2565
f 2760/4448/2566 2763/4449/2566 2759/4450/2566
f 2701/4427/2567 2755/4451/2567 2699/4422/2567
f 2747/4347/2568 2762/4452/2568 2748/4453/2568
f 2691/4454/2569 2760/4455/2569 2709/4418/2569
f 2749/4415/2570 2762/4452/2570 2763/4456/2570
f 2697/4424/2571 2753/4352/2571 2695/4457/2571
f 2741/4417/2572 2765/4458/2572 2742/4411/2572
f 2705/4402/2573 2759/4436/2573 2758/4349/2573
f 2691/4454/2574 2752/4353/2574 2751/4459/2574
f 2750/4416/2575 2763/4456/2575 2770/4425/2575
f 2742/4411/2576 2766/4460/2576 2743/4413/2576
f 2780/4334/2577 2711/4357/2577 2720/4360/2577
f 2779/4335/2578 2720/4360/2578 2719/4461/2578
f 2778/4329/2579 2719/4362/2579 2718/4365/2579
f 2717/4462/2580 2778/4329/2580 2718/4365/2580
f 2716/4463/2581 2777/4327/2581 2717/4367/2581
f 2715/4369/2582 2776/4325/2582 2716/4463/2582
f 2714/4371/2583 2775/4324/2583 2715/4369/2583
f 2713/4373/2584 2774/4322/2584 2714/4464/2584
f 2772/4317/2585 2713/4465/2585 2712/4376/2585
f 2771/4315/2586 2712/4376/2586 2711/4357/2586
f 2801/4466/2587 2784/4467/2587 2802/4468/2587
f 2802/4468/2588 2786/4469/2588 2803/4470/2588
f 2803/4471/2589 2788/4472/2589 2804/4473/2589
f 2804/4474/2590 2790/4475/2590 2805/4476/2590
f 2805/4476/2591 2792/4477/2591 2806/4478/2591
f 2792/4477/2592 2807/4479/2592 2806/4478/2592
f 2794/4480/2593 2808/4481/2593 2807/4482/2593
f 2796/4483/2594 2809/4484/2594 2808/4481/2594
f 2798/4485/2595 2810/4486/2595 2809/4487/2595
f 2800/4488/2596 2801/4466/2596 2810/4486/2596
f 2792/4489/2515 2800/4490/2515 2794/4491/2515
f 2794/4491/2515 2798/4492/2515 2796/4493/2515
f 2790/4494/2597 2786/4495/2597 2784/4496/2597
f 2784/4496/2515 2792/4489/2515 2790/4494/2515
f 2836/4497/2517 2851/4498/2517 2837/4499/2517
f 2793/4500/2518 2848/4501/2518 2847/4502/2518
f 2783/4503/2519 2843/4504/2519 2842/4505/2519
f 2836/4497/2520 2858/4506/2520 2859/4507/2520
f 2827/4508/2521 2801/4466/2521 2830/4509/2521
f 2825/4510/2598 2810/4486/2598 2827/4508/2598
f 2823/4511/2543 2809/4484/2543 2825/4512/2543
f 2821/4513/2524 2808/4481/2524 2823/4511/2524
f 2819/4514/2525 2807/4479/2525 2821/4515/2525
f 2805/4476/2526 2819/4514/2526 2817/4516/2526
f 2804/4474/2599 2817/4516/2599 2815/4517/2599
f 2803/4471/2528 2815/4518/2528 2813/4519/2528
f 2802/4468/2529 2813/4520/2529 2811/4521/2529
f 2801/4466/2530 2811/4521/2530 2830/4509/2530
f 2829/4522/2531 2783/4523/2531 2781/4524/2531
f 2829/4522/2532 2811/4525/2532 2812/4526/2532
f 2812/4526/2600 2785/4527/2600 2783/4523/2600
f 2812/4526/2534 2813/4528/2534 2814/4529/2534
f 2814/4530/2528 2787/4531/2528 2785/4532/2528
f 2814/4530/2528 2815/4518/2528 2816/4533/2528
f 2816/4533/2535 2789/4534/2535 2787/4531/2535
f 2816/4533/2536 2817/4535/2536 2818/4536/2536
f 2789/4534/2601 2820/4537/2601 2791/4538/2601
f 2818/4536/2602 2819/4539/2602 2820/4537/2602
f 2820/4540/2603 2793/4500/2603 2791/4541/2603
f 2819/4542/2540 2822/4543/2540 2820/4540/2540
f 2793/4500/2541 2824/4544/2541 2795/4545/2541
f 2821/4513/2542 2824/4544/2542 2822/4543/2542
f 2795/4545/2543 2826/4546/2543 2797/4547/2543
f 2823/4511/2543 2826/4546/2543 2824/4544/2543
f 2797/4548/2544 2828/4549/2544 2799/4550/2544
f 2825/4551/2604 2828/4549/2604 2826/4552/2604
f 2799/4550/2546 2829/4522/2546 2781/4524/2546
f 2827/4553/2547 2829/4522/2547 2828/4549/2547
f 2836/4497/2548 2832/4554/2548 2835/4555/2548
f 2832/4554/2549 2834/4556/2549 2835/4555/2549
f 2840/4557/2549 2838/4558/2549 2839/4559/2549
f 2836/4497/2550 2840/4557/2550 2831/4560/2550
f 2799/4561/2551 2849/4562/2551 2797/4563/2551
f 2835/4555/2552 2857/4564/2552 2858/4506/2552
f 2789/4565/2553 2844/4566/2553 2787/4567/2553
f 2833/4568/2554 2857/4564/2554 2834/4556/2554
f 2831/4560/2555 2860/4569/2555 2854/4570/2555
f 2791/4571/2556 2847/4572/2556 2846/4573/2556
f 2846/4574/2557 2858/4575/2557 2845/4576/2557
f 2846/4577/2558 2851/4578/2558 2859/4579/2558
f 2848/4501/2559 2851/4578/2559 2847/4502/2559
f 2849/4580/2560 2852/4581/2560 2848/4501/2560
f 2844/4582/2561 2858/4575/2561 2857/4583/2561
f 2841/4584/2562 2855/4585/2562 2854/4586/2562
f 2843/4587/2563 2857/4583/2563 2856/4588/2563
f 2842/4589/2564 2856/4590/2564 2855/4585/2564
f 2841/4584/2565 2860/4591/2565 2850/4592/2565
f 2850/4592/2566 2853/4593/2566 2849/4594/2566
f 2791/4571/2567 2845/4595/2567 2789/4565/2567
f 2837/4499/2568 2852/4596/2568 2838/4558/2568
f 2781/4597/2569 2850/4598/2569 2799/4561/2569
f 2839/4559/2570 2852/4596/2570 2853/4599/2570
f 2787/4567/2571 2843/4504/2571 2785/4600/2571
f 2831/4560/2572 2855/4601/2572 2832/4554/2572
f 2795/4545/2573 2849/4580/2573 2848/4501/2573
f 2781/4597/2574 2842/4505/2574 2841/4602/2574
f 2840/4557/2575 2853/4599/2575 2860/4569/2575
f 2832/4554/2576 2856/4603/2576 2833/4568/2576
f 2941/4604/2505 2864/4467/2505 2942/4605/2505
f 2942/4605/2506 2866/4469/2506 2943/4606/2506
f 2943/4607/2507 2868/4472/2507 2944/4608/2507
f 2944/4608/2508 2870/4475/2508 2945/4609/2508
f 2870/4475/2605 2946/4610/2605 2945/4609/2605
f 2872/4477/2510 2947/4611/2510 2946/4610/2510
f 2874/4480/2511 2948/4612/2511 2947/4613/2511
f 2876/4483/2512 2949/4614/2512 2948/4612/2512
f 2878/4485/2513 2950/4615/2513 2949/4616/2513
f 2950/4615/2514 2862/4617/2514 2941/4604/2514
f 2872/4489/2515 2880/4490/2515 2874/4491/2515
f 2874/4491/2597 2878/4492/2597 2876/4493/2597
f 2870/4494/2515 2866/4495/2515 2864/4496/2515
f 2864/4496/2515 2872/4489/2515 2870/4494/2515
f 2916/4497/2517 2931/4498/2517 2917/4499/2517
f 2873/4500/2518 2928/4501/2518 2927/4502/2518
f 2863/4503/2519 2923/4504/2519 2922/4505/2519
f 2916/4497/2520 2938/4506/2520 2939/4507/2520
f 2907/4508/2521 2881/4466/2521 2910/4509/2521
f 2905/4510/2598 2890/4486/2598 2907/4508/2598
f 2903/4511/2523 2889/4484/2523 2905/4512/2523
f 2901/4513/2524 2888/4481/2524 2903/4511/2524
f 2899/4514/2525 2887/4479/2525 2901/4515/2525
f 2885/4476/2526 2899/4514/2526 2897/4516/2526
f 2884/4474/2599 2897/4516/2599 2895/4517/2599
f 2883/4471/2528 2895/4518/2528 2893/4519/2528
f 2882/4468/2529 2893/4520/2529 2891/4521/2529
f 2881/4466/2530 2891/4521/2530 2910/4509/2530
f 2909/4522/2531 2863/4523/2531 2861/4524/2531
f 2909/4522/2532 2891/4525/2532 2892/4526/2532
f 2892/4526/2600 2865/4527/2600 2863/4523/2600
f 2892/4526/2534 2893/4528/2534 2894/4529/2534
f 2894/4530/2528 2867/4531/2528 2865/4532/2528
f 2894/4530/2528 2895/4518/2528 2896/4533/2528
f 2896/4533/2535 2869/4534/2535 2867/4531/2535
f 2896/4533/2536 2897/4535/2536 2898/4536/2536
f 2869/4534/2601 2900/4537/2601 2871/4538/2601
f 2898/4536/2538 2899/4539/2538 2900/4537/2538
f 2900/4540/2603 2873/4500/2603 2871/4541/2603
f 2899/4542/2540 2902/4543/2540 2900/4540/2540
f 2873/4500/2541 2904/4544/2541 2875/4545/2541
f 2901/4513/2542 2904/4544/2542 2902/4543/2542
f 2875/4545/2543 2906/4546/2543 2877/4547/2543
f 2903/4511/2543 2906/4546/2543 2904/4544/2543
f 2877/4548/2544 2908/4549/2544 2879/4550/2544
f 2905/4551/2604 2908/4549/2604 2906/4552/2604
f 2879/4550/2546 2909/4522/2546 2861/4524/2546
f 2907/4553/2547 2909/4522/2547 2908/4549/2547
f 2916/4497/2548 2912/4554/2548 2915/4555/2548
f 2912/4554/2606 2914/4556/2606 2915/4555/2606
f 2920/4557/2549 2918/4558/2549 2919/4559/2549
f 2916/4497/2550 2920/4557/2550 2911/4560/2550
f 2879/4561/2551 2929/4562/2551 2877/4563/2551
f 2915/4555/2552 2937/4564/2552 2938/4506/2552
f 2869/4565/2553 2924/4566/2553 2867/4567/2553
f 2913/4568/2554 2937/4564/2554 2914/4556/2554
f 2911/4560/2555 2940/4569/2555 2934/4570/2555
f 2871/4571/2556 2927/4572/2556 2926/4573/2556
f 2925/4576/2607 2939/4618/2607 2938/4575/2607
f 2926/4577/2608 2931/4578/2608 2939/4579/2608
f 2928/4501/2609 2931/4578/2609 2927/4502/2609
f 2929/4580/2610 2932/4581/2610 2928/4501/2610
f 2924/4582/2611 2938/4575/2611 2937/4583/2611
f 2922/4589/2612 2934/4586/2612 2921/4584/2612
f 2923/4587/2613 2937/4583/2613 2936/4588/2613
f 2922/4589/2614 2936/4590/2614 2935/4585/2614
f 2921/4584/2615 2940/4591/2615 2930/4592/2615
f 2930/4592/2616 2933/4593/2616 2929/4594/2616
f 2871/4571/2567 2925/4595/2567 2869/4565/2567
f 2917/4499/2568 2932/4596/2568 2918/4558/2568
f 2861/4597/2569 2930/4598/2569 2879/4561/2569
f 2919/4559/2617 2932/4596/2617 2933/4599/2617
f 2867/4567/2571 2923/4504/2571 2865/4600/2571
f 2911/4560/2572 2935/4601/2572 2912/4554/2572
f 2875/4545/2573 2929/4580/2573 2928/4501/2573
f 2861/4597/2574 2922/4505/2574 2921/4602/2574
f 2920/4557/2575 2933/4599/2575 2940/4569/2575
f 2912/4554/2576 2936/4603/2576 2913/4568/2576
f 2950/4615/2577 2881/4466/2577 2890/4486/2577
f 2949/4616/2578 2890/4486/2578 2889/4487/2578
f 2948/4612/2579 2889/4484/2579 2888/4481/2579
f 2887/4482/2580 2948/4612/2580 2888/4481/2580
f 2886/4478/2581 2947/4611/2581 2887/4479/2581
f 2885/4476/2582 2946/4610/2582 2886/4478/2582
f 2884/4474/2583 2945/4609/2583 2885/4476/2583
f 2883/4471/2584 2944/4608/2584 2884/4473/2584
f 2942/4605/2585 2883/4470/2585 2882/4468/2585
f 2941/4604/2586 2882/4468/2586 2881/4466/2586
f 2971/4466/2587 2954/4467/2587 2972/4468/2587
f 2972/4468/2588 2956/4469/2588 2973/4470/2588
f 2973/4471/2589 2958/4472/2589 2974/4473/2589
f 2974/4474/2590 2960/4475/2590 2975/4476/2590
f 2975/4476/2591 2962/4477/2591 2976/4478/2591
f 2962/4477/2592 2977/4479/2592 2976/4478/2592
f 2964/4480/2593 2978/4481/2593 2977/4482/2593
f 2966/4483/2618 2979/4484/2618 2978/4481/2618
f 2968/4485/2595 2980/4486/2595 2979/4487/2595
f 2970/4488/2596 2971/4466/2596 2980/4486/2596
f 2952/4619/2515 2964/4491/2515 2962/4489/2515
f 2970/4490/2515 2966/4493/2515 2964/4491/2515
f 2960/4494/2515 2956/4495/2515 2954/4496/2515
f 2954/4496/2515 2962/4489/2515 2960/4494/2515
f 3006/4497/2517 3021/4498/2517 3007/4499/2517
f 2963/4500/2518 3018/4501/2518 3017/4502/2518
f 2953/4503/2519 3013/4504/2519 3012/4505/2519
f 3006/4497/2520 3028/4506/2520 3029/4507/2520
f 2997/4508/2521 2971/4466/2521 3000/4509/2521
f 2995/4510/2598 2980/4486/2598 2997/4508/2598
f 2993/4511/2543 2979/4484/2543 2995/4512/2543
f 2991/4513/2524 2978/4481/2524 2993/4511/2524
f 2989/4514/2525 2977/4479/2525 2991/4515/2525
f 2975/4476/2526 2989/4514/2526 2987/4516/2526
f 2974/4474/2599 2987/4516/2599 2985/4517/2599
f 2973/4471/2528 2985/4518/2528 2983/4519/2528
f 2972/4468/2529 2983/4520/2529 2981/4521/2529
f 2971/4466/2530 2981/4521/2530 3000/4509/2530
f 2999/4522/2531 2953/4523/2531 2951/4524/2531
f 2999/4522/2532 2981/4525/2532 2982/4526/2532
f 2982/4526/2600 2955/4527/2600 2953/4523/2600
f 2982/4526/2534 2983/4528/2534 2984/4529/2534
f 2984/4530/2528 2957/4531/2528 2955/4532/2528
f 2984/4530/2528 2985/4518/2528 2986/4533/2528
f 2986/4533/2535 2959/4534/2535 2957/4531/2535
f 2986/4533/2536 2987/4535/2536 2988/4536/2536
f 2959/4534/2601 2990/4537/2601 2961/4538/2601
f 2988/4536/2538 2989/4539/2538 2990/4537/2538
f 2990/4540/2603 2963/4500/2603 2961/4541/2603
f 2989/4542/2540 2992/4543/2540 2990/4540/2540
f 2963/4500/2541 2994/4544/2541 2965/4545/2541
f 2991/4513/2542 2994/4544/2542 2992/4543/2542
f 2965/4545/2543 2996/4546/2543 2967/4547/2543
f 2993/4511/2543 2996/4546/2543 2994/4544/2543
f 2967/4548/2544 2998/4549/2544 2969/4550/2544
f 2995/4551/2604 2998/4549/2604 2996/4552/2604
f 2969/4550/2546 2999/4522/2546 2951/4524/2546
f 2997/4553/2547 2999/4522/2547 2998/4549/2547
f 3006/4497/2548 3002/4554/2548 3005/4555/2548
f 3005/4555/2549 3003/4568/2549 3004/4556/2549
f 3010/4557/2549 3008/4558/2549 3009/4559/2549
f 3006/4497/2550 3010/4557/2550 3001/4560/2550
f 2969/4561/2551 3019/4562/2551 2967/4563/2551
f 3005/4555/2552 3027/4564/2552 3028/4506/2552
f 2959/4565/2553 3014/4566/2553 2957/4567/2553
f 3003/4568/2554 3027/4564/2554 3004/4556/2554
f 3001/4560/2555 3030/4569/2555 3024/4570/2555
f 2961/4571/2556 3017/4572/2556 3016/4573/2556
f 3016/4574/2619 3028/4575/2619 3015/4576/2619
f 3017/4502/2620 3029/4579/2620 3016/4577/2620
f 3018/4501/2621 3021/4578/2621 3017/4502/2621
f 3019/4580/2622 3022/4581/2622 3018/4501/2622
f 3014/4582/2623 3028/4575/2623 3027/4583/2623
f 3011/4584/2624 3025/4585/2624 3024/4586/2624
f 3013/4587/2625 3027/4583/2625 3026/4588/2625
f 3012/4589/2626 3026/4590/2626 3025/4585/2626
f 3020/4592/2627 3024/4586/2627 3030/4591/2627
f 3020/4592/2628 3023/4593/2628 3019/4594/2628
f 2961/4571/2629 3015/4595/2629 2959/4565/2629
f 3007/4499/2568 3022/4596/2568 3008/4558/2568
f 2951/4597/2569 3020/4598/2569 2969/4561/2569
f 3009/4559/2617 3022/4596/2617 3023/4599/2617
f 2957/4567/2571 3013/4504/2571 2955/4600/2571
f 3001/4560/2572 3025/4601/2572 3002/4554/2572
f 2965/4545/2573 3019/4580/2573 3018/4501/2573
f 2951/4597/2574 3012/4505/2574 3011/4602/2574
f 3010/4557/2575 3023/4599/2575 3030/4569/2575
f 3002/4554/2576 3026/4603/2576 3003/4568/2576
f 3092/4620/2630 3034/4621/2630 3093/4622/2630
f 3093/4622/2631 3036/4623/2631 3095/4624/2631
f 3036/4623/2632 3097/4625/2632 3095/4624/2632
f 3097/4625/2633 3040/4626/2633 3099/4627/2633
f 3040/4626/2634 3101/4628/2634 3099/4627/2634
f 3042/4629/2635 3103/4630/2635 3101/4628/2635
f 3044/4631/2636 3105/4632/2636 3103/4630/2636
f 3105/4632/2637 3048/4633/2637 3106/4634/2637
f 3032/4635/2638 3061/4621/2638 3034/4621/2638
f 3106/4634/2639 3050/4636/2639 3108/4637/2639
f 3108/4637/2640 3032/4638/2640 3092/4639/2640
f 3041/4276/2641 3049/4241/2641 3031/4239/2641
f 3051/4640/2642 3054/4641/2642 3053/4642/2642
f 3060/4643/2643 3079/4644/2643 3059/4644/2643
f 3046/4645/2644 3069/4633/2644 3048/4633/2644
f 3036/4623/2645 3064/4646/2645 3038/4646/2645
f 3051/4647/2646 3072/4648/2646 3052/4648/2646
f 3059/4649/2647 3078/4650/2647 3058/4650/2647
f 3050/4636/2644 3062/4638/2644 3032/4638/2644
f 3042/4629/2648 3065/4626/2648 3066/4629/2648
f 3058/4650/2649 3077/4651/2649 3057/4651/2649
f 3057/4651/2650 3076/4652/2650 3056/4652/2650
f 3063/4259/2651 3071/4260/2651 3073/4259/2651
f 3070/4636/2652 3072/4638/2652 3062/4638/2652
f 3069/4633/2653 3080/4636/2653 3070/4636/2653
f 3068/4645/2654 3079/4633/2654 3069/4633/2654
f 3067/4631/2655 3078/4645/2655 3068/4645/2655
f 3067/4263/2656 3076/4262/2656 3077/4263/2656
f 3066/4262/2657 3075/4264/2657 3076/4262/2657
f 3065/4264/2658 3074/4265/2658 3075/4264/2658
f 3062/4635/2659 3071/4621/2659 3061/4621/2659
f 3064/4265/2660 3073/4259/2660 3074/4265/2660
f 3053/4642/2661 3071/4640/2661 3051/4640/2661
f 3052/4648/2662 3080/4643/2662 3060/4643/2662
f 3044/4631/2663 3066/4629/2663 3067/4631/2663
f 3053/4642/2664 3074/4641/2664 3073/4642/2664
f 3054/4641/2665 3075/4653/2665 3074/4641/2665
f 3038/4646/2666 3065/4626/2666 3040/4626/2666
f 3048/4633/2667 3070/4636/2667 3050/4636/2667
f 3055/4653/2668 3076/4652/2668 3075/4653/2668
f 3036/4623/2644 3061/4621/2644 3063/4623/2644
f 3046/4645/2644 3067/4631/2644 3068/4645/2644
f 3041/4276/2669 3033/4277/2669 3039/4278/2669
f 3049/4241/2670 3045/4279/2670 3047/4280/2670
f 3039/4278/2671 3035/4281/2671 3037/4282/2671
f 3056/4652/2642 3060/4654/2642 3057/4651/2642
f 3057/4651/2672 3059/4649/2672 3058/4650/2672
f 3055/4653/2673 3052/4655/2673 3056/4652/2673
f 3031/4239/2674 3082/4285/2674 3033/4277/2674
f 3033/4277/2675 3083/4286/2675 3035/4281/2675
f 3035/4281/2676 3084/4287/2676 3037/4282/2676
f 3037/4282/2677 3085/4288/2677 3039/4278/2677
f 3039/4278/2678 3086/4289/2678 3041/4276/2678
f 3031/4239/2679 3090/4293/2679 3081/4294/2679
f 3109/4656/2680 3081/4657/2680 3090/4658/2680
f 3108/4637/2681 3110/4659/2681 3119/4660/2681
f 3106/4634/2682 3119/4660/2682 3118/4661/2682
f 3105/4632/2683 3118/4661/2683 3117/4662/2683
f 3103/4630/2684 3117/4662/2684 3116/4663/2684
f 3102/4664/2685 3087/4665/2685 3086/4666/2685
f 3101/4628/2686 3116/4663/2686 3115/4667/2686
f 3085/4668/2687 3102/4664/2687 3086/4666/2687
f 3099/4627/2688 3115/4667/2688 3114/4669/2688
f 3098/4670/2689 3085/4668/2689 3084/4671/2689
f 3113/4672/2690 3099/4627/2690 3114/4669/2690
f 3083/4673/2691 3098/4670/2691 3084/4671/2691
f 3112/4674/2692 3097/4625/2692 3113/4672/2692
f 3094/4675/2693 3083/4673/2693 3082/4676/2693
f 3111/4677/2694 3095/4624/2694 3112/4674/2694
f 3091/4678/2695 3082/4676/2695 3081/4679/2695
f 3110/4680/2696 3093/4622/2696 3111/4677/2696
f 3091/4678/2697 3111/4677/2697 3094/4675/2697
f 3094/4675/2698 3112/4674/2698 3096/4681/2698
f 3096/4681/2699 3113/4672/2699 3098/4670/2699
f 3113/4672/2700 3100/4682/2700 3098/4670/2700
f 3114/4669/2701 3102/4664/2701 3100/4682/2701
f 3115/4667/2702 3104/4683/2702 3102/4664/2702
f 3107/4684/2703 3119/4660/2703 3109/4656/2703
f 3109/4656/2704 3110/4659/2704 3091/4685/2704
f 3181/4620/2705 3123/4621/2705 3182/4622/2705
f 3182/4622/2706 3125/4623/2706 3184/4624/2706
f 3184/4624/2707 3127/4646/2707 3186/4625/2707
f 3127/4646/2708 3188/4627/2708 3186/4625/2708
f 3129/4626/2709 3190/4628/2709 3188/4627/2709
f 3131/4629/2710 3192/4630/2710 3190/4628/2710
f 3192/4630/2711 3135/4645/2711 3194/4632/2711
f 3135/4645/2712 3196/4634/2712 3194/4632/2712
f 3121/4635/2713 3150/4621/2713 3123/4621/2713
f 3137/4633/2714 3198/4637/2714 3196/4634/2714
f 3198/4637/2715 3121/4638/2715 3181/4639/2715
f 3130/4276/2716 3138/4241/2716 3120/4239/2716
f 3140/4640/2717 3143/4641/2717 3142/4642/2717
f 3149/4643/2718 3168/4644/2718 3148/4644/2718
f 3135/4645/2719 3158/4633/2719 3137/4633/2719
f 3125/4623/2720 3153/4646/2720 3127/4646/2720
f 3141/4648/2721 3160/4647/2721 3161/4648/2721
f 3147/4650/2722 3168/4649/2722 3167/4650/2722
f 3121/4638/2723 3159/4636/2723 3151/4638/2723
f 3131/4629/2724 3154/4626/2724 3155/4629/2724
f 3146/4651/2725 3167/4650/2725 3166/4651/2725
f 3145/4652/2726 3166/4651/2726 3165/4652/2726
f 3150/4260/2727 3162/4259/2727 3152/4259/2727
f 3159/4636/2715 3161/4638/2715 3151/4638/2715
f 3158/4633/2714 3169/4636/2714 3159/4636/2714
f 3158/4633/2728 3167/4645/2728 3168/4633/2728
f 3156/4631/2711 3167/4645/2711 3157/4645/2711
f 3155/4262/2710 3166/4263/2710 3156/4263/2710
f 3155/4262/2729 3164/4264/2729 3165/4262/2729
f 3153/4265/2730 3164/4264/2730 3154/4264/2730
f 3151/4635/2731 3160/4621/2731 3150/4621/2731
f 3152/4259/2732 3163/4265/2732 3153/4265/2732
f 3140/4640/2733 3162/4642/2733 3160/4640/2733
f 3141/4648/2734 3169/4643/2734 3149/4643/2734
f 3131/4629/2723 3156/4631/2723 3133/4631/2723
f 3142/4642/2735 3163/4641/2735 3162/4642/2735
f 3144/4653/2736 3163/4641/2736 3143/4641/2736
f 3129/4626/2723 3153/4646/2723 3154/4626/2723
f 3139/4636/2723 3158/4633/2723 3159/4636/2723
f 3145/4652/2737 3164/4653/2737 3144/4653/2737
f 3123/4621/2723 3152/4623/2723 3125/4623/2723
f 3133/4631/2723 3157/4645/2723 3135/4645/2723
f 3120/4239/2738 3128/4278/2738 3130/4276/2738
f 3132/4240/2739 3136/4280/2739 3138/4241/2739
f 3122/4277/2739 3126/4282/2739 3128/4278/2739
f 3145/4652/2740 3149/4654/2740 3146/4651/2740
f 3146/4651/2741 3148/4649/2741 3147/4650/2741
f 3144/4653/2742 3141/4655/2742 3145/4652/2742
f 3120/4239/2743 3171/4285/2743 3122/4277/2743
f 3122/4277/2744 3172/4286/2744 3124/4281/2744
f 3124/4281/2745 3173/4287/2745 3126/4282/2745
f 3128/4278/2746 3173/4287/2746 3174/4288/2746
f 3130/4276/2747 3174/4288/2747 3175/4289/2747
f 3130/4276/2748 3176/4290/2748 3132/4240/2748
f 3132/4240/2749 3177/4291/2749 3134/4279/2749
f 3136/4280/2750 3177/4291/2750 3178/4292/2750
f 3138/4241/2751 3178/4292/2751 3179/4293/2751
f 3120/4239/2752 3179/4293/2752 3170/4294/2752
f 3199/4656/2753 3170/4657/2753 3179/4658/2753
f 3198/4637/2715 3180/4685/2715 3199/4656/2715
f 3197/4684/2754 3179/4658/2754 3178/4686/2754
f 3197/4684/2714 3198/4637/2714 3199/4656/2714
f 3195/4687/2755 3178/4686/2755 3177/4688/2755
f 3194/4632/2712 3197/4684/2712 3195/4687/2712
f 3176/4665/2756 3195/4687/2756 3177/4688/2756
f 3192/4630/2711 3195/4687/2711 3193/4683/2711
f 3175/4666/2757 3193/4683/2757 3176/4665/2757
f 3190/4628/2710 3193/4683/2710 3191/4664/2710
f 3174/4668/2758 3191/4664/2758 3175/4666/2758
f 3188/4627/2759 3191/4664/2759 3189/4682/2759
f 3173/4671/2760 3189/4682/2760 3174/4668/2760
f 3186/4625/2761 3189/4682/2761 3187/4670/2761
f 3172/4673/2762 3187/4670/2762 3173/4671/2762
f 3185/4681/2763 3186/4625/2763 3187/4670/2763
f 3171/4676/2764 3185/4681/2764 3172/4673/2764
f 3183/4675/2765 3184/4624/2765 3185/4681/2765
f 3180/4678/2766 3171/4676/2766 3170/4679/2766
f 3181/4620/2767 3183/4675/2767 3180/4678/2767
f 714/1047/2768 3235/4689/2768 706/4690/2768
f 699/4691/2769 3204/2803/2769 3210/1019/2769
f 3043/4240/2770 3088/4291/2770 3045/4279/2770
f 2687/4237/2771 2686/4303/2771 3201/4275/2771
f 3200/4692/2473 2684/4232/2473 2628/4231/2473
f 3201/4275/2772 2685/4306/2772 2684/4232/2772
f 2641/4284/2773 2660/4247/2773 3202/4693/2773
f 3202/4693/2774 2640/4283/2774 2641/4284/2774
f 2660/4247/2775 3203/4694/2775 3202/4693/2775
f 3202/4693/2776 2650/4268/2776 2659/4257/2776
f 3203/4694/2777 2631/4235/2777 3200/4692/2777
f 2650/4268/2778 3200/4692/2778 2628/4231/2778
f 1193/2282/2779 677/1017/2779 1192/928/2779
f 1152/4695/2780 3204/2803/2780 3205/993/2780
f 1155/1056/2781 3207/1006/2781 3206/1026/2781
f 711/1057/2782 3209/1009/2782 703/4696/2782
f 714/1047/2783 3211/995/2783 3210/1019/2783
f 711/1057/2784 3206/1026/2784 3208/1024/2784
f 703/4696/2785 3207/1006/2785 1153/4697/2785
f 706/4690/2786 3205/993/2786 3211/995/2786
f 1150/1029/2787 3212/4698/2787 2539/4699/2787
f 1151/4700/2788 3214/4701/2788 2540/4702/2788
f 701/1028/2789 3216/1044/2789 3217/1005/2789
f 708/4703/2790 3218/1036/2790 2546/4203/2790
f 717/4199/2791 3221/1045/2791 3220/1042/2791
f 701/1028/2792 3213/1002/2792 1150/1029/2792
f 720/4201/2793 3215/1055/2793 1151/4700/2793
f 708/4703/2794 3223/991/2794 3219/992/2794
f 1156/4198/2795 3212/4698/2795 3221/1045/2795
f 1157/4704/2796 3214/4701/2796 3223/991/2796
f 717/4199/2797 3216/1044/2797 2543/4705/2797
f 720/4201/2798 3218/1036/2798 3222/1034/2798
f 714/1047/2799 3204/2803/2799 1154/4706/2799
f 3230/1056/2800 3233/4696/2800 3231/4697/2800
f 3226/4705/2801 3236/1029/2801 3227/4699/2801
f 3225/4202/2802 3243/4707/2802 3239/4708/2802
f 3237/4709/2803 3225/4202/2803 3242/4710/2803
f 3241/4198/2804 3226/4705/2804 3227/4699/2804
f 3235/4689/2805 3228/1048/2805 3229/4711/2805
f 703/4696/2806 3231/4697/2806 3233/4696/2806
f 720/4201/2807 3237/4709/2807 3242/4710/2807
f 1152/4695/2808 3235/4689/2808 3229/4711/2808
f 1157/4704/2809 3239/4708/2809 3243/4707/2809
f 1150/1029/2810 3227/4699/2810 3236/1029/2810
f 1154/4706/2811 3229/4711/2811 3228/1048/2811
f 2539/4699/2812 3241/4198/2812 3227/4699/2812
f 1151/4700/2813 3224/4712/2813 3237/4709/2813
f 1153/4697/2814 3230/1056/2814 3231/4697/2814
f 2540/4702/2815 3243/4707/2815 3224/4712/2815
f 701/1028/2816 3226/4705/2816 2543/4705/2816
f 703/4696/2817 3232/1057/2817 711/1057/2817
f 2543/4705/2818 3240/4199/2818 717/4199/2818
f 2546/4203/2819 3239/4708/2819 708/4703/2819
f 952/1293/2820 3244/4713/2820 948/1504/2820
f 2295/3810/2821 947/1746/2821 2288/3816/2821
f 3244/4713/2822 951/1718/2822 947/1746/2822
f 3244/4713/2823 2292/1134/2823 948/1504/2823
f 2057/3610/1025 2067/3531/1025 2066/3530/1025
f 2058/4714/2824 2044/3599/2824 2043/3598/2824
f 664/645/2825 1395/4136/2825 1423/646/2825
f 1362/648/2826 549/1550/2826 526/649/2826
f 1255/651/2827 1249/2440/2827 524/652/2827
f 1358/654/2828 542/661/2828 1335/655/2828
f 1287/657/607 523/2081/607 550/658/607
f 1346/660/2829 1335/655/2829 542/661/2829
f 543/663/2830 1366/749/2830 1344/664/2830
f 1163/666/2831 537/4715/2831 606/667/2831
f 551/669/611 933/751/611 807/670/611
f 1857/672/2832 2001/987/2832 2000/673/2832
f 849/675/2833 1134/1465/2833 1158/676/2833
f 1947/678/2834 1298/1194/2834 1289/679/2834
f 1171/681/2835 1917/4716/2835 1936/682/2835
f 1297/684/2836 1252/2436/2836 926/685/2836
f 1215/687/2837 1164/3812/2837 536/688/2837
f 928/690/2838 929/4717/2838 810/691/2838
f 649/693/2839 1170/1530/2839 1980/694/2839
f 1300/696/2840 1291/716/2840 733/697/2840
f 1248/699/607 1254/1158/607 541/700/607
f 1343/702/2841 1357/709/2841 1363/703/2841
f 1337/705/2842 540/1270/2842 1356/706/2842
f 1342/708/2843 1356/2480/2843 1357/709/2843
f 872/710/2844 1420/721/2844 1427/711/2844
f 1359/713/2845 1358/4718/2845 1334/714/2845
f 1291/716/2846 1255/651/2846 548/653/2846
f 1364/717/2847 1362/2489/2847 547/718/2847
f 872/710/2848 732/745/2848 1417/720/2848
f 548/722/2849 1369/4719/2849 731/723/2849
f 524/725/2850 553/729/2850 1369/726/2850
f 1249/728/631 1256/742/631 553/729/631
f 808/730/632 924/1417/632 554/731/632
f 874/733/2851 1407/4175/2851 1421/734/2851
f 546/736/2852 779/2432/2852 1398/737/2852
f 522/739/2853 546/736/2853 1371/738/2853
f 883/741/2854 553/729/2854 1256/742/2854
f 545/744/2855 1418/1220/2855 1417/720/2855
f 2412/746/2856 2417/1209/2856 726/747/2856
f 1366/749/2857 1359/713/2857 1341/715/2857
f 1365/750/2858 556/1175/2858 933/751/2858
f 1863/752/2859 1862/4720/2859 1258/753/2859
f 2242/755/2860 802/3926/2860 1984/756/2860
f 1285/758/2861 1259/1136/2861 1926/759/2861
f 821/761/2862 1927/2372/2862 1946/762/2862
f 2234/764/2863 1126/4721/2863 629/765/2863
f 2246/767/2864 2245/2099/2864 558/768/2864
f 2310/770/2865 934/4722/2865 822/771/2865
f 935/773/2866 936/3976/2866 823/774/2866
f 2316/776/2867 2308/4042/2867 1136/777/2867
f 1265/779/650 1264/1059/650 700/780/650
f 642/782/2868 594/3970/2868 2185/783/2868
f 2347/785/2869 2311/905/2869 593/786/2869
f 1178/788/653 1190/2303/653 692/789/653
f 2312/791/2870 591/3917/2870 621/792/2870
f 658/794/2871 590/1454/2871 2183/795/2871
f 2236/797/2872 589/4723/2872 2182/798/2872
f 2237/800/2873 587/3922/2873 617/801/2873
f 542/661/2874 1358/654/2874 1360/803/2874
f 599/805/659 576/3912/659 584/806/659
f 595/808/2875 574/3911/2875 582/809/2875
f 997/811/2876 1079/922/2876 1325/812/2876
f 1219/814/2877 601/4724/2877 1087/815/2877
f 912/817/2878 1076/4725/2878 1095/818/2878
f 863/820/2879 987/4726/2879 1111/821/2879
f 613/823/665 585/2535/665 575/824/665
f 871/826/2880 995/2240/2880 1077/827/2880
f 583/829/2881 577/3910/2881 626/830/2881
f 610/832/2882 625/836/2882 519/833/2882
f 610/832/669 609/4727/669 626/835/669
f 614/837/670 598/840/670 1129/838/670
f 613/823/671 597/825/671 598/840/671
f 1174/841/2883 904/4728/2883 1158/842/2883
f 891/844/673 1091/2343/673 1234/845/673
f 846/847/2884 905/4729/2884 1124/848/2884
f 846/850/2885 918/1640/2885 906/851/2885
f 1262/853/2886 606/4730/2886 537/854/2886
f 1263/856/2887 605/4731/2887 606/857/2887
f 1164/859/2888 862/4732/2888 604/860/2888
f 1006/862/2889 603/4733/2889 604/863/2889
f 1120/865/2890 596/3960/2890 608/866/2890
f 596/868/2891 595/808/2891 607/810/2891
f 1361/870/2892 586/4734/2892 616/871/2892
f 1122/873/683 600/876/683 612/874/683
f 600/876/684 599/805/684 611/807/684
f 2412/746/2893 776/748/2893 880/877/2893
f 1253/662/2894 542/661/2894 818/804/2894
f 1217/880/2895 1210/1268/2895 777/881/2895
f 2238/883/2896 618/4735/2896 1133/884/2896
f 2239/886/2897 617/4736/2897 618/887/2897
f 1187/889/690 1179/4737/690 685/890/690
f 1266/892/691 699/904/691 679/893/691
f 2313/895/2898 622/899/2898 1137/896/2898
f 2314/898/2899 621/4738/2899 622/899/2899
f 1268/900/2900 1280/973/2900 669/901/2900
f 1270/903/695 1141/4739/695 699/904/695
f 2311/905/2901 2315/4034/2901 634/906/2901
f 2315/907/2902 2316/776/2902 633/778/2902
f 1267/909/2903 1268/900/2903 691/902/2903
f 2236/911/2904 2240/914/2904 630/912/2904
f 2241/766/2905 629/765/2905 630/912/2905
f 864/915/2906 1116/4740/2906 1113/916/2906
f 920/918/2907 849/4741/2907 904/919/2907
f 870/921/2908 1109/4742/2908 1079/922/2908
f 865/668/2909 606/667/2909 605/923/2909
f 1273/925/690 1282/979/690 683/926/690
f 1192/928/2910 677/1017/2910 697/929/2910
f 1269/931/2911 1274/942/2911 690/932/2911
f 1272/934/707 1273/2416/707 682/935/707
f 1181/930/2912 697/929/2912 1143/937/2912
f 2184/939/2913 593/4743/2913 641/940/2913
f 641/940/2914 642/782/2914 2187/784/2914
f 1274/942/2915 1278/2414/2915 689/943/2915
f 1276/894/653 679/893/653 680/944/653
f 934/946/2916 938/949/2916 826/947/2916
f 938/949/2917 935/773/2917 827/775/2917
f 1182/950/2918 1185/4744/2918 695/951/2918
f 1184/953/650 1145/4745/650 674/954/650
f 1185/956/2919 1186/4746/2919 1146/957/2919
f 1191/959/607 1187/889/607 684/891/607
f 1188/961/695 1189/1058/695 672/962/695
f 2550/964/2920 1277/1067/2920 687/965/2920
f 1190/967/717 1191/959/717 710/960/717
f 1279/969/2921 716/4205/2921 689/970/2921
f 1281/972/2922 1149/4747/2922 669/901/2922
f 2182/798/2923 589/4723/2923 657/974/2923
f 2537/976/2924 658/794/2924 2189/796/2924
f 1283/978/607 709/1072/607 683/926/607
f 2549/980/2925 1195/1069/2925 715/981/2925
f 2243/983/2926 2259/3956/2926 1925/984/2926
f 1881/986/2927 1882/4748/2927 2001/987/2927
f 1984/756/2928 802/3926/2928 828/988/2928
f 1932/990/2929 1284/1077/2929 1285/758/2929
f 3223/991/2930 1143/937/2930 697/929/2930
f 3205/993/2931 1140/1467/2931 700/994/2931
f 704/996/2932 684/1032/2932 685/997/2932
f 702/999/2933 687/1053/2933 688/1000/2933
f 3213/1002/2934 3217/1005/2934 669/1003/2934
f 3217/1005/2935 702/999/2935 691/1001/2935
f 3207/1006/2936 3209/1009/2936 674/1007/2936
f 3209/1009/2937 704/996/2937 694/998/2937
f 705/1010/2938 681/1013/2938 682/1011/2938
f 3211/995/2939 700/994/2939 681/1013/2939
f 707/1014/2940 677/1017/2940 678/1015/2940
f 3219/992/2941 697/929/2941 677/1017/2941
f 679/1018/2942 699/4691/2942 3210/1019/2942
f 713/1020/2943 3210/1019/2943 3211/995/2943
f 680/1021/2944 679/1018/2944 713/1020/2944
f 709/1022/2945 713/1020/2945 705/1010/2945
f 693/1023/2946 712/1031/2946 3208/1024/2946
f 3208/1024/2947 712/1031/2947 704/996/2947
f 672/1025/2948 3208/1024/2948 3206/1026/2948
f 701/1028/746 1150/1029/746 3236/1029/746
f 692/1030/2949 710/4749/2949 712/1031/2949
f 712/1031/2950 710/4749/2950 684/1032/2950
f 675/1033/2951 695/1054/2951 3222/1034/2951
f 3218/1036/2952 3219/992/2952 707/1014/2952
f 676/1038/2953 675/1033/2953 719/1035/2953
f 2545/1037/2954 707/1014/2954 686/1016/2954
f 690/1041/2955 718/1051/2955 3220/1042/2955
f 3216/1044/2956 2544/1052/2956 702/999/2956
f 667/1043/2957 3220/1042/2957 3221/1045/2957
f 714/1047/756 1154/4706/756 3228/1048/756
f 689/1050/2958 716/4200/2958 718/1051/2958
f 2544/1052/2959 2542/966/2959 687/1053/2959
f 695/1054/2960 1146/4750/2960 3215/1055/2960
f 1155/1056/760 711/1057/760 3232/1057/760
f 1189/1058/691 1178/788/691 693/790/691
f 1264/1059/761 1272/934/761 681/936/761
f 1194/1060/2961 686/4204/2961 678/1061/2961
f 1177/1063/707 694/1066/707 685/1064/707
f 1183/955/761 674/954/761 694/1066/761
f 1277/1067/2962 1267/2404/2962 688/1068/2962
f 1195/1069/2963 1176/2272/2963 676/1070/2963
f 1283/978/717 1275/2402/717 680/1071/717
f 1182/950/2964 675/952/2964 676/1073/2964
f 1271/1075/2965 1269/931/2965 667/933/2965
f 1284/1077/2966 751/1370/2966 753/1078/2966
f 796/1079/2967 750/2279/2967 752/1080/2967
f 735/1082/2968 751/1370/2968 1284/1077/2968
f 734/1084/2969 750/2279/2969 796/1079/2969
f 1223/1086/2970 535/4751/2970 985/1087/2970
f 1206/1089/2971 1207/1805/2971 1010/1090/2971
f 2422/1092/2972 1004/1123/2972 747/1093/2972
f 1206/1095/2973 746/4752/2973 722/1096/2973
f 2424/1098/2974 2421/4178/2974 747/1099/2974
f 627/1101/776 628/1425/776 1090/1102/776
f 648/1104/2975 1043/1884/2975 1050/1105/2975
f 1251/1107/2976 1293/1625/2976 909/1108/2976
f 1044/1110/779 1037/1332/779 1052/1111/779
f 749/1113/780 989/4753/780 1112/1114/780
f 888/1116/2977 887/1826/2977 1014/1117/2977
f 844/1119/2978 1095/4754/2978 1099/1120/2978
f 2420/1122/783 1001/1808/783 1004/1123/783
f 538/1124/2979 984/4755/2979 982/1125/2979
f 1443/1127/2980 529/4756/2980 986/1128/2980
f 2435/1130/2981 651/2365/2981 966/1131/2981
f 573/1133/2982 948/1504/2982 2292/1134/2982
f 753/1078/2983 737/1280/2983 1259/1136/2983
f 752/1080/2984 736/1449/2984 782/1137/2984
f 1899/1138/2985 781/1371/2985 735/1082/2985
f 761/1140/791 1961/2467/791 1964/1141/791
f 876/1143/792 875/1274/792 1408/1144/792
f 1170/1146/2986 1414/4757/2986 1426/1147/2986
f 882/1149/2987 775/4167/2987 774/1150/2987
f 881/1152/2988 774/4758/2988 729/1153/2988
f 725/1155/2989 770/1160/2989 817/1156/2989
f 1295/1157/2990 615/1266/2990 541/700/2990
f 771/1159/2991 816/4179/2991 817/1156/2991
f 1202/1161/2992 729/1153/2992 662/1162/2992
f 2413/1164/800 2419/1547/800 730/1165/800
f 557/1167/2993 528/4759/2993 1426/1168/2993
f 876/1143/2994 1409/1145/2994 2468/1170/2994
f 1169/1172/2995 522/4760/2995 1425/1173/2995
f 1364/717/2996 778/719/2996 556/1175/2996
f 569/1176/2997 638/1357/2997 959/1177/2997
f 652/1179/2998 965/1358/2998 1228/1180/2998
f 1167/1182/2999 721/4171/2999 1290/1183/2999
f 1165/1185/3000 1168/2187/3000 722/1186/3000
f 1199/1188/3001 941/1239/3001 993/1189/3001
f 2416/1191/3002 925/4761/3002 994/1192/3002
f 1298/1194/3003 850/1235/3003 646/1195/3003
f 853/1196/3004 851/4762/3004 645/1197/3004
f 1854/1199/3005 1880/1278/3005 1966/1200/3005
f 1855/1202/3006 1941/3288/3006 1970/1203/3006
f 1200/1205/3007 1336/2247/3007 1349/1206/3007
f 2423/1208/3008 1347/2456/3008 726/747/3008
f 1196/1210/3009 662/1224/3009 727/1211/3009
f 2418/1213/3010 2413/4174/3010 661/1214/3010
f 2418/1216/3011 728/2603/3011 1374/1217/3011
f 520/1219/3012 1424/4763/3012 1418/1220/3012
f 1201/1221/3013 727/1258/3013 1372/1222/3013
f 662/1224/3014 756/4764/3014 772/1225/3014
f 756/1226/3015 757/4765/3015 773/1227/3015
f 725/1155/3016 1349/2459/3016 1348/1229/3016
f 1348/1229/3017 1354/2466/3017 771/1159/3017
f 1854/1199/3018 1938/1201/3018 2507/1230/3018
f 1876/1232/827 1942/4172/827 1945/1233/827
f 850/1235/3019 852/1237/3019 764/1236/3019
f 852/1237/3020 853/1450/3020 765/1238/3020
f 941/1239/3021 944/4766/3021 838/1240/3021
f 838/1240/3022 944/4766/3022 942/1241/3022
f 1166/1243/3023 766/1246/3023 2424/1244/3023
f 1165/1185/3024 767/1187/3024 766/1246/3024
f 769/1247/3025 768/1294/3025 976/1248/3025
f 859/1126/3026 982/1125/3026 2146/1250/3026
f 873/1252/3027 1216/4767/3027 1413/1253/3027
f 773/1255/3028 1388/4173/3028 1392/1256/3028
f 727/1258/3029 772/1257/3029 1392/1256/3029
f 729/1153/3030 774/4758/3030 756/1259/3030
f 774/1150/3031 775/4167/3031 757/1260/3031
f 539/1262/3032 819/2433/3032 1741/1263/3032
f 1301/1265/842 878/2098/842 615/1266/842
f 1200/1267/3033 725/1155/3033 777/881/3033
f 586/1269/3034 1356/706/3034 540/1270/3034
f 555/1272/3035 733/724/3035 731/723/3035
f 875/1274/3036 873/1252/3036 1406/1254/3036
f 760/1142/3037 1964/1141/3037 2506/1275/3037
f 1884/1277/3038 1982/4768/3038 1966/1200/3038
f 799/1279/3039 783/1281/3039 737/1280/3039
f 798/1081/3040 782/1137/3040 783/1281/3040
f 552/1282/1535 525/4769/1535 1634/1283/1535
f 1246/1285/3041 531/4770/3041 1755/1286/3041
f 521/1288/3042 1735/1368/3042 2251/1289/3042
f 640/1291/3043 639/1300/3043 950/1292/3043
f 768/1294/3044 723/2267/3044 968/1295/3044
f 535/1296/3045 858/3842/3045 981/1297/3045
f 572/1299/3046 946/2220/3046 950/1292/3046
f 673/1301/858 1699/4771/858 1750/1302/858
f 2373/1304/3047 1455/3849/3047 1763/1305/3047
f 2246/1307/3048 1331/4772/3048 1746/1308/3048
f 532/1310/3049 1737/4773/3049 1738/1311/3049
f 1009/1313/862 784/1315/862 794/1314/862
f 784/1315/863 785/3925/863 795/1316/863
f 741/1317/864 888/4774/864 1016/1318/864
f 786/1320/865 787/1825/865 1013/1321/865
f 744/1323/3050 1055/4775/3050 1047/1324/3050
f 648/1326/3051 1056/4776/3051 1046/1327/3051
f 2451/1329/3052 1044/1110/3052 1051/1112/3052
f 745/1331/3053 1054/4777/3053 1052/1111/3053
f 722/1096/3054 746/4752/3054 792/1333/3054
f 767/1334/872 792/1333/872 793/1335/872
f 746/1091/3055 1010/1090/3055 794/1314/3055
f 794/1314/3056 795/1316/3056 793/1338/3056
f 1244/1339/3057 561/4778/3057 1739/1340/3057
f 1328/1342/3058 1736/1480/3058 1737/1343/3058
f 867/1345/3059 1333/4779/3059 1762/1346/3059
f 665/1348/3060 1714/4780/3060 1646/1349/3060
f 758/1351/3061 759/4176/3061 980/1352/3061
f 2331/1354/3062 569/1176/3062 953/1178/3062
f 637/1356/3063 962/1476/3063 959/1177/3063
f 758/1351/877 979/1353/877 965/1358/877
f 1332/1359/3064 559/4781/3064 1754/1360/3064
f 696/1362/3065 1693/4782/3065 1747/1363/3065
f 1254/1365/3066 1759/2808/3066 1695/1366/3066
f 521/1288/884 539/1262/884 1734/1264/884
f 735/1082/3067 781/1371/3067 797/1369/3067
f 780/1085/3068 796/1079/3068 797/1369/3068
f 751/1370/3069 797/1369/3069 799/1279/3069
f 797/1369/3070 796/1079/3070 798/1081/3070
f 2179/1372/3071 838/1240/3071 839/1242/3071
f 2177/1374/890 993/1189/890 838/1240/890
f 2427/1193/3072 994/1192/3072 2178/1375/3072
f 1231/1377/3073 832/4783/3073 1107/1378/3073
f 2573/1380/3074 2547/2398/3074 831/1381/3074
f 820/1383/3075 830/4784/3075 2175/1384/3075
f 1208/1386/3076 1931/4785/3076 1928/1387/3076
f 1865/1389/3077 1864/3346/3077 1923/1390/3077
f 2173/1392/897 826/947/897 827/775/897
f 2171/1394/3078 822/948/3078 826/947/3078
f 824/1395/3079 825/3928/3079 937/1396/3079
f 804/1398/3080 824/1395/3080 932/1397/3080
f 930/1400/3081 996/1779/3081 811/1401/3081
f 1968/1403/3082 1919/680/3082 1289/679/3082
f 1923/1390/3083 1931/4785/3083 1208/1386/3083
f 1209/1405/3084 1928/4786/3084 1920/1406/3084
f 2330/1408/3085 2317/3929/3085 804/1398/3085
f 937/1396/3086 825/3928/3086 805/1409/3086
f 2174/1393/897 827/775/897 823/774/897
f 2318/1412/3087 822/948/3087 2171/1394/3087
f 2176/1382/3088 831/1381/3088 821/761/3088
f 2243/983/3089 820/985/3089 2169/1415/3089
f 924/1417/3090 555/1272/3090 1367/1273/3090
f 808/730/3091 814/732/3091 2167/1418/3091
f 1368/1420/3092 1369/726/3092 553/729/3092
f 2162/1421/914 806/2445/914 812/1422/914
f 602/1101/3093 1088/4787/3093 1087/1424/3093
f 748/1426/916 1118/4788/916 1117/1427/916
f 815/671/3094 807/670/3094 2163/1428/3094
f 813/1430/918 800/2308/918 2181/1431/918
f 2170/1414/3095 821/761/3095 1859/763/3095
f 829/1434/3096 803/1461/3096 1986/1435/3096
f 782/1137/3097 853/1450/3097 852/1237/3097
f 783/1281/3098 852/1237/3098 850/1235/3098
f 673/1437/3099 1147/4789/3099 1655/1438/3099
f 698/1440/858 1330/4790/858 1761/1441/858
f 3207/1443/3100 1145/1478/3100 1652/1444/3100
f 666/1446/3101 1676/4791/3101 1648/1447/3101
f 736/1449/3102 851/2237/3102 853/1450/3102
f 1259/1136/3103 737/1280/3103 850/1235/3103
f 631/1451/3104 849/4741/3104 920/918/3104
f 632/1452/3105 920/918/3105 1844/1453/3105
f 620/1455/3106 619/1459/3106 918/1456/3106
f 620/1455/3107 846/847/3107 1125/849/3107
f 590/1454/3108 1844/1453/3108 2191/1458/3108
f 619/1459/3109 588/3907/3109 1842/1460/3109
f 803/1461/3110 1857/672/3110 1987/674/3110
f 2548/1462/3111 829/1434/3111 1993/1436/3111
f 631/1464/3112 1135/4792/3112 1134/1465/3112
f 3205/993/3113 1649/2775/3113 1650/1466/3113
f 2233/1468/3114 2139/1506/3114 998/692/3114
f 2138/1470/3115 996/1779/3115 930/1400/3115
f 724/1472/3116 970/4169/3116 1315/1473/3116
f 568/1475/3117 956/3965/3117 962/1476/3117
f 671/1477/3118 1716/4793/3118 1652/1444/3118
f 886/1479/3119 1691/4126/3119 1736/1480/3119
f 884/1481/3120 552/1282/3120 1740/1284/3120
f 769/1247/3121 978/1249/3121 2443/1483/3121
f 1307/1485/3122 530/4794/3122 983/1486/3122
f 2136/1488/3123 2137/1510/3123 865/1489/3123
f 2133/1491/3124 2136/1488/3124 1008/1490/3124
f 2134/1493/3125 2135/1503/3125 1006/1494/3125
f 2130/1496/3126 2134/4795/3126 862/1497/3126
f 2133/1499/3127 1003/1791/3127 2193/1500/3127
f 2132/1502/3128 999/4796/3128 1006/1494/3128
f 573/1133/3129 640/1291/3129 952/1293/3129
f 2131/1505/3130 928/690/3130 998/692/3130
f 2151/1507/3131 2149/3826/3131 857/1508/3131
f 2137/1510/3132 2129/4797/3132 1163/1511/3132
f 527/1512/3133 1990/2454/3133 1344/1513/3133
f 939/1515/3134 873/1522/3134 875/1516/3134
f 1216/1518/3135 1211/2435/3135 1405/1519/3135
f 1197/1521/3136 1216/2309/3136 873/1522/3136
f 1288/1523/3137 527/4798/3137 1427/1524/3137
f 2429/1525/3138 874/2364/3138 923/1526/3138
f 875/1516/963 876/4168/963 940/1528/963
f 528/1529/3139 1981/3273/3139 1980/694/3139
f 1250/1531/3140 1300/696/3140 555/698/3140
f 1300/1533/3141 1421/4799/3141 1419/1534/3141
f 818/804/3142 1360/803/3142 1368/1420/3142
f 550/658/1196 878/2098/1196 1301/1265/1196
f 696/1536/3143 1143/4800/3143 1659/1537/3143
f 1286/647/3144 1423/646/3144 1424/1539/3144
f 777/881/3145 817/1156/3145 881/1151/3145
f 817/1156/3146 816/4179/3146 882/1149/3146
f 1217/1541/3147 879/1154/3147 729/1153/3147
f 812/1422/3148 1562/2578/3148 2212/1542/3148
f 3215/1543/3149 1146/1448/3149 1648/1447/3149
f 665/1545/3150 1332/1359/3150 1751/1361/3150
f 2430/878/3151 880/877/3151 730/1165/3151
f 614/837/3152 1130/839/3152 1545/1548/3152
f 549/1550/3153 1362/648/3153 1361/870/3153
f 609/1551/3154 610/4801/3154 1527/1552/3154
f 612/1554/3155 1542/2577/3155 1543/1555/3155
f 609/1557/3156 1573/4802/3156 1564/1558/3156
f 607/1560/3157 1552/2323/3157 1525/1561/3157
f 649/1563/3158 1394/2608/3158 1414/1564/3158
f 1260/879/3159 818/804/3159 883/741/3159
f 1128/1566/3160 1528/2853/3160 1527/1567/3160
f 1162/1569/3161 1606/2485/3161 1545/1570/3161
f 2431/1572/3162 763/1588/3162 1160/1573/3162
f 1038/1575/3163 791/1592/3163 897/1576/3163
f 1039/1578/3164 742/1583/3164 909/1108/3164
f 743/1580/3165 1038/1575/3165 916/1577/3165
f 1036/1582/3166 1123/1109/3166 909/1108/3166
f 1042/1584/3167 743/1580/3167 907/1581/3167
f 1042/1584/3168 1159/1585/3168 1161/1586/3168
f 763/1588/995 762/1587/995 1161/1586/995
f 1039/1578/3169 922/1579/3169 2426/1589/3169
f 790/1591/997 902/4166/997 897/1576/997
f 1849/1593/998 1019/1610/998 1025/1594/998
f 887/1596/3170 888/4803/3170 1030/1597/3170
f 922/1599/3171 1848/4804/3171 1023/1600/3171
f 1851/1595/3172 1025/1594/3172 2446/1602/3172
f 787/1604/3173 1027/1864/3173 1028/1605/3173
f 894/1607/1003 887/1596/1003 1029/1598/1003
f 1849/1593/3174 1850/4805/3174 1020/1609/3174
f 894/1607/3175 1034/1608/3175 2449/1611/3175
f 602/1613/3176 601/2227/3176 903/1614/3176
f 628/1616/3177 627/2361/3177 905/1617/3177
f 1218/1619/3178 602/1613/3178 904/1615/3178
f 898/1621/3179 916/1577/3179 1175/1622/3179
f 890/1624/1007 909/1108/1007 1293/1625/1007
f 628/1616/1011 906/1618/1011 1294/1627/1011
f 890/1624/3180 900/2360/3180 922/1579/3180
f 891/1629/3181 907/1581/3181 916/1577/3181
f 844/1630/3182 1842/1650/3182 1843/1631/3182
f 845/1633/3183 578/4806/3183 914/1634/3183
f 896/1635/3184 1850/1649/3184 1846/1636/3184
f 1221/1638/3185 917/4807/3185 903/1614/3185
f 847/1639/3186 919/4808/3186 906/851/3186
f 848/1641/3187 920/918/3187 903/920/3187
f 1305/1643/3188 912/4809/3188 1843/1644/3188
f 910/1646/1316 922/1579/1316 1294/1627/1316
f 899/1648/1316 1848/2359/1316 922/1579/1316
f 896/1635/3189 908/2224/3189 916/1577/3189
f 848/1641/3190 845/1633/3190 1844/1453/3190
f 844/1630/3191 847/1639/3191 918/1640/3191
f 1481/1651/1025 1457/2714/1025 923/1652/1025
f 1459/1654/3192 926/1705/3192 1252/1655/3192
f 1436/1657/3193 1432/3879/3193 1503/1658/3193
f 1461/1660/3194 1462/2221/3194 929/1661/3194
f 2299/1663/3195 1464/1676/3195 931/1664/3195
f 1465/1666/1025 1460/4008/1025 927/1667/1025
f 1467/1669/3196 934/4810/3196 2310/1670/3196
f 1469/1672/3197 936/3978/3197 935/1673/3197
f 1470/1675/3198 937/1677/3198 931/1664/3198
f 1470/1675/3199 1465/1666/3199 932/1668/3199
f 1471/1678/3200 938/1681/3200 934/1679/3200
f 1471/1678/3201 1468/1674/3201 935/1673/3201
f 1466/1682/1025 933/4811/1025 1197/1683/1025
f 2473/1685/3202 1473/1697/3202 940/1686/3202
f 1478/1688/3203 1474/1698/3203 941/1689/3203
f 1458/1691/3204 925/2355/3204 2416/1692/3204
f 1472/1694/3205 939/2223/3205 943/1695/3205
f 1473/1697/3206 1476/1696/3206 943/1695/3206
f 1474/1698/3207 1477/1701/3207 944/1699/3207
f 1475/1700/3208 942/4161/3208 944/1699/3208
f 1461/1660/3209 928/1662/3209 2131/1702/3209
f 1463/1704/3210 930/3822/3210 926/1705/3210
f 1313/1706/1025 982/1758/1025 984/1707/1025
f 2328/1709/3211 2332/4024/3211 953/1710/3211
f 962/1712/3212 956/4812/3212 1310/1713/3212
f 953/1710/3213 959/1716/3213 1311/1715/3213
f 959/1716/3214 962/1712/3214 1312/1714/3214
f 1225/1717/1025 949/1750/1025 951/1718/1025
f 2439/1720/1025 960/2353/1025 963/1721/1025
f 945/1723/1025 949/1750/1025 1225/1717/1025
f 954/1725/1025 960/2353/1025 2439/1720/1025
f 963/1721/1025 957/2354/1025 2438/1727/1025
f 2320/1728/1025 945/1723/1025 1224/1724/1025
f 2321/1730/1025 954/1725/1025 2437/1726/1025
f 967/1732/3215 968/1739/3215 1229/1733/3215
f 2441/1735/1025 969/2352/1025 970/1736/1025
f 975/1738/1025 976/1741/1025 968/1739/1025
f 977/1740/1025 978/4159/1025 976/1741/1025
f 2320/1728/3216 2322/1743/3216 955/1742/3216
f 2322/1743/1025 2323/4102/1025 971/1744/1025
f 951/1718/3217 964/1747/3217 958/1745/3217
f 964/1747/3218 974/4160/3218 972/1748/3218
f 945/1723/3219 955/1742/3219 961/1749/3219
f 955/1742/3220 971/1744/3220 973/1751/3220
f 949/1750/3221 961/1749/3221 964/1747/3221
f 973/1751/3222 974/4160/3222 964/1747/3222
f 2144/1752/3223 2145/4105/3223 977/1740/3223
f 2142/1753/3224 2144/1752/3224 975/1738/3224
f 2143/1754/3225 969/2352/3225 2441/1735/3225
f 2142/1753/3226 967/1732/3226 1227/1734/3226
f 2152/1757/3227 2146/3815/3227 982/1758/3227
f 860/1759/3228 988/4813/3228 1000/1760/3228
f 1316/1762/3229 990/4814/3229 1002/1763/3229
f 861/1765/3230 1003/1791/3230 1002/1766/3230
f 738/1768/3231 1009/1313/3231 1205/1769/3231
f 832/1771/3232 993/1189/3232 2177/1374/3232
f 739/1773/3232 1001/1808/3232 2178/1375/3232
f 1231/1775/3233 995/4815/3233 810/1776/3233
f 870/1778/3234 997/4816/3234 811/1401/3234
f 871/1780/3235 998/692/3235 810/691/3235
f 833/1782/3236 994/1192/3236 1297/684/3236
f 860/1759/3237 999/1761/3237 2192/1469/3237
f 2197/1785/3238 870/1778/3238 996/1779/3238
f 987/1786/3239 999/1761/3239 1000/1760/3239
f 989/1788/3240 1001/1808/3240 1261/1764/3240
f 991/1790/3241 581/4817/3241 1002/1766/3241
f 1319/1792/3242 1005/4818/3242 605/1793/3242
f 863/1795/3243 1007/4819/3243 603/1796/3243
f 864/1798/3244 1008/1809/3244 605/1799/3244
f 1232/1801/3245 580/4820/3245 1000/1802/3245
f 748/1804/3246 1010/1090/3246 1207/1805/3246
f 748/1804/863 992/2215/863 1009/1313/863
f 749/1807/863 1004/1123/863 1001/1808/863
f 991/1790/3247 1003/1791/3247 1008/1809/3247
f 987/1786/3248 863/1795/3248 1006/1797/3248
f 1013/1810/1084 1015/4821/1084 1016/1811/1084
f 2445/1813/1085 2444/4158/1085 1011/1814/1085
f 1012/1815/1086 1011/1814/1086 1013/1810/1086
f 889/1816/3249 1018/4822/3249 2445/1817/3249
f 2433/1819/1088 786/1320/1088 1011/1322/1088
f 740/1821/3250 1017/4823/3250 1018/1822/3250
f 741/1824/3251 1015/4824/3251 1013/1321/3251
f 887/1826/1091 894/4156/1091 1012/1827/1091
f 1028/1828/3252 1027/1840/3252 1019/1829/3252
f 1030/1831/3253 1022/1837/3253 1021/1832/3253
f 1031/1834/3254 1032/4152/3254 1024/1835/3254
f 1028/1828/3255 1020/1830/3255 1022/1837/3255
f 1031/1834/1096 1023/1836/1096 2446/1838/1096
f 1027/1840/3256 1033/4153/3256 1025/1841/3256
f 2449/1842/3257 1034/1845/3257 1026/1843/3257
f 1029/1833/1099 1021/1832/1099 1026/1843/1099
f 916/1846/3258 1022/4804/3258 1020/1847/3258
f 889/1849/1101 1032/4825/1101 1031/1850/1101
f 888/1852/1102 741/4826/1102 1028/1850/1102
f 897/1854/3259 1021/1866/3259 1022/1855/3259
f 2433/1857/3260 740/4827/3260 1031/1858/3260
f 2426/1860/3261 922/4828/3261 1024/1861/3261
f 786/1863/1106 1033/4151/1106 1027/1864/1106
f 897/1854/1107 902/4150/1107 1026/1865/1107
f 1040/1325/3262 1070/1941/3262 1069/1867/3262
f 2431/1868/3263 1036/4829/3263 788/1869/3263
f 1037/1332/3264 1044/1110/3264 1074/1871/3264
f 762/1873/3265 763/4149/3265 789/1874/3265
f 745/1331/3266 1037/1332/3266 1067/1872/3266
f 744/1877/3267 1069/4830/3267 2458/1878/3267
f 762/1873/3268 1063/1875/3268 1062/1879/3268
f 1035/1881/3269 1065/1885/3269 2457/1882/3269
f 1043/1884/1116 1073/1948/1116 1065/1885/1116
f 743/1886/3270 1042/4831/3270 1062/1887/3270
f 1052/1889/3271 1054/4832/3271 1046/1890/3271
f 1045/1891/3272 1046/1890/3272 1056/1892/3272
f 2453/1894/3273 2452/1897/3273 1048/1895/3273
f 1048/1895/1121 1045/1891/1121 1050/1893/1121
f 2452/1897/3274 2454/4146/3274 1051/1898/3274
f 1048/1895/3275 1051/1898/3275 1052/1889/3275
f 745/1899/3276 1041/1328/3276 1046/1327/3276
f 647/1901/3277 1053/4833/3277 2453/1902/3277
f 1043/1884/1126 1035/1881/1126 1049/1903/1126
f 647/1904/3278 1040/1325/3278 1047/1324/3278
f 2457/1906/3279 1065/1923/3279 789/1907/3279
f 1068/1909/3280 1067/1927/3280 1057/1910/3280
f 1069/1912/3281 1070/1917/3281 1060/1913/3281
f 1068/1909/3282 1058/1911/3282 1061/1915/3282
f 1070/1917/3283 1066/4144/3283 788/1918/3283
f 1071/1916/3284 1061/1915/3284 1062/1919/3284
f 1072/1920/3285 1062/1919/3285 1063/1921/3285
f 1073/1922/3286 1063/1921/3286 789/1907/3286
f 1069/1912/3287 1059/1914/3287 2456/1924/3287
f 1074/1926/1137 1064/4143/1137 1057/1910/1137
f 790/1928/3288 1064/1936/3288 2456/1929/3288
f 1038/1931/3289 1058/4834/3289 1057/1932/3289
f 1041/1328/3290 745/1899/3290 1068/1934/3290
f 790/1928/1141 791/1933/1141 1057/1932/1141
f 742/1937/3291 1039/4835/3291 1059/1938/3291
f 1040/1325/3292 647/1904/3292 1066/1940/3292
f 743/1886/3293 1061/1888/3293 1058/1942/3293
f 1041/1328/3294 1071/1935/3294 1072/1944/3294
f 742/1937/3295 1060/1939/3295 788/1945/3295
f 1043/1884/3296 648/1104/3296 1072/1947/3296
f 1115/1949/3297 1111/4836/3297 1083/1950/3297
f 1326/1952/3298 1085/4837/3298 1086/1953/3298
f 1095/1955/3299 1076/4838/3299 1075/1956/3299
f 1237/1958/3300 1236/2211/3300 1081/1959/3300
f 1105/1961/3301 1080/4839/3301 2199/1962/3301
f 1235/1964/3302 1087/4840/3302 1088/1965/3302
f 1096/1967/3303 1100/4841/3303 1082/1968/3303
f 1116/1970/3304 1086/4842/3304 1085/1971/3304
f 1320/1973/1011 1321/2348/1011 1094/1974/1011
f 1322/1976/3305 1101/4843/3305 1102/1977/3305
f 1241/1979/3306 1240/2207/3306 1117/1980/3306
f 2204/1982/3307 1239/4844/3307 1107/1983/3307
f 2202/1985/3308 1110/4845/3308 1077/1986/3308
f 1325/1988/3309 1079/4846/3309 2199/1989/3309
f 578/1991/3310 845/4847/3310 1096/1992/3310
f 1303/1994/1163 627/4848/1163 1089/1995/1163
f 2196/1997/3311 871/4849/3311 1110/1998/3311
f 578/2000/3312 1081/4850/3312 1236/2001/3312
f 987/2003/3313 580/2197/3313 1083/2004/3313
f 900/2006/1167 1094/4851/1167 1321/2007/1167
f 861/2009/3314 1105/4852/3314 2203/2010/3314
f 1221/2012/1301 908/4853/1301 1098/2013/1301
f 581/2015/3315 1085/2025/3315 1326/2016/3315
f 890/2018/1171 1093/4854/1171 1094/2019/1171
f 847/2021/3316 1099/4855/3316 1075/2022/3316
f 991/2024/3317 1113/4856/3317 1085/2025/3317
f 891/2026/1174 898/4857/1174 1092/2027/1174
f 848/2029/3318 917/4858/3318 1082/2030/3318
f 860/2032/3319 1103/4859/3319 1078/2033/3319
f 1319/2035/3320 749/4860/3320 1114/2036/3320
f 1316/2038/3321 739/4861/3321 1104/2039/3321
f 1305/2041/3322 899/4862/3322 1101/2042/3322
f 863/2044/3323 1115/4863/3323 1084/2045/3323
f 861/2047/3324 990/2336/3324 1080/2048/3324
f 919/2050/3325 1075/4864/3325 1323/2051/3325
f 864/2053/3326 1005/2337/3326 1086/2054/3326
f 988/2034/3327 1078/2033/3327 1238/2056/3327
f 899/2058/1185 910/4865/1185 1102/2059/1185
f 1232/2061/3328 992/4866/3328 1117/2062/3328
f 738/2064/1187 1106/4867/1187 2200/2065/1187
f 896/2067/1188 1097/4868/1188 1098/2068/1188
f 1007/2046/3329 1084/2045/3329 1241/2070/3329
f 2195/2072/1190 833/4869/1190 1108/2073/1190
f 845/2075/3330 848/4870/3330 1100/2076/3330
f 521/2078/607 1120/3952/607 1119/2079/607
f 523/2081/607 1122/4871/607 1121/2082/607
f 532/2083/1230 1124/2087/1230 1251/2084/1230
f 532/2083/3331 840/2172/3331 1125/2086/3331
f 561/2088/3332 1126/2191/3332 2234/2089/3332
f 1127/701/607 541/700/607 1128/2091/607
f 525/2093/607 552/2186/607 1130/1571/607
f 539/2080/3333 1119/2079/3333 1131/2095/3333
f 550/658/3334 1121/2082/3334 1132/2097/3334
f 2245/2099/3335 1127/701/3335 519/2092/3335
f 560/2101/3336 842/2174/3336 1134/2102/3336
f 566/2104/607 1136/2328/607 2308/2105/607
f 599/2107/3337 1496/2768/3337 1494/2108/3337
f 541/700/2990 615/1266/2990 1138/2110/2990
f 567/2111/3338 1139/3980/3338 1265/2112/3338
f 1330/2114/607 698/4872/607 1141/2115/607
f 558/768/607 1133/3951/607 1271/2117/607
f 560/2101/3339 1135/2103/3339 1180/2118/3339
f 1243/2120/3340 671/4873/3340 1145/2121/3340
f 1244/2123/607 666/4874/607 1146/2124/607
f 570/2126/607 1137/4011/607 1188/2127/607
f 1332/2129/3341 665/4875/3341 1149/2130/3341
f 1514/2132/1205 1451/4876/1205 1743/2133/1205
f 866/2135/3342 1728/2154/3342 1756/2136/3342
f 1301/2138/3343 1295/1367/3343 1695/1366/3343
f 668/2140/3344 1142/2746/3344 1657/2141/3344
f 3213/2143/3345 1149/2439/3345 1646/2144/3345
f 1245/1303/858 1750/1302/858 1744/2146/858
f 698/2148/3346 1680/1538/3346 1653/2149/3346
f 666/2151/3347 1244/1339/3347 1749/1341/3347
f 869/2153/3348 1731/2246/3348 1728/2154/3348
f 671/2155/3349 1243/4877/3349 1748/2156/3349
f 867/1345/3350 1729/1347/3350 2490/2158/3350
f 1246/2160/3351 892/2167/3351 1159/2161/3351
f 2459/2163/3352 886/2331/3352 1123/2164/3352
f 893/2166/3353 1161/2169/3353 1159/2161/3353
f 885/2168/1218 1160/4139/1218 1161/2169/1218
f 884/2170/842 819/2096/842 1131/2095/842
f 559/2171/3354 1148/2325/3354 1125/2086/3354
f 531/2173/3355 1158/2188/3355 1134/2102/3355
f 856/2175/3356 1163/2324/3356 2129/2176/3356
f 571/2178/3357 1144/2192/3357 2277/2179/3357
f 869/2181/3358 1165/1185/3358 1166/1243/3358
f 2460/2183/3359 868/2182/3359 1166/1243/3359
f 866/2184/3360 1168/2187/3360 1165/1185/3360
f 1333/2185/3361 867/4138/3361 1167/1182/3361
f 857/1508/3362 1164/3812/3362 1215/687/3362
f 878/2098/842 1132/2097/842 1138/2110/842
f 552/2186/1631 884/2170/1631 1162/1569/1631
f 1247/1509/3363 1215/687/3363 1168/2187/3363
f 531/2173/3364 1246/2160/3364 1198/2162/3364
f 1245/2128/607 1188/2127/607 1147/2189/607
f 561/2088/607 1244/2123/607 1186/2125/607
f 571/2178/3365 1243/2120/3365 1184/2122/3365
f 1242/2119/3366 1180/2118/3366 1143/2193/3366
f 1233/2071/3367 1241/2070/3367 1118/2195/3367
f 580/2197/3368 1232/2061/3368 1240/2063/3368
f 1230/2057/3369 1238/2056/3369 1106/2198/3369
f 917/2200/1182 1221/2012/1182 1237/2014/1182
f 1220/2002/3370 1236/2001/3370 1097/2202/3370
f 1077/2204/3307 1239/4844/3307 2204/1982/3307
f 1084/2206/3371 1083/4878/3371 1240/2207/3371
f 1092/2208/1009 1235/1964/1009 1234/1966/1009
f 1098/2210/3372 1097/4879/3372 1236/2211/3372
f 1233/2212/3373 1207/2265/3373 603/2213/3373
f 992/2215/3374 1232/4880/3374 1205/1769/3374
f 832/1771/3375 1231/4881/3375 1212/1190/3375
f 1230/2216/3376 1205/1803/3376 1000/1802/3376
f 2150/1756/3377 1227/1734/3377 981/1297/3377
f 1227/1734/1025 1229/1733/1025 985/1298/1025
f 2324/2219/1025 2327/1729/1025 1224/1724/1025
f 946/2220/1025 1224/1724/1025 1225/1717/1025
f 950/1292/1025 1225/1717/1025 1226/1719/1025
f 1462/2221/3378 1478/2690/3378 1199/2222/3378
f 1479/1684/1025 1197/1683/1025 939/2223/1025
f 908/2224/3379 1221/1638/3379 1175/1622/3379
f 1220/1637/3380 1846/1636/3380 914/2225/3380
f 601/2227/1009 1219/1623/1009 1175/1622/1009
f 891/1629/3381 1218/1619/3381 1174/1620/3381
f 670/2228/3382 1140/1467/3382 1650/1466/3382
f 549/2230/3383 877/4882/3383 1217/1541/3383
f 556/2231/3384 1216/2309/3384 1197/1521/3384
f 1486/2233/1252 1772/4883/1252 1634/2234/1252
f 736/1449/3385 1204/2307/3385 1214/2236/3385
f 1242/1364/3386 1747/1363/3386 1742/2238/3386
f 995/2240/3387 1231/1377/3387 1239/1379/3387
f 540/1270/3388 1200/1205/3388 1210/2241/3388
f 526/2242/3389 1196/4884/3389 1201/2243/3389
f 868/2245/3390 1730/4140/3390 1731/2246/3390
f 540/1270/3391 1337/705/3391 1336/2247/3391
f 668/2248/3392 1644/4885/3392 1746/2249/3392
f 929/2251/3393 1199/4886/3393 1212/1777/3393
f 1222/1181/3394 1228/1180/3394 986/2252/3394
f 547/2244/3395 1201/2243/3395 1211/2254/3395
f 526/2256/3396 549/2230/3396 1202/1161/3396
f 608/866/3397 1525/4887/3397 1526/2257/3397
f 2151/2258/3398 1247/4888/3398 1756/2259/3398
f 536/2261/3399 604/4889/3399 1206/2262/3399
f 604/2264/3400 603/2213/3400 1207/2265/3400
f 723/2267/3401 1223/1086/3401 1229/1088/3401
f 630/2268/3402 1182/2290/3402 1176/2269/3402
f 657/2271/3403 589/4890/3403 1176/2272/3403
f 624/2273/761 1183/955/761 1177/1063/761
f 623/2274/707 1177/1063/707 1179/1065/707
f 658/2276/3404 1194/1060/3404 1193/1062/3404
f 622/2278/3405 621/2302/3405 1178/788/3405
f 1208/1386/3406 1209/1388/3406 752/1080/3406
f 1203/1391/3407 1208/1386/3407 750/2279/3407
f 657/2271/3408 1195/1069/3408 2549/980/3408
f 632/2281/3409 590/4891/3409 1193/2282/3409
f 591/2283/717 643/2286/717 1191/959/717
f 1137/2284/695 622/2278/695 1189/1058/695
f 644/2285/607 1187/889/607 1191/959/607
f 1126/2287/3410 1186/4746/3410 1185/956/3410
f 1144/2289/3411 1184/953/3411 1183/955/3411
f 629/2288/3412 1185/956/3412 1182/2290/3412
f 1135/2291/3413 631/2292/3413 1181/930/3413
f 631/2292/3414 632/2281/3414 1192/928/3414
f 592/2293/690 1179/4737/690 1187/889/690
f 877/872/3415 616/871/3415 1210/1268/3415
f 670/1440/3416 1697/4892/3416 1745/2294/3416
f 1218/846/3417 1234/845/3417 1088/2296/3417
f 907/2298/3418 1174/841/3418 1198/843/3418
f 898/2300/662 1219/814/662 1235/816/662
f 621/2302/3419 591/4893/3419 1190/2303/3419
f 531/2304/3420 842/2724/3420 1726/2305/3420
f 752/1080/3421 1209/1388/3421 1204/2307/3421
f 813/1430/3422 543/663/3422 1990/665/3422
f 778/2255/3423 1211/2254/3423 1216/2309/3423
f 2298/2310/3424 1329/4894/3424 1745/2311/3424
f 1255/2313/3425 1291/1535/3425 1419/1534/3425
f 1169/1172/3426 1415/1174/3426 1396/2315/3426
f 1168/2187/3427 1215/687/3427 1172/689/3427
f 851/2317/3428 1214/3487/3428 1171/2318/3428
f 765/1198/3429 645/1197/3429 1940/2320/3429
f 582/2322/3430 1555/2824/3430 1552/2323/3430
f 856/2175/3431 1333/2185/3431 1299/1184/3431
f 559/2171/3432 1332/2129/3432 1281/2131/3432
f 1331/769/607 1271/2117/607 1142/2326/607
f 566/2104/607 1330/2114/607 1270/2116/607
f 1329/2113/1203 1265/2112/1203 1140/2329/1203
f 1328/2085/1215 1251/2084/1215 1123/2164/1215
f 1306/2052/3433 1323/2051/3433 1102/2332/3433
f 912/2334/3434 1305/2041/3434 1322/2043/3434
f 990/2336/3435 1316/2038/3435 1324/2040/3435
f 1005/2337/3436 1319/2035/3436 1327/2037/3436
f 1318/2017/3437 1326/2016/3437 1112/2338/3437
f 1304/2008/1167 1321/2007/1167 1090/2340/1167
f 890/2342/1163 1303/1994/1163 1320/1996/1163
f 1108/1983/3438 1325/1988/3438 2205/1990/3438
f 1076/2345/3439 1322/1976/3439 1323/1978/3439
f 1089/2347/3440 1090/4895/3440 1321/2348/3440
f 1112/1980/3441 1326/1952/3441 1327/1954/3441
f 749/1807/3442 1319/1792/3442 1263/1794/3442
f 1318/1789/3443 1261/1764/3443 1002/1763/3443
f 1317/1783/3444 1297/684/3444 811/686/3444
f 739/1773/3445 1316/1762/3445 1261/1764/3445
f 2152/1757/1062 1313/1706/1062 969/2352/1062
f 960/2353/1025 1311/1715/1025 1312/1714/1025
f 1309/1711/1025 1311/1715/1025 960/2353/1025
f 1312/1714/1025 1310/1713/1025 957/2354/1025
f 2321/1730/3446 2328/1709/3446 1309/1711/3446
f 969/2352/1025 1313/1706/1025 1315/1708/1025
f 1480/1656/3447 1252/1655/3447 925/2355/3447
f 1456/2356/1025 1481/1651/1025 1250/1653/1025
f 1306/1647/3448 1294/1627/3448 906/1618/3448
f 899/1648/3449 1305/1643/3449 1847/1645/3449
f 900/2360/1010 1304/1628/1010 1294/1627/1010
f 627/2361/1007 1303/1626/1007 1293/1625/1007
f 1260/879/3450 1302/743/3450 880/877/3450
f 840/1312/3451 1738/1311/3451 1754/2362/3451
f 874/2364/3452 1300/696/3452 1250/1531/3452
f 651/2365/3453 1307/1485/3453 1314/1487/3453
f 2153/2366/3454 1333/2185/3454 856/2175/3454
f 1308/1474/3455 1315/1473/3455 984/2367/3455
f 1497/2369/3456 1287/2641/3456 1664/2370/3456
f 831/1381/3457 1934/2399/3457 1927/2372/3457
f 760/2373/1326 1402/4137/1326 1404/2374/1326
f 2462/2376/3458 650/2606/3458 1393/2377/3458
f 3214/2379/3459 3215/1543/3459 1647/1544/3459
f 755/2381/1329 1400/2601/1329 1399/2382/1329
f 1859/763/3460 1946/762/3460 1918/2384/3460
f 1920/1406/3461 1949/4896/3461 1214/2386/3461
f 1299/1184/3462 1290/1183/3462 537/2387/3462
f 2461/2388/3463 754/2383/3463 1399/2382/3463
f 1257/2390/3464 1760/2654/3464 1664/2391/3464
f 1924/2393/3465 1258/1083/3465 1284/1077/3465
f 1926/759/3466 1259/1136/3466 1298/1194/3466
f 2329/2394/607 1330/2114/607 566/2104/607
f 1124/2395/3467 905/1617/3467 1293/1625/3467
f 820/985/3468 1925/984/3468 1933/2396/3468
f 2547/2398/3469 2562/4195/3469 1934/2399/3469
f 1133/2400/3470 618/2417/3470 1269/931/3470
f 641/2401/717 593/4897/717 1275/2402/717
f 660/2403/3471 588/4898/3471 1267/2404/3471
f 635/2405/761 636/2415/761 1272/934/761
f 642/2406/607 641/2401/607 1283/978/607
f 1148/2407/3472 1281/972/3472 1280/973/3472
f 587/2409/3473 659/4194/3473 1279/969/3473
f 2538/2410/3474 660/2403/3474 1277/1067/3474
f 634/2411/653 1276/894/653 1275/945/653
f 617/2413/3475 587/4899/3475 1278/2414/3475
f 636/2415/707 594/4900/707 1273/2416/707
f 618/2417/3476 617/2413/3476 1274/942/3476
f 594/2418/690 642/2406/690 1282/979/690
f 619/2419/3477 1268/900/3477 1267/909/3477
f 1136/2421/695 1270/903/695 1266/892/695
f 620/2408/3478 1280/973/3478 1268/900/3478
f 633/2422/691 1266/892/691 1276/894/691
f 1253/662/3479 1260/879/3479 776/748/3479
f 1004/2423/3480 1263/856/3480 1262/858/3480
f 721/2425/3481 747/4901/3481 1262/853/3481
f 1317/813/3482 1325/812/3482 1108/2426/3482
f 1139/2428/650 635/2405/650 1264/1059/650
f 570/2429/3483 1744/4902/3483 2339/2430/3483
f 1302/743/3484 1256/742/3484 730/1165/3484
f 661/1166/631 730/1165/631 1256/742/631
f 557/1167/3485 1412/1169/3485 1398/737/3485
f 884/1481/3486 1753/1482/3486 1741/1263/3486
f 1201/2434/3487 1387/4903/3487 1405/1519/3487
f 994/1192/3488 925/4761/3488 1252/2436/3488
f 726/747/3489 1347/2456/3489 1346/660/3489
f 3223/2437/3490 1660/4196/3490 1659/2438/3490
f 728/1215/3491 661/1214/3491 1249/2440/3491
f 520/2441/3492 545/2446/3492 1334/656/3492
f 522/2442/3493 1169/2468/3493 1336/2247/3493
f 1338/704/3494 1363/703/3494 544/2443/3494
f 806/2445/3495 1981/2444/3495 544/2443/3495
f 545/2446/3496 732/2452/3496 1341/2447/3496
f 546/2448/3497 522/2442/3497 1337/705/3497
f 779/2449/3498 546/4904/3498 1342/2450/3498
f 872/1514/3499 1344/1513/3499 1341/2447/3499
f 527/1512/3500 1288/2471/3500 1957/2453/3500
f 1286/2455/3501 1346/660/3501 1347/2456/3501
f 663/2458/3502 755/2465/3502 1348/1229/3502
f 1886/1139/3503 735/1082/3503 1258/1083/3503
f 1898/2461/3504 1897/2469/3504 734/1084/3504
f 779/2449/3505 1343/2451/3505 1338/2462/3505
f 664/2457/3506 1347/2456/3506 2423/1208/3506
f 755/2465/1377 754/4135/1377 1354/2466/1377
f 649/693/3507 1962/695/3507 1961/2467/3507
f 1898/2461/3508 780/1085/3508 781/1371/3508
f 1169/2468/3509 663/4905/3509 1349/1206/3509
f 1865/1389/3510 1203/1391/3510 734/1084/3510
f 520/2441/3511 1335/655/3511 1346/660/3511
f 650/2470/3512 1958/3563/3512 1957/2453/3512
f 1360/2472/3513 1358/2497/3513 1547/2473/3513
f 554/2475/3514 1367/2496/3514 1540/2476/3514
f 586/2478/3515 1570/2495/3515 1521/2479/3515
f 551/669/3516 1901/2499/3516 1538/2481/3516
f 1369/2482/3517 1595/2927/3517 1569/2483/3517
f 1131/2095/3518 1546/2502/3518 1606/2485/3518
f 1366/2486/3519 1529/2585/3519 1548/2487/3519
f 1362/2489/3520 1364/717/3520 1561/2490/3520
f 1365/750/3521 1538/2481/3521 1561/2490/3521
f 1368/2492/3522 1360/2472/3522 1554/2474/3522
f 586/2478/3523 1361/4906/3523 1559/2494/3523
f 1367/2496/3524 731/2484/3524 1569/2483/3524
f 1358/2497/3525 1359/4907/3525 1548/2498/3525
f 815/671/3526 1904/3402/3526 1901/2499/3526
f 1357/709/3527 1522/2501/3527 1531/2500/3527
f 1356/2480/3528 1521/2479/3528 1522/2501/3528
f 1119/2079/3529 1526/4908/3529 1546/2502/3529
f 614/837/3530 1544/1549/3530 1575/2503/3530
f 814/2504/3531 554/2475/3531 1902/2477/3531
f 1361/870/3532 1362/648/3532 1560/2506/3532
f 1370/2508/3533 1415/2590/3533 1425/2509/3533
f 1404/2511/3534 1403/2524/3534 1383/2512/3534
f 1414/2514/3535 1411/2541/3535 1412/2515/3535
f 1370/2508/3536 1371/2510/3536 1398/2517/3536
f 1408/2519/1408 1378/2564/1408 1379/2520/1408
f 1401/2522/1409 1377/2566/1409 1384/2523/1409
f 2468/2525/3537 2464/2548/3537 1375/2526/3537
f 1405/2528/3538 1373/2533/3538 1406/2529/3538
f 2463/2531/3539 1377/2566/3539 1401/2522/3539
f 1373/2533/3540 1378/2564/3540 1408/2519/3540
f 1132/2097/3541 1557/2605/3541 1582/2534/3541
f 585/2535/3542 1568/2537/3542 2215/2536/3542
f 585/2535/3543 613/823/3543 1575/2503/3543
f 813/2538/3544 1563/3876/3544 1530/2539/3544
f 1411/2541/3545 1397/2518/3545 1398/2517/3545
f 1389/2542/3546 1390/4132/3546 1376/2543/3546
f 1384/2523/3547 1386/4909/3547 1391/2545/3547
f 1387/2547/3548 1372/2563/3548 1373/2533/3548
f 2464/2548/3549 2465/4134/3549 1374/2549/3549
f 2167/2550/3550 814/2504/3550 1903/2505/3550
f 1423/2552/3551 1395/4133/3551 1390/2553/3551
f 1386/2555/3552 1400/2561/3552 1396/2556/3552
f 2469/2558/3553 1399/4910/3553 1385/2559/3553
f 1385/2559/1427 1399/4910/1427 1400/2561/1427
f 1138/2110/3554 1582/2534/3554 1528/2562/3554
f 1403/2524/3555 1384/2523/3555 1382/2546/3555
f 1372/2563/3556 1392/4911/3556 1378/2564/3556
f 1378/2564/3557 1392/4911/3557 1388/2565/3557
f 2466/2560/3558 1385/2567/3558 1377/2566/3558
f 1385/2567/1433 1386/4909/1433 1384/2523/1433
f 1380/2568/3559 1376/4912/3559 1381/2569/3559
f 1410/2570/3560 1381/2569/3560 1393/2571/3560
f 1363/703/3561 1531/2500/3561 1532/2573/3561
f 2467/2532/3562 1401/2522/3562 1402/2574/3562
f 612/1554/3563 611/2600/3563 1574/2576/3563
f 1402/2574/1439 1401/2522/1439 1403/2524/1439
f 812/1422/3564 544/2443/3564 1532/2573/3564
f 2166/2579/3565 583/1559/3565 1564/1558/3565
f 1368/2581/3566 1579/4913/3566 1595/2582/3566
f 543/2584/3567 1530/4914/3567 1529/2585/3567
f 1383/2586/3568 1382/4915/3568 1397/2518/3568
f 1382/2546/3569 1391/2545/3569 1370/2587/3569
f 1394/2589/3570 1383/2586/3570 1411/2541/3570
f 1391/2557/3571 1396/2556/3571 1415/2590/3571
f 1420/2591/3572 1410/2570/3572 1422/2572/3572
f 1417/2593/3573 1380/2568/3573 1410/2570/3573
f 1424/2594/3574 1423/2552/3574 1389/2554/3574
f 1417/2593/3575 1418/2595/3575 1389/2554/3575
f 1375/2526/3576 1374/2549/3576 1416/2596/3576
f 1407/2527/3577 1375/2526/3577 1419/2597/3577
f 584/2599/3578 1566/3885/3578 1574/2576/3578
f 663/2316/3579 1396/2315/3579 1400/2601/3579
f 1255/2602/3580 1416/4916/3580 1374/1217/3580
f 1132/2097/3581 1121/2082/3581 1543/2604/3581
f 650/2606/3582 1288/4917/3582 1422/2607/3582
f 761/2375/3583 1404/2374/3583 1394/2608/3583
f 893/2609/1460 1720/2739/1460 1722/2610/1460
f 966/2612/1025 1314/2635/1025 1454/2613/1025
f 1436/1657/3584 1507/1659/3584 1508/2615/3584
f 1228/2617/1025 1452/2633/1025 1449/2618/1025
f 2370/2620/607 1451/4918/607 1430/2621/607
f 597/2623/3585 1495/2650/3585 1484/2624/3585
f 980/2626/1025 1447/4129/1025 1446/2627/1025
f 979/2628/1025 1446/2627/1025 1444/2629/1025
f 966/2612/1025 1445/2614/1025 2471/2631/1025
f 965/2630/1025 1444/2629/1025 1452/2633/1025
f 983/2634/3586 1448/4919/3586 1454/2613/3586
f 598/2625/3587 1484/2624/3587 1485/2636/3587
f 1483/2638/1025 1428/4920/1025 2348/2639/1025
f 1287/2641/1464 1497/2369/1464 1499/2642/1464
f 1442/2644/3588 1448/4057/3588 983/2645/3588
f 523/2643/1464 1499/2642/1464 1488/2647/1464
f 597/2623/3589 575/3880/3589 1492/2649/3589
f 2363/2651/3590 1443/4921/3590 1449/2652/3590
f 1301/2138/3591 1732/2139/3591 1760/2654/3591
f 1466/2655/3592 1482/4922/3592 1517/2656/3592
f 1450/2658/3593 1429/2798/3593 1500/2659/3593
f 1451/2661/3594 1514/4923/3594 1501/2662/3594
f 3206/2664/3595 3207/1443/3595 1651/1445/3595
f 808/2666/3596 1493/3877/3596 1490/2667/3596
f 1456/2669/3597 924/2668/3597 1490/2667/3597
f 3212/2671/3598 3213/2143/3598 1645/2145/3598
f 1456/2673/3599 1519/4924/3599 1518/2674/3599
f 807/2676/3600 933/2792/3600 1498/2677/3600
f 1442/2679/1025 1483/2638/1025 2374/2640/1025
f 529/2681/1025 1443/4925/1025 1482/2682/1025
f 530/2684/1025 1307/2713/1025 1481/1651/1025
f 1308/2685/3601 1480/1656/3601 1458/1691/3601
f 1222/2687/1025 1479/1684/1025 1472/1694/1025
f 535/2689/3602 1223/4926/3602 1478/2690/3602
f 859/2691/3603 1463/1704/3603 1459/1654/3603
f 858/2693/3604 1461/1660/3604 2154/1703/3604
f 768/2695/3605 769/4128/3605 1475/1700/3605
f 723/2696/3606 768/2695/3606 1477/1701/3606
f 758/2697/3607 1476/1696/3607 1473/1697/3607
f 652/2688/3608 1472/1694/3608 1476/1696/3608
f 724/2686/3609 1458/1691/3609 2472/1693/3609
f 1223/2700/3610 723/2696/3610 1474/1698/3610
f 2435/2701/3611 759/2698/3611 1473/1697/3611
f 529/2702/1025 1466/1682/1025 1479/1684/1025
f 639/2703/3612 640/2709/3612 1468/1674/3612
f 572/2704/3613 639/2703/3613 1471/1678/3613
f 638/2705/3614 1465/1666/3614 1470/1675/3614
f 637/2706/3615 1470/1675/3615 1464/1676/3615
f 573/2708/3616 1469/1672/3616 1468/1674/3616
f 2319/2710/3617 572/4927/3617 1467/1669/3617
f 569/2711/1025 1460/4008/1025 1465/1666/1025
f 568/2707/3618 1464/1676/3618 2299/1663/3618
f 535/2689/3619 1462/2221/3619 1461/1660/3619
f 530/2684/1025 1456/2356/1025 1483/2638/1025
f 538/2692/3620 1459/1654/3620 1480/1656/3620
f 1307/2713/1025 651/4127/1025 1457/2714/1025
f 1519/2715/3621 1490/4928/3621 1489/2716/3621
f 1514/2718/3622 1486/4929/3622 1485/2719/3622
f 1497/2721/607 1516/3850/607 1513/2722/607
f 842/2724/3623 560/4930/3623 1742/2725/3623
f 1513/2726/3624 1500/4931/3624 1488/2727/3624
f 1520/2729/3625 1517/4932/3625 1502/2730/3625
f 2208/2732/3626 1491/2765/3626 1512/2733/3626
f 1493/2735/3627 1511/3881/3627 1489/2736/3627
f 893/2609/3628 892/2781/3628 1678/2738/3628
f 1497/2740/3629 1773/4933/3629 1777/2741/3629
f 3206/2664/3630 1656/2665/3630 1655/2743/3630
f 3221/2745/3631 1658/4193/3631 1657/2141/3631
f 1487/2747/3632 1508/2762/3632 1507/2748/3632
f 1496/2749/3633 1507/2748/3633 1503/2750/3633
f 1484/2752/3634 1495/2757/3634 1506/2753/3634
f 1484/2752/3635 1505/2754/3635 1501/2755/3635
f 1495/2757/3636 1492/3882/3636 1504/2758/3636
f 1494/2751/3637 1503/2750/3637 2211/2759/3637
f 1487/2747/3638 1488/4934/3638 1500/2761/3638
f 885/2611/3639 1722/2610/3639 2489/2763/3639
f 1491/2765/3640 1498/4935/3640 1502/2766/3640
f 599/2107/3641 600/2772/3641 1487/2767/3641
f 1435/2769/3642 1434/2773/3642 1505/2770/3642
f 600/2772/1464 1122/2648/1464 1488/2647/1464
f 1434/2773/3643 1430/2663/3643 1501/2662/3643
f 3205/993/3644 3204/2803/3644 1654/2774/3644
f 1431/2776/3645 1502/2806/3645 1517/2777/3645
f 1435/2769/3646 1506/2771/3646 1504/2779/3646
f 892/2781/3647 1246/1285/3647 1752/1287/3647
f 1428/2782/3648 1483/4936/3648 1518/2783/3648
f 807/2676/3649 1491/2678/3649 2208/2785/3649
f 1440/2787/3650 1511/2799/3650 2211/2788/3650
f 2206/2790/3651 1433/2780/3651 1504/2779/3651
f 933/2792/3652 1466/4937/3652 1520/2793/3652
f 525/2794/1464 1129/2637/1464 1485/2636/1464
f 2164/2796/3653 576/2109/3653 1494/2108/3653
f 1437/2616/3654 1508/2615/3654 1500/2659/3654
f 1440/2787/3655 1428/2782/3655 1489/2784/3655
f 1514/2800/1535 1765/4938/1535 1772/2801/1535
f 3204/2803/3656 1141/4939/3656 1653/2804/3656
f 1431/2776/3657 1441/3878/3657 1512/2805/3657
f 1254/1365/1538 1248/3953/1538 1758/2807/1538
f 1592/2809/3658 1591/2867/3658 1590/2810/3658
f 1615/2812/3659 1614/2894/3659 1594/2813/3659
f 1583/2815/3660 1612/2911/3660 1611/2816/3660
f 1537/2818/3661 1532/2573/3661 1531/2500/3661
f 1572/2820/3662 1556/2848/3662 2216/2821/3662
f 1556/2823/3663 1553/2888/3663 1552/2323/3663
f 1583/2815/3664 1584/2817/3664 1576/2825/3664
f 1537/2818/3665 1536/2887/3665 1562/2578/3665
f 1565/2827/3666 1911/4940/3666 1915/2828/3666
f 1585/2830/3667 1586/2956/3667 1601/2831/3667
f 2218/2833/3668 1534/2852/3668 1566/2834/3668
f 1581/2836/3669 1580/2856/3669 1533/2837/3669
f 1900/2839/3670 1537/2818/3670 1603/2819/3670
f 1588/2841/3671 1597/4941/3671 1596/2842/3671
f 1546/2844/3672 1526/4942/3672 1525/1561/3672
f 1529/2585/3673 1530/4914/3673 1551/2846/3673
f 1572/2820/3674 1581/2836/3674 1553/2838/3674
f 1556/2848/3675 1555/3903/3675 2212/1542/3675
f 1523/2849/3676 1542/4943/3676 1574/2850/3676
f 1534/2852/3677 1549/2851/3677 1574/2850/3677
f 1528/2853/3678 1582/4944/3678 1524/2854/3678
f 1606/2855/3679 1546/4945/3679 1533/2837/3679
f 2213/2857/3680 1564/2875/3680 1535/2858/3680
f 1598/2860/3681 1589/4946/3681 1590/2861/3681
f 1608/2863/3682 1607/2884/3682 1617/2864/3682
f 1592/2809/3683 1620/2907/3683 1619/2866/3683
f 1627/2868/3684 1593/2814/3684 1594/2813/3684
f 1598/2860/3685 1599/2862/3685 1596/2870/3685
f 1623/2872/3686 1600/4947/3686 1601/2873/3686
f 1564/2875/3687 1573/4948/3687 1550/2876/3687
f 1523/2877/3688 1557/2900/3688 1543/2878/3688
f 1527/2880/3689 1524/4949/3689 1550/2881/3689
f 1608/2863/3690 1609/4950/3690 1610/2883/3690
f 1530/2539/3691 1563/3876/3691 1571/2885/3691
f 1900/2839/3692 1905/3403/3692 1536/2887/3692
f 1553/2888/3693 1533/2845/3693 1525/1561/3693
f 1613/2889/3694 1906/2896/3694 1902/2477/3694
f 1626/2890/3695 1625/4951/3695 1611/2891/3695
f 1615/2812/3696 1616/4952/3696 1617/2893/3696
f 1604/2895/3697 1551/2886/3697 1906/2896/3697
f 1602/2897/3698 1915/4953/3698 1914/2898/3698
f 1524/2854/3699 1582/4944/3699 1557/2900/3699
f 1545/1548/3700 1606/2855/3700 1580/2856/3700
f 1535/2858/3701 1550/2876/3701 1549/2901/3701
f 1524/2903/3702 1523/4954/3702 1549/2904/3702
f 1568/2537/3703 1575/2503/3703 1581/2836/3703
f 1622/2906/3704 1621/2910/3704 1619/2866/3704
f 1901/2499/3705 1900/2839/3705 1618/2840/3705
f 1544/1549/3706 1580/2856/3706 1581/2836/3706
f 1535/2858/3707 1534/2902/3707 2218/2908/3707
f 1571/2885/3708 1907/3406/3708 1906/2896/3708
f 1568/2537/3709 1572/2820/3709 2219/2822/3709
f 1623/2909/3710 1624/4955/3710 1621/2910/3710
f 1626/2911/3711 1627/2868/3711 1628/2869/3711
f 1627/2913/3712 1626/2918/3712 1522/2501/3712
f 1623/2914/3713 1622/2915/3713 1547/2473/3713
f 1622/2915/3714 1620/2924/3714 1554/2474/3714
f 1616/2916/3715 1615/2930/3715 1559/2494/3715
f 1612/2917/3716 1531/2500/3716 1522/2501/3716
f 1609/2919/3717 1608/2925/3717 1561/2490/3717
f 1600/2920/3718 1623/4956/3718 1548/2487/3718
f 1597/2921/3719 1540/2476/3719 1569/2483/3719
f 1593/2923/3720 1627/2913/3720 1521/2479/3720
f 1620/2924/3721 1592/2931/3721 1579/2493/3721
f 1616/2916/3722 1560/2491/3722 1561/2490/3722
f 1589/2926/3723 1598/2922/3723 1569/2483/3723
f 1597/2921/3724 1588/2932/3724 1613/2889/3724
f 1600/2920/3725 1529/2585/3725 1604/2847/3725
f 1583/2929/3726 1577/2933/3726 1618/2840/3726
f 1612/2917/3727 1583/2929/3727 1603/2819/3727
f 1593/2923/3728 1570/2495/3728 1559/2494/3728
f 1589/2926/3729 1595/2927/3729 1579/2493/3729
f 1588/2932/3730 1585/4957/3730 1604/2895/3730
f 1609/2919/3731 1538/2481/3731 1618/2840/3731
f 1624/2934/3732 1601/4958/3732 1586/2935/3732
f 1632/2937/3733 1587/2955/3733 1596/2938/3733
f 1632/2937/3734 1599/2939/3734 1590/2940/3734
f 1621/2942/3735 1624/2934/3735 1631/2936/3735
f 1630/2944/3736 1629/2947/3736 1594/2945/3736
f 1629/2947/3737 1625/2951/3737 1628/2948/3737
f 1576/2949/3738 1584/2950/3738 1629/2947/3738
f 1584/2950/3739 1611/4959/3739 1625/2951/3739
f 1610/2952/3740 1576/2949/3740 1630/2944/3740
f 1617/2954/3741 1607/2953/3741 1630/2944/3741
f 1619/2943/3742 1631/2936/3742 1632/2937/3742
f 1631/2936/3743 1586/2935/3743 1587/2955/3743
f 1585/2830/3744 1588/2841/3744 1587/2843/3744
f 1577/2826/3745 1576/2825/3745 1610/2957/3745
f 1727/2959/3746 1738/4960/3746 1737/2960/3746
f 1668/2962/1195 1694/3091/1195 1640/2963/1195
f 1683/2965/3747 1687/3055/3747 1839/2966/3747
f 2340/2968/3748 2339/2430/3748 1744/2969/3748
f 2486/2971/3749 1642/3089/3749 1671/2972/3749
f 1672/2974/3750 1673/3019/3750 1639/2975/3750
f 1707/2977/3751 1709/4961/3751 1828/2978/3751
f 1723/2980/3752 1724/4962/3752 1840/2981/3752
f 2485/2983/3753 1644/3006/3753 1705/2984/3753
f 1710/2986/3754 1685/3054/3754 1818/2987/3754
f 1711/2989/3755 1699/2998/3755 1707/2990/3755
f 1709/2992/3756 1716/3097/3756 1717/2993/3756
f 2335/2994/1689 1680/3100/1689 1761/2995/1689
f 2338/2997/3757 2336/3123/3757 1699/2998/3757
f 1712/2999/3758 1714/3075/3758 2484/3000/3758
f 2248/3002/3759 1676/3039/3759 1749/3003/3759
f 2522/3005/3760 2247/3129/3760 1644/3006/3760
f 1640/2963/3761 1636/3209/3761 1703/3007/3761
f 1661/3008/607 1668/2962/607 1669/2964/607
f 2474/3010/607 2475/2973/607 1671/2972/607
f 1677/3012/3762 1678/3028/3762 1752/3013/3762
f 2487/3015/1646 1690/3126/1646 1691/3016/1646
f 1633/3018/1645 1667/4963/1645 1673/3019/1645
f 2476/3020/1645 2481/4125/1645 1665/3021/1645
f 1673/3019/1645 1667/4963/1645 1666/3023/1645
f 1704/3024/1645 1666/3023/1645 1702/3025/1645
f 1719/3027/3763 1720/3030/3763 1678/3028/3763
f 1719/3027/1647 1721/4122/1647 1722/3029/1647
f 1669/2964/607 1703/3007/607 1701/3031/607
f 1688/3032/3764 1689/3043/3764 1821/3033/3764
f 1637/3035/842 1636/3209/842 1640/2963/842
f 2488/3036/3765 2476/3020/3765 1675/3022/3765
f 2249/3038/3766 1700/3065/3766 1676/3039/3766
f 2338/3040/3767 1711/3202/3767 1802/3041/3767
f 1689/3043/3768 1688/3032/3768 1692/3044/3768
f 1688/3032/3769 1713/3199/3769 1715/3046/3769
f 2337/3047/3770 1687/3055/3770 2479/3048/3770
f 1709/2992/3771 1710/2986/3771 1829/2988/3771
f 2478/3051/3772 1685/3054/3772 1696/3052/3772
f 1685/3054/3773 1710/2986/3773 1717/2993/3773
f 1687/3055/3774 1683/2965/3774 2477/3056/3774
f 1684/3057/3775 1817/4964/3775 1819/3058/3775
f 2377/3060/3776 1723/4965/3776 1838/3061/3776
f 1686/3063/3777 1819/3252/3777 2495/3064/3777
f 1700/3065/3778 1681/3213/3778 1682/3066/3778
f 1674/3026/3779 1638/3229/3779 1812/3067/3779
f 1708/3069/3780 1707/4966/3780 1826/3070/3780
f 1683/3072/3781 1816/4967/3781 2494/3073/3781
f 1715/3046/1666 1721/4122/1666 1719/3027/1666
f 1693/3045/3782 1692/3044/3782 1719/3027/3782
f 1714/3075/1667 1690/3126/1667 2487/3015/1667
f 1747/3076/3783 1693/3045/3783 1677/3012/3783
f 1754/3077/3784 1738/4960/3784 1727/2959/3784
f 2158/3079/1671 2159/3085/1671 1731/3080/1671
f 2517/3082/3785 2158/3079/3785 1730/3081/3785
f 2156/3084/3786 1728/3113/3786 1731/3080/3786
f 2157/3086/3787 1729/4121/3787 1762/3087/3787
f 2488/3036/842 1641/3037/842 1642/3089/842
f 1673/3019/3788 1704/3024/3788 1637/3035/3788
f 1704/3024/3789 1822/3237/3789 1810/3090/3789
f 1694/3091/842 1733/2976/842 1639/2975/842
f 1714/3075/3790 1712/2999/3790 1645/3092/3790
f 1682/3066/3791 1647/4192/3791 1648/3094/3791
f 1697/3095/3792 1650/4968/3792 1649/3096/3792
f 1716/3097/3793 1709/2992/3793 1651/3098/3793
f 1680/3100/3794 1684/3103/3794 1654/3101/3794
f 1686/3063/3795 1649/3096/3795 1654/3101/3795
f 1699/2998/3796 1655/4969/3796 1656/3104/3796
f 1709/2992/607 1707/2990/607 1656/3104/607
f 1705/2984/3797 1644/3006/3797 1657/3105/3797
f 2553/3107/607 1705/2984/607 1658/3106/607
f 1693/3045/3798 1659/4970/3798 1660/3109/3798
f 1689/3043/607 1660/3109/607 2552/2380/607
f 1741/3111/842 1753/3122/842 1733/2976/842
f 2156/3084/3799 2160/4971/3799 1756/3112/3799
f 1742/3114/3800 1747/3076/3800 1725/3014/3800
f 1634/3116/1645 1633/3018/1645 1672/2974/1645
f 1725/3014/3801 1752/3013/3801 1755/3118/3801
f 1735/3119/607 1734/3124/607 1668/2962/607
f 2252/3004/3802 1749/3003/3802 1739/3120/3802
f 1740/3117/3750 1672/2974/3750 1733/2976/3750
f 2336/3123/1689 2340/2968/1689 1750/2970/1689
f 1734/3124/1195 1741/3111/1195 1694/3091/1195
f 1760/3125/1649 1732/4972/1649 1641/3037/1649
f 1751/3078/3803 1727/2959/3803 1690/3126/3803
f 1641/3037/842 1732/4972/842 1695/3127/842
f 1642/3089/3749 1695/3127/3749 1759/3128/3749
f 2247/3129/3804 2253/3950/3804 1746/3130/3804
f 1643/3011/607 1671/2972/607 1759/3128/607
f 1690/3126/3805 1727/2959/3805 1736/2961/3805
f 1665/3021/1645 1664/4973/1645 1760/3125/1645
f 1634/2234/1464 1772/4883/1464 1771/3132/1464
f 1776/3134/3806 1757/3844/3806 1698/3135/3806
f 1667/3137/1464 1768/3160/1464 1767/3138/1464
f 1724/3140/3807 1723/4974/3807 1770/3141/3807
f 1768/3143/1700 1771/3154/1700 1776/3134/1700
f 1775/3144/1696 1767/3149/1696 1769/3145/1696
f 1775/3144/3808 1770/3146/3808 2493/3147/3808
f 1767/3149/2309 1768/3143/2309 1764/3136/2309
f 1774/3150/3809 1766/3846/3809 1777/3151/3809
f 1772/3153/3810 1765/3843/3810 1776/3134/3810
f 1702/3155/1464 1775/3159/1464 2492/3156/1464
f 1666/3158/1464 1767/4975/1464 1775/3159/1464
f 1633/3133/1464 1771/3132/1464 1768/3160/1464
f 1764/3136/3811 1698/3135/3811 1724/3161/3811
f 1665/3162/3812 1774/4976/3812 1773/2371/3812
f 1811/3163/3813 1813/3233/3813 1834/3164/3813
f 1781/3166/842 1813/3233/842 1811/3163/842
f 2581/3168/607 2559/3256/607 1804/3169/607
f 1799/3171/607 1798/3241/607 1800/3172/607
f 1832/3165/607 1834/3164/607 1835/3174/607
f 2257/3176/1704 1837/3186/1704 1836/3177/1704
f 2345/3179/3814 1841/3250/3814 1803/3180/3814
f 1803/3180/3815 1841/3250/3815 1799/3171/3815
f 1784/3182/607 1786/3185/607 2499/3183/607
f 1799/3171/607 1801/3173/607 1786/3185/607
f 1837/3186/3816 1797/3251/3816 1782/3187/3816
f 2555/3188/607 1788/3192/607 1789/3189/607
f 2556/3191/607 1805/3244/607 1788/3192/607
f 1795/3193/3817 1781/3166/3817 1780/3167/3817
f 2553/3195/3818 1712/4977/3818 1830/3196/3818
f 1703/3007/3819 1792/3210/3819 1790/3198/3819
f 1713/3199/3820 1831/3206/3820 2497/3200/3820
f 1708/3201/3821 1827/4978/3821 1802/3041/3821
f 1663/3203/3822 1791/3245/3822 1793/3204/3822
f 1688/3032/3823 1820/3034/3823 1831/3206/3823
f 2554/3110/3824 1682/4979/3824 1815/3207/3824
f 1636/3209/3825 1779/3223/3825 1792/3210/3825
f 1670/3205/3826 1793/3204/3826 1778/3211/3826
f 1681/3213/3827 1700/3065/3827 1807/3214/3827
f 1706/3216/3828 1825/3239/3828 1806/3217/3828
f 1704/3219/1464 1674/4980/1464 1823/3220/1464
f 2249/3038/3829 1701/3031/3829 1790/3198/3829
f 1636/3209/3830 1637/3035/3830 1810/3090/3830
f 2482/3224/3831 1705/3232/3831 1824/3225/3831
f 2250/3227/3832 1718/3218/3832 1806/3217/3832
f 1635/3212/3833 1778/3211/3833 1812/3067/3833
f 1681/3230/3834 1814/4981/3834 1815/3231/3834
f 1780/3167/3835 1811/3163/3835 1779/3223/3835
f 1813/3233/3836 1781/3166/3836 1812/3067/3836
f 1783/3234/3837 1815/4188/3837 1814/3215/3837
f 1785/3235/3838 1817/3253/3838 2494/3236/3838
f 1786/3185/3839 1818/2987/3839 2495/3064/3839
f 1788/3192/3840 1820/3034/3840 1821/3033/3840
f 1795/3193/3841 1794/3194/3841 1822/3237/3841
f 2500/3238/3842 1797/3251/3842 1825/3239/3842
f 1798/3241/3843 1799/3171/3843 1827/3242/3843
f 1800/3172/3844 1828/3050/3844 1829/2988/3844
f 1801/3173/1736 1829/2988/1736 1818/2987/1736
f 1804/3169/3845 1830/4118/3845 2497/3200/3845
f 1805/3244/1738 1831/3206/1738 1820/3034/1738
f 1833/3175/3846 1790/3198/3846 1792/3210/3846
f 1834/3164/3847 1793/3204/3847 1791/3245/3847
f 1832/3165/3848 1792/3210/3848 1779/3223/3848
f 1813/3233/3849 1778/3211/3849 1793/3204/3849
f 2256/3178/3850 1836/3177/3850 1807/3214/3850
f 2257/3176/3851 1835/3174/3851 1791/3245/3851
f 2344/3181/3852 1803/3180/3852 1839/2966/3852
f 1809/3247/3853 1840/3258/3853 2383/3248/3853
f 1803/3180/3854 1784/3182/3854 1816/2967/3854
f 1841/3250/3855 1802/3993/3855 1827/3242/3855
f 1836/3177/3856 1782/3187/3856 1814/3215/3856
f 1837/3186/3857 1806/3217/3857 1825/3239/3857
f 1794/3194/3858 1780/3167/3858 1810/3090/3858
f 1795/3193/3859 1823/3068/3859 1812/3067/3859
f 1785/3235/1753 1787/4115/1753 1819/3252/1753
f 1800/3172/1754 1798/3241/1754 1826/3243/1754
f 1796/3254/3860 1824/4114/3860 2557/3255/3860
f 1789/3189/3861 1821/3033/3861 2558/3208/3861
f 1809/3247/1757 1808/4079/1757 1838/3257/1757
f 1867/3259/3862 1868/4982/3862 1843/1631/3862
f 1845/3260/3863 1866/3875/3863 1844/3261/3863
f 1845/3263/3864 914/4983/3864 1846/3264/3864
f 1871/3266/3865 1872/4113/3865 1848/2359/3865
f 1873/3267/3866 915/4984/3866 1850/1649/3866
f 1875/3269/3867 1851/3272/3867 2425/3270/3867
f 1873/3267/3868 1849/3268/3868 1851/3272/3868
f 528/1529/3869 557/2463/3869 1338/2462/3869
f 1967/1404/3870 1289/679/3870 646/1195/3870
f 764/1236/3871 765/1238/3871 1944/3275/3871
f 645/1197/3872 1171/681/3872 1971/683/3872
f 1882/3277/3873 1213/1204/3873 1970/1203/3873
f 1350/3279/3874 843/3439/3874 1339/3280/3874
f 1939/3274/3875 646/1195/3875 764/1236/3875
f 2220/3282/3876 1867/3259/3876 1842/1650/3876
f 1881/3283/3877 1857/4985/3877 2191/3284/3877
f 1173/3265/3878 1846/3264/3878 1850/3286/3878
f 1855/1202/3879 1853/1234/3879 1945/1233/3879
f 1868/3289/3880 1871/3266/3880 1847/1645/3880
f 1883/3290/3881 1859/763/3881 1982/2385/3881
f 1893/3292/3882 1891/3449/3882 2087/3293/3882
f 2073/3295/3883 1894/3673/3883 1896/3296/3883
f 1892/3298/3884 1894/3673/3884 2073/3295/3884
f 1895/3300/3885 1893/3292/3885 2088/3294/3885
f 2087/3293/3886 1891/3449/3886 1890/3302/3886
f 911/3304/3887 579/3343/3887 1868/3305/3887
f 913/3307/3888 1866/4986/3888 1845/3308/3888
f 1870/3310/3889 1869/3309/3889 1845/3308/3889
f 921/3312/3890 1872/4112/3890 1871/3313/3890
f 1874/3315/3891 915/4987/3891 1873/3316/3891
f 2504/3318/3892 901/3321/3892 1875/3319/3892
f 895/3317/1788 1873/3316/1788 1875/3319/1788
f 1852/3322/1789 1876/4111/1789 1853/3323/1789
f 2505/3325/3893 1878/3331/3893 1854/3326/3893
f 1877/3324/3894 1853/3323/3894 1855/3328/3894
f 1296/3330/3895 1880/3344/3895 1854/3326/3895
f 854/3332/3896 1858/3339/3896 1882/3333/3896
f 855/3335/3897 1883/4988/3897 1884/3336/3897
f 1885/3338/3898 1213/3342/3898 1882/3333/3898
f 1874/3340/3899 1870/3310/3899 1173/3311/3899
f 1885/3338/3900 1879/3329/3900 1855/3328/3900
f 1292/3314/3901 1871/3313/3901 1868/3305/3901
f 1296/3330/3902 801/3337/3902 1884/3336/3902
f 1952/3345/3903 1951/3779/3903 1864/3346/3903
f 1960/3347/3904 1898/2461/3904 1899/1138/3904
f 1960/3347/3905 1963/3349/3905 1897/2469/3905
f 1963/3349/3906 1952/3345/3906 1865/1389/3906
f 1890/3302/3907 1889/3369/3907 2090/3350/3907
f 2114/3351/3908 2072/4989/3908 1896/3352/3908
f 2082/3354/3909 1895/3737/3909 1887/3355/3909
f 1956/3357/3910 1959/4990/3910 1886/3358/3910
f 1959/3360/1801 1965/3348/1801 1899/1138/1801
f 1951/3361/3911 2114/3351/3911 1888/3353/3911
f 2222/3363/3912 911/4991/3912 1867/3364/3912
f 1954/3366/3913 1956/3787/3913 1862/3367/3913
f 1889/3369/3914 1892/3298/3914 2089/3299/3914
f 2124/3370/3915 1887/3766/3915 1863/3371/3915
f 854/3373/3916 1881/4992/3916 2221/3374/3916
f 2225/3376/3917 2224/3870/3917 801/3377/3917
f 2222/3363/3918 855/4993/3918 801/3379/3918
f 2226/3381/3919 2225/3376/3919 1296/3378/3919
f 2519/3383/3920 2226/3381/3920 1878/3382/3920
f 2228/3385/1819 2227/3864/1819 1852/3386/1819
f 2228/3385/3921 1877/3387/3921 1879/3388/3921
f 2229/3389/3922 1879/3388/3922 1885/3390/3922
f 2231/3392/3923 2230/3391/3923 1885/3390/3923
f 913/3394/3924 1869/4994/3924 2231/3395/3924
f 1558/3397/3925 1900/2839/3925 1901/2499/3925
f 1565/3399/3926 1903/2505/3926 1902/2477/3926
f 1567/3401/3927 1539/3398/3927 1901/2499/3927
f 1567/3401/3928 1904/3402/3928 1905/3403/3928
f 1578/3405/3929 1541/3400/3929 1902/2477/3929
f 1565/3399/3930 1602/3407/3930 1907/3406/3930
f 1558/3397/3931 1605/3404/3931 1905/3403/3931
f 1578/3405/3932 1906/2896/3932 1907/3406/3932
f 1915/3408/3933 1911/4995/3933 1910/3409/3933
f 1909/3411/3934 1912/4996/3934 1913/3412/3934
f 1567/3414/3935 1605/4997/3935 1913/3415/3935
f 1565/3417/3936 1541/2899/3936 1910/3418/3936
f 1605/3420/3937 1558/4998/3937 1908/3421/3937
f 1541/3423/3938 1578/4999/3938 1914/3424/3938
f 1567/3426/3939 1912/5000/3939 1909/3427/3939
f 1539/3429/3940 1909/5001/3940 1908/3430/3940
f 1973/3432/3941 1351/3281/3941 809/3433/3941
f 1972/3435/3942 1350/3279/3942 1351/3281/3942
f 1856/3436/3943 834/3679/3943 656/3437/3943
f 1355/3438/3944 1856/3436/3944 1339/3280/3944
f 655/3440/1844 836/3686/1844 1977/3441/1844
f 1978/3443/3945 836/3686/3945 655/3440/3945
f 654/3442/3946 1977/3441/3946 1976/3445/3946
f 1979/3447/3947 1978/3443/3947 841/3444/3947
f 1891/3449/3948 1972/3435/3948 1973/3432/3948
f 656/3437/3949 834/3679/3949 1860/3450/3949
f 534/3452/1850 563/3680/1850 1355/3438/1850
f 835/3434/3950 809/3433/3950 1352/3453/3950
f 564/3455/3951 562/3456/3951 1350/3279/3951
f 656/3437/3952 1340/3451/3952 1352/3453/3952
f 562/3456/3953 534/3452/3953 843/3439/3953
f 2083/3457/3954 534/3452/3954 562/3456/3954
f 2084/3459/3955 563/3680/3955 534/3452/3955
f 2082/3460/3956 564/3455/3956 1893/3292/3956
f 2092/3461/3957 2093/3689/3957 565/3462/3957
f 2074/3464/3958 1979/3447/3958 533/3448/3958
f 1948/3466/3959 2063/3513/3959 2064/3467/3959
f 2003/3469/3960 2045/4110/3960 2027/3470/3960
f 1985/3472/3961 2048/3518/3961 2042/3473/3961
f 1916/3475/3962 1937/5002/3962 2071/3476/3962
f 1922/3478/3963 2067/3531/3963 2268/3479/3963
f 1997/3481/3964 2046/5003/3964 2012/3482/3964
f 1983/3474/3965 2042/3473/3965 2069/3484/3965
f 1949/3486/3966 1917/5004/3966 1171/2318/3966
f 2031/3489/3967 1996/5005/3967 1999/3483/3967
f 1999/3483/3968 2012/3482/3968 2515/3488/3968
f 1969/3490/3969 2069/5006/3969 2038/3491/3969
f 1950/3493/3970 2068/5007/3970 2061/3494/3970
f 1997/3496/3971 1998/3510/3971 2053/3497/3971
f 1995/3499/3972 2032/3503/3972 2070/3500/3972
f 1996/3502/3973 2031/5008/3973 2032/3503/3973
f 2007/3504/3974 2005/3529/3974 2051/3505/3974
f 1994/3507/3975 2033/3512/3975 2572/3508/3975
f 1998/3510/3976 1953/3495/3976 2061/3494/3976
f 1989/3511/3977 2035/3947/3977 2033/3512/3977
f 1948/3466/3978 1916/3475/3978 2062/3477/3978
f 1929/3514/3979 2065/3519/3979 2571/3515/3979
f 1991/3517/3980 2049/3523/3980 2048/3518/3980
f 1921/3468/3981 2064/3467/3981 2065/3519/3981
f 1937/3520/3982 2007/3504/3982 2059/3506/3982
f 1991/3517/3983 1992/4187/3983 2030/3522/3983
f 2006/3492/3984 2038/3491/3984 2047/3524/3984
f 2261/3526/3985 1955/3949/3985 2070/3527/3985
f 2002/3471/3986 2027/3470/3986 2051/3505/3986
f 1922/3478/3987 1930/4186/3987 2066/3530/3987
f 2508/3532/3988 2004/3525/3988 2047/3524/3988
f 1950/3534/3989 1953/3585/3989 1980/694/3989
f 1969/3535/3990 1982/3588/3990 1918/3536/3990
f 1950/3534/3991 1981/3273/3991 2258/3538/3991
f 1985/3540/3992 1983/3537/3992 1918/3536/3992
f 1948/3542/3993 1921/3555/3993 1986/3543/3993
f 1930/3545/3994 1922/3946/3994 1984/3546/3994
f 2261/3548/3995 1989/3559/3995 1925/3549/3995
f 1992/3551/3996 1991/3583/3996 1927/3552/3996
f 1929/3554/3997 1993/4185/3997 1986/3543/3997
f 1930/3545/3998 1988/3547/3998 2561/3556/3998
f 1994/3558/3999 1933/4184/3999 1925/3549/3999
f 2564/3560/4000 1992/3551/4000 1934/3553/4000
f 1995/3562/4001 1957/2453/4001 1958/3563/4001
f 1997/3565/4002 1961/2467/4002 1962/695/4002
f 1964/1141/4003 1999/3567/4003 1996/3564/4003
f 1996/3564/1903 1958/3563/1903 2506/1275/1903
f 1999/3567/4004 1964/1141/4004 1961/2467/4004
f 1937/3568/4005 1916/3584/4005 2000/3569/4005
f 2003/3571/4006 2002/3576/4006 1945/3572/4006
f 2003/3571/4007 1942/3573/4007 2507/3574/4007
f 2002/3576/4008 2005/3586/4008 1941/3577/4008
f 2006/3578/4009 2004/4109/4009 1938/3579/4009
f 1937/3568/4010 2001/3570/4010 1970/3581/4010
f 1985/3540/4011 1946/3541/4011 1927/3552/4011
f 1948/3542/4012 1987/3544/4012 2000/3569/4012
f 1953/3585/4013 1998/3566/4013 1962/695/4013
f 2007/3582/4014 1970/3581/4014 1941/3577/4014
f 1955/3587/4015 1990/2454/4015 1957/2453/4015
f 1969/3535/4016 2006/3578/4016 1966/3580/4016
f 2023/3589/1917 2052/3590/1917 2399/3590/1917
f 2265/3591/4017 2025/3614/4017 2013/3592/4017
f 2607/3594/1025 2608/3607/1025 2050/3595/1025
f 2026/3597/4018 2025/3614/4018 2043/3598/4018
f 2022/3596/1025 2050/3595/1025 2051/3600/1025
f 2567/3602/4019 2026/3597/4019 2044/3599/4019
f 2024/3604/1921 2023/3589/1921 2394/3589/1921
f 2036/3605/1025 2055/3612/1025 2054/3606/1025
f 2608/3607/1025 2054/3606/1025 2056/3608/1025
f 2050/3595/1025 2056/3608/1025 2059/3609/1025
f 2569/3603/4020 2044/3599/4020 2057/3610/4020
f 2052/3590/1025 2060/3621/1025 2055/3612/1025
f 2266/3613/4021 2043/3598/4021 2025/3614/4021
f 2054/3606/1025 2055/3612/1025 2064/3615/1025
f 2054/3606/1025 2063/3616/1025 2062/3617/1025
f 2056/3608/1025 2062/3617/1025 2071/3618/1025
f 2570/3611/1025 2057/3610/1025 2066/3619/1025
f 2060/3621/1025 2065/4181/1025 2064/3615/1025
f 2267/3622/4022 2061/3936/4022 2068/3623/4022
f 2014/3625/1025 2038/3665/1025 2069/3626/1025
f 2019/3628/1025 2014/3625/1025 2042/3627/1025
f 2049/3630/1025 2010/3663/1025 2019/3628/1025
f 2029/3631/1025 2010/3663/1025 2049/3630/1025
f 2568/3633/1025 2029/3631/1025 2030/3632/1025
f 2035/3635/4023 2016/3659/4023 2034/3636/4023
f 2267/3622/4024 2058/4714/4024 2043/3598/4024
f 2401/3638/4025 2023/4089/4025 2024/3639/4025
f 2521/3641/4026 2510/4108/4026 2017/3642/4026
f 2400/3644/4027 2026/3597/4027 2567/3602/4027
f 2041/3646/1025 2022/3596/1025 2027/3601/1025
f 2400/3644/4028 2013/3592/4028 2025/3614/4028
f 2040/3648/1025 2607/3594/1025 2022/3596/1025
f 2018/3649/4029 2024/3604/4029 2607/3594/4029
f 2514/3650/1025 2401/4180/1025 2018/3649/1025
f 2575/3652/2384 2009/3653/2384 2405/3653/2384
f 2511/3654/1025 2041/3646/1025 2045/3647/1025
f 2509/3656/4030 2510/5009/4030 2013/3592/4030
f 2513/3657/1025 2040/3648/1025 2041/3646/1025
f 2263/3658/4031 2017/4106/4031 2016/3659/4031
f 2018/3649/4032 2040/3648/4032 2393/3648/4032
f 2264/3660/1025 2016/3659/1025 2035/3635/1025
f 2029/3631/4033 2403/4095/4033 2011/3662/4033
f 2034/3636/4034 2402/3668/4034 2566/3664/4034
f 2038/3665/1025 2014/3625/1025 2015/3666/1025
f 2016/3659/4035 2017/4106/4035 2402/3668/4035
f 2014/3625/1025 2019/3628/1025 2028/3669/1025
f 2028/3669/1939 2391/3669/1939 2530/3657/1939
f 1351/3281/4036 1339/3280/4036 656/3437/4036
f 1345/3670/4037 2085/3678/4037 2080/3671/4037
f 1894/3673/4038 1975/3676/4038 2076/3674/4038
f 2075/3675/4039 2098/3685/4039 1979/3447/4039
f 1353/3672/4040 2080/3671/4040 2076/3674/4040
f 1345/3670/4041 1861/3682/4041 2079/3677/4041
f 655/3440/1946 654/3442/1946 834/3679/1946
f 841/3444/4042 655/3440/4042 1856/3436/4042
f 834/3679/4043 654/3442/4043 837/3446/4043
f 533/3448/4044 841/3444/4044 1355/3438/4044
f 1860/3450/4045 837/3446/4045 653/3681/4045
f 1340/3451/4046 1345/3670/4046 1353/3672/4046
f 1352/3453/4047 1353/3672/4047 1975/3676/4047
f 1860/3450/1953 1861/3682/1953 1345/3670/1953
f 837/3446/4048 1976/3445/4048 565/3462/4048
f 2097/3683/4049 1976/3445/4049 1977/3441/4049
f 653/3681/4050 2078/3690/4050 2079/3677/4050
f 2082/3460/4051 2086/3458/4051 562/3456/4051
f 2084/3459/4052 2077/3465/4052 533/3448/4052
f 564/3455/4053 1972/3435/4053 1891/3449/4053
f 835/3434/4054 1974/3454/4054 1892/3298/4054
f 1973/3432/4055 835/3434/4055 1889/3369/4055
f 1892/3298/4056 1974/3454/4056 1975/3676/4056
f 2098/3685/4057 2096/3688/4057 1978/3443/4057
f 2095/3684/1964 1977/3441/1964 836/3686/1964
f 2099/3463/4058 565/3462/4058 1976/3445/4058
f 2096/3688/4059 2094/3687/4059 836/3686/4059
f 653/3681/4060 565/3462/4060 2093/3689/4060
f 2101/3691/4061 2084/5010/4061 2083/3692/4061
f 2103/3694/4062 2096/3736/4062 2098/3695/4062
f 2105/3697/1970 2081/3748/1970 2088/3698/1970
f 2093/3700/4063 2092/5011/4063 2106/3701/4063
f 2102/3696/4064 2098/3695/4064 2075/3703/4064
f 2079/3705/4065 2078/3730/4065 2109/3706/4065
f 2104/3699/1970 2088/3698/1970 2087/3708/1970
f 2085/3710/4066 2079/3705/4066 2110/3707/4066
f 2092/3712/1992 2099/3746/1992 2113/3713/1992
f 2073/3715/4067 2072/3755/4067 2114/3716/4067
f 2117/3718/4068 2095/5012/4068 2094/3719/4068
f 2077/3721/4069 2084/5010/4069 2101/3691/4069
f 2080/3723/4070 2085/5013/4070 2112/3724/4070
f 2120/3726/4071 2076/3741/4071 2080/3723/4071
f 2122/3727/4072 2090/3745/4072 2089/3728/4072
f 2078/3730/4073 2093/3700/4073 2107/3702/4073
f 2108/3731/4074 2075/5014/4074 2074/3732/4074
f 2086/3734/4075 2082/3354/4075 2124/3356/4075
f 2116/3720/4076 2094/3719/4076 2096/3736/4076
f 1895/3737/4077 2081/5015/4077 2105/3738/4077
f 2111/3709/1970 2087/3708/1970 2091/3739/1970
f 1888/3353/4078 1896/3352/4078 2076/3741/4078
f 2097/3742/4079 2095/5016/4079 2117/3743/4079
f 2121/3729/4080 2089/3728/4080 2073/3715/4080
f 2083/3692/4081 2086/3734/4081 2125/3735/4081
f 2126/3740/4082 2091/3739/4082 2090/3745/4082
f 2099/3746/4083 2097/3742/4083 2127/3744/4083
f 2123/3733/4084 2074/3732/4084 2077/3721/4084
f 1995/3747/4085 2088/3698/4085 2081/3748/4085
f 1996/3750/4086 2087/3708/4086 2088/3698/4086
f 1999/3751/4087 2091/3739/4087 2087/3708/4087
f 1997/3752/4088 2090/3745/4088 2091/3739/4088
f 1998/3753/4089 2089/3728/4089 2090/3745/4089
f 1953/3754/4090 2073/3715/4090 2089/3728/4090
f 1953/3754/4091 1950/5017/4091 2072/3755/4091
f 1919/3756/4092 2123/3733/4092 2118/3722/4092
f 1971/3758/4093 2113/3781/4093 2127/3759/4093
f 1965/3348/4094 2126/3740/4094 2122/3727/4094
f 1935/3761/4095 2100/3693/4095 2125/3735/4095
f 1963/3349/4096 2121/3729/4096 2115/3717/4096
f 1940/3760/4097 2127/3759/4097 2117/3763/4097
f 1864/3362/4098 1888/3353/4098 2120/3726/4098
f 2111/3709/2008 2126/3740/2008 1965/3348/2008
f 1887/3766/4099 2105/5018/4099 1954/3767/4099
f 2116/3720/4100 2103/3694/4100 1939/3768/4100
f 1932/3770/4101 2125/5019/4101 2124/3370/4101
f 1968/3771/4102 2108/3731/4102 2123/3733/4102
f 2109/3772/4103 2107/3791/4103 1917/3773/4103
f 1960/3347/4104 2122/3727/4104 2121/3729/4104
f 2120/3726/4105 2119/3725/4105 1931/3775/4105
f 2119/3725/4106 2112/3724/4106 1928/3776/4106
f 1947/3757/4107 2118/3722/4107 2101/3691/4107
f 1944/3778/4108 2117/3718/4108 2116/3720/4108
f 1952/3345/4109 2115/3717/4109 2114/3716/4109
f 1936/3780/4110 2106/5020/4110 2113/3781/4110
f 2112/3782/4111 2110/3788/4111 1920/3783/4111
f 2104/3785/2008 2111/5021/2008 1959/3786/2008
f 2110/3788/4112 2109/3772/4112 1949/3774/4112
f 2102/3696/4113 2108/3704/4113 1968/3789/4113
f 2107/3791/4114 2106/5022/4114 1936/3792/4114
f 1954/3366/2008 2105/5023/2008 2104/3785/2008
f 2103/3694/4115 2102/3696/4115 1967/3790/4115
f 1926/3777/4116 2101/3691/4116 2100/3693/4116
f 2304/3793/4117 2160/4971/4117 2156/3084/4117
f 2305/3795/4118 2301/3984/4118 2157/3086/4118
f 2300/3794/4119 2156/3084/4119 2159/3085/4119
f 2524/3797/4120 2302/3798/4120 2158/3079/4120
f 2302/3798/2032 2303/3796/2032 2159/3085/2032
f 2140/3799/4121 2155/3986/4121 1463/1704/4121
f 2141/2694/4122 2154/1703/4122 2275/3800/4122
f 2298/3802/4123 2153/2366/4123 2148/2177/4123
f 2289/3804/4124 2297/3814/4124 2152/1757/4124
f 2153/3805/4125 2161/3987/4125 1762/3806/4125
f 2151/2258/4126 2160/2260/4126 2304/3808/4126
f 2295/3810/4127 2150/1756/4127 2147/2218/4127
f 857/1508/4128 2149/3826/4128 2130/3811/4128
f 2293/3803/4129 2148/2177/4129 2129/2176/4129
f 2297/3814/4130 2274/3979/4130 2146/3815/4130
f 2288/3816/4131 2142/1753/4131 2150/1756/4131
f 2289/3804/4132 2143/1754/4132 2518/1755/4132
f 2290/3818/4133 2144/1752/4133 2142/1753/4133
f 2291/3819/4134 2145/4105/4134 2144/1752/4134
f 2154/1703/4135 2131/1702/4135 2278/3820/4135
f 1463/1704/4136 2155/3986/4136 2128/3821/4136
f 2276/3823/4137 2129/4797/4137 2137/1510/4137
f 2296/3825/4138 2294/2180/4138 2149/3826/4138
f 2278/3827/4139 2131/1505/4139 2139/1506/4139
f 2279/3829/4140 2132/1502/4140 2135/1503/4140
f 2280/3831/4141 2133/1499/4141 2232/1501/4141
f 2281/3833/4142 2134/4795/4142 2130/1496/4142
f 2281/3835/4143 2282/3830/4143 2135/1503/4143
f 2283/3836/4144 2136/5024/4144 2133/1499/4144
f 2284/3824/4145 2137/1510/4145 2136/1488/4145
f 2272/3838/4146 2285/3854/4146 2138/1470/4146
f 2306/3839/4147 2286/3828/4147 2139/1506/4147
f 2273/3840/4148 2140/1251/4148 2146/1250/4148
f 858/3842/4149 2141/3988/4149 2147/2218/4149
f 1765/3843/2062 1743/5025/2062 1757/3844/2062
f 2491/3845/4150 1679/3848/4150 1766/3846/4150
f 1763/3847/4151 1777/3151/4151 1766/3846/4151
f 1516/2742/2065 1777/2741/2065 1763/3847/2065
f 1516/3850/2065 1455/3849/2065 1450/3851/2065
f 2306/3839/2059 2233/1468/2059 2132/3852/2059
f 2307/3832/4152 2232/1501/4152 2138/1470/4152
f 2223/3375/4153 2231/5026/4153 1858/3855/4153
f 1869/3857/4154 1870/3861/4154 2230/3858/4154
f 1874/3860/4155 2229/5027/4155 2230/3858/4155
f 895/3862/4156 2228/3385/4156 2229/3389/4156
f 895/3862/1819 901/4104/1819 2227/3864/1819
f 2504/3865/4157 921/3866/4157 2226/3381/4157
f 921/3866/4158 1292/3869/4158 2225/3376/4158
f 911/3867/4159 2222/3363/4159 2224/3380/4159
f 1292/3869/4160 579/5028/4160 2224/3870/4160
f 2223/3396/4161 2221/5029/4161 1866/3871/4161
f 855/3873/4162 2222/3363/4162 2220/3365/4162
f 2221/3285/4163 2191/3284/4163 1844/3261/4163
f 1883/3290/4164 2220/3282/4164 2190/1433/4164
f 1904/3402/1590 2215/2536/1590 2219/2822/1590
f 2217/2859/4165 2218/2908/4165 1907/3406/4165
f 2213/2857/1561 2217/2859/1561 1571/2885/1561
f 2216/2821/4166 2212/1542/4166 1562/2578/4166
f 2218/2908/4167 2214/2551/4167 1903/2505/4167
f 2219/2822/4168 2216/2821/4168 1536/2887/4168
f 808/2666/4169 2164/2796/4169 2209/2797/4169
f 1441/3878/4170 2206/2790/4170 2210/2791/4170
f 2207/2789/4171 2211/2788/4171 1503/1658/4171
f 2163/2786/4172 2208/2785/4172 1492/2649/4172
f 2209/2760/4173 2211/2759/4173 1511/3881/4173
f 1492/3882/4174 2208/2732/4174 2210/2734/4174
f 2166/2579/4175 2213/2580/4175 1563/3883/4175
f 2167/2550/4176 2214/2551/4176 1566/3885/4176
f 2168/1429/4177 2215/2536/4177 1904/3402/4177
f 2201/2344/4178 2205/1990/4178 1324/3886/4178
f 2198/2205/4179 2204/1982/4179 1238/3888/4179
f 739/3890/1190 2195/2072/1190 2201/2074/1190
f 2194/2066/1187 2200/2065/1187 1107/3892/1187
f 2197/2011/1168 2203/2010/1168 1109/1998/1168
f 860/3895/1164 2196/1997/1164 2202/1999/1164
f 2205/1990/4180 2199/1989/4180 1080/3897/4180
f 1103/3898/4181 2202/1985/4181 2198/1987/4181
f 1238/3888/4179 2204/1982/4179 2200/1984/4179
f 2203/1963/4182 2199/1962/4182 1079/3901/4182
f 861/1765/4183 2197/1785/4183 2193/1500/4183
f 871/1780/1072 2196/1784/1072 2192/1469/1072
f 833/1782/1067 2195/1774/1067 2178/1375/1067
f 738/1768/1067 2194/1772/1067 2177/1374/1067
f 2165/1423/4184 2212/1542/4184 1555/3903/4184
f 2232/1501/4185 2193/1500/4185 996/1779/4185
f 2132/3904/4186 2233/5030/4186 2192/3905/4186
f 2183/795/4187 2191/1458/4187 1857/672/4187
f 588/3907/4188 2170/3916/4188 2190/3908/4188
f 2166/3909/918 2181/5031/918 577/3910/918
f 2168/1429/4189 2163/1428/4189 575/824/4189
f 574/3911/914 2162/1421/914 2165/1423/914
f 2164/1419/4190 2167/1418/4190 584/806/4190
f 2270/1416/4191 2169/1415/4191 587/3913/4191
f 660/3915/4192 2176/3924/4192 2170/3916/4192
f 2346/1413/4193 2171/1394/4193 591/3917/4193
f 644/3918/4194 2174/1393/4194 2172/1411/4194
f 2171/1394/898 2173/1392/898 643/3920/898
f 643/3920/897 2173/1392/897 2174/1393/897
f 2169/1385/4195 2175/1384/4195 659/3921/4195
f 2538/3923/4196 2573/5032/4196 2176/3924/4196
f 2520/1376/4197 2178/1375/4197 1001/1808/4197
f 1009/1313/890 2177/1374/890 2179/1372/890
f 784/1315/4198 2179/1372/4198 2180/1373/4198
f 2574/977/4199 2189/796/4199 829/1434/4199
f 802/3926/4200 2182/798/4200 2188/975/4200
f 2186/3927/4201 2187/3930/4201 825/3928/4201
f 2184/787/4202 2186/3927/4202 824/1395/4202
f 2242/755/4203 2271/799/4203 2182/798/4203
f 2189/796/4204 2183/795/4204 803/1461/4204
f 2347/785/4205 2184/787/4205 804/1398/4205
f 2187/3930/4206 2185/3961/4206 805/1409/4206
f 2162/1421/4207 2271/799/4207 2242/755/4207
f 577/3931/4208 2181/1431/4208 2270/1416/4208
f 2032/3932/4209 2264/3660/4209 2269/3661/4209
f 2031/3934/4210 2263/3658/4210 2264/3660/4210
f 2515/3935/4211 2521/4103/4211 2263/3658/4211
f 2061/3936/4212 2267/3622/4212 2266/3613/4212
f 2267/3938/1025 2268/5033/1025 2067/3939/1025
f 2053/3941/4213 2266/5034/4213 2265/3942/4213
f 2046/3944/4214 2265/3591/4214 2262/3593/4214
f 1955/3587/4215 2261/3548/4215 2259/3550/4215
f 2260/3539/4216 2258/3538/4216 1984/3546/4216
f 2261/3526/4217 2269/3528/4217 2035/3947/4217
f 2260/3480/4218 2268/3479/4218 2068/3948/4218
f 1837/3186/1744 2257/3176/1744 2255/3228/1744
f 1833/3175/1743 2256/3178/1743 2254/3222/1743
f 1663/3203/4219 2250/3227/4219 2255/3228/4219
f 1700/3065/4220 2249/3038/4220 2254/3222/4220
f 1835/3174/1704 2257/3176/1704 2256/3178/1704
f 1643/3011/4221 1758/3131/4221 2253/3950/4221
f 1661/3008/1641 2252/3004/1641 2251/3121/1641
f 1701/3031/4222 2249/3038/4222 2248/3002/4222
f 2474/3010/2146 1643/3011/2146 2247/3129/2146
f 1662/3009/4223 2248/3002/4223 2252/3004/4223
f 558/768/4224 2245/2099/4224 2235/2100/4224
f 2244/2090/4225 2234/2089/4225 1120/3952/4225
f 2181/1431/4226 800/2308/4226 2243/983/4226
f 1248/3953/4227 2246/1307/4227 2253/1309/4227
f 2244/1290/4228 2251/1289/4228 1739/3954/4228
f 800/2308/4229 1990/665/4229 2259/3956/4229
f 595/808/4230 596/868/4230 2241/3957/4230
f 574/3911/4231 595/808/4231 2240/3958/4231
f 625/3959/4232 626/830/4232 2239/886/4232
f 519/833/4233 625/836/4233 2238/883/4233
f 577/3910/4234 2237/5035/4234 2239/886/4234
f 574/3911/4235 2236/797/4235 2271/799/4235
f 1248/699/4236 1127/701/4236 2245/2099/4236
f 596/3960/4237 1120/865/4237 2234/764/4237
f 806/2445/4238 2242/755/4238 2258/757/4238
f 2185/3961/4239 2307/3832/4239 2285/3854/4239
f 592/3962/4240 2172/5036/4240 2306/3963/4240
f 568/1475/4241 2273/3840/4241 2274/3841/4241
f 2172/1411/4242 823/774/4242 2286/3828/4242
f 931/1410/4243 805/1409/4243 2285/3854/4243
f 635/3966/4244 2284/3824/4244 2283/3837/4244
f 636/3968/4245 2283/5037/4245 2280/3969/4245
f 624/3971/4246 623/3975/4246 2282/3972/4246
f 1144/3973/4247 624/3971/4247 2281/3833/4247
f 594/3970/4248 2280/3969/4248 2307/3974/4248
f 623/3975/4249 592/3962/4249 2279/3964/4249
f 936/3976/4250 2278/3827/4250 2286/3828/4250
f 1243/2120/4251 571/2178/4251 2294/2180/4251
f 1139/3977/4252 2276/3823/4252 2284/3824/4252
f 2275/3800/4253 2278/3820/4253 936/3978/4253
f 958/1745/4254 972/1748/4254 2291/3819/4254
f 958/1745/4255 2290/3818/4255 2288/3816/4255
f 957/2354/4256 2289/3804/4256 2523/3817/4256
f 1310/1713/4257 956/4812/4257 2274/3979/4257
f 567/2111/4258 2293/3803/4258 2276/3813/4258
f 2296/3809/4259 2304/3808/4259 1748/3981/4259
f 957/2354/4260 1310/1713/4260 2297/3814/4260
f 1329/2113/4261 2298/3802/4261 2293/3803/4261
f 2287/3801/4262 2275/3800/4262 1469/1672/4262
f 1696/3052/2032 1717/2993/2032 2303/3796/2032
f 2480/3053/4263 1696/3052/4263 2302/3798/4263
f 1716/3097/4264 2300/3794/4264 2303/3796/4264
f 1745/3983/4265 1697/3095/4265 2301/3984/4265
f 1748/3985/4266 2304/3793/4266 2300/3794/4266
f 2273/2712/4267 2299/1663/4267 2155/3986/4267
f 2153/3805/4268 2298/2310/4268 2305/2312/4268
f 2294/2180/4269 2277/2179/4269 2130/3811/4269
f 2155/3986/4270 2299/1663/4270 2272/1665/4270
f 2287/1135/4271 2292/1134/4271 2147/2218/4271
f 2387/3989/4272 2347/785/4272 2317/3929/4272
f 2386/3991/4273 2346/1413/4273 2312/791/4273
f 2345/3179/4274 2343/4084/4274 1802/3993/4274
f 2384/3994/4275 2344/3181/4275 2342/3246/4275
f 2385/3249/3814 2345/3179/3814 2344/3181/3814
f 2376/3995/2245 2380/4004/2245 2340/2968/2245
f 1687/3996/4276 2337/3047/4276 2342/3246/4276
f 2377/3060/4277 2337/3047/4277 2525/3049/4277
f 2378/3999/4278 2338/3040/4278 2343/3042/4278
f 2378/4001/4279 2376/3995/4279 2336/3123/4279
f 2375/4002/4280 2335/2994/4280 2341/2996/4280
f 2380/4004/4281 2379/4012/4281 2339/2430/4281
f 2363/4005/4282 2319/2710/4282 2334/1671/4282
f 2331/4007/1025 2333/4009/1025 1460/4008/1025
f 572/1299/4283 2319/4085/4283 2324/2219/4283
f 2333/4009/1025 2330/4086/1025 927/1667/1025
f 570/2126/607 2326/4087/607 2309/4010/607
f 2326/2431/4284 2339/2430/4284 2379/4012/4284
f 2373/4014/607 2329/2394/607 2325/2106/607
f 2365/4016/4285 2372/4023/4285 2328/1709/4285
f 2368/2653/4286 2371/4022/4286 2327/1729/4286
f 2325/2106/607 2308/2105/607 2352/4017/607
f 2367/4018/1025 2323/4102/1025 2322/1743/1025
f 2366/4019/1025 2322/1743/1025 2320/1728/1025
f 2365/4016/1025 2321/1730/1025 2526/1731/1025
f 2371/4022/4287 2364/4020/4287 2320/1728/4287
f 2372/4023/4288 2350/4065/4288 2332/4024/4288
f 2351/4006/4289 2334/1671/4289 2310/1670/4289
f 2386/3991/4290 2362/5038/4290 2318/1412/4290
f 2348/4026/4291 2361/3990/4291 2317/3929/4291
f 2349/4027/4292 2331/1354/4292 2332/1355/4292
f 1330/4029/4293 2329/4088/4293 2341/4030/4293
f 2359/4032/4294 2360/4048/4294 2316/4033/4294
f 2359/4032/4295 2315/4034/4295 2311/905/4295
f 2358/4036/4296 2314/793/4296 2313/4037/4296
f 2357/4039/4297 2313/895/4297 2309/897/4297
f 2358/4036/4298 2356/3992/4298 2312/791/4298
f 2355/4035/2869 2311/905/2869 2347/785/2869
f 2360/4041/4299 2352/5039/4299 2308/4042/4299
f 2362/4043/4300 2354/5040/4300 2310/770/4300
f 1431/4044/4301 2354/5040/4301 2362/4043/4301
f 1437/4046/4302 1429/5041/4302 2352/4047/4302
f 1432/4049/4303 2355/4035/4303 2387/3989/4303
f 1435/4051/4304 1433/5042/4304 2356/4052/4304
f 1430/4054/4305 1434/4055/4305 2357/4039/4305
f 1435/4051/4306 2358/4053/4306 2357/4039/4306
f 1432/4049/4307 1436/4056/4307 2359/4032/4307
f 1437/4046/4308 2360/4048/4308 2359/4032/4308
f 2349/4027/4309 2350/4028/4309 1448/4057/4309
f 1428/4058/4310 1440/4083/4310 2361/3990/4310
f 1441/4059/4311 2362/5043/4311 2386/4060/4311
f 1482/4062/4312 2351/4006/4312 2354/4025/4312
f 1454/4064/4313 1448/5044/4313 2350/4065/4313
f 1444/4066/4314 2364/4020/4314 2371/4022/4314
f 1445/4068/4315 2365/4016/4315 2527/4021/4315
f 1446/4070/4316 2366/4019/4316 2364/4020/4316
f 1446/4070/1025 1447/4101/1025 2367/4018/1025
f 2369/4015/607 2352/4017/607 1429/4071/607
f 1452/4067/4317 2371/4022/4317 2368/2653/4317
f 1445/4068/1025 1454/4064/1025 2372/4023/1025
f 1455/4072/607 2373/4014/607 2369/4015/607
f 2370/4013/4318 2379/4012/4318 1743/4073/4318
f 1443/4075/4319 2363/4005/4319 2351/4006/4319
f 1757/3844/4320 1743/5025/4320 2379/4012/4320
f 1679/3848/4321 2375/4002/4321 2381/4003/4321
f 1724/3161/4322 1698/3135/4322 2376/3995/4322
f 1724/4076/4323 2378/3999/4323 2383/4000/4323
f 1723/4078/4324 2377/3060/4324 2528/3998/4324
f 1698/3135/2245 1757/3844/2245 2380/4004/2245
f 1809/3247/3814 2385/3249/3814 2384/3994/3814
f 1808/4079/4325 2384/3994/4325 2382/3062/4325
f 1433/4080/4326 2206/5045/4326 2386/4081/4326
f 2207/4050/2222 2387/3989/2222 2361/3990/2222
f 2385/3249/4327 2383/3248/4327 2343/4084/4327
f 2337/3047/4328 2377/3060/4328 2382/3062/4328
f 2349/2680/1025 2374/2640/1025 2333/4009/1025
f 2319/4085/4329 2363/2651/4329 2368/2653/4329
f 2374/2640/1025 2348/2639/1025 2330/4086/1025
f 2326/4087/607 2370/2620/607 2353/2622/607
f 2329/4088/4330 2373/1304/4330 2381/1306/4330
f 2529/3651/4331 2392/3649/4331 2393/3648/4331
f 2390/3628/4332 2388/3663/4332 2389/3662/4332
f 2011/3662/4333 2389/3662/4333 2388/3663/4333
f 2010/3663/2256 2388/3663/2256 2390/3628/2256
f 2512/3651/2257 2018/3649/2257 2392/3649/2257
f 2028/3669/1939 2019/3628/1939 2390/3628/1939
f 2395/3604/4334 2397/3605/4334 2610/3607/4334
f 2394/4089/4335 2399/4183/4335 2397/4090/4335
f 2398/4091/4336 2037/4092/4336 2612/4092/4336
f 2036/3605/2261 2608/3607/2261 2610/3607/2261
f 2036/3605/2262 2397/3605/2262 2399/3590/2262
f 2024/3604/2263 2395/3604/2263 2609/3594/2263
f 2575/3652/4337 2008/4098/4337 2400/3644/4337
f 2531/4093/4338 2020/4100/4338 2402/3668/4338
f 2576/4094/4339 2039/4097/4339 2403/4095/4339
f 2009/3653/4340 2401/4180/4340 2514/3650/4340
f 2534/4096/4341 2407/4097/4341 2411/4097/4341
f 2532/4096/4342 2039/4097/4342 2407/4097/4342
f 2531/4093/4343 2008/4098/4343 2404/4098/4343
f 2020/4100/4344 2406/4100/4344 2578/4094/4344
f 2579/3652/4345 2409/3653/4345 2591/3653/4345
f 2404/4098/4346 2408/4098/4346 2535/4099/4346
f 2406/4100/4347 2410/4100/4347 2580/4094/4347
f 2577/3652/4348 2405/3653/4348 2409/3653/4348
f 2533/4099/4349 2535/4099/4349 2410/4100/4349
f 2411/4097/2277 2595/4097/2277 2596/4096/2277
f 2020/4100/4350 2531/4093/4350 2533/4099/4350
f 2009/3653/4351 2532/4096/4351 2534/4096/4351
f 2405/3653/4352 2534/4096/4352 2536/4096/4352
f 2532/4096/4353 2514/3650/4353 2403/4095/4353
f 2008/4098/4354 2531/4093/4354 2509/3656/4354
f 2011/3662/2257 2512/3651/2257 2529/3651/2257
f 2391/3669/4355 2389/3662/4355 2529/3651/4355
f 2491/3845/2199 2528/3998/2199 2375/4002/2199
f 2471/4069/4356 2527/4021/4356 2367/4018/4356
f 2367/4018/4357 2527/4021/4357 2526/1731/4357
f 2528/3998/1654 2525/3049/1654 2335/2994/1654
f 1697/3095/4358 2480/3053/4358 2524/3797/4358
f 2438/1727/4359 2523/3817/4359 2291/3819/4359
f 2474/3010/2147 2522/3005/2147 2250/3227/2147
f 2012/3945/4360 2262/3593/4360 2521/4103/4360
f 2180/1373/4361 2520/1376/4361 2420/1122/4361
f 901/4104/4362 2504/3865/4362 2519/3383/4362
f 1723/4078/4363 2491/3845/4363 2493/3147/4363
f 2523/3817/4364 2518/1755/4364 2145/4105/4364
f 2301/3984/2185 2524/3797/2185 2517/3082/2185
f 2513/3657/1939 2530/3657/1939 2393/3648/1939
f 2028/3669/1025 2513/3657/1025 2511/3654/1025
f 2017/4106/4365 2510/5009/4365 2509/3656/4365
f 2015/3666/1025 2511/3654/1025 2516/3655/1025
f 2403/4095/4366 2514/3650/4366 2512/3651/4366
f 2262/4107/4367 2013/5046/4367 2510/4108/4367
f 2508/3575/4368 2507/3574/4368 1938/3579/4368
f 2003/3469/4369 2508/3532/4369 2516/3533/4369
f 2227/3864/2072 2519/3383/2072 2505/3384/2072
f 1852/3322/4370 2505/3325/4370 2503/3327/4370
f 921/3312/4371 2504/3318/4371 2502/3320/4371
f 2502/3271/4372 2425/3270/4372 1848/2359/4372
f 1805/3244/1737 2501/3170/1737 2497/3200/1737
f 1796/3254/4373 2500/3238/4373 2496/3240/4373
f 1787/4115/1730 2499/3183/1730 2495/3064/1730
f 2498/3184/4374 2494/3236/4374 1816/2967/4374
f 1706/4116/4375 2482/3224/4375 2496/3226/4375
f 2483/3001/4376 2497/3200/4376 1830/4118/4376
f 2498/3184/607 2499/3183/607 1787/4115/607
f 2556/3191/607 2581/3168/607 2501/3170/607
f 2481/3157/1464 2492/3156/1464 1774/4119/1464
f 2492/3148/4377 2493/3147/4377 1766/3846/4377
f 1638/3229/842 2488/3036/842 2486/2971/842
f 2157/3086/4378 2517/3082/4378 2490/3083/4378
f 2484/3000/4379 2487/3015/4379 1721/4122/4379
f 2477/3074/4380 2494/3073/4380 1817/4123/4380
f 2478/3051/4381 2495/3064/4381 1818/2987/4381
f 2479/3048/4382 2477/3056/4382 1684/3103/4382
f 1686/3063/4383 2478/3051/4383 2480/3053/4383
f 2525/3049/4384 2479/3048/4384 1680/3100/4384
f 1638/3229/4385 1674/3026/4385 2476/3020/4385
f 1674/3026/1645 1702/3025/1645 2481/4125/1645
f 1721/4122/4386 2487/3015/4386 2489/3017/4386
f 1663/3203/607 1670/3205/607 2475/2973/607
f 2522/3005/1642 2485/2983/1642 1718/3218/1642
f 1713/3199/1640 2483/3001/1640 2484/3000/1640
f 1718/3218/4387 2485/2983/4387 2482/2985/4387
f 1635/3212/4388 2486/2971/4388 2475/2973/4388
f 2459/2764/4389 2489/2763/4389 1691/4126/4389
f 651/4127/4390 2435/2701/4390 2473/1685/4390
f 2436/2699/4391 2472/1693/4391 1475/1700/4391
f 2442/2632/1025 2471/2631/1025 1447/4129/1025
f 1381/4130/4392 2467/2532/4392 2470/2575/4392
f 1390/4132/4393 2466/2560/4393 2463/2531/4393
f 1395/4133/4394 2469/2558/4394 2466/2560/4394
f 1379/2520/4395 1388/2565/4395 2465/4134/4395
f 1376/2543/4396 2463/2531/4396 2467/2532/4396
f 1409/2521/4397 1379/2520/4397 2464/2548/4397
f 2461/2464/4398 2423/1208/4398 1354/2466/4398
f 2461/2388/1333 2469/2389/1333 1395/4136/1333
f 760/2373/4399 2462/2376/4399 2470/2378/4399
f 867/4138/4400 2460/2183/4400 2428/1245/4400
f 885/2168/1644 2459/2163/1644 2415/2165/1644
f 2460/2159/4401 2490/2158/4401 1730/4140/4401
f 1039/4141/1138 2432/1930/1138 2456/1929/1138
f 2458/1925/4402 2456/1924/4402 1064/4143/4402
f 1066/4144/4403 2457/1906/4403 2455/1908/4403
f 2450/1883/4404 2453/1902/4404 1049/1903/4404
f 1047/4145/4405 1055/5047/4405 2454/4146/4405
f 1053/4147/4406 1047/4145/4406 2452/1897/4406
f 2450/1883/4407 2457/1882/4407 1066/4148/4407
f 1044/1110/1113 2451/1329/1113 2458/1878/1113
f 763/4149/4408 2431/1868/4408 2455/1870/4408
f 902/4150/4409 2426/1860/4409 2447/1862/4409
f 786/1863/4410 2433/1857/4410 2448/1859/4410
f 1032/4152/1098 2449/1842/1098 2447/1844/1098
f 2448/1839/1096 2446/1838/1096 1025/1841/1096
f 740/4154/1088 2433/1819/1088 2444/1820/1088
f 2434/1818/1087 2445/1817/1087 1012/1827/1087
f 1018/4157/1085 1017/5048/1085 2444/4158/1085
f 2518/1755/4411 2441/1735/4411 977/1740/4411
f 2441/1735/1025 2443/1737/1025 978/4159/1025
f 2526/1731/1025 2437/1726/1025 971/1744/1025
f 974/4160/4412 2440/1722/4412 2438/1727/4412
f 2437/1726/1025 2439/1720/1025 973/1751/1025
f 973/1751/4413 2439/1720/4413 2440/1722/4413
f 2472/1693/4414 2416/1692/4414 942/4161/4414
f 1457/2714/1488 2473/1685/1488 2414/1687/1488
f 2434/1612/4415 2449/1611/4415 1032/4162/4415
f 2425/1603/4416 2446/1602/4416 1023/4164/4416
f 2432/1590/4417 2426/1589/4417 902/4166/4417
f 1036/1582/4418 2431/1572/4418 2415/1574/4418
f 775/4167/4419 882/1149/4419 2430/878/4419
f 876/4168/4420 2429/1525/4420 2414/1527/4420
f 2436/1484/4421 2443/1483/4421 970/4169/4421
f 839/1242/4422 2427/1193/4422 2520/1376/4422
f 744/1877/4423 2451/1329/4423 2454/1330/4423
f 650/2470/847 2462/1276/847 2506/1275/847
f 2428/1245/4424 2424/1244/4424 721/4171/4424
f 2503/1231/4425 2507/1230/4425 1942/4172/4425
f 773/1255/4426 2418/1216/4426 2465/1218/4426
f 773/1227/4427 757/4765/4427 2413/4174/4427
f 1354/2466/4428 2423/1208/4428 2417/1209/4428
f 942/1241/4429 2416/1191/4429 2427/1193/4429
f 2429/1171/4430 2468/1170/4430 1407/4175/4430
f 757/1260/800 775/4167/800 2419/1547/800
f 759/4176/4431 2435/1130/4431 2442/1132/4431
f 785/3925/783 2420/1122/783 2422/1092/783
f 766/4177/4432 793/5049/4432 2421/4178/4432
f 795/1316/4433 2422/1092/4433 2421/1094/4433
f 816/4179/4434 2412/746/4434 2430/878/4434
f 771/1159/4435 2417/1209/4435 2412/746/4435
f 2500/3238/607 2581/3168/607 2556/3191/607
f 2580/4094/4436 2594/4094/4436 2595/4097/4436
f 2404/4098/4437 2577/3652/4437 2579/3652/4437
f 2578/4094/4438 2580/4094/4438 2411/4097/4438
f 2579/3652/4439 2590/3652/4439 2593/4098/4439
f 2576/4094/4440 2578/4094/4440 2407/4097/4440
f 2576/4094/2266 2566/3664/2266 2402/3668/2266
f 2009/3653/4441 2575/3652/4441 2565/3645/4441
f 828/988/4442 2188/975/4442 2574/977/4442
f 2175/1384/4196 2573/5032/4196 2538/3923/4196
f 2568/3633/4034 2566/3664/4034 2403/4095/4034
f 2575/3652/4443 2577/3652/4443 2404/4098/4443
f 2565/3645/4444 2567/3602/4444 2023/3589/4444
f 2034/3636/4445 2568/3633/4445 2572/3634/4445
f 2060/3621/1025 2570/3611/1025 2571/3620/1025
f 2052/3590/4446 2569/3603/4446 2570/3611/4446
f 2023/4089/4447 2567/5050/4447 2569/4182/4447
f 1994/3558/4448 2564/3560/4448 2562/3561/4448
f 1929/3554/1898 2563/3557/1898 2561/3556/1898
f 2563/3516/4449 2571/3515/4449 2066/3530/4449
f 1992/4187/1875 2564/3509/1875 2572/3508/1875
f 1783/3234/1756 2560/3190/1756 2558/3208/1756
f 1804/3169/1755 2559/3256/1755 2557/3255/1755
f 2554/3110/1715 2558/3208/1715 1821/4189/1715
f 2553/3195/4450 2557/3197/4450 1824/4191/4450
f 1797/3251/607 2556/3191/607 2555/3188/607
f 1782/3187/607 2555/3188/607 2560/3190/607
f 2500/3238/607 1796/3254/607 2559/3256/607
f 2554/3110/607 2552/2380/607 1647/4192/607
f 1712/2999/607 2553/3107/607 2551/3108/607
f 3221/2745/4451 3212/2671/4451 2551/2672/4451
f 659/4194/4452 2538/2410/4452 2550/964/4452
f 830/2397/4453 1933/2396/4453 2562/4195/4453
f 3223/2437/4454 3214/2379/4454 2552/2380/4454
f 2537/2280/4455 2549/980/4455 1194/1060/4455
f 828/988/4456 2548/1462/4456 2561/1463/4456
f 830/2397/3074 2547/2398/3074 2573/1380/3074
f 1156/4198/2403 717/4199/2403 3240/4199/2403
f 716/4200/2959 2542/966/2959 2544/1052/2959
f 720/4201/4457 3242/4710/4457 3225/4202/4457
f 718/1051/2956 2544/1052/2956 3216/1044/2956
f 715/1039/4458 719/1035/4458 2545/1037/4458
f 719/1035/4459 3222/1034/4459 3218/1036/4459
f 2549/980/722 2541/982/722 686/4204/722
f 2188/975/4460 657/974/4460 2537/976/4460
f 2550/964/716 2542/966/716 716/4205/716
f 2587/4206/4461 2586/4207/4461 2601/4207/4461
f 2584/4208/4462 2600/4208/4462 2606/4209/4462
f 2585/4210/4463 2582/4211/4463 2602/4211/4463
f 2585/4210/4464 2604/4210/4464 2600/4208/4464
f 2410/4100/4465 2597/4100/4465 2594/4094/4465
f 2409/3653/4466 2536/4096/4466 2596/4096/4466
f 2535/4099/4467 2408/4098/4467 2593/4098/4467
f 2535/4099/4468 2592/4099/4468 2597/4100/4468
f 2582/4211/4469 2590/3652/4469 2591/3653/4469
f 2584/4208/4470 2592/4099/4470 2593/4098/4470
f 2586/4207/4471 2587/4206/4471 2595/4097/4471
f 2588/4213/4472 2583/4212/4472 2591/3653/4472
f 2584/4208/4473 2589/4209/4473 2597/4100/4473
f 2587/4206/4474 2588/4213/4474 2596/4096/4474
f 2582/4211/4475 2585/4210/4475 2593/4098/4475
f 2586/4207/4476 2594/4094/4476 2597/4100/4476
f 2598/4214/4477 2600/4208/4477 2604/4210/4477
f 2606/4209/4478 2600/4208/4478 2598/4214/4478
f 2605/4206/4479 2601/4207/4479 2598/4214/4479
f 2598/4215/4480 2602/4218/4480 2603/4216/4480
f 2582/4218/4481 2583/4216/4481 2603/4216/4481
f 2589/4209/4482 2606/4209/4482 2601/4207/4482
f 2587/4206/4483 2605/4206/4483 2599/4213/4483
f 2588/4217/4484 2599/4217/4484 2603/4216/4484
f 2037/4092/4485 2608/3607/4485 2607/3594/4485
f 2398/4091/4486 2396/4220/4486 2609/3594/4486
f 2021/4219/4487 2607/3594/4487 2609/3594/4487
f 2398/4091/4488 2610/3607/4488 2608/3607/4488
f 2611/4219/4489 2613/4220/4489 2614/4091/4489
f 2396/4220/4490 2398/4091/4490 2614/4091/4490
f 2396/4220/4491 2613/4220/4491 2611/4219/4491
f 2037/4092/4492 2021/4219/4492 2611/4219/4492
f 2673/4221/4493 2616/4233/4493 2618/4222/4493
f 2674/4223/4494 2618/4222/4494 2620/4224/4494
f 2620/4224/4495 2622/4227/4495 2678/4226/4495
f 2622/4227/4496 2624/4229/4496 2680/4228/4496
f 2624/4229/4497 2626/4255/4497 2682/4230/4497
f 2682/4230/4498 2626/4255/4498 2628/4231/4498
f 2616/4233/4499 2645/4253/4499 2644/4234/4499
f 2631/4235/4500 2633/4238/4500 2689/4236/4500
f 2633/4238/2449 2616/4233/2449 2673/4221/2449
f 2615/4239/2450 2625/4276/2450 2627/4240/2450
f 2638/4242/2451 2637/4269/2451 2636/4243/2451
f 2642/4245/4501 2643/4267/4501 2661/4246/4501
f 2622/4227/2455 2620/4224/2455 2646/4248/2455
f 2635/4250/4502 2634/4244/4502 2653/4251/4502
f 2633/4238/4503 2652/4261/4503 2645/4253/4503
f 2624/4229/4504 2648/4273/4504 2649/4254/4504
f 2639/4256/4505 2640/4283/4505 2659/4257/4505
f 2646/4259/2458 2644/4260/2458 2653/4260/2458
f 2645/4253/2449 2652/4261/2449 2661/4246/2449
f 2652/4261/4506 2651/4274/4506 2660/4247/4506
f 2649/4262/4507 2658/4262/4507 2659/4263/4507
f 2649/4262/4508 2648/4264/4508 2657/4264/4508
f 2647/4265/2462 2656/4265/2462 2657/4264/2462
f 2645/4266/2463 2654/4266/2463 2653/4260/2463
f 2647/4265/2464 2646/4259/2464 2655/4259/2464
f 2636/4243/2465 2655/4270/2465 2653/4251/2465
f 2643/4267/2466 2635/4250/2466 2654/4252/2466
f 2626/4255/4509 2649/4254/4509 2650/4268/4509
f 2637/4269/2468 2656/4272/2468 2655/4270/2468
f 2637/4269/2469 2638/4242/2469 2657/4271/2469
f 2622/4227/2470 2647/4249/2470 2648/4273/2470
f 2633/4238/4510 2631/4235/4510 2651/4274/4510
f 2638/4242/4511 2639/4256/4511 2658/4258/4511
f 2620/4224/2455 2618/4222/2455 2644/4234/2455
f 3201/4275/2473 3200/4692/2473 2631/4235/2473
f 2625/4276/4512 2615/4239/4512 2617/4277/4512
f 2632/4241/2450 2627/4240/2450 2629/4279/2450
f 2623/4278/2450 2617/4277/2450 2619/4281/2450
f 2635/4250/2451 2643/4267/2451 2640/4283/2451
f 2643/4267/2451 2642/4245/2451 2641/4284/2451
f 2634/4244/2476 2635/4250/2476 2639/4256/2476
f 2615/4239/4513 2662/4294/4513 2663/4285/4513
f 2617/4277/2478 2663/4285/2478 2664/4286/2478
f 2621/4282/2479 2619/4281/2479 2664/4286/2479
f 2623/4278/2480 2621/4282/2480 2665/4287/2480
f 2625/4276/4514 2623/4278/4514 2666/4288/4514
f 2627/4240/2482 2625/4276/2482 2667/4289/2482
f 2629/4279/4515 2627/4240/4515 2668/4290/4515
f 2630/4280/2484 2629/4279/2484 2669/4291/2484
f 2630/4280/2485 2670/4292/2485 2671/4293/2485
f 2632/4241/2486 2671/4293/2486 2662/4294/2486
f 2690/4295/4516 2672/4298/4516 2662/4296/4516
f 2690/4295/4517 2689/4236/4517 2673/4221/4517
f 2670/4299/4518 2688/4300/4518 2690/4295/4518
f 2688/4300/4519 2687/4237/4519 2689/4236/4519
f 2669/4301/4520 2686/4303/4520 2688/4300/4520
f 2668/4302/4521 2685/4306/4521 2686/4303/4521
f 2683/4304/4522 2685/4306/4522 2668/4302/4522
f 2682/4230/4523 2684/4232/4523 2685/4306/4523
f 2666/4307/4524 2681/4308/4524 2683/4304/4524
f 2680/4228/4525 2682/4230/4525 2683/4304/4525
f 2665/4309/4526 2679/4310/4526 2681/4308/4526
f 2679/4310/4527 2678/4226/4527 2680/4228/4527
f 2677/4311/4528 2679/4310/4528 2665/4309/4528
f 2676/4225/4529 2678/4226/4529 2679/4310/4529
f 2675/4313/4530 2677/4311/4530 2664/4312/4530
f 2674/4223/4531 2676/4225/4531 2677/4311/4531
f 2672/4298/4532 2675/4313/4532 2663/4314/4532
f 2673/4221/4533 2674/4223/4533 2675/4313/4533
f 2771/4315/2505 2692/4336/2505 2694/4316/2505
f 2772/4317/2506 2694/4316/2506 2696/4318/2506
f 2773/4320/2507 2696/5051/2507 2698/4321/2507
f 2774/4322/2508 2698/5052/2508 2700/4323/2508
f 2700/4323/4534 2702/4326/4534 2776/4325/4534
f 2702/4326/4535 2704/5053/4535 2777/4327/4535
f 2704/4328/2511 2706/4331/2511 2778/4329/2511
f 2706/4331/2512 2708/5054/2512 2779/4332/2512
f 2708/4333/4536 2710/5055/4536 2780/4334/4536
f 2780/4334/4537 2710/5055/4537 2692/4336/4537
f 2702/4337/2515 2692/5056/2515 2710/4338/2515
f 2704/4339/2515 2710/4338/2515 2708/4340/2515
f 2700/4342/2515 2698/5057/2515 2696/4343/2515
f 2694/4344/2515 2692/5056/2515 2702/4337/2515
f 2746/4345/4538 2769/4355/4538 2761/4346/4538
f 2703/4348/4539 2705/4402/4539 2758/4349/4539
f 2693/4351/4540 2695/4457/4540 2753/4352/4540
f 2746/4345/4541 2745/4412/4541 2768/4354/4541
f 2737/4356/4542 2720/4360/4542 2711/4357/4542
f 2735/4359/4543 2719/4461/4543 2720/4360/4543
f 2733/4361/2543 2718/4365/2543 2719/4362/2543
f 2731/4364/4544 2717/4462/4544 2718/4365/4544
f 2729/4366/4545 2716/4463/4545 2717/4367/4545
f 2715/4369/4546 2716/4463/4546 2729/4366/4546
f 2714/4371/4547 2715/4369/4547 2727/4370/4547
f 2713/4373/2528 2714/4464/2528 2725/4374/2528
f 2712/4376/4548 2713/4465/4548 2723/4377/4548
f 2711/4357/4549 2712/4376/4549 2721/4378/4549
f 2739/4379/2531 2722/4383/2531 2693/4380/2531
f 2739/4379/4550 2740/5058/4550 2721/4382/4550
f 2722/4383/2533 2724/4386/2533 2695/4384/2533
f 2722/4383/4551 2721/4382/4551 2723/4385/4551
f 2724/4387/2528 2726/4390/2528 2697/4388/2528
f 2724/4387/2528 2723/4375/2528 2725/4374/2528
f 2726/4390/2535 2728/4393/2535 2699/4391/2535
f 2726/4390/4552 2725/4374/4552 2727/4392/4552
f 2699/4391/4553 2728/4393/4553 2730/4394/4553
f 2728/4393/4554 2727/4392/4554 2729/4396/4554
f 2730/4397/4555 2732/4400/4555 2703/4348/4555
f 2729/4399/4556 2731/4364/4556 2732/4400/4556
f 2703/4348/2541 2732/4400/2541 2734/4401/2541
f 2731/4364/4557 2733/4361/4557 2734/4401/4557
f 2705/4402/2543 2734/4401/2543 2736/4403/2543
f 2733/4361/2543 2735/4363/2543 2736/4403/2543
f 2707/4405/2544 2736/4409/2544 2738/4406/2544
f 2735/4408/4558 2737/4410/4558 2738/4406/4558
f 2709/4407/2546 2738/4406/2546 2739/4379/2546
f 2737/4410/4559 2740/5058/4559 2739/4379/4559
f 2746/4345/4560 2741/4417/4560 2742/4411/4560
f 2745/4412/2549 2742/4411/2549 2743/4413/2549
f 2747/4347/2549 2748/4453/2549 2749/4415/2549
f 2746/4345/4561 2747/4347/4561 2750/4416/4561
f 2709/4418/4562 2760/4455/4562 2759/4419/4562
f 2745/4412/4563 2744/4414/4563 2767/4421/4563
f 2699/4422/4564 2755/4451/4564 2754/4423/4564
f 2743/4413/4565 2766/4460/4565 2767/4421/4565
f 2741/4417/4566 2750/4416/4566 2770/4425/4566
f 2701/4427/4567 2703/5059/4567 2757/4428/4567
f 2756/4430/4568 2769/5060/4568 2768/4431/4568
f 2756/4433/4569 2757/4350/4569 2761/4434/4569
f 2758/4349/4570 2762/4437/4570 2761/4434/4570
f 2759/4436/4571 2763/5061/4571 2762/4437/4571
f 2754/4438/4572 2755/4432/4572 2768/4431/4572
f 2751/4440/4573 2752/4445/4573 2765/4441/4573
f 2753/4443/4574 2754/4438/4574 2767/4439/4574
f 2752/4445/4575 2753/5062/4575 2766/4446/4575
f 2751/4440/4576 2764/4442/4576 2770/4447/4576
f 2760/4448/4577 2770/4447/4577 2763/4449/4577
f 2701/4427/4578 2756/4429/4578 2755/4451/4578
f 2747/4347/4579 2761/4346/4579 2762/4452/4579
f 2691/4454/4580 2751/4459/4580 2760/4455/4580
f 2749/4415/4581 2748/4453/4581 2762/4452/4581
f 2697/4424/4582 2754/4423/4582 2753/4352/4582
f 2741/4417/4583 2764/4426/4583 2765/4458/4583
f 2705/4402/4584 2707/4404/4584 2759/4436/4584
f 2691/4454/4585 2693/4351/4585 2752/4353/4585
f 2750/4416/4586 2749/4415/4586 2763/4456/4586
f 2742/4411/4587 2765/4458/4587 2766/4460/4587
f 2780/4334/4588 2771/4315/4588 2711/4357/4588
f 2779/4335/2578 2780/4334/2578 2720/4360/2578
f 2778/4329/2579 2779/4332/2579 2719/4362/2579
f 2717/4462/2580 2777/4330/2580 2778/4329/2580
f 2716/4463/4589 2776/4325/4589 2777/4327/4589
f 2715/4369/4590 2775/4324/4590 2776/4325/4590
f 2714/4371/2583 2774/4322/2583 2775/4324/2583
f 2713/4373/2584 2773/4320/2584 2774/4322/2584
f 2772/4317/2585 2773/4319/2585 2713/4465/2585
f 2771/4315/2586 2772/4317/2586 2712/4376/2586
f 2801/4466/2587 2782/4617/2587 2784/4467/2587
f 2802/4468/2588 2784/4467/2588 2786/4469/2588
f 2803/4471/4591 2786/5063/4591 2788/4472/4591
f 2804/4474/2590 2788/5064/2590 2790/4475/2590
f 2805/4476/4592 2790/4475/4592 2792/4477/4592
f 2792/4477/4593 2794/5065/4593 2807/4479/4593
f 2794/4480/4594 2796/4483/4594 2808/4481/4594
f 2796/4483/2594 2798/5066/2594 2809/4484/2594
f 2798/4485/2595 2800/4488/2595 2810/4486/2595
f 2800/4488/2596 2782/4617/2596 2801/4466/2596
f 2792/4489/2515 2782/4619/2515 2800/4490/2515
f 2794/4491/2515 2800/4490/2515 2798/4492/2515
f 2790/4494/2597 2788/5067/2597 2786/4495/2597
f 2784/4496/2515 2782/4619/2515 2792/4489/2515
f 2836/4497/4538 2859/4507/4538 2851/4498/4538
f 2793/4500/4539 2795/4545/4539 2848/4501/4539
f 2783/4503/4540 2785/4600/4540 2843/4504/4540
f 2836/4497/4541 2835/4555/4541 2858/4506/4541
f 2827/4508/4542 2810/4486/4542 2801/4466/4542
f 2825/4510/4543 2809/4487/4543 2810/4486/4543
f 2823/4511/2543 2808/4481/2543 2809/4484/2543
f 2821/4513/4544 2807/4482/4544 2808/4481/4544
f 2819/4514/4545 2806/4478/4545 2807/4479/4545
f 2805/4476/4546 2806/4478/4546 2819/4514/4546
f 2804/4474/4547 2805/4476/4547 2817/4516/4547
f 2803/4471/2528 2804/4473/2528 2815/4518/2528
f 2802/4468/4595 2803/4470/4595 2813/4520/4595
f 2801/4466/4549 2802/4468/4549 2811/4521/4549
f 2829/4522/2531 2812/4526/2531 2783/4523/2531
f 2829/4522/4550 2830/5068/4550 2811/4525/4550
f 2812/4526/2533 2814/4529/2533 2785/4527/2533
f 2812/4526/4551 2811/4525/4551 2813/4528/4551
f 2814/4530/2528 2816/4533/2528 2787/4531/2528
f 2814/4530/2528 2813/4519/2528 2815/4518/2528
f 2816/4533/2535 2818/4536/2535 2789/4534/2535
f 2816/4533/4552 2815/4518/4552 2817/4535/4552
f 2789/4534/4596 2818/4536/4596 2820/4537/4596
f 2818/4536/4554 2817/4535/4554 2819/4539/4554
f 2820/4540/4555 2822/4543/4555 2793/4500/4555
f 2819/4542/4556 2821/4513/4556 2822/4543/4556
f 2793/4500/4597 2822/4543/4597 2824/4544/4597
f 2821/4513/4557 2823/4511/4557 2824/4544/4557
f 2795/4545/2543 2824/4544/2543 2826/4546/2543
f 2823/4511/2543 2825/4512/2543 2826/4546/2543
f 2797/4548/2544 2826/4552/2544 2828/4549/2544
f 2825/4551/4558 2827/4553/4558 2828/4549/4558
f 2799/4550/2546 2828/4549/2546 2829/4522/2546
f 2827/4553/4559 2830/5068/4559 2829/4522/4559
f 2836/4497/4560 2831/4560/4560 2832/4554/4560
f 2832/4554/2606 2833/4568/2606 2834/4556/2606
f 2840/4557/2549 2837/4499/2549 2838/4558/2549
f 2836/4497/4561 2837/4499/4561 2840/4557/4561
f 2799/4561/4562 2850/4598/4562 2849/4562/4562
f 2835/4555/4563 2834/4556/4563 2857/4564/4563
f 2789/4565/4564 2845/4595/4564 2844/4566/4564
f 2833/4568/4565 2856/4603/4565 2857/4564/4565
f 2831/4560/4566 2840/4557/4566 2860/4569/4566
f 2791/4571/4567 2793/5069/4567 2847/4572/4567
f 2846/4574/4568 2859/4618/4568 2858/4575/4568
f 2846/4577/4569 2847/4502/4569 2851/4578/4569
f 2848/4501/4570 2852/4581/4570 2851/4578/4570
f 2849/4580/4571 2853/5070/4571 2852/4581/4571
f 2844/4582/4572 2845/4576/4572 2858/4575/4572
f 2841/4584/4573 2842/4589/4573 2855/4585/4573
f 2843/4587/4574 2844/4582/4574 2857/4583/4574
f 2842/4589/4575 2843/5071/4575 2856/4590/4575
f 2841/4584/4576 2854/4586/4576 2860/4591/4576
f 2850/4592/4577 2860/4591/4577 2853/4593/4577
f 2791/4571/4578 2846/4573/4578 2845/4595/4578
f 2837/4499/4579 2851/4498/4579 2852/4596/4579
f 2781/4597/4580 2841/4602/4580 2850/4598/4580
f 2839/4559/4581 2838/4558/4581 2852/4596/4581
f 2787/4567/4582 2844/4566/4582 2843/4504/4582
f 2831/4560/4583 2854/4570/4583 2855/4601/4583
f 2795/4545/4584 2797/4547/4584 2849/4580/4584
f 2781/4597/4585 2783/4503/4585 2842/4505/4585
f 2840/4557/4586 2839/4559/4586 2853/4599/4586
f 2832/4554/4587 2855/4601/4587 2856/4603/4587
f 2941/4604/2505 2862/4617/2505 2864/4467/2505
f 2942/4605/2506 2864/4467/2506 2866/4469/2506
f 2943/4607/2507 2866/5063/2507 2868/4472/2507
f 2944/4608/4598 2868/5064/4598 2870/4475/4598
f 2870/4475/4534 2872/4477/4534 2946/4610/4534
f 2872/4477/4535 2874/5065/4535 2947/4611/4535
f 2874/4480/2511 2876/4483/2511 2948/4612/2511
f 2876/4483/2512 2878/5066/2512 2949/4614/2512
f 2878/4485/4536 2880/4488/4536 2950/4615/4536
f 2950/4615/4537 2880/4488/4537 2862/4617/4537
f 2872/4489/2515 2862/4619/2515 2880/4490/2515
f 2874/4491/2515 2880/4490/2515 2878/4492/2515
f 2870/4494/2515 2868/5067/2515 2866/4495/2515
f 2864/4496/2515 2862/4619/2515 2872/4489/2515
f 2916/4497/4538 2939/4507/4538 2931/4498/4538
f 2873/4500/4539 2875/4545/4539 2928/4501/4539
f 2863/4503/4540 2865/4600/4540 2923/4504/4540
f 2916/4497/4541 2915/4555/4541 2938/4506/4541
f 2907/4508/4542 2890/4486/4542 2881/4466/4542
f 2905/4510/4543 2889/4487/4543 2890/4486/4543
f 2903/4511/2543 2888/4481/2543 2889/4484/2543
f 2901/4513/4544 2887/4482/4544 2888/4481/4544
f 2899/4514/4545 2886/4478/4545 2887/4479/4545
f 2885/4476/4546 2886/4478/4546 2899/4514/4546
f 2884/4474/4547 2885/4476/4547 2897/4516/4547
f 2883/4471/2528 2884/4473/2528 2895/4518/2528
f 2882/4468/4548 2883/4470/4548 2893/4520/4548
f 2881/4466/4549 2882/4468/4549 2891/4521/4549
f 2909/4522/2531 2892/4526/2531 2863/4523/2531
f 2909/4522/4550 2910/5068/4550 2891/4525/4550
f 2892/4526/2533 2894/4529/2533 2865/4527/2533
f 2892/4526/4599 2891/4525/4599 2893/4528/4599
f 2894/4530/2528 2896/4533/2528 2867/4531/2528
f 2894/4530/2528 2893/4519/2528 2895/4518/2528
f 2896/4533/2535 2898/4536/2535 2869/4534/2535
f 2896/4533/4552 2895/4518/4552 2897/4535/4552
f 2869/4534/4553 2898/4536/4553 2900/4537/4553
f 2898/4536/4554 2897/4535/4554 2899/4539/4554
f 2900/4540/4555 2902/4543/4555 2873/4500/4555
f 2899/4542/4600 2901/4513/4600 2902/4543/4600
f 2873/4500/2541 2902/4543/2541 2904/4544/2541
f 2901/4513/4557 2903/4511/4557 2904/4544/4557
f 2875/4545/2543 2904/4544/2543 2906/4546/2543
f 2903/4511/2543 2905/4512/2543 2906/4546/2543
f 2877/4548/2544 2906/4552/2544 2908/4549/2544
f 2905/4551/4558 2907/4553/4558 2908/4549/4558
f 2879/4550/2546 2908/4549/2546 2909/4522/2546
f 2907/4553/4559 2910/5068/4559 2909/4522/4559
f 2916/4497/4560 2911/4560/4560 2912/4554/4560
f 2912/4554/4601 2913/4568/4601 2914/4556/4601
f 2920/4557/2549 2917/4499/2549 2918/4558/2549
f 2916/4497/4561 2917/4499/4561 2920/4557/4561
f 2879/4561/4562 2930/4598/4562 2929/4562/4562
f 2915/4555/4563 2914/4556/4563 2937/4564/4563
f 2869/4565/4564 2925/4595/4564 2924/4566/4564
f 2913/4568/4602 2936/4603/4602 2937/4564/4602
f 2911/4560/4566 2920/4557/4566 2940/4569/4566
f 2871/4571/4567 2873/5069/4567 2927/4572/4567
f 2925/4576/4603 2926/4574/4603 2939/4618/4603
f 2926/4577/2608 2927/4502/2608 2931/4578/2608
f 2928/4501/4604 2932/4581/4604 2931/4578/4604
f 2929/4580/4605 2933/5070/4605 2932/4581/4605
f 2924/4582/4606 2925/4576/4606 2938/4575/4606
f 2922/4589/4607 2935/4585/4607 2934/4586/4607
f 2923/4587/4608 2924/4582/4608 2937/4583/4608
f 2922/4589/4609 2923/5071/4609 2936/4590/4609
f 2921/4584/4610 2934/4586/4610 2940/4591/4610
f 2930/4592/4611 2940/4591/4611 2933/4593/4611
f 2871/4571/4578 2926/4573/4578 2925/4595/4578
f 2917/4499/4612 2931/4498/4612 2932/4596/4612
f 2861/4597/4580 2921/4602/4580 2930/4598/4580
f 2919/4559/4581 2918/4558/4581 2932/4596/4581
f 2867/4567/4582 2924/4566/4582 2923/4504/4582
f 2911/4560/4583 2934/4570/4583 2935/4601/4583
f 2875/4545/4584 2877/4547/4584 2929/4580/4584
f 2861/4597/4585 2863/4503/4585 2922/4505/4585
f 2920/4557/4586 2919/4559/4586 2933/4599/4586
f 2912/4554/4613 2935/4601/4613 2936/4603/4613
f 2950/4615/4588 2941/4604/4588 2881/4466/4588
f 2949/4616/2578 2950/4615/2578 2890/4486/2578
f 2948/4612/2579 2949/4614/2579 2889/4484/2579
f 2887/4482/2580 2947/4613/2580 2948/4612/2580
f 2886/4478/4589 2946/4610/4589 2947/4611/4589
f 2885/4476/4590 2945/4609/4590 2946/4610/4590
f 2884/4474/2583 2944/4608/2583 2945/4609/2583
f 2883/4471/2584 2943/4607/2584 2944/4608/2584
f 2942/4605/2585 2943/4606/2585 2883/4470/2585
f 2941/4604/2586 2942/4605/2586 2882/4468/2586
f 2971/4466/2587 2952/4617/2587 2954/4467/2587
f 2972/4468/2588 2954/4467/2588 2956/4469/2588
f 2973/4471/4591 2956/5063/4591 2958/4472/4591
f 2974/4474/2590 2958/5064/2590 2960/4475/2590
f 2975/4476/4592 2960/4475/4592 2962/4477/4592
f 2962/4477/4593 2964/5065/4593 2977/4479/4593
f 2964/4480/2593 2966/4483/2593 2978/4481/2593
f 2966/4483/2594 2968/5066/2594 2979/4484/2594
f 2968/4485/2595 2970/4488/2595 2980/4486/2595
f 2970/4488/2596 2952/4617/2596 2971/4466/2596
f 2952/4619/2515 2970/4490/2515 2964/4491/2515
f 2970/4490/2515 2968/4492/2515 2966/4493/2515
f 2960/4494/2516 2958/5067/2516 2956/4495/2516
f 2954/4496/2515 2952/4619/2515 2962/4489/2515
f 3006/4497/4538 3029/4507/4538 3021/4498/4538
f 2963/4500/4539 2965/4545/4539 3018/4501/4539
f 2953/4503/4540 2955/4600/4540 3013/4504/4540
f 3006/4497/4614 3005/4555/4614 3028/4506/4614
f 2997/4508/4542 2980/4486/4542 2971/4466/4542
f 2995/4510/4543 2979/4487/4543 2980/4486/4543
f 2993/4511/2543 2978/4481/2543 2979/4484/2543
f 2991/4513/4544 2977/4482/4544 2978/4481/4544
f 2989/4514/4545 2976/4478/4545 2977/4479/4545
f 2975/4476/4546 2976/4478/4546 2989/4514/4546
f 2974/4474/4547 2975/4476/4547 2987/4516/4547
f 2973/4471/2528 2974/4473/2528 2985/4518/2528
f 2972/4468/4548 2973/4470/4548 2983/4520/4548
f 2971/4466/4549 2972/4468/4549 2981/4521/4549
f 2999/4522/2531 2982/4526/2531 2953/4523/2531
f 2999/4522/4550 3000/5068/4550 2981/4525/4550
f 2982/4526/4615 2984/4529/4615 2955/4527/4615
f 2982/4526/4599 2981/4525/4599 2983/4528/4599
f 2984/4530/2528 2986/4533/2528 2957/4531/2528
f 2984/4530/2528 2983/4519/2528 2985/4518/2528
f 2986/4533/2535 2988/4536/2535 2959/4534/2535
f 2986/4533/4552 2985/4518/4552 2987/4535/4552
f 2959/4534/4553 2988/4536/4553 2990/4537/4553
f 2988/4536/4554 2987/4535/4554 2989/4539/4554
f 2990/4540/4555 2992/4543/4555 2963/4500/4555
f 2989/4542/4600 2991/4513/4600 2992/4543/4600
f 2963/4500/2541 2992/4543/2541 2994/4544/2541
f 2991/4513/4557 2993/4511/4557 2994/4544/4557
f 2965/4545/2543 2994/4544/2543 2996/4546/2543
f 2993/4511/2543 2995/4512/2543 2996/4546/2543
f 2967/4548/2544 2996/4552/2544 2998/4549/2544
f 2995/4551/4558 2997/4553/4558 2998/4549/4558
f 2969/4550/2546 2998/4549/2546 2999/4522/2546
f 2997/4553/4559 3000/5068/4559 2999/4522/4559
f 3006/4497/4560 3001/4560/4560 3002/4554/4560
f 3005/4555/2549 3002/4554/2549 3003/4568/2549
f 3010/4557/2549 3007/4499/2549 3008/4558/2549
f 3006/4497/4561 3007/4499/4561 3010/4557/4561
f 2969/4561/4562 3020/4598/4562 3019/4562/4562
f 3005/4555/4563 3004/4556/4563 3027/4564/4563
f 2959/4565/4564 3015/4595/4564 3014/4566/4564
f 3003/4568/4602 3026/4603/4602 3027/4564/4602
f 3001/4560/4616 3010/4557/4616 3030/4569/4616
f 2961/4571/4567 2963/5069/4567 3017/4572/4567
f 3016/4574/2619 3029/4618/2619 3028/4575/2619
f 3017/4502/4617 3021/4578/4617 3029/4579/4617
f 3018/4501/4618 3022/4581/4618 3021/4578/4618
f 3019/4580/4619 3023/5070/4619 3022/4581/4619
f 3014/4582/4620 3015/4576/4620 3028/4575/4620
f 3011/4584/4621 3012/4589/4621 3025/4585/4621
f 3013/4587/4622 3014/4582/4622 3027/4583/4622
f 3012/4589/4623 3013/5071/4623 3026/4590/4623
f 3020/4592/4624 3011/4584/4624 3024/4586/4624
f 3020/4592/4625 3030/4591/4625 3023/4593/4625
f 2961/4571/4578 3016/4573/4578 3015/4595/4578
f 3007/4499/4612 3021/4498/4612 3022/4596/4612
f 2951/4597/4580 3011/4602/4580 3020/4598/4580
f 3009/4559/4581 3008/4558/4581 3022/4596/4581
f 2957/4567/4582 3014/4566/4582 3013/4504/4582
f 3001/4560/4583 3024/4570/4583 3025/4601/4583
f 2965/4545/4584 2967/4547/4584 3019/4580/4584
f 2951/4597/4585 2953/4503/4585 3012/4505/4585
f 3010/4557/4586 3009/4559/4586 3023/4599/4586
f 3002/4554/4587 3025/4601/4587 3026/4603/4587
f 3092/4620/4626 3032/4635/4626 3034/4621/4626
f 3093/4622/4627 3034/4621/4627 3036/4623/4627
f 3036/4623/4628 3038/4646/4628 3097/4625/4628
f 3097/4625/4629 3038/4646/4629 3040/4626/4629
f 3040/4626/4630 3042/4629/4630 3101/4628/4630
f 3042/4629/2635 3044/4631/2635 3103/4630/2635
f 3044/4631/4631 3046/4645/4631 3105/4632/4631
f 3105/4632/2637 3046/4645/2637 3048/4633/2637
f 3032/4635/2648 3062/4635/2648 3061/4621/2648
f 3106/4634/2639 3048/4633/2639 3050/4636/2639
f 3108/4637/2640 3050/4636/2640 3032/4638/2640
f 3041/4276/4632 3043/4240/4632 3049/4241/4632
f 3051/4640/2642 3055/4653/2642 3054/4641/2642
f 3060/4643/2643 3080/4643/2643 3079/4644/2643
f 3046/4645/2644 3068/4645/2644 3069/4633/2644
f 3036/4623/2644 3063/4623/2644 3064/4646/2644
f 3051/4647/4633 3071/4647/4633 3072/4648/4633
f 3059/4649/4634 3079/4649/4634 3078/4650/4634
f 3050/4636/4635 3070/4636/4635 3062/4638/4635
f 3042/4629/4636 3040/4626/4636 3065/4626/4636
f 3058/4650/2649 3078/4650/2649 3077/4651/2649
f 3057/4651/4637 3077/4651/4637 3076/4652/4637
f 3063/4259/4638 3061/4260/4638 3071/4260/4638
f 3070/4636/2652 3080/4636/2652 3072/4638/2652
f 3069/4633/2653 3079/4633/2653 3080/4636/2653
f 3068/4645/2654 3078/4645/2654 3079/4633/2654
f 3067/4631/2655 3077/4631/2655 3078/4645/2655
f 3067/4263/4639 3066/4262/4639 3076/4262/4639
f 3066/4262/2657 3065/4264/2657 3075/4264/2657
f 3065/4264/2658 3064/4265/2658 3074/4265/2658
f 3062/4635/4640 3072/4635/4640 3071/4621/4640
f 3064/4265/2660 3063/4259/2660 3073/4259/2660
f 3053/4642/2661 3073/4642/2661 3071/4640/2661
f 3052/4648/2662 3072/4648/2662 3080/4643/2662
f 3044/4631/2644 3042/4629/2644 3066/4629/2644
f 3053/4642/2664 3054/4641/2664 3074/4641/2664
f 3054/4641/4641 3055/4653/4641 3075/4653/4641
f 3038/4646/4642 3064/4646/4642 3065/4626/4642
f 3048/4633/2644 3069/4633/2644 3070/4636/2644
f 3055/4653/4643 3056/4652/4643 3076/4652/4643
f 3036/4623/2663 3034/4621/2663 3061/4621/2663
f 3046/4645/2667 3044/4631/2667 3067/4631/2667
f 3041/4276/4644 3031/4239/4644 3033/4277/4644
f 3049/4241/2670 3043/4240/2670 3045/4279/2670
f 3039/4278/4645 3033/4277/4645 3035/4281/4645
f 3056/4652/2642 3052/4655/2642 3060/4654/2642
f 3057/4651/2642 3060/4654/2642 3059/4649/2642
f 3055/4653/2673 3051/4640/2673 3052/4655/2673
f 3031/4239/4646 3081/4294/4646 3082/4285/4646
f 3033/4277/4647 3082/4285/4647 3083/4286/4647
f 3035/4281/4648 3083/4286/4648 3084/4287/4648
f 3037/4282/4649 3084/4287/4649 3085/4288/4649
f 3039/4278/4650 3085/4288/4650 3086/4289/4650
f 3031/4239/4651 3049/4241/4651 3090/4293/4651
f 3109/4656/4652 3091/4685/4652 3081/4657/4652
f 3108/4637/4653 3092/4639/4653 3110/4659/4653
f 3106/4634/4654 3108/4637/4654 3119/4660/4654
f 3105/4632/4655 3106/4634/4655 3118/4661/4655
f 3103/4630/4656 3105/4632/4656 3117/4662/4656
f 3102/4664/4657 3104/4683/4657 3087/4665/4657
f 3101/4628/4658 3103/4630/4658 3116/4663/4658
f 3085/4668/4659 3100/4682/4659 3102/4664/4659
f 3099/4627/4660 3101/4628/4660 3115/4667/4660
f 3098/4670/4661 3100/4682/4661 3085/4668/4661
f 3113/4672/4662 3097/4625/4662 3099/4627/4662
f 3083/4673/4663 3096/4681/4663 3098/4670/4663
f 3112/4674/4664 3095/4624/4664 3097/4625/4664
f 3094/4675/4665 3096/4681/4665 3083/4673/4665
f 3111/4677/4666 3093/4622/4666 3095/4624/4666
f 3091/4678/4667 3094/4675/4667 3082/4676/4667
f 3110/4680/4668 3092/4620/4668 3093/4622/4668
f 3091/4678/4669 3110/4680/4669 3111/4677/4669
f 3094/4675/4670 3111/4677/4670 3112/4674/4670
f 3096/4681/4671 3112/4674/4671 3113/4672/4671
f 3113/4672/4672 3114/4669/4672 3100/4682/4672
f 3114/4669/4673 3115/4667/4673 3102/4664/4673
f 3115/4667/4674 3116/4663/4674 3104/4683/4674
f 3107/4684/4675 3118/4661/4675 3119/4660/4675
f 3109/4656/4676 3119/4660/4676 3110/4659/4676
f 3181/4620/4677 3121/4635/4677 3123/4621/4677
f 3182/4622/4678 3123/4621/4678 3125/4623/4678
f 3184/4624/2707 3125/4623/2707 3127/4646/2707
f 3127/4646/2708 3129/4626/2708 3188/4627/2708
f 3129/4626/4679 3131/4629/4679 3190/4628/4679
f 3131/4629/2710 3133/4631/2710 3192/4630/2710
f 3192/4630/2711 3133/4631/2711 3135/4645/2711
f 3135/4645/2712 3137/4633/2712 3196/4634/2712
f 3121/4635/2724 3151/4635/2724 3150/4621/2724
f 3137/4633/2714 3139/4636/2714 3198/4637/2714
f 3198/4637/2715 3139/4636/2715 3121/4638/2715
f 3130/4276/4680 3132/4240/4680 3138/4241/4680
f 3140/4640/4681 3144/4653/4681 3143/4641/4681
f 3149/4643/2718 3169/4643/2718 3168/4644/2718
f 3135/4645/4682 3157/4645/4682 3158/4633/4682
f 3125/4623/4682 3152/4623/4682 3153/4646/4682
f 3141/4648/4683 3140/4647/4683 3160/4647/4683
f 3147/4650/4684 3148/4649/4684 3168/4649/4684
f 3121/4638/2723 3139/4636/2723 3159/4636/2723
f 3131/4629/4685 3129/4626/4685 3154/4626/4685
f 3146/4651/2725 3147/4650/2725 3167/4650/2725
f 3145/4652/2726 3146/4651/2726 3166/4651/2726
f 3150/4260/2727 3160/4260/2727 3162/4259/2727
f 3159/4636/2715 3169/4636/2715 3161/4638/2715
f 3158/4633/2714 3168/4633/2714 3169/4636/2714
f 3158/4633/2728 3157/4645/2728 3167/4645/2728
f 3156/4631/2711 3166/4631/2711 3167/4645/2711
f 3155/4262/2710 3165/4262/2710 3166/4263/2710
f 3155/4262/2729 3154/4264/2729 3164/4264/2729
f 3153/4265/2730 3163/4265/2730 3164/4264/2730
f 3151/4635/2731 3161/4635/2731 3160/4621/2731
f 3152/4259/2732 3162/4259/2732 3163/4265/2732
f 3140/4640/2733 3142/4642/2733 3162/4642/2733
f 3141/4648/4686 3161/4648/4686 3169/4643/4686
f 3131/4629/2723 3155/4629/2723 3156/4631/2723
f 3142/4642/4687 3143/4641/4687 3163/4641/4687
f 3144/4653/2736 3164/4653/2736 3163/4641/2736
f 3129/4626/4688 3127/4646/4688 3153/4646/4688
f 3139/4636/4689 3137/4633/4689 3158/4633/4689
f 3145/4652/4690 3165/4652/4690 3164/4653/4690
f 3123/4621/4691 3150/4621/4691 3152/4623/4691
f 3133/4631/2723 3156/4631/2723 3157/4645/2723
f 3120/4239/4692 3122/4277/4692 3128/4278/4692
f 3132/4240/4693 3134/4279/4693 3136/4280/4693
f 3122/4277/4693 3124/4281/4693 3126/4282/4693
f 3145/4652/4694 3141/4655/4694 3149/4654/4694
f 3146/4651/4681 3149/4654/4681 3148/4649/4681
f 3144/4653/4695 3140/4640/4695 3141/4655/4695
f 3120/4239/4696 3170/4294/4696 3171/4285/4696
f 3122/4277/2744 3171/4285/2744 3172/4286/2744
f 3124/4281/4697 3172/4286/4697 3173/4287/4697
f 3128/4278/2746 3126/4282/2746 3173/4287/2746
f 3130/4276/4698 3128/4278/4698 3174/4288/4698
f 3130/4276/2748 3175/4289/2748 3176/4290/2748
f 3132/4240/2749 3176/4290/2749 3177/4291/2749
f 3136/4280/4699 3134/4279/4699 3177/4291/4699
f 3138/4241/2751 3136/4280/2751 3178/4292/2751
f 3120/4239/2752 3138/4241/2752 3179/4293/2752
f 3199/4656/4700 3180/4685/4700 3170/4657/4700
f 3198/4637/2715 3181/4639/2715 3180/4685/2715
f 3197/4684/4701 3199/4656/4701 3179/4658/4701
f 3197/4684/2714 3196/4634/2714 3198/4637/2714
f 3195/4687/4702 3197/4684/4702 3178/4686/4702
f 3194/4632/2712 3196/4634/2712 3197/4684/2712
f 3176/4665/4703 3193/4683/4703 3195/4687/4703
f 3192/4630/2711 3194/4632/2711 3195/4687/2711
f 3175/4666/4704 3191/4664/4704 3193/4683/4704
f 3190/4628/2710 3192/4630/2710 3193/4683/2710
f 3174/4668/4705 3189/4682/4705 3191/4664/4705
f 3188/4627/4706 3190/4628/4706 3191/4664/4706
f 3173/4671/4707 3187/4670/4707 3189/4682/4707
f 3186/4625/2761 3188/4627/2761 3189/4682/2761
f 3172/4673/4708 3185/4681/4708 3187/4670/4708
f 3185/4681/2763 3184/4624/2763 3186/4625/2763
f 3171/4676/4709 3183/4675/4709 3185/4681/4709
f 3183/4675/4710 3182/4622/4710 3184/4624/4710
f 3180/4678/4711 3183/4675/4711 3171/4676/4711
f 3181/4620/2767 3182/4622/2767 3183/4675/2767
f 714/1047/2768 3234/1049/2768 3235/4689/2768
f 699/4691/4712 1141/4939/4712 3204/2803/4712
f 3043/4240/4713 3041/4276/4713 3086/4289/4713
f 3086/4289/4714 3087/4290/4714 3088/4291/4714
f 3088/4291/4715 3089/4292/4715 3090/4293/4715
f 3090/4293/4716 3049/4241/4716 3047/4280/4716
f 3090/4293/4717 3047/4280/4717 3045/4279/4717
f 3043/4240/4718 3086/4289/4718 3088/4291/4718
f 3088/4291/4719 3090/4293/4719 3045/4279/4719
f 2687/4237/4720 2688/4300/4720 2686/4303/4720
f 3200/4692/2473 3201/4275/2473 2684/4232/2473
f 3201/4275/4721 2686/4303/4721 2685/4306/4721
f 2641/4284/4722 2642/4245/4722 2660/4247/4722
f 3202/4693/4723 2659/4257/4723 2640/4283/4723
f 2660/4247/4724 2651/4274/4724 3203/4694/4724
f 3202/4693/4725 3203/4694/4725 2650/4268/4725
f 3203/4694/4726 2651/4274/4726 2631/4235/4726
f 2650/4268/4727 3203/4694/4727 3200/4692/4727
f 1193/2282/4728 678/1015/4728 677/1017/4728
f 1152/4695/4729 1154/4706/4729 3204/2803/4729
f 1155/1056/4730 1153/4697/4730 3207/1006/4730
f 711/1057/4731 3208/1024/4731 3209/1009/4731
f 714/1047/4732 706/4690/4732 3211/995/4732
f 711/1057/4733 1155/1056/4733 3206/1026/4733
f 703/4696/4734 3209/1009/4734 3207/1006/4734
f 706/4690/4735 1152/4695/4735 3205/993/4735
f 1150/1029/4736 3213/1002/4736 3212/4698/4736
f 1151/4700/4737 3215/1055/4737 3214/4701/4737
f 701/1028/2797 2543/4705/2797 3216/1044/2797
f 708/4703/4738 3219/992/4738 3218/1036/4738
f 717/4199/4739 1156/4198/4739 3221/1045/4739
f 701/1028/4740 3217/1005/4740 3213/1002/4740
f 720/4201/4741 3222/1034/4741 3215/1055/4741
f 708/4703/4742 1157/4704/4742 3223/991/4742
f 1156/4198/4743 2539/4699/4743 3212/4698/4743
f 1157/4704/4744 2540/4702/4744 3214/4701/4744
f 717/4199/4745 3220/1042/4745 3216/1044/4745
f 720/4201/4746 2546/4203/4746 3218/1036/4746
f 714/1047/4747 3210/1019/4747 3204/2803/4747
f 3230/1056/4748 3232/1057/4748 3233/4696/4748
f 3226/4705/4749 3238/1028/4749 3236/1029/4749
f 3225/4202/4750 3224/4712/4750 3243/4707/4750
f 3237/4709/4751 3224/4712/4751 3225/4202/4751
f 3241/4198/4752 3240/4199/4752 3226/4705/4752
f 3235/4689/4753 3234/1049/4753 3228/1048/4753
f 703/4696/2806 1153/4697/2806 3231/4697/2806
f 720/4201/2807 1151/4700/2807 3237/4709/2807
f 1152/4695/2808 706/4690/2808 3235/4689/2808
f 1157/4704/2809 708/4703/2809 3239/4708/2809
f 1150/1029/4754 2539/4699/4754 3227/4699/4754
f 1154/4706/4755 1152/4695/4755 3229/4711/4755
f 2539/4699/4756 1156/4198/4756 3241/4198/4756
f 1151/4700/4757 2540/4702/4757 3224/4712/4757
f 1153/4697/2814 1155/1056/2814 3230/1056/2814
f 2540/4702/4758 1157/4704/4758 3243/4707/4758
f 701/1028/4759 3238/1028/4759 3226/4705/4759
f 703/4696/2817 3233/4696/2817 3232/1057/2817
f 2543/4705/4760 3226/4705/4760 3240/4199/4760
f 2546/4203/4761 3225/4202/4761 3239/4708/4761
f 952/1293/4762 1226/1719/4762 3244/4713/4762
f 2295/3810/4763 3244/4713/4763 947/1746/4763
f 3244/4713/4764 1226/1719/4764 951/1718/4764
f 3244/4713/4765 2295/3810/4765 2292/1134/4765
f 2057/3610/1025 2058/3940/1025 2067/3531/1025
f 2058/4714/4766 2057/3610/4766 2044/3599/4766
g wheels_Mesh
v 0.845415 0.047129 -1.585255
v 0.845711 0.037231 -1.517056
v 0.846248 0.433908 -1.529130
v 0.845920 0.419883 -1.596601
v 0.846360 0.087514 -1.390980
v 0.845324 0.329512 -1.697876
v 0.845128 0.264067 -1.719464
v 0.846904 0.339967 -1.354347
v 0.846039 0.051257 -1.449585
v 0.845056 0.131174 -1.691839
v 0.845188 0.079755 -1.645956
v 0.845599 0.383626 -1.655205
v 0.845035 0.195185 -1.717367
v 0.846772 0.391386 -1.400229
v 0.906620 0.119176 -1.615077
v 0.906506 0.205335 -1.668379
v 0.907803 0.351780 -1.431666
v 0.906790 0.094825 -1.569769
v 0.907412 0.383519 -1.527878
v 0.907495 0.124968 -1.424762
v 0.906722 0.305597 -1.653830
v 0.907916 0.265623 -1.378363
v 0.907011 0.087438 -1.518865
v 0.907167 0.373050 -1.578238
v 0.907701 0.165360 -1.392912
v 0.906522 0.157556 -1.649324
v 0.907633 0.376132 -1.476973
v 0.906576 0.256749 -1.669944
v 0.907901 0.313400 -1.397418
v 0.907256 0.097906 -1.468504
v 0.906928 0.345988 -1.621981
v 0.846544 0.424012 -1.460931
v 0.907847 0.214208 -1.376798
v 0.900437 0.454324 -1.610618
v 0.900056 0.411277 -1.680200
v 0.900189 0.000000 -1.516173
v 0.900578 0.016652 -1.436064
v 0.901605 0.359439 -1.322988
v 0.899729 0.347026 -1.730862
v 0.899496 0.269323 -1.756495
v 0.900959 0.059700 -1.366482
v 0.900826 0.470978 -1.530509
v 0.899837 0.011750 -1.597146
v 0.901448 0.420490 -1.377464
v 0.901178 0.459226 -1.449535
v 0.899386 0.187539 -1.754005
v 0.899410 0.111538 -1.723694
v 0.899567 0.050487 -1.669218
v 0.906995 0.192851 -1.556984
v 0.906959 0.206918 -1.569536
v 0.906953 0.224430 -1.576520
v 0.907366 0.287031 -1.506366
v 0.907428 0.278105 -1.489759
v 0.907057 0.183926 -1.540377
v 0.907285 0.289739 -1.525023
v 0.907316 0.194974 -1.487229
v 0.906979 0.243275 -1.577094
v 0.907032 0.261178 -1.571187
v 0.907464 0.264038 -1.477207
v 0.907470 0.246527 -1.470223
v 0.907227 0.185056 -1.503262
v 0.907138 0.181218 -1.521720
v 0.907107 0.275983 -1.559514
v 0.907195 0.285902 -1.543481
v 0.907444 0.227683 -1.469649
v 0.907391 0.209778 -1.475555
v 0.907332 0.134848 -1.336139
v 0.906566 0.432917 -1.602111
v 0.906342 0.023018 -1.516902
v 0.907642 0.278741 -1.315259
v 0.905928 0.336111 -1.710598
v 0.907038 0.076880 -1.381848
v 0.906918 0.447941 -1.529836
v 0.906025 0.033619 -1.589957
v 0.907478 0.402391 -1.391756
v 0.905618 0.192219 -1.731478
v 0.905782 0.068568 -1.654981
v 0.907542 0.204954 -1.313013
v 0.906222 0.394079 -1.664889
v 0.906694 0.038042 -1.444626
v 0.907620 0.347310 -1.342607
v 0.905718 0.266006 -1.733724
v 0.907235 0.437339 -1.456780
v 0.905640 0.123649 -1.704131
v 0.918209 0.217385 -1.489789
v 0.918247 0.229979 -1.485634
v 0.918072 0.270928 -1.537565
v 0.918010 0.263952 -1.548843
v 0.918031 0.197298 -1.522259
v 0.918095 0.199996 -1.509276
v 0.918265 0.243234 -1.486038
v 0.918261 0.255551 -1.490950
v 0.917957 0.253539 -1.557053
v 0.917919 0.240946 -1.561207
v 0.918156 0.206973 -1.497999
v 0.918135 0.273628 -1.524583
v 0.917974 0.199201 -1.535382
v 0.918235 0.265445 -1.499779
v 0.918191 0.271723 -1.511459
v 0.917901 0.227691 -1.560804
v 0.917905 0.215374 -1.555892
v 0.917931 0.205480 -1.547063
v 0.918767 0.212563 -1.365622
v 0.917777 0.354436 -1.629583
v 0.918131 0.087354 -1.464352
v 0.918826 0.319352 -1.387822
v 0.917399 0.258362 -1.681219
v 0.918537 0.386888 -1.473469
v 0.917340 0.151572 -1.659020
v 0.918958 0.206193 -1.321726
v 0.918610 0.159973 -1.382971
v 0.917692 0.387533 -1.659115
v 0.918035 0.383570 -1.582490
v 0.918144 0.046153 -1.447920
v 0.917867 0.076084 -1.518570
v 0.919032 0.342689 -1.350100
v 0.918842 0.267915 -1.367307
v 0.917208 0.264732 -1.725116
v 0.917556 0.310951 -1.663871
v 0.918389 0.116489 -1.417259
v 0.918299 0.394841 -1.528272
v 0.917630 0.084036 -1.573372
v 0.918662 0.429012 -1.459574
v 0.918719 0.360672 -1.424691
v 0.917134 0.128236 -1.696741
v 0.917324 0.203010 -1.679534
v 0.917447 0.110254 -1.622150
v 0.918756 0.138973 -1.343899
v 0.918022 0.424772 -1.598922
v 0.917807 0.031747 -1.517220
v 0.919053 0.276943 -1.323879
v 0.917410 0.331951 -1.702942
v 0.918474 0.083393 -1.387726
v 0.918359 0.439177 -1.529622
v 0.917503 0.041913 -1.587268
v 0.918897 0.395503 -1.397226
v 0.917113 0.193982 -1.722962
v 0.917270 0.075423 -1.649615
v 0.926581 0.209366 -1.343709
v 0.925453 0.370973 -1.644384
v 0.925856 0.066742 -1.456171
v 0.926647 0.331009 -1.368996
v 0.925022 0.261535 -1.703203
v 0.926318 0.407939 -1.466556
v 0.924955 0.139892 -1.677916
v 0.926402 0.149462 -1.363470
v 0.925747 0.404160 -1.590741
v 0.925556 0.053904 -1.517930
v 0.926666 0.272417 -1.345628
v 0.925201 0.321439 -1.683442
v 0.926150 0.099929 -1.402528
v 0.926047 0.416997 -1.528982
v 0.925285 0.062963 -1.580355
v 0.926526 0.378076 -1.410994
v 0.924937 0.198484 -1.701283
v 0.925076 0.092826 -1.635918
v 0.906865 0.167305 -1.577127
v 0.906676 0.130160 -1.606417
v 0.906798 0.217809 -1.608372
v 0.906573 0.208182 -1.654685
v 0.907558 0.303651 -1.469616
v 0.907747 0.340797 -1.440326
v 0.906965 0.153031 -1.550569
v 0.906830 0.108108 -1.565388
v 0.907329 0.322257 -1.526013
v 0.907393 0.369539 -1.527452
v 0.907378 0.170700 -1.465569
v 0.907469 0.135405 -1.434074
v 0.906925 0.276581 -1.599843
v 0.906768 0.298975 -1.641510
v 0.907625 0.253148 -1.438371
v 0.907850 0.262776 -1.392058
v 0.907094 0.148701 -1.520730
v 0.907030 0.101419 -1.519291
v 0.907185 0.316120 -1.555533
v 0.907171 0.360058 -1.573056
v 0.907498 0.194376 -1.446899
v 0.907655 0.171981 -1.405232
v 0.906587 0.164915 -1.637429
v 0.906807 0.189802 -1.597202
v 0.907593 0.362849 -1.481355
v 0.907458 0.317927 -1.496174
v 0.906636 0.254740 -1.656102
v 0.906839 0.247946 -1.609289
v 0.907836 0.306042 -1.409313
v 0.907616 0.281155 -1.449541
v 0.907252 0.110898 -1.473686
v 0.907237 0.154837 -1.491210
v 0.906954 0.335552 -1.612669
v 0.907045 0.300256 -1.581174
v 0.907787 0.216217 -1.390640
v 0.907584 0.223010 -1.437454
v 0.915737 0.157417 -1.584954
v 0.915616 0.133767 -1.603602
v 0.915660 0.215236 -1.620723
v 0.915516 0.209106 -1.650211
v 0.916530 0.313513 -1.461870
v 0.916650 0.337163 -1.443221
v 0.915851 0.141076 -1.554549
v 0.915765 0.112474 -1.563984
v 0.916268 0.334812 -1.526436
v 0.916308 0.364917 -1.527352
v 0.916324 0.161304 -1.457237
v 0.916381 0.138832 -1.437184
v 0.915805 0.282521 -1.610960
v 0.915705 0.296779 -1.637489
v 0.916606 0.255694 -1.426100
v 0.916750 0.261824 -1.396613
v 0.915999 0.136118 -1.520388
v 0.915958 0.106014 -1.519472
v 0.916103 0.327787 -1.560232
v 0.916094 0.355762 -1.571389
v 0.916461 0.188410 -1.435864
v 0.916561 0.174151 -1.409335
v 0.915530 0.167328 -1.633549
v 0.915670 0.183174 -1.607936
v 0.916501 0.358457 -1.482840
v 0.916416 0.329855 -1.492275
v 0.915577 0.254065 -1.651579
v 0.915707 0.249739 -1.621773
v 0.916736 0.303602 -1.413275
v 0.916596 0.287757 -1.438888
v 0.916172 0.115169 -1.475435
v 0.916163 0.143143 -1.486592
v 0.915885 0.332098 -1.609639
v 0.915943 0.309626 -1.589587
v 0.916689 0.216866 -1.395244
v 0.916560 0.221191 -1.425050
v 0.920574 0.145585 -1.594301
v 0.920486 0.212164 -1.635490
v 0.921488 0.325331 -1.452568
v 0.920706 0.126767 -1.559289
v 0.921186 0.349857 -1.526917
v 0.921251 0.150061 -1.447233
v 0.920653 0.289642 -1.624247
v 0.921576 0.258752 -1.411379
v 0.920876 0.121058 -1.519952
v 0.920997 0.341767 -1.565833
v 0.921409 0.181273 -1.422621
v 0.920498 0.175243 -1.620765
v 0.921357 0.344148 -1.487580
v 0.920540 0.251895 -1.636699
v 0.921564 0.295672 -1.426104
v 0.921065 0.129149 -1.481036
v 0.920812 0.320855 -1.599635
v 0.921523 0.219021 -1.410170
v 0.846635 0.141628 -1.348310
v 0.846831 0.207073 -1.326721
v 0.901286 0.123950 -1.315820
v 0.901519 0.201654 -1.290187
v 0.901629 0.283439 -1.292677
v 0.846924 0.275955 -1.328818
v 0.856175 0.060218 1.532081
v 0.856471 0.050321 1.600280
v 0.857009 0.446998 1.588206
v 0.856680 0.432972 1.520735
v 0.857120 0.100603 1.726356
v 0.856084 0.342602 1.419460
v 0.855888 0.277157 1.397872
v 0.857664 0.353056 1.762989
v 0.856799 0.064347 1.667751
v 0.855815 0.144263 1.425497
v 0.855948 0.092844 1.471380
v 0.856359 0.396716 1.462130
v 0.855795 0.208274 1.399968
v 0.857532 0.404475 1.717106
v 0.917380 0.132266 1.502258
v 0.917266 0.218424 1.448957
v 0.918563 0.364870 1.685670
v 0.917551 0.107914 1.547566
v 0.918172 0.396609 1.589458
v 0.918256 0.138058 1.692574
v 0.917482 0.318687 1.463506
v 0.918677 0.278712 1.738972
v 0.917771 0.100527 1.598470
v 0.917927 0.386140 1.539098
v 0.918461 0.178449 1.724424
v 0.917282 0.170646 1.468012
v 0.918393 0.389221 1.640363
v 0.917336 0.269839 1.447392
v 0.918662 0.326490 1.719917
v 0.918016 0.110996 1.648832
v 0.917687 0.359078 1.495354
v 0.857304 0.437101 1.656405
v 0.918607 0.227298 1.740537
v 0.911197 0.467414 1.506718
v 0.910816 0.424367 1.437136
v 0.910949 0.013089 1.601163
v 0.911338 0.029742 1.681272
v 0.912365 0.372528 1.794348
v 0.910490 0.360116 1.386473
v 0.910257 0.282413 1.360841
v 0.911719 0.072790 1.750853
v 0.911587 0.484067 1.586827
v 0.910598 0.024840 1.520190
v 0.912208 0.433580 1.739871
v 0.911938 0.472316 1.667800
v 0.910146 0.200629 1.363331
v 0.910171 0.124627 1.393641
v 0.910327 0.063577 1.448118
v 0.917755 0.205941 1.560352
v 0.917719 0.220008 1.547800
v 0.917713 0.237520 1.540816
v 0.918126 0.300121 1.610970
v 0.918189 0.291195 1.627577
v 0.917817 0.197016 1.576958
v 0.918045 0.302829 1.592313
v 0.918076 0.208064 1.630107
v 0.917738 0.256364 1.540242
v 0.917792 0.274268 1.546149
v 0.918224 0.277128 1.640129
v 0.918230 0.259617 1.647113
v 0.917988 0.198145 1.614074
v 0.917898 0.194308 1.595616
v 0.917868 0.289072 1.557822
v 0.917955 0.298991 1.573855
v 0.918205 0.240772 1.647686
v 0.918151 0.222868 1.641781
v 0.918093 0.147937 1.781196
v 0.917327 0.446006 1.515224
v 0.917102 0.036108 1.600434
v 0.918402 0.291830 1.802076
v 0.916688 0.349200 1.406738
v 0.917798 0.089970 1.735488
v 0.917678 0.461031 1.587500
v 0.916786 0.046709 1.527378
v 0.918239 0.415480 1.725580
v 0.916378 0.205308 1.385858
v 0.916542 0.081658 1.462355
v 0.918303 0.218043 1.804322
v 0.916983 0.407168 1.452447
v 0.917454 0.051131 1.672710
v 0.918380 0.360399 1.774729
v 0.916478 0.279095 1.383612
v 0.917995 0.450429 1.660556
v 0.916400 0.136738 1.413205
v 0.928969 0.230475 1.627547
v 0.929007 0.243069 1.631702
v 0.928832 0.284018 1.579770
v 0.928770 0.277042 1.568493
v 0.928792 0.210387 1.595077
v 0.928855 0.213085 1.608060
v 0.929025 0.256323 1.631298
v 0.929021 0.268640 1.626385
v 0.928717 0.266629 1.560282
v 0.928680 0.254036 1.556129
v 0.928917 0.220063 1.619337
v 0.928895 0.286717 1.592753
v 0.928735 0.212291 1.581953
v 0.928996 0.278535 1.617557
v 0.928952 0.284812 1.605877
v 0.928661 0.240781 1.556532
v 0.928666 0.228463 1.561444
v 0.928691 0.218569 1.570273
v 0.929528 0.225653 1.751714
v 0.928537 0.367526 1.487753
v 0.928891 0.100443 1.652984
v 0.929586 0.332441 1.729514
v 0.928159 0.271451 1.436116
v 0.929297 0.399978 1.643867
v 0.928101 0.164662 1.458316
v 0.929718 0.219282 1.795610
v 0.929370 0.173063 1.734365
v 0.928453 0.400622 1.458220
v 0.928795 0.396660 1.534846
v 0.928905 0.059243 1.669416
v 0.928628 0.089173 1.598766
v 0.929792 0.355778 1.767236
v 0.929603 0.281004 1.750029
v 0.927969 0.277822 1.392220
v 0.928317 0.324040 1.453464
v 0.929149 0.129578 1.700077
v 0.929059 0.407930 1.589063
v 0.928390 0.097126 1.543964
v 0.929423 0.442102 1.657762
v 0.929480 0.373761 1.692644
v 0.927894 0.141325 1.420595
v 0.928084 0.216100 1.437802
v 0.928207 0.123343 1.495186
v 0.929516 0.152063 1.773436
v 0.928782 0.437861 1.518414
v 0.928567 0.044836 1.600116
v 0.929814 0.290032 1.793457
v 0.928170 0.345040 1.414394
v 0.929234 0.096482 1.729610
v 0.929119 0.452267 1.587714
v 0.928264 0.055002 1.530068
v 0.929657 0.408592 1.720109
v 0.927873 0.207072 1.394373
v 0.928030 0.088512 1.467721
v 0.937341 0.222456 1.773627
v 0.936213 0.384062 1.472952
v 0.936616 0.079832 1.661165
v 0.937408 0.344098 1.748340
v 0.935782 0.274624 1.414133
v 0.937078 0.421029 1.650779
v 0.935716 0.152982 1.439420
v 0.937162 0.162551 1.753866
v 0.936507 0.417249 1.526595
v 0.936316 0.066993 1.599406
v 0.937426 0.285506 1.771707
v 0.935961 0.334529 1.433894
v 0.936910 0.113019 1.714808
v 0.936807 0.430087 1.588354
v 0.936045 0.076052 1.536980
v 0.937286 0.391165 1.706342
v 0.935697 0.211574 1.416052
v 0.935837 0.105916 1.481418
v 0.917625 0.180395 1.540209
v 0.917436 0.143250 1.510919
v 0.917558 0.230898 1.508964
v 0.917333 0.221271 1.462651
v 0.918318 0.316741 1.647720
v 0.918507 0.353887 1.677010
v 0.917725 0.166120 1.566767
v 0.917590 0.121197 1.551948
v 0.918089 0.335346 1.591323
v 0.918153 0.382628 1.589884
v 0.918138 0.183790 1.651767
v 0.918229 0.148495 1.683262
v 0.917685 0.289670 1.517493
v 0.917529 0.312065 1.475826
v 0.918385 0.266237 1.678964
v 0.918610 0.275865 1.725278
v 0.917854 0.161790 1.596606
v 0.917790 0.114508 1.598045
v 0.917945 0.329210 1.561803
v 0.917932 0.373148 1.544279
v 0.918258 0.207466 1.670436
v 0.918415 0.185071 1.712104
v 0.917347 0.178004 1.479906
v 0.917567 0.202892 1.520134
v 0.918353 0.375939 1.635981
v 0.918219 0.331016 1.621162
v 0.917396 0.267830 1.461234
v 0.917599 0.261036 1.508047
v 0.918596 0.319131 1.708023
v 0.918376 0.294244 1.667795
v 0.918012 0.123988 1.643650
v 0.917998 0.167927 1.626126
v 0.917715 0.348642 1.504667
v 0.917805 0.313346 1.536162
v 0.918547 0.229307 1.726695
v 0.918344 0.236100 1.679882
v 0.926497 0.170507 1.532382
v 0.926376 0.146857 1.513734
v 0.926420 0.228325 1.496612
v 0.926277 0.222196 1.467125
v 0.927290 0.326602 1.655466
v 0.927410 0.350252 1.674114
v 0.926611 0.154166 1.562787
v 0.926525 0.125563 1.553352
v 0.927028 0.347901 1.590900
v 0.927069 0.378006 1.589983
v 0.927084 0.174394 1.660098
v 0.927142 0.151921 1.680151
v 0.926565 0.295610 1.506376
v 0.926466 0.309868 1.479846
v 0.927367 0.268784 1.691236
v 0.927510 0.274913 1.720723
v 0.926759 0.149208 1.596948
v 0.926718 0.119104 1.597864
v 0.926864 0.340876 1.557104
v 0.926855 0.368852 1.545947
v 0.927222 0.201500 1.681472
v 0.927321 0.187241 1.708001
v 0.926290 0.180417 1.483787
v 0.926431 0.196263 1.509400
v 0.927262 0.371547 1.634496
v 0.927176 0.342944 1.625061
v 0.926338 0.267154 1.465756
v 0.926467 0.262829 1.495562
v 0.927496 0.316692 1.704061
v 0.927356 0.300847 1.678447
v 0.926932 0.128258 1.641901
v 0.926923 0.156233 1.630744
v 0.926645 0.345188 1.507696
v 0.926703 0.322715 1.527749
v 0.927449 0.229955 1.722091
v 0.927320 0.234280 1.692286
v 0.931335 0.158675 1.523035
v 0.931246 0.225253 1.481846
v 0.932248 0.338420 1.664768
v 0.931466 0.139857 1.558047
v 0.931946 0.362946 1.590419
v 0.932011 0.163151 1.670102
v 0.931413 0.302732 1.493089
v 0.932336 0.271841 1.705957
v 0.931636 0.134148 1.597384
v 0.931757 0.354856 1.551503
v 0.932169 0.194363 1.694714
v 0.931258 0.188333 1.496571
v 0.932117 0.357238 1.629756
v 0.931300 0.264984 1.480637
v 0.932324 0.308762 1.691232
v 0.931826 0.142238 1.636300
v 0.931572 0.333945 1.517700
v 0.932283 0.232110 1.707166
v 0.857395 0.154718 1.769026
v 0.857591 0.220163 1.790614
v 0.912046 0.137040 1.801516
v 0.912279 0.214744 1.827149
v 0.912389 0.296528 1.824659
v 0.857685 0.289045 1.788518
v -0.564740 0.060218 1.661615
v -0.565035 0.050321 1.593416
v -0.565572 0.446998 1.605490
v -0.565244 0.432972 1.672961
v -0.565684 0.100603 1.467340
v -0.564648 0.342602 1.774236
v -0.564453 0.277157 1.795824
v -0.566228 0.353056 1.430707
v -0.565363 0.064347 1.525945
v -0.564380 0.144263 1.768199
v -0.564512 0.092844 1.722316
v -0.564923 0.396716 1.731566
v -0.564359 0.208274 1.793727
v -0.566096 0.404475 1.476589
v -0.625945 0.132266 1.691437
v -0.625831 0.218424 1.744739
v -0.627127 0.364870 1.508025
v -0.626115 0.107914 1.646129
v -0.626736 0.396609 1.604238
v -0.626820 0.138058 1.501122
v -0.626047 0.318687 1.730191
v -0.627241 0.278712 1.454723
v -0.626336 0.100527 1.595226
v -0.626491 0.386140 1.654598
v -0.627025 0.178449 1.469272
v -0.625846 0.170646 1.725684
v -0.626957 0.389221 1.553333
v -0.625900 0.269839 1.746304
v -0.627225 0.326490 1.473778
v -0.626580 0.110996 1.544864
v -0.626252 0.359078 1.698341
v -0.565868 0.437101 1.537291
v -0.627171 0.227298 1.453158
v -0.619761 0.467414 1.686978
v -0.619380 0.424367 1.756560
v -0.619513 0.013090 1.592533
v -0.619903 0.029742 1.512424
v -0.620929 0.372528 1.399348
v -0.619054 0.360116 1.807222
v -0.618821 0.282413 1.832855
v -0.620284 0.072790 1.442842
v -0.620151 0.484067 1.606869
v -0.619162 0.024840 1.673506
v -0.620772 0.433580 1.453825
v -0.620502 0.472316 1.525896
v -0.618710 0.200629 1.830365
v -0.618735 0.124627 1.800054
v -0.618892 0.063577 1.745578
v -0.626319 0.205941 1.633344
v -0.626283 0.220008 1.645896
v -0.626277 0.237520 1.652880
v -0.626690 0.300121 1.582726
v -0.626752 0.291195 1.566119
v -0.626381 0.197016 1.616738
v -0.626609 0.302829 1.601383
v -0.626640 0.208064 1.563589
v -0.626303 0.256364 1.653454
v -0.626357 0.274268 1.647547
v -0.626789 0.277128 1.553567
v -0.626794 0.259617 1.546583
v -0.626552 0.198145 1.579622
v -0.626462 0.194308 1.598080
v -0.626432 0.289072 1.635874
v -0.626520 0.298991 1.619841
v -0.626769 0.240772 1.546009
v -0.626715 0.222868 1.551915
v -0.626656 0.147937 1.412500
v -0.625891 0.446006 1.678472
v -0.625667 0.036108 1.593262
v -0.626966 0.291830 1.391619
v -0.625252 0.349200 1.786958
v -0.626362 0.089970 1.458208
v -0.626242 0.461031 1.606196
v -0.625350 0.046709 1.666317
v -0.626803 0.415481 1.468116
v -0.624942 0.205308 1.807838
v -0.625106 0.081658 1.731341
v -0.626867 0.218043 1.389374
v -0.625547 0.407168 1.741249
v -0.626018 0.051131 1.520986
v -0.626944 0.360399 1.418967
v -0.625042 0.279095 1.810084
v -0.626559 0.450429 1.533140
v -0.624965 0.136738 1.780491
v -0.637534 0.230475 1.566149
v -0.637571 0.243069 1.561994
v -0.637396 0.284018 1.613926
v -0.637334 0.277042 1.625203
v -0.637356 0.210387 1.598619
v -0.637419 0.213085 1.585636
v -0.637589 0.256323 1.562398
v -0.637585 0.268640 1.567310
v -0.637281 0.266629 1.633414
v -0.637244 0.254036 1.637568
v -0.637481 0.220063 1.574359
v -0.637459 0.286717 1.600943
v -0.637299 0.212291 1.611742
v -0.637560 0.278535 1.576139
v -0.637516 0.284812 1.587819
v -0.637226 0.240781 1.637164
v -0.637230 0.228463 1.632252
v -0.637255 0.218569 1.623423
v -0.638092 0.225653 1.441983
v -0.637102 0.367526 1.705943
v -0.637455 0.100443 1.540712
v -0.638150 0.332441 1.464182
v -0.636723 0.271451 1.757579
v -0.637861 0.399978 1.549829
v -0.636665 0.164662 1.735380
v -0.638282 0.219283 1.398086
v -0.637934 0.173063 1.459331
v -0.637017 0.400622 1.735475
v -0.637360 0.396660 1.658850
v -0.637469 0.059243 1.524280
v -0.637192 0.089173 1.594930
v -0.638357 0.355778 1.426461
v -0.638167 0.281004 1.443667
v -0.636533 0.277822 1.801476
v -0.636881 0.324040 1.740232
v -0.637713 0.129578 1.493619
v -0.637623 0.407930 1.604632
v -0.636954 0.097126 1.649732
v -0.637987 0.442102 1.535933
v -0.638044 0.373761 1.501052
v -0.636458 0.141325 1.773101
v -0.636648 0.216100 1.755894
v -0.636771 0.123343 1.698510
v -0.638081 0.152063 1.420260
v -0.637346 0.437861 1.675282
v -0.637132 0.044836 1.593580
v -0.638378 0.290032 1.400239
v -0.636734 0.345040 1.779302
v -0.637798 0.096482 1.464086
v -0.637683 0.452267 1.605982
v -0.636828 0.055002 1.663628
v -0.638221 0.408592 1.473587
v -0.636437 0.207072 1.799322
v -0.636594 0.088512 1.725975
v -0.645905 0.222456 1.420069
v -0.644777 0.384062 1.720744
v -0.645180 0.079832 1.532531
v -0.645972 0.344098 1.445356
v -0.644346 0.274624 1.779563
v -0.645642 0.421029 1.542917
v -0.644280 0.152982 1.754276
v -0.645726 0.162551 1.439830
v -0.645071 0.417249 1.667101
v -0.644880 0.066993 1.594290
v -0.645991 0.285506 1.421988
v -0.644525 0.334529 1.759802
v -0.645474 0.113019 1.478888
v -0.645371 0.430087 1.605342
v -0.644609 0.076052 1.656715
v -0.645851 0.391165 1.487355
v -0.644261 0.211574 1.777643
v -0.644401 0.105916 1.712278
v -0.626189 0.180395 1.653487
v -0.626001 0.143250 1.682777
v -0.626122 0.230898 1.684732
v -0.625897 0.221271 1.731045
v -0.626882 0.316741 1.545976
v -0.627071 0.353887 1.516686
v -0.626289 0.166120 1.626929
v -0.626154 0.121197 1.641748
v -0.626653 0.335346 1.602373
v -0.626718 0.382628 1.603812
v -0.626702 0.183790 1.541929
v -0.626793 0.148495 1.510434
v -0.626249 0.289670 1.676203
v -0.626093 0.312065 1.717870
v -0.626949 0.266237 1.514731
v -0.627174 0.275865 1.468418
v -0.626419 0.161790 1.597090
v -0.626354 0.114508 1.595651
v -0.626510 0.329210 1.631893
v -0.626496 0.373148 1.649417
v -0.626823 0.207466 1.523260
v -0.626979 0.185071 1.481592
v -0.625911 0.178004 1.713790
v -0.626131 0.202892 1.673562
v -0.626917 0.375939 1.557715
v -0.626783 0.331016 1.572534
v -0.625960 0.267830 1.732462
v -0.626163 0.261036 1.685649
v -0.627160 0.319131 1.485673
v -0.626940 0.294244 1.525901
v -0.626576 0.123988 1.550046
v -0.626562 0.167927 1.567570
v -0.626279 0.348642 1.689029
v -0.626369 0.313346 1.657534
v -0.627111 0.229307 1.467001
v -0.626908 0.236100 1.513814
v -0.635061 0.170507 1.661314
v -0.634941 0.146857 1.679962
v -0.634984 0.228326 1.697083
v -0.634841 0.222196 1.726571
v -0.635854 0.326602 1.538230
v -0.635974 0.350252 1.519582
v -0.635175 0.154166 1.630909
v -0.635089 0.125563 1.640344
v -0.635592 0.347901 1.602796
v -0.635633 0.378006 1.603713
v -0.635648 0.174394 1.533597
v -0.635706 0.151921 1.513544
v -0.635129 0.295610 1.687320
v -0.635030 0.309868 1.713849
v -0.635931 0.268784 1.502460
v -0.636074 0.274913 1.472973
v -0.635323 0.149208 1.596748
v -0.635282 0.119104 1.595832
v -0.635428 0.340876 1.636592
v -0.635419 0.368852 1.647749
v -0.635786 0.201500 1.512224
v -0.635886 0.187241 1.485695
v -0.634855 0.180417 1.709909
v -0.634995 0.196263 1.684296
v -0.635826 0.371547 1.559200
v -0.635740 0.342944 1.568635
v -0.634902 0.267154 1.727939
v -0.635031 0.262829 1.698134
v -0.636061 0.316692 1.489635
v -0.635920 0.300847 1.515248
v -0.635497 0.128258 1.551795
v -0.635487 0.156233 1.562952
v -0.635210 0.345188 1.685999
v -0.635267 0.322715 1.665947
v -0.636013 0.229955 1.471604
v -0.635884 0.234280 1.501410
v -0.639899 0.158675 1.670661
v -0.639811 0.225253 1.711850
v -0.640812 0.338420 1.528929
v -0.640030 0.139857 1.635649
v -0.640510 0.362947 1.603277
v -0.640575 0.163151 1.523593
v -0.639977 0.302732 1.700607
v -0.640901 0.271841 1.487739
v -0.640201 0.134148 1.596312
v -0.640321 0.354856 1.642193
v -0.640734 0.194363 1.498982
v -0.639822 0.188333 1.697125
v -0.640681 0.357238 1.563940
v -0.639864 0.264984 1.713059
v -0.640889 0.308762 1.502464
v -0.640390 0.142238 1.557396
v -0.640136 0.333945 1.675996
v -0.640847 0.232110 1.486530
v -0.565959 0.154718 1.424670
v -0.566155 0.220163 1.403082
v -0.620610 0.137040 1.392180
v -0.620843 0.214744 1.366547
v -0.620954 0.296528 1.369037
v -0.566249 0.289045 1.405178
v -0.575500 0.068614 -1.414456
v -0.575795 0.058717 -1.482655
v -0.576333 0.455394 -1.470581
v -0.576005 0.441369 -1.403110
v -0.576444 0.108999 -1.608731
v -0.575409 0.350998 -1.301835
v -0.575213 0.285553 -1.280246
v -0.576988 0.361452 -1.645364
v -0.576123 0.072743 -1.550126
v -0.575140 0.152660 -1.307872
v -0.575272 0.101241 -1.353755
v -0.575683 0.405112 -1.344505
v -0.575119 0.216671 -1.282343
v -0.576856 0.412871 -1.599481
v -0.636705 0.140662 -1.384633
v -0.636591 0.226821 -1.331331
v -0.637887 0.373266 -1.568045
v -0.636875 0.116310 -1.429941
v -0.637497 0.405005 -1.471833
v -0.637580 0.146454 -1.574949
v -0.636807 0.327083 -1.345880
v -0.638001 0.287109 -1.621347
v -0.637096 0.108923 -1.480845
v -0.637251 0.394536 -1.421472
v -0.637785 0.186845 -1.606798
v -0.636606 0.179042 -1.350387
v -0.637717 0.397618 -1.522738
v -0.636660 0.278235 -1.329766
v -0.637986 0.334886 -1.602292
v -0.637340 0.119392 -1.531206
v -0.637012 0.367474 -1.377729
v -0.576628 0.445497 -1.538779
v -0.637931 0.235694 -1.622912
v -0.630521 0.475810 -1.389093
v -0.630140 0.432763 -1.319511
v -0.630273 0.021486 -1.483538
v -0.630663 0.038138 -1.563647
v -0.631689 0.380925 -1.676723
v -0.629814 0.368512 -1.268848
v -0.629581 0.290809 -1.243216
v -0.631044 0.081186 -1.633228
v -0.630911 0.492463 -1.469202
v -0.629922 0.033236 -1.402564
v -0.631532 0.441976 -1.622246
v -0.631262 0.480712 -1.550175
v -0.629470 0.209025 -1.245705
v -0.629495 0.133024 -1.276016
v -0.629652 0.071973 -1.330492
v -0.637079 0.214337 -1.442727
v -0.637043 0.228404 -1.430175
v -0.637037 0.245916 -1.423191
v -0.637450 0.308517 -1.493345
v -0.637513 0.299591 -1.509951
v -0.637141 0.205412 -1.459333
v -0.637369 0.311225 -1.474687
v -0.637400 0.216460 -1.512482
v -0.637063 0.264761 -1.422617
v -0.637116 0.282664 -1.428523
v -0.637549 0.285524 -1.522504
v -0.637554 0.268013 -1.529488
v -0.637312 0.206541 -1.496449
v -0.637222 0.202704 -1.477991
v -0.637192 0.297468 -1.440196
v -0.637280 0.307388 -1.456229
v -0.637529 0.249169 -1.530061
v -0.637475 0.231264 -1.524155
v -0.637416 0.156333 -1.663571
v -0.636651 0.454402 -1.397599
v -0.636427 0.044504 -1.482809
v -0.637726 0.300226 -1.684451
v -0.636012 0.357597 -1.289113
v -0.637122 0.098366 -1.617863
v -0.637002 0.469427 -1.469875
v -0.636110 0.055105 -1.409753
v -0.637563 0.423877 -1.607955
v -0.635702 0.213705 -1.268233
v -0.635866 0.090054 -1.344729
v -0.637627 0.226439 -1.686697
v -0.636307 0.415565 -1.334821
v -0.636778 0.059528 -1.555084
v -0.637704 0.368795 -1.657104
v -0.635802 0.287491 -1.265987
v -0.637319 0.458825 -1.542930
v -0.635725 0.145134 -1.295580
v -0.648294 0.238871 -1.509922
v -0.648331 0.251465 -1.514076
v -0.648156 0.292414 -1.462145
v -0.648094 0.285438 -1.450868
v -0.648116 0.218783 -1.477451
v -0.648179 0.221482 -1.490435
v -0.648349 0.264719 -1.513673
v -0.648346 0.277036 -1.508760
v -0.648041 0.275025 -1.442657
v -0.648004 0.262432 -1.438503
v -0.648241 0.228459 -1.501712
v -0.648219 0.295113 -1.475128
v -0.648059 0.220687 -1.464328
v -0.648320 0.286931 -1.499932
v -0.648276 0.293209 -1.488251
v -0.647986 0.249177 -1.438907
v -0.647990 0.236859 -1.443819
v -0.648015 0.226966 -1.452648
v -0.648852 0.234049 -1.634088
v -0.647862 0.375922 -1.370127
v -0.648215 0.108840 -1.535359
v -0.648910 0.340837 -1.611889
v -0.647483 0.279847 -1.318491
v -0.648621 0.408374 -1.526241
v -0.647425 0.173058 -1.340690
v -0.649042 0.227679 -1.677985
v -0.648694 0.181459 -1.616740
v -0.647777 0.409018 -1.340595
v -0.648120 0.405056 -1.417221
v -0.648229 0.067639 -1.551790
v -0.647952 0.097569 -1.481141
v -0.649117 0.364174 -1.649610
v -0.648927 0.289401 -1.632403
v -0.647293 0.286218 -1.274595
v -0.647641 0.332437 -1.335839
v -0.648473 0.137975 -1.582452
v -0.648383 0.416326 -1.471438
v -0.647714 0.105522 -1.426338
v -0.648747 0.450498 -1.540137
v -0.648804 0.382157 -1.575019
v -0.647218 0.149721 -1.302969
v -0.647408 0.224496 -1.320176
v -0.647531 0.131739 -1.377560
v -0.648841 0.160459 -1.655811
v -0.648106 0.446257 -1.400789
v -0.647892 0.053233 -1.482490
v -0.649138 0.298429 -1.675832
v -0.647494 0.353437 -1.296769
v -0.648558 0.104878 -1.611984
v -0.648443 0.460663 -1.470089
v -0.647588 0.063398 -1.412442
v -0.648981 0.416988 -1.602484
v -0.647197 0.215468 -1.276748
v -0.647354 0.096908 -1.350096
v -0.656665 0.230852 -1.656001
v -0.655537 0.392459 -1.355326
v -0.655940 0.088228 -1.543539
v -0.656732 0.352494 -1.630715
v -0.655106 0.283021 -1.296508
v -0.656402 0.429425 -1.533154
v -0.655040 0.161378 -1.321795
v -0.656486 0.170948 -1.636240
v -0.655831 0.425646 -1.408970
v -0.655640 0.075390 -1.481781
v -0.656751 0.293903 -1.654082
v -0.655285 0.342925 -1.316269
v -0.656234 0.121415 -1.597183
v -0.656131 0.438483 -1.470728
v -0.655369 0.084449 -1.419355
v -0.656611 0.399561 -1.588716
v -0.655021 0.219970 -1.298427
v -0.655161 0.114312 -1.363793
v -0.636949 0.188791 -1.422583
v -0.636761 0.151646 -1.393294
v -0.636882 0.239295 -1.391339
v -0.636657 0.229667 -1.345026
v -0.637642 0.325137 -1.530095
v -0.637831 0.362283 -1.559384
v -0.637049 0.174517 -1.449142
v -0.636914 0.129593 -1.434323
v -0.637414 0.343742 -1.473698
v -0.637477 0.391025 -1.472259
v -0.637462 0.192186 -1.534142
v -0.637553 0.156891 -1.565636
v -0.637009 0.298066 -1.399867
v -0.636853 0.320461 -1.358201
v -0.637709 0.274633 -1.561339
v -0.637934 0.284262 -1.607653
v -0.637178 0.170187 -1.478980
v -0.637114 0.122904 -1.480420
v -0.637270 0.337606 -1.444177
v -0.637256 0.381544 -1.426654
v -0.637583 0.215862 -1.552811
v -0.637739 0.193467 -1.594478
v -0.636671 0.186401 -1.362281
v -0.636891 0.211288 -1.402509
v -0.637677 0.384335 -1.518356
v -0.637543 0.339412 -1.503536
v -0.636720 0.276226 -1.343609
v -0.636923 0.269432 -1.390422
v -0.637920 0.327528 -1.590397
v -0.637700 0.302640 -1.550169
v -0.637336 0.132384 -1.526025
v -0.637322 0.176323 -1.508501
v -0.637039 0.357038 -1.387042
v -0.637129 0.321742 -1.418536
v -0.637871 0.237703 -1.609070
v -0.637668 0.244496 -1.562257
v -0.645821 0.178903 -1.414757
v -0.645701 0.155253 -1.396108
v -0.645744 0.236722 -1.378987
v -0.645601 0.230592 -1.349500
v -0.646614 0.334998 -1.537840
v -0.646734 0.358649 -1.556489
v -0.645935 0.162562 -1.445162
v -0.645849 0.133960 -1.435727
v -0.646352 0.356297 -1.473274
v -0.646393 0.386402 -1.472358
v -0.646408 0.182790 -1.542473
v -0.646466 0.160317 -1.562526
v -0.645889 0.304006 -1.388751
v -0.645790 0.318264 -1.362221
v -0.646691 0.277180 -1.573610
v -0.646834 0.283310 -1.603098
v -0.646083 0.157604 -1.479322
v -0.646042 0.127500 -1.480239
v -0.646188 0.349272 -1.439479
v -0.646179 0.377248 -1.428321
v -0.646546 0.209896 -1.563846
v -0.646646 0.195637 -1.590376
v -0.645615 0.188814 -1.366161
v -0.645755 0.204660 -1.391774
v -0.646586 0.379943 -1.516870
v -0.646500 0.351341 -1.507435
v -0.645662 0.275550 -1.348131
v -0.645791 0.271225 -1.377937
v -0.646821 0.325088 -1.586436
v -0.646680 0.309243 -1.560822
v -0.646257 0.136654 -1.524276
v -0.646247 0.164629 -1.513119
v -0.645969 0.353584 -1.390071
v -0.646027 0.331112 -1.410124
v -0.646773 0.238351 -1.604466
v -0.646644 0.242677 -1.574661
v -0.650659 0.167071 -1.405410
v -0.650570 0.233650 -1.364221
v -0.651572 0.346817 -1.547142
v -0.650790 0.148253 -1.440422
v -0.651270 0.371343 -1.472794
v -0.651335 0.171547 -1.552477
v -0.650737 0.311128 -1.375464
v -0.651661 0.280237 -1.588331
v -0.650961 0.142544 -1.479758
v -0.651081 0.363253 -1.433877
v -0.651494 0.202759 -1.577089
v -0.650582 0.196729 -1.378946
v -0.651441 0.365634 -1.512130
v -0.650624 0.273380 -1.363011
v -0.651649 0.317158 -1.573607
v -0.651150 0.150634 -1.518675
v -0.650896 0.342341 -1.400075
v -0.651607 0.240507 -1.589541
v -0.576719 0.163114 -1.651401
v -0.576915 0.228559 -1.672989
v -0.631370 0.145436 -1.683891
v -0.631603 0.223140 -1.709523
v -0.631713 0.304924 -1.707034
v -0.577009 0.297441 -1.670892
v 0.845310 0.011832 -1.596899
v 0.845661 0.000080 -1.515925
v 0.846298 0.471059 -1.530261
v 0.845909 0.454407 -1.610370
v 0.846431 0.059781 -1.366234
v 0.846758 0.124032 -1.315571
v 0.845201 0.347108 -1.730614
v 0.844968 0.269405 -1.756247
v 0.847101 0.283520 -1.292428
v 0.847077 0.359521 -1.322739
v 0.846050 0.016734 -1.435816
v 0.844882 0.111619 -1.723446
v 0.845039 0.050569 -1.668970
v 0.845528 0.411359 -1.679952
v 0.846991 0.201736 -1.289939
v 0.844858 0.187620 -1.753757
v 0.846920 0.420572 -1.377216
v 0.846650 0.459309 -1.449287
v 0.856070 0.024921 1.520437
v 0.856421 0.013170 1.601411
v 0.857059 0.484149 1.587075
v 0.856669 0.467496 1.506966
v 0.857192 0.072870 1.751102
v 0.857518 0.137121 1.801765
v 0.855961 0.360198 1.386721
v 0.855729 0.282494 1.361089
v 0.857862 0.296609 1.824908
v 0.857837 0.372611 1.794597
v 0.856811 0.029823 1.681520
v 0.855642 0.124709 1.393889
v 0.855799 0.063658 1.448366
v 0.856288 0.424448 1.437384
v 0.857751 0.214825 1.827397
v 0.855618 0.200710 1.363579
v 0.857680 0.433661 1.740120
v 0.857410 0.472398 1.668049
v -0.564634 0.024921 1.673259
v -0.564985 0.013170 1.592285
v -0.565623 0.484149 1.606621
v -0.565233 0.467496 1.686730
v -0.565756 0.072870 1.442594
v -0.566082 0.137121 1.391931
v -0.564526 0.360198 1.806975
v -0.564293 0.282494 1.832607
v -0.566426 0.296610 1.368788
v -0.566401 0.372611 1.399099
v -0.565375 0.029823 1.512176
v -0.564207 0.124709 1.799807
v -0.564363 0.063658 1.745330
v -0.564852 0.424448 1.756312
v -0.566315 0.214825 1.366299
v -0.564182 0.200710 1.830117
v -0.566244 0.433661 1.453576
v -0.565974 0.472398 1.525647
v -0.575394 0.033317 -1.402812
v -0.575745 0.021566 -1.483786
v -0.576383 0.492545 -1.469450
v -0.575993 0.475892 -1.389341
v -0.576516 0.081267 -1.633477
v -0.576842 0.145518 -1.684139
v -0.575285 0.368594 -1.269096
v -0.575053 0.290891 -1.243464
v -0.577186 0.305006 -1.707282
v -0.577161 0.381007 -1.676972
v -0.576135 0.038219 -1.563895
v -0.574966 0.133105 -1.276264
v -0.575123 0.072055 -1.330741
v -0.575612 0.432844 -1.319759
v -0.577075 0.223221 -1.709772
v -0.574942 0.209106 -1.245953
v -0.577004 0.442057 -1.622495
v -0.576734 0.480795 -1.550423
v 0.884509 0.037174 -1.517232
v 0.885045 0.433850 -1.529307
v 0.883985 0.079697 -1.646133
v 0.884396 0.383568 -1.655382
v 0.884213 0.047071 -1.585432
v 0.884717 0.419825 -1.596777
v 0.885158 0.087456 -1.391157
v 0.885569 0.391328 -1.400406
v 0.884837 0.051200 -1.449761
v 0.885342 0.423954 -1.461107
v 0.885433 0.141570 -1.348486
v 0.885701 0.339909 -1.354524
v 0.883853 0.131116 -1.692015
v 0.884121 0.329454 -1.698052
v 0.895269 0.050263 1.600104
v 0.895806 0.446940 1.588029
v 0.894745 0.092786 1.471203
v 0.895157 0.396658 1.461954
v 0.894973 0.060160 1.531904
v 0.895478 0.432914 1.520558
v 0.895918 0.100545 1.726179
v 0.896329 0.404417 1.716930
v 0.895597 0.064289 1.667574
v 0.896102 0.437043 1.656228
v 0.896193 0.154660 1.768849
v 0.896462 0.352998 1.762812
v 0.894613 0.144205 1.425320
v 0.894882 0.342544 1.419284
v -0.603833 0.050263 1.593592
v -0.604370 0.446940 1.605666
v -0.603310 0.092786 1.722493
v -0.603721 0.396658 1.731742
v -0.603537 0.060160 1.661792
v -0.604042 0.432914 1.673137
v -0.604482 0.100545 1.467517
v -0.604893 0.404417 1.476766
v -0.604161 0.064289 1.526122
v -0.604666 0.437043 1.537468
v -0.604757 0.154660 1.424846
v -0.605026 0.352998 1.430884
v -0.603177 0.144205 1.768375
v -0.603446 0.342544 1.774412
v -0.614593 0.058659 -1.482478
v -0.615130 0.455336 -1.470404
v -0.614070 0.101183 -1.353578
v -0.614481 0.405054 -1.344328
v -0.614297 0.068556 -1.414279
v -0.614802 0.441311 -1.402933
v -0.615242 0.108941 -1.608554
v -0.615654 0.412813 -1.599305
v -0.614921 0.072685 -1.549949
v -0.615426 0.445439 -1.538603
v -0.615517 0.163056 -1.651224
v -0.615786 0.361394 -1.645187
v -0.613937 0.152602 -1.307695
v -0.614206 0.350940 -1.301658
v 0.883925 0.264009 -1.719640
v 0.885722 0.275898 -1.328995
v 0.885629 0.207015 -1.326898
v 0.883832 0.195127 -1.717544
v 0.894686 0.277099 1.397695
v 0.896482 0.288987 1.788341
v 0.896389 0.220105 1.790438
v 0.894592 0.208216 1.399792
v -0.603250 0.277099 1.796001
v -0.605046 0.288987 1.405355
v -0.604953 0.220105 1.403258
v -0.603157 0.208216 1.793904
v -0.614010 0.285495 -1.280070
v -0.615806 0.297383 -1.670716
v -0.615713 0.228501 -1.672812
v -0.613916 0.216613 -1.282167
vn 0.8223 -0.3777 -0.4256
vn 0.9665 -0.0831 0.2430
vn 0.9652 0.2201 -0.1415
vn 0.9653 -0.2565 0.0486
vn 0.9667 0.0951 0.2376
vn 0.9644 0.0802 -0.2518
vn 0.9661 -0.1628 0.2002
vn 0.9656 0.2536 -0.0574
vn 0.9649 -0.2593 -0.0418
vn 0.9664 0.2280 0.1189
vn 0.9642 -0.0980 -0.2464
vn 0.9666 0.0065 0.2560
vn 0.9657 -0.2230 0.1327
vn 0.9648 0.1599 -0.2090
vn 0.9660 0.2564 0.0330
vn 0.9645 -0.2309 -0.1277
vn 0.9666 0.1720 0.1900
vn 0.9643 -0.0094 -0.2648
vn 0.9643 -0.1749 -0.1988
vn 0.7134 -0.0223 -0.7004
vn 0.8275 0.2082 0.5214
vn 0.8222 -0.0184 -0.5689
vn 0.7158 0.5921 -0.3702
vn 0.8245 -0.5548 0.1113
vn 0.8273 0.3752 0.4181
vn 0.7185 -0.4329 0.5444
vn 1.0000 -0.0015 -0.0046
vn 1.0000 -0.0015 -0.0045
vn 0.5976 -0.0252 -0.8014
vn 0.5974 -0.2969 -0.7450
vn 0.6008 -0.7833 0.1599
vn 0.5977 -0.5329 -0.5989
vn 0.6049 0.0234 0.7959
vn 0.6051 0.2951 0.7395
vn 0.6022 -0.6804 0.4177
vn 0.5982 0.2494 -0.7616
vn 0.5991 0.4939 -0.6302
vn 0.6034 -0.4957 0.6247
vn 0.6029 0.7899 0.1120
vn 0.6017 0.7815 -0.1654
vn 0.5985 -0.7047 -0.3810
vn 0.5996 -0.7917 -0.1175
vn 0.6043 -0.2512 0.7561
vn 0.6047 0.5311 0.5935
vn 0.6040 0.7030 0.3756
vn 0.6003 0.6786 -0.4231
vn 0.8241 0.4796 -0.3012
vn 0.8228 -0.4993 -0.2715
vn 0.7151 -0.6913 -0.1034
vn 0.8270 -0.1784 0.5332
vn 0.7139 0.2174 -0.6656
vn 0.8260 0.5583 0.0775
vn 0.7190 0.6133 0.3269
vn 0.7174 -0.5942 0.3637
vn 0.8233 0.3489 -0.4478
vn 0.7136 -0.4654 -0.5236
vn 0.7170 0.6818 -0.1452
vn 0.8254 -0.4821 0.2938
vn 0.7198 0.0201 0.6939
vn 0.7133 -0.2594 -0.6511
vn 0.8274 0.0160 0.5614
vn 0.7197 0.4633 0.5171
vn 0.7193 -0.2196 0.6591
vn 0.8221 -0.2107 -0.5290
vn 0.9414 -0.2232 -0.2529
vn 0.9413 -0.0115 -0.3373
vn 0.9443 0.2204 0.2443
vn 0.9417 -0.2949 -0.1620
vn 0.9436 0.3283 0.0436
vn 0.9420 0.2049 -0.2659
vn 0.9432 -0.2848 0.1710
vn 0.9444 0.0087 0.3287
vn 0.9413 -0.1248 -0.3138
vn 0.9440 0.2921 0.1534
vn 0.9421 -0.3312 -0.0521
vn 0.9430 0.3248 -0.0721
vn 0.9437 -0.2077 0.2573
vn 0.9416 0.1030 -0.3207
vn 0.9444 0.1220 0.3052
vn 0.9427 -0.3276 0.0635
vn 0.9425 0.2820 -0.1796
vn 0.9441 -0.1058 0.3121
vn 0.8226 0.1759 -0.5407
vn 0.7200 0.2573 0.6446
vn 0.8263 -0.3513 0.4402
vn 0.7142 -0.6154 -0.3334
vn 0.8251 0.5524 -0.1188
vn 0.7181 0.6891 0.0969
vn 0.8236 -0.5608 -0.0849
vn 0.7163 -0.6839 0.1387
vn 0.8267 0.4968 0.2639
vn 0.7148 0.4308 -0.5509
vn 0.9425 0.2819 -0.1796
vn 0.9421 -0.3311 -0.0521
vn 0.4531 -0.8732 0.1793
vn 0.8088 -0.3904 -0.4398
vn 0.4493 -0.3308 -0.8299
vn 0.8117 0.5711 -0.1227
vn 0.4495 -0.0278 -0.8929
vn 0.8142 0.2153 0.5392
vn 0.4579 0.3295 0.8257
vn 0.8140 0.0166 0.5806
vn 0.4577 0.0264 0.8887
vn 0.8086 -0.2177 -0.5466
vn 0.4496 -0.5941 -0.6670
vn 0.8087 -0.0190 -0.5880
vn 0.4502 0.2785 -0.8484
vn 0.8139 0.3880 0.4324
vn 0.4546 -0.7586 0.4668
vn 0.8136 -0.1843 0.5514
vn 0.8107 0.4959 -0.3112
vn 0.4559 -0.5525 0.6978
vn 0.9482 -0.2102 -0.2383
vn 0.9481 -0.0110 -0.3178
vn 0.9509 0.2074 0.2297
vn 0.9485 -0.2776 -0.1528
vn 0.9502 0.3089 0.0407
vn 0.9487 0.1928 -0.2506
vn 0.9499 -0.2681 0.1607
vn 0.9510 0.0081 0.3092
vn 0.9480 -0.1176 -0.2956
vn 0.9506 0.2748 0.1441
vn 0.9489 -0.3118 -0.0494
vn 0.9497 0.3056 -0.0682
vn 0.9504 -0.1956 0.2419
vn 0.9483 0.0968 -0.3021
vn 0.9510 0.1148 0.2870
vn 0.9494 -0.3085 0.0595
vn 0.9492 0.2653 -0.1693
vn 0.9508 -0.0997 0.2935
vn 0.8093 -0.5161 -0.2804
vn 0.4575 0.5927 0.6629
vn 0.8120 -0.4983 0.3038
vn 0.4566 0.7843 0.4199
vn 0.8134 0.5137 0.2730
vn 0.4526 0.7572 -0.4709
vn 0.8126 0.5773 0.0803
vn 0.4504 -0.7857 -0.4240
vn 0.8091 0.1819 -0.5588
vn 0.4518 -0.8826 -0.1300
vn 0.8101 -0.5797 -0.0876
vn 0.4570 -0.2799 0.8443
vn 0.8110 -0.5735 0.1153
vn 0.4555 0.8813 0.1259
vn 0.4541 0.8719 -0.1835
vn 0.8129 -0.3632 0.4553
vn 0.8098 0.3607 -0.4627
vn 0.4512 0.5511 -0.7019
vn 0.9483 0.0968 -0.3022
vn 0.9497 0.3056 -0.0681
vn 0.9487 0.1927 -0.2506
vn 0.9494 -0.3084 0.0595
vn 0.9489 -0.3118 -0.0493
vn 0.9510 0.0081 0.3091
vn 0.0048 -0.3704 0.9288
vn 0.0011 0.8504 0.5261
vn -0.0021 -0.9896 -0.1436
vn -0.0039 -0.3133 -0.9497
vn -0.0035 0.8808 -0.4734
vn -0.0011 0.8504 -0.5261
vn 0.0027 0.6192 0.7852
vn 0.0044 -0.6658 0.7461
vn 0.9664 0.2281 0.1189
vn 0.9646 -0.2309 -0.1277
vn 0.8275 0.2083 0.5214
vn 0.8222 -0.0185 -0.5689
vn 0.8273 0.3752 0.4182
vn 0.6008 -0.7832 0.1599
vn 0.6033 -0.4957 0.6247
vn 0.6017 0.7814 -0.1654
vn 0.6048 0.5311 0.5935
vn 0.6040 0.7029 0.3755
vn 0.8242 0.4796 -0.3012
vn 0.7191 0.6133 0.3269
vn 0.8254 -0.4821 0.2937
vn 0.7199 0.0202 0.6938
vn 0.8221 -0.2106 -0.5290
vn 0.9436 0.3283 0.0435
vn 0.9445 0.1220 0.3052
vn 0.8263 -0.3514 0.4402
vn 0.8251 0.5524 -0.1189
vn 0.7181 0.6892 0.0969
vn 0.9440 0.2921 0.1535
vn 0.4493 -0.3308 -0.8298
vn 0.8141 0.2153 0.5393
vn 0.4497 -0.5940 -0.6670
vn 0.4560 -0.5525 0.6977
vn 0.9485 -0.2777 -0.1528
vn 0.8120 -0.4983 0.3039
vn 0.4566 0.7843 0.4198
vn 0.8126 0.5773 0.0802
vn 0.4505 -0.7857 -0.4240
vn 0.4517 -0.8826 -0.1300
vn 0.4513 0.5511 -0.7019
vn 0.0035 0.8808 0.4734
vn 0.0005 -0.9791 -0.2035
vn -0.0046 0.0304 -0.9995
vn -0.0044 -0.6658 -0.7461
vn -0.0021 0.9896 -0.1436
vn 0.0039 0.3133 0.9497
vn 0.0046 0.0304 0.9995
vn -0.0035 -0.8808 -0.4734
vn -0.8223 -0.3777 0.4256
vn -0.9665 -0.0831 -0.2430
vn -0.9652 0.2201 0.1415
vn -0.9653 -0.2565 -0.0486
vn -0.9667 0.0951 -0.2376
vn -0.9644 0.0802 0.2518
vn -0.9661 -0.1628 -0.2002
vn -0.9656 0.2536 0.0574
vn -0.9649 -0.2593 0.0418
vn -0.9664 0.2281 -0.1189
vn -0.9642 -0.0980 0.2464
vn -0.9666 0.0065 -0.2560
vn -0.9657 -0.2230 -0.1327
vn -0.9648 0.1599 0.2090
vn -0.9660 0.2564 -0.0330
vn -0.9645 -0.2309 0.1277
vn -0.9666 0.1720 -0.1900
vn -0.9643 -0.0094 0.2648
vn -0.9643 -0.1749 0.1988
vn -0.7134 -0.0223 0.7004
vn -0.8275 0.2083 -0.5214
vn -0.8222 -0.0184 0.5689
vn -0.7158 0.5921 0.3702
vn -0.8245 -0.5548 -0.1113
vn -0.8272 0.3752 -0.4182
vn -0.7185 -0.4329 -0.5444
vn -1.0000 -0.0015 0.0046
vn -1.0000 -0.0015 0.0045
vn -0.5976 -0.0252 0.8014
vn -0.5974 -0.2969 0.7449
vn -0.6008 -0.7832 -0.1599
vn -0.5977 -0.5329 0.5989
vn -0.6049 0.0234 -0.7959
vn -0.6051 0.2951 -0.7395
vn -0.6022 -0.6804 -0.4177
vn -0.5982 0.2494 0.7616
vn -0.5991 0.4939 0.6302
vn -0.6033 -0.4957 -0.6247
vn -0.6029 0.7899 -0.1120
vn -0.6017 0.7814 0.1654
vn -0.5985 -0.7047 0.3810
vn -0.5996 -0.7917 0.1175
vn -0.6043 -0.2512 -0.7561
vn -0.6047 0.5311 -0.5935
vn -0.6040 0.7030 -0.3756
vn -0.6003 0.6786 0.4231
vn -0.8241 0.4796 0.3012
vn -0.8228 -0.4993 0.2715
vn -0.7151 -0.6913 0.1034
vn -0.8270 -0.1784 -0.5332
vn -0.7139 0.2174 0.6656
vn -0.8260 0.5583 -0.0775
vn -0.7190 0.6133 -0.3269
vn -0.7174 -0.5942 -0.3637
vn -0.8233 0.3489 0.4478
vn -0.7136 -0.4654 0.5236
vn -0.7170 0.6818 0.1452
vn -0.8254 -0.4821 -0.2938
vn -0.7198 0.0201 -0.6939
vn -0.7133 -0.2594 0.6511
vn -0.8274 0.0160 -0.5614
vn -0.7197 0.4633 -0.5171
vn -0.7193 -0.2196 -0.6591
vn -0.8221 -0.2106 0.5290
vn -0.9414 -0.2232 0.2529
vn -0.9413 -0.0115 0.3373
vn -0.9443 0.2204 -0.2443
vn -0.9417 -0.2949 0.1620
vn -0.9436 0.3283 -0.0435
vn -0.9420 0.2049 0.2659
vn -0.9432 -0.2848 -0.1710
vn -0.9444 0.0087 -0.3287
vn -0.9413 -0.1248 0.3138
vn -0.9440 0.2921 -0.1534
vn -0.9421 -0.3312 0.0521
vn -0.9430 0.3248 0.0721
vn -0.9437 -0.2077 -0.2573
vn -0.9416 0.1030 0.3207
vn -0.9444 0.1220 -0.3052
vn -0.9427 -0.3276 -0.0635
vn -0.9425 0.2819 0.1796
vn -0.9441 -0.1058 -0.3121
vn -0.8226 0.1759 0.5407
vn -0.7200 0.2573 -0.6446
vn -0.8263 -0.3514 -0.4402
vn -0.7142 -0.6154 0.3334
vn -0.8251 0.5524 0.1188
vn -0.7181 0.6891 -0.0969
vn -0.8236 -0.5608 0.0849
vn -0.7163 -0.6839 -0.1387
vn -0.8267 0.4969 -0.2639
vn -0.7148 0.4308 0.5509
vn -0.9436 0.3283 -0.0436
vn -0.9421 -0.3311 0.0521
vn -0.4531 -0.8732 -0.1793
vn -0.8088 -0.3904 0.4398
vn -0.4493 -0.3308 0.8299
vn -0.8117 0.5711 0.1227
vn -0.4495 -0.0278 0.8928
vn -0.8141 0.2153 -0.5393
vn -0.4579 0.3295 -0.8257
vn -0.8140 0.0166 -0.5806
vn -0.4577 0.0264 -0.8887
vn -0.8086 -0.2177 0.5466
vn -0.4497 -0.5940 0.6670
vn -0.8087 -0.0190 0.5880
vn -0.4502 0.2785 0.8484
vn -0.8139 0.3880 -0.4324
vn -0.4546 -0.7586 -0.4668
vn -0.8136 -0.1843 -0.5514
vn -0.8107 0.4959 0.3112
vn -0.4560 -0.5525 -0.6977
vn -0.9482 -0.2102 0.2383
vn -0.9481 -0.0110 0.3178
vn -0.9509 0.2074 -0.2297
vn -0.9485 -0.2777 0.1528
vn -0.9502 0.3089 -0.0407
vn -0.9487 0.1928 0.2506
vn -0.9499 -0.2681 -0.1607
vn -0.9510 0.0081 -0.3091
vn -0.9481 -0.1176 0.2956
vn -0.9506 0.2748 -0.1441
vn -0.9489 -0.3118 0.0494
vn -0.9497 0.3056 0.0682
vn -0.9504 -0.1956 -0.2419
vn -0.9483 0.0968 0.3021
vn -0.9510 0.1148 -0.2870
vn -0.9494 -0.3085 -0.0595
vn -0.9492 0.2653 0.1693
vn -0.9508 -0.0997 -0.2935
vn -0.8093 -0.5161 0.2804
vn -0.4575 0.5927 -0.6629
vn -0.8120 -0.4983 -0.3039
vn -0.4566 0.7843 -0.4198
vn -0.8134 0.5137 -0.2730
vn -0.4526 0.7572 0.4709
vn -0.8126 0.5773 -0.0802
vn -0.4505 -0.7857 0.4240
vn -0.8091 0.1819 0.5588
vn -0.4517 -0.8827 0.1300
vn -0.8101 -0.5797 0.0876
vn -0.4570 -0.2799 -0.8443
vn -0.8110 -0.5735 -0.1153
vn -0.4554 0.8813 -0.1259
vn -0.4541 0.8719 0.1835
vn -0.8129 -0.3632 -0.4553
vn -0.8098 0.3607 0.4627
vn -0.4512 0.5511 0.7019
vn -0.9480 -0.1176 0.2956
vn -0.9509 0.2073 -0.2297
vn -0.0011 -0.8504 -0.5261
vn -0.0039 0.3133 -0.9497
vn 0.0048 0.3704 0.9288
vn -0.0044 0.6658 -0.7461
vn 0.0011 -0.8504 0.5261
vn -0.0046 -0.0304 -0.9995
vn -0.0005 0.9791 0.2035
vn 0.0044 0.6658 0.7461
vn -0.8275 0.2082 -0.5215
vn -0.8273 0.3752 -0.4181
vn -0.6049 0.0234 -0.7960
vn -0.6021 -0.6804 -0.4177
vn -0.5995 -0.7917 0.1175
vn -0.6040 0.7029 -0.3755
vn -0.8221 -0.2107 0.5290
vn -0.8263 -0.3514 -0.4403
vn -0.8267 0.4968 -0.2639
vn -0.9432 -0.2847 -0.1710
vn -0.4495 -0.0278 0.8929
vn -0.8139 0.3880 -0.4325
vn -0.9485 -0.2776 0.1528
vn -0.4567 0.7843 -0.4198
vn -0.4504 -0.7857 0.4240
vn -0.4555 0.8813 -0.1259
vn -0.9487 0.1927 0.2506
vn -0.9494 -0.3084 -0.0595
vn -0.9509 0.2074 -0.2296
vn 0.0026 -0.6192 0.7852
vn 0.0005 0.9791 -0.2035
vn -0.0048 -0.3704 -0.9288
vn 0.0026 0.6192 0.7852
vn 0.0021 0.9896 0.1436
vn 0.0006 0.9791 -0.2035
vn -0.0026 0.6192 -0.7852
vn 0.0039 -0.3133 0.9497
vn 0.0027 -0.6192 0.7852
vn -0.0005 -0.9791 0.2035
vn -0.0006 0.9791 0.2035
vn -0.0048 0.3704 -0.9288
vn -0.0027 -0.6192 -0.7852
vn 0.0021 -0.9896 0.1436
vn 0.0035 -0.8808 0.4734
vn 0.0046 -0.0304 0.9995
vn -1.0000 0.0015 0.0046
vn -1.0000 0.0015 0.0045
vn 1.0000 0.0015 -0.0046
vn 1.0000 0.0015 -0.0045
vn -0.0026 -0.6192 -0.7852
vn -0.0027 0.6192 -0.7852
vn 0.8223 -0.3777 -0.4257
vn 0.9664 0.2281 0.1190
vn 0.9667 0.0065 0.2560
vn 0.8275 0.2082 0.5215
vn 0.7159 0.5920 -0.3702
vn 0.8245 -0.5549 0.1113
vn 0.5974 -0.2969 -0.7449
vn 0.6021 -0.6804 0.4177
vn 0.5981 0.2494 -0.7616
vn 0.5995 -0.7917 -0.1175
vn 0.6040 0.7030 0.3755
vn 0.8228 -0.4993 -0.2714
vn 0.7198 0.0201 0.6938
vn 0.7200 0.2573 0.6445
vn 0.8236 -0.5608 -0.0850
vn 0.7162 -0.6839 0.1387
vn 0.9414 -0.2233 -0.2529
vn 0.9444 0.0087 0.3288
vn 0.4532 -0.8732 0.1793
vn 0.8117 0.5711 -0.1226
vn 0.4495 -0.0278 -0.8928
vn 0.8086 -0.2178 -0.5466
vn 0.8087 -0.0190 -0.5879
vn 0.8139 0.3880 0.4325
vn 0.4545 -0.7586 0.4668
vn 0.9484 -0.2777 -0.1528
vn 0.9510 0.1148 0.2869
vn 0.9507 -0.0997 0.2935
vn 0.4576 0.5926 0.6629
vn 0.4567 0.7843 0.4199
vn 0.4506 -0.7857 -0.4239
vn 0.4571 -0.2799 0.8443
vn 0.4540 0.8719 -0.1835
vn 0.9481 -0.0109 -0.3178
vn 0.9664 -0.0831 0.2431
vn 0.9645 0.0802 -0.2518
vn 0.7158 0.5920 -0.3702
vn 0.6049 0.0234 0.7960
vn 0.8241 0.4796 -0.3013
vn 0.8260 0.5584 0.0774
vn 0.9432 -0.2847 0.1710
vn 0.8263 -0.3513 0.4403
vn 0.7142 -0.6154 -0.3335
vn 0.4501 0.2785 -0.8484
vn 0.9499 -0.2681 0.1606
vn 0.9506 0.2748 0.1442
vn 0.4576 0.5927 0.6629
vn 0.4506 -0.7857 -0.4240
vn 0.4517 -0.8827 -0.1301
vn 0.4554 0.8813 0.1259
vn -0.8223 -0.3777 0.4257
vn -0.9664 0.2280 -0.1189
vn -0.8245 -0.5549 -0.1113
vn -0.6008 -0.7833 -0.1599
vn -0.8241 0.4796 0.3013
vn -0.8228 -0.4993 0.2714
vn -0.8260 0.5584 -0.0774
vn -0.7135 -0.4654 0.5237
vn -0.8254 -0.4821 -0.2937
vn -0.7198 0.0202 -0.6939
vn -0.9444 0.0087 -0.3288
vn -0.7200 0.2573 -0.6445
vn -0.8263 -0.3513 -0.4403
vn -0.8236 -0.5608 0.0850
vn -0.7162 -0.6839 -0.1387
vn -0.8267 0.4968 -0.2640
vn -0.4578 0.3295 -0.8257
vn -0.4545 -0.7586 -0.4668
vn -0.4559 -0.5525 -0.6978
vn -0.9506 0.2748 -0.1442
vn -0.4576 0.5927 -0.6629
vn -0.4567 0.7843 -0.4199
vn -0.8126 0.5772 -0.0803
vn -0.4517 -0.8826 0.1300
vn -0.4571 -0.2799 -0.8442
vn -0.4540 0.8719 0.1835
vn -0.4513 0.5511 0.7019
vn -0.9510 0.1148 -0.2869
vn -0.6022 -0.6804 -0.4176
vn -0.6034 -0.4957 -0.6247
vn -0.6048 0.5311 -0.5935
vn -0.4532 -0.8732 -0.1793
vn -0.4496 -0.5940 0.6670
vn -0.8126 0.5773 -0.0803
vn -0.4571 -0.2799 -0.8443
vn -0.9484 -0.2777 0.1528
vn -0.9510 0.1147 -0.2869
vn -0.0038 0.3133 -0.9497
vn 0.0038 0.3133 0.9497
vt 0.555811 0.361936
vt 0.554859 0.361688
vt 0.555360 0.361399
vt 0.547593 0.328973
vt 0.544159 0.329813
vt 0.546947 0.328203
vt 0.540988 0.311831
vt 0.544502 0.311446
vt 0.544159 0.312391
vt 0.537818 0.329813
vt 0.534384 0.328973
vt 0.535029 0.328203
vt 0.550118 0.322711
vt 0.549887 0.326239
vt 0.549016 0.325737
vt 0.535029 0.314000
vt 0.537474 0.311446
vt 0.537818 0.312391
vt 0.544503 0.330757
vt 0.540988 0.330372
vt 0.546947 0.314000
vt 0.532090 0.326239
vt 0.532960 0.325737
vt 0.549887 0.315964
vt 0.550118 0.319492
vt 0.549016 0.316467
vt 0.530869 0.319317
vt 0.532960 0.316467
vt 0.531859 0.319492
vt 0.540988 0.331377
vt 0.540988 0.310827
vt 0.530869 0.322886
vt 0.531859 0.322711
vt 0.551107 0.322886
vt 0.534384 0.313230
vt 0.547606 0.374074
vt 0.548095 0.371724
vt 0.548095 0.374136
vt 0.553479 0.357898
vt 0.554289 0.358458
vt 0.553720 0.358558
vt 0.554289 0.362490
vt 0.553720 0.361688
vt 0.554289 0.361788
vt 0.538610 0.327637
vt 0.540988 0.327561
vt 0.540988 0.328056
vt 0.555929 0.359834
vt 0.556621 0.360534
vt 0.555929 0.360412
vt 0.553219 0.358847
vt 0.540988 0.314642
vt 0.538610 0.314567
vt 0.540988 0.314148
vt 0.545140 0.326050
vt 0.542989 0.326598
vt 0.544748 0.325583
vt 0.540988 0.315252
vt 0.543197 0.315032
vt 0.542989 0.315605
vt 0.538988 0.326598
vt 0.536836 0.326050
vt 0.537228 0.325583
vt 0.546749 0.322117
vt 0.546582 0.324331
vt 0.546054 0.324026
vt 0.537228 0.316621
vt 0.538779 0.315032
vt 0.538988 0.315605
vt 0.543197 0.327172
vt 0.540988 0.326951
vt 0.544748 0.316621
vt 0.535394 0.324331
vt 0.535922 0.324026
vt 0.546582 0.317872
vt 0.546749 0.320086
vt 0.546054 0.318177
vt 0.534627 0.319980
vt 0.535922 0.318177
vt 0.535228 0.320086
vt 0.545140 0.316153
vt 0.534627 0.322223
vt 0.535228 0.322117
vt 0.547349 0.319980
vt 0.536836 0.316153
vt 0.554932 0.361928
vt 0.554421 0.365095
vt 0.554421 0.361880
vt 0.554932 0.365011
vt 0.554456 0.368062
vt 0.558340 0.366602
vt 0.557819 0.369686
vt 0.557852 0.366673
vt 0.554966 0.367856
vt 0.554523 0.370422
vt 0.563064 0.367923
vt 0.563551 0.364766
vt 0.563551 0.367985
vt 0.563064 0.364836
vt 0.563586 0.361752
vt 0.537948 0.329454
vt 0.554456 0.358803
vt 0.555030 0.356517
vt 0.554523 0.356237
vt 0.540988 0.329990
vt 0.562504 0.367985
vt 0.562018 0.364836
vt 0.562504 0.364766
vt 0.562053 0.361947
vt 0.562541 0.361752
vt 0.558308 0.360604
vt 0.557852 0.363453
vt 0.557819 0.360417
vt 0.558340 0.363515
vt 0.563586 0.371022
vt 0.549742 0.319558
vt 0.562541 0.371022
vt 0.562018 0.367923
vt 0.540988 0.312213
vt 0.555731 0.359290
vt 0.552847 0.359290
vt 0.552847 0.360956
vt 0.551957 0.360534
vt 0.552649 0.360412
vt 0.552649 0.359834
vt 0.554859 0.358558
vt 0.555360 0.358847
vt 0.555731 0.360956
vt 0.553219 0.361399
vt 0.556339 0.361307
vt 0.545458 0.315775
vt 0.547010 0.317625
vt 0.555811 0.358309
vt 0.543366 0.327637
vt 0.545458 0.326429
vt 0.552239 0.358939
vt 0.534966 0.324579
vt 0.534140 0.322309
vt 0.543366 0.314567
vt 0.552239 0.361307
vt 0.547836 0.322309
vt 0.547836 0.319894
vt 0.536518 0.326429
vt 0.538779 0.327172
vt 0.556339 0.358939
vt 0.534966 0.317625
vt 0.536518 0.315775
vt 0.547010 0.324579
vt 0.554289 0.357755
vt 0.534140 0.319894
vt 0.533187 0.322478
vt 0.532234 0.319558
vt 0.533187 0.319726
vt 0.533290 0.316658
vt 0.535896 0.315034
vt 0.534128 0.317141
vt 0.548789 0.322478
vt 0.548789 0.319726
vt 0.533290 0.325546
vt 0.534128 0.325063
vt 0.546701 0.314293
vt 0.547848 0.317141
vt 0.546080 0.315034
vt 0.537948 0.312749
vt 0.540988 0.313181
vt 0.538279 0.313658
vt 0.540988 0.329023
vt 0.538279 0.328546
vt 0.547848 0.325063
vt 0.546701 0.327911
vt 0.546080 0.327170
vt 0.548686 0.316658
vt 0.535896 0.327170
vt 0.543697 0.313658
vt 0.543697 0.328546
vt 0.535275 0.314293
vt 0.548686 0.325546
vt 0.544028 0.312749
vt 0.544028 0.329454
vt 0.552767 0.361936
vt 0.535394 0.317872
vt 0.552767 0.358309
vt 0.555584 0.363681
vt 0.555099 0.362348
vt 0.562629 0.341836
vt 0.562225 0.343774
vt 0.562246 0.341873
vt 0.552994 0.363681
vt 0.553479 0.362348
vt 0.551855 0.357222
vt 0.552807 0.356050
vt 0.552994 0.356565
vt 0.553765 0.365276
vt 0.553403 0.367194
vt 0.553370 0.365323
vt 0.557568 0.362016
vt 0.558018 0.359465
vt 0.558558 0.360876
vt 0.558018 0.360780
vt 0.551957 0.359712
vt 0.551010 0.358230
vt 0.553754 0.363317
vt 0.553359 0.363294
vt 0.551010 0.362016
vt 0.555772 0.364196
vt 0.554289 0.363909
vt 0.556621 0.359712
vt 0.550400 0.364499
vt 0.550050 0.362699
vt 0.550433 0.362598
vt 0.554289 0.356337
vt 0.555099 0.357898
vt 0.552807 0.364196
vt 0.550389 0.366531
vt 0.550018 0.364535
vt 0.554289 0.355788
vt 0.562185 0.336355
vt 0.562608 0.338024
vt 0.562225 0.337925
vt 0.550560 0.360780
vt 0.555584 0.356565
vt 0.556723 0.357222
vt 0.553765 0.361443
vt 0.553370 0.361352
vt 0.551855 0.363023
vt 0.557076 0.363443
vt 0.556723 0.363023
vt 0.562608 0.343672
vt 0.562185 0.345316
vt 0.558043 0.357955
vt 0.557568 0.358230
vt 0.550050 0.369863
vt 0.550400 0.368447
vt 0.550433 0.370018
vt 0.557498 0.363947
vt 0.556221 0.365431
vt 0.555997 0.364813
vt 0.554289 0.365114
vt 0.552357 0.365431
vt 0.552582 0.364813
vt 0.550659 0.355796
vt 0.552582 0.355432
vt 0.551081 0.356299
vt 0.558612 0.362619
vt 0.557920 0.364450
vt 0.549374 0.359256
vt 0.549398 0.357299
vt 0.549967 0.357627
vt 0.551081 0.363947
vt 0.549398 0.362947
vt 0.549967 0.362619
vt 0.558612 0.357627
vt 0.559852 0.359142
vt 0.559205 0.359256
vt 0.554289 0.355131
vt 0.556221 0.354815
vt 0.555997 0.355432
vt 0.559205 0.360990
vt 0.559181 0.362947
vt 0.548727 0.361104
vt 0.549374 0.360990
vt 0.557498 0.356299
vt 0.559181 0.357299
vt 0.550659 0.364450
vt 0.552357 0.354815
vt 0.559852 0.361104
vt 0.557920 0.355796
vt 0.550535 0.357955
vt 0.549633 0.374732
vt 0.549206 0.373064
vt 0.549590 0.373162
vt 0.550535 0.362290
vt 0.549184 0.371213
vt 0.549566 0.371246
vt 0.558043 0.362290
vt 0.549206 0.367416
vt 0.549633 0.365771
vt 0.549590 0.367313
vt 0.562246 0.339841
vt 0.557076 0.356802
vt 0.562629 0.339874
vt 0.550020 0.359370
vt 0.550560 0.359465
vt 0.550007 0.366496
vt 0.549184 0.369252
vt 0.549566 0.369215
vt 0.551503 0.363443
vt 0.553797 0.359878
vt 0.553403 0.359733
vt 0.555772 0.356050
vt 0.550020 0.360876
vt 0.558558 0.359370
vt 0.551503 0.356802
vt 0.554289 0.364458
vt 0.584152 0.346299
vt 0.585810 0.343533
vt 0.585843 0.346302
vt 0.562418 0.314628
vt 0.564156 0.317390
vt 0.562465 0.317397
vt 0.550385 0.359334
vt 0.552076 0.362339
vt 0.550385 0.362340
vt 0.553812 0.361395
vt 0.552088 0.358560
vt 0.553779 0.358560
vt 0.562418 0.325667
vt 0.564156 0.323264
vt 0.564109 0.325660
vt 0.563146 0.323535
vt 0.561390 0.325817
vt 0.561455 0.323535
vt 0.584057 0.354569
vt 0.585810 0.352176
vt 0.585748 0.354572
vt 0.563180 0.312558
vt 0.564933 0.314764
vt 0.563242 0.314761
vt 0.555117 0.347712
vt 0.554165 0.347463
vt 0.554666 0.347174
vt 0.563186 0.366064
vt 0.560247 0.368028
vt 0.562316 0.365562
vt 0.551117 0.352215
vt 0.554288 0.350652
vt 0.554288 0.351656
vt 0.554288 0.371201
vt 0.551117 0.369638
vt 0.554288 0.370197
vt 0.563417 0.359317
vt 0.564407 0.362711
vt 0.563417 0.362536
vt 0.546260 0.356292
vt 0.547683 0.353055
vt 0.548329 0.353825
vt 0.560893 0.368798
vt 0.557459 0.369638
vt 0.557458 0.352215
vt 0.547683 0.368798
vt 0.548329 0.368028
vt 0.560247 0.353825
vt 0.563186 0.355789
vt 0.562316 0.356291
vt 0.544169 0.362711
vt 0.545159 0.359317
vt 0.545159 0.362536
vt 0.557802 0.370582
vt 0.550774 0.351271
vt 0.560893 0.353055
vt 0.545390 0.366064
vt 0.546260 0.365562
vt 0.564407 0.359142
vt 0.545390 0.355789
vt 0.548585 0.374136
vt 0.548095 0.371834
vt 0.548585 0.371724
vt 0.552785 0.343674
vt 0.553595 0.344233
vt 0.553026 0.344334
vt 0.553595 0.348266
vt 0.553026 0.347463
vt 0.553595 0.347564
vt 0.554288 0.367881
vt 0.556497 0.366996
vt 0.556666 0.367462
vt 0.555235 0.345609
vt 0.555927 0.346310
vt 0.555235 0.346188
vt 0.552073 0.344085
vt 0.552525 0.344623
vt 0.552079 0.354857
vt 0.549818 0.355600
vt 0.551909 0.354392
vt 0.559882 0.364156
vt 0.558048 0.365408
vt 0.559354 0.363851
vt 0.552287 0.355430
vt 0.554288 0.354467
vt 0.554288 0.355077
vt 0.554288 0.366776
vt 0.552079 0.366996
vt 0.552287 0.366423
vt 0.560649 0.359805
vt 0.560048 0.361942
vt 0.560048 0.359911
vt 0.548694 0.357697
vt 0.550528 0.356446
vt 0.549222 0.358002
vt 0.556288 0.366423
vt 0.556497 0.354857
vt 0.556288 0.355430
vt 0.550136 0.365875
vt 0.550528 0.365407
vt 0.558440 0.355978
vt 0.559354 0.358002
vt 0.558048 0.356446
vt 0.548527 0.361942
vt 0.547927 0.359805
vt 0.548527 0.359911
vt 0.548694 0.364156
vt 0.549222 0.363851
vt 0.559882 0.357697
vt 0.559082 0.352815
vt 0.559594 0.355946
vt 0.559082 0.356030
vt 0.559118 0.358997
vt 0.553009 0.361803
vt 0.553464 0.364622
vt 0.552975 0.364817
vt 0.559691 0.361053
vt 0.559184 0.361357
vt 0.563949 0.368122
vt 0.564436 0.364965
vt 0.564436 0.368184
vt 0.563949 0.365035
vt 0.564471 0.361952
vt 0.554288 0.369815
vt 0.559118 0.349738
vt 0.559594 0.352863
vt 0.559691 0.347452
vt 0.559184 0.347172
vt 0.557328 0.369279
vt 0.564437 0.367678
vt 0.563950 0.364529
vt 0.564437 0.364459
vt 0.563986 0.361640
vt 0.564474 0.361445
vt 0.552975 0.355547
vt 0.553497 0.358646
vt 0.553009 0.358584
vt 0.564471 0.371221
vt 0.563041 0.359383
vt 0.563986 0.370528
vt 0.564474 0.370715
vt 0.551248 0.352574
vt 0.555037 0.345066
vt 0.552153 0.345066
vt 0.552153 0.346731
vt 0.551264 0.346310
vt 0.551955 0.346188
vt 0.551955 0.345609
vt 0.554165 0.344334
vt 0.554666 0.344623
vt 0.555037 0.346731
vt 0.552525 0.347174
vt 0.558758 0.355600
vt 0.556666 0.354392
vt 0.554405 0.343674
vt 0.558758 0.366254
vt 0.560310 0.364404
vt 0.551545 0.344715
vt 0.548265 0.364404
vt 0.549818 0.366254
vt 0.554288 0.353973
vt 0.551545 0.347082
vt 0.561136 0.359719
vt 0.560310 0.357450
vt 0.551909 0.367462
vt 0.555645 0.344715
vt 0.547439 0.359719
vt 0.548265 0.357450
vt 0.560649 0.362048
vt 0.561136 0.362134
vt 0.553595 0.343531
vt 0.547927 0.362048
vt 0.547439 0.362134
vt 0.547428 0.364888
vt 0.545534 0.362470
vt 0.546487 0.362303
vt 0.545534 0.359383
vt 0.547428 0.356966
vt 0.546487 0.359551
vt 0.561148 0.356966
vt 0.562089 0.359551
vt 0.548574 0.367736
vt 0.549196 0.366995
vt 0.557328 0.352574
vt 0.559380 0.354859
vt 0.556997 0.353483
vt 0.548574 0.354118
vt 0.551578 0.353483
vt 0.549196 0.354859
vt 0.556997 0.368371
vt 0.554288 0.368848
vt 0.562089 0.362303
vt 0.561986 0.365371
vt 0.561148 0.364888
vt 0.560001 0.354118
vt 0.551578 0.368371
vt 0.554288 0.353006
vt 0.559380 0.366995
vt 0.546590 0.356483
vt 0.563041 0.362470
vt 0.551248 0.369279
vt 0.554288 0.352038
vt 0.552073 0.347712
vt 0.554890 0.349457
vt 0.554405 0.348123
vt 0.552034 0.365213
vt 0.551630 0.367152
vt 0.551651 0.365250
vt 0.552300 0.349457
vt 0.552785 0.348123
vt 0.551161 0.342998
vt 0.552113 0.341825
vt 0.552300 0.342341
vt 0.553808 0.365323
vt 0.554235 0.367084
vt 0.553841 0.367194
vt 0.556874 0.347792
vt 0.555645 0.347082
vt 0.557324 0.345241
vt 0.557864 0.346651
vt 0.557324 0.346556
vt 0.551264 0.345488
vt 0.550316 0.344005
vt 0.554192 0.363317
vt 0.553797 0.363294
vt 0.551161 0.348799
vt 0.555078 0.349972
vt 0.553595 0.349685
vt 0.555927 0.345488
vt 0.549974 0.364499
vt 0.549623 0.362699
vt 0.550007 0.362598
vt 0.553595 0.342112
vt 0.553595 0.350233
vt 0.549962 0.366531
vt 0.549591 0.364535
vt 0.553595 0.341564
vt 0.551975 0.359885
vt 0.551630 0.361303
vt 0.551590 0.359733
vt 0.549866 0.346556
vt 0.555078 0.341825
vt 0.554890 0.342341
vt 0.556029 0.342998
vt 0.555117 0.344085
vt 0.554203 0.361443
vt 0.553808 0.361352
vt 0.556382 0.349219
vt 0.556029 0.348799
vt 0.552014 0.367049
vt 0.551590 0.368694
vt 0.552113 0.349972
vt 0.550316 0.347792
vt 0.557349 0.343731
vt 0.556874 0.344005
vt 0.550007 0.370018
vt 0.549591 0.368347
vt 0.549974 0.368447
vt 0.556804 0.349722
vt 0.555527 0.351206
vt 0.555303 0.350589
vt 0.553595 0.350890
vt 0.551663 0.351206
vt 0.551888 0.350589
vt 0.549965 0.341572
vt 0.551888 0.341208
vt 0.550387 0.342075
vt 0.557918 0.348394
vt 0.557226 0.350225
vt 0.548033 0.344918
vt 0.549273 0.343403
vt 0.548680 0.345032
vt 0.550387 0.349722
vt 0.548704 0.348723
vt 0.549273 0.348394
vt 0.557918 0.343403
vt 0.559158 0.344918
vt 0.558511 0.345032
vt 0.553595 0.340250
vt 0.555303 0.341208
vt 0.553595 0.340907
vt 0.548704 0.343075
vt 0.558511 0.346765
vt 0.558487 0.348723
vt 0.548033 0.346879
vt 0.548680 0.346765
vt 0.556804 0.342075
vt 0.558487 0.343075
vt 0.549965 0.350225
vt 0.551663 0.340591
vt 0.557226 0.341572
vt 0.549841 0.343731
vt 0.550083 0.374732
vt 0.549656 0.373064
vt 0.550039 0.373162
vt 0.549841 0.348066
vt 0.549633 0.371213
vt 0.550016 0.371246
vt 0.557349 0.348066
vt 0.549656 0.367416
vt 0.550083 0.365771
vt 0.550039 0.367313
vt 0.552014 0.361401
vt 0.551651 0.363219
vt 0.556382 0.342578
vt 0.552034 0.363252
vt 0.549326 0.345146
vt 0.549866 0.345241
vt 0.549580 0.366496
vt 0.549633 0.369252
vt 0.550016 0.369215
vt 0.550809 0.349219
vt 0.554235 0.359878
vt 0.553841 0.359733
vt 0.549326 0.346651
vt 0.557864 0.345146
vt 0.550809 0.342578
vt 0.563180 0.317716
vt 0.561455 0.314882
vt 0.563146 0.314881
vt 0.551872 0.362374
vt 0.550198 0.365382
vt 0.550181 0.362381
vt 0.554900 0.363738
vt 0.553208 0.366744
vt 0.553208 0.363738
vt 0.550416 0.365175
vt 0.552167 0.367497
vt 0.550475 0.367497
vt 0.553543 0.364339
vt 0.555250 0.361460
vt 0.555234 0.364332
vt 0.563242 0.323404
vt 0.564966 0.320535
vt 0.564933 0.323407
vt 0.556640 0.366753
vt 0.554965 0.363738
vt 0.556656 0.363747
vt 0.552198 0.365175
vt 0.553858 0.362339
vt 0.553889 0.365174
vt 0.556091 0.359992
vt 0.555139 0.359743
vt 0.555640 0.359454
vt 0.544685 0.353407
vt 0.541746 0.355371
vt 0.543815 0.352904
vt 0.532616 0.339558
vt 0.535787 0.337994
vt 0.535787 0.338999
vt 0.535787 0.357540
vt 0.532273 0.357924
vt 0.532616 0.356980
vt 0.544916 0.346660
vt 0.545906 0.350053
vt 0.544916 0.349879
vt 0.527759 0.343634
vt 0.529182 0.340398
vt 0.529828 0.341168
vt 0.539301 0.357924
vt 0.538957 0.356980
vt 0.538957 0.339558
vt 0.529828 0.355371
vt 0.541746 0.341168
vt 0.544685 0.343132
vt 0.543815 0.343634
vt 0.525668 0.350053
vt 0.526657 0.346660
vt 0.526657 0.349879
vt 0.532273 0.338614
vt 0.542391 0.340398
vt 0.529182 0.356140
vt 0.527759 0.352904
vt 0.545906 0.346485
vt 0.526888 0.343132
vt 0.526888 0.353407
vt 0.549074 0.374136
vt 0.548585 0.371834
vt 0.549074 0.371724
vt 0.553759 0.355953
vt 0.554569 0.356513
vt 0.554000 0.356613
vt 0.554569 0.360546
vt 0.554000 0.359743
vt 0.554569 0.359843
vt 0.535787 0.355224
vt 0.537996 0.354339
vt 0.538165 0.354804
vt 0.556209 0.357889
vt 0.556900 0.358589
vt 0.556209 0.358467
vt 0.553047 0.356365
vt 0.553499 0.356903
vt 0.533578 0.342200
vt 0.531317 0.342942
vt 0.533408 0.341735
vt 0.541381 0.351499
vt 0.539547 0.352750
vt 0.540852 0.351194
vt 0.533786 0.342773
vt 0.535787 0.341810
vt 0.535787 0.342420
vt 0.535787 0.354119
vt 0.533578 0.354339
vt 0.533786 0.353766
vt 0.542148 0.347148
vt 0.541547 0.349285
vt 0.541547 0.347254
vt 0.530721 0.345345
vt 0.531635 0.343321
vt 0.532027 0.343788
vt 0.537787 0.353766
vt 0.537996 0.342200
vt 0.537787 0.342773
vt 0.531635 0.353218
vt 0.532027 0.352750
vt 0.539939 0.343321
vt 0.540852 0.345345
vt 0.539547 0.343788
vt 0.530026 0.349285
vt 0.529426 0.347148
vt 0.530026 0.347254
vt 0.542148 0.349391
vt 0.530193 0.351499
vt 0.530721 0.351194
vt 0.541381 0.345040
vt 0.529426 0.349391
vt 0.554324 0.361928
vt 0.553812 0.365095
vt 0.553812 0.361880
vt 0.554324 0.365011
vt 0.553848 0.368062
vt 0.557495 0.357592
vt 0.556983 0.354460
vt 0.557495 0.354376
vt 0.554421 0.370118
vt 0.553914 0.370422
vt 0.553075 0.368250
vt 0.552587 0.365101
vt 0.553075 0.365031
vt 0.553110 0.362017
vt 0.557458 0.351410
vt 0.553848 0.358803
vt 0.554421 0.356517
vt 0.553914 0.356237
vt 0.556947 0.351616
vt 0.557388 0.349050
vt 0.555047 0.358804
vt 0.555541 0.361926
vt 0.555030 0.361881
vt 0.555557 0.365009
vt 0.555047 0.365096
vt 0.557388 0.363235
vt 0.556947 0.360493
vt 0.557458 0.360668
vt 0.553110 0.371287
vt 0.552587 0.368188
vt 0.543484 0.343825
vt 0.555097 0.356237
vt 0.555557 0.358976
vt 0.555605 0.367853
vt 0.555097 0.368062
vt 0.556011 0.357346
vt 0.553127 0.357346
vt 0.553127 0.359011
vt 0.552237 0.358589
vt 0.552929 0.358467
vt 0.552929 0.357889
vt 0.555139 0.356613
vt 0.555640 0.356903
vt 0.556011 0.359011
vt 0.553499 0.359454
vt 0.540257 0.342942
vt 0.538165 0.341735
vt 0.556091 0.356365
vt 0.540257 0.353597
vt 0.541809 0.351747
vt 0.552519 0.356994
vt 0.531317 0.353597
vt 0.529764 0.351747
vt 0.535787 0.341315
vt 0.552519 0.359362
vt 0.542635 0.347062
vt 0.541809 0.344792
vt 0.549564 0.374074
vt 0.550053 0.371724
vt 0.550053 0.374136
vt 0.556619 0.356994
vt 0.530193 0.345040
vt 0.528938 0.347062
vt 0.529764 0.344793
vt 0.542635 0.349477
vt 0.554569 0.355811
vt 0.528938 0.349477
vt 0.528927 0.352230
vt 0.527033 0.349813
vt 0.527986 0.349645
vt 0.527033 0.346726
vt 0.528927 0.344309
vt 0.527986 0.346894
vt 0.543588 0.346894
vt 0.542647 0.344309
vt 0.530073 0.355079
vt 0.530695 0.354338
vt 0.538827 0.339917
vt 0.540878 0.342202
vt 0.538496 0.340826
vt 0.530073 0.341460
vt 0.533077 0.340826
vt 0.530695 0.342202
vt 0.538496 0.355713
vt 0.535787 0.357158
vt 0.535787 0.356191
vt 0.543588 0.349645
vt 0.543484 0.352714
vt 0.542647 0.352230
vt 0.541500 0.341460
vt 0.533077 0.355713
vt 0.535787 0.340348
vt 0.540878 0.354338
vt 0.538827 0.356622
vt 0.528089 0.343825
vt 0.544540 0.349813
vt 0.535787 0.339381
vt 0.541500 0.355079
vt 0.553047 0.359992
vt 0.533408 0.354804
vt 0.546625 0.371724
vt 0.547116 0.374027
vt 0.546625 0.374136
vt 0.539939 0.353218
vt 0.555864 0.361736
vt 0.555379 0.360403
vt 0.552963 0.363610
vt 0.553347 0.361604
vt 0.553359 0.363633
vt 0.553274 0.361736
vt 0.553759 0.360403
vt 0.552135 0.355278
vt 0.553087 0.354105
vt 0.553274 0.354620
vt 0.551988 0.366404
vt 0.551615 0.368320
vt 0.551592 0.366448
vt 0.557848 0.360071
vt 0.556619 0.359362
vt 0.558298 0.357521
vt 0.558838 0.358931
vt 0.558298 0.358836
vt 0.552237 0.357767
vt 0.551290 0.356285
vt 0.551988 0.364445
vt 0.551592 0.364419
vt 0.552135 0.361079
vt 0.556052 0.362252
vt 0.554569 0.361965
vt 0.556900 0.357767
vt 0.550465 0.369214
vt 0.550104 0.367416
vt 0.550488 0.367313
vt 0.554569 0.354392
vt 0.555379 0.355953
vt 0.554569 0.362513
vt 0.550465 0.371246
vt 0.550083 0.369252
vt 0.554569 0.353843
vt 0.552009 0.368212
vt 0.551657 0.369809
vt 0.550840 0.357521
vt 0.556052 0.354105
vt 0.555864 0.354620
vt 0.557003 0.355278
vt 0.552009 0.362570
vt 0.551615 0.362478
vt 0.557355 0.361499
vt 0.557003 0.361079
vt 0.552951 0.361651
vt 0.553312 0.359733
vt 0.553087 0.362252
vt 0.551290 0.360071
vt 0.558323 0.356011
vt 0.557848 0.356285
vt 0.550530 0.374732
vt 0.550104 0.373064
vt 0.550488 0.373162
vt 0.557778 0.362002
vt 0.556501 0.363486
vt 0.556276 0.362869
vt 0.554569 0.363170
vt 0.552637 0.363486
vt 0.552862 0.362869
vt 0.550938 0.353851
vt 0.552862 0.353488
vt 0.551361 0.354355
vt 0.558892 0.360674
vt 0.558200 0.362505
vt 0.549007 0.357197
vt 0.550246 0.355683
vt 0.549654 0.357311
vt 0.551361 0.362002
vt 0.549678 0.361002
vt 0.550246 0.360674
vt 0.558892 0.355683
vt 0.560132 0.357197
vt 0.559485 0.357311
vt 0.554569 0.353187
vt 0.556501 0.352871
vt 0.556276 0.353488
vt 0.549678 0.355354
vt 0.559485 0.359045
vt 0.559461 0.361002
vt 0.549007 0.359159
vt 0.549654 0.359045
vt 0.557778 0.354355
vt 0.559461 0.355354
vt 0.550938 0.362505
vt 0.552637 0.352871
vt 0.558200 0.353851
vt 0.550815 0.356011
vt 0.550145 0.365927
vt 0.550530 0.365771
vt 0.550815 0.360346
vt 0.550840 0.358836
vt 0.548750 0.362598
vt 0.549114 0.364308
vt 0.548719 0.364218
vt 0.558323 0.360346
vt 0.548719 0.368189
vt 0.549144 0.369949
vt 0.548750 0.370060
vt 0.552918 0.367049
vt 0.553347 0.365575
vt 0.553312 0.367194
vt 0.557355 0.354858
vt 0.550300 0.357426
vt 0.550083 0.371213
vt 0.548708 0.366160
vt 0.549103 0.366183
vt 0.551783 0.361499
vt 0.552050 0.361006
vt 0.551657 0.360858
vt 0.550300 0.358931
vt 0.558838 0.357426
vt 0.551783 0.354858
vt 0.581804 0.362704
vt 0.580163 0.365480
vt 0.580113 0.362711
vt 0.551493 0.364629
vt 0.553201 0.361750
vt 0.553185 0.364622
vt 0.556942 0.366675
vt 0.555299 0.363853
vt 0.556991 0.363862
vt 0.554805 0.371837
vt 0.553175 0.369557
vt 0.554867 0.369556
vt 0.550475 0.354240
vt 0.552108 0.356521
vt 0.550416 0.356521
vt 0.549754 0.361756
vt 0.551428 0.358748
vt 0.551445 0.361750
vt 0.564172 0.320392
vt 0.562481 0.320398
vt 0.563081 0.312558
vt 0.561390 0.312559
vt 0.560784 0.309869
vt 0.560705 0.308888
vt 0.561156 0.309426
vt 0.599446 0.330610
vt 0.596012 0.331450
vt 0.598800 0.329841
vt 0.592842 0.313469
vt 0.596356 0.313084
vt 0.596012 0.314028
vt 0.589671 0.331450
vt 0.586237 0.330610
vt 0.586883 0.329841
vt 0.601971 0.324349
vt 0.601740 0.327877
vt 0.600870 0.327374
vt 0.586883 0.315638
vt 0.589327 0.313084
vt 0.589671 0.314028
vt 0.596356 0.332394
vt 0.592842 0.332009
vt 0.598800 0.315638
vt 0.584813 0.327374
vt 0.600870 0.318104
vt 0.602961 0.320955
vt 0.601971 0.321129
vt 0.582723 0.320955
vt 0.584813 0.318104
vt 0.583712 0.321130
vt 0.592842 0.333014
vt 0.592842 0.312464
vt 0.601740 0.317602
vt 0.582723 0.324523
vt 0.583712 0.324349
vt 0.602961 0.324523
vt 0.586237 0.314868
vt 0.549074 0.374074
vt 0.549564 0.371724
vt 0.549564 0.374136
vt 0.563748 0.312516
vt 0.562796 0.312267
vt 0.563297 0.311978
vt 0.561417 0.308477
vt 0.562226 0.309037
vt 0.561657 0.309137
vt 0.590463 0.329274
vt 0.592842 0.329199
vt 0.592841 0.329694
vt 0.560784 0.311535
vt 0.559895 0.311113
vt 0.560586 0.310991
vt 0.564277 0.311886
vt 0.563668 0.311535
vt 0.592842 0.316280
vt 0.590463 0.316205
vt 0.592841 0.315785
vt 0.596994 0.327687
vt 0.594842 0.328236
vt 0.596601 0.327220
vt 0.592842 0.316890
vt 0.595051 0.316669
vt 0.594842 0.317243
vt 0.590841 0.328236
vt 0.588690 0.327687
vt 0.589082 0.327220
vt 0.599203 0.323861
vt 0.597907 0.325664
vt 0.598602 0.323755
vt 0.589082 0.318258
vt 0.590632 0.316669
vt 0.590841 0.317243
vt 0.592842 0.328589
vt 0.596994 0.317791
vt 0.596601 0.318258
vt 0.587776 0.325664
vt 0.598436 0.319510
vt 0.598602 0.321723
vt 0.597907 0.319815
vt 0.587081 0.321724
vt 0.587248 0.319510
vt 0.587776 0.319815
vt 0.586480 0.323861
vt 0.587081 0.323755
vt 0.599203 0.321618
vt 0.588690 0.317791
vt 0.586480 0.321618
vt 0.549301 0.357914
vt 0.548790 0.361082
vt 0.548790 0.357866
vt 0.549301 0.360998
vt 0.548825 0.364048
vt 0.548590 0.361071
vt 0.548078 0.357940
vt 0.548590 0.357856
vt 0.549398 0.366105
vt 0.548891 0.366408
vt 0.563028 0.367985
vt 0.562541 0.364836
vt 0.563028 0.364766
vt 0.563064 0.361752
vt 0.548043 0.355096
vt 0.548553 0.354889
vt 0.548825 0.354790
vt 0.549398 0.352503
vt 0.548891 0.352223
vt 0.547976 0.352833
vt 0.548484 0.352530
vt 0.566361 0.351274
vt 0.566855 0.354396
vt 0.566344 0.354351
vt 0.566871 0.357479
vt 0.566361 0.357566
vt 0.548484 0.366715
vt 0.548043 0.363973
vt 0.548553 0.364148
vt 0.548078 0.361023
vt 0.563064 0.371022
vt 0.562541 0.367923
vt 0.601595 0.321196
vt 0.566919 0.348985
vt 0.566411 0.348707
vt 0.566919 0.360323
vt 0.566411 0.360533
vt 0.561156 0.311978
vt 0.563866 0.310991
vt 0.563297 0.309426
vt 0.564277 0.309518
vt 0.563668 0.309869
vt 0.563866 0.310413
vt 0.561657 0.312267
vt 0.560586 0.310413
vt 0.562796 0.309137
vt 0.560176 0.309518
vt 0.598864 0.319262
vt 0.597311 0.317412
vt 0.562226 0.312367
vt 0.561417 0.312927
vt 0.595220 0.329274
vt 0.597311 0.328067
vt 0.564558 0.311113
vt 0.586819 0.326216
vt 0.585993 0.323947
vt 0.595220 0.316205
vt 0.563748 0.308888
vt 0.599690 0.323947
vt 0.599690 0.321532
vt 0.550053 0.374074
vt 0.550542 0.371724
vt 0.550542 0.374136
vt 0.560705 0.312515
vt 0.588371 0.317412
vt 0.586819 0.319262
vt 0.598436 0.325969
vt 0.598864 0.326216
vt 0.563036 0.312927
vt 0.585993 0.321532
vt 0.584088 0.324283
vt 0.585040 0.321364
vt 0.585040 0.324115
vt 0.585144 0.318295
vt 0.587750 0.316671
vt 0.585981 0.318779
vt 0.600642 0.321364
vt 0.601595 0.324283
vt 0.600642 0.324115
vt 0.585144 0.327184
vt 0.585981 0.326700
vt 0.598555 0.315930
vt 0.599701 0.318779
vt 0.597933 0.316671
vt 0.589801 0.314387
vt 0.592841 0.314818
vt 0.590132 0.315296
vt 0.592841 0.330661
vt 0.589801 0.331092
vt 0.590132 0.330183
vt 0.599701 0.326700
vt 0.598555 0.329548
vt 0.597933 0.328808
vt 0.584088 0.321196
vt 0.600539 0.318295
vt 0.587750 0.328808
vt 0.595551 0.315296
vt 0.595551 0.330183
vt 0.592841 0.331628
vt 0.587128 0.315930
vt 0.600539 0.327184
vt 0.595881 0.314387
vt 0.595882 0.331092
vt 0.563036 0.308477
vt 0.587248 0.325969
vt 0.588371 0.328067
vt 0.547606 0.371786
vt 0.547116 0.374136
vt 0.547116 0.371724
vt 0.595051 0.328809
vt 0.559793 0.307801
vt 0.552523 0.363610
vt 0.552907 0.361604
vt 0.552918 0.363633
vt 0.562227 0.306916
vt 0.562227 0.308334
vt 0.565506 0.312595
vt 0.565013 0.314023
vt 0.564660 0.313602
vt 0.558340 0.366006
vt 0.558757 0.367770
vt 0.558362 0.367878
vt 0.558498 0.310044
vt 0.559895 0.310291
vt 0.558948 0.312595
vt 0.557957 0.311455
vt 0.558498 0.311359
vt 0.565955 0.310044
vt 0.564558 0.310291
vt 0.558735 0.364003
vt 0.558340 0.363977
vt 0.563522 0.307144
vt 0.559440 0.307381
vt 0.560932 0.307144
vt 0.560176 0.311886
vt 0.551526 0.363176
vt 0.551165 0.361377
vt 0.551549 0.361275
vt 0.563522 0.314260
vt 0.562227 0.313069
vt 0.560744 0.306629
vt 0.551526 0.365207
vt 0.551144 0.363213
vt 0.563709 0.314775
vt 0.558404 0.369367
vt 0.565506 0.308809
vt 0.562227 0.314488
vt 0.559793 0.313602
vt 0.558757 0.362128
vt 0.558362 0.362036
vt 0.558472 0.308535
vt 0.558948 0.308809
vt 0.552511 0.361651
vt 0.552872 0.359733
vt 0.562226 0.306367
vt 0.564660 0.307801
vt 0.559440 0.314023
vt 0.551165 0.367025
vt 0.551549 0.367124
vt 0.557335 0.307878
vt 0.559018 0.306878
vt 0.557903 0.308206
vt 0.560295 0.305394
vt 0.562226 0.305710
vt 0.560519 0.306011
vt 0.567118 0.313526
vt 0.565435 0.314526
vt 0.566549 0.313198
vt 0.557311 0.309835
vt 0.567142 0.309835
vt 0.567789 0.311683
vt 0.567142 0.311569
vt 0.563933 0.306011
vt 0.565857 0.306375
vt 0.565435 0.306878
vt 0.559018 0.314526
vt 0.557335 0.313526
vt 0.557903 0.313198
vt 0.563933 0.315392
vt 0.562226 0.316350
vt 0.562226 0.315693
vt 0.558596 0.306375
vt 0.557311 0.311569
vt 0.556664 0.309721
vt 0.567118 0.307878
vt 0.566549 0.308206
vt 0.560519 0.315392
vt 0.558596 0.315029
vt 0.564158 0.305394
vt 0.565857 0.315029
vt 0.556664 0.311683
vt 0.560295 0.316010
vt 0.565955 0.311359
vt 0.565980 0.312869
vt 0.551206 0.359888
vt 0.565013 0.307381
vt 0.549186 0.362598
vt 0.549550 0.364308
vt 0.549155 0.364218
vt 0.557957 0.309949
vt 0.549549 0.368142
vt 0.549186 0.370060
vt 0.549155 0.368188
vt 0.552478 0.367049
vt 0.552907 0.365575
vt 0.552872 0.367194
vt 0.560744 0.314775
vt 0.560932 0.314260
vt 0.566495 0.309949
vt 0.551144 0.365175
vt 0.565980 0.308535
vt 0.549144 0.366160
vt 0.549539 0.366183
vt 0.563709 0.306629
vt 0.558797 0.360565
vt 0.558404 0.360417
vt 0.562226 0.315037
vt 0.558472 0.312869
vt 0.566495 0.311455
vt 0.556942 0.355698
vt 0.555299 0.358013
vt 0.555250 0.355689
vt 0.563275 0.317530
vt 0.564966 0.317533
vt 0.563180 0.320722
vt 0.561489 0.320722
vt 0.552167 0.359334
vt 0.552167 0.362340
vt 0.554867 0.360903
vt 0.553175 0.360903
vt 0.551493 0.358755
vt 0.553136 0.355979
vt 0.553185 0.358748
vt 0.562366 0.362535
vt 0.560740 0.360254
vt 0.562431 0.360253
vt 0.564871 0.325803
vt 0.563180 0.325800
vt 0.553686 0.369024
vt 0.556006 0.365727
vt 0.556063 0.369015
vt 0.553629 0.365736
vt 0.555986 0.362163
vt 0.589338 0.339711
vt 0.591785 0.342468
vt 0.589408 0.342469
vt 0.589445 0.345835
vt 0.591822 0.345834
vt 0.553609 0.362172
vt 0.556006 0.358753
vt 0.555612 0.350721
vt 0.553159 0.353431
vt 0.553236 0.350722
vt 0.555494 0.360338
vt 0.553118 0.356771
vt 0.555494 0.356770
vt 0.555535 0.353430
vt 0.553629 0.358762
vt 0.556063 0.355907
vt 0.553118 0.360339
vt 0.555535 0.363704
vt 0.553159 0.363705
vt 0.555612 0.366462
vt 0.563495 0.354972
vt 0.561176 0.351620
vt 0.563553 0.351632
vt 0.561118 0.354959
vt 0.563475 0.358540
vt 0.561098 0.358527
vt 0.563495 0.361907
vt 0.563553 0.364665
vt 0.561118 0.361894
vt 0.589408 0.352743
vt 0.591715 0.355452
vt 0.589338 0.355452
vt 0.589445 0.349403
vt 0.591785 0.352743
vt 0.591822 0.349403
vt 0.555670 0.360857
vt 0.558028 0.357284
vt 0.558047 0.360848
vt 0.558047 0.353873
vt 0.555651 0.357293
vt 0.555670 0.353882
vt 0.558102 0.351028
vt 0.563554 0.351313
vt 0.561104 0.354022
vt 0.561177 0.351314
vt 0.563442 0.357361
vt 0.563481 0.354021
vt 0.561065 0.357362
vt 0.563442 0.360929
vt 0.561065 0.360930
vt 0.563481 0.364296
vt 0.561177 0.367055
vt 0.561104 0.364296
vt 0.553528 0.355907
vt 0.551211 0.359205
vt 0.551151 0.355917
vt 0.553588 0.359195
vt 0.551232 0.362769
vt 0.553609 0.362759
vt 0.551211 0.366179
vt 0.553588 0.366169
vt 0.551151 0.369025
vt 0.552014 0.364773
vt 0.554318 0.362161
vt 0.554391 0.364776
vt 0.551902 0.358869
vt 0.554279 0.358873
vt 0.554279 0.355309
vt 0.551902 0.355305
vt 0.554318 0.351899
vt 0.551941 0.351895
vt 0.554391 0.349054
vt 0.555725 0.364144
vt 0.558102 0.364135
vt 0.555931 0.361859
vt 0.558253 0.358563
vt 0.558308 0.361850
vt 0.554430 0.351895
vt 0.556881 0.349054
vt 0.556807 0.351899
vt 0.554391 0.355305
vt 0.556768 0.355309
vt 0.556768 0.358873
vt 0.554391 0.358869
vt 0.554430 0.362157
vt 0.556807 0.362161
vt 0.554504 0.364773
vt 0.556881 0.364776
vt 0.538519 0.316338
vt 0.536082 0.319194
vt 0.536142 0.316348
vt 0.538540 0.312928
vt 0.536163 0.312938
vt 0.538519 0.309364
vt 0.536142 0.309374
vt 0.536082 0.306087
vt 0.538458 0.306077
vt 0.554489 0.369197
vt 0.552186 0.371957
vt 0.552112 0.369198
vt 0.552073 0.365832
vt 0.554450 0.365831
vt 0.552073 0.362264
vt 0.554450 0.362263
vt 0.552112 0.358924
vt 0.554489 0.358923
vt 0.552186 0.356215
vt 0.554563 0.356215
vt 0.555876 0.351598
vt 0.558308 0.348743
vt 0.558253 0.351588
vt 0.555857 0.355008
vt 0.555876 0.358572
vt 0.553480 0.361860
vt 0.555799 0.358562
vt 0.555857 0.361850
vt 0.553402 0.355008
vt 0.553422 0.358572
vt 0.555799 0.351588
vt 0.555779 0.354999
vt 0.553422 0.351598
vt 0.555857 0.348743
vt 0.576256 0.324267
vt 0.573802 0.326977
vt 0.573879 0.324268
vt 0.576179 0.326976
vt 0.573761 0.330317
vt 0.573761 0.333885
vt 0.576137 0.330316
vt 0.576137 0.333885
vt 0.573802 0.337252
vt 0.576256 0.340009
vt 0.576179 0.337251
vt 0.563891 0.352059
vt 0.561572 0.348707
vt 0.563949 0.348719
vt 0.561514 0.352046
vt 0.563871 0.355627
vt 0.561494 0.355615
vt 0.563891 0.358994
vt 0.561572 0.361740
vt 0.561514 0.358981
vt 0.546209 0.371650
vt 0.548656 0.368940
vt 0.548586 0.371649
vt 0.546279 0.368940
vt 0.548693 0.365600
vt 0.546316 0.365600
vt 0.548693 0.362031
vt 0.546316 0.362032
vt 0.548656 0.358665
vt 0.546279 0.358666
vt 0.548586 0.355907
vt 0.553803 0.367943
vt 0.557318 0.368944
vt 0.553803 0.369564
vt 0.556763 0.351157
vt 0.553803 0.349014
vt 0.557318 0.349634
vt 0.548241 0.365918
vt 0.544905 0.364426
vt 0.546309 0.363616
vt 0.561298 0.354962
vt 0.563922 0.357505
vt 0.562326 0.357786
vt 0.546309 0.354962
vt 0.543684 0.357505
vt 0.544905 0.354151
vt 0.550289 0.368944
vt 0.550844 0.367421
vt 0.561298 0.363616
vt 0.560408 0.367160
vt 0.559366 0.365918
vt 0.560408 0.351418
vt 0.559366 0.352660
vt 0.545281 0.360792
vt 0.543684 0.361073
vt 0.563922 0.361073
vt 0.562326 0.360792
vt 0.547199 0.351418
vt 0.548241 0.352660
vt 0.556763 0.367421
vt 0.547199 0.367160
vt 0.550844 0.351157
vt 0.553803 0.350635
vt 0.562702 0.354151
vt 0.545281 0.357786
vt 0.562702 0.364426
vt 0.550289 0.349634
vt 0.580592 0.363714
vt 0.584106 0.364715
vt 0.580592 0.365335
vt 0.583551 0.346928
vt 0.580591 0.344785
vt 0.584106 0.345405
vt 0.575029 0.361689
vt 0.571693 0.360198
vt 0.573097 0.359387
vt 0.588086 0.350733
vt 0.590710 0.353276
vt 0.589114 0.353557
vt 0.573097 0.350733
vt 0.570473 0.353276
vt 0.571693 0.349923
vt 0.577077 0.364715
vt 0.577632 0.363192
vt 0.588086 0.359387
vt 0.587196 0.362931
vt 0.586154 0.361689
vt 0.587196 0.347189
vt 0.586154 0.348431
vt 0.572069 0.356563
vt 0.570473 0.356844
vt 0.590710 0.356844
vt 0.589114 0.356563
vt 0.573987 0.347189
vt 0.575029 0.348431
vt 0.583551 0.363192
vt 0.573987 0.362931
vt 0.577632 0.346928
vt 0.580591 0.346406
vt 0.589490 0.349923
vt 0.572069 0.353557
vt 0.589490 0.360197
vt 0.577077 0.345405
vt 0.553523 0.369888
vt 0.557038 0.370889
vt 0.553523 0.371508
vt 0.556483 0.353101
vt 0.553523 0.350959
vt 0.557038 0.351578
vt 0.547961 0.367863
vt 0.544625 0.366371
vt 0.546029 0.365561
vt 0.561018 0.356907
vt 0.563642 0.359449
vt 0.562046 0.359731
vt 0.546029 0.356907
vt 0.543405 0.359449
vt 0.544625 0.356096
vt 0.550009 0.370889
vt 0.550564 0.369366
vt 0.561018 0.365560
vt 0.560128 0.369105
vt 0.559086 0.367863
vt 0.560128 0.353362
vt 0.559086 0.354604
vt 0.545001 0.362736
vt 0.543405 0.363018
vt 0.562046 0.362736
vt 0.563642 0.363018
vt 0.546919 0.353362
vt 0.547961 0.354604
vt 0.556483 0.369366
vt 0.546919 0.369105
vt 0.550564 0.353101
vt 0.553523 0.352580
vt 0.562422 0.356096
vt 0.545001 0.359731
vt 0.562422 0.366371
vt 0.550009 0.351578
vt 0.554110 0.367614
vt 0.557625 0.368615
vt 0.554110 0.369235
vt 0.557070 0.350828
vt 0.554110 0.348685
vt 0.557625 0.349304
vt 0.548548 0.365589
vt 0.545212 0.364097
vt 0.546616 0.363287
vt 0.561605 0.354633
vt 0.564229 0.357176
vt 0.562633 0.357457
vt 0.546616 0.354633
vt 0.543992 0.357176
vt 0.545212 0.353822
vt 0.550596 0.368615
vt 0.551151 0.367092
vt 0.561605 0.363287
vt 0.560715 0.366831
vt 0.559673 0.365589
vt 0.560715 0.351089
vt 0.559673 0.352330
vt 0.543992 0.360744
vt 0.545588 0.360463
vt 0.564229 0.360744
vt 0.562633 0.360463
vt 0.547506 0.351089
vt 0.548548 0.352330
vt 0.557070 0.367092
vt 0.547506 0.366831
vt 0.551151 0.350828
vt 0.554110 0.350306
vt 0.563009 0.353822
vt 0.545588 0.357457
vt 0.563009 0.364097
vt 0.550596 0.349304
vt 0.560037 0.355640
vt 0.552542 0.368621
vt 0.549582 0.368099
vt 0.545048 0.364294
vt 0.558105 0.353337
vt 0.546979 0.366596
vt 0.561065 0.361469
vt 0.561065 0.358464
vt 0.544020 0.358464
vt 0.552542 0.351313
vt 0.544020 0.361469
vt 0.555502 0.351835
vt 0.545048 0.355640
vt 0.549582 0.351835
vt 0.555502 0.368099
vt 0.560037 0.364294
vt 0.558105 0.366596
vt 0.557569 0.349492
vt 0.560172 0.364253
vt 0.557569 0.365756
vt 0.551649 0.365756
vt 0.554609 0.348970
vt 0.554609 0.366278
vt 0.562104 0.353297
vt 0.560172 0.350994
vt 0.547114 0.361951
vt 0.549046 0.350994
vt 0.549046 0.364253
vt 0.551649 0.349492
vt 0.546086 0.359127
vt 0.547114 0.353297
vt 0.563132 0.359127
vt 0.562104 0.361951
vt 0.558415 0.370043
vt 0.561018 0.355282
vt 0.561018 0.368541
vt 0.552495 0.370043
vt 0.555455 0.353257
vt 0.555455 0.370565
vt 0.562950 0.366238
vt 0.558415 0.353779
vt 0.547960 0.366238
vt 0.549892 0.355282
vt 0.549892 0.368541
vt 0.552495 0.353779
vt 0.546932 0.360409
vt 0.547960 0.357584
vt 0.563977 0.360409
vt 0.563977 0.363414
vt 0.558388 0.348922
vt 0.560990 0.363683
vt 0.558388 0.365186
vt 0.552468 0.365186
vt 0.555428 0.348400
vt 0.555428 0.365708
vt 0.560990 0.350424
vt 0.562922 0.361381
vt 0.547933 0.361381
vt 0.549865 0.350424
vt 0.549865 0.363683
vt 0.552468 0.348922
vt 0.546905 0.355551
vt 0.547933 0.352727
vt 0.563950 0.355551
vt 0.563950 0.358557
vt 0.556591 0.358588
vt 0.554948 0.360903
vt 0.554900 0.358579
vt 0.581786 0.359702
vt 0.580113 0.356837
vt 0.581804 0.356830
vt 0.553543 0.358465
vt 0.553559 0.361466
vt 0.551510 0.361756
vt 0.553113 0.358580
vt 0.554805 0.358579
vt 0.553717 0.369494
vt 0.552088 0.367214
vt 0.553779 0.367213
vt 0.556591 0.369565
vt 0.554948 0.366744
vt 0.563275 0.320532
vt 0.551889 0.365375
vt 0.550249 0.368151
vt 0.552108 0.365174
vt 0.554900 0.366743
vt 0.584152 0.349301
vt 0.584119 0.352173
vt 0.562466 0.357440
vt 0.560775 0.354435
vt 0.562466 0.354435
vt 0.581854 0.354433
vt 0.580163 0.354440
vt 0.552121 0.364401
vt 0.552121 0.361396
vt 0.552198 0.356521
vt 0.553858 0.359334
vt 0.584119 0.343530
vt 0.585748 0.341330
vt 0.549737 0.364629
vt 0.551380 0.367018
vt 0.549688 0.367025
vt 0.553497 0.366735
vt 0.555188 0.366729
vt 0.556990 0.358022
vt 0.555316 0.360848
vt 0.553497 0.355696
vt 0.555234 0.358458
vt 0.549737 0.358755
vt 0.551380 0.355979
vt 0.551889 0.359501
vt 0.550198 0.359508
vt 0.560775 0.357441
vt 0.553717 0.356237
vt 0.552026 0.356237
vt 0.562366 0.349277
vt 0.560740 0.351600
vt 0.560675 0.349277
vt 0.585843 0.349304
vt 0.553948 0.354239
vt 0.553889 0.356521
vt 0.553812 0.364400
vt 0.551428 0.364622
vt 0.561489 0.317717
vt 0.550249 0.357112
vt 0.551940 0.357105
vt 0.557007 0.360857
vt 0.552076 0.359334
vt 0.562465 0.323270
vt 0.552257 0.367497
vt 0.553948 0.367497
vt 0.551445 0.367025
vt 0.553136 0.367018
vt 0.580095 0.359709
vt 0.562431 0.351600
vt 0.556640 0.360912
vt 0.537474 0.330757
vt 0.547593 0.313230
vt 0.551107 0.319317
vt 0.532090 0.315964
vt 0.547606 0.371834
vt 0.547349 0.322223
vt 0.558308 0.369492
vt 0.555030 0.370118
vt 0.563098 0.361947
vt 0.554966 0.358978
vt 0.563098 0.370835
vt 0.549742 0.322645
vt 0.562053 0.370835
vt 0.532234 0.322645
vt 0.535275 0.327911
vt 0.553797 0.367084
vt 0.562570 0.336508
vt 0.562570 0.345161
vt 0.550018 0.368347
vt 0.554289 0.365771
vt 0.548727 0.359142
vt 0.554289 0.354475
vt 0.549249 0.374580
vt 0.549249 0.365927
vt 0.564109 0.314621
vt 0.563081 0.325816
vt 0.564871 0.312561
vt 0.550774 0.370582
vt 0.557802 0.351271
vt 0.544169 0.359142
vt 0.548095 0.374074
vt 0.554288 0.367386
vt 0.550136 0.355978
vt 0.558440 0.365875
vt 0.559628 0.358791
vt 0.553497 0.361733
vt 0.563983 0.362146
vt 0.559627 0.349913
vt 0.560001 0.367736
vt 0.563950 0.367616
vt 0.553464 0.355734
vt 0.563983 0.371034
vt 0.561986 0.356483
vt 0.546590 0.365371
vt 0.554203 0.365276
vt 0.551975 0.368538
vt 0.549623 0.369863
vt 0.553595 0.351547
vt 0.555527 0.340591
vt 0.559158 0.346879
vt 0.549698 0.374580
vt 0.549698 0.365927
vt 0.542391 0.356140
vt 0.535787 0.358544
vt 0.539301 0.338614
vt 0.525668 0.346485
vt 0.548585 0.374074
vt 0.535787 0.354729
vt 0.554358 0.367856
vt 0.556983 0.357543
vt 0.552621 0.362212
vt 0.554358 0.358978
vt 0.556881 0.349354
vt 0.556881 0.362955
vt 0.552621 0.371100
vt 0.544540 0.346726
vt 0.555605 0.356514
vt 0.549564 0.371834
vt 0.528089 0.352714
vt 0.532747 0.339917
vt 0.532747 0.356622
vt 0.547116 0.371786
vt 0.552050 0.369649
vt 0.552918 0.359843
vt 0.550145 0.374580
vt 0.554569 0.363827
vt 0.554569 0.352530
vt 0.560132 0.359159
vt 0.549144 0.362744
vt 0.549114 0.368142
vt 0.552951 0.365484
vt 0.581854 0.365473
vt 0.555250 0.366666
vt 0.553113 0.371838
vt 0.552167 0.354239
vt 0.589327 0.332394
vt 0.599446 0.314868
vt 0.583943 0.327877
vt 0.583943 0.317602
vt 0.549074 0.371834
vt 0.590632 0.328809
vt 0.549335 0.363842
vt 0.562575 0.361947
vt 0.549335 0.354964
vt 0.566871 0.351446
vt 0.547976 0.366434
vt 0.562575 0.370835
vt 0.550053 0.371834
vt 0.592841 0.313851
vt 0.587128 0.329549
vt 0.547606 0.374027
vt 0.558735 0.365962
vt 0.558797 0.369207
vt 0.552478 0.359843
vt 0.551206 0.368541
vt 0.562226 0.305054
vt 0.567789 0.309721
vt 0.564158 0.316010
vt 0.549580 0.362744
vt 0.549580 0.369949
vt 0.552511 0.365485
vt 0.551445 0.355986
vt 0.560675 0.362535
vt 0.591715 0.339710
vt 0.553686 0.355917
vt 0.553236 0.366463
vt 0.561176 0.364653
vt 0.555725 0.351037
vt 0.563554 0.367054
vt 0.553528 0.369015
vt 0.551941 0.362157
vt 0.552014 0.349050
vt 0.554504 0.349050
vt 0.538458 0.319184
vt 0.554563 0.371956
vt 0.555931 0.348752
vt 0.558234 0.354999
vt 0.553480 0.348753
vt 0.573879 0.340010
vt 0.563949 0.361752
vt 0.546209 0.355908
vt 0.546979 0.353337
vt 0.546086 0.356121
vt 0.563132 0.356121
vt 0.562950 0.357584
vt 0.546932 0.363414
vt 0.562922 0.352727
vt 0.546905 0.358557
vt 0.552026 0.369495
vt 0.554900 0.369556
vt 0.551940 0.368144
vt 0.584057 0.341327
vt 0.555188 0.355689
vt 0.549688 0.355986
vt 0.552257 0.354239
s 0
usemtl Material
f 3293/5072/4767 3345/5073/4767 3346/5074/4767
f 3494/5075/4768 3311/5076/4768 3322/5077/4768
f 3323/5078/4769 3278/5079/4769 3312/5080/4769
f 3324/5081/4770 3280/5082/4770 3313/5083/4770
f 3325/5084/4771 3495/5085/4771 3314/5086/4771
f 3326/5087/4772 3283/5088/4772 3315/5089/4772
f 3493/5090/4773 3316/5091/4773 3311/5076/4773
f 3278/5079/4774 3317/5092/4774 3312/5080/4774
f 3313/5083/4775 3287/5093/4775 3318/5094/4775
f 3289/5095/4776 3319/5096/4776 3327/5097/4776
f 3291/5098/4777 3320/5099/4777 3328/5100/4777
f 3495/5085/4778 3322/5077/4778 3314/5086/4778
f 3285/5101/4779 3324/5081/4779 3316/5091/4779
f 3315/5089/4780 3279/5102/4780 3323/5078/4780
f 3317/5092/4781 3289/5095/4781 3327/5097/4781
f 3318/5094/4782 3292/5103/4782 3321/5104/4782
f 3319/5096/4783 3282/5105/4783 3325/5084/4783
f 3320/5099/4784 3284/5106/4784 3326/5087/4784
f 3292/5103/4785 3328/5100/4785 3321/5104/4785
f 3277/5107/4786 3361/5108/4786 3347/5109/4786
f 3303/5110/4787 3335/5111/4787 3336/5112/4787
f 3295/5113/4788 3338/5114/4788 3344/5115/4788
f 3349/5116/4789 3264/5117/4789 3364/5118/4789
f 3334/5119/4790 3306/5120/4790 3333/5121/4790
f 3342/5122/4791 3303/5110/4791 3336/5112/4791
f 3275/5123/4792 3363/5124/4792 3348/5125/4792
f 3277/5126/4793 3422/5127/4793 3435/5128/4793
f 3433/5129/4793 3268/5130/4793 3420/5131/4793
f 3431/5132/4794 3267/5133/4794 3418/5134/4794
f 3429/5135/4793 3266/5136/4793 3416/5137/4793
f 3427/5138/4793 3265/5139/4793 3414/5140/4793
f 3269/5141/4793 3412/5142/4793 3422/5127/4793
f 3268/5130/4793 3410/5143/4793 3420/5131/4793
f 3418/5134/4793 3262/5144/4793 3408/5145/4793
f 3271/5146/4793 3406/5147/4793 3425/5148/4793
f 3270/5149/4793 3404/5150/4793 3423/5151/4793
f 3266/5136/4793 3435/5128/4793 3416/5137/4793
f 3264/5117/4794 3431/5132/4794 3412/5142/4794
f 3414/5140/4793 3275/5123/4793 3433/5129/4793
f 3263/5152/4793 3425/5148/4793 3410/5143/4793
f 3408/5145/4793 3259/5153/4793 3402/5154/4793
f 3261/5155/4794 3429/5135/4794 3406/5147/4794
f 3404/5150/4793 3272/5156/4793 3427/5138/4793
f 3402/5154/4793 3270/5149/4793 3423/5151/4793
f 3362/5157/4795 3320/5158/4795 3326/5159/4795
f 3381/5160/4796 3328/5161/4796 3320/5158/4796
f 3374/5162/4797 3324/5163/4797 3313/5164/4797
f 3369/5165/4798 3321/5166/4798 3328/5161/4798
f 3354/5167/4799 3314/5168/4799 3322/5169/4799
f 3375/5170/4800 3325/5171/4800 3314/5168/4800
f 3358/5172/4801 3316/5091/4801 3324/5081/4801
f 3315/5173/4802 3362/5157/4802 3326/5159/4802
f 3356/5174/4803 3315/5173/4803 3323/5175/4803
f 3377/5176/4804 3311/5076/4804 3316/5091/4804
f 3327/5177/4805 3378/5178/4805 3317/5179/4805
f 3317/5179/4806 3373/5180/4806 3312/5181/4806
f 3382/5182/4807 3318/5183/4807 3321/5184/4807
f 3379/5185/4808 3313/5164/4808 3318/5183/4808
f 3311/5186/4809 3354/5167/4809 3322/5169/4809
f 3325/5084/4810 3380/5187/4810 3319/5096/4810
f 3319/5188/4811 3367/5189/4811 3327/5177/4811
f 3312/5080/4812 3356/5190/4812 3323/5078/4812
f 3339/5191/4793 3343/5192/4793 3342/5122/4793
f 3332/5193/4813 3308/5194/4813 3331/5195/4813
f 3333/5121/4794 3331/5195/4794 3340/5196/4794
f 3333/5121/4793 3343/5192/4793 3334/5119/4793
f 3336/5112/4793 3339/5191/4793 3342/5122/4793
f 3336/5112/4794 3330/5197/4794 3329/5198/4794
f 3346/5074/4793 3331/5195/4793 3341/5199/4793
f 3344/5115/4794 3337/5200/4794 3345/5073/4794
f 3346/5074/4793 3337/5200/4793 3332/5193/4793
f 3298/5201/4814 3346/5074/4814 3341/5199/4814
f 3271/5146/4815 3365/5202/4815 3352/5203/4815
f 3330/5197/4816 3310/5204/4816 3329/5198/4816
f 3355/5205/4817 3277/5126/4817 3347/5206/4817
f 3340/5196/4818 3296/5207/4818 3343/5192/4818
f 3259/5153/4819 3366/5208/4819 3371/5209/4819
f 3357/5210/4820 3275/5123/4820 3348/5125/4820
f 3337/5200/4821 3307/5211/4821 3332/5193/4821
f 3350/5212/4822 3261/5155/4822 3368/5213/4822
f 3359/5214/4823 3274/5215/4823 3349/5116/4823
f 3300/5216/4824 3334/5119/4824 3339/5191/4824
f 3272/5156/4825 3370/5217/4825 3351/5218/4825
f 3266/5136/4826 3350/5212/4826 3361/5219/4826
f 3304/5220/4827 3330/5197/4827 3335/5111/4827
f 3270/5149/4828 3371/5209/4828 3353/5221/4828
f 3363/5124/4829 3272/5156/4829 3351/5218/4829
f 3345/5073/4830 3295/5113/4830 3344/5115/4830
f 3400/5222/4831 3369/5223/4831 3389/5224/4831
f 3381/5225/4832 3387/5226/4832 3399/5227/4832
f 3380/5187/4833 3386/5228/4833 3398/5229/4833
f 3379/5230/4834 3400/5222/4834 3397/5231/4834
f 3378/5232/4835 3388/5233/4835 3396/5234/4835
f 3376/5235/4836 3384/5236/4836 3394/5237/4836
f 3395/5238/4837 3358/5172/4837 3385/5239/4837
f 3393/5240/4838 3354/5241/4838 3383/5242/4838
f 3369/5223/4839 3399/5227/4839 3389/5224/4839
f 3367/5243/4840 3398/5229/4840 3388/5233/4840
f 3392/5244/4841 3379/5230/4841 3397/5231/4841
f 3391/5245/4842 3378/5232/4842 3396/5234/4842
f 3390/5246/4843 3377/5176/4843 3395/5238/4843
f 3362/5247/4844 3394/5237/4844 3387/5226/4844
f 3386/5228/4845 3375/5248/4845 3393/5240/4845
f 3358/5172/4846 3392/5244/4846 3385/5239/4846
f 3384/5236/4847 3373/5249/4847 3391/5245/4847
f 3383/5242/4848 3372/5250/4848 3390/5246/4848
f 3338/5114/4849 3302/5251/4849 3337/5200/4849
f 3260/5252/4850 3353/5221/4850 3370/5217/4850
f 3329/5198/4851 3300/5216/4851 3339/5191/4851
f 3261/5155/4852 3352/5203/4852 3368/5213/4852
f 3308/5194/4853 3340/5196/4853 3331/5195/4853
f 3262/5144/4854 3359/5214/4854 3366/5208/4854
f 3306/5120/4855 3341/5199/4855 3333/5121/4855
f 3365/5202/4856 3268/5130/4856 3357/5210/4856
f 3343/5192/4857 3297/5253/4857 3342/5122/4857
f 3364/5118/4858 3269/5141/4858 3355/5205/4858
f 3383/5242/4844 3355/5205/4844 3347/5206/4844
f 3384/5236/4837 3357/5210/4837 3348/5125/4837
f 3385/5239/4842 3359/5214/4842 3349/5116/4842
f 3386/5228/4839 3361/5219/4839 3350/5212/4839
f 3351/5218/4848 3394/5237/4848 3363/5124/4848
f 3355/5205/4836 3395/5238/4836 3364/5118/4836
f 3357/5210/4846 3396/5234/4846 3365/5202/4846
f 3392/5244/4835 3366/5208/4835 3359/5214/4835
f 3352/5203/4834 3398/5229/4834 3368/5213/4834
f 3353/5221/4845 3399/5227/4845 3370/5217/4845
f 3393/5240/4832 3347/5206/4832 3361/5219/4832
f 3395/5238/4859 3349/5116/4859 3364/5118/4859
f 3394/5237/4843 3348/5125/4843 3363/5124/4843
f 3396/5234/4860 3352/5203/4860 3365/5202/4860
f 3397/5231/4840 3371/5209/4840 3366/5208/4840
f 3368/5213/4831 3386/5228/4831 3350/5212/4831
f 3370/5217/4838 3387/5226/4838 3351/5218/4838
f 3371/5209/4833 3389/5224/4833 3353/5221/4833
f 3293/5072/4794 3424/5254/4794 3294/5255/4794
f 3454/5256/4861 3431/5257/4861 3418/5258/4861
f 3295/5113/4793 3428/5259/4793 3301/5260/4793
f 3405/5261/4862 3466/5262/4862 3430/5263/4862
f 3405/5261/4793 3303/5110/4793 3297/5253/4793
f 3440/5264/4863 3423/5265/4863 3404/5266/4863
f 3407/5267/4793 3293/5072/4793 3298/5201/4793
f 3432/5268/4864 3453/5269/4864 3417/5270/4864
f 3299/5271/4794 3426/5272/4794 3296/5207/4794
f 3463/5273/4865 3404/5266/4865 3427/5274/4865
f 3302/5251/4793 3434/5275/4793 3307/5211/4793
f 3460/5276/4866 3403/5277/4866 3424/5254/4866
f 3300/5216/4793 3432/5268/4793 3305/5278/4793
f 3416/5279/4867 3465/5280/4867 3429/5281/4867
f 3415/5282/4793 3309/5283/4793 3304/5220/4793
f 3403/5277/4868 3464/5284/4868 3428/5259/4868
f 3294/5255/4793 3403/5277/4793 3295/5113/4793
f 3435/5285/4869 3452/5286/4869 3416/5279/4869
f 3296/5207/4793 3405/5261/4793 3297/5253/4793
f 3430/5263/4870 3451/5287/4870 3415/5282/4870
f 3306/5120/4794 3407/5267/4794 3298/5201/4794
f 3423/5288/4871 3438/5289/4871 3402/5290/4871
f 3419/5291/4793 3299/5271/4793 3308/5194/4793
f 3451/5287/4872 3436/5292/4872 3415/5282/4872
f 3421/5293/4794 3300/5216/4794 3310/5204/4794
f 3450/5294/4873 3427/5274/4873 3414/5295/4873
f 3301/5260/4794 3413/5296/4794 3302/5251/4794
f 3437/5297/4874 3424/5254/4874 3401/5298/4874
f 3303/5110/4793 3415/5282/4793 3304/5220/4793
f 3467/5299/4875 3412/5300/4875 3431/5257/4875
f 3305/5278/4793 3417/5270/4793 3306/5120/4793
f 3464/5284/4876 3413/5296/4876 3428/5259/4876
f 3434/5275/4793 3308/5194/4793 3307/5211/4793
f 3447/5301/4877 3432/5268/4877 3411/5302/4877
f 3436/5292/4793 3310/5204/4793 3309/5283/4793
f 3448/5303/4878 3422/5304/4878 3412/5305/4878
f 3473/5306/4879 3459/5307/4879 3484/5308/4879
f 3474/5309/4880 3463/5310/4880 3486/5311/4880
f 3442/5312/4881 3487/5313/4881 3475/5314/4881
f 3476/5315/4882 3438/5316/4882 3473/5306/4882
f 3477/5317/4883 3461/5318/4883 3485/5319/4883
f 3479/5320/4884 3469/5321/4884 3489/5322/4884
f 3478/5323/4885 3467/5324/4885 3488/5325/4885
f 3480/5326/4886 3471/5327/4886 3490/5328/4886
f 3459/5307/4887 3474/5309/4887 3484/5308/4887
f 3461/5318/4888 3475/5314/4888 3485/5319/4888
f 3481/5329/4889 3444/5330/4889 3476/5315/4889
f 3456/5331/4890 3477/5317/4890 3482/5332/4890
f 3483/5333/4891 3448/5334/4891 3478/5323/4891
f 3486/5311/4892 3450/5335/4892 3479/5320/4892
f 3465/5336/4893 3480/5326/4893 3487/5313/4893
f 3488/5325/4894 3454/5337/4894 3481/5329/4894
f 3469/5321/4895 3482/5332/4895 3489/5322/4895
f 3490/5328/4896 3458/5338/4896 3483/5333/4896
f 3462/5339/4897 3405/5261/4897 3426/5272/4897
f 3429/5340/4898 3442/5341/4898 3406/5342/4898
f 3470/5343/4899 3419/5291/4899 3434/5275/4899
f 3406/5342/4900 3461/5344/4900 3425/5345/4900
f 3443/5346/4901 3401/5298/4901 3407/5267/4901
f 3456/5347/4902 3433/5348/4902 3420/5349/4902
f 3417/5270/4903 3443/5346/4903 3407/5267/4903
f 3438/5289/4904 3408/5350/4904 3402/5290/4904
f 3436/5292/4905 3457/5351/4905 3421/5293/4905
f 3444/5352/4906 3418/5258/4906 3408/5350/4906
f 3445/5353/4907 3426/5272/4907 3409/5354/4907
f 3422/5304/4908 3471/5355/4908 3435/5285/4908
f 3419/5291/4909 3445/5353/4909 3409/5354/4909
f 3425/5345/4910 3446/5356/4910 3410/5357/4910
f 3446/5356/4911 3420/5349/4911 3410/5357/4911
f 3449/5358/4912 3434/5275/4912 3413/5296/4912
f 3421/5293/4913 3447/5301/4913 3411/5302/4913
f 3469/5359/4914 3414/5295/4914 3433/5360/4914
f 3490/5328/4915 3457/5351/4915 3472/5361/4915
f 3470/5343/4885 3482/5332/4885 3455/5362/4885
f 3468/5363/4916 3481/5329/4916 3453/5269/4916
f 3487/5313/4887 3451/5287/4887 3466/5262/4887
f 3464/5284/4896 3479/5320/4896 3449/5358/4896
f 3483/5333/4917 3447/5301/4917 3457/5351/4917
f 3455/5362/4918 3477/5317/4918 3445/5353/4918
f 3453/5269/4883 3476/5315/4883 3443/5346/4883
f 3462/5339/4882 3475/5314/4882 3441/5364/4882
f 3460/5276/4893 3474/5309/4893 3439/5365/4893
f 3480/5326/4880 3472/5361/4880 3451/5287/4880
f 3478/5323/4895 3468/5363/4895 3447/5301/4895
f 3479/5320/4891 3470/5343/4891 3449/5358/4891
f 3477/5317/4919 3462/5339/4919 3445/5353/4919
f 3476/5315/4888 3437/5297/4888 3443/5346/4888
f 3475/5314/4879 3466/5262/4879 3441/5364/4879
f 3439/5365/4920 3486/5311/4920 3464/5284/4920
f 3437/5297/4881 3484/5308/4881 3460/5276/4881
f 4000/5366/4921 4364/5367/4921 4390/5368/4921
f 4005/5369/4922 4375/5370/4922 4009/5371/4922
f 3247/5372/4923 4334/5373/4923 3276/5374/4923
f 3755/5375/4924 4366/5376/4924 3754/5377/4924
f 4011/5378/4925 4371/5379/4925 4369/5380/4925
f 3253/5381/4926 4331/5382/4926 4333/5383/4926
f 3753/5384/4927 4363/5385/4927 4359/5386/4927
f 4014/5387/4928 4378/5388/4928 4008/5389/4928
f 3545/5390/4767 3597/5391/4767 3598/5392/4767
f 3746/5393/4768 3563/5394/4768 3574/5395/4768
f 3575/5396/4769 3530/5397/4769 3564/5398/4769
f 3533/5399/4770 3565/5400/4770 3576/5401/4770
f 3577/5402/4771 3747/5403/4771 3566/5404/4771
f 3578/5405/4772 3535/5406/4772 3567/5407/4772
f 3745/5408/4773 3568/5409/4773 3563/5394/4773
f 3530/5397/4774 3569/5410/4774 3564/5398/4774
f 3565/5400/4775 3539/5411/4775 3570/5412/4775
f 3579/5413/4929 3540/5414/4929 3571/5415/4929
f 3543/5416/4777 3572/5417/4777 3580/5418/4777
f 3747/5403/4778 3574/5395/4778 3566/5404/4778
f 3537/5419/4779 3576/5401/4779 3568/5409/4779
f 3567/5407/4780 3531/5420/4780 3575/5396/4780
f 3569/5410/4781 3541/5421/4781 3579/5413/4781
f 3570/5412/4930 3544/5422/4930 3573/5423/4930
f 3571/5415/4783 3534/5424/4783 3577/5402/4783
f 3572/5417/4784 3536/5425/4784 3578/5405/4784
f 3544/5422/4785 3580/5418/4785 3573/5423/4785
f 3599/5426/4786 3518/5427/4786 3613/5428/4786
f 3555/5429/4931 3587/5430/4931 3588/5431/4931
f 3547/5432/4932 3590/5433/4932 3596/5434/4932
f 3601/5435/4789 3516/5436/4789 3616/5437/4789
f 3586/5438/4790 3558/5439/4790 3585/5440/4790
f 3549/5441/4933 3588/5431/4933 3594/5442/4933
f 3527/5443/4792 3615/5444/4792 3600/5445/4792
f 3529/5446/4793 3674/5447/4793 3687/5448/4793
f 3685/5449/4793 3520/5450/4793 3672/5451/4793
f 3683/5452/4793 3519/5453/4793 3670/5454/4793
f 3525/5455/4793 3668/5456/4793 3681/5457/4793
f 3524/5458/4793 3666/5459/4793 3679/5460/4793
f 3674/5447/4793 3516/5436/4793 3664/5461/4793
f 3672/5451/4793 3515/5462/4793 3662/5463/4793
f 3670/5454/4794 3514/5464/4794 3660/5465/4794
f 3523/5466/4794 3658/5467/4794 3677/5468/4794
f 3675/5469/4793 3512/5470/4793 3656/5471/4793
f 3668/5456/4793 3529/5446/4793 3687/5448/4793
f 3516/5436/4793 3683/5452/4793 3664/5461/4793
f 3666/5459/4793 3527/5443/4793 3685/5449/4793
f 3515/5462/4794 3677/5468/4794 3662/5463/4794
f 3660/5465/4793 3511/5472/4793 3654/5473/4793
f 3513/5474/4794 3681/5457/4794 3658/5467/4794
f 3656/5471/4794 3524/5458/4794 3679/5460/4794
f 3511/5472/4793 3675/5469/4793 3654/5473/4793
f 3578/5475/4795 3633/5476/4795 3572/5477/4795
f 3633/5476/4796 3580/5478/4796 3572/5477/4796
f 3565/5479/4934 3610/5480/4934 3576/5481/4934
f 3580/5478/4798 3634/5482/4798 3573/5483/4798
f 3606/5484/4799 3566/5485/4799 3574/5486/4799
f 3627/5487/4800 3577/5488/4800 3566/5485/4800
f 3610/5489/4801 3568/5409/4801 3576/5401/4801
f 3567/5490/4802 3614/5491/4802 3578/5475/4802
f 3608/5492/4803 3567/5490/4803 3575/5493/4803
f 3629/5494/4935 3563/5394/4935 3568/5409/4935
f 3579/5495/4805 3630/5496/4805 3569/5497/4805
f 3569/5497/4936 3625/5498/4936 3564/5499/4936
f 3573/5500/4807 3631/5501/4807 3570/5502/4807
f 3631/5501/4808 3565/5479/4808 3570/5502/4808
f 3563/5503/4809 3606/5484/4809 3574/5486/4809
f 3612/5504/4937 3571/5415/4937 3577/5402/4937
f 3632/5505/4938 3579/5495/4938 3571/5506/4938
f 3564/5398/4812 3608/5507/4812 3575/5396/4812
f 3591/5508/4793 3595/5509/4793 3594/5442/4793
f 3584/5510/4939 3560/5511/4939 3583/5512/4939
f 3585/5440/4793 3583/5512/4793 3592/5513/4793
f 3585/5440/4794 3595/5509/4794 3586/5438/4794
f 3588/5431/4794 3591/5508/4794 3594/5442/4794
f 3588/5431/4793 3582/5514/4793 3581/5515/4793
f 3598/5392/4793 3583/5512/4793 3593/5516/4793
f 3596/5434/4793 3589/5517/4793 3597/5391/4793
f 3598/5392/4793 3589/5517/4793 3584/5510/4793
f 3593/5516/4814 3545/5390/4814 3598/5392/4814
f 3604/5518/4815 3515/5462/4815 3617/5519/4815
f 3561/5520/4816 3581/5515/4816 3582/5514/4816
f 3607/5521/4817 3529/5446/4817 3599/5522/4817
f 3592/5513/4818 3548/5523/4818 3595/5509/4818
f 3623/5524/4940 3514/5464/4940 3618/5525/4940
f 3520/5450/4820 3600/5445/4820 3609/5526/4820
f 3589/5517/4821 3559/5527/4821 3584/5510/4821
f 3602/5528/4822 3513/5474/4822 3620/5529/4822
f 3519/5453/4823 3601/5435/4823 3611/5530/4823
f 3552/5531/4941 3586/5438/4941 3591/5508/4941
f 3524/5458/4942 3622/5532/4942 3603/5533/4942
f 3518/5534/4826 3602/5528/4826 3613/5535/4826
f 3556/5536/4827 3582/5514/4827 3587/5430/4827
f 3522/5537/4828 3623/5524/4828 3605/5538/4828
f 3615/5444/4829 3524/5458/4829 3603/5533/4829
f 3597/5391/4943 3547/5432/4943 3596/5434/4943
f 3652/5539/4831 3621/5540/4831 3641/5541/4831
f 3633/5542/4832 3639/5543/4832 3651/5544/4832
f 3650/5545/4833 3612/5504/4833 3638/5546/4833
f 3631/5547/4834 3652/5539/4834 3649/5548/4834
f 3630/5549/4944 3640/5550/4944 3648/5551/4944
f 3628/5552/4836 3636/5553/4836 3646/5554/4836
f 3647/5555/4837 3610/5489/4837 3637/5556/4837
f 3645/5557/4838 3606/5558/4838 3635/5559/4838
f 3621/5540/4839 3651/5544/4839 3641/5541/4839
f 3619/5560/4840 3650/5545/4840 3640/5550/4840
f 3644/5561/4841 3631/5547/4841 3649/5548/4841
f 3643/5562/4842 3630/5549/4842 3648/5551/4842
f 3642/5563/4843 3629/5494/4843 3647/5555/4843
f 3614/5564/4844 3646/5554/4844 3639/5543/4844
f 3638/5546/4945 3627/5565/4945 3645/5557/4945
f 3637/5556/4846 3626/5566/4846 3644/5561/4846
f 3636/5553/4859 3625/5567/4859 3643/5562/4859
f 3606/5558/4848 3642/5563/4848 3635/5559/4848
f 3590/5433/4849 3554/5568/4849 3589/5517/4849
f 3512/5470/4850 3605/5538/4850 3622/5532/4850
f 3581/5515/4946 3552/5531/4946 3591/5508/4946
f 3513/5474/4852 3604/5518/4852 3620/5529/4852
f 3560/5511/4947 3592/5513/4947 3583/5512/4947
f 3618/5525/4948 3519/5453/4948 3611/5530/4948
f 3558/5439/4855 3593/5516/4855 3585/5440/4855
f 3617/5519/4856 3520/5450/4856 3609/5526/4856
f 3595/5509/4857 3549/5441/4857 3594/5442/4857
f 3516/5436/4858 3607/5521/4858 3616/5437/4858
f 3635/5559/4844 3607/5521/4844 3599/5522/4844
f 3636/5553/4837 3609/5526/4837 3600/5445/4837
f 3637/5556/4842 3611/5530/4842 3601/5435/4842
f 3638/5546/4839 3613/5535/4839 3602/5528/4839
f 3639/5543/4848 3615/5444/4848 3603/5533/4848
f 3607/5521/4836 3647/5555/4836 3616/5437/4836
f 3609/5526/4846 3648/5551/4846 3617/5519/4846
f 3644/5561/4944 3618/5525/4944 3611/5530/4944
f 3604/5518/4834 3650/5545/4834 3620/5529/4834
f 3605/5538/4845 3651/5544/4845 3622/5532/4845
f 3645/5557/4832 3599/5522/4832 3613/5535/4832
f 3647/5555/4859 3601/5435/4859 3616/5437/4859
f 3646/5554/4843 3600/5445/4843 3615/5444/4843
f 3648/5551/4860 3604/5518/4860 3617/5519/4860
f 3649/5548/4949 3623/5524/4949 3618/5525/4949
f 3620/5529/4831 3638/5546/4831 3602/5528/4831
f 3622/5532/4838 3639/5543/4838 3603/5533/4838
f 3652/5539/4833 3605/5538/4833 3623/5524/4833
f 3545/5390/4794 3676/5569/4794 3546/5570/4794
f 3706/5571/4861 3683/5572/4861 3670/5573/4861
f 3547/5432/4794 3680/5574/4794 3553/5575/4794
f 3657/5576/4862 3718/5577/4862 3682/5578/4862
f 3657/5576/4794 3555/5429/4794 3549/5441/4794
f 3656/5579/4950 3711/5580/4950 3675/5581/4950
f 3659/5582/4793 3545/5390/4793 3550/5583/4793
f 3684/5584/4864 3705/5585/4864 3669/5586/4864
f 3551/5587/4793 3678/5588/4793 3548/5523/4793
f 3715/5589/4865 3656/5579/4865 3679/5590/4865
f 3665/5591/4793 3559/5527/4793 3554/5568/4793
f 3712/5592/4951 3655/5593/4951 3676/5569/4951
f 3552/5531/4793 3684/5584/4793 3557/5594/4793
f 3668/5595/4867 3717/5596/4867 3681/5597/4867
f 3667/5598/4793 3561/5520/4793 3556/5536/4793
f 3691/5599/4868 3680/5574/4868 3655/5593/4868
f 3546/5570/4793 3655/5593/4793 3547/5432/4793
f 3687/5600/4869 3704/5601/4869 3668/5595/4869
f 3548/5523/4793 3657/5576/4793 3549/5441/4793
f 3682/5578/4870 3703/5602/4870 3667/5598/4870
f 3558/5439/4793 3659/5582/4793 3550/5583/4793
f 3711/5603/4952 3654/5604/4952 3675/5605/4952
f 3671/5606/4794 3551/5587/4794 3560/5511/4794
f 3667/5598/4872 3724/5607/4872 3688/5608/4872
f 3673/5609/4793 3552/5531/4793 3562/5610/4793
f 3702/5611/4873 3679/5590/4873 3666/5612/4873
f 3553/5575/4793 3665/5591/4793 3554/5568/4793
f 3689/5613/4874 3676/5569/4874 3653/5614/4874
f 3555/5429/4793 3667/5598/4793 3556/5536/4793
f 3719/5615/4875 3664/5616/4875 3683/5572/4875
f 3684/5584/4794 3558/5439/4794 3557/5594/4794
f 3716/5617/4876 3665/5591/4876 3680/5574/4876
f 3686/5618/4794 3560/5511/4794 3559/5527/4794
f 3699/5619/4877 3684/5584/4877 3663/5620/4877
f 3688/5608/4794 3562/5610/4794 3561/5520/4794
f 3664/5621/4953 3710/5622/4953 3674/5623/4953
f 3725/5624/4879 3711/5625/4879 3736/5626/4879
f 3726/5627/4880 3715/5628/4880 3738/5629/4880
f 3694/5630/4881 3739/5631/4881 3727/5632/4881
f 3728/5633/4954 3690/5634/4954 3725/5624/4954
f 3698/5635/4883 3737/5636/4883 3729/5637/4883
f 3731/5638/4884 3721/5639/4884 3741/5640/4884
f 3730/5641/4885 3719/5642/4885 3740/5643/4885
f 3704/5644/4920 3742/5645/4920 3732/5646/4920
f 3711/5625/4887 3726/5627/4887 3736/5626/4887
f 3713/5647/4888 3727/5632/4888 3737/5636/4888
f 3733/5648/4889 3696/5649/4889 3728/5633/4889
f 3708/5650/4890 3729/5637/4890 3734/5651/4890
f 3735/5652/4891 3700/5653/4891 3730/5641/4891
f 3738/5629/4892 3702/5654/4892 3731/5638/4892
f 3717/5655/4893 3732/5646/4893 3739/5631/4893
f 3719/5642/4894 3733/5648/4894 3740/5643/4894
f 3741/5640/4895 3708/5650/4895 3734/5651/4895
f 3742/5645/4896 3710/5656/4896 3735/5652/4896
f 3714/5657/4897 3657/5576/4897 3678/5588/4897
f 3681/5658/4898 3694/5659/4898 3658/5660/4898
f 3722/5661/4955 3671/5606/4955 3686/5618/4955
f 3658/5660/4956 3713/5662/4956 3677/5663/4956
f 3695/5664/4901 3653/5614/4901 3659/5582/4901
f 3708/5665/4902 3685/5666/4902 3672/5667/4902
f 3669/5586/4957 3695/5664/4957 3659/5582/4957
f 3690/5668/4958 3660/5669/4958 3654/5604/4958
f 3688/5608/4905 3709/5670/4905 3673/5609/4905
f 3696/5671/4959 3670/5573/4959 3660/5669/4959
f 3697/5672/4907 3678/5588/4907 3661/5673/4907
f 3674/5623/4908 3723/5674/4908 3687/5600/4908
f 3671/5606/4909 3697/5672/4909 3661/5673/4909
f 3677/5663/4910 3698/5675/4910 3662/5676/4910
f 3698/5675/4911 3672/5667/4911 3662/5676/4911
f 3701/5677/4912 3686/5618/4912 3665/5591/4912
f 3673/5609/4913 3699/5619/4913 3663/5620/4913
f 3721/5678/4960 3666/5612/4960 3685/5679/4960
f 3742/5645/4892 3709/5670/4892 3724/5607/4892
f 3741/5640/4885 3707/5680/4885 3722/5661/4885
f 3740/5643/4890 3705/5585/4890 3720/5681/4890
f 3739/5631/4887 3703/5602/4887 3718/5577/4887
f 3716/5617/4896 3731/5638/4896 3701/5677/4896
f 3709/5670/4884 3730/5641/4884 3699/5619/4884
f 3707/5680/4894 3729/5637/4894 3697/5672/4894
f 3705/5585/4883 3728/5633/4883 3695/5664/4883
f 3714/5657/4954 3727/5632/4954 3693/5682/4954
f 3712/5592/4893 3726/5627/4893 3691/5599/4893
f 3732/5646/4880 3724/5607/4880 3703/5602/4880
f 3730/5641/4895 3720/5681/4895 3699/5619/4895
f 3731/5638/4891 3722/5661/4891 3701/5677/4891
f 3697/5672/4889 3737/5636/4889 3714/5657/4889
f 3728/5633/4888 3689/5613/4888 3695/5664/4888
f 3727/5632/4879 3718/5577/4879 3693/5682/4879
f 3691/5599/4920 3738/5629/4920 3716/5617/4920
f 3689/5613/4881 3736/5626/4881 3712/5592/4881
f 3245/5683/4961 4327/5684/4961 3255/5685/4961
f 3751/5686/4962 4358/5687/4962 4354/5688/4962
f 4007/5689/4963 4396/5690/4963 4393/5691/4963
f 3258/5692/4964 4336/5693/4964 3252/5694/4964
f 3749/5695/4965 4353/5696/4965 4357/5697/4965
f 4247/5698/4966 4395/5699/4966 4377/5700/4966
f 3257/5701/4967 4381/5702/4967 3251/5703/4967
f 3510/5704/4968 4348/5705/4968 4346/5706/4968
f 3797/5707/4969 3849/5708/4969 3850/5709/4969
f 3998/5710/4970 3815/5711/4970 3826/5712/4970
f 3827/5713/4971 3782/5714/4971 3816/5715/4971
f 3828/5716/4972 3784/5717/4972 3817/5718/4972
f 3829/5719/4973 3999/5720/4973 3818/5721/4973
f 3830/5722/4974 3787/5723/4974 3819/5724/4974
f 3815/5711/4975 3789/5725/4975 3820/5726/4975
f 3782/5714/4976 3821/5727/4976 3816/5715/4976
f 3784/5717/4977 3822/5728/4977 3817/5718/4977
f 3831/5729/4978 3792/5730/4978 3823/5731/4978
f 3795/5732/4979 3824/5733/4979 3832/5734/4979
f 3818/5721/4980 3998/5710/4980 3826/5712/4980
f 3789/5725/4981 3828/5716/4981 3820/5726/4981
f 3819/5724/4982 3783/5735/4982 3827/5713/4982
f 3821/5727/4983 3793/5736/4983 3831/5729/4983
f 3791/5737/4984 3825/5738/4984 3822/5728/4984
f 3823/5731/4985 3786/5739/4985 3829/5719/4985
f 3824/5733/4986 3788/5740/4986 3830/5722/4986
f 3796/5741/4987 3832/5734/4987 3825/5738/4987
f 3851/5742/4988 3770/5743/4988 3865/5744/4988
f 3807/5745/4989 3839/5746/4989 3840/5747/4989
f 3799/5748/4990 3842/5749/4990 3848/5750/4990
f 3853/5751/4991 3768/5752/4991 3868/5753/4991
f 3838/5754/4992 3810/5755/4992 3837/5756/4992
f 3801/5757/4993 3840/5747/4993 3846/5758/4993
f 3779/5759/4994 3867/5760/4994 3852/5761/4994
f 3781/5762/4995 3926/5763/4995 3939/5764/4995
f 3937/5765/4995 3772/5766/4995 3924/5767/4995
f 3935/5768/4995 3771/5769/4995 3922/5770/4995
f 3777/5771/4996 3920/5772/4996 3933/5773/4996
f 3931/5774/4995 3769/5775/4995 3918/5776/4995
f 3926/5763/4996 3768/5752/4996 3916/5777/4996
f 3924/5767/4995 3767/5778/4995 3914/5779/4995
f 3922/5770/4996 3766/5780/4996 3912/5781/4996
f 3775/5782/4996 3910/5783/4996 3929/5784/4996
f 3927/5785/4995 3764/5786/4995 3908/5787/4995
f 3770/5788/4995 3939/5764/4995 3920/5772/4995
f 3768/5752/4995 3935/5768/4995 3916/5777/4995
f 3918/5776/4995 3779/5759/4995 3937/5765/4995
f 3767/5778/4996 3929/5784/4996 3914/5779/4996
f 3912/5781/4995 3763/5789/4995 3906/5790/4995
f 3765/5791/4995 3933/5773/4995 3910/5783/4995
f 3764/5786/4995 3931/5774/4995 3908/5787/4995
f 3906/5790/4996 3774/5792/4996 3927/5785/4996
f 3866/5793/4997 3824/5794/4997 3830/5795/4997
f 3885/5796/4998 3832/5797/4998 3824/5794/4998
f 3817/5798/4999 3862/5799/4999 3828/5800/4999
f 3832/5797/5000 3886/5801/5000 3825/5802/5000
f 3826/5803/5001 3879/5804/5001 3818/5805/5001
f 3879/5804/5002 3829/5806/5002 3818/5805/5002
f 3862/5799/5003 3820/5807/5003 3828/5800/5003
f 3819/5808/5004 3866/5793/5004 3830/5795/5004
f 3860/5809/5005 3819/5808/5005 3827/5810/5005
f 3881/5811/5006 3815/5812/5006 3820/5807/5006
f 3831/5813/5007 3882/5814/5007 3821/5815/5007
f 3821/5815/5008 3877/5816/5008 3816/5817/5008
f 3825/5818/5009 3883/5819/5009 3822/5820/5009
f 3883/5819/5010 3817/5798/5010 3822/5820/5010
f 3815/5821/5011 3858/5822/5011 3826/5803/5011
f 3829/5719/5012 3884/5823/5012 3823/5731/5012
f 3823/5824/5013 3871/5825/5013 3831/5813/5013
f 3816/5817/5014 3860/5826/5014 3827/5827/5014
f 3843/5828/4995 3847/5829/4995 3846/5758/4995
f 3836/5830/5015 3812/5831/5015 3835/5832/5015
f 3837/5756/4996 3835/5832/4996 3844/5833/4996
f 3837/5756/4995 3847/5829/4995 3838/5754/4995
f 3840/5747/4996 3843/5828/4996 3846/5758/4996
f 3840/5747/4996 3834/5834/4996 3833/5835/4996
f 3850/5709/4995 3835/5832/4995 3845/5836/4995
f 3848/5750/4995 3841/5837/4995 3849/5708/4995
f 3850/5709/4995 3841/5837/4995 3836/5830/4995
f 3845/5836/5016 3797/5707/5016 3850/5709/5016
f 3856/5838/5017 3767/5778/5017 3869/5839/5017
f 3834/5834/5018 3814/5840/5018 3833/5835/5018
f 3859/5841/5019 3781/5762/5019 3851/5842/5019
f 3844/5833/5020 3800/5843/5020 3847/5829/5020
f 3763/5789/5021 3870/5844/5021 3875/5845/5021
f 3772/5766/5022 3852/5761/5022 3861/5846/5022
f 3841/5837/5023 3811/5847/5023 3836/5830/5023
f 3854/5848/5024 3765/5791/5024 3872/5849/5024
f 3771/5850/5025 3853/5851/5025 3863/5852/5025
f 3804/5853/5026 3838/5754/5026 3843/5828/5026
f 3776/5854/5027 3874/5855/5027 3855/5856/5027
f 3770/5788/5028 3854/5848/5028 3865/5857/5028
f 3808/5858/5029 3834/5834/5029 3839/5746/5029
f 3774/5792/5030 3875/5845/5030 3857/5859/5030
f 3867/5760/5031 3776/5854/5031 3855/5856/5031
f 3849/5708/5032 3799/5748/5032 3848/5750/5032
f 3904/5860/5033 3873/5861/5033 3893/5862/5033
f 3885/5863/5034 3891/5864/5034 3903/5865/5034
f 3884/5823/5035 3890/5866/5035 3902/5867/5035
f 3883/5868/5036 3904/5860/5036 3901/5869/5036
f 3882/5870/5037 3892/5871/5037 3900/5872/5037
f 3880/5873/5038 3888/5874/5038 3898/5875/5038
f 3899/5876/5039 3862/5877/5039 3889/5878/5039
f 3897/5879/5040 3858/5880/5040 3887/5881/5040
f 3893/5862/5041 3885/5863/5041 3903/5865/5041
f 3871/5882/5042 3902/5867/5042 3892/5871/5042
f 3896/5883/5043 3883/5868/5043 3901/5869/5043
f 3895/5884/5044 3882/5870/5044 3900/5872/5044
f 3894/5885/5045 3881/5886/5045 3899/5876/5045
f 3866/5887/5046 3898/5875/5046 3891/5864/5046
f 3890/5866/5047 3879/5888/5047 3897/5879/5047
f 3862/5877/5048 3896/5883/5048 3889/5878/5048
f 3888/5874/5049 3877/5889/5049 3895/5884/5049
f 3887/5881/5050 3876/5890/5050 3894/5885/5050
f 3842/5749/5051 3806/5891/5051 3841/5837/5051
f 3764/5786/5052 3857/5859/5052 3874/5855/5052
f 3833/5835/5053 3804/5853/5053 3843/5828/5053
f 3872/5849/5054 3775/5782/5054 3856/5838/5054
f 3812/5831/5055 3844/5833/5055 3835/5832/5055
f 3766/5780/5056 3863/5892/5056 3870/5844/5056
f 3810/5755/5057 3845/5836/5057 3837/5756/5057
f 3869/5893/5058 3772/5894/5058 3861/5895/5058
f 3847/5829/5059 3801/5757/5059 3846/5758/5059
f 3868/5753/5060 3773/5896/5060 3859/5841/5060
f 3887/5881/5046 3859/5841/5046 3851/5842/5046
f 3888/5874/5039 3861/5846/5039 3852/5761/5039
f 3853/5751/5044 3896/5883/5044 3863/5892/5044
f 3890/5866/5041 3865/5857/5041 3854/5848/5041
f 3855/5856/5050 3898/5875/5050 3867/5760/5050
f 3859/5841/5038 3899/5876/5038 3868/5753/5038
f 3895/5884/5048 3869/5839/5048 3861/5846/5048
f 3863/5892/5061 3901/5869/5061 3870/5844/5061
f 3856/5838/5036 3902/5867/5036 3872/5849/5036
f 3857/5859/5047 3903/5865/5047 3874/5855/5047
f 3897/5879/5034 3851/5842/5034 3865/5857/5034
f 3899/5876/5049 3853/5751/5049 3868/5753/5049
f 3898/5875/5045 3852/5761/5045 3867/5760/5045
f 3900/5872/5062 3856/5838/5062 3869/5839/5062
f 3901/5869/5042 3875/5845/5042 3870/5844/5042
f 3872/5849/5033 3890/5866/5033 3854/5848/5033
f 3874/5855/5040 3891/5864/5040 3855/5856/5040
f 3904/5860/5035 3857/5859/5035 3875/5845/5035
f 3797/5707/4995 3928/5897/4995 3798/5898/4995
f 3958/5899/5063 3935/5900/5063 3922/5901/5063
f 3799/5748/4996 3932/5902/4996 3805/5903/4996
f 3909/5904/5064 3970/5905/5064 3934/5906/5064
f 3909/5904/4995 3807/5745/4995 3801/5757/4995
f 3944/5907/5065 3927/5908/5065 3908/5909/5065
f 3911/5910/4996 3797/5707/4996 3802/5911/4996
f 3936/5912/5066 3957/5913/5066 3921/5914/5066
f 3803/5915/4995 3930/5916/4995 3800/5843/4995
f 3967/5917/5067 3908/5909/5067 3931/5918/5067
f 3917/5919/4995 3811/5847/4995 3806/5891/4995
f 3964/5920/5068 3907/5921/5068 3928/5897/5068
f 3804/5853/4995 3936/5912/4995 3809/5922/4995
f 3920/5923/5069 3969/5924/5069 3933/5925/5069
f 3919/5926/4995 3813/5927/4995 3808/5858/4995
f 3943/5928/5070 3932/5902/5070 3907/5921/5070
f 3798/5898/4995 3907/5921/4995 3799/5748/4995
f 3939/5929/5071 3956/5930/5071 3920/5923/5071
f 3800/5843/4996 3909/5904/4996 3801/5757/4996
f 3934/5906/5072 3955/5931/5072 3919/5926/5072
f 3810/5755/4995 3911/5910/4995 3802/5911/4995
f 3963/5932/5073 3906/5933/5073 3927/5908/5073
f 3812/5831/4996 3913/5934/4996 3803/5915/4996
f 3919/5926/5074 3976/5935/5074 3940/5936/5074
f 3925/5937/4995 3804/5853/4995 3814/5840/4995
f 3954/5938/5075 3931/5918/5075 3918/5939/5075
f 3805/5903/4995 3917/5919/4995 3806/5891/4995
f 3941/5940/5076 3928/5897/5076 3905/5941/5076
f 3934/5906/4995 3808/5858/4995 3807/5745/4995
f 3971/5942/5077 3916/5943/5077 3935/5900/5077
f 3936/5912/4995 3810/5755/4995 3809/5922/4995
f 3968/5944/5078 3917/5919/5078 3932/5902/5078
f 3938/5945/4995 3812/5831/4995 3811/5847/4995
f 3951/5946/5079 3936/5912/5079 3915/5947/5079
f 3940/5936/4995 3814/5840/4995 3813/5927/4995
f 3916/5948/5080 3962/5949/5080 3926/5950/5080
f 3977/5951/5081 3963/5952/5081 3988/5953/5081
f 3978/5954/5082 3967/5955/5082 3990/5956/5082
f 3946/5957/5083 3991/5958/5083 3979/5959/5083
f 3980/5960/5084 3942/5961/5084 3977/5951/5084
f 3950/5962/5085 3989/5963/5085 3981/5964/5085
f 3983/5965/5086 3973/5966/5086 3993/5967/5086
f 3982/5968/5087 3971/5969/5087 3992/5970/5087
f 3984/5971/5088 3975/5972/5088 3994/5973/5088
f 3963/5952/5089 3978/5954/5089 3988/5953/5089
f 3965/5974/5090 3979/5959/5090 3989/5963/5090
f 3985/5975/5091 3948/5976/5091 3980/5960/5091
f 3960/5977/5092 3981/5964/5092 3986/5978/5092
f 3987/5979/5093 3952/5980/5093 3982/5968/5093
f 3990/5956/5094 3954/5981/5094 3983/5965/5094
f 3969/5982/5095 3984/5971/5095 3991/5958/5095
f 3971/5969/5096 3985/5975/5096 3992/5970/5096
f 3973/5966/5097 3986/5978/5097 3993/5967/5097
f 3994/5973/5098 3962/5983/5098 3987/5979/5098
f 3966/5984/5099 3909/5904/5099 3930/5916/5099
f 3933/5925/5100 3946/5985/5100 3910/5986/5100
f 3974/5987/5101 3923/5988/5101 3938/5945/5101
f 3910/5989/5102 3965/5990/5102 3929/5991/5102
f 3947/5992/5103 3905/5941/5103 3911/5910/5103
f 3924/5993/5104 3973/5994/5104 3937/5995/5104
f 3921/5914/5105 3947/5992/5105 3911/5910/5105
f 3942/5996/5106 3912/5997/5106 3906/5998/5106
f 3940/5936/5107 3961/5999/5107 3925/5937/5107
f 3912/5997/5108 3958/5899/5108 3922/5901/5108
f 3949/6000/5109 3930/5916/5109 3913/5934/5109
f 3926/5950/5110 3975/6001/5110 3939/5929/5110
f 3923/5988/5111 3949/6000/5111 3913/5934/5111
f 3965/5990/5112 3914/6002/5112 3929/5991/5112
f 3950/6003/5113 3924/5993/5113 3914/6002/5113
f 3953/6004/5114 3938/5945/5114 3917/5919/5114
f 3925/5937/5115 3951/5946/5115 3915/5947/5115
f 3973/6005/5116 3918/5939/5116 3937/6006/5116
f 3994/5973/5094 3961/5999/5094 3976/5935/5094
f 3974/5987/5087 3986/5978/5087 3959/6007/5087
f 3972/6008/5092 3985/5975/5092 3957/5913/5092
f 3991/5958/5117 3955/5931/5117 3970/5905/5117
f 3968/5944/5098 3983/5965/5098 3953/6004/5098
f 3987/5979/5086 3951/5946/5086 3961/5999/5086
f 3959/6007/5096 3981/5964/5096 3949/6000/5096
f 3957/5913/5085 3980/5960/5085 3947/5992/5085
f 3966/5984/5084 3979/5959/5084 3945/6009/5084
f 3964/5920/5095 3978/5954/5095 3943/5928/5095
f 3955/5931/5082 3994/5973/5082 3976/5935/5082
f 3951/5946/5097 3992/5970/5097 3972/6008/5097
f 3983/5965/5093 3974/5987/5093 3953/6004/5093
f 3949/6000/5091 3989/5963/5091 3966/5984/5091
f 3980/5960/5090 3941/5940/5090 3947/5992/5090
f 3945/6009/5081 3991/5958/5081 3970/5905/5081
f 3943/5928/5088 3990/5956/5088 3968/5944/5088
f 3941/5940/5118 3988/5953/5118 3964/5920/5118
f 4004/6010/5119 4370/6011/5119 4372/6012/5119
f 3491/6013/5120 4383/6014/5120 4335/6015/5120
f 3506/6016/5121 4388/6017/5121 3509/6018/5121
f 4011/6019/5122 4379/6020/5122 4010/6021/5122
f 3256/6022/5123 4330/6023/5123 3248/6024/5123
f 3744/6025/5124 4386/6026/5124 4387/6027/5124
f 4009/5371/5125 4367/6028/5125 4002/6029/5125
f 3254/6030/5126 4327/5684/5126 4337/6031/5126
f 4102/6032/4969 4050/6033/4969 4101/6034/4969
f 4250/6035/4970 4067/6036/4970 4078/6037/4970
f 4079/6038/4971 4034/6039/4971 4068/6040/4971
f 4080/6041/4972 4036/6042/4972 4069/6043/4972
f 4081/6044/4973 4251/6045/4973 4070/6046/4973
f 4082/6047/4974 4039/6048/4974 4071/6049/4974
f 4249/6050/4975 4072/6051/4975 4067/6036/4975
f 4034/6039/4976 4073/6052/4976 4068/6040/4976
f 4036/6042/4977 4074/6053/4977 4069/6043/4977
f 4083/6054/4978 4044/6055/4978 4075/6056/4978
f 4047/6057/4979 4076/6058/4979 4084/6059/4979
f 4070/6046/4980 4250/6035/4980 4078/6037/4980
f 4041/6060/4981 4080/6041/4981 4072/6051/4981
f 4071/6049/4982 4035/6061/4982 4079/6038/4982
f 4073/6052/4983 4045/6062/4983 4083/6054/4983
f 4074/6053/4984 4048/6063/4984 4077/6064/4984
f 4075/6056/4985 4038/6065/4985 4081/6044/4985
f 4076/6058/4986 4040/6066/4986 4082/6047/4986
f 4048/6063/4987 4084/6059/4987 4077/6064/4987
f 4033/6067/4988 4117/6068/4988 4103/6069/4988
f 4059/6070/5127 4091/6071/5127 4092/6072/5127
f 4051/6073/4990 4094/6074/4990 4100/6075/4990
f 4105/6076/4991 4020/6077/4991 4120/6078/4991
f 4090/6079/4992 4062/6080/4992 4089/6081/4992
f 4053/6082/5128 4092/6072/5128 4098/6083/5128
f 4031/6084/4994 4119/6085/4994 4104/6086/4994
f 4033/6087/4995 4178/6088/4995 4191/6089/4995
f 4189/6090/4995 4024/6091/4995 4176/6092/4995
f 4187/6093/4995 4023/6094/4995 4174/6095/4995
f 4029/6096/4995 4172/6097/4995 4185/6098/4995
f 4183/6099/4995 4021/6100/4995 4170/6101/4995
f 4178/6088/4996 4020/6077/4996 4168/6102/4996
f 4176/6092/4996 4019/6103/4996 4166/6104/4996
f 4023/6094/4996 4164/6105/4996 4174/6095/4996
f 4027/6106/4996 4162/6107/4996 4181/6108/4996
f 4179/6109/4995 4016/6110/4995 4160/6111/4995
f 4172/6097/4995 4033/6087/4995 4191/6089/4995
f 4020/6077/4996 4187/6093/4996 4168/6102/4996
f 4170/6101/4996 4031/6084/4996 4189/6090/4996
f 4019/6103/4995 4181/6108/4995 4166/6104/4995
f 4164/6105/4996 4015/6112/4996 4158/6113/4996
f 4017/6114/4996 4185/6098/4996 4162/6107/4996
f 4160/6111/4995 4028/6115/4995 4183/6099/4995
f 4158/6113/4996 4026/6116/4996 4179/6109/4996
f 4118/6117/4997 4076/6118/4997 4082/6119/4997
f 4137/6120/4998 4084/6121/4998 4076/6118/4998
f 4069/6122/4999 4114/6123/4999 4080/6124/4999
f 4084/6121/5000 4138/6125/5000 4077/6126/5000
f 4078/6127/5129 4131/6128/5129 4070/6129/5129
f 4131/6128/5002 4081/6130/5002 4070/6129/5002
f 4080/6124/5130 4133/6131/5130 4072/6132/5130
f 4071/6133/5004 4118/6117/5004 4082/6119/5004
f 4112/6134/5005 4071/6133/5005 4079/6135/5005
f 4072/6132/5006 4128/6136/5006 4067/6137/5006
f 4083/6138/5007 4134/6139/5007 4073/6140/5007
f 4073/6140/5008 4129/6141/5008 4068/6142/5008
f 4077/6143/5009 4135/6144/5009 4074/6145/5009
f 4074/6145/5131 4130/6146/5131 4069/6122/5131
f 4067/6147/5011 4110/6148/5011 4078/6127/5011
f 4081/6044/5012 4136/6149/5012 4075/6056/5012
f 4136/6150/5132 4083/6138/5132 4075/6151/5132
f 4068/6142/5014 4112/6152/5014 4079/6153/5014
f 4095/6154/4995 4099/6155/4995 4098/6083/4995
f 4088/6156/5015 4064/6157/5015 4087/6158/5015
f 4089/6081/4996 4087/6158/4996 4096/6159/4996
f 4089/6081/4995 4099/6155/4995 4090/6079/4995
f 4092/6072/4995 4095/6154/4995 4098/6083/4995
f 4091/6071/4995 4085/6160/4995 4092/6072/4995
f 4102/6032/4995 4087/6158/4995 4097/6161/4995
f 4100/6075/4996 4093/6162/4996 4101/6034/4996
f 4102/6032/4995 4093/6162/4995 4088/6156/4995
f 4097/6161/5016 4049/6163/5016 4102/6032/5016
f 4108/6164/5017 4019/6103/5017 4121/6165/5017
f 4086/6166/5018 4066/6167/5018 4085/6160/5018
f 4111/6168/5019 4033/6087/5019 4103/6169/5019
f 4096/6159/5020 4052/6170/5020 4099/6155/5020
f 4015/6112/5021 4122/6171/5021 4127/6172/5021
f 4024/6091/5022 4104/6086/5022 4113/6173/5022
f 4093/6162/5023 4063/6174/5023 4088/6156/5023
f 4106/6175/5024 4017/6114/5024 4124/6176/5024
f 4023/6177/5025 4105/6178/5025 4115/6179/5025
f 4056/6180/5026 4090/6079/5026 4095/6154/5026
f 4107/6181/5027 4016/6110/5027 4126/6182/5027
f 4022/6183/5028 4106/6175/5028 4117/6184/5028
f 4060/6185/5029 4086/6166/5029 4091/6071/5029
f 4026/6116/5030 4127/6172/5030 4109/6186/5030
f 4119/6085/5031 4028/6115/5031 4107/6181/5031
f 4101/6034/5133 4051/6073/5133 4100/6075/5133
f 4138/6187/5033 4145/6188/5033 4156/6189/5033
f 4137/6190/5034 4143/6191/5034 4155/6192/5034
f 4154/6193/5035 4116/6194/5035 4142/6195/5035
f 4135/6196/5036 4156/6189/5036 4153/6197/5036
f 4134/6198/5037 4144/6199/5037 4152/6200/5037
f 4132/6201/5038 4140/6202/5038 4150/6203/5038
f 4151/6204/5039 4114/6205/5039 4141/6206/5039
f 4149/6207/5040 4110/6208/5040 4139/6209/5040
f 4125/6210/5041 4155/6192/5041 4145/6188/5041
f 4123/6211/5042 4154/6193/5042 4144/6199/5042
f 4148/6212/5043 4135/6196/5043 4153/6197/5043
f 4147/6213/5044 4134/6198/5044 4152/6200/5044
f 4146/6214/5045 4133/6215/5045 4151/6204/5045
f 4118/6216/5046 4150/6203/5046 4143/6191/5046
f 4142/6195/5047 4131/6217/5047 4149/6207/5047
f 4114/6205/5048 4148/6212/5048 4141/6206/5048
f 4140/6202/5049 4129/6218/5049 4147/6213/5049
f 4139/6209/5050 4128/6219/5050 4146/6214/5050
f 4094/6074/5051 4058/6220/5051 4093/6162/5051
f 4016/6110/5052 4109/6186/5052 4126/6182/5052
f 4085/6160/5134 4056/6180/5134 4095/6154/5134
f 4124/6176/5054 4027/6106/5054 4108/6164/5054
f 4064/6157/5055 4096/6159/5055 4087/6158/5055
f 4018/6221/5056 4115/6222/5056 4122/6171/5056
f 4062/6080/5057 4097/6161/5057 4089/6081/5057
f 4019/6223/5058 4113/6224/5058 4121/6225/5058
f 4099/6155/5135 4053/6082/5135 4098/6083/5135
f 4120/6078/5060 4025/6226/5060 4111/6168/5060
f 4139/6209/5046 4111/6168/5046 4103/6169/5046
f 4104/6086/5136 4147/6213/5136 4113/6173/5136
f 4141/6206/5044 4115/6222/5044 4105/6076/5044
f 4142/6195/5041 4117/6184/5041 4106/6175/5041
f 4143/6191/5050 4119/6085/5050 4107/6181/5050
f 4111/6168/5038 4151/6204/5038 4120/6078/5038
f 4113/6173/5048 4152/6200/5048 4121/6165/5048
f 4148/6212/5061 4122/6171/5061 4115/6222/5061
f 4144/6199/5036 4124/6176/5036 4108/6164/5036
f 4109/6186/5047 4155/6192/5047 4126/6182/5047
f 4149/6207/5034 4103/6169/5034 4117/6184/5034
f 4151/6204/5049 4105/6076/5049 4120/6078/5049
f 4150/6203/5045 4104/6086/5045 4119/6085/5045
f 4152/6200/5062 4108/6164/5062 4121/6165/5062
f 4153/6197/5042 4127/6172/5042 4122/6171/5042
f 4154/6193/5033 4106/6175/5033 4124/6176/5033
f 4126/6182/5040 4143/6191/5040 4107/6181/5040
f 4127/6172/5035 4145/6188/5035 4109/6186/5035
f 4049/6163/4995 4180/6227/4995 4050/6033/4995
f 4210/6228/5063 4187/6229/5063 4174/6230/5063
f 4051/6073/4996 4184/6231/4996 4057/6232/4996
f 4161/6233/5064 4222/6234/5064 4186/6235/5064
f 4053/6082/4996 4186/6235/4996 4059/6070/4996
f 4160/6236/5065 4215/6237/5065 4179/6238/5065
f 4163/6239/4996 4049/6163/4996 4054/6240/4996
f 4188/6241/5066 4209/6242/5066 4173/6243/5066
f 4165/6244/4995 4052/6170/4995 4055/6245/4995
f 4219/6246/5137 4160/6236/5137 4183/6247/5137
f 4169/6248/4996 4063/6174/4996 4058/6220/4996
f 4216/6249/5068 4159/6250/5068 4180/6227/5068
f 4056/6180/4995 4188/6241/4995 4061/6251/4995
f 4172/6252/5069 4221/6253/5069 4185/6254/5069
f 4171/6255/4995 4065/6256/4995 4060/6185/4995
f 4195/6257/5070 4184/6231/5070 4159/6250/5070
f 4050/6033/4995 4159/6250/4995 4051/6073/4995
f 4191/6258/5071 4208/6259/5071 4172/6252/5071
f 4052/6170/4995 4161/6233/4995 4053/6082/4995
f 4186/6235/5072 4207/6260/5072 4171/6255/5072
f 4062/6080/4995 4163/6239/4995 4054/6240/4995
f 4215/6237/5073 4158/6261/5073 4179/6238/5073
f 4175/6262/4995 4055/6245/4995 4064/6157/4995
f 4207/6260/5074 4192/6263/5074 4171/6255/5074
f 4066/6167/4995 4167/6264/4995 4056/6180/4995
f 4206/6265/5075 4183/6247/5075 4170/6266/5075
f 4057/6232/4995 4169/6248/4995 4058/6220/4995
f 4193/6267/5138 4180/6227/5138 4157/6268/5138
f 4059/6070/4995 4171/6255/4995 4060/6185/4995
f 4223/6269/5077 4168/6270/5077 4187/6229/5077
f 4188/6241/4996 4062/6080/4996 4061/6251/4996
f 4220/6271/5078 4169/6248/5078 4184/6231/5078
f 4190/6272/4995 4064/6157/4995 4063/6174/4995
f 4203/6273/5079 4188/6241/5079 4167/6264/5079
f 4192/6263/4996 4066/6167/4996 4065/6256/4996
f 4168/5616/5080 4214/6274/5080 4178/6275/5080
f 4194/6276/5081 4240/6277/5081 4229/6278/5081
f 4196/6279/5082 4242/6280/5082 4230/6281/5082
f 4198/6282/5083 4243/6283/5083 4231/6284/5083
f 4232/6285/5139 4194/6276/5139 4229/6278/5139
f 4233/6286/5085 4217/6287/5085 4241/6288/5085
f 4235/6289/5086 4225/6290/5086 4245/6291/5086
f 4234/6292/5087 4223/6293/5087 4244/6294/5087
f 4236/6295/5088 4227/6296/5088 4246/6297/5088
f 4215/6298/5089 4230/6281/5089 4240/6277/5089
f 4217/6287/5090 4231/6284/5090 4241/6288/5090
f 4237/6299/5091 4200/6300/5091 4232/6285/5091
f 4212/6301/5092 4233/6286/5092 4238/6302/5092
f 4239/6303/5093 4204/6304/5093 4234/6292/5093
f 4242/6280/5094 4206/6305/5094 4235/6289/5094
f 4221/6306/5095 4236/6295/5095 4243/6283/5095
f 4244/6294/5096 4210/6307/5096 4237/6299/5096
f 4225/6290/5097 4238/6302/5097 4245/6291/5097
f 4246/6297/5098 4214/6308/5098 4239/6303/5098
f 4182/6309/5099 4197/6310/5099 4161/6233/5099
f 4185/6254/5100 4198/6311/5100 4162/5605/5100
f 4226/6312/5101 4175/6262/5101 4190/6272/5101
f 4162/6313/5140 4217/6314/5140 4181/6315/5140
f 4199/6316/5103 4157/6268/5103 4163/6239/5103
f 4212/6317/5104 4189/6318/5104 4176/6319/5104
f 4173/6243/5105 4199/6316/5105 4163/6239/5105
f 4194/6320/5141 4164/6321/5141 4158/6322/5141
f 4192/6263/5107 4213/6323/5107 4177/6324/5107
f 4164/6321/5108 4210/6228/5108 4174/6230/5108
f 4201/6325/5109 4182/6309/5109 4165/6244/5109
f 4178/6275/5110 4227/6326/5110 4191/6258/5110
f 4211/6327/5111 4165/6244/5111 4175/6262/5111
f 4217/6314/5142 4166/6328/5142 4181/6315/5142
f 4202/6329/5113 4176/6319/5113 4166/6328/5113
f 4205/6330/5114 4190/6272/5114 4169/6248/5114
f 4177/6324/5115 4203/6273/5115 4167/6264/5115
f 4225/6331/5116 4170/6266/5116 4189/6332/5116
f 4246/6297/5094 4213/6323/5094 4228/6333/5094
f 4226/6312/5087 4238/6302/5087 4211/6327/5087
f 4224/6334/5092 4237/6299/5092 4209/6242/5092
f 4243/6283/5117 4207/6260/5117 4222/6234/5117
f 4220/6271/5098 4235/6289/5098 4205/6330/5098
f 4239/6303/5143 4203/6273/5143 4213/6323/5143
f 4211/6327/5144 4233/6286/5144 4201/6325/5144
f 4209/6242/5085 4232/6285/5085 4199/6316/5085
f 4218/6335/5084 4231/6284/5084 4197/6310/5084
f 4216/6249/5095 4230/6281/5095 4195/6257/5095
f 4236/6295/5082 4228/6333/5082 4207/6260/5082
f 4203/6273/5097 4244/6294/5097 4224/6334/5097
f 4235/6289/5093 4226/6312/5093 4205/6330/5093
f 4201/6325/5091 4241/6288/5091 4218/6335/5091
f 4232/6285/5090 4193/6267/5090 4199/6316/5090
f 4197/6310/5081 4243/6283/5081 4222/6234/5081
f 4230/6281/5088 4220/6271/5088 4195/6257/5088
f 4193/6267/5145 4240/6277/5145 4216/6249/5145
f 3508/6336/5146 4352/6337/5146 4342/6338/5146
f 4252/6339/4921 4378/5388/4921 4394/6340/4921
f 3246/6341/5147 4333/5383/5147 4325/6342/5147
f 3499/6343/4923 4348/5705/4923 3528/6344/4923
f 4006/6345/4924 4393/5691/4924 4380/6346/4924
f 3496/6347/5148 4336/6348/5148 4382/6349/5148
f 3501/6350/4926 4347/6351/4926 3505/6352/4926
f 4247/5698/5149 4373/6353/5149 4005/6354/5149
f 4264/6355/5148 3290/6356/5148 3291/6357/5148
f 4268/6358/5124 3284/6359/5124 3290/6356/5124
f 4264/6360/4964 3292/6361/4964 4265/6362/4964
f 4253/6363/4968 3292/6361/4968 3287/6364/4968
f 4260/6365/5120 3283/6366/5120 3284/6359/5120
f 4266/6367/4926 3278/6368/4926 3279/6369/4926
f 4270/6370/5150 3286/6371/5150 4255/6372/5150
f 4256/6373/5151 3286/6371/5151 3278/6368/5151
f 4259/6374/5152 3279/6375/5152 3283/6366/5152
f 3289/6376/4961 4269/6377/4961 3288/6378/4961
f 4262/6379/5126 3288/6378/5126 4269/6377/5126
f 4261/6380/5121 3282/6381/5121 4262/6382/5121
f 3495/6383/4967 4267/6384/4967 3494/6385/4967
f 4258/6386/5153 3494/6385/5153 4267/6384/5153
f 4257/6387/5154 3493/6388/5154 4258/6386/5154
f 4263/6389/5123 3285/6390/5123 4257/6391/5123
f 4254/6392/5155 3281/6393/5155 4263/6389/5155
f 4254/6392/4923 3287/6364/4923 3280/6394/4923
f 4310/6395/5156 4042/6396/5156 4034/6397/5156
f 4045/6398/4965 4309/6399/4965 4324/6400/4965
f 4324/6400/4925 4044/6401/4925 4045/6398/4925
f 4323/6402/5122 4038/6403/5122 4044/6404/5122
f 4315/6405/5157 4038/6403/5157 4316/6406/5157
f 4251/6407/4963 4321/6408/4963 4250/6409/4963
f 4312/6410/4924 4250/6409/4924 4321/6408/4924
f 4312/6410/5158 4041/6411/5158 4249/6412/5158
f 4311/6413/5119 4037/6414/5119 4041/6415/5119
f 4317/6416/4962 4036/6417/4962 4037/6414/4962
f 4308/6418/5159 4043/6419/5159 4036/6417/5159
f 4307/6420/5160 4048/6421/5160 4043/6419/5160
f 4319/6422/4928 4047/6423/4928 4048/6424/4928
f 4047/6423/4921 4322/6425/4921 4046/6426/4921
f 4322/6425/5161 4040/6427/5161 4046/6426/5161
f 4314/6428/4966 4039/6429/4966 4040/6427/4966
f 4313/6430/5149 4035/6431/5149 4039/6429/5149
f 4320/6432/4922 4034/6397/4922 4035/6433/4922
f 4302/6434/4922 3782/6435/4922 3783/6436/4922
f 4295/6437/5149 3783/6438/5149 3787/6439/5149
f 4296/6440/4966 3787/6439/4966 3788/6441/4966
f 4296/6440/5161 3794/6442/5161 4304/6443/5161
f 4300/6444/4921 3794/6442/4921 3795/6445/4921
f 4301/6446/4928 3795/6445/4928 3796/6447/4928
f 4289/6448/5160 3796/6449/5160 3791/6450/5160
f 4290/6451/5159 3791/6450/5159 3784/6452/5159
f 4299/6453/4962 3784/6452/4962 3785/6454/4962
f 4299/6453/5119 3789/6455/5119 4293/6456/5119
f 4294/6457/5158 3789/6458/5158 3997/6459/5158
f 4294/6457/4924 3998/6460/4924 4303/6461/4924
f 3999/6462/4963 4303/6461/4963 3998/6460/4963
f 4297/6463/5157 3786/6464/5157 4298/6465/5157
f 4298/6465/5122 3792/6466/5122 4305/6467/5122
f 4306/6468/4925 3792/6469/4925 3793/6470/4925
f 3793/6470/4965 4291/6471/4965 4306/6468/4965
f 4291/6471/5156 3782/6435/5156 4292/6472/5156
f 4282/6473/5148 3542/6474/5148 3543/6475/5148
f 4278/6476/5124 3542/6474/5124 4286/6477/5124
f 4278/6476/5120 3535/6478/5120 3536/6479/5120
f 4277/6480/5152 3531/6481/5152 3535/6478/5152
f 4284/6482/4926 3530/6483/4926 3531/6484/4926
f 4274/6485/5147 3538/6486/5147 3530/6483/5147
f 3541/6487/5150 4273/6488/5150 4288/6489/5150
f 4288/6489/4961 3540/6490/4961 3541/6487/4961
f 4280/6491/5126 3540/6490/5126 4287/6492/5126
f 4279/6493/5121 3534/6494/5121 4280/6495/5121
f 3747/6496/4967 4285/6497/4967 3746/6498/4967
f 4276/6499/5153 3746/6498/5153 4285/6497/5153
f 4276/6499/5154 3537/6500/5154 3745/6501/5154
f 4275/6502/5123 3533/6503/5123 3537/6504/5123
f 4281/6505/5155 3532/6506/5155 3533/6503/5155
f 4272/6507/4923 3539/6508/4923 3532/6506/4923
f 4271/6509/4968 3544/6510/4968 3539/6508/4968
f 4283/6511/4964 3543/6512/4964 3544/6510/4964
f 3246/6513/5162 4253/6514/5162 4254/6515/5162
f 3248/6516/5162 4255/6517/5162 4256/6518/5162
f 3249/6519/5163 4258/6520/5163 3491/6521/5163
f 3250/6522/5162 4260/6523/5162 3251/6524/5162
f 3252/6525/5163 4261/6526/5163 4262/6527/5163
f 3246/6513/5162 4263/6528/5162 3253/6529/5162
f 3254/6530/5162 4265/6531/5162 3255/6532/5162
f 3248/6516/5162 4266/6533/5162 3256/6534/5162
f 3492/6535/5162 4258/6520/5162 4267/6536/5162
f 3251/6524/5162 4268/6537/5162 3257/6538/5162
f 3252/6525/5162 4269/6539/5162 3258/6540/5162
f 3245/6541/5162 4265/6531/5162 4253/6514/5162
f 3249/6519/5163 4263/6528/5163 4257/6542/5163
f 3276/6543/5163 4255/6517/5163 3247/6544/5163
f 3250/6522/5162 4266/6533/5162 4259/6545/5162
f 3496/6546/5163 4267/6536/5163 4261/6526/5163
f 3254/6530/5162 4268/6537/5162 4264/6547/5162
f 3276/6543/5162 4269/6539/5162 4270/6548/5162
f 3498/6549/5162 4271/6550/5162 4272/6551/5162
f 3500/6552/5162 4273/6553/5162 4274/6554/5162
f 3501/6555/5162 4276/6556/5162 3743/6557/5162
f 3502/6558/5163 4278/6559/5163 3503/6560/5163
f 3504/6561/5162 4279/6562/5162 4280/6563/5162
f 3498/6549/5162 4281/6564/5162 3505/6565/5162
f 3506/6566/5162 4283/6567/5162 3507/6568/5162
f 3500/6552/5162 4284/6569/5162 3508/6570/5162
f 3744/6571/5162 4276/6556/5162 4285/6572/5162
f 3503/6560/5162 4286/6573/5162 3509/6574/5162
f 3504/6561/5162 4287/6575/5162 3510/6576/5162
f 3497/6577/5162 4283/6567/5162 4271/6550/5162
f 3501/6555/5162 4281/6564/5162 4275/6578/5162
f 3528/6579/5162 4273/6553/5162 3499/6580/5162
f 3502/6558/5162 4284/6569/5162 4277/6581/5162
f 3748/6582/5162 4285/6572/5162 4279/6562/5162
f 3506/6566/5163 4286/6573/5163 4282/6583/5163
f 3510/6576/5163 4288/6584/5163 3528/6579/5163
f 3750/6585/5164 4289/6586/5164 4290/6587/5164
f 3752/6588/5164 4291/6589/5164 4292/6590/5164
f 3753/6591/5164 4294/6592/5164 3995/6593/5164
f 3754/6594/5164 4296/6595/5164 3755/6596/5164
f 3756/6597/5164 4297/6598/5164 4298/6599/5164
f 3750/6585/5164 4299/6600/5164 3757/6601/5164
f 3758/6602/5164 4301/6603/5164 3759/6604/5164
f 3752/6588/5165 4302/6605/5165 3760/6606/5165
f 3996/6607/5164 4294/6592/5164 4303/6608/5164
f 3761/6609/5165 4296/6595/5165 4304/6610/5165
f 3756/6597/5164 4305/6611/5164 3762/6612/5164
f 3759/6604/5164 4289/6586/5164 3749/6613/5164
f 3753/6591/5164 4299/6600/5164 4293/6614/5164
f 3780/6615/5164 4291/6589/5164 3751/6616/5164
f 3754/6594/5165 4302/6605/5165 4295/6617/5165
f 4000/6618/5164 4303/6608/5164 4297/6598/5164
f 3758/6602/5165 4304/6610/5165 4300/6619/5165
f 3780/6615/5165 4305/6611/5165 4306/6620/5165
f 4002/6621/5164 4307/6622/5164 4308/6623/5164
f 4004/6624/5164 4309/6625/5164 4310/6626/5164
f 4005/6627/5164 4312/6628/5164 4247/6629/5164
f 4006/6630/5164 4314/6631/5164 4007/6632/5164
f 4008/6633/5164 4315/6634/5164 4316/6635/5164
f 4002/6621/5164 4317/6636/5164 4009/6637/5164
f 4010/6638/5164 4319/6639/5164 4011/6640/5164
f 4004/6624/5164 4320/6641/5164 4012/6642/5164
f 4247/6629/5164 4321/6643/5164 4248/6644/5164
f 4007/6632/5165 4322/6645/5165 4013/6646/5165
f 4008/6633/5164 4323/6647/5164 4014/6648/5164
f 4001/6649/5164 4319/6639/5164 4307/6622/5164
f 4005/6627/5164 4317/6636/5164 4311/6650/5164
f 4032/6651/5164 4309/6625/5164 4003/6652/5164
f 4006/6630/5164 4320/6641/5164 4313/6653/5164
f 4248/6644/5164 4315/6634/5164 4252/6654/5164
f 4010/6638/5164 4322/6645/5164 4318/6655/5164
f 4014/6648/5165 4324/6656/5165 4032/6651/5165
f 4330/6657/5162 4327/6658/5162 4329/6659/5162
f 4333/6660/5162 4326/6661/5162 4325/6662/5162
f 4338/6663/5162 4327/6658/5162 4328/6664/5162
f 4329/6659/5162 4326/6661/5162 4330/6657/5162
f 4335/6665/5162 4332/6666/5162 4331/6667/5162
f 4333/6660/5163 4332/6666/5163 4334/6668/5163
f 4383/6669/5162 4336/6670/5162 4335/6665/5162
f 4337/6671/5163 4381/6672/5163 4384/6673/5163
f 4344/6674/5163 4341/6675/5163 4343/6676/5163
f 4347/6677/5162 4340/6678/5162 4339/6679/5162
f 4352/6680/5162 4341/6675/5162 4342/6681/5162
f 4343/6676/5162 4340/6678/5162 4344/6674/5162
f 4349/6682/5162 4346/6683/5162 4345/6684/5162
f 4347/6677/5162 4346/6683/5162 4348/6685/5162
f 4387/6686/5162 4350/6687/5162 4349/6682/5162
f 4352/6680/5162 4388/6688/5162 4351/6689/5162
f 4357/6690/5165 4356/6691/5165 4355/6692/5165
f 4361/6693/5164 4354/6694/5164 4353/6695/5164
f 4356/6691/5165 4365/6696/5165 4355/6692/5165
f 4357/6690/5164 4354/6694/5164 4358/6697/5164
f 4363/6698/5165 4360/6699/5165 4359/6700/5165
f 4361/6693/5165 4360/6699/5165 4362/6701/5165
f 4363/6698/5164 4390/6702/5164 4364/6703/5164
f 4365/6696/5164 4389/6704/5164 4392/6705/5164
f 4372/6706/5165 4369/6707/5165 4371/6708/5165
f 4375/6709/5164 4368/6710/5164 4367/6711/5164
f 4370/6712/5164 4379/6713/5164 4369/6707/5164
f 4371/6708/5164 4368/6710/5164 4372/6706/5164
f 4377/6714/5164 4374/6715/5164 4373/6716/5164
f 4375/6709/5164 4374/6715/5164 4376/6717/5164
f 4377/6714/5165 4394/6718/5165 4378/6719/5165
f 4379/6713/5164 4393/6720/5164 4396/6721/5164
f 3256/6722/5154 4338/6723/5154 4328/6724/5154
f 4003/6725/5159 4376/6726/5159 4032/6727/5159
f 3757/6728/5125 4353/5696/5125 3750/6729/5125
f 3496/6347/5124 4383/6014/5124 3492/6730/5124
f 4006/6345/5158 4370/6731/5158 4012/6732/5158
f 3759/6733/5122 4365/6734/5122 3758/6735/5122
f 3254/6736/5121 4384/6737/5121 3257/5701/5121
f 4252/6339/5161 4395/5699/5161 4248/6738/5161
f 3752/6739/5119 4356/6740/5119 4358/5687/5119
f 3276/5374/4968 4332/6741/4968 3258/5692/4968
f 4010/6021/5157 4396/5690/5157 4013/6742/5157
f 3996/6743/4966 4363/5385/4966 3995/6744/4966
f 3498/6745/5150 4343/6746/5150 3497/6747/5150
f 4014/6748/5160 4376/6726/5160 4374/6749/5160
f 3755/5375/4963 4392/6750/4963 4389/6751/4963
f 3500/6752/5155 4340/6753/5155 3499/6343/5155
f 3756/6754/4928 4360/6755/4928 4364/5367/4928
f 3743/6756/5152 4345/6757/5152 3501/6758/5152
f 3759/6759/4925 4357/5697/4925 4355/6760/4925
f 3502/6761/5153 4385/6762/5153 4352/6337/5153
f 3753/6763/4922 4361/6764/4922 3757/6728/4922
f 3748/6765/5148 4350/6766/5148 4386/6026/5148
f 3780/6767/5159 4354/5688/5159 4362/6768/5159
f 3505/6352/5147 4339/6769/5147 3498/6745/5147
f 3760/6770/5166 4366/5376/5166 4356/6771/5166
f 3506/6772/5126 4341/6773/5126 4351/6774/5126
f 4000/5366/5161 4391/6775/5161 3996/6743/5161
f 3500/6752/5123 4342/6776/5123 4344/6777/5123
f 3758/6735/5157 4392/6750/5157 3761/6778/5157
f 3744/6025/5120 4349/6779/5120 3743/6756/5120
f 3245/5683/5150 4325/6342/5150 4329/6780/5150
f 3780/6767/5160 4360/6781/5160 3762/6782/5160
f 3509/6018/4967 4385/6762/4967 3503/6783/4967
f 3248/6024/5155 4326/6784/5155 3247/5372/5155
f 4002/6029/4965 4371/5379/4965 4001/6785/4965
f 3504/6786/4964 4346/5706/4964 4350/6787/4964
f 3249/6788/5167 4335/6015/5167 4331/6789/5167
f 4004/6010/4962 4368/6790/4962 4003/6725/4962
f 3507/6791/4961 4343/6746/4961 4341/6773/4961
f 3250/6792/5153 4381/5702/5153 4338/6723/5153
f 3293/5072/5168 3294/5255/5168 3345/5073/5168
f 3494/5075/4768 3493/5090/4768 3311/5076/4768
f 3323/5078/4769 3279/5102/4769 3278/5079/4769
f 3324/5081/4770 3281/6793/4770 3280/5082/4770
f 3325/5084/4771 3282/5105/4771 3495/5085/4771
f 3326/5087/4772 3284/5106/4772 3283/5088/4772
f 3493/5090/4773 3285/5101/4773 3316/5091/4773
f 3278/5079/4774 3286/6794/4774 3317/5092/4774
f 3313/5083/4775 3280/5082/4775 3287/5093/4775
f 3289/5095/5169 3288/6795/5169 3319/5096/5169
f 3291/5098/4777 3290/6796/4777 3320/5099/4777
f 3495/5085/5170 3494/5075/5170 3322/5077/5170
f 3285/5101/4779 3281/6793/4779 3324/5081/4779
f 3315/5089/4780 3283/5088/4780 3279/5102/4780
f 3317/5092/4781 3286/6794/4781 3289/5095/4781
f 3318/5094/4782 3287/5093/4782 3292/5103/4782
f 3319/5096/4783 3288/6795/4783 3282/5105/4783
f 3320/5099/4784 3290/6796/4784 3284/5106/4784
f 3292/5103/4785 3291/5098/4785 3328/5100/4785
f 3277/5107/4786 3266/6797/4786 3361/5108/4786
f 3303/5110/5171 3304/5220/5171 3335/5111/5171
f 3295/5113/4788 3301/5260/4788 3338/5114/4788
f 3349/5116/5172 3274/5215/5172 3264/5117/5172
f 3334/5119/5173 3305/5278/5173 3306/5120/5173
f 3342/5122/4791 3297/5253/4791 3303/5110/4791
f 3275/5123/4792 3265/5139/4792 3363/5124/4792
f 3277/5126/4793 3269/5141/4793 3422/5127/4793
f 3433/5129/4794 3275/5123/4794 3268/5130/4794
f 3431/5132/4793 3274/5215/4793 3267/5133/4793
f 3429/5135/4793 3273/6798/4793 3266/5136/4793
f 3427/5138/4793 3272/5156/4793 3265/5139/4793
f 3269/5141/4794 3264/5117/4794 3412/5142/4794
f 3268/5130/4793 3263/5152/4793 3410/5143/4793
f 3418/5134/4793 3267/5133/4793 3262/5144/4793
f 3271/5146/4794 3261/5155/4794 3406/5147/4794
f 3270/5149/4793 3260/5252/4793 3404/5150/4793
f 3266/5136/4793 3277/5126/4793 3435/5128/4793
f 3264/5117/4793 3274/5215/4793 3431/5132/4793
f 3414/5140/4793 3265/5139/4793 3275/5123/4793
f 3263/5152/4793 3271/5146/4793 3425/5148/4793
f 3408/5145/4793 3262/5144/4793 3259/5153/4793
f 3261/5155/4793 3273/6798/4793 3429/5135/4793
f 3404/5150/4793 3260/5252/4793 3272/5156/4793
f 3402/5154/4793 3259/5153/4793 3270/5149/4793
f 3362/5157/4795 3381/5160/4795 3320/5158/4795
f 3381/5160/5174 3369/5165/5174 3328/5161/5174
f 3374/5162/4934 3358/6799/4934 3324/5163/4934
f 3369/5165/4798 3382/6800/4798 3321/5166/4798
f 3354/5167/4799 3375/5170/4799 3314/5168/4799
f 3375/5170/4800 3360/6801/4800 3325/5171/4800
f 3358/5172/5175 3377/5176/5175 3316/5091/5175
f 3315/5173/5176 3376/6802/5176 3362/5157/5176
f 3356/5174/4803 3376/6802/4803 3315/5173/4803
f 3377/5176/4804 3372/5250/4804 3311/5076/4804
f 3327/5177/4805 3367/5189/4805 3378/5178/4805
f 3317/5179/4936 3378/5178/4936 3373/5180/4936
f 3382/5182/4807 3379/5185/4807 3318/5183/4807
f 3379/5185/5177 3374/5162/5177 3313/5164/5177
f 3311/5186/4809 3372/6803/4809 3354/5167/4809
f 3325/5084/4937 3360/6804/4937 3380/5187/4937
f 3319/5188/5178 3380/6805/5178 3367/5189/5178
f 3312/5080/4812 3373/5249/4812 3356/5190/4812
f 3339/5191/4794 3334/5119/4794 3343/5192/4794
f 3332/5193/4813 3307/5211/4813 3308/5194/4813
f 3333/5121/4794 3341/5199/4794 3331/5195/4794
f 3333/5121/4794 3340/5196/4794 3343/5192/4794
f 3336/5112/4793 3329/5198/4793 3339/5191/4793
f 3336/5112/4794 3335/5111/4794 3330/5197/4794
f 3346/5074/4793 3332/5193/4793 3331/5195/4793
f 3344/5115/4793 3338/5114/4793 3337/5200/4793
f 3346/5074/4794 3345/5073/4794 3337/5200/4794
f 3298/5201/5179 3293/5072/5179 3346/5074/5179
f 3271/5146/4815 3263/5152/4815 3365/5202/4815
f 3330/5197/4816 3309/5283/4816 3310/5204/4816
f 3355/5205/4817 3269/5141/4817 3277/5126/4817
f 3340/5196/4818 3299/5271/4818 3296/5207/4818
f 3259/5153/4819 3262/5144/4819 3366/5208/4819
f 3357/5210/4820 3268/5130/4820 3275/5123/4820
f 3337/5200/4821 3302/5251/4821 3307/5211/4821
f 3350/5212/4822 3273/6798/4822 3261/5155/4822
f 3359/5214/4823 3267/5133/4823 3274/5215/4823
f 3300/5216/4941 3305/5278/4941 3334/5119/4941
f 3272/5156/5180 3260/5252/5180 3370/5217/5180
f 3266/5136/4826 3273/6798/4826 3350/5212/4826
f 3304/5220/4827 3309/5283/4827 3330/5197/4827
f 3270/5149/4828 3259/5153/4828 3371/5209/4828
f 3363/5124/4829 3265/5139/4829 3272/5156/4829
f 3345/5073/4830 3294/5255/4830 3295/5113/4830
f 3400/5222/4831 3382/6806/4831 3369/5223/4831
f 3381/5225/4832 3362/5247/4832 3387/5226/4832
f 3380/5187/4833 3360/6804/4833 3386/5228/4833
f 3379/5230/4834 3382/6806/4834 3400/5222/4834
f 3378/5232/4835 3367/5243/4835 3388/5233/4835
f 3376/5235/4836 3356/5190/4836 3384/5236/4836
f 3395/5238/4837 3377/5176/4837 3358/5172/4837
f 3393/5240/4838 3375/5248/4838 3354/5241/4838
f 3369/5223/4839 3381/5225/4839 3399/5227/4839
f 3367/5243/4840 3380/5187/4840 3398/5229/4840
f 3392/5244/4841 3374/6807/4841 3379/5230/4841
f 3391/5245/4842 3373/5249/4842 3378/5232/4842
f 3390/5246/4843 3372/5250/4843 3377/5176/4843
f 3362/5247/4844 3376/5235/4844 3394/5237/4844
f 3386/5228/4845 3360/6804/4845 3375/5248/4845
f 3358/5172/4846 3374/6807/4846 3392/5244/4846
f 3384/5236/4859 3356/5190/4859 3373/5249/4859
f 3383/5242/4848 3354/5241/4848 3372/5250/4848
f 3338/5114/4849 3301/5260/4849 3302/5251/4849
f 3260/5252/5181 3270/5149/5181 3353/5221/5181
f 3329/5198/4946 3310/5204/4946 3300/5216/4946
f 3261/5155/4852 3271/5146/4852 3352/5203/4852
f 3308/5194/4947 3299/5271/4947 3340/5196/4947
f 3262/5144/4854 3267/5133/4854 3359/5214/4854
f 3306/5120/5182 3298/5201/5182 3341/5199/5182
f 3365/5202/5183 3263/5152/5183 3268/5130/5183
f 3343/5192/4857 3296/5207/4857 3297/5253/4857
f 3364/5118/4858 3264/5117/4858 3269/5141/4858
f 3383/5242/4844 3390/5246/4844 3355/5205/4844
f 3384/5236/4837 3391/5245/4837 3357/5210/4837
f 3385/5239/4842 3392/5244/4842 3359/5214/4842
f 3386/5228/4839 3393/5240/4839 3361/5219/4839
f 3351/5218/4848 3387/5226/4848 3394/5237/4848
f 3355/5205/4836 3390/5246/4836 3395/5238/4836
f 3357/5210/4846 3391/5245/4846 3396/5234/4846
f 3392/5244/4835 3397/5231/4835 3366/5208/4835
f 3352/5203/4834 3388/5233/4834 3398/5229/4834
f 3353/5221/4845 3389/5224/4845 3399/5227/4845
f 3393/5240/4832 3383/5242/4832 3347/5206/4832
f 3395/5238/4847 3385/5239/4847 3349/5116/4847
f 3394/5237/4843 3384/5236/4843 3348/5125/4843
f 3396/5234/4860 3388/5233/4860 3352/5203/4860
f 3397/5231/4840 3400/5222/4840 3371/5209/4840
f 3368/5213/5184 3398/5229/5184 3386/5228/5184
f 3370/5217/5185 3399/5227/5185 3387/5226/5185
f 3371/5209/4833 3400/5222/4833 3389/5224/4833
f 3293/5072/4794 3401/5298/4794 3424/5254/4794
f 3454/5256/5186 3467/5299/5186 3431/5257/5186
f 3295/5113/4793 3403/5277/4793 3428/5259/4793
f 3405/5261/4862 3441/5364/4862 3466/5262/4862
f 3405/5261/4794 3430/5263/4794 3303/5110/4794
f 3440/5264/4863 3459/6808/4863 3423/5265/4863
f 3407/5267/4793 3401/5298/4793 3293/5072/4793
f 3432/5268/5187 3468/5363/5187 3453/5269/5187
f 3299/5271/4794 3409/5354/4794 3426/5272/4794
f 3463/5273/5188 3440/5264/5188 3404/5266/5188
f 3302/5251/4794 3413/5296/4794 3434/5275/4794
f 3460/5276/4951 3439/5365/4951 3403/5277/4951
f 3300/5216/4793 3411/5302/4793 3432/5268/4793
f 3416/5279/4867 3452/5286/4867 3465/5280/4867
f 3415/5282/4793 3436/5292/4793 3309/5283/4793
f 3403/5277/4868 3439/5365/4868 3464/5284/4868
f 3294/5255/4793 3424/5254/4793 3403/5277/4793
f 3435/5285/4869 3471/5355/4869 3452/5286/4869
f 3296/5207/4793 3426/5272/4793 3405/5261/4793
f 3430/5263/5189 3466/5262/5189 3451/5287/5189
f 3306/5120/4794 3417/5270/4794 3407/5267/4794
f 3423/5288/4952 3459/6809/4952 3438/5289/4952
f 3419/5291/4793 3409/5354/4793 3299/5271/4793
f 3451/5287/5190 3472/5361/5190 3436/5292/5190
f 3421/5293/4794 3411/5302/4794 3300/5216/4794
f 3450/5294/4873 3463/5273/4873 3427/5274/4873
f 3301/5260/4793 3428/5259/4793 3413/5296/4793
f 3437/5297/5191 3460/5276/5191 3424/5254/5191
f 3303/5110/4794 3430/5263/4794 3415/5282/4794
f 3467/5299/5192 3448/6810/5192 3412/5300/5192
f 3305/5278/4793 3432/5268/4793 3417/5270/4793
f 3464/5284/4876 3449/5358/4876 3413/5296/4876
f 3434/5275/4793 3419/5291/4793 3308/5194/4793
f 3447/5301/4877 3468/5363/4877 3432/5268/4877
f 3436/5292/4793 3421/5293/4793 3310/5204/4793
f 3448/5303/4953 3458/6811/4953 3422/5304/4953
f 3473/5306/4879 3438/5316/4879 3459/5307/4879
f 3474/5309/4880 3440/6812/4880 3463/5310/4880
f 3442/5312/4881 3465/5336/4881 3487/5313/4881
f 3476/5315/5193 3444/5330/5193 3438/5316/5193
f 3477/5317/4883 3446/6813/4883 3461/5318/4883
f 3479/5320/4884 3450/5335/4884 3469/5321/4884
f 3478/5323/4885 3448/5334/4885 3467/5324/4885
f 3480/5326/4920 3452/6814/4920 3471/5327/4920
f 3459/5307/4887 3440/6812/4887 3474/5309/4887
f 3461/5318/4888 3442/5312/4888 3475/5314/4888
f 3481/5329/4889 3454/5337/4889 3444/5330/4889
f 3456/5331/4916 3446/6813/4916 3477/5317/4916
f 3483/5333/4891 3458/5338/4891 3448/5334/4891
f 3486/5311/4892 3463/5310/4892 3450/5335/4892
f 3465/5336/5194 3452/6814/5194 3480/5326/5194
f 3488/5325/4894 3467/5324/4894 3454/5337/4894
f 3469/5321/4895 3456/5331/4895 3482/5332/4895
f 3490/5328/5195 3471/5327/5195 3458/5338/5195
f 3462/5339/4897 3441/5364/4897 3405/5261/4897
f 3429/5340/5196 3465/6815/5196 3442/5341/5196
f 3470/5343/4899 3455/5362/4899 3419/5291/4899
f 3406/5342/5197 3442/5341/5197 3461/5344/5197
f 3443/5346/4901 3437/5297/4901 3401/5298/4901
f 3456/5347/4902 3469/6816/4902 3433/5348/4902
f 3417/5270/4903 3453/5269/4903 3443/5346/4903
f 3438/5289/5198 3444/5352/5198 3408/5350/5198
f 3436/5292/4905 3472/5361/4905 3457/5351/4905
f 3444/5352/4959 3454/5256/4959 3418/5258/4959
f 3445/5353/4907 3462/5339/4907 3426/5272/4907
f 3422/5304/5199 3458/6811/5199 3471/5355/5199
f 3419/5291/4909 3455/5362/4909 3445/5353/4909
f 3425/5345/4910 3461/5344/4910 3446/5356/4910
f 3446/5356/5200 3456/5347/5200 3420/5349/5200
f 3449/5358/4912 3470/5343/4912 3434/5275/4912
f 3421/5293/4913 3457/5351/4913 3447/5301/4913
f 3469/5359/4914 3450/5294/4914 3414/5295/4914
f 3490/5328/4892 3483/5333/4892 3457/5351/4892
f 3470/5343/4885 3489/5322/4885 3482/5332/4885
f 3468/5363/4890 3488/5325/4890 3481/5329/4890
f 3487/5313/4887 3480/5326/4887 3451/5287/4887
f 3464/5284/4896 3486/5311/4896 3479/5320/4896
f 3483/5333/4884 3478/5323/4884 3447/5301/4884
f 3455/5362/4894 3482/5332/4894 3477/5317/4894
f 3453/5269/4883 3481/5329/4883 3476/5315/4883
f 3462/5339/5193 3485/5319/5193 3475/5314/5193
f 3460/5276/4893 3484/5308/4893 3474/5309/4893
f 3480/5326/5201 3490/5328/5201 3472/5361/5201
f 3478/5323/4895 3488/5325/4895 3468/5363/4895
f 3479/5320/4891 3489/5322/4891 3470/5343/4891
f 3477/5317/4889 3485/5319/4889 3462/5339/4889
f 3476/5315/4888 3473/5306/4888 3437/5297/4888
f 3475/5314/4879 3487/5313/4879 3466/5262/4879
f 3439/5365/4920 3474/5309/4920 3486/5311/4920
f 3437/5297/4881 3473/5306/4881 3484/5308/4881
f 4000/5366/4921 3756/6754/4921 4364/5367/4921
f 4005/5369/4922 4373/6817/4922 4375/5370/4922
f 3247/5372/4923 4326/6784/4923 4334/5373/4923
f 3755/5375/4924 4389/6751/4924 4366/5376/4924
f 4011/5378/4925 4001/6785/4925 4371/5379/4925
f 3253/5381/4926 3249/6818/4926 4331/5382/4926
f 3753/5384/5149 3995/6744/5149 4363/5385/5149
f 4014/5387/4928 4374/6819/4928 4378/5388/4928
f 3545/5390/5168 3546/5570/5168 3597/5391/5168
f 3746/5393/5202 3745/5408/5202 3563/5394/5202
f 3575/5396/4769 3531/5420/4769 3530/5397/4769
f 3533/5399/4770 3532/6820/4770 3565/5400/4770
f 3577/5402/4771 3534/5424/4771 3747/5403/4771
f 3578/5405/5203 3536/5425/5203 3535/5406/5203
f 3745/5408/4773 3537/5419/4773 3568/5409/4773
f 3530/5397/4774 3538/6821/4774 3569/5410/4774
f 3565/5400/4775 3532/6820/4775 3539/5411/4775
f 3579/5413/4776 3541/5421/4776 3540/5414/4776
f 3543/5416/4777 3542/6822/4777 3572/5417/4777
f 3747/5403/4778 3746/5393/4778 3574/5395/4778
f 3537/5419/4779 3533/5399/4779 3576/5401/4779
f 3567/5407/4780 3535/5406/4780 3531/5420/4780
f 3569/5410/4781 3538/6821/4781 3541/5421/4781
f 3570/5412/4782 3539/5411/4782 3544/5422/4782
f 3571/5415/4783 3540/5414/4783 3534/5424/4783
f 3572/5417/4784 3542/6822/4784 3536/5425/4784
f 3544/5422/4785 3543/5416/4785 3580/5418/4785
f 3599/5426/4786 3529/6823/4786 3518/5427/4786
f 3555/5429/5171 3556/5536/5171 3587/5430/5171
f 3547/5432/4788 3553/5575/4788 3590/5433/4788
f 3601/5435/5204 3526/6824/5204 3516/5436/5204
f 3586/5438/5173 3557/5594/5173 3558/5439/5173
f 3549/5441/4791 3555/5429/4791 3588/5431/4791
f 3527/5443/4792 3517/6825/4792 3615/5444/4792
f 3529/5446/4793 3521/6826/4793 3674/5447/4793
f 3685/5449/4793 3527/5443/4793 3520/5450/4793
f 3683/5452/4794 3526/6824/4794 3519/5453/4794
f 3525/5455/4793 3518/5534/4793 3668/5456/4793
f 3524/5458/4793 3517/6825/4793 3666/5459/4793
f 3674/5447/4793 3521/6826/4793 3516/5436/4793
f 3672/5451/4794 3520/5450/4794 3515/5462/4794
f 3670/5454/4793 3519/5453/4793 3514/5464/4793
f 3523/5466/4793 3513/5474/4793 3658/5467/4793
f 3675/5469/4793 3522/5537/4793 3512/5470/4793
f 3668/5456/4793 3518/5534/4793 3529/5446/4793
f 3516/5436/4794 3526/6824/4794 3683/5452/4794
f 3666/5459/4794 3517/6825/4794 3527/5443/4794
f 3515/5462/4793 3523/5466/4793 3677/5468/4793
f 3660/5465/4793 3514/5464/4793 3511/5472/4793
f 3513/5474/4793 3525/5455/4793 3681/5457/4793
f 3656/5471/4793 3512/5470/4793 3524/5458/4793
f 3511/5472/4793 3522/5537/4793 3675/5469/4793
f 3578/5475/4795 3614/5491/4795 3633/5476/4795
f 3633/5476/5174 3621/6827/5174 3580/5478/5174
f 3565/5479/4797 3626/6828/4797 3610/5480/4797
f 3580/5478/4798 3621/6827/4798 3634/5482/4798
f 3606/5484/5205 3627/5487/5205 3566/5485/5205
f 3627/5487/4800 3612/6829/4800 3577/5488/4800
f 3610/5489/5175 3629/5494/5175 3568/5409/5175
f 3567/5490/4802 3628/6830/4802 3614/5491/4802
f 3608/5492/4803 3628/6830/4803 3567/5490/4803
f 3629/5494/4804 3624/6831/4804 3563/5394/4804
f 3579/5495/4805 3619/6832/4805 3630/5496/4805
f 3569/5497/4936 3630/5496/4936 3625/5498/4936
f 3573/5500/4807 3634/6833/4807 3631/5501/4807
f 3631/5501/5177 3626/6828/5177 3565/5479/5177
f 3563/5503/4809 3624/6834/4809 3606/5484/4809
f 3612/5504/4937 3632/6835/4937 3571/5415/4937
f 3632/5505/4811 3619/6832/4811 3579/5495/4811
f 3564/5398/4812 3625/5567/4812 3608/5507/4812
f 3591/5508/4793 3586/5438/4793 3595/5509/4793
f 3584/5510/5206 3559/5527/5206 3560/5511/5206
f 3585/5440/4794 3593/5516/4794 3583/5512/4794
f 3585/5440/4794 3592/5513/4794 3595/5509/4794
f 3588/5431/4794 3581/5515/4794 3591/5508/4794
f 3588/5431/4793 3587/5430/4793 3582/5514/4793
f 3598/5392/4794 3584/5510/4794 3583/5512/4794
f 3596/5434/4794 3590/5433/4794 3589/5517/4794
f 3598/5392/4794 3597/5391/4794 3589/5517/4794
f 3593/5516/4814 3550/5583/4814 3545/5390/4814
f 3604/5518/4815 3523/5466/4815 3515/5462/4815
f 3561/5520/4816 3562/5610/4816 3581/5515/4816
f 3607/5521/4817 3521/6826/4817 3529/5446/4817
f 3592/5513/5207 3551/5587/5207 3548/5523/5207
f 3623/5524/4819 3511/5472/4819 3514/5464/4819
f 3520/5450/4820 3527/5443/4820 3600/5445/4820
f 3589/5517/4821 3554/5568/4821 3559/5527/4821
f 3602/5528/4822 3525/5455/4822 3513/5474/4822
f 3519/5453/4823 3526/6824/4823 3601/5435/4823
f 3552/5531/4941 3557/5594/4941 3586/5438/4941
f 3524/5458/4825 3512/5470/4825 3622/5532/4825
f 3518/5534/4826 3525/5455/4826 3602/5528/4826
f 3556/5536/4827 3561/5520/4827 3582/5514/4827
f 3522/5537/4828 3511/5472/4828 3623/5524/4828
f 3615/5444/4829 3517/6825/4829 3524/5458/4829
f 3597/5391/4830 3546/5570/4830 3547/5432/4830
f 3652/5539/5184 3634/6836/5184 3621/5540/5184
f 3633/5542/4832 3614/5564/4832 3639/5543/4832
f 3650/5545/4833 3632/6835/4833 3612/5504/4833
f 3631/5547/4834 3634/6836/4834 3652/5539/4834
f 3630/5549/4835 3619/5560/4835 3640/5550/4835
f 3628/5552/4836 3608/5507/4836 3636/5553/4836
f 3647/5555/5208 3629/5494/5208 3610/5489/5208
f 3645/5557/4838 3627/5565/4838 3606/5558/4838
f 3621/5540/4839 3633/5542/4839 3651/5544/4839
f 3619/5560/4840 3632/6835/4840 3650/5545/4840
f 3644/5561/4860 3626/5566/4860 3631/5547/4860
f 3643/5562/4842 3625/5567/4842 3630/5549/4842
f 3642/5563/4843 3624/6831/4843 3629/5494/4843
f 3614/5564/4844 3628/5552/4844 3646/5554/4844
f 3638/5546/4845 3612/5504/4845 3627/5565/4845
f 3637/5556/4846 3610/5489/4846 3626/5566/4846
f 3636/5553/4859 3608/5507/4859 3625/5567/4859
f 3606/5558/4848 3624/6831/4848 3642/5563/4848
f 3590/5433/4849 3553/5575/4849 3554/5568/4849
f 3512/5470/4850 3522/5537/4850 3605/5538/4850
f 3581/5515/5209 3562/5610/5209 3552/5531/5209
f 3513/5474/5210 3523/5466/5210 3604/5518/5210
f 3560/5511/4853 3551/5587/4853 3592/5513/4853
f 3618/5525/4854 3514/5464/4854 3519/5453/4854
f 3558/5439/5182 3550/5583/5182 3593/5516/5182
f 3617/5519/5183 3515/5462/5183 3520/5450/5183
f 3595/5509/4857 3548/5523/4857 3549/5441/4857
f 3516/5436/4858 3521/6826/4858 3607/5521/4858
f 3635/5559/4844 3642/5563/4844 3607/5521/4844
f 3636/5553/5208 3643/5562/5208 3609/5526/5208
f 3637/5556/4842 3644/5561/4842 3611/5530/4842
f 3638/5546/4839 3645/5557/4839 3613/5535/4839
f 3639/5543/4848 3646/5554/4848 3615/5444/4848
f 3607/5521/4836 3642/5563/4836 3647/5555/4836
f 3609/5526/4846 3643/5562/4846 3648/5551/4846
f 3644/5561/4835 3649/5548/4835 3618/5525/4835
f 3604/5518/4834 3640/5550/4834 3650/5545/4834
f 3605/5538/4845 3641/5541/4845 3651/5544/4845
f 3645/5557/4832 3635/5559/4832 3599/5522/4832
f 3647/5555/4859 3637/5556/4859 3601/5435/4859
f 3646/5554/4843 3636/5553/4843 3600/5445/4843
f 3648/5551/4860 3640/5550/4860 3604/5518/4860
f 3649/5548/4840 3652/5539/4840 3623/5524/4840
f 3620/5529/4831 3650/5545/4831 3638/5546/4831
f 3622/5532/4838 3651/5544/4838 3639/5543/4838
f 3652/5539/4833 3641/5541/4833 3605/5538/4833
f 3545/5390/4794 3653/5614/4794 3676/5569/4794
f 3706/5571/5186 3719/5615/5186 3683/5572/5186
f 3547/5432/4793 3655/5593/4793 3680/5574/4793
f 3657/5576/4862 3693/5682/4862 3718/5577/4862
f 3657/5576/4793 3682/5578/4793 3555/5429/4793
f 3656/5579/4863 3692/6837/4863 3711/5580/4863
f 3659/5582/4793 3653/5614/4793 3545/5390/4793
f 3684/5584/4864 3720/5681/4864 3705/5585/4864
f 3551/5587/4793 3661/5673/4793 3678/5588/4793
f 3715/5589/4865 3692/6837/4865 3656/5579/4865
f 3665/5591/4793 3686/5618/4793 3559/5527/4793
f 3712/5592/4951 3691/5599/4951 3655/5593/4951
f 3552/5531/4794 3663/5620/4794 3684/5584/4794
f 3668/5595/4867 3704/5601/4867 3717/5596/4867
f 3667/5598/4794 3688/5608/4794 3561/5520/4794
f 3691/5599/4868 3716/5617/4868 3680/5574/4868
f 3546/5570/4793 3676/5569/4793 3655/5593/4793
f 3687/5600/4869 3723/5674/4869 3704/5601/4869
f 3548/5523/4793 3678/5588/4793 3657/5576/4793
f 3682/5578/5189 3718/5577/5189 3703/5602/5189
f 3558/5439/4793 3669/5586/4793 3659/5582/4793
f 3711/5603/4952 3690/5668/4952 3654/5604/4952
f 3671/5606/4793 3661/5673/4793 3551/5587/4793
f 3667/5598/4872 3703/5602/4872 3724/5607/4872
f 3673/5609/4793 3663/5620/4793 3552/5531/4793
f 3702/5611/5211 3715/5589/5211 3679/5590/5211
f 3553/5575/4794 3680/5574/4794 3665/5591/4794
f 3689/5613/5191 3712/5592/5191 3676/5569/5191
f 3555/5429/4793 3682/5578/4793 3667/5598/4793
f 3719/5615/5192 3700/6838/5192 3664/5616/5192
f 3684/5584/4793 3669/5586/4793 3558/5439/4793
f 3716/5617/4876 3701/5677/4876 3665/5591/4876
f 3686/5618/4793 3671/5606/4793 3560/5511/4793
f 3699/5619/4877 3720/5681/4877 3684/5584/4877
f 3688/5608/4794 3673/5609/4794 3562/5610/4794
f 3664/5621/4878 3700/6839/4878 3710/5622/4878
f 3725/5624/4879 3690/5634/4879 3711/5625/4879
f 3726/5627/4880 3692/6840/4880 3715/5628/4880
f 3694/5630/4881 3717/5655/4881 3739/5631/4881
f 3728/5633/4882 3696/5649/4882 3690/5634/4882
f 3698/5635/4883 3713/5647/4883 3737/5636/4883
f 3731/5638/4884 3702/5654/4884 3721/5639/4884
f 3730/5641/5212 3700/5653/5212 3719/5642/5212
f 3704/5644/4920 3723/6841/4920 3742/5645/4920
f 3711/5625/4887 3692/6840/4887 3726/5627/4887
f 3713/5647/5213 3694/5630/5213 3727/5632/5213
f 3733/5648/4889 3706/6842/4889 3696/5649/4889
f 3708/5650/4890 3698/5635/4890 3729/5637/4890
f 3735/5652/4891 3710/5656/4891 3700/5653/4891
f 3738/5629/4892 3715/5628/4892 3702/5654/4892
f 3717/5655/4893 3704/5644/4893 3732/5646/4893
f 3719/5642/4894 3706/6842/4894 3733/5648/4894
f 3741/5640/4895 3721/5639/4895 3708/5650/4895
f 3742/5645/4896 3723/6841/4896 3710/5656/4896
f 3714/5657/4897 3693/5682/4897 3657/5576/4897
f 3681/5658/5214 3717/6843/5214 3694/5659/5214
f 3722/5661/4955 3707/5680/4955 3671/5606/4955
f 3658/5660/5197 3694/5659/5197 3713/5662/5197
f 3695/5664/4901 3689/5613/4901 3653/5614/4901
f 3708/5665/4902 3721/6844/4902 3685/5666/4902
f 3669/5586/4903 3705/5585/4903 3695/5664/4903
f 3690/5668/5215 3696/5671/5215 3660/5669/5215
f 3688/5608/4905 3724/5607/4905 3709/5670/4905
f 3696/5671/5216 3706/5571/5216 3670/5573/5216
f 3697/5672/4907 3714/5657/4907 3678/5588/4907
f 3674/5623/5199 3710/5622/5199 3723/5674/5199
f 3671/5606/4909 3707/5680/4909 3697/5672/4909
f 3677/5663/5217 3713/5662/5217 3698/5675/5217
f 3698/5675/5200 3708/5665/5200 3672/5667/5200
f 3701/5677/4912 3722/5661/4912 3686/5618/4912
f 3673/5609/4913 3709/5670/4913 3699/5619/4913
f 3721/5678/4960 3702/5611/4960 3666/5612/4960
f 3742/5645/4892 3735/5652/4892 3709/5670/4892
f 3741/5640/4885 3734/5651/4885 3707/5680/4885
f 3740/5643/4890 3733/5648/4890 3705/5585/4890
f 3739/5631/4887 3732/5646/4887 3703/5602/4887
f 3716/5617/4896 3738/5629/4896 3731/5638/4896
f 3709/5670/4884 3735/5652/4884 3730/5641/4884
f 3707/5680/4894 3734/5651/4894 3729/5637/4894
f 3705/5585/4883 3733/5648/4883 3728/5633/4883
f 3714/5657/5193 3737/5636/5193 3727/5632/5193
f 3712/5592/4893 3736/5626/4893 3726/5627/4893
f 3732/5646/4880 3742/5645/4880 3724/5607/4880
f 3730/5641/4895 3740/5643/4895 3720/5681/4895
f 3731/5638/4891 3741/5640/4891 3722/5661/4891
f 3697/5672/4889 3729/5637/4889 3737/5636/4889
f 3728/5633/5213 3725/5624/5213 3689/5613/5213
f 3727/5632/4879 3739/5631/4879 3718/5577/4879
f 3691/5599/4920 3726/5627/4920 3738/5629/4920
f 3689/5613/4881 3725/5624/4881 3736/5626/4881
f 3245/5683/4961 4329/6780/4961 4327/5684/4961
f 3751/5686/4962 3752/6739/4962 4358/5687/4962
f 4007/5689/4963 4013/6742/4963 4396/5690/4963
f 3258/5692/4964 4332/6741/4964 4336/5693/4964
f 3749/5695/4965 3750/6729/4965 4353/5696/4965
f 4247/5698/4966 4248/6738/4966 4395/5699/4966
f 3257/5701/4967 4384/6737/4967 4381/5702/4967
f 3510/5704/4968 3528/6344/4968 4348/5705/4968
f 3797/5707/5218 3798/5898/5218 3849/5708/5218
f 3998/5710/4970 3997/6845/4970 3815/5711/4970
f 3827/5713/4971 3783/5735/4971 3782/5714/4971
f 3828/5716/4972 3785/6846/4972 3784/5717/4972
f 3829/5719/4973 3786/5739/4973 3999/5720/4973
f 3830/5722/4974 3788/5740/4974 3787/5723/4974
f 3815/5711/4975 3997/6845/4975 3789/5725/4975
f 3782/5714/4976 3790/6847/4976 3821/5727/4976
f 3784/5717/4977 3791/5737/4977 3822/5728/4977
f 3831/5729/5219 3793/5736/5219 3792/5730/5219
f 3795/5732/4979 3794/6848/4979 3824/5733/4979
f 3818/5721/4980 3999/5720/4980 3998/5710/4980
f 3789/5725/4981 3785/6846/4981 3828/5716/4981
f 3819/5724/4982 3787/5723/4982 3783/5735/4982
f 3821/5727/4983 3790/6847/4983 3793/5736/4983
f 3791/5737/4984 3796/5741/4984 3825/5738/4984
f 3823/5731/4985 3792/5730/4985 3786/5739/4985
f 3824/5733/4986 3794/6848/4986 3788/5740/4986
f 3796/5741/4987 3795/5732/4987 3832/5734/4987
f 3851/5742/4988 3781/6849/4988 3770/5743/4988
f 3807/5745/5127 3808/5858/5127 3839/5746/5127
f 3799/5748/4990 3805/5903/4990 3842/5749/4990
f 3853/5751/4991 3778/6850/4991 3768/5752/4991
f 3838/5754/5220 3809/5922/5220 3810/5755/5220
f 3801/5757/5128 3807/5745/5128 3840/5747/5128
f 3779/5759/4994 3769/5775/4994 3867/5760/4994
f 3781/5762/4995 3773/5896/4995 3926/5763/4995
f 3937/5765/4995 3779/5759/4995 3772/5766/4995
f 3935/5768/4996 3778/6850/4996 3771/5769/4996
f 3777/5771/4995 3770/5788/4995 3920/5772/4995
f 3931/5774/4995 3776/5854/4995 3769/5775/4995
f 3926/5763/4995 3773/5896/4995 3768/5752/4995
f 3924/5767/4996 3772/5766/4996 3767/5778/4996
f 3922/5770/4996 3771/5769/4996 3766/5780/4996
f 3775/5782/4995 3765/5791/4995 3910/5783/4995
f 3927/5785/4996 3774/5792/4996 3764/5786/4996
f 3770/5788/4995 3781/5762/4995 3939/5764/4995
f 3768/5752/4995 3778/6850/4995 3935/5768/4995
f 3918/5776/4996 3769/5775/4996 3779/5759/4996
f 3767/5778/4995 3775/5782/4995 3929/5784/4995
f 3912/5781/4995 3766/5780/4995 3763/5789/4995
f 3765/5791/4996 3777/5771/4996 3933/5773/4996
f 3764/5786/4995 3776/5854/4995 3931/5774/4995
f 3906/5790/4995 3763/5789/4995 3774/5792/4995
f 3866/5793/4997 3885/5796/4997 3824/5794/4997
f 3885/5796/4998 3873/6851/4998 3832/5797/4998
f 3817/5798/5221 3878/6852/5221 3862/5799/5221
f 3832/5797/5000 3873/6851/5000 3886/5801/5000
f 3826/5803/5001 3858/5822/5001 3879/5804/5001
f 3879/5804/5002 3864/6853/5002 3829/5806/5002
f 3862/5799/5130 3881/5811/5130 3820/5807/5130
f 3819/5808/5004 3880/6854/5004 3866/5793/5004
f 3860/5809/5005 3880/6854/5005 3819/5808/5005
f 3881/5811/5006 3876/6855/5006 3815/5812/5006
f 3831/5813/5007 3871/5825/5007 3882/5814/5007
f 3821/5815/5008 3882/5814/5008 3877/5816/5008
f 3825/5818/5009 3886/6856/5009 3883/5819/5009
f 3883/5819/5131 3878/6852/5131 3817/5798/5131
f 3815/5821/5011 3876/6857/5011 3858/5822/5011
f 3829/5719/5012 3864/6858/5012 3884/5823/5012
f 3823/5824/5132 3884/6859/5132 3871/5825/5132
f 3816/5817/5014 3877/5816/5014 3860/5826/5014
f 3843/5828/4996 3838/5754/4996 3847/5829/4996
f 3836/5830/5222 3811/5847/5222 3812/5831/5222
f 3837/5756/4996 3845/5836/4996 3835/5832/4996
f 3837/5756/4996 3844/5833/4996 3847/5829/4996
f 3840/5747/4995 3833/5835/4995 3843/5828/4995
f 3840/5747/4995 3839/5746/4995 3834/5834/4995
f 3850/5709/4995 3836/5830/4995 3835/5832/4995
f 3848/5750/4996 3842/5749/4996 3841/5837/4996
f 3850/5709/4996 3849/5708/4996 3841/5837/4996
f 3845/5836/5223 3802/5911/5223 3797/5707/5223
f 3856/5838/5017 3775/5782/5017 3767/5778/5017
f 3834/5834/5018 3813/5927/5018 3814/5840/5018
f 3859/5841/5019 3773/5896/5019 3781/5762/5019
f 3844/5833/5224 3803/5915/5224 3800/5843/5224
f 3763/5789/5021 3766/5780/5021 3870/5844/5021
f 3772/5766/5022 3779/5759/5022 3852/5761/5022
f 3841/5837/5023 3806/5891/5023 3811/5847/5023
f 3854/5848/5225 3777/5771/5225 3765/5791/5225
f 3771/5850/5025 3778/6860/5025 3853/5851/5025
f 3804/5853/5226 3809/5922/5226 3838/5754/5226
f 3776/5854/5227 3764/5786/5227 3874/5855/5227
f 3770/5788/5028 3777/5771/5028 3854/5848/5028
f 3808/5858/5029 3813/5927/5029 3834/5834/5029
f 3774/5792/5030 3763/5789/5030 3875/5845/5030
f 3867/5760/5031 3769/5775/5031 3776/5854/5031
f 3849/5708/5133 3798/5898/5133 3799/5748/5133
f 3904/5860/5033 3886/6861/5033 3873/5861/5033
f 3885/5863/5034 3866/5887/5034 3891/5864/5034
f 3884/5823/5035 3864/6858/5035 3890/5866/5035
f 3883/5868/5036 3886/6861/5036 3904/5860/5036
f 3882/5870/5061 3871/5882/5061 3892/5871/5061
f 3880/5873/5038 3860/6862/5038 3888/5874/5038
f 3899/5876/5039 3881/5886/5039 3862/5877/5039
f 3897/5879/5228 3879/5888/5228 3858/5880/5228
f 3893/5862/5041 3873/5861/5041 3885/5863/5041
f 3871/5882/5042 3884/5823/5042 3902/5867/5042
f 3896/5883/5062 3878/6863/5062 3883/5868/5062
f 3895/5884/5044 3877/5889/5044 3882/5870/5044
f 3894/5885/5045 3876/5890/5045 3881/5886/5045
f 3866/5887/5046 3880/5873/5046 3898/5875/5046
f 3890/5866/5047 3864/6858/5047 3879/5888/5047
f 3862/5877/5048 3878/6863/5048 3896/5883/5048
f 3888/5874/5049 3860/6862/5049 3877/5889/5049
f 3887/5881/5050 3858/5880/5050 3876/5890/5050
f 3842/5749/5051 3805/5903/5051 3806/5891/5051
f 3764/5786/5229 3774/5792/5229 3857/5859/5229
f 3833/5835/5230 3814/5840/5230 3804/5853/5230
f 3872/5849/5054 3765/5791/5054 3775/5782/5054
f 3812/5831/5055 3803/5915/5055 3844/5833/5055
f 3766/5780/5056 3771/5769/5056 3863/5892/5056
f 3810/5755/5231 3802/5911/5231 3845/5836/5231
f 3869/5893/5232 3767/6864/5232 3772/5894/5232
f 3847/5829/5233 3800/5843/5233 3801/5757/5233
f 3868/5753/5060 3768/5752/5060 3773/5896/5060
f 3887/5881/5046 3894/5885/5046 3859/5841/5046
f 3888/5874/5136 3895/5884/5136 3861/5846/5136
f 3853/5751/5044 3889/5878/5044 3896/5883/5044
f 3890/5866/5041 3897/5879/5041 3865/5857/5041
f 3855/5856/5050 3891/5864/5050 3898/5875/5050
f 3859/5841/5038 3894/5885/5038 3899/5876/5038
f 3895/5884/5048 3900/5872/5048 3869/5839/5048
f 3863/5892/5061 3896/5883/5061 3901/5869/5061
f 3856/5838/5036 3892/5871/5036 3902/5867/5036
f 3857/5859/5047 3893/5862/5047 3903/5865/5047
f 3897/5879/5034 3887/5881/5034 3851/5842/5034
f 3899/5876/5049 3889/5878/5049 3853/5751/5049
f 3898/5875/5045 3888/5874/5045 3852/5761/5045
f 3900/5872/5062 3892/5871/5062 3856/5838/5062
f 3901/5869/5042 3904/5860/5042 3875/5845/5042
f 3872/5849/5033 3902/5867/5033 3890/5866/5033
f 3874/5855/5040 3903/5865/5040 3891/5864/5040
f 3904/5860/5035 3893/5862/5035 3857/5859/5035
f 3797/5707/4995 3905/5941/4995 3928/5897/4995
f 3958/5899/5063 3971/5942/5063 3935/5900/5063
f 3799/5748/4995 3907/5921/4995 3932/5902/4995
f 3909/5904/5064 3945/6009/5064 3970/5905/5064
f 3909/5904/4995 3934/5906/4995 3807/5745/4995
f 3944/5907/5065 3963/5932/5065 3927/5908/5065
f 3911/5910/4995 3905/5941/4995 3797/5707/4995
f 3936/5912/5066 3972/6008/5066 3957/5913/5066
f 3803/5915/4995 3913/5934/4995 3930/5916/4995
f 3967/5917/5067 3944/5907/5067 3908/5909/5067
f 3917/5919/4996 3938/5945/4996 3811/5847/4996
f 3964/5920/5068 3943/5928/5068 3907/5921/5068
f 3804/5853/4996 3915/5947/4996 3936/5912/4996
f 3920/5923/5234 3956/5930/5234 3969/5924/5234
f 3919/5926/4995 3940/5936/4995 3813/5927/4995
f 3943/5928/5070 3968/5944/5070 3932/5902/5070
f 3798/5898/4995 3928/5897/4995 3907/5921/4995
f 3939/5929/5071 3975/6001/5071 3956/5930/5071
f 3800/5843/4995 3930/5916/4995 3909/5904/4995
f 3934/5906/5072 3970/5905/5072 3955/5931/5072
f 3810/5755/4995 3921/5914/4995 3911/5910/4995
f 3963/5932/5073 3942/6865/5073 3906/5933/5073
f 3812/5831/4995 3923/5988/4995 3913/5934/4995
f 3919/5926/5074 3955/5931/5074 3976/5935/5074
f 3925/5937/4995 3915/5947/4995 3804/5853/4995
f 3954/5938/5075 3967/5917/5075 3931/5918/5075
f 3805/5903/4996 3932/5902/4996 3917/5919/4996
f 3941/5940/5138 3964/5920/5138 3928/5897/5138
f 3934/5906/4995 3919/5926/4995 3808/5858/4995
f 3971/5942/5235 3952/6866/5235 3916/5943/5235
f 3936/5912/4995 3921/5914/4995 3810/5755/4995
f 3968/5944/5078 3953/6004/5078 3917/5919/5078
f 3938/5945/4995 3923/5988/4995 3812/5831/4995
f 3951/5946/5079 3972/6008/5079 3936/5912/5079
f 3940/5936/4995 3925/5937/4995 3814/5840/4995
f 3916/5948/5236 3952/6867/5236 3962/5949/5236
f 3977/5951/5081 3942/5961/5081 3963/5952/5081
f 3978/5954/5082 3944/6868/5082 3967/5955/5082
f 3946/5957/5083 3969/5982/5083 3991/5958/5083
f 3980/5960/5139 3948/5976/5139 3942/5961/5139
f 3950/5962/5085 3965/5974/5085 3989/5963/5085
f 3983/5965/5086 3954/5981/5086 3973/5966/5086
f 3982/5968/5087 3952/5980/5087 3971/5969/5087
f 3984/5971/5088 3956/6869/5088 3975/5972/5088
f 3963/5952/5117 3944/6868/5117 3978/5954/5117
f 3965/5974/5237 3946/5957/5237 3979/5959/5237
f 3985/5975/5091 3958/6870/5091 3948/5976/5091
f 3960/5977/5092 3950/5962/5092 3981/5964/5092
f 3987/5979/5093 3962/5983/5093 3952/5980/5093
f 3990/5956/5094 3967/5955/5094 3954/5981/5094
f 3969/5982/5095 3956/6869/5095 3984/5971/5095
f 3971/5969/5096 3958/6870/5096 3985/5975/5096
f 3973/5966/5097 3960/5977/5097 3986/5978/5097
f 3994/5973/5098 3975/5972/5098 3962/5983/5098
f 3966/5984/5099 3945/6009/5099 3909/5904/5099
f 3933/5925/5238 3969/5924/5238 3946/5985/5238
f 3974/5987/5101 3959/6007/5101 3923/5988/5101
f 3910/5989/5239 3946/6871/5239 3965/5990/5239
f 3947/5992/5103 3941/5940/5103 3905/5941/5103
f 3924/5993/5104 3960/6872/5104 3973/5994/5104
f 3921/5914/5240 3957/5913/5240 3947/5992/5240
f 3942/5996/5106 3948/6873/5106 3912/5997/5106
f 3940/5936/5107 3976/5935/5107 3961/5999/5107
f 3912/5997/5241 3948/6873/5241 3958/5899/5241
f 3949/6000/5109 3966/5984/5109 3930/5916/5109
f 3926/5950/5242 3962/5949/5242 3975/6001/5242
f 3923/5988/5111 3959/6007/5111 3949/6000/5111
f 3965/5990/5142 3950/6003/5142 3914/6002/5142
f 3950/6003/5243 3960/6872/5243 3924/5993/5243
f 3953/6004/5114 3974/5987/5114 3938/5945/5114
f 3925/5937/5115 3961/5999/5115 3951/5946/5115
f 3973/6005/5244 3954/5938/5244 3918/5939/5244
f 3994/5973/5094 3987/5979/5094 3961/5999/5094
f 3974/5987/5087 3993/5967/5087 3986/5978/5087
f 3972/6008/5092 3992/5970/5092 3985/5975/5092
f 3991/5958/5117 3984/5971/5117 3955/5931/5117
f 3968/5944/5098 3990/5956/5098 3983/5965/5098
f 3987/5979/5086 3982/5968/5086 3951/5946/5086
f 3959/6007/5096 3986/5978/5096 3981/5964/5096
f 3957/5913/5085 3985/5975/5085 3980/5960/5085
f 3966/5984/5139 3989/5963/5139 3979/5959/5139
f 3964/5920/5245 3988/5953/5245 3978/5954/5245
f 3955/5931/5082 3984/5971/5082 3994/5973/5082
f 3951/5946/5097 3982/5968/5097 3992/5970/5097
f 3983/5965/5093 3993/5967/5093 3974/5987/5093
f 3949/6000/5091 3981/5964/5091 3989/5963/5091
f 3980/5960/5237 3977/5951/5237 3941/5940/5237
f 3945/6009/5081 3979/5959/5081 3991/5958/5081
f 3943/5928/5088 3978/5954/5088 3990/5956/5088
f 3941/5940/5083 3977/5951/5083 3988/5953/5083
f 4004/6010/5119 4012/6874/5119 4370/6011/5119
f 3491/6013/5120 3492/6730/5120 4383/6014/5120
f 3506/6016/5121 4351/6875/5121 4388/6017/5121
f 4011/6019/5122 4369/6876/5122 4379/6020/5122
f 3256/6022/5123 4328/6877/5123 4330/6023/5123
f 3744/6025/5124 3748/6765/5124 4386/6026/5124
f 4009/5371/5125 4375/5370/5125 4367/6028/5125
f 3254/6030/5126 3255/5685/5126 4327/5684/5126
f 4102/6032/5218 4049/6163/5218 4050/6033/5218
f 4250/6035/4970 4249/6050/4970 4067/6036/4970
f 4079/6038/4971 4035/6061/4971 4034/6039/4971
f 4080/6041/4972 4037/6878/4972 4036/6042/4972
f 4081/6044/4973 4038/6065/4973 4251/6045/4973
f 4082/6047/4974 4040/6066/4974 4039/6048/4974
f 4249/6050/4975 4041/6060/4975 4072/6051/4975
f 4034/6039/4976 4042/6879/4976 4073/6052/4976
f 4036/6042/4977 4043/6880/4977 4074/6053/4977
f 4083/6054/5219 4045/6062/5219 4044/6055/5219
f 4047/6057/4979 4046/6881/4979 4076/6058/4979
f 4070/6046/4980 4251/6045/4980 4250/6035/4980
f 4041/6060/4981 4037/6878/4981 4080/6041/4981
f 4071/6049/4982 4039/6048/4982 4035/6061/4982
f 4073/6052/4983 4042/6879/4983 4045/6062/4983
f 4074/6053/4984 4043/6880/4984 4048/6063/4984
f 4075/6056/4985 4044/6055/4985 4038/6065/4985
f 4076/6058/4986 4046/6881/4986 4040/6066/4986
f 4048/6063/4987 4047/6057/4987 4084/6059/4987
f 4033/6067/4988 4022/6882/4988 4117/6068/4988
f 4059/6070/5127 4060/6185/5127 4091/6071/5127
f 4051/6073/4990 4057/6232/4990 4094/6074/4990
f 4105/6076/4991 4030/6883/4991 4020/6077/4991
f 4090/6079/5220 4061/6251/5220 4062/6080/5220
f 4053/6082/4993 4059/6070/4993 4092/6072/4993
f 4031/6084/4994 4021/6100/4994 4119/6085/4994
f 4033/6087/4995 4025/6226/4995 4178/6088/4995
f 4189/6090/4996 4031/6084/4996 4024/6091/4996
f 4187/6093/4996 4030/6883/4996 4023/6094/4996
f 4029/6096/4995 4022/6183/4995 4172/6097/4995
f 4183/6099/4995 4028/6115/4995 4021/6100/4995
f 4178/6088/4995 4025/6226/4995 4020/6077/4995
f 4176/6092/4995 4024/6091/4995 4019/6103/4995
f 4023/6094/4995 4018/6221/4995 4164/6105/4995
f 4027/6106/4995 4017/6114/4995 4162/6107/4995
f 4179/6109/4996 4026/6116/4996 4016/6110/4996
f 4172/6097/4995 4022/6183/4995 4033/6087/4995
f 4020/6077/4996 4030/6883/4996 4187/6093/4996
f 4170/6101/4995 4021/6100/4995 4031/6084/4995
f 4019/6103/4996 4027/6106/4996 4181/6108/4996
f 4164/6105/4996 4018/6221/4996 4015/6112/4996
f 4017/6114/4995 4029/6096/4995 4185/6098/4995
f 4160/6111/4995 4016/6110/4995 4028/6115/4995
f 4158/6113/4996 4015/6112/4996 4026/6116/4996
f 4118/6117/4997 4137/6120/4997 4076/6118/4997
f 4137/6120/4998 4125/6884/4998 4084/6121/4998
f 4069/6122/5221 4130/6146/5221 4114/6123/5221
f 4084/6121/5000 4125/6884/5000 4138/6125/5000
f 4078/6127/5001 4110/6148/5001 4131/6128/5001
f 4131/6128/5002 4116/6885/5002 4081/6130/5002
f 4080/6124/5246 4114/6123/5246 4133/6131/5246
f 4071/6133/5004 4132/6886/5004 4118/6117/5004
f 4112/6134/5005 4132/6886/5005 4071/6133/5005
f 4072/6132/5247 4133/6131/5247 4128/6136/5247
f 4083/6138/5007 4123/6887/5007 4134/6139/5007
f 4073/6140/5008 4134/6139/5008 4129/6141/5008
f 4077/6143/5009 4138/6888/5009 4135/6144/5009
f 4074/6145/5010 4135/6144/5010 4130/6146/5010
f 4067/6147/5011 4128/6889/5011 4110/6148/5011
f 4081/6044/5248 4116/6194/5248 4136/6149/5248
f 4136/6150/5013 4123/6887/5013 4083/6138/5013
f 4068/6142/5014 4129/6141/5014 4112/6152/5014
f 4095/6154/4996 4090/6079/4996 4099/6155/4996
f 4088/6156/5222 4063/6174/5222 4064/6157/5222
f 4089/6081/4996 4097/6161/4996 4087/6158/4996
f 4089/6081/4996 4096/6159/4996 4099/6155/4996
f 4092/6072/4996 4085/6160/4996 4095/6154/4996
f 4091/6071/4996 4086/6166/4996 4085/6160/4996
f 4102/6032/4995 4088/6156/4995 4087/6158/4995
f 4100/6075/4995 4094/6074/4995 4093/6162/4995
f 4102/6032/4996 4101/6034/4996 4093/6162/4996
f 4097/6161/5223 4054/6240/5223 4049/6163/5223
f 4108/6164/5017 4027/6106/5017 4019/6103/5017
f 4086/6166/5018 4065/6256/5018 4066/6167/5018
f 4111/6168/5019 4025/6226/5019 4033/6087/5019
f 4096/6159/5224 4055/6245/5224 4052/6170/5224
f 4015/6112/5021 4018/6221/5021 4122/6171/5021
f 4024/6091/5022 4031/6084/5022 4104/6086/5022
f 4093/6162/5023 4058/6220/5023 4063/6174/5023
f 4106/6175/5024 4029/6096/5024 4017/6114/5024
f 4023/6177/5025 4030/6890/5025 4105/6178/5025
f 4056/6180/5226 4061/6251/5226 4090/6079/5226
f 4107/6181/5027 4028/6115/5027 4016/6110/5027
f 4022/6183/5028 4029/6096/5028 4106/6175/5028
f 4060/6185/5029 4065/6256/5029 4086/6166/5029
f 4026/6116/5030 4015/6112/5030 4127/6172/5030
f 4119/6085/5031 4021/6100/5031 4028/6115/5031
f 4101/6034/5133 4050/6033/5133 4051/6073/5133
f 4138/6187/5033 4125/6210/5033 4145/6188/5033
f 4137/6190/5034 4118/6216/5034 4143/6191/5034
f 4154/6193/5035 4136/6149/5035 4116/6194/5035
f 4135/6196/5036 4138/6187/5036 4156/6189/5036
f 4134/6198/5061 4123/6211/5061 4144/6199/5061
f 4132/6201/5038 4112/6891/5038 4140/6202/5038
f 4151/6204/5039 4133/6215/5039 4114/6205/5039
f 4149/6207/5040 4131/6217/5040 4110/6208/5040
f 4125/6210/5041 4137/6190/5041 4155/6192/5041
f 4123/6211/5042 4136/6149/5042 4154/6193/5042
f 4148/6212/5043 4130/6892/5043 4135/6196/5043
f 4147/6213/5044 4129/6218/5044 4134/6198/5044
f 4146/6214/5045 4128/6219/5045 4133/6215/5045
f 4118/6216/5046 4132/6201/5046 4150/6203/5046
f 4142/6195/5047 4116/6194/5047 4131/6217/5047
f 4114/6205/5048 4130/6892/5048 4148/6212/5048
f 4140/6202/5049 4112/6891/5049 4129/6218/5049
f 4139/6209/5050 4110/6208/5050 4128/6219/5050
f 4094/6074/5051 4057/6232/5051 4058/6220/5051
f 4016/6110/5229 4026/6116/5229 4109/6186/5229
f 4085/6160/5134 4066/6167/5134 4056/6180/5134
f 4124/6176/5054 4017/6114/5054 4027/6106/5054
f 4064/6157/5055 4055/6245/5055 4096/6159/5055
f 4018/6221/5056 4023/6094/5056 4115/6222/5056
f 4062/6080/5231 4054/6240/5231 4097/6161/5231
f 4019/6223/5058 4024/6893/5058 4113/6224/5058
f 4099/6155/5135 4052/6170/5135 4053/6082/5135
f 4120/6078/5060 4020/6077/5060 4025/6226/5060
f 4139/6209/5046 4146/6214/5046 4111/6168/5046
f 4104/6086/5039 4140/6202/5039 4147/6213/5039
f 4141/6206/5044 4148/6212/5044 4115/6222/5044
f 4142/6195/5041 4149/6207/5041 4117/6184/5041
f 4143/6191/5050 4150/6203/5050 4119/6085/5050
f 4111/6168/5038 4146/6214/5038 4151/6204/5038
f 4113/6173/5048 4147/6213/5048 4152/6200/5048
f 4148/6212/5061 4153/6197/5061 4122/6171/5061
f 4144/6199/5036 4154/6193/5036 4124/6176/5036
f 4109/6186/5047 4145/6188/5047 4155/6192/5047
f 4149/6207/5034 4139/6209/5034 4103/6169/5034
f 4151/6204/5049 4141/6206/5049 4105/6076/5049
f 4150/6203/5045 4140/6202/5045 4104/6086/5045
f 4152/6200/5062 4144/6199/5062 4108/6164/5062
f 4153/6197/5042 4156/6189/5042 4127/6172/5042
f 4154/6193/5033 4142/6195/5033 4106/6175/5033
f 4126/6182/5040 4155/6192/5040 4143/6191/5040
f 4127/6172/5035 4156/6189/5035 4145/6188/5035
f 4049/6163/4995 4157/6268/4995 4180/6227/4995
f 4210/6228/5249 4223/6269/5249 4187/6229/5249
f 4051/6073/4995 4159/6250/4995 4184/6231/4995
f 4161/6233/5064 4197/6310/5064 4222/6234/5064
f 4053/6082/4996 4161/6233/4996 4186/6235/4996
f 4160/6236/5065 4196/6894/5065 4215/6237/5065
f 4163/6239/4995 4157/6268/4995 4049/6163/4995
f 4188/6241/5066 4224/6334/5066 4209/6242/5066
f 4165/6244/4995 4182/6309/4995 4052/6170/4995
f 4219/6246/5067 4196/6894/5067 4160/6236/5067
f 4169/6248/4995 4190/6272/4995 4063/6174/4995
f 4216/6249/5068 4195/6257/5068 4159/6250/5068
f 4056/6180/4996 4167/6264/4996 4188/6241/4996
f 4172/6252/5069 4208/6259/5069 4221/6253/5069
f 4171/6255/4996 4192/6263/4996 4065/6256/4996
f 4195/6257/5070 4220/6271/5070 4184/6231/5070
f 4050/6033/4995 4180/6227/4995 4159/6250/4995
f 4191/6258/5071 4227/6326/5071 4208/6259/5071
f 4052/6170/4995 4182/6309/4995 4161/6233/4995
f 4186/6235/5072 4222/6234/5072 4207/6260/5072
f 4062/6080/4995 4173/6243/4995 4163/6239/4995
f 4215/6237/5250 4194/6895/5250 4158/6261/5250
f 4175/6262/4995 4165/6244/4995 4055/6245/4995
f 4207/6260/5074 4228/6333/5074 4192/6263/5074
f 4066/6167/4995 4177/6324/4995 4167/6264/4995
f 4206/6265/5075 4219/6246/5075 4183/6247/5075
f 4057/6232/4996 4184/6231/4996 4169/6248/4996
f 4193/6267/5138 4216/6249/5138 4180/6227/5138
f 4059/6070/4995 4186/6235/4995 4171/6255/4995
f 4223/6269/5235 4204/6896/5235 4168/6270/5235
f 4188/6241/4995 4173/6243/4995 4062/6080/4995
f 4220/6271/5078 4205/6330/5078 4169/6248/5078
f 4190/6272/4995 4175/6262/4995 4064/6157/4995
f 4203/6273/5079 4224/6334/5079 4188/6241/5079
f 4192/6263/4995 4177/6324/4995 4066/6167/4995
f 4168/5616/5236 4204/6897/5236 4214/6274/5236
f 4194/6276/5081 4215/6298/5081 4240/6277/5081
f 4196/6279/5082 4219/6898/5082 4242/6280/5082
f 4198/6282/5083 4221/6306/5083 4243/6283/5083
f 4232/6285/5139 4200/6300/5139 4194/6276/5139
f 4233/6286/5085 4202/6899/5085 4217/6287/5085
f 4235/6289/5086 4206/6305/5086 4225/6290/5086
f 4234/6292/5087 4204/6304/5087 4223/6293/5087
f 4236/6295/5088 4208/6900/5088 4227/6296/5088
f 4215/6298/5117 4196/6279/5117 4230/6281/5117
f 4217/6287/5237 4198/6282/5237 4231/6284/5237
f 4237/6299/5091 4210/6307/5091 4200/6300/5091
f 4212/6301/5092 4202/6899/5092 4233/6286/5092
f 4239/6303/5093 4214/6308/5093 4204/6304/5093
f 4242/6280/5094 4219/6898/5094 4206/6305/5094
f 4221/6306/5095 4208/6900/5095 4236/6295/5095
f 4244/6294/5096 4223/6293/5096 4210/6307/5096
f 4225/6290/5097 4212/6301/5097 4238/6302/5097
f 4246/6297/5098 4227/6296/5098 4214/6308/5098
f 4182/6309/5099 4218/6335/5099 4197/6310/5099
f 4185/6254/5100 4221/6253/5100 4198/6311/5100
f 4226/6312/5101 4211/6327/5101 4175/6262/5101
f 4162/6313/5140 4198/6901/5140 4217/6314/5140
f 4199/6316/5103 4193/6267/5103 4157/6268/5103
f 4212/6317/5104 4225/6902/5104 4189/6318/5104
f 4173/6243/5251 4209/6242/5251 4199/6316/5251
f 4194/6320/5106 4200/6903/5106 4164/6321/5106
f 4192/6263/5107 4228/6333/5107 4213/6323/5107
f 4164/6321/5241 4200/6903/5241 4210/6228/5241
f 4201/6325/5109 4218/6335/5109 4182/6309/5109
f 4178/6275/5252 4214/6274/5252 4227/6326/5252
f 4211/6327/5111 4201/6325/5111 4165/6244/5111
f 4217/6314/5142 4202/6329/5142 4166/6328/5142
f 4202/6329/5243 4212/6317/5243 4176/6319/5243
f 4205/6330/5114 4226/6312/5114 4190/6272/5114
f 4177/6324/5115 4213/6323/5115 4203/6273/5115
f 4225/6331/5116 4206/6265/5116 4170/6266/5116
f 4246/6297/5094 4239/6303/5094 4213/6323/5094
f 4226/6312/5087 4245/6291/5087 4238/6302/5087
f 4224/6334/5092 4244/6294/5092 4237/6299/5092
f 4243/6283/5117 4236/6295/5117 4207/6260/5117
f 4220/6271/5098 4242/6280/5098 4235/6289/5098
f 4239/6303/5086 4234/6292/5086 4203/6273/5086
f 4211/6327/5096 4238/6302/5096 4233/6286/5096
f 4209/6242/5085 4237/6299/5085 4232/6285/5085
f 4218/6335/5253 4241/6288/5253 4231/6284/5253
f 4216/6249/5254 4240/6277/5254 4230/6281/5254
f 4236/6295/5082 4246/6297/5082 4228/6333/5082
f 4203/6273/5097 4234/6292/5097 4244/6294/5097
f 4235/6289/5093 4245/6291/5093 4226/6312/5093
f 4201/6325/5091 4233/6286/5091 4241/6288/5091
f 4232/6285/5090 4229/6278/5090 4193/6267/5090
f 4197/6310/5081 4231/6284/5081 4243/6283/5081
f 4230/6281/5088 4242/6280/5088 4220/6271/5088
f 4193/6267/5083 4229/6278/5083 4240/6277/5083
f 3508/6336/5146 3502/6761/5146 4352/6337/5146
f 4252/6339/4921 4008/5389/4921 4378/5388/4921
f 3246/6341/5147 3253/5381/5147 4333/5383/5147
f 3499/6343/4923 4340/6753/4923 4348/5705/4923
f 4006/6345/4924 4007/5689/4924 4393/5691/4924
f 3496/6347/5148 3252/6904/5148 4336/6348/5148
f 3501/6350/4926 4345/6905/4926 4347/6351/4926
f 4247/5698/4927 4377/5700/4927 4373/6353/4927
f 4264/6355/5148 4268/6358/5148 3290/6356/5148
f 4268/6358/5124 4260/6365/5124 3284/6359/5124
f 4264/6360/4964 3291/6906/4964 3292/6361/4964
f 4253/6363/4968 4265/6362/4968 3292/6361/4968
f 4260/6365/5255 4259/6374/5255 3283/6366/5255
f 4266/6367/4926 4256/6373/4926 3278/6368/4926
f 4270/6370/5150 3289/6376/5150 3286/6371/5150
f 4256/6373/5147 4255/6372/5147 3286/6371/5147
f 4259/6374/5167 4266/6907/5167 3279/6375/5167
f 3289/6376/4961 4270/6370/4961 4269/6377/4961
f 4262/6379/5126 3282/6908/5126 3288/6378/5126
f 4261/6380/5121 3495/6383/5121 3282/6381/5121
f 3495/6383/4967 4261/6380/4967 4267/6384/4967
f 4258/6386/5153 3493/6388/5153 3494/6385/5153
f 4257/6387/5154 3285/6909/5154 3493/6388/5154
f 4263/6389/5123 3281/6393/5123 3285/6390/5123
f 4254/6392/5155 3280/6394/5155 3281/6393/5155
f 4254/6392/4923 4253/6363/4923 3287/6364/4923
f 4310/6395/5125 4309/6399/5125 4042/6396/5125
f 4045/6398/4965 4042/6396/4965 4309/6399/4965
f 4324/6400/4925 4323/6910/4925 4044/6401/4925
f 4323/6402/5122 4316/6406/5122 4038/6403/5122
f 4315/6405/5157 4251/6407/5157 4038/6403/5157
f 4251/6407/4963 4315/6405/4963 4321/6408/4963
f 4312/6410/4924 4249/6412/4924 4250/6409/4924
f 4312/6410/5158 4311/6911/5158 4041/6411/5158
f 4311/6413/5119 4317/6416/5119 4037/6414/5119
f 4317/6416/4962 4308/6418/4962 4036/6417/4962
f 4308/6418/5159 4307/6420/5159 4043/6419/5159
f 4307/6420/5160 4319/6912/5160 4048/6421/5160
f 4319/6422/4928 4318/6913/4928 4047/6423/4928
f 4047/6423/4921 4318/6913/4921 4322/6425/4921
f 4322/6425/5161 4314/6428/5161 4040/6427/5161
f 4314/6428/5256 4313/6430/5256 4039/6429/5256
f 4313/6430/5149 4320/6914/5149 4035/6431/5149
f 4320/6432/4922 4310/6395/4922 4034/6397/4922
f 4302/6434/4922 4292/6472/4922 3782/6435/4922
f 4295/6437/4927 4302/6915/4927 3783/6438/4927
f 4296/6440/5256 4295/6437/5256 3787/6439/5256
f 4296/6440/5161 3788/6441/5161 3794/6442/5161
f 4300/6444/4921 4304/6443/4921 3794/6442/4921
f 4301/6446/4928 4300/6444/4928 3795/6445/4928
f 4289/6448/5160 4301/6916/5160 3796/6449/5160
f 4290/6451/5159 4289/6448/5159 3791/6450/5159
f 4299/6453/4962 4290/6451/4962 3784/6452/4962
f 4299/6453/5119 3785/6454/5119 3789/6455/5119
f 4294/6457/5158 4293/6917/5158 3789/6458/5158
f 4294/6457/4924 3997/6459/4924 3998/6460/4924
f 3999/6462/4963 4297/6463/4963 4303/6461/4963
f 4297/6463/5157 3999/6462/5157 3786/6464/5157
f 4298/6465/5122 3786/6464/5122 3792/6466/5122
f 4306/6468/4925 4305/6918/4925 3792/6469/4925
f 3793/6470/4965 3790/6919/4965 4291/6471/4965
f 4291/6471/5125 3790/6919/5125 3782/6435/5125
f 4282/6473/5148 4286/6477/5148 3542/6474/5148
f 4278/6476/5124 3536/6479/5124 3542/6474/5124
f 4278/6476/5255 4277/6480/5255 3535/6478/5255
f 4277/6480/5167 4284/6920/5167 3531/6481/5167
f 4284/6482/4926 4274/6485/4926 3530/6483/4926
f 4274/6485/5147 4273/6488/5147 3538/6486/5147
f 3541/6487/5150 3538/6486/5150 4273/6488/5150
f 4288/6489/4961 4287/6492/4961 3540/6490/4961
f 4280/6491/5126 3534/6921/5126 3540/6490/5126
f 4279/6493/5121 3747/6496/5121 3534/6494/5121
f 3747/6496/4967 4279/6493/4967 4285/6497/4967
f 4276/6499/5153 3745/6501/5153 3746/6498/5153
f 4276/6499/5154 4275/6922/5154 3537/6500/5154
f 4275/6502/5123 4281/6505/5123 3533/6503/5123
f 4281/6505/5155 4272/6507/5155 3532/6506/5155
f 4272/6507/4923 4271/6509/4923 3539/6508/4923
f 4271/6509/4968 4283/6511/4968 3544/6510/4968
f 4283/6511/4964 4282/6923/4964 3543/6512/4964
f 3246/6513/5162 3245/6541/5162 4253/6514/5162
f 3248/6516/5162 3247/6544/5162 4255/6517/5162
f 3249/6519/5163 4257/6542/5163 4258/6520/5163
f 3250/6522/5162 4259/6545/5162 4260/6523/5162
f 3252/6525/5162 3496/6546/5162 4261/6526/5162
f 3246/6513/5163 4254/6515/5163 4263/6528/5163
f 3254/6530/5162 4264/6547/5162 4265/6531/5162
f 3248/6516/5162 4256/6518/5162 4266/6533/5162
f 3492/6535/5163 3491/6521/5163 4258/6520/5163
f 3251/6524/5162 4260/6523/5162 4268/6537/5162
f 3252/6525/5162 4262/6527/5162 4269/6539/5162
f 3245/6541/5162 3255/6532/5162 4265/6531/5162
f 3249/6519/5162 3253/6529/5162 4263/6528/5162
f 3276/6543/5162 4270/6548/5162 4255/6517/5162
f 3250/6522/5162 3256/6534/5162 4266/6533/5162
f 3496/6546/5162 3492/6535/5162 4267/6536/5162
f 3254/6530/5162 3257/6538/5162 4268/6537/5162
f 3276/6543/5162 3258/6540/5162 4269/6539/5162
f 3498/6549/5162 3497/6577/5162 4271/6550/5162
f 3500/6552/5162 3499/6580/5162 4273/6553/5162
f 3501/6555/5162 4275/6578/5162 4276/6556/5162
f 3502/6558/5162 4277/6581/5162 4278/6559/5162
f 3504/6561/5162 3748/6582/5162 4279/6562/5162
f 3498/6549/5162 4272/6551/5162 4281/6564/5162
f 3506/6566/5162 4282/6583/5162 4283/6567/5162
f 3500/6552/5162 4274/6554/5162 4284/6569/5162
f 3744/6571/5162 3743/6557/5162 4276/6556/5162
f 3503/6560/5163 4278/6559/5163 4286/6573/5163
f 3504/6561/5162 4280/6563/5162 4287/6575/5162
f 3497/6577/5162 3507/6568/5162 4283/6567/5162
f 3501/6555/5162 3505/6565/5162 4281/6564/5162
f 3528/6579/5163 4288/6584/5163 4273/6553/5163
f 3502/6558/5163 3508/6570/5163 4284/6569/5163
f 3748/6582/5162 3744/6571/5162 4285/6572/5162
f 3506/6566/5162 3509/6574/5162 4286/6573/5162
f 3510/6576/5162 4287/6575/5162 4288/6584/5162
f 3750/6585/5164 3749/6613/5164 4289/6586/5164
f 3752/6588/5164 3751/6616/5164 4291/6589/5164
f 3753/6591/5164 4293/6614/5164 4294/6592/5164
f 3754/6594/5165 4295/6617/5165 4296/6595/5165
f 3756/6597/5164 4000/6618/5164 4297/6598/5164
f 3750/6585/5164 4290/6587/5164 4299/6600/5164
f 3758/6602/5164 4300/6619/5164 4301/6603/5164
f 3752/6588/5165 4292/6590/5165 4302/6605/5165
f 3996/6607/5164 3995/6593/5164 4294/6592/5164
f 3761/6609/5164 3755/6596/5164 4296/6595/5164
f 3756/6597/5164 4298/6599/5164 4305/6611/5164
f 3759/6604/5164 4301/6603/5164 4289/6586/5164
f 3753/6591/5164 3757/6601/5164 4299/6600/5164
f 3780/6615/5165 4306/6620/5165 4291/6589/5165
f 3754/6594/5165 3760/6606/5165 4302/6605/5165
f 4000/6618/5164 3996/6607/5164 4303/6608/5164
f 3758/6602/5164 3761/6609/5164 4304/6610/5164
f 3780/6615/5164 3762/6612/5164 4305/6611/5164
f 4002/6621/5164 4001/6649/5164 4307/6622/5164
f 4004/6624/5164 4003/6652/5164 4309/6625/5164
f 4005/6627/5164 4311/6650/5164 4312/6628/5164
f 4006/6630/5164 4313/6653/5164 4314/6631/5164
f 4008/6633/5164 4252/6654/5164 4315/6634/5164
f 4002/6621/5164 4308/6623/5164 4317/6636/5164
f 4010/6638/5164 4318/6655/5164 4319/6639/5164
f 4004/6624/5164 4310/6626/5164 4320/6641/5164
f 4247/6629/5164 4312/6628/5164 4321/6643/5164
f 4007/6632/5164 4314/6631/5164 4322/6645/5164
f 4008/6633/5164 4316/6635/5164 4323/6647/5164
f 4001/6649/5164 4011/6640/5164 4319/6639/5164
f 4005/6627/5164 4009/6637/5164 4317/6636/5164
f 4032/6651/5165 4324/6656/5165 4309/6625/5165
f 4006/6630/5165 4012/6642/5165 4320/6641/5165
f 4248/6644/5164 4321/6643/5164 4315/6634/5164
f 4010/6638/5164 4013/6646/5164 4322/6645/5164
f 4014/6648/5164 4323/6647/5164 4324/6656/5164
f 4330/6657/5163 4328/6664/5163 4327/6658/5163
f 4333/6660/5162 4334/6668/5162 4326/6661/5162
f 4338/6663/5162 4337/6671/5162 4327/6658/5162
f 4329/6659/5163 4325/6662/5163 4326/6661/5163
f 4335/6665/5162 4336/6670/5162 4332/6666/5162
f 4333/6660/5162 4331/6667/5162 4332/6666/5162
f 4383/6669/5162 4382/6924/5162 4336/6670/5162
f 4337/6671/5162 4338/6663/5162 4381/6672/5162
f 4344/6674/5162 4342/6681/5162 4341/6675/5162
f 4347/6677/5162 4348/6685/5162 4340/6678/5162
f 4352/6680/5162 4351/6689/5162 4341/6675/5162
f 4343/6676/5162 4339/6679/5162 4340/6678/5162
f 4349/6682/5162 4350/6687/5162 4346/6683/5162
f 4347/6677/5162 4345/6684/5162 4346/6683/5162
f 4387/6686/5163 4386/6925/5163 4350/6687/5163
f 4352/6680/5163 4385/6926/5163 4388/6688/5163
f 4357/6690/5164 4358/6697/5164 4356/6691/5164
f 4361/6693/5164 4362/6701/5164 4354/6694/5164
f 4356/6691/5164 4366/6927/5164 4365/6696/5164
f 4357/6690/5164 4353/6695/5164 4354/6694/5164
f 4363/6698/5164 4364/6703/5164 4360/6699/5164
f 4361/6693/5164 4359/6700/5164 4360/6699/5164
f 4363/6698/5165 4391/6928/5165 4390/6702/5165
f 4365/6696/5164 4366/6927/5164 4389/6704/5164
f 4372/6706/5164 4370/6712/5164 4369/6707/5164
f 4375/6709/5164 4376/6717/5164 4368/6710/5164
f 4370/6712/5164 4380/6929/5164 4379/6713/5164
f 4371/6708/5164 4367/6711/5164 4368/6710/5164
f 4377/6714/5164 4378/6719/5164 4374/6715/5164
f 4375/6709/5164 4373/6716/5164 4374/6715/5164
f 4377/6714/5165 4395/6930/5165 4394/6718/5165
f 4379/6713/5164 4380/6929/5164 4393/6720/5164
f 3256/6722/5154 3250/6792/5154 4338/6723/5154
f 4003/6725/5159 4368/6790/5159 4376/6726/5159
f 3757/6728/5125 4361/6764/5125 4353/5696/5125
f 3496/6347/5124 4382/6349/5124 4383/6014/5124
f 4006/6345/5158 4380/6346/5158 4370/6731/5158
f 3759/6733/5122 4355/6931/5122 4365/6734/5122
f 3254/6736/5121 4337/6932/5121 4384/6737/5121
f 4252/6339/5161 4394/6340/5161 4395/5699/5161
f 3752/6739/5119 3760/6933/5119 4356/6740/5119
f 3276/5374/4968 4334/5373/4968 4332/6741/4968
f 4010/6021/5157 4379/6020/5157 4396/5690/5157
f 3996/6743/4966 4391/6775/4966 4363/5385/4966
f 3498/6745/5150 4339/6769/5150 4343/6746/5150
f 4014/6748/5160 4032/6727/5160 4376/6726/5160
f 3755/5375/4963 3761/6778/4963 4392/6750/4963
f 3500/6752/5155 4344/6777/5155 4340/6753/5155
f 3756/6754/4928 3762/6934/4928 4360/6755/4928
f 3743/6756/5167 4349/6779/5167 4345/6757/5167
f 3759/6759/4925 3749/5695/4925 4357/5697/4925
f 3502/6761/5153 3503/6783/5153 4385/6762/5153
f 3753/6763/4922 4359/6935/4922 4361/6764/4922
f 3748/6765/5148 3504/6936/5148 4350/6766/5148
f 3780/6767/5159 3751/5686/5159 4354/5688/5159
f 3505/6352/5147 4347/6351/5147 4339/6769/5147
f 3760/6770/5158 3754/5377/5158 4366/5376/5158
f 3506/6772/5126 3507/6791/5126 4341/6773/5126
f 4000/5366/5161 4390/5368/5161 4391/6775/5161
f 3500/6752/5123 3508/6937/5123 4342/6776/5123
f 3758/6735/5157 4365/6734/5157 4392/6750/5157
f 3744/6025/5120 4387/6027/5120 4349/6779/5120
f 3245/5683/5150 3246/6341/5150 4325/6342/5150
f 3780/6767/5160 4362/6768/5160 4360/6781/5160
f 3509/6018/4967 4388/6017/4967 4385/6762/4967
f 3248/6024/5155 4330/6023/5155 4326/6784/5155
f 4002/6029/4965 4367/6028/4965 4371/5379/4965
f 3504/6786/4964 3510/5704/4964 4346/5706/4964
f 3249/6788/5167 3491/6013/5167 4335/6015/5167
f 4004/6010/4962 4372/6012/4962 4368/6790/4962
f 3507/6791/4961 3497/6747/4961 4343/6746/4961
f 3250/6792/5153 3251/5703/5153 4381/5702/5153
g jerry_can_nozzle_Mesh
v 0.198825 0.611141 1.426350
v 0.199757 1.096466 1.427448
v 0.017143 0.594347 1.594538
v 0.009687 1.094067 1.585762
v -0.079644 0.588110 1.098543
v -0.079074 1.083827 1.099213
v -0.277169 0.582352 1.248081
v -0.267591 1.083827 1.259356
v -0.135926 0.582352 1.414350
v -0.013278 0.582352 1.558728
v 0.023062 1.174868 1.488776
v -0.043764 1.197801 1.412189
v 0.175239 0.582352 1.398585
v 0.052591 0.582352 1.254207
v 0.039242 1.195023 1.344984
v 0.106414 1.172963 1.427306
v 0.077600 0.582587 1.552316
v 0.154218 0.582587 1.487230
v 0.158567 1.092557 1.492350
v 0.081949 1.092557 1.557436
v -0.149420 0.576829 1.129794
v -0.226038 0.576829 1.194880
v -0.193817 1.126593 1.188641
v -0.160787 1.126593 1.160582
v -0.026837 1.202384 1.379936
v 0.004424 1.203949 1.361784
v 0.056874 1.171411 1.477031
v 0.083274 1.171411 1.454604
v 0.042672 0.571071 1.511199
v 0.119289 0.571071 1.446113
v -0.079976 0.571071 1.366821
v -0.003358 0.571071 1.301735
v -0.082711 0.582352 1.476992
v -0.058567 0.582352 1.505414
v -0.009011 1.183809 1.472108
v -0.033795 1.183195 1.448407
v 0.129950 0.582352 1.345271
v 0.105805 0.582352 1.316849
v 0.074849 1.188591 1.368104
v 0.089069 1.183809 1.388790
v -0.026761 0.571071 1.429464
v -0.002618 0.571071 1.457886
v 0.049856 0.571071 1.364378
v 0.074000 0.571071 1.392799
v -0.086933 1.161665 1.472023
v -0.134464 1.174464 1.416071
v 0.134685 1.171968 1.350846
v 0.176298 1.154796 1.399832
v -0.042683 1.188881 1.299611
v 0.040599 1.159769 1.247682
v 0.125619 1.161452 1.453563
v -0.075714 1.188881 1.327670
v -0.012219 1.154796 1.559975
v 0.049000 1.161452 1.518649
v -0.045922 1.165026 1.520301
v 0.112894 1.174164 1.332694
v -0.064928 1.231643 1.273425
v -0.010309 1.218947 1.394685
v -0.097959 1.231643 1.301483
v 0.013559 1.219465 1.376219
v 0.054208 1.193296 1.470211
v -0.157504 1.188404 1.164448
v 0.076975 1.193296 1.450871
v -0.190534 1.188404 1.192506
v -0.013667 1.209646 1.447570
v 0.002161 1.203115 1.466202
v 0.065607 1.209646 1.380228
v 0.081435 1.203115 1.398860
v -0.022613 1.216748 1.420290
v 0.090380 1.196013 1.426140
v 0.040132 1.216748 1.366989
v 0.027636 1.196013 1.479441
v -0.024536 1.210251 1.453832
v -0.036149 1.213558 1.422344
v 0.092304 1.202510 1.392598
v 0.103566 1.193568 1.426944
v 0.007659 1.222650 1.365592
v 0.041471 1.219193 1.353846
v 0.084171 1.188446 1.455661
v -0.022525 1.216720 1.387393
v 0.026297 1.193568 1.492584
v 0.060624 1.181623 1.479914
v -0.006840 1.198173 1.477271
v 0.073521 1.206241 1.366021
v 0.096442 1.357106 1.486214
v -0.000026 1.238356 1.406522
v 0.059743 1.311766 1.496241
v 0.023370 1.237996 1.388283
v 0.049543 1.221364 1.459244
v 0.085938 1.357106 1.495136
v 0.066906 1.221364 1.444494
v 0.077305 1.332174 1.521288
v 0.006613 1.232077 1.443096
v 0.018081 1.227345 1.456595
v 0.058840 1.233613 1.392508
v 0.069380 1.227345 1.413017
v 0.001114 1.236443 1.426327
v 0.074878 1.222980 1.429786
v 0.041977 1.239411 1.384198
v 0.035828 1.217892 1.466095
v -0.166849 1.128451 1.387372
v -0.211585 1.125040 1.325286
v -0.244994 1.116651 1.285958
v 0.015454 0.582352 1.210490
v -0.021682 0.582352 1.166773
v -0.058819 0.582352 1.123057
v -0.247336 0.582352 1.283200
v -0.210199 0.582352 1.326916
v -0.173062 0.582352 1.370633
v -0.056477 1.116651 1.125815
v -0.019340 1.136075 1.169531
v 0.024631 1.133908 1.221293
v -0.097726 1.177164 1.301757
v -0.134863 1.157740 1.258041
v -0.171999 1.138315 1.214324
v -0.064696 1.177165 1.273699
v -0.101832 1.157740 1.229982
v -0.138969 1.138315 1.186265
v -0.191387 0.571071 1.235672
v -0.154250 0.571071 1.279388
v -0.117113 0.571071 1.323105
v -0.114768 0.571071 1.170585
v -0.077631 0.571071 1.214302
v -0.040495 0.571071 1.258018
v -0.113531 1.233621 1.283153
v -0.134598 1.212787 1.258353
v -0.170811 1.218633 1.215723
v -0.080501 1.233621 1.255094
v -0.101568 1.212787 1.230294
v -0.137781 1.218633 1.187665
v -0.169592 1.127336 1.217158
v -0.206729 1.107911 1.173441
v -0.136562 1.127336 1.189099
v -0.173699 1.107911 1.145382
v -0.176116 1.238218 1.209478
v -0.199850 1.204616 1.181539
v -0.143086 1.238218 1.181420
v -0.166820 1.204616 1.153480
v -0.025152 1.185610 1.320249
v -0.052177 1.252620 1.288436
v -0.085207 1.252620 1.316494
v -0.058182 1.185610 1.348308
v -0.095319 1.166185 1.304591
v -0.132456 1.146760 1.260874
v -0.062289 1.166185 1.276532
v -0.099425 1.146760 1.232816
v -0.110376 1.257894 1.286866
v -0.139290 1.232692 1.252829
v -0.077346 1.257894 1.258807
v -0.106260 1.232692 1.224771
v -0.155485 1.138315 1.200295
v -0.154296 1.218633 1.201694
v -0.118348 1.157740 1.244012
v -0.118083 1.212787 1.244323
v -0.081211 1.177164 1.287728
v -0.097016 1.233621 1.269123
v -0.177302 1.126593 1.174612
v -0.174019 1.188404 1.178477
v -0.059198 1.188881 1.313641
v -0.081444 1.231643 1.287454
v 0.202947 0.582587 1.445835
v 0.207296 1.092557 1.450955
v 0.033219 1.092557 1.598831
v 0.028871 0.582587 1.593711
v -0.006058 0.571071 1.552594
v -0.239731 1.122608 1.272972
v -0.267629 1.104802 1.224938
v -0.274767 0.576829 1.236275
v -0.113079 1.111934 1.106616
v -0.100691 0.576829 1.088399
v -0.066040 0.571071 1.129190
v 0.174347 1.161452 1.412169
v -0.165842 0.571071 1.364500
v -0.128705 0.571071 1.408216
v -0.051347 0.571071 1.499281
v 0.000271 1.161452 1.560045
v -0.065726 1.186730 1.485395
v -0.128705 1.185610 1.408216
v 0.168018 0.571071 1.404718
v 0.098585 0.571071 1.322983
v 0.045371 0.571071 1.260340
v -0.020471 1.172137 1.218325
v 0.051593 1.191864 1.282787
v 0.129350 1.182867 1.359199
v -0.075491 0.571071 1.470859
v -0.044726 1.182867 1.507075
v 0.122729 0.571071 1.351405
v 0.105949 1.187843 1.347142
v -0.164221 1.162155 1.363401
v -0.198203 1.155048 1.303787
v 0.008234 0.571071 1.216624
v -0.028902 0.571071 1.172907
v -0.240116 0.571071 1.277066
v -0.202979 0.571071 1.320783
v -0.072444 1.137910 1.144106
v -0.043983 1.144694 1.165636
v 0.208348 0.797276 1.426872
v 0.010807 0.792477 1.594681
v -0.293918 0.798475 1.235965
v -0.096377 0.803273 1.068156
v 0.034622 0.834277 1.233054
v 0.180192 0.824763 1.404415
v -0.036122 0.783512 1.554070
v -0.123014 0.775699 1.451782
v -0.225522 0.800075 1.177863
v -0.166296 0.800075 1.127552
v 0.147125 0.794077 1.478880
v 0.070507 0.794077 1.543967
v -0.034242 0.840611 1.534049
v -0.116662 0.806337 1.459260
v 0.108497 0.821265 1.320018
v 0.135920 0.771171 1.326978
v -0.049471 0.859190 1.134061
v -0.017727 0.846948 1.171429
v 0.016389 0.811049 1.211591
v -0.177705 0.773130 1.387402
v -0.186614 0.856944 1.354681
v -0.257372 0.793948 1.293620
v 0.208265 0.802360 1.412141
v -0.003716 0.797562 1.592217
v -0.288140 0.787232 1.257400
v -0.076158 0.792031 1.077324
v -0.009554 1.232977 1.452411
v -0.018500 1.240079 1.425131
v 0.085548 1.226445 1.403702
v 0.094493 1.219344 1.430982
v 0.017672 1.242796 1.381061
v 0.044244 1.240079 1.371830
v 0.078751 1.212739 1.452961
v -0.005095 1.242796 1.400401
v 0.032001 1.218604 1.484480
v 0.054500 1.209217 1.474357
v 0.006274 1.226445 1.471044
v 0.071335 1.225124 1.383452
v 0.219102 1.448246 1.646178
v 0.064331 1.331773 1.469700
v 0.219322 1.451299 1.644751
v 0.074516 1.326669 1.458494
v 0.080938 1.302228 1.489250
v 0.223966 1.448246 1.642046
v 0.091442 1.302228 1.480328
v 0.222521 1.451299 1.642033
v 0.060017 1.321188 1.485424
v 0.064724 1.312814 1.490966
v 0.089099 1.316196 1.457491
v 0.094778 1.311231 1.464195
v 0.054452 1.327114 1.477066
v 0.097026 1.305088 1.472327
v 0.080895 1.323032 1.451805
v 0.072140 1.305088 1.493467
v 0.102546 1.327561 1.514687
v 0.071186 1.336195 1.457724
v 0.112782 1.329081 1.506107
v 0.094691 1.362838 1.481992
v 0.080762 1.343302 1.511092
v 0.088864 1.339377 1.518468
v 0.112657 1.346520 1.484499
v 0.117364 1.338146 1.490040
v 0.080354 1.354246 1.503137
v 0.118633 1.330420 1.497763
v 0.105240 1.354246 1.481997
v 0.093748 1.330420 1.518903
v 0.221604 1.439914 1.647438
v 0.220160 1.442967 1.647424
v 0.224804 1.439914 1.644720
v 0.225024 1.442967 1.643292
v 0.217013 1.447220 1.648369
v 0.217660 1.443993 1.649131
v 0.226466 1.447220 1.640340
v 0.227112 1.443993 1.641101
v 0.217352 1.450197 1.646872
v 0.226773 1.441016 1.642599
v 0.224933 1.450197 1.640432
v 0.219193 1.441016 1.649038
v 0.123402 1.337010 1.486042
v 0.101767 1.311766 1.460541
v 0.082056 1.362838 1.492726
v 0.060463 1.337508 1.467274
v 0.070268 1.352128 1.503962
v 0.055866 1.331062 1.484018
v 0.053978 1.322324 1.489422
v 0.074140 1.344528 1.514960
v 0.117638 1.347568 1.479223
v 0.095971 1.322324 1.453750
v 0.089105 1.328407 1.449476
v 0.107245 1.358317 1.476239
v 0.116917 1.321826 1.508190
v 0.095324 1.296497 1.482738
v 0.103032 1.301017 1.471279
v 0.124594 1.326252 1.496850
v 0.091883 1.326252 1.524638
v 0.070135 1.301017 1.499224
v 0.082689 1.296497 1.493472
v 0.104315 1.321826 1.518896
v 0.022823 0.676176 1.603885
v -0.285785 0.676177 1.240598
v -0.094948 0.672578 1.078484
v 0.069494 0.759795 1.274104
v 0.165311 0.733879 1.386898
v 0.010447 0.746874 1.586657
v -0.164876 0.698818 1.397563
v -0.224175 0.678176 1.188261
v -0.156253 0.678176 1.130562
v 0.156703 0.678176 1.490155
v 0.080085 0.678176 1.555242
v -0.054603 0.731974 1.510082
v -0.124414 0.667155 1.445193
v 0.120772 0.669554 1.317793
v 0.162205 0.697054 1.366566
v -0.044977 0.707276 1.139352
v -0.001800 0.660504 1.190179
v 0.011392 0.745682 1.205708
v -0.172067 0.693702 1.389097
v -0.212224 0.727145 1.341825
v -0.254538 0.713274 1.292014
v 0.008299 0.684359 1.601421
v -0.285702 0.683593 1.255329
v -0.080425 0.679994 1.080948
v 0.213660 0.672578 1.441771
v 0.213577 0.680761 1.427040
v 0.210089 0.950971 1.435097
v 0.210006 0.951390 1.420367
v 0.019862 0.954969 1.596694
v -0.286805 0.957968 1.235693
v -0.089847 0.961567 1.082020
v 0.061365 1.054835 1.262761
v 0.182207 0.990155 1.398758
v -0.025391 0.973925 1.558057
v -0.129956 0.979850 1.434964
v -0.215092 0.917584 1.176872
v -0.166036 0.954370 1.133101
v 0.155875 0.951370 1.481152
v 0.075295 0.950970 1.549603
v -0.044035 1.006265 1.522521
v -0.090831 0.994491 1.467434
v 0.114485 1.001557 1.319038
v 0.133016 0.970340 1.340853
v -0.049012 0.988301 1.126573
v -0.014572 0.991890 1.167115
v 0.021054 0.983649 1.209054
v -0.175431 0.969085 1.381432
v -0.197234 0.996489 1.342180
v -0.252402 0.960074 1.290824
v 0.005338 0.955388 1.594229
v -0.277169 0.944303 1.248081
v -0.079205 0.944303 1.079913
v 0.161680 1.403556 1.567812
v 0.171227 1.391204 1.566314
v 0.156467 1.405504 1.571802
v 0.147712 1.402870 1.573675
v 0.169168 1.396599 1.563891
v 0.166843 1.401302 1.564170
v 0.166252 1.385056 1.570530
v 0.169424 1.386797 1.567208
v 0.153867 1.386330 1.580939
v 0.158979 1.383982 1.577442
v 0.147557 1.397639 1.575961
v 0.151164 1.390452 1.581804
vn 0.6425 -0.0742 0.7627
vn -0.8682 0.0195 0.4959
vn -0.5594 0.0489 -0.8275
vn 0.6816 0.0836 -0.7269
vn -0.0692 -0.9943 -0.0815
vn 0.5208 0.5942 0.6130
vn -0.3260 0.9352 -0.1386
vn 0.7626 -0.0800 0.6419
vn 0.1351 -0.9780 0.1591
vn -0.0000 -1.0000 -0.0000
vn 0.7782 0.0326 -0.6272
vn 0.7575 0.0261 -0.6524
vn -0.7442 0.0639 0.6649
vn -0.6504 0.0585 0.7573
vn 0.2631 -0.2360 0.9355
vn -0.6894 0.0918 0.7185
vn -0.2401 0.9463 -0.2165
vn 0.5495 0.5287 0.6469
vn -0.6295 0.0137 -0.7769
vn -0.6724 0.0162 -0.7400
vn 0.6454 -0.0724 0.7604
vn 0.6459 -0.0726 0.7599
vn -0.3322 0.3515 -0.8753
vn -0.5985 0.2580 -0.7585
vn -0.4980 -0.2257 0.8373
vn 0.9174 0.1201 -0.3793
vn -0.8616 0.0574 0.5043
vn -0.7621 -0.0000 0.6474
vn 0.7531 0.0588 -0.6552
vn 0.7790 0.0246 -0.6265
vn 0.8210 -0.0259 -0.5704
vn -0.8201 0.4382 -0.3681
vn 0.3885 0.8867 0.2506
vn 0.1672 0.9661 0.1968
vn 0.0292 0.9065 -0.4211
vn 0.2165 0.9424 0.2548
vn -0.1331 0.9786 -0.1567
vn -0.2288 0.9355 -0.2694
vn 0.1878 0.9466 0.2620
vn 0.2268 0.9366 0.2670
vn 0.1765 0.9555 0.2363
vn 0.0754 0.9917 0.1037
vn 0.1079 0.9937 -0.0290
vn 0.1207 0.9822 0.1440
vn -0.2959 0.2438 -0.9236
vn -0.6247 0.2627 -0.7354
vn -0.4800 -0.0963 0.8720
vn 0.9381 -0.0963 -0.3327
vn 0.8190 -0.0254 -0.5732
vn -0.8731 0.2856 -0.3951
vn 0.6644 -0.1997 0.7202
vn -0.9381 0.0963 0.3327
vn 0.5361 -0.0591 -0.8421
vn -0.9136 0.2218 0.3409
vn 0.5897 -0.4126 0.6942
vn 0.0951 0.9931 0.0692
vn 0.1671 0.9661 0.1967
vn 0.1589 0.9478 0.2764
vn -0.2296 0.9733 -0.0015
vn -0.1854 0.9826 0.0105
vn 0.2968 0.7016 0.6478
vn 0.3264 0.8636 0.3842
vn 0.0496 0.9810 0.1875
vn 0.0395 0.9000 0.4340
vn 0.2993 0.9321 0.2039
vn 0.2873 0.9554 -0.0689
vn -0.8767 0.3097 0.3681
vn 0.6913 0.2731 -0.6690
vn 0.8061 -0.4264 0.4103
vn 0.4880 -0.4399 0.7539
vn -0.7346 0.1233 0.6672
vn -0.2073 0.6716 -0.7113
vn -0.4325 0.6997 -0.5686
vn -0.4310 -0.1242 0.8938
vn 0.9418 -0.0856 -0.3250
vn 0.3026 -0.2628 0.9162
vn 0.8776 -0.1298 0.4615
vn 0.4639 0.0128 -0.8858
vn 0.0870 0.9909 0.1025
vn -0.6435 0.1092 -0.7576
vn -0.2109 0.9454 -0.2483
vn 0.3491 -0.8422 0.4109
vn 0.4560 -0.7098 0.5368
vn -0.2077 0.9472 -0.2444
vn -0.0531 -0.9966 -0.0625
vn -0.2077 0.9472 -0.2445
vn -0.0673 -0.9946 -0.0792
vn -0.4375 0.7372 -0.5150
vn 0.0626 0.9953 0.0737
vn -0.3182 0.8709 -0.3746
vn -0.2351 0.9465 -0.2209
vn -0.3683 0.8433 -0.3914
vn -0.0989 0.9378 -0.3327
vn 0.8000 0.0815 -0.5945
vn 0.7597 0.0404 -0.6490
vn 0.7650 0.0342 -0.6431
vn -0.2151 0.9471 -0.2381
vn -0.2815 0.9426 -0.1797
vn -0.3420 0.8873 -0.3095
vn -0.7637 0.0171 0.6453
vn -0.8654 0.0280 0.5002
vn -0.6996 0.0552 0.7124
vn 0.7621 -0.0000 -0.6474
vn -0.5047 -0.6264 -0.5941
vn 0.6453 -0.0818 0.7596
vn 0.6452 -0.0818 0.7596
vn -0.2127 0.9445 -0.2504
vn 0.9998 0.0203 -0.0051
vn -0.2187 -0.0957 0.9711
vn -0.5354 -0.5773 0.6165
vn -0.8218 0.4861 0.2971
vn -0.7871 0.0042 0.6168
vn 0.2531 -0.1799 -0.9506
vn 0.5841 -0.5711 -0.5768
vn 0.9211 0.3025 -0.2451
vn -0.5836 -0.6431 0.4958
vn -0.1803 0.3286 0.9271
vn -0.4939 0.6568 0.5698
vn 0.6662 -0.6371 -0.3875
vn 0.5836 -0.6431 -0.4958
vn 0.4441 0.5876 -0.6763
vn 0.6573 0.7017 -0.2747
vn -0.5302 0.5276 0.6637
vn -0.7371 0.3008 0.6052
vn 0.5500 0.7222 -0.4194
vn 0.5161 0.6657 -0.5390
vn -0.8485 0.3491 0.3978
vn -0.7360 0.5793 0.3505
vn -0.6508 0.7548 0.0825
vn 0.1711 0.7133 -0.6797
vn 0.3457 0.7127 -0.6104
vn 0.5879 0.6570 -0.4719
vn -0.0521 0.0893 -0.9946
vn -0.9996 -0.0239 0.0177
vn -0.1674 -0.0030 0.9859
vn 0.9988 0.0448 0.0193
vn -0.7561 -0.0396 0.6533
vn -0.7758 -0.0416 0.6296
vn -0.7497 -0.0391 0.6606
vn 0.8638 -0.0491 -0.5014
vn 0.7770 -0.0592 -0.6267
vn 0.7136 0.0680 -0.6972
vn -0.6606 -0.0390 0.7497
vn -0.6955 -0.3056 0.6503
vn 0.6422 0.1266 0.7560
vn 0.6494 0.1266 0.7498
vn -0.6457 -0.0720 -0.7602
vn -0.6444 -0.0717 -0.7613
vn -0.7711 -0.0287 0.6360
vn -0.7341 -0.1321 -0.6660
vn 0.9196 0.1276 -0.3716
vn 0.5891 -0.0729 -0.8048
vn -0.6495 -0.0670 -0.7574
vn -0.7493 -0.0308 0.6615
vn 0.6397 0.1261 0.7582
vn 0.0506 0.8497 0.5248
vn 0.1462 0.9137 0.3793
vn 0.1766 0.9806 0.0845
vn 0.3082 0.8730 0.3781
vn 0.1009 0.7914 0.6029
vn 0.3374 0.8534 0.3972
vn 0.2813 0.9594 0.0214
vn 0.2779 0.9551 0.1025
vn 0.5485 0.8357 -0.0265
vn 0.4950 0.6081 0.6206
vn -0.8776 -0.3178 0.3589
vn -0.5157 -0.6046 -0.6071
vn 0.5157 0.6046 0.6071
vn -0.5006 -0.6150 -0.6092
vn -0.1120 0.7754 0.6215
vn 0.4797 0.6556 0.5832
vn -0.7694 -0.3140 -0.5563
vn 0.5206 0.6148 0.5924
vn 0.5711 -0.4712 0.6722
vn -0.8495 0.5183 0.0990
vn 0.7990 0.1178 -0.5896
vn 0.8429 -0.4144 -0.3432
vn 0.7913 0.0276 -0.6108
vn -0.5385 0.8402 -0.0635
vn 0.3313 -0.8591 0.3901
vn -0.7812 0.3493 0.5174
vn 0.6237 0.3498 -0.6990
vn 0.5814 -0.8024 0.1345
vn 0.0370 -0.7962 0.6039
vn -0.7598 0.1357 0.6359
vn 0.4768 0.6309 0.6121
vn -0.3211 -0.5444 -0.7749
vn 0.4951 0.6082 0.6205
vn 0.6184 0.2958 0.7280
vn 0.6185 0.2958 0.7280
vn 0.6184 0.2958 0.7281
vn -0.5451 -0.3050 0.7809
vn -0.0628 0.8620 -0.5030
vn -0.0087 0.8448 -0.5350
vn -0.5902 -0.3717 0.7166
vn 0.8558 -0.3164 -0.4093
vn 0.7630 -0.0009 -0.6464
vn -0.7137 0.6951 -0.0862
vn 0.3914 -0.7966 0.4607
vn -0.8945 0.3585 0.2672
vn 0.5471 0.3135 -0.7761
vn 0.6632 -0.7302 0.1640
vn 0.0498 -0.7297 0.6820
vn -0.3588 0.7815 -0.5104
vn -0.0414 0.6801 -0.7320
vn -0.7771 -0.0180 0.6291
vn -0.4822 -0.6522 -0.5849
vn -0.5269 -0.6309 -0.5695
vn 0.5141 0.4943 0.7010
vn -0.5023 -0.6457 -0.5752
vn 0.3977 0.8143 0.4228
vn -0.5065 0.4567 -0.7313
vn 0.1713 0.7697 0.6151
vn 0.0342 -0.5484 -0.8355
vn 0.5001 0.6519 0.5700
vn -0.5323 -0.6082 -0.5889
vn -0.2703 0.6947 0.6666
vn -0.1848 -0.8581 -0.4790
vn 0.6469 -0.0401 0.7615
vn -0.7575 -0.1099 0.6435
vn -0.6469 -0.0401 -0.7615
vn 0.7588 -0.0937 -0.6446
vn -0.7356 -0.1232 0.6661
vn -0.7556 -0.1309 0.6419
vn -0.6470 -0.0378 -0.7616
vn -0.6470 -0.0379 -0.7616
vn -0.7556 -0.1309 0.6418
vn 0.7564 -0.1229 -0.6425
vn 0.7426 -0.1199 -0.6590
vn -0.7583 -0.1000 0.6442
vn -0.7594 -0.0852 0.6451
vn 0.9168 -0.1262 -0.3789
vn -0.9830 -0.1024 -0.1521
vn 0.3800 -0.0687 -0.9224
vn -0.1448 0.0649 0.9873
vn -0.4836 0.0334 0.8746
vn -0.0931 0.1467 -0.9848
vn -0.9501 0.0842 0.3003
vn 0.9999 -0.0108 -0.0094
vn -0.6694 0.0325 0.7422
vn -0.9501 0.0205 0.3112
vn -0.7624 0.0285 0.6465
vn 0.7484 -0.0300 -0.6626
vn 0.7558 -0.0359 -0.6538
vn 0.8926 0.0255 -0.4501
vn 0.3637 0.0700 -0.9289
vn 0.7597 -0.0288 -0.6497
vn -0.6848 0.0625 0.7260
vn -0.9965 0.0548 0.0628
vn 0.6467 -0.0471 0.7613
vn 0.6481 -0.0470 0.7601
vn -0.6466 0.0510 -0.7611
vn -0.6473 0.0510 -0.7605
vn -0.8039 0.0216 0.5943
vn -0.7672 0.0298 0.6407
vn 0.8522 0.0487 -0.5209
vn 0.7777 -0.0302 -0.6279
vn 0.3012 0.0490 -0.9523
vn -0.6479 0.0285 -0.7612
vn -0.7672 0.0913 0.6348
vn 0.6474 -0.0471 0.7607
vn 0.0318 0.8569 -0.5146
vn -0.2631 0.9137 -0.3098
vn -0.4306 -0.4470 0.7841
vn -0.6818 -0.0342 0.7307
vn 0.0561 -0.7681 0.6379
vn 0.6062 -0.7766 0.1717
vn 0.6400 0.3567 -0.6806
vn -0.7824 0.2688 0.5618
vn 0.4264 -0.8290 0.3619
vn -0.3298 0.9052 -0.2681
vn 0.8031 0.0394 -0.5945
vn 0.8685 -0.2717 -0.4146
vn 0.6457 -0.0724 0.7601
vn -0.7942 0.0564 0.6051
vn -0.5402 0.0403 -0.8406
vn 0.7945 0.0325 -0.6064
vn -0.1463 0.9798 -0.1362
vn 0.8122 0.1223 0.5704
vn 0.8165 0.0794 -0.5719
vn 0.7672 0.0317 -0.6406
vn -0.7078 0.0441 0.7050
vn 0.2745 -0.3533 0.8943
vn -0.8154 -0.0827 0.5730
vn -0.2458 0.9251 -0.2894
vn -0.6463 0.0286 -0.7626
vn -0.6472 0.0286 -0.7618
vn 0.6457 -0.0726 0.7601
vn -0.2966 0.2396 -0.9245
vn -0.4496 0.5149 -0.7299
vn -0.4294 -0.1083 0.8966
vn 0.9384 -0.0946 -0.3323
vn 0.7559 0.0559 -0.6523
vn 0.6426 0.0663 -0.7634
vn 0.8162 -0.0068 -0.5778
vn -0.7934 0.5506 -0.2595
vn -0.1461 0.9837 0.1049
vn 0.2085 0.9554 0.2091
vn -0.1166 0.9905 -0.0735
vn 0.2276 0.9420 0.2465
vn -0.4041 0.9110 -0.0826
vn -0.2040 0.9409 -0.2702
vn 0.2079 0.9470 0.2448
vn 0.0364 0.9973 -0.0639
vn 0.1025 0.9878 0.1169
vn 0.1319 0.9801 0.1484
vn -0.5864 0.3078 -0.7493
vn -0.4844 -0.1002 0.8691
vn 0.7322 -0.1318 -0.6682
vn -0.8636 0.2438 -0.4413
vn 0.6411 -0.1397 0.7547
vn 0.4363 0.2740 -0.8571
vn -0.9031 0.2373 0.3580
vn 0.7264 -0.0806 0.6826
vn -0.1751 0.9373 0.3014
vn 0.3848 0.8714 0.3043
vn -0.1786 0.9839 -0.0013
vn 0.1421 0.9671 0.2109
vn 0.3887 0.8979 0.2066
vn 0.3986 0.7058 0.5856
vn 0.0297 0.9035 0.4276
vn 0.2980 0.9525 -0.0623
vn -0.7646 0.1619 0.6238
vn 0.5110 0.3840 -0.7691
vn 0.8147 -0.4244 0.3950
vn 0.2745 -0.4264 0.8619
vn -0.6900 0.0876 0.7185
vn -0.2959 0.6920 -0.6584
vn -0.3610 0.6802 -0.6380
vn -0.4974 -0.0644 0.8651
vn 0.9403 -0.0834 -0.3300
vn 0.2955 -0.2458 0.9232
vn 0.8211 -0.2511 0.5126
vn 0.4413 0.1071 -0.8909
vn -0.6436 0.1092 -0.7576
vn -0.2349 0.9479 -0.2149
vn -0.1070 0.9926 -0.0573
vn 0.7374 0.0389 -0.6744
vn 0.7537 0.0359 -0.6562
vn 0.7624 0.0360 -0.6461
vn -0.3346 0.9046 -0.2642
vn -0.1300 0.9819 -0.1375
vn -0.7031 0.0526 0.7091
vn -0.8109 -0.0136 0.5850
vn 0.9529 0.0816 -0.2920
vn -0.0409 -0.1106 0.9930
vn -0.4710 -0.6346 0.6127
vn -0.8022 0.5947 -0.0523
vn -0.9873 0.1350 0.0834
vn 0.4820 -0.1188 -0.8681
vn 0.5058 -0.6389 -0.5797
vn 0.9339 0.3549 -0.0438
vn -0.4558 0.2611 0.8509
vn -0.7397 0.3062 0.5992
vn 0.8429 -0.2149 -0.4932
vn 0.4570 0.4811 -0.7481
vn 0.6911 0.6213 -0.3693
vn -0.4004 0.7458 0.5324
vn -0.5684 0.5142 0.6422
vn 0.6368 0.4593 -0.6193
vn 0.4216 0.7509 -0.5083
vn -0.7533 0.5916 0.2873
vn -0.7458 0.4238 0.5141
vn -0.6645 0.6078 0.4348
vn -0.4791 -0.8284 0.2901
vn 0.2387 0.5069 -0.8283
vn 0.2853 0.7392 -0.6101
vn 0.3517 0.7567 -0.5511
vn 0.4238 0.0239 -0.9054
vn -0.9710 -0.0558 0.2325
vn -0.1682 -0.0028 0.9857
vn 0.9989 0.0448 0.0098
vn -0.6835 0.0628 0.7272
vn -0.8442 0.1147 0.5236
vn -0.7606 -0.0427 0.6478
vn 0.8996 0.0114 -0.4366
vn 0.3125 0.0392 -0.9491
vn -0.6620 -0.0410 0.7484
vn -0.9581 0.1224 0.2591
vn 0.6393 0.1180 0.7598
vn -0.6448 -0.0720 -0.7610
vn -0.6857 -0.0353 0.7270
vn -0.6842 -0.2657 0.6791
vn 0.8826 -0.0545 -0.4669
vn 0.3521 0.1212 -0.9281
vn -0.6438 -0.0719 -0.7618
vn -0.7579 -0.0396 0.6512
vn 0.6402 0.1266 0.7577
vn 0.1278 0.9888 0.0768
vn 0.4028 0.8602 0.3128
vn 0.3900 0.8682 0.3068
vn 0.2996 0.8865 0.3527
vn 0.4031 0.9139 0.0485
vn 0.3428 0.7839 0.5176
vn 0.3119 0.8978 0.3108
vn 0.5118 0.8539 -0.0942
vn 0.0128 0.9972 -0.0741
vn 0.5005 0.6148 0.6095
vn -0.5625 -0.3435 -0.7520
vn -0.4950 -0.6082 -0.6205
vn 0.5323 0.6082 0.5889
vn 0.5023 0.6457 0.5751
vn -0.5655 -0.6142 -0.5504
vn 0.6531 0.5281 0.5427
vn -0.6338 0.6266 -0.4536
vn 0.8925 0.0273 -0.4503
vn 0.8535 -0.3085 -0.4200
vn 0.7949 0.0162 -0.6065
vn -0.3300 0.9043 -0.2707
vn 0.4163 -0.8566 0.3049
vn -0.7805 0.2697 0.5640
vn 0.6271 0.3446 -0.6986
vn 0.5864 -0.7997 0.1290
vn 0.0433 -0.7990 0.5997
vn -0.7192 0.0198 0.6945
vn 0.4822 0.6522 0.5849
vn -0.8915 0.4471 -0.0726
vn 0.5006 0.6150 0.6092
vn 0.6184 0.2959 0.7280
vn 0.6184 0.2957 0.7281
vn 0.6185 0.2959 0.7279
vn -0.4361 -0.4497 0.7795
vn -0.2781 0.9031 -0.3273
vn 0.0162 0.8348 -0.5503
vn -0.3761 -0.4763 0.7948
vn 0.8544 -0.3135 -0.4145
vn 0.7613 0.0009 -0.6484
vn -0.8225 0.5688 -0.0068
vn -0.8524 0.2389 0.4652
vn 0.6575 0.2402 -0.7141
vn 0.6649 -0.7297 0.1594
vn 0.0546 -0.7302 0.6810
vn -0.3914 0.7966 -0.4607
vn -0.0698 0.7047 -0.7061
vn -0.8399 0.0610 0.5393
vn -0.4768 -0.6309 -0.6121
vn -0.2244 -0.8064 -0.5472
vn -0.4797 -0.6556 -0.5832
vn -0.0569 0.5856 0.8086
vn -0.4898 -0.2390 -0.8384
vn 0.1561 0.1327 0.9788
vn 0.1212 -0.5447 -0.8298
vn 0.5279 0.6304 0.5692
vn -0.5202 -0.6150 -0.5925
vn 0.5051 0.4925 0.7087
vn 0.0165 -0.5344 -0.8450
vn 0.6477 -0.0408 0.7608
vn -0.7239 -0.0859 0.6845
vn -0.6490 -0.0380 -0.7599
vn 0.5607 -0.1107 -0.8206
vn 0.9718 0.0458 -0.2314
vn -0.9610 0.0944 0.2601
vn -0.7925 -0.1106 0.5997
vn -0.6462 -0.0385 -0.7622
vn 0.6444 -0.0422 0.7635
vn -0.6783 -0.0049 0.7347
vn 0.6683 0.0197 -0.7436
vn 0.7870 -0.1086 -0.6073
vn 0.8605 -0.0290 -0.5087
vn -0.7334 -0.0851 0.6745
vn -0.7853 -0.0743 0.6146
vn -0.7489 -0.0782 0.6580
vn 0.9715 -0.2047 -0.1192
vn -0.9949 -0.0874 0.0496
vn 0.1864 -0.0389 -0.9817
vn -0.1314 0.0647 0.9892
vn -0.1651 0.0653 0.9841
vn 0.0262 0.1370 -0.9902
vn -0.7695 0.0354 0.6376
vn 0.9999 -0.0114 -0.0060
vn -0.6859 0.0130 0.7276
vn -0.8812 -0.0248 0.4722
vn -0.7645 0.0271 0.6440
vn 0.7581 -0.0359 -0.6511
vn 0.7633 -0.0401 -0.6448
vn 0.8531 -0.0332 -0.5207
vn 0.7415 -0.0283 -0.6704
vn 0.7290 0.0038 -0.6845
vn -0.8932 -0.0216 0.4490
vn 0.6468 -0.0470 0.7612
vn 0.6465 -0.0481 0.7614
vn -0.6770 0.0276 -0.7355
vn -0.6250 0.0265 -0.7802
vn -0.6500 0.0563 0.7578
vn -0.7528 0.0348 0.6573
vn 0.7670 -0.0313 -0.6409
vn 0.8121 -0.0199 -0.5831
vn 0.5826 -0.0349 -0.8120
vn -0.5605 0.0952 -0.8226
vn -0.8702 0.0343 0.4916
vn 0.6449 -0.0454 0.7630
vn 0.0192 0.8622 -0.5062
vn -0.0556 0.8666 -0.4959
vn -0.5603 -0.2674 0.7840
vn -0.7591 0.1365 0.6365
vn 0.0746 -0.7740 0.6288
vn 0.5434 -0.8006 0.2525
vn 0.6241 0.3776 -0.6841
vn -0.7832 0.3462 0.5165
vn 0.4488 -0.8247 0.3441
vn -0.5337 0.8427 -0.0713
vn 0.7981 0.0513 -0.6004
vn 0.8541 -0.4134 -0.3156
vt 0.678355 0.064688
vt 0.673384 0.077170
vt 0.673384 0.064688
vt 0.669260 0.065078
vt 0.665481 0.076253
vt 0.665481 0.064163
vt 0.679782 0.065838
vt 0.673257 0.078357
vt 0.673257 0.065838
vt 0.668611 0.067152
vt 0.665085 0.076551
vt 0.665085 0.064372
vt 0.687154 0.037434
vt 0.692124 0.041888
vt 0.687154 0.041888
vt 0.686170 0.081190
vt 0.691141 0.077170
vt 0.691141 0.081190
vt 0.686527 0.057625
vt 0.693721 0.062059
vt 0.686527 0.062059
vt 0.563741 0.456559
vt 0.565058 0.459154
vt 0.563573 0.459154
vt 0.687154 0.074441
vt 0.692124 0.069955
vt 0.692124 0.074441
vt 0.687154 0.055247
vt 0.692124 0.061629
vt 0.687154 0.061629
vt 0.687605 0.080581
vt 0.683305 0.068222
vt 0.687690 0.067190
vt 0.673570 0.081861
vt 0.673741 0.068086
vt 0.700784 0.076551
vt 0.697257 0.067152
vt 0.700784 0.064372
vt 0.689397 0.068583
vt 0.682617 0.082055
vt 0.682564 0.068221
vt 0.674368 0.061629
vt 0.679338 0.055247
vt 0.679338 0.061629
vt 0.674368 0.074441
vt 0.679338 0.069955
vt 0.679338 0.074441
vt 0.687154 0.069955
vt 0.563741 0.464441
vt 0.565058 0.461846
vt 0.565226 0.464441
vt 0.553221 0.453616
vt 0.554726 0.455947
vt 0.553221 0.455947
vt 0.675964 0.062059
vt 0.683158 0.057625
vt 0.683158 0.062059
vt 0.695045 0.042404
vt 0.698414 0.047269
vt 0.695045 0.047269
vt 0.673384 0.081190
vt 0.678355 0.077170
vt 0.678355 0.081190
vt 0.686170 0.077170
vt 0.674368 0.041888
vt 0.679338 0.037434
vt 0.679338 0.041888
vt 0.691013 0.065838
vt 0.683820 0.078357
vt 0.684488 0.065838
vt 0.686170 0.064688
vt 0.691141 0.064688
vt 0.563751 0.470315
vt 0.565020 0.472910
vt 0.563545 0.472910
vt 0.565226 0.467622
vt 0.565226 0.470315
vt 0.553221 0.450923
vt 0.554726 0.453616
vt 0.554742 0.445311
vt 0.553238 0.442618
vt 0.554742 0.442618
vt 0.687154 0.064524
vt 0.679338 0.064524
vt 0.674368 0.064524
vt 0.674368 0.069955
vt 0.697295 0.080526
vt 0.692128 0.068086
vt 0.689641 0.082571
vt 0.676228 0.082571
vt 0.676471 0.068583
vt 0.692124 0.064524
vt 0.554742 0.447642
vt 0.553238 0.445311
vt 0.563545 0.465028
vt 0.563751 0.467622
vt 0.680902 0.052689
vt 0.675964 0.050351
vt 0.679840 0.050076
vt 0.688784 0.045201
vt 0.693721 0.047539
vt 0.689845 0.047814
vt 0.688784 0.052689
vt 0.686189 0.053699
vt 0.688750 0.042263
vt 0.693721 0.042263
vt 0.675964 0.057625
vt 0.683496 0.053699
vt 0.680902 0.045201
vt 0.680935 0.042263
vt 0.683496 0.044191
vt 0.686189 0.044191
vt 0.675964 0.047539
vt 0.675964 0.042263
vt 0.679840 0.047814
vt 0.693721 0.050351
vt 0.693721 0.057625
vt 0.689845 0.050076
vt 0.559392 0.438926
vt 0.561272 0.440884
vt 0.559392 0.440893
vt 0.555313 0.457323
vt 0.557315 0.455284
vt 0.557154 0.457323
vt 0.555475 0.455284
vt 0.557315 0.452962
vt 0.559392 0.436787
vt 0.561272 0.438917
vt 0.557209 0.437103
vt 0.555329 0.439233
vt 0.555329 0.437094
vt 0.557209 0.439242
vt 0.555329 0.441200
vt 0.555313 0.450923
vt 0.555475 0.452962
vt 0.555329 0.448297
vt 0.557183 0.445974
vt 0.557183 0.448297
vt 0.561272 0.443023
vt 0.559392 0.443032
vt 0.554742 0.450336
vt 0.553238 0.447642
vt 0.554726 0.458640
vt 0.553221 0.458640
vt 0.563573 0.461846
vt 0.544597 0.452532
vt 0.547387 0.452429
vt 0.544774 0.453491
vt 0.540613 0.445288
vt 0.542512 0.443486
vt 0.542689 0.444445
vt 0.546672 0.445288
vt 0.548397 0.447142
vt 0.547466 0.447327
vt 0.538889 0.447142
vt 0.539899 0.444547
vt 0.546672 0.451689
vt 0.548397 0.449835
vt 0.547466 0.449650
vt 0.540613 0.451688
vt 0.538889 0.449835
vt 0.539819 0.449650
vt 0.539819 0.447327
vt 0.542512 0.453491
vt 0.539899 0.452429
vt 0.542688 0.452532
vt 0.544774 0.443486
vt 0.547387 0.444548
vt 0.544597 0.444445
vt 0.568301 0.452064
vt 0.569577 0.451546
vt 0.568301 0.446831
vt 0.569516 0.447325
vt 0.565171 0.448562
vt 0.565643 0.447349
vt 0.565171 0.450333
vt 0.565643 0.451546
vt 0.566919 0.452064
vt 0.570049 0.448562
vt 0.569577 0.447349
vt 0.570049 0.450333
vt 0.566919 0.446831
vt 0.555462 0.450336
vt 0.557315 0.450336
vt 0.555462 0.443935
vt 0.555329 0.445974
vt 0.557209 0.443348
vt 0.557209 0.441209
vt 0.684883 0.049099
vt 0.688252 0.046071
vt 0.688252 0.049099
vt 0.680450 0.085911
vt 0.680450 0.078357
vt 0.688252 0.062990
vt 0.686568 0.060361
vt 0.688252 0.060361
vt 0.684296 0.072432
vt 0.682611 0.069874
vt 0.684296 0.069874
vt 0.684296 0.062181
vt 0.682611 0.065418
vt 0.682611 0.062181
vt 0.684883 0.071858
vt 0.686568 0.067424
vt 0.686568 0.071858
vt 0.682611 0.074462
vt 0.682611 0.072432
vt 0.680927 0.065418
vt 0.684883 0.062990
vt 0.684883 0.067424
vt 0.680927 0.069874
vt 0.684883 0.059774
vt 0.688252 0.056174
vt 0.688252 0.059774
vt 0.684883 0.056174
vt 0.688252 0.051740
vt 0.684883 0.051740
vt 0.687154 0.050794
vt 0.679338 0.050794
vt 0.687154 0.046341
vt 0.679338 0.046341
vt 0.674368 0.055247
vt 0.674368 0.046341
vt 0.674368 0.050794
vt 0.675964 0.075361
vt 0.683158 0.070927
vt 0.683158 0.075361
vt 0.675964 0.066493
vt 0.675964 0.070927
vt 0.683158 0.066493
vt 0.700387 0.076253
vt 0.696608 0.065078
vt 0.700387 0.064163
vt 0.696524 0.077561
vt 0.692149 0.066134
vt 0.686527 0.070927
vt 0.693721 0.075361
vt 0.686527 0.075361
vt 0.686527 0.066493
vt 0.693721 0.070927
vt 0.693721 0.066493
vt 0.692124 0.050794
vt 0.692124 0.055247
vt 0.692124 0.046341
vt 0.678263 0.080581
vt 0.678179 0.067190
vt 0.673720 0.066134
vt 0.669345 0.077561
vt 0.674499 0.058464
vt 0.675377 0.061237
vt 0.674476 0.061237
vt 0.693672 0.058464
vt 0.692794 0.061237
vt 0.692794 0.056529
vt 0.669460 0.063914
vt 0.668522 0.059723
vt 0.670074 0.060379
vt 0.698712 0.063914
vt 0.699650 0.059723
vt 0.700358 0.063799
vt 0.693710 0.073449
vt 0.698769 0.073959
vt 0.692794 0.075361
vt 0.674461 0.073449
vt 0.669402 0.073959
vt 0.670779 0.072939
vt 0.675377 0.056529
vt 0.698097 0.060379
vt 0.675377 0.070653
vt 0.675377 0.075361
vt 0.674476 0.065945
vt 0.674476 0.070653
vt 0.675377 0.065945
vt 0.692794 0.070653
vt 0.693695 0.070653
vt 0.693695 0.065945
vt 0.692794 0.065945
vt 0.693695 0.061237
vt 0.668045 0.071228
vt 0.669691 0.071137
vt 0.667813 0.068507
vt 0.669460 0.068544
vt 0.667813 0.063799
vt 0.697392 0.072939
vt 0.700127 0.071228
vt 0.698480 0.071137
vt 0.700358 0.068507
vt 0.698712 0.068544
vt 0.672163 0.045351
vt 0.675377 0.043666
vt 0.675377 0.045351
vt 0.684296 0.065418
vt 0.686568 0.062990
vt 0.675377 0.041982
vt 0.672163 0.043666
vt 0.672163 0.041982
vt 0.688252 0.067424
vt 0.691089 0.042448
vt 0.692773 0.047269
vt 0.691089 0.047269
vt 0.680927 0.074462
vt 0.694458 0.047269
vt 0.692773 0.042448
vt 0.694458 0.042448
vt 0.686568 0.074462
vt 0.684883 0.074462
vt 0.680927 0.072432
vt 0.684883 0.060361
vt 0.688252 0.071858
vt 0.664208 0.076882
vt 0.664208 0.064339
vt 0.700784 0.036025
vt 0.701661 0.043474
vt 0.700784 0.044110
vt 0.697168 0.035148
vt 0.701661 0.035148
vt 0.669063 0.078392
vt 0.664604 0.076882
vt 0.664604 0.064339
vt 0.700387 0.036025
vt 0.701264 0.043474
vt 0.700387 0.044050
vt 0.696805 0.035148
vt 0.701264 0.035148
vt 0.668090 0.081305
vt 0.682441 0.036025
vt 0.677982 0.035148
vt 0.682441 0.035148
vt 0.691730 0.036025
vt 0.697168 0.036025
vt 0.697779 0.081305
vt 0.682441 0.082922
vt 0.668700 0.036025
vt 0.664208 0.035148
vt 0.668700 0.035148
vt 0.677038 0.036025
vt 0.683427 0.035148
vt 0.683427 0.036025
vt 0.683252 0.082055
vt 0.687887 0.081412
vt 0.683427 0.082922
vt 0.668573 0.080526
vt 0.673343 0.082709
vt 0.688831 0.035148
vt 0.688831 0.036025
vt 0.691730 0.035148
vt 0.692299 0.081861
vt 0.692525 0.082709
vt 0.689724 0.083457
vt 0.674138 0.035148
vt 0.674138 0.036025
vt 0.677038 0.035148
vt 0.676144 0.083457
vt 0.677982 0.081412
vt 0.673804 0.079071
vt 0.673523 0.079902
vt 0.687887 0.035148
vt 0.687887 0.036025
vt 0.692346 0.035148
vt 0.692346 0.036025
vt 0.696805 0.036025
vt 0.665481 0.036025
vt 0.669063 0.035148
vt 0.669063 0.036025
vt 0.673523 0.035148
vt 0.673523 0.036025
vt 0.677982 0.036025
vt 0.701264 0.076882
vt 0.696805 0.078392
vt 0.692346 0.079902
vt 0.692065 0.079071
vt 0.701264 0.051800
vt 0.701264 0.064339
vt 0.665481 0.052076
vt 0.664604 0.043474
vt 0.665481 0.044050
vt 0.700784 0.052196
vt 0.701661 0.064339
vt 0.665085 0.044110
vt 0.664208 0.051800
vt 0.664208 0.043474
vt 0.673579 0.044613
vt 0.669176 0.052598
vt 0.669120 0.044311
vt 0.678094 0.053803
vt 0.678038 0.044914
vt 0.682476 0.045208
vt 0.692234 0.053201
vt 0.687831 0.044914
vt 0.692290 0.044613
vt 0.696749 0.044311
vt 0.700387 0.052076
vt 0.676876 0.045311
vt 0.673912 0.054314
vt 0.674025 0.045169
vt 0.683392 0.045208
vt 0.676714 0.054598
vt 0.691844 0.045169
vt 0.689154 0.054598
vt 0.688993 0.045311
vt 0.697219 0.053782
vt 0.697194 0.044903
vt 0.686170 0.052210
vt 0.678355 0.043924
vt 0.686170 0.043924
vt 0.691141 0.043924
vt 0.685156 0.053323
vt 0.678671 0.045013
vt 0.685599 0.045013
vt 0.691013 0.053323
vt 0.691013 0.045013
vt 0.682511 0.054392
vt 0.668675 0.044903
vt 0.687774 0.053803
vt 0.665085 0.052195
vt 0.673257 0.053323
vt 0.673257 0.045013
vt 0.673384 0.052210
vt 0.673384 0.043924
vt 0.568564 0.453491
vt 0.566656 0.445405
vt 0.571433 0.448286
vt 0.563787 0.448286
vt 0.564581 0.446248
vt 0.570640 0.452648
vt 0.571433 0.450609
vt 0.563787 0.450609
vt 0.566656 0.453491
vt 0.564581 0.452648
vt 0.570640 0.446248
vt 0.568564 0.445404
vt 0.566919 0.446831
vt 0.565643 0.447349
vt 0.568301 0.446831
vt 0.570049 0.450333
vt 0.565171 0.450333
vt 0.569577 0.451546
vt 0.569577 0.447349
vt 0.565171 0.448562
vt 0.565643 0.451546
vt 0.566919 0.452064
vt 0.568301 0.452064
vt 0.566479 0.448101
vt 0.566479 0.450794
vt 0.568741 0.450794
vt 0.568741 0.448101
vt 0.570049 0.448562
vt 0.673384 0.035638
vt 0.678355 0.035638
vt 0.678227 0.036703
vt 0.673257 0.036703
vt 0.665085 0.036025
vt 0.691013 0.036703
vt 0.686043 0.036703
vt 0.691141 0.035638
vt 0.686170 0.035638
vt 0.664604 0.035148
vt 0.701661 0.051800
vt 0.701661 0.076882
vt 0.664604 0.051800
vt 0.673635 0.053201
vt 0.696693 0.052598
vt 0.683357 0.054392
vt 0.691957 0.054314
vt 0.678355 0.052210
vt 0.691141 0.052210
vt 0.679114 0.053323
vt 0.668650 0.053782
vt 0.692124 0.037434
vt 0.565226 0.456559
vt 0.698414 0.042404
vt 0.674368 0.037434
vt 0.691013 0.078357
vt 0.554726 0.450923
vt 0.565020 0.465028
vt 0.561272 0.436778
vt 0.557154 0.450923
vt 0.553238 0.450336
vt 0.557315 0.443935
vt 0.555329 0.443339
vt 0.684883 0.046071
vt 0.683820 0.085911
vt 0.684296 0.074462
vt 0.680927 0.062181
vt 0.688252 0.074462
s 0
usemtl Material
f 4729/6938/5257 4559/6939/5257 4719/6940/5257
f 4739/6941/5258 4404/6942/5258 4741/6943/5258
f 4727/6944/5259 4565/6945/5259 4721/6946/5259
f 4723/6947/5260 4398/6948/5260 4718/6949/5260
f 4417/6950/5261 4567/6951/5261 4518/6952/5261
f 4447/6953/5262 4558/6954/5262 4568/6955/5262
f 4535/6956/5263 4578/6957/5263 4541/6958/5263
f 4412/6959/5264 4475/6960/5264 4424/6961/5264
f 4414/6962/5265 4575/6963/5265 4557/6964/5265
f 4428/6965/5266 4576/6966/5266 4439/6967/5266
f 4508/6968/5267 4722/6969/5267 4736/6970/5267
f 4443/6971/5268 4723/6947/5268 4733/6972/5268
f 4400/6973/5269 4724/6974/5269 4740/6975/5269
f 4731/6976/5270 4442/6977/5270 4725/6978/5270
f 4581/6979/5266 4427/6980/5266 4437/6981/5266
f 4437/6981/5266 4428/6965/5266 4439/6967/5266
f 4560/6982/5265 4425/6983/5265 4413/6984/5265
f 4413/6984/5265 4426/6985/5265 4414/6962/5265
f 4407/6986/5271 4478/6987/5271 4477/6988/5271
f 4431/6989/5272 4469/6990/5272 4432/6991/5272
f 4585/6992/5273 4538/6993/5273 4539/6994/5273
f 4538/6995/5274 4536/6996/5274 4537/6997/5274
f 4572/6998/5262 4416/6999/5262 4450/7000/5262
f 4450/7000/5262 4415/7001/5262 4447/6953/5262
f 4589/7002/5261 4418/7003/5261 4515/7004/5261
f 4515/7004/5261 4417/6950/5261 4518/6952/5261
f 4720/7005/5275 4528/7006/5275 4726/7007/5275
f 4528/7006/5276 4727/6944/5276 4726/7007/5276
f 4558/6954/5277 4728/7008/5277 4717/7009/5277
f 4415/7001/5278 4729/6938/5278 4728/7008/5278
f 4422/7010/5279 4474/7011/5279 4411/7012/5279
f 4422/7010/5280 4476/7013/5280 4473/7014/5280
f 4407/7015/5281 4479/7016/5281 4431/6989/5281
f 4436/7017/5282 4472/7018/5282 4412/7019/5282
f 4425/6983/5266 4440/7020/5266 4426/6985/5266
f 4437/6981/5266 4440/7020/5266 4438/7021/5266
f 4571/7022/5266 4425/6983/5266 4561/7023/5266
f 4581/6979/5266 4438/7021/5266 4571/7022/5266
f 4449/7024/5283 4730/7025/5283 4724/6974/5283
f 4730/7025/5284 4441/7026/5284 4731/6976/5284
f 4722/6969/5285 4452/7027/5285 4732/7028/5285
f 4732/7028/5286 4443/6971/5286 4733/6972/5286
f 4440/7020/5266 4575/6963/5266 4426/6985/5266
f 4440/7020/5266 4576/6966/5266 4583/7029/5266
f 4435/7030/5287 4471/7031/5287 4436/7017/5287
f 4408/7032/5288 4476/7013/5288 4421/7033/5288
f 4408/7034/5289 4573/7035/5289 4432/7036/5289
f 4412/7037/5290 4580/7038/5290 4436/7039/5290
f 4411/7040/5291 4535/6956/5291 4422/7041/5291
f 4412/7037/5292 4447/7042/5292 4568/7043/5292
f 4408/7034/5293 4538/6993/5293 4574/7044/5293
f 4421/7045/5294 4535/6956/5294 4538/6993/5294
f 4407/7046/5295 4450/7047/5295 4423/7048/5295
f 4424/7049/5296 4450/7047/5296 4447/7042/5296
f 4407/7046/5297 4582/7050/5297 4572/7051/5297
f 4431/7052/5298 4573/7035/5298 4582/7050/5298
f 4411/7040/5299 4584/7053/5299 4579/7054/5299
f 4436/7039/5300 4584/7053/5300 4435/7055/5300
f 4462/7056/5284 4619/7057/5284 4461/7058/5284
f 4467/7059/5301 4623/7060/5301 4624/7061/5301
f 4456/7062/5302 4626/7063/5302 4623/7060/5302
f 4468/7064/5303 4629/7065/5303 4462/7056/5303
f 4466/7066/5304 4621/7067/5304 4622/7068/5304
f 4464/7069/5305 4630/7070/5305 4621/7067/5305
f 4465/7071/5306 4626/7063/5306 4454/7072/5306
f 4457/7073/5307 4625/7074/5307 4628/7075/5307
f 4461/7058/5308 4620/7076/5308 4465/7077/5308
f 4411/7078/5309 4480/7079/5309 4435/7030/5309
f 4432/6991/5310 4470/7080/5310 4408/7081/5310
f 4424/6961/5311 4478/6987/5311 4423/7082/5311
f 4461/7083/5312 4470/7084/5312 4469/7085/5312
f 4466/7086/5313 4471/7087/5313 4464/7088/5313
f 4467/7089/5313 4473/7090/5313 4456/7091/5313
f 4466/7086/5314 4475/7092/5314 4472/7093/5314
f 4465/7094/5315 4476/7095/5315 4470/7084/5315
f 4454/7096/5316 4473/7090/5316 4476/7095/5316
f 4468/7097/5317 4478/7098/5317 4457/7099/5317
f 4457/7099/5318 4475/7092/5318 4459/7100/5318
f 4468/7097/5319 4479/7101/5319 4477/7102/5319
f 4462/7103/5320 4469/7085/5320 4479/7101/5320
f 4467/7089/5321 4480/7104/5321 4474/7105/5321
f 4463/7106/5322 4471/7087/5322 4480/7104/5322
f 4489/7107/5323 4643/7108/5323 4493/7108/5323
f 4491/7109/5324 4645/7110/5324 4641/7109/5324
f 4487/7111/5325 4644/7112/5325 4637/7111/5325
f 4485/7113/5326 4646/7114/5326 4496/7114/5326
f 4490/7115/5327 4639/7107/5327 4489/7107/5327
f 4484/7116/5328 4645/7110/5328 4495/7117/5328
f 4482/7118/5329 4634/7116/5329 4484/7116/5329
f 4490/7115/5330 4646/7114/5330 4640/7115/5330
f 4494/7112/5331 4642/7119/5331 4644/7112/5331
f 4468/7120/5332 4628/7075/5332 4627/7121/5332
f 4466/7122/5333 4625/7074/5333 4459/7123/5333
f 4467/7124/5334 4630/7070/5334 4463/7125/5334
f 4543/7126/5335 4536/7127/5335 4545/7128/5335
f 4528/7006/5336 4534/7129/5336 4530/7130/5336
f 4512/7131/5337 4555/7132/5337 4445/7133/5337
f 4524/7134/5338 4550/7135/5338 4525/7136/5338
f 4458/7137/5339 4548/7138/5339 4554/7139/5339
f 4511/7140/5340 4549/7141/5340 4547/7142/5340
f 4524/7134/5341 4556/7143/5341 4552/7144/5341
f 4523/7145/5339 4554/7139/5339 4548/7138/5339
f 4509/7146/5342 4549/7141/5342 4510/7147/5342
f 4522/7148/5343 4548/7138/5343 4550/7135/5343
f 4532/7149/5344 4533/7150/5344 4534/7151/5344
f 4531/7152/5345 4546/7153/5345 4533/7150/5345
f 4544/7154/5346 4545/7128/5346 4546/7153/5346
f 4427/6980/5266 4520/7155/5266 4428/6965/5266
f 4517/7156/5266 4519/7157/5266 4520/7155/5266
f 4516/7158/5266 4518/6952/5266 4519/7157/5266
f 4570/7159/5266 4517/7156/5266 4427/6980/5266
f 4590/7160/5266 4517/7156/5266 4569/7161/5266
f 4590/7160/5266 4515/7004/5266 4516/7158/5266
f 4563/7162/5347 4527/7163/5347 4528/7164/5347
f 4586/7165/5348 4527/7163/5348 4562/7166/5348
f 4586/7165/5349 4539/6994/5349 4540/7167/5349
f 4402/7168/5350 4734/7169/5350 4742/7170/5350
f 4506/7171/5351 4735/7172/5351 4734/7169/5351
f 4735/7172/5352 4508/6968/5352 4736/6970/5352
f 4529/7173/5353 4565/7174/5353 4530/7175/5353
f 4542/7176/5354 4591/7177/5354 4529/7173/5354
f 4542/7176/5355 4578/6957/5355 4592/7178/5355
f 4428/6965/5266 4587/7179/5266 4577/7180/5266
f 4519/7157/5266 4587/7179/5266 4520/7155/5266
f 4519/7157/5266 4567/6951/5266 4588/7181/5266
f 4725/6978/5356 4497/7182/5356 4737/7183/5356
f 4497/7182/5357 4738/7184/5357 4737/7183/5357
f 4738/7184/5358 4499/7185/5358 4739/6941/5358
f 4419/7186/5284 4527/7187/5284 4511/7188/5284
f 4420/7189/5359 4529/7190/5359 4530/7191/5359
f 4523/7192/5284 4532/7193/5284 4460/7194/5284
f 4526/7195/5359 4534/7196/5359 4533/7197/5359
f 4445/7198/5359 4536/7199/5359 4535/7200/5359
f 4448/7201/5284 4537/7202/5284 4455/7203/5284
f 4419/7186/5284 4532/7193/5284 4528/7204/5284
f 4420/7189/5359 4534/7196/5359 4458/7205/5359
f 4448/7201/5284 4539/7206/5284 4538/7207/5284
f 4510/7208/5284 4539/7206/5284 4509/7209/5284
f 4511/7188/5284 4540/7210/5284 4510/7208/5284
f 4445/7198/5359 4541/7211/5359 4512/7212/5359
f 4513/7213/5359 4541/7211/5359 4542/7214/5359
f 4513/7213/5359 4529/7190/5359 4514/7215/5359
f 4455/7203/5284 4543/7216/5284 4521/7217/5284
f 4521/7217/5284 4544/7218/5284 4522/7219/5284
f 4523/7192/5284 4544/7218/5284 4531/7220/5284
f 4453/7221/5359 4545/7222/5359 4536/7199/5359
f 4524/7223/5359 4546/7224/5359 4545/7222/5359
f 4526/7195/5359 4546/7224/5359 4525/7225/5359
f 4445/7226/5360 4556/7227/5360 4453/7228/5360
f 4525/7136/5343 4548/7138/5343 4526/7229/5343
f 4512/7131/5340 4549/7141/5340 4551/7230/5340
f 4455/7231/5360 4555/7232/5360 4448/7233/5360
f 4513/7234/5340 4547/7142/5340 4549/7141/5340
f 4419/7235/5361 4554/7236/5361 4460/7237/5361
f 4455/7238/5341 4552/7144/5341 4556/7143/5341
f 4458/7239/5362 4553/7240/5362 4420/7241/5362
f 4511/7140/5363 4553/7242/5363 4419/7243/5363
f 4521/7244/5338 4550/7135/5338 4552/7144/5338
f 4448/7245/5337 4551/7230/5337 4509/7146/5337
f 4514/7246/5363 4553/7242/5363 4547/7142/5363
f 4718/6949/5364 4558/7247/5364 4717/7248/5364
f 4399/7249/5365 4691/7250/5365 4712/7251/5365
f 4399/7249/5366 4561/7252/5366 4560/7253/5366
f 4404/6942/5367 4562/7254/5367 4563/7255/5367
f 4404/6942/5368 4720/7256/5368 4741/6943/5368
f 4401/7257/5369 4693/7258/5369 4714/7259/5369
f 4401/7257/5370 4567/7260/5370 4566/7261/5370
f 4398/6948/5371 4568/7262/5371 4558/7247/5371
f 4405/7263/5372 4569/7264/5372 4570/7265/5372
f 4430/7266/5372 4561/7252/5372 4406/7267/5372
f 4400/6973/5373 4572/7268/5373 4449/7024/5373
f 4441/7026/5374 4574/7269/5374 4442/6977/5374
f 4409/7270/5375 4557/7271/5375 4575/7272/5375
f 4434/7273/5376 4577/7274/5376 4410/7275/5376
f 4446/7276/5377 4578/7277/5377 4579/7278/5377
f 4444/7279/5378 4580/7280/5378 4568/7262/5378
f 4405/7263/5372 4581/7281/5372 4429/7282/5372
f 4429/7282/5372 4571/7283/5372 4430/7266/5372
f 4451/7284/5379 4572/7268/5379 4582/7285/5379
f 4451/7284/5380 4573/7286/5380 4441/7026/5380
f 4409/7270/5376 4583/7287/5376 4433/7288/5376
f 4434/7273/5376 4583/7287/5376 4576/7289/5376
f 4452/7027/5381 4579/7278/5381 4584/7290/5381
f 4452/7027/5382 4580/7280/5382 4443/6971/5382
f 4442/6977/5383 4585/7291/5383 4497/7182/5383
f 4498/7292/5384 4585/7291/5384 4586/7293/5384
f 4499/7185/5385 4586/7293/5385 4562/7254/5385
f 4410/7275/5376 4587/7294/5376 4500/7295/5376
f 4500/7295/5376 4588/7296/5376 4501/7297/5376
f 4502/7298/5376 4588/7296/5376 4567/7260/5376
f 4403/7299/5372 4589/7300/5372 4503/7301/5372
f 4503/7301/5372 4590/7302/5372 4504/7303/5372
f 4504/7303/5372 4569/7264/5372 4505/7304/5372
f 4506/7171/5386 4565/7305/5386 4591/7306/5386
f 4506/7171/5387 4592/7307/5387 4507/7308/5387
f 4507/7308/5388 4578/7277/5388 4508/6968/5388
f 4742/7170/5389 4596/7309/5389 4721/7310/5389
f 4617/7311/5390 4692/7312/5390 4713/7313/5390
f 4616/7314/5391 4719/7315/5391 4740/6975/5391
f 4716/7316/5392 4593/7317/5392 4715/7318/5392
f 4710/7319/5393 4614/7320/5393 4711/7321/5393
f 4612/7322/5394 4710/7319/5394 4709/7323/5394
f 4697/7324/5395 4612/7322/5395 4709/7323/5395
f 4610/7325/5359 4708/7326/5359 4707/7327/5359
f 4706/7328/5359 4610/7325/5359 4707/7327/5359
f 4618/7329/5396 4706/7328/5396 4714/7259/5396
f 4704/7330/5397 4608/7331/5397 4705/7332/5397
f 4694/7333/5398 4607/7334/5398 4704/7330/5398
f 4702/7335/5399 4606/7336/5399 4703/7337/5399
f 4599/7338/5400 4702/7335/5400 4696/7339/5400
f 4603/7340/5401 4701/7341/5401 4700/7342/5401
f 4715/7343/5402 4603/7340/5402 4700/7342/5402
f 4601/7344/5403 4699/7345/5403 4698/7346/5403
f 4595/7347/5404 4698/7346/5404 4692/7348/5404
f 4703/7337/5405 4600/7349/5405 4697/7324/5405
f 4616/7314/5406 4696/7339/5406 4712/7251/5406
f 4608/7331/5407 4695/7350/5407 4705/7332/5407
f 4611/7351/5359 4694/7333/5359 4708/7326/5359
f 4695/7350/5408 4615/7352/5408 4716/7316/5408
f 4699/7345/5409 4596/7353/5409 4693/7354/5409
f 4711/7321/5410 4617/7311/5410 4713/7313/5410
f 4701/7341/5411 4594/7355/5411 4691/7356/5411
f 4493/7108/5313 4619/7357/5313 4489/7107/5313
f 4494/7112/5313 4621/7358/5313 4492/7119/5313
f 4495/7117/5412 4623/7359/5412 4484/7116/5412
f 4494/7112/5413 4625/7360/5413 4622/7361/5413
f 4482/7118/5414 4620/7362/5414 4493/7108/5414
f 4484/7116/5415 4626/7363/5415 4482/7118/5415
f 4496/7114/5416 4628/7364/5416 4485/7113/5416
f 4485/7113/5417 4625/7360/5417 4487/7111/5417
f 4496/7114/5418 4629/7365/5418 4627/7366/5418
f 4490/7115/5313 4619/7357/5313 4629/7365/5313
f 4491/7109/5419 4624/7367/5419 4495/7117/5419
f 4492/7119/5420 4630/7368/5420 4491/7109/5420
f 4658/7114/5421 4690/7113/5421 4647/7113/5421
f 4639/7107/5422 4676/7108/5422 4643/7108/5422
f 4635/7113/5423 4684/7111/5423 4689/7113/5423
f 4486/7118/5424 4650/7116/5424 4673/7118/5424
f 4646/7114/5425 4689/7113/5425 4688/7114/5425
f 4655/7108/5426 4673/7118/5426 4675/7108/5426
f 4654/7119/5427 4679/7109/5427 4653/7109/5427
f 4632/7118/5428 4648/7116/5428 4634/7116/5428
f 4656/7112/5429 4683/7111/5429 4686/7112/5429
f 4485/7113/5430 4637/7111/5430 4635/7113/5430
f 4493/7108/5431 4632/7118/5431 4482/7118/5431
f 4492/7119/5432 4641/7109/5432 4642/7119/5432
f 4744/7369/5433 4668/7112/5433 4750/7370/5433
f 4747/7371/5434 4666/7119/5434 4744/7369/5434
f 4745/7372/5435 4667/7108/5435 4633/7118/5435
f 4752/7373/5436 4661/7111/5436 4659/7113/5436
f 4746/7374/5437 4663/7107/5437 4667/7108/5437
f 4748/7375/5438 4665/7109/5438 4747/7371/5438
f 4750/7370/5439 4661/7111/5439 4749/7376/5439
f 4751/7377/5440 4659/7113/5440 4670/7114/5440
f 4754/7378/5441 4663/7107/5441 4753/7379/5441
f 4657/7117/5442 4679/7109/5442 4682/7117/5442
f 4643/7108/5443 4674/7118/5443 4632/7118/5443
f 4657/7117/5444 4650/7116/5444 4481/7116/5444
f 4662/7380/5445 4668/7112/5445 4666/7119/5445
f 4670/7114/5446 4660/7381/5446 4664/7115/5446
f 4659/7113/5445 4662/7380/5445 4660/7381/5445
f 4631/7382/5445 4638/7116/5445 4633/7118/5445
f 4660/7381/5446 4636/7383/5446 4631/7382/5446
f 4667/7108/5446 4631/7382/5446 4633/7118/5446
f 4663/7107/5447 4660/7381/5447 4631/7382/5447
f 4636/7383/5446 4669/7117/5446 4638/7116/5446
f 4636/7383/5447 4666/7119/5447 4665/7109/5447
f 4754/7378/5448 4670/7114/5448 4664/7115/5448
f 4745/7372/5449 4638/7116/5449 4743/7384/5449
f 4743/7384/5450 4669/7117/5450 4748/7375/5450
f 4688/7114/5451 4488/7115/5451 4483/7115/5451
f 4685/7112/5452 4671/7119/5452 4686/7112/5452
f 4672/7119/5453 4679/7109/5453 4671/7119/5453
f 4674/7118/5454 4675/7108/5454 4673/7118/5454
f 4689/7113/5455 4683/7111/5455 4690/7113/5455
f 4677/7107/5456 4675/7108/5456 4676/7108/5456
f 4680/7109/5457 4682/7117/5457 4679/7109/5457
f 4684/7111/5458 4686/7112/5458 4683/7111/5458
f 4689/7113/5459 4687/7114/5459 4688/7114/5459
f 4674/7118/5460 4650/7116/5460 4648/7116/5460
f 4648/7116/5461 4682/7117/5461 4681/7117/5461
f 4483/7115/5462 4678/7107/5462 4677/7107/5462
f 4646/7114/5463 4483/7115/5463 4640/7115/5463
f 4644/7112/5464 4672/7119/5464 4685/7112/5464
f 4647/7113/5465 4683/7111/5465 4649/7111/5465
f 4639/7107/5466 4483/7115/5466 4677/7107/5466
f 4651/7107/5467 4675/7108/5467 4678/7107/5467
f 4634/7116/5468 4681/7117/5468 4645/7110/5468
f 4658/7114/5469 4488/7115/5469 4687/7114/5469
f 4641/7109/5470 4681/7117/5470 4680/7109/5470
f 4656/7112/5471 4671/7119/5471 4654/7119/5471
f 4644/7112/5472 4684/7111/5472 4637/7111/5472
f 4651/7107/5473 4488/7115/5473 4652/7115/5473
f 4641/7109/5474 4672/7119/5474 4642/7119/5474
f 4701/7341/5475 4560/7385/5475 4413/7386/5475
f 4503/7301/5476 4713/7313/5476 4403/7299/5476
f 4417/7387/5477 4693/7354/5477 4566/7388/5477
f 4695/7350/5359 4397/7389/5359 4409/7270/5359
f 4708/7326/5359 4410/7275/5359 4500/7295/5359
f 4705/7332/5478 4409/7270/5478 4433/7288/5478
f 4712/7251/5479 4406/7267/5479 4399/7249/5479
f 4703/7337/5480 4405/7263/5480 4429/7282/5480
f 4564/7390/5481 4698/7346/5481 4418/7391/5481
f 4418/7391/5482 4699/7345/5482 4417/7387/5482
f 4557/7392/5475 4700/7342/5475 4414/7393/5475
f 4700/7342/5475 4413/7386/5475 4414/7393/5475
f 4406/7267/5284 4702/7335/5284 4430/7266/5284
f 4430/7266/5483 4703/7337/5483 4429/7282/5483
f 4410/7275/5484 4704/7330/5484 4434/7273/5484
f 4704/7330/5484 4433/7288/5484 4434/7273/5484
f 4714/7259/5485 4502/7298/5485 4401/7257/5485
f 4502/7298/5359 4707/7327/5359 4501/7297/5359
f 4707/7327/5359 4500/7295/5359 4501/7297/5359
f 4405/7263/5486 4709/7323/5486 4505/7304/5486
f 4709/7323/5486 4504/7303/5486 4505/7304/5486
f 4504/7303/5487 4711/7321/5487 4503/7301/5487
f 4397/7389/5488 4715/7318/5488 4557/7271/5488
f 4403/7299/5489 4692/7312/5489 4564/7394/5489
f 4618/7329/5490 4693/7258/5490 4596/7309/5490
f 4712/7251/5491 4594/7395/5491 4616/7314/5491
f 4400/6973/5492 4719/7315/5492 4559/7396/5492
f 4402/7168/5493 4721/7310/5493 4565/7305/5493
f 4741/6943/5494 4595/7397/5494 4617/7311/5494
f 4615/7352/5495 4717/7248/5495 4593/7317/5495
f 4613/7398/5496 4739/6941/5496 4614/7320/5496
f 4737/7183/5497 4613/7398/5497 4612/7322/5497
f 4600/7349/5498 4737/7183/5498 4612/7322/5498
f 4610/7325/5499 4736/6970/5499 4611/7351/5499
f 4609/7399/5500 4735/7172/5500 4610/7325/5500
f 4742/7170/5501 4609/7399/5501 4618/7329/5501
f 4607/7334/5502 4733/6972/5502 4608/7331/5502
f 4597/7400/5503 4732/7028/5503 4607/7334/5503
f 4605/7401/5504 4731/6976/5504 4606/7336/5504
f 4724/6974/5505 4605/7401/5505 4599/7338/5505
f 4603/7340/5506 4729/6938/5506 4604/7402/5506
f 4593/7403/5507 4728/7008/5507 4603/7340/5507
f 4726/7007/5508 4602/7404/5508 4601/7344/5508
f 4595/7347/5509 4726/7007/5509 4601/7344/5509
f 4606/7336/5510 4725/6978/5510 4600/7349/5510
f 4616/7314/5511 4724/6974/5511 4599/7338/5511
f 4733/6972/5512 4598/7405/5512 4608/7331/5512
f 4736/6970/5513 4597/7400/5513 4611/7351/5513
f 4598/7405/5514 4718/6949/5514 4615/7352/5514
f 4727/6944/5515 4596/7353/5515 4602/7404/5515
f 4614/7320/5516 4741/6943/5516 4617/7311/5516
f 4729/6938/5517 4594/7355/5517 4604/7402/5517
f 4481/7116/5518 4748/7375/5518 4657/7117/5518
f 4486/7118/5519 4743/7384/5519 4481/7116/5519
f 4652/7115/5520 4751/7377/5520 4754/7378/5520
f 4652/7115/5521 4753/7379/5521 4651/7107/5521
f 4647/7113/5522 4751/7377/5522 4658/7114/5522
f 4649/7111/5523 4750/7370/5523 4749/7376/5523
f 4653/7109/5524 4748/7375/5524 4747/7371/5524
f 4655/7108/5525 4753/7379/5525 4746/7374/5525
f 4649/7111/5526 4752/7373/5526 4647/7113/5526
f 4486/7118/5527 4746/7374/5527 4745/7372/5527
f 4654/7119/5528 4747/7371/5528 4744/7369/5528
f 4654/7119/5529 4750/7370/5529 4656/7112/5529
f 4729/6938/5530 4416/6999/5530 4559/6939/5530
f 4739/6941/5531 4499/7185/5531 4404/6942/5531
f 4727/6944/5532 4530/7130/5532 4565/6945/5532
f 4723/6947/5533 4444/7279/5533 4398/6948/5533
f 4417/6950/5261 4566/7406/5261 4567/6951/5261
f 4447/6953/5262 4415/7001/5262 4558/6954/5262
f 4535/6956/5534 4579/7054/5534 4578/6957/5534
f 4412/6959/5535 4472/7407/5535 4475/6960/5535
f 4414/6962/5265 4426/6985/5265 4575/6963/5265
f 4428/6965/5266 4577/7180/5266 4576/6966/5266
f 4508/6968/5536 4446/7276/5536 4722/6969/5536
f 4443/6971/5537 4444/7279/5537 4723/6947/5537
f 4400/6973/5538 4449/7024/5538 4724/6974/5538
f 4731/6976/5284 4441/7026/5284 4442/6977/5284
f 4581/6979/5266 4570/7159/5266 4427/6980/5266
f 4437/6981/5266 4427/6980/5266 4428/6965/5266
f 4560/6982/5265 4561/7023/5265 4425/6983/5265
f 4413/6984/5265 4425/6983/5265 4426/6985/5265
f 4407/6986/5539 4423/7082/5539 4478/6987/5539
f 4431/6989/5540 4479/7016/5540 4469/6990/5540
f 4585/6992/5541 4574/7044/5541 4538/6993/5541
f 4538/6995/5274 4535/7408/5274 4536/6996/5274
f 4572/6998/5262 4559/6939/5262 4416/6999/5262
f 4450/7000/5262 4416/6999/5262 4415/7001/5262
f 4589/7002/5261 4564/7409/5261 4418/7003/5261
f 4515/7004/5261 4418/7003/5261 4417/6950/5261
f 4720/7005/5542 4563/7410/5542 4528/7006/5542
f 4528/7006/5543 4530/7130/5543 4727/6944/5543
f 4558/6954/5544 4415/7001/5544 4728/7008/5544
f 4415/7001/5530 4416/6999/5530 4729/6938/5530
f 4422/7010/5545 4473/7014/5545 4474/7011/5545
f 4422/7010/5546 4421/7033/5546 4476/7013/5546
f 4407/7015/5547 4477/7411/5547 4479/7016/5547
f 4436/7017/5548 4471/7031/5548 4472/7018/5548
f 4425/6983/5266 4438/7021/5266 4440/7020/5266
f 4437/6981/5266 4439/6967/5266 4440/7020/5266
f 4571/7022/5266 4438/7021/5266 4425/6983/5266
f 4581/6979/5266 4437/6981/5266 4438/7021/5266
f 4449/7024/5284 4451/7284/5284 4730/7025/5284
f 4730/7025/5284 4451/7284/5284 4441/7026/5284
f 4722/6969/5549 4446/7276/5549 4452/7027/5549
f 4732/7028/5550 4452/7027/5550 4443/6971/5550
f 4440/7020/5266 4583/7029/5266 4575/6963/5266
f 4440/7020/5266 4439/6967/5266 4576/6966/5266
f 4435/7030/5551 4480/7079/5551 4471/7031/5551
f 4408/7032/5552 4470/7412/5552 4476/7013/5552
f 4408/7034/5553 4574/7044/5553 4573/7035/5553
f 4412/7037/5554 4568/7043/5554 4580/7038/5554
f 4411/7040/5555 4579/7054/5555 4535/6956/5555
f 4412/7037/5556 4424/7049/5556 4447/7042/5556
f 4408/7034/5557 4421/7045/5557 4538/6993/5557
f 4421/7045/5558 4422/7041/5558 4535/6956/5558
f 4407/7046/5559 4572/7051/5559 4450/7047/5559
f 4424/7049/5296 4423/7048/5296 4450/7047/5296
f 4407/7046/5313 4431/7052/5313 4582/7050/5313
f 4431/7052/5560 4432/7036/5560 4573/7035/5560
f 4411/7040/5561 4435/7055/5561 4584/7053/5561
f 4436/7039/5562 4580/7038/5562 4584/7053/5562
f 4462/7056/5284 4629/7065/5284 4619/7057/5284
f 4467/7059/5301 4456/7062/5301 4623/7060/5301
f 4456/7062/5563 4454/7072/5563 4626/7063/5563
f 4468/7064/5564 4627/7413/5564 4629/7065/5564
f 4466/7066/5304 4464/7069/5304 4621/7067/5304
f 4464/7069/5565 4463/7125/5565 4630/7070/5565
f 4465/7071/5566 4620/7414/5566 4626/7063/5566
f 4457/7073/5567 4459/7123/5567 4625/7074/5567
f 4461/7058/5308 4619/7057/5308 4620/7076/5308
f 4411/7078/5568 4474/7415/5568 4480/7079/5568
f 4432/6991/5569 4469/6990/5569 4470/7080/5569
f 4424/6961/5570 4475/6960/5570 4478/6987/5570
f 4461/7083/5571 4465/7094/5571 4470/7084/5571
f 4466/7086/5313 4472/7093/5313 4471/7087/5313
f 4467/7089/5313 4474/7105/5313 4473/7090/5313
f 4466/7086/5572 4459/7100/5572 4475/7092/5572
f 4465/7094/5573 4454/7096/5573 4476/7095/5573
f 4454/7096/5574 4456/7091/5574 4473/7090/5574
f 4468/7097/5575 4477/7102/5575 4478/7098/5575
f 4457/7099/5576 4478/7098/5576 4475/7092/5576
f 4468/7097/5577 4462/7103/5577 4479/7101/5577
f 4462/7103/5313 4461/7083/5313 4469/7085/5313
f 4467/7089/5578 4463/7106/5578 4480/7104/5578
f 4463/7106/5313 4464/7088/5313 4471/7087/5313
f 4489/7107/5579 4639/7107/5579 4643/7108/5579
f 4491/7109/5580 4495/7117/5580 4645/7110/5580
f 4487/7111/5581 4494/7112/5581 4644/7112/5581
f 4485/7113/5582 4635/7113/5582 4646/7114/5582
f 4490/7115/5583 4640/7115/5583 4639/7107/5583
f 4484/7116/5584 4634/7116/5584 4645/7110/5584
f 4482/7118/5585 4632/7118/5585 4634/7116/5585
f 4490/7115/5586 4496/7114/5586 4646/7114/5586
f 4494/7112/5587 4492/7119/5587 4642/7119/5587
f 4468/7120/5588 4457/7073/5588 4628/7075/5588
f 4466/7122/5589 4622/7416/5589 4625/7074/5589
f 4467/7124/5590 4624/7417/5590 4630/7070/5590
f 4543/7126/5335 4537/7418/5335 4536/7127/5335
f 4528/7006/5591 4532/7419/5591 4534/7129/5591
f 4512/7131/5337 4551/7230/5337 4555/7132/5337
f 4524/7134/5338 4552/7144/5338 4550/7135/5338
f 4458/7137/5339 4526/7229/5339 4548/7138/5339
f 4511/7140/5342 4510/7147/5342 4549/7141/5342
f 4524/7134/5341 4453/7420/5341 4556/7143/5341
f 4523/7145/5339 4460/7421/5339 4554/7139/5339
f 4509/7146/5340 4551/7230/5340 4549/7141/5340
f 4522/7148/5343 4523/7145/5343 4548/7138/5343
f 4532/7149/5344 4531/7152/5344 4533/7150/5344
f 4531/7152/5345 4544/7154/5345 4546/7153/5345
f 4544/7154/5346 4543/7126/5346 4545/7128/5346
f 4427/6980/5266 4517/7156/5266 4520/7155/5266
f 4517/7156/5266 4516/7158/5266 4519/7157/5266
f 4516/7158/5266 4515/7004/5266 4518/6952/5266
f 4570/7159/5266 4569/7161/5266 4517/7156/5266
f 4590/7160/5266 4516/7158/5266 4517/7156/5266
f 4590/7160/5266 4589/7002/5266 4515/7004/5266
f 4563/7162/5592 4562/7166/5592 4527/7163/5592
f 4586/7165/5349 4540/7167/5349 4527/7163/5349
f 4586/7165/5593 4585/6992/5593 4539/6994/5593
f 4402/7168/5594 4506/7171/5594 4734/7169/5594
f 4506/7171/5595 4507/7308/5595 4735/7172/5595
f 4735/7172/5596 4507/7308/5596 4508/6968/5596
f 4529/7173/5597 4591/7177/5597 4565/7174/5597
f 4542/7176/5598 4592/7178/5598 4591/7177/5598
f 4542/7176/5263 4541/6958/5263 4578/6957/5263
f 4428/6965/5266 4520/7155/5266 4587/7179/5266
f 4519/7157/5266 4588/7181/5266 4587/7179/5266
f 4519/7157/5266 4518/6952/5266 4567/6951/5266
f 4725/6978/5599 4442/6977/5599 4497/7182/5599
f 4497/7182/5600 4498/7292/5600 4738/7184/5600
f 4738/7184/5284 4498/7292/5284 4499/7185/5284
f 4419/7186/5284 4528/7204/5284 4527/7187/5284
f 4420/7189/5359 4514/7215/5359 4529/7190/5359
f 4523/7192/5284 4531/7220/5284 4532/7193/5284
f 4526/7195/5359 4458/7205/5359 4534/7196/5359
f 4445/7198/5359 4453/7221/5359 4536/7199/5359
f 4448/7201/5284 4538/7207/5284 4537/7202/5284
f 4419/7186/5284 4460/7194/5284 4532/7193/5284
f 4420/7189/5359 4530/7191/5359 4534/7196/5359
f 4448/7201/5284 4509/7209/5284 4539/7206/5284
f 4510/7208/5284 4540/7210/5284 4539/7206/5284
f 4511/7188/5284 4527/7187/5284 4540/7210/5284
f 4445/7198/5359 4535/7200/5359 4541/7211/5359
f 4513/7213/5359 4512/7212/5359 4541/7211/5359
f 4513/7213/5359 4542/7214/5359 4529/7190/5359
f 4455/7203/5284 4537/7202/5284 4543/7216/5284
f 4521/7217/5284 4543/7216/5284 4544/7218/5284
f 4523/7192/5284 4522/7219/5284 4544/7218/5284
f 4453/7221/5359 4524/7223/5359 4545/7222/5359
f 4524/7223/5359 4525/7225/5359 4546/7224/5359
f 4526/7195/5359 4533/7197/5359 4546/7224/5359
f 4445/7226/5360 4555/7232/5360 4556/7227/5360
f 4525/7136/5343 4550/7135/5343 4548/7138/5343
f 4512/7131/5342 4513/7234/5342 4549/7141/5342
f 4455/7231/5360 4556/7227/5360 4555/7232/5360
f 4513/7234/5342 4514/7246/5342 4547/7142/5342
f 4419/7235/5361 4553/7240/5361 4554/7236/5361
f 4455/7238/5341 4521/7244/5341 4552/7144/5341
f 4458/7239/5361 4554/7236/5361 4553/7240/5361
f 4511/7140/5363 4547/7142/5363 4553/7242/5363
f 4521/7244/5338 4522/7148/5338 4550/7135/5338
f 4448/7245/5337 4555/7132/5337 4551/7230/5337
f 4514/7246/5363 4420/7422/5363 4553/7242/5363
f 4718/6949/5601 4398/6948/5601 4558/7247/5601
f 4399/7249/5602 4560/7253/5602 4691/7250/5602
f 4399/7249/5603 4406/7267/5603 4561/7252/5603
f 4404/6942/5604 4499/7185/5604 4562/7254/5604
f 4404/6942/5605 4563/7255/5605 4720/7256/5605
f 4401/7257/5606 4566/7261/5606 4693/7258/5606
f 4401/7257/5607 4502/7298/5607 4567/7260/5607
f 4398/6948/5608 4444/7279/5608 4568/7262/5608
f 4405/7263/5372 4505/7304/5372 4569/7264/5372
f 4430/7266/5372 4571/7283/5372 4561/7252/5372
f 4400/6973/5609 4559/7396/5609 4572/7268/5609
f 4441/7026/5610 4573/7286/5610 4574/7269/5610
f 4409/7270/5611 4397/7389/5611 4557/7271/5611
f 4434/7273/5376 4576/7289/5376 4577/7274/5376
f 4446/7276/5612 4508/6968/5612 4578/7277/5612
f 4444/7279/5613 4443/6971/5613 4580/7280/5613
f 4405/7263/5372 4570/7265/5372 4581/7281/5372
f 4429/7282/5372 4581/7281/5372 4571/7283/5372
f 4451/7284/5614 4449/7024/5614 4572/7268/5614
f 4451/7284/5615 4582/7285/5615 4573/7286/5615
f 4409/7270/5376 4575/7272/5376 4583/7287/5376
f 4434/7273/5376 4433/7288/5376 4583/7287/5376
f 4452/7027/5616 4446/7276/5616 4579/7278/5616
f 4452/7027/5617 4584/7290/5617 4580/7280/5617
f 4442/6977/5618 4574/7269/5618 4585/7291/5618
f 4498/7292/5619 4497/7182/5619 4585/7291/5619
f 4499/7185/5620 4498/7292/5620 4586/7293/5620
f 4410/7275/5376 4577/7274/5376 4587/7294/5376
f 4500/7295/5376 4587/7294/5376 4588/7296/5376
f 4502/7298/5376 4501/7297/5376 4588/7296/5376
f 4403/7299/5621 4564/7394/5621 4589/7300/5621
f 4503/7301/5372 4589/7300/5372 4590/7302/5372
f 4504/7303/5372 4590/7302/5372 4569/7264/5372
f 4506/7171/5622 4402/7168/5622 4565/7305/5622
f 4506/7171/5623 4591/7306/5623 4592/7307/5623
f 4507/7308/5624 4592/7307/5624 4578/7277/5624
f 4742/7170/5625 4618/7329/5625 4596/7309/5625
f 4617/7311/5626 4595/7397/5626 4692/7312/5626
f 4616/7314/5627 4594/7395/5627 4719/7315/5627
f 4716/7316/5628 4615/7352/5628 4593/7317/5628
f 4710/7319/5629 4613/7398/5629 4614/7320/5629
f 4612/7322/5630 4613/7398/5630 4710/7319/5630
f 4697/7324/5631 4600/7349/5631 4612/7322/5631
f 4610/7325/5359 4611/7351/5359 4708/7326/5359
f 4706/7328/5359 4609/7399/5359 4610/7325/5359
f 4618/7329/5632 4609/7399/5632 4706/7328/5632
f 4704/7330/5633 4607/7334/5633 4608/7331/5633
f 4694/7333/5359 4597/7400/5359 4607/7334/5359
f 4702/7335/5634 4605/7401/5634 4606/7336/5634
f 4599/7338/5635 4605/7401/5635 4702/7335/5635
f 4603/7340/5401 4604/7402/5401 4701/7341/5401
f 4715/7343/5636 4593/7403/5636 4603/7340/5636
f 4601/7344/5403 4602/7404/5403 4699/7345/5403
f 4595/7347/5637 4601/7344/5637 4698/7346/5637
f 4703/7337/5638 4606/7336/5638 4600/7349/5638
f 4616/7314/5639 4599/7338/5639 4696/7339/5639
f 4608/7331/5640 4598/7405/5640 4695/7350/5640
f 4611/7351/5359 4597/7400/5359 4694/7333/5359
f 4695/7350/5641 4598/7405/5641 4615/7352/5641
f 4699/7345/5642 4602/7404/5642 4596/7353/5642
f 4711/7321/5643 4614/7320/5643 4617/7311/5643
f 4701/7341/5644 4604/7402/5644 4594/7355/5644
f 4493/7108/5313 4620/7362/5313 4619/7357/5313
f 4494/7112/5313 4622/7361/5313 4621/7358/5313
f 4495/7117/5645 4624/7367/5645 4623/7359/5645
f 4494/7112/5646 4487/7111/5646 4625/7360/5646
f 4482/7118/5647 4626/7363/5647 4620/7362/5647
f 4484/7116/5648 4623/7359/5648 4626/7363/5648
f 4496/7114/5649 4627/7366/5649 4628/7364/5649
f 4485/7113/5650 4628/7364/5650 4625/7360/5650
f 4496/7114/5651 4490/7115/5651 4629/7365/5651
f 4490/7115/5313 4489/7107/5313 4619/7357/5313
f 4491/7109/5652 4630/7368/5652 4624/7367/5652
f 4492/7119/5653 4621/7358/5653 4630/7368/5653
f 4658/7114/5654 4687/7114/5654 4690/7113/5654
f 4639/7107/5655 4677/7107/5655 4676/7108/5655
f 4635/7113/5423 4637/7111/5423 4684/7111/5423
f 4486/7118/5424 4481/7116/5424 4650/7116/5424
f 4646/7114/5656 4635/7113/5656 4689/7113/5656
f 4655/7108/5657 4486/7118/5657 4673/7118/5657
f 4654/7119/5658 4671/7119/5658 4679/7109/5658
f 4632/7118/5659 4674/7118/5659 4648/7116/5659
f 4656/7112/5660 4649/7111/5660 4683/7111/5660
f 4485/7113/5430 4487/7111/5430 4637/7111/5430
f 4493/7108/5661 4643/7108/5661 4632/7118/5661
f 4492/7119/5662 4491/7109/5662 4641/7109/5662
f 4744/7369/5663 4666/7119/5663 4668/7112/5663
f 4747/7371/5664 4665/7109/5664 4666/7119/5664
f 4745/7372/5665 4746/7374/5665 4667/7108/5665
f 4752/7373/5666 4749/7376/5666 4661/7111/5666
f 4746/7374/5667 4753/7379/5667 4663/7107/5667
f 4748/7375/5668 4669/7117/5668 4665/7109/5668
f 4750/7370/5669 4668/7112/5669 4661/7111/5669
f 4751/7377/5670 4752/7373/5670 4659/7113/5670
f 4754/7378/5671 4664/7115/5671 4663/7107/5671
f 4657/7117/5672 4653/7109/5672 4679/7109/5672
f 4643/7108/5673 4676/7108/5673 4674/7118/5673
f 4657/7117/5674 4682/7117/5674 4650/7116/5674
f 4662/7380/5446 4661/7111/5446 4668/7112/5446
f 4670/7114/5675 4659/7113/5675 4660/7381/5675
f 4659/7113/5675 4661/7111/5675 4662/7380/5675
f 4631/7382/5446 4636/7383/5446 4638/7116/5446
f 4660/7381/5446 4662/7380/5446 4636/7383/5446
f 4667/7108/5676 4663/7107/5676 4631/7382/5676
f 4663/7107/5677 4664/7115/5677 4660/7381/5677
f 4636/7383/5445 4665/7109/5445 4669/7117/5445
f 4636/7383/5446 4662/7380/5446 4666/7119/5446
f 4754/7378/5678 4751/7377/5678 4670/7114/5678
f 4745/7372/5679 4633/7118/5679 4638/7116/5679
f 4743/7384/5680 4638/7116/5680 4669/7117/5680
f 4688/7114/5681 4687/7114/5681 4488/7115/5681
f 4685/7112/5682 4672/7119/5682 4671/7119/5682
f 4672/7119/5683 4680/7109/5683 4679/7109/5683
f 4674/7118/5684 4676/7108/5684 4675/7108/5684
f 4689/7113/5455 4684/7111/5455 4683/7111/5455
f 4677/7107/5685 4678/7107/5685 4675/7108/5685
f 4680/7109/5686 4681/7117/5686 4682/7117/5686
f 4684/7111/5687 4685/7112/5687 4686/7112/5687
f 4689/7113/5688 4690/7113/5688 4687/7114/5688
f 4674/7118/5689 4673/7118/5689 4650/7116/5689
f 4648/7116/5690 4650/7116/5690 4682/7117/5690
f 4483/7115/5691 4488/7115/5691 4678/7107/5691
f 4646/7114/5692 4688/7114/5692 4483/7115/5692
f 4644/7112/5693 4642/7119/5693 4672/7119/5693
f 4647/7113/5424 4690/7113/5424 4683/7111/5424
f 4639/7107/5694 4640/7115/5694 4483/7115/5694
f 4651/7107/5695 4655/7108/5695 4675/7108/5695
f 4634/7116/5696 4648/7116/5696 4681/7117/5696
f 4658/7114/5697 4652/7115/5697 4488/7115/5697
f 4641/7109/5698 4645/7110/5698 4681/7117/5698
f 4656/7112/5699 4686/7112/5699 4671/7119/5699
f 4644/7112/5700 4685/7112/5700 4684/7111/5700
f 4651/7107/5701 4678/7107/5701 4488/7115/5701
f 4641/7109/5702 4680/7109/5702 4672/7119/5702
f 4701/7341/5703 4691/7356/5703 4560/7385/5703
f 4503/7301/5704 4711/7321/5704 4713/7313/5704
f 4417/7387/5705 4699/7345/5705 4693/7354/5705
f 4695/7350/5706 4716/7316/5706 4397/7389/5706
f 4708/7326/5359 4694/7333/5359 4410/7275/5359
f 4705/7332/5707 4695/7350/5707 4409/7270/5707
f 4712/7251/5708 4696/7339/5708 4406/7267/5708
f 4703/7337/5709 4697/7324/5709 4405/7263/5709
f 4564/7390/5710 4692/7348/5710 4698/7346/5710
f 4418/7391/5481 4698/7346/5481 4699/7345/5481
f 4557/7392/5711 4715/7343/5711 4700/7342/5711
f 4700/7342/5475 4701/7341/5475 4413/7386/5475
f 4406/7267/5284 4696/7339/5284 4702/7335/5284
f 4430/7266/5712 4702/7335/5712 4703/7337/5712
f 4410/7275/5713 4694/7333/5713 4704/7330/5713
f 4704/7330/5714 4705/7332/5714 4433/7288/5714
f 4714/7259/5715 4706/7328/5715 4502/7298/5715
f 4502/7298/5359 4706/7328/5359 4707/7327/5359
f 4707/7327/5359 4708/7326/5359 4500/7295/5359
f 4405/7263/5716 4697/7324/5716 4709/7323/5716
f 4709/7323/5717 4710/7319/5717 4504/7303/5717
f 4504/7303/5718 4710/7319/5718 4711/7321/5718
f 4397/7389/5719 4716/7316/5719 4715/7318/5719
f 4403/7299/5720 4713/7313/5720 4692/7312/5720
f 4618/7329/5721 4714/7259/5721 4693/7258/5721
f 4712/7251/5722 4691/7250/5722 4594/7395/5722
f 4400/6973/5723 4740/6975/5723 4719/7315/5723
f 4402/7168/5724 4742/7170/5724 4721/7310/5724
f 4741/6943/5725 4720/7256/5725 4595/7397/5725
f 4615/7352/5726 4718/6949/5726 4717/7248/5726
f 4613/7398/5727 4738/7184/5727 4739/6941/5727
f 4737/7183/5728 4738/7184/5728 4613/7398/5728
f 4600/7349/5729 4725/6978/5729 4737/7183/5729
f 4610/7325/5730 4735/7172/5730 4736/6970/5730
f 4609/7399/5731 4734/7169/5731 4735/7172/5731
f 4742/7170/5732 4734/7169/5732 4609/7399/5732
f 4607/7334/5733 4732/7028/5733 4733/6972/5733
f 4597/7400/5734 4722/6969/5734 4732/7028/5734
f 4605/7401/5284 4730/7025/5284 4731/6976/5284
f 4724/6974/5735 4730/7025/5735 4605/7401/5735
f 4603/7340/5736 4728/7008/5736 4729/6938/5736
f 4593/7403/5737 4717/7009/5737 4728/7008/5737
f 4726/7007/5738 4727/6944/5738 4602/7404/5738
f 4595/7347/5739 4720/7005/5739 4726/7007/5739
f 4606/7336/5740 4731/6976/5740 4725/6978/5740
f 4616/7314/5741 4740/6975/5741 4724/6974/5741
f 4733/6972/5742 4723/6947/5742 4598/7405/5742
f 4736/6970/5743 4722/6969/5743 4597/7400/5743
f 4598/7405/5744 4723/6947/5744 4718/6949/5744
f 4727/6944/5745 4721/6946/5745 4596/7353/5745
f 4614/7320/5746 4739/6941/5746 4741/6943/5746
f 4729/6938/5747 4719/6940/5747 4594/7355/5747
f 4481/7116/5748 4743/7384/5748 4748/7375/5748
f 4486/7118/5749 4745/7372/5749 4743/7384/5749
f 4652/7115/5750 4658/7114/5750 4751/7377/5750
f 4652/7115/5751 4754/7378/5751 4753/7379/5751
f 4647/7113/5752 4752/7373/5752 4751/7377/5752
f 4649/7111/5753 4656/7112/5753 4750/7370/5753
f 4653/7109/5754 4657/7117/5754 4748/7375/5754
f 4655/7108/5755 4651/7107/5755 4753/7379/5755
f 4649/7111/5756 4749/7376/5756 4752/7373/5756
f 4486/7118/5757 4655/7108/5757 4746/7374/5757
f 4654/7119/5758 4653/7109/5758 4747/7371/5758
f 4654/7119/5759 4744/7369/5759 4750/7370/5759
