# Blender 4.2.1 LTS
# www.blender.org
mtllib counter.mtl
g counter_Mesh
v 0.166004 -0.004775 -0.381042
v 0.166004 0.682459 -0.381042
v 1.079142 0.023819 -0.365040
v 1.077489 0.682459 -0.381042
v -0.156170 -0.004775 -1.071648
v -0.162570 0.682290 -1.066892
v 1.077488 -0.004775 -1.071648
v 1.077488 0.682459 -1.071648
v -0.385457 -0.004775 0.203001
v -0.385457 0.682459 0.203001
v -0.400047 0.667868 0.978695
v -0.385456 -0.004775 0.978695
v -1.206190 -0.004775 0.978696
v -1.191599 0.667868 0.978696
v -1.206190 0.682459 -0.007650
v -1.206190 -0.004775 -0.007650
v 0.166004 0.598697 -0.381042
v 1.077489 0.598697 -0.381042
v 1.077488 0.598697 -1.071648
v -0.161669 0.598623 -1.066003
v -0.385457 0.598697 0.203001
v -1.200611 0.598623 -0.013232
v -1.191599 0.613288 0.978696
v -0.400047 0.613288 0.978695
v -1.206229 0.698965 0.941888
v -0.385456 0.682459 0.978695
v -0.385456 0.598697 0.978695
v -1.206190 0.598697 0.978696
v -0.458811 0.659380 1.233410
v -0.441978 0.611152 1.250271
v 0.182805 0.633233 -0.333005
v 0.189430 0.682459 -0.326704
v 1.120377 0.666165 -0.334925
v 1.119830 0.660231 -1.121921
v -0.156170 0.682459 -1.130820
v -0.301615 0.615088 0.192154
v -0.330470 0.682459 0.224859
v -0.326284 0.682459 0.978695
v -1.285169 0.653159 0.023618
v -1.275476 0.677108 0.930187
v -0.326284 0.598697 0.978695
v 1.116356 0.583582 -0.350476
v 1.119329 0.598697 -1.113489
v -0.130907 0.631649 -1.147290
v -1.274253 0.600009 0.010856
v -1.270584 0.596179 0.967381
v 1.077489 0.549736 -0.381042
v 1.008518 0.436335 -1.090671
v -0.161669 0.549717 -1.066003
v -1.200611 0.549717 -0.013232
v -1.206190 0.549736 0.978696
v 0.166004 0.549736 -0.381042
v -0.385457 0.549736 0.203001
v -0.385456 0.549736 0.978695
v 1.072075 0.688204 -0.854194
v 0.301273 -0.004775 -0.062313
v -0.071253 0.655968 -0.863844
v 1.077488 -0.004775 -0.849707
v -0.054849 -0.004775 0.319667
v 0.301555 0.542027 -0.066539
v -0.067294 0.545289 0.326829
v -0.052632 -0.004775 -0.849706
v 0.966734 -0.004775 -0.381042
v 0.966734 0.682459 -0.381042
v 0.940770 -0.004775 -1.071648
v 0.940770 0.682459 -1.071648
v 0.940770 0.598697 -1.071648
v 0.966734 0.598697 -0.381042
v 0.995639 0.666773 -0.331027
v 0.916573 0.674051 -1.132171
v 0.942497 0.577601 -1.131234
v 1.007091 0.598697 -0.338194
v 0.966734 0.549736 -0.381042
v 0.769882 0.470868 -1.093473
v 0.978069 -0.004775 -0.062100
v 0.978069 0.525752 -0.062100
v -0.385456 0.682459 0.845984
v -0.385456 -0.004775 0.845984
v -1.206190 -0.004775 0.809945
v -1.206190 0.682459 0.809945
v -1.206190 0.598697 0.809945
v -0.385456 0.598697 0.845984
v -0.327000 0.682459 0.849724
v -1.272510 0.671124 0.799271
v -1.265362 0.598697 0.809945
v -0.327000 0.598697 0.849724
v -1.206190 0.549736 0.809945
v -0.385456 0.549736 0.845984
v -0.041654 0.007235 0.848109
v -0.052642 0.525752 0.862643
v -0.942429 -0.004775 0.978696
v -0.942429 -0.004775 0.060047
v -0.944287 0.682290 0.051568
v -0.946334 0.686913 0.940881
v 1.077488 0.598697 -0.849707
v -0.942429 0.598697 0.978696
v -0.937216 0.667868 0.978696
v -0.937216 0.613288 0.978696
v -0.638292 0.715532 1.374210
v -0.620552 0.696824 1.377697
v 1.146478 0.619024 -0.858842
v 1.137497 0.550725 -0.863427
v -0.942429 0.549736 0.978696
v 1.073679 0.469634 -0.716691
v 0.949114 0.682459 -0.849707
v 0.949114 -0.004775 -0.849707
v -0.942429 -0.004775 0.821527
v -0.813355 0.683762 0.713965
v 1.049914 0.269049 -0.356565
v 1.076727 0.124907 -1.036113
v -1.158072 0.161120 0.994155
v -0.493404 0.212767 0.966012
v 0.301273 0.133369 -0.062313
v -0.054849 0.133369 0.319667
v 0.966734 0.141603 -0.381042
v 0.978069 0.133369 -0.062100
v 0.940770 0.141603 -1.071648
v -0.357396 0.213163 0.837214
v -0.052642 0.133369 0.862643
v -1.206190 0.141603 0.809945
v 1.077488 0.141603 -0.849707
v -0.751520 0.242478 1.042723
v -0.156170 0.682459 -1.071648
v -0.131412 0.590544 -1.093152
v -1.201966 0.682290 -0.014568
v -1.206190 0.598697 -0.007650
v -0.142177 0.530634 -1.085724
v -1.220963 0.525837 0.015037
v -0.942429 0.682459 0.060047
v -0.053710 0.692276 -0.833568
v -0.121711 0.111621 -1.090663
v -1.213415 0.117809 -0.001780
v -0.064820 0.600336 -0.851577
v -0.948456 0.600336 0.045906
v -0.064801 0.549717 -0.851586
v -0.948437 0.549717 0.045898
v -0.057077 0.190230 -0.851736
v -0.155603 0.159220 -1.071097
v -1.194325 0.176666 -0.017757
v -0.948437 0.149088 0.045898
v 0.519054 -0.004775 -0.381042
v 0.297707 0.693668 -1.066998
v 0.254160 0.565580 -1.070679
v 0.299487 0.685903 -1.125223
v 0.182094 0.618105 -1.120754
v 0.100283 0.405908 -1.074304
v 0.583539 -0.004775 -0.062191
v 0.477307 0.676194 -0.388439
v 0.366057 -0.004775 -1.071648
v 0.519054 0.598697 -0.381042
v 0.422746 0.649941 -0.351831
v 0.552149 0.598697 -0.333267
v 0.502399 0.552500 -0.366573
v 0.577057 0.540578 -0.061518
v 0.375200 0.687156 -0.839550
v 0.415225 -0.004775 -0.849706
v 0.583539 0.133369 -0.062191
v 0.332598 0.168021 -1.065567
v 0.606372 0.156203 -0.056116
v 0.606372 0.502918 -0.056116
v 0.955234 0.502918 -0.056032
v 0.955234 0.156203 -0.056032
v -0.048684 0.502918 0.342477
v -0.048684 0.156203 0.342477
v -0.046663 0.156203 0.839785
v -0.046663 0.502918 0.839785
v 0.290144 0.502918 -0.041471
v 0.290144 0.156203 -0.041471
v -0.034837 0.156203 0.307107
v -0.034837 0.502918 0.307107
v 0.324106 0.156203 -0.056236
v 0.324106 0.502918 -0.056236
v 0.560704 0.502918 -0.056124
v 0.560704 0.156203 -0.056124
v 0.583538 0.133369 -0.056119
v 0.978068 0.525752 -0.056028
v 0.978068 0.133369 -0.056028
v -0.048777 0.133369 0.319643
v -0.048777 0.525752 0.319643
v -0.046570 0.133369 0.862618
v -0.046570 0.525752 0.862618
v 0.305715 0.133369 -0.058172
v 0.298628 0.528447 -0.044849
v -0.050408 0.133369 0.323808
v -0.044472 0.526770 0.311908
v 0.301272 0.525752 -0.056241
v 0.301272 0.133369 -0.056241
v 0.579233 0.521585 -0.050619
v 0.606374 0.502918 -0.064399
v 0.606374 0.156203 -0.064399
v 0.955236 0.502918 -0.064316
v 0.955236 0.156203 -0.064316
v -0.292908 0.156203 0.342510
v -0.292908 0.502918 0.342510
v -0.279957 0.157308 0.828834
v -0.290887 0.502918 0.839818
v 0.284085 0.156203 -0.047119
v 0.284085 0.502918 -0.047119
v -0.040896 0.156203 0.301458
v -0.040896 0.502918 0.301458
v 0.324108 0.502918 -0.303233
v 0.324108 0.156203 -0.303233
v 0.560706 0.502918 -0.303121
v 0.560706 0.156203 -0.303121
v -0.146453 0.260506 -1.050096
v -0.064801 0.260506 -0.851586
v -0.948437 0.260506 0.045898
v -0.948437 0.294257 0.045898
v -0.146453 0.294257 -1.050096
v -0.064801 0.294257 -0.851586
v -0.107030 0.411738 -1.030038
v -1.145121 0.449759 0.036865
v -0.064801 0.411738 -0.851586
v -0.948437 0.411738 0.045898
v -0.948437 0.445490 0.045898
v -1.147986 0.474379 0.035833
v -0.107030 0.445490 -1.030038
v -0.064801 0.445490 -0.851586
v -1.110698 0.499389 0.058007
v -0.064801 0.557674 -0.851586
v -0.948437 0.557674 0.045898
v -0.948437 0.591425 0.045898
v -1.110698 0.533140 0.058007
v -0.064801 0.591425 -0.851586
v -1.186763 0.648294 1.184661
v -0.406396 0.623577 1.125921
v -0.406396 0.678157 1.125921
v -1.194960 0.684613 1.187005
v -0.895177 0.704587 1.300042
v -0.891009 0.655474 1.298123
v 1.077488 0.682459 -0.960678
v -0.104401 -0.004775 -0.960677
v -1.074309 -0.004775 0.978696
v -1.074310 -0.004775 0.026199
v 1.077488 0.598697 -0.960678
v 1.119329 0.682459 -0.989072
v 1.119329 0.598697 -0.989072
v 1.072805 0.461220 -0.926887
v -1.078312 0.685407 0.945060
v -1.074310 0.682459 0.026199
v -0.074035 0.700772 -0.987607
v 1.077488 -0.004775 -0.960678
v 0.944942 0.682459 -0.960677
v -1.074309 0.682459 0.815736
v -1.074309 0.598697 0.978696
v -1.064408 0.667868 0.978696
v -1.064408 0.613288 0.978696
v -1.074309 0.549736 0.978696
v 0.944942 -0.004775 -0.960677
v -1.074309 -0.004775 0.815736
v -1.023773 0.106636 0.988562
v 1.084499 0.262673 -0.862452
v -1.073126 0.682290 0.018500
v -0.112635 0.659118 -0.968953
v -0.113235 0.549717 -0.958795
v -1.074524 0.549717 0.016333
v -1.074534 0.599479 0.016337
v -0.113245 0.599479 -0.958790
v -1.074524 0.149088 0.016333
v 0.316511 0.692661 -0.941598
v 0.390641 -0.004775 -0.960677
v -0.113235 0.175878 -0.958795
v -1.068542 0.706360 1.255823
v -1.063008 0.679169 1.277364
v -0.640801 0.525238 -0.430227
v -0.506619 0.557674 -0.402844
v -0.677789 0.549912 -0.396369
v -0.506619 0.591425 -0.402844
v -1.019070 0.245255 0.026713
v -1.089704 0.230003 0.007528
v -0.119236 0.260506 -0.983926
v -0.092018 0.260506 -0.917756
v -1.019070 0.279006 0.026713
v -1.089704 0.263755 0.007528
v -0.119236 0.294257 -0.983926
v -0.092018 0.294257 -0.917756
v -1.013998 0.424412 0.042887
v -1.079560 0.437085 0.039876
v -0.092954 0.411738 -0.970554
v -0.078877 0.411738 -0.911070
v -1.014953 0.455119 0.042543
v -1.081470 0.464749 0.039188
v -0.092954 0.445490 -0.970554
v -0.078877 0.445490 -0.911070
v -1.002524 0.538245 0.049934
v -1.056611 0.518817 0.053971
v -0.116038 0.535461 -1.056342
v -0.067119 0.557674 -0.899312
v -1.002524 0.571997 0.049934
v -1.056611 0.552569 0.053971
v -0.116038 0.569212 -1.056342
v -0.067119 0.591425 -0.899312
v -0.563676 0.577588 -0.400686
v -0.620732 0.563750 -0.398527
v -0.614842 0.536232 -0.405888
v -0.532578 0.546680 -0.427183
v -0.338879 0.429443 -0.763380
v -0.699713 0.430748 -0.461503
v -0.885598 0.440254 -0.229861
v -0.285710 0.411738 -0.627215
v -0.506619 0.411738 -0.402844
v -0.727528 0.411738 -0.178473
v -0.339222 0.444512 -0.763504
v -0.701146 0.459934 -0.462019
v -0.887747 0.467157 -0.230634
v -0.285710 0.445490 -0.627215
v -0.506619 0.445490 -0.402844
v -0.727528 0.445490 -0.178473
v -0.834341 0.459934 -0.213247
v -0.587212 0.455119 -0.465683
v -0.340083 0.450305 -0.718118
v -0.780934 0.452712 -0.195860
v -0.546915 0.450305 -0.434263
v -0.373661 0.439637 -0.605868
v -0.339605 0.418075 -0.717947
v -0.699604 0.424412 -0.444906
v -0.832908 0.430748 -0.212731
v -0.373608 0.432380 -0.605849
v -0.546438 0.418075 -0.434091
v -0.780218 0.421243 -0.195602
v -0.446189 0.249068 -0.727258
v -0.599420 0.249940 -0.592176
v -0.285710 0.260506 -0.627215
v -0.506619 0.260506 -0.402844
v -0.727528 0.260506 -0.178473
v -0.446189 0.282819 -0.727258
v -0.599420 0.259070 -0.592176
v -0.285710 0.294257 -0.627215
v -0.506619 0.294257 -0.402844
v -0.727528 0.294257 -0.178473
v -0.847087 0.271381 -0.240335
v -0.621433 0.267644 -0.509403
v -0.398093 0.286632 -0.720641
v -0.787307 0.282819 -0.209404
v -0.555544 0.286632 -0.445522
v -0.323781 0.290445 -0.681639
v -0.398093 0.252880 -0.720641
v -0.621433 0.256617 -0.509403
v -0.847087 0.237629 -0.240335
v -0.323781 0.256693 -0.681639
v -0.555544 0.252880 -0.445521
v -0.787307 0.249068 -0.209404
v -0.847597 0.512040 -0.208926
v -0.727528 0.557674 -0.178473
v -0.894244 0.541526 -0.169181
v -0.727528 0.591425 -0.178473
v -0.807574 0.527252 -0.198776
v -0.767551 0.542463 -0.188624
v -0.838672 0.558159 -0.172278
v -0.783100 0.574792 -0.175375
v -0.240544 0.279409 -0.859994
v -0.259295 0.286292 -0.750593
v -0.273189 0.265395 -0.920291
v -0.175255 0.260506 -0.739400
v -0.273189 0.277930 -0.920291
v -0.175255 0.294257 -0.739400
v -0.240544 0.267729 -0.859994
v -0.259295 0.270662 -0.750593
v -0.285710 0.557674 -0.627215
v -0.285710 0.591425 -0.627215
v -0.347250 0.600516 -0.780121
v -0.315397 0.584506 -0.649999
v -0.352041 0.590488 -0.793026
v -0.299848 0.552177 -0.663247
v 0.654380 0.682114 -0.381042
v 0.528620 -0.004775 -1.071648
v 0.654380 0.598697 -0.381042
v 0.710672 0.665516 -0.323761
v 0.689033 0.598697 -0.334323
v 0.654380 0.549736 -0.381042
v 0.707470 0.525752 -0.062172
v 0.707470 0.133369 -0.062172
v 0.654380 -0.004775 -0.381042
v 0.672083 0.699832 -1.074978
v 0.606031 0.555935 -1.066545
v 0.676439 0.674144 -1.117675
v 0.595562 0.595153 -1.119843
v 0.528620 0.406955 -1.071648
v 0.707470 -0.004775 -0.062172
v 0.611462 0.689759 -0.822482
v 0.569036 -0.004775 -0.849707
v 0.777341 0.323326 -1.071648
v 0.707469 0.133369 -0.056100
v 0.720512 0.502918 -0.056098
v 0.720512 0.156203 -0.056098
v 0.707469 0.525752 -0.056100
v 0.720513 0.502918 -0.064381
v 0.720513 0.156203 -0.064381
v 0.548828 -0.004775 -0.960677
v 0.596667 0.680337 -0.987427
v 0.536805 0.680747 -1.048928
v 0.366057 0.668742 -1.071648
v 0.533135 0.600498 -1.061587
v 0.366057 0.606833 -1.060605
v 0.554029 0.674609 -1.109007
v 0.343447 0.667149 -1.109181
v 0.518415 0.627170 -1.098512
v 0.352215 0.608241 -1.111473
v 0.491359 0.546372 -1.035176
v 0.366057 0.549736 -1.057932
v 0.563658 0.644391 -0.865885
v 0.402732 0.670518 -0.846366
v 0.390641 0.668742 -0.960677
v 0.548828 0.668742 -0.960677
v 0.586717 -0.004775 -0.381042
v 0.397372 0.407569 -1.069280
v 0.645505 -0.004775 -0.062181
v 0.493331 0.679755 -0.690072
v 0.492130 -0.004775 -0.849707
v 0.421284 0.143929 -1.072289
v 0.663442 0.502918 -0.056107
v 0.645503 0.525752 -0.056109
v 0.663443 0.502918 -0.064390
v 0.586717 0.682114 -0.381042
v 0.447338 -0.004775 -1.071648
v 0.586717 0.598697 -0.381042
v 0.611417 0.655900 -0.327030
v 0.620591 0.598697 -0.333795
v 0.586717 0.549736 -0.381042
v 0.645505 0.525752 -0.062181
v 0.645505 0.133369 -0.062181
v 0.645504 0.133369 -0.056109
v 0.663442 0.156203 -0.056107
v 0.663443 0.156203 -0.064390
v 0.469735 -0.004775 -0.960677
v 0.446720 0.668492 -1.003313
v 0.449596 0.603666 -1.061096
v 0.448391 0.655921 -1.064652
v 0.447487 0.632932 -1.069967
v 0.428708 0.548054 -1.046554
v 0.464114 0.650027 -0.786016
v 0.469735 0.668742 -0.895463
v -0.385456 0.682459 0.631656
v -0.405740 0.662099 0.540320
v -0.385456 -0.004775 0.631656
v -0.385456 -0.004775 0.417329
v -1.206190 -0.004775 0.537413
v -1.206190 -0.004775 0.264882
v -0.328157 0.682459 0.641435
v -0.335577 0.681956 0.387859
v -0.053378 -0.004775 0.681651
v -0.054114 -0.004775 0.500659
v -1.186813 0.684237 0.318538
v -1.193666 0.649017 0.585348
v -1.206190 0.598697 0.264882
v -1.193666 0.565255 0.585348
v -0.385456 0.598697 0.417329
v -0.385456 0.598697 0.631656
v -1.247530 0.668717 0.338002
v -1.263629 0.622892 0.614892
v -1.265362 0.598697 0.264882
v -1.252838 0.565255 0.585348
v -0.329313 0.598697 0.433147
v -0.328157 0.598697 0.641435
v -1.206190 0.549736 0.264882
v -1.193666 0.516294 0.585348
v -0.385456 0.549736 0.417329
v -0.385456 0.549736 0.631656
v -0.058436 0.529051 0.504903
v -0.053378 0.525752 0.681651
v -0.968235 0.676387 0.184878
v -0.942429 0.682459 0.567700
v -0.942429 -0.004775 0.313874
v -0.942429 -0.004775 0.567701
v -1.206190 0.141603 0.264882
v -1.206190 0.141603 0.537413
v -0.054114 0.133369 0.500659
v -0.053378 0.133369 0.681651
v -0.047306 0.133369 0.681627
v -0.048042 0.133369 0.500634
v -0.048041 0.525752 0.500634
v -0.047306 0.525752 0.681627
v -0.047337 0.156203 0.674015
v -0.048011 0.156203 0.508246
v -0.048011 0.502918 0.508246
v -0.047337 0.502918 0.674015
v -0.291561 0.156203 0.674049
v -0.292234 0.156203 0.508279
v -0.292234 0.502918 0.508279
v -0.291561 0.502918 0.674049
v -1.074309 -0.004775 0.552557
v -1.074310 -0.004775 0.289378
v -1.074310 0.682459 0.552557
v -1.074310 0.682459 0.289378
v -0.017816 0.682459 -0.186361
v -0.201636 0.682459 0.008320
v -0.875014 -0.005968 -0.348046
v -0.479706 -0.016518 -0.747318
v -0.017816 -0.004775 -0.186361
v -0.201636 -0.004775 0.008320
v -0.017816 0.598697 -0.186361
v -0.201636 0.598697 0.008320
v 0.016130 0.682459 -0.142850
v -0.157170 0.682459 0.041005
v 0.021332 0.627184 -0.157952
v -0.140142 0.621136 0.017101
v -0.017816 0.549736 -0.186361
v -0.201636 0.549736 0.008320
v 0.182566 -0.004775 0.065014
v 0.063858 -0.004775 0.192341
v 0.178606 0.543115 0.064584
v 0.055656 0.544202 0.195707
v -0.349231 -0.004775 -0.546455
v -0.645830 -0.004775 -0.243204
v -0.349950 0.689004 -0.535696
v -0.646190 0.685731 -0.237824
v 0.182566 0.133369 0.065014
v 0.063858 0.133369 0.192341
v -0.535372 0.109074 -0.691109
v -0.825283 0.084158 -0.408467
v -0.362264 0.664742 -0.558707
v -0.653276 0.673516 -0.253569
v -0.359346 0.549717 -0.552425
v -0.653891 0.549717 -0.253263
v -0.653911 0.600336 -0.253255
v -0.359366 0.600336 -0.552416
v -0.450946 0.168457 -0.758403
v -0.816595 0.170851 -0.394260
v 0.068300 0.133369 0.196481
v 0.187007 0.133369 0.069155
v 0.184262 0.527888 0.074070
v 0.069895 0.527329 0.192989
v 0.073490 0.156203 0.190914
v 0.181817 0.156203 0.074722
v 0.181817 0.502918 0.074722
v 0.073490 0.502918 0.190914
v -0.354197 0.176517 -0.552525
v -0.651317 0.162802 -0.253313
v 0.067431 0.156203 0.185265
v 0.175758 0.156203 0.069073
v 0.175758 0.502918 0.069073
v 0.067431 0.502918 0.185265
v -0.754094 0.158018 -0.308709
v -0.433665 0.166948 -0.633752
v -0.751007 -0.004775 -0.302760
v -0.427704 -0.004775 -0.631718
vn -0.0193 -0.9998 -0.0000
vn 0.0030 1.0000 -0.0000
vn -0.0000 0.9542 0.2993
vn -0.0000 0.9985 -0.0539
vn -0.0000 -1.0000 -0.0000
vn 0.0206 0.9996 0.0196
vn -0.9603 -0.2179 -0.1744
vn 0.0048 1.0000 0.0046
vn -0.7126 -0.0002 -0.7016
vn -0.1949 0.5844 0.7877
vn -0.0000 1.0000 -0.0000
vn 0.0071 -1.0000 0.0070
vn -0.0247 0.9997 -0.0000
vn 0.9994 -0.0340 -0.0000
vn -0.0000 -0.0000 1.0000
vn -0.8856 -0.0000 0.4645
vn -1.0000 -0.0000 -0.0000
vn -0.6244 -0.7811 -0.0000
vn 0.0561 -0.0314 -0.9979
vn -0.0000 0.8867 0.4624
vn -0.9293 -0.0000 0.3694
vn 0.5857 0.6465 0.4888
vn 0.8988 -0.0000 0.4383
vn 0.1355 0.9627 0.2342
vn 0.0306 -0.0996 0.9946
vn 0.0129 -0.0880 -0.9960
vn -0.9947 -0.1008 -0.0179
vn 1.0000 -0.0000 0.0038
vn 0.7348 -0.0594 0.6757
vn 1.0000 -0.0000 -0.0056
vn -0.3681 -0.0000 -0.9298
vn -0.2583 0.3328 0.9069
vn -0.0000 -0.9427 0.3337
vn -0.2805 0.9524 -0.1192
vn -0.0000 -0.8119 0.5837
vn 0.2129 -0.9562 0.2011
vn -0.1719 0.9839 0.0491
vn 0.0178 0.9997 0.0168
vn 0.0533 0.0153 -0.9985
vn -0.9675 -0.0000 0.2527
vn -0.0000 0.2040 0.9790
vn 0.9322 -0.0608 -0.3567
vn 0.7271 -0.0000 0.6865
vn 1.0000 -0.0000 -0.0000
vn 0.2386 -0.9695 0.0564
vn 0.7314 -0.0000 0.6819
vn 0.0140 0.9999 -0.0000
vn -0.2823 -0.0000 0.9593
vn -0.0703 0.0491 0.9963
vn 0.6678 -0.2404 0.7044
vn -0.0000 0.9972 0.0750
vn 0.2377 -0.1169 -0.9643
vn 0.1244 -0.9342 0.3343
vn 0.1149 -0.1358 -0.9840
vn 0.0120 -0.1599 0.9871
vn -0.0000 0.1164 -0.9932
vn -0.0000 0.9905 -0.1376
vn -0.0000 0.9999 0.0121
vn -0.0011 0.9602 0.2793
vn 0.9994 -0.0000 -0.0355
vn 0.9975 -0.0000 -0.0703
vn -0.9994 0.0334 -0.0000
vn -0.4029 0.9017 -0.1567
vn -0.9851 -0.1692 -0.0297
vn -0.9984 -0.0000 -0.0557
vn 0.0011 1.0000 -0.0099
vn 0.0391 -0.9992 -0.0000
vn 0.9952 -0.0967 0.0118
vn -0.0000 0.0223 0.9998
vn 0.6810 0.7323 0.0011
vn 0.9968 -0.0589 0.0550
vn -0.4509 -0.1585 0.8784
vn -0.0000 0.8931 0.4498
vn 0.9999 -0.0000 -0.0113
vn -0.1111 -0.9852 -0.1302
vn -0.7090 -0.1001 -0.6981
vn 0.0126 0.9988 0.0467
vn -0.0135 0.9997 -0.0218
vn -0.0000 -0.0882 0.9961
vn 0.9928 0.1175 0.0252
vn -0.0000 0.2643 -0.9644
vn -0.0003 -0.0000 1.0000
vn 0.6415 0.3579 0.6785
vn -0.0522 -0.0304 0.9982
vn -0.1409 -0.0000 0.9900
vn 0.9993 -0.0138 -0.0338
vn -0.0000 -0.2507 0.9681
vn -0.7246 -0.0604 -0.6865
vn 0.0496 0.0447 -0.9978
vn -0.5961 -0.0149 -0.8028
vn -0.7073 -0.0227 -0.7066
vn -0.6678 -0.0000 -0.7443
vn -0.7073 -0.0000 -0.7069
vn 0.0054 0.9998 -0.0211
vn 0.1060 0.9784 0.1774
vn -0.5200 0.6811 -0.5155
vn -0.7121 -0.0019 -0.7020
vn -0.8089 -0.0065 -0.5879
vn -0.6925 0.1837 -0.6976
vn -0.7093 -0.0096 -0.7048
vn 0.2283 0.0001 -0.9736
vn 0.2281 0.0215 -0.9734
vn 0.2283 -0.0000 -0.9736
vn -0.9113 -0.0002 0.4117
vn -0.9273 0.0721 0.3672
vn -0.1060 0.9914 -0.0773
vn -0.0000 -0.0043 -1.0000
vn -0.0004 -0.0000 1.0000
vn -0.6986 0.7152 0.0218
vn 0.0304 0.7902 0.6121
vn -0.0430 -0.0000 0.9991
vn 0.0870 -0.1380 0.9866
vn -0.0027 -0.6920 -0.7219
vn -0.0094 0.9995 0.0286
vn -0.0743 0.0046 -0.9972
vn -0.3005 0.9331 -0.1976
vn -0.4436 -0.8011 -0.4018
vn 0.3397 0.9395 -0.0434
vn -0.0546 0.9985 0.0089
vn 1.0000 -0.0000 0.0002
vn -0.9855 -0.0160 0.1689
vn -0.0628 0.9980 -0.0000
vn -0.0040 -0.0000 -1.0000
vn 0.0041 -0.0000 1.0000
vn 0.6814 0.0369 -0.7310
vn 0.5484 0.0020 0.8362
vn 0.6448 0.4439 0.6222
vn 0.0469 -0.0000 -0.9989
vn -0.9996 0.0004 -0.0269
vn -0.0101 0.4968 0.8678
vn 0.1985 -0.0000 0.9801
vn -0.0002 -0.0000 1.0000
vn -0.0001 -0.0000 1.0000
vn -0.0003 0.0001 1.0000
vn 1.0000 -0.0000 -0.0041
vn 0.7305 0.0497 0.6811
vn -0.0005 -0.2825 0.9593
vn -0.2848 -0.0000 0.9586
vn -0.0005 0.0003 1.0000
vn 0.9972 -0.0000 -0.0748
vn -0.0005 -0.0000 1.0000
vn -0.6819 -0.0000 0.7314
vn -1.0000 -0.0000 -0.0002
vn 0.6819 -0.0000 -0.7314
vn 0.0001 -0.0000 1.0000
vn 0.0047 1.0000 -0.0000
vn -0.1129 -0.9922 -0.0527
vn -0.0888 0.9952 -0.0414
vn -0.7155 -0.0000 -0.6986
vn 0.7126 -0.0000 0.7016
vn 0.9248 -0.0000 -0.3804
vn -0.2691 -0.9429 -0.1961
vn -0.0804 0.9950 -0.0586
vn -0.7546 -0.0000 -0.6561
vn -0.0416 0.0220 0.9989
vn 0.9731 -0.0000 -0.2303
vn 0.1095 -0.9881 0.1078
vn -0.0266 0.9996 0.0013
vn 0.0744 -0.0000 0.9972
vn 0.9988 -0.0000 -0.0485
vn -0.0000 -0.9976 0.0697
vn -0.0000 0.9976 -0.0697
vn -0.9997 -0.0000 0.0235
vn 0.9991 -0.0000 0.0431
vn -0.0000 -0.9859 0.1676
vn -0.0000 -0.9765 0.2154
vn -0.0000 0.9968 -0.0801
vn 0.1805 0.1177 -0.9765
vn -0.0889 0.9896 -0.1132
vn -0.8913 -0.0048 0.4533
vn -0.9113 -0.0000 0.4117
vn 0.2283 0.0157 -0.9735
vn 0.2284 -0.0119 -0.9735
vn -0.6412 0.7168 0.2739
vn -0.0000 -0.0928 0.9957
vn 0.0055 0.9923 -0.1241
vn 0.0202 0.9998 0.0050
vn -0.0000 0.0397 0.9992
vn -0.2698 0.9629 -0.0000
vn 0.9899 -0.0431 0.1347
vn 0.6808 0.7325 -0.0049
vn 0.9758 -0.1159 -0.1853
vn -0.9345 -0.0192 0.3554
vn 0.9995 -0.0324 -0.0029
vn -0.2705 -0.0776 0.9596
vn -0.7187 -0.1440 -0.6802
vn -0.2898 0.9179 -0.2709
vn 0.2837 -0.9221 0.2631
vn -0.2621 -0.0000 0.9650
vn -0.0902 0.9952 0.0371
vn -0.0858 0.9957 0.0353
vn -0.0129 -0.9989 0.0456
vn -0.0409 -0.9990 0.0198
vn -0.0459 -0.0000 0.9989
vn -0.0440 0.0098 0.9990
vn -0.0033 1.0000 0.0008
vn 0.0157 0.9999 -0.0037
vn -0.2676 -0.9337 -0.2379
vn 0.0891 -0.9843 0.1526
vn 0.2967 -0.9288 0.2219
vn 0.2934 -0.9272 0.2328
vn -0.2906 0.9256 -0.2427
vn -0.2902 0.9219 -0.2568
vn 0.9547 -0.0000 -0.2974
vn -0.0243 0.9909 -0.1326
vn -0.9664 -0.0000 -0.2570
vn -0.1881 -0.9599 -0.2077
vn -0.1808 -0.9717 -0.1522
vn -0.1572 -0.9855 -0.0634
vn -0.9574 -0.0157 -0.2884
vn -0.1816 -0.9731 -0.1420
vn -0.9997 -0.0149 -0.0197
vn 0.1366 0.9839 0.1150
vn 0.1063 0.9907 0.0851
vn 0.1857 -0.9176 -0.3515
vn 0.1371 0.9847 0.1073
vn 0.1142 0.9916 0.0611
vn 0.0287 -0.6301 -0.7760
vn -0.7160 -0.0771 -0.6939
vn -0.7800 -0.0493 -0.6239
vn -0.7039 -0.0069 -0.7103
vn 0.1361 0.9830 0.1236
vn 0.1040 0.9903 0.0920
vn 0.0935 0.9951 0.0326
vn -0.1800 -0.9700 -0.1636
vn -0.1377 -0.9829 -0.1219
vn -0.0519 -0.9895 -0.1346
vn 0.1728 -0.9751 0.1391
vn 0.1566 -0.9857 0.0618
vn -0.0364 -0.9991 -0.0209
vn 0.0789 -0.9918 0.1010
vn -0.1728 0.9751 -0.1391
vn -0.1265 0.9847 -0.1197
vn -0.1813 0.9780 -0.1037
vn -0.0889 0.9933 0.0738
vn -0.6613 -0.0000 -0.7501
vn -0.1694 0.9740 -0.1506
vn -0.1305 0.9851 -0.1121
vn -0.0512 0.9981 -0.0341
vn 0.1694 -0.9740 0.1506
vn 0.1305 -0.9851 0.1122
vn 0.0833 -0.9931 0.0820
vn -0.3419 0.8880 -0.3074
vn -0.3425 0.8925 -0.2934
vn 0.3419 -0.8881 0.3073
vn 0.3424 -0.8920 0.2952
vn 0.3413 -0.8836 0.3206
vn -0.3413 0.8833 -0.3214
vn -0.6983 -0.1663 -0.6962
vn -0.7304 -0.0000 -0.6830
vn -0.7146 -0.0000 -0.6995
vn -0.7662 -0.0000 -0.6426
vn -0.0060 0.9978 -0.0657
vn 0.1643 -0.9853 -0.0459
vn 0.1092 -0.9919 -0.0649
vn -0.1920 0.6814 -0.7063
vn -0.2377 0.9683 -0.0771
vn -0.6227 0.7128 -0.3228
vn -0.7447 -0.0000 -0.6674
vn -0.2379 0.9482 -0.2106
vn 0.2104 -0.9554 0.2072
vn 0.4647 -0.0000 -0.8855
vn 0.1363 -0.0000 -0.9907
vn -0.9856 -0.0000 -0.1689
vn -0.8794 -0.0000 0.4761
vn 0.0646 0.9979 -0.0024
vn -0.0003 -0.0001 1.0000
vn -0.0011 1.0000 -0.0000
vn 0.0657 0.9844 -0.1630
vn -0.0435 0.2244 -0.9735
vn -0.0602 -0.0259 -0.9978
vn -0.1697 -0.1526 -0.9736
vn 0.0215 0.9998 -0.0008
vn -0.0000 -0.0000 -1.0000
vn -0.0000 0.8996 0.4366
vn 0.0077 -0.1162 0.9932
vn -0.1509 0.9766 0.1534
vn 0.1534 0.9727 0.1742
vn 0.4007 0.1914 -0.8960
vn -0.0151 -0.2477 -0.9687
vn 0.1670 0.9668 -0.1936
vn 0.0023 1.0000 -0.0028
vn -0.0343 -0.8166 -0.5762
vn 0.2796 0.9539 -0.1094
vn -0.1659 0.9751 -0.1472
vn 0.0456 -0.1441 -0.9885
vn -0.2321 -0.2760 -0.9327
vn 0.1022 -0.0760 -0.9919
vn 0.3530 -0.9277 -0.1217
vn -0.0699 0.0988 -0.9926
vn 0.4229 0.8998 -0.1071
vn -0.0167 -0.2911 -0.9565
vn -0.0621 0.9878 0.1428
vn -0.2314 0.9518 -0.2014
vn -0.0214 -0.4250 -0.9049
vn -0.4000 0.0988 -0.9112
vn 0.1800 0.9592 0.2182
vn 0.0378 0.9988 0.0298
vn -0.1311 0.0278 0.9910
vn 0.1718 0.2375 0.9561
vn -0.0791 0.8821 0.4643
vn -0.0163 0.2490 -0.9684
vn -0.0587 0.9980 0.0230
vn 0.4732 0.8604 -0.1891
vn 0.0007 0.0021 -1.0000
vn 0.0029 -0.0022 -1.0000
vn 0.0014 1.0000 -0.0055
vn 0.0158 0.9999 -0.0000
vn 0.7253 0.6885 -0.0029
vn 0.3020 0.9533 -0.0012
vn -0.9983 -0.0588 -0.0000
vn -0.0118 0.9989 0.0461
vn 0.0370 0.9991 -0.0183
vn -0.9801 0.1987 -0.0000
vn -0.9992 -0.0000 0.0390
vn -0.9774 -0.2087 0.0331
vn -0.9803 0.1890 0.0580
vn 0.9240 0.3811 0.0301
vn 0.9978 0.0591 -0.0293
vn 0.1919 -0.9814 -0.0000
vn -0.3425 0.9394 0.0152
vn -0.2087 0.9703 0.1227
vn -0.9994 -0.0197 0.0288
vn 0.0720 0.9974 -0.0000
vn 0.0631 0.9980 -0.0000
vn 0.0390 0.9991 -0.0185
vn 0.0385 0.9735 -0.2255
vn -0.0000 -0.9891 0.1473
vn -0.0000 -0.9946 -0.1038
vn 0.1771 0.9706 0.1627
vn 0.0163 0.9998 0.0098
vn 0.7304 -0.0538 0.6809
vn 0.5375 0.6802 0.4984
vn 0.5891 0.5735 0.5693
vn -0.0052 0.9997 0.0223
vn -0.0400 0.9991 -0.0120
vn -0.7096 -0.0000 -0.7046
vn -0.7095 -0.0046 -0.7047
vn -0.7104 -0.2329 -0.6641
vn -0.6915 0.1948 -0.6956
vn -0.4246 0.7979 -0.4279
vn -0.4940 0.7171 -0.4917
vn -0.7065 0.0946 -0.7014
vn -0.6985 0.0106 -0.7155
vn -0.7126 0.0032 -0.7016
vn 0.0102 0.9999 0.0096
vn 0.0153 0.9998 0.0144
vn 0.4415 -0.7946 0.4168
vn 0.2941 -0.9146 0.2777
vn 0.7258 -0.1826 0.6632
vn 0.7322 -0.1145 0.6714
vn 0.0247 -0.9996 -0.0115
vn 0.0706 -0.9951 0.0693
vn 0.0072 0.9998 0.0182
vn 0.0099 0.9999 0.0093
vn -0.0000 -1.0000 -0.0052
vn 0.0085 0.9999 -0.0089
vn 0.0146 0.9470 0.3210
vn -0.0466 0.9989 0.0018
vn 0.0122 0.9998 0.0158
vn -0.8954 -0.4452 -0.0000
vn -0.0022 1.0000 0.0088
vn -0.1264 -0.0494 0.9907
vn -0.0007 -1.0000 0.0028
vn -0.0059 0.9912 -0.1324
vn 0.8908 -0.3436 -0.2974
vn -0.9111 -0.0197 0.4116
vn -0.3912 -0.9193 0.0428
vn -0.0152 -0.1204 -0.9926
vn 0.0666 0.7751 0.6284
vn -0.3257 0.3257 0.8876
vn 0.6518 0.4428 0.6157
vn 0.8680 0.4039 0.2887
vn 0.0503 0.9481 -0.3140
vn 0.0839 -0.1883 0.9785
vn 0.0941 0.3490 -0.9324
vn -0.9965 -0.0760 -0.0343
vn 1.0000 -0.0081 -0.0000
vn 0.7275 -0.0213 0.6858
vn -0.2551 0.1759 -0.9508
vn -0.1737 0.4026 0.8988
vn 0.1072 -0.9884 0.1072
vn 0.3077 0.9386 -0.1559
vn -0.1606 0.9858 -0.0487
vn -0.0929 -0.9936 0.0643
vn 0.3011 -0.9214 0.2459
vn -0.0012 1.0000 0.0030
vn 0.0202 0.9997 0.0106
vn 0.0544 0.0144 -0.9984
vn -0.9924 -0.1229 -0.0000
vn 0.2698 -0.1224 0.9551
vn 0.9662 0.1791 -0.1854
vn -0.0063 1.0000 -0.0033
vn 0.0392 0.9953 0.0888
vn -0.0000 0.0869 0.9962
vn -0.0021 -0.1147 0.9934
vn 0.9965 0.0831 -0.0000
vn 0.0023 -0.0649 -0.9979
vn -0.1613 -0.9507 -0.2650
vn -0.0601 -0.8096 -0.5839
vn 0.0506 0.0039 -0.9987
vn 0.0258 -0.1004 0.9946
vn 0.0303 0.1288 -0.9912
vn 0.0810 0.9350 -0.3452
vn 0.0034 0.9547 0.2975
vn 0.0344 -0.9970 0.0695
vn 0.9962 0.0873 -0.0040
vn -0.1225 0.9587 -0.2567
vn -0.9946 -0.1013 -0.0214
vn -0.0000 -0.9999 -0.0160
vn 0.9982 -0.0123 0.0590
vn -0.2248 0.0629 0.9724
vn 0.4114 0.9094 -0.0613
vn 0.9898 -0.1335 0.0493
vn -0.6099 0.4121 0.6769
vn -0.0666 0.0666 0.9956
vn -0.2175 -0.9219 -0.3205
vn 0.9996 -0.0295 -0.0000
vn -0.0269 -0.8466 0.5315
vn -0.7077 -0.2292 -0.6683
vn 0.0145 0.9985 0.0532
vn -0.0121 0.9997 -0.0232
vn -0.1111 -0.1679 0.9795
vn 1.0000 -0.0000 -0.0034
vn 0.2529 -0.0000 -0.9675
vn 0.9918 -0.1277 -0.0000
vn -0.0832 -0.0000 0.9965
vn -0.1996 -0.0576 0.9782
vn 1.0000 0.0059 -0.0000
vn 0.3004 0.2034 0.9319
vn -0.7167 -0.0088 -0.6973
vn -0.9423 0.2529 0.2193
vn -0.0000 -0.1612 -0.9869
vn -0.6687 -0.0062 -0.7435
vn -0.8535 -0.0000 -0.5212
vn -0.6934 0.0354 -0.7196
vn -0.8019 -0.0233 -0.5970
vn -0.5731 0.7124 0.4049
vn -0.4988 0.7162 -0.4882
vn -0.5157 -0.0151 -0.8566
vn -0.6737 0.0180 -0.7388
vn -0.7207 0.0460 -0.6917
vn -0.7125 -0.0150 -0.7015
vn 0.2283 0.0002 -0.9736
vn 0.2482 0.0542 -0.9672
vn -0.9114 -0.0004 0.4116
vn -0.9112 -0.0146 0.4117
vn -0.0827 0.9959 -0.0364
vn -0.0697 0.0216 -0.9973
vn -0.0873 0.9615 0.2607
vn 0.1318 0.9896 -0.0568
vn -0.0000 0.2989 0.9543
vn 0.0408 0.4299 0.9020
vn 0.0168 -0.7964 -0.6045
vn 0.0046 0.9993 0.0379
vn 0.0170 -0.0201 -0.9997
vn -0.3370 0.8116 -0.4772
vn -0.4871 -0.7464 -0.4535
vn 0.2914 0.9544 -0.0645
vn 0.0447 0.9989 0.0142
vn -0.9999 -0.0111 -0.0002
vn 0.1175 0.5043 0.8555
vn -0.3568 0.0055 -0.9342
vn 0.9910 0.0007 0.1342
vn -0.6816 0.0324 0.7311
vn 0.6897 0.3311 0.6440
vn -0.0001 0.0318 -0.9995
vn -0.0126 0.5348 0.8449
vn 0.0138 -0.0140 0.9998
vn 0.0913 -0.1568 0.9834
vn 0.4282 -0.0228 0.9034
vn 0.4836 0.0192 0.8751
vn 0.7123 0.1497 0.6857
vn -0.0205 -0.0203 0.9996
vn -0.0145 -0.0143 0.9998
vn -0.0004 -0.0002 1.0000
vn 0.9995 0.0317 -0.0041
vn -0.0000 1.0000 -0.0071
vn -0.7538 -0.0226 -0.6567
vn -0.0451 0.0366 0.9983
vn 0.0225 -0.9997 -0.0011
vn -0.1305 0.9831 -0.1285
vn -0.0178 -0.9909 0.1334
vn 0.0404 0.9921 -0.1187
vn 0.0127 0.9933 -0.1152
vn -0.9754 -0.2203 0.0020
vn 0.0823 -0.9733 0.2143
vn -0.1528 -0.9766 0.1511
vn -0.0943 0.9859 -0.1383
vn 0.0164 0.0831 -0.9964
vn -0.0137 0.9998 0.0140
vn -0.9087 0.0791 0.4098
vn -0.9114 -0.0002 0.4116
vn 0.2737 -0.0000 -0.9618
vn 0.2485 0.0211 -0.9684
vn -0.9324 0.3326 0.1414
vn 0.9965 -0.0507 0.0668
vn 0.0048 -0.0904 0.9959
vn 0.1059 0.9942 -0.0194
vn -0.0223 0.9811 -0.1920
vn 0.0530 0.0283 0.9982
vn 0.0065 0.9891 -0.1469
vn 0.9984 0.0567 -0.0064
vn 0.2574 0.8888 0.3793
vn 0.9790 -0.0000 -0.2041
vn 0.0045 0.8874 0.4609
vn -0.2745 -0.0608 0.9597
vn -0.7057 -0.2001 -0.6797
vn -0.2375 0.9428 -0.2338
vn -0.0945 0.9952 0.0268
vn -0.1317 0.9877 -0.0847
vn -0.0271 -0.9996 0.0112
vn -0.0419 -0.9990 0.0172
vn -0.0490 0.0097 0.9988
vn -0.0472 0.0216 0.9987
vn -0.1114 0.9855 -0.1279
vn 0.1121 0.9855 0.1272
vn -0.0599 -0.9981 0.0142
vn -0.0207 -0.9998 0.0049
vn 0.2367 -0.9550 0.1789
vn 0.1605 -0.9769 0.1409
vn -0.2380 0.9492 -0.2058
vn -0.2378 0.9461 -0.2198
vn 0.0762 0.9917 0.1034
vn -0.0551 -0.9861 0.1567
vn -0.0395 -0.9989 -0.0255
vn -0.9578 -0.0077 -0.2873
vn -0.1408 -0.9836 -0.1128
vn -0.4392 -0.8403 -0.3179
vn -0.9996 -0.0229 -0.0160
vn 0.0718 0.9956 0.0605
vn -0.0330 -0.0193 -0.9993
vn 0.0429 0.9988 0.0230
vn 0.6152 0.0049 -0.7883
vn -0.7124 -0.1119 -0.6928
vn -0.7771 -0.0800 -0.6242
vn -0.7042 -0.0142 -0.7098
vn 0.1014 0.9898 0.0998
vn 0.0673 0.9955 0.0663
vn -0.0868 0.9926 -0.0854
vn -0.1342 -0.9821 -0.1321
vn -0.0891 -0.9922 -0.0877
vn -0.2833 -0.9176 -0.2789
vn 0.1305 -0.9851 0.1121
vn -0.0210 -0.9991 -0.0368
vn 0.0394 -0.9990 0.0226
vn 0.0674 -0.9943 0.0829
vn -0.1524 0.9792 -0.1338
vn -0.0394 0.9990 -0.0226
vn -0.2344 0.9586 -0.1616
vn -0.1248 0.9845 -0.1229
vn -0.0833 0.9931 -0.0820
vn 0.1248 -0.9845 0.1229
vn 0.0512 -0.9981 0.0341
vn 0.2872 -0.9241 0.2522
vn 0.2797 -0.9197 0.2754
vn -0.2894 0.9138 -0.2849
vn -0.7240 -0.0000 -0.6898
vn -0.0832 0.9932 -0.0819
vn -0.1057 -0.9889 -0.1040
vn 0.5704 0.3240 -0.7547
vn -0.8119 -0.0177 -0.5836
vn -0.4302 0.7832 -0.4489
vn 0.1259 -0.9869 0.1011
vn -0.0213 0.9796 0.1998
vn 0.0228 0.9996 0.0151
vn -0.0309 0.8551 -0.5176
vn -0.1142 0.0932 -0.9891
vn -0.0298 0.0579 -0.9979
vn -0.0500 -0.1486 -0.9876
vn -0.0017 0.9984 -0.0569
vn -0.1017 0.9243 0.3678
vn -0.0180 -0.1504 0.9885
vn -0.1161 0.9860 0.1196
vn 0.0140 0.9998 -0.0170
vn 0.3776 0.0921 -0.9214
vn 0.1773 -0.0460 -0.9831
vn 0.1640 0.9764 -0.1402
vn 0.0038 1.0000 -0.0008
vn -0.3773 -0.2934 -0.8784
vn 0.5039 0.8612 -0.0667
vn -0.0334 0.8549 -0.5177
vn 0.3757 0.0918 -0.9222
vn -0.2733 0.1744 -0.9460
vn 0.1066 -0.0465 -0.9932
vn -0.0006 -0.6904 -0.7234
vn -0.2703 -0.0100 -0.9627
vn 0.3194 0.9189 -0.2314
vn 0.2924 -0.9504 -0.1059
vn -0.0016 1.0000 -0.0020
vn -0.2390 0.9567 -0.1663
vn 0.1621 -0.3062 -0.9381
vn -0.3481 0.2241 -0.9103
vn 0.1951 0.9650 0.1750
vn 0.2119 0.9767 0.0344
vn -0.0914 0.8687 0.4868
vn -0.0000 1.0000 -0.0076
vn 0.5463 0.7385 -0.3952
vn -0.0180 0.0098 -0.9998
vn -0.2368 0.9640 0.1212
vn 0.3276 0.9423 0.0696
vn 0.0001 0.9998 0.0187
vn -0.9996 -0.0000 0.0271
vn -0.0123 0.9982 0.0595
vn 0.0256 0.9745 -0.2229
vn -0.9983 -0.0000 0.0590
vn -0.9992 -0.0000 0.0391
vn -0.9846 0.1346 0.1112
vn -0.9864 -0.1431 -0.0810
vn 0.9825 0.1405 0.1225
vn 0.0185 -0.9977 -0.0657
vn -0.2529 0.9673 -0.0176
vn -0.2942 0.9455 0.1394
vn -0.9987 0.0280 0.0420
vn 0.0719 0.9974 -0.0003
vn 0.0695 0.9974 0.0166
vn 0.0572 0.9984 -0.0000
vn -0.2608 0.9654 0.0057
vn 0.0709 0.9927 0.0971
vn 0.7133 -0.1464 0.6853
vn 0.7199 0.0471 0.6925
vn 0.6524 0.4526 0.6079
vn -0.0464 0.9989 -0.0003
vn -0.7126 -0.0047 -0.7016
vn -0.7126 -0.0096 -0.7016
vn -0.6850 0.1714 -0.7081
vn -0.6943 0.1836 -0.6959
vn -0.0254 0.9996 -0.0143
vn -0.4335 0.7960 -0.4224
vn -0.6947 0.0139 -0.7192
vn -0.7095 -0.0780 -0.7004
vn -0.7199 0.0842 -0.6890
vn -0.7215 -0.0994 -0.6852
vn 0.0164 0.9998 0.0071
vn 0.3883 -0.8611 0.3284
vn 0.7226 -0.1181 0.6811
vn 0.7261 -0.0652 0.6845
vn -0.0000 -0.9997 0.0264
vn 0.0008 0.9999 0.0118
vt 0.685450 0.049295
vt 0.688854 0.048396
vt 0.689099 0.049308
vt 0.699656 0.097255
vt 0.698090 0.103804
vt 0.696837 0.102543
vt 0.672614 0.104382
vt 0.671362 0.104686
vt 0.672414 0.103641
vt 0.667151 0.097931
vt 0.666948 0.100144
vt 0.665892 0.099181
vt 0.337102 0.113573
vt 0.342791 0.116660
vt 0.342047 0.117987
vt 0.673705 0.093711
vt 0.680020 0.096091
vt 0.676994 0.098953
vt 0.311574 0.122665
vt 0.308803 0.123116
vt 0.310308 0.121431
vt 0.669267 0.054164
vt 0.668288 0.053474
vt 0.669013 0.052928
vt 0.689085 0.089793
vt 0.690769 0.096437
vt 0.687186 0.096321
vt 0.320068 0.078963
vt 0.316385 0.079573
vt 0.316389 0.078896
vt 0.350622 0.115296
vt 0.348361 0.115002
vt 0.350696 0.114926
vt 0.683603 0.096206
vt 0.680310 0.096827
vt 0.323584 0.032539
vt 0.322274 0.036957
vt 0.320012 0.032844
vt 0.318614 0.114780
vt 0.323942 0.112819
vt 0.324777 0.114378
vt 0.672294 0.090823
vt 0.676004 0.085932
vt 0.676563 0.086494
vt 0.341860 0.131279
vt 0.343688 0.133139
vt 0.342304 0.133122
vt 0.325868 0.122108
vt 0.333323 0.121452
vt 0.333324 0.122108
vt 0.309063 0.073946
vt 0.307547 0.078758
vt 0.307576 0.073753
vt 0.336150 0.119120
vt 0.333894 0.119761
vt 0.333898 0.119106
vt 0.695748 0.066575
vt 0.689252 0.066040
vt 0.695521 0.065785
vt 0.323756 0.127435
vt 0.321094 0.124970
vt 0.325392 0.125296
vt 0.325101 0.112906
vt 0.326583 0.112251
vt 0.326583 0.112906
vt 0.707283 0.054960
vt 0.708678 0.054204
vt 0.707470 0.055403
vt 0.685243 0.055046
vt 0.685438 0.054120
vt 0.685438 0.054850
vt 0.689902 0.053645
vt 0.690475 0.052528
vt 0.690433 0.053257
vt 0.692698 0.055046
vt 0.692629 0.054850
vt 0.329795 0.115598
vt 0.332428 0.115343
vt 0.329724 0.115849
vt 0.334067 0.115037
vt 0.333987 0.115763
vt 0.349516 0.126472
vt 0.344748 0.129935
vt 0.343233 0.129417
vt 0.704952 0.058676
vt 0.706445 0.059618
vt 0.704777 0.059582
vt 0.693310 0.050024
vt 0.689562 0.049397
vt 0.694452 0.049046
vt 0.696007 0.060646
vt 0.694396 0.059618
vt 0.696142 0.059673
vt 0.687418 0.067087
vt 0.685728 0.066309
vt 0.687375 0.065967
vt 0.695876 0.050149
vt 0.698476 0.050987
vt 0.695505 0.050977
vt 0.708392 0.050072
vt 0.706801 0.051193
vt 0.706788 0.050072
vt 0.686911 0.054942
vt 0.686161 0.055531
vt 0.685789 0.054942
vt 0.684451 0.055046
vt 0.685243 0.053924
vt 0.672020 0.047921
vt 0.670263 0.047209
vt 0.672038 0.047137
vt 0.695788 0.066756
vt 0.696880 0.067661
vt 0.695531 0.067697
vt 0.699218 0.063824
vt 0.698490 0.065664
vt 0.698415 0.063835
vt 0.665227 0.099306
vt 0.664845 0.098127
vt 0.704293 0.094462
vt 0.706086 0.094948
vt 0.705536 0.095721
vt 0.688946 0.058569
vt 0.688112 0.054100
vt 0.688753 0.053846
vt 0.683344 0.049140
vt 0.680827 0.047904
vt 0.680639 0.046786
vt 0.692040 0.098663
vt 0.694148 0.099441
vt 0.325649 0.058499
vt 0.323539 0.062543
vt 0.322077 0.058202
vt 0.321319 0.131380
vt 0.326355 0.130616
vt 0.336437 0.113912
vt 0.333929 0.113641
vt 0.330748 0.126233
vt 0.341114 0.128608
vt 0.343588 0.130994
vt 0.333647 0.123719
vt 0.330331 0.124455
vt 0.330323 0.123799
vt 0.343319 0.123719
vt 0.341672 0.124374
vt 0.341664 0.123719
vt 0.342633 0.128913
vt 0.347918 0.125220
vt 0.343611 0.130081
vt 0.337490 0.029824
vt 0.339661 0.027954
vt 0.339657 0.029803
vt 0.320096 0.126969
vt 0.312840 0.123898
vt 0.315103 0.121364
vt 0.703095 0.095760
vt 0.699502 0.094648
vt 0.700611 0.093261
vt 0.334711 0.061231
vt 0.330732 0.063169
vt 0.332795 0.059095
vt 0.325463 0.116669
vt 0.326585 0.118371
vt 0.340820 0.020633
vt 0.338971 0.025093
vt 0.337900 0.021005
vt 0.334255 0.035077
vt 0.329238 0.036318
vt 0.330728 0.031929
vt 0.341479 0.128891
vt 0.343326 0.124374
vt 0.343749 0.128837
vt 0.319535 0.066207
vt 0.314097 0.065355
vt 0.317209 0.062565
vt 0.332796 0.130972
vt 0.333301 0.127033
vt 0.334537 0.131182
vt 0.688640 0.065122
vt 0.689191 0.064559
vt 0.698174 0.059355
vt 0.701360 0.050072
vt 0.703236 0.048845
vt 0.703362 0.049659
vt 0.700967 0.059463
vt 0.700697 0.058563
vt 0.330764 0.112251
vt 0.330764 0.112906
vt 0.332698 0.124853
vt 0.334156 0.124853
vt 0.665803 0.096031
vt 0.666143 0.096838
vt 0.347584 0.122930
vt 0.349897 0.123003
vt 0.348908 0.124111
vt 0.675389 0.101763
vt 0.675381 0.100696
vt 0.319061 0.040585
vt 0.314279 0.039265
vt 0.316190 0.037125
vt 0.330497 0.033435
vt 0.325407 0.029514
vt 0.330659 0.029514
vt 0.332984 0.029760
vt 0.330970 0.028039
vt 0.332988 0.027911
vt 0.338999 0.124374
vt 0.338992 0.123719
vt 0.330916 0.118636
vt 0.330291 0.113617
vt 0.696317 0.103130
vt 0.703005 0.092042
vt 0.702059 0.092433
vt 0.674806 0.047792
vt 0.674905 0.047020
vt 0.704210 0.051193
vt 0.704197 0.050072
vt 0.698603 0.060284
vt 0.698998 0.061051
vt 0.330912 0.119292
vt 0.313921 0.120036
vt 0.312738 0.118709
vt 0.694815 0.100508
vt 0.676049 0.048396
vt 0.678153 0.049267
vt 0.675894 0.049258
vt 0.334638 0.128631
vt 0.339244 0.131360
vt 0.335078 0.132381
vt 0.334411 0.128042
vt 0.335089 0.122108
vt 0.666206 0.100772
vt 0.695400 0.067075
vt 0.688899 0.066787
vt 0.695531 0.065967
vt 0.352318 0.115660
vt 0.352417 0.115173
vt 0.694331 0.054850
vt 0.701160 0.061668
vt 0.705989 0.056165
vt 0.706262 0.056602
vt 0.697006 0.065725
vt 0.335089 0.121452
vt 0.335078 0.133036
vt 0.323918 0.122688
vt 0.325296 0.115910
vt 0.327490 0.122383
vt 0.335200 0.121393
vt 0.341208 0.120743
vt 0.334722 0.123055
vt 0.675895 0.054001
vt 0.672307 0.053071
vt 0.675987 0.053139
vt 0.318185 0.129109
vt 0.311438 0.125468
vt 0.673299 0.092191
vt 0.677835 0.089725
vt 0.334635 0.121773
vt 0.341303 0.119314
vt 0.338161 0.124921
vt 0.703060 0.098157
vt 0.333326 0.129532
vt 0.335092 0.129532
vt 0.334886 0.125339
vt 0.340921 0.126988
vt 0.333940 0.111681
vt 0.330302 0.111657
vt 0.332456 0.033435
vt 0.332507 0.029514
vt 0.332827 0.132931
vt 0.334285 0.132931
vt 0.303553 0.026005
vt 0.307175 0.024156
vt 0.307175 0.026005
vt 0.343415 0.131795
vt 0.333718 0.025093
vt 0.333395 0.020633
vt 0.325076 0.119951
vt 0.326586 0.120330
vt 0.342304 0.125045
vt 0.343241 0.126792
vt 0.325871 0.129532
vt 0.318836 0.111518
vt 0.323088 0.113253
vt 0.318076 0.112712
vt 0.336192 0.111696
vt 0.326699 0.132931
vt 0.669343 0.053043
vt 0.669323 0.054163
vt 0.682356 0.053284
vt 0.682262 0.054402
vt 0.682288 0.053281
vt 0.309638 0.119334
vt 0.309971 0.118794
vt 0.309968 0.119449
vt 0.322916 0.119033
vt 0.322981 0.119690
vt 0.322913 0.119688
vt 0.698574 0.046270
vt 0.697578 0.047737
vt 0.698490 0.046208
vt 0.680051 0.045878
vt 0.679492 0.044502
vt 0.679598 0.044486
vt 0.686293 0.047422
vt 0.680765 0.047733
vt 0.680650 0.047265
vt 0.309730 0.118534
vt 0.309939 0.113565
vt 0.322891 0.114037
vt 0.323274 0.118718
vt 0.318268 0.113873
vt 0.312709 0.078828
vt 0.312742 0.073830
vt 0.334060 0.082357
vt 0.334727 0.080767
vt 0.334726 0.082351
vt 0.696232 0.055967
vt 0.697330 0.054406
vt 0.697341 0.055990
vt 0.340089 0.082303
vt 0.309030 0.078760
vt 0.307544 0.079424
vt 0.670825 0.053057
vt 0.672133 0.053816
vt 0.670686 0.053855
vt 0.323929 0.083149
vt 0.318309 0.084701
vt 0.317817 0.083154
vt 0.327251 0.130941
vt 0.327566 0.132931
vt 0.308834 0.026005
vt 0.312612 0.024156
vt 0.312612 0.026005
vt 0.342071 0.120000
vt 0.338837 0.125524
vt 0.692668 0.063142
vt 0.694133 0.063970
vt 0.694083 0.064852
vt 0.677861 0.098775
vt 0.332794 0.112872
vt 0.337301 0.112251
vt 0.337302 0.112906
vt 0.693912 0.058846
vt 0.697110 0.059157
vt 0.693985 0.059506
vt 0.698119 0.049478
vt 0.698653 0.053660
vt 0.698034 0.054646
vt 0.318853 0.061352
vt 0.334931 0.035680
vt 0.332056 0.038836
vt 0.326964 0.127411
vt 0.688983 0.059475
vt 0.688326 0.059038
vt 0.695832 0.063792
vt 0.696456 0.064991
vt 0.698872 0.059190
vt 0.698058 0.058387
vt 0.698537 0.058173
vt 0.695760 0.060941
vt 0.694065 0.060163
vt 0.694755 0.059573
vt 0.673995 0.096241
vt 0.676024 0.100058
vt 0.343603 0.117384
vt 0.342837 0.118692
vt 0.335372 0.027911
vt 0.330733 0.027808
vt 0.335373 0.027808
vt 0.338210 0.120969
vt 0.333012 0.121117
vt 0.332757 0.120969
vt 0.335084 0.037831
vt 0.335967 0.037889
vt 0.335082 0.037832
vt 0.330660 0.029438
vt 0.322447 0.042530
vt 0.326070 0.042448
vt 0.326070 0.042529
vt 0.325579 0.009566
vt 0.327786 0.012837
vt 0.325567 0.012837
vt 0.338276 0.120969
vt 0.333025 0.120833
vt 0.338278 0.120904
vt 0.328178 0.031273
vt 0.330602 0.031354
vt 0.328178 0.031354
vt 0.333718 0.025175
vt 0.327567 0.043241
vt 0.325896 0.041485
vt 0.325956 0.041431
vt 0.333317 0.026623
vt 0.337956 0.029920
vt 0.333314 0.029920
vt 0.339669 0.034174
vt 0.339375 0.039456
vt 0.339639 0.034171
vt 0.339943 0.030806
vt 0.337612 0.030888
vt 0.337612 0.030806
vt 0.328848 0.030980
vt 0.323586 0.031273
vt 0.323332 0.030980
vt 0.335186 0.039673
vt 0.333251 0.039437
vt 0.335292 0.039444
vt 0.325969 0.016209
vt 0.321368 0.013606
vt 0.326010 0.013606
vt 0.336102 0.034897
vt 0.330850 0.035032
vt 0.330630 0.034897
vt 0.336000 0.037633
vt 0.339690 0.037834
vt 0.327729 0.042529
vt 0.331509 0.042448
vt 0.331509 0.042530
vt 0.335606 0.042780
vt 0.335606 0.038138
vt 0.334842 0.038138
vt 0.330936 0.042778
vt 0.330630 0.037830
vt 0.330936 0.038136
vt 0.334253 0.043085
vt 0.334078 0.042779
vt 0.333459 0.030487
vt 0.333683 0.025541
vt 0.333739 0.030181
vt 0.335712 0.030487
vt 0.335803 0.030181
vt 0.339874 0.025541
vt 0.340218 0.030487
vt 0.339930 0.030181
vt 0.337901 0.025236
vt 0.337810 0.025541
vt 0.339296 0.039117
vt 0.339351 0.034476
vt 0.337472 0.034171
vt 0.337373 0.034476
vt 0.333362 0.039117
vt 0.333137 0.034171
vt 0.333418 0.034476
vt 0.335340 0.039117
vt 0.339384 0.042781
vt 0.339384 0.038139
vt 0.336217 0.038138
vt 0.336217 0.042780
vt 0.339690 0.043087
vt 0.339844 0.041952
vt 0.342984 0.037309
vt 0.342986 0.041952
vt 0.332752 0.009726
vt 0.334871 0.014366
vt 0.332808 0.014366
vt 0.332531 0.026328
vt 0.334565 0.021687
vt 0.334509 0.026328
vt 0.340517 0.026693
vt 0.335876 0.023526
vt 0.340518 0.023526
vt 0.339490 0.014403
vt 0.336183 0.017569
vt 0.336183 0.014403
vt 0.330602 0.031273
vt 0.335245 0.031356
vt 0.330603 0.031356
vt 0.336951 0.043429
vt 0.333808 0.043540
vt 0.333808 0.043429
vt 0.337205 0.030709
vt 0.339332 0.030598
vt 0.339332 0.030709
vt 0.338278 0.120858
vt 0.342920 0.120969
vt 0.338278 0.120969
vt 0.340745 0.035007
vt 0.336103 0.034897
vt 0.340744 0.034897
vt 0.337714 0.043318
vt 0.338478 0.043429
vt 0.337714 0.043429
vt 0.337205 0.030598
vt 0.339332 0.030487
vt 0.335764 0.019817
vt 0.340405 0.023086
vt 0.335763 0.023086
vt 0.340515 0.023526
vt 0.335912 0.020447
vt 0.340552 0.020447
vt 0.335264 0.015026
vt 0.333056 0.018295
vt 0.333045 0.015026
vt 0.334615 0.006558
vt 0.337921 0.009726
vt 0.334614 0.009726
vt 0.328388 0.121773
vt 0.325905 0.122655
vt 0.325221 0.121750
vt 0.302882 0.143786
vt 0.300398 0.142906
vt 0.303565 0.142876
vt 0.345174 0.126071
vt 0.343577 0.125811
vt 0.345175 0.125903
vt 0.334063 0.115209
vt 0.330192 0.114758
vt 0.334069 0.114758
vt 0.327241 0.123279
vt 0.326420 0.122827
vt 0.327246 0.122827
vt 0.329255 0.119296
vt 0.324604 0.119989
vt 0.323572 0.119355
vt 0.305169 0.141109
vt 0.300517 0.140416
vt 0.306199 0.140468
vt 0.346626 0.132063
vt 0.349934 0.131816
vt 0.349944 0.132268
vt 0.331427 0.118655
vt 0.330628 0.118296
vt 0.331523 0.118296
vt 0.324928 0.121712
vt 0.321056 0.121276
vt 0.324932 0.121260
vt 0.337231 0.121687
vt 0.336562 0.121215
vt 0.337235 0.121235
vt 0.324620 0.116931
vt 0.328597 0.117600
vt 0.324386 0.117395
vt 0.305480 0.137999
vt 0.301231 0.138704
vt 0.300775 0.138255
vt 0.328105 0.122827
vt 0.328720 0.122402
vt 0.328873 0.122827
vt 0.330230 0.132258
vt 0.326359 0.131810
vt 0.330235 0.131807
vt 0.342443 0.132262
vt 0.341865 0.131795
vt 0.342449 0.131810
vt 0.341830 0.125029
vt 0.334638 0.125029
vt 0.350745 0.124418
vt 0.346887 0.123009
vt 0.348095 0.121809
vt 0.341785 0.128074
vt 0.333823 0.119563
vt 0.331058 0.119663
vt 0.331100 0.118934
vt 0.335855 0.115849
vt 0.335935 0.115123
vt 0.343533 0.125029
vt 0.345169 0.122263
vt 0.345236 0.125029
vt 0.343509 0.121015
vt 0.351299 0.122563
vt 0.349303 0.120610
vt 0.326692 0.125504
vt 0.327452 0.125522
vt 0.322902 0.081814
vt 0.317145 0.081688
vt 0.306061 0.079410
vt 0.306065 0.078755
vt 0.339721 0.083860
vt 0.334725 0.083935
vt 0.696232 0.057608
vt 0.697351 0.057573
vt 0.334070 0.083940
vt 0.670475 0.054405
vt 0.699401 0.044679
vt 0.340921 0.125029
vt 0.336207 0.127313
vt 0.336857 0.129532
vt 0.676573 0.088074
vt 0.336854 0.121452
vt 0.336854 0.122108
vt 0.697408 0.066269
vt 0.696034 0.054850
vt 0.694464 0.055046
vt 0.346636 0.124075
vt 0.688921 0.067697
vt 0.306033 0.073526
vt 0.340921 0.133106
vt 0.319630 0.116294
vt 0.344895 0.114935
vt 0.348319 0.115660
vt 0.344662 0.115190
vt 0.310121 0.124292
vt 0.336630 0.115143
vt 0.337983 0.132251
vt 0.334112 0.131803
vt 0.337989 0.131799
vt 0.343594 0.121020
vt 0.341256 0.121409
vt 0.340857 0.121057
vt 0.313864 0.138096
vt 0.310185 0.137743
vt 0.314393 0.137562
vt 0.320187 0.116712
vt 0.315964 0.116986
vt 0.315710 0.116493
vt 0.328893 0.123279
vt 0.328073 0.122827
vt 0.328899 0.122827
vt 0.328067 0.123279
vt 0.336250 0.133162
vt 0.337129 0.132720
vt 0.337223 0.133162
vt 0.338102 0.132720
vt 0.338196 0.133162
vt 0.302077 0.141147
vt 0.300022 0.142025
vt 0.299646 0.141144
vt 0.302346 0.142025
vt 0.326710 0.120022
vt 0.328764 0.120892
vt 0.326441 0.120901
vt 0.338576 0.121727
vt 0.337908 0.121255
vt 0.338581 0.121276
vt 0.337904 0.121707
vt 0.333227 0.118740
vt 0.332418 0.118296
vt 0.333313 0.118296
vt 0.332327 0.118698
vt 0.304371 0.139318
vt 0.300082 0.139723
vt 0.299646 0.139030
vt 0.304811 0.139739
vt 0.325402 0.118206
vt 0.329690 0.118602
vt 0.324962 0.118624
vt 0.319255 0.115600
vt 0.315456 0.115999
vt 0.315201 0.115506
vt 0.319242 0.116078
vt 0.314921 0.137028
vt 0.311249 0.136631
vt 0.315450 0.136494
vt 0.310717 0.137187
vt 0.337979 0.132720
vt 0.336237 0.132276
vt 0.338059 0.132276
vt 0.326568 0.122827
vt 0.327183 0.122402
vt 0.327336 0.122827
vt 0.327951 0.122402
vt 0.304464 0.136527
vt 0.299646 0.136357
vt 0.332913 0.114468
vt 0.331831 0.114478
vt 0.331833 0.114356
vt 0.325446 0.115261
vt 0.329053 0.117151
vt 0.315507 0.118666
vt 0.311367 0.119338
vt 0.310779 0.118687
vt 0.318975 0.117755
vt 0.315839 0.119327
vt 0.344560 0.132060
vt 0.346017 0.131795
vt 0.346024 0.132227
vt 0.315174 0.118004
vt 0.310190 0.118036
vt 0.318408 0.140447
vt 0.314270 0.139770
vt 0.318999 0.139785
vt 0.313935 0.140439
vt 0.309541 0.139754
vt 0.338628 0.121656
vt 0.339769 0.121268
vt 0.338769 0.121727
vt 0.314605 0.139100
vt 0.319591 0.139123
vt 0.310645 0.138704
vt 0.340493 0.121713
vt 0.336558 0.121667
vt 0.332686 0.121230
vt 0.332682 0.121682
vt 0.328809 0.121245
vt 0.328805 0.121697
vt 0.321052 0.121204
vt 0.324334 0.120844
vt 0.324340 0.121205
vt 0.327227 0.120824
vt 0.327238 0.121215
vt 0.342449 0.131836
vt 0.344558 0.131962
vt 0.317817 0.141109
vt 0.313601 0.141109
vt 0.309463 0.140431
vt 0.309385 0.141109
vt 0.311956 0.119989
vt 0.320311 0.119317
vt 0.316172 0.119989
vt 0.320388 0.119989
vt 0.314834 0.120928
vt 0.310669 0.121797
vt 0.310190 0.120940
vt 0.319519 0.120558
vt 0.315099 0.121791
vt 0.323633 0.120703
vt 0.319529 0.121785
vt 0.320516 0.119989
vt 0.318120 0.142926
vt 0.313957 0.142056
vt 0.318602 0.142066
vt 0.313689 0.142921
vt 0.309270 0.141680
vt 0.309259 0.142916
vt 0.305155 0.141834
vt 0.308275 0.141109
vt 0.305544 0.141312
vt 0.343755 0.115209
vt 0.341823 0.114758
vt 0.343761 0.114758
vt 0.341817 0.115209
vt 0.337946 0.114758
vt 0.337940 0.115209
vt 0.330194 0.114293
vt 0.317638 0.143786
vt 0.313422 0.143786
vt 0.304990 0.143786
vt 0.304828 0.142911
vt 0.311149 0.122655
vt 0.315365 0.122655
vt 0.323797 0.122655
vt 0.319581 0.122655
vt 0.318600 0.137381
vt 0.319125 0.136869
vt 0.319650 0.136357
vt 0.311232 0.116274
vt 0.310711 0.115765
vt 0.310190 0.115257
vt 0.311753 0.116782
vt 0.318075 0.137893
vt 0.346880 0.121020
vt 0.344059 0.121440
vt 0.334106 0.132254
vt 0.345693 0.115209
vt 0.345699 0.114758
vt 0.347454 0.125984
vt 0.348305 0.126263
vt 0.347453 0.126193
vt 0.339311 0.114745
vt 0.336267 0.114306
vt 0.339318 0.114293
vt 0.336260 0.114758
vt 0.323959 0.121779
vt 0.337505 0.134104
vt 0.338104 0.133739
vt 0.338121 0.134104
vt 0.336510 0.115660
vt 0.341211 0.114791
vt 0.341390 0.114922
vt 0.341860 0.132247
vt 0.344656 0.115208
vt 0.344662 0.115660
vt 0.309653 0.138298
vt 0.320175 0.117191
vt 0.327524 0.122402
vt 0.326439 0.121937
vt 0.327548 0.121951
vt 0.328092 0.122388
vt 0.328116 0.121937
vt 0.346013 0.126091
vt 0.346014 0.125934
vt 0.668662 0.094280
vt 0.342840 0.120686
vt 0.333808 0.043318
vt 0.336950 0.043429
vt 0.337715 0.043429
vt 0.336951 0.043540
vt 0.343748 0.037309
vt 0.343750 0.041952
vt 0.334842 0.042780
vt 0.334253 0.037832
vt 0.334078 0.038137
vt 0.326900 0.042529
vt 0.326900 0.042448
vt 0.309027 0.043234
vt 0.311777 0.040877
vt 0.309081 0.043295
vt 0.343627 0.119398
vt 0.348532 0.121784
vt 0.668159 0.099024
vt 0.330727 0.126572
vt 0.329179 0.125424
vt 0.698537 0.048948
vt 0.700976 0.048803
vt 0.688414 0.060869
vt 0.689020 0.060380
vt 0.331014 0.128539
vt 0.338727 0.039069
vt 0.333294 0.039941
vt 0.335607 0.036284
vt 0.671622 0.096102
vt 0.339513 0.126127
vt 0.328432 0.132931
vt 0.308004 0.024156
vt 0.308005 0.026005
vt 0.676302 0.100792
vt 0.331670 0.112251
vt 0.331670 0.112906
vt 0.699641 0.059300
vt 0.699781 0.058538
vt 0.692656 0.061994
vt 0.693376 0.062940
vt 0.320153 0.065653
vt 0.317884 0.061960
vt 0.694743 0.062813
vt 0.695843 0.062649
vt 0.695551 0.064256
vt 0.694092 0.063902
vt 0.695580 0.063945
vt 0.326658 0.124740
vt 0.327545 0.124783
vt 0.693351 0.061000
vt 0.693944 0.061572
vt 0.694879 0.061448
vt 0.698005 0.057270
vt 0.696166 0.062461
vt 0.691123 0.063030
vt 0.691926 0.061583
vt 0.695205 0.050036
vt 0.328213 0.125541
vt 0.328433 0.124825
vt 0.698624 0.055940
vt 0.697952 0.056153
vt 0.697741 0.050057
vt 0.697304 0.049015
vt 0.693926 0.059592
vt 0.694190 0.059033
vt 0.698116 0.057240
vt 0.697059 0.049663
vt 0.696556 0.049296
vt 0.320838 0.065054
vt 0.698866 0.058514
vt 0.332576 0.112251
vt 0.308833 0.024156
vt 0.327729 0.042448
vt 0.335082 0.043086
vt 0.344512 0.037309
vt 0.344514 0.041952
vt 0.338480 0.043429
vt 0.337715 0.043540
vt 0.328344 0.127420
vt 0.336950 0.043318
vt 0.312340 0.040262
vt 0.311723 0.040816
vt 0.344415 0.118109
vt 0.688370 0.059953
vt 0.332675 0.039389
vt 0.699471 0.089978
vt 0.695644 0.088262
vt 0.696577 0.086697
vt 0.698128 0.090761
vt 0.316267 0.117408
vt 0.317366 0.118829
vt 0.339703 0.015026
vt 0.337495 0.018295
vt 0.337484 0.015026
vt 0.335275 0.018295
vt 0.330688 0.009726
vt 0.328681 0.014366
vt 0.328625 0.009726
vt 0.330744 0.014366
vt 0.335648 0.025236
vt 0.335747 0.025541
vt 0.337965 0.030487
vt 0.337866 0.030181
vt 0.322919 0.037779
vt 0.324285 0.039674
vt 0.322673 0.037864
vt 0.324426 0.039626
vt 0.323332 0.031273
vt 0.325755 0.031354
vt 0.323332 0.031354
vt 0.325755 0.031273
vt 0.321141 0.009566
vt 0.323347 0.012837
vt 0.321128 0.012837
vt 0.323360 0.009566
vt 0.326664 0.111634
vt 0.323027 0.111610
vt 0.326653 0.113594
vt 0.696135 0.090767
vt 0.694711 0.089827
vt 0.315168 0.115988
vt 0.317599 0.113266
vt 0.326619 0.119714
vt 0.326623 0.119058
vt 0.703281 0.060538
vt 0.706511 0.059758
vt 0.706681 0.060469
vt 0.702272 0.059618
vt 0.701071 0.050077
vt 0.699014 0.050072
vt 0.701619 0.051193
vt 0.677772 0.046903
vt 0.677591 0.047663
vt 0.697626 0.086237
vt 0.700234 0.089584
vt 0.336319 0.123719
vt 0.333655 0.124374
vt 0.336327 0.124374
vt 0.335237 0.029792
vt 0.337494 0.027975
vt 0.335241 0.027943
vt 0.318101 0.034985
vt 0.320668 0.038771
vt 0.338544 0.065502
vt 0.333769 0.066821
vt 0.336628 0.063366
vt 0.332238 0.065016
vt 0.322007 0.124828
vt 0.694363 0.101141
vt 0.681170 0.048651
vt 0.681167 0.049443
vt 0.330940 0.113975
vt 0.330963 0.115526
vt 0.336154 0.083139
vt 0.329811 0.081750
vt 0.336951 0.081688
vt 0.332950 0.030487
vt 0.335078 0.030598
vt 0.332951 0.030598
vt 0.335078 0.030487
vt 0.332950 0.030598
vt 0.335078 0.030709
vt 0.332951 0.030709
vt 0.335078 0.030598
vt 0.336487 0.026328
vt 0.338520 0.021687
vt 0.338464 0.026328
vt 0.336542 0.021687
vt 0.337334 0.039450
vt 0.337318 0.039117
vt 0.335304 0.034171
vt 0.335396 0.034476
vt 0.337422 0.039659
vt 0.339657 0.039644
vt 0.335281 0.030806
vt 0.332951 0.030888
vt 0.332950 0.030806
vt 0.335281 0.030888
vt 0.335252 0.084618
vt 0.330042 0.083144
vt 0.329604 0.084646
vt 0.316420 0.073715
vt 0.320098 0.073599
vt 0.309718 0.112921
vt 0.313798 0.113757
vt 0.314610 0.112980
vt 0.692015 0.047801
vt 0.691935 0.047579
vt 0.686390 0.047767
vt 0.313929 0.111286
vt 0.309944 0.111369
vt 0.683345 0.053274
vt 0.679657 0.054186
vt 0.679666 0.053206
vt 0.331063 0.122078
vt 0.341825 0.029782
vt 0.343996 0.027911
vt 0.343992 0.029760
vt 0.341829 0.027933
vt 0.326998 0.123880
vt 0.323682 0.124615
vt 0.323674 0.123960
vt 0.327006 0.124535
vt 0.329222 0.058797
vt 0.325937 0.062752
vt 0.686049 0.051493
vt 0.683255 0.049969
vt 0.689600 0.050301
vt 0.692533 0.050967
vt 0.689562 0.050957
vt 0.692738 0.050225
vt 0.331452 0.112354
vt 0.337575 0.112003
vt 0.327156 0.032234
vt 0.324595 0.036744
vt 0.690453 0.097163
vt 0.683691 0.096939
vt 0.309026 0.079438
vt 0.312706 0.079506
vt 0.683460 0.089759
vt 0.685453 0.048502
vt 0.671392 0.105521
vt 0.668477 0.054159
vt 0.320064 0.079641
vt 0.671729 0.090283
vt 0.325868 0.121452
vt 0.336147 0.119776
vt 0.688867 0.066575
vt 0.321052 0.125769
vt 0.325101 0.112251
vt 0.708466 0.053729
vt 0.690471 0.052334
vt 0.332372 0.114678
vt 0.347774 0.129604
vt 0.706415 0.058514
vt 0.689751 0.050072
vt 0.693912 0.060710
vt 0.685867 0.067129
vt 0.708406 0.051193
vt 0.686877 0.055518
vt 0.684451 0.053924
vt 0.670295 0.048001
vt 0.696880 0.066794
vt 0.699073 0.066201
vt 0.663971 0.098039
vt 0.704823 0.093730
vt 0.327319 0.126617
vt 0.340658 0.025236
vt 0.316839 0.068625
vt 0.317693 0.042355
vt 0.325034 0.033435
vt 0.330732 0.029728
vt 0.697528 0.104362
vt 0.678156 0.048474
vt 0.701019 0.061812
vt 0.337583 0.119668
vt 0.317002 0.130434
vt 0.704353 0.096952
vt 0.303552 0.024156
vt 0.341760 0.131795
vt 0.343688 0.125062
vt 0.321131 0.132931
vt 0.682350 0.054405
vt 0.697640 0.047835
vt 0.679503 0.046082
vt 0.334049 0.080773
vt 0.696232 0.054325
vt 0.340090 0.080719
vt 0.323956 0.084674
vt 0.698834 0.049460
vt 0.330732 0.027911
vt 0.338210 0.121050
vt 0.325408 0.029438
vt 0.322447 0.042448
vt 0.327799 0.009566
vt 0.338971 0.025175
vt 0.327507 0.043295
vt 0.337959 0.026623
vt 0.339943 0.030888
vt 0.328851 0.031041
vt 0.332951 0.039688
vt 0.321327 0.016209
vt 0.336103 0.034978
vt 0.339690 0.037614
vt 0.335912 0.043086
vt 0.330630 0.043084
vt 0.333395 0.025236
vt 0.340155 0.025236
vt 0.339842 0.037309
vt 0.334815 0.009726
vt 0.332587 0.021687
vt 0.335875 0.026693
vt 0.339490 0.017569
vt 0.335244 0.031273
vt 0.342920 0.120858
vt 0.336103 0.035007
vt 0.338478 0.043318
vt 0.337205 0.030487
vt 0.340406 0.019817
vt 0.335875 0.023526
vt 0.337922 0.006558
vt 0.328013 0.122655
vt 0.300774 0.143786
vt 0.343575 0.126263
vt 0.330187 0.115209
vt 0.326414 0.123279
vt 0.328820 0.119989
vt 0.300953 0.141109
vt 0.346624 0.131861
vt 0.330527 0.118613
vt 0.321052 0.121727
vt 0.305442 0.138501
vt 0.326353 0.132262
vt 0.333817 0.120051
vt 0.672553 0.054302
vt 0.699507 0.044705
vt 0.696229 0.055046
vt 0.336156 0.132720
vt 0.329140 0.120011
vt 0.330125 0.117909
vt 0.336156 0.132720
vt 0.326414 0.122402
vt 0.332910 0.114615
vt 0.330187 0.115257
vt 0.319131 0.117600
vt 0.338581 0.121268
vt 0.340455 0.121283
vt 0.321052 0.120873
vt 0.342455 0.132268
vt 0.323244 0.120181
vt 0.330187 0.114745
vt 0.309206 0.143786
vt 0.346862 0.121472
vt 0.348307 0.125811
vt 0.337607 0.133747
vt 0.336414 0.115292
vt 0.326414 0.122388
vt 0.670207 0.094392
vt 0.668221 0.093905
vt 0.335996 0.042355
vt 0.694229 0.064684
vt 0.690682 0.062655
vt 0.695069 0.049253
vt 0.696528 0.049608
vt 0.338480 0.043540
vt 0.312394 0.040323
vt 0.339714 0.018295
vt 0.335380 0.068632
vt 0.683419 0.054371
vt 0.328334 0.062961
vt 0.685684 0.052035
vt 0.326916 0.036531
vt 0.687072 0.097051
s 0
usemtl Material
f 445/1/1 45/2/1 126/3/1
f 108/4/2 26/5/2 77/6/2
f 69/7/3 4/8/3 64/9/3
f 243/10/4 55/11/4 231/12/4
f 232/13/5 149/14/5 261/15/5
f 155/16/6 2/17/6 148/18/6
f 250/19/5 13/20/5 79/21/5
f 123/22/7 44/23/7 124/24/7
f 506/25/8 10/26/8 486/27/8
f 136/28/9 515/29/9 514/30/9
f 264/31/10 229/32/10 263/33/10
f 485/34/11 32/35/11 2/17/11
f 490/36/5 59/37/5 9/38/5
f 234/39/12 487/40/12 535/41/12
f 142/42/13 35/43/13 123/44/13
f 238/45/14 19/46/14 235/47/14
f 54/48/15 96/49/15 103/50/15
f 137/51/16 255/52/16 262/53/16
f 51/54/17 81/55/17 87/56/17
f 102/57/18 18/58/18 95/59/18
f 146/60/19 124/61/19 143/62/19
f 47/63/15 68/64/15 73/65/15
f 239/66/20 14/67/20 246/68/20
f 27/69/15 11/70/15 24/71/15
f 25/72/21 23/73/21 14/74/21
f 96/75/15 24/71/15 98/76/15
f 100/77/22 29/78/22 99/79/22
f 29/78/23 226/80/23 227/81/23
f 229/82/24 29/83/24 227/84/24
f 72/85/25 33/86/25 69/87/25
f 145/88/26 35/89/26 144/90/26
f 85/91/27 40/92/27 84/93/27
f 237/94/28 34/95/28 236/96/28
f 494/97/29 36/98/29 496/99/29
f 38/100/30 86/101/30 83/102/30
f 126/103/31 39/104/31 15/105/31
f 41/106/15 26/107/15 27/69/15
f 86/108/5 27/109/5 82/110/5
f 40/111/32 28/112/32 25/113/32
f 71/114/33 19/115/33 67/116/33
f 236/117/11 8/118/11 231/12/11
f 80/119/34 40/120/34 25/121/34
f 150/122/35 31/123/35 17/124/35
f 492/125/36 36/126/36 21/127/36
f 440/128/37 10/26/37 434/129/37
f 497/130/38 60/131/38 52/132/38
f 131/133/39 146/60/39 158/134/39
f 111/135/40 87/56/40 120/136/40
f 122/137/41 54/48/41 103/50/41
f 252/138/42 48/139/42 238/45/42
f 21/140/43 498/141/43 492/142/43
f 27/143/44 88/144/44 82/145/44
f 63/146/45 58/147/45 3/148/45
f 114/149/46 500/150/46 508/151/46
f 435/152/5 107/153/5 464/154/5
f 244/155/11 462/156/11 483/157/11
f 457/158/47 61/159/47 53/160/47
f 109/161/48 73/65/48 115/162/48
f 78/163/49 119/164/49 118/165/49
f 141/166/5 56/167/5 1/168/5
f 118/169/50 54/170/50 112/171/50
f 371/172/51 73/173/51 370/174/51
f 117/175/52 48/176/52 110/177/52
f 18/58/5 72/178/5 68/179/5
f 375/180/53 71/114/53 67/116/53
f 71/181/54 34/182/54 43/183/54
f 72/85/55 368/184/55 369/185/55
f 73/65/15 367/186/15 370/187/15
f 48/176/56 67/188/56 19/189/56
f 8/118/57 70/190/57 66/191/57
f 55/11/58 64/9/58 4/8/58
f 249/192/5 7/193/5 242/194/5
f 368/195/59 64/9/59 365/196/59
f 441/197/5 78/198/5 435/199/5
f 115/200/60 76/201/60 116/202/60
f 468/203/61 89/204/61 441/205/61
f 82/145/44 458/206/44 448/207/44
f 120/136/62 456/208/62 466/209/62
f 26/5/11 83/210/11 77/6/11
f 450/211/63 80/119/63 444/212/63
f 454/213/5 82/110/5 448/214/5
f 83/102/30 454/215/30 439/216/30
f 85/91/64 450/217/64 452/218/64
f 87/56/65 446/219/65 456/208/65
f 481/220/5 79/21/5 437/221/5
f 108/4/66 433/222/66 462/156/66
f 46/223/67 81/224/67 28/225/67
f 109/226/68 104/227/68 47/228/68
f 251/229/69 103/50/69 248/230/69
f 4/8/70 101/231/70 55/11/70
f 42/232/71 101/233/71 33/234/71
f 225/235/72 263/33/72 228/236/72
f 247/237/15 96/75/15 98/76/15
f 11/238/73 94/239/73 97/240/73
f 235/241/18 102/57/18 95/59/18
f 103/50/15 245/242/15 248/230/15
f 104/227/74 18/243/74 47/228/74
f 9/244/5 504/245/5 490/246/5
f 30/247/75 230/248/75 226/249/75
f 511/250/76 133/251/76 516/252/76
f 78/253/5 91/254/5 107/153/5
f 260/255/77 130/256/77 155/16/77
f 1/257/5 156/258/5 141/259/5
f 244/155/78 94/260/78 108/4/78
f 91/261/79 251/229/79 233/262/79
f 3/263/80 121/264/80 109/226/80
f 79/265/17 466/209/17 437/266/17
f 63/267/60 116/202/60 75/268/60
f 65/269/81 110/177/81 7/270/81
f 75/271/82 372/272/82 379/273/82
f 12/274/83 118/169/83 112/171/83
f 118/165/84 90/275/84 88/276/84
f 3/277/85 115/162/85 63/278/85
f 242/279/86 110/280/86 252/138/86
f 12/281/87 122/137/87 91/261/87
f 487/282/88 132/283/88 510/284/88
f 13/285/17 120/136/17 79/265/17
f 149/286/89 131/133/89 158/134/89
f 123/22/90 20/287/90 6/288/90
f 126/289/91 125/290/91 22/291/91
f 124/292/92 49/293/92 20/294/92
f 50/295/93 126/296/93 22/297/93
f 240/298/94 93/299/94 253/300/94
f 254/301/95 123/302/95 6/303/95
f 511/304/96 130/305/96 57/306/96
f 127/307/97 138/308/97 49/293/97
f 139/309/98 128/310/98 50/295/98
f 510/284/99 139/309/99 518/311/99
f 513/312/100 137/51/100 527/313/100
f 257/314/101 136/315/101 256/316/101
f 253/317/102 134/318/102 257/319/102
f 136/315/103 259/320/103 256/316/103
f 135/321/104 258/322/104 255/52/104
f 258/323/105 57/324/105 254/325/105
f 534/326/106 137/327/106 262/328/106
f 149/286/107 410/329/107 415/330/107
f 147/331/108 113/332/108 56/333/108
f 141/259/5 409/334/5 405/335/5
f 390/336/109 401/337/109 380/338/109
f 2/17/110 151/339/110 148/18/110
f 153/340/111 17/341/111 52/342/111
f 31/343/112 151/344/112 32/345/112
f 124/346/113 145/347/113 143/348/113
f 60/131/114 153/349/114 52/132/114
f 405/350/5 147/351/5 141/166/5
f 158/134/115 406/352/115 410/329/115
f 416/353/5 152/354/5 150/122/5
f 380/338/116 431/355/116 408/356/116
f 377/357/117 393/358/117 397/359/117
f 260/360/118 392/361/118 142/362/118
f 408/363/119 148/18/119 414/364/119
f 261/15/5 415/365/5 425/366/5
f 190/367/120 160/368/120 159/369/120
f 157/370/121 188/371/121 154/372/121
f 420/373/122 188/374/122 412/375/122
f 76/201/120 177/376/120 116/202/120
f 116/377/5 383/378/5 372/379/5
f 479/380/5 163/381/5 475/382/5
f 114/383/123 179/384/123 178/385/123
f 467/386/5 178/387/5 470/388/5
f 119/164/124 181/389/124 90/275/124
f 90/390/11 472/391/11 460/392/11
f 203/393/17 174/394/17 173/395/17
f 113/396/125 183/397/125 182/398/125
f 113/399/5 520/400/5 507/401/5
f 114/402/126 185/403/126 61/404/126
f 502/405/127 185/406/127 522/407/127
f 195/408/128 166/409/128 165/410/128
f 113/411/129 186/412/129 60/413/129
f 154/414/130 186/415/130 188/374/130
f 157/416/5 187/417/5 113/418/5
f 188/374/131 159/419/131 160/420/131
f 412/375/132 160/420/132 411/421/132
f 162/422/133 176/423/133 161/424/133
f 383/425/134 162/422/134 385/426/134
f 178/427/135 163/428/135 164/429/135
f 470/430/135 164/429/135 474/431/135
f 166/432/135 180/433/135 165/434/135
f 472/435/135 166/432/135 476/436/135
f 182/398/46 167/437/46 168/438/46
f 520/439/46 168/438/46 524/440/46
f 170/441/46 184/442/46 169/443/46
f 522/407/136 170/441/136 526/444/136
f 186/415/132 171/445/132 172/446/132
f 188/374/137 172/446/137 173/447/137
f 174/448/138 188/374/138 173/447/138
f 187/449/139 174/448/139 171/445/139
f 192/450/82 387/451/82 388/452/82
f 480/453/140 195/454/140 477/455/140
f 200/456/46 529/457/46 532/458/46
f 204/459/141 201/460/141 202/461/141
f 204/462/11 171/463/11 174/464/11
f 198/465/142 168/466/142 167/467/142
f 384/468/5 191/469/5 161/470/5
f 523/471/11 199/472/11 169/473/11
f 191/474/143 162/475/143 161/476/143
f 199/477/144 170/478/144 169/479/144
f 424/480/11 159/481/11 423/482/11
f 525/483/5 198/484/5 167/472/5
f 194/485/145 164/486/145 163/487/145
f 202/488/44 172/489/44 171/490/44
f 473/491/146 195/492/146 165/493/146
f 172/494/5 203/495/5 173/496/5
f 272/497/147 354/498/147 358/499/147
f 356/500/148 276/501/148 352/502/148
f 355/503/149 205/504/149 353/505/149
f 330/506/150 207/507/150 325/508/150
f 276/509/151 206/510/151 272/511/151
f 280/512/152 300/513/152 318/514/152
f 306/515/153 284/516/153 314/517/153
f 297/518/154 217/519/154 211/520/154
f 282/521/155 212/522/155 278/523/155
f 308/524/150 214/525/150 302/526/150
f 284/527/156 213/528/156 280/529/156
f 364/530/157 220/531/157 359/532/157
f 362/533/158 224/534/158 292/535/158
f 286/536/159 223/537/159 219/538/159
f 346/539/150 221/540/150 344/541/150
f 292/542/160 220/543/160 288/544/160
f 226/249/161 98/545/161 24/546/161
f 263/547/57 97/548/57 246/549/57
f 97/548/162 227/84/162 11/550/162
f 225/551/163 14/552/163 23/553/163
f 11/554/164 226/80/164 24/555/164
f 247/556/165 225/557/165 23/558/165
f 98/545/166 264/559/166 247/556/166
f 228/560/167 246/549/167 14/561/167
f 156/258/5 425/366/5 409/334/5
f 406/352/168 400/562/168 430/563/168
f 517/564/169 262/328/169 138/565/169
f 20/287/170 254/325/170 6/288/170
f 255/52/171 20/566/171 49/567/171
f 256/316/172 139/568/172 50/569/172
f 125/570/173 257/319/173 22/571/173
f 22/572/103 256/316/103 50/569/103
f 57/324/174 241/573/174 254/325/174
f 125/574/94 240/298/94 253/300/94
f 242/279/44 121/264/44 58/575/44
f 233/262/175 111/576/175 13/577/175
f 25/121/176 244/155/176 80/119/176
f 142/42/177 241/578/177 260/255/177
f 248/230/15 28/579/15 51/580/15
f 19/115/5 237/581/5 235/241/5
f 23/582/15 245/583/15 247/237/15
f 111/576/178 248/230/178 51/580/178
f 464/154/5 250/19/5 481/220/5
f 106/584/5 242/194/5 58/147/5
f 444/212/179 244/155/179 483/157/179
f 252/138/180 104/227/180 121/264/180
f 101/231/181 231/12/181 55/11/181
f 237/94/182 101/233/182 102/585/182
f 94/239/73 246/68/73 97/240/73
f 262/53/183 49/567/183 138/586/183
f 238/45/184 95/587/184 104/227/184
f 92/588/5 535/41/5 504/245/5
f 99/589/185 230/590/185 100/591/185
f 107/153/5 233/592/5 250/19/5
f 62/593/5 261/15/5 156/258/5
f 8/118/11 243/10/11 231/12/11
f 360/594/150 266/595/150 359/596/150
f 343/597/186 267/598/186 265/599/186
f 346/600/187 293/601/187 350/602/187
f 296/603/188 344/604/188 348/605/188
f 209/606/151 271/607/151 205/608/151
f 275/609/151 272/511/151 271/607/151
f 207/610/189 273/611/189 269/612/189
f 269/612/189 274/613/189 270/614/189
f 355/615/190 275/616/190 209/617/190
f 351/618/191 276/501/191 275/616/191
f 353/619/192 271/620/192 357/621/192
f 357/621/193 272/497/193 358/499/193
f 217/622/156 279/623/156 211/624/156
f 283/625/156 280/529/156 279/623/156
f 215/626/194 277/627/194 214/628/194
f 281/629/195 278/523/195 277/627/195
f 303/630/196 283/631/196 217/632/196
f 311/633/197 284/516/197 283/631/197
f 297/634/198 279/635/198 315/636/198
f 315/636/199 280/512/199 318/514/199
f 265/637/200 347/638/200 343/639/200
f 295/640/201 348/605/201 347/638/201
f 349/641/202 267/642/202 345/643/202
f 350/602/203 294/644/203 349/641/203
f 291/645/204 288/646/204 287/647/204
f 221/648/159 289/649/159 285/650/159
f 285/650/159 290/651/159 286/536/159
f 361/652/205 292/535/205 291/653/205
f 338/654/206 327/655/206 322/656/206
f 363/657/207 288/658/207 364/530/207
f 317/659/208 277/660/208 278/661/208
f 316/662/209 320/663/209 317/659/209
f 318/664/210 311/665/210 315/666/210
f 299/667/211 278/661/211 212/668/211
f 299/667/209 316/662/209 317/659/209
f 311/665/212 297/518/212 315/666/212
f 281/669/213 309/670/213 282/671/213
f 312/672/214 310/673/214 309/670/214
f 298/674/215 310/675/215 316/676/215
f 282/671/216 305/677/216 216/678/216
f 309/670/217 304/679/217 305/677/217
f 310/675/218 319/680/218 316/676/218
f 218/681/150 300/682/150 213/528/150
f 306/683/150 301/684/150 300/682/150
f 307/685/150 302/526/150 301/684/150
f 212/686/219 305/687/219 299/688/219
f 299/688/220 304/689/220 298/690/220
f 318/664/221 313/691/221 314/692/221
f 215/693/222 312/672/222 281/669/222
f 308/694/223 313/695/223 312/672/223
f 307/696/224 314/517/224 313/695/224
f 320/663/225 214/697/225 277/660/225
f 319/698/226 302/699/226 320/663/226
f 318/514/227 301/700/227 319/698/227
f 339/701/228 269/702/228 270/703/228
f 338/704/229 342/705/229 339/701/229
f 337/706/230 341/707/230 338/704/230
f 322/708/231 337/706/231 338/704/231
f 273/709/232 331/710/232 274/711/232
f 334/712/233 332/713/233 331/710/233
f 335/714/234 333/715/234 332/713/234
f 327/716/235 333/715/235 326/717/235
f 356/718/150 323/719/150 354/720/150
f 328/721/150 324/722/150 323/719/150
f 329/723/150 325/508/150 324/722/150
f 327/655/236 321/724/236 322/656/236
f 208/725/237 334/712/237 273/709/237
f 330/726/238 335/714/238 334/712/238
f 335/714/239 328/727/239 336/728/239
f 342/705/240 207/729/240 269/702/240
f 341/707/241 325/730/241 342/705/241
f 341/707/242 323/731/242 324/732/242
f 289/733/243 349/641/243 290/734/243
f 290/734/244 345/643/244 223/735/244
f 347/638/245 285/736/245 286/737/245
f 343/639/246 286/737/246 219/738/246
f 348/605/247 221/739/247 285/736/247
f 222/740/248 350/602/248 289/733/248
f 219/741/249 345/742/249 343/597/249
f 268/743/150 344/541/150 266/595/150
f 210/744/150 354/720/150 206/745/150
f 358/746/250 336/747/250 352/748/250
f 274/749/251 339/750/251 270/751/251
f 331/752/252 338/654/252 339/750/252
f 328/727/253 352/502/253 336/728/253
f 358/499/254 323/731/254 340/753/254
f 363/657/255 296/603/255 295/640/255
f 294/754/256 265/755/256 267/756/256
f 293/601/257 361/652/257 294/644/257
f 295/757/258 361/758/258 363/759/258
f 224/760/150 359/596/150 220/543/150
f 363/759/259 291/761/259 287/762/259
f 268/763/260 362/533/260 293/601/260
f 296/603/261 359/532/261 266/764/261
f 333/765/262 340/766/262 337/767/262
f 326/768/263 337/767/263 321/769/263
f 351/770/264 358/746/264 352/748/264
f 357/771/265 355/503/265 353/505/265
f 374/772/266 243/10/266 66/191/266
f 381/773/5 249/192/5 106/584/5
f 192/774/11 385/775/11 162/470/11
f 411/776/5 387/777/5 384/468/5
f 388/452/132 413/778/132 424/779/132
f 423/780/132 383/425/132 385/426/132
f 161/424/267 386/781/267 384/782/267
f 421/783/5 383/378/5 422/784/5
f 76/785/11 386/786/11 176/787/11
f 389/788/5 65/789/5 249/192/5
f 105/790/268 365/196/268 64/9/268
f 70/190/269 374/772/269 66/191/269
f 74/791/270 375/792/270 67/188/270
f 71/181/271 376/793/271 70/794/271
f 68/179/5 369/795/5 367/796/5
f 382/797/272 74/791/272 117/175/272
f 63/798/5 379/799/5 373/800/5
f 243/10/273 380/801/273 105/790/273
f 373/802/5 106/584/5 63/146/5
f 366/803/274 117/175/274 65/269/274
f 379/273/132 421/804/132 407/805/132
f 417/806/275 365/196/275 414/364/275
f 370/187/15 416/807/15 419/808/15
f 369/185/276 417/809/276 418/810/276
f 390/336/277 391/811/277 404/812/277
f 420/813/51 370/174/51 419/814/51
f 432/815/278 402/816/278 431/355/278
f 429/817/279 396/818/279 428/819/279
f 430/563/280 394/820/280 427/821/280
f 428/822/281 392/361/281 426/823/281
f 426/823/282 403/824/282 432/815/282
f 427/825/283 397/359/283 393/358/283
f 155/826/284 403/824/284 260/360/284
f 374/827/285 395/828/285 391/811/285
f 144/90/286 398/829/286 145/88/286
f 375/792/287 399/830/287 393/831/287
f 143/62/288 400/562/288 146/60/288
f 143/348/289 398/832/289 394/833/289
f 377/834/290 395/835/290 376/793/290
f 142/362/291 396/836/291 144/837/291
f 394/833/292 429/838/292 427/825/292
f 426/823/293 404/812/293 391/811/293
f 391/811/294 428/822/294 426/823/294
f 399/830/295 427/821/295 393/831/295
f 397/839/296 428/840/296 395/835/296
f 432/815/297 401/337/297 404/812/297
f 154/841/298 419/814/298 153/349/298
f 152/842/299 417/809/299 151/344/299
f 419/808/300 150/843/300 153/340/300
f 148/18/301 417/806/301 414/364/301
f 407/805/132 157/844/132 147/331/132
f 421/783/5 175/845/5 157/416/5
f 159/419/132 422/846/132 423/780/132
f 424/779/132 189/847/132 190/848/132
f 160/849/5 413/850/5 411/776/5
f 406/352/302 399/830/302 378/851/302
f 409/334/5 389/788/5 381/773/5
f 388/852/11 423/482/11 385/775/11
f 386/781/132 411/421/132 384/782/132
f 420/853/11 386/786/11 371/854/11
f 425/366/5 366/855/5 389/788/5
f 408/363/303 365/196/303 380/801/303
f 155/826/304 431/355/304 402/816/304
f 367/796/5 418/856/5 416/353/5
f 410/329/305 378/851/305 382/797/305
f 373/800/5 407/857/5 405/350/5
f 405/335/5 381/773/5 373/802/5
f 366/803/306 410/329/306 382/797/306
f 443/858/307 240/859/307 15/860/307
f 443/858/308 483/157/308 484/861/308
f 92/588/5 482/862/5 234/39/5
f 463/863/5 481/220/5 482/862/5
f 164/864/11 478/865/11 474/866/11
f 474/866/11 477/867/11 473/491/11
f 479/868/135 193/869/135 194/870/135
f 480/453/135 478/871/135 479/868/135
f 163/428/135 471/872/135 475/873/135
f 471/872/135 476/436/135 475/873/135
f 165/434/135 469/874/135 473/875/135
f 469/874/135 474/431/135 473/875/135
f 61/876/309 471/877/309 179/878/309
f 459/879/310 472/391/310 471/877/310
f 119/880/5 469/881/5 180/882/5
f 467/386/5 469/881/5 468/883/5
f 196/884/5 476/885/5 166/886/5
f 480/887/5 475/382/5 476/885/5
f 438/888/311 132/283/311 16/889/311
f 437/266/17 465/890/17 438/888/17
f 461/891/312 10/26/312 129/892/312
f 462/156/313 434/129/313 461/891/313
f 234/39/5 438/893/5 16/894/5
f 482/862/5 437/221/5 438/893/5
f 128/310/314 445/895/314 126/296/314
f 455/896/315 446/219/315 445/895/315
f 451/897/316 39/898/316 45/899/316
f 452/218/317 449/900/317 451/897/317
f 440/901/318 36/98/318 37/902/318
f 439/216/319 453/903/319 440/901/319
f 36/126/320 447/904/320 21/127/320
f 453/905/5 448/214/5 447/904/5
f 39/906/321 443/858/321 15/860/321
f 449/907/322 444/212/322 443/858/322
f 465/890/323 128/310/323 132/283/323
f 466/209/17 455/896/17 465/890/17
f 447/908/44 53/909/44 21/140/44
f 448/207/44 457/910/44 447/908/44
f 467/911/135 59/912/135 114/149/135
f 468/203/135 442/913/135 467/911/135
f 59/37/5 436/914/5 9/38/5
f 442/915/5 435/199/5 436/914/5
f 88/916/324 460/917/324 458/918/324
f 458/918/325 459/919/325 457/158/325
f 240/859/312 461/891/312 129/892/312
f 484/861/326 462/156/326 461/891/326
f 9/244/5 463/863/5 92/588/5
f 436/920/5 464/154/5 463/863/5
f 77/6/11 439/921/11 433/222/11
f 439/921/327 434/129/327 433/222/327
f 81/224/328 452/922/328 446/923/328
f 452/922/329 445/1/329 446/923/329
f 62/593/5 536/924/5 232/13/5
f 504/245/5 536/924/5 503/925/5
f 259/926/330 518/927/330 139/928/330
f 518/927/331 534/326/331 517/564/331
f 200/929/5 526/930/5 170/931/5
f 532/932/5 525/483/5 526/930/5
f 197/933/11 524/934/11 168/935/11
f 530/936/11 523/471/11 524/934/11
f 531/937/46 197/938/46 198/939/46
f 532/458/46 530/940/46 531/937/46
f 167/437/332 521/941/332 525/942/332
f 521/941/332 526/444/332 525/942/332
f 169/443/46 519/943/46 523/944/46
f 523/944/46 520/439/46 524/440/46
f 501/945/333 183/397/333 60/946/333
f 501/945/334 522/407/334 521/941/334
f 508/947/5 184/948/5 114/949/5
f 507/401/5 519/950/5 508/947/5
f 140/951/335 533/952/335 259/926/335
f 528/953/336 534/326/336 533/952/336
f 136/28/337 528/954/337 140/955/337
f 514/30/338 527/313/338 528/954/338
f 131/956/339 517/957/339 138/308/339
f 509/958/340 518/311/340 517/957/340
f 93/299/341 506/959/341 512/960/341
f 512/960/342 505/961/342 511/304/342
f 488/962/343 131/956/343 5/963/343
f 488/962/344 510/284/344 509/958/344
f 134/964/345 512/965/345 515/966/345
f 512/965/345 516/252/345 515/966/345
f 1/257/5 503/925/5 62/593/5
f 490/246/5 503/925/5 489/967/5
f 507/968/46 56/969/46 113/970/46
f 508/151/46 499/971/46 507/968/46
f 491/972/43 52/973/43 17/974/43
f 492/142/43 497/975/43 491/972/43
f 61/159/346 498/976/346 53/160/346
f 498/976/347 501/977/347 497/130/347
f 31/123/348 491/978/348 17/124/348
f 491/978/349 496/979/349 492/125/349
f 32/980/350 495/981/350 31/982/350
f 493/983/351 496/99/351 495/981/351
f 232/13/352 488/984/352 5/985/352
f 535/41/353 488/984/353 536/924/353
f 56/167/5 489/986/5 1/168/5
f 489/986/5 500/987/5 490/36/5
f 37/988/11 486/27/11 10/26/11
f 486/27/11 493/989/11 485/34/11
f 513/312/9 133/990/9 135/321/9
f 514/30/9 516/991/9 513/312/9
f 505/992/354 2/17/354 130/256/354
f 505/992/355 486/27/355 485/34/355
f 445/1/356 451/993/356 45/2/356
f 108/4/357 94/260/357 26/5/357
f 69/7/358 33/994/358 4/8/358
f 243/10/359 105/790/359 55/11/359
f 232/13/5 5/985/5 149/14/5
f 155/16/360 130/256/360 2/17/360
f 250/19/5 233/592/5 13/20/5
f 123/22/361 35/995/361 44/23/361
f 506/25/362 129/892/362 10/26/362
f 136/28/9 134/996/9 515/29/9
f 264/31/363 230/590/363 229/32/363
f 485/34/11 493/989/11 32/35/11
f 490/36/5 500/987/5 59/37/5
f 234/39/364 16/894/364 487/40/364
f 142/42/365 144/997/365 35/43/365
f 238/45/366 48/139/366 19/46/366
f 54/48/15 27/998/15 96/49/15
f 137/51/367 135/321/367 255/52/367
f 51/54/17 28/999/17 81/55/17
f 102/57/368 42/1000/368 18/58/368
f 146/60/369 127/1001/369 124/61/369
f 47/63/15 18/1002/15 68/64/15
f 239/66/370 25/1003/370 14/67/370
f 27/69/15 26/107/15 11/70/15
f 25/72/371 28/1004/371 23/73/371
f 96/75/15 27/69/15 24/71/15
f 100/77/372 30/1005/372 29/78/372
f 29/78/373 30/1005/373 226/80/373
f 229/82/374 99/1006/374 29/83/374
f 72/85/375 42/1007/375 33/86/375
f 145/88/376 44/1008/376 35/89/376
f 85/91/377 46/1009/377 40/92/377
f 237/94/378 43/1010/378 34/95/378
f 494/97/379 37/902/379 36/98/379
f 38/100/30 41/1011/30 86/101/30
f 126/103/380 45/1012/380 39/104/380
f 41/106/15 38/1013/15 26/107/15
f 86/108/5 41/1014/5 27/109/5
f 40/111/381 46/1015/381 28/112/381
f 71/114/382 43/1016/382 19/115/382
f 236/117/383 34/1017/383 8/118/383
f 80/119/384 84/1018/384 40/120/384
f 150/122/385 152/354/385 31/123/385
f 492/125/386 496/979/386 36/126/386
f 440/128/387 37/988/387 10/26/387
f 497/130/388 501/977/388 60/131/388
f 131/133/389 127/1001/389 146/60/389
f 111/135/390 51/54/390 87/56/390
f 122/137/391 112/1019/391 54/48/391
f 252/138/392 110/280/392 48/139/392
f 21/140/43 53/909/43 498/141/43
f 27/143/44 54/170/44 88/144/44
f 63/146/5 106/584/5 58/147/5
f 114/149/46 59/912/46 500/150/46
f 435/152/5 78/253/5 107/153/5
f 244/155/393 108/4/393 462/156/393
f 457/158/394 459/919/394 61/159/394
f 109/161/395 47/63/395 73/65/395
f 78/163/396 89/1020/396 119/164/396
f 141/166/5 147/351/5 56/167/5
f 118/169/397 88/144/397 54/170/397
f 371/172/51 76/1021/51 73/173/51
f 117/175/398 74/791/398 48/176/398
f 18/58/399 42/1000/399 72/178/399
f 375/180/400 377/357/400 71/114/400
f 71/181/401 70/794/401 34/182/401
f 72/85/402 69/87/402 368/184/402
f 73/65/15 68/64/15 367/186/15
f 48/176/403 74/791/403 67/188/403
f 8/118/404 34/1017/404 70/190/404
f 55/11/359 105/790/359 64/9/359
f 249/192/5 65/789/5 7/193/5
f 368/195/405 69/7/405 64/9/405
f 441/197/406 89/1022/406 78/198/406
f 115/200/60 73/1023/60 76/201/60
f 468/203/407 119/1024/407 89/204/407
f 82/145/44 88/144/44 458/206/44
f 120/136/65 87/56/65 456/208/65
f 26/5/11 38/1025/11 83/210/11
f 450/211/408 84/1018/408 80/119/408
f 454/213/5 86/108/5 82/110/5
f 83/102/30 86/101/30 454/215/30
f 85/91/409 84/93/409 450/217/409
f 87/56/65 81/55/65 446/219/65
f 481/220/5 250/19/5 79/21/5
f 108/4/2 77/6/2 433/222/2
f 46/223/410 85/1026/410 81/224/410
f 109/226/411 121/264/411 104/227/411
f 251/229/412 122/137/412 103/50/412
f 4/8/413 33/994/413 101/231/413
f 42/232/414 102/585/414 101/233/414
f 225/235/415 264/31/415 263/33/415
f 247/237/15 245/583/15 96/75/15
f 11/238/416 26/1027/416 94/239/416
f 235/241/417 237/581/417 102/57/417
f 103/50/15 96/49/15 245/242/15
f 104/227/418 95/587/418 18/243/418
f 9/244/5 92/588/5 504/245/5
f 30/247/419 100/1028/419 230/248/419
f 511/250/420 57/324/420 133/251/420
f 78/253/5 12/1029/5 91/254/5
f 260/255/421 241/578/421 130/256/421
f 1/257/5 62/593/5 156/258/5
f 244/155/422 239/1030/422 94/260/422
f 91/261/423 122/137/423 251/229/423
f 3/263/424 58/575/424 121/264/424
f 79/265/17 120/136/17 466/209/17
f 63/267/60 115/200/60 116/202/60
f 65/269/425 117/175/425 110/177/425
f 75/271/82 116/1031/82 372/272/82
f 12/274/426 78/1032/426 118/169/426
f 118/165/427 119/164/427 90/275/427
f 3/277/428 109/161/428 115/162/428
f 242/279/429 7/1033/429 110/280/429
f 12/281/430 112/1019/430 122/137/430
f 487/282/431 16/889/431 132/283/431
f 13/285/432 111/135/432 120/136/432
f 149/286/433 5/1034/433 131/133/433
f 123/22/434 124/24/434 20/287/434
f 126/289/435 15/1035/435 125/290/435
f 124/292/436 127/307/436 49/293/436
f 50/295/437 128/310/437 126/296/437
f 240/298/94 129/1036/94 93/299/94
f 254/301/438 241/1037/438 123/302/438
f 511/304/439 505/961/439 130/305/439
f 127/307/440 131/956/440 138/308/440
f 139/309/441 132/283/441 128/310/441
f 510/284/442 132/283/442 139/309/442
f 513/312/443 135/321/443 137/51/443
f 257/314/444 134/1038/444 136/315/444
f 253/317/445 93/1039/445 134/318/445
f 136/315/103 140/1040/103 259/320/103
f 135/321/446 133/990/446 258/322/446
f 258/323/447 133/251/447 57/324/447
f 534/326/448 527/1041/448 137/327/448
f 149/286/449 158/134/449 410/329/449
f 147/331/108 157/844/108 113/332/108
f 141/259/5 156/258/5 409/334/5
f 390/336/450 404/812/450 401/337/450
f 2/17/451 32/35/451 151/339/451
f 153/340/452 150/843/452 17/341/452
f 31/343/453 152/842/453 151/344/453
f 124/346/454 44/1042/454 145/347/454
f 60/131/455 154/841/455 153/349/455
f 405/350/5 407/857/5 147/351/5
f 158/134/456 146/60/456 406/352/456
f 416/353/5 418/856/5 152/354/5
f 380/338/457 401/337/457 431/355/457
f 377/357/458 375/180/458 393/358/458
f 260/360/459 403/824/459 392/361/459
f 408/363/460 155/16/460 148/18/460
f 261/15/5 149/14/5 415/365/5
f 190/367/120 189/1043/120 160/368/120
f 157/370/461 175/1044/461 188/371/461
f 420/373/462 154/414/462 188/374/462
f 76/201/120 176/1045/120 177/376/120
f 116/377/5 177/1046/5 383/378/5
f 479/380/5 194/1047/5 163/381/5
f 114/383/463 61/372/463 179/384/463
f 467/386/5 114/465/5 178/387/5
f 119/164/124 180/1048/124 181/389/124
f 90/390/11 181/1049/11 472/391/11
f 203/393/17 204/1050/17 174/394/17
f 113/396/464 60/946/464 183/397/464
f 113/399/5 182/1051/5 520/400/5
f 114/402/465 184/1052/465 185/403/465
f 502/405/466 61/1053/466 185/406/466
f 195/408/467 196/1054/467 166/409/467
f 113/411/143 187/1055/143 186/412/143
f 154/414/468 60/1056/468 186/415/468
f 157/416/5 175/845/5 187/417/5
f 188/374/469 175/1057/469 159/419/469
f 412/375/470 188/374/470 160/420/470
f 162/422/133 177/1058/133 176/423/133
f 383/425/267 177/1058/267 162/422/267
f 178/427/135 179/1059/135 163/428/135
f 470/430/135 178/427/135 164/429/135
f 166/432/135 181/1060/135 180/433/135
f 472/435/135 181/1060/135 166/432/135
f 182/398/471 183/397/471 167/437/471
f 520/439/46 182/398/46 168/438/46
f 170/441/472 185/406/472 184/442/472
f 522/407/473 185/406/473 170/441/473
f 186/415/132 187/449/132 171/445/132
f 188/374/474 186/415/474 172/446/474
f 174/448/475 175/1057/475 188/374/475
f 187/449/476 175/1057/476 174/448/476
f 192/450/82 191/1061/82 387/451/82
f 480/453/477 196/1062/477 195/454/477
f 200/456/46 199/1063/46 529/457/46
f 204/459/141 203/1064/141 201/460/141
f 204/462/11 202/1065/11 171/463/11
f 198/465/142 197/1066/142 168/466/142
f 384/468/5 387/777/5 191/469/5
f 523/471/11 529/483/11 199/472/11
f 191/474/143 192/1067/143 162/475/143
f 199/477/144 200/1068/144 170/478/144
f 424/480/11 190/1069/11 159/481/11
f 525/483/5 531/1070/5 198/484/5
f 194/485/145 193/1071/145 164/486/145
f 202/488/44 201/1072/44 172/489/44
f 473/491/478 477/867/478 195/492/478
f 172/494/5 201/1073/5 203/495/5
f 272/497/5 206/1074/5 354/498/5
f 356/500/11 210/1075/11 276/501/11
f 355/503/149 209/1076/149 205/504/149
f 330/506/150 208/1077/150 207/507/150
f 276/509/151 210/1078/151 206/510/151
f 280/512/5 213/1079/5 300/513/5
f 306/515/11 218/1080/11 284/516/11
f 297/518/479 303/1081/479 217/519/479
f 282/521/480 216/1082/480 212/522/480
f 308/524/150 215/1083/150 214/525/150
f 284/527/156 218/681/156 213/528/156
f 364/530/481 288/658/481 220/531/481
f 362/533/482 360/1084/482 224/534/482
f 286/536/159 290/651/159 223/537/159
f 346/539/150 222/1085/150 221/540/150
f 292/542/160 224/760/160 220/543/160
f 226/249/483 230/248/483 98/545/483
f 263/547/484 229/82/484 97/548/484
f 97/548/485 229/82/485 227/84/485
f 225/551/486 228/1086/486 14/552/486
f 11/554/164 227/81/164 226/80/164
f 247/556/487 264/559/487 225/557/487
f 98/545/488 230/248/488 264/559/488
f 228/560/489 263/547/489 246/549/489
f 156/258/5 261/15/5 425/366/5
f 406/352/490 146/60/490 400/562/490
f 517/564/491 534/326/491 262/328/491
f 20/287/492 258/323/492 254/325/492
f 255/52/493 258/322/493 20/566/493
f 256/316/494 259/320/494 139/568/494
f 125/570/495 253/317/495 257/319/495
f 22/572/101 257/314/101 256/316/101
f 57/324/496 130/1087/496 241/573/496
f 125/574/94 15/1088/94 240/298/94
f 242/279/497 252/138/497 121/264/497
f 233/262/498 251/229/498 111/576/498
f 25/121/499 239/1030/499 244/155/499
f 142/42/500 123/44/500 241/578/500
f 248/230/15 245/242/15 28/579/15
f 19/115/5 43/1016/5 237/581/5
f 23/582/15 28/1089/15 245/583/15
f 111/576/501 251/229/501 248/230/501
f 464/154/5 107/153/5 250/19/5
f 106/584/5 249/192/5 242/194/5
f 444/212/502 80/119/502 244/155/502
f 252/138/503 238/45/503 104/227/503
f 101/231/504 236/117/504 231/12/504
f 237/94/505 236/96/505 101/233/505
f 94/239/506 239/66/506 246/68/506
f 262/53/171 255/52/171 49/567/171
f 238/45/14 235/47/14 95/587/14
f 92/588/5 234/39/5 535/41/5
f 99/589/507 229/32/507 230/590/507
f 107/153/5 91/254/5 233/592/5
f 62/593/5 232/13/5 261/15/5
f 8/118/11 66/191/11 243/10/11
f 360/594/150 268/743/150 266/595/150
f 343/597/508 345/742/508 267/598/508
f 346/600/509 268/763/509 293/601/509
f 296/603/261 266/764/261 344/604/261
f 209/606/151 275/609/151 271/607/151
f 275/609/151 276/509/151 272/511/151
f 207/610/189 208/1090/189 273/611/189
f 269/612/189 273/611/189 274/613/189
f 355/615/510 351/618/510 275/616/510
f 351/618/511 352/502/511 276/501/511
f 353/619/512 205/1091/512 271/620/512
f 357/621/513 271/620/513 272/497/513
f 217/622/156 283/625/156 279/623/156
f 283/625/156 284/527/156 280/529/156
f 215/626/514 281/629/514 277/627/514
f 281/629/515 282/521/515 278/523/515
f 303/630/516 311/633/516 283/631/516
f 311/633/517 314/517/517 284/516/517
f 297/634/518 211/1092/518 279/635/518
f 315/636/519 279/635/519 280/512/519
f 265/637/520 295/640/520 347/638/520
f 295/640/521 296/603/521 348/605/521
f 349/641/522 294/644/522 267/642/522
f 350/602/523 293/601/523 294/644/523
f 291/645/204 292/1093/204 288/646/204
f 221/648/159 222/1094/159 289/649/159
f 285/650/159 289/649/159 290/651/159
f 361/652/524 362/533/524 292/535/524
f 338/654/206 332/1095/206 327/655/206
f 363/657/525 287/1096/525 288/658/525
f 317/659/226 320/663/226 277/660/226
f 316/662/526 319/698/526 320/663/526
f 318/664/527 314/692/527 311/665/527
f 299/667/528 317/659/528 278/661/528
f 299/667/529 298/1097/529 316/662/529
f 311/665/530 303/1081/530 297/518/530
f 281/669/223 312/672/223 309/670/223
f 312/672/531 313/695/531 310/673/531
f 298/674/532 304/1098/532 310/675/532
f 282/671/214 309/670/214 305/677/214
f 309/670/533 310/673/533 304/679/533
f 310/675/534 313/1099/534 319/680/534
f 218/681/150 306/683/150 300/682/150
f 306/683/150 307/685/150 301/684/150
f 307/685/150 308/524/150 302/526/150
f 212/686/535 216/1100/535 305/687/535
f 299/688/536 305/687/536 304/689/536
f 318/664/537 319/1101/537 313/691/537
f 215/693/538 308/694/538 312/672/538
f 308/694/539 307/696/539 313/695/539
f 307/696/540 306/515/540 314/517/540
f 320/663/541 302/699/541 214/697/541
f 319/698/542 301/700/542 302/699/542
f 318/514/543 300/513/543 301/700/543
f 339/701/544 342/705/544 269/702/544
f 338/704/545 341/707/545 342/705/545
f 337/706/546 340/753/546 341/707/546
f 322/708/547 321/1102/547 337/706/547
f 273/709/238 334/712/238 331/710/238
f 334/712/548 335/714/548 332/713/548
f 335/714/549 336/728/549 333/715/549
f 327/716/550 332/713/550 333/715/550
f 356/718/150 328/721/150 323/719/150
f 328/721/150 329/723/150 324/722/150
f 329/723/150 330/506/150 325/508/150
f 327/655/236 326/1103/236 321/724/236
f 208/725/551 330/726/551 334/712/551
f 330/726/552 329/1104/552 335/714/552
f 335/714/552 329/1104/552 328/727/552
f 342/705/553 325/730/553 207/729/553
f 341/707/242 324/732/242 325/730/242
f 341/707/554 340/753/554 323/731/554
f 289/733/187 350/602/187 349/641/187
f 290/734/203 349/641/203 345/643/203
f 347/638/188 348/605/188 285/736/188
f 343/639/555 347/638/555 286/737/555
f 348/605/556 344/604/556 221/739/556
f 222/740/557 346/600/557 350/602/557
f 219/741/558 223/1105/558 345/742/558
f 268/743/150 346/539/150 344/541/150
f 210/744/150 356/718/150 354/720/150
f 358/746/250 340/1106/250 336/747/250
f 274/749/251 331/752/251 339/750/251
f 331/752/252 332/1095/252 338/654/252
f 328/727/559 356/500/559 352/502/559
f 358/499/560 354/498/560 323/731/560
f 363/657/207 364/530/207 296/603/207
f 294/754/561 295/1107/561 265/755/561
f 293/601/524 362/533/524 361/652/524
f 295/757/562 294/1108/562 361/758/562
f 224/760/150 360/594/150 359/596/150
f 363/759/563 361/758/563 291/761/563
f 268/763/482 360/1084/482 362/533/482
f 296/603/564 364/530/564 359/532/564
f 333/765/262 336/1109/262 340/766/262
f 326/768/263 333/765/263 337/767/263
f 351/770/264 357/771/264 358/746/264
f 357/771/265 351/770/265 355/503/265
f 374/772/565 390/1110/565 243/10/565
f 381/773/5 389/788/5 249/192/5
f 192/774/11 388/852/11 385/775/11
f 411/776/5 413/850/5 387/777/5
f 388/452/132 387/451/132 413/778/132
f 423/780/132 422/846/132 383/425/132
f 161/424/134 176/423/134 386/781/134
f 421/783/5 372/379/5 383/378/5
f 76/785/11 371/854/11 386/786/11
f 389/788/5 366/855/5 65/789/5
f 105/790/566 380/801/566 365/196/566
f 70/190/567 376/1111/567 374/772/567
f 74/791/568 378/851/568 375/792/568
f 71/181/569 377/834/569 376/793/569
f 68/179/5 72/178/5 369/795/5
f 382/797/570 378/851/570 74/791/570
f 63/798/5 75/1112/5 379/799/5
f 243/10/571 390/1110/571 380/801/571
f 373/802/5 381/773/5 106/584/5
f 366/803/274 382/797/274 117/175/274
f 379/273/132 372/272/132 421/804/132
f 417/806/572 368/195/572 365/196/572
f 370/187/15 367/186/15 416/807/15
f 369/185/573 368/184/573 417/809/573
f 390/336/574 374/827/574 391/811/574
f 420/813/51 371/172/51 370/174/51
f 432/815/575 403/824/575 402/816/575
f 429/817/576 398/1113/576 396/818/576
f 430/563/577 400/562/577 394/820/577
f 428/822/578 396/836/578 392/361/578
f 426/823/579 392/361/579 403/824/579
f 427/825/580 429/838/580 397/359/580
f 155/826/581 402/816/581 403/824/581
f 374/827/582 376/1114/582 395/828/582
f 144/90/583 396/1115/583 398/829/583
f 375/792/584 378/851/584 399/830/584
f 143/62/585 394/820/585 400/562/585
f 143/348/586 145/347/586 398/832/586
f 377/834/587 397/839/587 395/835/587
f 142/362/588 392/361/588 396/836/588
f 394/833/589 398/832/589 429/838/589
f 426/823/590 432/815/590 404/812/590
f 391/811/591 395/828/591 428/822/591
f 399/830/592 430/563/592 427/821/592
f 397/839/593 429/1116/593 428/840/593
f 432/815/594 431/355/594 401/337/594
f 154/841/595 420/813/595 419/814/595
f 152/842/276 418/810/276 417/809/276
f 419/808/15 416/807/15 150/843/15
f 148/18/596 151/339/596 417/806/596
f 407/805/132 421/804/132 157/844/132
f 421/783/5 422/784/5 175/845/5
f 159/419/132 175/1057/132 422/846/132
f 424/779/132 413/778/132 189/847/132
f 160/849/5 189/1117/5 413/850/5
f 406/352/168 430/563/168 399/830/168
f 409/334/5 425/366/5 389/788/5
f 388/852/11 424/480/11 423/482/11
f 386/781/132 412/375/132 411/421/132
f 420/853/11 412/1118/11 386/786/11
f 425/366/5 415/365/5 366/855/5
f 408/363/597 414/364/597 365/196/597
f 155/826/598 408/356/598 431/355/598
f 367/796/5 369/795/5 418/856/5
f 410/329/599 406/352/599 378/851/599
f 373/800/5 379/799/5 407/857/5
f 405/335/5 409/334/5 381/773/5
f 366/803/107 415/330/107 410/329/107
f 443/858/308 484/861/308 240/859/308
f 443/858/600 444/212/600 483/157/600
f 92/588/5 463/863/5 482/862/5
f 463/863/5 464/154/5 481/220/5
f 164/864/11 193/1119/11 478/865/11
f 474/866/11 478/865/11 477/867/11
f 479/868/135 478/871/135 193/869/135
f 480/453/135 477/455/135 478/871/135
f 163/428/135 179/1059/135 471/872/135
f 471/872/135 472/435/135 476/436/135
f 165/434/135 180/433/135 469/874/135
f 469/874/135 470/430/135 474/431/135
f 61/876/601 459/879/601 471/877/601
f 459/879/602 460/392/602 472/391/602
f 119/880/5 468/883/5 469/881/5
f 467/386/5 470/388/5 469/881/5
f 196/884/5 480/887/5 476/885/5
f 480/887/5 479/380/5 475/382/5
f 438/888/603 465/890/603 132/283/603
f 437/266/17 466/209/17 465/890/17
f 461/891/604 434/129/604 10/26/604
f 462/156/605 433/222/605 434/129/605
f 234/39/5 482/862/5 438/893/5
f 482/862/5 481/220/5 437/221/5
f 128/310/606 455/896/606 445/895/606
f 455/896/607 456/208/607 446/219/607
f 451/897/608 449/900/608 39/898/608
f 452/218/609 450/217/609 449/900/609
f 440/901/610 453/903/610 36/98/610
f 439/216/30 454/215/30 453/903/30
f 36/126/611 453/905/611 447/904/611
f 453/905/5 454/213/5 448/214/5
f 39/906/612 449/907/612 443/858/612
f 449/907/613 450/211/613 444/212/613
f 465/890/606 455/896/606 128/310/606
f 466/209/614 456/208/614 455/896/614
f 447/908/44 457/910/44 53/909/44
f 448/207/44 458/206/44 457/910/44
f 467/911/135 442/913/135 59/912/135
f 468/203/135 441/205/135 442/913/135
f 59/37/5 442/915/5 436/914/5
f 442/915/5 441/197/5 435/199/5
f 88/916/615 90/1120/615 460/917/615
f 458/918/616 460/917/616 459/919/616
f 240/859/617 484/861/617 461/891/617
f 484/861/11 483/157/11 462/156/11
f 9/244/5 436/920/5 463/863/5
f 436/920/5 435/152/5 464/154/5
f 77/6/11 83/210/11 439/921/11
f 439/921/618 440/128/618 434/129/618
f 81/224/328 85/1026/328 452/922/328
f 452/922/329 451/993/329 445/1/329
f 62/593/5 503/925/5 536/924/5
f 504/245/5 535/41/5 536/924/5
f 259/926/619 533/952/619 518/927/619
f 518/927/619 533/952/619 534/326/619
f 200/929/5 532/932/5 526/930/5
f 532/932/5 531/1070/5 525/483/5
f 197/933/11 530/936/11 524/934/11
f 530/936/11 529/483/11 523/471/11
f 531/937/46 530/940/46 197/938/46
f 532/458/46 529/457/46 530/940/46
f 167/437/620 183/397/620 521/941/620
f 521/941/621 522/407/621 526/444/621
f 169/443/46 184/442/46 519/943/46
f 523/944/46 519/943/46 520/439/46
f 501/945/334 521/941/334 183/397/334
f 501/945/622 502/405/622 522/407/622
f 508/947/5 519/950/5 184/948/5
f 507/401/5 520/400/5 519/950/5
f 140/951/623 528/953/623 533/952/623
f 528/953/448 527/1041/448 534/326/448
f 136/28/624 514/30/624 528/954/624
f 514/30/625 513/312/625 527/313/625
f 131/956/626 509/958/626 517/957/626
f 509/958/627 510/284/627 518/311/627
f 93/299/628 129/1036/628 506/959/628
f 512/960/629 506/959/629 505/961/629
f 488/962/630 509/958/630 131/956/630
f 488/962/631 487/282/631 510/284/631
f 134/964/632 93/1121/632 512/965/632
f 512/965/633 511/250/633 516/252/633
f 1/257/5 489/967/5 503/925/5
f 490/246/5 504/245/5 503/925/5
f 507/968/46 499/971/46 56/969/46
f 508/151/46 500/150/46 499/971/46
f 491/972/43 497/975/43 52/973/43
f 492/142/43 498/141/43 497/975/43
f 61/159/634 502/1122/634 498/976/634
f 498/976/634 502/1122/634 501/977/634
f 31/123/635 495/1123/635 491/978/635
f 491/978/635 495/1123/635 496/979/635
f 32/980/636 493/983/636 495/981/636
f 493/983/637 494/97/637 496/99/637
f 232/13/353 536/924/353 488/984/353
f 535/41/638 487/40/638 488/984/638
f 56/167/5 499/1124/5 489/986/5
f 489/986/5 499/1124/5 500/987/5
f 37/988/11 494/1125/11 486/27/11
f 486/27/11 494/1125/11 493/989/11
f 513/312/9 516/991/9 133/990/9
f 514/30/9 515/29/9 516/991/9
f 505/992/355 485/34/355 2/17/355
f 505/992/639 506/25/639 486/27/639
g cash_machine_Mesh
v 0.750922 0.679665 -1.018397
v 0.725434 0.854711 -1.001231
v 0.747586 0.683118 -0.625762
v 0.697170 0.864992 -0.819321
v 0.417743 0.679665 -1.018397
v 0.441636 0.892623 -0.999103
v 0.421078 0.683118 -0.625762
v 0.417743 0.871011 -0.830508
v 0.753373 0.794417 -1.031243
v 0.733707 0.771812 -0.643383
v 0.435855 0.775887 -0.642814
v 0.411596 0.822175 -1.026196
v 0.752086 0.825153 -1.025868
v 0.697170 0.844946 -0.801326
v 0.471495 0.844946 -0.801326
v 0.414292 0.836734 -1.024908
v 0.754341 0.748638 -0.624799
v 0.743219 0.737567 -0.617167
v 0.415554 0.752141 -0.623328
v 0.425446 0.737567 -0.617167
v 0.415554 0.795633 -1.020976
v 0.415554 0.747971 -1.020976
v 0.755178 0.747139 -1.017338
v 0.758003 0.772179 -1.023292
v 0.753304 0.839856 -1.024715
v 0.750922 0.871011 -0.830508
v 0.471495 0.864992 -0.819321
v 0.412018 0.848265 -1.024777
v 0.750922 0.826042 -0.790140
v 0.755959 0.761048 -0.636058
v 0.421086 0.820756 -0.786525
v 0.417743 0.762949 -0.625907
v 0.721363 0.897558 -0.889376
v 0.442592 0.882098 -0.886700
v 0.732809 0.828765 -0.780457
v 0.435855 0.828765 -0.780457
v 0.687702 0.864617 -0.813340
v 0.480963 0.864617 -0.813340
v 0.687702 0.850933 -0.801056
v 0.480963 0.850933 -0.801056
v 0.691273 0.867274 -0.815725
v 0.477392 0.867274 -0.815725
v 0.691273 0.848276 -0.798671
v 0.477392 0.848276 -0.798671
v 0.687702 0.862350 -0.815865
v 0.480963 0.862350 -0.815865
v 0.687702 0.848666 -0.803581
v 0.480963 0.848666 -0.803581
v 0.743182 0.832485 -0.790140
v 0.427627 0.833033 -0.797291
v 0.745743 0.767598 -0.637098
v 0.425483 0.772167 -0.633132
v 0.722044 0.828055 -0.771753
v 0.444149 0.826298 -0.770908
v 0.728071 0.779026 -0.644129
v 0.443134 0.780411 -0.646496
v 0.731642 0.683118 -0.625762
v 0.597449 0.897178 -0.919574
v 0.731642 0.679665 -1.018397
v 0.734024 0.839856 -1.024715
v 0.731675 0.806898 -1.026472
v 0.731811 0.757461 -0.624447
v 0.732807 0.827462 -1.025868
v 0.724798 0.832485 -0.790140
v 0.733578 0.737567 -0.617167
v 0.733827 0.747250 -0.622238
v 0.733578 0.747971 -1.020976
v 0.735186 0.774929 -1.028749
v 0.580464 0.897558 -0.978472
v 0.723549 0.762209 -0.627152
v 0.684111 0.864992 -0.819321
v 0.684111 0.844946 -0.801326
v 0.678896 0.867274 -0.815725
v 0.678896 0.848276 -0.798671
v 0.675739 0.864617 -0.813340
v 0.675739 0.850933 -0.801056
v 0.675739 0.862350 -0.815865
v 0.675739 0.848666 -0.803581
v 0.715626 0.828765 -0.780457
v 0.705760 0.769474 -0.632358
v 0.717463 0.828055 -0.771753
v 0.700247 0.779316 -0.639598
v 0.750922 0.797531 -0.715924
v 0.417743 0.797531 -0.715924
v 0.412101 0.827238 -1.026196
v 0.752397 0.811929 -1.025337
v 0.743182 0.805228 -0.719189
v 0.425483 0.805228 -0.719189
v 0.732809 0.804870 -0.718258
v 0.435855 0.804870 -0.718257
v 0.722044 0.809245 -0.722791
v 0.440594 0.807084 -0.717164
v 0.717463 0.809245 -0.722791
v 0.733175 0.823287 -1.025868
v 0.728071 0.830216 -0.777379
v 0.711436 0.830216 -0.777379
v 0.728071 0.807084 -0.717164
v 0.711436 0.807084 -0.717164
v 0.722044 0.836161 -0.768639
v 0.717463 0.836161 -0.768639
v 0.722044 0.817351 -0.719677
v 0.717463 0.817351 -0.719677
v 0.722044 0.841305 -0.766662
v 0.717463 0.841305 -0.766662
v 0.722147 0.825814 -0.718389
v 0.717463 0.822496 -0.717700
v 0.727622 0.834055 -0.772781
v 0.712070 0.837562 -0.772586
v 0.727437 0.815749 -0.715807
v 0.712070 0.815749 -0.715807
v 0.727437 0.842907 -0.770533
v 0.712070 0.842907 -0.770532
v 0.727540 0.824413 -0.714441
v 0.712070 0.821095 -0.713753
v 0.755892 0.737432 -0.628002
v 0.750922 0.679665 -0.625907
v 0.731642 0.679665 -0.625907
v 0.415554 0.741284 -0.623328
v 0.417743 0.679665 -0.625907
v 0.733578 0.741284 -0.623328
v 0.731694 0.731129 -0.444524
v 0.731642 0.676489 -0.467368
v 0.743219 0.731466 -0.471384
v 0.747586 0.676489 -0.467368
v 0.399095 0.717011 -0.484510
v 0.410851 0.670874 -0.472459
v 0.733578 0.737831 -0.623473
v 0.419135 0.737831 -0.623472
v 0.749530 0.737831 -0.623473
v 0.731694 0.730865 -0.438219
v 0.392783 0.716747 -0.478205
v 0.749530 0.731202 -0.465078
v 0.733578 0.690868 -0.619121
v 0.733578 0.684767 -0.473338
v 0.425446 0.690868 -0.619121
v 0.743219 0.690868 -0.619121
v 0.425446 0.684767 -0.473338
v 0.743219 0.684767 -0.473338
v 0.724798 0.877453 -0.830508
v 0.425483 0.877453 -0.830508
v 0.745564 0.846298 -1.016975
v 0.743182 0.877453 -0.830508
v 0.421031 0.863079 -1.014298
v 0.727180 0.846298 -1.016975
v 0.440435 0.877453 -0.830508
v 0.433423 0.679665 -1.018397
v 0.433424 0.762949 -0.625907
v 0.440435 0.832485 -0.790140
v 0.431440 0.741284 -0.623328
v 0.431440 0.752141 -0.623328
v 0.440435 0.772167 -0.633132
v 0.482116 0.864992 -0.819321
v 0.482116 0.844946 -0.801326
v 0.487458 0.867274 -0.815725
v 0.487458 0.848276 -0.798671
v 0.490692 0.864617 -0.813340
v 0.490692 0.850933 -0.801056
v 0.490692 0.862350 -0.815865
v 0.490692 0.848666 -0.803581
v 0.449831 0.828765 -0.780457
v 0.449831 0.775887 -0.642814
v 0.454123 0.830216 -0.777379
v 0.459480 0.781756 -0.649027
v 0.433424 0.679665 -0.625907
v 0.437083 0.850955 -1.028105
v 0.427363 0.822175 -1.026196
v 0.428198 0.831413 -1.026196
v 0.431440 0.747971 -1.020976
v 0.431440 0.795633 -1.020976
v 0.450216 0.865183 -1.020133
v 0.427821 0.827238 -1.026196
v 0.454124 0.807084 -0.717164
v 0.434842 0.737831 -0.623472
v 0.436592 0.683118 -0.625762
v 0.511579 0.721218 -0.451382
v 0.426365 0.670874 -0.472459
v 0.440838 0.737567 -0.617167
v 0.514504 0.720925 -0.458374
v 0.440838 0.690868 -0.619121
v 0.440838 0.684767 -0.473338
v 0.474587 0.898104 -0.927408
v 0.489251 0.897350 -0.979852
v 0.710684 0.897558 -0.889376
v 0.714755 0.854711 -1.001231
v 0.450910 0.892623 -0.999103
v 0.458319 0.888436 -0.887066
v 0.580464 0.884370 -0.941394
v 0.580464 0.884370 -0.978472
v 0.494110 0.884370 -0.978472
v 0.523496 0.884475 -0.949309
v 0.747586 0.679803 -0.546565
v 0.731642 0.679803 -0.546565
v 0.415965 0.676996 -0.549111
v 0.399363 0.721061 -0.562604
v 0.760511 0.735875 -0.540428
v 0.405674 0.721061 -0.562604
v 0.754200 0.735875 -0.540428
v 0.733578 0.687818 -0.546230
v 0.425446 0.687818 -0.546230
v 0.743219 0.687818 -0.546230
v 0.440838 0.687818 -0.546230
v 0.431479 0.676996 -0.549111
v 0.752435 0.722273 -0.624124
v 0.416229 0.722273 -0.624124
v 0.416229 0.726897 -1.020180
v 0.752435 0.726897 -1.020180
v 0.732981 0.726897 -1.020180
v 0.748930 0.720951 -0.624179
v 0.419734 0.720951 -0.624179
v 0.731678 0.714089 -0.447212
v 0.748930 0.714322 -0.465785
v 0.398358 0.702594 -0.476432
v 0.503406 0.712646 -0.449129
v 0.432052 0.726897 -1.020180
v 0.756524 0.718576 -0.542321
v 0.404485 0.707466 -0.558441
v 0.750922 0.679665 -0.822152
v 0.758741 0.839516 -0.897931
v 0.417743 0.679665 -0.822152
v 0.414881 0.859638 -0.927642
v 0.414669 0.792562 -0.826051
v 0.754666 0.777733 -0.833650
v 0.417689 0.828745 -0.905717
v 0.758077 0.815840 -0.892485
v 0.755535 0.742285 -0.822670
v 0.756172 0.760408 -0.824045
v 0.415554 0.744627 -0.822152
v 0.415554 0.773887 -0.822152
v 0.746731 0.853984 -0.896874
v 0.423257 0.870266 -0.922403
v 0.704018 0.882105 -0.919030
v 0.731642 0.679665 -0.822152
v 0.755684 0.795235 -0.864257
v 0.414922 0.812385 -0.871060
v 0.728396 0.859452 -0.878690
v 0.442114 0.887360 -0.942902
v 0.454615 0.890529 -0.943085
v 0.433423 0.679665 -0.822152
v 0.588957 0.897368 -0.949023
v 0.481919 0.897727 -0.953630
v 0.580464 0.884370 -0.959933
v 0.508803 0.884423 -0.963890
v 0.416229 0.724585 -0.822152
v 0.752435 0.724585 -0.822152
v 0.750922 0.679665 -0.920274
v 0.413450 0.853952 -0.976210
v 0.413133 0.807369 -0.926124
v 0.415991 0.832739 -0.965312
v 0.415554 0.746299 -0.921564
v 0.415554 0.784760 -0.921564
v 0.422144 0.866673 -0.968350
v 0.707344 0.872067 -0.981235
v 0.731642 0.679665 -0.920274
v 0.413511 0.819812 -0.948628
v 0.441875 0.889992 -0.971002
v 0.452762 0.891576 -0.971094
v 0.433423 0.679665 -0.920274
v 0.584710 0.897463 -0.963747
v 0.485585 0.897539 -0.966741
v 0.580464 0.884370 -0.969202
v 0.501456 0.884396 -0.971181
v 0.416229 0.725741 -0.921166
v 0.755899 0.839303 -0.971834
v 0.417743 0.679665 -0.920274
v 0.756561 0.778016 -0.947731
v 0.755082 0.820497 -0.959177
v 0.755357 0.744712 -0.920004
v 0.760457 0.756490 -0.933224
v 0.748159 0.845745 -0.966029
v 0.754041 0.803582 -0.944797
v 0.729658 0.855102 -0.977959
v 0.752435 0.725741 -0.921166
v 0.694210 0.804563 -0.968024
v 0.696805 0.804010 -0.915144
v 0.692330 0.751335 -0.928637
v 0.692977 0.742993 -0.829840
v 0.693392 0.785756 -0.955366
v 0.696388 0.781100 -0.888675
v 0.686470 0.811005 -0.962219
v 0.685294 0.818974 -0.889439
v 0.692351 0.768841 -0.940987
v 0.693995 0.760495 -0.860447
v 0.665918 0.822340 -0.965128
v 0.668091 0.824711 -0.932836
v 0.657411 0.824711 -0.932836
v 0.655238 0.822340 -0.965128
v 0.705024 0.789239 -0.659952
v 0.703433 0.795470 -0.655663
v 0.699221 0.790640 -0.662995
v 0.698348 0.797041 -0.658630
v 0.699221 0.793444 -0.669082
v 0.697993 0.802490 -0.665695
v 0.705024 0.794845 -0.672125
v 0.705024 0.804188 -0.669382
v 0.710827 0.793444 -0.669082
v 0.712055 0.802490 -0.665695
v 0.710827 0.790640 -0.662995
v 0.712055 0.799093 -0.658321
v 0.705024 0.788447 -0.654836
v 0.694909 0.790890 -0.660140
v 0.694909 0.795776 -0.670748
v 0.705024 0.798219 -0.676052
v 0.715138 0.795776 -0.670748
v 0.715138 0.790890 -0.660140
v 0.705024 0.779392 -0.664487
v 0.699221 0.780794 -0.667531
v 0.699221 0.783597 -0.673617
v 0.705024 0.784999 -0.676660
v 0.710827 0.783597 -0.673617
v 0.710827 0.780794 -0.667531
v 0.695264 0.795274 -0.657484
v 0.703433 0.792959 -0.652900
v 0.694909 0.802213 -0.667783
v 0.705024 0.803830 -0.674242
v 0.715138 0.802213 -0.667783
v 0.715138 0.797327 -0.657175
v 0.674681 0.789239 -0.659952
v 0.674681 0.797395 -0.654635
v 0.668878 0.790640 -0.662995
v 0.667694 0.797087 -0.658739
v 0.668878 0.793444 -0.669082
v 0.667650 0.802490 -0.665695
v 0.674681 0.794845 -0.672125
v 0.674681 0.804188 -0.669382
v 0.680484 0.793444 -0.669082
v 0.681712 0.802490 -0.665695
v 0.680484 0.790640 -0.662995
v 0.681712 0.799093 -0.658321
v 0.674681 0.788447 -0.654836
v 0.664566 0.790890 -0.660140
v 0.664566 0.795776 -0.670748
v 0.674681 0.798219 -0.676052
v 0.684795 0.795776 -0.670748
v 0.684795 0.790890 -0.660140
v 0.674681 0.779392 -0.664487
v 0.668878 0.780794 -0.667531
v 0.668878 0.783597 -0.673617
v 0.674681 0.784999 -0.676660
v 0.680484 0.783597 -0.673617
v 0.680484 0.780794 -0.667531
v 0.666879 0.792758 -0.657276
v 0.674681 0.794884 -0.651871
v 0.664566 0.802213 -0.667783
v 0.674681 0.804656 -0.673087
v 0.684795 0.802213 -0.667783
v 0.684795 0.797327 -0.657175
v 0.644338 0.791370 -0.658989
v 0.642710 0.797132 -0.655081
v 0.638535 0.792648 -0.662086
v 0.637307 0.801283 -0.657757
v 0.638535 0.795204 -0.668281
v 0.639070 0.802842 -0.664858
v 0.644338 0.796482 -0.671378
v 0.644338 0.805928 -0.669014
v 0.650141 0.795204 -0.668281
v 0.651368 0.804379 -0.665262
v 0.650141 0.792648 -0.662086
v 0.651368 0.801283 -0.657757
v 0.644338 0.790786 -0.653845
v 0.634223 0.793013 -0.659243
v 0.634223 0.797468 -0.670039
v 0.644338 0.799695 -0.675437
v 0.654452 0.797468 -0.670039
v 0.654452 0.793013 -0.659243
v 0.644338 0.781349 -0.663124
v 0.638535 0.782627 -0.666221
v 0.638535 0.785183 -0.672416
v 0.644338 0.786461 -0.675513
v 0.650141 0.785183 -0.672416
v 0.650141 0.782627 -0.666221
v 0.634238 0.796957 -0.656991
v 0.640509 0.794089 -0.653171
v 0.634223 0.804019 -0.667336
v 0.644338 0.806246 -0.672734
v 0.654452 0.804019 -0.667336
v 0.654452 0.799564 -0.656540
v 0.613995 0.789239 -0.659952
v 0.616233 0.796702 -0.654381
v 0.608192 0.790640 -0.662995
v 0.606964 0.799093 -0.658321
v 0.608192 0.793444 -0.669082
v 0.607485 0.800613 -0.665902
v 0.613995 0.794845 -0.672125
v 0.613995 0.804188 -0.669382
v 0.619798 0.793444 -0.669082
v 0.621026 0.802490 -0.665695
v 0.619798 0.790640 -0.662995
v 0.621026 0.799093 -0.658321
v 0.613995 0.788447 -0.654836
v 0.603880 0.790890 -0.660140
v 0.603880 0.795776 -0.670748
v 0.613995 0.798219 -0.676051
v 0.624109 0.795776 -0.670748
v 0.624109 0.790890 -0.660140
v 0.613995 0.779392 -0.664487
v 0.608192 0.780794 -0.667531
v 0.608192 0.783597 -0.673617
v 0.613995 0.784999 -0.676660
v 0.619798 0.783597 -0.673617
v 0.619798 0.780794 -0.667531
v 0.603880 0.797327 -0.657175
v 0.616233 0.794191 -0.651618
v 0.604402 0.799510 -0.669144
v 0.613995 0.804656 -0.673087
v 0.624109 0.802213 -0.667783
v 0.624109 0.797327 -0.657175
v 0.674681 0.825235 -0.740945
v 0.674681 0.833392 -0.735627
v 0.668878 0.826637 -0.743988
v 0.667650 0.835090 -0.739314
v 0.668878 0.829440 -0.750074
v 0.667650 0.838486 -0.746688
v 0.674681 0.830842 -0.753117
v 0.674681 0.840185 -0.750375
v 0.680484 0.829440 -0.750074
v 0.681712 0.838486 -0.746688
v 0.680484 0.826637 -0.743988
v 0.681712 0.835090 -0.739314
v 0.674681 0.824444 -0.735828
v 0.664566 0.826887 -0.741132
v 0.664566 0.831773 -0.751740
v 0.674681 0.834216 -0.757044
v 0.684795 0.831773 -0.751740
v 0.684795 0.826887 -0.741132
v 0.674681 0.815389 -0.745480
v 0.668878 0.816790 -0.748523
v 0.668878 0.819594 -0.754609
v 0.674681 0.820995 -0.757653
v 0.680484 0.819594 -0.754609
v 0.680484 0.816790 -0.748523
v 0.664566 0.833324 -0.738168
v 0.674681 0.830055 -0.734019
v 0.664566 0.838210 -0.748775
v 0.674681 0.840652 -0.754079
v 0.684795 0.838210 -0.748775
v 0.684795 0.833324 -0.738168
v 0.644338 0.824075 -0.741366
v 0.644338 0.832439 -0.736382
v 0.638535 0.825353 -0.744463
v 0.637307 0.833987 -0.740134
v 0.638535 0.827909 -0.750658
v 0.637307 0.837084 -0.747639
v 0.644338 0.829187 -0.753755
v 0.644338 0.838632 -0.751391
v 0.650141 0.827909 -0.750658
v 0.651368 0.837084 -0.747639
v 0.650141 0.825353 -0.744463
v 0.651368 0.833987 -0.740134
v 0.644338 0.823491 -0.736222
v 0.634223 0.825718 -0.741620
v 0.634223 0.830172 -0.752416
v 0.644338 0.832400 -0.757814
v 0.654452 0.830172 -0.752416
v 0.654452 0.825718 -0.741620
v 0.644338 0.814054 -0.745501
v 0.638535 0.815332 -0.748598
v 0.638535 0.817888 -0.754793
v 0.644338 0.819165 -0.757890
v 0.650141 0.817888 -0.754793
v 0.650141 0.815332 -0.748598
v 0.634223 0.832269 -0.738917
v 0.644338 0.830041 -0.733519
v 0.634223 0.836723 -0.749713
v 0.644338 0.838951 -0.755111
v 0.654452 0.836723 -0.749713
v 0.654452 0.832269 -0.738917
v 0.613995 0.825235 -0.740945
v 0.613995 0.833392 -0.735627
v 0.608192 0.826637 -0.743988
v 0.606964 0.835090 -0.739314
v 0.608191 0.829440 -0.750074
v 0.606964 0.838486 -0.746688
v 0.613995 0.830842 -0.753117
v 0.613995 0.840185 -0.750375
v 0.619798 0.829440 -0.750074
v 0.621026 0.838486 -0.746688
v 0.619798 0.826637 -0.743988
v 0.621026 0.835090 -0.739314
v 0.613995 0.824444 -0.735828
v 0.603880 0.826887 -0.741132
v 0.603880 0.831773 -0.751740
v 0.613995 0.834216 -0.757044
v 0.624109 0.831773 -0.751740
v 0.624109 0.826887 -0.741132
v 0.613995 0.815389 -0.745480
v 0.608192 0.816790 -0.748523
v 0.608191 0.819594 -0.754609
v 0.613995 0.820995 -0.757653
v 0.619798 0.819594 -0.754609
v 0.619798 0.816790 -0.748523
v 0.603880 0.833324 -0.738168
v 0.613995 0.830881 -0.732864
v 0.603880 0.838210 -0.748775
v 0.613995 0.840652 -0.754079
v 0.624109 0.838210 -0.748775
v 0.624109 0.833324 -0.738168
v 0.583652 0.825235 -0.740945
v 0.583652 0.833392 -0.735627
v 0.577849 0.826637 -0.743988
v 0.576621 0.835090 -0.739314
v 0.577849 0.829440 -0.750074
v 0.576621 0.838486 -0.746688
v 0.583652 0.830842 -0.753117
v 0.583652 0.840185 -0.750375
v 0.589455 0.829440 -0.750074
v 0.590683 0.838486 -0.746688
v 0.589455 0.826637 -0.743988
v 0.590683 0.835090 -0.739314
v 0.583652 0.824444 -0.735828
v 0.573537 0.826887 -0.741132
v 0.573537 0.831773 -0.751740
v 0.583652 0.833390 -0.758199
v 0.593766 0.831773 -0.751740
v 0.593766 0.826887 -0.741132
v 0.583652 0.815389 -0.745480
v 0.577849 0.816790 -0.748523
v 0.577849 0.819594 -0.754609
v 0.583652 0.820995 -0.757653
v 0.589455 0.819594 -0.754609
v 0.589455 0.816790 -0.748523
v 0.573537 0.833324 -0.738168
v 0.583652 0.830881 -0.732864
v 0.573537 0.838210 -0.748775
v 0.583652 0.840652 -0.754079
v 0.593766 0.838210 -0.748775
v 0.593766 0.833324 -0.738168
v 0.674681 0.812801 -0.714467
v 0.674681 0.820958 -0.709149
v 0.668878 0.814203 -0.717510
v 0.669958 0.821639 -0.712025
v 0.668878 0.817006 -0.723596
v 0.667650 0.826542 -0.720003
v 0.674681 0.818408 -0.726640
v 0.674681 0.827750 -0.723897
v 0.680484 0.817006 -0.723596
v 0.681712 0.826542 -0.720003
v 0.680484 0.814203 -0.717510
v 0.681712 0.822897 -0.712640
v 0.674681 0.812010 -0.709351
v 0.664566 0.814453 -0.714655
v 0.664566 0.819339 -0.725262
v 0.674681 0.821782 -0.730566
v 0.684795 0.819339 -0.725262
v 0.684795 0.814453 -0.714655
v 0.674681 0.802954 -0.719002
v 0.668878 0.804356 -0.722045
v 0.668878 0.807159 -0.728132
v 0.674681 0.808561 -0.731175
v 0.680484 0.807159 -0.728132
v 0.680484 0.804356 -0.722045
v 0.665058 0.819309 -0.711699
v 0.674681 0.818446 -0.706386
v 0.664566 0.825775 -0.722298
v 0.674681 0.828218 -0.727602
v 0.684795 0.825775 -0.722298
v 0.684795 0.821131 -0.711493
v 0.644338 0.812801 -0.714467
v 0.644338 0.820958 -0.709149
v 0.638535 0.814203 -0.717510
v 0.637307 0.823745 -0.712045
v 0.638535 0.817006 -0.723596
v 0.637307 0.826542 -0.720003
v 0.644338 0.818408 -0.726640
v 0.644338 0.827750 -0.723897
v 0.650141 0.817006 -0.723596
v 0.651368 0.826542 -0.720003
v 0.650141 0.814203 -0.717510
v 0.651368 0.822897 -0.712640
v 0.644338 0.812010 -0.709351
v 0.634223 0.814453 -0.714655
v 0.634223 0.819339 -0.725262
v 0.644338 0.821782 -0.730566
v 0.654452 0.819339 -0.725262
v 0.654452 0.814453 -0.714655
v 0.644338 0.802954 -0.719002
v 0.638535 0.804356 -0.722045
v 0.638535 0.807159 -0.728132
v 0.644338 0.808561 -0.731175
v 0.650141 0.807159 -0.728132
v 0.650141 0.804356 -0.722045
v 0.634223 0.821131 -0.711493
v 0.644338 0.818446 -0.706386
v 0.634223 0.825775 -0.722298
v 0.644338 0.828218 -0.727602
v 0.654452 0.825775 -0.722298
v 0.654452 0.821131 -0.711493
v 0.613995 0.812717 -0.714409
v 0.614051 0.820528 -0.708968
v 0.608192 0.813995 -0.717506
v 0.606964 0.822879 -0.712990
v 0.608192 0.816551 -0.723701
v 0.606964 0.826225 -0.720495
v 0.613995 0.817829 -0.726798
v 0.613995 0.827275 -0.724434
v 0.619798 0.816551 -0.723701
v 0.621026 0.826225 -0.720495
v 0.619798 0.813995 -0.717506
v 0.618737 0.821941 -0.713207
v 0.613995 0.812133 -0.709265
v 0.603880 0.814360 -0.714663
v 0.603880 0.818815 -0.725459
v 0.613995 0.821042 -0.730857
v 0.624109 0.818815 -0.725459
v 0.624109 0.814360 -0.714663
v 0.613995 0.802696 -0.718544
v 0.608192 0.803974 -0.721641
v 0.608192 0.806530 -0.727835
v 0.613995 0.807808 -0.730933
v 0.619798 0.806530 -0.727835
v 0.619798 0.803974 -0.721641
v 0.603880 0.821160 -0.711773
v 0.613995 0.818684 -0.706562
v 0.603880 0.825366 -0.722756
v 0.613995 0.827593 -0.728154
v 0.624109 0.825366 -0.722756
v 0.624109 0.821160 -0.711773
v 0.583652 0.812801 -0.714467
v 0.584293 0.817808 -0.709742
v 0.577849 0.814203 -0.717510
v 0.575526 0.821091 -0.711782
v 0.577849 0.817006 -0.723596
v 0.576621 0.826542 -0.720003
v 0.583652 0.818408 -0.726640
v 0.583652 0.827750 -0.723897
v 0.589455 0.817006 -0.723596
v 0.590683 0.826542 -0.720003
v 0.589455 0.814203 -0.717510
v 0.590683 0.822897 -0.712640
v 0.583652 0.811184 -0.710505
v 0.573537 0.814453 -0.714654
v 0.573537 0.819339 -0.725262
v 0.583652 0.821782 -0.730566
v 0.593766 0.819339 -0.725262
v 0.593766 0.814453 -0.714654
v 0.583652 0.802954 -0.719002
v 0.577849 0.804356 -0.722045
v 0.577849 0.807159 -0.728132
v 0.583652 0.808561 -0.731175
v 0.589455 0.807159 -0.728132
v 0.589455 0.804356 -0.722045
v 0.572442 0.819083 -0.710833
v 0.584293 0.815297 -0.706979
v 0.573537 0.825775 -0.722298
v 0.583652 0.828218 -0.727602
v 0.593766 0.825775 -0.722298
v 0.593766 0.821131 -0.711493
v 0.674681 0.802044 -0.687178
v 0.674681 0.810408 -0.682194
v 0.668878 0.803322 -0.690275
v 0.667650 0.811956 -0.685946
v 0.668878 0.805878 -0.696470
v 0.667650 0.815053 -0.693451
v 0.674681 0.807156 -0.699567
v 0.674681 0.815729 -0.698324
v 0.680484 0.805878 -0.696470
v 0.681712 0.815053 -0.693451
v 0.680484 0.803322 -0.690275
v 0.681712 0.811956 -0.685946
v 0.674681 0.801459 -0.682034
v 0.664566 0.803687 -0.687432
v 0.664566 0.808141 -0.698228
v 0.674681 0.810369 -0.703626
v 0.684795 0.808141 -0.698228
v 0.684795 0.803687 -0.687432
v 0.674681 0.792023 -0.691313
v 0.668878 0.793301 -0.694410
v 0.668878 0.795856 -0.700605
v 0.674681 0.797134 -0.703702
v 0.680484 0.795856 -0.700605
v 0.680484 0.793301 -0.694410
v 0.664566 0.810238 -0.684729
v 0.674681 0.808010 -0.679331
v 0.664566 0.814692 -0.695525
v 0.674681 0.816919 -0.700923
v 0.684795 0.814692 -0.695525
v 0.684795 0.810238 -0.684729
v 0.613995 0.802044 -0.687178
v 0.613995 0.810408 -0.682194
v 0.608192 0.803322 -0.690275
v 0.606130 0.811089 -0.685613
v 0.608192 0.805878 -0.696470
v 0.606964 0.815053 -0.693451
v 0.613995 0.807156 -0.699567
v 0.613995 0.816601 -0.697203
v 0.619798 0.805878 -0.696470
v 0.621026 0.815053 -0.693451
v 0.619798 0.803322 -0.690275
v 0.621026 0.811956 -0.685946
v 0.613995 0.801459 -0.682034
v 0.603880 0.803687 -0.687432
v 0.603880 0.808141 -0.698228
v 0.613995 0.810369 -0.703626
v 0.624109 0.808141 -0.698228
v 0.624109 0.803687 -0.687432
v 0.613995 0.792023 -0.691313
v 0.608192 0.793301 -0.694410
v 0.608192 0.795856 -0.700605
v 0.613995 0.797134 -0.703702
v 0.619798 0.795856 -0.700605
v 0.619798 0.793301 -0.694410
v 0.603047 0.809370 -0.684397
v 0.613995 0.808010 -0.679331
v 0.603880 0.814692 -0.695525
v 0.613995 0.816919 -0.700923
v 0.624109 0.814692 -0.695525
v 0.624109 0.810238 -0.684729
v 0.457857 0.824175 -0.741396
v 0.457857 0.832599 -0.736514
v 0.452054 0.825414 -0.744509
v 0.450826 0.834101 -0.740285
v 0.452054 0.827894 -0.750734
v 0.450826 0.837106 -0.747827
v 0.457857 0.829134 -0.753847
v 0.457857 0.838608 -0.751598
v 0.463660 0.827894 -0.750734
v 0.464888 0.837106 -0.747827
v 0.463660 0.825414 -0.744509
v 0.464888 0.834101 -0.740285
v 0.457857 0.823653 -0.736246
v 0.447742 0.825814 -0.741670
v 0.447742 0.830136 -0.752520
v 0.457857 0.832298 -0.757945
v 0.467971 0.830136 -0.752520
v 0.467971 0.825814 -0.741670
v 0.457857 0.814103 -0.745409
v 0.452054 0.815343 -0.748521
v 0.452054 0.817823 -0.754746
v 0.457857 0.819063 -0.757859
v 0.463660 0.817823 -0.754746
v 0.463660 0.815343 -0.748521
v 0.447742 0.832397 -0.739048
v 0.457857 0.830236 -0.733623
v 0.447742 0.836720 -0.749897
v 0.457857 0.838881 -0.755322
v 0.467971 0.836720 -0.749897
v 0.467971 0.832397 -0.739048
v 0.457857 0.812099 -0.715636
v 0.457857 0.821146 -0.709264
v 0.452054 0.814290 -0.717541
v 0.450826 0.823040 -0.712774
v 0.452054 0.817018 -0.723661
v 0.450826 0.826595 -0.720179
v 0.457857 0.818383 -0.726721
v 0.457857 0.827758 -0.724093
v 0.463660 0.817018 -0.723661
v 0.464888 0.826595 -0.720179
v 0.463660 0.814290 -0.717541
v 0.464888 0.823040 -0.712774
v 0.457857 0.812196 -0.709355
v 0.447742 0.814574 -0.714689
v 0.447742 0.819330 -0.725356
v 0.457857 0.821708 -0.730689
v 0.467971 0.819330 -0.725356
v 0.467971 0.814574 -0.714689
v 0.457857 0.803024 -0.718896
v 0.452054 0.804388 -0.721956
v 0.452054 0.807117 -0.728076
v 0.457857 0.808481 -0.731136
v 0.463660 0.807117 -0.728076
v 0.463660 0.804388 -0.721956
v 0.447742 0.821288 -0.711606
v 0.457857 0.818669 -0.706470
v 0.447742 0.825803 -0.722470
v 0.457857 0.828181 -0.727803
v 0.467971 0.825803 -0.722470
v 0.467971 0.821288 -0.711606
v 0.457857 0.789331 -0.659764
v 0.457857 0.797552 -0.654546
v 0.452054 0.790695 -0.662824
v 0.450826 0.799205 -0.658254
v 0.452054 0.793424 -0.668944
v 0.450826 0.802511 -0.665669
v 0.457857 0.794788 -0.672004
v 0.457857 0.804164 -0.669376
v 0.463660 0.793424 -0.668944
v 0.464888 0.802511 -0.665669
v 0.463660 0.790695 -0.662824
v 0.464888 0.799205 -0.658254
v 0.457857 0.788602 -0.654638
v 0.447742 0.790980 -0.659972
v 0.447742 0.795736 -0.670639
v 0.457857 0.798114 -0.675972
v 0.467971 0.795736 -0.670639
v 0.467971 0.790980 -0.659972
v 0.457857 0.779429 -0.664179
v 0.452054 0.780794 -0.667239
v 0.452054 0.783522 -0.673359
v 0.457857 0.784887 -0.676419
v 0.463660 0.783522 -0.673359
v 0.463660 0.780794 -0.667239
v 0.447742 0.797452 -0.657086
v 0.457857 0.795074 -0.651753
v 0.447742 0.802208 -0.667753
v 0.457857 0.804586 -0.673086
v 0.467971 0.802208 -0.667753
v 0.467971 0.797452 -0.657086
v 0.487046 0.825336 -0.740971
v 0.487046 0.833557 -0.735754
v 0.481243 0.826700 -0.744031
v 0.480015 0.835210 -0.739461
v 0.481243 0.829429 -0.750151
v 0.480015 0.838516 -0.746876
v 0.487046 0.830793 -0.753211
v 0.487046 0.840169 -0.750583
v 0.492849 0.829429 -0.750151
v 0.494077 0.838516 -0.746876
v 0.492849 0.826700 -0.744031
v 0.494077 0.835210 -0.739461
v 0.487046 0.824607 -0.735845
v 0.476932 0.826985 -0.741179
v 0.476932 0.831741 -0.751846
v 0.487046 0.834119 -0.757179
v 0.497160 0.831741 -0.751846
v 0.497160 0.826985 -0.741179
v 0.487046 0.815434 -0.745386
v 0.481243 0.816799 -0.748446
v 0.481243 0.819528 -0.754566
v 0.487046 0.820892 -0.757626
v 0.492849 0.819528 -0.754566
v 0.492849 0.816799 -0.748446
v 0.476932 0.833457 -0.738293
v 0.487046 0.831079 -0.732960
v 0.476932 0.838213 -0.748960
v 0.487046 0.840591 -0.754293
v 0.497160 0.838213 -0.748960
v 0.497160 0.833457 -0.738293
v 0.487046 0.812841 -0.714428
v 0.487046 0.821265 -0.709546
v 0.481243 0.814081 -0.717541
v 0.480015 0.822145 -0.714251
v 0.481243 0.816561 -0.723766
v 0.480015 0.826270 -0.720672
v 0.487046 0.817801 -0.726878
v 0.487046 0.827274 -0.724630
v 0.492849 0.816561 -0.723766
v 0.494077 0.826270 -0.720672
v 0.492849 0.814081 -0.717541
v 0.494077 0.823017 -0.713130
v 0.487046 0.812319 -0.709277
v 0.476932 0.814480 -0.714702
v 0.476932 0.818803 -0.725552
v 0.487046 0.820964 -0.730977
v 0.497160 0.818803 -0.725552
v 0.497160 0.814480 -0.714702
v 0.487046 0.802770 -0.718440
v 0.481243 0.804010 -0.721553
v 0.481243 0.806490 -0.727778
v 0.487046 0.807730 -0.730891
v 0.492849 0.806490 -0.727778
v 0.492849 0.804010 -0.721553
v 0.476932 0.821313 -0.711893
v 0.487046 0.818903 -0.706655
v 0.476932 0.825386 -0.722929
v 0.487046 0.827547 -0.728354
v 0.497160 0.825386 -0.722929
v 0.497160 0.821313 -0.711893
v 0.486220 0.801169 -0.687696
v 0.487918 0.808391 -0.683641
v 0.480785 0.803676 -0.690710
v 0.481334 0.812255 -0.686137
v 0.481285 0.806354 -0.696832
v 0.481940 0.815500 -0.693555
v 0.487219 0.806525 -0.699940
v 0.489129 0.815706 -0.697320
v 0.492653 0.804017 -0.696926
v 0.495713 0.812667 -0.693669
v 0.492154 0.801339 -0.690804
v 0.495107 0.809423 -0.686251
v 0.486115 0.800451 -0.682570
v 0.476643 0.804821 -0.687823
v 0.477515 0.808663 -0.699648
v 0.487857 0.809785 -0.703911
v 0.497328 0.805415 -0.698658
v 0.496457 0.800748 -0.687987
v 0.484190 0.791474 -0.692102
v 0.478756 0.793982 -0.695116
v 0.479255 0.796660 -0.701239
v 0.485189 0.796830 -0.704347
v 0.490624 0.794322 -0.701333
v 0.490124 0.791644 -0.695211
v 0.477970 0.811159 -0.684943
v 0.487442 0.806788 -0.679690
v 0.478842 0.815826 -0.695613
v 0.489184 0.815297 -0.702186
v 0.498655 0.811752 -0.695777
v 0.497784 0.807085 -0.685107
v 0.487046 0.791470 -0.658805
v 0.487046 0.799894 -0.653923
v 0.481243 0.792710 -0.661918
v 0.480015 0.801396 -0.657694
v 0.481243 0.795190 -0.668143
v 0.480015 0.804401 -0.665236
v 0.487046 0.796430 -0.671255
v 0.487046 0.805903 -0.669007
v 0.492849 0.795190 -0.668143
v 0.494077 0.804401 -0.665236
v 0.492849 0.792710 -0.661918
v 0.494077 0.801396 -0.657694
v 0.487046 0.790948 -0.653654
v 0.476932 0.793109 -0.659079
v 0.476932 0.797432 -0.669929
v 0.487046 0.799593 -0.675354
v 0.497161 0.797432 -0.669929
v 0.497161 0.793109 -0.659079
v 0.487046 0.781399 -0.662817
v 0.481243 0.782639 -0.665930
v 0.481243 0.785119 -0.672155
v 0.487046 0.786358 -0.675267
v 0.492849 0.785119 -0.672155
v 0.492849 0.782639 -0.665930
v 0.476932 0.799693 -0.656456
v 0.487046 0.797532 -0.651032
v 0.476932 0.804015 -0.667306
v 0.487046 0.806176 -0.672731
v 0.497161 0.804015 -0.667306
v 0.497161 0.799693 -0.656456
v 0.514690 0.825336 -0.740971
v 0.514690 0.833557 -0.735754
v 0.508887 0.826700 -0.744031
v 0.507659 0.835210 -0.739461
v 0.508887 0.829429 -0.750151
v 0.507659 0.838516 -0.746876
v 0.514690 0.830793 -0.753211
v 0.514690 0.840169 -0.750583
v 0.520493 0.829429 -0.750151
v 0.521721 0.838516 -0.746876
v 0.520493 0.826700 -0.744031
v 0.521721 0.834384 -0.740616
v 0.514690 0.824607 -0.735845
v 0.504576 0.826985 -0.741179
v 0.504576 0.831741 -0.751846
v 0.514690 0.834119 -0.757179
v 0.524804 0.831741 -0.751846
v 0.524804 0.826985 -0.741179
v 0.514690 0.815434 -0.745386
v 0.508887 0.816799 -0.748446
v 0.508887 0.819528 -0.754566
v 0.514690 0.820892 -0.757626
v 0.520493 0.819528 -0.754566
v 0.520493 0.816799 -0.748446
v 0.504576 0.833457 -0.738293
v 0.514690 0.831079 -0.732960
v 0.504576 0.838213 -0.748960
v 0.514690 0.840591 -0.754293
v 0.524804 0.838213 -0.748960
v 0.524804 0.833457 -0.738293
v 0.514690 0.812925 -0.714481
v 0.514690 0.821146 -0.709264
v 0.508887 0.814289 -0.717541
v 0.507659 0.823040 -0.712775
v 0.508887 0.817018 -0.723661
v 0.507659 0.826595 -0.720179
v 0.514690 0.818383 -0.726722
v 0.514690 0.826932 -0.725248
v 0.520493 0.817018 -0.723661
v 0.519614 0.825512 -0.720250
v 0.520493 0.814289 -0.717541
v 0.519614 0.821957 -0.712845
v 0.514690 0.811370 -0.710511
v 0.504576 0.814574 -0.714689
v 0.504576 0.819330 -0.725356
v 0.514690 0.821708 -0.730689
v 0.524804 0.819330 -0.725356
v 0.524804 0.814574 -0.714689
v 0.514690 0.803024 -0.718896
v 0.508887 0.804388 -0.721956
v 0.508887 0.807117 -0.728076
v 0.514690 0.808481 -0.731136
v 0.520493 0.807117 -0.728076
v 0.520493 0.804388 -0.721956
v 0.504576 0.821288 -0.711607
v 0.514690 0.818669 -0.706470
v 0.504576 0.825803 -0.722470
v 0.514690 0.828181 -0.727803
v 0.522698 0.824720 -0.722540
v 0.522698 0.819964 -0.711874
vn 0.9963 0.0574 0.0639
vn 0.5802 0.5441 0.6061
vn -0.9939 -0.1082 0.0211
vn 0.0110 0.0916 -0.9957
vn -0.0000 -1.0000 -0.0000
vn 0.5927 0.7040 -0.3914
vn 0.1884 -0.2956 -0.9365
vn -0.9940 -0.1088 -0.0119
vn -0.0000 0.2321 0.9727
vn 0.9918 -0.1279 0.0016
vn 0.0039 -0.0400 -0.9992
vn -0.9703 0.2383 0.0405
vn -0.3441 0.9382 0.0376
vn 0.9963 0.0800 0.0308
vn 0.9748 -0.2230 -0.0026
vn 0.9994 -0.0353 -0.0027
vn 0.0196 -0.9967 -0.0783
vn -0.0000 -0.0000 1.0000
vn -0.9995 -0.0328 -0.0004
vn -1.0000 -0.0000 -0.0000
vn -0.0000 -0.0377 -0.9993
vn 0.1518 -0.2448 -0.9576
vn 0.7448 0.6335 -0.2096
vn -0.8180 0.5746 -0.0251
vn -0.0000 0.7686 -0.6397
vn 0.5974 0.7359 0.3187
vn -0.6428 0.7362 0.2117
vn -0.0000 0.6169 0.7870
vn 0.4860 0.5838 0.6504
vn 0.0022 0.6587 0.7524
vn -0.0000 0.6680 0.7441
vn -0.1122 0.6638 0.7394
vn 1.0000 -0.0000 -0.0000
vn -0.0000 0.8443 -0.5358
vn -0.5802 0.5441 0.6061
vn -0.0000 -0.6235 0.7818
vn -0.0000 0.6680 0.7442
vn -0.0000 0.7441 -0.6680
vn -0.0000 -0.7442 0.6680
vn -0.0000 0.9335 0.3586
vn 0.0047 0.9148 0.4038
vn -0.0000 0.9416 0.3367
vn 0.1307 0.6340 0.7622
vn 0.4606 0.8286 0.3183
vn -0.4609 0.8247 0.3278
vn -0.0093 0.7341 0.6790
vn 0.0265 0.8530 0.5213
vn 0.2862 0.5689 0.7710
vn 0.0276 0.4691 -0.8827
vn -0.0000 -0.2771 -0.9609
vn 0.1567 -0.2514 0.9551
vn -0.0000 -0.9991 -0.0418
vn -0.0000 0.9045 -0.4265
vn 0.0011 0.0001 -1.0000
vn 0.1052 0.2300 0.9675
vn -0.0208 0.0688 -0.9974
vn 0.3177 0.8913 -0.3234
vn -0.0002 -0.0971 -0.9953
vn -0.0009 0.0001 -1.0000
vn 0.0659 0.9364 0.3447
vn -0.1340 0.9251 0.3554
vn 0.7475 0.6110 0.2608
vn -0.0221 0.9351 0.3537
vn -0.6135 0.7371 0.2832
vn 0.6136 0.7371 0.2832
vn 0.9887 0.1501 0.0062
vn -0.9965 0.0792 0.0270
vn -0.0254 0.3182 -0.9477
vn 0.0200 0.9333 0.3585
vn -0.0000 0.3586 -0.9335
vn -0.0000 -0.3586 0.9335
vn -0.5200 0.7974 0.3063
vn -0.0631 -0.9501 -0.3055
vn -0.0000 -0.9239 -0.3825
vn -0.0634 0.9502 0.3051
vn 0.9999 -0.0119 -0.0006
vn 0.0435 0.2468 -0.9681
vn -0.0000 0.9239 0.3825
vn 0.0200 -0.9333 -0.3585
vn -0.3448 0.6308 0.6951
vn -0.0000 -0.8915 0.4531
vn -0.0000 -0.0418 0.9991
vn -0.2534 0.0213 0.9671
vn 0.7319 -0.0544 0.6792
vn -0.9223 -0.3754 -0.0912
vn 0.9690 -0.2325 0.0832
vn -0.0000 0.3824 -0.9240
vn 0.8333 0.5441 0.0984
vn -0.0000 0.9991 0.0418
vn -0.0223 0.9984 -0.0512
vn 0.0205 0.9996 0.0213
vn -0.0000 0.9572 0.2895
vn -0.0000 0.9980 0.0637
vn -0.9685 0.2040 0.1431
vn -0.9009 0.2021 -0.3840
vn -0.3718 0.9262 0.0623
vn -0.0522 0.9406 -0.3354
vn -0.7579 0.6489 0.0672
vn -0.0000 0.8820 -0.4713
vn -0.0000 0.9463 0.3232
vn 0.0806 0.6050 -0.7921
vn -0.2013 0.5554 -0.8068
vn -0.0311 0.9436 0.3297
vn -0.0495 0.9979 0.0417
vn -0.0000 -0.3274 -0.9449
vn -0.0098 0.2629 0.9648
vn -0.0042 0.9372 0.3487
vn -0.0000 -0.0000 -1.0000
vn -0.1099 -0.0470 -0.9928
vn -0.0000 0.9956 0.0932
vn -0.0000 -0.1930 -0.9812
vn -0.1682 0.6354 -0.7536
vn -0.1283 0.9446 0.3022
vn -0.0000 0.6312 0.7756
vn 0.0036 0.5882 0.8087
vn 0.0050 0.5017 0.8651
vn -0.0000 -0.9968 -0.0796
vn -0.0001 0.2114 0.9774
vn 0.1401 0.9895 -0.0340
vn 0.0014 0.9705 -0.2412
vn -0.0348 0.9924 0.1180
vn -0.1705 0.9834 -0.0618
vn -0.0000 1.0000 -0.0036
vn 0.0365 0.8830 -0.4680
vn -0.9427 0.1919 0.2731
vn -0.9876 0.0066 -0.1567
vn -0.0161 0.9995 0.0257
vn 0.0100 0.9986 0.0518
vn 0.9414 -0.0141 0.3369
vn 0.9951 -0.0314 -0.0932
vn -0.9727 -0.0249 -0.2308
vn 0.0100 -0.9968 -0.0789
vn -0.9492 -0.0206 -0.3140
vn 0.9994 -0.0354 -0.0015
vn -0.0058 -0.4794 0.8776
vn 0.9746 -0.2236 -0.0094
vn -0.9224 -0.3754 -0.0911
vn -0.0000 0.1243 0.9922
vn 0.5815 0.0747 0.8101
vn -0.9995 -0.0328 -0.0000
vn 0.9994 -0.0337 -0.0000
vn -0.9994 -0.0337 -0.0000
vn -0.7521 0.6210 0.2209
vn 0.0010 1.0000 -0.0046
vn -0.3950 0.9167 0.0604
vn 0.1957 0.9794 -0.0501
vn -0.3705 0.9245 0.0897
vn -0.4388 0.8966 -0.0595
vn 0.3946 -0.7578 -0.5197
vn -0.9976 0.0649 0.0249
vn -0.2508 0.5338 0.8076
vn 0.4752 0.7365 -0.4815
vn -0.6391 0.7678 -0.0446
vn 0.3752 -0.2178 -0.9010
vn -0.9994 -0.0337 -0.0004
vn 0.9850 -0.1726 -0.0020
vn -0.2589 0.5470 0.7961
vn -0.9618 0.2703 0.0434
vn 0.9938 0.1059 0.0352
vn -0.9788 0.2035 0.0223
vn -0.0000 0.8868 -0.4621
vn -0.9987 -0.0441 0.0255
vn 0.0035 0.5764 0.8171
vn 0.9958 -0.0770 -0.0501
vn 0.9834 0.1812 0.0048
vn 0.9959 -0.0862 -0.0293
vn 0.9910 -0.1341 -0.0016
vn 0.9127 -0.4085 -0.0119
vn 0.6261 0.7794 -0.0226
vn 0.8989 0.3626 0.2461
vn 0.9976 0.0642 -0.0255
vn 0.3331 0.9398 -0.0763
vn 0.1418 0.7730 -0.6184
vn 0.9995 -0.0328 -0.0000
vn -0.8937 0.3656 0.2601
vn 0.0004 1.0000 -0.0041
vn -0.2358 0.9704 0.0519
vn -0.1426 0.9854 0.0935
vn -0.6943 0.7186 -0.0394
vn -0.9971 0.0715 0.0259
vn -0.7777 0.6279 -0.0303
vn -0.9669 0.2519 0.0417
vn -0.9988 -0.0484 -0.0053
vn 0.4199 -0.7938 -0.4400
vn -0.9970 -0.0740 0.0235
vn 0.4911 0.8657 -0.0966
vn 0.9966 -0.0814 -0.0134
vn 0.6294 0.7767 -0.0228
vn 0.9855 -0.1655 -0.0373
vn 0.9959 -0.0759 -0.0500
vn -0.0000 0.9973 -0.0732
vn 0.6914 -0.7224 0.0065
vn -0.3089 0.6270 0.7152
vn -0.4856 0.8708 0.0767
vn 0.0586 0.2631 0.9630
vn -0.4521 0.6678 -0.5912
vn 0.6854 -0.6354 -0.3557
vn -0.0000 0.2339 -0.9723
vn 0.2913 -0.4231 0.8580
vn -0.4952 -0.4841 0.7214
vn -0.9976 0.0631 0.0291
vn -0.4973 0.2663 -0.8257
vn 0.4973 0.2663 -0.8257
vn -0.1308 0.7819 0.6096
vn 0.5000 -0.3623 0.7866
vn -0.5000 -0.3623 0.7866
vn -0.1566 -0.9761 -0.1509
vn -0.3132 -0.8626 -0.3973
vn -0.1566 -0.7491 -0.6437
vn 0.1566 -0.7491 -0.6437
vn 0.3132 -0.8626 -0.3973
vn 0.1566 -0.9761 -0.1509
vn -0.0000 -0.9083 -0.4183
vn 0.5000 0.3623 -0.7866
vn -0.5000 0.3623 -0.7866
vn -0.0000 0.9083 0.4184
vn -0.1653 0.7299 0.6633
vn -0.2540 0.7981 0.5464
vn -0.1713 0.9774 0.1235
vn 0.2021 0.9767 -0.0720
vn 0.3427 0.8533 0.3930
vn 0.0587 0.6135 0.7875
vn -0.4948 -0.4889 0.7184
vn -0.3683 0.7331 0.5718
vn -0.5552 0.6155 0.5593
vn -0.8287 0.3129 0.4640
vn 0.1714 0.9774 0.1235
vn 0.1713 0.7291 0.6626
vn -0.4623 -0.6574 0.5951
vn -1.0000 0.0030 0.0013
vn -0.5000 0.3303 -0.8006
vn 0.5000 0.3303 -0.8006
vn 0.4830 0.8224 0.3005
vn 0.5000 -0.3303 0.8006
vn -0.5000 -0.3303 0.8006
vn -0.1566 -0.9813 -0.1115
vn -0.3132 -0.8779 -0.3622
vn -0.1566 -0.7744 -0.6130
vn 0.1566 -0.7745 -0.6129
vn 0.3132 -0.8779 -0.3622
vn 0.1566 -0.9813 -0.1115
vn -0.0000 -0.9244 -0.3814
vn -0.0893 0.8505 0.5183
vn -0.1854 0.6152 0.7662
vn -0.7149 0.5771 0.3949
vn -0.0699 0.8413 0.5360
vn 0.1714 0.9816 0.0840
vn 0.3427 0.8684 0.3583
vn -0.0135 0.5615 0.8274
vn -0.9919 0.1156 0.0532
vn -0.4996 0.3998 -0.7685
vn -0.0000 0.9805 0.1965
vn 0.4863 -0.5636 0.6677
vn -0.1193 0.7956 0.5940
vn -0.0946 0.7368 0.6695
vn -0.4505 0.8808 0.1456
vn -0.4336 0.8946 0.1081
vn 0.1752 0.7327 0.6577
vn -0.4973 -0.2663 0.8257
vn 0.4973 -0.2663 0.8257
vn -0.1566 -0.7491 -0.6436
vn -0.3449 0.4076 0.8455
vn -0.3427 0.8533 0.3930
vn 0.0961 0.6545 0.7499
vn -0.0000 0.9244 0.3814
vn 0.1566 -0.7744 -0.6129
vn -0.1713 0.7553 0.6326
vn -0.3427 0.8684 0.3583
vn -0.1713 0.9816 0.0840
vn 0.1713 0.9816 0.0840
vn 0.1713 0.7552 0.6327
vn -0.1714 0.7291 0.6626
vn -0.5357 0.4166 -0.7345
vn 0.5357 0.4166 -0.7345
vn -0.1419 -0.8849 -0.4437
vn -0.4992 -0.4131 0.7617
vn -0.0621 0.8422 0.5356
vn -0.1566 -0.9761 -0.1510
vn 0.1566 -0.9761 -0.1510
vn -0.0000 0.9551 0.2963
vn -0.2897 0.7084 0.6437
vn -0.3245 0.7611 0.5616
vn -0.2001 0.9781 -0.0580
vn 0.1713 0.9774 0.1235
vn 0.4839 0.7843 0.3882
vn 0.1481 0.7072 0.6913
vn 0.2312 0.9179 0.3226
vn -0.1417 0.7326 0.6657
vn -0.5952 0.7581 0.2664
vn 0.0800 0.9104 0.4059
vn -0.1566 -0.7745 -0.6129
vn 0.0863 0.9135 0.3975
vn -0.1171 0.7895 0.6025
vn -0.3548 0.8731 0.3343
vn -0.2001 0.9749 -0.0973
vn 0.4630 0.8277 0.3170
vn 0.0109 0.8948 0.4464
vn -0.4628 -0.5343 0.7073
vn 0.1730 0.8101 0.5602
vn 0.4610 -0.6179 0.6369
vn -0.2105 -0.9490 -0.2347
vn 0.0254 -0.9255 -0.3778
vn 0.1197 0.7348 0.6677
vn -0.3933 0.8099 0.4352
vn -0.0227 0.5161 0.8562
vn 0.1566 -0.7744 -0.6130
vn -0.0000 0.9905 0.1375
vn -0.1061 0.9942 -0.0151
vn -0.0219 0.9090 0.4161
vn -0.1137 0.8914 0.4388
vn -0.2082 0.7498 0.6281
vn -0.3274 0.8617 0.3876
vn -0.5000 -0.3205 0.8045
vn -0.5000 0.3205 -0.8045
vn 0.5000 0.3205 -0.8045
vn -0.0000 0.9290 0.3701
vn 0.5000 -0.3205 0.8045
vn -0.1566 -0.9826 -0.0995
vn -0.3132 -0.8823 -0.3515
vn -0.1566 -0.7819 -0.6034
vn 0.1566 -0.7819 -0.6034
vn 0.3132 -0.8823 -0.3515
vn 0.1566 -0.9826 -0.0995
vn -0.0000 -0.9290 -0.3701
vn -0.1713 0.7629 0.6234
vn -0.3427 0.8727 0.3477
vn -0.1713 0.9826 0.0720
vn 0.1713 0.9826 0.0720
vn 0.3427 0.8727 0.3477
vn 0.1714 0.7629 0.6234
vn -0.5000 -0.3527 0.7910
vn -0.5000 0.3527 -0.7910
vn 0.5000 0.3527 -0.7910
vn 0.0268 0.9012 0.4326
vn 0.5000 -0.3527 0.7910
vn -0.4989 -0.2929 0.8156
vn -0.1566 -0.9778 -0.1390
vn -0.3132 -0.8674 -0.3867
vn -0.1566 -0.7569 -0.6344
vn 0.1566 -0.7569 -0.6345
vn 0.3132 -0.8674 -0.3867
vn 0.3572 -0.9339 0.0144
vn -0.0000 -0.9133 -0.4072
vn 0.4130 -0.3709 0.8318
vn -0.0000 0.9586 0.2848
vn -0.1417 0.7407 0.6567
vn -0.3547 0.8634 0.3588
vn -0.2000 0.9774 -0.0689
vn 0.1713 0.9789 0.1115
vn 0.4841 0.7888 0.3787
vn 0.1481 0.7156 0.6826
vn -0.5000 -0.3526 0.7910
vn -0.5000 0.3526 -0.7910
vn 0.5000 0.3526 -0.7910
vn -0.0000 0.9133 0.4072
vn 0.5000 -0.3526 0.7910
vn -0.1566 -0.7569 -0.6345
vn 0.1566 -0.9778 -0.1390
vn -0.1713 0.7372 0.6536
vn -0.3427 0.8580 0.3826
vn -0.1713 0.9789 0.1115
vn 0.3427 0.8580 0.3826
vn 0.1713 0.7372 0.6536
vn 0.1566 -0.7569 -0.6344
vn 0.1714 0.7372 0.6536
vn -0.0948 0.8375 0.5381
vn -0.0000 0.9693 0.2459
vn -0.1417 0.7665 0.6264
vn 0.0117 0.9381 0.3462
vn -0.2000 0.9738 -0.1082
vn 0.4841 0.8035 0.3466
vn 0.1481 0.7425 0.6533
vn -0.5543 -0.2454 0.7953
vn -0.9821 0.1882 -0.0112
vn -0.3749 0.5068 -0.7763
vn 0.5276 0.1355 -0.8386
vn 0.3466 0.8487 0.3995
vn 0.9795 -0.2014 -0.0081
vn 0.4251 -0.4468 0.7872
vn -0.3514 -0.9261 -0.1369
vn -0.3139 -0.8960 -0.3142
vn -0.1835 -0.7450 -0.6413
vn -0.0042 -0.7724 -0.6351
vn 0.1289 -0.9124 -0.3885
vn -0.0447 -0.9892 -0.1395
vn -0.1872 -0.8943 -0.4065
vn 0.5543 0.2454 -0.7953
vn -0.9795 0.2014 0.0081
vn -0.4251 0.4468 -0.7872
vn 0.1873 0.8943 0.4064
vn -0.1873 -0.8943 -0.4064
vn 0.3527 0.8515 0.3880
vn -0.1597 0.9092 0.3846
vn 0.0302 0.9932 0.1121
vn 0.3923 0.9170 -0.0726
vn 0.5115 0.7711 0.3791
vn 0.1948 0.6020 0.7744
vn -0.1566 -0.7819 -0.6035
vn -0.3427 0.8728 0.3477
vn 0.3427 0.8728 0.3477
vn 0.1713 0.7629 0.6234
vn 0.0868 0.9099 0.4057
vn 0.0454 0.8776 0.4773
vn 0.4135 0.7599 0.5016
vn 0.0790 0.9576 0.2771
vn -0.4577 -0.4307 0.7778
vn 0.4876 0.5463 -0.6810
vn 0.0839 0.8983 0.4313
vn 0.9447 0.2995 0.1335
vn 0.4401 -0.2745 0.8549
vn -0.2099 -0.9522 -0.2221
vn 0.0267 -0.9308 -0.3644
vn 0.0897 0.9778 0.1894
vn -0.1478 0.9791 -0.1398
vn 0.0993 0.8940 0.4369
vn 0.3019 0.7523 0.5856
vn 0.9933 -0.0012 0.1158
vn -0.9797 -0.1938 0.0516
vn -0.0000 0.0782 -0.9969
vn -0.0000 0.9999 -0.0168
vn -0.1874 0.0493 -0.9811
vn -0.9888 -0.1488 -0.0068
vn 0.9962 0.0871 0.0008
vn -0.9748 0.2192 0.0425
vn -0.0000 0.9682 0.2501
vn 0.9973 -0.0178 0.0715
vn 0.9850 -0.1727 -0.0061
vn 0.9911 0.1323 0.0169
vn 0.0097 -0.9991 -0.0418
vn -0.9995 -0.0320 -0.0005
vn 0.1693 0.1145 -0.9789
vn 0.1908 -0.2825 -0.9401
vn 0.6224 0.7478 -0.2311
vn -0.8414 0.5390 -0.0383
vn 0.4833 0.8075 0.3384
vn -0.7899 0.5842 0.1863
vn -0.4370 0.5250 0.7303
vn -0.2003 0.8821 0.4264
vn -0.0330 0.5975 0.8012
vn 0.1019 0.9055 0.4119
vn -0.1841 0.9276 0.3252
vn -0.1328 0.9252 0.3554
vn 0.3201 0.3415 0.8837
vn -0.3705 0.8671 0.3331
vn -0.0259 0.5830 0.8121
vn 0.1596 0.8026 0.5748
vn 0.1560 0.6799 0.7166
vn 0.0610 0.7930 -0.6061
vn -0.0256 -0.0000 -0.9997
vn 0.1340 -0.1835 0.9738
vn 0.0011 -0.0001 -1.0000
vn 0.2583 0.6304 0.7320
vn -0.0107 -0.1946 -0.9808
vn 0.2964 0.9526 0.0692
vn 0.0148 0.0912 -0.9957
vn 0.0015 0.0367 -0.9993
vn -0.4582 0.8462 0.2722
vn -0.0000 0.9373 0.3484
vn -0.6136 0.7371 0.2832
vn 0.9995 -0.0020 0.0321
vn -0.9947 0.0992 0.0276
vn 0.0468 0.0325 -0.9984
vn -0.0000 0.9522 0.3055
vn -0.5260 -0.7939 -0.3050
vn 0.0176 0.9496 0.3131
vn 0.0773 -0.1561 0.9847
vn 0.9998 0.0198 0.0047
vn -0.2066 0.9763 0.0643
vn -0.2202 -0.9744 -0.0450
vn 0.2087 0.9554 0.2089
vn -0.2139 0.4340 0.8751
vn 0.8004 -0.2838 0.5280
vn -0.9226 -0.3748 -0.0915
vn 0.9891 -0.0411 0.1416
vn 0.0293 0.5285 -0.8484
vn 0.7695 0.6381 0.0267
vn -0.0384 0.9993 0.0034
vn 0.0440 0.9982 0.0418
vn -0.1697 0.9628 0.2101
vn -0.0176 0.9981 0.0593
vn -0.0000 0.0418 -0.9991
vn -0.0000 0.9966 0.0824
vn 0.9434 0.0841 -0.3209
vn -0.8137 0.5807 -0.0257
vn 0.0663 0.9009 -0.4290
vn -0.0000 0.6083 -0.7937
vn -0.0000 0.9817 0.1906
vn -0.0402 0.9975 -0.0587
vn 0.2222 -0.0497 -0.9737
vn -0.0320 -0.4722 0.8809
vn -0.0000 0.9415 0.3370
vn -0.1301 -0.0144 -0.9914
vn -0.1435 0.9886 0.0464
vn -0.0370 0.1427 -0.9891
vn -0.1973 0.6115 -0.7663
vn 0.0573 0.6798 0.7312
vn 0.0084 0.9307 0.3657
vn 0.0050 0.6145 0.7889
vn -0.0064 -0.1795 0.9837
vn -0.0005 0.2322 0.9727
vn 0.1252 0.8680 -0.4805
vn 0.0910 0.6744 -0.7327
vn -0.0073 0.9731 0.2302
vn -0.1452 0.9883 0.0465
vn 0.0003 1.0000 -0.0000
vn -0.0153 0.1001 0.9949
vn 0.0778 0.8322 -0.5490
vn -0.9751 0.2217 0.0093
vn -0.0000 0.9998 0.0220
vn -0.0000 0.9987 0.0518
vn 0.8545 0.5189 0.0217
vn 0.9689 -0.2088 -0.1330
vn -0.9223 -0.3755 -0.0915
vn -0.8648 -0.4132 -0.2854
vn 0.9722 -0.2135 -0.0964
vn -0.0044 -0.4725 0.8813
vn 0.9946 -0.0394 0.0965
vn -0.9226 -0.3748 -0.0912
vn 0.6906 -0.3422 0.6372
vn -0.2421 -0.0928 0.9658
vn -0.9995 -0.0320 -0.0004
vn 0.9994 -0.0355 -0.0004
vn 0.9995 -0.0328 -0.0004
vn -0.9994 -0.0355 -0.0004
vn -0.8372 0.5470 -0.0000
vn 0.0019 1.0000 -0.0000
vn -0.2876 0.9531 -0.0941
vn 0.1679 0.9746 -0.1483
vn -0.2447 0.9682 0.0524
vn -0.6215 0.7795 0.0783
vn -0.9973 0.0688 0.0247
vn 0.0342 0.3061 0.9514
vn 0.4770 0.8706 0.1209
vn -0.7719 0.6337 -0.0515
vn 0.3612 -0.7079 -0.6070
vn -0.9994 -0.0355 -0.0006
vn 0.9355 -0.3498 0.0493
vn 0.9884 -0.1519 -0.0056
vn -0.9651 0.2582 0.0448
vn 0.9818 0.1890 0.0168
vn -0.9989 -0.0455 0.0086
vn 0.8596 0.0154 -0.5108
vn -0.9972 -0.0644 0.0369
vn 0.1183 -0.1017 0.9878
vn 0.9957 -0.0786 -0.0497
vn 0.9788 0.2048 0.0029
vn 0.9988 0.0217 -0.0433
vn 0.9912 -0.1233 -0.0485
vn 0.6290 0.7770 -0.0236
vn 0.9950 0.0993 -0.0100
vn 0.4583 0.8887 -0.0137
vn 0.9995 -0.0320 -0.0004
vn -0.9512 0.3085 -0.0000
vn 0.0007 1.0000 -0.0000
vn -0.9968 0.0763 0.0254
vn -0.8118 0.5822 -0.0442
vn -0.9995 -0.0328 -0.0006
vn -0.9692 0.2425 0.0439
vn -0.9943 -0.1066 -0.0005
vn -0.9943 -0.0982 0.0408
vn 0.5036 0.8597 -0.0860
vn 0.9996 -0.0168 -0.0221
vn 0.7370 0.6731 -0.0618
vn 0.9931 -0.1053 -0.0520
vn 0.9958 -0.0767 -0.0497
vn 0.7509 -0.6445 0.1441
vn -0.3846 0.9231 -0.0041
vn -0.0000 0.3081 0.9513
vn 0.1548 0.1991 -0.9677
vn -0.4393 0.6362 -0.6342
vn 0.7277 -0.3081 -0.6128
vn -0.5320 -0.4069 0.7426
vn -0.9996 -0.0121 0.0263
vn -0.5432 0.3513 -0.7626
vn 0.5432 0.3513 -0.7626
vn -0.1291 0.7677 0.6277
vn 0.4094 -0.2340 0.8818
vn -0.1664 0.7246 0.6688
vn -0.4428 0.6991 0.5614
vn -0.2021 0.9767 -0.0720
vn -0.1031 0.7361 0.6689
vn -0.4580 -0.3719 0.8074
vn -0.8283 0.3135 0.4644
vn -0.0000 0.9083 0.4183
vn -0.0000 -0.9083 -0.4184
vn -0.4843 0.3606 0.7971
vn -0.4381 0.7086 0.5532
vn -0.1714 0.9774 0.1235
vn -0.6028 -0.3940 0.6938
vn -1.0000 -0.0005 0.0011
vn -0.5000 0.3303 -0.8005
vn 0.5000 0.3303 -0.8005
vn -0.2160 0.8059 0.5512
vn 0.2157 0.0509 0.9751
vn -0.1025 0.9195 0.3794
vn -0.2148 0.3161 0.9241
vn 0.1116 0.9645 0.2395
vn -0.0058 0.5347 0.8450
vn -0.4533 -0.2947 0.8412
vn -0.9990 0.0185 -0.0401
vn -0.5130 0.3591 -0.7796
vn -0.0000 0.8549 0.5188
vn 0.6282 -0.3255 0.7067
vn -0.1311 0.9004 0.4147
vn -0.1388 0.6981 0.7024
vn -0.4605 0.8766 0.1398
vn -0.4332 0.8942 0.1129
vn 0.1770 0.7284 0.6619
vn -0.4528 -0.3730 0.8099
vn 0.4528 -0.3730 0.8099
vn 0.1566 -0.7491 -0.6436
vn -0.0961 0.6545 0.7499
vn 0.3449 0.4076 0.8455
vn 0.5000 -0.3303 0.8005
vn -0.1713 0.7552 0.6327
vn 0.1713 0.7553 0.6326
vn -0.1713 0.7291 0.6626
vn 0.1714 0.7291 0.6626
vn 0.1419 -0.8849 -0.4437
vn -0.4745 -0.3683 0.7995
vn -0.9955 0.0529 0.0784
vn -0.0812 0.9317 0.3542
vn 0.4952 -0.3717 0.7852
vn -0.0000 0.8962 0.4436
vn -0.2928 0.7060 0.6449
vn -0.5219 0.7172 0.4617
vn 0.2001 0.9781 -0.0580
vn 0.3548 0.8590 0.3692
vn 0.1417 0.7326 0.6657
vn -0.4952 -0.3717 0.7852
vn -0.0137 0.8855 0.4645
vn -0.1980 0.4203 0.8855
vn -0.4630 0.8143 0.3501
vn -0.4952 -0.3398 0.7996
vn 0.0802 0.9157 0.3939
vn 0.4952 -0.3398 0.7996
vn -0.1335 0.8721 0.4707
vn -0.1402 0.7272 0.6720
vn -0.4839 0.7993 0.3563
vn 0.2001 0.9749 -0.0973
vn -0.0092 0.8633 0.5046
vn 0.3017 0.7532 0.5845
vn -0.4148 -0.6355 0.6512
vn -0.9824 -0.1046 -0.1549
vn -0.2038 0.6650 0.7184
vn 0.5703 -0.3515 0.7425
vn -0.0254 -0.9255 -0.3778
vn 0.2105 -0.9490 -0.2347
vn -0.0973 0.5438 0.8335
vn -0.5054 0.7486 0.4291
vn 0.2001 0.9780 -0.0580
vn -0.1340 0.7334 0.6664
vn 0.0219 0.9090 0.4161
vn 0.1061 0.9942 -0.0151
vn -0.4174 -0.4750 0.7747
vn -0.9899 -0.0841 -0.1144
vn -0.1566 -0.7744 -0.6129
vn -0.1874 0.7689 0.6113
vn -0.3615 0.8469 0.3900
vn -0.1714 0.7629 0.6234
vn -0.4949 -0.3626 0.7897
vn -0.0136 0.8911 0.4536
vn 0.4949 -0.3626 0.7897
vn -0.4130 -0.3709 0.8318
vn -0.3572 -0.9339 0.0144
vn 0.4990 -0.2929 0.8156
vn -0.0000 0.9015 0.4328
vn -0.1481 0.7156 0.6826
vn -0.4841 0.7888 0.3787
vn 0.2000 0.9774 -0.0689
vn 0.3547 0.8634 0.3588
vn 0.1417 0.7407 0.6567
vn -0.4949 -0.3305 0.8036
vn -0.0829 0.9499 0.3015
vn 0.4949 -0.3305 0.8036
vn -0.0000 0.9182 0.3961
vn -0.0570 0.9625 0.2651
vn -0.5371 0.7097 0.4559
vn 0.2000 0.9738 -0.1082
vn 0.3547 0.8771 0.3237
vn 0.1417 0.7665 0.6264
vn -0.4858 0.3655 -0.7940
vn 0.6021 0.2224 -0.7668
vn 0.0798 0.8322 0.5486
vn -0.4846 -0.7862 -0.3835
vn -0.2058 -0.8738 -0.4407
vn 0.1289 -0.9124 -0.3886
vn -0.0140 0.7561 0.6544
vn -0.1598 0.9091 0.3846
vn -0.0022 0.9965 -0.0837
vn 0.3659 0.9242 0.1093
vn 0.5116 0.7711 0.3791
vn 0.1774 0.9043 0.3883
vn 0.1566 -0.7819 -0.6035
vn -0.0939 0.8309 0.5484
vn -0.1714 0.7372 0.6536
vn -0.0324 0.9128 0.4070
vn 0.6132 0.3217 -0.7215
vn 0.0870 0.9391 0.3324
vn 0.5559 -0.4026 0.7272
vn -0.0267 -0.9308 -0.3644
vn 0.2099 -0.9522 -0.2221
vn 0.0203 0.8983 0.4389
vn 0.2608 0.9652 0.0172
vn 0.4195 0.8291 0.3696
vn 0.3105 0.7113 0.6306
vt 0.590764 0.268480
vt 0.591496 0.271109
vt 0.590744 0.271109
vt 0.591288 0.271495
vt 0.590953 0.271495
vt 0.591496 0.280311
vt 0.590764 0.281625
vt 0.590759 0.280311
vt 0.591496 0.286580
vt 0.590744 0.286884
vt 0.590746 0.286580
vt 0.586238 0.280311
vt 0.585990 0.281626
vt 0.585990 0.280311
vt 0.596549 0.280075
vt 0.596342 0.281262
vt 0.596341 0.280073
vt 0.587991 0.286580
vt 0.588867 0.286884
vt 0.587991 0.286884
vt 0.588867 0.280311
vt 0.587991 0.281626
vt 0.587991 0.280311
vt 0.587991 0.276120
vt 0.588867 0.276367
vt 0.587991 0.276367
vt 0.587991 0.268479
vt 0.588867 0.271109
vt 0.587991 0.271109
vt 0.589897 0.286580
vt 0.589896 0.286884
vt 0.589907 0.281625
vt 0.589904 0.280311
vt 0.590634 0.275861
vt 0.590634 0.276081
vt 0.589907 0.268480
vt 0.589896 0.271109
vt 0.586844 0.268479
vt 0.587114 0.271109
vt 0.586844 0.271109
vt 0.587114 0.268479
vt 0.586287 0.276068
vt 0.586287 0.271415
vt 0.587114 0.276367
vt 0.587114 0.276120
vt 0.587114 0.280311
vt 0.586844 0.281626
vt 0.586844 0.280311
vt 0.587114 0.281626
vt 0.587114 0.286580
vt 0.586844 0.286884
vt 0.586844 0.286580
vt 0.587114 0.286884
vt 0.596633 0.278888
vt 0.596755 0.276367
vt 0.596755 0.278996
vt 0.591619 0.281409
vt 0.591588 0.280118
vt 0.596633 0.281409
vt 0.596451 0.281626
vt 0.596343 0.281409
vt 0.588950 0.271231
vt 0.589933 0.271231
vt 0.589933 0.276245
vt 0.590744 0.276367
vt 0.589896 0.276367
vt 0.588950 0.276245
vt 0.588867 0.276120
vt 0.588950 0.276009
vt 0.590744 0.271231
vt 0.591496 0.271231
vt 0.590977 0.276384
vt 0.591496 0.276367
vt 0.591496 0.271521
vt 0.591288 0.271755
vt 0.590953 0.275981
vt 0.590744 0.276009
vt 0.590953 0.275770
vt 0.591288 0.275981
vt 0.591241 0.275906
vt 0.591000 0.275906
vt 0.591288 0.275770
vt 0.590953 0.271755
vt 0.591241 0.271570
vt 0.591241 0.271821
vt 0.591000 0.275702
vt 0.547296 0.988592
vt 0.547054 0.988796
vt 0.547054 0.988592
vt 0.591000 0.271570
vt 0.591000 0.271821
vt 0.591241 0.275702
vt 0.590634 0.271395
vt 0.590744 0.271521
vt 0.590634 0.271666
vt 0.589060 0.271395
vt 0.589923 0.271395
vt 0.589923 0.276081
vt 0.589060 0.276081
vt 0.589060 0.275861
vt 0.589923 0.275861
vt 0.589060 0.271666
vt 0.590567 0.271568
vt 0.589989 0.271568
vt 0.588950 0.271521
vt 0.547296 0.984461
vt 0.547054 0.984712
vt 0.547054 0.984461
vt 0.591496 0.276009
vt 0.588867 0.271413
vt 0.591855 0.281409
vt 0.591744 0.281626
vt 0.587114 0.281873
vt 0.586844 0.281873
vt 0.587114 0.271413
vt 0.586287 0.271163
vt 0.589906 0.281873
vt 0.587991 0.271413
vt 0.587991 0.281873
vt 0.588867 0.286580
vt 0.592457 0.278838
vt 0.592439 0.277960
vt 0.581284 0.280311
vt 0.580979 0.281626
vt 0.580979 0.280311
vt 0.591496 0.281873
vt 0.590763 0.281873
vt 0.588867 0.281873
vt 0.589923 0.271666
vt 0.588867 0.268479
vt 0.588867 0.281626
vt 0.590567 0.271493
vt 0.589989 0.271493
vt 0.586825 0.271163
vt 0.586238 0.271413
vt 0.586238 0.271109
vt 0.587065 0.276313
vt 0.586844 0.276367
vt 0.586825 0.276313
vt 0.587065 0.276068
vt 0.586287 0.276313
vt 0.586238 0.276120
vt 0.587065 0.271163
vt 0.587065 0.271411
vt 0.586825 0.276068
vt 0.586825 0.276313
vt 0.586825 0.271412
vt 0.586825 0.271163
vt 0.587065 0.275975
vt 0.587065 0.276215
vt 0.587065 0.271261
vt 0.587065 0.275975
vt 0.591584 0.276397
vt 0.591738 0.276251
vt 0.591822 0.276402
vt 0.596549 0.278887
vt 0.596633 0.276367
vt 0.591698 0.281259
vt 0.591670 0.280044
vt 0.596550 0.281262
vt 0.596548 0.276512
vt 0.596336 0.276360
vt 0.591930 0.281259
vt 0.596336 0.276507
vt 0.591496 0.281626
vt 0.591496 0.276245
vt 0.547296 0.984712
vt 0.581284 0.281626
vt 0.595755 0.278015
vt 0.596339 0.278885
vt 0.595758 0.278878
vt 0.595760 0.279740
vt 0.592475 0.279716
vt 0.591903 0.280045
vt 0.592466 0.279277
vt 0.595759 0.279309
vt 0.586238 0.281626
vt 0.586238 0.281873
vt 0.586238 0.276367
vt 0.586238 0.286580
vt 0.586238 0.286884
vt 0.586238 0.268479
vt 0.586238 0.267165
vt 0.586844 0.278996
vt 0.586238 0.278996
vt 0.591876 0.278831
vt 0.585990 0.276367
vt 0.581284 0.278996
vt 0.581284 0.276367
vt 0.591641 0.278828
vt 0.591558 0.278827
vt 0.588867 0.278996
vt 0.596633 0.280149
vt 0.580979 0.278996
vt 0.580979 0.276367
vt 0.591496 0.268479
vt 0.587114 0.278996
vt 0.587114 0.267165
vt 0.586844 0.267165
vt 0.590773 0.267166
vt 0.591496 0.267165
vt 0.589901 0.278996
vt 0.587991 0.267165
vt 0.587991 0.278996
vt 0.585990 0.278996
vt 0.590754 0.278996
vt 0.588867 0.267165
vt 0.589912 0.267165
vt 0.590783 0.265851
vt 0.587991 0.265850
vt 0.589917 0.265851
vt 0.587114 0.265850
vt 0.586844 0.265850
vt 0.596755 0.280311
vt 0.596755 0.281626
vt 0.588867 0.265850
vt 0.586238 0.265850
vt 0.591496 0.278996
vt 0.580014 0.342615
vt 0.580529 0.342021
vt 0.580522 0.342629
vt 0.580000 0.342081
vt 0.580529 0.340809
vt 0.579915 0.340131
vt 0.580522 0.340204
vt 0.576204 0.351144
vt 0.575605 0.352397
vt 0.575596 0.351185
vt 0.572247 0.342178
vt 0.571679 0.340869
vt 0.573084 0.341795
vt 0.576340 0.352392
vt 0.575596 0.353006
vt 0.574340 0.353488
vt 0.573814 0.354805
vt 0.573615 0.353609
vt 0.584083 0.353478
vt 0.584433 0.354594
vt 0.584083 0.354603
vt 0.573944 0.344113
vt 0.574546 0.344980
vt 0.573497 0.344374
vt 0.573944 0.343418
vt 0.573497 0.343162
vt 0.574546 0.343070
vt 0.574546 0.342556
vt 0.575596 0.343162
vt 0.575149 0.343418
vt 0.575596 0.344374
vt 0.575149 0.344113
vt 0.574546 0.344461
vt 0.572856 0.351186
vt 0.573458 0.350143
vt 0.573458 0.350839
vt 0.583388 0.354603
vt 0.583388 0.353478
vt 0.585603 0.339766
vt 0.586298 0.340891
vt 0.585603 0.340891
vt 0.581837 0.354172
vt 0.581141 0.355298
vt 0.581141 0.354172
vt 0.586647 0.339773
vt 0.586298 0.339765
vt 0.582183 0.354169
vt 0.581837 0.355298
vt 0.573129 0.340955
vt 0.572253 0.350839
vt 0.572856 0.349796
vt 0.571698 0.341864
vt 0.572215 0.342554
vt 0.571359 0.342036
vt 0.573381 0.342005
vt 0.572434 0.340131
vt 0.573497 0.340773
vt 0.572426 0.340492
vt 0.571359 0.340673
vt 0.584433 0.352856
vt 0.584744 0.353350
vt 0.584448 0.353464
vt 0.583191 0.342727
vt 0.582469 0.341507
vt 0.583205 0.341515
vt 0.582469 0.340903
vt 0.583205 0.340911
vt 0.583680 0.351584
vt 0.582953 0.352802
vt 0.582944 0.351589
vt 0.580113 0.346591
vt 0.581566 0.346601
vt 0.580776 0.347050
vt 0.583688 0.352796
vt 0.582944 0.353410
vt 0.585168 0.351643
vt 0.584433 0.351643
vt 0.585478 0.353464
vt 0.585128 0.354598
vt 0.585128 0.353473
vt 0.569629 0.343989
vt 0.570232 0.344856
vt 0.569182 0.344250
vt 0.569629 0.343294
vt 0.569182 0.343038
vt 0.570232 0.342946
vt 0.570232 0.342432
vt 0.571282 0.343038
vt 0.570834 0.343294
vt 0.571282 0.344250
vt 0.570834 0.343989
vt 0.570232 0.344337
vt 0.581592 0.344974
vt 0.580990 0.343931
vt 0.582195 0.344627
vt 0.584433 0.353473
vt 0.584433 0.354598
vt 0.569192 0.354049
vt 0.569888 0.355174
vt 0.569192 0.355174
vt 0.573111 0.354158
vt 0.572416 0.355283
vt 0.572416 0.354158
vt 0.569888 0.354049
vt 0.570237 0.355181
vt 0.573458 0.354154
vt 0.573111 0.355283
vt 0.580839 0.345335
vt 0.581566 0.345760
vt 0.581592 0.343583
vt 0.582195 0.343931
vt 0.580504 0.347307
vt 0.579783 0.346781
vt 0.581873 0.346795
vt 0.581873 0.345586
vt 0.580113 0.345751
vt 0.580828 0.344974
vt 0.579783 0.345572
vt 0.580898 0.342493
vt 0.581251 0.341955
vt 0.581238 0.342564
vt 0.580783 0.342010
vt 0.581264 0.340743
vt 0.580529 0.340131
vt 0.581264 0.340139
vt 0.573458 0.351196
vt 0.572707 0.352399
vt 0.572723 0.351186
vt 0.573757 0.349084
vt 0.574987 0.348987
vt 0.574396 0.349425
vt 0.573443 0.352408
vt 0.572723 0.353007
vt 0.579612 0.353477
vt 0.579206 0.354835
vt 0.578900 0.353662
vt 0.585254 0.339765
vt 0.585603 0.340902
vt 0.585254 0.340890
vt 0.576044 0.341695
vt 0.576646 0.342555
vt 0.575596 0.341949
vt 0.576044 0.340999
vt 0.575596 0.340737
vt 0.576646 0.340131
vt 0.576646 0.340652
vt 0.577696 0.340737
vt 0.577248 0.340999
vt 0.577696 0.341949
vt 0.577248 0.341695
vt 0.576646 0.342042
vt 0.577696 0.350854
vt 0.578900 0.350854
vt 0.578298 0.351201
vt 0.584558 0.340890
vt 0.584558 0.339765
vt 0.583514 0.339778
vt 0.584209 0.340903
vt 0.583514 0.340903
vt 0.585128 0.354602
vt 0.584433 0.355727
vt 0.584433 0.354602
vt 0.584209 0.339778
vt 0.584558 0.340890
vt 0.585475 0.354598
vt 0.585128 0.355727
vt 0.574613 0.347760
vt 0.575275 0.348278
vt 0.578298 0.349811
vt 0.578900 0.350158
vt 0.574239 0.349838
vt 0.573535 0.349423
vt 0.575440 0.349346
vt 0.575596 0.348148
vt 0.573842 0.348075
vt 0.574644 0.347403
vt 0.573535 0.347856
vt 0.583971 0.342298
vt 0.584717 0.342913
vt 0.583981 0.342907
vt 0.574351 0.353488
vt 0.573933 0.352263
vt 0.574355 0.352276
vt 0.574351 0.351672
vt 0.584424 0.351643
vt 0.583697 0.352861
vt 0.583688 0.351649
vt 0.581540 0.348087
vt 0.580870 0.349384
vt 0.580847 0.347787
vt 0.584433 0.352855
vt 0.583688 0.353469
vt 0.583981 0.341086
vt 0.584651 0.342129
vt 0.575436 0.353058
vt 0.575087 0.354192
vt 0.575087 0.353067
vt 0.571806 0.344111
vt 0.572408 0.344978
vt 0.571359 0.344372
vt 0.571806 0.343416
vt 0.571359 0.343160
vt 0.572408 0.343068
vt 0.572408 0.342554
vt 0.573458 0.343160
vt 0.573011 0.343416
vt 0.573458 0.344372
vt 0.573011 0.344111
vt 0.572408 0.344459
vt 0.581867 0.341522
vt 0.581264 0.340479
vt 0.582469 0.341175
vt 0.574392 0.353067
vt 0.574392 0.354192
vt 0.570237 0.354049
vt 0.570932 0.355174
vt 0.570237 0.355174
vt 0.578554 0.354172
vt 0.577858 0.355297
vt 0.577858 0.354172
vt 0.570932 0.354049
vt 0.571281 0.355181
vt 0.578900 0.354168
vt 0.578554 0.355297
vt 0.580127 0.348999
vt 0.580090 0.348158
vt 0.581867 0.340131
vt 0.582469 0.340479
vt 0.581862 0.349335
vt 0.581523 0.349161
vt 0.581862 0.347892
vt 0.580793 0.347396
vt 0.579777 0.347995
vt 0.579830 0.349204
vt 0.580899 0.349758
vt 0.584436 0.338905
vt 0.583838 0.339545
vt 0.583828 0.338936
vt 0.579636 0.353477
vt 0.578905 0.352262
vt 0.579640 0.352265
vt 0.578900 0.351658
vt 0.579636 0.351661
vt 0.569948 0.351588
vt 0.569222 0.352805
vt 0.569213 0.351593
vt 0.576645 0.349430
vt 0.577374 0.348174
vt 0.577374 0.349011
vt 0.569957 0.352800
vt 0.569213 0.353414
vt 0.583838 0.337724
vt 0.585761 0.341086
vt 0.585412 0.342220
vt 0.585412 0.341094
vt 0.576005 0.339265
vt 0.576607 0.340131
vt 0.575558 0.339525
vt 0.576005 0.338570
vt 0.575558 0.338313
vt 0.576607 0.338222
vt 0.576607 0.337707
vt 0.577657 0.338313
vt 0.577210 0.338570
vt 0.577657 0.339525
vt 0.577210 0.339265
vt 0.576607 0.339613
vt 0.570679 0.351089
vt 0.570076 0.350046
vt 0.571281 0.350742
vt 0.584717 0.341094
vt 0.584717 0.342220
vt 0.586173 0.353464
vt 0.585478 0.354590
vt 0.585478 0.353465
vt 0.586319 0.347934
vt 0.585623 0.349059
vt 0.585623 0.347934
vt 0.586522 0.354597
vt 0.586173 0.354590
vt 0.586665 0.349056
vt 0.586319 0.349059
vt 0.575915 0.349013
vt 0.576645 0.347756
vt 0.570679 0.349699
vt 0.571281 0.350046
vt 0.576647 0.349753
vt 0.577696 0.348004
vt 0.577696 0.349208
vt 0.576646 0.347403
vt 0.575915 0.348176
vt 0.575596 0.348006
vt 0.575596 0.349210
vt 0.574406 0.352449
vt 0.575127 0.353049
vt 0.574392 0.353058
vt 0.582186 0.353550
vt 0.582926 0.352341
vt 0.582922 0.353553
vt 0.582191 0.352338
vt 0.582922 0.351737
vt 0.579792 0.351149
vt 0.580512 0.352370
vt 0.579777 0.352361
vt 0.570948 0.348894
vt 0.570225 0.347641
vt 0.570948 0.348054
vt 0.580528 0.352979
vt 0.579792 0.352969
vt 0.575127 0.351228
vt 0.574392 0.351237
vt 0.576292 0.353006
vt 0.576641 0.354143
vt 0.576292 0.354130
vt 0.573944 0.346543
vt 0.574546 0.347403
vt 0.573497 0.346797
vt 0.573497 0.345586
vt 0.573944 0.345848
vt 0.574546 0.345500
vt 0.575149 0.345848
vt 0.575596 0.345586
vt 0.575149 0.346543
vt 0.575596 0.346797
vt 0.574546 0.346890
vt 0.574994 0.351228
vt 0.574392 0.350185
vt 0.575596 0.350880
vt 0.575596 0.353006
vt 0.575596 0.354131
vt 0.585210 0.343767
vt 0.584514 0.344892
vt 0.584514 0.343767
vt 0.574392 0.354195
vt 0.575087 0.355321
vt 0.574392 0.355321
vt 0.585559 0.343754
vt 0.585210 0.344892
vt 0.575433 0.354192
vt 0.575087 0.354195
vt 0.570225 0.349322
vt 0.569503 0.348068
vt 0.574994 0.349838
vt 0.575596 0.350185
vt 0.571281 0.349084
vt 0.571281 0.347874
vt 0.569203 0.347895
vt 0.570242 0.347280
vt 0.569203 0.349104
vt 0.569503 0.348909
vt 0.570242 0.349699
vt 0.584568 0.349149
vt 0.583843 0.349752
vt 0.583833 0.349143
vt 0.572239 0.353544
vt 0.571508 0.352330
vt 0.572244 0.352332
vt 0.571504 0.351726
vt 0.572239 0.351728
vt 0.577655 0.351610
vt 0.576928 0.352828
vt 0.576919 0.351616
vt 0.578752 0.344598
vt 0.578026 0.343332
vt 0.579478 0.344182
vt 0.577663 0.352822
vt 0.576919 0.353436
vt 0.583843 0.347930
vt 0.583231 0.353553
vt 0.582882 0.354687
vt 0.582882 0.353562
vt 0.576044 0.344113
vt 0.576646 0.344980
vt 0.576044 0.343418
vt 0.576646 0.343070
vt 0.576646 0.342556
vt 0.577696 0.343162
vt 0.577248 0.343418
vt 0.577696 0.344374
vt 0.577248 0.344113
vt 0.576646 0.344461
vt 0.580379 0.351149
vt 0.580982 0.350105
vt 0.580982 0.350801
vt 0.582186 0.353561
vt 0.582186 0.354687
vt 0.571977 0.354049
vt 0.571281 0.355174
vt 0.571281 0.354049
vt 0.586330 0.345925
vt 0.585634 0.347050
vt 0.585634 0.345925
vt 0.572325 0.355181
vt 0.571977 0.355174
vt 0.586676 0.347046
vt 0.586330 0.347050
vt 0.579478 0.343341
vt 0.579777 0.350105
vt 0.580379 0.349758
vt 0.577696 0.344363
vt 0.578026 0.344173
vt 0.579785 0.344377
vt 0.578741 0.344974
vt 0.579785 0.343167
vt 0.578752 0.342916
vt 0.578741 0.342556
vt 0.577696 0.343153
vt 0.584579 0.347135
vt 0.583854 0.347738
vt 0.583844 0.347129
vt 0.569220 0.351588
vt 0.569955 0.350376
vt 0.569955 0.351588
vt 0.569213 0.349772
vt 0.570076 0.349699
vt 0.577663 0.349790
vt 0.576928 0.351002
vt 0.576801 0.349753
vt 0.579452 0.345755
vt 0.578727 0.347021
vt 0.578727 0.345338
vt 0.577663 0.351002
vt 0.576915 0.351610
vt 0.584589 0.345923
vt 0.583854 0.345917
vt 0.585761 0.342220
vt 0.585412 0.343353
vt 0.585412 0.342228
vt 0.571806 0.339265
vt 0.572408 0.340131
vt 0.571359 0.339525
vt 0.571806 0.338570
vt 0.571359 0.338313
vt 0.572408 0.338222
vt 0.572408 0.337632
vt 0.573458 0.338313
vt 0.573011 0.338570
vt 0.573458 0.339525
vt 0.573011 0.339265
vt 0.572408 0.339613
vt 0.576198 0.351144
vt 0.575596 0.350101
vt 0.576801 0.350796
vt 0.584717 0.342228
vt 0.584717 0.343353
vt 0.585864 0.351643
vt 0.585168 0.352768
vt 0.586313 0.337728
vt 0.585618 0.338853
vt 0.585618 0.337728
vt 0.586213 0.352776
vt 0.585864 0.352768
vt 0.586660 0.338849
vt 0.586313 0.338853
vt 0.578001 0.346604
vt 0.578001 0.345762
vt 0.576198 0.349753
vt 0.576801 0.350101
vt 0.579783 0.346785
vt 0.579452 0.346596
vt 0.579783 0.345574
vt 0.578739 0.344974
vt 0.577696 0.345585
vt 0.577696 0.346796
vt 0.578739 0.347396
vt 0.570521 0.352302
vt 0.571124 0.352897
vt 0.570539 0.352910
vt 0.584411 0.351582
vt 0.583688 0.350362
vt 0.584424 0.350370
vt 0.584424 0.349766
vt 0.583805 0.347933
vt 0.583076 0.349149
vt 0.583070 0.347937
vt 0.579277 0.341846
vt 0.578053 0.341772
vt 0.579478 0.340866
vt 0.583812 0.349146
vt 0.583066 0.349758
vt 0.570514 0.351089
vt 0.571256 0.352298
vt 0.585634 0.345917
vt 0.585285 0.347050
vt 0.585285 0.345925
vt 0.574508 0.339613
vt 0.573906 0.339265
vt 0.573906 0.338570
vt 0.574508 0.337707
vt 0.574508 0.338222
vt 0.575110 0.338570
vt 0.575110 0.339265
vt 0.575558 0.339525
vt 0.574508 0.340131
vt 0.580388 0.344974
vt 0.579785 0.343931
vt 0.580990 0.344627
vt 0.584589 0.345925
vt 0.584589 0.347050
vt 0.585164 0.350511
vt 0.585859 0.351636
vt 0.585164 0.351636
vt 0.580475 0.354120
vt 0.579779 0.355246
vt 0.579779 0.354120
vt 0.585859 0.350511
vt 0.586208 0.351643
vt 0.580822 0.354117
vt 0.580475 0.355246
vt 0.578020 0.340923
vt 0.578734 0.340485
vt 0.580388 0.343583
vt 0.578814 0.342537
vt 0.578798 0.342157
vt 0.579794 0.341981
vt 0.579794 0.340691
vt 0.577696 0.340774
vt 0.578722 0.340131
vt 0.577742 0.341982
vt 0.574350 0.351056
vt 0.573625 0.351659
vt 0.573615 0.351050
vt 0.583765 0.345576
vt 0.583029 0.344364
vt 0.583765 0.344364
vt 0.583022 0.343760
vt 0.583758 0.343760
vt 0.583816 0.345917
vt 0.583087 0.347133
vt 0.583081 0.345920
vt 0.578706 0.339751
vt 0.579435 0.338486
vt 0.579434 0.339342
vt 0.583823 0.347129
vt 0.583077 0.347741
vt 0.573625 0.349838
vt 0.585623 0.347930
vt 0.585274 0.349064
vt 0.585274 0.347939
vt 0.573944 0.341689
vt 0.573497 0.341950
vt 0.573497 0.340737
vt 0.573944 0.340994
vt 0.574546 0.340131
vt 0.574546 0.340646
vt 0.575596 0.340737
vt 0.575149 0.340994
vt 0.575149 0.341689
vt 0.575596 0.341950
vt 0.574546 0.342037
vt 0.581584 0.351148
vt 0.582186 0.350801
vt 0.584578 0.347939
vt 0.584578 0.349064
vt 0.586254 0.343754
vt 0.585559 0.344879
vt 0.577336 0.354147
vt 0.576641 0.355272
vt 0.576641 0.354147
vt 0.586603 0.344887
vt 0.586254 0.344879
vt 0.577683 0.355268
vt 0.577336 0.355272
vt 0.577975 0.338488
vt 0.578706 0.338077
vt 0.581584 0.349758
vt 0.582186 0.350105
vt 0.579757 0.339532
vt 0.578707 0.340131
vt 0.579757 0.338324
vt 0.577657 0.338327
vt 0.578707 0.337724
vt 0.577976 0.339338
vt 0.577657 0.339536
vt 0.583671 0.350966
vt 0.582922 0.351584
vt 0.582936 0.350975
vt 0.583828 0.339540
vt 0.583092 0.338328
vt 0.583828 0.338328
vt 0.583821 0.337724
vt 0.578937 0.349811
vt 0.579635 0.351044
vt 0.578900 0.351022
vt 0.573137 0.348998
vt 0.571916 0.349032
vt 0.573136 0.348152
vt 0.578905 0.351631
vt 0.582922 0.349763
vt 0.578900 0.353043
vt 0.578551 0.354156
vt 0.578551 0.353031
vt 0.576646 0.346890
vt 0.576044 0.346543
vt 0.576044 0.345848
vt 0.576646 0.345500
vt 0.577248 0.345848
vt 0.577696 0.345586
vt 0.577696 0.346797
vt 0.577248 0.346543
vt 0.576646 0.347403
vt 0.581862 0.348714
vt 0.582464 0.349758
vt 0.581862 0.349410
vt 0.577855 0.354156
vt 0.577855 0.353031
vt 0.570932 0.352924
vt 0.570237 0.354049
vt 0.570237 0.352924
vt 0.585761 0.342223
vt 0.586457 0.343348
vt 0.585761 0.343348
vt 0.571281 0.352911
vt 0.586457 0.342223
vt 0.586803 0.343345
vt 0.572407 0.347748
vt 0.582464 0.348367
vt 0.583066 0.349410
vt 0.572402 0.349483
vt 0.573458 0.349198
vt 0.572409 0.349796
vt 0.573458 0.347998
vt 0.571359 0.348002
vt 0.572408 0.347401
vt 0.571677 0.348155
vt 0.571359 0.349202
vt 0.582733 0.344797
vt 0.582385 0.345452
vt 0.582195 0.344819
vt 0.582908 0.351582
vt 0.582186 0.350362
vt 0.582922 0.350370
vt 0.582186 0.349758
vt 0.582922 0.349766
vt 0.583944 0.341089
vt 0.583215 0.342305
vt 0.583208 0.341093
vt 0.571010 0.339279
vt 0.570071 0.337992
vt 0.571052 0.338304
vt 0.583950 0.342301
vt 0.583205 0.342913
vt 0.582233 0.343637
vt 0.585618 0.337724
vt 0.585268 0.338858
vt 0.585268 0.337732
vt 0.580204 0.339281
vt 0.580806 0.340073
vt 0.579757 0.339542
vt 0.580204 0.338586
vt 0.579757 0.338330
vt 0.580806 0.338238
vt 0.580806 0.337724
vt 0.581856 0.338330
vt 0.581409 0.338586
vt 0.581856 0.339542
vt 0.581409 0.339281
vt 0.580806 0.339629
vt 0.581867 0.342913
vt 0.581264 0.341870
vt 0.582469 0.342565
vt 0.584573 0.338857
vt 0.584573 0.337732
vt 0.585859 0.349378
vt 0.585164 0.350503
vt 0.585164 0.349378
vt 0.576294 0.354147
vt 0.575599 0.355272
vt 0.575599 0.354147
vt 0.586208 0.350511
vt 0.585859 0.350503
vt 0.576641 0.354143
vt 0.576294 0.355272
vt 0.569478 0.339326
vt 0.569400 0.338491
vt 0.582469 0.341870
vt 0.571359 0.339433
vt 0.570054 0.337632
vt 0.571359 0.338089
vt 0.569201 0.339551
vt 0.569078 0.338346
vt 0.570253 0.339672
vt 0.570304 0.340043
vt 0.584514 0.344966
vt 0.583765 0.345584
vt 0.583779 0.344975
vt 0.585159 0.351643
vt 0.584428 0.350429
vt 0.585164 0.350431
vt 0.585159 0.349827
vt 0.578900 0.351210
vt 0.578150 0.352413
vt 0.578165 0.351201
vt 0.578752 0.349432
vt 0.578028 0.348165
vt 0.579475 0.349021
vt 0.578885 0.352423
vt 0.578165 0.353022
vt 0.583765 0.343763
vt 0.573109 0.353016
vt 0.573109 0.354141
vt 0.570235 0.346765
vt 0.571281 0.346674
vt 0.570231 0.347280
vt 0.569182 0.346674
vt 0.569633 0.346418
vt 0.569182 0.345462
vt 0.569633 0.345722
vt 0.570235 0.345375
vt 0.570231 0.344856
vt 0.571281 0.345462
vt 0.570837 0.345722
vt 0.570837 0.346417
vt 0.582458 0.339114
vt 0.581856 0.338072
vt 0.583061 0.338767
vt 0.572413 0.354141
vt 0.572413 0.353016
vt 0.583165 0.339778
vt 0.582469 0.340903
vt 0.582469 0.339778
vt 0.586457 0.341090
vt 0.585761 0.342215
vt 0.585761 0.341090
vt 0.583514 0.340890
vt 0.583165 0.340903
vt 0.586803 0.342211
vt 0.586457 0.342215
vt 0.578752 0.347754
vt 0.579521 0.348157
vt 0.582458 0.337724
vt 0.583061 0.338072
vt 0.577696 0.349195
vt 0.578028 0.349004
vt 0.578736 0.349811
vt 0.579777 0.349219
vt 0.578736 0.347396
vt 0.579777 0.348011
vt 0.577696 0.347987
vt 0.572253 0.351008
vt 0.571504 0.351626
vt 0.571518 0.351016
vt 0.582173 0.352972
vt 0.581451 0.351752
vt 0.582186 0.351760
vt 0.582186 0.351156
vt 0.581279 0.351158
vt 0.580528 0.352361
vt 0.580543 0.351149
vt 0.570213 0.342049
vt 0.571027 0.340853
vt 0.571052 0.341765
vt 0.581263 0.352370
vt 0.580543 0.352969
vt 0.571504 0.349804
vt 0.582186 0.353044
vt 0.581837 0.354156
vt 0.581837 0.353031
vt 0.572408 0.346889
vt 0.571359 0.346795
vt 0.571806 0.346541
vt 0.571806 0.345846
vt 0.571359 0.345584
vt 0.572408 0.345498
vt 0.573458 0.345584
vt 0.573011 0.345846
vt 0.573458 0.346795
vt 0.573011 0.346541
vt 0.572408 0.347401
vt 0.581873 0.346264
vt 0.582475 0.347307
vt 0.581873 0.346960
vt 0.581141 0.353031
vt 0.581141 0.354156
vt 0.579777 0.352992
vt 0.580473 0.354117
vt 0.579777 0.354117
vt 0.586170 0.354602
vt 0.585475 0.355727
vt 0.585475 0.354602
vt 0.580473 0.352992
vt 0.580822 0.354103
vt 0.586517 0.354598
vt 0.586170 0.355727
vt 0.569514 0.341586
vt 0.570327 0.340389
vt 0.582475 0.345917
vt 0.583077 0.346960
vt 0.570188 0.342432
vt 0.571359 0.340710
vt 0.571359 0.341987
vt 0.569264 0.340571
vt 0.570352 0.340043
vt 0.569571 0.340755
vt 0.569182 0.341765
vt 0.587172 0.355727
vt 0.584156 0.346680
vt 0.587172 0.346680
vt 0.584156 0.355727
vt 0.581141 0.346680
vt 0.578125 0.355727
vt 0.578125 0.346680
vt 0.575109 0.346680
vt 0.573601 0.345175
vt 0.576216 0.340647
vt 0.576216 0.343665
vt 0.572093 0.355727
vt 0.572093 0.346680
vt 0.569078 0.355727
vt 0.569078 0.346680
vt 0.585372 0.343729
vt 0.582649 0.345301
vt 0.586409 0.344327
vt 0.585372 0.340584
vt 0.586409 0.339985
vt 0.582649 0.339011
vt 0.582649 0.337813
vt 0.578888 0.339985
vt 0.579925 0.340584
vt 0.578888 0.344327
vt 0.579925 0.343729
vt 0.582649 0.346499
vt 0.570987 0.343665
vt 0.573601 0.339137
vt 0.573601 0.346499
vt 0.577362 0.344327
vt 0.573601 0.337813
vt 0.577362 0.339985
vt 0.570987 0.340647
vt 0.569840 0.344327
vt 0.569840 0.339985
vt 0.581141 0.355727
vt 0.575109 0.355727
vt 0.591496 0.286884
vt 0.547296 0.988796
vt 0.591496 0.265850
vt 0.579794 0.340809
vt 0.576332 0.353000
vt 0.574340 0.354855
vt 0.584433 0.353469
vt 0.586647 0.340898
vt 0.582183 0.355294
vt 0.572254 0.350143
vt 0.585168 0.352856
vt 0.582887 0.342913
vt 0.583680 0.353404
vt 0.585478 0.354590
vt 0.570237 0.354056
vt 0.573458 0.355279
vt 0.580529 0.340735
vt 0.573458 0.353016
vt 0.579612 0.355052
vt 0.585603 0.339777
vt 0.577696 0.350158
vt 0.584558 0.339765
vt 0.585475 0.355723
vt 0.573615 0.353485
vt 0.573615 0.351669
vt 0.584424 0.353464
vt 0.584717 0.341092
vt 0.575436 0.354183
vt 0.581264 0.341175
vt 0.571281 0.354056
vt 0.578900 0.355294
vt 0.584573 0.339551
vt 0.578900 0.353474
vt 0.569948 0.353408
vt 0.584573 0.337730
vt 0.585761 0.342211
vt 0.570076 0.350742
vt 0.586522 0.353472
vt 0.586665 0.347930
vt 0.575141 0.352440
vt 0.582186 0.351734
vt 0.580528 0.351158
vt 0.576641 0.353018
vt 0.574392 0.350880
vt 0.585559 0.344879
vt 0.575433 0.355317
vt 0.584578 0.349758
vt 0.571504 0.353542
vt 0.577655 0.353431
vt 0.584578 0.347936
vt 0.583231 0.354678
vt 0.579777 0.350801
vt 0.572325 0.354056
vt 0.586676 0.345921
vt 0.584589 0.347744
vt 0.569220 0.350376
vt 0.577650 0.351610
vt 0.585761 0.343345
vt 0.575596 0.350796
vt 0.586213 0.351651
vt 0.586660 0.337724
vt 0.583824 0.351643
vt 0.583688 0.349758
vt 0.583833 0.349758
vt 0.571281 0.351089
vt 0.585634 0.347042
vt 0.579785 0.344627
vt 0.586208 0.350518
vt 0.580822 0.355242
vt 0.574392 0.351669
vt 0.582998 0.345584
vt 0.583844 0.347741
vt 0.574392 0.349848
vt 0.585623 0.349056
vt 0.580982 0.350801
vt 0.586603 0.343762
vt 0.577683 0.354143
vt 0.583688 0.351579
vt 0.583061 0.339548
vt 0.583086 0.337724
vt 0.579672 0.349833
vt 0.579672 0.351658
vt 0.571281 0.354035
vt 0.586803 0.342220
vt 0.583066 0.348715
vt 0.582305 0.351734
vt 0.583971 0.342913
vt 0.582998 0.343583
vt 0.585618 0.338849
vt 0.581264 0.342565
vt 0.586208 0.349385
vt 0.576641 0.355268
vt 0.584500 0.345575
vt 0.584424 0.351641
vt 0.584424 0.349825
vt 0.578900 0.353031
vt 0.584500 0.343754
vt 0.573458 0.353029
vt 0.581856 0.338767
vt 0.583514 0.339765
vt 0.586803 0.341086
vt 0.572170 0.351726
vt 0.581508 0.353031
vt 0.581451 0.351148
vt 0.581279 0.352979
vt 0.572239 0.349796
vt 0.582186 0.354169
vt 0.580822 0.352979
vt 0.586517 0.355723
vt 0.583077 0.346264
s 0
usemtl Material
f 760/1126/640 562/1127/640 565/1128/640
f 540/1129/641 579/1130/641 550/1130/641
f 782/1131/642 552/1132/642 784/1133/642
f 596/1134/643 549/1135/643 599/1136/643
f 800/1137/644 682/1138/644 793/1139/644
f 807/1140/645 720/1141/645 788/1142/645
f 604/1143/646 545/1144/646 560/1145/646
f 783/1146/647 557/1147/647 786/1148/647
f 686/1149/648 568/1150/648 555/1151/648
f 762/1152/649 566/1153/649 553/1154/649
f 630/1155/650 549/1135/650 622/1156/650
f 784/1133/651 621/1157/651 790/1158/651
f 696/1159/652 590/1160/652 698/1159/652
f 769/1161/653 565/1128/653 619/1162/653
f 780/1163/654 651/1164/654 739/1165/654
f 762/1152/655 651/1164/655 761/1166/655
f 738/1167/656 658/1168/656 712/1167/656
f 686/1149/657 654/1169/657 685/1170/657
f 785/1171/658 741/1172/658 798/1173/658
f 786/1148/659 558/1174/659 785/1171/659
f 603/1175/660 742/1176/660 743/1177/660
f 603/1175/661 560/1145/661 559/1178/661
f 765/1179/662 562/1180/662 754/1181/662
f 679/1182/663 782/1131/663 787/1183/663
f 677/1184/664 596/1185/664 680/1186/664
f 587/1187/665 619/1162/665 623/1188/665
f 624/1189/666 567/1190/666 620/1191/666
f 588/1192/667 683/1193/667 687/1194/667
f 585/1195/668 562/1127/668 678/1196/668
f 586/1197/669 544/1198/669 567/1190/669
f 540/1129/670 675/1199/670 607/1200/670
f 551/1201/670 684/1202/670 689/1203/670
f 550/1130/670 678/1196/670 540/1129/670
f 563/1204/671 586/1197/671 551/1201/671
f 574/1205/672 584/1206/672 582/1205/672
f 688/1207/673 578/1204/673 690/1207/673
f 551/1201/674 578/1204/674 563/1204/674
f 608/1208/675 579/1130/675 610/1208/675
f 573/1209/676 609/1200/676 611/1210/676
f 576/1206/670 691/1203/670 693/1211/670
f 573/1209/670 579/1130/670 577/1129/670
f 574/1205/670 580/1201/670 576/1206/670
f 694/1212/676 584/1213/676 695/1214/676
f 575/1215/677 614/1216/677 612/1216/677
f 573/1209/659 583/1215/659 575/1215/659
f 574/1205/678 694/1217/678 692/1217/678
f 571/1218/679 600/1219/679 615/1220/679
f 546/1221/680 623/1188/680 625/1222/680
f 572/1160/679 624/1189/679 626/1223/679
f 547/1224/679 687/1194/679 697/1225/679
f 708/1226/681 590/1160/681 628/1223/681
f 616/1227/682 591/1221/682 618/1227/682
f 625/1222/683 631/1218/683 633/1222/683
f 626/1223/684 592/1224/684 628/1223/684
f 616/1227/685 699/1225/685 697/1225/685
f 617/1228/659 638/1229/659 636/1228/659
f 546/1221/686 606/1230/686 587/1187/686
f 696/1159/679 600/1219/679 684/1202/679
f 611/1210/678 581/1209/678 573/1209/678
f 612/1216/677 695/1211/677 693/1211/677
f 581/1231/676 614/1232/676 583/1233/676
f 575/1215/670 610/1208/670 579/1130/670
f 692/1217/676 609/1200/676 690/1207/676
f 608/1208/675 691/1203/675 689/1203/675
f 607/1200/673 577/1129/673 540/1129/673
f 550/1130/670 600/1219/670 585/1195/670
f 688/1207/670 675/1199/670 681/1234/670
f 587/1187/687 598/1235/687 566/1153/687
f 706/1236/688 596/1185/688 701/1237/688
f 704/1238/689 604/1143/689 603/1175/689
f 750/1239/660 603/1175/660 743/1177/660
f 553/1154/690 656/1240/690 651/1164/690
f 727/1241/691 658/1168/691 728/1168/691
f 615/1220/692 631/1218/692 571/1218/692
f 707/1242/693 599/1136/693 630/1155/693
f 553/1154/694 598/1235/694 602/1243/694
f 705/1244/695 597/1245/695 604/1143/695
f 776/1246/696 726/1247/696 778/1246/696
f 789/1248/644 537/1249/644 781/1250/644
f 701/1251/697 599/1136/697 703/1252/697
f 707/1242/698 597/1245/698 702/1253/698
f 591/1221/699 634/1254/699 618/1227/699
f 626/1223/700 590/1160/700 572/1160/700
f 625/1222/701 591/1221/701 546/1221/701
f 699/1225/702 628/1223/702 592/1224/702
f 547/1224/679 624/1189/679 588/1192/679
f 571/1218/679 623/1188/679 585/1195/679
f 588/1192/703 620/1191/703 568/1150/703
f 623/1188/704 565/1128/704 585/1195/704
f 758/1255/705 619/1162/705 566/1153/705
f 790/1158/706 548/1256/706 783/1146/706
f 597/1245/707 622/1156/707 545/1144/707
f 589/1257/679 632/1220/679 617/1228/679
f 627/1258/679 631/1218/679 589/1257/679
f 617/1228/679 634/1254/679 629/1229/679
f 629/1229/679 633/1222/679 627/1258/679
f 642/1229/708 648/1228/708 650/1229/708
f 617/1228/709 635/1257/709 589/1257/709
f 629/1229/710 637/1258/710 638/1229/710
f 627/1258/672 635/1257/672 637/1258/672
f 641/1258/711 640/1228/711 642/1229/711
f 637/1258/712 643/1257/712 645/1258/712
f 637/1258/713 646/1229/713 638/1229/713
f 641/1258/714 647/1257/714 639/1257/714
f 645/1258/710 650/1229/710 646/1229/710
f 643/1257/715 649/1258/715 645/1258/715
f 646/1229/659 648/1228/659 644/1228/659
f 644/1228/716 647/1257/716 643/1257/716
f 640/1228/717 647/1257/717 648/1228/717
f 636/1228/718 646/1229/718 644/1228/718
f 642/1229/719 649/1258/719 641/1258/719
f 636/1228/720 643/1257/720 635/1257/720
f 539/1241/721 739/1165/721 744/1259/721
f 539/1241/721 653/1260/721 652/1261/721
f 664/1262/721 740/1263/721 745/1264/721
f 709/1265/721 656/1240/721 685/1170/721
f 543/1266/721 700/1267/721 710/1167/721
f 665/1268/721 656/1240/721 663/1269/721
f 749/1270/722 667/1262/722 748/1271/722
f 668/1268/723 746/1272/723 747/1273/723
f 729/1266/724 748/1271/724 752/1271/724
f 731/1268/725 747/1273/725 751/1273/725
f 714/1274/726 670/1269/726 716/1274/726
f 661/1275/727 735/1275/727 732/1275/727
f 713/1274/728 663/1269/728 709/1265/728
f 554/1276/728 663/1269/728 601/1269/728
f 661/1275/729 711/1265/729 714/1274/729
f 657/1269/730 668/1268/730 659/1276/730
f 556/1275/731 730/1262/731 732/1275/731
f 659/1276/732 731/1268/732 733/1276/732
f 736/1276/728 670/1269/728 674/1276/728
f 735/1275/728 716/1274/728 737/1274/728
f 556/1275/721 715/1277/721 713/1274/721
f 554/1276/733 736/1276/733 733/1276/733
f 659/1276/734 670/1269/734 657/1269/734
f 601/1269/721 672/1276/721 554/1276/721
f 570/1278/735 681/1279/735 722/1280/735
f 771/1281/736 678/1282/736 765/1179/736
f 542/1283/737 787/1183/737 791/1284/737
f 538/1285/738 680/1186/738 720/1141/738
f 569/1286/739 675/1287/739 678/1282/739
f 720/1141/740 706/1236/740 721/1288/740
f 542/1283/741 706/1236/741 679/1182/741
f 722/1280/742 675/1287/742 719/1289/742
f 713/1274/721 669/1269/721 601/1269/721
f 737/1274/728 670/1269/728 734/1269/728
f 714/1274/743 666/1269/743 657/1269/743
f 556/1275/728 709/1265/728 664/1262/728
f 661/1275/744 716/1274/744 673/1275/744
f 746/1272/745 711/1265/745 749/1270/745
f 710/1167/721 653/1260/721 593/1168/721
f 664/1262/721 685/1170/721 654/1169/721
f 618/1227/746 708/1226/746 699/1225/746
f 621/1157/747 702/1253/747 548/1256/747
f 552/1132/748 701/1251/748 703/1252/748
f 791/1284/749 721/1288/749 542/1283/749
f 557/1147/750 702/1253/750 705/1244/750
f 621/1157/747 703/1252/747 707/1242/747
f 741/1172/660 704/1238/660 750/1239/660
f 557/1147/747 704/1238/747 558/1174/747
f 679/1182/751 701/1237/751 564/1290/751
f 563/1204/670 681/1234/670 676/1291/670
f 689/1203/675 580/1201/675 551/1201/675
f 574/1205/676 690/1207/676 578/1204/676
f 693/1211/677 584/1206/677 576/1206/677
f 572/1160/752 684/1202/752 586/1197/752
f 697/1225/753 592/1224/753 547/1224/753
f 632/1220/679 708/1226/679 634/1254/679
f 616/1227/754 687/1194/754 606/1230/754
f 692/1217/678 613/1210/678 611/1210/678
f 613/1292/676 695/1214/676 614/1232/676
f 693/1211/670 610/1208/670 612/1216/670
f 607/1200/673 690/1207/673 609/1200/673
f 689/1203/670 600/1219/670 608/1208/670
f 606/1230/755 683/1193/755 598/1235/755
f 656/1240/657 686/1149/657 685/1170/657
f 729/1266/756 712/1167/756 662/1266/756
f 615/1220/692 698/1159/692 632/1220/692
f 598/1235/757 686/1149/757 602/1243/757
f 789/1248/644 682/1138/644 595/1293/644
f 594/1294/758 767/1295/758 775/1296/758
f 605/1297/759 721/1288/759 718/1298/759
f 594/1294/760 722/1280/760 719/1289/760
f 718/1298/761 792/1299/761 795/1300/761
f 797/1300/762 724/1297/762 725/1298/762
f 605/1297/657 725/1298/657 724/1297/657
f 594/1294/763 726/1247/763 717/1247/763
f 605/1297/764 796/1301/764 794/1301/764
f 543/1266/756 738/1167/756 729/1266/756
f 715/1277/728 734/1269/728 669/1269/728
f 733/1276/765 674/1276/765 659/1276/765
f 671/1275/728 737/1274/728 715/1277/728
f 672/1276/728 734/1269/728 736/1276/728
f 554/1276/766 731/1268/766 665/1268/766
f 661/1275/767 730/1262/767 667/1262/767
f 732/1275/768 671/1275/768 556/1275/768
f 665/1268/769 751/1273/769 744/1259/769
f 543/1266/770 752/1271/770 745/1264/770
f 539/1241/691 728/1168/691 593/1168/691
f 710/1167/771 728/1168/771 738/1167/771
f 745/1264/772 730/1262/772 664/1262/772
f 744/1259/773 727/1241/773 539/1241/773
f 541/1302/660 750/1239/660 682/1303/660
f 658/1168/774 749/1270/774 712/1167/774
f 751/1273/775 660/1241/775 727/1241/775
f 752/1271/776 667/1262/776 730/1262/776
f 747/1273/721 658/1168/721 660/1241/721
f 712/1167/777 748/1271/777 662/1266/777
f 543/1266/721 740/1263/721 655/1304/721
f 665/1268/778 739/1165/778 651/1164/778
f 682/1303/660 743/1177/660 595/1305/660
f 743/1177/660 537/1306/660 595/1305/660
f 798/1173/779 541/1302/779 800/1137/779
f 780/1163/780 652/1261/780 753/1307/780
f 781/1308/780 780/1163/780 753/1307/780
f 655/1304/781 779/1309/781 755/1310/781
f 775/1296/782 723/1294/782 594/1294/782
f 726/1247/783 777/1296/783 778/1246/783
f 717/1247/784 773/1311/784 722/1280/784
f 775/1296/785 788/1142/785 794/1301/785
f 700/1312/644 768/1313/644 653/1314/644
f 722/1280/786 772/1315/786 570/1278/786
f 570/1278/787 766/1316/787 676/1291/787
f 769/1161/788 814/1126/788 760/1126/788
f 620/1191/789 757/1317/789 568/1150/789
f 807/1140/790 815/1318/790 805/1318/790
f 653/1314/644 753/1319/644 652/1320/644
f 795/1300/791 778/1246/791 797/1300/791
f 766/1316/792 544/1198/792 676/1291/792
f 760/1126/793 810/1321/793 754/1321/793
f 555/1151/659 763/1322/659 654/1169/659
f 740/1263/794 763/1322/794 779/1309/794
f 803/1323/655 762/1152/655 761/1166/655
f 808/1324/795 761/1166/795 780/1163/795
f 802/1325/796 809/1326/796 813/1325/796
f 567/1190/797 770/1327/797 620/1191/797
f 804/1328/798 758/1255/798 762/1152/798
f 568/1150/799 764/1329/799 555/1151/799
f 569/1286/800 767/1295/800 719/1289/800
f 655/1304/644 774/1330/644 700/1312/644
f 544/1198/801 759/1331/801 567/1190/801
f 801/1332/802 817/1333/802 811/1332/802
f 549/1334/803 799/1326/803 802/1325/803
f 560/1335/804 801/1332/804 804/1328/804
f 622/1336/805 802/1325/805 806/1333/805
f 559/1337/806 808/1324/806 742/1338/806
f 559/1337/807 804/1328/807 803/1323/807
f 677/1184/808 799/1339/808 561/1340/808
f 795/1300/809 725/1298/809 718/1298/809
f 622/1336/810 801/1332/810 545/1341/810
f 807/1140/811 677/1184/811 538/1285/811
f 605/1297/812 788/1142/812 720/1141/812
f 537/1342/813 808/1324/813 781/1308/813
f 779/1309/781 800/1137/781 755/1310/781
f 794/1301/814 777/1296/814 775/1296/814
f 778/1246/815 796/1301/815 797/1300/815
f 776/1246/816 792/1299/816 773/1311/816
f 768/1313/644 793/1139/644 789/1248/644
f 772/1315/817 792/1299/817 791/1284/817
f 772/1315/818 787/1183/818 766/1316/818
f 770/1327/819 783/1146/819 757/1317/819
f 768/1313/644 781/1250/644 753/1319/644
f 787/1183/820 756/1343/820 766/1316/820
f 764/1329/659 785/1171/659 763/1322/659
f 763/1322/794 798/1173/794 779/1309/794
f 759/1331/821 790/1158/821 770/1327/821
f 757/1317/822 786/1148/822 764/1329/822
f 758/1255/823 818/1161/823 769/1161/823
f 755/1310/644 793/1139/644 774/1330/644
f 756/1343/824 784/1133/824 759/1331/824
f 820/1281/825 815/1318/825 819/1140/825
f 811/1332/826 818/1161/826 812/1255/826
f 815/1318/827 810/1181/827 809/1339/827
f 817/1333/828 814/1126/828 818/1161/828
f 813/1325/829 810/1321/829 814/1126/829
f 821/1295/830 819/1140/830 822/1142/830
f 788/1142/831 821/1295/831 822/1142/831
f 806/1333/832 813/1325/832 817/1333/832
f 758/1255/833 811/1332/833 812/1255/833
f 788/1142/834 819/1140/834 807/1140/834
f 765/1179/835 810/1181/835 816/1179/835
f 771/1281/836 816/1179/836 820/1281/836
f 767/1295/837 820/1281/837 821/1295/837
f 805/1318/838 809/1339/838 799/1339/838
f 848/1344/839 836/1345/839 835/1346/839
f 847/1347/840 837/1348/840 836/1345/840
f 837/1348/841 850/1349/841 838/1350/841
f 850/1351/842 839/1352/842 838/1353/842
f 826/1354/843 834/1355/843 828/1356/843
f 851/1357/672 840/1358/672 839/1352/672
f 852/1359/844 835/1360/844 840/1361/844
f 823/1362/845 842/1363/845 841/1364/845
f 825/1365/846 835/1366/846 836/1367/846
f 827/1368/847 836/1367/847 837/1369/847
f 829/1370/848 837/1369/848 838/1371/848
f 829/1370/849 839/1372/849 831/1373/849
f 831/1373/850 840/1374/850 833/1375/850
f 833/1375/851 835/1366/851 823/1376/851
f 842/1377/852 846/1378/852 841/1379/852
f 823/1362/844 846/1380/844 833/1381/844
f 829/1382/853 845/1383/853 844/1384/853
f 827/1385/659 842/1386/659 825/1387/659
f 833/1388/672 845/1383/672 831/1389/672
f 829/1390/854 843/1391/854 827/1385/854
f 834/1355/855 830/1392/855 828/1356/855
f 843/1393/852 845/1394/852 846/1378/852
f 824/1395/856 847/1396/856 848/1397/856
f 826/1354/857 849/1398/857 847/1396/857
f 830/1392/858 849/1398/858 828/1356/858
f 830/1392/859 851/1399/859 850/1400/859
f 832/1401/860 852/1402/860 851/1399/860
f 834/1355/861 848/1397/861 852/1402/861
f 865/1403/862 877/1404/862 866/1405/862
f 866/1406/659 879/1407/659 867/1408/659
f 867/1408/854 880/1409/854 868/1410/854
f 880/1411/853 869/1412/853 868/1413/853
f 854/1414/863 858/1415/863 856/1416/863
f 881/1417/672 870/1418/672 869/1412/672
f 882/1419/844 865/1403/844 870/1420/844
f 855/1421/845 871/1422/845 853/1423/845
f 855/1424/846 865/1425/846 866/1426/846
f 857/1427/847 866/1426/847 867/1428/847
f 859/1429/848 867/1428/848 868/1430/848
f 859/1429/849 869/1431/849 861/1432/849
f 861/1432/850 870/1433/850 863/1434/850
f 863/1434/851 865/1425/851 853/1435/851
f 871/1436/852 873/1437/852 876/1438/852
f 863/1439/844 871/1422/844 876/1440/844
f 859/1441/853 875/1442/853 874/1443/853
f 857/1444/659 872/1445/659 855/1446/659
f 861/1447/672 876/1448/672 875/1442/672
f 859/1449/854 873/1450/854 857/1444/854
f 858/1415/855 862/1451/855 860/1452/855
f 876/1438/852 874/1453/852 875/1454/852
f 854/1414/864 877/1455/864 878/1456/864
f 856/1416/865 879/1457/865 877/1455/865
f 858/1415/858 880/1458/858 879/1457/858
f 862/1451/866 880/1458/866 860/1452/866
f 864/1459/860 881/1460/860 862/1451/860
f 864/1459/867 878/1456/867 882/1461/867
f 908/1462/868 896/1463/868 895/1464/868
f 907/1465/869 897/1466/869 896/1463/869
f 897/1466/870 910/1467/870 898/1468/870
f 910/1469/871 899/1470/871 898/1471/871
f 884/1472/872 888/1473/872 886/1474/872
f 911/1475/672 900/1476/672 899/1470/672
f 912/1477/873 895/1478/873 900/1479/873
f 883/1480/874 902/1481/874 901/1482/874
f 885/1483/875 895/1484/875 896/1485/875
f 887/1486/876 896/1485/876 897/1487/876
f 887/1486/877 898/1488/877 889/1489/877
f 889/1489/878 899/1490/878 891/1491/878
f 891/1491/879 900/1492/879 893/1493/879
f 893/1493/880 895/1484/880 883/1494/880
f 902/1495/881 906/1496/881 901/1497/881
f 883/1480/873 906/1498/873 893/1499/873
f 889/1500/871 905/1501/871 904/1502/871
f 887/1503/659 902/1504/659 885/1505/659
f 891/1506/672 906/1507/672 905/1501/672
f 889/1508/870 903/1509/870 887/1503/870
f 888/1473/882 892/1510/882 890/1511/882
f 906/1496/881 904/1512/881 905/1513/881
f 884/1472/883 907/1514/883 908/1515/883
f 886/1474/884 909/1516/884 907/1514/884
f 890/1511/885 909/1516/885 888/1473/885
f 892/1510/886 910/1517/886 890/1511/886
f 894/1518/887 911/1519/887 892/1510/887
f 884/1472/888 912/1520/888 894/1518/888
f 925/1521/845 937/1522/845 926/1523/845
f 926/1524/889 939/1525/889 927/1526/889
f 939/1525/890 928/1527/890 927/1526/890
f 940/1528/853 929/1529/853 928/1530/853
f 916/1531/891 924/1532/891 918/1533/891
f 941/1534/672 930/1535/672 929/1529/672
f 930/1536/892 938/1537/892 925/1521/892
f 915/1538/845 931/1539/845 913/1540/845
f 915/1541/846 925/1542/846 926/1543/846
f 917/1544/847 926/1543/847 927/1545/847
f 919/1546/848 927/1545/848 928/1547/848
f 919/1546/849 929/1548/849 921/1549/849
f 921/1549/850 930/1550/850 923/1551/850
f 923/1551/851 925/1542/851 913/1552/851
f 931/1553/852 933/1554/852 936/1555/852
f 923/1556/844 931/1539/844 936/1557/844
f 919/1558/853 935/1559/853 934/1560/853
f 917/1561/659 932/1562/659 915/1563/659
f 921/1564/672 936/1565/672 935/1559/672
f 919/1566/854 933/1567/854 917/1561/854
f 918/1533/893 922/1568/893 920/1569/893
f 936/1555/852 934/1570/852 935/1571/852
f 916/1531/894 938/1572/894 914/1573/894
f 918/1533/895 937/1574/895 916/1531/895
f 920/1569/896 939/1575/896 918/1533/896
f 922/1568/866 940/1576/866 920/1569/866
f 924/1532/860 941/1577/860 922/1568/860
f 914/1573/897 942/1578/897 924/1532/897
f 968/1579/898 956/1580/898 955/1581/898
f 956/1582/659 969/1583/659 957/1584/659
f 957/1584/854 970/1585/854 958/1586/854
f 970/1587/853 959/1588/853 958/1589/853
f 944/1590/855 948/1591/855 946/1592/855
f 971/1593/672 960/1594/672 959/1588/672
f 960/1595/899 968/1579/899 955/1581/899
f 945/1596/845 961/1597/845 943/1598/845
f 945/1599/846 955/1600/846 956/1601/846
f 947/1602/847 956/1601/847 957/1603/847
f 949/1604/900 957/1603/900 958/1605/900
f 949/1604/849 959/1606/849 951/1607/849
f 951/1607/850 960/1608/850 953/1609/850
f 953/1609/851 955/1600/851 943/1610/851
f 961/1611/852 963/1612/852 966/1613/852
f 953/1614/844 961/1597/844 966/1615/844
f 951/1616/853 964/1617/853 949/1618/853
f 947/1619/659 962/1620/659 945/1621/659
f 951/1616/672 966/1622/672 965/1623/672
f 947/1619/854 964/1624/854 963/1625/854
f 954/1626/855 950/1627/855 948/1591/855
f 966/1613/852 964/1628/852 965/1629/852
f 946/1592/901 968/1630/901 944/1590/901
f 946/1592/902 969/1631/902 967/1632/902
f 948/1591/858 970/1633/858 969/1631/858
f 952/1634/866 970/1633/866 950/1627/866
f 954/1626/860 971/1635/860 952/1634/860
f 954/1626/903 968/1630/903 972/1636/903
f 985/1637/874 997/1638/874 986/1639/874
f 997/1640/659 987/1641/659 986/1642/659
f 999/1643/870 988/1644/870 987/1641/870
f 988/1645/871 1001/1646/871 989/1647/871
f 974/1648/904 978/1649/904 976/1650/904
f 989/1647/672 1002/1651/672 990/1652/672
f 1002/1653/873 985/1637/873 990/1654/873
f 973/1655/874 992/1656/874 991/1657/874
f 975/1658/875 985/1659/875 986/1660/875
f 975/1658/876 987/1661/876 977/1662/876
f 977/1662/877 988/1366/877 979/1663/877
f 981/1664/905 988/1366/905 989/1665/905
f 983/1666/879 989/1665/879 990/1667/879
f 973/1668/880 990/1667/880 985/1659/880
f 991/1669/881 993/1670/881 996/1671/881
f 983/1672/873 991/1657/873 996/1673/873
f 981/1674/871 994/1675/871 979/1676/871
f 975/1677/659 993/1678/659 992/1679/659
f 983/1680/672 995/1681/672 981/1674/672
f 979/1682/870 993/1678/870 977/1683/870
f 984/1684/904 980/1685/904 978/1649/904
f 996/1671/881 994/1686/881 995/1687/881
f 976/1650/906 998/1688/906 974/1648/906
f 978/1649/907 997/1689/907 976/1650/907
f 978/1649/908 1000/1690/908 999/1691/908
f 980/1685/909 1001/1692/909 1000/1690/909
f 982/1693/887 1002/1694/887 1001/1692/887
f 984/1684/910 998/1688/910 1002/1694/910
f 1028/1695/845 1016/1696/845 1015/1697/845
f 1016/1698/659 1029/1699/659 1017/1700/659
f 1017/1700/854 1030/1701/854 1018/1702/854
f 1030/1703/853 1019/1704/853 1018/1705/853
f 1006/1706/855 1014/1707/855 1008/1708/855
f 1031/1709/672 1020/1710/672 1019/1704/672
f 1020/1711/844 1028/1695/844 1015/1697/844
f 1005/1712/845 1021/1713/845 1003/1714/845
f 1005/1715/846 1015/1716/846 1016/1374/846
f 1007/1717/847 1016/1374/847 1017/1372/847
f 1009/1718/848 1017/1372/848 1018/1719/848
f 1009/1718/849 1019/1720/849 1011/1721/849
f 1011/1721/850 1020/1722/850 1013/1723/850
f 1013/1723/851 1015/1716/851 1003/1724/851
f 1022/1725/852 1026/1726/852 1021/1727/852
f 1013/1728/844 1021/1713/844 1026/1729/844
f 1011/1730/853 1024/1731/853 1009/1732/853
f 1007/1733/659 1022/1734/659 1005/1735/659
f 1011/1730/672 1026/1736/672 1025/1737/672
f 1007/1733/854 1024/1738/854 1023/1739/854
f 1014/1707/855 1010/1740/855 1008/1708/855
f 1026/1726/852 1024/1741/852 1025/1742/852
f 1006/1706/911 1028/1743/911 1004/1744/911
f 1006/1706/902 1029/1745/902 1027/1746/902
f 1008/1708/858 1030/1747/858 1029/1745/858
f 1012/1748/866 1030/1747/866 1010/1740/866
f 1014/1707/860 1031/1749/860 1012/1748/860
f 1014/1707/867 1028/1743/867 1032/1750/867
f 1058/1751/845 1046/1752/845 1045/1753/845
f 1057/1754/659 1047/1755/659 1046/1756/659
f 1047/1755/912 1060/1757/912 1048/1758/912
f 1060/1759/913 1049/1760/913 1048/1761/913
f 1036/1762/855 1044/1763/855 1038/1764/855
f 1061/1765/672 1050/1766/672 1049/1760/672
f 1062/1767/844 1045/1753/844 1050/1768/844
f 1035/1769/845 1051/1770/845 1033/1771/845
f 1035/1772/846 1045/1773/846 1046/1774/846
f 1037/1775/847 1046/1774/847 1047/1776/847
f 1039/1777/914 1047/1776/914 1048/1778/914
f 1039/1777/849 1049/1779/849 1041/1780/849
f 1041/1780/850 1050/1781/850 1043/1782/850
f 1033/1783/851 1050/1781/851 1045/1773/851
f 1051/1784/852 1053/1785/852 1056/1786/852
f 1043/1787/844 1051/1770/844 1056/1788/844
f 1041/1789/853 1054/1790/853 1039/1419/853
f 1037/1791/659 1052/1792/659 1035/1793/659
f 1041/1789/672 1056/1794/672 1055/1795/672
f 1037/1791/854 1054/1796/854 1053/1797/854
f 1038/1764/855 1042/1798/855 1040/1799/855
f 1056/1786/852 1054/1800/852 1055/1801/852
f 1036/1762/911 1058/1802/911 1034/1803/911
f 1038/1764/902 1057/1804/902 1036/1762/902
f 1040/1799/858 1059/1805/858 1038/1764/858
f 1042/1798/866 1060/1806/866 1040/1799/866
f 1044/1763/860 1061/1807/860 1042/1798/860
f 1044/1763/867 1058/1802/867 1062/1808/867
f 1075/1809/915 1087/1810/915 1076/1811/915
f 1076/1812/659 1089/1813/659 1077/1814/659
f 1089/1813/854 1078/1815/854 1077/1814/854
f 1090/1816/853 1079/1817/853 1078/1818/853
f 1066/1819/916 1074/1820/916 1068/1821/916
f 1091/1822/672 1080/1823/672 1079/1817/672
f 1080/1824/844 1088/1825/844 1075/1809/844
f 1065/1826/845 1081/1827/845 1063/1828/845
f 1063/1829/917 1076/1781/917 1065/1830/917
f 1065/1830/847 1077/1779/847 1067/1831/847
f 1067/1831/848 1078/1832/848 1069/1833/848
f 1069/1833/849 1079/1603/849 1071/1834/849
f 1073/1835/850 1079/1603/850 1080/1836/850
f 1073/1835/918 1075/1837/918 1063/1829/918
f 1081/1838/852 1083/1839/852 1086/1840/852
f 1073/1841/844 1081/1827/844 1086/1842/844
f 1069/1843/853 1085/1844/853 1084/1845/853
f 1067/1846/659 1082/1847/659 1065/1848/659
f 1071/1849/672 1086/1850/672 1085/1844/672
f 1069/1851/854 1083/1852/854 1067/1846/854
f 1068/1821/919 1072/1853/919 1070/1854/919
f 1086/1840/852 1084/1855/852 1085/1437/852
f 1066/1819/920 1088/1856/920 1064/1857/920
f 1068/1821/921 1087/1858/921 1066/1819/921
f 1070/1854/922 1089/1859/922 1068/1821/922
f 1070/1854/923 1091/1860/923 1090/1861/923
f 1074/1820/924 1091/1860/924 1072/1853/924
f 1064/1857/925 1092/1862/925 1074/1820/925
f 1118/1863/845 1106/1864/845 1105/1865/845
f 1106/1866/659 1119/1867/659 1107/1868/659
f 1107/1868/854 1120/1869/854 1108/1870/854
f 1120/1871/853 1109/1872/853 1108/1873/853
f 1094/1874/926 1098/1875/926 1096/1876/926
f 1121/1877/672 1110/1878/672 1109/1872/672
f 1110/1879/844 1118/1863/844 1105/1865/844
f 1095/1880/845 1111/1881/845 1093/1882/845
f 1095/1883/917 1105/1371/917 1106/1884/917
f 1095/1883/847 1107/1885/847 1097/1886/847
f 1097/1886/848 1108/1887/848 1099/1888/848
f 1099/1888/849 1109/1889/849 1101/1890/849
f 1103/1891/850 1109/1889/850 1110/1892/850
f 1093/1893/918 1110/1892/918 1105/1371/918
f 1111/1894/852 1113/1726/852 1116/1895/852
f 1103/1896/844 1111/1881/844 1116/1897/844
f 1101/1898/853 1114/1899/853 1099/1680/853
f 1097/1900/659 1112/1901/659 1095/1902/659
f 1101/1898/672 1116/1903/672 1115/1904/672
f 1097/1900/854 1114/1905/854 1113/1906/854
f 1098/1875/919 1102/1907/919 1100/1908/919
f 1116/1895/852 1114/1909/852 1115/1910/852
f 1094/1874/927 1117/1911/927 1118/1912/927
f 1098/1875/928 1117/1911/928 1096/1876/928
f 1100/1908/922 1119/1913/922 1098/1875/922
f 1100/1908/923 1121/1914/923 1120/1915/923
f 1104/1916/924 1121/1914/924 1102/1907/924
f 1094/1874/925 1122/1917/925 1104/1916/925
f 1148/1918/874 1136/1919/874 1135/1920/874
f 1136/1921/659 1149/1922/659 1137/1923/659
f 1149/1922/870 1138/1924/870 1137/1923/870
f 1138/1925/871 1151/1926/871 1139/1927/871
f 1126/1928/929 1134/1929/929 1128/1930/929
f 1151/1926/672 1140/1931/672 1139/1927/672
f 1140/1932/873 1148/1918/873 1135/1920/873
f 1125/1933/874 1141/1934/874 1123/1935/874
f 1123/1936/875 1136/1667/875 1125/1937/875
f 1127/1938/876 1136/1667/876 1137/1665/876
f 1127/1938/930 1138/1716/930 1129/1939/930
f 1131/1940/878 1138/1716/878 1139/1941/878
f 1131/1940/879 1140/1942/879 1133/1943/879
f 1123/1936/880 1140/1942/880 1135/1944/880
f 1142/1945/881 1146/1946/881 1141/1947/881
f 1123/1935/873 1146/1948/873 1133/1949/873
f 1131/1950/871 1144/1951/871 1129/1952/871
f 1125/1953/659 1143/1954/659 1142/1955/659
f 1133/1956/672 1145/1564/672 1131/1950/672
f 1127/1957/870 1144/1958/870 1143/1954/870
f 1134/1929/931 1130/1959/931 1128/1930/931
f 1143/1960/881 1145/1961/881 1146/1946/881
f 1124/1962/932 1147/1963/932 1148/1964/932
f 1126/1928/933 1149/1965/933 1147/1963/933
f 1130/1959/934 1149/1965/934 1128/1930/934
f 1130/1959/909 1151/1966/909 1150/1967/909
f 1132/1968/935 1152/1969/935 1151/1966/935
f 1134/1929/936 1148/1964/936 1152/1969/936
f 1178/1970/937 1166/1971/937 1165/1972/937
f 1166/1973/659 1179/1974/659 1167/1975/659
f 1167/1975/854 1180/1976/854 1168/1977/854
f 1180/1978/853 1169/1979/853 1168/1980/853
f 1154/1981/938 1158/1982/938 1156/1983/938
f 1181/1984/672 1170/1985/672 1169/1979/672
f 1170/1986/939 1178/1970/939 1165/1972/939
f 1155/1987/845 1171/1988/845 1153/1989/845
f 1155/1990/940 1165/1991/940 1166/1992/940
f 1157/1993/847 1166/1992/847 1167/1994/847
f 1159/1995/848 1167/1994/848 1168/1996/848
f 1159/1995/849 1169/1997/849 1161/1998/849
f 1161/1998/850 1170/1999/850 1163/2000/850
f 1163/2000/941 1165/1991/941 1153/2001/941
f 1171/2002/852 1173/2003/852 1176/2004/852
f 1153/1989/844 1176/2005/844 1163/2006/844
f 1161/2007/853 1174/2008/853 1159/2009/853
f 1157/2010/659 1172/2011/659 1155/2012/659
f 1161/2007/672 1176/2013/672 1175/2014/672
f 1159/2015/854 1173/2016/854 1157/2010/854
f 1158/1982/919 1162/2017/919 1160/2018/919
f 1176/2004/852 1174/1553/852 1175/2019/852
f 1156/1983/942 1178/2020/942 1154/1981/942
f 1156/1983/943 1179/2021/943 1177/2022/943
f 1160/2018/922 1179/2021/922 1158/1982/922
f 1160/2018/923 1181/2023/923 1180/2024/923
f 1164/2025/924 1181/2023/924 1162/2017/924
f 1154/1981/944 1182/2026/944 1164/2025/944
f 1208/2027/874 1196/2028/874 1195/2029/874
f 1196/2030/659 1209/2031/659 1197/2032/659
f 1209/2031/870 1198/2033/870 1197/2032/870
f 1210/2034/871 1199/2035/871 1198/2036/871
f 1186/2037/904 1194/2038/904 1188/2039/904
f 1211/2040/672 1200/2041/672 1199/2035/672
f 1200/2042/873 1208/2027/873 1195/2029/873
f 1183/2043/874 1202/1449/874 1201/2044/874
f 1185/2045/875 1195/2046/875 1196/2047/875
f 1185/2045/876 1197/2048/876 1187/2049/876
f 1187/2049/877 1198/2050/877 1189/2051/877
f 1191/2052/945 1198/2050/945 1199/2053/945
f 1191/2052/879 1200/2054/879 1193/2055/879
f 1193/2055/880 1195/2046/880 1183/2056/880
f 1201/2057/881 1203/2058/881 1206/2059/881
f 1183/2043/873 1206/2060/873 1193/2061/873
f 1191/2062/871 1204/2063/871 1189/2064/871
f 1187/2065/659 1202/2066/659 1185/2067/659
f 1191/2062/672 1206/2068/672 1205/2069/672
f 1187/2065/870 1204/2070/870 1203/2071/870
f 1188/2039/946 1192/2072/946 1190/2073/946
f 1206/2059/881 1204/2074/881 1205/2075/881
f 1186/2037/906 1208/2076/906 1184/2077/906
f 1188/2039/907 1207/2078/907 1186/2037/907
f 1190/2073/947 1209/2079/947 1188/2039/947
f 1190/2073/948 1211/2080/948 1210/2081/948
f 1192/2072/887 1212/2082/887 1211/2080/887
f 1194/2038/910 1208/2076/910 1212/2082/910
f 1238/2083/874 1226/2084/874 1225/2085/874
f 1226/2086/659 1239/2087/659 1227/2088/659
f 1239/2087/870 1228/2089/870 1227/2088/870
f 1240/2090/871 1229/2091/871 1228/2092/871
f 1214/2093/949 1218/2094/949 1216/2095/949
f 1241/2096/672 1230/2097/672 1229/2091/672
f 1230/2098/873 1238/2083/873 1225/2085/873
f 1215/2099/874 1231/2100/874 1213/2101/874
f 1213/2102/875 1226/2103/875 1215/2104/875
f 1217/2105/876 1226/2103/876 1227/2106/876
f 1219/2107/877 1227/2106/877 1228/1542/877
f 1219/2107/905 1229/2108/905 1221/2109/905
f 1221/2109/879 1230/2110/879 1223/2111/879
f 1213/2102/880 1230/2110/880 1225/2112/880
f 1232/2113/881 1236/2114/881 1231/2115/881
f 1223/2116/873 1231/2100/873 1236/2117/873
f 1219/2118/871 1235/2119/871 1234/2120/871
f 1217/2121/659 1232/2122/659 1215/2123/659
f 1221/2124/672 1236/2125/672 1235/2119/672
f 1219/2126/870 1233/2127/870 1217/2121/870
f 1224/2128/904 1220/2129/904 1218/2094/904
f 1233/2130/881 1235/2131/881 1236/2114/881
f 1216/2095/950 1238/2132/950 1214/2093/950
f 1216/2095/951 1239/2133/951 1237/2134/951
f 1220/2129/908 1239/2133/908 1218/2094/908
f 1220/2129/909 1241/2135/909 1240/2136/909
f 1224/2128/887 1241/2135/887 1222/2137/887
f 1214/2093/910 1242/2138/910 1224/2128/910
f 1268/2139/952 1256/2140/952 1255/2141/952
f 1267/2142/659 1257/2143/659 1256/2140/659
f 1257/2143/953 1270/2144/953 1258/2145/953
f 1270/2144/954 1259/2146/954 1258/2145/954
f 1244/2147/955 1248/2148/955 1246/2149/955
f 1259/2146/672 1272/2150/672 1260/2151/672
f 1260/2151/956 1268/2152/956 1255/2153/956
f 1245/2154/952 1261/2155/952 1243/2155/952
f 1243/2155/957 1256/2156/957 1245/2154/957
f 1247/2157/958 1256/2156/958 1257/2158/958
f 1249/2159/959 1257/2158/959 1258/2160/959
f 1249/2159/960 1259/2161/960 1251/2162/960
f 1251/2162/961 1260/2163/961 1253/2164/961
f 1243/2155/962 1260/2163/962 1255/2165/962
f 1262/2154/963 1266/2164/963 1261/2155/963
f 1253/2164/956 1261/2155/956 1266/2164/956
f 1249/2159/954 1265/2162/954 1264/2159/954
f 1245/2154/659 1263/2157/659 1262/2154/659
f 1253/2164/672 1265/2162/672 1251/2162/672
f 1249/2159/953 1263/2157/953 1247/2157/953
f 1254/2166/955 1250/2167/955 1248/2148/955
f 1263/2157/963 1265/2162/963 1266/2164/963
f 1246/2149/964 1268/2168/964 1244/2147/964
f 1248/2148/965 1267/2169/965 1246/2149/965
f 1248/2148/966 1270/2170/966 1269/2171/966
f 1252/2172/967 1270/2170/967 1250/2167/967
f 1252/2172/968 1272/2173/968 1271/2174/968
f 1254/2166/969 1268/2168/969 1272/2173/969
f 1298/2139/970 1286/2140/970 1285/2141/970
f 1286/2140/659 1299/2175/659 1287/2143/659
f 1299/2175/971 1288/2145/971 1287/2143/971
f 1288/2145/972 1301/2176/972 1289/2146/972
f 1274/2147/973 1278/2148/973 1276/2149/973
f 1301/2176/672 1290/2151/672 1289/2146/672
f 1290/2151/974 1298/2152/974 1285/2153/974
f 1273/2155/975 1292/2154/975 1291/2155/975
f 1275/2154/976 1285/2165/976 1286/2156/976
f 1275/2154/977 1287/2158/977 1277/2157/977
f 1277/2157/978 1288/2160/978 1279/2159/978
f 1281/2162/979 1288/2160/979 1289/2161/979
f 1281/2162/980 1290/2163/980 1283/2164/980
f 1283/2164/981 1285/2165/981 1273/2155/981
f 1291/2155/982 1293/2157/982 1296/2164/982
f 1273/2155/983 1296/2164/983 1283/2164/983
f 1279/2159/972 1295/2162/972 1294/2159/972
f 1277/2157/659 1292/2154/659 1275/2154/659
f 1281/2162/672 1296/2164/672 1295/2162/672
f 1279/2159/971 1293/2157/971 1277/2157/971
f 1278/2148/984 1282/2172/984 1280/2167/984
f 1296/2164/982 1294/2159/982 1295/2162/982
f 1274/2147/985 1297/2169/985 1298/2168/985
f 1276/2149/986 1299/2171/986 1297/2169/986
f 1280/2167/987 1299/2171/987 1278/2148/987
f 1280/2167/988 1301/2174/988 1300/2170/988
f 1284/2166/989 1301/2174/989 1282/2172/989
f 1274/2147/990 1302/2173/990 1284/2166/990
f 1328/2139/991 1316/2140/991 1315/2141/991
f 1327/2142/659 1317/2143/659 1316/2140/659
f 1329/2175/992 1318/2145/992 1317/2143/992
f 1318/2145/993 1331/2176/993 1319/2146/993
f 1306/2149/994 1314/2166/994 1308/2148/994
f 1319/2146/672 1332/2150/672 1320/2151/672
f 1320/2151/995 1328/2152/995 1315/2153/995
f 1303/2155/970 1322/2154/970 1321/2155/970
f 1303/2155/976 1316/2156/976 1305/2154/976
f 1305/2154/977 1317/2158/977 1307/2157/977
f 1307/2157/996 1318/2160/996 1309/2159/996
f 1311/2162/979 1318/2160/979 1319/2161/979
f 1313/2164/980 1319/2161/980 1320/2163/980
f 1303/2155/997 1320/2163/997 1315/2165/997
f 1321/2155/982 1323/2157/982 1326/2164/982
f 1303/2155/974 1326/2164/974 1313/2164/974
f 1309/2159/972 1325/2162/972 1324/2159/972
f 1305/2154/659 1323/2157/659 1322/2154/659
f 1313/2164/672 1325/2162/672 1311/2162/672
f 1309/2159/971 1323/2157/971 1307/2157/971
f 1314/2166/994 1310/2167/994 1308/2148/994
f 1323/2157/982 1325/2162/982 1326/2164/982
f 1304/2147/998 1327/2169/998 1328/2168/998
f 1306/2149/999 1329/2171/999 1327/2169/999
f 1308/2148/1000 1330/2170/1000 1329/2171/1000
f 1310/2167/988 1331/2174/988 1330/2170/988
f 1314/2166/1001 1331/2174/1001 1312/2172/1001
f 1304/2147/1002 1332/2173/1002 1314/2166/1002
f 1358/2139/991 1346/2140/991 1345/2141/991
f 1346/2140/659 1359/2175/659 1347/2143/659
f 1347/2143/971 1360/2144/971 1348/2145/971
f 1360/2144/972 1349/2146/972 1348/2145/972
f 1334/2147/994 1338/2148/994 1336/2149/994
f 1349/2146/672 1362/2150/672 1350/2151/672
f 1350/2151/995 1358/2152/995 1345/2153/995
f 1335/2154/970 1351/2155/970 1333/2155/970
f 1333/2155/976 1346/2156/976 1335/2154/976
f 1337/2157/977 1346/2156/977 1347/2158/977
f 1339/2159/978 1347/2158/978 1348/2160/978
f 1339/2159/1003 1349/2161/1003 1341/2162/1003
f 1341/2162/980 1350/2163/980 1343/2164/980
f 1333/2155/997 1350/2163/997 1345/2165/997
f 1352/2154/982 1356/2164/982 1351/2155/982
f 1343/2164/974 1351/2155/974 1356/2164/974
f 1339/2159/972 1355/2162/972 1354/2159/972
f 1335/2154/659 1353/2157/659 1352/2154/659
f 1343/2164/672 1355/2162/672 1341/2162/672
f 1339/2159/971 1353/2157/971 1337/2157/971
f 1344/2166/994 1340/2167/994 1338/2148/994
f 1356/2164/982 1354/2159/982 1355/2162/982
f 1334/2147/998 1357/2169/998 1358/2168/998
f 1336/2149/999 1359/2171/999 1357/2169/999
f 1338/2148/1000 1360/2170/1000 1359/2171/1000
f 1342/2172/988 1360/2170/988 1340/2167/988
f 1344/2166/1001 1361/2174/1001 1342/2172/1001
f 1344/2166/1004 1358/2168/1004 1362/2173/1004
f 1388/2139/952 1376/2140/952 1375/2141/952
f 1376/2140/659 1389/2175/659 1377/2143/659
f 1377/2143/953 1390/2144/953 1378/2145/953
f 1390/2144/954 1379/2146/954 1378/2145/954
f 1366/2149/1005 1374/2166/1005 1368/2148/1005
f 1391/2176/672 1380/2151/672 1379/2146/672
f 1380/2151/956 1388/2152/956 1375/2153/956
f 1363/2155/952 1382/2154/952 1381/2155/952
f 1365/2154/957 1375/2165/957 1376/2156/957
f 1367/2157/958 1376/2156/958 1377/2158/958
f 1369/2159/959 1377/2158/959 1378/2160/959
f 1369/2159/960 1379/2161/960 1371/2162/960
f 1371/2162/961 1380/2163/961 1373/2164/961
f 1373/2164/962 1375/2165/962 1363/2155/962
f 1382/2154/963 1386/2164/963 1381/2155/963
f 1363/2155/956 1386/2164/956 1373/2164/956
f 1371/2162/954 1384/2159/954 1369/2159/954
f 1367/2157/659 1382/2154/659 1365/2154/659
f 1371/2162/672 1386/2164/672 1385/2162/672
f 1367/2157/953 1384/2159/953 1383/2157/953
f 1368/2148/1006 1372/2172/1006 1370/2167/1006
f 1383/2157/963 1385/2162/963 1386/2164/963
f 1364/2147/1007 1387/2169/1007 1388/2168/1007
f 1366/2149/1008 1389/2171/1008 1387/2169/1008
f 1370/2167/1009 1389/2171/1009 1368/2148/1009
f 1370/2167/967 1391/2174/967 1390/2170/967
f 1374/2166/1010 1391/2174/1010 1372/2172/1010
f 1364/2147/1011 1392/2173/1011 1374/2166/1011
f 1405/2141/1012 1417/2142/1012 1406/2140/1012
f 1406/2140/1013 1419/2175/1013 1407/2143/1013
f 1419/2175/1014 1408/2145/1014 1407/2143/1014
f 1420/2144/1015 1409/2146/1015 1408/2145/1015
f 1394/2147/1016 1398/2148/1016 1396/2149/1016
f 1421/2176/1017 1410/2151/1017 1409/2146/1017
f 1410/2151/1018 1418/2152/1018 1405/2153/1018
f 1393/2155/1012 1412/2154/1012 1411/2155/1012
f 1393/2155/1019 1406/2156/1019 1395/2154/1019
f 1397/2157/1020 1406/2156/1020 1407/2158/1020
f 1399/2159/1021 1407/2158/1021 1408/2160/1021
f 1401/2162/1022 1408/2160/1022 1409/2161/1022
f 1403/2164/1023 1409/2161/1023 1410/2163/1023
f 1403/2164/1024 1405/2165/1024 1393/2155/1024
f 1412/2154/1025 1416/2164/1025 1411/2155/1025
f 1393/2155/1018 1416/2164/1018 1403/2164/1018
f 1399/2159/1026 1415/2162/1026 1414/2159/1026
f 1395/2154/1027 1413/2157/1027 1412/2154/1027
f 1401/2162/1017 1416/2164/1017 1415/2162/1017
f 1399/2159/1028 1413/2157/1028 1397/2157/1028
f 1404/2166/1029 1400/2167/1029 1398/2148/1029
f 1416/2164/1030 1414/2159/1030 1415/2162/1030
f 1396/2149/1031 1418/2168/1031 1394/2147/1031
f 1396/2149/1032 1419/2171/1032 1417/2169/1032
f 1400/2167/1033 1419/2171/1033 1398/2148/1033
f 1400/2167/1034 1421/2174/1034 1420/2170/1034
f 1404/2166/1035 1421/2174/1035 1402/2172/1035
f 1394/2147/1036 1422/2173/1036 1404/2166/1036
f 1435/2141/952 1447/2142/952 1436/2140/952
f 1436/2140/659 1449/2175/659 1437/2143/659
f 1449/2175/953 1438/2145/953 1437/2143/953
f 1438/2145/954 1451/2176/954 1439/2146/954
f 1426/2149/955 1434/2166/955 1428/2148/955
f 1439/2146/672 1452/2150/672 1440/2151/672
f 1452/2150/956 1435/2153/956 1440/2151/956
f 1425/2154/952 1441/2155/952 1423/2155/952
f 1423/2155/957 1436/2156/957 1425/2154/957
f 1425/2154/958 1437/2158/958 1427/2157/958
f 1427/2157/1037 1438/2160/1037 1429/2159/1037
f 1431/2162/960 1438/2160/960 1439/2161/960
f 1433/2164/961 1439/2161/961 1440/2163/961
f 1433/2164/962 1435/2165/962 1423/2155/962
f 1441/2155/963 1443/2157/963 1446/2164/963
f 1433/2164/956 1441/2155/956 1446/2164/956
f 1429/2159/954 1445/2162/954 1444/2159/954
f 1425/2154/659 1443/2157/659 1442/2154/659
f 1433/2164/672 1445/2162/672 1431/2162/672
f 1429/2159/953 1443/2157/953 1427/2157/953
f 1428/2148/955 1432/2172/955 1430/2167/955
f 1446/2164/963 1444/2159/963 1445/2162/963
f 1426/2149/964 1448/2168/964 1424/2147/964
f 1426/2149/1038 1449/2171/1038 1447/2169/1038
f 1428/2148/966 1450/2170/966 1449/2171/966
f 1430/2167/967 1451/2174/967 1450/2170/967
f 1432/2172/1039 1452/2173/1039 1451/2174/1039
f 1434/2166/1040 1448/2168/1040 1452/2173/1040
f 1478/2139/991 1466/2140/991 1465/2141/991
f 1477/2142/659 1467/2143/659 1466/2140/659
f 1467/2143/971 1480/2144/971 1468/2145/971
f 1480/2144/972 1469/2146/972 1468/2145/972
f 1456/2149/1041 1464/2166/1041 1458/2148/1041
f 1469/2146/672 1482/2150/672 1470/2151/672
f 1470/2151/995 1478/2152/995 1465/2153/995
f 1455/2154/970 1471/2155/970 1453/2155/970
f 1453/2155/976 1466/2156/976 1455/2154/976
f 1457/2157/977 1466/2156/977 1467/2158/977
f 1459/2159/978 1467/2158/978 1468/2160/978
f 1461/2162/1003 1468/2160/1003 1469/2161/1003
f 1461/2162/980 1470/2163/980 1463/2164/980
f 1453/2155/997 1470/2163/997 1465/2165/997
f 1472/2154/982 1476/2164/982 1471/2155/982
f 1453/2155/974 1476/2164/974 1463/2164/974
f 1459/2159/972 1475/2162/972 1474/2159/972
f 1455/2154/659 1473/2157/659 1472/2154/659
f 1463/2164/672 1475/2162/672 1461/2162/672
f 1459/2159/971 1473/2157/971 1457/2157/971
f 1464/2166/1042 1460/2167/1042 1458/2148/1042
f 1476/2164/982 1474/2159/982 1475/2162/982
f 1456/2149/998 1478/2168/998 1454/2147/998
f 1456/2149/999 1479/2171/999 1477/2169/999
f 1458/2148/1000 1480/2170/1000 1479/2171/1000
f 1462/2172/988 1480/2170/988 1460/2167/988
f 1464/2166/1043 1481/2174/1043 1462/2172/1043
f 1454/2147/1044 1482/2173/1044 1464/2166/1044
f 1508/2139/1045 1496/2140/1045 1495/2141/1045
f 1496/2140/659 1509/2175/659 1497/2143/659
f 1497/2143/971 1510/2144/971 1498/2145/971
f 1498/2145/1046 1511/2176/1046 1499/2146/1046
f 1486/2149/1047 1494/2166/1047 1488/2148/1047
f 1511/2176/1048 1500/2151/1048 1499/2146/1048
f 1512/2150/1049 1495/2153/1049 1500/2151/1049
f 1483/2155/970 1502/2154/970 1501/2155/970
f 1485/2154/1050 1495/2165/1050 1496/2156/1050
f 1487/2157/977 1496/2156/977 1497/2158/977
f 1489/2159/978 1497/2158/978 1498/2160/978
f 1491/2162/1003 1498/2160/1003 1499/2161/1003
f 1491/2162/980 1500/2163/980 1493/2164/980
f 1493/2164/1051 1495/2165/1051 1483/2155/1051
f 1501/2155/982 1503/2157/982 1506/2164/982
f 1483/2155/974 1506/2164/974 1493/2164/974
f 1491/2162/972 1504/2159/972 1489/2159/972
f 1487/2157/659 1502/2154/659 1485/2154/659
f 1491/2162/672 1506/2164/672 1505/2162/672
f 1489/2159/971 1503/2157/971 1487/2157/971
f 1488/2148/1052 1492/2172/1052 1490/2167/1052
f 1506/2164/982 1504/2159/982 1505/2162/982
f 1484/2147/985 1507/2169/985 1508/2168/985
f 1486/2149/986 1509/2171/986 1507/2169/986
f 1490/2167/1053 1509/2171/1053 1488/2148/1053
f 1490/2167/1054 1511/2174/1054 1510/2170/1054
f 1494/2166/989 1511/2174/989 1492/2172/989
f 1484/2147/1055 1512/2173/1055 1494/2166/1055
f 760/1126/1056 754/1321/1056 562/1127/1056
f 540/1129/641 577/1129/641 579/1130/641
f 782/1131/1057 564/1290/1057 552/1132/1057
f 596/1134/1058 561/2177/1058 549/1135/1058
f 800/1137/644 541/1302/644 682/1138/644
f 807/1140/1059 538/1285/1059 720/1141/1059
f 604/1143/1060 597/1245/1060 545/1144/1060
f 783/1146/1061 548/1256/1061 557/1147/1061
f 686/1149/648 683/1193/648 568/1150/648
f 762/1152/1062 758/1255/1062 566/1153/1062
f 630/1155/747 599/1136/747 549/1135/747
f 784/1133/1063 552/1132/1063 621/1157/1063
f 696/1159/1064 572/1160/1064 590/1160/1064
f 769/1161/1065 760/1126/1065 565/1128/1065
f 780/1163/1066 761/1166/1066 651/1164/1066
f 762/1152/1067 553/1154/1067 651/1164/1067
f 738/1167/1068 728/1168/1068 658/1168/1068
f 686/1149/657 555/1151/657 654/1169/657
f 785/1171/1069 558/1174/1069 741/1172/1069
f 786/1148/659 557/1147/659 558/1174/659
f 603/1175/1070 559/1178/1070 742/1176/1070
f 603/1175/1071 604/1143/1071 560/1145/1071
f 765/1179/1072 678/1282/1072 562/1180/1072
f 679/1182/1073 564/1290/1073 782/1131/1073
f 677/1184/664 561/1340/664 596/1185/664
f 587/1187/1074 566/1153/1074 619/1162/1074
f 624/1189/1075 586/1197/1075 567/1190/1075
f 588/1192/667 568/1150/667 683/1193/667
f 585/1195/668 565/1128/668 562/1127/668
f 586/1197/1076 676/1291/1076 544/1198/1076
f 540/1129/670 678/1196/670 675/1199/670
f 551/1201/1077 586/1197/1077 684/1202/1077
f 550/1130/670 585/1195/670 678/1196/670
f 563/1204/1078 676/1291/1078 586/1197/1078
f 574/1205/672 576/1206/672 584/1206/672
f 688/1207/673 563/1204/673 578/1204/673
f 551/1201/674 580/1201/674 578/1204/674
f 608/1208/675 550/1130/675 579/1130/675
f 573/1209/676 577/1129/676 609/1200/676
f 576/1206/670 580/1201/670 691/1203/670
f 573/1209/670 575/1215/670 579/1130/670
f 574/1205/670 578/1204/670 580/1201/670
f 694/1212/676 582/2178/676 584/1213/676
f 575/1215/677 583/1215/677 614/1216/677
f 573/1209/659 581/1209/659 583/1215/659
f 574/1205/678 582/1205/678 694/1217/678
f 571/1218/679 585/1195/679 600/1219/679
f 546/1221/1079 587/1187/1079 623/1188/1079
f 572/1160/1080 586/1197/1080 624/1189/1080
f 547/1224/679 588/1192/679 687/1194/679
f 708/1226/1081 698/1159/1081 590/1160/1081
f 616/1227/1082 546/1221/1082 591/1221/1082
f 625/1222/683 571/1218/683 631/1218/683
f 626/1223/1083 547/1224/1083 592/1224/1083
f 616/1227/1084 618/1227/1084 699/1225/1084
f 617/1228/659 629/1229/659 638/1229/659
f 546/1221/1085 616/1227/1085 606/1230/1085
f 696/1159/679 615/1220/679 600/1219/679
f 611/1210/678 613/1210/678 581/1209/678
f 612/1216/677 614/1216/677 695/1211/677
f 581/1231/676 613/1292/676 614/1232/676
f 575/1215/670 612/1216/670 610/1208/670
f 692/1217/676 611/1210/676 609/1200/676
f 608/1208/675 610/1208/675 691/1203/675
f 607/1200/673 609/1200/673 577/1129/673
f 550/1130/670 608/1208/670 600/1219/670
f 688/1207/670 607/1200/670 675/1199/670
f 587/1187/1086 606/1230/1086 598/1235/1086
f 706/1236/1087 680/1186/1087 596/1185/1087
f 704/1238/1088 705/1244/1088 604/1143/1088
f 750/1239/660 704/1238/660 603/1175/660
f 553/1154/1089 602/1243/1089 656/1240/1089
f 727/1241/691 660/1241/691 658/1168/691
f 615/1220/692 632/1220/692 631/1218/692
f 707/1242/1090 703/1252/1090 599/1136/1090
f 553/1154/1091 566/1153/1091 598/1235/1091
f 705/1244/1092 702/1253/1092 597/1245/1092
f 776/1246/1093 717/1247/1093 726/1247/1093
f 789/1248/644 595/1293/644 537/1249/644
f 701/1251/1094 596/1134/1094 599/1136/1094
f 707/1242/1095 630/1155/1095 597/1245/1095
f 591/1221/679 633/1222/679 634/1254/679
f 626/1223/1096 628/1223/1096 590/1160/1096
f 625/1222/683 633/1222/683 591/1221/683
f 699/1225/1097 708/1226/1097 628/1223/1097
f 547/1224/679 626/1223/679 624/1189/679
f 571/1218/679 625/1222/679 623/1188/679
f 588/1192/1098 624/1189/1098 620/1191/1098
f 623/1188/704 619/1162/704 565/1128/704
f 758/1255/1099 769/1161/1099 619/1162/1099
f 790/1158/1100 621/1157/1100 548/1256/1100
f 597/1245/1101 630/1155/1101 622/1156/1101
f 589/1257/679 631/1218/679 632/1220/679
f 627/1258/679 633/1222/679 631/1218/679
f 617/1228/679 632/1220/679 634/1254/679
f 629/1229/679 634/1254/679 633/1222/679
f 642/1229/708 640/1228/708 648/1228/708
f 617/1228/709 636/1228/709 635/1257/709
f 629/1229/710 627/1258/710 637/1258/710
f 627/1258/672 589/1257/672 635/1257/672
f 641/1258/1102 639/1257/1102 640/1228/1102
f 637/1258/1103 635/1257/1103 643/1257/1103
f 637/1258/713 645/1258/713 646/1229/713
f 641/1258/1104 649/1258/1104 647/1257/1104
f 645/1258/1105 649/1258/1105 650/1229/1105
f 643/1257/1106 647/1257/1106 649/1258/1106
f 646/1229/659 650/1229/659 648/1228/659
f 644/1228/709 648/1228/709 647/1257/709
f 640/1228/717 639/1257/717 647/1257/717
f 636/1228/718 638/1229/718 646/1229/718
f 642/1229/1107 650/1229/1107 649/1258/1107
f 636/1228/1108 644/1228/1108 643/1257/1108
f 539/1241/721 652/1261/721 739/1165/721
f 539/1241/721 593/1168/721 653/1260/721
f 664/1262/721 654/1169/721 740/1263/721
f 709/1265/721 663/1269/721 656/1240/721
f 543/1266/721 655/1304/721 700/1267/721
f 665/1268/1109 651/1164/1109 656/1240/1109
f 749/1270/1110 711/1265/1110 667/1262/1110
f 668/1268/1111 666/1269/1111 746/1272/1111
f 729/1266/1112 662/1266/1112 748/1271/1112
f 731/1268/1113 668/1268/1113 747/1273/1113
f 714/1274/1114 657/1269/1114 670/1269/1114
f 661/1275/1115 673/1275/1115 735/1275/1115
f 713/1274/728 601/1269/728 663/1269/728
f 554/1276/728 665/1268/728 663/1269/728
f 661/1275/1116 667/1262/1116 711/1265/1116
f 657/1269/1117 666/1269/1117 668/1268/1117
f 556/1275/1118 664/1262/1118 730/1262/1118
f 659/1276/1119 668/1268/1119 731/1268/1119
f 736/1276/728 734/1269/728 670/1269/728
f 735/1275/728 673/1275/728 716/1274/728
f 556/1275/721 671/1275/721 715/1277/721
f 554/1276/659 672/1276/659 736/1276/659
f 659/1276/1120 674/1276/1120 670/1269/1120
f 601/1269/721 669/1269/721 672/1276/721
f 570/1278/1121 676/1291/1121 681/1279/1121
f 771/1281/1122 569/1286/1122 678/1282/1122
f 542/1283/1123 679/1182/1123 787/1183/1123
f 538/1285/738 677/1184/738 680/1186/738
f 569/1286/739 719/1289/739 675/1287/739
f 720/1141/1124 680/1186/1124 706/1236/1124
f 542/1283/1125 721/1288/1125 706/1236/1125
f 722/1280/1126 681/1279/1126 675/1287/1126
f 713/1274/721 715/1277/721 669/1269/721
f 737/1274/728 716/1274/728 670/1269/728
f 714/1274/1127 711/1265/1127 666/1269/1127
f 556/1275/728 713/1274/728 709/1265/728
f 661/1275/1128 714/1274/1128 716/1274/1128
f 746/1272/1129 666/1269/1129 711/1265/1129
f 710/1167/721 700/1267/721 653/1260/721
f 664/1262/721 709/1265/721 685/1170/721
f 618/1227/1130 634/1254/1130 708/1226/1130
f 621/1157/747 707/1242/747 702/1253/747
f 552/1132/1131 564/1290/1131 701/1251/1131
f 791/1284/1132 792/1299/1132 721/1288/1132
f 557/1147/750 548/1256/750 702/1253/750
f 621/1157/1133 552/1132/1133 703/1252/1133
f 741/1172/660 558/1174/660 704/1238/660
f 557/1147/747 705/1244/747 704/1238/747
f 679/1182/1134 706/1236/1134 701/1237/1134
f 563/1204/670 688/1207/670 681/1234/670
f 689/1203/675 691/1203/675 580/1201/675
f 574/1205/676 692/1217/676 690/1207/676
f 693/1211/677 695/1211/677 584/1206/677
f 572/1160/679 696/1159/679 684/1202/679
f 697/1225/1135 699/1225/1135 592/1224/1135
f 632/1220/679 698/1159/679 708/1226/679
f 616/1227/1136 697/1225/1136 687/1194/1136
f 692/1217/678 694/1217/678 613/1210/678
f 613/1292/676 694/1212/676 695/1214/676
f 693/1211/670 691/1203/670 610/1208/670
f 607/1200/673 688/1207/673 690/1207/673
f 689/1203/670 684/1202/670 600/1219/670
f 606/1230/1137 687/1194/1137 683/1193/1137
f 656/1240/1138 602/1243/1138 686/1149/1138
f 729/1266/756 738/1167/756 712/1167/756
f 615/1220/692 696/1159/692 698/1159/692
f 598/1235/1139 683/1193/1139 686/1149/1139
f 789/1248/644 793/1139/644 682/1138/644
f 594/1294/1140 719/1289/1140 767/1295/1140
f 605/1297/1141 720/1141/1141 721/1288/1141
f 594/1294/1142 717/1247/1142 722/1280/1142
f 718/1298/1143 721/1288/1143 792/1299/1143
f 797/1300/1144 796/1301/1144 724/1297/1144
f 605/1297/1145 718/1298/1145 725/1298/1145
f 594/1294/1146 723/1294/1146 726/1247/1146
f 605/1297/659 724/1297/659 796/1301/659
f 543/1266/756 710/1167/756 738/1167/756
f 715/1277/728 737/1274/728 734/1269/728
f 733/1276/1147 736/1276/1147 674/1276/1147
f 671/1275/728 735/1275/728 737/1274/728
f 672/1276/728 669/1269/728 734/1269/728
f 554/1276/1148 733/1276/1148 731/1268/1148
f 661/1275/1149 732/1275/1149 730/1262/1149
f 732/1275/1150 735/1275/1150 671/1275/1150
f 665/1268/1151 731/1268/1151 751/1273/1151
f 543/1266/1152 729/1266/1152 752/1271/1152
f 539/1241/691 727/1241/691 728/1168/691
f 710/1167/691 593/1168/691 728/1168/691
f 745/1264/1153 752/1271/1153 730/1262/1153
f 744/1259/1154 751/1273/1154 727/1241/1154
f 541/1302/660 741/1172/660 750/1239/660
f 658/1168/1155 746/1272/1155 749/1270/1155
f 751/1273/1156 747/1273/1156 660/1241/1156
f 752/1271/1157 748/1271/1157 667/1262/1157
f 747/1273/1158 746/1272/1158 658/1168/1158
f 712/1167/1159 749/1270/1159 748/1271/1159
f 543/1266/721 745/1264/721 740/1263/721
f 665/1268/721 744/1259/721 739/1165/721
f 682/1303/660 750/1239/660 743/1177/660
f 743/1177/660 742/1176/660 537/1306/660
f 798/1173/1160 741/1172/1160 541/1302/1160
f 780/1163/1161 739/1165/1161 652/1261/1161
f 781/1308/1162 808/1324/1162 780/1163/1162
f 655/1304/1163 740/1263/1163 779/1309/1163
f 775/1296/1164 777/1296/1164 723/1294/1164
f 726/1247/1165 723/1294/1165 777/1296/1165
f 717/1247/1166 776/1246/1166 773/1311/1166
f 775/1296/1167 767/1295/1167 788/1142/1167
f 700/1312/644 774/1330/644 768/1313/644
f 722/1280/1168 773/1311/1168 772/1315/1168
f 570/1278/1169 772/1315/1169 766/1316/1169
f 769/1161/788 818/1161/788 814/1126/788
f 620/1191/1170 770/1327/1170 757/1317/1170
f 807/1140/1171 819/1140/1171 815/1318/1171
f 653/1314/644 768/1313/644 753/1319/644
f 795/1300/1172 776/1246/1172 778/1246/1172
f 766/1316/1173 756/1343/1173 544/1198/1173
f 760/1126/1174 814/1126/1174 810/1321/1174
f 555/1151/659 764/1329/659 763/1322/659
f 740/1263/1175 654/1169/1175 763/1322/1175
f 803/1323/1176 804/1328/1176 762/1152/1176
f 808/1324/1177 803/1323/1177 761/1166/1177
f 802/1325/796 799/1326/796 809/1326/796
f 567/1190/1178 759/1331/1178 770/1327/1178
f 804/1328/1179 801/1332/1179 758/1255/1179
f 568/1150/1180 757/1317/1180 764/1329/1180
f 569/1286/1181 771/1281/1181 767/1295/1181
f 655/1304/644 755/1310/644 774/1330/644
f 544/1198/1182 756/1343/1182 759/1331/1182
f 801/1332/1183 806/1333/1183 817/1333/1183
f 549/1334/1184 561/2179/1184 799/1326/1184
f 560/1335/1185 545/1341/1185 801/1332/1185
f 622/1336/1186 549/1334/1186 802/1325/1186
f 559/1337/1177 803/1323/1177 808/1324/1177
f 559/1337/1187 560/1335/1187 804/1328/1187
f 677/1184/1188 805/1318/1188 799/1339/1188
f 795/1300/791 797/1300/791 725/1298/791
f 622/1336/1189 806/1333/1189 801/1332/1189
f 807/1140/1190 805/1318/1190 677/1184/1190
f 605/1297/785 794/1301/785 788/1142/785
f 537/1342/1191 742/1338/1191 808/1324/1191
f 779/1309/658 798/1173/658 800/1137/658
f 794/1301/1192 796/1301/1192 777/1296/1192
f 778/1246/1193 777/1296/1193 796/1301/1193
f 776/1246/761 795/1300/761 792/1299/761
f 768/1313/644 774/1330/644 793/1139/644
f 772/1315/1168 773/1311/1168 792/1299/1168
f 772/1315/737 791/1284/737 787/1183/737
f 770/1327/1194 790/1158/1194 783/1146/1194
f 768/1313/644 789/1248/644 781/1250/644
f 787/1183/1195 782/1131/1195 756/1343/1195
f 764/1329/659 786/1148/659 785/1171/659
f 763/1322/1196 785/1171/1196 798/1173/1196
f 759/1331/1197 784/1133/1197 790/1158/1197
f 757/1317/1198 783/1146/1198 786/1148/1198
f 758/1255/823 812/1255/823 818/1161/823
f 755/1310/644 800/1137/644 793/1139/644
f 756/1343/1199 782/1131/1199 784/1133/1199
f 820/1281/1200 816/1179/1200 815/1318/1200
f 811/1332/1201 817/1333/1201 818/1161/1201
f 815/1318/1202 816/1179/1202 810/1181/1202
f 817/1333/1203 813/1325/1203 814/1126/1203
f 813/1325/1204 809/1326/1204 810/1321/1204
f 821/1295/830 820/1281/830 819/1140/830
f 788/1142/1205 767/1295/1205 821/1295/1205
f 806/1333/832 802/1325/832 813/1325/832
f 758/1255/1206 801/1332/1206 811/1332/1206
f 788/1142/1207 822/1142/1207 819/1140/1207
f 765/1179/1208 754/1181/1208 810/1181/1208
f 771/1281/1209 765/1179/1209 816/1179/1209
f 767/1295/1210 771/1281/1210 820/1281/1210
f 805/1318/838 815/1318/838 809/1339/838
f 848/1344/1211 847/1347/1211 836/1345/1211
f 847/1347/1212 849/2180/1212 837/1348/1212
f 837/1348/1213 849/2180/1213 850/1349/1213
f 850/1351/1214 851/1357/1214 839/1352/1214
f 826/1354/1215 824/1395/1215 834/1355/1215
f 851/1357/672 852/2181/672 840/1358/672
f 852/1359/1216 848/2182/1216 835/1360/1216
f 823/1362/845 825/2183/845 842/1363/845
f 825/1365/846 823/1376/846 835/1366/846
f 827/1368/847 825/1365/847 836/1367/847
f 829/1370/848 827/1368/848 837/1369/848
f 829/1370/849 838/1371/849 839/1372/849
f 831/1373/850 839/1372/850 840/1374/850
f 833/1375/851 840/1374/851 835/1366/851
f 842/1377/852 843/1393/852 846/1378/852
f 823/1362/844 841/1364/844 846/1380/844
f 829/1382/853 831/1389/853 845/1383/853
f 827/1385/659 843/1391/659 842/1386/659
f 833/1388/672 846/2184/672 845/1383/672
f 829/1390/854 844/2185/854 843/1391/854
f 834/1355/855 832/1401/855 830/1392/855
f 843/1393/852 844/2186/852 845/1394/852
f 824/1395/1217 826/1354/1217 847/1396/1217
f 826/1354/1218 828/1356/1218 849/1398/1218
f 830/1392/1219 850/1400/1219 849/1398/1219
f 830/1392/923 832/1401/923 851/1399/923
f 832/1401/860 834/1355/860 852/1402/860
f 834/1355/1220 824/1395/1220 848/1397/1220
f 865/1403/1221 878/2187/1221 877/1404/1221
f 866/1406/1222 877/2188/1222 879/1407/1222
f 867/1408/854 879/1407/854 880/1409/854
f 880/1411/853 881/1417/853 869/1412/853
f 854/1414/1223 864/1459/1223 858/1415/1223
f 881/1417/672 882/2189/672 870/1418/672
f 882/1419/844 878/2187/844 865/1403/844
f 855/1421/845 872/2190/845 871/1422/845
f 855/1424/846 853/1435/846 865/1425/846
f 857/1427/847 855/1424/847 866/1426/847
f 859/1429/848 857/1427/848 867/1428/848
f 859/1429/849 868/1430/849 869/1431/849
f 861/1432/850 869/1431/850 870/1433/850
f 863/1434/851 870/1433/851 865/1425/851
f 871/1436/1224 872/1840/1224 873/1437/1224
f 863/1439/844 853/1423/844 871/1422/844
f 859/1441/853 861/1447/853 875/1442/853
f 857/1444/659 873/1450/659 872/1445/659
f 861/1447/672 863/2191/672 876/1448/672
f 859/1449/854 874/2192/854 873/1450/854
f 858/1415/855 864/1459/855 862/1451/855
f 876/1438/852 873/1437/852 874/1453/852
f 854/1414/1225 856/1416/1225 877/1455/1225
f 856/1416/1226 858/1415/1226 879/1457/1226
f 858/1415/1227 860/1452/1227 880/1458/1227
f 862/1451/923 881/1460/923 880/1458/923
f 864/1459/860 882/1461/860 881/1460/860
f 864/1459/867 854/1414/867 878/1456/867
f 908/1462/1228 907/1465/1228 896/1463/1228
f 907/1465/1229 909/2193/1229 897/1466/1229
f 897/1466/1230 909/2193/1230 910/1467/1230
f 910/1469/1231 911/1475/1231 899/1470/1231
f 884/1472/1232 894/1518/1232 888/1473/1232
f 911/1475/672 912/2194/672 900/1476/672
f 912/1477/1233 908/2195/1233 895/1478/1233
f 883/1480/874 885/2196/874 902/1481/874
f 885/1483/875 883/1494/875 895/1484/875
f 887/1486/876 885/1483/876 896/1485/876
f 887/1486/877 897/1487/877 898/1488/877
f 889/1489/945 898/1488/945 899/1490/945
f 891/1491/879 899/1490/879 900/1492/879
f 893/1493/880 900/1492/880 895/1484/880
f 902/1495/881 903/2197/881 906/1496/881
f 883/1480/873 901/1482/873 906/1498/873
f 889/1500/871 891/1506/871 905/1501/871
f 887/1503/659 903/1509/659 902/1504/659
f 891/1506/672 893/2198/672 906/1507/672
f 889/1508/870 904/2199/870 903/1509/870
f 888/1473/1234 894/1518/1234 892/1510/1234
f 906/1496/881 903/2197/881 904/1512/881
f 884/1472/1235 886/1474/1235 907/1514/1235
f 886/1474/1236 888/1473/1236 909/1516/1236
f 890/1511/908 910/1517/908 909/1516/908
f 892/1510/909 911/1519/909 910/1517/909
f 894/1518/887 912/1520/887 911/1519/887
f 884/1472/1237 908/1515/1237 912/1520/1237
f 925/1521/1238 938/1537/1238 937/1522/1238
f 926/1524/1239 937/2200/1239 939/1525/1239
f 939/1525/1240 940/2201/1240 928/1527/1240
f 940/1528/853 941/1534/853 929/1529/853
f 916/1531/1241 914/1573/1241 924/1532/1241
f 941/1534/672 942/2202/672 930/1535/672
f 930/1536/1242 942/2203/1242 938/1537/1242
f 915/1538/845 932/2204/845 931/1539/845
f 915/1541/846 913/1552/846 925/1542/846
f 917/1544/847 915/1541/847 926/1543/847
f 919/1546/848 917/1544/848 927/1545/848
f 919/1546/849 928/1547/849 929/1548/849
f 921/1549/850 929/1548/850 930/1550/850
f 923/1551/851 930/1550/851 925/1542/851
f 931/1553/852 932/2205/852 933/1554/852
f 923/1556/844 913/1540/844 931/1539/844
f 919/1558/853 921/1564/853 935/1559/853
f 917/1561/659 933/1567/659 932/1562/659
f 921/1564/672 923/2206/672 936/1565/672
f 919/1566/854 934/2207/854 933/1567/854
f 918/1533/1243 924/1532/1243 922/1568/1243
f 936/1555/852 933/1554/852 934/1570/852
f 916/1531/1244 937/1574/1244 938/1572/1244
f 918/1533/1245 939/1575/1245 937/1574/1245
f 920/1569/1246 940/1576/1246 939/1575/1246
f 922/1568/923 941/1577/923 940/1576/923
f 924/1532/860 942/1578/860 941/1577/860
f 914/1573/1247 938/1572/1247 942/1578/1247
f 968/1579/1248 967/2208/1248 956/1580/1248
f 956/1582/659 967/2209/659 969/1583/659
f 957/1584/854 969/1583/854 970/1585/854
f 970/1587/853 971/1593/853 959/1588/853
f 944/1590/1223 954/1626/1223 948/1591/1223
f 971/1593/672 972/2210/672 960/1594/672
f 960/1595/1249 972/2211/1249 968/1579/1249
f 945/1596/845 962/2212/845 961/1597/845
f 945/1599/846 943/1610/846 955/1600/846
f 947/1602/847 945/1599/847 956/1601/847
f 949/1604/848 947/1602/848 957/1603/848
f 949/1604/1250 958/1605/1250 959/1606/1250
f 951/1607/850 959/1606/850 960/1608/850
f 953/1609/851 960/1608/851 955/1600/851
f 961/1611/1224 962/2213/1224 963/1612/1224
f 953/1614/844 943/1598/844 961/1597/844
f 951/1616/853 965/1623/853 964/1617/853
f 947/1619/659 963/1625/659 962/1620/659
f 951/1616/672 953/2214/672 966/1622/672
f 947/1619/854 949/2215/854 964/1624/854
f 954/1626/855 952/1634/855 950/1627/855
f 966/1613/852 963/1612/852 964/1628/852
f 946/1592/1251 967/1632/1251 968/1630/1251
f 946/1592/902 948/1591/902 969/1631/902
f 948/1591/1227 950/1627/1227 970/1633/1227
f 952/1634/923 971/1635/923 970/1633/923
f 954/1626/860 972/1636/860 971/1635/860
f 954/1626/1252 944/1590/1252 968/1630/1252
f 985/1637/874 998/2216/874 997/1638/874
f 997/1640/659 999/1643/659 987/1641/659
f 999/1643/870 1000/2217/870 988/1644/870
f 988/1645/871 1000/2218/871 1001/1646/871
f 974/1648/904 984/1684/904 978/1649/904
f 989/1647/672 1001/1646/672 1002/1651/672
f 1002/1653/1253 998/2216/1253 985/1637/1253
f 973/1655/874 975/2219/874 992/1656/874
f 975/1658/875 973/1668/875 985/1659/875
f 975/1658/876 986/1660/876 987/1661/876
f 977/1662/877 987/1661/877 988/1366/877
f 981/1664/945 979/1663/945 988/1366/945
f 983/1666/879 981/1664/879 989/1665/879
f 973/1668/880 983/1666/880 990/1667/880
f 991/1669/881 992/2220/881 993/1670/881
f 983/1672/873 973/1655/873 991/1657/873
f 981/1674/871 995/1681/871 994/1675/871
f 975/1677/659 977/1683/659 993/1678/659
f 983/1680/672 996/2221/672 995/1681/672
f 979/1682/870 994/2222/870 993/1678/870
f 984/1684/904 982/1693/904 980/1685/904
f 996/1671/881 993/1670/881 994/1686/881
f 976/1650/1254 997/1689/1254 998/1688/1254
f 978/1649/907 999/1691/907 997/1689/907
f 978/1649/908 980/1685/908 1000/1690/908
f 980/1685/909 982/1693/909 1001/1692/909
f 982/1693/887 984/1684/887 1002/1694/887
f 984/1684/1255 974/1648/1255 998/1688/1255
f 1028/1695/845 1027/2223/845 1016/1696/845
f 1016/1698/659 1027/2224/659 1029/1699/659
f 1017/1700/854 1029/1699/854 1030/1701/854
f 1030/1703/853 1031/1709/853 1019/1704/853
f 1006/1706/1223 1004/1744/1223 1014/1707/1223
f 1031/1709/672 1032/2225/672 1020/1710/672
f 1020/1711/844 1032/2226/844 1028/1695/844
f 1005/1712/845 1022/2227/845 1021/1713/845
f 1005/1715/846 1003/1724/846 1015/1716/846
f 1007/1717/847 1005/1715/847 1016/1374/847
f 1009/1718/848 1007/1717/848 1017/1372/848
f 1009/1718/849 1018/1719/849 1019/1720/849
f 1011/1721/850 1019/1720/850 1020/1722/850
f 1013/1723/851 1020/1722/851 1015/1716/851
f 1022/1725/852 1023/2228/852 1026/1726/852
f 1013/1728/844 1003/1714/844 1021/1713/844
f 1011/1730/853 1025/1737/853 1024/1731/853
f 1007/1733/659 1023/1739/659 1022/1734/659
f 1011/1730/672 1013/2229/672 1026/1736/672
f 1007/1733/854 1009/2230/854 1024/1738/854
f 1014/1707/855 1012/1748/855 1010/1740/855
f 1026/1726/852 1023/2228/852 1024/1741/852
f 1006/1706/1256 1027/1746/1256 1028/1743/1256
f 1006/1706/902 1008/1708/902 1029/1745/902
f 1008/1708/1227 1010/1740/1227 1030/1747/1227
f 1012/1748/923 1031/1749/923 1030/1747/923
f 1014/1707/860 1032/1750/860 1031/1749/860
f 1014/1707/1257 1004/1744/1257 1028/1743/1257
f 1058/1751/845 1057/2231/845 1046/1752/845
f 1057/1754/659 1059/2232/659 1047/1755/659
f 1047/1755/854 1059/2232/854 1060/1757/854
f 1060/1759/853 1061/1765/853 1049/1760/853
f 1036/1762/1223 1034/1803/1223 1044/1763/1223
f 1061/1765/672 1062/2233/672 1050/1766/672
f 1062/1767/844 1058/1751/844 1045/1753/844
f 1035/1769/845 1052/2234/845 1051/1770/845
f 1035/1772/846 1033/1783/846 1045/1773/846
f 1037/1775/847 1035/1772/847 1046/1774/847
f 1039/1777/848 1037/1775/848 1047/1776/848
f 1039/1777/1258 1048/1778/1258 1049/1779/1258
f 1041/1780/850 1049/1779/850 1050/1781/850
f 1033/1783/851 1043/1782/851 1050/1781/851
f 1051/1784/852 1052/2235/852 1053/1785/852
f 1043/1787/844 1033/1771/844 1051/1770/844
f 1041/1789/853 1055/1795/853 1054/1790/853
f 1037/1791/659 1053/1797/659 1052/1792/659
f 1041/1789/672 1043/2236/672 1056/1794/672
f 1037/1791/854 1039/2237/854 1054/1796/854
f 1038/1764/855 1044/1763/855 1042/1798/855
f 1056/1786/852 1053/1785/852 1054/1800/852
f 1036/1762/1256 1057/1804/1256 1058/1802/1256
f 1038/1764/902 1059/1805/902 1057/1804/902
f 1040/1799/858 1060/1806/858 1059/1805/858
f 1042/1798/923 1061/1807/923 1060/1806/923
f 1044/1763/860 1062/1808/860 1061/1807/860
f 1044/1763/1257 1034/1803/1257 1058/1802/1257
f 1075/1809/1259 1088/1825/1259 1087/1810/1259
f 1076/1812/1260 1087/2238/1260 1089/1813/1260
f 1089/1813/854 1090/2239/854 1078/1815/854
f 1090/1816/853 1091/1822/853 1079/1817/853
f 1066/1819/1261 1064/1857/1261 1074/1820/1261
f 1091/1822/672 1092/2240/672 1080/1823/672
f 1080/1824/1262 1092/2241/1262 1088/1825/1262
f 1065/1826/845 1082/2242/845 1081/1827/845
f 1063/1829/917 1075/1837/917 1076/1781/917
f 1065/1830/847 1076/1781/847 1077/1779/847
f 1067/1831/848 1077/1779/848 1078/1832/848
f 1069/1833/849 1078/1832/849 1079/1603/849
f 1073/1835/850 1071/1834/850 1079/1603/850
f 1073/1835/918 1080/1836/918 1075/1837/918
f 1081/1838/1224 1082/2243/1224 1083/1839/1224
f 1073/1841/844 1063/1828/844 1081/1827/844
f 1069/1843/853 1071/1849/853 1085/1844/853
f 1067/1846/659 1083/1852/659 1082/1847/659
f 1071/1849/672 1073/2244/672 1086/1850/672
f 1069/1851/854 1084/2245/854 1083/1852/854
f 1068/1821/1263 1074/1820/1263 1072/1853/1263
f 1086/1840/852 1083/1839/852 1084/1855/852
f 1066/1819/1264 1087/1858/1264 1088/1856/1264
f 1068/1821/1265 1089/1859/1265 1087/1858/1265
f 1070/1854/858 1090/1861/858 1089/1859/858
f 1070/1854/1266 1072/1853/1266 1091/1860/1266
f 1074/1820/1267 1092/1862/1267 1091/1860/1267
f 1064/1857/1268 1088/1856/1268 1092/1862/1268
f 1118/1863/1269 1117/2246/1269 1106/1864/1269
f 1106/1866/659 1117/2247/659 1119/1867/659
f 1107/1868/854 1119/1867/854 1120/1869/854
f 1120/1871/853 1121/1877/853 1109/1872/853
f 1094/1874/1270 1104/1916/1270 1098/1875/1270
f 1121/1877/672 1122/2248/672 1110/1878/672
f 1110/1879/1262 1122/2249/1262 1118/1863/1262
f 1095/1880/845 1112/2250/845 1111/1881/845
f 1095/1883/917 1093/1893/917 1105/1371/917
f 1095/1883/847 1106/1884/847 1107/1885/847
f 1097/1886/848 1107/1885/848 1108/1887/848
f 1099/1888/849 1108/1887/849 1109/1889/849
f 1103/1891/850 1101/1890/850 1109/1889/850
f 1093/1893/918 1103/1891/918 1110/1892/918
f 1111/1894/852 1112/2251/852 1113/1726/852
f 1103/1896/844 1093/1882/844 1111/1881/844
f 1101/1898/853 1115/1904/853 1114/1899/853
f 1097/1900/659 1113/1906/659 1112/1901/659
f 1101/1898/672 1103/2252/672 1116/1903/672
f 1097/1900/854 1099/2253/854 1114/1905/854
f 1098/1875/1263 1104/1916/1263 1102/1907/1263
f 1116/1895/1224 1113/1726/1224 1114/1909/1224
f 1094/1874/1271 1096/1876/1271 1117/1911/1271
f 1098/1875/1272 1119/1913/1272 1117/1911/1272
f 1100/1908/858 1120/1915/858 1119/1913/858
f 1100/1908/1266 1102/1907/1266 1121/1914/1266
f 1104/1916/1267 1122/1917/1267 1121/1914/1267
f 1094/1874/1268 1118/1912/1268 1122/1917/1268
f 1148/1918/1273 1147/2254/1273 1136/1919/1273
f 1136/1921/659 1147/2255/659 1149/1922/659
f 1149/1922/870 1150/2256/870 1138/1924/870
f 1138/1925/871 1150/2257/871 1151/1926/871
f 1126/1928/1274 1124/1962/1274 1134/1929/1274
f 1151/1926/672 1152/2258/672 1140/1931/672
f 1140/1932/1275 1152/2239/1275 1148/1918/1275
f 1125/1933/874 1142/1566/874 1141/1934/874
f 1123/1936/875 1135/1944/875 1136/1667/875
f 1127/1938/876 1125/1937/876 1136/1667/876
f 1127/1938/930 1137/1665/930 1138/1716/930
f 1131/1940/878 1129/1939/878 1138/1716/878
f 1131/1940/879 1139/1941/879 1140/1942/879
f 1123/1936/880 1133/1943/880 1140/1942/880
f 1142/1945/881 1143/1960/881 1146/1946/881
f 1123/1935/873 1141/1934/873 1146/1948/873
f 1131/1950/871 1145/1564/871 1144/1951/871
f 1125/1953/659 1127/1957/659 1143/1954/659
f 1133/1956/672 1146/2259/672 1145/1564/672
f 1127/1957/870 1129/2260/870 1144/1958/870
f 1134/1929/1276 1132/1968/1276 1130/1959/1276
f 1143/1960/881 1144/2261/881 1145/1961/881
f 1124/1962/1277 1126/1928/1277 1147/1963/1277
f 1126/1928/1278 1128/1930/1278 1149/1965/1278
f 1130/1959/908 1150/1967/908 1149/1965/908
f 1130/1959/1279 1132/1968/1279 1151/1966/1279
f 1132/1968/1280 1134/1929/1280 1152/1969/1280
f 1134/1929/1281 1124/1962/1281 1148/1964/1281
f 1178/1970/1282 1177/2247/1282 1166/1971/1282
f 1166/1973/1283 1177/2262/1283 1179/1974/1283
f 1167/1975/854 1179/1974/854 1180/1976/854
f 1180/1978/853 1181/1984/853 1169/1979/853
f 1154/1981/1284 1164/2025/1284 1158/1982/1284
f 1181/1984/672 1182/2263/672 1170/1985/672
f 1170/1986/1285 1182/2264/1285 1178/1970/1285
f 1155/1987/845 1172/2265/845 1171/1988/845
f 1155/1990/1286 1153/2001/1286 1165/1991/1286
f 1157/1993/847 1155/1990/847 1166/1992/847
f 1159/1995/848 1157/1993/848 1167/1994/848
f 1159/1995/849 1168/1996/849 1169/1997/849
f 1161/1998/850 1169/1997/850 1170/1999/850
f 1163/2000/1287 1170/1999/1287 1165/1991/1287
f 1171/2002/852 1172/2266/852 1173/2003/852
f 1153/1989/844 1171/1988/844 1176/2005/844
f 1161/2007/853 1175/2014/853 1174/2008/853
f 1157/2010/659 1173/2016/659 1172/2011/659
f 1161/2007/672 1163/2267/672 1176/2013/672
f 1159/2015/854 1174/2268/854 1173/2016/854
f 1158/1982/1263 1164/2025/1263 1162/2017/1263
f 1176/2004/852 1173/2003/852 1174/1553/852
f 1156/1983/1288 1177/2022/1288 1178/2020/1288
f 1156/1983/1289 1158/1982/1289 1179/2021/1289
f 1160/2018/858 1180/2024/858 1179/2021/858
f 1160/2018/1290 1162/2017/1290 1181/2023/1290
f 1164/2025/1267 1182/2026/1267 1181/2023/1267
f 1154/1981/1291 1178/2020/1291 1182/2026/1291
f 1208/2027/874 1207/2269/874 1196/2028/874
f 1196/2030/659 1207/2270/659 1209/2031/659
f 1209/2031/870 1210/2271/870 1198/2033/870
f 1210/2034/871 1211/2040/871 1199/2035/871
f 1186/2037/904 1184/2077/904 1194/2038/904
f 1211/2040/672 1212/2272/672 1200/2041/672
f 1200/2042/873 1212/2273/873 1208/2027/873
f 1183/2043/874 1185/2274/874 1202/1449/874
f 1185/2045/875 1183/2056/875 1195/2046/875
f 1185/2045/876 1196/2047/876 1197/2048/876
f 1187/2049/877 1197/2048/877 1198/2050/877
f 1191/2052/945 1189/2051/945 1198/2050/945
f 1191/2052/879 1199/2053/879 1200/2054/879
f 1193/2055/880 1200/2054/880 1195/2046/880
f 1201/2057/881 1202/2275/881 1203/2058/881
f 1183/2043/873 1201/2044/873 1206/2060/873
f 1191/2062/871 1205/2069/871 1204/2063/871
f 1187/2065/659 1203/2071/659 1202/2066/659
f 1191/2062/672 1193/2276/672 1206/2068/672
f 1187/2065/870 1189/2277/870 1204/2070/870
f 1188/2039/904 1194/2038/904 1192/2072/904
f 1206/2059/881 1203/2058/881 1204/2074/881
f 1186/2037/1254 1207/2078/1254 1208/2076/1254
f 1188/2039/907 1209/2079/907 1207/2078/907
f 1190/2073/1292 1210/2081/1292 1209/2079/1292
f 1190/2073/1293 1192/2072/1293 1211/2080/1293
f 1192/2072/887 1194/2038/887 1212/2082/887
f 1194/2038/1255 1184/2077/1255 1208/2076/1255
f 1238/2083/1294 1237/2278/1294 1226/2084/1294
f 1226/2086/1295 1237/2279/1295 1239/2087/1295
f 1239/2087/870 1240/2280/870 1228/2089/870
f 1240/2090/871 1241/2096/871 1229/2091/871
f 1214/2093/904 1224/2128/904 1218/2094/904
f 1241/2096/672 1242/2281/672 1230/2097/672
f 1230/2098/1253 1242/2282/1253 1238/2083/1253
f 1215/2099/874 1232/2283/874 1231/2100/874
f 1213/2102/875 1225/2112/875 1226/2103/875
f 1217/2105/876 1215/2104/876 1226/2103/876
f 1219/2107/1296 1217/2105/1296 1227/2106/1296
f 1219/2107/945 1228/1542/945 1229/2108/945
f 1221/2109/879 1229/2108/879 1230/2110/879
f 1213/2102/880 1223/2111/880 1230/2110/880
f 1232/2113/881 1233/2130/881 1236/2114/881
f 1223/2116/873 1213/2101/873 1231/2100/873
f 1219/2118/871 1221/2124/871 1235/2119/871
f 1217/2121/659 1233/2127/659 1232/2122/659
f 1221/2124/672 1223/2284/672 1236/2125/672
f 1219/2126/870 1234/2285/870 1233/2127/870
f 1224/2128/904 1222/2137/904 1220/2129/904
f 1233/2130/881 1234/2286/881 1235/2131/881
f 1216/2095/1297 1237/2134/1297 1238/2132/1297
f 1216/2095/1298 1218/2094/1298 1239/2133/1298
f 1220/2129/908 1240/2136/908 1239/2133/908
f 1220/2129/909 1222/2137/909 1241/2135/909
f 1224/2128/887 1242/2138/887 1241/2135/887
f 1214/2093/1255 1238/2132/1255 1242/2138/1255
f 1268/2139/952 1267/2142/952 1256/2140/952
f 1267/2142/659 1269/2175/659 1257/2143/659
f 1257/2143/953 1269/2175/953 1270/2144/953
f 1270/2144/954 1271/2176/954 1259/2146/954
f 1244/2147/955 1254/2166/955 1248/2148/955
f 1259/2146/672 1271/2176/672 1272/2150/672
f 1260/2151/956 1272/2150/956 1268/2152/956
f 1245/2154/952 1262/2154/952 1261/2155/952
f 1243/2155/957 1255/2165/957 1256/2156/957
f 1247/2157/958 1245/2154/958 1256/2156/958
f 1249/2159/959 1247/2157/959 1257/2158/959
f 1249/2159/960 1258/2160/960 1259/2161/960
f 1251/2162/961 1259/2161/961 1260/2163/961
f 1243/2155/962 1253/2164/962 1260/2163/962
f 1262/2154/963 1263/2157/963 1266/2164/963
f 1253/2164/956 1243/2155/956 1261/2155/956
f 1249/2159/954 1251/2162/954 1265/2162/954
f 1245/2154/659 1247/2157/659 1263/2157/659
f 1253/2164/672 1266/2164/672 1265/2162/672
f 1249/2159/953 1264/2159/953 1263/2157/953
f 1254/2166/955 1252/2172/955 1250/2167/955
f 1263/2157/963 1264/2159/963 1265/2162/963
f 1246/2149/1299 1267/2169/1299 1268/2168/1299
f 1248/2148/1038 1269/2171/1038 1267/2169/1038
f 1248/2148/966 1250/2167/966 1270/2170/966
f 1252/2172/967 1271/2174/967 1270/2170/967
f 1252/2172/968 1254/2166/968 1272/2173/968
f 1254/2166/1040 1244/2147/1040 1268/2168/1040
f 1298/2139/1300 1297/2142/1300 1286/2140/1300
f 1286/2140/659 1297/2142/659 1299/2175/659
f 1299/2175/992 1300/2144/992 1288/2145/992
f 1288/2145/993 1300/2144/993 1301/2176/993
f 1274/2147/1301 1284/2166/1301 1278/2148/1301
f 1301/2176/672 1302/2150/672 1290/2151/672
f 1290/2151/1302 1302/2150/1302 1298/2152/1302
f 1273/2155/1303 1275/2154/1303 1292/2154/1303
f 1275/2154/1304 1273/2155/1304 1285/2165/1304
f 1275/2154/977 1286/2156/977 1287/2158/977
f 1277/2157/978 1287/2158/978 1288/2160/978
f 1281/2162/1003 1279/2159/1003 1288/2160/1003
f 1281/2162/980 1289/2161/980 1290/2163/980
f 1283/2164/997 1290/2163/997 1285/2165/997
f 1291/2155/982 1292/2154/982 1293/2157/982
f 1273/2155/1305 1291/2155/1305 1296/2164/1305
f 1279/2159/972 1281/2162/972 1295/2162/972
f 1277/2157/659 1293/2157/659 1292/2154/659
f 1281/2162/672 1283/2164/672 1296/2164/672
f 1279/2159/971 1294/2159/971 1293/2157/971
f 1278/2148/1306 1284/2166/1306 1282/2172/1306
f 1296/2164/982 1293/2157/982 1294/2159/982
f 1274/2147/1307 1276/2149/1307 1297/2169/1307
f 1276/2149/1308 1278/2148/1308 1299/2171/1308
f 1280/2167/1000 1300/2170/1000 1299/2171/1000
f 1280/2167/1309 1282/2172/1309 1301/2174/1309
f 1284/2166/1310 1302/2173/1310 1301/2174/1310
f 1274/2147/1311 1298/2168/1311 1302/2173/1311
f 1328/2139/970 1327/2142/970 1316/2140/970
f 1327/2142/659 1329/2175/659 1317/2143/659
f 1329/2175/971 1330/2144/971 1318/2145/971
f 1318/2145/972 1330/2144/972 1331/2176/972
f 1306/2149/994 1304/2147/994 1314/2166/994
f 1319/2146/672 1331/2176/672 1332/2150/672
f 1320/2151/974 1332/2150/974 1328/2152/974
f 1303/2155/970 1305/2154/970 1322/2154/970
f 1303/2155/976 1315/2165/976 1316/2156/976
f 1305/2154/977 1316/2156/977 1317/2158/977
f 1307/2157/996 1317/2158/996 1318/2160/996
f 1311/2162/979 1309/2159/979 1318/2160/979
f 1313/2164/980 1311/2162/980 1319/2161/980
f 1303/2155/997 1313/2164/997 1320/2163/997
f 1321/2155/982 1322/2154/982 1323/2157/982
f 1303/2155/974 1321/2155/974 1326/2164/974
f 1309/2159/972 1311/2162/972 1325/2162/972
f 1305/2154/659 1307/2157/659 1323/2157/659
f 1313/2164/672 1326/2164/672 1325/2162/672
f 1309/2159/971 1324/2159/971 1323/2157/971
f 1314/2166/994 1312/2172/994 1310/2167/994
f 1323/2157/982 1324/2159/982 1325/2162/982
f 1304/2147/998 1306/2149/998 1327/2169/998
f 1306/2149/999 1308/2148/999 1329/2171/999
f 1308/2148/1000 1310/2167/1000 1330/2170/1000
f 1310/2167/988 1312/2172/988 1331/2174/988
f 1314/2166/1001 1332/2173/1001 1331/2174/1001
f 1304/2147/1002 1328/2168/1002 1332/2173/1002
f 1358/2139/970 1357/2142/970 1346/2140/970
f 1346/2140/659 1357/2142/659 1359/2175/659
f 1347/2143/971 1359/2175/971 1360/2144/971
f 1360/2144/972 1361/2176/972 1349/2146/972
f 1334/2147/994 1344/2166/994 1338/2148/994
f 1349/2146/672 1361/2176/672 1362/2150/672
f 1350/2151/974 1362/2150/974 1358/2152/974
f 1335/2154/970 1352/2154/970 1351/2155/970
f 1333/2155/976 1345/2165/976 1346/2156/976
f 1337/2157/977 1335/2154/977 1346/2156/977
f 1339/2159/978 1337/2157/978 1347/2158/978
f 1339/2159/1003 1348/2160/1003 1349/2161/1003
f 1341/2162/980 1349/2161/980 1350/2163/980
f 1333/2155/997 1343/2164/997 1350/2163/997
f 1352/2154/982 1353/2157/982 1356/2164/982
f 1343/2164/974 1333/2155/974 1351/2155/974
f 1339/2159/972 1341/2162/972 1355/2162/972
f 1335/2154/659 1337/2157/659 1353/2157/659
f 1343/2164/672 1356/2164/672 1355/2162/672
f 1339/2159/971 1354/2159/971 1353/2157/971
f 1344/2166/994 1342/2172/994 1340/2167/994
f 1356/2164/982 1353/2157/982 1354/2159/982
f 1334/2147/998 1336/2149/998 1357/2169/998
f 1336/2149/999 1338/2148/999 1359/2171/999
f 1338/2148/1000 1340/2167/1000 1360/2170/1000
f 1342/2172/988 1361/2174/988 1360/2170/988
f 1344/2166/1001 1362/2173/1001 1361/2174/1001
f 1344/2166/1002 1334/2147/1002 1358/2168/1002
f 1388/2139/1312 1387/2142/1312 1376/2140/1312
f 1376/2140/659 1387/2142/659 1389/2175/659
f 1377/2143/953 1389/2175/953 1390/2144/953
f 1390/2144/954 1391/2176/954 1379/2146/954
f 1366/2149/1313 1364/2147/1313 1374/2166/1313
f 1391/2176/672 1392/2150/672 1380/2151/672
f 1380/2151/1314 1392/2150/1314 1388/2152/1314
f 1363/2155/952 1365/2154/952 1382/2154/952
f 1365/2154/957 1363/2155/957 1375/2165/957
f 1367/2157/958 1365/2154/958 1376/2156/958
f 1369/2159/959 1367/2157/959 1377/2158/959
f 1369/2159/960 1378/2160/960 1379/2161/960
f 1371/2162/961 1379/2161/961 1380/2163/961
f 1373/2164/962 1380/2163/962 1375/2165/962
f 1382/2154/963 1383/2157/963 1386/2164/963
f 1363/2155/956 1381/2155/956 1386/2164/956
f 1371/2162/954 1385/2162/954 1384/2159/954
f 1367/2157/659 1383/2157/659 1382/2154/659
f 1371/2162/672 1373/2164/672 1386/2164/672
f 1367/2157/953 1369/2159/953 1384/2159/953
f 1368/2148/1315 1374/2166/1315 1372/2172/1315
f 1383/2157/963 1384/2159/963 1385/2162/963
f 1364/2147/1316 1366/2149/1316 1387/2169/1316
f 1366/2149/1317 1368/2148/1317 1389/2171/1317
f 1370/2167/966 1390/2170/966 1389/2171/966
f 1370/2167/1318 1372/2172/1318 1391/2174/1318
f 1374/2166/1319 1392/2173/1319 1391/2174/1319
f 1364/2147/1320 1388/2168/1320 1392/2173/1320
f 1405/2141/1012 1418/2139/1012 1417/2142/1012
f 1406/2140/1027 1417/2142/1027 1419/2175/1027
f 1419/2175/1321 1420/2144/1321 1408/2145/1321
f 1420/2144/1322 1421/2176/1322 1409/2146/1322
f 1394/2147/1323 1404/2166/1323 1398/2148/1323
f 1421/2176/1017 1422/2150/1017 1410/2151/1017
f 1410/2151/1018 1422/2150/1018 1418/2152/1018
f 1393/2155/1012 1395/2154/1012 1412/2154/1012
f 1393/2155/1019 1405/2165/1019 1406/2156/1019
f 1397/2157/1324 1395/2154/1324 1406/2156/1324
f 1399/2159/1325 1397/2157/1325 1407/2158/1325
f 1401/2162/1022 1399/2159/1022 1408/2160/1022
f 1403/2164/1326 1401/2162/1326 1409/2161/1326
f 1403/2164/1024 1410/2163/1024 1405/2165/1024
f 1412/2154/1025 1413/2157/1025 1416/2164/1025
f 1393/2155/1018 1411/2155/1018 1416/2164/1018
f 1399/2159/1026 1401/2162/1026 1415/2162/1026
f 1395/2154/1027 1397/2157/1027 1413/2157/1027
f 1401/2162/1017 1403/2164/1017 1416/2164/1017
f 1399/2159/1028 1414/2159/1028 1413/2157/1028
f 1404/2166/1029 1402/2172/1029 1400/2167/1029
f 1416/2164/1030 1413/2157/1030 1414/2159/1030
f 1396/2149/1327 1417/2169/1327 1418/2168/1327
f 1396/2149/1328 1398/2148/1328 1419/2171/1328
f 1400/2167/1329 1420/2170/1329 1419/2171/1329
f 1400/2167/1330 1402/2172/1330 1421/2174/1330
f 1404/2166/1331 1422/2173/1331 1421/2174/1331
f 1394/2147/1332 1418/2168/1332 1422/2173/1332
f 1435/2141/952 1448/2139/952 1447/2142/952
f 1436/2140/659 1447/2142/659 1449/2175/659
f 1449/2175/953 1450/2144/953 1438/2145/953
f 1438/2145/954 1450/2144/954 1451/2176/954
f 1426/2149/955 1424/2147/955 1434/2166/955
f 1439/2146/672 1451/2176/672 1452/2150/672
f 1452/2150/956 1448/2152/956 1435/2153/956
f 1425/2154/952 1442/2154/952 1441/2155/952
f 1423/2155/957 1435/2165/957 1436/2156/957
f 1425/2154/958 1436/2156/958 1437/2158/958
f 1427/2157/959 1437/2158/959 1438/2160/959
f 1431/2162/1333 1429/2159/1333 1438/2160/1333
f 1433/2164/961 1431/2162/961 1439/2161/961
f 1433/2164/962 1440/2163/962 1435/2165/962
f 1441/2155/963 1442/2154/963 1443/2157/963
f 1433/2164/956 1423/2155/956 1441/2155/956
f 1429/2159/954 1431/2162/954 1445/2162/954
f 1425/2154/659 1427/2157/659 1443/2157/659
f 1433/2164/672 1446/2164/672 1445/2162/672
f 1429/2159/953 1444/2159/953 1443/2157/953
f 1428/2148/955 1434/2166/955 1432/2172/955
f 1446/2164/963 1443/2157/963 1444/2159/963
f 1426/2149/964 1447/2169/964 1448/2168/964
f 1426/2149/1038 1428/2148/1038 1449/2171/1038
f 1428/2148/966 1430/2167/966 1450/2170/966
f 1430/2167/967 1432/2172/967 1451/2174/967
f 1432/2172/1039 1434/2166/1039 1452/2173/1039
f 1434/2166/1040 1424/2147/1040 1448/2168/1040
f 1478/2139/970 1477/2142/970 1466/2140/970
f 1477/2142/659 1479/2175/659 1467/2143/659
f 1467/2143/971 1479/2175/971 1480/2144/971
f 1480/2144/972 1481/2176/972 1469/2146/972
f 1456/2149/1044 1454/2147/1044 1464/2166/1044
f 1469/2146/672 1481/2176/672 1482/2150/672
f 1470/2151/974 1482/2150/974 1478/2152/974
f 1455/2154/970 1472/2154/970 1471/2155/970
f 1453/2155/976 1465/2165/976 1466/2156/976
f 1457/2157/977 1455/2154/977 1466/2156/977
f 1459/2159/978 1457/2157/978 1467/2158/978
f 1461/2162/1003 1459/2159/1003 1468/2160/1003
f 1461/2162/980 1469/2161/980 1470/2163/980
f 1453/2155/997 1463/2164/997 1470/2163/997
f 1472/2154/982 1473/2157/982 1476/2164/982
f 1453/2155/974 1471/2155/974 1476/2164/974
f 1459/2159/972 1461/2162/972 1475/2162/972
f 1455/2154/659 1457/2157/659 1473/2157/659
f 1463/2164/672 1476/2164/672 1475/2162/672
f 1459/2159/971 1474/2159/971 1473/2157/971
f 1464/2166/1334 1462/2172/1334 1460/2167/1334
f 1476/2164/982 1473/2157/982 1474/2159/982
f 1456/2149/1335 1477/2169/1335 1478/2168/1335
f 1456/2149/999 1458/2148/999 1479/2171/999
f 1458/2148/1000 1460/2167/1000 1480/2170/1000
f 1462/2172/988 1481/2174/988 1480/2170/988
f 1464/2166/1336 1482/2173/1336 1481/2174/1336
f 1454/2147/1002 1478/2168/1002 1482/2173/1002
f 1508/2139/1300 1507/2142/1300 1496/2140/1300
f 1496/2140/659 1507/2142/659 1509/2175/659
f 1497/2143/971 1509/2175/971 1510/2144/971
f 1498/2145/1337 1510/2144/1337 1511/2176/1337
f 1486/2149/1338 1484/2147/1338 1494/2166/1338
f 1511/2176/1048 1512/2150/1048 1500/2151/1048
f 1512/2150/1339 1508/2152/1339 1495/2153/1339
f 1483/2155/970 1485/2154/970 1502/2154/970
f 1485/2154/1340 1483/2155/1340 1495/2165/1340
f 1487/2157/977 1485/2154/977 1496/2156/977
f 1489/2159/978 1487/2157/978 1497/2158/978
f 1491/2162/1003 1489/2159/1003 1498/2160/1003
f 1491/2162/980 1499/2161/980 1500/2163/980
f 1493/2164/1341 1500/2163/1341 1495/2165/1341
f 1501/2155/982 1502/2154/982 1503/2157/982
f 1483/2155/974 1501/2155/974 1506/2164/974
f 1491/2162/972 1505/2162/972 1504/2159/972
f 1487/2157/659 1503/2157/659 1502/2154/659
f 1491/2162/672 1493/2164/672 1506/2164/672
f 1489/2159/971 1504/2159/971 1503/2157/971
f 1488/2148/1047 1494/2166/1047 1492/2172/1047
f 1506/2164/982 1503/2157/982 1504/2159/982
f 1484/2147/1307 1486/2149/1307 1507/2169/1307
f 1486/2149/1308 1488/2148/1308 1509/2171/1308
f 1490/2167/1342 1510/2170/1342 1509/2171/1342
f 1490/2167/1343 1492/2172/1343 1511/2174/1343
f 1494/2166/1344 1512/2173/1344 1511/2174/1344
f 1484/2147/1345 1508/2168/1345 1512/2173/1345
g coins_Mesh
v 0.540427 0.691206 -0.534667
v 0.541033 0.695026 -0.534667
v 0.550184 0.689659 -0.546072
v 0.550790 0.693480 -0.546072
v 0.564818 0.687340 -0.543219
v 0.565423 0.691161 -0.543219
v 0.569695 0.686568 -0.528961
v 0.570300 0.690388 -0.528961
v 0.559937 0.688114 -0.517556
v 0.560543 0.691934 -0.517556
v 0.545304 0.690433 -0.520410
v 0.545909 0.694253 -0.520410
v 0.526130 0.686317 -0.545346
v 0.526130 0.690185 -0.545346
v 0.541186 0.686317 -0.544360
v 0.541186 0.690185 -0.544360
v 0.547861 0.686317 -0.530828
v 0.547861 0.690185 -0.530828
v 0.539479 0.686317 -0.518282
v 0.539479 0.690185 -0.518282
v 0.524423 0.686317 -0.519268
v 0.524423 0.690185 -0.519268
v 0.517748 0.686317 -0.532800
v 0.517748 0.690185 -0.532800
v 0.536120 0.691206 -0.559321
v 0.535515 0.695026 -0.559335
v 0.526104 0.689659 -0.548142
v 0.525499 0.693480 -0.548156
v 0.511540 0.687340 -0.551329
v 0.510935 0.691161 -0.551343
v 0.506991 0.686568 -0.565695
v 0.506386 0.690388 -0.565709
v 0.517007 0.688114 -0.576874
v 0.516401 0.691934 -0.576887
v 0.531571 0.690433 -0.573686
v 0.530966 0.694253 -0.573700
v 0.500427 0.686317 -0.560123
v 0.500427 0.690185 -0.560123
v 0.507644 0.686317 -0.546873
v 0.507644 0.690185 -0.546873
v 0.499778 0.686317 -0.533997
v 0.499778 0.690185 -0.533997
v 0.484694 0.686317 -0.534371
v 0.484694 0.690185 -0.534371
v 0.477477 0.686317 -0.547621
v 0.477477 0.690185 -0.547621
v 0.485343 0.686317 -0.560497
v 0.485343 0.690185 -0.560497
v 0.289715 0.683510 -0.578638
v 0.289715 0.687378 -0.578638
v 0.284432 0.683510 -0.592771
v 0.284432 0.687378 -0.592771
v 0.294031 0.683510 -0.604413
v 0.294031 0.687378 -0.604413
v 0.308912 0.683510 -0.601920
v 0.308912 0.687378 -0.601920
v 0.314195 0.683510 -0.587787
v 0.314195 0.687378 -0.587787
v 0.304596 0.683510 -0.576145
v 0.304596 0.687378 -0.576145
v 0.293582 0.688398 -0.596058
v 0.293334 0.692219 -0.596610
v 0.279177 0.686852 -0.600273
v 0.278929 0.690673 -0.600825
v 0.275771 0.684533 -0.614788
v 0.275523 0.688354 -0.615340
v 0.286770 0.683761 -0.625088
v 0.286521 0.687581 -0.625640
v 0.301175 0.685307 -0.620873
v 0.300926 0.689127 -0.621425
v 0.304581 0.687626 -0.606358
v 0.304333 0.691446 -0.606910
v 0.108509 0.686253 -0.569233
v 0.108509 0.690121 -0.569233
v 0.099074 0.686253 -0.557459
v 0.099074 0.690121 -0.557459
v 0.084160 0.686253 -0.559743
v 0.084160 0.690121 -0.559743
v 0.078680 0.686253 -0.573801
v 0.078680 0.690121 -0.573801
v 0.088115 0.686253 -0.585575
v 0.088115 0.690121 -0.585575
v 0.103030 0.686253 -0.583292
v 0.103030 0.690121 -0.583292
v 0.108823 0.691141 -0.582009
v 0.109059 0.694961 -0.581452
v 0.123128 0.689595 -0.577466
v 0.123363 0.693415 -0.576908
v 0.126201 0.687276 -0.562877
v 0.126437 0.691096 -0.562320
v 0.114969 0.686503 -0.552831
v 0.115205 0.690324 -0.552274
v 0.100664 0.688049 -0.557375
v 0.100900 0.691870 -0.556817
v 0.097591 0.690368 -0.571964
v 0.097827 0.694189 -0.571406
v 0.122745 0.685089 -0.549134
v 0.122745 0.688957 -0.549134
v 0.131864 0.685089 -0.561155
v 0.131864 0.688957 -0.561155
v 0.146834 0.685089 -0.559268
v 0.146834 0.688957 -0.559268
v 0.152685 0.685089 -0.545361
v 0.152685 0.688957 -0.545361
v 0.143567 0.685089 -0.533339
v 0.143567 0.688957 -0.533339
v 0.128596 0.685089 -0.535226
v 0.128596 0.688957 -0.535226
v 0.293582 0.692001 -0.825780
v 0.293334 0.695821 -0.826332
v 0.279177 0.690455 -0.829995
v 0.278929 0.694275 -0.830547
v 0.275771 0.688136 -0.844509
v 0.275523 0.691956 -0.845062
v 0.286770 0.687363 -0.854809
v 0.286521 0.691183 -0.855361
v 0.301175 0.688909 -0.850595
v 0.300926 0.692730 -0.851147
v 0.304581 0.691228 -0.836080
v 0.304333 0.695048 -0.836632
v 0.290218 0.695760 -0.788489
v 0.290817 0.699580 -0.788405
v 0.301467 0.694214 -0.798426
v 0.302066 0.698034 -0.798342
v 0.315561 0.691895 -0.793565
v 0.316161 0.695715 -0.793481
v 0.318407 0.691122 -0.778767
v 0.319007 0.694942 -0.778683
v 0.307158 0.692668 -0.768831
v 0.307758 0.696488 -0.768747
v 0.293064 0.694987 -0.773692
v 0.293663 0.698807 -0.773607
vn -0.7465 0.1183 -0.6547
vn 0.1868 -0.0296 -0.9820
vn 0.9333 -0.1479 -0.3272
vn 0.7465 -0.1183 0.6547
vn 0.1565 0.9877 -0.0000
vn -0.1868 0.0296 0.9820
vn -0.9333 0.1479 0.3272
vn -0.1565 -0.9877 -0.0000
vn 0.0653 -0.0000 -0.9979
vn 0.8968 -0.0000 -0.4423
vn 0.8315 -0.0000 0.5555
vn -0.0653 -0.0000 0.9979
vn -0.0000 1.0000 -0.0000
vn -0.8968 -0.0000 0.4423
vn -0.8315 -0.0000 -0.5555
vn -0.0000 -1.0000 -0.0000
vn 0.7314 0.1183 0.6716
vn -0.2092 -0.0296 0.9774
vn -0.9405 -0.1479 0.3058
vn -0.7314 -0.1183 -0.6716
vn -0.1565 0.9877 -0.0036
vn 0.2092 0.0296 -0.9774
vn 0.9405 0.1479 -0.3058
vn 0.1565 -0.9877 0.0036
vn 0.8782 -0.0000 -0.4784
vn 0.8534 -0.0000 0.5213
vn -0.0248 -0.0000 0.9997
vn -0.8782 -0.0000 0.4784
vn -0.8534 -0.0000 -0.5213
vn 0.0248 -0.0000 -0.9997
vn -0.9367 -0.0000 0.3501
vn -0.7715 -0.0000 -0.6362
vn 0.1652 -0.0000 -0.9863
vn 0.9367 -0.0000 -0.3501
vn 0.7715 -0.0000 0.6362
vn -0.1652 -0.0000 0.9863
vn -0.2905 0.1183 0.9495
vn -0.9721 -0.0296 0.2328
vn -0.6815 -0.1479 -0.7167
vn 0.2905 -0.1183 -0.9495
vn -0.0643 0.9877 -0.1427
vn 0.9721 0.0296 -0.2328
vn 0.6815 0.1479 0.7167
vn 0.0643 -0.9877 0.1427
vn 0.7804 -0.0000 0.6253
vn -0.1514 -0.0000 0.9885
vn -0.9317 -0.0000 0.3632
vn -0.7804 -0.0000 -0.6253
vn 0.1514 -0.0000 -0.9885
vn 0.9317 -0.0000 -0.3632
vn 0.3122 0.1183 -0.9426
vn 0.9771 -0.0296 -0.2105
vn 0.6650 -0.1479 0.7321
vn -0.3122 -0.1183 0.9426
vn 0.0610 0.9877 0.1441
vn -0.9771 0.0296 0.2105
vn -0.6650 0.1479 -0.7321
vn -0.0610 -0.9877 -0.1441
vn -0.7967 -0.0000 -0.6044
vn 0.1250 -0.0000 -0.9922
vn 0.9217 -0.0000 -0.3878
vn 0.7967 -0.0000 0.6044
vn -0.1250 -0.0000 0.9922
vn -0.9217 -0.0000 0.3878
vn -0.6482 0.1183 -0.7522
vn 0.3215 -0.0296 -0.9464
vn 0.9697 -0.1479 -0.1942
vn 0.6482 -0.1183 0.7522
vn 0.1550 0.9877 0.0218
vn -0.3215 0.0296 0.9464
vn -0.9697 0.1479 0.1942
vn -0.1550 -0.9877 -0.0218
vn 0.7314 0.1183 0.6717
vt 0.711073 0.618965
vt 0.707040 0.631064
vt 0.707040 0.618965
vt 0.703007 0.631064
vt 0.703007 0.618965
vt 0.698974 0.631064
vt 0.698974 0.618965
vt 0.694941 0.618965
vt 0.697954 0.615820
vt 0.692924 0.607108
vt 0.697954 0.610012
vt 0.694941 0.631064
vt 0.690907 0.618965
vt 0.690907 0.631064
vt 0.686874 0.618965
vt 0.705023 0.618723
vt 0.699994 0.610012
vt 0.699994 0.615820
vt 0.692924 0.618723
vt 0.687895 0.610012
vt 0.705023 0.607108
vt 0.710053 0.615820
vt 0.710053 0.610012
vt 0.711073 0.631064
vt 0.687895 0.615820
vt 0.686874 0.631064
s 0
usemtl Material
f 1513/2287/1346 1516/2288/1346 1515/2289/1346
f 1515/2289/1347 1518/2290/1347 1517/2291/1347
f 1517/2291/1348 1520/2292/1348 1519/2293/1348
f 1520/2292/1349 1521/2294/1349 1519/2293/1349
f 1516/2295/1350 1520/2296/1350 1518/2297/1350
f 1522/2298/1351 1523/2299/1351 1521/2294/1351
f 1524/2300/1352 1513/2301/1352 1523/2299/1352
f 1513/2302/1353 1521/2303/1353 1523/2304/1353
f 1514/2305/1350 1522/2306/1350 1520/2296/1350
f 1519/2307/1353 1515/2308/1353 1517/2309/1353
f 1526/2310/1354 1527/2289/1354 1525/2287/1354
f 1528/2288/1355 1529/2291/1355 1527/2289/1355
f 1530/2290/1356 1531/2293/1356 1529/2291/1356
f 1532/2292/1357 1533/2294/1357 1531/2293/1357
f 1528/2295/1358 1532/2296/1358 1530/2297/1358
f 1534/2298/1359 1535/2299/1359 1533/2294/1359
f 1536/2300/1360 1525/2301/1360 1535/2299/1360
f 1525/2302/1361 1533/2303/1361 1535/2304/1361
f 1526/2305/1358 1534/2306/1358 1532/2296/1358
f 1531/2307/1361 1527/2308/1361 1529/2309/1361
f 1537/2287/1362 1540/2288/1362 1539/2289/1362
f 1540/2288/1363 1541/2291/1363 1539/2289/1363
f 1541/2291/1364 1544/2292/1364 1543/2293/1364
f 1544/2292/1365 1545/2294/1365 1543/2293/1365
f 1540/2295/1366 1544/2296/1366 1542/2297/1366
f 1546/2298/1367 1547/2299/1367 1545/2294/1367
f 1548/2300/1368 1537/2301/1368 1547/2299/1368
f 1537/2302/1369 1545/2303/1369 1547/2304/1369
f 1538/2305/1366 1546/2306/1366 1544/2296/1366
f 1543/2307/1369 1539/2308/1369 1541/2309/1369
f 1550/2310/1370 1551/2289/1370 1549/2287/1370
f 1552/2288/1371 1553/2291/1371 1551/2289/1371
f 1554/2290/1372 1555/2293/1372 1553/2291/1372
f 1556/2292/1373 1557/2294/1373 1555/2293/1373
f 1550/2305/1358 1554/2297/1358 1552/2295/1358
f 1558/2298/1374 1559/2299/1374 1557/2294/1374
f 1560/2300/1375 1549/2301/1375 1559/2299/1375
f 1555/2307/1361 1559/2304/1361 1549/2302/1361
f 1556/2296/1358 1560/2311/1358 1558/2306/1358
f 1549/2302/1361 1553/2309/1361 1555/2307/1361
f 1562/2310/1376 1563/2289/1376 1561/2287/1376
f 1564/2288/1377 1565/2291/1377 1563/2289/1377
f 1566/2290/1378 1567/2293/1378 1565/2291/1378
f 1568/2292/1379 1569/2294/1379 1567/2293/1379
f 1562/2305/1358 1566/2297/1358 1564/2295/1358
f 1570/2298/1380 1571/2299/1380 1569/2294/1380
f 1572/2300/1381 1561/2301/1381 1571/2299/1381
f 1561/2302/1361 1569/2303/1361 1571/2304/1361
f 1562/2305/1358 1570/2306/1358 1568/2296/1358
f 1567/2307/1361 1563/2308/1361 1565/2309/1361
f 1574/2310/1382 1575/2289/1382 1573/2287/1382
f 1576/2288/1383 1577/2291/1383 1575/2289/1383
f 1578/2290/1384 1579/2293/1384 1577/2291/1384
f 1579/2293/1385 1582/2298/1385 1581/2294/1385
f 1574/2305/1386 1578/2297/1386 1576/2295/1386
f 1581/2294/1387 1584/2300/1387 1583/2299/1387
f 1583/2299/1388 1574/2312/1388 1573/2301/1388
f 1579/2307/1389 1583/2304/1389 1573/2302/1389
f 1580/2296/1386 1584/2311/1386 1582/2306/1386
f 1573/2302/1389 1577/2309/1389 1579/2307/1389
f 1586/2310/1390 1587/2289/1390 1585/2287/1390
f 1588/2288/1391 1589/2291/1391 1587/2289/1391
f 1590/2290/1392 1591/2293/1392 1589/2291/1392
f 1592/2292/1393 1593/2294/1393 1591/2293/1393
f 1588/2295/1358 1592/2296/1358 1590/2297/1358
f 1594/2298/1394 1595/2299/1394 1593/2294/1394
f 1596/2300/1395 1585/2301/1395 1595/2299/1395
f 1585/2302/1361 1593/2303/1361 1595/2304/1361
f 1586/2305/1358 1594/2306/1358 1592/2296/1358
f 1591/2307/1361 1587/2308/1361 1589/2309/1361
f 1598/2310/1396 1599/2289/1396 1597/2287/1396
f 1600/2288/1397 1601/2291/1397 1599/2289/1397
f 1601/2291/1398 1604/2292/1398 1603/2293/1398
f 1603/2293/1399 1606/2298/1399 1605/2294/1399
f 1600/2295/1400 1604/2296/1400 1602/2297/1400
f 1605/2294/1401 1608/2300/1401 1607/2299/1401
f 1608/2300/1402 1597/2301/1402 1607/2299/1402
f 1597/2302/1403 1605/2303/1403 1607/2304/1403
f 1604/2296/1400 1608/2311/1400 1606/2306/1400
f 1597/2302/1403 1601/2309/1403 1603/2307/1403
f 1610/2310/1404 1611/2289/1404 1609/2287/1404
f 1612/2288/1405 1613/2291/1405 1611/2289/1405
f 1614/2290/1406 1615/2293/1406 1613/2291/1406
f 1616/2292/1407 1617/2294/1407 1615/2293/1407
f 1612/2295/1358 1616/2296/1358 1614/2297/1358
f 1618/2298/1408 1619/2299/1408 1617/2294/1408
f 1620/2300/1409 1609/2301/1409 1619/2299/1409
f 1609/2302/1361 1617/2303/1361 1619/2304/1361
f 1610/2305/1358 1618/2306/1358 1616/2296/1358
f 1615/2307/1361 1611/2308/1361 1613/2309/1361
f 1622/2310/1382 1623/2289/1382 1621/2287/1382
f 1624/2288/1383 1625/2291/1383 1623/2289/1383
f 1626/2290/1384 1627/2293/1384 1625/2291/1384
f 1627/2293/1385 1630/2298/1385 1629/2294/1385
f 1622/2305/1386 1626/2297/1386 1624/2295/1386
f 1629/2294/1387 1632/2300/1387 1631/2299/1387
f 1631/2299/1388 1622/2312/1388 1621/2301/1388
f 1627/2307/1389 1631/2304/1389 1621/2302/1389
f 1628/2296/1386 1632/2311/1386 1630/2306/1386
f 1621/2302/1389 1625/2309/1389 1627/2307/1389
f 1634/2310/1410 1635/2289/1410 1633/2287/1410
f 1635/2289/1411 1638/2290/1411 1637/2291/1411
f 1637/2291/1412 1640/2292/1412 1639/2293/1412
f 1639/2293/1413 1642/2298/1413 1641/2294/1413
f 1634/2305/1414 1638/2297/1414 1636/2295/1414
f 1642/2298/1415 1643/2299/1415 1641/2294/1415
f 1644/2300/1416 1633/2301/1416 1643/2299/1416
f 1639/2307/1417 1643/2304/1417 1633/2302/1417
f 1634/2305/1414 1642/2306/1414 1640/2296/1414
f 1639/2307/1417 1635/2308/1417 1637/2309/1417
f 1513/2287/1346 1514/2310/1346 1516/2288/1346
f 1515/2289/1347 1516/2288/1347 1518/2290/1347
f 1517/2291/1348 1518/2290/1348 1520/2292/1348
f 1520/2292/1349 1522/2298/1349 1521/2294/1349
f 1516/2295/1350 1514/2305/1350 1520/2296/1350
f 1522/2298/1351 1524/2300/1351 1523/2299/1351
f 1524/2300/1352 1514/2312/1352 1513/2301/1352
f 1513/2302/1353 1519/2307/1353 1521/2303/1353
f 1514/2305/1350 1524/2311/1350 1522/2306/1350
f 1519/2307/1353 1513/2302/1353 1515/2308/1353
f 1526/2310/1354 1528/2288/1354 1527/2289/1354
f 1528/2288/1355 1530/2290/1355 1529/2291/1355
f 1530/2290/1356 1532/2292/1356 1531/2293/1356
f 1532/2292/1357 1534/2298/1357 1533/2294/1357
f 1528/2295/1358 1526/2305/1358 1532/2296/1358
f 1534/2298/1359 1536/2300/1359 1535/2299/1359
f 1536/2300/1360 1526/2312/1360 1525/2301/1360
f 1525/2302/1361 1531/2307/1361 1533/2303/1361
f 1526/2305/1358 1536/2311/1358 1534/2306/1358
f 1531/2307/1361 1525/2302/1361 1527/2308/1361
f 1537/2287/1418 1538/2310/1418 1540/2288/1418
f 1540/2288/1363 1542/2290/1363 1541/2291/1363
f 1541/2291/1364 1542/2290/1364 1544/2292/1364
f 1544/2292/1365 1546/2298/1365 1545/2294/1365
f 1540/2295/1366 1538/2305/1366 1544/2296/1366
f 1546/2298/1367 1548/2300/1367 1547/2299/1367
f 1548/2300/1368 1538/2312/1368 1537/2301/1368
f 1537/2302/1369 1543/2307/1369 1545/2303/1369
f 1538/2305/1366 1548/2311/1366 1546/2306/1366
f 1543/2307/1369 1537/2302/1369 1539/2308/1369
f 1550/2310/1370 1552/2288/1370 1551/2289/1370
f 1552/2288/1371 1554/2290/1371 1553/2291/1371
f 1554/2290/1372 1556/2292/1372 1555/2293/1372
f 1556/2292/1373 1558/2298/1373 1557/2294/1373
f 1550/2305/1358 1556/2296/1358 1554/2297/1358
f 1558/2298/1374 1560/2300/1374 1559/2299/1374
f 1560/2300/1375 1550/2312/1375 1549/2301/1375
f 1555/2307/1361 1557/2303/1361 1559/2304/1361
f 1556/2296/1358 1550/2305/1358 1560/2311/1358
f 1549/2302/1361 1551/2308/1361 1553/2309/1361
f 1562/2310/1376 1564/2288/1376 1563/2289/1376
f 1564/2288/1377 1566/2290/1377 1565/2291/1377
f 1566/2290/1378 1568/2292/1378 1567/2293/1378
f 1568/2292/1379 1570/2298/1379 1569/2294/1379
f 1562/2305/1358 1568/2296/1358 1566/2297/1358
f 1570/2298/1380 1572/2300/1380 1571/2299/1380
f 1572/2300/1381 1562/2312/1381 1561/2301/1381
f 1561/2302/1361 1567/2307/1361 1569/2303/1361
f 1562/2305/1358 1572/2311/1358 1570/2306/1358
f 1567/2307/1361 1561/2302/1361 1563/2308/1361
f 1574/2310/1382 1576/2288/1382 1575/2289/1382
f 1576/2288/1383 1578/2290/1383 1577/2291/1383
f 1578/2290/1384 1580/2292/1384 1579/2293/1384
f 1579/2293/1385 1580/2292/1385 1582/2298/1385
f 1574/2305/1386 1580/2296/1386 1578/2297/1386
f 1581/2294/1387 1582/2298/1387 1584/2300/1387
f 1583/2299/1388 1584/2300/1388 1574/2312/1388
f 1579/2307/1389 1581/2303/1389 1583/2304/1389
f 1580/2296/1386 1574/2305/1386 1584/2311/1386
f 1573/2302/1389 1575/2308/1389 1577/2309/1389
f 1586/2310/1390 1588/2288/1390 1587/2289/1390
f 1588/2288/1391 1590/2290/1391 1589/2291/1391
f 1590/2290/1392 1592/2292/1392 1591/2293/1392
f 1592/2292/1393 1594/2298/1393 1593/2294/1393
f 1588/2295/1358 1586/2305/1358 1592/2296/1358
f 1594/2298/1394 1596/2300/1394 1595/2299/1394
f 1596/2300/1395 1586/2312/1395 1585/2301/1395
f 1585/2302/1361 1591/2307/1361 1593/2303/1361
f 1586/2305/1358 1596/2311/1358 1594/2306/1358
f 1591/2307/1361 1585/2302/1361 1587/2308/1361
f 1598/2310/1396 1600/2288/1396 1599/2289/1396
f 1600/2288/1397 1602/2290/1397 1601/2291/1397
f 1601/2291/1398 1602/2290/1398 1604/2292/1398
f 1603/2293/1399 1604/2292/1399 1606/2298/1399
f 1600/2295/1400 1598/2305/1400 1604/2296/1400
f 1605/2294/1401 1606/2298/1401 1608/2300/1401
f 1608/2300/1402 1598/2312/1402 1597/2301/1402
f 1597/2302/1403 1603/2307/1403 1605/2303/1403
f 1604/2296/1400 1598/2305/1400 1608/2311/1400
f 1597/2302/1403 1599/2308/1403 1601/2309/1403
f 1610/2310/1404 1612/2288/1404 1611/2289/1404
f 1612/2288/1405 1614/2290/1405 1613/2291/1405
f 1614/2290/1406 1616/2292/1406 1615/2293/1406
f 1616/2292/1407 1618/2298/1407 1617/2294/1407
f 1612/2295/1358 1610/2305/1358 1616/2296/1358
f 1618/2298/1408 1620/2300/1408 1619/2299/1408
f 1620/2300/1409 1610/2312/1409 1609/2301/1409
f 1609/2302/1361 1615/2307/1361 1617/2303/1361
f 1610/2305/1358 1620/2311/1358 1618/2306/1358
f 1615/2307/1361 1609/2302/1361 1611/2308/1361
f 1622/2310/1382 1624/2288/1382 1623/2289/1382
f 1624/2288/1383 1626/2290/1383 1625/2291/1383
f 1626/2290/1384 1628/2292/1384 1627/2293/1384
f 1627/2293/1385 1628/2292/1385 1630/2298/1385
f 1622/2305/1386 1628/2296/1386 1626/2297/1386
f 1629/2294/1387 1630/2298/1387 1632/2300/1387
f 1631/2299/1388 1632/2300/1388 1622/2312/1388
f 1627/2307/1389 1629/2303/1389 1631/2304/1389
f 1628/2296/1386 1622/2305/1386 1632/2311/1386
f 1621/2302/1389 1623/2308/1389 1625/2309/1389
f 1634/2310/1410 1636/2288/1410 1635/2289/1410
f 1635/2289/1411 1636/2288/1411 1638/2290/1411
f 1637/2291/1412 1638/2290/1412 1640/2292/1412
f 1639/2293/1413 1640/2292/1413 1642/2298/1413
f 1634/2305/1414 1640/2296/1414 1638/2297/1414
f 1642/2298/1415 1644/2300/1415 1643/2299/1415
f 1644/2300/1416 1634/2312/1416 1633/2301/1416
f 1639/2307/1417 1641/2303/1417 1643/2304/1417
f 1634/2305/1414 1644/2311/1414 1642/2306/1414
f 1639/2307/1417 1633/2302/1417 1635/2308/1417
