# Blender 4.2.1 LTS
# www.blender.org
mtllib pallet_cluster_2.mtl
g pallet_cluster_2_Mesh
v 0.132502 0.405791 -0.203793
v -0.158807 0.405791 0.227896
v 0.226062 0.405791 -0.113168
v -0.036129 0.405791 0.275370
v 0.013451 0.405791 -0.256641
v -0.248739 0.405791 0.131897
v -0.102853 0.405791 -0.268151
v -0.288112 0.405791 0.006384
v 0.280258 0.405791 -0.009623
v 0.094998 0.405791 0.264912
v -0.269128 0.405791 -0.123782
v -0.195548 0.405791 -0.232821
v 0.282184 0.405791 0.089558
v 0.208603 0.405791 0.198597
v -0.158807 0.393578 0.227896
v -0.162599 0.384902 0.233516
v -0.288208 0.606958 0.162290
v -0.286666 0.587511 0.158104
v -0.254594 0.384902 0.135315
v -0.248739 0.393578 0.131897
v -0.329229 0.617497 0.010010
v -0.330009 0.597595 0.011196
v -0.294870 0.384902 0.006923
v -0.288112 0.393578 0.006384
v -0.307991 0.607741 -0.137708
v -0.308652 0.587835 -0.136694
v -0.275450 0.384902 -0.126228
v -0.269128 0.393578 -0.123782
v -0.215638 0.584552 -0.255722
v -0.216538 0.564638 -0.254544
v -0.200182 0.384902 -0.237768
v -0.195548 0.393578 -0.232821
v -0.116554 0.589936 -0.306460
v -0.117633 0.570048 -0.305133
v -0.104882 0.384902 -0.274619
v -0.102853 0.393578 -0.268151
v 0.015933 0.585320 -0.297458
v 0.015114 0.565293 -0.296246
v 0.014430 0.384902 -0.263349
v 0.013451 0.393578 -0.256641
v 0.133123 0.587617 -0.178474
v 0.132482 0.567591 -0.177097
v 0.136294 0.384902 -0.209412
v 0.132502 0.393578 -0.203793
v 0.279927 0.572942 -0.119373
v 0.279107 0.552975 -0.118296
v 0.231916 0.384902 -0.116586
v 0.226062 0.393578 -0.113168
v 0.321737 0.589984 -0.010482
v 0.320820 0.570039 -0.009547
v 0.287015 0.384902 -0.010161
v 0.280258 0.393578 -0.009623
v 0.320679 0.597065 0.106250
v 0.319857 0.577178 0.107431
v 0.288506 0.384902 0.092004
v 0.282184 0.393578 0.089558
v 0.237216 0.607790 0.229571
v 0.236400 0.587889 0.230742
v 0.213237 0.384902 0.203545
v 0.208603 0.393578 0.198597
v 0.104279 0.605311 0.313091
v 0.105794 0.585864 0.308896
v 0.097027 0.384902 0.271381
v 0.094998 0.393578 0.264912
v -0.183287 0.572484 0.265820
v -0.184821 0.591931 0.270012
v -0.037107 0.384902 0.282078
v -0.036129 0.393578 0.275370
v -0.044745 0.591343 0.323832
v -0.043220 0.571897 0.319636
v -0.178884 0.421291 0.257648
v -0.041635 0.382015 0.313124
v 0.106419 0.382015 0.301318
v -0.279736 0.421291 0.149991
v 0.234688 0.382015 0.226442
v -0.323890 0.421291 0.009237
v 0.317475 0.381924 0.103861
v -0.302601 0.421291 -0.136735
v 0.318446 0.381983 -0.011414
v -0.220086 0.421291 -0.259015
v 0.259526 0.382079 -0.131746
v -0.113595 0.421291 -0.302396
v 0.153880 0.382071 -0.235472
v 0.018631 0.421291 -0.292156
v 0.018156 0.382079 -0.294626
v 0.152579 0.421291 -0.233543
v -0.115483 0.381983 -0.304234
v 0.257058 0.421291 -0.131263
v -0.222018 0.381924 -0.260196
v 0.316036 0.421291 -0.012476
v -0.304711 0.382015 -0.137552
v 0.315656 0.421291 0.102511
v -0.326146 0.382015 0.009417
v 0.233141 0.421291 0.224790
v -0.281690 0.382015 0.151132
v 0.105742 0.421291 0.299159
v -0.260951 0.376528 0.139026
v -0.041308 0.421291 0.310885
v -0.302208 0.376528 0.007508
v -0.176205 0.555809 0.253534
v 0.318991 0.598336 -0.010840
v -0.162526 0.760110 0.270019
v -0.263070 0.766829 0.134798
v 0.276516 0.581787 -0.118414
v -0.276456 0.570380 0.149079
v -0.280893 0.627077 0.161246
v -0.302716 0.754556 0.031976
v 0.275197 0.544093 -0.116765
v -0.320626 0.577821 0.011552
v -0.318291 0.635827 0.008090
v -0.302071 0.765461 -0.123193
v 0.316970 0.561349 -0.009534
v -0.299816 0.568408 -0.132157
v -0.297481 0.626415 -0.135618
v -0.225046 0.771847 -0.238086
v 0.295198 0.376782 0.094012
v -0.209706 0.545244 -0.246441
v -0.207371 0.603251 -0.249901
v -0.141830 0.782815 -0.290363
v 0.218270 0.376528 0.208917
v -0.114008 0.551233 -0.294633
v -0.111674 0.609240 -0.298095
v 0.024861 0.801659 -0.292934
v -0.282316 0.376528 -0.128885
v 0.016127 0.546622 -0.284097
v 0.018462 0.604629 -0.287559
v 0.098297 0.765422 -0.206664
v 0.131944 0.595284 -0.177516
v 0.125858 0.549151 -0.167665
v 0.128194 0.607158 -0.171126
v 0.259277 0.877462 -0.136502
v 0.131150 0.559667 -0.174518
v 0.267759 0.534094 -0.114292
v 0.270095 0.592101 -0.117753
v 0.336224 0.812158 -0.000236
v 0.099231 0.376528 0.278405
v 0.309783 0.551233 -0.008653
v 0.312119 0.609240 -0.012114
v 0.318704 0.783229 0.097213
v -0.204549 0.376782 -0.243223
v 0.309829 0.557961 0.104149
v 0.312164 0.615968 0.100687
v 0.239916 0.771701 0.208579
v 0.016699 0.593992 -0.294155
v 0.228645 0.568408 0.224455
v 0.230980 0.626415 0.220994
v 0.143249 0.798179 0.280790
v 0.015156 0.556450 -0.291834
v 0.104130 0.568784 0.295306
v 0.099693 0.625480 0.307475
v -0.026222 0.758364 0.291781
v -0.038169 0.376528 0.289362
v -0.040375 0.555239 0.305722
v -0.044812 0.611935 0.317890
v -0.182074 0.411875 0.262376
v -0.180642 0.612505 0.265702
v -0.105900 0.376558 -0.281865
v -0.114478 0.598348 -0.304096
v -0.116903 0.561230 -0.301156
v -0.166717 0.376528 0.239617
v -0.183650 0.600720 0.269096
v -0.044937 0.600138 0.322392
v -0.042093 0.563971 0.314541
v -0.180769 0.564553 0.261259
v 0.016354 0.376333 -0.270731
v -0.212611 0.592864 -0.253869
v -0.214641 0.555848 -0.251916
v 0.102635 0.613970 0.311755
v 0.105440 0.577800 0.303907
v 0.140527 0.376379 -0.215685
v -0.304676 0.616020 -0.136921
v -0.305561 0.578824 -0.135267
v 0.235303 0.616003 0.226683
v 0.233753 0.578980 0.228828
v 0.238042 0.376333 -0.121133
v -0.325626 0.625615 0.009260
v -0.327029 0.588590 0.011462
v 0.317909 0.605471 0.104270
v 0.316326 0.568254 0.106464
v 0.294116 0.376558 -0.011929
v -0.286029 0.615601 0.162423
v -0.283122 0.579430 0.154614
v -0.188993 0.404230 0.272627
v -0.188318 0.387930 0.271628
v -0.043743 0.387930 0.327574
v -0.043917 0.404230 0.328768
v 0.110789 0.387930 0.315251
v 0.111151 0.404230 0.316401
v 0.244671 0.387930 0.237098
v 0.245496 0.404230 0.237979
v 0.331385 0.387930 0.108597
v 0.332510 0.404230 0.109033
v 0.332848 0.387930 -0.013816
v 0.334050 0.404230 -0.013912
v 0.271624 0.387930 -0.139765
v 0.272665 0.404230 -0.140373
v 0.162013 0.387930 -0.247524
v 0.162687 0.404230 -0.248524
v 0.021065 0.387930 -0.308845
v 0.021239 0.404230 -0.310039
v -0.118644 0.387930 -0.318488
v -0.119005 0.404230 -0.319639
v -0.231616 0.387930 -0.271323
v -0.232440 0.404230 -0.272203
v -0.318330 0.387930 -0.142822
v -0.319455 0.404230 -0.143256
v -0.340703 0.387930 0.010578
v -0.341904 0.404230 0.010674
v -0.294302 0.387930 0.158493
v -0.295343 0.404230 0.159101
v -0.184902 0.372485 0.266566
v -0.289028 0.372485 0.155415
v 0.092152 0.490601 0.286703
v 0.097857 0.685158 0.282784
v 0.211967 0.504050 0.213298
v -0.292108 0.421291 0.157213
v -0.334615 0.372485 0.010092
v 0.215096 0.668770 0.214823
v -0.338171 0.421291 0.010376
v -0.312635 0.372485 -0.140618
v 0.287796 0.493602 0.101211
v -0.315961 0.421291 -0.141905
v -0.227440 0.372485 -0.266866
v 0.290402 0.650400 0.103592
v -0.229879 0.421291 -0.269469
v -0.116817 0.372485 -0.312661
v 0.286958 0.487013 -0.001759
v -0.117884 0.421291 -0.316065
v 0.020183 0.372485 -0.302803
v 0.289264 0.638535 0.000831
v 0.020698 0.421291 -0.306332
v 0.158597 0.372485 -0.242462
v 0.232464 0.481087 -0.109776
v 0.160592 0.421291 -0.245418
v 0.266350 0.372485 -0.136686
v 0.253604 0.630530 -0.093457
v 0.269430 0.421291 -0.138484
v 0.326760 0.372485 -0.013331
v 0.133183 0.479328 -0.187060
v 0.330316 0.421291 -0.013614
v 0.325690 0.372485 0.106394
v 0.083361 0.636950 -0.150190
v 0.329016 0.421291 0.107681
v 0.240496 0.372485 0.232642
v 0.008010 0.481013 -0.261288
v 0.242934 0.421291 0.235245
v 0.108962 0.372485 0.309424
v 0.008052 0.630302 -0.258953
v 0.110029 0.421291 0.312827
v -0.042861 0.372485 0.321531
v -0.112720 0.486672 -0.271434
v -0.043375 0.421291 0.325060
v -0.162599 0.366096 0.233516
v -0.254594 0.366096 0.135315
v -0.110339 0.638647 -0.268694
v -0.208445 0.493287 -0.233698
v -0.294870 0.366096 0.006923
v -0.205850 0.650405 -0.231357
v -0.275450 0.366096 -0.126228
v -0.284072 0.503888 -0.121282
v -0.200182 0.366096 -0.237768
v -0.280951 0.668781 -0.119642
v -0.104882 0.366096 -0.274619
v -0.302829 0.506200 0.011687
v 0.014430 0.366096 -0.263349
v -0.300017 0.685158 0.014294
v 0.136294 0.366096 -0.209412
v -0.037884 0.696353 0.293096
v 0.231916 0.366096 -0.116586
v -0.258782 0.696353 0.144031
v 0.287015 0.366096 -0.010161
v -0.165216 0.700319 0.243582
v 0.288506 0.366096 0.092004
v -0.040790 0.480748 0.290256
v 0.213237 0.366096 0.203545
v -0.264692 0.496996 0.148412
v 0.097027 0.366096 0.271381
v -0.168157 0.483023 0.240899
v -0.037107 0.366096 0.282078
v -0.238446 0.771483 0.143536
v -0.186897 0.421291 0.269523
v -0.284661 0.411875 0.152867
v -0.270426 0.581493 0.147301
v -0.273149 0.618910 0.155219
v -0.285143 0.789411 -0.010694
v -0.329576 0.411875 0.009691
v -0.312321 0.587441 0.010336
v -0.310580 0.625651 0.008061
v -0.276918 0.786914 -0.119371
v -0.307920 0.411875 -0.138794
v -0.291975 0.578297 -0.130218
v -0.290546 0.616518 -0.131499
v -0.205888 0.811221 -0.219439
v -0.224343 0.412009 -0.262673
v -0.044662 0.566339 0.331039
v -0.046637 0.591579 0.336456
v -0.046706 0.608855 0.331550
v -0.188406 0.609450 0.277107
v -0.191867 0.592188 0.280656
v -0.189892 0.566948 0.275239
v -0.183968 0.552754 0.264939
v -0.042268 0.552159 0.319383
v -0.204253 0.555043 -0.240338
v -0.202610 0.593485 -0.243195
v -0.163961 0.808757 -0.252022
v -0.116518 0.411900 -0.307524
v -0.112832 0.561729 -0.287459
v -0.110196 0.599649 -0.289797
v 0.015805 0.802405 -0.275245
v 0.018661 0.411767 -0.298077
v 0.109845 0.580821 0.319903
v 0.107870 0.606061 0.325320
v 0.104045 0.622986 0.320685
v 0.108482 0.566289 0.308517
v 0.013660 0.557212 -0.277405
v 0.014777 0.594558 -0.280629
v 0.090429 0.767476 -0.196821
v 0.155822 0.411790 -0.238349
v 0.244783 0.585172 0.239980
v 0.245823 0.610996 0.238440
v 0.240645 0.626641 0.231300
v 0.238310 0.568634 0.234761
v 0.120879 0.557631 -0.159523
v 0.122612 0.598931 -0.163116
v 0.243448 0.925642 -0.104629
v 0.262537 0.411767 -0.133506
v 0.331587 0.574003 0.111348
v 0.332626 0.599826 0.109807
v 0.325338 0.615743 0.105793
v 0.323003 0.557736 0.109255
v 0.262400 0.544860 -0.110004
v 0.264832 0.581872 -0.112214
v 0.300600 0.795113 -0.012072
v 0.321885 0.411900 -0.011686
v 0.332982 0.566623 -0.011401
v 0.334021 0.592446 -0.012942
v 0.326192 0.608607 -0.013218
v 0.323856 0.550601 -0.009758
v 0.302434 0.561665 -0.008232
v 0.303762 0.599967 -0.009432
v 0.306428 0.784143 0.093823
v 0.320642 0.412008 0.105090
v 0.287934 0.549033 -0.126635
v 0.288974 0.574857 -0.128176
v 0.282280 0.591187 -0.124850
v 0.279945 0.533180 -0.121388
v 0.302932 0.568320 0.101297
v 0.304360 0.605993 0.099077
v 0.217282 0.793133 0.205518
v 0.237040 0.411875 0.228953
v 0.139144 0.563929 -0.187354
v 0.140184 0.589752 -0.188895
v 0.136077 0.606143 -0.182809
v 0.133742 0.548136 -0.179349
v 0.223618 0.578257 0.218072
v 0.225027 0.616434 0.215707
v 0.070230 0.793921 0.251264
v 0.107449 0.411875 0.304600
v 0.020023 0.561561 -0.307425
v 0.021063 0.587384 -0.308966
v 0.020483 0.603715 -0.301514
v 0.018147 0.545708 -0.298053
v 0.100923 0.579935 0.289980
v 0.097917 0.617322 0.297816
v -0.027014 0.769227 0.275531
v -0.165339 0.779767 0.233096
v -0.120142 0.566623 -0.317174
v -0.119102 0.592446 -0.318716
v -0.115915 0.608607 -0.311558
v -0.118251 0.550601 -0.308098
v -0.042131 0.411875 0.316529
v -0.040075 0.566719 0.300143
v -0.172607 0.567275 0.249222
v -0.180150 0.382015 0.259524
v -0.224524 0.561285 -0.263924
v -0.223485 0.587108 -0.265464
v -0.217036 0.603025 -0.260207
v -0.219371 0.545018 -0.256746
v -0.175402 0.604713 0.257051
v -0.042979 0.604147 0.307940
v -0.272782 0.411365 0.145977
v -0.316005 0.411265 0.008692
v -0.320253 0.585172 -0.141313
v -0.319213 0.610996 -0.142854
v -0.310654 0.626641 -0.140724
v -0.312990 0.568634 -0.137263
v -0.295486 0.411092 -0.133846
v -0.215785 0.410636 -0.253449
v -0.112640 0.410581 -0.295512
v 0.016803 0.410390 -0.285765
v -0.342504 0.595236 0.012341
v -0.341464 0.621060 0.010801
v -0.332364 0.636460 0.009194
v -0.334700 0.578453 0.012656
v 0.149113 0.410163 -0.228333
v 0.251764 0.410419 -0.127166
v 0.309294 0.410581 -0.010786
v 0.308886 0.410636 0.100605
v -0.297082 0.582528 0.163553
v -0.299057 0.607769 0.168971
v -0.292990 0.624652 0.168137
v -0.288552 0.567955 0.155969
v 0.227799 0.411092 0.219273
v 0.103296 0.411265 0.291642
v -0.174370 0.411397 0.250959
v -0.040189 0.411365 0.302934
v -0.283542 0.390723 0.152213
v -0.284344 0.403341 0.152680
v -0.328284 0.390723 0.009588
v -0.329208 0.403341 0.009662
v -0.306711 0.390723 -0.138326
v -0.307577 0.403341 -0.138660
v -0.223710 0.390741 -0.261700
v -0.224352 0.403334 -0.262365
v -0.116589 0.390701 -0.306196
v -0.116897 0.403348 -0.307078
v 0.018120 0.390694 -0.296733
v 0.018234 0.403351 -0.297661
v 0.155042 0.390710 -0.237194
v 0.155563 0.403346 -0.237966
v -0.172284 0.702149 0.254056
v -0.269682 0.697934 0.150489
v -0.039794 0.697934 0.305620
v -0.312697 0.686126 0.015431
v -0.292808 0.669063 -0.124367
v -0.213956 0.650124 -0.241217
v -0.112482 0.638038 -0.281265
v 0.014168 0.629758 -0.270147
v 0.090915 0.636206 -0.160457
v 0.262539 0.629758 -0.102544
v 0.301762 0.638038 -0.001729
v 0.302598 0.650124 0.107360
v 0.223746 0.669063 0.224210
v 0.101547 0.686126 0.294968
v -0.175297 0.483305 0.251479
v -0.275684 0.497281 0.154902
v -0.042695 0.481032 0.302877
v -0.316318 0.513663 0.014608
v -0.295976 0.504462 -0.125862
v -0.216620 0.494251 -0.243457
v -0.114825 0.487735 -0.283981
v 0.012045 0.483270 -0.273189
v 0.140157 0.482645 -0.197227
v 0.241933 0.483270 -0.118057
v 0.299419 0.487735 -0.004444
v 0.299933 0.494251 0.105119
v 0.220578 0.504462 0.222715
v 0.095859 0.490914 0.298916
v 0.261493 0.390694 -0.132502
v 0.262311 0.403351 -0.132955
v 0.320679 0.390701 -0.011122
v 0.321613 0.403348 -0.011166
v 0.319503 0.390741 0.104867
v 0.320360 0.403335 0.105214
v 0.236154 0.390723 0.228007
v 0.236788 0.403341 0.228684
v 0.107060 0.390723 0.303364
v 0.107338 0.403341 0.304248
v -0.181349 0.390723 0.261301
v -0.041945 0.390724 0.315246
v -0.181868 0.403341 0.262070
v -0.042078 0.403341 0.316164
v -0.037861 0.397929 0.287247
v -0.038857 0.388888 0.294080
v 0.098591 0.397929 0.276365
v 0.100658 0.388888 0.282954
v 0.216809 0.397929 0.207357
v 0.221530 0.388888 0.212397
v 0.293665 0.398052 0.092900
v 0.300121 0.388877 0.095511
v 0.291881 0.397894 -0.012670
v 0.298809 0.388849 -0.013050
v 0.235695 0.397808 -0.120401
v 0.241676 0.388874 -0.123795
v 0.139232 0.397852 -0.213766
v 0.143078 0.388891 -0.219465
v 0.016553 0.397808 -0.268281
v 0.017463 0.388874 -0.275098
v -0.104377 0.397894 -0.280070
v -0.106617 0.388849 -0.286636
v -0.202942 0.398052 -0.242218
v -0.207781 0.388878 -0.247227
v -0.280323 0.397929 -0.128114
v -0.286762 0.388888 -0.130605
v -0.300078 0.397929 0.007338
v -0.306961 0.388888 0.007887
v -0.259105 0.397929 0.137949
v -0.265069 0.388888 0.141430
v -0.169384 0.388888 0.243570
v -0.165522 0.397929 0.237846
v 0.215158 0.414221 0.205595
v 0.291540 0.414026 0.092321
v -0.201611 0.414026 -0.240464
v -0.278071 0.414221 -0.127243
v 0.097868 0.414221 0.274061
v 0.289561 0.414204 -0.012006
v -0.297671 0.414221 0.007146
v -0.104124 0.414204 -0.277670
v -0.257020 0.414221 0.136731
v 0.015862 0.414383 -0.265771
v -0.037513 0.414221 0.284858
v 0.233626 0.414383 -0.118821
v -0.164171 0.414221 0.235844
v 0.137805 0.414342 -0.211652
v -0.268425 0.405791 0.069141
v -0.052355 0.483842 -0.266361
v -0.044701 0.405791 -0.262396
v -0.285182 0.493799 0.083330
v -0.274732 0.384902 0.071119
v -0.268425 0.393578 0.069141
v -0.045227 0.384902 -0.268984
v -0.044701 0.393578 -0.262396
v -0.051143 0.634475 -0.263823
v -0.279399 0.690756 0.079162
v -0.307484 0.600953 0.082682
v -0.306704 0.620855 0.081501
v -0.048883 0.404230 -0.314839
v -0.048790 0.387930 -0.313667
v -0.318624 0.404230 0.084888
v -0.317502 0.387930 0.084536
v -0.051260 0.567671 -0.300690
v -0.050310 0.587628 -0.301959
v -0.047482 0.421291 -0.297276
v -0.301813 0.421291 0.079614
v -0.046606 0.606934 -0.292827
v -0.048941 0.548928 -0.289366
v -0.042477 0.800083 -0.292511
v -0.304729 0.591915 0.082239
v -0.296448 0.639084 0.077413
v -0.298784 0.581077 0.080875
v -0.303320 0.628941 0.080055
v -0.290096 0.740255 0.091469
v -0.050874 0.558840 -0.296495
v -0.048889 0.596170 -0.299125
v -0.307119 0.411875 0.081279
v -0.048928 0.411833 -0.302801
v -0.311821 0.372485 0.082754
v -0.044774 0.376446 -0.276298
v -0.048316 0.372485 -0.307732
v -0.281579 0.376528 0.073267
v -0.274732 0.366096 0.071119
v -0.045227 0.366096 -0.268984
v -0.048664 0.382031 -0.299430
v -0.303918 0.382015 0.080275
v -0.048593 0.421291 -0.311198
v -0.315139 0.421291 0.083795
v -0.047716 0.606161 -0.306536
v -0.050052 0.548154 -0.303076
v -0.309577 0.639857 0.081514
v -0.311929 0.581354 0.085013
v -0.272849 0.756061 0.069000
v -0.291008 0.590619 0.077977
v -0.289266 0.628838 0.075644
v -0.049020 0.589915 -0.313841
v -0.050060 0.564092 -0.312300
v -0.323017 0.621501 0.096246
v -0.321042 0.596261 0.090829
v -0.044610 0.800672 -0.280641
v -0.049586 0.559470 -0.282432
v -0.047710 0.597104 -0.285213
v -0.294393 0.411315 0.077334
v -0.291189 0.692030 0.082960
v -0.049157 0.633898 -0.275706
v -0.297034 0.494098 0.087141
v -0.051390 0.485502 -0.278585
v -0.047918 0.410486 -0.290638
v -0.305913 0.390723 0.080900
v -0.306776 0.403341 0.081171
v -0.049234 0.390698 -0.301465
v -0.049331 0.403350 -0.302370
v -0.043912 0.397851 -0.274175
v -0.044577 0.388862 -0.280867
v -0.279592 0.397929 0.072644
v -0.286015 0.388888 0.074658
v -0.044131 0.414294 -0.271720
v -0.277345 0.414221 0.071939
v 0.272745 0.495676 0.123459
v 0.074680 0.405791 -0.118107
v 0.174020 0.405791 -0.036048
v -0.038591 0.405791 -0.179520
v -0.139625 0.405791 -0.213658
v 0.243485 0.405791 0.044870
v -0.210153 0.405791 -0.211178
v -0.223456 0.495392 -0.211385
v 0.267579 0.405791 0.111201
v -0.215122 0.384902 -0.215629
v -0.210153 0.393578 -0.211178
v 0.275455 0.654047 0.125670
v -0.220757 0.654053 -0.209183
v 0.273566 0.384902 0.114144
v 0.267579 0.393578 0.111201
v 0.315239 0.404230 0.134627
v 0.314174 0.387930 0.134103
v -0.249712 0.404230 -0.246608
v -0.248827 0.387930 -0.245817
v -0.234821 0.569243 -0.231152
v -0.233969 0.589155 -0.232298
v 0.299278 0.421291 0.126782
v -0.236464 0.421291 -0.234744
v 0.303292 0.579304 0.131907
v 0.304112 0.599194 0.130728
v 0.296050 0.618042 0.124567
v 0.293715 0.560035 0.128028
v 0.303116 0.781073 0.120284
v -0.225256 0.607849 -0.227217
v -0.227592 0.549842 -0.223757
v -0.264640 0.748309 -0.201043
v -0.232687 0.560409 -0.228762
v -0.230885 0.597460 -0.230656
v 0.299936 0.570383 0.130752
v 0.301513 0.607562 0.128568
v -0.240932 0.411982 -0.238084
v 0.304048 0.411982 0.129675
v 0.279929 0.376731 0.116820
v -0.244351 0.372485 -0.241807
v -0.219985 0.376731 -0.220528
v 0.308780 0.372485 0.131453
v 0.301043 0.381942 0.128192
v -0.215122 0.366096 -0.215629
v 0.273566 0.366096 0.114144
v -0.238431 0.381942 -0.235852
v 0.311930 0.421291 0.133001
v -0.246966 0.421291 -0.244149
v 0.308527 0.617906 0.130705
v 0.306192 0.559899 0.134166
v -0.235619 0.607712 -0.236491
v -0.237954 0.549706 -0.233030
v 0.315397 0.602043 0.135339
v 0.314357 0.576220 0.136880
v -0.242486 0.591850 -0.241127
v -0.243526 0.566026 -0.239587
v -0.232287 0.778673 -0.201046
v -0.221665 0.559659 -0.218481
v -0.220064 0.598057 -0.221024
v 0.291511 0.781922 0.115754
v 0.287189 0.570293 0.124475
v 0.288613 0.608066 0.122226
v -0.231605 0.410727 -0.229709
v -0.229608 0.653883 -0.218024
v 0.286947 0.653883 0.130553
v -0.232372 0.496278 -0.220116
v 0.284182 0.496278 0.128461
v 0.292791 0.410727 0.124160
v -0.240185 0.390738 -0.237211
v -0.240871 0.403336 -0.237811
v 0.302959 0.390738 0.129309
v 0.303772 0.403336 0.129721
v 0.278410 0.398028 0.115618
v 0.284522 0.388880 0.118711
v -0.218302 0.398028 -0.219570
v -0.223458 0.388880 -0.224079
v 0.276379 0.414065 0.114805
v -0.216787 0.414065 -0.217991
v 0.251512 0.414207 0.044775
v -0.142541 0.414207 -0.221137
v -0.038302 0.414351 -0.185879
v 0.179808 0.414351 -0.038695
v 0.077866 0.414318 -0.122828
v -0.090421 0.414279 -0.203508
v -0.089108 0.405791 -0.196589
v 0.224526 0.480947 -0.115955
v 0.218581 0.405791 -0.120414
v -0.050973 0.480930 0.286309
v -0.045938 0.405791 0.271574
v 0.239993 0.631044 -0.097993
v 0.224271 0.384902 -0.124008
v 0.218581 0.393578 -0.120414
v -0.048065 0.696670 0.289137
v -0.047141 0.384902 0.278195
v -0.045938 0.393578 0.271574
v -0.055516 0.404230 0.324279
v -0.055302 0.387930 0.323101
v 0.263872 0.404230 -0.149020
v 0.262860 0.387930 -0.148381
v -0.052308 0.421291 0.306628
v 0.248705 0.421291 -0.139441
v 0.267384 0.554144 -0.122997
v 0.268189 0.574115 -0.124098
v -0.055672 0.611981 0.313718
v -0.051235 0.555285 0.301550
v -0.037119 0.758504 0.290041
v 0.258749 0.593305 -0.122020
v 0.256414 0.535298 -0.118559
v 0.246614 0.885584 -0.138970
v -0.054419 0.571944 0.315333
v -0.055944 0.591390 0.319529
v 0.263680 0.545338 -0.121383
v 0.264957 0.582866 -0.123140
v -0.053181 0.564018 0.310281
v -0.056028 0.600184 0.318130
v 0.254005 0.411769 -0.141889
v -0.053320 0.411875 0.312199
v -0.048447 0.376528 0.285385
v 0.230246 0.376337 -0.128693
v 0.257735 0.372485 -0.145143
v -0.052710 0.382015 0.308838
v -0.054218 0.372485 0.317136
v 0.224271 0.366096 -0.124008
v 0.251079 0.382078 -0.140039
v -0.047141 0.366096 0.278195
v -0.054851 0.421291 0.320620
v 0.260728 0.421291 -0.147034
v -0.058035 0.608903 0.327198
v -0.053597 0.552207 0.315030
v 0.270591 0.592383 -0.129484
v 0.268256 0.534376 -0.126023
v -0.058249 0.591627 0.331995
v -0.056273 0.566387 0.326578
v 0.277078 0.576047 -0.133031
v 0.276038 0.550224 -0.131490
v 0.235343 0.912364 -0.112317
v 0.251085 0.545881 -0.113963
v 0.253462 0.583236 -0.116284
v -0.038074 0.770070 0.272138
v -0.050671 0.566763 0.296072
v -0.053566 0.604193 0.303872
v -0.050387 0.698271 0.301497
v 0.248817 0.630274 -0.107174
v -0.053297 0.481214 0.298768
v 0.233796 0.483220 -0.124387
v 0.243557 0.410399 -0.135255
v -0.050917 0.411367 0.298778
v 0.252982 0.390695 -0.140873
v 0.253777 0.403350 -0.141351
v -0.053091 0.390724 0.310933
v -0.053255 0.403341 0.311839
v -0.048068 0.397929 0.283298
v -0.049294 0.388888 0.290042
v 0.227983 0.397811 -0.127866
v 0.233793 0.388876 -0.131444
v -0.047639 0.414221 0.280939
v 0.225965 0.414380 -0.126243
v 0.171657 0.414348 -0.045422
v 0.166077 0.405791 -0.042609
v -0.086020 0.481556 0.272728
v -0.079694 0.405791 0.258511
v 0.192837 0.393578 -0.145351
v -0.083102 0.697761 0.275512
v -0.081671 0.384902 0.264832
v -0.095435 0.404230 0.308831
v -0.095084 0.387930 0.307707
v -0.090164 0.421291 0.291980
v 0.227037 0.558166 -0.139177
v -0.093048 0.612138 0.299357
v 0.217368 0.539441 -0.133246
v 0.205470 0.809404 -0.159029
v -0.094488 0.591552 0.304720
v 0.224043 0.549623 -0.137274
v -0.094196 0.600344 0.303465
v -0.091827 0.411875 0.297298
v -0.083819 0.376528 0.271697
v -0.090824 0.382015 0.294090
v -0.093302 0.372485 0.302012
v -0.081671 0.366096 0.264832
v -0.094342 0.421291 0.305338
v -0.097025 0.609067 0.312217
v 0.228026 0.538491 -0.141971
v -0.098211 0.591795 0.316641
v 0.235096 0.554323 -0.148197
v 0.194869 0.828788 -0.137617
v 0.212144 0.549395 -0.127589
v -0.090004 0.604348 0.289869
v -0.086843 0.699431 0.287309
v -0.089784 0.481839 0.284625
v -0.087839 0.411376 0.284477
v -0.091449 0.390724 0.296089
v -0.091720 0.403341 0.296955
v -0.085209 0.388888 0.276143
v 0.201439 0.397823 -0.153557
v -0.082491 0.414221 0.267452
v 0.138742 0.405791 -0.065189
v 0.197207 0.480462 -0.137221
v 0.192837 0.405791 -0.145351
v 0.193148 0.632810 -0.113604
v 0.197959 0.384902 -0.149550
v -0.079694 0.393578 0.258511
v 0.233610 0.404230 -0.178779
v 0.232699 0.387930 -0.178032
v 0.219956 0.421291 -0.167584
v 0.227795 0.578153 -0.140361
v -0.088610 0.555441 0.287189
v -0.074625 0.758984 0.284053
v 0.219704 0.597448 -0.136707
v -0.092960 0.572105 0.300525
v 0.225176 0.586580 -0.139402
v -0.091340 0.564178 0.295619
v 0.224641 0.411775 -0.170738
v 0.203413 0.376350 -0.154710
v 0.228085 0.372485 -0.174249
v 0.197959 0.366096 -0.149550
v 0.222009 0.382076 -0.168581
v 0.230780 0.421291 -0.176459
v -0.092588 0.552370 0.300049
v 0.230361 0.596498 -0.145432
v -0.096235 0.566555 0.311224
v 0.236136 0.580146 -0.149738
v 0.214328 0.587930 -0.130290
v -0.076136 0.772970 0.260462
v -0.087139 0.566916 0.282060
v 0.201593 0.632048 -0.123110
v 0.205791 0.483048 -0.146172
v 0.215311 0.410328 -0.163092
v 0.223691 0.390700 -0.169680
v 0.224403 0.403349 -0.170246
v -0.083195 0.397929 0.269704
v 0.206662 0.388880 -0.157769
v 0.199598 0.414369 -0.151787
v 0.143607 0.414339 -0.068572
v -0.625520 -0.020659 0.222020
v -0.625520 0.173866 0.222020
v 0.005966 -0.020660 -0.868026
v 0.005967 0.173864 -0.868026
v 0.471050 -0.020659 0.857286
v 0.471050 0.173866 0.857286
v 0.615529 0.112419 -0.474952
v -0.210299 0.143142 -0.836018
v 0.892516 0.173865 0.451665
v 0.869806 0.173865 0.490866
v -0.506009 0.173865 -0.306172
v -0.483299 0.173865 -0.345373
v 0.982728 0.173865 0.295944
v 0.960018 0.173865 0.335145
v -0.415797 0.173865 -0.461893
v -0.393087 0.173865 -0.501094
v 1.072940 0.173865 0.140223
v 1.050231 0.173865 0.179424
v -0.325584 0.173865 -0.617614
v -0.302875 0.173865 -0.656815
v 0.726441 0.112419 -0.407578
v 1.140443 0.173864 0.023703
v -0.235372 0.173864 -0.773335
v -0.212662 0.173864 -0.812536
v 0.610672 -0.020659 0.938172
v 0.610672 0.173866 0.938172
v -0.150981 0.143142 -0.919006
v 0.866346 -0.020660 -0.311556
v -0.133657 -0.020660 -0.948913
v -0.133656 0.173864 -0.948913
v -0.765142 0.173866 0.141134
v -0.765143 -0.020659 0.141134
v -0.073040 -0.020660 -0.731650
v -0.185962 -0.020660 -0.536727
v -0.253464 -0.020660 -0.420208
v -0.366386 -0.020659 -0.225286
v -0.433889 -0.020659 -0.108766
v -0.546811 -0.020659 0.086156
v -0.524101 0.173865 0.046955
v -0.546811 0.173865 0.086156
v -0.433889 0.173865 -0.108766
v -0.456599 0.173865 -0.069565
v -0.343676 0.173865 -0.264487
v -0.366386 0.173865 -0.225286
v -0.253464 0.173865 -0.420208
v -0.276174 0.173865 -0.381006
v -0.163252 0.173865 -0.575929
v -0.185962 0.173865 -0.536727
v -0.073040 0.173864 -0.731650
v -0.095749 0.173864 -0.692448
v 0.549758 -0.020659 0.721422
v 0.662681 -0.020659 0.526500
v 0.730184 -0.020659 0.409980
v 0.843106 -0.020660 0.215058
v 0.910608 -0.020660 0.098538
v 0.458323 0.173864 -0.566024
v 1.000821 0.173864 -0.057183
v -0.189739 0.143142 -0.871508
v 0.910608 0.173865 0.098538
v 0.933318 0.173865 0.059337
v 0.820396 0.173865 0.254259
v 0.843106 0.173865 0.215058
v 0.730184 0.173865 0.409980
v 0.752893 0.173865 0.370779
v 0.639971 0.173865 0.565701
v 0.662681 0.173865 0.526500
v 0.549759 0.173865 0.721422
v 0.572469 0.173865 0.682221
v -0.573511 0.173865 -0.189652
v -0.596221 0.173865 -0.150451
v 0.779593 0.173865 0.646587
v 0.802303 0.173865 0.607386
v -0.663723 0.173865 -0.033931
v -0.686433 0.173865 0.005270
v 0.689381 0.173865 0.802308
v 0.712091 0.173865 0.763107
v 0.692313 0.143142 -0.360518
v -0.212662 -0.020660 -0.812536
v 1.050231 -0.020660 0.179424
v -0.325584 -0.020660 -0.617614
v 0.982728 -0.020660 0.295944
v -0.393087 -0.020660 -0.501094
v 0.869806 -0.020659 0.490866
v -0.506009 -0.020659 -0.306172
v 0.802303 -0.020659 0.607386
v -0.573512 -0.020659 -0.189652
v 0.689381 -0.020659 0.802308
v -0.686433 -0.020659 0.005270
v 0.892516 0.112419 0.451665
v -0.625520 0.008427 0.222020
v -0.625520 0.112420 0.222020
v 0.005967 0.112419 -0.868026
v 0.005966 0.008425 -0.868026
v -0.159398 -0.020660 -0.923882
v 0.615533 0.173864 -0.474949
v -0.765143 0.008427 0.141134
v -0.765142 0.112420 0.141134
v 0.471050 0.112420 0.857286
v 0.471050 0.008427 0.857286
v -0.235372 0.112419 -0.773335
v -0.212662 0.112419 -0.812536
v -0.212662 0.008426 -0.812536
v -0.415797 0.112419 -0.461893
v -0.483299 0.112419 -0.345373
v -0.686433 0.008426 0.005270
v -0.686433 0.112420 0.005270
v 0.689381 0.112420 0.802308
v 0.689381 0.008426 0.802308
v 0.960018 0.112419 0.335145
v 1.072940 0.112419 0.140223
v 0.678463 0.143142 -0.328002
v 1.170336 0.112419 -0.030052
v 0.610672 0.112420 0.938172
v 0.610672 0.008427 0.938172
v 0.615526 0.008425 -0.474953
v 0.615533 -0.020660 -0.474949
v -0.133656 0.112419 -0.948913
v -0.133657 0.008425 -0.948913
v 1.140443 0.112419 0.023703
v 1.050231 0.112419 0.179424
v 1.050231 0.008426 0.179424
v -0.325584 0.008426 -0.617614
v -0.325584 0.112419 -0.617614
v -0.393087 0.112419 -0.501094
v -0.393087 0.008426 -0.501094
v -0.596221 0.112420 -0.150451
v -0.663723 0.112420 -0.033931
v 0.802303 0.008426 0.607386
v 0.802303 0.112420 0.607386
v 0.869806 0.112420 0.490866
v 0.869806 0.008426 0.490866
v 0.982728 0.008426 0.295944
v 0.982728 0.112419 0.295944
v 0.779593 0.112420 0.646587
v 0.712091 0.112420 0.763107
v -0.573511 0.112420 -0.189652
v -0.573512 0.008426 -0.189652
v -0.506009 0.008426 -0.306172
v -0.506009 0.112420 -0.306172
v -0.302875 0.112419 -0.656815
v 0.632858 -0.020660 -0.504855
v 0.475648 -0.020660 -0.595930
v 0.475648 0.173864 -0.595930
v 0.632858 0.173864 -0.504855
v -0.155838 -0.020659 0.494117
v 0.001372 -0.020659 0.585191
v 0.001372 0.173866 0.585191
v -0.155838 0.173866 0.494117
v 0.373932 0.173864 -0.420352
v 0.531142 0.173864 -0.329277
v 0.553852 0.173864 -0.368479
v 0.396643 0.173864 -0.459553
v 0.283720 0.173865 -0.264631
v 0.440930 0.173865 -0.173557
v 0.463640 0.173865 -0.212758
v 0.306430 0.173865 -0.303832
v 0.193508 0.173865 -0.108910
v 0.350718 0.173865 -0.017835
v 0.373427 0.173865 -0.057037
v 0.216218 0.173865 -0.148111
v 0.103296 0.173865 0.046811
v 0.260505 0.173865 0.137885
v 0.283215 0.173865 0.098684
v 0.126006 0.173865 0.007610
v 0.013083 0.173865 0.202532
v 0.170293 0.173865 0.293607
v 0.193003 0.173865 0.254405
v 0.035793 0.173865 0.163330
v -0.077129 0.173865 0.358253
v 0.080081 0.173865 0.449327
v 0.102790 0.173865 0.410126
v -0.054419 0.173865 0.319052
v 0.396643 -0.020660 -0.459553
v 0.553852 -0.020660 -0.368478
v 0.440930 -0.020660 -0.173556
v 0.283720 -0.020660 -0.264631
v 0.216218 -0.020660 -0.148111
v 0.373427 -0.020660 -0.057036
v 0.260505 -0.020659 0.137886
v 0.103295 -0.020659 0.046811
v 0.035793 -0.020659 0.163331
v 0.193003 -0.020659 0.254405
v 0.080081 -0.020659 0.449327
v -0.077129 -0.020659 0.358253
v 0.001372 0.008427 0.585191
v -0.155838 0.008427 0.494117
v 0.001372 0.112420 0.585191
v -0.155838 0.112420 0.494117
v 0.475648 0.008425 -0.595930
v 0.632858 0.008425 -0.504855
v 0.475648 0.112419 -0.595930
v 0.632858 0.112419 -0.504855
v 0.892516 0.143142 0.451665
v -0.625520 0.143143 0.222020
v -0.765142 0.143143 0.141134
v -0.235372 0.143142 -0.773335
v -0.415797 0.143142 -0.461893
v -0.686433 0.143143 0.005270
v 1.072940 0.143142 0.140223
v 1.160824 0.143142 -0.040554
v -0.325584 0.143142 -0.617614
v -0.596221 0.143142 -0.150451
v 0.802303 0.143142 0.607386
v 0.982728 0.143142 0.295944
v 0.712091 0.143143 0.763107
v -0.506009 0.143142 -0.306172
v 0.005967 0.143142 -0.868026
v 0.717787 0.143142 -0.404482
v 0.471050 0.143143 0.857286
v -0.212662 0.143142 -0.812536
v -0.483299 0.143142 -0.345373
v 0.689381 0.143143 0.802308
v 0.960018 0.143142 0.335145
v 0.610672 0.143143 0.938172
v -0.159398 0.143142 -0.923882
v -0.133656 0.143142 -0.948913
v 1.140443 0.143142 0.023703
v 1.050231 0.143142 0.179424
v -0.393087 0.143142 -0.501094
v -0.663723 0.143143 -0.033931
v 0.869806 0.143142 0.490866
v 0.779593 0.143142 0.646587
v -0.573511 0.143142 -0.189652
v -0.302875 0.143142 -0.656815
v 0.001372 0.143143 0.585191
v -0.155838 0.143143 0.494117
v 0.475648 0.143142 -0.595930
v 0.632858 0.143142 -0.504855
v 0.910593 0.143142 0.098529
v 1.000825 0.143142 -0.057180
v 1.045953 0.143142 -0.111468
v 0.933296 0.143142 0.059324
v 0.843119 0.143142 0.215065
v 0.820403 0.143142 0.254263
v 0.752918 0.143142 0.370793
v 0.730182 0.143142 0.409979
v 0.662686 0.143142 0.526503
v 0.572495 0.143143 0.682235
v 0.639964 0.143142 0.565696
v 0.549757 0.143143 0.721421
v -0.546817 0.143143 0.086153
v -0.524108 0.143143 0.046951
v -0.456597 0.143142 -0.069564
v -0.433853 0.143142 -0.108745
v -0.366397 0.143142 -0.225292
v -0.276165 0.143142 -0.381002
v -0.343667 0.143142 -0.264482
v -0.253471 0.143142 -0.420212
v -0.185979 0.143142 -0.536738
v -0.163242 0.143142 -0.575923
v -0.095775 0.143142 -0.692463
v -0.073037 0.143142 -0.731648
v -0.054451 0.143143 0.319033
v 0.102756 0.143143 0.410106
v 0.035810 0.143142 0.163341
v 0.192998 0.143142 0.254403
v 0.283198 0.143142 0.098675
v 0.125992 0.143142 0.007602
v 0.216213 0.143142 -0.148114
v 0.373435 0.143142 -0.057032
v 0.306437 0.143142 -0.303828
v 0.463646 0.143142 -0.212754
v 0.396622 0.143142 -0.459565
v 0.553848 0.143142 -0.368481
v 0.373924 0.143142 -0.420357
v 0.531121 0.143142 -0.329289
v 0.283720 0.143142 -0.264631
v 0.440944 0.143142 -0.173548
v 0.193506 0.143142 -0.108911
v 0.350725 0.143142 -0.017831
v 0.103299 0.143142 0.046813
v 0.260486 0.143142 0.137874
v 0.639968 0.112420 0.565699
v 0.170288 0.143142 0.293604
v 0.013088 0.143142 0.202535
v -0.067943 0.143143 0.371685
v 0.080070 0.143143 0.449322
v 1.001182 0.112419 -0.056974
v 0.306434 0.112419 -0.303830
v 0.463648 0.112419 -0.212753
v 0.933294 0.112419 0.059323
v -0.163250 0.112419 -0.575927
v -0.095780 0.112419 -0.692466
v 0.373918 0.112419 -0.420360
v 0.531118 0.112419 -0.329291
v -0.276166 0.112419 -0.381002
v 0.193502 0.112419 -0.108913
v 0.350738 0.112419 -0.017824
v 0.820400 0.112419 0.254262
v 0.752909 0.112419 0.370788
v 0.283221 0.112419 0.098688
v 0.125978 0.112419 0.007594
v -0.343660 0.112419 -0.264477
v -0.456616 0.112420 -0.069575
v 0.013107 0.112420 0.202545
v 0.170309 0.112420 0.293616
v 0.572394 0.112420 0.682178
v 0.102814 0.112420 0.410140
v -0.054390 0.112420 0.319068
v -0.524106 0.112420 0.046952
v 0.549758 0.008432 0.721421
v 0.549757 0.112421 0.721421
v 0.662685 0.112433 0.526502
v 0.662683 0.008435 0.526501
v 0.730183 0.008421 0.409980
v 0.730182 0.112421 0.409979
v 0.843111 0.008426 0.215060
v 0.843116 0.112420 0.215064
v 0.910595 0.112416 0.098531
v 0.910602 0.008423 0.098535
v 0.458323 -0.020660 -0.566024
v 1.031939 0.112419 -0.095880
v -0.185968 0.008427 -0.536731
v -0.185976 0.112411 -0.536736
v -0.433859 0.112412 -0.108749
v -0.433875 0.008429 -0.108758
v -0.366391 0.008424 -0.225288
v -0.366395 0.112421 -0.225291
v -0.253467 0.008425 -0.420209
v -0.253470 0.112420 -0.420211
v -0.073039 0.008425 -0.731649
v -0.073037 0.112419 -0.731648
v -0.546813 0.008427 0.086155
v -0.546816 0.112419 0.086153
v -0.077058 0.008429 0.358294
v 0.080097 0.008429 0.449337
v 0.193001 0.008432 0.254404
v 0.035759 0.008432 0.163311
v 0.260494 0.008423 0.137879
v 0.103283 0.008423 0.046804
v 0.373114 0.008426 -0.057218
v 0.216209 0.008425 -0.148116
v 0.440309 0.008424 -0.173916
v 0.283724 0.008425 -0.264629
v 0.396646 0.008425 -0.459551
v 0.553821 0.008426 -0.368496
v 0.396612 0.112419 -0.459571
v 0.553833 0.112419 -0.368490
v 0.440950 0.112414 -0.173545
v 0.283734 0.112414 -0.264623
v 0.216219 0.112420 -0.148111
v 0.373435 0.112420 -0.057032
v 0.260477 0.112421 0.137869
v 0.103291 0.112421 0.046808
v 0.035831 0.112421 0.163353
v 0.193003 0.112424 0.254405
v -0.077043 0.112420 0.358302
v 0.080065 0.112420 0.449318
v 0.900932 0.143142 0.456540
v 0.900932 0.173865 0.456540
v -0.773558 0.143143 0.136258
v -0.773558 0.173866 0.136258
v -0.243788 0.143142 -0.778210
v -0.243788 0.173864 -0.778210
v -0.221078 0.008426 -0.817411
v -0.221078 -0.020660 -0.817411
v -0.424213 0.143142 -0.466769
v -0.424213 0.173865 -0.466769
v -0.694849 0.143143 0.000394
v -0.694849 0.173865 0.000394
v 0.697797 0.008426 0.807184
v 0.697797 -0.020659 0.807184
v 1.081357 0.143142 0.145098
v 1.081357 0.173865 0.145098
v -0.159398 0.008425 -0.923882
v -0.159398 0.173864 -0.923882
v 0.619088 0.008427 0.943048
v 0.619088 -0.020659 0.943048
v -0.150981 0.112419 -0.919006
v -0.150981 0.008425 -0.919006
v -0.142072 0.008425 -0.953788
v -0.142072 -0.020660 -0.953788
v 1.058646 0.008426 0.184300
v 1.058646 -0.020660 0.184300
v -0.334001 0.143142 -0.622489
v -0.334001 0.173865 -0.622489
v -0.401503 0.008426 -0.505970
v -0.401503 -0.020660 -0.505970
v -0.604638 0.143142 -0.155327
v -0.604638 0.173865 -0.155327
v 0.810719 0.143142 0.612261
v 0.810719 0.173865 0.612261
v 0.878222 0.008426 0.495742
v 0.878222 -0.020659 0.495742
v 0.991144 0.143142 0.300819
v 0.991144 0.173865 0.300819
v 0.720507 0.143143 0.767982
v 0.720507 0.173865 0.767982
v -0.581928 0.008426 -0.194528
v -0.581928 -0.020659 -0.194528
v -0.514425 0.143142 -0.311048
v -0.514425 0.173865 -0.311048
v 0.820017 0.008426 -0.286535
v -0.311290 0.173865 -0.661691
v -0.221078 0.173864 -0.817412
v -0.142072 0.173864 -0.953788
v -0.334001 -0.020660 -0.622489
v -0.401503 0.173865 -0.505970
v 0.991144 -0.020660 0.300820
v -0.491715 0.173865 -0.350249
v -0.514425 -0.020659 -0.311048
v -0.581927 0.173865 -0.194528
v 0.810719 -0.020659 0.612262
v -0.672140 0.173865 -0.038807
v -0.694849 -0.020659 0.000394
v -0.773559 -0.020659 0.136258
v 0.619088 0.173866 0.943047
v 0.697797 0.173865 0.807184
v 0.788010 0.173865 0.651462
v 0.878222 0.173865 0.495742
v 0.968434 0.173865 0.340020
v 1.058647 0.173865 0.184300
v 1.148859 0.173864 0.028579
v 0.849159 0.008425 -0.327127
v -0.773559 0.008427 0.136258
v -0.694849 0.008426 0.000394
v 0.813961 0.008426 -0.258863
v -0.334001 0.008426 -0.622489
v 0.810719 0.008426 0.612262
v 0.991144 0.008426 0.300820
v -0.514425 0.008426 -0.311048
v -0.221078 0.143142 -0.817412
v -0.491715 0.143142 -0.350249
v 0.697797 0.143143 0.807184
v 0.968434 0.143142 0.340020
v 0.619088 0.143143 0.943047
v -0.150981 0.173864 -0.919006
v -0.142072 0.143142 -0.953788
v 1.148859 0.143142 0.028579
v 1.058647 0.143142 0.184300
v -0.401503 0.143142 -0.505970
v -0.672140 0.143143 -0.038807
v 0.878222 0.143142 0.495742
v 0.788010 0.143142 0.651462
v -0.581927 0.143142 -0.194528
v -0.311290 0.143142 -0.661691
v 0.011080 0.143142 -0.876853
v 0.011080 0.112419 -0.876853
v -0.150981 -0.020660 -0.919006
v -0.011359 0.173864 -0.838120
v 0.465937 0.143143 0.866112
v 0.465937 0.112420 0.866112
v 0.605559 0.143143 0.946998
v 0.605559 0.112420 0.946998
v 0.722660 0.173864 -0.412888
v -0.011359 -0.020660 -0.838120
v -0.128543 0.143142 -0.957739
v -0.128543 0.112419 -0.957739
v -0.630633 0.112420 0.230847
v -0.770256 0.112420 0.149960
v -0.003742 0.112420 0.594018
v -0.160952 0.112420 0.502943
v 0.480762 0.112419 -0.604756
v 0.637971 0.112419 -0.513682
v -0.003742 0.143143 0.594018
v -0.160952 0.143143 0.502943
v 0.480762 0.143142 -0.604756
v 0.637971 0.143142 -0.513682
v -0.630633 0.143143 0.230847
v -0.770256 0.143143 0.149960
v 0.751163 0.173864 -0.408245
v 0.741258 0.112419 -0.420222
v 0.683993 0.173864 -0.303067
v 0.756772 0.143142 -0.416849
v 0.660969 0.143142 -0.306423
v 0.676869 0.112419 -0.313432
v 0.819864 -0.020660 -0.216244
v 0.846623 0.008425 -0.360429
v 0.887212 -0.020660 -0.340035
v 0.815742 0.008426 -0.236099
v -0.210299 0.008425 -0.836018
v -0.189739 0.008425 -0.871508
v -0.210299 0.173864 -0.836018
v -0.189739 0.173864 -0.871508
v 0.427982 -0.020660 -0.513650
v 0.407422 -0.020660 -0.478159
v 0.585191 -0.020660 -0.422575
v 0.564631 -0.020660 -0.387084
v 0.585191 0.173864 -0.422575
v 0.564631 0.173864 -0.387085
v 0.427982 0.173864 -0.513650
v 0.407422 0.173864 -0.478160
v -0.210299 -0.020660 -0.836018
v -0.189739 -0.020660 -0.871508
v 0.585180 0.112419 -0.422582
v 0.564614 0.112419 -0.387094
v 0.585173 0.008426 -0.422586
v 0.564604 0.008426 -0.387100
v -0.201883 0.143142 -0.831142
v -0.181323 0.143142 -0.866632
v -0.201883 0.112419 -0.831142
v -0.181323 0.112419 -0.866632
v -0.201883 0.008425 -0.831142
v -0.181323 0.008425 -0.866632
v -0.201883 0.173864 -0.831142
v -0.181323 0.173864 -0.866632
v -0.201883 -0.020660 -0.831142
v -0.181323 -0.020660 -0.866632
v -0.062260 0.173864 -0.750256
v -0.041700 0.173864 -0.785746
v -0.062261 -0.020660 -0.750256
v -0.041700 -0.020660 -0.785746
v 0.692307 0.112419 -0.360521
v 0.671741 0.112419 -0.325034
v 0.726520 0.173864 -0.358168
v 0.702693 0.173864 -0.336424
v 0.785759 -0.020660 -0.299520
v 0.826913 -0.020660 -0.260717
v 0.867975 0.173865 0.281822
v 0.902881 0.173865 0.302044
v 0.937786 0.173865 0.322265
v 0.780071 -0.020659 0.594507
v 0.745166 -0.020659 0.574285
v 0.710260 -0.020659 0.554063
v 0.777762 -0.020659 0.437544
v 0.812668 -0.020659 0.457765
v 0.847574 -0.020659 0.477987
v 1.050708 0.173865 0.127343
v 1.015803 0.173865 0.107122
v 0.980897 0.173865 0.086900
v 0.958188 0.173865 0.126101
v 0.993093 0.173865 0.146323
v 1.027998 0.173865 0.166544
v 0.890685 -0.020660 0.242621
v 0.925591 -0.020660 0.262843
v 0.960496 -0.020660 0.283065
v 0.960496 0.173865 0.283064
v 0.925591 0.173865 0.262843
v 0.890685 0.173865 0.242621
v 0.597338 -0.020659 0.748986
v 0.632244 -0.020659 0.769207
v 0.667149 -0.020659 0.789428
v 0.588440 -0.020659 0.925292
v 0.553535 -0.020659 0.905071
v 0.518629 -0.020659 0.884849
v 0.777763 0.173865 0.437543
v 0.812668 0.173865 0.457765
v 0.847574 0.173865 0.477987
v 0.870284 0.173865 0.438785
v 0.835378 0.173865 0.418564
v 0.800473 0.173865 0.398342
v 0.518629 0.173866 0.884849
v 0.553535 0.173866 0.905071
v 0.588440 0.173866 0.925292
v 0.667149 0.173865 0.789428
v 0.632244 0.173865 0.769207
v 0.597338 0.173865 0.748986
v 0.620048 0.173865 0.709784
v 0.654953 0.173865 0.730006
v 0.689859 0.173865 0.750227
v 0.757361 0.173865 0.633707
v 0.722456 0.173865 0.613486
v 0.687551 0.173865 0.593264
v 0.710260 0.173865 0.554063
v 0.745166 0.173865 0.574285
v 0.780072 0.173865 0.594507
v 1.118211 0.173864 0.010823
v 1.083305 0.173864 -0.009398
v 1.048399 0.173864 -0.029619
v 0.958187 -0.020660 0.126102
v 0.993093 -0.020660 0.146323
v 1.027998 -0.020660 0.166545
v 0.518629 0.112420 0.884849
v 0.553535 0.112420 0.905071
v 0.588440 0.112420 0.925292
v 0.518629 0.008427 0.884849
v 0.553535 0.008427 0.905071
v 0.588440 0.008427 0.925292
v 0.518629 0.143143 0.884849
v 0.553535 0.143143 0.905071
v 0.588440 0.143143 0.925292
v 0.619999 0.112420 0.709756
v 0.654923 0.112420 0.729988
v 0.689847 0.112420 0.750221
v 0.687548 0.112420 0.593263
v 0.722455 0.112420 0.613485
v 0.757361 0.112420 0.633707
v 0.687546 0.143142 0.593261
v 0.722453 0.143142 0.613484
v 0.757360 0.143142 0.633707
v 0.777761 0.143142 0.437543
v 0.812667 0.143142 0.457764
v 0.847574 0.143142 0.477986
v 0.597337 0.143143 0.748985
v 0.632243 0.143143 0.769207
v 0.667149 0.143143 0.789428
v 0.867980 0.143142 0.281825
v 0.902883 0.143142 0.302046
v 0.937787 0.143142 0.322266
v 0.958177 0.143142 0.126096
v 0.993086 0.143142 0.146319
v 1.027996 0.143142 0.166543
v 1.048403 0.143142 -0.029618
v 1.083307 0.143142 -0.009397
v 1.118212 0.143142 0.010824
v 1.139889 0.143142 -0.047067
v 1.106003 0.143142 -0.048606
v 1.089361 0.143142 -0.078834
v 1.050705 0.143142 0.127342
v 1.015794 0.143142 0.107116
v 0.980883 0.143142 0.086892
v 0.960498 0.143142 0.283066
v 0.925596 0.143142 0.262846
v 0.890693 0.143142 0.242626
v 0.870288 0.143142 0.438788
v 0.835388 0.143142 0.418570
v 0.800489 0.143142 0.398352
v 0.780072 0.143142 0.594507
v 0.745168 0.143142 0.574286
v 0.710264 0.143142 0.554065
v 0.689863 0.143143 0.750230
v 0.654964 0.143143 0.730012
v 0.620065 0.143143 0.709794
v 1.118268 0.112419 0.010857
v 1.083453 0.112419 -0.009312
v 1.048638 0.112419 -0.029481
v 1.050704 0.112419 0.127341
v 1.015793 0.112419 0.107116
v 0.980881 0.112419 0.086891
v 0.937787 0.112419 0.322266
v 0.902883 0.112419 0.302045
v 0.867978 0.112419 0.281824
v 0.870286 0.112419 0.438787
v 0.835384 0.112419 0.418567
v 0.800483 0.112419 0.398348
v 0.667149 0.008427 0.789428
v 0.632243 0.008429 0.769207
v 0.597338 0.008430 0.748985
v 0.667149 0.112420 0.789428
v 0.632243 0.112420 0.769207
v 0.597337 0.112421 0.748985
v 0.780072 0.112422 0.594507
v 0.745168 0.112425 0.574286
v 0.710263 0.112429 0.554065
v 0.780072 0.008428 0.594507
v 0.745167 0.008430 0.574285
v 0.710262 0.008432 0.554064
v 0.847574 0.008425 0.477987
v 0.812668 0.008424 0.457765
v 0.777762 0.008423 0.437543
v 0.847574 0.112420 0.477986
v 0.812668 0.112420 0.457765
v 0.777761 0.112420 0.437543
v 0.960497 0.008426 0.283065
v 0.925592 0.008426 0.262844
v 0.890688 0.008426 0.242623
v 0.960498 0.112419 0.283065
v 0.925595 0.112419 0.262845
v 0.890692 0.112420 0.242625
v 1.027997 0.112419 0.166543
v 0.993088 0.112418 0.146320
v 0.958179 0.112417 0.126097
v 1.027997 0.008425 0.166544
v 0.993091 0.008425 0.146322
v 0.958183 0.008424 0.126099
v 1.144064 0.112419 -0.028428
v 1.114049 0.112419 -0.061413
v 1.071093 0.112419 -0.068830
v 0.513516 0.112420 0.893676
v 0.548421 0.112420 0.913897
v 0.583327 0.112420 0.934119
v 0.513516 0.143143 0.893676
v 0.548421 0.143143 0.913897
v 0.583327 0.143143 0.934119
v 0.694198 -0.020659 0.544758
v 0.964835 0.173865 0.077595
v 0.874622 0.173865 0.233316
v 0.502567 -0.020659 0.875544
v 0.784410 0.173865 0.389037
v 0.581275 0.173865 0.739680
v 0.671488 0.173865 0.583959
v 1.032337 0.173864 -0.038925
v 1.064691 0.143142 -0.093750
v 0.964818 0.143142 0.077585
v 0.874632 0.143142 0.233322
v 0.784429 0.143142 0.389048
v 0.694202 0.143142 0.544760
v 0.604005 0.143143 0.700491
v 1.032617 0.112419 -0.038763
v 0.964816 0.112419 0.077584
v 0.851916 0.112419 0.272519
v 0.784422 0.112419 0.389044
v 0.581275 0.008430 0.739680
v 0.581275 0.112421 0.739680
v 0.694201 0.112430 0.544760
v 0.694200 0.008433 0.544759
v 0.761700 0.008422 0.428238
v 0.761699 0.112420 0.428237
v 0.874626 0.008426 0.233318
v 0.874630 0.112420 0.233321
v 0.942115 0.112417 0.116791
v 0.942121 0.008423 0.116794
v 1.055028 0.112419 -0.078137
v 0.851912 0.173865 0.272517
v 0.761700 -0.020659 0.428238
v 0.942125 0.173865 0.116796
v 0.874622 -0.020660 0.233316
v 0.581275 -0.020659 0.739680
v 0.761700 0.173865 0.428238
v 0.502567 0.173866 0.875544
v 0.603985 0.173865 0.700479
v 0.694198 0.173865 0.544758
v 0.942125 -0.020660 0.116796
v 0.502567 0.112420 0.875544
v 0.502567 0.008427 0.875544
v 0.502567 0.143143 0.875544
v 0.603928 0.112420 0.700446
v 0.671485 0.112420 0.583958
v 0.671482 0.143142 0.583956
v 0.761699 0.143142 0.428237
v 0.581274 0.143143 0.739679
v 0.851918 0.143142 0.272520
v 0.942113 0.143142 0.116789
v 1.032341 0.143142 -0.038923
v 0.497453 0.112420 0.884371
v 0.497453 0.143143 0.884371
v -0.630145 0.173865 -0.014478
v -0.562642 0.173865 -0.130998
v -0.382217 0.173865 -0.442440
v -0.359508 0.173865 -0.481641
v -0.359508 -0.020660 -0.481641
v -0.539932 0.173865 -0.170199
v -0.472430 0.173865 -0.286719
v -0.472430 -0.020659 -0.286719
v -0.539932 -0.020659 -0.170199
v -0.292005 0.173865 -0.598161
v -0.269295 0.173865 -0.637362
v -0.292006 -0.020660 -0.598161
v -0.710248 -0.020659 0.167945
v -0.652854 -0.020659 0.024723
v -0.449720 0.173865 -0.325920
v -0.652854 0.173865 0.024723
v -0.695665 0.173866 0.158925
v -0.179083 -0.020660 -0.793083
v -0.100077 -0.020660 -0.929459
v -0.100077 0.173864 -0.929460
v -0.201793 0.173864 -0.753882
v -0.179083 0.173864 -0.793083
v -0.100077 0.112419 -0.929460
v -0.100077 0.008425 -0.929459
v -0.725710 0.008427 0.155868
v -0.731563 0.112420 0.160587
v -0.117403 -0.020660 -0.899553
v -0.100077 0.143142 -0.929460
v -0.117402 0.173864 -0.899553
v -0.731563 0.143143 0.160587
v -0.382216 0.112419 -0.442439
v -0.449716 0.112419 -0.325918
v -0.201800 0.112419 -0.753886
v -0.269295 0.112419 -0.637362
v -0.539924 0.143142 -0.170194
v -0.630147 0.143143 -0.014479
v -0.359509 0.143142 -0.481642
v -0.269293 0.143142 -0.637361
v -0.179082 0.143142 -0.793082
v -0.449718 0.143142 -0.325919
v -0.652856 0.143143 0.024722
v -0.562642 0.143142 -0.130998
v -0.472433 0.143142 -0.286721
v -0.382215 0.143142 -0.442439
v -0.292009 0.143142 -0.598163
v -0.201799 0.143142 -0.753885
v -0.562646 0.112420 -0.131000
v -0.630146 0.112420 -0.014479
v -0.292007 0.008426 -0.598162
v -0.292009 0.112417 -0.598163
v -0.539925 0.112418 -0.170195
v -0.539929 0.008427 -0.170197
v -0.472431 0.008426 -0.286719
v -0.472432 0.112420 -0.286720
v -0.359508 0.008426 -0.481641
v -0.359509 0.112419 -0.481642
v -0.179083 0.008425 -0.793083
v -0.179082 0.112419 -0.793082
v -0.652855 0.008427 0.024723
v -0.652856 0.112420 0.024722
v -0.094964 0.112419 -0.938286
v -0.724262 0.112420 0.175982
v -0.094964 0.143142 -0.938286
v -0.730701 0.143143 0.166637
v -0.168304 0.173864 -0.811689
v -0.147744 0.173864 -0.847179
v -0.147744 -0.020660 -0.847179
v -0.168304 -0.020660 -0.811689
v 0.548171 -0.020660 -0.553916
v 0.495767 -0.020660 -0.584274
v 0.495768 0.173864 -0.584275
v 0.548171 0.173864 -0.553916
v -0.120595 -0.020659 0.495818
v -0.073797 -0.020659 0.522929
v -0.093936 0.173866 0.531849
v -0.135719 0.173866 0.505772
v 0.394052 0.173864 -0.408697
v 0.446455 0.173864 -0.378339
v 0.469165 0.173864 -0.417540
v 0.416762 0.173864 -0.447898
v 0.303839 0.173865 -0.252976
v 0.356243 0.173865 -0.222618
v 0.378953 0.173865 -0.261819
v 0.326549 0.173865 -0.292177
v 0.213627 0.173865 -0.097255
v 0.266030 0.173865 -0.066897
v 0.288740 0.173865 -0.106098
v 0.236337 0.173865 -0.136456
v 0.123415 0.173865 0.058466
v 0.175818 0.173865 0.088824
v 0.198528 0.173865 0.049623
v 0.146124 0.173865 0.019265
v 0.033202 0.173865 0.214187
v 0.085606 0.173865 0.244545
v 0.108315 0.173865 0.205344
v 0.055912 0.173865 0.174986
v -0.057010 0.173865 0.369908
v -0.004607 0.173865 0.400266
v 0.018103 0.173865 0.361065
v -0.034300 0.173865 0.330707
v 0.416761 -0.020660 -0.447898
v 0.469165 -0.020660 -0.417539
v 0.356243 -0.020660 -0.222617
v 0.303839 -0.020660 -0.252976
v 0.236337 -0.020660 -0.136456
v 0.288740 -0.020660 -0.106097
v 0.175818 -0.020659 0.088825
v 0.123415 -0.020659 0.058466
v 0.055912 -0.020659 0.174986
v 0.108315 -0.020659 0.205344
v -0.004607 -0.020659 0.400266
v -0.057010 -0.020659 0.369908
v -0.083316 0.008427 0.536130
v -0.135719 0.008427 0.505772
v -0.083316 0.112420 0.536130
v -0.135719 0.112420 0.505772
v 0.495768 0.008425 -0.584275
v 0.548171 0.008425 -0.553916
v 0.495768 0.112419 -0.584275
v 0.548171 0.112419 -0.553916
v 0.495768 0.143142 -0.584275
v 0.548171 0.143142 -0.553916
v -0.083316 0.143143 0.536130
v -0.135719 0.143143 0.505772
v 0.018070 0.143143 0.361046
v -0.034332 0.143143 0.330688
v 0.108323 0.143142 0.205348
v 0.055927 0.143142 0.174994
v 0.198513 0.143142 0.049615
v 0.146111 0.143142 0.019257
v 0.288741 0.143142 -0.106097
v 0.236334 0.143142 -0.136458
v 0.378959 0.143142 -0.261815
v 0.326556 0.143142 -0.292173
v 0.469151 0.143142 -0.417547
v 0.416743 0.143142 -0.447909
v 0.394041 0.143142 -0.408703
v 0.446440 0.143142 -0.378347
v 0.303842 0.143142 -0.252975
v 0.356249 0.143142 -0.222614
v 0.213626 0.143142 -0.097255
v 0.266033 0.143142 -0.066895
v 0.138873 0.143142 0.085748
v 0.175811 0.143142 0.088820
v 0.085606 0.143142 0.244546
v 0.033206 0.143142 0.214189
v -0.056931 0.143143 0.369954
v -0.004561 0.143143 0.400293
v 0.530845 -0.020660 -0.524010
v 0.478442 -0.020660 -0.554368
v -0.088429 0.112420 0.544957
v -0.140832 0.112420 0.514599
v 0.500881 0.112419 -0.593101
v 0.553284 0.112419 -0.562743
v 0.500881 0.143142 -0.593101
v 0.553284 0.143142 -0.562743
v -0.088429 0.143143 0.544957
v -0.140832 0.143143 0.514599
v 0.478442 0.173864 -0.554368
v 0.530846 0.173864 -0.524010
v 0.448101 0.173864 -0.501994
v 0.500504 0.173864 -0.471636
v 0.427541 0.173864 -0.466504
v 0.479944 0.173864 -0.436146
v 0.500504 -0.020660 -0.471636
v 0.448101 -0.020660 -0.501994
v 0.479944 -0.020660 -0.436146
v 0.427540 -0.020660 -0.466504
v 0.607731 0.173864 -0.519412
v -0.014236 -0.020659 0.557434
v 0.506015 0.173864 -0.343834
v 0.415803 0.173865 -0.188113
v 0.325591 0.173865 -0.032392
v 0.235378 0.173865 0.123329
v 0.145166 0.173865 0.279050
v 0.054954 0.173865 0.434771
v 0.528725 -0.020660 -0.383035
v 0.348300 -0.020660 -0.071593
v 0.167876 -0.020659 0.239849
v 0.607731 0.008425 -0.519412
v 0.607731 0.112419 -0.519412
v 0.607731 0.143142 -0.519412
v 0.505996 0.143142 -0.343845
v 0.415814 0.143142 -0.188106
v 0.325596 0.143142 -0.032388
v 0.235363 0.143142 0.123320
v 0.054960 0.143143 0.434775
v 0.612844 0.112419 -0.528238
v 0.612844 0.143142 -0.528238
v 0.590406 0.173864 -0.489506
v 0.560064 0.173864 -0.437132
v 0.539504 0.173864 -0.401641
v 0.607731 -0.020660 -0.519412
v -0.024957 0.173866 0.558709
v 0.528725 0.173864 -0.383035
v 0.438513 0.173865 -0.227314
v 0.348300 0.173865 -0.071593
v 0.258088 0.173865 0.084128
v 0.167876 0.173865 0.239849
v 0.077663 0.173865 0.395570
v 0.415803 -0.020660 -0.188113
v 0.235378 -0.020659 0.123329
v 0.054954 -0.020659 0.434771
v -0.023826 0.008427 0.559988
v -0.023826 0.112420 0.559988
v -0.023826 0.143143 0.559988
v 0.077630 0.143143 0.395550
v 0.167875 0.143142 0.239848
v 0.258072 0.143142 0.084118
v 0.348306 0.143142 -0.071590
v 0.438519 0.143142 -0.227310
v 0.528718 0.143142 -0.383039
v 0.145163 0.143142 0.279048
v 0.590406 -0.020660 -0.489506
v -0.025425 0.112420 0.574594
v -0.028940 0.143143 0.568815
v 0.560064 -0.020660 -0.437131
v 0.539504 -0.020660 -0.401641
v 0.922781 0.369325 -0.003429
v -0.628547 0.369325 0.345165
v 0.883325 0.369325 -0.179015
v 0.893258 0.369325 -0.134813
v -0.635121 0.369325 0.212497
v -0.668003 0.369325 0.169578
v 0.843870 0.369325 -0.354602
v 0.853802 0.369325 -0.310400
v -0.697526 0.369325 0.038194
v -0.707458 0.369325 -0.006008
v 0.814347 0.369325 -0.485986
v -0.736981 0.369325 -0.137393
v -0.540091 0.174801 0.002817
v -0.487803 0.174801 0.129639
v -0.392202 0.369325 0.660960
v -0.362896 0.369325 0.475235
v -0.421725 0.369325 0.529576
v -0.471113 0.369325 0.309788
v -0.384885 0.369325 0.350788
v -0.487803 0.369325 0.129639
v -0.477687 0.369325 0.177120
v -0.550024 0.369325 -0.041385
v -0.540091 0.369325 0.002817
v -0.579546 0.369325 -0.172769
v 0.768629 0.174801 0.186078
v 0.687028 0.174801 0.112061
v 0.733365 0.174801 -0.156472
v 0.718737 0.174801 -0.264115
v 0.656913 0.369325 -0.450609
v 0.696368 0.369325 -0.275023
v 0.684655 0.369325 -0.323605
v 0.760962 0.369325 -0.093932
v 0.727451 0.369325 -0.161517
v 0.765347 0.369325 0.031947
v 0.814734 0.369325 0.251736
v 0.749856 0.369325 0.395569
v -0.579159 0.369325 0.564953
v 0.967141 0.369325 0.229440
v -0.472703 0.307881 0.358857
v -0.549636 0.369325 0.696337
v 0.977604 0.369325 0.323280
v 0.853802 0.174801 -0.310400
v -0.697526 0.174801 0.038194
v 0.883325 0.174801 -0.179015
v -0.668003 0.174801 0.169578
v 0.922781 0.307879 -0.003429
v -0.736981 0.307879 -0.137393
v -0.746913 0.307879 -0.181595
v -0.635121 0.307879 0.212497
v -0.628547 0.307879 0.345165
v -0.520907 0.307879 0.756233
v 0.893258 0.307879 -0.134813
v 0.843870 0.307879 -0.354602
v 0.804414 0.307879 -0.530188
v 0.814347 0.307879 -0.485986
v 0.853802 0.307879 -0.310400
v 0.853802 0.203886 -0.310400
v -0.697526 0.203886 0.038194
v -0.697526 0.307879 0.038194
v -0.668003 0.307879 0.169578
v -0.668003 0.203886 0.169578
v -0.579159 0.307879 0.564953
v -0.549636 0.307879 0.696337
v -0.431662 0.338602 0.503022
v 0.938660 0.307879 0.185422
v 0.926692 0.307879 0.025850
v 0.883325 0.203886 -0.179015
v 0.883325 0.307879 -0.179015
v 0.967141 0.307879 0.229440
v 0.977604 0.307879 0.323280
v 0.170279 0.174801 0.688289
v -0.582867 0.338602 0.533679
v -0.707458 0.307879 -0.006008
v 0.082831 0.174801 -0.529582
v -0.094434 0.174801 -0.489750
v -0.094434 0.369325 -0.489750
v 0.082831 0.369325 -0.529582
v 0.181754 0.174801 0.739354
v 0.359019 0.174801 0.699522
v 0.359019 0.369325 0.699522
v 0.181754 0.369325 0.739354
v -0.049947 0.369325 -0.291773
v 0.127318 0.369325 -0.331606
v 0.117385 0.369325 -0.375808
v -0.059880 0.369325 -0.335975
v -0.010492 0.369325 -0.116187
v 0.180518 0.369325 -0.155125
v 0.156841 0.369325 -0.200222
v -0.028596 0.369325 -0.174598
v 0.028964 0.369325 0.059399
v 0.206987 0.369325 0.019396
v 0.196296 0.369325 -0.024635
v 0.019031 0.369325 0.015197
v 0.068419 0.369325 0.234986
v 0.245684 0.369325 0.195153
v 0.235752 0.369325 0.150951
v 0.058486 0.369325 0.190784
v 0.107874 0.369325 0.410572
v 0.285139 0.369325 0.370739
v 0.275207 0.369325 0.326537
v 0.097942 0.369325 0.366370
v 0.147330 0.369325 0.586158
v 0.324594 0.369325 0.546325
v 0.314662 0.369325 0.502124
v 0.137397 0.369325 0.541956
v -0.068333 0.174801 -0.345230
v 0.117385 0.174801 -0.375808
v 0.146202 0.174801 -0.155381
v -0.017624 0.174801 -0.101837
v 0.014216 0.174801 0.011499
v 0.196296 0.174801 -0.024635
v 0.245684 0.174801 0.195153
v 0.068419 0.174801 0.234986
v 0.097942 0.174801 0.366370
v 0.275207 0.174801 0.326537
v 0.324594 0.174801 0.546325
v 0.147330 0.174801 0.586158
v 0.359019 0.203886 0.699522
v 0.181754 0.203886 0.739354
v 0.359019 0.307879 0.699522
v 0.181754 0.307879 0.739354
v -0.094434 0.203886 -0.489750
v 0.082831 0.203886 -0.529582
v -0.094434 0.307879 -0.489750
v 0.082831 0.307879 -0.529582
v 0.922781 0.338602 -0.003429
v -0.736981 0.338602 -0.137393
v -0.635121 0.338602 0.212497
v -0.539704 0.338602 0.740539
v 0.843870 0.338602 -0.354602
v 0.797101 0.338602 -0.548370
v -0.697526 0.338602 0.038194
v -0.579159 0.338602 0.564953
v 0.962236 0.338602 0.172157
v 0.883325 0.338602 -0.179015
v 0.977604 0.338602 0.323280
v -0.582051 0.307879 0.552086
v -0.746913 0.338602 -0.181595
v -0.628547 0.338602 0.345165
v 0.893258 0.338602 -0.134813
v 0.814347 0.338602 -0.485986
v 0.853802 0.338602 -0.310400
v -0.668003 0.338602 0.169578
v -0.549636 0.338602 0.696337
v 0.926692 0.338602 0.025850
v 0.967141 0.338602 0.229440
v 0.158804 0.174801 0.637223
v -0.707458 0.338602 -0.006008
v 0.359019 0.338602 0.699522
v 0.181754 0.338602 0.739354
v -0.094434 0.338602 -0.489750
v 0.082831 0.338602 -0.529582
v 0.696351 0.338602 -0.275019
v 0.656919 0.338602 -0.450611
v 0.654413 0.338602 -0.514924
v 0.686410 0.338602 -0.319220
v 0.725906 0.338602 -0.143642
v 0.735831 0.338602 -0.099438
v 0.765375 0.338602 0.031941
v 0.780457 0.338602 0.057643
v 0.808274 0.338602 0.187500
v 0.847070 0.338602 0.371865
v 0.814726 0.338602 0.251738
v -0.379798 0.338602 0.713238
v -0.392210 0.338602 0.660962
v -0.421723 0.338602 0.529576
v -0.362380 0.338602 0.468479
v -0.392431 0.338602 0.343853
v -0.477677 0.338602 0.177118
v -0.471102 0.338602 0.309786
v -0.487811 0.338602 0.129641
v -0.540111 0.338602 0.002822
v -0.550013 0.338602 -0.041387
v -0.579575 0.338602 -0.172763
v -0.589476 0.338602 -0.216972
v 0.137362 0.338602 0.541964
v 0.314623 0.338602 0.502132
v 0.097961 0.338602 0.366365
v 0.275202 0.338602 0.326538
v 0.235732 0.338602 0.150955
v 0.058472 0.338602 0.190787
v 0.019025 0.338602 0.015198
v 0.196305 0.338602 -0.024637
v -0.020416 0.338602 -0.160391
v 0.156847 0.338602 -0.200223
v -0.059903 0.338602 -0.335970
v 0.117381 0.338602 -0.375807
v -0.049957 0.338602 -0.291771
v 0.127294 0.338602 -0.331601
v -0.010491 0.338602 -0.116187
v 0.166789 0.338602 -0.156023
v 0.028961 0.338602 0.059400
v 0.206237 0.338602 0.019565
v 0.068423 0.338602 0.234985
v 0.245662 0.338602 0.195158
v 0.814731 0.307879 0.251736
v 0.285134 0.338602 0.370740
v 0.107880 0.338602 0.410570
v 0.147434 0.338602 0.586135
v 0.324584 0.338602 0.546328
v 0.656673 0.307879 -0.439402
v -0.020420 0.307879 -0.160390
v 0.156850 0.307879 -0.200224
v 0.682659 0.307879 -0.335904
v -0.550022 0.307879 -0.041385
v -0.579582 0.307879 -0.172761
v -0.049963 0.307879 -0.291770
v 0.139782 0.307879 -0.325643
v -0.477678 0.307879 0.177118
v 0.017752 0.307879 0.062715
v 0.206251 0.307879 0.019562
v 0.745288 0.307879 -0.092800
v 0.766847 0.307879 0.017269
v 0.235758 0.307879 0.150949
v 0.058456 0.307879 0.190790
v -0.471095 0.307879 0.309784
v -0.421745 0.307879 0.529581
v 0.127238 0.307879 0.416844
v 0.285158 0.307879 0.370735
v 0.844174 0.307879 0.383139
v 0.322350 0.307879 0.497209
v 0.137430 0.307879 0.541949
v -0.392208 0.307879 0.660962
v 0.804807 0.307893 0.207533
v 0.763732 0.203895 0.176587
v 0.701228 0.203881 0.107546
v 0.780457 0.307881 0.057643
v 0.725897 0.203886 -0.143640
v 0.725903 0.307880 -0.143641
v 0.696354 0.307877 -0.275020
v 0.696362 0.203883 -0.275022
v 0.651377 0.307879 -0.542827
v -0.540099 0.203887 0.002819
v -0.540107 0.307872 0.002821
v -0.362863 0.307871 0.475227
v -0.392429 0.307881 0.343852
v -0.487806 0.203885 0.129640
v -0.487810 0.307880 0.129641
v -0.589477 0.307880 -0.216972
v -0.387033 0.307878 0.713536
v 0.147409 0.203888 0.586140
v 0.324613 0.203889 0.546322
v 0.275205 0.203892 0.326538
v 0.097903 0.203892 0.366379
v 0.245672 0.203883 0.195156
v 0.068405 0.203883 0.234989
v 0.195942 0.203886 -0.024556
v 0.019022 0.203886 0.015199
v 0.166073 0.203885 -0.155862
v -0.010488 0.203885 -0.116188
v -0.059876 0.203886 -0.335976
v 0.117350 0.203886 -0.375800
v -0.059914 0.307879 -0.335968
v 0.117363 0.307879 -0.375803
v 0.166796 0.307875 -0.156025
v -0.010477 0.307874 -0.116190
v 0.019032 0.307880 0.015197
v 0.196305 0.307880 -0.024637
v 0.245652 0.307881 0.195160
v 0.068413 0.307881 0.234987
v 0.107593 0.307881 0.358890
v 0.275207 0.307883 0.326537
v 0.147427 0.307879 0.586136
v 0.324577 0.307879 0.546329
v 0.932271 0.338602 -0.005561
v 0.932271 0.369325 -0.005561
v -0.746471 0.338602 -0.135260
v -0.746471 0.369325 -0.135260
v -0.667560 0.338602 0.215913
v -0.667560 0.369325 0.215913
v 0.853360 0.338602 -0.356734
v 0.853360 0.369325 -0.356734
v 0.863292 0.203886 -0.312532
v 0.863292 0.174801 -0.312532
v -0.707016 0.338602 0.040326
v -0.707016 0.369325 0.040326
v -0.677493 0.203886 0.171710
v -0.677493 0.174801 0.171710
v -0.588649 0.338602 0.567085
v -0.588649 0.369325 0.567085
v -0.622757 0.338602 0.394568
v -0.621678 0.307879 0.375735
v 0.892815 0.338602 -0.181148
v 0.892815 0.369325 -0.181148
v 0.985013 0.338602 0.303025
v 0.985013 0.369325 0.303025
v -0.716948 0.369325 -0.003876
v -0.707016 0.174801 0.040326
v -0.677493 0.369325 0.171710
v 0.892815 0.174801 -0.181148
v -0.638037 0.369325 0.347297
v -0.424621 0.307877 0.516710
v -0.559126 0.369325 0.698469
v 0.980685 0.369325 0.248306
v 0.902748 0.369325 -0.136946
v 0.863292 0.369325 -0.312532
v 0.823837 0.369325 -0.488118
v -0.707016 0.203886 0.040326
v -0.453590 0.338602 0.361202
v 0.892815 0.203886 -0.181148
v -0.638037 0.338602 0.347297
v 0.902748 0.338602 -0.136946
v 0.823837 0.338602 -0.488118
v 0.863292 0.338602 -0.312532
v -0.677493 0.338602 0.171710
v -0.559126 0.338602 0.698469
v 0.981289 0.338602 0.236219
v -0.716948 0.338602 -0.003876
v 0.361255 0.307879 0.709474
v 0.183990 0.307879 0.749307
v -0.096670 0.307879 -0.499702
v 0.080595 0.307879 -0.539535
v 0.361255 0.338602 0.709474
v 0.183990 0.338602 0.749307
v -0.096670 0.338602 -0.499702
v 0.080595 0.338602 -0.539535
v 0.863680 0.174801 0.566987
v 0.810087 0.174801 0.443713
v 0.834973 0.203886 0.584010
v 0.820055 0.203890 0.461443
v 0.592282 0.369325 0.532185
v 0.629553 0.369325 0.618276
v 0.553971 0.307879 0.645335
v 0.553971 0.338602 0.645335
v 0.581764 0.338602 0.503137
v 0.523232 0.307880 0.508585
v 0.524271 0.369325 0.139564
v 0.536676 0.369325 0.252224
v 0.524259 0.338602 0.139567
v 0.536677 0.338602 0.252224
v 0.524254 0.307881 0.139568
v 0.570651 0.307888 0.253628
v 0.384202 0.369325 -0.582263
v 0.349665 0.307879 -0.580023
v 0.379219 0.369325 -0.448500
v 0.349665 0.338602 -0.580023
v 0.379200 0.338602 -0.448496
v 0.389966 0.307879 -0.468266
v 0.535889 0.174801 -0.500704
v 0.505993 0.203886 -0.607073
v 0.519423 0.174801 -0.612969
v 0.571342 0.203887 -0.488526
v -0.503371 0.369325 -0.236320
v -0.537925 0.369325 -0.390094
v -0.537925 0.307879 -0.390094
v -0.537925 0.338602 -0.390094
v -0.503372 0.338602 -0.236320
v -0.503374 0.307879 -0.236319
v -0.579055 0.174801 -0.380852
v -0.544501 0.174801 -0.227078
v -0.579055 0.203886 -0.380852
v -0.544499 0.203885 -0.227078
v -0.351321 0.369325 -0.113122
v -0.366707 0.369325 -0.220595
v -0.337175 0.338602 -0.089213
v -0.366728 0.338602 -0.220591
v -0.337182 0.307879 -0.089212
v -0.366735 0.307879 -0.220589
v -0.265311 0.174801 0.687512
v -0.219425 0.203886 0.814895
v -0.194180 0.174801 0.823829
v -0.181282 0.203887 0.677261
v -0.063213 0.369325 0.765979
v -0.029588 0.307879 0.753112
v -0.051052 0.369325 0.666459
v -0.027366 0.338602 0.771867
v -0.074557 0.338602 0.659127
v -0.054982 0.307879 0.648753
v -0.026681 0.369325 0.573249
v -0.065629 0.369325 0.449559
v -0.036133 0.338602 0.580949
v -0.065625 0.338602 0.449558
v -0.065618 0.307879 0.449557
v -0.036086 0.307879 0.580939
v -0.195137 0.174801 0.315018
v -0.188592 0.174801 0.403238
v -0.186367 0.203890 0.427967
v -0.200202 0.203884 0.316156
v 0.336070 0.174801 0.597391
v 0.347544 0.174801 0.648456
v 0.336070 0.369325 0.597391
v 0.347544 0.369325 0.648456
v 0.158804 0.369325 0.637223
v 0.170279 0.369325 0.688289
v -0.036046 0.338602 0.703538
v -0.056098 0.338602 0.732561
v 0.347538 0.307879 0.648458
v 0.336058 0.307879 0.597394
v 0.347550 0.203887 0.648455
v 0.336082 0.203888 0.597388
v 0.170306 0.203887 0.688283
v 0.158858 0.203888 0.637212
v 0.170311 0.307879 0.688282
v 0.158869 0.307879 0.637209
v 0.834321 0.203887 0.524955
v 0.858502 0.203889 0.511417
v 0.819491 0.174801 0.479658
v 0.814965 0.174801 0.539289
v 0.572156 0.307880 0.543107
v 0.600986 0.307880 0.588663
v 0.582664 0.369325 0.557340
v 0.560546 0.369325 0.606640
v -0.205648 0.203886 0.772762
v -0.212862 0.203887 0.708125
v -0.232611 0.174801 0.770988
v -0.229174 0.174801 0.750828
v -0.065021 0.307879 0.692787
v -0.036571 0.307879 0.730829
v -0.055209 0.369325 0.695230
v -0.036586 0.369325 0.730832
v 0.545731 0.338602 0.534821
v 0.584415 0.338602 0.571051
v -0.400491 0.369325 0.624071
v 0.661917 0.369325 0.369407
v -0.557926 0.369325 0.659448
v 0.969315 0.369325 0.286391
v -0.557926 0.307879 0.659448
v 0.969315 0.307879 0.286391
v 0.306373 0.369325 0.465235
v 0.150958 0.369325 0.474663
v -0.557926 0.338602 0.659448
v 0.969315 0.338602 0.286391
v 0.835907 0.307879 0.346245
v 0.306397 0.307879 0.465229
v 0.143597 0.307879 0.498492
v -0.400501 0.307879 0.624074
v -0.567416 0.369325 0.661580
v 0.978805 0.369325 0.284258
v -0.567416 0.338602 0.661580
v 0.978805 0.338602 0.284258
v -0.044378 0.307879 0.544050
v -0.044395 0.369325 0.544054
v -0.479837 0.369325 0.270962
v 0.756622 0.369325 -0.006879
v -0.637272 0.369325 0.306338
v 0.914056 0.369325 -0.042255
v 0.914056 0.307879 -0.042255
v -0.637272 0.307879 0.306338
v 0.227027 0.369325 0.112125
v 0.049762 0.369325 0.151957
v 0.914056 0.338602 -0.042255
v -0.637272 0.338602 0.306338
v 0.771293 0.307879 -0.012565
v 0.239420 0.307879 0.106950
v 0.023936 0.307879 0.150590
v -0.479822 0.307879 0.270958
v -0.646761 0.369325 0.308470
v 0.923546 0.369325 -0.044388
v 0.923546 0.338602 -0.044388
v -0.646761 0.338602 0.308470
v 0.381706 0.338602 -0.525618
v 0.353495 0.338602 -0.562967
v -0.089953 0.174801 -0.469809
v -0.078435 0.174801 -0.418551
v 0.087312 0.174801 -0.509642
v 0.151723 0.174801 -0.446368
v 0.087312 0.369325 -0.509642
v 0.098830 0.369325 -0.458383
v -0.089953 0.369325 -0.469809
v -0.078435 0.369325 -0.418551
v -0.089952 0.203886 -0.469809
v -0.078433 0.203886 -0.418551
v -0.089957 0.307879 -0.469808
v -0.078451 0.307879 -0.418547
v 0.087309 0.307879 -0.509641
v 0.098820 0.307879 -0.458381
v 0.087307 0.203886 -0.509640
v 0.098814 0.203886 -0.458380
v -0.521926 0.338602 -0.318895
v -0.533444 0.338602 -0.370154
v 0.353494 0.307879 -0.562967
v 0.363337 0.307879 -0.519124
v 0.372909 0.369325 -0.558654
v 0.363346 0.369325 -0.498620
v 0.541889 0.203886 -0.541674
v 0.522916 0.203886 -0.597410
v 0.542623 0.174801 -0.606155
v 0.544633 0.174801 -0.560277
v -0.533444 0.307879 -0.370153
v -0.521928 0.307879 -0.318895
v -0.533444 0.369325 -0.370154
v -0.521926 0.369325 -0.318896
v -0.563056 0.203886 -0.309654
v -0.574574 0.203886 -0.360912
v -0.574574 0.174801 -0.360911
v -0.563056 0.174801 -0.309653
v -0.607446 0.369325 0.206278
v -0.554968 0.369325 0.194485
v -0.572878 0.369325 0.144330
v -0.640328 0.369325 0.163359
v -0.640328 0.174801 0.163359
v -0.572878 0.174801 0.144330
v -0.669851 0.369325 0.031975
v -0.617373 0.369325 0.020183
v -0.627305 0.369325 -0.024019
v -0.679783 0.369325 -0.012227
v -0.617373 0.174801 0.020183
v -0.669851 0.174801 0.031975
v -0.548394 0.369325 0.327153
v -0.600873 0.369325 0.338946
v -0.656828 0.369325 -0.155403
v -0.702728 0.369325 -0.142699
v -0.554964 0.307879 0.194484
v -0.607445 0.307879 0.206277
v -0.548385 0.307879 0.327152
v -0.600869 0.307879 0.338945
v -0.656846 0.307879 -0.155399
v -0.709312 0.307879 -0.143610
v -0.627304 0.307879 -0.024019
v -0.679782 0.307879 -0.012227
v -0.572882 0.338602 0.144331
v -0.640329 0.338602 0.163360
v -0.627299 0.338602 -0.024020
v -0.679781 0.338602 -0.012227
v -0.666759 0.338602 -0.199606
v -0.719238 0.338602 -0.187813
v -0.548389 0.338602 0.327152
v -0.600871 0.338602 0.338945
v -0.607445 0.338602 0.206277
v -0.554964 0.338602 0.194484
v -0.669854 0.338602 0.031976
v -0.617383 0.338602 0.020185
v -0.709311 0.338602 -0.143610
v -0.656842 0.338602 -0.155400
v -0.603846 0.307880 0.367081
v -0.517289 0.307880 0.356262
v -0.528135 0.338602 0.375961
v -0.591228 0.338602 0.384827
v -0.669852 0.203886 0.031976
v -0.617376 0.203886 0.020184
v -0.669854 0.307878 0.031976
v -0.617381 0.307876 0.020185
v -0.640328 0.203886 0.163359
v -0.572879 0.203885 0.144331
v -0.640329 0.307879 0.163360
v -0.572881 0.307880 0.144331
v -0.719238 0.307879 -0.187813
v -0.666759 0.307879 -0.199606
v -0.557111 0.307879 0.288326
v -0.609594 0.307879 0.300119
v -0.557119 0.369325 0.288327
v -0.609597 0.369325 0.300120
v -0.536420 0.369325 0.693367
v -0.483943 0.369325 0.681575
v -0.513465 0.369325 0.550191
v -0.565943 0.369325 0.561983
v -0.515705 0.307878 0.516596
v -0.579856 0.307879 0.523708
v -0.520534 0.338602 0.521664
v -0.573868 0.338602 0.529665
v -0.483946 0.338602 0.681576
v -0.536421 0.338602 0.693367
v -0.526488 0.338602 0.737569
v -0.463020 0.338602 0.739242
v -0.565943 0.338602 0.561983
v -0.513464 0.338602 0.550191
v -0.565945 0.307879 0.561983
v -0.513474 0.307879 0.550193
v -0.536421 0.307879 0.693367
v -0.483944 0.307879 0.681576
v -0.515212 0.307879 0.752297
v -0.474012 0.307879 0.725778
v -0.544711 0.307879 0.656478
v -0.492236 0.307879 0.644687
v -0.492231 0.369325 0.644686
v -0.544710 0.369325 0.656478
v -0.415282 0.369325 0.666147
v -0.405355 0.338602 0.710350
v -0.444803 0.338602 0.534762
v -0.444821 0.307879 0.534766
v -0.415287 0.307879 0.666147
v -0.396449 0.307878 0.732250
v -0.423579 0.307879 0.629259
v -0.444805 0.369325 0.534762
v -0.466958 0.307877 0.518920
v -0.447685 0.338602 0.521893
v -0.415289 0.338602 0.666148
v -0.423571 0.369325 0.629257
v 0.801100 0.369325 -0.100561
v 0.837562 0.369325 -0.122298
v 0.876920 0.369325 -0.131142
v 0.827532 0.369325 -0.350930
v 0.788174 0.369325 -0.342086
v 0.745254 0.369325 -0.342002
v 0.758748 0.369325 -0.289040
v 0.798106 0.369325 -0.297884
v 0.837465 0.369325 -0.306729
v 0.788271 0.174801 -0.157656
v 0.827629 0.174801 -0.166500
v 0.866988 0.174801 -0.175344
v 0.866988 0.369325 -0.175344
v 0.827629 0.369325 -0.166500
v 0.782510 0.369325 -0.169109
v 0.906443 0.369325 0.000242
v 0.867085 0.369325 0.009086
v 0.827726 0.369325 0.017930
v 0.798009 0.369325 -0.482315
v 0.758651 0.369325 -0.473471
v 0.719292 0.369325 -0.464627
v 0.758748 0.174801 -0.289040
v 0.795601 0.174801 -0.287761
v 0.828057 0.174801 -0.291867
v 0.821253 0.338602 0.074624
v 0.884243 0.338602 0.052198
v 0.902588 0.338602 0.053145
v 0.798208 0.338602 -0.113455
v 0.837564 0.338602 -0.122298
v 0.876921 0.338602 -0.131142
v 0.758737 0.338602 -0.289038
v 0.798100 0.338602 -0.297883
v 0.837463 0.338602 -0.306728
v 0.719296 0.338602 -0.464627
v 0.758653 0.338602 -0.473471
v 0.798010 0.338602 -0.482315
v 0.786224 0.338602 -0.545004
v 0.742577 0.338602 -0.530585
v 0.701785 0.338602 -0.526030
v 0.827530 0.338602 -0.350930
v 0.788165 0.338602 -0.342084
v 0.748800 0.338602 -0.333239
v 0.866989 0.338602 -0.175344
v 0.827634 0.338602 -0.166501
v 0.788280 0.338602 -0.157658
v 0.906446 0.338602 0.000242
v 0.867095 0.338602 0.009084
v 0.827743 0.338602 0.017926
v 0.798052 0.307879 -0.482324
v 0.758795 0.307879 -0.473503
v 0.719539 0.307879 -0.464682
v 0.827529 0.307879 -0.350930
v 0.786801 0.307879 -0.348151
v 0.730733 0.307879 -0.342723
v 0.876921 0.307879 -0.131142
v 0.837564 0.307879 -0.122298
v 0.798206 0.307879 -0.113455
v 0.906445 0.307879 0.000242
v 0.867091 0.307879 0.009085
v 0.827737 0.307879 0.017928
v 0.902588 0.307880 0.053145
v 0.884243 0.307880 0.052198
v 0.821254 0.307880 0.074624
v 0.866988 0.203886 -0.175344
v 0.827631 0.203886 -0.166500
v 0.788274 0.203886 -0.157657
v 0.866989 0.307879 -0.175344
v 0.827633 0.307880 -0.166501
v 0.788278 0.307880 -0.157657
v 0.837463 0.307879 -0.306728
v 0.798101 0.307878 -0.297883
v 0.758739 0.307878 -0.289038
v 0.837464 0.203886 -0.306728
v 0.801803 0.203885 -0.302698
v 0.758744 0.203884 -0.289039
v 0.788074 0.307879 -0.526516
v 0.747683 0.307879 -0.538649
v 0.699485 0.307879 -0.530124
v 0.897720 0.307879 -0.038584
v 0.858365 0.307879 -0.029741
v 0.819010 0.307879 -0.020898
v 0.819002 0.369325 -0.020896
v 0.858360 0.369325 -0.029740
v 0.897718 0.369325 -0.038584
v 0.819026 0.369325 -0.109369
v 0.761696 0.369325 -0.336137
v 0.771629 0.369325 -0.291935
v 0.801152 0.174801 -0.160550
v 0.803146 0.369325 -0.172949
v 0.840607 0.369325 0.015036
v 0.732173 0.369325 -0.467521
v 0.771629 0.174801 -0.291935
v 0.851426 0.338602 0.040628
v 0.811088 0.338602 -0.116349
v 0.771620 0.338602 -0.291933
v 0.732176 0.338602 -0.467522
v 0.735375 0.338602 -0.541416
v 0.761683 0.338602 -0.336134
v 0.801159 0.338602 -0.160552
v 0.840621 0.338602 0.015033
v 0.732386 0.307879 -0.467569
v 0.766215 0.307879 -0.344323
v 0.811087 0.307879 -0.116349
v 0.840616 0.307879 0.015034
v 0.851427 0.307880 0.040628
v 0.801155 0.203886 -0.160551
v 0.801158 0.307880 -0.160552
v 0.771621 0.307878 -0.291933
v 0.771626 0.203884 -0.291934
v 0.722227 0.307879 -0.511720
v 0.831890 0.307879 -0.023792
v 0.831882 0.369325 -0.023790
v -0.368823 0.369325 0.428176
v 0.749013 0.174801 0.164207
v 0.092278 0.174801 0.341161
v 0.269542 0.174801 0.301329
v 0.269542 0.369325 0.301329
v 0.092278 0.369325 0.341161
v -0.345934 0.338602 0.438303
v 0.092243 0.203890 0.341169
v 0.269538 0.203890 0.301330
v 0.749015 0.203892 0.164207
v 0.092311 0.307881 0.341154
v 0.269536 0.307883 0.301330
v -0.368536 0.307873 0.450021
v 0.544909 0.338602 0.231418
v 0.532234 0.307887 0.232459
v 0.532235 0.369325 0.232459
v -0.187983 0.203889 0.379407
v -0.179174 0.174801 0.386059
v -0.385366 0.369325 0.375237
v -0.376468 0.338602 0.364607
v 0.089214 0.203885 0.262621
v 0.252727 0.203885 0.226542
v 0.705352 0.203884 0.127476
v 0.075478 0.307881 0.266371
v 0.252713 0.307881 0.226546
v -0.385366 0.307879 0.375237
v -0.195145 0.203885 0.300254
v 0.705352 0.174801 0.127476
v 0.075472 0.174801 0.266373
v 0.252737 0.174801 0.226540
v 0.252737 0.369325 0.226540
v 0.075472 0.369325 0.266373
v 0.519049 0.338602 0.173820
v 0.519046 0.307882 0.173821
v 0.519058 0.369325 0.173818
v -0.190418 0.174801 0.336019
v 0.743572 0.174801 0.114702
v 0.079219 0.174801 0.283047
v 0.342747 0.174801 0.247732
v 0.256484 0.369325 0.243214
v 0.079219 0.369325 0.283047
v 0.521988 0.338602 0.186894
v 0.521986 0.307883 0.186895
v 0.537614 0.369325 0.186636
v -0.187911 0.174801 0.347175
v -0.381619 0.369325 0.391912
v -0.363475 0.338602 0.395802
v 0.079195 0.203886 0.283052
v 0.256475 0.203886 0.243216
v 0.749958 0.203886 0.120548
v 0.108204 0.307881 0.293796
v 0.256464 0.307882 0.243219
v -0.381613 0.307878 0.391910
v -0.200910 0.203886 0.351424
v 0.057508 0.174801 -0.523892
v -0.001581 0.174801 -0.510614
v -0.001581 0.369325 -0.510614
v 0.057508 0.369325 -0.523892
v 0.274607 0.174801 0.718490
v 0.333695 0.174801 0.705212
v 0.333695 0.369325 0.705212
v 0.274607 0.369325 0.718490
v 0.042906 0.369325 -0.312638
v 0.101994 0.369325 -0.325916
v 0.092062 0.369325 -0.370118
v 0.032973 0.369325 -0.356840
v 0.078056 0.369325 -0.121330
v 0.141449 0.369325 -0.150329
v 0.131517 0.369325 -0.194531
v 0.072429 0.369325 -0.181254
v 0.121817 0.369325 0.038535
v 0.180905 0.369325 0.025257
v 0.170972 0.369325 -0.018945
v 0.111884 0.369325 -0.005667
v 0.161272 0.369325 0.214121
v 0.220360 0.369325 0.200843
v 0.210428 0.369325 0.156641
v 0.151340 0.369325 0.169919
v 0.200727 0.369325 0.389707
v 0.259816 0.369325 0.376430
v 0.249883 0.369325 0.332227
v 0.190795 0.369325 0.345505
v 0.240183 0.369325 0.565294
v 0.299271 0.369325 0.552016
v 0.289339 0.369325 0.507814
v 0.230250 0.369325 0.521091
v -0.005536 0.174801 -0.276483
v 0.092062 0.174801 -0.370118
v 0.123836 0.174801 -0.147168
v 0.063341 0.174801 -0.122421
v 0.130683 0.183156 0.046456
v 0.172857 0.183156 -0.024367
v 0.220360 0.174801 0.200843
v 0.105244 0.174801 0.159787
v 0.167428 0.174801 0.447158
v 0.249883 0.174801 0.332227
v 0.299271 0.174801 0.552016
v 0.203336 0.174801 0.528957
v 0.333695 0.203886 0.705212
v 0.274607 0.203886 0.718490
v 0.333695 0.307879 0.705212
v 0.274607 0.307879 0.718490
v -0.001581 0.203886 -0.510614
v 0.057508 0.203886 -0.523892
v -0.001581 0.307879 -0.510614
v 0.057508 0.307879 -0.523892
v -0.001581 0.338602 -0.510614
v 0.057508 0.338602 -0.523892
v 0.333695 0.338602 0.705212
v 0.274607 0.338602 0.718490
v 0.289300 0.338602 0.507823
v 0.230213 0.338602 0.521100
v 0.249882 0.338602 0.332228
v 0.190802 0.338602 0.345504
v 0.210409 0.338602 0.156646
v 0.151322 0.338602 0.169923
v 0.170979 0.338602 -0.018946
v 0.111886 0.338602 -0.005668
v 0.131524 0.338602 -0.194533
v 0.072436 0.338602 -0.181256
v 0.092054 0.338602 -0.370116
v 0.032959 0.338602 -0.356837
v 0.042889 0.338602 -0.312634
v 0.101973 0.338602 -0.325911
v 0.082369 0.338602 -0.137054
v 0.141463 0.338602 -0.150332
v 0.121820 0.338602 0.038534
v 0.180912 0.338602 0.025255
v 0.161263 0.338602 0.214123
v 0.220342 0.338602 0.200847
v 0.259812 0.338602 0.376431
v 0.200727 0.338602 0.389707
v 0.240227 0.338602 0.565284
v 0.299276 0.338602 0.552015
v 0.335932 0.307879 0.715165
v 0.276844 0.307879 0.728442
v -0.003817 0.307879 -0.520567
v 0.055271 0.307879 -0.533844
v -0.003817 0.338602 -0.520567
v 0.055271 0.338602 -0.533844
v 0.335932 0.338602 0.715165
v 0.276844 0.338602 0.728442
v 0.251657 0.369325 0.616359
v 0.310746 0.369325 0.603081
v 0.263132 0.369325 0.667424
v 0.322220 0.369325 0.654147
v 0.304508 0.174801 0.603686
v 0.251657 0.174801 0.616359
v 0.322220 0.174801 0.654147
v 0.263132 0.174801 0.667424
v 0.221961 0.369325 0.484203
v 0.281049 0.369325 0.470925
v 0.142615 0.369325 0.131093
v 0.201704 0.369325 0.117815
v 0.002900 0.369325 -0.490674
v 0.061988 0.369325 -0.503951
v 0.014418 0.369325 -0.439415
v 0.073506 0.369325 -0.452693
v 0.061988 0.174801 -0.503951
v 0.002900 0.174801 -0.490674
v 0.073506 0.174801 -0.452693
v 0.014418 0.174801 -0.439415
v 0.185131 0.369325 0.320297
v 0.244219 0.369325 0.307019
v 0.244219 0.174801 0.307019
v 0.165045 0.174801 0.347914
v 0.227413 0.174801 0.232230
v 0.157068 0.174801 0.227323
v 0.168325 0.369325 0.245508
v 0.227413 0.369325 0.232230
v 0.231160 0.174801 0.248905
v 0.209038 0.174801 0.277777
v 0.172072 0.369325 0.262182
v 0.231160 0.369325 0.248905
v 0.668720 0.369325 -0.071977
v 0.655059 0.369325 0.039999
v 0.642774 0.338602 -0.078528
v 0.672616 0.338602 0.040037
v 0.650571 0.307879 -0.073056
v 0.673527 0.307879 0.040759
v 0.677835 0.307879 0.008435
v 0.663872 0.369325 0.001215
v 0.397597 0.369325 0.102030
v 0.397090 0.338602 0.109989
v 0.370356 0.307879 -0.014646
v 0.397443 0.307879 0.110252
v 0.401343 0.307879 0.070565
v 0.379474 0.369325 -0.009213
v 0.367466 0.338602 -0.016665
v 0.348030 0.369325 0.054732
vn -0.3600 -0.0719 0.9302
vn -0.3367 -0.3597 0.8702
vn 0.0793 -0.0720 0.9943
vn 0.0742 -0.3597 0.9301
vn 0.5028 -0.0719 0.8614
vn 0.4704 -0.3596 0.8058
vn 0.8268 -0.0720 0.5579
vn 0.7735 -0.3596 0.5219
vn 0.9972 -0.0735 0.0119
vn 0.9304 -0.3664 0.0083
vn 0.8969 -0.0736 -0.4360
vn 0.8355 -0.3668 -0.4092
vn 0.9895 -0.0000 0.1443
vn 0.6993 -0.0713 -0.7113
vn 0.6544 -0.3569 -0.6666
vn 0.3979 -0.0726 -0.9146
vn 0.3725 -0.3624 -0.8544
vn 0.0687 -0.0736 -0.9949
vn 0.0668 -0.3668 -0.9279
vn -0.3842 -0.0735 -0.9203
vn -0.3559 -0.3664 -0.8597
vn -0.8268 -0.0719 -0.5579
vn 0.7298 -0.0000 -0.6837
vn -0.7734 -0.3597 -0.5219
vn -0.9870 -0.0719 -0.1439
vn 0.9542 -0.0000 -0.2993
vn -0.9233 -0.3596 -0.1347
vn 0.8289 -0.0000 0.5594
vn 0.3561 -0.0000 0.9344
vn -0.0985 -0.0000 0.9951
vn -0.4057 -0.0000 0.9140
vn -0.6957 -0.0000 0.7183
vn -0.9517 -0.0719 0.2985
vn -0.8860 -0.0000 0.4637
vn -0.9998 -0.0000 0.0194
vn -0.8289 -0.0000 -0.5594
vn -0.5041 -0.0000 -0.8636
vn -0.0795 -0.0000 -0.9968
vn -0.8903 -0.3597 0.2793
vn 0.5392 0.6972 -0.4724
vn -0.0000 -1.0000 -0.0000
vn -0.1933 0.9182 0.3457
vn -0.4084 0.8641 0.2943
vn 0.3187 0.9398 0.1235
vn 0.5571 0.6603 0.5037
vn -0.0237 0.9982 -0.0543
vn -0.7279 -0.0719 0.6819
vn -0.6810 -0.3597 0.6379
vn 0.0246 0.9921 0.1229
vn 0.0763 -0.9749 -0.2092
vn -0.0000 1.0000 -0.0000
vn -0.4916 0.5627 -0.6645
vn -0.0763 0.9749 0.2092
vn -0.2623 0.9343 0.2414
vn -0.9999 -0.0000 0.0146
vn -0.0402 -0.9974 0.0595
vn -0.0068 0.9590 0.2835
vn 0.0402 0.9974 -0.0595
vn -0.6610 0.7043 -0.2590
vn -0.4998 0.6366 0.5873
vn -0.0708 0.8560 0.5120
vn 0.5805 -0.6060 -0.5439
vn -0.8773 0.4790 0.0300
vn 0.7590 -0.6060 -0.2381
vn -0.0783 -0.0729 -0.9943
vn 0.7872 -0.6060 0.1148
vn -0.4977 -0.1398 -0.8560
vn 0.6594 -0.6060 0.4450
vn -0.8100 -0.1957 -0.5528
vn 0.2921 -0.5867 0.7553
vn -0.9600 -0.2801 -0.0034
vn -0.0752 -0.6001 0.7964
vn -0.8449 -0.3336 0.4181
vn -0.3234 -0.6014 0.7306
vn -0.5700 -0.3563 0.7404
vn -0.5556 -0.6019 0.5736
vn -0.3742 -0.3449 0.8608
vn -0.6984 -0.6153 0.3656
vn -0.0942 -0.3179 0.9434
vn -0.7884 -0.6150 0.0153
vn 0.3405 -0.2470 0.9072
vn -0.6594 -0.6059 -0.4450
vn 0.8044 -0.1986 0.5599
vn -0.4010 -0.6060 -0.6870
vn 0.9800 -0.1405 0.1407
vn -0.0632 -0.6060 -0.7929
vn 0.9634 -0.0892 -0.2527
vn 0.2871 -0.6060 -0.7419
vn 0.3563 -0.1632 -0.9200
vn 0.3609 -0.0000 -0.9326
vn -0.7151 0.2198 0.6636
vn 0.7205 -0.1574 -0.6754
vn 0.6985 -0.1723 -0.6945
vn -0.0916 -0.2155 -0.9722
vn 0.0314 -0.0393 0.9987
vn 0.0904 0.2030 0.9750
vn -0.5395 -0.1165 -0.8339
vn 0.5226 -0.0160 0.8524
vn 0.4921 -0.0734 0.8675
vn -0.0631 -0.9889 -0.1344
vn -0.8191 -0.1940 -0.5398
vn 0.8183 -0.1185 0.5625
vn 0.8248 -0.0441 0.5637
vn -0.9335 -0.3576 0.0250
vn -0.8557 -0.3459 0.3850
vn 0.9870 -0.1608 0.0049
vn 0.9928 -0.1197 0.0057
vn -0.3018 -0.4137 0.8589
vn -0.6356 -0.4842 0.6013
vn 0.8275 -0.3906 -0.4033
vn 0.9217 -0.1795 -0.3439
vn -0.1060 -0.5013 0.8588
vn 0.6051 -0.1759 -0.7765
vn 0.3130 -0.1250 -0.9415
vn 0.3401 -0.1729 0.9244
vn 0.5012 -0.1781 -0.8468
vn 0.8017 -0.2413 -0.5468
vn -0.8880 -0.0000 0.4598
vn 0.8164 -0.1098 0.5669
vn 0.0776 -0.1700 -0.9824
vn 0.0803 -0.1035 -0.9914
vn 0.9687 -0.1888 0.1610
vn -0.3701 -0.0042 -0.9290
vn -0.3776 -0.1341 -0.9162
vn 0.9476 -0.1346 -0.2896
vn 0.3528 -0.1676 -0.9206
vn -0.8269 0.0357 -0.5611
vn -0.8319 -0.0616 -0.5514
vn 0.6502 0.5231 -0.5510
vn -0.9877 -0.0729 -0.1383
vn -0.9872 -0.0933 -0.1291
vn 0.6999 -0.1657 -0.6948
vn 0.9083 0.2916 -0.2999
vn -0.9665 -0.0009 0.2567
vn -0.9524 0.0670 0.2975
vn 0.9386 -0.2326 -0.2549
vn -0.3617 -0.0309 0.9318
vn -0.3613 -0.1906 0.9128
vn 0.9420 0.3151 0.1152
vn 0.9117 -0.3799 0.1562
vn 0.7737 0.3328 0.5392
vn -0.6965 -0.0000 0.7175
vn -0.0915 -0.9836 -0.1556
vn 0.6914 -0.3784 0.6154
vn -0.0133 0.9999 -0.0094
vn 0.3989 0.4043 0.8231
vn 0.4425 -0.3457 0.8275
vn -0.0452 0.4270 0.9031
vn -0.0974 -0.9876 0.1234
vn -0.0743 -0.2527 0.9647
vn 0.0974 0.9876 -0.1234
vn -0.4047 -0.0000 0.9144
vn -0.6766 0.3262 0.6602
vn -0.6960 -0.2011 0.6893
vn -0.3293 0.2993 0.8955
vn -0.3832 -0.2211 0.8968
vn 0.0742 -0.9970 0.0235
vn -0.0449 0.9988 0.0202
vn -0.8787 0.3897 0.2759
vn -0.0940 -0.0000 0.9956
vn -0.8472 -0.3682 0.3829
vn -0.9283 0.3706 -0.0303
vn -0.6951 -0.0291 0.7183
vn -0.9504 -0.3108 0.0102
vn -0.7634 0.3443 -0.5466
vn -0.7825 -0.3750 -0.4970
vn -0.4552 0.4828 -0.7481
vn 0.3607 -0.0000 0.9327
vn -0.4850 -0.3885 -0.7835
vn -0.1101 0.5264 -0.8431
vn -0.0558 -0.1626 -0.9851
vn 0.3026 0.5455 -0.7816
vn 0.3544 -0.1436 -0.9240
vn 0.7207 0.2000 -0.6638
vn 0.9531 -0.0551 -0.2977
vn 0.9891 -0.0302 0.1442
vn 0.7877 0.0017 0.6161
vn 0.4540 0.0347 0.8903
vn -0.0655 0.0630 0.9959
vn -0.7113 0.0714 0.6992
vn -0.0975 -0.9952 -0.0108
vn 0.0951 0.9951 0.0279
vn -0.3670 0.0660 0.9279
vn -0.9350 0.0594 0.3497
vn -0.9991 0.0406 -0.0115
vn -0.8281 0.0010 -0.5606
vn -0.5286 0.1394 -0.8373
vn -0.0893 0.2034 -0.9750
vn 0.3504 0.2237 -0.9095
vn -0.0313 -0.9856 0.1661
vn -0.0156 0.9879 -0.1541
vn 0.7291 0.0421 -0.6831
vn 0.9533 0.0421 -0.2990
vn 0.9887 0.0422 0.1442
vn 0.8295 0.0234 0.5580
vn 0.3840 0.0323 0.9228
vn -0.0694 0.0539 0.9961
vn -0.3978 0.0654 0.9151
vn -0.6993 0.0645 0.7119
vn -0.8978 0.0528 0.4373
vn -0.9995 0.0311 -0.0107
vn -0.8287 0.0235 -0.5593
vn -0.5037 0.0420 -0.8629
vn -0.0794 0.0421 -0.9960
vn 0.3606 0.0420 -0.9318
vn -0.0181 0.9736 -0.2275
vn -0.0199 0.9711 0.2378
vn -0.1150 0.9736 -0.1971
vn 0.0813 0.9760 0.2019
vn -0.1781 0.9770 -0.1171
vn 0.1752 0.9770 0.1213
vn -0.1547 -0.9868 0.0485
vn -0.2176 0.9760 0.0002
vn 0.2258 0.9736 0.0329
vn 0.1134 -0.9866 -0.1169
vn 0.1665 0.9736 -0.1560
vn -0.0585 -0.9868 0.1513
vn -0.2082 0.9724 0.1049
vn 0.0650 -0.9870 -0.1469
vn -0.0957 0.9719 0.2150
vn 0.0824 0.9736 -0.2128
vn 0.1525 -0.9855 -0.0747
vn -0.1184 -0.9868 0.1109
vn -0.1686 0.9701 0.1744
vn -0.1605 -0.9868 -0.0234
vn 0.1688 -0.9857 0.0015
vn 0.2177 0.9736 -0.0683
vn 0.1042 -0.9946 0.0009
vn -0.1344 -0.9868 -0.0907
vn 0.1344 -0.9868 0.0907
vn -0.8931 -0.3520 0.2802
vn 0.0708 -0.9866 0.1469
vn -0.0572 -0.9874 -0.1479
vn 0.0818 -0.9868 0.1401
vn 0.0970 -0.9942 -0.0466
vn -0.0223 0.9878 -0.1543
vn 0.0155 -0.9864 -0.1639
vn 0.0129 -0.9868 0.1617
vn 0.7686 -0.3769 0.5169
vn -0.3529 0.2093 0.9120
vn 0.0777 0.2093 0.9747
vn 0.4930 0.2093 0.8445
vn 0.8106 0.2093 0.5470
vn 0.9794 0.2015 0.0123
vn 0.8814 0.2004 -0.4278
vn 0.6859 0.2073 -0.6975
vn 0.3902 0.2073 -0.8971
vn 0.0668 0.2071 -0.9760
vn -0.3779 0.2015 -0.9036
vn -0.8106 0.2093 -0.5470
vn -0.9676 0.2093 -0.1411
vn -0.9330 0.2093 0.2927
vn -0.7136 0.2093 0.6685
vn -0.3505 -0.2227 0.9097
vn 0.0802 -0.9937 -0.0789
vn 0.0893 -0.2023 0.9752
vn 0.0528 -0.9907 -0.1256
vn 0.5086 0.0309 0.8604
vn -0.9262 -0.3520 -0.1351
vn -0.0863 -0.9921 -0.0912
vn 0.9991 -0.0394 0.0137
vn 0.0068 -0.9939 -0.1101
vn 0.9328 -0.0588 -0.3557
vn 0.0340 0.9870 0.1573
vn 0.3709 -0.0702 -0.9260
vn 0.4719 -0.3520 0.8083
vn 0.7088 -0.0704 -0.7018
vn -0.0398 -0.9946 -0.0963
vn 0.0670 -0.0621 -0.9958
vn -0.0859 -0.9949 -0.0535
vn -0.4527 -0.0349 -0.8910
vn -0.7750 -0.3519 -0.5249
vn -0.7887 -0.0049 -0.6148
vn -0.1349 -0.9778 0.1602
vn -0.9889 0.0312 -0.1452
vn -0.0453 -0.9990 -0.0053
vn -0.9702 -0.1210 0.2101
vn -0.0868 0.9934 0.0754
vn -0.7208 -0.1989 0.6640
vn 0.0744 -0.3520 0.9330
vn -0.3459 0.2550 0.9030
vn -0.2787 -0.6375 0.7183
vn -0.0398 -0.9991 0.0133
vn -0.0258 -0.9994 0.0245
vn 0.0437 0.2731 0.9610
vn 0.1140 -0.6193 0.7768
vn -0.3365 -0.3757 -0.8635
vn -0.0433 -0.9984 0.0357
vn 0.5101 0.3325 0.7932
vn 0.4530 -0.4247 0.7839
vn 0.0395 0.9981 -0.0483
vn -0.3378 -0.3520 0.8729
vn 0.7529 0.4628 0.4679
vn 0.7222 -0.4488 0.5263
vn 0.0937 -0.9625 -0.2546
vn 0.6959 0.1069 -0.7102
vn 0.9105 0.4133 -0.0145
vn 0.8700 -0.4918 0.0357
vn -0.0644 0.9819 0.1783
vn 0.0866 -0.3561 -0.9304
vn 0.8317 0.3962 -0.3890
vn 0.8296 -0.5002 -0.2483
vn 0.0972 -0.9934 0.0613
vn -0.0794 0.9968 -0.0127
vn 0.3832 0.3594 -0.8509
vn 0.2925 -0.4371 -0.8506
vn 0.0716 -0.9636 -0.2577
vn -0.0793 0.9812 0.1761
vn 0.6519 0.4020 -0.6430
vn 0.6398 -0.4458 -0.6260
vn 0.3812 -0.3377 -0.8606
vn -0.0745 -0.9866 0.1448
vn 0.0816 0.4033 -0.9114
vn 0.0421 -0.5005 -0.8647
vn 0.1497 0.9847 -0.0887
vn -0.0202 -0.9996 -0.0204
vn -0.4266 0.4352 -0.7928
vn -0.3785 -0.4714 -0.7966
vn 0.0860 0.9886 0.1237
vn 0.6554 -0.3377 -0.6755
vn -0.6547 0.4590 -0.6006
vn -0.7437 -0.4518 -0.4926
vn 0.0077 -0.9978 0.0664
vn 0.0596 0.9966 -0.0562
vn -0.8574 0.4903 -0.1563
vn -0.9012 -0.4210 -0.1029
vn 0.3481 -0.2148 -0.9125
vn 0.3609 0.1060 -0.9265
vn -0.6739 0.6949 0.2510
vn -0.7904 -0.5704 0.2236
vn 0.9471 -0.1400 -0.2889
vn 0.9718 0.0457 -0.2315
vn -0.6739 0.2760 0.6853
vn -0.6094 -0.6163 0.4989
vn 0.9828 -0.1036 0.1526
vn 0.9837 0.1172 0.1367
vn -0.0621 -0.9970 0.0470
vn 0.8323 0.0409 0.5528
vn 0.7861 0.0462 0.6164
vn 0.6104 -0.0584 0.7899
vn 0.3702 0.0744 0.9260
vn 0.0260 0.9974 -0.0672
vn -0.0743 0.1033 0.9919
vn -0.0700 0.2098 0.9752
vn 0.8304 -0.3561 -0.4285
vn -0.6986 0.0986 0.7087
vn -0.4960 0.2147 0.8413
vn -0.0136 -0.9993 0.0346
vn -0.3144 0.0431 0.9483
vn -0.6013 0.2224 0.7674
vn 0.0068 -0.9990 0.0450
vn -0.8571 -0.0100 0.5151
vn -0.8302 0.3911 0.3973
vn -0.9950 0.0772 0.0628
vn -0.9793 0.2026 -0.0050
vn -0.8220 0.0593 -0.5663
vn -0.8098 0.1644 -0.5632
vn 0.1224 0.9880 0.0937
vn -0.5065 -0.0555 -0.8604
vn -0.4997 0.1335 -0.8558
vn -0.6831 -0.3520 0.6399
vn -0.1550 -0.3111 -0.9377
vn -0.0759 0.0440 -0.9961
vn 0.7758 -0.0814 -0.6257
vn 0.0023 -0.9993 0.0378
vn -0.3572 0.1430 0.9230
vn -0.2895 0.5972 0.7480
vn 0.0638 0.5973 0.7995
vn 0.4043 0.5973 0.6927
vn 0.6657 0.5971 0.4476
vn 0.8191 0.5735 -0.0101
vn 0.7281 0.5735 -0.3755
vn 0.5601 0.5943 -0.5772
vn 0.3256 0.5943 -0.7354
vn 0.0745 0.5919 -0.8026
vn -0.2972 0.5735 -0.7634
vn -0.6646 0.5963 -0.4502
vn -0.7937 0.5972 -0.1158
vn -0.3539 0.1529 0.9227
vn -0.9527 0.0626 0.2973
vn -0.9775 0.1470 -0.1512
vn -0.7848 0.0045 -0.6197
vn -0.4243 0.4480 -0.7869
vn 0.0862 0.5773 -0.8120
vn 0.6175 0.5165 -0.5932
vn 0.3588 0.4106 -0.8383
vn 0.8570 0.3314 -0.3947
vn 0.9384 0.3450 -0.0210
vn 0.8278 0.1187 0.5483
vn 0.5497 0.0303 0.8348
vn 0.0584 0.1377 0.9888
vn -0.7017 0.1557 0.6952
vn -0.7254 0.1096 0.6796
vn -0.3585 0.1148 0.9264
vn -0.9537 0.0317 0.2992
vn -0.9848 0.0972 -0.1436
vn -0.8187 0.1567 -0.5525
vn -0.3660 0.2423 -0.8985
vn 0.0737 0.2990 -0.9514
vn 0.3815 0.3073 -0.8718
vn 0.6657 0.3073 -0.6800
vn 0.8547 0.2990 -0.4244
vn 0.9702 0.2423 0.0032
vn 0.8192 0.1525 0.5528
vn 0.5017 0.0972 0.8595
vn 0.0795 0.0148 0.9967
vn -0.7653 0.5972 0.2401
vn -0.5853 0.5973 0.5483
vn -0.1012 -0.9933 0.0557
vn 0.0219 -0.9990 0.0400
vn 0.0162 0.9980 -0.0607
vn 0.9266 -0.3758 -0.0111
vn 0.1126 -0.9636 -0.2424
vn 0.0817 -0.9949 0.0597
vn -0.0519 0.9811 0.1866
vn 0.7096 0.2335 -0.6648
vn 0.7279 0.0715 -0.6819
vn 0.0025 1.0000 0.0017
vn 0.0001 1.0000 -0.0000
vn -0.0002 1.0000 0.0001
vn 0.0011 1.0000 0.0011
vn -0.0002 1.0000 0.0002
vn -0.0005 1.0000 0.0001
vn 0.9278 0.2334 -0.2910
vn 0.0787 0.1430 0.9866
vn 0.4989 0.1430 0.8547
vn 0.8216 0.1429 0.5518
vn 0.9912 0.1313 -0.0169
vn 0.8774 0.1435 -0.4577
vn 0.9517 0.0715 -0.2986
vn 0.6872 0.1535 -0.7100
vn 0.4014 0.1506 -0.9034
vn 0.0960 0.1530 -0.9836
vn -0.3552 0.1313 -0.9255
vn -0.8207 0.1295 -0.5564
vn 0.9622 0.2334 0.1403
vn -0.9443 0.1430 0.2962
vn 0.9870 0.0714 0.1439
vn 0.8041 0.2441 0.5420
vn -0.7223 0.1430 0.6766
vn 0.8276 0.0716 0.5568
vn 0.3738 0.2252 0.8997
vn 0.3833 0.0682 0.9211
vn -0.0683 0.2237 0.9723
vn -0.0693 0.0707 0.9951
vn -0.3893 0.2173 0.8951
vn -0.3977 0.0706 0.9148
vn -0.6837 0.2183 0.6963
vn -0.6994 0.0708 0.7112
vn -0.9794 0.1430 -0.1428
vn -0.8725 0.2367 0.4274
vn -0.8964 0.0736 0.4371
vn -0.9686 0.2484 -0.0080
vn -0.9972 0.0736 -0.0101
vn -0.8036 0.2440 -0.5429
vn -0.8260 0.0716 -0.5591
vn -0.4902 0.2334 -0.8398
vn -0.5028 0.0716 -0.8614
vn -0.0773 0.2335 -0.9693
vn -0.0793 0.0714 -0.9943
vn 0.3509 0.2335 -0.9068
vn 0.3600 0.0715 -0.9302
vn -0.0694 0.0677 0.9953
vn -0.0685 0.2107 0.9751
vn 0.0961 0.1434 -0.9850
vn 0.9517 0.0715 -0.2985
vn -0.0004 1.0000 0.0001
vn -0.7653 0.5973 0.2401
vn 0.0741 0.2829 -0.9563
vn 0.0869 0.5398 -0.8373
vn -0.9615 0.1832 0.2046
vn 0.0757 0.5735 -0.8157
vn 0.0724 0.9949 -0.0695
vn -0.0434 -0.9924 -0.1150
vn -0.0701 0.2082 0.9756
vn 0.2317 -0.0223 0.9725
vn 0.9512 0.0606 -0.3025
vn 0.8985 -0.2456 -0.3639
vn -0.8126 -0.5599 0.1620
vn -0.8256 0.5125 0.2361
vn 0.0430 -0.4886 -0.8715
vn 0.0816 0.4162 -0.9056
vn 0.0873 -0.3344 -0.9384
vn 0.0395 0.9980 -0.0486
vn -0.0458 -0.9964 0.0708
vn -0.9483 -0.1358 0.2868
vn 0.0670 -0.0622 -0.9958
vn 0.0069 -0.9938 -0.1107
vn 0.0669 0.2004 -0.9774
vn 0.0149 -0.9874 -0.1577
vn -0.0194 0.9724 0.2323
vn -0.0694 0.0551 0.9961
vn 0.9533 0.0420 -0.2991
vn -0.0653 0.0664 0.9956
vn 0.9715 -0.0518 -0.2313
vn -0.0751 -0.3027 0.9501
vn -0.0465 0.4075 0.9120
vn 0.8745 -0.4117 -0.2562
vn -0.9515 -0.0324 0.3059
vn -0.9539 0.0138 0.2999
vn 0.9334 0.2946 -0.2051
vn 0.9532 -0.2085 -0.2191
vn -0.1053 -0.4736 0.8744
vn -0.0886 0.9780 0.1887
vn -0.0407 -0.9978 0.0528
vn 0.9518 -0.0815 -0.2956
vn -0.0938 -0.3005 0.9492
vn -0.0763 -0.5844 0.8079
vn -0.1724 0.9818 -0.0797
vn -0.6873 0.7262 -0.0167
vn 0.0671 -0.3561 -0.9320
vn 0.0687 -0.0712 -0.9951
vn -0.0014 1.0000 -0.0006
vn -0.8026 0.2466 -0.5432
vn 0.8276 0.0715 0.5568
vn 0.8068 0.2335 0.5428
vn -0.8192 0.1430 -0.5554
vn 0.8231 0.1295 0.5529
vn -0.0001 1.0000 0.0003
vn 0.0002 1.0000 0.0004
vn -0.0000 1.0000 0.0004
vn -0.0014 1.0000 -0.0008
vn -0.0025 1.0000 -0.0017
vn -0.0001 1.0000 -0.0001
vn 0.8187 0.1567 0.5525
vn -0.8192 0.1525 -0.5528
vn 0.8274 0.1248 0.5475
vn -0.7792 0.0511 -0.6247
vn -0.6642 0.5970 -0.4499
vn 0.6662 0.5963 0.4479
vn -0.8094 0.1646 -0.5637
vn -0.8282 0.0585 -0.5574
vn 0.7884 0.1552 0.5953
vn 0.8758 -0.0310 0.4817
vn -0.7449 -0.4482 -0.4943
vn -0.6528 0.4626 -0.5998
vn -0.0745 -0.9867 0.1448
vn 0.7529 0.4627 0.4679
vn -0.7670 -0.3769 -0.5194
vn 0.7768 -0.3519 0.5223
vn -0.8287 0.0190 -0.5593
vn 0.8290 0.0421 0.5577
vn -0.8281 0.0009 -0.5606
vn 0.7880 0.0052 0.6156
vn -0.7870 -0.3596 -0.5013
vn -0.7582 0.3590 -0.5443
vn 0.0710 0.9877 -0.1396
vn -0.1009 -0.9881 0.1163
vn 0.6876 -0.3874 0.6142
vn 0.7705 0.3488 0.5336
vn -0.8256 -0.2123 -0.5227
vn -0.8270 0.0357 -0.5611
vn 0.7775 -0.2715 0.5673
vn 0.8230 -0.0590 0.5649
vn -0.8181 -0.2024 -0.5383
vn 0.8091 -0.1755 0.5609
vn -0.8091 -0.2016 -0.5521
vn 0.6594 -0.6059 0.4450
vn -0.5499 0.7201 -0.4231
vn 0.0407 0.9919 0.1202
vn -0.7735 -0.3597 -0.5219
vn -0.6994 0.0712 0.7112
vn -0.6831 0.2219 0.6958
vn 0.6873 0.1532 -0.7100
vn -0.0005 1.0000 -0.0000
vn 0.6477 0.3779 -0.6616
vn -0.3585 0.1159 0.9263
vn 0.3575 0.4292 -0.8295
vn -0.3539 0.1523 0.9228
vn 0.5598 0.5950 -0.5768
vn -0.6144 0.0229 0.7887
vn -0.3099 0.1183 0.9434
vn -0.0139 -0.9993 0.0353
vn 0.3571 0.1038 -0.9283
vn 0.2646 -0.2631 -0.9278
vn 0.6564 -0.3339 -0.6765
vn 0.2865 -0.4588 -0.8411
vn 0.3846 0.3330 -0.8609
vn 0.0937 -0.9625 -0.2544
vn -0.2786 -0.6375 0.7183
vn 0.0724 0.9961 0.0500
vn -0.1204 -0.9927 0.0037
vn 0.0852 -0.9928 -0.0839
vn 0.6859 0.2076 -0.6975
vn -0.3529 0.2094 0.9119
vn -0.1709 0.9693 0.1767
vn 0.1148 -0.9865 -0.1169
vn -0.6995 0.0613 0.7120
vn -0.3666 0.0688 0.9278
vn 0.1002 0.9949 0.0142
vn -0.0908 -0.9955 -0.0278
vn -0.3831 -0.2442 0.8908
vn -0.3287 0.3023 0.8948
vn -0.3445 0.2481 0.9054
vn -0.3617 -0.0249 0.9320
vn 0.3530 -0.1677 -0.9205
vn 0.3070 -0.1954 -0.9315
vn 0.6129 0.0549 -0.7883
vn -0.2972 -0.4528 0.8406
vn 0.3562 -0.1650 -0.9197
vn -0.5544 -0.6043 0.5723
vn -0.6410 -0.4058 0.6515
vn -0.0783 0.8270 0.5567
vn -0.5388 0.4743 -0.6962
vn -0.6958 -0.0000 0.7183
vn 0.6540 -0.3585 -0.6662
vn 0.6993 -0.0717 -0.7113
vn -0.3600 -0.0720 0.9302
vn 0.6992 -0.0717 -0.7113
vn -0.2129 0.9084 -0.3597
vn -0.6047 -0.5062 0.6149
vn -0.5521 -0.6097 0.5688
vn -0.2815 -0.5564 0.7818
vn 0.5512 0.4350 -0.7120
vn 0.2896 -0.3369 -0.8959
vn -0.3264 0.3131 0.8918
vn 0.1100 0.9939 -0.0121
vn -0.3659 0.0755 0.9276
vn -0.6998 0.0538 0.7123
vn 0.6854 0.2110 -0.6969
vn -0.1668 -0.9761 0.1390
vn 0.2722 -0.5075 -0.8175
vn -0.2863 0.3361 0.8973
vn -0.5714 -0.3507 0.7420
vn 0.5557 0.6028 -0.5726
vn 0.3513 0.4960 -0.7941
vn 0.6092 0.4917 -0.6223
vn -0.0004 1.0000 -0.0000
vn 0.6876 0.1506 -0.7103
vn -0.6818 0.2302 0.6944
vn -0.6995 0.0723 0.7110
vn -0.0001 1.0000 0.0002
vn -0.3585 0.1156 0.9264
vn -0.3539 0.1524 0.9228
vn 0.3571 0.1043 -0.9282
vn 0.3434 -0.2560 -0.9036
vn 0.6563 -0.3341 -0.6765
vn 0.3844 0.3391 -0.8587
vn 0.0570 0.9940 0.0934
vn 0.1146 -0.9865 -0.1167
vn -0.0924 -0.9954 -0.0237
vn -0.3831 -0.2392 0.8922
vn -0.3565 0.1238 0.9261
vn -0.3617 -0.0267 0.9319
vn 0.3562 -0.1646 -0.9198
vn -0.0761 0.8357 0.5439
vn -0.5013 -0.0000 0.8653
vn 0.6113 -0.7077 0.3542
vn 0.5013 -0.0000 -0.8653
vn 0.8652 -0.0000 0.5014
vn -0.8653 -0.0000 -0.5013
vn -0.1542 0.2834 0.9465
vn -0.4346 0.1385 0.8899
vn -0.3493 -0.0621 0.9349
vn 0.8653 -0.0000 0.5013
vn 0.8855 0.3702 0.2809
vn 0.5237 -0.5111 -0.6815
vn -0.0453 -0.3445 0.9377
vn 0.4999 -0.2171 -0.8384
vn -0.8652 -0.0002 -0.5014
vn -0.0000 -1.0000 -0.0002
vn 0.8654 0.0005 0.5010
vn 0.8651 -0.0001 0.5016
vn -0.0000 -1.0000 -0.0001
vn -0.8655 0.0002 -0.5009
vn -0.4403 0.4628 0.7694
vn 0.8653 -0.0000 0.5012
vn -0.8653 -0.0005 -0.5013
vn -0.8653 0.0028 -0.5013
vn 0.8653 0.0001 0.5012
vn -0.7844 -0.0133 -0.6201
vn -0.8654 0.0001 -0.5011
vn -0.8652 0.0001 -0.5014
vn -0.8651 0.0004 -0.5017
vn -0.8662 0.0038 -0.4997
vn 0.8648 -0.0007 0.5020
vn 0.8650 0.0003 0.5018
vn 0.8655 0.0001 0.5009
vn 0.8649 -0.0003 0.5019
vn 0.8649 -0.0002 0.5019
vn 0.0001 -1.0000 -0.0001
vn 0.8654 0.0002 0.5010
vn 0.4999 0.2171 -0.8384
vn 0.8653 0.0004 0.5012
vn -0.8650 -0.0000 -0.5017
vn -0.0000 1.0000 -0.0001
vn -0.8653 -0.0000 -0.5012
vn 0.8653 0.0002 0.5012
vn 0.8654 -0.0000 0.5010
vn 0.8652 -0.0036 0.5014
vn -0.0000 -1.0000 0.0001
vn 0.8653 0.0001 0.5013
vn -0.8652 -0.0004 -0.5015
vn 0.8652 -0.0001 0.5014
vn -0.8656 0.0005 -0.5008
vn 0.8648 0.0009 0.5020
vn 0.8655 0.0008 0.5009
vn -0.8651 -0.0007 -0.5016
vn -0.8660 -0.0023 -0.5000
vn 0.8648 0.0022 0.5021
vn 0.8660 0.0125 0.4999
vn -0.8653 0.0002 -0.5013
vn 0.8635 0.0247 0.5037
vn 0.6367 0.6210 0.4571
vn 0.8652 -0.0002 0.5014
vn 0.5969 0.8011 -0.0455
vn -0.4861 0.1595 0.8592
vn 0.2929 -0.2492 0.9231
vn 0.6154 -0.0000 -0.7882
vn 0.5790 -0.0000 -0.8153
vn 0.5361 0.1680 -0.8273
vn 0.7521 0.2501 0.6097
vn 0.9200 -0.0002 0.3919
vn 0.9095 0.4096 -0.0712
vn 0.9002 0.3883 0.1970
vn 0.8652 -0.0001 0.5015
vn 0.6510 -0.5455 0.5278
vn 0.7826 -0.5258 0.3333
vn -0.0001 -1.0000 -0.0000
vn -0.0580 -0.3389 -0.9390
vn 0.7069 -0.2942 -0.6432
vn 0.8046 0.3954 -0.4430
vn 0.4463 -0.5058 -0.7382
vn -0.5056 -0.0000 0.8628
vn -0.5510 -0.0000 0.8345
vn -0.5380 -0.0000 0.8430
vn -0.4236 0.5346 0.7313
vn -0.4225 0.1206 0.8983
vn -0.1552 -0.0019 -0.9879
vn 0.7199 -0.2218 -0.6577
vn 0.0829 0.0001 -0.9966
vn -0.3721 0.0249 0.9279
vn -0.5006 -0.0526 0.8641
vn -0.4873 -0.2345 0.8412
vn -0.4380 -0.4865 0.7560
vn -0.3722 -0.0000 0.9281
vn -0.7072 -0.0000 0.7070
vn -0.8716 -0.0000 0.4901
vn -0.6672 -0.0000 0.7448
vn 0.2192 -0.0000 0.9757
vn 0.4321 -0.0000 -0.9018
vn -0.9757 -0.0000 0.2192
vn -0.7938 -0.0000 0.6082
vn -0.9697 0.1103 0.2179
vn -0.9921 0.0441 0.1176
vn 0.7775 -0.6254 -0.0666
vn 0.9757 -0.0000 -0.2192
vn 0.9614 0.0715 -0.2658
vn 0.9391 -0.0000 0.3435
vn -0.2192 -0.0000 -0.9757
vn 0.2422 -0.3008 0.9224
vn 0.0217 -0.9980 0.0592
vn 0.2678 -0.0000 0.9635
vn -0.9757 -0.0000 0.2193
vn -0.9997 -0.0000 -0.0229
vn -0.9296 -0.1942 0.3134
vn 0.3488 -0.0000 0.9372
vn 0.1916 0.4864 0.8525
vn 0.2098 0.2905 0.9336
vn 0.2675 -0.0000 0.9636
vn 0.2168 0.1501 0.9646
vn 0.2461 -0.0000 0.9693
vn 0.2734 -0.0000 0.9619
vn 0.2376 0.0025 0.9713
vn -0.1448 -0.0000 -0.9895
vn -0.2832 0.4222 -0.8612
vn 0.2193 -0.0000 0.9757
vn -0.2216 0.2662 -0.9381
vn -0.2263 -0.0000 -0.9741
vn 0.2166 -0.0000 0.9763
vn 0.2203 -0.0000 0.9754
vn 0.1662 0.6521 0.7397
vn -0.2175 0.1255 -0.9680
vn -0.2040 0.3659 -0.9080
vn -0.2112 -0.2681 -0.9399
vn -0.9400 0.3402 -0.0253
vn -0.0001 -1.0000 -0.0003
vn -0.2263 -0.0225 -0.9738
vn 0.9756 0.0005 -0.2195
vn 0.0869 0.0260 0.9959
vn 0.8764 0.2803 -0.3917
vn -0.0001 -1.0000 -0.0001
vn 0.2366 -0.0954 0.9669
vn -0.9756 0.0002 0.2196
vn 0.1702 -0.0000 0.9854
vn 0.7496 -0.0000 0.6619
vn 0.2576 0.3386 0.9050
vn 0.9912 -0.0000 -0.1324
vn 0.0216 -0.0000 0.9998
vn -0.5699 -0.2202 -0.7917
vn -0.7967 0.4204 -0.4342
vn -0.1964 -0.0000 -0.9805
vn 0.2860 0.0001 0.9582
vn 0.2238 -0.3447 0.9116
vn -0.2906 -0.0000 -0.9569
vn -0.2254 0.3277 -0.9175
vn -0.3352 -0.9415 0.0358
vn -0.9757 -0.0005 0.2192
vn -0.1850 -0.0000 -0.9827
vn -0.9755 0.0028 0.2198
vn 0.2291 -0.0000 0.9734
vn -0.1854 0.1105 -0.9764
vn 0.9757 -0.0006 -0.2193
vn -0.9973 0.0522 0.0511
vn -0.9756 -0.0001 0.2195
vn -0.9143 -0.2061 0.3486
vn -0.9757 -0.0002 0.2191
vn 0.3925 0.2840 0.8748
vn 0.9952 0.0001 -0.0980
vn -0.9912 -0.0441 0.1248
vn -0.0517 0.1282 -0.9904
vn 0.9780 -0.0000 -0.2087
vn 0.9758 -0.0003 -0.2186
vn 0.9758 -0.0002 -0.2185
vn 0.2119 0.2064 0.9552
vn -0.9757 0.0001 0.2191
vn 0.9756 0.0002 -0.2195
vn -0.2299 -0.0000 -0.9732
vn 0.9886 -0.0001 0.1504
vn 0.9756 0.0003 -0.2193
vn -0.9758 0.0001 0.2187
vn 0.2190 0.0498 0.9745
vn -0.7576 0.0006 0.6527
vn 0.9757 -0.0000 -0.2193
vn 0.9757 -0.0036 -0.2191
vn -0.9756 0.0001 0.2194
vn 0.9245 0.0001 -0.3812
vn -0.9757 -0.0002 0.2190
vn 0.9757 -0.0001 -0.2190
vn -0.9755 0.0005 0.2198
vn 0.9759 0.0009 -0.2184
vn 0.9756 0.0008 -0.2197
vn -0.8364 -0.4691 0.2835
vn -0.9750 -0.0023 0.2223
vn 0.9672 0.2503 -0.0439
vn 0.9753 0.0125 -0.2207
vn -0.9266 0.3226 0.1931
vn 0.8109 -0.5570 -0.1796
vn 0.9494 -0.0000 -0.3141
vn -0.1047 -0.0000 -0.9945
vn 0.9886 -0.0003 0.1504
vn -0.0935 -0.3333 -0.9382
vn -0.2068 -0.0000 -0.9784
vn -0.1867 -0.0000 -0.9824
vn -0.1656 -0.0000 -0.9862
vn -0.1957 -0.0000 -0.9807
vn 0.7413 -0.0921 -0.6648
vn -0.1857 -0.0000 -0.9826
vn -0.1864 0.1118 -0.9761
vn -0.9876 -0.1057 0.1157
vn 0.9350 0.0584 -0.3499
vn 0.9995 0.0002 0.0327
vn 0.2408 -0.0000 0.9706
vn 0.1953 0.4540 0.8693
vn 0.9757 -0.0000 -0.2191
vn 0.8419 -0.5055 -0.1890
vn 0.4596 0.3754 -0.8049
vn -0.3101 0.1209 -0.9430
vn -0.2258 0.1453 -0.9633
vn 0.0554 -0.5232 0.8504
vn 0.1536 -0.0000 0.9881
vn 0.2159 0.1744 0.9607
vn 0.7366 -0.3691 -0.5667
vn 0.1276 -0.0001 0.9918
vn 0.5231 0.6103 0.5949
vn 0.4235 -0.8891 0.1736
vn -0.0485 -0.5512 0.8330
vn -0.1122 0.0361 0.9930
vn -0.7248 -0.2821 0.6285
vn -0.6802 0.4351 0.5899
vn -0.5360 0.8177 0.2100
vn -0.6993 -0.6772 -0.2287
vn 0.7240 -0.6787 0.1234
vn -0.7729 -0.2890 0.5650
vn -0.7385 -0.4406 -0.5103
vn -0.7086 0.4792 0.5180
vn -0.7386 0.4404 -0.5103
vn 0.4821 -0.6834 0.5483
vn 0.6571 -0.2757 -0.7016
vn 0.7696 -0.0000 0.6385
vn 0.8358 0.1476 -0.5289
vn 0.8304 -0.5571 -0.0092
vn 0.2580 -0.8492 0.4608
vn -0.9758 -0.0000 0.2187
vn 0.9756 0.0001 -0.2193
vn 0.9756 0.0002 -0.2194
vn 0.9987 -0.0007 0.0516
vn 0.9993 -0.0000 -0.0382
vn 0.6621 -0.6534 -0.3669
vn 0.9079 0.2833 -0.3090
vn 0.9533 -0.0006 -0.3019
vn 0.8999 0.4118 0.1433
vn 0.9493 0.3128 0.0309
vn 0.6829 -0.5173 -0.5158
vn -0.9757 0.0001 0.2192
vn -0.9757 -0.0000 0.2190
vn 0.2559 -0.4987 0.8282
vn 0.1178 -0.5325 0.8382
vn 0.2715 -0.0000 0.9624
vn -0.2186 0.0757 -0.9729
vn 0.1853 0.5346 0.8246
vn -0.0242 -0.3940 0.9188
vn -0.9944 -0.0725 -0.0769
vn -0.1449 0.2155 -0.9657
vn 0.3554 0.6087 0.7094
vn 0.0469 0.1698 -0.9844
vn -0.2495 -0.5365 -0.8062
vn 0.2511 -0.4879 -0.8360
vn -0.3411 -0.5738 -0.7446
vn -0.1933 -0.4714 -0.8604
vn 0.1715 -0.0000 -0.9852
vn -0.1130 -0.4348 -0.8934
vn -0.3843 -0.0000 0.9232
vn -0.3325 -0.0000 0.9431
vn -0.0516 -0.0000 0.9987
vn -0.2191 0.0373 -0.9750
vn -0.2067 0.3339 -0.9197
vn -0.2112 0.2681 -0.9399
vn 0.2032 0.3752 0.9044
vn 0.2050 0.3548 0.9122
vn -0.2014 0.3951 -0.8963
vn 0.7479 -0.0000 0.6638
vn 0.8011 0.2730 -0.5327
vn 0.9754 -0.1926 -0.1072
vn 0.9757 0.0001 -0.2193
vn -0.9467 0.2421 0.2125
vn 0.8717 -0.3480 0.3449
vn -0.8384 -0.4577 0.2959
vn -0.7129 0.6366 0.2942
vn -0.9983 0.0481 0.0332
vn -0.7926 -0.0001 0.6097
vn -0.9621 -0.2721 -0.0189
vn -0.9756 0.0001 0.2196
vn 0.9757 0.0002 -0.2193
vn 0.5907 -0.3975 -0.7022
vn 0.5450 -0.2838 -0.7890
vn 0.9756 -0.0001 -0.2193
vn -0.8837 -0.4239 0.1986
vn -0.9476 -0.2383 0.2129
vn 0.8305 -0.3572 -0.4275
vn 0.9203 0.3760 0.1080
vn -0.8269 0.4445 0.3444
vn -0.9185 -0.3374 0.2064
vn -0.8932 -0.1022 -0.4380
vn -0.3170 -0.0000 -0.9484
vn 0.0243 -0.9974 -0.0681
vn -0.1985 0.4243 -0.8835
vn 0.0497 -0.9983 0.0296
vn 0.2461 0.0111 0.9692
vn -0.2137 -0.2236 -0.9510
vn -0.2087 0.3068 -0.9286
vn 0.0870 -0.0001 0.9962
vn -0.2185 -0.0844 -0.9722
vn 0.2436 0.1404 0.9596
vn 0.0793 -0.0719 0.9943
vn 0.5028 -0.0720 0.8614
vn 0.4704 -0.3597 0.8058
vn 0.9975 -0.0692 0.0125
vn 0.9377 -0.3473 0.0112
vn 0.8975 -0.0688 -0.4356
vn 0.8440 -0.3455 -0.4103
vn 0.6994 -0.0712 -0.7112
vn 0.6550 -0.3565 -0.6663
vn 0.3978 -0.0712 -0.9147
vn 0.3727 -0.3564 -0.8567
vn 0.0681 -0.0712 -0.9951
vn 0.0643 -0.3562 -0.9322
vn -0.3849 -0.0692 -0.9204
vn -0.3613 -0.3474 -0.8653
vn -0.8268 -0.0720 -0.5579
vn -0.9233 -0.3597 -0.1347
vn -0.0741 0.5332 -0.8428
vn -0.0712 0.8276 0.5567
vn -0.5285 0.7510 0.3958
vn 0.3487 0.9335 0.0840
vn -0.0222 0.9958 -0.0886
vn -0.0238 0.9983 -0.0539
vn 0.5979 0.6898 0.4083
vn -0.4893 0.5562 -0.6717
vn -0.5870 0.6952 0.4148
vn -0.0401 -0.9974 0.0595
vn -0.4599 0.8803 0.1165
vn -0.8164 0.5180 -0.2551
vn 0.9318 0.3553 -0.0743
vn -0.0783 0.8775 0.4731
vn -0.6417 0.7641 -0.0661
vn -0.0130 -0.1798 -0.9836
vn 0.7872 -0.6059 0.1148
vn -0.5082 -0.1244 -0.8522
vn -0.8230 -0.1749 -0.5405
vn 0.2808 -0.6150 0.7368
vn -0.9689 -0.2465 0.0237
vn -0.0776 -0.6153 0.7845
vn -0.8452 -0.2993 0.4428
vn -0.3216 -0.6097 0.7244
vn -0.6585 -0.3445 0.6691
vn -0.5565 -0.6013 0.5733
vn -0.4369 -0.5330 0.7246
vn -0.7206 -0.5844 0.3731
vn -0.0712 -0.3346 0.9397
vn -0.8097 -0.5867 0.0118
vn 0.3623 -0.2809 0.8887
vn -0.6594 -0.6060 -0.4450
vn 0.8146 -0.2022 0.5436
vn 0.9801 -0.1397 0.1413
vn -0.0632 -0.6060 -0.7930
vn 0.9467 -0.1220 -0.2980
vn 0.3542 -0.1601 -0.9214
vn -0.8028 -0.0288 0.5955
vn 0.6878 -0.0444 -0.7246
vn 0.7140 -0.2281 -0.6620
vn -0.0563 -0.1557 -0.9862
vn 0.0682 0.0390 0.9969
vn 0.0382 0.1114 0.9930
vn -0.5121 -0.1862 -0.8385
vn 0.4925 -0.0857 0.8661
vn 0.6029 0.0264 0.7974
vn -0.8291 -0.1663 -0.5338
vn 0.8147 -0.0570 0.5771
vn -0.9517 -0.3038 0.0456
vn -0.8410 -0.4101 0.3529
vn 0.9881 -0.1533 0.0087
vn 0.9740 -0.1938 0.1176
vn -0.3507 -0.4062 0.8438
vn -0.5529 -0.7158 0.4266
vn 0.9244 -0.1734 -0.3396
vn 0.8569 -0.0589 -0.5121
vn -0.0835 -0.5282 0.8450
vn 0.3405 -0.1038 -0.9345
vn 0.1140 -0.1218 -0.9860
vn 0.4294 -0.4286 0.7949
vn 0.6559 0.4199 -0.6273
vn 0.7259 -0.1346 -0.6745
vn 0.7740 -0.0864 0.6272
vn 0.0734 -0.1738 -0.9820
vn -0.0032 -0.1312 -0.9913
vn 0.9653 -0.2118 0.1524
vn -0.4380 -0.1433 -0.8875
vn -0.5293 -0.0264 -0.8480
vn 0.9465 -0.1374 -0.2920
vn 0.3530 -0.1673 -0.9205
vn -0.7766 0.0687 -0.6262
vn -0.6460 -0.1036 -0.7563
vn 0.6501 0.5232 -0.5510
vn -0.9897 0.1429 0.0059
vn -0.9519 -0.0495 0.3023
vn -0.9788 -0.0139 0.2043
vn 0.8763 -0.4115 -0.2506
vn -0.3586 -0.0268 0.9331
vn -0.1560 0.0858 0.9840
vn 0.9340 0.3385 0.1141
vn 0.9082 -0.3886 0.1557
vn 0.7752 0.3286 0.5395
vn 0.0199 -0.9998 0.0032
vn 0.7045 -0.3413 0.6222
vn 0.0784 0.9840 0.1600
vn 0.4079 0.3413 0.8469
vn 0.4432 -0.3422 0.8285
vn -0.0470 0.4458 0.8939
vn -0.0710 -0.9877 0.1396
vn -0.0820 -0.3015 0.9499
vn 0.1009 0.9881 -0.1163
vn -0.6762 0.3284 0.6595
vn -0.6968 -0.1934 0.6907
vn -0.3266 0.3016 0.8958
vn -0.3865 -0.1726 0.9060
vn 0.0449 -0.9988 -0.0202
vn -0.0742 0.9970 -0.0235
vn -0.8639 0.4265 0.2679
vn -0.8798 -0.2726 0.3893
vn -0.9139 0.4049 -0.0292
vn -0.7173 0.0478 0.6951
vn -0.9501 -0.3119 0.0104
vn -0.7598 0.3562 -0.5439
vn -0.7840 -0.3719 -0.4970
vn -0.4809 0.3184 -0.8169
vn -0.5234 -0.2261 -0.8216
vn -0.0558 -0.1625 -0.9851
vn 0.9531 -0.0550 -0.2977
vn 0.9892 -0.0255 0.1445
vn 0.7880 0.0008 0.6157
vn 0.4537 0.0322 0.8905
vn -0.0643 0.0664 0.9957
vn -0.7113 0.0709 0.6993
vn -0.1100 -0.9939 0.0121
vn 0.0908 0.9955 0.0277
vn -0.3658 0.0651 0.9284
vn -0.9351 0.0573 0.3497
vn -0.9989 0.0454 -0.0110
vn -0.5129 -0.0294 -0.8579
vn 0.0156 -0.9879 0.1541
vn 0.0313 0.9856 -0.1661
vn 0.9533 0.0421 -0.2991
vn 0.9887 0.0420 0.1442
vn 0.8288 0.0190 0.5592
vn 0.3839 0.0311 0.9228
vn -0.0696 0.0528 0.9962
vn -0.3987 0.0538 0.9155
vn -0.6998 0.0654 0.7114
vn -0.8977 0.0551 0.4371
vn -0.9994 0.0324 -0.0108
vn -0.8274 0.0421 -0.5600
vn -0.5037 0.0421 -0.8629
vn -0.0794 0.0420 -0.9960
vn 0.3606 0.0421 -0.9318
vn -0.0182 0.9699 0.2430
vn 0.0853 0.9745 0.2075
vn -0.1736 0.9777 -0.1179
vn 0.1894 0.9736 0.1270
vn -0.2244 0.9745 -0.0014
vn 0.1127 -0.9870 -0.1148
vn -0.2185 0.9699 0.1078
vn 0.0655 -0.9865 -0.1502
vn -0.0983 0.9692 0.2256
vn 0.1407 -0.9874 -0.0728
vn -0.1651 0.9718 0.1681
vn 0.1585 -0.9874 -0.0023
vn 0.1151 -0.9933 0.0022
vn -0.0877 -0.9788 0.1852
vn -0.0646 -0.9857 -0.1559
vn 0.1006 -0.9938 -0.0479
vn 0.0069 0.9868 -0.1615
vn 0.0122 -0.9855 -0.1693
vn 0.7717 -0.3720 0.5158
vn -0.3529 0.2093 0.9119
vn 0.0777 0.2093 0.9748
vn 0.9769 0.2136 0.0105
vn 0.8780 0.2139 -0.4281
vn 0.6856 0.2075 -0.6978
vn 0.3902 0.2111 -0.8962
vn 0.0684 0.2139 -0.9745
vn -0.3753 0.2137 -0.9020
vn 0.0777 -0.9938 -0.0793
vn 0.0455 -0.9935 -0.1042
vn 0.5313 -0.1378 0.8359
vn -0.0556 -0.9943 -0.0911
vn 0.0068 -0.9938 -0.1107
vn 0.0656 0.9924 0.1040
vn 0.4719 -0.3520 0.8084
vn -0.0451 -0.9933 -0.1060
vn -0.0916 -0.9938 -0.0629
vn -0.4527 -0.0350 -0.8910
vn -0.7671 -0.3720 -0.5226
vn -0.0272 -0.9989 0.0380
vn -0.0594 -0.9982 -0.0087
vn -0.9633 0.0545 0.2627
vn 0.0232 0.9985 -0.0503
vn -0.0439 -0.9989 0.0138
vn -0.0278 -0.9993 0.0260
vn -0.3413 -0.3574 -0.8694
vn -0.0384 -0.9968 0.0702
vn 0.4520 0.4898 0.7455
vn 0.4283 -0.5819 0.6914
vn 0.0395 0.9981 -0.0480
vn 0.0939 -0.9624 -0.2548
vn 0.7237 0.0400 -0.6890
vn 0.8999 0.4356 -0.0197
vn 0.8817 -0.4702 0.0383
vn 0.0845 -0.3453 -0.9347
vn 0.8236 0.4161 -0.3855
vn 0.8305 -0.4985 -0.2486
vn 0.0578 -0.9983 0.0040
vn -0.0138 0.9966 0.0816
vn 0.3726 0.4036 -0.8357
vn 0.3029 -0.4336 -0.8487
vn 0.0719 -0.9640 -0.2562
vn 0.6672 0.3287 -0.6684
vn 0.6202 -0.5130 -0.5935
vn 0.3821 -0.3338 -0.8617
vn -0.0801 -0.9879 0.1326
vn 0.0779 0.3908 -0.9172
vn 0.0448 -0.5123 -0.8576
vn 0.0858 0.9881 -0.1277
vn -0.1112 -0.9741 -0.1967
vn -0.4268 0.4348 -0.7930
vn -0.3762 -0.4899 -0.7865
vn -0.0312 0.9988 -0.0377
vn 0.6558 -0.3352 -0.6765
vn -0.6607 0.4438 -0.6054
vn -0.7431 -0.4528 -0.4927
vn 0.0095 -0.9977 0.0669
vn 0.0735 0.9957 -0.0555
vn 0.2823 -0.1251 -0.9511
vn 0.3569 0.1105 -0.9276
vn -0.8755 0.3320 0.3511
vn -0.8699 -0.3991 0.2898
vn 0.9550 -0.1907 -0.2271
vn 0.9470 0.1056 -0.3033
vn -0.6739 0.2761 0.6853
vn 0.9965 -0.0342 0.0762
vn 0.9835 0.1206 0.1345
vn -0.0775 -0.9964 0.0334
vn 0.6178 -0.0580 0.7842
vn 0.8299 0.0037 0.5579
vn 0.3666 0.0244 0.9301
vn 0.4391 0.1882 0.8785
vn 0.0307 0.9973 -0.0667
vn -0.0913 0.0979 0.9910
vn -0.0720 0.2115 0.9747
vn 0.8387 -0.3343 -0.4300
vn -0.8053 0.2376 0.5431
vn -0.6970 -0.3329 0.6351
vn -0.0128 -0.9994 0.0332
vn -0.6913 0.0036 0.7226
vn -0.3143 0.1509 0.9372
vn 0.0060 -0.9990 0.0450
vn -0.9337 0.0960 0.3450
vn -0.9198 0.2189 0.3257
vn -0.9929 0.1188 -0.0027
vn -0.9801 0.1985 -0.0076
vn -0.7723 -0.0339 -0.6344
vn -0.8096 0.1634 -0.5638
vn -0.0528 0.9813 0.1850
vn -0.2818 -0.3324 -0.9001
vn -0.5274 0.0828 -0.8456
vn -0.0919 -0.2203 -0.9711
vn -0.0350 0.1145 -0.9928
vn 0.7181 -0.1988 -0.6670
vn 0.0037 -0.9989 0.0458
vn 0.0638 0.5972 0.7995
vn 0.6661 0.5964 0.4479
vn 0.7935 0.6084 -0.0143
vn 0.7026 0.6097 -0.3669
vn 0.5592 0.5948 -0.5775
vn 0.3238 0.6028 -0.7292
vn 0.0773 0.6098 -0.7888
vn -0.2837 0.6084 -0.7412
vn -0.6646 0.5964 -0.4501
vn -0.3542 0.1525 0.9226
vn -0.9525 0.0634 0.2978
vn -0.9791 0.1316 -0.1553
vn -0.8258 0.0344 -0.5629
vn -0.3517 0.1225 -0.9281
vn 0.1086 0.5402 -0.8345
vn 0.4935 0.7769 -0.3910
vn 0.3038 0.4242 -0.8531
vn 0.8300 0.4276 -0.3580
vn 0.9603 0.2764 -0.0380
vn 0.8322 0.1000 0.5454
vn 0.5112 0.1586 0.8447
vn 0.0901 0.1985 0.9759
vn -0.7159 0.2142 0.6645
vn -0.6940 -0.0095 0.7200
vn -0.3574 0.1129 0.9271
vn -0.9602 0.0629 0.2722
vn -0.9849 0.0894 -0.1485
vn -0.8128 0.1540 -0.5619
vn -0.3498 0.2112 -0.9127
vn 0.0912 0.2834 -0.9546
vn 0.4369 0.5221 -0.7325
vn 0.5801 0.3216 -0.7483
vn 0.8555 0.2675 -0.4434
vn 0.9773 0.2112 -0.0171
vn 0.8265 0.1384 0.5457
vn 0.5138 0.0759 0.8545
vn 0.0188 0.1333 0.9909
vn -0.5853 0.5972 0.5483
vn -0.0618 -0.9962 0.0612
vn 0.0303 -0.9982 0.0519
vn 0.0278 0.9979 -0.0592
vn 0.9339 -0.3573 -0.0088
vn 0.1122 -0.9637 -0.2421
vn 0.0502 -0.9982 0.0328
vn 0.7096 0.2334 -0.6648
vn 0.0036 1.0000 0.0007
vn -0.0020 1.0000 -0.0031
vn -0.0011 1.0000 -0.0008
vn 0.0012 1.0000 0.0007
vn 0.9278 0.2335 -0.2910
vn 0.8219 0.1322 0.5540
vn 0.9898 0.1416 -0.0185
vn 0.8756 0.1530 -0.4582
vn 0.6876 0.1533 -0.7098
vn 0.4009 0.1535 -0.9032
vn 0.0974 0.1482 -0.9841
vn -0.3532 0.1415 -0.9248
vn -0.8213 0.1322 -0.5549
vn 0.9870 0.0715 0.1439
vn 0.8041 0.2466 0.5410
vn 0.3699 0.2484 0.8952
vn 0.3826 0.0736 0.9210
vn -0.0698 0.2367 0.9691
vn -0.0699 0.0736 0.9948
vn -0.3888 0.2302 0.8921
vn -0.3977 0.0723 0.9146
vn -0.6844 0.2174 0.6959
vn -0.6995 0.0706 0.7111
vn -0.8787 0.2107 0.4284
vn -0.8970 0.0677 0.4368
vn -0.9743 0.2252 -0.0100
vn -0.9976 0.0682 -0.0107
vn -0.8053 0.2335 -0.5450
vn -0.4902 0.2335 -0.8398
vn -0.5028 0.0715 -0.8614
vn -0.0793 0.0715 -0.9943
vn 0.3509 0.2334 -0.9068
vn -0.0699 0.0706 0.9951
vn -0.0701 0.2236 0.9722
vn 0.9278 0.2334 -0.2911
vn -0.0012 1.0000 -0.0006
vn 0.0910 0.2675 -0.9592
vn -0.9537 0.0315 0.2990
vn 0.1082 0.5039 -0.8570
vn 0.0786 0.5915 -0.8024
vn 0.1446 -0.9715 -0.1877
vn -0.0721 0.2098 0.9751
vn 0.9593 0.0423 -0.2792
vn -0.7337 0.6616 0.1550
vn 0.0457 -0.5004 -0.8646
vn 0.0780 0.4036 -0.9116
vn 0.0395 0.9980 -0.0483
vn -0.0408 -0.9939 0.1026
vn -0.0363 -0.9993 0.0114
vn 0.0068 -0.9938 -0.1112
vn 0.0685 0.2071 -0.9759
vn 0.0118 -0.9865 -0.1636
vn -0.0178 0.9712 0.2375
vn -0.0696 0.0539 0.9961
vn -0.0641 0.0699 0.9955
vn 0.9616 0.1284 -0.2425
vn -0.0823 -0.3484 0.9337
vn -0.0483 0.4269 0.9030
vn 0.8746 -0.4117 -0.2562
vn -0.8807 0.1839 0.4365
vn -0.9502 0.0033 0.3116
vn 0.8697 0.4594 -0.1804
vn -0.0103 -0.0648 -0.9978
vn 0.0737 -0.1659 -0.9834
vn -0.0836 -0.5008 0.8615
vn 0.0967 0.9876 0.1235
vn -0.0057 -0.9988 0.0487
vn 0.9505 -0.0844 -0.2992
vn -0.0717 -0.3173 0.9456
vn -0.0788 -0.5998 0.7962
vn -0.0878 0.8008 -0.5925
vn -0.1356 0.9808 -0.1404
vn 0.0646 -0.3455 -0.9362
vn 0.0681 -0.0688 -0.9953
vn 0.0926 -0.9938 0.0614
vn 0.8252 0.1540 0.5435
vn -0.8153 0.1384 -0.5622
vn 0.8318 0.1208 0.5417
vn -0.7872 0.2365 -0.5695
vn 0.0126 0.9968 -0.0789
vn 0.8308 0.0382 0.5553
vn -0.0566 -0.9973 0.0476
vn -0.7434 -0.4519 -0.4931
vn -0.6531 0.4588 -0.6024
vn 0.1566 0.9850 -0.0720
vn -0.0308 -0.9848 0.1708
vn -0.7671 -0.3721 -0.5226
vn -0.0492 -0.9982 -0.0343
vn 0.1743 0.9777 0.1168
vn -0.1887 0.9736 -0.1281
vn -0.8279 0.0234 -0.5604
vn 0.8287 0.0235 0.5591
vn 0.7880 0.0017 0.6156
vn 0.6895 -0.3782 0.6177
vn 0.7744 0.3327 0.5381
vn -0.9051 -0.0819 -0.4171
vn -0.7912 -0.1068 -0.6022
vn 0.7671 -0.1236 0.6295
vn 0.8297 -0.0581 0.5551
vn -0.8266 -0.1971 -0.5271
vn 0.8156 -0.1963 0.5443
vn -0.8203 -0.1980 -0.5365
vn -0.6247 0.6655 -0.4085
vn 0.0264 0.9926 0.1185
vn -0.6995 0.0708 0.7111
vn -0.6843 0.2184 0.6958
vn 0.6876 0.1524 -0.7099
vn -0.3573 0.1157 0.9268
vn 0.2967 0.4798 -0.8257
vn -0.3542 0.1524 0.9227
vn 0.5579 0.5973 -0.5762
vn -0.3203 0.1021 0.9418
vn -0.5765 0.0320 0.8165
vn -0.0137 -0.9993 0.0355
vn 0.3610 0.1041 -0.9267
vn 0.6560 -0.3341 -0.6767
vn 0.3012 -0.4398 -0.8461
vn 0.3766 0.3369 -0.8630
vn 0.0937 -0.9626 -0.2544
vn 0.0869 0.9949 0.0516
vn -0.0682 -0.9958 -0.0606
vn 0.0791 -0.9936 -0.0807
vn 0.6854 0.2086 -0.6976
vn -0.1725 0.9692 0.1756
vn 0.1141 -0.9865 -0.1175
vn -0.6998 0.0644 0.7114
vn -0.3657 0.0659 0.9284
vn 0.0924 0.9954 0.0237
vn -0.0951 -0.9951 -0.0279
vn -0.3864 -0.2403 0.8905
vn -0.3242 0.3126 0.8929
vn -0.1494 0.2525 0.9560
vn -0.3586 -0.0246 0.9332
vn 0.3527 -0.1677 -0.9206
vn 0.5745 -0.0963 -0.8128
vn 0.3474 -0.0461 -0.9366
vn -0.3501 -0.4191 0.8377
vn 0.3538 -0.1647 -0.9207
vn -0.5562 -0.6020 0.5729
vn -0.1033 0.8329 0.5436
vn -0.5359 0.4715 -0.7004
vn 0.6549 -0.3569 -0.6661
vn 0.6994 -0.0713 -0.7112
vn -0.3368 -0.3597 0.8702
vn 0.6993 -0.0726 -0.7111
vn 0.6534 -0.3623 -0.6647
vn -0.0421 0.7302 -0.6819
vn -0.5557 -0.4102 0.7232
vn -0.3471 -0.4663 0.8136
vn 0.3614 0.1372 -0.9222
vn 0.4617 -0.1858 -0.8673
vn -0.3177 0.3414 0.8846
vn 0.0975 0.9952 0.0108
vn -0.3654 0.0688 0.9283
vn -0.7000 0.0613 0.7115
vn 0.0952 -0.9907 -0.0971
vn -0.1029 -0.9944 0.0247
vn 0.2953 -0.4610 -0.8368
vn -0.5372 0.1072 0.8366
vn -0.3344 -0.0590 0.9406
vn 0.2718 0.6194 -0.7366
vn 0.5657 0.3830 -0.7303
vn 0.6876 0.1525 -0.7099
vn -0.6837 0.2219 0.6952
vn -0.3573 0.1148 0.9269
vn -0.0137 -0.9993 0.0353
vn 0.2717 -0.2130 -0.9385
vn 0.3755 0.3578 -0.8550
vn 0.0814 0.9945 0.0653
vn -0.1719 0.9695 0.1750
vn -0.1002 -0.9949 -0.0141
vn -0.3867 -0.2220 0.8951
vn -0.1512 0.2167 0.9644
vn -0.3586 -0.0251 0.9331
vn 0.3528 -0.1675 -0.9206
vn 0.3539 -0.1633 -0.9209
vn -0.0920 0.8540 0.5121
vn 0.9822 -0.1747 -0.0693
vn -0.2347 0.3238 0.9165
vn 0.8652 -0.0000 0.5015
vn 0.2958 -0.2071 0.9325
vn -0.3500 -0.0000 0.9367
vn 0.8740 -0.0000 0.4860
vn 0.5676 -0.5635 -0.6003
vn -0.4368 0.2324 0.8690
vn -0.8653 0.0001 -0.5012
vn -0.0001 -1.0000 0.0001
vn 0.0002 -1.0000 -0.0003
vn 0.8652 -0.0006 0.5014
vn -0.8654 0.0004 -0.5010
vn -0.4511 0.0001 0.8925
vn -0.8653 -0.0003 -0.5013
vn -0.8656 -0.0014 -0.5008
vn 0.8653 -0.0006 0.5013
vn -0.7687 0.0264 -0.6390
vn -0.8654 -0.0001 -0.5010
vn -0.8649 -0.0000 -0.5019
vn -0.8651 -0.0000 -0.5016
vn 0.8647 -0.0003 0.5023
vn 0.8650 0.0001 0.5017
vn 0.8655 -0.0000 0.5010
vn 0.8651 0.0001 0.5016
vn 0.8649 -0.0000 0.5020
vn -0.8654 -0.0005 -0.5011
vn 0.8654 0.0001 0.5011
vn -0.8650 0.0002 -0.5018
vn -0.8655 0.0008 -0.5010
vn 0.8654 -0.0000 0.5011
vn 0.8654 -0.0002 0.5011
vn 0.8666 -0.0071 0.4990
vn -0.8653 -0.0001 -0.5012
vn -0.8655 0.0003 -0.5009
vn 0.8653 -0.0003 0.5013
vn 0.8653 0.0002 0.5013
vn -0.8651 -0.0008 -0.5015
vn -0.9009 0.3674 -0.2309
vn 0.8656 -0.0002 0.5007
vn 0.8653 0.0004 0.5013
vn -0.8653 0.0001 -0.5013
vn 0.8653 0.0012 0.5013
vn 0.1258 -0.5242 0.8423
vn 0.7982 0.1665 0.5790
vn 0.6320 0.6214 0.4631
vn -0.3885 -0.0000 0.9215
vn 0.6455 0.1056 0.7564
vn -0.3766 -0.3869 0.8417
vn 0.5675 -0.1988 -0.7990
vn 0.6002 0.3154 -0.7350
vn 0.5598 -0.0000 -0.8286
vn 0.8895 -0.2326 -0.3932
vn 0.8567 -0.1395 0.4965
vn 0.9589 0.2396 0.1520
vn 0.6177 -0.4351 -0.6551
vn 0.7630 -0.4845 0.4278
vn 0.5246 -0.6280 0.5748
vn 0.0001 -1.0000 -0.0002
vn 0.2615 -0.4744 -0.8406
vn 0.0417 0.3937 -0.9183
vn 0.1568 -0.3888 -0.9079
vn 0.4303 -0.5129 -0.7428
vn -0.5346 0.1414 0.8332
vn -0.5001 -0.0673 0.8633
vn -0.5502 0.0535 0.8333
vn -0.6688 -0.0000 0.7435
vn 0.4887 -0.2227 -0.8436
vn 0.4454 -0.4587 -0.7689
vn -0.3629 0.0044 0.9318
vn -0.5295 -0.0000 0.8483
vn -0.3271 -0.4772 0.8156
vn -0.6782 -0.2832 0.6781
vn -0.7092 0.0033 0.7050
vn -0.7062 0.0520 0.7061
vn 0.7889 0.2383 -0.5664
vn 0.9418 0.1523 0.2995
vn -0.8560 -0.3140 0.4106
vn 0.8396 -0.0000 -0.5432
vn 0.2358 -0.0000 0.9718
vn -0.3318 -0.9348 0.1271
vn 0.2850 0.1347 0.9490
vn -0.8625 -0.0000 0.5061
vn 0.2954 0.2166 0.9305
vn 0.1270 0.3673 0.9214
vn 0.2871 0.1514 0.9458
vn 0.2276 -0.0000 0.9737
vn 0.2186 0.4825 0.8482
vn 0.2811 0.2363 0.9301
vn 0.2378 -0.0000 0.9713
vn -0.3752 -0.0006 -0.9269
vn -0.2475 -0.0000 -0.9689
vn 0.2300 0.1695 0.9583
vn 0.2250 -0.2056 0.9524
vn 0.3396 -0.0000 0.9406
vn 0.0593 0.4319 0.9000
vn -0.1214 0.0832 -0.9891
vn -0.2264 -0.0000 -0.9740
vn -0.2176 0.3419 -0.9142
vn -0.2034 -0.0832 -0.9756
vn -0.2026 -0.3342 -0.9205
vn -0.9757 -0.0002 0.2193
vn 0.2183 -0.4862 0.8461
vn -0.0000 -1.0000 0.0002
vn -0.2250 -0.0000 -0.9744
vn 0.2225 -0.4114 0.8839
vn 0.9758 -0.0006 -0.2188
vn 0.2023 0.3205 0.9254
vn -0.9756 0.0004 0.2195
vn 0.2934 -0.0000 0.9560
vn 0.2053 -0.3504 0.9138
vn -0.9736 0.0634 0.2191
vn -0.2016 -0.3932 -0.8971
vn 0.1974 -0.5735 0.7951
vn -0.2892 -0.0129 -0.9572
vn -0.2671 0.0001 -0.9637
vn -0.9636 0.1295 0.2337
vn -0.1885 -0.0601 -0.9802
vn -0.9757 -0.0014 0.2192
vn 0.2175 -0.1585 0.9631
vn 0.9757 0.0001 -0.2192
vn -0.9990 0.0222 0.0389
vn -0.9756 -0.0001 0.2194
vn -0.9797 0.1748 0.0984
vn 0.9479 -0.2254 -0.2251
vn -0.6817 -0.6303 -0.3715
vn -0.6917 -0.4202 -0.5873
vn 0.9758 0.0001 -0.2188
vn 0.9759 -0.0000 -0.2184
vn 0.2370 -0.1589 0.9584
vn -0.9756 -0.0005 0.2195
vn 0.9756 0.0001 -0.2194
vn 0.9886 -0.0001 0.1503
vn 0.9757 0.0002 -0.2191
vn -0.9758 0.0002 0.2186
vn 0.1895 -0.0000 0.9819
vn -0.0000 1.0000 -0.0002
vn -0.9702 0.1061 0.2178
vn 0.9756 -0.0000 -0.2195
vn 0.9751 -0.0071 -0.2218
vn -0.9757 -0.0001 0.2193
vn 0.9245 -0.0000 -0.3812
vn -0.9757 -0.0004 0.2193
vn 0.9757 -0.0001 -0.2191
vn -0.9756 0.0003 0.2197
vn 0.9757 -0.0003 -0.2192
vn 0.9757 0.0002 -0.2192
vn -0.9183 -0.3380 0.2060
vn -0.9754 0.0003 0.2207
vn 0.9755 -0.0002 -0.2198
vn 0.9757 0.0004 -0.2192
vn -0.9541 0.2092 0.2144
vn 0.9916 0.0012 -0.1296
vn 0.9886 -0.0004 0.1504
vn -0.1382 -0.5301 -0.8366
vn -0.1410 0.5500 -0.8232
vn -0.1640 0.1393 -0.9766
vn -0.0380 0.6934 -0.7196
vn 0.2289 0.2956 0.9275
vn 0.6437 -0.0000 -0.7653
vn 0.2877 -0.4450 0.8481
vn -0.1709 0.1209 -0.9778
vn -0.1801 -0.0000 -0.9836
vn 0.9759 -0.0007 -0.2181
vn 0.8244 -0.4914 -0.2808
vn 0.1425 0.6479 0.7482
vn 0.6434 -0.7009 0.3078
vn 0.1680 0.4198 0.8920
vn 0.2541 0.4323 -0.8652
vn -0.2955 -0.0000 -0.9553
vn 0.1942 0.6489 -0.7356
vn 0.1030 0.3018 0.9478
vn -0.1599 -0.2932 -0.9426
vn 0.1873 -0.0000 0.9823
vn 0.9526 -0.1745 -0.2492
vn 0.1616 -0.6463 0.7458
vn 0.3613 -0.7792 -0.5121
vn 0.1028 0.7860 -0.6096
vn 0.1906 -0.1921 0.9627
vn 0.7730 0.5013 0.3889
vn -0.7761 0.6206 -0.1122
vn -0.8557 -0.4793 -0.1951
vn -0.3442 0.8703 -0.3522
vn -0.8363 0.3741 0.4009
vn -0.7334 0.6749 0.0819
vn -0.8098 -0.5290 0.2538
vn -0.7030 0.4790 0.5257
vn -0.5509 -0.7227 -0.4173
vn -0.8148 -0.3930 0.4262
vn 0.5469 -0.8107 0.2091
vn 0.8883 0.2285 0.3985
vn 0.7522 0.5824 0.3083
vn 0.6366 0.3642 -0.6797
vn 0.3501 0.7059 -0.6157
vn 0.8451 -0.5307 0.0641
vn -0.0000 1.0000 0.0001
vn -0.9758 0.0001 0.2186
vn 0.9757 0.0001 -0.2191
vn 0.9986 -0.0000 0.0522
vn 0.9894 0.0005 0.1452
vn 0.8223 0.5680 -0.0360
vn 0.8688 0.4944 0.0282
vn 0.7358 -0.3869 -0.5558
vn 0.7503 -0.5317 -0.3929
vn 0.9757 -0.0000 -0.2190
vn 0.3579 -0.5729 0.7374
vn 0.1067 -0.5097 0.8537
vn -0.1528 0.0620 -0.9863
vn -0.2668 -0.0000 -0.9638
vn 0.4868 0.5164 0.7045
vn 0.4638 0.5156 0.7205
vn -0.3946 0.2484 -0.8846
vn -0.1090 0.1451 -0.9834
vn -0.0770 -0.3769 0.9230
vn 0.0031 0.0944 -0.9955
vn -0.1880 -0.5147 -0.8365
vn -0.3077 0.1934 -0.9316
vn 0.6281 0.0564 -0.7761
vn -0.5288 -0.0001 -0.8488
vn -0.3106 -0.3810 -0.8708
vn -0.1016 -0.4264 -0.8988
vn -0.1123 -0.0000 -0.9937
vn -0.1497 0.3946 -0.9066
vn -0.5721 -0.0000 -0.8202
vn -0.3274 0.2240 0.9179
vn 0.1707 0.3592 0.9175
vn -0.2547 -0.0001 0.9670
vn -0.4203 0.3029 -0.8553
vn -0.3358 0.0316 -0.9414
vn -0.6853 -0.3329 -0.6478
vn 0.9998 -0.0000 0.0216
vn 0.8718 0.3480 0.3449
vn -0.9480 0.0006 -0.3181
vn -0.0001 1.0000 -0.0002
vn 0.4327 0.4428 -0.7853
vn -0.8055 -0.4905 0.3325
vn -0.8555 0.4807 0.1926
vn -0.8209 -0.3515 -0.4500
vn -0.9184 0.3375 0.2067
vn -0.7914 0.0570 0.6087
vn -0.7924 -0.1262 0.5968
vn 0.9756 0.0001 -0.2195
vn 0.9793 -0.0000 -0.2026
vn 0.9756 -0.0003 -0.2193
vn -0.0001 1.0000 -0.0004
vn 0.9756 -0.0001 -0.2194
vn -0.9520 -0.2866 -0.1072
vn -0.8225 -0.4231 0.3800
vn 0.8090 -0.4149 -0.4164
vn -0.9183 0.3375 0.2067
vn -0.8268 -0.4447 0.3444
vn -0.6391 0.0995 0.7627
vn -0.1495 0.2263 -0.9625
vn 0.0875 -0.9947 -0.0537
vn -0.0459 -0.9986 -0.0274
vn -0.0580 -0.0000 -0.9983
vn -0.3853 0.3770 -0.8423
vn 0.0645 -0.9976 0.0237
vn 0.0239 -0.9980 0.0584
vn 0.2440 0.0300 0.9693
vn -0.1968 -0.2646 -0.9441
vn -0.1977 0.3613 -0.9112
vn 0.0727 0.0428 0.9964
vn -0.1566 0.2902 -0.9441
vn 0.2441 0.0111 0.9697
vn -0.1990 -0.2206 -0.9548
vn 0.2273 0.2407 0.9436
vt 0.026395 0.048169
vt 0.023227 0.049320
vt 0.026395 0.049320
vt 0.023227 0.050472
vt 0.026395 0.050472
vt 0.033050 0.049320
vt 0.028139 0.048169
vt 0.028139 0.049320
vt 0.028139 0.050472
vt 0.033050 0.050472
vt 0.037962 0.049320
vt 0.033050 0.048169
vt 0.037962 0.050472
vt 0.041899 0.048169
vt 0.041899 0.049321
vt 0.041899 0.050472
vt 0.047785 0.048169
vt 0.042874 0.049320
vt 0.047785 0.049320
vt 0.042874 0.050472
vt 0.047785 0.050472
vt 0.052697 0.048169
vt 0.052697 0.049320
vt 0.052697 0.050472
vt 0.072083 0.047767
vt 0.070266 0.051541
vt 0.053586 0.048339
vt 0.053090 0.049320
vt 0.053090 0.050472
vt 0.062520 0.049320
vt 0.057609 0.048169
vt 0.057609 0.049320
vt 0.062520 0.050472
vt 0.057609 0.050472
vt 0.064976 0.049320
vt 0.062520 0.048169
vt 0.064976 0.050472
vt 0.072344 0.049320
vt 0.067432 0.048169
vt 0.067432 0.049320
vt 0.072344 0.050472
vt 0.067432 0.050472
vt 0.073319 0.048169
vt 0.073318 0.049320
vt 0.066991 0.054152
vt 0.062908 0.055084
vt 0.073318 0.050472
vt 0.082167 0.049320
vt 0.077255 0.048169
vt 0.077255 0.049320
vt 0.068629 0.052846
vt 0.082167 0.050472
vt 0.077255 0.050472
vt 0.072083 0.043579
vt 0.072083 0.044411
vt 0.072083 0.044411
vt 0.070266 0.039806
vt 0.066991 0.037195
vt 0.068629 0.038500
vt 0.068629 0.038500
vt 0.062908 0.036263
vt 0.058825 0.037195
vt 0.059152 0.037120
vt 0.059152 0.037120
vt 0.084623 0.048169
vt 0.084623 0.049320
vt 0.055551 0.039806
vt 0.053734 0.043579
vt 0.053734 0.047767
vt 0.053734 0.044411
vt 0.053734 0.044411
vt 0.055551 0.051541
vt 0.058825 0.054152
vt 0.084623 0.050472
vt 0.046114 0.080696
vt 0.045721 0.080696
vt 0.046114 0.080696
vt 0.059152 0.040516
vt 0.058825 0.040560
vt 0.026075 0.080696
vt 0.021163 0.080696
vt 0.077647 0.080696
vt 0.075191 0.080696
vt 0.077647 0.080696
vt 0.055544 0.080696
vt 0.050633 0.080696
vt 0.030986 0.080696
vt 0.058000 0.080696
vt 0.062908 0.039999
vt 0.066991 0.040560
vt 0.051849 0.080866
vt 0.048575 0.080111
vt 0.048575 0.082440
vt 0.068629 0.041348
vt 0.070266 0.042135
vt 0.055551 0.042135
vt 0.091990 0.048169
vt 0.087079 0.049320
vt 0.091990 0.049320
vt 0.087079 0.050472
vt 0.091990 0.050472
vt 0.034923 0.080696
vt 0.087079 0.043844
vt 0.091990 0.043844
vt 0.042456 0.088460
vt 0.043666 0.088460
vt 0.065368 0.080696
vt 0.060456 0.080696
vt 0.064527 0.047007
vt 0.066036 0.047007
vt 0.085014 0.080696
vt 0.080103 0.080696
vt 0.055382 0.039671
vt 0.053523 0.043531
vt 0.042874 0.043844
vt 0.047785 0.043844
vt 0.040809 0.080696
vt 0.035898 0.080696
vt 0.040947 0.088460
vt 0.050942 0.047007
vt 0.052451 0.047007
vt 0.066343 0.080696
vt 0.019419 0.080696
vt 0.016251 0.080696
vt 0.062908 0.055300
vt 0.070279 0.080696
vt 0.068760 0.053011
vt 0.021163 0.087323
vt 0.026075 0.085720
vt 0.026075 0.087323
vt 0.072293 0.047815
vt 0.070435 0.051675
vt 0.030986 0.085720
vt 0.030986 0.087323
vt 0.072293 0.044382
vt 0.034923 0.085720
vt 0.034923 0.087323
vt 0.070435 0.039671
vt 0.072293 0.043531
vt 0.035898 0.087323
vt 0.040809 0.085720
vt 0.040809 0.087323
vt 0.067085 0.037000
vt 0.068760 0.038336
vt 0.045721 0.085720
vt 0.045721 0.087323
vt 0.062908 0.036047
vt 0.046620 0.087904
vt 0.046114 0.085720
vt 0.059066 0.036924
vt 0.050633 0.087323
vt 0.055544 0.085720
vt 0.055544 0.087323
vt 0.058732 0.037000
vt 0.058000 0.087323
vt 0.058000 0.085720
vt 0.065368 0.087323
vt 0.060456 0.085720
vt 0.065368 0.085720
vt 0.053523 0.044382
vt 0.066343 0.087323
vt 0.066343 0.085720
vt 0.053523 0.047815
vt 0.075191 0.087323
vt 0.070279 0.085720
vt 0.075191 0.085720
vt 0.058732 0.054346
vt 0.055382 0.051675
vt 0.077647 0.087323
vt 0.077647 0.085720
vt 0.060215 0.054685
vt 0.060275 0.054483
vt 0.016251 0.087323
vt 0.019419 0.085720
vt 0.019419 0.087323
vt 0.060275 0.054483
vt 0.039438 0.088460
vt 0.085014 0.082143
vt 0.080103 0.082143
vt 0.080103 0.087323
vt 0.085014 0.085720
vt 0.085014 0.087323
vt 0.080103 0.083590
vt 0.085014 0.083590
vt 0.026075 0.083590
vt 0.021163 0.082143
vt 0.026075 0.082143
vt 0.021163 0.084149
vt 0.021163 0.085720
vt 0.067085 0.054346
vt 0.030986 0.082143
vt 0.030986 0.083590
vt 0.026075 0.084149
vt 0.084623 0.043844
vt 0.084623 0.043844
vt 0.034923 0.082143
vt 0.034923 0.083590
vt 0.034923 0.084149
vt 0.034923 0.085720
vt 0.035898 0.083590
vt 0.040809 0.082143
vt 0.040809 0.083590
vt 0.045721 0.082143
vt 0.045721 0.083590
vt 0.040809 0.084149
vt 0.035898 0.085720
vt 0.035898 0.082143
vt 0.046114 0.083590
vt 0.046114 0.082143
vt 0.050633 0.083590
vt 0.055544 0.082143
vt 0.055544 0.083590
vt 0.045721 0.084149
vt 0.063017 0.047007
vt 0.063772 0.047007
vt 0.063772 0.047007
vt 0.058000 0.083590
vt 0.058000 0.082143
vt 0.046114 0.084149
vt 0.046114 0.085720
vt 0.037928 0.088460
vt 0.038902 0.088460
vt 0.038902 0.088460
vt 0.065368 0.083590
vt 0.060456 0.082143
vt 0.065368 0.082143
vt 0.055544 0.084149
vt 0.050633 0.085720
vt 0.050633 0.082143
vt 0.055382 0.039671
vt 0.066343 0.083590
vt 0.066343 0.082143
vt 0.058000 0.084149
vt 0.058000 0.085720
vt 0.058000 0.082143
vt 0.041899 0.043844
vt 0.041899 0.043844
vt 0.075191 0.083590
vt 0.070279 0.082143
vt 0.075191 0.082143
vt 0.065368 0.084149
vt 0.077647 0.083590
vt 0.077647 0.082143
vt 0.019419 0.083590
vt 0.016251 0.082143
vt 0.019419 0.082143
vt 0.066343 0.084149
vt 0.066343 0.082143
vt 0.049432 0.047007
vt 0.050642 0.047007
vt 0.050642 0.047007
vt 0.091990 0.043689
vt 0.087079 0.043689
vt 0.070279 0.084149
vt 0.064527 0.047055
vt 0.066036 0.047055
vt 0.084623 0.043689
vt 0.082167 0.043844
vt 0.082167 0.043689
vt 0.077647 0.084149
vt 0.077647 0.085720
vt 0.077647 0.082143
vt 0.063772 0.047055
vt 0.019419 0.085720
vt 0.016251 0.084149
vt 0.016251 0.085720
vt 0.019419 0.082143
vt 0.082167 0.043844
vt 0.077255 0.043689
vt 0.061508 0.047007
vt 0.063017 0.047055
vt 0.061508 0.047055
vt 0.077255 0.043844
vt 0.073318 0.043844
vt 0.072344 0.043689
vt 0.073318 0.043689
vt 0.060215 0.036662
vt 0.060215 0.036662
vt 0.037962 0.043844
vt 0.033050 0.043844
vt 0.060298 0.047007
vt 0.060298 0.047055
vt 0.047923 0.047007
vt 0.067432 0.043844
vt 0.067432 0.043689
vt 0.058489 0.047055
vt 0.059998 0.047007
vt 0.059998 0.047055
vt 0.064976 0.043844
vt 0.062520 0.043689
vt 0.064976 0.043689
vt 0.073318 0.043844
vt 0.057734 0.047055
vt 0.058489 0.047007
vt 0.060298 0.047007
vt 0.060298 0.047007
vt 0.028139 0.043844
vt 0.062520 0.043844
vt 0.057609 0.043689
vt 0.046413 0.047007
vt 0.055470 0.047055
vt 0.056979 0.047007
vt 0.056979 0.047055
vt 0.053090 0.043689
vt 0.052697 0.043844
vt 0.052697 0.043689
vt 0.054497 0.047007
vt 0.054497 0.047055
vt 0.072344 0.043844
vt 0.047785 0.043689
vt 0.068760 0.038336
vt 0.052451 0.047055
vt 0.053961 0.047007
vt 0.053961 0.047055
vt 0.027746 0.043844
vt 0.027746 0.043844
vt 0.042874 0.043689
vt 0.085014 0.084149
vt 0.080103 0.085720
vt 0.050942 0.047055
vt 0.041899 0.043689
vt 0.037962 0.043689
vt 0.044904 0.047007
vt 0.045877 0.047007
vt 0.045877 0.047007
vt 0.059065 0.054423
vt 0.059066 0.054423
vt 0.067432 0.043844
vt 0.064976 0.043844
vt 0.064976 0.043844
vt 0.057734 0.047007
vt 0.057734 0.047007
vt 0.050642 0.047055
vt 0.033050 0.043689
vt 0.059060 0.088460
vt 0.057551 0.088460
vt 0.047923 0.047055
vt 0.049432 0.047055
vt 0.028139 0.043689
vt 0.046413 0.047055
vt 0.026395 0.043689
vt 0.023227 0.043844
vt 0.023227 0.043689
vt 0.056041 0.088460
vt 0.056796 0.088460
vt 0.046293 0.047055
vt 0.057609 0.043844
vt 0.054532 0.088460
vt 0.055470 0.047007
vt 0.087079 0.043440
vt 0.091990 0.043440
vt 0.084623 0.043440
vt 0.082167 0.043440
vt 0.072293 0.044382
vt 0.053022 0.088460
vt 0.053322 0.088460
vt 0.077255 0.043440
vt 0.072344 0.043440
vt 0.073318 0.043440
vt 0.067432 0.043440
vt 0.064976 0.043440
vt 0.062520 0.043440
vt 0.051513 0.088460
vt 0.057609 0.043440
vt 0.055382 0.051675
vt 0.054441 0.043844
vt 0.054441 0.043844
vt 0.050758 0.088460
vt 0.050004 0.088460
vt 0.054081 0.047007
vt 0.054081 0.047007
vt 0.052697 0.043440
vt 0.053090 0.043440
vt 0.047785 0.043440
vt 0.048494 0.088460
vt 0.042874 0.043440
vt 0.041899 0.043440
vt 0.037962 0.043440
vt 0.033050 0.043440
vt 0.028139 0.043440
vt 0.046985 0.088460
vt 0.047105 0.088460
vt 0.046621 0.087904
vt 0.026395 0.043440
vt 0.023227 0.043440
vt 0.053523 0.044382
vt 0.045475 0.088460
vt 0.066036 0.048508
vt 0.064527 0.048155
vt 0.066036 0.048155
vt 0.063017 0.048508
vt 0.063772 0.048155
vt 0.063772 0.048508
vt 0.068760 0.053011
vt 0.061508 0.048508
vt 0.063017 0.048155
vt 0.043966 0.088460
vt 0.059998 0.048508
vt 0.060298 0.048155
vt 0.060298 0.048508
vt 0.058489 0.048508
vt 0.059998 0.048155
vt 0.056979 0.048508
vt 0.057734 0.048155
vt 0.057734 0.048508
vt 0.055470 0.048508
vt 0.056979 0.048155
vt 0.053588 0.048340
vt 0.053961 0.048155
vt 0.054081 0.048155
vt 0.053961 0.048508
vt 0.052451 0.048155
vt 0.052451 0.048508
vt 0.050942 0.048155
vt 0.050642 0.048508
vt 0.049432 0.048155
vt 0.050642 0.048155
vt 0.047923 0.048508
vt 0.049432 0.048508
vt 0.046413 0.048155
vt 0.047923 0.048155
vt 0.044904 0.048508
vt 0.045877 0.048155
vt 0.045877 0.048508
vt 0.054657 0.052253
vt 0.069323 0.037629
vt 0.071159 0.039093
vt 0.052620 0.044257
vt 0.053523 0.044382
vt 0.073197 0.044257
vt 0.069323 0.053717
vt 0.054657 0.039093
vt 0.071159 0.052253
vt 0.059955 0.035794
vt 0.062908 0.056227
vt 0.058695 0.055265
vt 0.058329 0.036165
vt 0.062908 0.035120
vt 0.059066 0.054423
vt 0.067487 0.055182
vt 0.059955 0.035794
vt 0.073197 0.048022
vt 0.052620 0.043325
vt 0.068760 0.053011
vt 0.073197 0.044257
vt 0.068760 0.053011
vt 0.058329 0.055182
vt 0.045877 0.048508
vt 0.044904 0.048155
vt 0.046413 0.048508
vt 0.050642 0.048508
vt 0.050942 0.048508
vt 0.057734 0.048155
vt 0.060298 0.048508
vt 0.064527 0.048508
vt 0.026395 0.043440
vt 0.041899 0.043440
vt 0.041899 0.043689
vt 0.054081 0.047007
vt 0.054081 0.047007
vt 0.050758 0.088460
vt 0.054441 0.043844
vt 0.064976 0.043689
vt 0.053322 0.088460
vt 0.053322 0.088460
vt 0.072293 0.044382
vt 0.073318 0.043689
vt 0.073318 0.043440
vt 0.084623 0.043689
vt 0.084623 0.043440
vt 0.046293 0.047007
vt 0.026395 0.043844
vt 0.056796 0.088460
vt 0.056796 0.088460
vt 0.057734 0.047007
vt 0.045877 0.047007
vt 0.027746 0.043844
vt 0.068760 0.038336
vt 0.054497 0.047007
vt 0.054497 0.047055
vt 0.053090 0.043844
vt 0.057734 0.047055
vt 0.073319 0.043844
vt 0.060215 0.036662
vt 0.060298 0.047055
vt 0.019419 0.084149
vt 0.075191 0.084149
vt 0.050642 0.047007
vt 0.041899 0.043844
vt 0.058000 0.080696
vt 0.038901 0.088460
vt 0.046114 0.084149
vt 0.063772 0.047007
vt 0.063772 0.047007
vt 0.084623 0.043844
vt 0.030986 0.084149
vt 0.060215 0.054685
vt 0.059066 0.036924
vt 0.016251 0.083590
vt 0.070279 0.083590
vt 0.066343 0.083590
vt 0.060456 0.083590
vt 0.058000 0.083590
vt 0.055544 0.083590
vt 0.046114 0.083590
vt 0.034923 0.083590
vt 0.021163 0.083590
vt 0.019419 0.087323
vt 0.070279 0.087323
vt 0.060456 0.087323
vt 0.043666 0.088460
vt 0.043666 0.088460
vt 0.055551 0.042135
vt 0.070266 0.042135
vt 0.068629 0.041348
vt 0.068628 0.052846
vt 0.051849 0.077500
vt 0.059152 0.037120
vt 0.084623 0.049320
vt 0.084623 0.050472
vt 0.059152 0.037120
vt 0.072083 0.044411
vt 0.082167 0.048169
vt 0.073318 0.050472
vt 0.073318 0.048169
vt 0.072344 0.048169
vt 0.064976 0.050472
vt 0.064976 0.048169
vt 0.053090 0.050472
vt 0.041899 0.049321
vt 0.041899 0.048169
vt 0.037962 0.048169
vt 0.026395 0.049321
vt 0.026395 0.050472
vt 0.026394 0.048169
vt 0.087079 0.048169
vt 0.066991 0.040560
vt 0.060456 0.083590
vt 0.060456 0.084149
vt 0.080103 0.084149
vt 0.057734 0.047007
vt 0.058489 0.048155
vt 0.067487 0.036165
vt 0.042874 0.048169
vt 0.059152 0.054227
vt 0.048575 0.091846
vt 0.051849 0.094457
vt 0.035898 0.084149
vt 0.061508 0.048155
vt 0.052620 0.048022
vt 0.073197 0.043325
vt 0.059152 0.054226
vt 0.060275 0.040361
vt 0.060275 0.040361
vt 0.027746 0.048169
vt 0.027746 0.049320
vt 0.054469 0.048340
vt 0.054441 0.049321
vt 0.054441 0.050471
vt 0.060275 0.036864
vt 0.047465 0.085720
vt 0.047491 0.087906
vt 0.020770 0.087323
vt 0.047465 0.083590
vt 0.020770 0.083590
vt 0.047465 0.084149
vt 0.047465 0.085720
vt 0.047465 0.080696
vt 0.047465 0.082143
vt 0.039317 0.088460
vt 0.020770 0.084149
vt 0.020770 0.080696
vt 0.054441 0.043689
vt 0.054081 0.047055
vt 0.026394 0.043844
vt 0.046293 0.047007
vt 0.027746 0.043689
vt 0.045877 0.047055
vt 0.054441 0.043440
vt 0.053090 0.043844
vt 0.054497 0.047007
vt 0.047521 0.088460
vt 0.047491 0.087905
vt 0.054469 0.048339
vt 0.046293 0.048508
vt 0.058695 0.036082
vt 0.059065 0.036924
vt 0.059955 0.055553
vt 0.060215 0.054685
vt 0.059955 0.055553
vt 0.046293 0.048155
vt 0.054497 0.048155
vt 0.027746 0.043440
vt 0.047521 0.088460
vt 0.054441 0.043689
vt 0.054441 0.043440
vt 0.045877 0.047055
vt 0.027746 0.043689
vt 0.026395 0.043844
vt 0.054081 0.047055
vt 0.020770 0.082143
vt 0.020770 0.085720
vt 0.047465 0.080696
vt 0.047465 0.082143
vt 0.047465 0.084149
vt 0.047465 0.083590
vt 0.059152 0.054226
vt 0.020770 0.087323
vt 0.060275 0.036864
vt 0.060275 0.036864
vt 0.054441 0.049320
vt 0.054441 0.050472
vt 0.027746 0.049321
vt 0.027746 0.050472
vt 0.027746 0.048169
vt 0.050633 0.084149
vt 0.054441 0.043844
vt 0.044904 0.047055
vt 0.055470 0.048155
vt 0.027746 0.050472
vt 0.020770 0.085720
vt 0.020770 0.082143
vt 0.027746 0.043440
vt 0.046293 0.048155
vt 0.046293 0.048508
vt 0.053090 0.043844
vt 0.297528 0.118934
vt 0.297680 0.118295
vt 0.297680 0.118934
vt 0.291282 0.112327
vt 0.291761 0.103861
vt 0.291761 0.112327
vt 0.290388 0.122129
vt 0.287939 0.113663
vt 0.290388 0.113663
vt 0.296509 0.115183
vt 0.294408 0.123649
vt 0.294408 0.115183
vt 0.294408 0.101767
vt 0.296509 0.101367
vt 0.296509 0.101767
vt 0.283687 0.113663
vt 0.283352 0.122129
vt 0.283352 0.113663
vt 0.296576 0.114624
vt 0.294476 0.123090
vt 0.294476 0.114624
vt 0.284331 0.121651
vt 0.282230 0.113184
vt 0.284331 0.113184
vt 0.290997 0.114542
vt 0.288897 0.123008
vt 0.288897 0.114542
vt 0.294618 0.122129
vt 0.292518 0.113663
vt 0.294618 0.113663
vt 0.290388 0.100247
vt 0.287939 0.099846
vt 0.290388 0.099846
vt 0.292992 0.101767
vt 0.295441 0.101367
vt 0.295441 0.101767
vt 0.287939 0.124040
vt 0.290388 0.124645
vt 0.287939 0.124645
vt 0.291282 0.101344
vt 0.291761 0.101192
vt 0.291761 0.101344
vt 0.292992 0.125561
vt 0.295441 0.126166
vt 0.292992 0.126166
vt 0.292992 0.103883
vt 0.295441 0.112349
vt 0.292992 0.112349
vt 0.287378 0.112349
vt 0.289478 0.103883
vt 0.289478 0.112349
vt 0.281764 0.112349
vt 0.283864 0.103883
vt 0.283864 0.112349
vt 0.296509 0.125561
vt 0.294408 0.126166
vt 0.294408 0.125561
vt 0.287378 0.101767
vt 0.289478 0.101367
vt 0.290552 0.101090
vt 0.294618 0.124040
vt 0.292518 0.124645
vt 0.292518 0.124040
vt 0.289478 0.125561
vt 0.287378 0.126166
vt 0.287378 0.125561
vt 0.282125 0.122546
vt 0.282764 0.118313
vt 0.282764 0.122546
vt 0.291257 0.109797
vt 0.291105 0.107697
vt 0.291257 0.107697
vt 0.295328 0.126143
vt 0.294849 0.126295
vt 0.294849 0.126143
vt 0.289875 0.111799
vt 0.291027 0.113959
vt 0.291979 0.114256
vt 0.290944 0.107824
vt 0.290792 0.105724
vt 0.290944 0.105724
vt 0.290735 0.126194
vt 0.290887 0.124093
vt 0.290887 0.126194
vt 0.292073 0.099688
vt 0.292552 0.099537
vt 0.292552 0.099688
vt 0.294476 0.100807
vt 0.296576 0.100655
vt 0.296576 0.100807
vt 0.286871 0.121815
vt 0.286719 0.119715
vt 0.286871 0.119715
vt 0.278701 0.125767
vt 0.279181 0.125918
vt 0.278701 0.125918
vt 0.288767 0.103952
vt 0.289246 0.103800
vt 0.289246 0.103952
vt 0.282230 0.099368
vt 0.284331 0.099216
vt 0.284331 0.099368
vt 0.283174 0.113183
vt 0.282721 0.113335
vt 0.282721 0.113183
vt 0.278701 0.100967
vt 0.279181 0.100816
vt 0.279181 0.100967
vt 0.292518 0.100247
vt 0.294618 0.099846
vt 0.294618 0.100247
vt 0.288897 0.101127
vt 0.290997 0.100726
vt 0.290997 0.101127
vt 0.282230 0.099769
vt 0.284331 0.099769
vt 0.296576 0.101208
vt 0.290809 0.103296
vt 0.277915 0.125561
vt 0.278251 0.126166
vt 0.277915 0.126166
vt 0.275792 0.125561
vt 0.276332 0.126166
vt 0.275792 0.126166
vt 0.289701 0.112853
vt 0.291323 0.113392
vt 0.289701 0.113392
vt 0.288440 0.123562
vt 0.288894 0.124167
vt 0.288440 0.124167
vt 0.294902 0.125270
vt 0.296576 0.125606
vt 0.294476 0.125606
vt 0.287002 0.124789
vt 0.285271 0.124645
vt 0.285271 0.124040
vt 0.278330 0.103434
vt 0.276708 0.102490
vt 0.278330 0.102490
vt 0.283864 0.125561
vt 0.281764 0.126166
vt 0.281764 0.125561
vt 0.282230 0.123562
vt 0.284331 0.124167
vt 0.282230 0.124167
vt 0.293099 0.123767
vt 0.292645 0.124167
vt 0.292645 0.123767
vt 0.281764 0.101767
vt 0.283864 0.101367
vt 0.283864 0.101767
vt 0.288897 0.124920
vt 0.290997 0.125525
vt 0.288897 0.125525
vt 0.290572 0.111892
vt 0.290731 0.111413
vt 0.290731 0.111892
vt 0.291023 0.124167
vt 0.291023 0.123767
vt 0.293886 0.112069
vt 0.294365 0.113013
vt 0.293886 0.113013
vt 0.287002 0.109647
vt 0.288465 0.111214
vt 0.297107 0.103014
vt 0.296948 0.102409
vt 0.297107 0.102409
vt 0.286818 0.124167
vt 0.286818 0.123562
vt 0.292645 0.099973
vt 0.293099 0.099368
vt 0.293099 0.099973
vt 0.291023 0.099973
vt 0.292645 0.099368
vt 0.276229 0.104409
vt 0.276708 0.105116
vt 0.276229 0.105116
vt 0.276229 0.107216
vt 0.276708 0.107922
vt 0.276229 0.107922
vt 0.276229 0.110023
vt 0.276708 0.110729
vt 0.276229 0.110729
vt 0.276229 0.112830
vt 0.276708 0.113536
vt 0.276229 0.113536
vt 0.276229 0.115637
vt 0.276708 0.116343
vt 0.276229 0.116343
vt 0.276229 0.118443
vt 0.276708 0.119150
vt 0.276229 0.119150
vt 0.285169 0.104400
vt 0.284690 0.105106
vt 0.284690 0.104400
vt 0.285169 0.107207
vt 0.284690 0.107913
vt 0.284690 0.107207
vt 0.285169 0.110013
vt 0.284690 0.110720
vt 0.284690 0.110013
vt 0.285169 0.112820
vt 0.284690 0.113527
vt 0.284690 0.112820
vt 0.285169 0.115627
vt 0.284690 0.116334
vt 0.284690 0.115627
vt 0.284690 0.118434
vt 0.285169 0.119141
vt 0.284690 0.119141
vt 0.288897 0.100726
vt 0.290997 0.100574
vt 0.286791 0.107913
vt 0.286791 0.110013
vt 0.280160 0.099146
vt 0.280640 0.098995
vt 0.280640 0.099146
vt 0.286791 0.113527
vt 0.286791 0.115627
vt 0.277761 0.119468
vt 0.277913 0.117019
vt 0.277913 0.119468
vt 0.277350 0.105090
vt 0.277874 0.105312
vt 0.277350 0.104522
vt 0.280640 0.123946
vt 0.280160 0.124097
vt 0.280160 0.123946
vt 0.276708 0.121599
vt 0.278330 0.119150
vt 0.278330 0.121599
vt 0.292518 0.099694
vt 0.294618 0.099694
vt 0.276708 0.115637
vt 0.278330 0.113536
vt 0.278330 0.115637
vt 0.283248 0.099146
vt 0.283727 0.098995
vt 0.283727 0.099146
vt 0.278330 0.101951
vt 0.276918 0.125289
vt 0.276438 0.125440
vt 0.276438 0.125289
vt 0.286791 0.104400
vt 0.285169 0.101951
vt 0.286791 0.101951
vt 0.276438 0.100489
vt 0.276918 0.100338
vt 0.276918 0.100489
vt 0.276708 0.110023
vt 0.278330 0.107922
vt 0.278330 0.110023
vt 0.292645 0.110351
vt 0.293099 0.101885
vt 0.293099 0.110351
vt 0.297528 0.119878
vt 0.297680 0.119878
vt 0.288440 0.110804
vt 0.286818 0.110351
vt 0.288440 0.110351
vt 0.288440 0.121651
vt 0.288894 0.113184
vt 0.288894 0.121651
vt 0.288894 0.110351
vt 0.288894 0.110804
vt 0.291023 0.110713
vt 0.292645 0.110713
vt 0.292645 0.121651
vt 0.293099 0.113185
vt 0.293099 0.121651
vt 0.293099 0.110713
vt 0.277915 0.115183
vt 0.278251 0.123649
vt 0.277915 0.123649
vt 0.277915 0.112349
vt 0.278251 0.112802
vt 0.277915 0.112802
vt 0.281764 0.115183
vt 0.283864 0.123649
vt 0.281764 0.123649
vt 0.283864 0.112802
vt 0.281764 0.112802
vt 0.287378 0.115183
vt 0.289478 0.123649
vt 0.287378 0.123649
vt 0.287378 0.112802
vt 0.289478 0.112802
vt 0.292992 0.123649
vt 0.295441 0.115183
vt 0.295441 0.123649
vt 0.294270 0.112767
vt 0.292992 0.112802
vt 0.294618 0.110829
vt 0.292518 0.102363
vt 0.294618 0.102363
vt 0.294618 0.113300
vt 0.292295 0.112167
vt 0.290997 0.111709
vt 0.288897 0.103243
vt 0.290997 0.103243
vt 0.290997 0.114180
vt 0.288897 0.114180
vt 0.284331 0.110351
vt 0.282230 0.101885
vt 0.284331 0.101885
vt 0.284331 0.112822
vt 0.282230 0.112822
vt 0.296576 0.111790
vt 0.294476 0.103324
vt 0.296576 0.103324
vt 0.297147 0.113326
vt 0.294902 0.114529
vt 0.283687 0.110829
vt 0.283352 0.108898
vt 0.283850 0.109000
vt 0.283687 0.113300
vt 0.283352 0.113300
vt 0.296509 0.112349
vt 0.294408 0.103883
vt 0.296509 0.103883
vt 0.296509 0.114820
vt 0.294408 0.114820
vt 0.290388 0.110829
vt 0.287939 0.102363
vt 0.290388 0.102363
vt 0.290388 0.113300
vt 0.287939 0.113300
vt 0.291282 0.123627
vt 0.291761 0.115161
vt 0.291761 0.123627
vt 0.291282 0.112689
vt 0.291761 0.112689
vt 0.288194 0.123627
vt 0.288673 0.115160
vt 0.288673 0.123627
vt 0.287002 0.112031
vt 0.288673 0.112327
vt 0.288673 0.112780
vt 0.284690 0.101951
vt 0.285169 0.101792
vt 0.289152 0.115160
vt 0.289152 0.123627
vt 0.291591 0.125238
vt 0.291432 0.124758
vt 0.291591 0.124758
vt 0.292240 0.115161
vt 0.292240 0.123627
vt 0.288673 0.125538
vt 0.288194 0.126143
vt 0.291761 0.125743
vt 0.291282 0.126143
vt 0.291282 0.125743
vt 0.295690 0.105079
vt 0.295236 0.104135
vt 0.295690 0.104135
vt 0.289626 0.102175
vt 0.289778 0.103119
vt 0.289626 0.103119
vt 0.285169 0.107913
vt 0.285169 0.110720
vt 0.285169 0.113527
vt 0.285169 0.116334
vt 0.285169 0.118434
vt 0.275792 0.115183
vt 0.276331 0.123649
vt 0.275792 0.123649
vt 0.276708 0.118443
vt 0.276708 0.112830
vt 0.276229 0.101951
vt 0.276708 0.101951
vt 0.276708 0.107216
vt 0.285169 0.105106
vt 0.292240 0.103861
vt 0.292240 0.112327
vt 0.276229 0.104074
vt 0.276708 0.103434
vt 0.276708 0.104074
vt 0.288827 0.102924
vt 0.290927 0.103492
vt 0.288827 0.103492
vt 0.280157 0.104522
vt 0.278057 0.105083
vt 0.278057 0.104517
vt 0.292073 0.122539
vt 0.292552 0.121971
vt 0.292552 0.122539
vt 0.280640 0.101095
vt 0.280160 0.101663
vt 0.280160 0.101095
vt 0.289246 0.128146
vt 0.288767 0.126234
vt 0.289246 0.126234
vt 0.278701 0.125161
vt 0.279181 0.123250
vt 0.279181 0.125161
vt 0.282166 0.125719
vt 0.282645 0.123808
vt 0.282645 0.125719
vt 0.276438 0.123340
vt 0.276918 0.122772
vt 0.277407 0.123621
vt 0.295044 0.124203
vt 0.294565 0.122291
vt 0.295044 0.122291
vt 0.293625 0.123654
vt 0.294104 0.121743
vt 0.294559 0.122380
vt 0.297719 0.101651
vt 0.297240 0.103562
vt 0.297240 0.101651
vt 0.294743 0.102790
vt 0.295328 0.103861
vt 0.294849 0.103861
vt 0.284327 0.124645
vt 0.284327 0.124040
vt 0.283727 0.101095
vt 0.283248 0.101663
vt 0.283248 0.101095
vt 0.293625 0.099860
vt 0.294104 0.099460
vt 0.294017 0.100299
vt 0.297240 0.125445
vt 0.297719 0.125846
vt 0.297240 0.125846
vt 0.294152 0.116794
vt 0.293673 0.114863
vt 0.294152 0.114863
vt 0.295328 0.112327
vt 0.294849 0.112327
vt 0.276438 0.122772
vt 0.276918 0.114306
vt 0.295044 0.100409
vt 0.294565 0.100009
vt 0.295044 0.100009
vt 0.283727 0.101663
vt 0.283248 0.110129
vt 0.278701 0.101368
vt 0.279181 0.101368
vt 0.292073 0.121971
vt 0.292552 0.113505
vt 0.280640 0.110129
vt 0.280160 0.110130
vt 0.288767 0.104352
vt 0.289246 0.104352
vt 0.282166 0.101926
vt 0.282645 0.101525
vt 0.282645 0.101926
vt 0.282166 0.115342
vt 0.282645 0.115340
vt 0.280160 0.123341
vt 0.288767 0.117768
vt 0.292073 0.100294
vt 0.292552 0.100294
vt 0.278701 0.123250
vt 0.279181 0.114784
vt 0.294565 0.113825
vt 0.295044 0.113825
vt 0.283727 0.123340
vt 0.283248 0.123946
vt 0.283248 0.123340
vt 0.276918 0.101094
vt 0.293625 0.121742
vt 0.294104 0.113276
vt 0.294849 0.125538
vt 0.297719 0.103563
vt 0.297240 0.112029
vt 0.293673 0.101651
vt 0.294152 0.101046
vt 0.294152 0.101651
vt 0.280160 0.112963
vt 0.280640 0.121429
vt 0.280160 0.121429
vt 0.280160 0.112601
vt 0.280640 0.112963
vt 0.292073 0.110671
vt 0.292552 0.102206
vt 0.292552 0.110671
vt 0.292552 0.111034
vt 0.283248 0.112600
vt 0.283727 0.112963
vt 0.283248 0.112963
vt 0.283727 0.121429
vt 0.283248 0.121429
vt 0.276918 0.111472
vt 0.276438 0.103006
vt 0.276918 0.103006
vt 0.276918 0.111835
vt 0.276438 0.111472
vt 0.295328 0.115160
vt 0.294849 0.123626
vt 0.294849 0.115160
vt 0.294849 0.114798
vt 0.294152 0.112029
vt 0.293673 0.103563
vt 0.294152 0.103563
vt 0.294152 0.112391
vt 0.293673 0.112029
vt 0.297147 0.113327
vt 0.297240 0.114862
vt 0.297240 0.114410
vt 0.297719 0.114863
vt 0.297240 0.123329
vt 0.294104 0.110895
vt 0.293625 0.110443
vt 0.294104 0.110442
vt 0.294104 0.101977
vt 0.294762 0.112988
vt 0.294565 0.110991
vt 0.295044 0.110991
vt 0.294565 0.102525
vt 0.295044 0.102525
vt 0.278701 0.112403
vt 0.279181 0.111950
vt 0.279181 0.112403
vt 0.278701 0.111950
vt 0.279181 0.103484
vt 0.291443 0.126767
vt 0.289343 0.124856
vt 0.291443 0.124856
vt 0.288767 0.117406
vt 0.289246 0.117768
vt 0.289246 0.106468
vt 0.288767 0.114934
vt 0.288767 0.106468
vt 0.282166 0.112961
vt 0.282645 0.112508
vt 0.282645 0.112961
vt 0.282166 0.112508
vt 0.282645 0.104042
vt 0.279681 0.121429
vt 0.289725 0.114934
vt 0.289246 0.114935
vt 0.282769 0.112963
vt 0.295523 0.110991
vt 0.294370 0.115160
vt 0.296761 0.114862
vt 0.292150 0.124856
vt 0.292150 0.126767
vt 0.285526 0.119481
vt 0.285047 0.118774
vt 0.285526 0.118774
vt 0.294370 0.112327
vt 0.288636 0.126767
vt 0.289343 0.126767
vt 0.292150 0.105090
vt 0.291443 0.104523
vt 0.292149 0.104522
vt 0.289343 0.104522
vt 0.288636 0.105090
vt 0.288636 0.104522
vt 0.296761 0.112029
vt 0.295187 0.116551
vt 0.294480 0.116913
vt 0.294762 0.115007
vt 0.280157 0.105090
vt 0.278057 0.113556
vt 0.280157 0.116390
vt 0.278057 0.116390
vt 0.280157 0.124856
vt 0.278057 0.124856
vt 0.278057 0.126767
vt 0.280157 0.127372
vt 0.278057 0.127372
vt 0.291633 0.102924
vt 0.290927 0.102924
vt 0.295523 0.113825
vt 0.280939 0.119054
vt 0.280459 0.118347
vt 0.280939 0.118347
vt 0.290927 0.125170
vt 0.291633 0.123259
vt 0.291633 0.125170
vt 0.288120 0.123258
vt 0.288827 0.125170
vt 0.288120 0.125170
vt 0.288827 0.111958
vt 0.282769 0.110129
vt 0.290927 0.111958
vt 0.288827 0.114792
vt 0.288120 0.111958
vt 0.290927 0.114793
vt 0.288827 0.123258
vt 0.288120 0.103492
vt 0.289078 0.102931
vt 0.290927 0.125775
vt 0.288827 0.125775
vt 0.280863 0.105090
vt 0.280863 0.104522
vt 0.289725 0.117768
vt 0.292657 0.112812
vt 0.293136 0.112105
vt 0.293136 0.112812
vt 0.280157 0.126767
vt 0.280863 0.124856
vt 0.280863 0.126767
vt 0.277350 0.126767
vt 0.275429 0.101738
vt 0.275883 0.103649
vt 0.275429 0.103649
vt 0.289343 0.102974
vt 0.291443 0.102573
vt 0.291443 0.102974
vt 0.279681 0.101664
vt 0.294803 0.111132
vt 0.295282 0.110425
vt 0.295282 0.111132
vt 0.289343 0.113556
vt 0.291443 0.105091
vt 0.291443 0.113555
vt 0.291443 0.116389
vt 0.289343 0.116389
vt 0.287421 0.100616
vt 0.287875 0.102528
vt 0.287421 0.102528
vt 0.284796 0.112578
vt 0.283174 0.110667
vt 0.284796 0.110666
vt 0.291142 0.110176
vt 0.292764 0.108264
vt 0.292764 0.110176
vt 0.284546 0.121501
vt 0.283839 0.122069
vt 0.283839 0.121500
vt 0.290668 0.113212
vt 0.289046 0.111301
vt 0.290668 0.111301
vt 0.283176 0.109067
vt 0.281554 0.108499
vt 0.283176 0.108499
vt 0.276332 0.126318
vt 0.275792 0.126318
vt 0.295183 0.120946
vt 0.295890 0.122857
vt 0.295183 0.122857
vt 0.289457 0.109695
vt 0.291079 0.109127
vt 0.291079 0.109695
vt 0.290552 0.102638
vt 0.292080 0.102528
vt 0.291626 0.102528
vt 0.284118 0.113742
vt 0.282496 0.113174
vt 0.284118 0.113174
vt 0.292080 0.110994
vt 0.291626 0.110994
vt 0.282496 0.115691
vt 0.282042 0.115290
vt 0.282496 0.115290
vt 0.295015 0.119195
vt 0.295721 0.121106
vt 0.285581 0.119720
vt 0.286288 0.117808
vt 0.286288 0.119720
vt 0.292080 0.100412
vt 0.293702 0.100011
vt 0.293702 0.100412
vt 0.289457 0.111243
vt 0.289003 0.111643
vt 0.289003 0.111243
vt 0.282745 0.117808
vt 0.283452 0.119720
vt 0.282745 0.119720
vt 0.288413 0.103506
vt 0.287960 0.102938
vt 0.288413 0.102938
vt 0.290035 0.103506
vt 0.295127 0.128201
vt 0.295833 0.126290
vt 0.295833 0.128201
vt 0.281554 0.111015
vt 0.281100 0.110615
vt 0.281554 0.110615
vt 0.297680 0.120417
vt 0.297528 0.120417
vt 0.280381 0.112681
vt 0.281087 0.114592
vt 0.280381 0.114592
vt 0.289609 0.104504
vt 0.289155 0.102592
vt 0.289609 0.102592
vt 0.291231 0.104504
vt 0.291231 0.102592
vt 0.293931 0.102854
vt 0.294018 0.101848
vt 0.282721 0.112578
vt 0.283174 0.112578
vt 0.275883 0.101132
vt 0.277505 0.101738
vt 0.275883 0.101738
vt 0.277896 0.124470
vt 0.277190 0.123902
vt 0.290689 0.110781
vt 0.290689 0.110176
vt 0.292698 0.121004
vt 0.291991 0.120436
vt 0.292698 0.120436
vt 0.289046 0.113212
vt 0.288592 0.113817
vt 0.288592 0.113212
vt 0.294234 0.117225
vt 0.293527 0.116657
vt 0.294234 0.116657
vt 0.287875 0.100011
vt 0.289497 0.100616
vt 0.287875 0.100616
vt 0.294498 0.103992
vt 0.293792 0.103424
vt 0.294498 0.103424
vt 0.289155 0.104504
vt 0.289609 0.112970
vt 0.289155 0.112970
vt 0.292181 0.107242
vt 0.291728 0.111474
vt 0.291728 0.107241
vt 0.287960 0.111972
vt 0.287960 0.103506
vt 0.275883 0.112115
vt 0.275429 0.112115
vt 0.287421 0.110994
vt 0.288381 0.119281
vt 0.290003 0.116832
vt 0.290003 0.119281
vt 0.282496 0.104708
vt 0.282042 0.113174
vt 0.282042 0.104708
vt 0.295666 0.113695
vt 0.295212 0.117208
vt 0.295212 0.113695
vt 0.283174 0.102201
vt 0.282721 0.110667
vt 0.282721 0.102201
vt 0.289003 0.100661
vt 0.289457 0.109127
vt 0.289003 0.109127
vt 0.287233 0.100897
vt 0.290066 0.104410
vt 0.287231 0.104411
vt 0.288134 0.103014
vt 0.287681 0.106528
vt 0.287681 0.103014
vt 0.291142 0.099798
vt 0.290689 0.108264
vt 0.290689 0.099798
vt 0.281100 0.100033
vt 0.281100 0.108499
vt 0.288802 0.125082
vt 0.289255 0.128595
vt 0.288802 0.128595
vt 0.283839 0.112835
vt 0.286297 0.104369
vt 0.286297 0.112835
vt 0.288592 0.102834
vt 0.288592 0.111301
vt 0.275929 0.100454
vt 0.275449 0.101160
vt 0.275449 0.100454
vt 0.295493 0.099973
vt 0.295013 0.100680
vt 0.295013 0.099973
vt 0.290573 0.118969
vt 0.290094 0.119676
vt 0.290094 0.118969
vt 0.291987 0.102732
vt 0.292466 0.103439
vt 0.291987 0.103439
vt 0.284847 0.117330
vt 0.284368 0.118037
vt 0.284367 0.117330
vt 0.290904 0.124419
vt 0.291383 0.125125
vt 0.290904 0.125125
vt 0.291099 0.100840
vt 0.290620 0.100133
vt 0.291099 0.100133
vt 0.290640 0.103817
vt 0.290161 0.104524
vt 0.290161 0.103817
vt 0.291330 0.115258
vt 0.291809 0.114552
vt 0.291809 0.115258
vt 0.291697 0.119323
vt 0.291217 0.118617
vt 0.291697 0.118617
vt 0.295378 0.103817
vt 0.295857 0.104524
vt 0.295378 0.104524
vt 0.282238 0.116914
vt 0.281759 0.117620
vt 0.281759 0.116914
vt 0.295772 0.106087
vt 0.295065 0.106449
vt 0.295065 0.106087
vt 0.293031 0.102206
vt 0.277397 0.103006
vt 0.277350 0.113556
vt 0.296064 0.103977
vt 0.295584 0.104684
vt 0.295584 0.103977
vt 0.294631 0.112029
vt 0.280157 0.113556
vt 0.280863 0.116389
vt 0.283708 0.122546
vt 0.283708 0.118313
vt 0.294583 0.110442
vt 0.294583 0.101977
vt 0.294583 0.121743
vt 0.293800 0.104138
vt 0.294279 0.104844
vt 0.293800 0.104844
vt 0.277397 0.122772
vt 0.279660 0.103484
vt 0.279660 0.111951
vt 0.279660 0.114784
vt 0.284239 0.105724
vt 0.283532 0.105361
vt 0.284239 0.105361
vt 0.293031 0.113505
vt 0.290313 0.104148
vt 0.288691 0.101316
vt 0.290313 0.101315
vt 0.283124 0.115340
vt 0.283124 0.104042
vt 0.283124 0.112508
vt 0.288280 0.117222
vt 0.289902 0.114773
vt 0.289902 0.117222
vt 0.291452 0.115183
vt 0.289003 0.106717
vt 0.291452 0.106717
vt 0.290625 0.119761
vt 0.289003 0.117312
vt 0.290625 0.117312
vt 0.283191 0.105917
vt 0.285640 0.114383
vt 0.283191 0.114383
vt 0.291626 0.105917
vt 0.294075 0.114383
vt 0.291626 0.114383
vt 0.274975 0.120082
vt 0.276597 0.117633
vt 0.276597 0.120082
vt 0.285994 0.109283
vt 0.288443 0.100817
vt 0.288443 0.109283
vt 0.290689 0.113062
vt 0.292789 0.121528
vt 0.290689 0.121528
vt 0.292024 0.098975
vt 0.293645 0.101808
vt 0.292024 0.101809
vt 0.290835 0.115843
vt 0.292936 0.107377
vt 0.292936 0.115843
vt 0.290634 0.105655
vt 0.289012 0.103555
vt 0.290634 0.103555
vt 0.281420 0.113962
vt 0.283042 0.116795
vt 0.281420 0.116796
vt 0.289856 0.118920
vt 0.291478 0.121020
vt 0.289856 0.121020
vt 0.293530 0.119254
vt 0.295152 0.117153
vt 0.295152 0.119254
vt 0.288592 0.108891
vt 0.290693 0.117357
vt 0.288592 0.117357
vt 0.295244 0.117197
vt 0.293144 0.108731
vt 0.295244 0.108730
vt 0.281421 0.118925
vt 0.283042 0.121025
vt 0.281420 0.121025
vt 0.284940 0.101320
vt 0.286562 0.104148
vt 0.284940 0.104148
vt 0.287869 0.102413
vt 0.286248 0.105236
vt 0.286248 0.102413
vt 0.294279 0.104333
vt 0.292657 0.102232
vt 0.294279 0.102232
vt 0.294065 0.101315
vt 0.292443 0.103416
vt 0.292443 0.101315
vt 0.277190 0.115240
vt 0.279290 0.106768
vt 0.279290 0.115245
vt 0.293054 0.122629
vt 0.291432 0.120529
vt 0.293054 0.120529
vt 0.289155 0.107892
vt 0.291255 0.116358
vt 0.289155 0.116358
vt 0.282971 0.119102
vt 0.285071 0.110636
vt 0.285071 0.119102
vt 0.294385 0.103555
vt 0.292763 0.105655
vt 0.292763 0.103555
vt 0.292936 0.107118
vt 0.290835 0.098652
vt 0.292936 0.098652
vt 0.285461 0.117422
vt 0.283839 0.114964
vt 0.285461 0.114964
vt 0.286248 0.115843
vt 0.288706 0.107377
vt 0.288706 0.115843
vt 0.293802 0.115632
vt 0.295424 0.118091
vt 0.293802 0.118091
vt 0.285950 0.113767
vt 0.287572 0.110934
vt 0.287572 0.113768
vt 0.289701 0.110934
vt 0.291323 0.111269
vt 0.289701 0.111269
vt 0.276708 0.104409
vt 0.285271 0.124797
vt 0.284327 0.124797
vt 0.282904 0.111832
vt 0.283543 0.109901
vt 0.283543 0.111832
vt 0.291633 0.111959
vt 0.291633 0.114792
vt 0.291809 0.118094
vt 0.291330 0.117388
vt 0.291809 0.117388
vt 0.290960 0.112135
vt 0.291439 0.111429
vt 0.291439 0.112135
vt 0.292885 0.121666
vt 0.292178 0.122028
vt 0.292178 0.121665
vt 0.288636 0.113556
vt 0.294007 0.112579
vt 0.293527 0.111872
vt 0.294007 0.111872
vt 0.283677 0.121685
vt 0.282971 0.121232
vt 0.283677 0.121232
vt 0.295009 0.111292
vt 0.295488 0.110585
vt 0.295488 0.111292
vt 0.290729 0.125382
vt 0.290250 0.124675
vt 0.290729 0.124675
vt 0.292150 0.116388
vt 0.292706 0.111719
vt 0.292227 0.112425
vt 0.292227 0.111719
vt 0.288387 0.122778
vt 0.287681 0.122413
vt 0.288387 0.122415
vt 0.286497 0.108257
vt 0.286950 0.111770
vt 0.286497 0.111770
vt 0.292943 0.104731
vt 0.290115 0.101217
vt 0.292943 0.101217
vt 0.295666 0.108052
vt 0.295212 0.111565
vt 0.295212 0.108052
vt 0.278251 0.112349
vt 0.289883 0.098975
vt 0.287061 0.102488
vt 0.287061 0.098975
vt 0.288134 0.108658
vt 0.287681 0.112171
vt 0.287681 0.108658
vt 0.282010 0.116424
vt 0.282489 0.118524
vt 0.282010 0.118524
vt 0.294914 0.125950
vt 0.295393 0.123849
vt 0.295393 0.125950
vt 0.292106 0.121091
vt 0.291626 0.123540
vt 0.291626 0.121091
vt 0.286487 0.126415
vt 0.286008 0.124315
vt 0.286487 0.124315
vt 0.294365 0.113552
vt 0.293886 0.113552
vt 0.298682 0.125657
vt 0.298203 0.123556
vt 0.298682 0.123556
vt 0.297107 0.103576
vt 0.296628 0.101475
vt 0.297107 0.101475
vt 0.295399 0.117959
vt 0.294920 0.120060
vt 0.294920 0.117959
vt 0.276920 0.124660
vt 0.276441 0.122211
vt 0.276920 0.122211
vt 0.275792 0.112349
vt 0.276332 0.112802
vt 0.275792 0.112802
vt 0.292178 0.126258
vt 0.292658 0.124158
vt 0.292658 0.126258
vt 0.297963 0.127973
vt 0.298442 0.125873
vt 0.298442 0.127973
vt 0.297321 0.102393
vt 0.296842 0.104493
vt 0.296842 0.102393
vt 0.293144 0.125657
vt 0.293623 0.123557
vt 0.293623 0.125657
vt 0.297522 0.120570
vt 0.297976 0.118470
vt 0.297976 0.120570
vt 0.297819 0.105696
vt 0.298273 0.103596
vt 0.298273 0.105696
vt 0.290697 0.106796
vt 0.279287 0.107924
vt 0.289261 0.106364
vt 0.294818 0.107593
vt 0.294365 0.105144
vt 0.294818 0.105144
vt 0.298273 0.103076
vt 0.297819 0.100976
vt 0.298273 0.100976
vt 0.295690 0.103596
vt 0.289856 0.125599
vt 0.290310 0.123150
vt 0.290310 0.125599
vt 0.298273 0.107664
vt 0.297819 0.105563
vt 0.298273 0.105563
vt 0.290792 0.108883
vt 0.290640 0.106783
vt 0.290792 0.106783
vt 0.289626 0.101636
vt 0.289778 0.102175
vt 0.289391 0.114059
vt 0.289155 0.101987
vt 0.289609 0.101835
vt 0.289609 0.101987
vt 0.280043 0.119468
vt 0.280194 0.117019
vt 0.280194 0.119468
vt 0.279508 0.120034
vt 0.279660 0.122134
vt 0.279508 0.122134
vt 0.282382 0.118348
vt 0.282230 0.115899
vt 0.282382 0.115899
vt 0.278251 0.126318
vt 0.277915 0.126318
vt 0.297719 0.101046
vt 0.297240 0.100894
vt 0.297719 0.100894
vt 0.294792 0.118432
vt 0.294944 0.120533
vt 0.294792 0.120533
vt 0.281420 0.111832
vt 0.281960 0.109901
vt 0.281960 0.111832
vt 0.289046 0.113817
vt 0.288592 0.113969
vt 0.293099 0.099216
vt 0.291478 0.118342
vt 0.291630 0.120443
vt 0.291478 0.120443
vt 0.294476 0.125758
vt 0.295044 0.124808
vt 0.294565 0.124960
vt 0.294565 0.124808
vt 0.297528 0.117959
vt 0.297528 0.118295
vt 0.299078 0.113194
vt 0.299230 0.111094
vt 0.299230 0.113194
vt 0.285810 0.124797
vt 0.291626 0.100011
vt 0.292080 0.099859
vt 0.292080 0.100011
vt 0.282645 0.126324
vt 0.282166 0.126476
vt 0.282166 0.126324
vt 0.288895 0.120058
vt 0.289047 0.117957
vt 0.289047 0.120058
vt 0.283864 0.126166
vt 0.281764 0.126318
vt 0.282042 0.115843
vt 0.282042 0.115691
vt 0.284663 0.115899
vt 0.284512 0.118348
vt 0.284512 0.115899
vt 0.282230 0.124319
vt 0.294849 0.101344
vt 0.295328 0.101192
vt 0.295328 0.101344
vt 0.290944 0.105856
vt 0.290792 0.103756
vt 0.290944 0.103756
vt 0.281764 0.101215
vt 0.283864 0.101215
vt 0.275792 0.108116
vt 0.288440 0.106118
vt 0.297242 0.120116
vt 0.297394 0.118016
vt 0.297394 0.120116
vt 0.290997 0.125677
vt 0.288897 0.125677
vt 0.293673 0.100894
vt 0.294152 0.100894
vt 0.287960 0.100989
vt 0.288413 0.100837
vt 0.288413 0.100989
vt 0.293099 0.124167
vt 0.292645 0.124319
vt 0.289478 0.126166
vt 0.287378 0.126318
vt 0.283727 0.123946
vt 0.283248 0.124097
vt 0.284247 0.118313
vt 0.284247 0.122546
vt 0.287421 0.100011
vt 0.287875 0.099859
vt 0.294618 0.124797
vt 0.292518 0.124797
vt 0.282166 0.101525
vt 0.282645 0.101373
vt 0.290944 0.103236
vt 0.290792 0.101136
vt 0.290944 0.101136
vt 0.288894 0.124319
vt 0.288440 0.124319
vt 0.287378 0.101215
vt 0.289478 0.101215
vt 0.295044 0.099857
vt 0.281100 0.111167
vt 0.281100 0.111015
vt 0.296509 0.126318
vt 0.294408 0.126318
vt 0.291761 0.126143
vt 0.291282 0.126295
vt 0.294104 0.124259
vt 0.293625 0.124411
vt 0.293625 0.124259
vt 0.292992 0.126318
vt 0.285810 0.110829
vt 0.286202 0.109483
vt 0.290647 0.120730
vt 0.290495 0.118630
vt 0.290647 0.118630
vt 0.275429 0.101132
vt 0.275883 0.100981
vt 0.291142 0.110781
vt 0.290689 0.110933
vt 0.290388 0.124797
vt 0.287939 0.124797
vt 0.288673 0.126143
vt 0.288194 0.126295
vt 0.276332 0.112349
vt 0.277276 0.108116
vt 0.277276 0.112349
vt 0.288767 0.128751
vt 0.289246 0.128903
vt 0.288767 0.128903
vt 0.292992 0.101215
vt 0.295441 0.101215
vt 0.297719 0.125997
vt 0.297240 0.125997
vt 0.292552 0.124488
vt 0.292073 0.124639
vt 0.292073 0.124488
vt 0.290388 0.099694
vt 0.293625 0.099308
vt 0.294104 0.099308
vt 0.276331 0.108116
vt 0.289457 0.111643
vt 0.289003 0.111795
vt 0.294408 0.101215
vt 0.296509 0.101215
vt 0.286848 0.105006
vt 0.286369 0.105406
vt 0.286369 0.105006
vt 0.293530 0.123295
vt 0.294010 0.123900
vt 0.293530 0.123900
vt 0.294827 0.118940
vt 0.295307 0.118487
vt 0.295307 0.118940
vt 0.295499 0.099175
vt 0.295978 0.098812
vt 0.295978 0.099175
vt 0.285810 0.113663
vt 0.285271 0.113300
vt 0.287002 0.114049
vt 0.297891 0.119797
vt 0.298370 0.119192
vt 0.298370 0.119797
vt 0.297020 0.102572
vt 0.296573 0.102094
vt 0.297020 0.103025
vt 0.292439 0.123150
vt 0.292598 0.123603
vt 0.292439 0.123603
vt 0.290642 0.118009
vt 0.290483 0.118488
vt 0.290483 0.118009
vt 0.276229 0.103434
vt 0.296948 0.107056
vt 0.297107 0.105144
vt 0.297107 0.107056
vt 0.292066 0.102115
vt 0.291907 0.101636
vt 0.292066 0.101636
vt 0.285328 0.122454
vt 0.285488 0.124366
vt 0.285328 0.124366
vt 0.281580 0.125989
vt 0.281420 0.125626
vt 0.281580 0.125626
vt 0.293866 0.118268
vt 0.294025 0.118747
vt 0.293866 0.118747
vt 0.295403 0.116884
vt 0.295244 0.117452
vt 0.295244 0.116884
vt 0.298652 0.119438
vt 0.298811 0.119038
vt 0.298811 0.119438
vt 0.276229 0.101792
vt 0.276708 0.101792
vt 0.290358 0.118599
vt 0.290199 0.118119
vt 0.290358 0.118119
vt 0.276229 0.121758
vt 0.276229 0.121599
vt 0.283868 0.125989
vt 0.283709 0.125626
vt 0.283868 0.125626
vt 0.281420 0.109901
vt 0.288673 0.110396
vt 0.289698 0.105249
vt 0.289698 0.104643
vt 0.290199 0.120728
vt 0.290358 0.121207
vt 0.290199 0.121207
vt 0.283879 0.111832
vt 0.294631 0.114862
vt 0.289152 0.110396
vt 0.289152 0.112327
vt 0.282904 0.109901
vt 0.288194 0.112327
vt 0.281789 0.122546
vt 0.282125 0.118313
vt 0.285810 0.122129
vt 0.285271 0.113663
vt 0.288894 0.106118
vt 0.277915 0.108116
vt 0.277276 0.126318
vt 0.277276 0.126166
vt 0.294631 0.116793
vt 0.293404 0.115921
vt 0.289554 0.107361
vt 0.291671 0.107088
vt 0.283687 0.124645
vt 0.283352 0.124797
vt 0.283352 0.124645
vt 0.283687 0.124797
vt 0.289701 0.111909
vt 0.291323 0.112853
vt 0.291323 0.111909
vt 0.283352 0.124040
vt 0.283687 0.124040
vt 0.289626 0.103758
vt 0.289778 0.104094
vt 0.289626 0.104094
vt 0.289778 0.103758
vt 0.295690 0.106054
vt 0.295236 0.105719
vt 0.295690 0.105719
vt 0.295236 0.105079
vt 0.284327 0.113300
vt 0.284327 0.113663
vt 0.284327 0.110829
vt 0.284800 0.109195
vt 0.277276 0.112802
vt 0.277276 0.115183
vt 0.277276 0.123649
vt 0.294365 0.111094
vt 0.293886 0.111430
vt 0.293886 0.111094
vt 0.294365 0.112069
vt 0.278330 0.104409
vt 0.278330 0.104074
vt 0.277276 0.125561
vt 0.276332 0.125561
vt 0.293673 0.116794
vt 0.292763 0.115819
vt 0.284327 0.122129
vt 0.298652 0.120697
vt 0.298811 0.120986
vt 0.298652 0.120986
vt 0.298811 0.120068
vt 0.298811 0.120697
vt 0.298652 0.120068
vt 0.295403 0.115336
vt 0.295244 0.114936
vt 0.295403 0.114936
vt 0.295403 0.115965
vt 0.295244 0.115336
vt 0.295403 0.116595
vt 0.295244 0.115965
vt 0.286848 0.103458
vt 0.286369 0.103747
vt 0.286369 0.103458
vt 0.286848 0.103747
vt 0.286369 0.104377
vt 0.286848 0.104377
vt 0.294498 0.101876
vt 0.293792 0.101475
vt 0.294498 0.101475
vt 0.294498 0.102505
vt 0.293792 0.101876
vt 0.294498 0.103134
vt 0.293792 0.102505
vt 0.294234 0.115109
vt 0.293527 0.114708
vt 0.294234 0.114708
vt 0.294234 0.115738
vt 0.293527 0.115109
vt 0.294234 0.116367
vt 0.293527 0.115738
vt 0.292698 0.118888
vt 0.291991 0.118487
vt 0.292698 0.118487
vt 0.292698 0.119517
vt 0.291991 0.118888
vt 0.292698 0.120146
vt 0.291991 0.119517
vt 0.277407 0.123621
vt 0.277190 0.121953
vt 0.277896 0.121953
vt 0.277190 0.122354
vt 0.277407 0.123621
vt 0.277190 0.122983
vt 0.294638 0.100337
vt 0.293931 0.100337
vt 0.294743 0.101242
vt 0.294017 0.100929
vt 0.294743 0.101871
vt 0.294017 0.101558
vt 0.281554 0.109356
vt 0.281100 0.109067
vt 0.281554 0.109067
vt 0.281554 0.109986
vt 0.281100 0.109356
vt 0.281100 0.109986
vt 0.289078 0.101383
vt 0.290035 0.100989
vt 0.289078 0.102012
vt 0.288413 0.101390
vt 0.289078 0.102641
vt 0.288413 0.102019
vt 0.287960 0.101390
vt 0.288413 0.102648
vt 0.287960 0.102019
vt 0.289003 0.109984
vt 0.289003 0.109695
vt 0.289457 0.109984
vt 0.289003 0.110613
vt 0.289457 0.110613
vt 0.292080 0.101960
vt 0.293702 0.101670
vt 0.293702 0.101960
vt 0.292080 0.101670
vt 0.293702 0.101041
vt 0.292080 0.101041
vt 0.282496 0.114032
vt 0.282042 0.113742
vt 0.282496 0.113742
vt 0.282496 0.114661
vt 0.282042 0.114032
vt 0.282042 0.114661
vt 0.284118 0.115691
vt 0.284118 0.115290
vt 0.284118 0.114661
vt 0.284118 0.114032
vt 0.290552 0.101719
vt 0.290552 0.102348
vt 0.291079 0.111243
vt 0.291079 0.111643
vt 0.291079 0.110613
vt 0.291079 0.109984
vt 0.283176 0.110615
vt 0.283176 0.111015
vt 0.283176 0.109985
vt 0.283176 0.109356
vt 0.284546 0.119552
vt 0.283839 0.119953
vt 0.283839 0.119552
vt 0.284546 0.120582
vt 0.284546 0.119953
vt 0.283839 0.121211
vt 0.283839 0.120582
vt 0.278057 0.102573
vt 0.277350 0.102974
vt 0.277350 0.102573
vt 0.278057 0.103600
vt 0.277350 0.103603
vt 0.277350 0.104232
vt 0.291443 0.104233
vt 0.289343 0.104232
vt 0.291443 0.103604
vt 0.289343 0.103603
vt 0.280863 0.102974
vt 0.280157 0.102573
vt 0.280863 0.102573
vt 0.280863 0.103603
vt 0.280157 0.102974
vt 0.280863 0.104232
vt 0.280157 0.103603
vt 0.288827 0.100976
vt 0.288120 0.100976
vt 0.288827 0.101376
vt 0.288827 0.102006
vt 0.291633 0.100976
vt 0.290927 0.101376
vt 0.290927 0.100976
vt 0.291633 0.101376
vt 0.290927 0.102006
vt 0.291633 0.102006
vt 0.290927 0.102635
vt 0.289343 0.102573
vt 0.288636 0.102974
vt 0.288636 0.102573
vt 0.288636 0.103603
vt 0.288636 0.104232
vt 0.292150 0.102974
vt 0.292150 0.102573
vt 0.292149 0.103603
vt 0.292149 0.104232
vt 0.282166 0.103474
vt 0.282645 0.103184
vt 0.282645 0.103474
vt 0.282166 0.103184
vt 0.282645 0.102555
vt 0.282166 0.102555
vt 0.288767 0.105900
vt 0.289246 0.105611
vt 0.289246 0.105900
vt 0.288767 0.105611
vt 0.289246 0.104982
vt 0.288767 0.104982
vt 0.278701 0.102916
vt 0.279181 0.102626
vt 0.279181 0.102916
vt 0.278701 0.102626
vt 0.279181 0.101997
vt 0.278701 0.101997
vt 0.295044 0.101957
vt 0.294565 0.101668
vt 0.295044 0.101668
vt 0.294565 0.101039
vt 0.295044 0.101039
vt 0.294565 0.100409
vt 0.297240 0.123897
vt 0.297719 0.124186
vt 0.297240 0.124187
vt 0.297719 0.124816
vt 0.297240 0.124816
vt 0.297719 0.125445
vt 0.293625 0.101408
vt 0.293625 0.101119
vt 0.293625 0.100490
vt 0.283248 0.099547
vt 0.283727 0.099547
vt 0.283248 0.100176
vt 0.283727 0.100176
vt 0.283248 0.100805
vt 0.294902 0.101476
vt 0.294902 0.102105
vt 0.294902 0.102735
vt 0.294743 0.102500
vt 0.276438 0.124888
vt 0.276438 0.124259
vt 0.280160 0.099547
vt 0.280640 0.099547
vt 0.280160 0.100176
vt 0.280640 0.100176
vt 0.280160 0.100805
vt 0.292552 0.124087
vt 0.292073 0.124087
vt 0.292552 0.123458
vt 0.292073 0.123458
vt 0.292552 0.122829
vt 0.278057 0.102973
vt 0.278057 0.104228
vt 0.288827 0.102635
vt 0.291761 0.124195
vt 0.291282 0.124484
vt 0.291282 0.124195
vt 0.291761 0.124484
vt 0.291282 0.125113
vt 0.291761 0.125113
vt 0.283174 0.116623
vt 0.278865 0.107428
vt 0.281019 0.112025
vt 0.292645 0.122219
vt 0.291023 0.122508
vt 0.291023 0.122219
vt 0.292645 0.123137
vt 0.291023 0.123137
vt 0.283864 0.103315
vt 0.281764 0.103026
vt 0.283864 0.103026
vt 0.283864 0.102396
vt 0.293099 0.122219
vt 0.292645 0.122508
vt 0.293099 0.122508
vt 0.293099 0.123137
vt 0.296576 0.102756
vt 0.296576 0.102466
vt 0.296576 0.101837
vt 0.284331 0.101317
vt 0.282230 0.101027
vt 0.284331 0.101027
vt 0.284331 0.100398
vt 0.290997 0.102674
vt 0.288897 0.102385
vt 0.290997 0.102385
vt 0.290997 0.101756
vt 0.294618 0.101795
vt 0.292518 0.101505
vt 0.294618 0.101505
vt 0.294618 0.100876
vt 0.292518 0.100876
vt 0.287378 0.103026
vt 0.295441 0.103315
vt 0.292992 0.103026
vt 0.295441 0.103026
vt 0.295441 0.102396
vt 0.292992 0.102396
vt 0.287939 0.101795
vt 0.290388 0.101505
vt 0.290388 0.101795
vt 0.287939 0.100876
vt 0.290388 0.100876
vt 0.296509 0.103315
vt 0.294408 0.103026
vt 0.296509 0.103026
vt 0.296509 0.102396
vt 0.295441 0.103883
vt 0.287378 0.103883
vt 0.288897 0.102674
vt 0.281764 0.103883
vt 0.291023 0.121651
vt 0.293625 0.101976
vt 0.297719 0.123897
vt 0.294565 0.101957
vt 0.278701 0.103484
vt 0.282166 0.104042
vt 0.289343 0.105090
vt 0.293702 0.102528
vt 0.286848 0.102890
vt 0.286369 0.102890
vt 0.298811 0.121554
vt 0.298652 0.121554
vt 0.295244 0.116595
vt 0.293792 0.103135
vt 0.293527 0.116368
vt 0.291991 0.120146
vt 0.277190 0.123612
vt 0.287960 0.102648
vt 0.284546 0.121211
vt 0.280157 0.104232
vt 0.291633 0.102635
vt 0.283727 0.100805
vt 0.294902 0.103024
vt 0.276438 0.123629
vt 0.280640 0.100805
vt 0.292073 0.122829
vt 0.283687 0.122129
vt 0.289857 0.102732
vt 0.289698 0.102732
vt 0.285488 0.124971
vt 0.285328 0.124971
vt 0.296948 0.107661
vt 0.297107 0.107661
vt 0.297891 0.121709
vt 0.298370 0.121709
vt 0.294010 0.121383
vt 0.293530 0.121383
vt 0.289497 0.102528
vt 0.291142 0.108264
vt 0.277505 0.103649
vt 0.291231 0.101987
vt 0.281087 0.115197
vt 0.280381 0.115197
vt 0.295127 0.128806
vt 0.295833 0.128806
vt 0.283452 0.120325
vt 0.282745 0.120325
vt 0.285581 0.120325
vt 0.286288 0.120325
vt 0.295721 0.121711
vt 0.295015 0.121711
vt 0.295890 0.123462
vt 0.295183 0.123462
vt 0.290668 0.113817
vt 0.292764 0.110781
vt 0.284796 0.113183
vt 0.277350 0.127372
vt 0.280863 0.127372
vt 0.288120 0.125775
vt 0.291633 0.125775
vt 0.288636 0.127372
vt 0.289343 0.127372
vt 0.292150 0.127372
vt 0.291443 0.127372
vt 0.295328 0.123627
vt 0.276438 0.101094
vt 0.292073 0.102205
vt 0.280640 0.123340
vt 0.285271 0.122129
vt 0.297240 0.101046
vt 0.294565 0.124203
vt 0.279181 0.125767
vt 0.289246 0.128751
vt 0.288767 0.128146
vt 0.291023 0.101885
vt 0.292645 0.101885
vt 0.286818 0.121651
vt 0.296948 0.100498
vt 0.297107 0.100498
vt 0.290997 0.123008
vt 0.282230 0.121651
vt 0.296576 0.125001
vt 0.278251 0.125561
vt 0.291282 0.101949
vt 0.292518 0.122129
vt 0.295441 0.125561
vt 0.287939 0.122129
vt 0.277276 0.114820
vt 0.277915 0.113876
vt 0.277915 0.114820
vt 0.276332 0.114820
vt 0.276332 0.115183
vt 0.276331 0.113876
vt 0.284327 0.112355
vt 0.283687 0.111282
vt 0.284327 0.111282
vt 0.283687 0.112355
vt 0.285271 0.112355
vt 0.285271 0.111282
vt 0.283868 0.123608
vt 0.283709 0.124681
vt 0.283709 0.123608
vt 0.283868 0.124681
vt 0.281580 0.124681
vt 0.281420 0.123608
vt 0.281580 0.123608
vt 0.281420 0.124681
vt 0.292439 0.125983
vt 0.292598 0.125621
vt 0.292599 0.125983
vt 0.292439 0.125621
vt 0.292598 0.124676
vt 0.297020 0.105406
vt 0.297179 0.105043
vt 0.297179 0.105406
vt 0.297020 0.104098
vt 0.297020 0.105043
vt 0.287002 0.113104
vt 0.295499 0.101193
vt 0.296565 0.102063
vt 0.295499 0.100119
vt 0.294827 0.121321
vt 0.295307 0.120958
vt 0.295307 0.121321
vt 0.294827 0.120014
vt 0.295307 0.120014
vt 0.275792 0.114820
vt 0.275792 0.113876
vt 0.278251 0.115183
vt 0.281764 0.114820
vt 0.278251 0.114820
vt 0.281764 0.113876
vt 0.288387 0.120397
vt 0.287680 0.121469
vt 0.287681 0.120396
vt 0.288387 0.121470
vt 0.283677 0.124065
vt 0.282971 0.123703
vt 0.283677 0.123702
vt 0.282971 0.122758
vt 0.283677 0.122758
vt 0.292885 0.119647
vt 0.292178 0.120721
vt 0.292178 0.119647
vt 0.292885 0.120721
vt 0.284239 0.103343
vt 0.283532 0.104416
vt 0.283532 0.103343
vt 0.284239 0.104416
vt 0.295772 0.105142
vt 0.295065 0.104069
vt 0.295772 0.104069
vt 0.295065 0.105142
vt 0.289478 0.115183
vt 0.292992 0.114820
vt 0.292992 0.115183
vt 0.289478 0.114820
vt 0.292992 0.113876
vt 0.283864 0.115183
vt 0.287378 0.114820
vt 0.283864 0.114820
vt 0.287378 0.113876
vt 0.295187 0.114533
vt 0.294762 0.114062
vt 0.295187 0.115606
vt 0.282166 0.114979
vt 0.282645 0.114978
vt 0.282166 0.114034
vt 0.282645 0.114034
vt 0.289246 0.115387
vt 0.288767 0.116461
vt 0.288767 0.115387
vt 0.289246 0.117405
vt 0.278701 0.114421
vt 0.279181 0.114421
vt 0.278701 0.113477
vt 0.279181 0.113477
vt 0.294565 0.112518
vt 0.293625 0.112914
vt 0.294104 0.112914
vt 0.293625 0.111969
vt 0.294104 0.111969
vt 0.297719 0.112029
vt 0.297240 0.112392
vt 0.297240 0.113336
vt 0.294152 0.114410
vt 0.293673 0.113336
vt 0.294152 0.113336
vt 0.293673 0.112392
vt 0.294902 0.112511
vt 0.294849 0.113853
vt 0.294849 0.112780
vt 0.294902 0.113585
vt 0.276438 0.113853
vt 0.276918 0.112779
vt 0.276918 0.113853
vt 0.276438 0.111835
vt 0.283248 0.110582
vt 0.283727 0.111656
vt 0.283248 0.111656
vt 0.283727 0.112600
vt 0.292295 0.112167
vt 0.292552 0.111979
vt 0.292552 0.113052
vt 0.292295 0.112167
vt 0.280160 0.110583
vt 0.280640 0.111656
vt 0.280160 0.111656
vt 0.280640 0.112600
vt 0.288194 0.115160
vt 0.288673 0.114798
vt 0.288673 0.113853
vt 0.291282 0.114708
vt 0.291761 0.113634
vt 0.291761 0.114708
vt 0.291282 0.113634
vt 0.290388 0.112355
vt 0.287939 0.111282
vt 0.290388 0.111282
vt 0.287939 0.112355
vt 0.296509 0.113876
vt 0.294408 0.112802
vt 0.296509 0.112802
vt 0.294408 0.113876
vt 0.283352 0.112355
vt 0.283352 0.111282
vt 0.297147 0.113326
vt 0.284331 0.111877
vt 0.282230 0.110804
vt 0.284331 0.110804
vt 0.282230 0.111877
vt 0.290997 0.113235
vt 0.288897 0.112162
vt 0.290997 0.112162
vt 0.288897 0.113235
vt 0.294618 0.112355
vt 0.294618 0.111282
vt 0.295441 0.114820
vt 0.289478 0.113876
vt 0.283864 0.113876
vt 0.292645 0.112732
vt 0.294270 0.112767
vt 0.292645 0.111658
vt 0.291023 0.112732
vt 0.291023 0.111658
vt 0.288440 0.113184
vt 0.288894 0.112822
vt 0.288440 0.112822
vt 0.288894 0.111877
vt 0.286818 0.113184
vt 0.286818 0.112822
vt 0.288440 0.111877
vt 0.291023 0.113185
vt 0.292645 0.113185
vt 0.292518 0.110829
vt 0.288897 0.111709
vt 0.282230 0.110351
vt 0.294476 0.111790
vt 0.283352 0.110829
vt 0.294408 0.112349
vt 0.287939 0.110829
vt 0.291282 0.115161
vt 0.280640 0.110582
vt 0.283727 0.110582
vt 0.276438 0.114306
vt 0.293673 0.114410
vt 0.295187 0.114080
vt 0.294480 0.114080
vt 0.295065 0.103616
vt 0.295772 0.103616
vt 0.284239 0.102890
vt 0.283532 0.102890
vt 0.292178 0.119195
vt 0.292885 0.119195
vt 0.288387 0.119944
vt 0.287681 0.119944
vt 0.295499 0.101646
vt 0.295978 0.101646
vt 0.285271 0.110829
vt 0.281580 0.123155
vt 0.281420 0.123155
vt 0.283868 0.123155
vt 0.283709 0.123155
vt 0.277276 0.113876
vt 0.292439 0.124676
vt 0.278251 0.113876
vt 0.282971 0.121685
vt 0.294565 0.111444
vt 0.293625 0.110895
vt 0.286818 0.110804
vt 0.312268 0.089380
vt 0.311924 0.092701
vt 0.311924 0.089380
vt 0.311924 0.081171
vt 0.312268 0.079703
vt 0.312268 0.081171
vt 0.313189 0.092375
vt 0.312212 0.090547
vt 0.313189 0.090390
vt 0.306046 0.086597
vt 0.304820 0.091535
vt 0.304820 0.086597
vt 0.309071 0.087389
vt 0.308709 0.092327
vt 0.308709 0.087389
vt 0.311057 0.091814
vt 0.310822 0.086875
vt 0.311057 0.086875
vt 0.309332 0.081148
vt 0.309048 0.086109
vt 0.308813 0.086109
vt 0.304548 0.081171
vt 0.305774 0.086109
vt 0.304548 0.086109
vt 0.312268 0.094046
vt 0.313150 0.094169
vt 0.312268 0.094169
vt 0.310086 0.083395
vt 0.309998 0.084621
vt 0.309998 0.083395
vt 0.312461 0.094156
vt 0.312181 0.094245
vt 0.312181 0.094156
vt 0.309903 0.083469
vt 0.309815 0.082606
vt 0.309903 0.082606
vt 0.311964 0.079376
vt 0.313189 0.079288
vt 0.313189 0.079376
vt 0.308633 0.081211
vt 0.308913 0.081122
vt 0.308913 0.081211
vt 0.304820 0.078537
vt 0.306046 0.078448
vt 0.306046 0.078537
vt 0.308709 0.079481
vt 0.309071 0.079329
vt 0.309071 0.079481
vt 0.304820 0.078689
vt 0.306046 0.078689
vt 0.313189 0.079529
vt 0.313189 0.093585
vt 0.311964 0.093843
vt 0.312212 0.093741
vt 0.305774 0.093911
vt 0.304548 0.094169
vt 0.304548 0.093911
vt 0.304820 0.092745
vt 0.306046 0.093003
vt 0.304820 0.093003
vt 0.304548 0.079855
vt 0.305774 0.079703
vt 0.305774 0.079855
vt 0.309071 0.093537
vt 0.309935 0.093795
vt 0.309071 0.093795
vt 0.309686 0.085563
vt 0.309779 0.085843
vt 0.309686 0.085843
vt 0.301599 0.081477
vt 0.301319 0.081890
vt 0.301319 0.081477
vt 0.301599 0.083115
vt 0.301319 0.083527
vt 0.301319 0.083115
vt 0.301599 0.084752
vt 0.301319 0.085164
vt 0.301319 0.084752
vt 0.302134 0.083286
vt 0.307823 0.090262
vt 0.307174 0.088452
vt 0.301599 0.088319
vt 0.301319 0.088439
vt 0.301319 0.088319
vt 0.301599 0.089664
vt 0.301319 0.090077
vt 0.301319 0.089664
vt 0.306255 0.083109
vt 0.306535 0.083522
vt 0.306255 0.083522
vt 0.306535 0.086384
vt 0.306255 0.086796
vt 0.306255 0.086384
vt 0.306535 0.088022
vt 0.306255 0.088434
vt 0.306255 0.088022
vt 0.306255 0.089659
vt 0.306535 0.090071
vt 0.306255 0.090071
vt 0.308709 0.079240
vt 0.309071 0.079240
vt 0.303613 0.078407
vt 0.303892 0.078319
vt 0.303892 0.078407
vt 0.307481 0.086796
vt 0.307481 0.088022
vt 0.303892 0.092874
vt 0.303613 0.092963
vt 0.303613 0.092874
vt 0.305414 0.078407
vt 0.305694 0.078319
vt 0.305694 0.078407
vt 0.301721 0.093657
vt 0.301442 0.093746
vt 0.301442 0.093657
vt 0.301442 0.079191
vt 0.301721 0.079102
vt 0.301721 0.079191
vt 0.302545 0.083527
vt 0.302545 0.084752
vt 0.307497 0.085180
vt 0.308443 0.084943
vt 0.308443 0.085180
vt 0.308443 0.091116
vt 0.308707 0.086597
vt 0.308707 0.091116
vt 0.308707 0.084943
vt 0.308707 0.085180
vt 0.309950 0.085809
vt 0.310896 0.084944
vt 0.310896 0.085809
vt 0.310896 0.089066
vt 0.311160 0.086597
vt 0.311160 0.089066
vt 0.311160 0.084944
vt 0.311160 0.085809
vt 0.301729 0.092282
vt 0.302499 0.087762
vt 0.302499 0.092282
vt 0.301729 0.086346
vt 0.302499 0.086109
vt 0.302499 0.086346
vt 0.304548 0.087762
vt 0.305774 0.092701
vt 0.304548 0.092701
vt 0.305774 0.086346
vt 0.304548 0.086346
vt 0.308813 0.090262
vt 0.309048 0.087762
vt 0.309048 0.090262
vt 0.308813 0.086346
vt 0.309048 0.086346
vt 0.312050 0.087762
vt 0.312527 0.091268
vt 0.312050 0.091268
vt 0.312050 0.086109
vt 0.311844 0.086353
vt 0.312050 0.086346
vt 0.311057 0.085222
vt 0.310822 0.082753
vt 0.311057 0.082753
vt 0.310692 0.086003
vt 0.311057 0.086010
vt 0.309071 0.084232
vt 0.308709 0.085736
vt 0.308709 0.084232
vt 0.309071 0.086523
vt 0.308709 0.086523
vt 0.306046 0.084943
vt 0.304820 0.080005
vt 0.306046 0.080005
vt 0.306046 0.085731
vt 0.304820 0.085731
vt 0.313189 0.085783
vt 0.311964 0.080844
vt 0.313189 0.080844
vt 0.313522 0.086679
vt 0.311964 0.087436
vt 0.312212 0.086727
vt 0.306618 0.082988
vt 0.305474 0.085222
vt 0.305474 0.082753
vt 0.306244 0.086875
vt 0.305474 0.086010
vt 0.306244 0.086010
vt 0.311924 0.086109
vt 0.312268 0.087762
vt 0.311924 0.086897
vt 0.312268 0.086897
vt 0.308627 0.082753
vt 0.308151 0.085222
vt 0.308151 0.082753
vt 0.308627 0.086875
vt 0.308151 0.086010
vt 0.308627 0.086010
vt 0.310380 0.090219
vt 0.310101 0.087749
vt 0.310380 0.087749
vt 0.310101 0.086962
vt 0.310380 0.086096
vt 0.310380 0.086962
vt 0.307604 0.091448
vt 0.308579 0.087749
vt 0.308579 0.091885
vt 0.307604 0.085895
vt 0.308579 0.086096
vt 0.308579 0.086332
vt 0.308858 0.087749
vt 0.308858 0.091885
vt 0.310281 0.093628
vt 0.310188 0.093348
vt 0.310281 0.093348
vt 0.310660 0.087749
vt 0.310660 0.090219
vt 0.306255 0.085521
vt 0.306535 0.085159
vt 0.306535 0.085521
vt 0.306535 0.086796
vt 0.306535 0.088434
vt 0.306535 0.089659
vt 0.301319 0.089320
vt 0.301599 0.088439
vt 0.301599 0.089320
vt 0.301319 0.086027
vt 0.301599 0.085164
vt 0.301599 0.086027
vt 0.301599 0.081890
vt 0.306255 0.082228
vt 0.306535 0.081884
vt 0.306535 0.082228
vt 0.301599 0.083527
vt 0.309893 0.080361
vt 0.309531 0.080943
vt 0.309531 0.080361
vt 0.303611 0.081293
vt 0.302386 0.081871
vt 0.302386 0.081291
vt 0.310306 0.080943
vt 0.310927 0.091158
vt 0.309893 0.080943
vt 0.303613 0.079875
vt 0.308913 0.094424
vt 0.308633 0.094209
vt 0.308913 0.094209
vt 0.302007 0.092685
vt 0.301442 0.092189
vt 0.301721 0.092189
vt 0.312295 0.092630
vt 0.312016 0.091909
vt 0.312295 0.091909
vt 0.311467 0.092309
vt 0.311747 0.091589
vt 0.312012 0.091566
vt 0.313856 0.080263
vt 0.313576 0.080984
vt 0.313576 0.080263
vt 0.312212 0.080419
vt 0.312181 0.081158
vt 0.312120 0.080282
vt 0.305694 0.079294
vt 0.305414 0.079875
vt 0.305414 0.079294
vt 0.311467 0.078743
vt 0.311747 0.078590
vt 0.311696 0.078999
vt 0.313576 0.093830
vt 0.313856 0.093982
vt 0.313576 0.093982
vt 0.311775 0.090045
vt 0.311495 0.087576
vt 0.311775 0.087576
vt 0.312461 0.081158
vt 0.312181 0.086096
vt 0.301442 0.087251
vt 0.301721 0.087251
vt 0.312295 0.079063
vt 0.312016 0.078910
vt 0.312295 0.078910
vt 0.305414 0.083311
vt 0.305694 0.084814
vt 0.305414 0.084814
vt 0.310842 0.089253
vt 0.310562 0.086783
vt 0.310842 0.086783
vt 0.303892 0.079876
vt 0.303613 0.084815
vt 0.308633 0.082679
vt 0.308913 0.082679
vt 0.304783 0.090324
vt 0.305062 0.087854
vt 0.305062 0.090324
vt 0.303613 0.092751
vt 0.308633 0.090888
vt 0.302762 0.092468
vt 0.303041 0.087529
vt 0.303041 0.092468
vt 0.312016 0.086970
vt 0.312295 0.086970
vt 0.305694 0.092616
vt 0.305414 0.092874
vt 0.305414 0.092616
vt 0.301721 0.079449
vt 0.311467 0.091589
vt 0.311747 0.086650
vt 0.312181 0.093898
vt 0.313856 0.082969
vt 0.313576 0.085922
vt 0.313576 0.082968
vt 0.303613 0.088085
vt 0.303892 0.091406
vt 0.303613 0.091406
vt 0.303613 0.085602
vt 0.303892 0.086467
vt 0.303613 0.086468
vt 0.310562 0.085130
vt 0.310842 0.080192
vt 0.310842 0.085131
vt 0.310842 0.085996
vt 0.305414 0.085602
vt 0.305694 0.086467
vt 0.305414 0.086467
vt 0.305694 0.091406
vt 0.305414 0.091406
vt 0.301721 0.085598
vt 0.301442 0.080659
vt 0.301721 0.080659
vt 0.301721 0.086463
vt 0.301442 0.085598
vt 0.312181 0.092688
vt 0.312181 0.090703
vt 0.312181 0.087749
vt 0.312181 0.086883
vt 0.311775 0.086788
vt 0.311495 0.085923
vt 0.311775 0.085922
vt 0.313522 0.086679
vt 0.313576 0.087575
vt 0.313576 0.087339
vt 0.313856 0.087576
vt 0.313576 0.092514
vt 0.311467 0.085233
vt 0.311747 0.084997
vt 0.311747 0.085233
vt 0.311467 0.084997
vt 0.311747 0.080059
vt 0.312016 0.085553
vt 0.312295 0.085317
vt 0.312131 0.086454
vt 0.312016 0.081246
vt 0.312295 0.080379
vt 0.312295 0.081246
vt 0.302762 0.086113
vt 0.303041 0.085877
vt 0.303041 0.086113
vt 0.309850 0.093620
vt 0.308969 0.093405
vt 0.309850 0.093405
vt 0.308633 0.088405
vt 0.308913 0.089270
vt 0.308633 0.089270
vt 0.308633 0.087617
vt 0.304783 0.086438
vt 0.305062 0.086202
vt 0.305062 0.086438
vt 0.303333 0.088085
vt 0.309192 0.087617
vt 0.308913 0.087617
vt 0.305135 0.086468
vt 0.312295 0.083814
vt 0.312575 0.085317
vt 0.311902 0.087749
vt 0.313296 0.087575
vt 0.310194 0.093620
vt 0.310607 0.093405
vt 0.310607 0.093620
vt 0.306464 0.090269
vt 0.306743 0.089857
vt 0.306743 0.090269
vt 0.311902 0.086096
vt 0.308849 0.093405
vt 0.308969 0.093620
vt 0.308849 0.093620
vt 0.308557 0.080406
vt 0.308969 0.081875
vt 0.308557 0.081874
vt 0.313296 0.082968
vt 0.312378 0.087906
vt 0.311966 0.088772
vt 0.312131 0.087005
vt 0.303611 0.081875
vt 0.302386 0.086813
vt 0.303611 0.086813
vt 0.302386 0.088466
vt 0.302386 0.091420
vt 0.303611 0.093405
vt 0.302386 0.093405
vt 0.302386 0.094615
vt 0.303611 0.094873
vt 0.302386 0.094873
vt 0.310306 0.080361
vt 0.312575 0.086970
vt 0.304067 0.090021
vt 0.303787 0.089608
vt 0.304067 0.089608
vt 0.310179 0.093194
vt 0.309893 0.092473
vt 0.310178 0.092473
vt 0.308256 0.092473
vt 0.308668 0.093194
vt 0.308256 0.093194
vt 0.309893 0.084378
vt 0.309531 0.085881
vt 0.309531 0.084378
vt 0.305135 0.080743
vt 0.305414 0.080743
vt 0.309893 0.087535
vt 0.309531 0.087535
vt 0.308256 0.087534
vt 0.308668 0.085881
vt 0.308668 0.087534
vt 0.309531 0.092473
vt 0.308668 0.080361
vt 0.308256 0.080943
vt 0.308815 0.080365
vt 0.309531 0.093683
vt 0.309893 0.093941
vt 0.309531 0.093941
vt 0.304023 0.081875
vt 0.304023 0.081293
vt 0.309081 0.090486
vt 0.308913 0.090888
vt 0.310903 0.085967
vt 0.311182 0.086379
vt 0.310903 0.086379
vt 0.303611 0.094126
vt 0.304023 0.093405
vt 0.304023 0.094126
vt 0.301973 0.094126
vt 0.302386 0.094126
vt 0.309850 0.080406
vt 0.309850 0.081875
vt 0.303333 0.084814
vt 0.312154 0.085399
vt 0.312434 0.084987
vt 0.312434 0.085399
vt 0.308969 0.086813
vt 0.309850 0.086813
vt 0.308969 0.088466
vt 0.309850 0.088466
vt 0.301973 0.081293
vt 0.301973 0.081875
vt 0.309882 0.090197
vt 0.310019 0.084447
vt 0.310965 0.083726
vt 0.310965 0.084447
vt 0.306171 0.091779
vt 0.305759 0.091197
vt 0.306171 0.091198
vt 0.305372 0.084445
vt 0.304426 0.083863
vt 0.305372 0.083863
vt 0.312376 0.091124
vt 0.312789 0.091844
vt 0.312376 0.091845
vt 0.310306 0.079627
vt 0.310514 0.089690
vt 0.310514 0.089842
vt 0.310566 0.080380
vt 0.310302 0.085319
vt 0.310302 0.080380
vt 0.312278 0.090103
vt 0.312690 0.090823
vt 0.306775 0.090014
vt 0.307187 0.089294
vt 0.307187 0.090015
vt 0.306255 0.085159
vt 0.310306 0.079475
vt 0.305248 0.090014
vt 0.305533 0.089294
vt 0.305533 0.090014
vt 0.308427 0.080369
vt 0.308163 0.080951
vt 0.308163 0.080369
vt 0.309373 0.080950
vt 0.312344 0.094457
vt 0.312756 0.094241
vt 0.312756 0.094457
vt 0.304426 0.085179
vt 0.304161 0.085331
vt 0.304161 0.085179
vt 0.310668 0.089615
vt 0.309345 0.082548
vt 0.309125 0.081533
vt 0.308860 0.080812
vt 0.309125 0.080812
vt 0.310071 0.081533
vt 0.310071 0.080812
vt 0.311646 0.080571
vt 0.311696 0.079733
vt 0.302292 0.093180
vt 0.301880 0.092598
vt 0.310019 0.084936
vt 0.309755 0.085194
vt 0.309755 0.084936
vt 0.310927 0.090576
vt 0.310514 0.091158
vt 0.310514 0.090576
vt 0.311823 0.088954
vt 0.311410 0.087485
vt 0.311823 0.087485
vt 0.308860 0.086471
vt 0.308860 0.081533
vt 0.310361 0.081557
vt 0.310625 0.085599
vt 0.310361 0.085599
vt 0.308427 0.080950
vt 0.308163 0.085889
vt 0.300853 0.083474
vt 0.301117 0.085973
vt 0.300853 0.085973
vt 0.308113 0.081813
vt 0.307848 0.085319
vt 0.307848 0.081813
vt 0.307823 0.086346
vt 0.312658 0.088944
vt 0.312393 0.086894
vt 0.312658 0.086894
vt 0.309036 0.079291
vt 0.308771 0.084229
vt 0.308771 0.079291
vt 0.307739 0.079429
vt 0.309391 0.081478
vt 0.307738 0.081478
vt 0.308264 0.082714
vt 0.308000 0.080664
vt 0.308264 0.080664
vt 0.309755 0.078788
vt 0.310019 0.083726
vt 0.309755 0.083726
vt 0.304426 0.078918
vt 0.304161 0.083863
vt 0.304161 0.078924
vt 0.308918 0.093537
vt 0.308654 0.095586
vt 0.308654 0.093537
vt 0.305759 0.085973
vt 0.306529 0.081454
vt 0.306865 0.087354
vt 0.311098 0.086109
vt 0.311098 0.086346
vt 0.300865 0.079170
vt 0.301144 0.079582
vt 0.300865 0.079582
vt 0.312557 0.079302
vt 0.312277 0.078890
vt 0.312557 0.078890
vt 0.309687 0.089971
vt 0.309408 0.090383
vt 0.309408 0.089971
vt 0.306347 0.089015
vt 0.306067 0.089427
vt 0.306067 0.089015
vt 0.310194 0.080406
vt 0.310194 0.081875
vt 0.309994 0.078983
vt 0.309715 0.079395
vt 0.309715 0.078983
vt 0.309065 0.082547
vt 0.310562 0.080192
vt 0.303861 0.086518
vt 0.309726 0.081252
vt 0.309597 0.083249
vt 0.310063 0.090178
vt 0.310342 0.089765
vt 0.310342 0.090178
vt 0.312490 0.081132
vt 0.312770 0.081544
vt 0.312490 0.081544
vt 0.304825 0.088772
vt 0.304545 0.089184
vt 0.304545 0.088772
vt 0.312720 0.081802
vt 0.312307 0.082668
vt 0.312307 0.081802
vt 0.311121 0.080192
vt 0.302001 0.080659
vt 0.301973 0.086813
vt 0.312890 0.081226
vt 0.312610 0.081638
vt 0.312610 0.081226
vt 0.311775 0.081787
vt 0.312054 0.085922
vt 0.304023 0.088466
vt 0.303611 0.088466
vt 0.312026 0.084997
vt 0.312026 0.080059
vt 0.312026 0.091589
vt 0.311570 0.081319
vt 0.311849 0.081731
vt 0.311570 0.081731
vt 0.302001 0.092189
vt 0.303321 0.087530
vt 0.305992 0.082244
vt 0.305580 0.081378
vt 0.305992 0.081378
vt 0.304905 0.084804
vt 0.308532 0.086561
vt 0.303041 0.083407
vt 0.309536 0.081325
vt 0.308589 0.079673
vt 0.309536 0.079673
vt 0.309482 0.088622
vt 0.308771 0.089005
vt 0.309718 0.089005
vt 0.311254 0.082356
vt 0.311730 0.085862
vt 0.311254 0.085863
vt 0.300588 0.089668
vt 0.301534 0.089191
vt 0.301534 0.089668
vt 0.307016 0.081851
vt 0.307492 0.079381
vt 0.307861 0.082147
vt 0.310687 0.089024
vt 0.310980 0.086525
vt 0.310980 0.089024
vt 0.310533 0.078307
vt 0.311479 0.079960
vt 0.310533 0.079961
vt 0.310773 0.088147
vt 0.311065 0.083209
vt 0.311065 0.088147
vt 0.304348 0.087050
vt 0.305294 0.088703
vt 0.304348 0.088703
vt 0.309269 0.090177
vt 0.310215 0.089942
vt 0.310215 0.090177
vt 0.311412 0.089147
vt 0.312358 0.088912
vt 0.312358 0.089147
vt 0.311187 0.088937
vt 0.311480 0.083999
vt 0.311480 0.088937
vt 0.306401 0.079675
vt 0.307347 0.081325
vt 0.306401 0.081325
vt 0.308110 0.080313
vt 0.307164 0.081960
vt 0.307164 0.080313
vt 0.311849 0.081433
vt 0.310903 0.080208
vt 0.311849 0.080208
vt 0.311724 0.079673
vt 0.310778 0.080898
vt 0.310778 0.079673
vt 0.301880 0.087795
vt 0.303105 0.082854
vt 0.303105 0.087799
vt 0.311134 0.092106
vt 0.310188 0.090881
vt 0.311134 0.090881
vt 0.308860 0.083509
vt 0.310085 0.088448
vt 0.308860 0.088448
vt 0.306477 0.090049
vt 0.305252 0.085110
vt 0.306477 0.085110
vt 0.311911 0.080979
vt 0.310965 0.082204
vt 0.310965 0.080979
vt 0.309840 0.083058
vt 0.311065 0.078119
vt 0.311065 0.083058
vt 0.307828 0.087344
vt 0.308598 0.083209
vt 0.308598 0.087344
vt 0.312517 0.088688
vt 0.311571 0.089458
vt 0.311571 0.088688
vt 0.306990 0.086937
vt 0.307936 0.085284
vt 0.307936 0.086937
vt 0.309179 0.086054
vt 0.310125 0.085284
vt 0.310125 0.086054
vt 0.310306 0.085882
vt 0.310306 0.087534
vt 0.310408 0.089461
vt 0.310129 0.089049
vt 0.310408 0.089049
vt 0.309913 0.085985
vt 0.310192 0.085572
vt 0.310192 0.085985
vt 0.311036 0.090890
vt 0.310624 0.091755
vt 0.310624 0.090890
vt 0.308557 0.086813
vt 0.311690 0.086243
vt 0.311410 0.085831
vt 0.311690 0.085831
vt 0.305664 0.091527
vt 0.305252 0.091291
vt 0.305664 0.091291
vt 0.312275 0.085493
vt 0.312554 0.085080
vt 0.312554 0.085493
vt 0.309778 0.093300
vt 0.309499 0.093712
vt 0.309499 0.093300
vt 0.310194 0.088466
vt 0.310607 0.086813
vt 0.310607 0.088465
vt 0.310931 0.085741
vt 0.310652 0.086154
vt 0.310652 0.085741
vt 0.308412 0.091327
vt 0.308000 0.092191
vt 0.308000 0.091326
vt 0.307309 0.083722
vt 0.307574 0.085772
vt 0.307309 0.085772
vt 0.311069 0.081665
vt 0.309420 0.079616
vt 0.311069 0.079616
vt 0.312658 0.083602
vt 0.312393 0.085652
vt 0.312393 0.083602
vt 0.309285 0.078307
vt 0.307638 0.080357
vt 0.307638 0.078307
vt 0.308264 0.083956
vt 0.308000 0.086005
vt 0.308000 0.083956
vt 0.304971 0.088486
vt 0.304692 0.089712
vt 0.304692 0.088486
vt 0.312219 0.093162
vt 0.312499 0.092818
vt 0.312499 0.093162
vt 0.307024 0.094315
vt 0.307304 0.093089
vt 0.307304 0.094315
vt 0.314138 0.093510
vt 0.314417 0.092647
vt 0.314417 0.093510
vt 0.312502 0.089726
vt 0.312223 0.090607
vt 0.312223 0.089726
vt 0.310624 0.094223
vt 0.310903 0.092998
vt 0.310903 0.094223
vt 0.313998 0.095224
vt 0.314277 0.093998
vt 0.314277 0.095224
vt 0.313623 0.081164
vt 0.313344 0.081526
vt 0.313344 0.081164
vt 0.313914 0.082228
vt 0.314179 0.081003
vt 0.314179 0.082228
vt 0.313914 0.083376
vt 0.314179 0.082151
vt 0.314179 0.083376
vt 0.309815 0.082862
vt 0.309726 0.084087
vt 0.309726 0.082862
vt 0.308860 0.080065
vt 0.309125 0.079976
vt 0.309125 0.080065
vt 0.303232 0.090936
vt 0.303321 0.090592
vt 0.303321 0.090936
vt 0.313576 0.079516
vt 0.313856 0.079427
vt 0.313856 0.079516
vt 0.310215 0.089967
vt 0.310304 0.089605
vt 0.310304 0.089967
vt 0.313189 0.093843
vt 0.311964 0.093931
vt 0.312295 0.093377
vt 0.312016 0.093466
vt 0.312016 0.093377
vt 0.314648 0.085377
vt 0.314737 0.086602
vt 0.314648 0.086602
vt 0.311692 0.084306
vt 0.308708 0.090606
vt 0.308797 0.089381
vt 0.308797 0.090606
vt 0.305774 0.094258
vt 0.304548 0.094258
vt 0.304820 0.093092
vt 0.312181 0.079689
vt 0.312461 0.079601
vt 0.312461 0.079689
vt 0.309903 0.081441
vt 0.309815 0.082322
vt 0.309815 0.081441
vt 0.304548 0.079614
vt 0.305774 0.079614
vt 0.313577 0.090640
vt 0.313666 0.089415
vt 0.313666 0.090640
vt 0.309935 0.093884
vt 0.309071 0.093884
vt 0.308163 0.079482
vt 0.308427 0.079394
vt 0.308427 0.079482
vt 0.305694 0.092874
vt 0.305414 0.092963
vt 0.312295 0.078822
vt 0.304426 0.085331
vt 0.304161 0.085420
vt 0.312268 0.094258
vt 0.311747 0.093057
vt 0.311467 0.093145
vt 0.311467 0.093057
vt 0.309730 0.090998
vt 0.309641 0.089773
vt 0.309730 0.089773
vt 0.310019 0.085194
vt 0.309755 0.085283
vt 0.308913 0.095677
vt 0.308633 0.095766
vt 0.308633 0.095677
vt 0.313576 0.094071
vt 0.306347 0.089427
vt 0.311467 0.078590
vt 0.311747 0.078502
vt 0.311924 0.079614
vt 0.312268 0.079614
vt 0.312169 0.089926
vt 0.312448 0.089690
vt 0.312448 0.089926
vt 0.312560 0.079078
vt 0.312840 0.078213
vt 0.312840 0.079078
vt 0.313448 0.080642
vt 0.313541 0.080406
vt 0.313189 0.080134
vt 0.310776 0.092646
vt 0.310869 0.092410
vt 0.310869 0.092646
vt 0.309727 0.089690
vt 0.309634 0.089411
vt 0.309727 0.089411
vt 0.304441 0.093200
vt 0.304348 0.094066
vt 0.304348 0.093200
vt 0.305776 0.093200
vt 0.305683 0.094066
vt 0.305683 0.093200
vt 0.309469 0.090997
vt 0.309562 0.091277
vt 0.309469 0.091277
vt 0.306333 0.087296
vt 0.306810 0.084826
vt 0.306810 0.087295
vt 0.304975 0.081652
vt 0.304711 0.084121
vt 0.304711 0.081652
vt 0.312050 0.083640
vt 0.312527 0.086109
vt 0.308771 0.085293
vt 0.309247 0.085293
vt 0.305342 0.083733
vt 0.305342 0.086202
vt 0.304783 0.086202
vt 0.305062 0.083733
vt 0.310073 0.087649
vt 0.309757 0.089030
vt 0.309522 0.089030
vt 0.311121 0.086783
vt 0.303321 0.083407
vt 0.303321 0.085877
vt 0.302762 0.085876
vt 0.309840 0.083209
vt 0.305012 0.083338
vt 0.305782 0.085808
vt 0.305012 0.085808
vt 0.312054 0.087575
vt 0.308858 0.083627
vt 0.308858 0.086096
vt 0.308299 0.086096
vt 0.308579 0.083627
vt 0.304563 0.092058
vt 0.305333 0.088015
vt 0.305333 0.092057
vt 0.308443 0.080901
vt 0.308707 0.080901
vt 0.301729 0.086109
vt 0.302499 0.082067
vt 0.301319 0.086390
vt 0.301599 0.086675
vt 0.301319 0.086675
vt 0.303741 0.086303
vt 0.303741 0.086518
vt 0.311495 0.081787
vt 0.309446 0.081132
vt 0.309446 0.081252
vt 0.310129 0.087806
vt 0.310408 0.087521
vt 0.310408 0.087806
vt 0.306618 0.091246
vt 0.305474 0.086875
vt 0.308532 0.080559
vt 0.308796 0.085078
vt 0.308532 0.085078
vt 0.304825 0.089184
vt 0.303425 0.091977
vt 0.308993 0.090575
vt 0.307164 0.087344
vt 0.307798 0.086624
vt 0.303611 0.091420
vt 0.313296 0.085922
vt 0.311902 0.090703
vt 0.312461 0.087749
vt 0.313856 0.080984
vt 0.313189 0.087436
vt 0.308095 0.090449
vt 0.301065 0.092282
vt 0.301251 0.092282
vt 0.308993 0.084459
vt 0.304348 0.083338
vt 0.308109 0.084079
vt 0.311160 0.081438
vt 0.308726 0.080987
vt 0.301065 0.082067
vt 0.305342 0.090324
vt 0.303136 0.083833
vt 0.310660 0.086096
vt 0.310380 0.083627
vt 0.310660 0.083627
vt 0.308627 0.089345
vt 0.308151 0.086875
vt 0.310101 0.086096
vt 0.303333 0.091406
vt 0.303892 0.088085
vt 0.311924 0.087762
vt 0.311119 0.085449
vt 0.304975 0.084121
vt 0.306641 0.085298
vt 0.305371 0.080190
vt 0.305106 0.082688
vt 0.305106 0.080189
vt 0.307114 0.085895
vt 0.306835 0.085895
vt 0.308608 0.088057
vt 0.310101 0.090219
vt 0.307733 0.089112
vt 0.312344 0.094241
vt 0.309753 0.087439
vt 0.306835 0.088091
vt 0.309041 0.081688
vt 0.311098 0.091268
vt 0.311119 0.087991
vt 0.309968 0.081563
vt 0.310896 0.081438
vt 0.311140 0.084715
vt 0.308608 0.085859
vt 0.309445 0.083035
vt 0.309927 0.085533
vt 0.309579 0.082753
vt 0.309753 0.085242
vt 0.308887 0.088057
vt 0.311140 0.087257
vt 0.308922 0.087418
vt 0.309579 0.089345
vt 0.309103 0.086875
vt 0.309579 0.086875
vt 0.309724 0.087762
vt 0.310200 0.085293
vt 0.310200 0.087762
vt 0.309724 0.085293
vt 0.311098 0.083640
vt 0.311574 0.086109
vt 0.305381 0.084826
vt 0.305857 0.087296
vt 0.305381 0.087296
vt 0.305857 0.084826
vt 0.308445 0.081851
vt 0.307969 0.079382
vt 0.308445 0.079382
vt 0.307969 0.081851
vt 0.300588 0.090620
vt 0.301534 0.090144
vt 0.301534 0.090620
vt 0.300588 0.090144
vt 0.310302 0.082357
vt 0.310778 0.085863
vt 0.310302 0.085863
vt 0.310778 0.082357
vt 0.309718 0.090433
vt 0.308771 0.089957
vt 0.309717 0.089957
vt 0.308771 0.089481
vt 0.309103 0.086010
vt 0.309579 0.086010
vt 0.309579 0.085222
vt 0.309103 0.082753
vt 0.309103 0.085222
vt 0.311574 0.086346
vt 0.311098 0.087762
vt 0.311574 0.091268
vt 0.313150 0.087762
vt 0.310194 0.093405
vt 0.310194 0.090084
vt 0.313150 0.079614
vt 0.313150 0.079703
vt 0.311924 0.094258
vt 0.311924 0.094169
vt 0.309815 0.081097
vt 0.309903 0.081097
vt 0.303232 0.091817
vt 0.303321 0.091817
vt 0.312502 0.089382
vt 0.312223 0.089382
vt 0.312219 0.094043
vt 0.312499 0.094043
vt 0.310194 0.086813
vt 0.306535 0.083109
vt 0.313150 0.086897
vt 0.313150 0.086109
vt 0.313150 0.081171
vt 0.311924 0.094046
vt 0.313150 0.089380
vt 0.312268 0.092701
vt 0.308709 0.093884
vt 0.308709 0.093795
vt 0.310304 0.090830
vt 0.310215 0.090830
vt 0.313623 0.080301
vt 0.313344 0.080301
vt 0.314138 0.093872
vt 0.314417 0.093872
vt 0.308668 0.093941
vt 0.308668 0.093683
vt 0.308668 0.092473
vt 0.308668 0.084378
vt 0.308668 0.080943
vt 0.301599 0.086390
vt 0.309935 0.087389
vt 0.309935 0.086523
vt 0.309935 0.085736
vt 0.309935 0.084232
vt 0.309935 0.079240
vt 0.309935 0.079329
vt 0.308709 0.093537
vt 0.309935 0.079481
vt 0.309815 0.082244
vt 0.309903 0.082244
vt 0.309935 0.092327
vt 0.309453 0.081205
vt 0.310625 0.081557
vt 0.305369 0.081831
vt 0.309406 0.086364
vt 0.311495 0.090045
vt 0.310059 0.086598
vt 0.312054 0.090045
vt 0.307916 0.086443
vt 0.310059 0.087209
vt 0.309406 0.086975
vt 0.312054 0.081787
vt 0.309428 0.084771
vt 0.306722 0.086875
vt 0.306908 0.086875
vt 0.307328 0.091391
vt 0.301251 0.086109
vt 0.301065 0.086109
vt 0.301251 0.082067
vt 0.305811 0.092057
vt 0.305997 0.088015
vt 0.305997 0.092057
vt 0.305811 0.088015
vt 0.304534 0.085808
vt 0.304348 0.085807
vt 0.304534 0.083338
vt 0.309179 0.086532
vt 0.310125 0.086718
vt 0.309179 0.086718
vt 0.310125 0.086532
vt 0.312517 0.088024
vt 0.311571 0.088210
vt 0.311571 0.088024
vt 0.312517 0.088210
vt 0.307350 0.083209
vt 0.307350 0.087344
vt 0.307828 0.083209
vt 0.307007 0.085973
vt 0.307193 0.081454
vt 0.307193 0.085973
vt 0.307007 0.081454
vt 0.307604 0.086446
vt 0.306722 0.086010
vt 0.306908 0.085222
vt 0.307328 0.083133
vt 0.307604 0.083190
vt 0.306722 0.085222
vt 0.301251 0.086346
vt 0.301065 0.086346
vt 0.301065 0.087762
vt 0.301729 0.087762
vt 0.309071 0.092327
vt 0.308709 0.093048
vt 0.309531 0.093194
vt 0.310179 0.093941
vt 0.305677 0.090348
vt 0.305248 0.090762
vt 0.310178 0.093683
vt 0.312789 0.092334
vt 0.301973 0.094873
vt 0.312789 0.092592
vt 0.302224 0.094244
vt 0.309755 0.084447
vt 0.310071 0.080323
vt 0.310071 0.080065
vt 0.309125 0.080323
vt 0.308860 0.080323
vt 0.305533 0.090762
vt 0.305533 0.090504
vt 0.306775 0.090762
vt 0.307187 0.090504
vt 0.307187 0.090762
vt 0.306775 0.090504
vt 0.312012 0.092056
vt 0.312690 0.091571
vt 0.312278 0.091571
vt 0.312690 0.091313
vt 0.312376 0.092334
vt 0.312376 0.092592
vt 0.310965 0.084936
vt 0.310965 0.085194
vt 0.304023 0.094615
vt 0.304023 0.094873
vt 0.303611 0.094615
vt 0.309893 0.093194
vt 0.309893 0.093683
vt 0.308256 0.093683
vt 0.308256 0.093941
vt 0.312461 0.092688
vt 0.312181 0.093409
vt 0.312212 0.093252
vt 0.301442 0.079938
vt 0.301721 0.079938
vt 0.301442 0.079449
vt 0.305414 0.092127
vt 0.305694 0.092127
vt 0.313576 0.079774
vt 0.313856 0.079774
vt 0.311467 0.092799
vt 0.312016 0.093119
vt 0.312295 0.093119
vt 0.312016 0.092630
vt 0.309935 0.093048
vt 0.309071 0.093048
vt 0.309935 0.093537
vt 0.306046 0.091535
vt 0.304820 0.092256
vt 0.306046 0.092256
vt 0.305774 0.093422
vt 0.304548 0.093422
vt 0.311964 0.092375
vt 0.311924 0.092916
vt 0.312268 0.093557
vt 0.311924 0.093557
vt 0.310194 0.094873
vt 0.309850 0.094750
vt 0.310194 0.094750
vt 0.309850 0.094260
vt 0.310194 0.094260
vt 0.310607 0.094873
vt 0.312344 0.095586
vt 0.312344 0.095709
vt 0.310234 0.088414
vt 0.312344 0.095097
vt 0.303741 0.087648
vt 0.303861 0.087771
vt 0.303741 0.087771
vt 0.303861 0.087158
vt 0.303861 0.087647
vt 0.308923 0.093730
vt 0.308849 0.094873
vt 0.312756 0.095586
vt 0.312756 0.095709
vt 0.312756 0.095097
vt 0.308969 0.094750
vt 0.308969 0.094873
vt 0.308849 0.094260
vt 0.308849 0.094750
vt 0.310607 0.094750
vt 0.310607 0.094260
vt 0.309850 0.094873
vt 0.308969 0.094260
vt 0.303613 0.091621
vt 0.303892 0.092261
vt 0.303613 0.092261
vt 0.303892 0.092751
vt 0.308913 0.095554
vt 0.308633 0.095065
vt 0.308913 0.095065
vt 0.313150 0.092916
vt 0.312268 0.092916
vt 0.313150 0.093557
vt 0.313150 0.092701
vt 0.303892 0.091621
vt 0.309845 0.081664
vt 0.303741 0.087158
vt 0.309215 0.089189
vt 0.308633 0.094424
vt 0.309935 0.080797
vt 0.309071 0.080215
vt 0.309935 0.080215
vt 0.309935 0.080095
vt 0.309071 0.079848
vt 0.309935 0.079848
vt 0.308668 0.079475
vt 0.309531 0.079627
vt 0.308668 0.079627
vt 0.309531 0.079994
vt 0.308668 0.079994
vt 0.308668 0.080241
vt 0.301973 0.080406
vt 0.305649 0.089198
vt 0.306171 0.090311
vt 0.301973 0.080926
vt 0.301973 0.080559
vt 0.301973 0.081173
vt 0.303547 0.084711
vt 0.310927 0.089842
vt 0.310927 0.089690
vt 0.310514 0.090209
vt 0.310514 0.090456
vt 0.310927 0.090456
vt 0.302007 0.092685
vt 0.301880 0.091712
vt 0.302292 0.091712
vt 0.302007 0.092685
vt 0.301880 0.091864
vt 0.301880 0.092478
vt 0.302007 0.092685
vt 0.312058 0.079102
vt 0.311646 0.079102
vt 0.312120 0.079548
vt 0.311696 0.079366
vt 0.312120 0.080162
vt 0.311696 0.079613
vt 0.304426 0.084445
vt 0.304426 0.084565
vt 0.304161 0.084812
vt 0.304161 0.084565
vt 0.304426 0.084812
vt 0.308815 0.079631
vt 0.309373 0.079482
vt 0.308815 0.079998
vt 0.308427 0.079635
vt 0.308427 0.080249
vt 0.308815 0.080245
vt 0.308427 0.080002
vt 0.308163 0.079635
vt 0.308163 0.080249
vt 0.310306 0.080241
vt 0.310306 0.079994
vt 0.305372 0.085179
vt 0.305372 0.085331
vt 0.305372 0.084812
vt 0.305372 0.084565
vt 0.306171 0.090463
vt 0.305759 0.090311
vt 0.306171 0.090830
vt 0.305759 0.090463
vt 0.305759 0.091077
vt 0.306171 0.091077
vt 0.302386 0.080558
vt 0.302386 0.080924
vt 0.304023 0.080559
vt 0.303611 0.080406
vt 0.304023 0.080406
vt 0.304023 0.080926
vt 0.303611 0.080559
vt 0.303611 0.081173
vt 0.304023 0.081173
vt 0.308256 0.079475
vt 0.309893 0.079627
vt 0.309893 0.079475
vt 0.309893 0.080241
vt 0.312016 0.080379
vt 0.312295 0.079797
vt 0.312016 0.079677
vt 0.312295 0.079430
vt 0.312295 0.079677
vt 0.312016 0.079063
vt 0.313856 0.093096
vt 0.313576 0.093096
vt 0.313576 0.093216
vt 0.313856 0.093463
vt 0.313576 0.093463
vt 0.313856 0.093830
vt 0.311467 0.080058
vt 0.311467 0.079357
vt 0.311467 0.079110
vt 0.305414 0.078560
vt 0.305694 0.078560
vt 0.305414 0.078927
vt 0.305694 0.079174
vt 0.305414 0.079174
vt 0.312212 0.079685
vt 0.312212 0.080052
vt 0.312120 0.079915
vt 0.312212 0.080299
vt 0.301442 0.093505
vt 0.301442 0.092771
vt 0.302386 0.080406
vt 0.303611 0.080926
vt 0.302386 0.081171
vt 0.309531 0.079475
vt 0.309893 0.079994
vt 0.309531 0.080241
vt 0.305774 0.080589
vt 0.305774 0.081171
vt 0.305774 0.080469
vt 0.304548 0.080222
vt 0.305774 0.080222
vt 0.313189 0.080263
vt 0.313189 0.079896
vt 0.313189 0.080143
vt 0.306046 0.079423
vt 0.304820 0.079303
vt 0.306046 0.079056
vt 0.306046 0.079303
vt 0.304820 0.079056
vt 0.309071 0.080797
vt 0.308709 0.080215
vt 0.309071 0.080095
vt 0.308709 0.079848
vt 0.304820 0.079423
vt 0.304548 0.080469
vt 0.301442 0.092891
vt 0.305694 0.078927
vt 0.311467 0.079477
vt 0.313856 0.093216
vt 0.312016 0.079797
vt 0.305759 0.090830
vt 0.308163 0.080002
vt 0.304161 0.084445
vt 0.301880 0.092231
vt 0.310927 0.090209
vt 0.304393 0.086515
vt 0.309885 0.083577
vt 0.308813 0.082149
vt 0.308980 0.089031
vt 0.310847 0.088006
vt 0.310562 0.089253
vt 0.312412 0.088937
vt 0.312177 0.083998
vt 0.312412 0.083998
vt 0.311412 0.089689
vt 0.312358 0.089689
vt 0.310215 0.090719
vt 0.309269 0.090719
vt 0.309840 0.088147
vt 0.309906 0.083294
vt 0.310075 0.088147
vt 0.309755 0.086525
vt 0.309990 0.089024
vt 0.309755 0.089024
vt 0.309345 0.088131
vt 0.305895 0.087978
vt 0.305615 0.087977
vt 0.311598 0.086010
vt 0.311599 0.085222
vt 0.311599 0.082753
vt 0.308271 0.086346
vt 0.308271 0.087762
vt 0.308271 0.090262
vt 0.304555 0.082839
vt 0.305371 0.082689
vt 0.308271 0.086109
vt 0.311599 0.086875
vt 0.312047 0.091814
vt 0.311754 0.086875
vt 0.312047 0.086875
vt 0.307823 0.081171
vt 0.308116 0.086109
vt 0.307823 0.086109
vt 0.308116 0.087762
vt 0.308116 0.090262
vt 0.308116 0.086346
vt 0.312047 0.085222
vt 0.311754 0.082753
vt 0.312047 0.082753
vt 0.311754 0.086010
vt 0.312047 0.086010
vt 0.303321 0.092468
vt 0.304905 0.089536
vt 0.304625 0.089535
vt 0.309269 0.091167
vt 0.310215 0.090875
vt 0.310215 0.091167
vt 0.311412 0.090137
vt 0.312358 0.089844
vt 0.312358 0.090137
vt 0.308532 0.089031
vt 0.308987 0.086883
vt 0.308824 0.089031
vt 0.309036 0.084229
vt 0.308664 0.082436
vt 0.305895 0.085546
vt 0.311504 0.085131
vt 0.311635 0.088937
vt 0.311635 0.083999
vt 0.310617 0.088147
vt 0.309878 0.083658
vt 0.310532 0.086525
vt 0.310532 0.089024
vt 0.309229 0.087053
vt 0.302673 0.083186
vt 0.306829 0.087491
vt 0.305628 0.084141
vt 0.312177 0.088937
vt 0.311754 0.091814
vt 0.306646 0.091177
vt 0.309269 0.090875
vt 0.311412 0.089844
vt 0.311754 0.085222
vt 0.311599 0.085459
vt 0.311754 0.085459
vt 0.308116 0.086897
vt 0.308271 0.086897
vt 0.312047 0.085459
vt 0.307823 0.087762
vt 0.307823 0.086897
vt 0.308813 0.086897
vt 0.308813 0.087762
vt 0.311057 0.085459
vt 0.301251 0.086897
vt 0.301251 0.087762
vt 0.301729 0.086897
vt 0.301065 0.086897
vt 0.306244 0.085459
vt 0.306244 0.085222
vt 0.306722 0.085459
vt 0.309935 0.085972
vt 0.309071 0.085736
vt 0.309071 0.085972
vt 0.313150 0.086346
vt 0.312268 0.086109
vt 0.312268 0.086346
vt 0.311574 0.087762
vt 0.312050 0.086897
vt 0.311574 0.086897
vt 0.311098 0.086897
vt 0.309103 0.085459
vt 0.308627 0.085222
vt 0.308627 0.085459
vt 0.309579 0.085459
vt 0.305776 0.092649
vt 0.305683 0.092413
vt 0.305776 0.092413
vt 0.305683 0.092649
vt 0.304441 0.092649
vt 0.304348 0.092413
vt 0.304441 0.092413
vt 0.304348 0.092649
vt 0.310776 0.093197
vt 0.310869 0.094063
vt 0.310776 0.094063
vt 0.310869 0.093197
vt 0.313448 0.081193
vt 0.313541 0.082059
vt 0.313448 0.082059
vt 0.313541 0.081193
vt 0.312560 0.079866
vt 0.312840 0.079866
vt 0.312560 0.079629
vt 0.312169 0.091343
vt 0.312448 0.090477
vt 0.312448 0.091343
vt 0.312169 0.090477
vt 0.302499 0.086897
vt 0.304548 0.086897
vt 0.308412 0.090540
vt 0.308000 0.090775
vt 0.308000 0.090539
vt 0.308412 0.090776
vt 0.305664 0.092944
vt 0.305252 0.092078
vt 0.305664 0.092078
vt 0.305252 0.091527
vt 0.311036 0.090339
vt 0.310624 0.090103
vt 0.311036 0.090102
vt 0.310624 0.090339
vt 0.305992 0.080591
vt 0.305580 0.080827
vt 0.305580 0.080591
vt 0.305992 0.080827
vt 0.312720 0.081251
vt 0.312307 0.081015
vt 0.312720 0.081015
vt 0.312307 0.081251
vt 0.309048 0.086897
vt 0.305774 0.087762
vt 0.305774 0.086897
vt 0.312378 0.087355
vt 0.311966 0.087119
vt 0.312378 0.087119
vt 0.304783 0.086989
vt 0.305062 0.086989
vt 0.308633 0.087854
vt 0.308913 0.087854
vt 0.302762 0.087529
vt 0.303041 0.086664
vt 0.302762 0.086664
vt 0.312016 0.086104
vt 0.311467 0.085784
vt 0.311747 0.085784
vt 0.313856 0.085923
vt 0.313576 0.086788
vt 0.311495 0.087339
vt 0.311775 0.087339
vt 0.311495 0.086788
vt 0.312461 0.086096
vt 0.312181 0.086332
vt 0.312212 0.086176
vt 0.301721 0.087015
vt 0.301442 0.087015
vt 0.305694 0.085050
vt 0.305414 0.085051
vt 0.305694 0.085601
vt 0.310692 0.086003
vt 0.310842 0.086547
vt 0.303892 0.085050
vt 0.303613 0.085051
vt 0.303892 0.085601
vt 0.308299 0.087749
vt 0.308579 0.086883
vt 0.310380 0.087513
vt 0.310101 0.087513
vt 0.308151 0.085459
vt 0.311924 0.086346
vt 0.305474 0.085459
vt 0.311964 0.085783
vt 0.306046 0.085180
vt 0.304820 0.084943
vt 0.304820 0.085180
vt 0.308709 0.085972
vt 0.310822 0.085222
vt 0.312527 0.087762
vt 0.312527 0.086897
vt 0.310896 0.086597
vt 0.310896 0.086360
vt 0.309950 0.086597
vt 0.309950 0.086360
vt 0.308443 0.086597
vt 0.308707 0.085731
vt 0.308443 0.085731
vt 0.307497 0.086597
vt 0.307497 0.085731
vt 0.309935 0.081665
vt 0.309531 0.081810
vt 0.308668 0.081810
vt 0.305135 0.083311
vt 0.312575 0.081246
vt 0.312016 0.083814
vt 0.305694 0.079876
vt 0.309071 0.081665
vt 0.308709 0.080797
vt 0.312016 0.085317
vt 0.305135 0.084814
vt 0.309893 0.081810
vt 0.312575 0.083814
vt 0.305694 0.080743
vt 0.308709 0.081665
vt 0.023227 0.048169
vt 0.060456 0.084149
vt 0.075191 0.084149
vt 0.050642 0.048155
vt 0.072083 0.044411
vt 0.048575 0.082440
vt 0.058825 0.040561
vt 0.054497 0.048155
vt 0.291282 0.103861
vt 0.296509 0.123649
vt 0.294408 0.101367
vt 0.296576 0.123090
vt 0.287939 0.100247
vt 0.292992 0.101367
vt 0.290388 0.124040
vt 0.291282 0.101192
vt 0.296509 0.126166
vt 0.287378 0.101367
vt 0.294618 0.124645
vt 0.291105 0.109797
vt 0.295328 0.126295
vt 0.290792 0.107824
vt 0.290735 0.124093
vt 0.292073 0.099537
vt 0.294476 0.100655
vt 0.286719 0.121815
vt 0.288767 0.103800
vt 0.282230 0.099216
vt 0.283174 0.113335
vt 0.278701 0.100816
vt 0.292518 0.099846
vt 0.288894 0.123562
vt 0.285810 0.124645
vt 0.284331 0.123562
vt 0.281764 0.101367
vt 0.290997 0.124920
vt 0.290572 0.111413
vt 0.296948 0.103014
vt 0.291023 0.099368
vt 0.288897 0.100574
vt 0.280160 0.098995
vt 0.277761 0.117019
vt 0.275929 0.101160
vt 0.280640 0.124097
vt 0.283248 0.098995
vt 0.276918 0.125440
vt 0.276438 0.100338
vt 0.291023 0.110351
vt 0.284690 0.101792
vt 0.291432 0.125238
vt 0.276229 0.102490
vt 0.280640 0.101663
vt 0.282166 0.123808
vt 0.293625 0.099460
vt 0.283727 0.110129
vt 0.292073 0.113505
vt 0.278701 0.114784
vt 0.293625 0.113276
vt 0.293673 0.101046
vt 0.297719 0.123329
vt 0.279681 0.112962
vt 0.289725 0.106468
vt 0.282769 0.121429
vt 0.295523 0.102525
vt 0.294370 0.123627
vt 0.296761 0.123335
vt 0.285047 0.119481
vt 0.294370 0.103861
vt 0.288636 0.124855
vt 0.296761 0.103562
vt 0.295187 0.116914
vt 0.291633 0.103492
vt 0.295523 0.122291
vt 0.280459 0.119054
vt 0.290927 0.123258
vt 0.282769 0.101663
vt 0.288120 0.114792
vt 0.289725 0.126235
vt 0.292657 0.112105
vt 0.277350 0.124856
vt 0.279681 0.110129
vt 0.294803 0.110425
vt 0.284546 0.122069
vt 0.295890 0.120945
vt 0.295721 0.119195
vt 0.285581 0.117808
vt 0.283452 0.117808
vt 0.295127 0.126290
vt 0.281087 0.112680
vt 0.294638 0.102855
vt 0.277505 0.101132
vt 0.277190 0.124470
vt 0.291991 0.121004
vt 0.293527 0.117225
vt 0.289497 0.100011
vt 0.293792 0.103992
vt 0.292181 0.111475
vt 0.288413 0.111978
vt 0.287875 0.110995
vt 0.288381 0.116832
vt 0.295666 0.117208
vt 0.289457 0.100660
vt 0.290066 0.100897
vt 0.288134 0.106528
vt 0.281554 0.100022
vt 0.289255 0.125082
vt 0.283839 0.104368
vt 0.289046 0.102834
vt 0.295493 0.100680
vt 0.290573 0.119676
vt 0.292466 0.102732
vt 0.284847 0.118037
vt 0.291383 0.124419
vt 0.290620 0.100840
vt 0.290640 0.104524
vt 0.291330 0.114552
vt 0.291217 0.119323
vt 0.295857 0.103817
vt 0.282238 0.117620
vt 0.295772 0.106450
vt 0.293031 0.110672
vt 0.277397 0.111472
vt 0.277350 0.116390
vt 0.296064 0.104684
vt 0.294631 0.103563
vt 0.280863 0.113556
vt 0.294583 0.113276
vt 0.294279 0.104138
vt 0.277397 0.114306
vt 0.279660 0.123250
vt 0.283532 0.105724
vt 0.293031 0.121971
vt 0.288691 0.104148
vt 0.283124 0.123808
vt 0.288280 0.114773
vt 0.289003 0.115183
vt 0.289003 0.119761
vt 0.285640 0.105917
vt 0.294075 0.105916
vt 0.274975 0.117633
vt 0.285994 0.100816
vt 0.292789 0.113062
vt 0.293645 0.098975
vt 0.290835 0.107377
vt 0.289012 0.105655
vt 0.283042 0.113962
vt 0.291478 0.118920
vt 0.293530 0.117153
vt 0.290693 0.108891
vt 0.293144 0.117197
vt 0.283042 0.118925
vt 0.286562 0.101314
vt 0.287869 0.105247
vt 0.292657 0.104333
vt 0.294065 0.103416
vt 0.277190 0.106768
vt 0.291432 0.122629
vt 0.291255 0.107892
vt 0.282971 0.110636
vt 0.294385 0.105655
vt 0.290835 0.107118
vt 0.283839 0.117422
vt 0.286248 0.107377
vt 0.295424 0.115632
vt 0.285950 0.110934
vt 0.291323 0.110934
vt 0.291330 0.118094
vt 0.290960 0.111429
vt 0.292885 0.122028
vt 0.288636 0.116389
vt 0.293527 0.112579
vt 0.295009 0.110585
vt 0.290250 0.125382
vt 0.292150 0.113556
vt 0.292706 0.112425
vt 0.287681 0.122775
vt 0.286950 0.108257
vt 0.290109 0.104731
vt 0.295666 0.111565
vt 0.289894 0.102488
vt 0.288134 0.112171
vt 0.282489 0.116424
vt 0.294914 0.123849
vt 0.292106 0.123540
vt 0.286008 0.126415
vt 0.298203 0.125657
vt 0.296628 0.103576
vt 0.295399 0.120060
vt 0.276441 0.124660
vt 0.292178 0.124158
vt 0.297963 0.125873
vt 0.297321 0.104493
vt 0.293144 0.123557
vt 0.297522 0.118470
vt 0.297819 0.103596
vt 0.285407 0.107588
vt 0.294365 0.107593
vt 0.297819 0.103076
vt 0.295236 0.103596
vt 0.289856 0.123150
vt 0.297819 0.107664
vt 0.290640 0.108883
vt 0.289778 0.101636
vt 0.284317 0.111412
vt 0.289155 0.101835
vt 0.280043 0.117019
vt 0.279660 0.120034
vt 0.282230 0.118348
vt 0.294944 0.118432
vt 0.289046 0.113969
vt 0.292645 0.099216
vt 0.291630 0.118342
vt 0.296576 0.125758
vt 0.295044 0.124960
vt 0.297680 0.117959
vt 0.299078 0.111094
vt 0.291626 0.099859
vt 0.282645 0.126476
vt 0.288895 0.117957
vt 0.283864 0.126318
vt 0.282496 0.115843
vt 0.284663 0.118348
vt 0.284331 0.124319
vt 0.294849 0.101192
vt 0.290792 0.105856
vt 0.297242 0.118016
vt 0.287960 0.100837
vt 0.293099 0.124319
vt 0.289478 0.126318
vt 0.283727 0.124097
vt 0.287421 0.099859
vt 0.282166 0.101373
vt 0.290792 0.103236
vt 0.294565 0.099857
vt 0.281554 0.111167
vt 0.291761 0.126295
vt 0.294104 0.124411
vt 0.295441 0.126318
vt 0.290495 0.120730
vt 0.275429 0.100981
vt 0.291142 0.110933
vt 0.288673 0.126295
vt 0.292552 0.124639
vt 0.287939 0.099694
vt 0.289457 0.111795
vt 0.286848 0.105406
vt 0.294010 0.123295
vt 0.294827 0.118487
vt 0.295499 0.098812
vt 0.297891 0.119192
vt 0.297179 0.102572
vt 0.292599 0.123150
vt 0.290642 0.118488
vt 0.296948 0.105144
vt 0.291907 0.102115
vt 0.285488 0.122454
vt 0.281420 0.125989
vt 0.294025 0.118268
vt 0.295403 0.117452
vt 0.298652 0.119038
vt 0.290199 0.118599
vt 0.276708 0.121758
vt 0.283709 0.125989
vt 0.289857 0.105249
vt 0.290358 0.120728
vt 0.283879 0.109901
vt 0.281789 0.118313
vt 0.278251 0.108116
vt 0.292829 0.115853
vt 0.295236 0.106054
vt 0.294365 0.111430
vt 0.281764 0.103315
vt 0.281764 0.102396
vt 0.282230 0.101317
vt 0.282230 0.100398
vt 0.288897 0.101756
vt 0.292518 0.101795
vt 0.287378 0.103315
vt 0.287378 0.102396
vt 0.292992 0.103315
vt 0.287939 0.101505
vt 0.294408 0.103315
vt 0.294408 0.102396
vt 0.294827 0.120958
vt 0.282971 0.124065
vt 0.289246 0.116461
vt 0.294565 0.113463
vt 0.276438 0.112779
vt 0.286818 0.111877
vt 0.311924 0.079703
vt 0.310822 0.091814
vt 0.309048 0.081171
vt 0.313150 0.094046
vt 0.310086 0.084621
vt 0.312461 0.094245
vt 0.309815 0.083469
vt 0.311964 0.079288
vt 0.308633 0.081122
vt 0.304820 0.078448
vt 0.308709 0.079329
vt 0.305774 0.094169
vt 0.306046 0.092745
vt 0.304548 0.079703
vt 0.309779 0.085563
vt 0.301117 0.083473
vt 0.301599 0.090077
vt 0.303613 0.078319
vt 0.303892 0.092963
vt 0.305414 0.078319
vt 0.301721 0.093746
vt 0.301442 0.079102
vt 0.307497 0.084943
vt 0.309950 0.084944
vt 0.310188 0.093628
vt 0.306255 0.081884
vt 0.305694 0.083311
vt 0.303892 0.084814
vt 0.304783 0.087855
vt 0.311467 0.086650
vt 0.301442 0.086463
vt 0.313856 0.092514
vt 0.308913 0.088405
vt 0.303333 0.086467
vt 0.309192 0.082679
vt 0.305135 0.091406
vt 0.313296 0.092518
vt 0.306464 0.089857
vt 0.311902 0.081158
vt 0.308969 0.080406
vt 0.313296 0.080984
vt 0.312378 0.088772
vt 0.312575 0.091909
vt 0.303787 0.090021
vt 0.309893 0.085881
vt 0.305135 0.079875
vt 0.308256 0.085881
vt 0.309192 0.094209
vt 0.311182 0.085967
vt 0.301973 0.093405
vt 0.303333 0.079876
vt 0.312154 0.084987
vt 0.305759 0.091779
vt 0.312789 0.091124
vt 0.310566 0.085319
vt 0.312690 0.090102
vt 0.306775 0.089294
vt 0.305248 0.089294
vt 0.312058 0.080571
vt 0.301880 0.093180
vt 0.311410 0.088954
vt 0.309125 0.086471
vt 0.308427 0.085892
vt 0.308113 0.085319
vt 0.312393 0.088944
vt 0.309391 0.079429
vt 0.308000 0.082714
vt 0.310019 0.078788
vt 0.308918 0.095586
vt 0.305759 0.081454
vt 0.301144 0.079170
vt 0.312277 0.079302
vt 0.309687 0.090383
vt 0.309994 0.079395
vt 0.303861 0.086302
vt 0.310063 0.089765
vt 0.312770 0.081132
vt 0.312720 0.082668
vt 0.311121 0.085131
vt 0.302001 0.085598
vt 0.301973 0.088467
vt 0.312890 0.081638
vt 0.304023 0.086813
vt 0.312026 0.086650
vt 0.311849 0.081319
vt 0.302001 0.087251
vt 0.305580 0.082244
vt 0.308589 0.081325
vt 0.311730 0.082356
vt 0.300588 0.089191
vt 0.307016 0.079381
vt 0.310687 0.086525
vt 0.311479 0.078307
vt 0.305294 0.087050
vt 0.309269 0.089942
vt 0.311412 0.088912
vt 0.311187 0.083999
vt 0.307347 0.079672
vt 0.308110 0.081966
vt 0.310903 0.081433
vt 0.311724 0.080898
vt 0.301880 0.082854
vt 0.310188 0.092106
vt 0.310085 0.083509
vt 0.305252 0.090049
vt 0.311911 0.082204
vt 0.309840 0.078119
vt 0.312517 0.089458
vt 0.306990 0.085284
vt 0.309179 0.085284
vt 0.310129 0.089461
vt 0.309913 0.085572
vt 0.311036 0.091756
vt 0.308557 0.088466
vt 0.311410 0.086243
vt 0.312275 0.085080
vt 0.309778 0.093712
vt 0.310931 0.086154
vt 0.308412 0.092193
vt 0.307574 0.083722
vt 0.309416 0.081665
vt 0.312658 0.085652
vt 0.309291 0.080357
vt 0.308264 0.086005
vt 0.304971 0.089712
vt 0.312219 0.092818
vt 0.307024 0.093089
vt 0.314138 0.092647
vt 0.312502 0.090607
vt 0.310624 0.092998
vt 0.313998 0.093998
vt 0.313623 0.081526
vt 0.313914 0.081003
vt 0.313914 0.082151
vt 0.309815 0.084087
vt 0.308860 0.079976
vt 0.303232 0.090592
vt 0.313576 0.079427
vt 0.310215 0.089605
vt 0.313189 0.093931
vt 0.312295 0.093466
vt 0.314737 0.085377
vt 0.308708 0.089381
vt 0.306046 0.093092
vt 0.312181 0.079601
vt 0.309903 0.082322
vt 0.313577 0.089415
vt 0.308163 0.079394
vt 0.305694 0.092963
vt 0.312016 0.078822
vt 0.304426 0.085420
vt 0.313149 0.094258
vt 0.311747 0.093145
vt 0.309641 0.090998
vt 0.310019 0.085283
vt 0.308913 0.095766
vt 0.313856 0.094071
vt 0.311467 0.078502
vt 0.312169 0.089690
vt 0.312560 0.078213
vt 0.313448 0.080406
vt 0.310776 0.092410
vt 0.309634 0.089690
vt 0.304441 0.094066
vt 0.305776 0.094066
vt 0.309562 0.090997
vt 0.312527 0.083640
vt 0.308771 0.087762
vt 0.304783 0.083733
vt 0.309757 0.086561
vt 0.311121 0.089253
vt 0.302762 0.083407
vt 0.305782 0.083338
vt 0.304563 0.088015
vt 0.301729 0.082067
vt 0.309726 0.081132
vt 0.310129 0.087521
vt 0.305474 0.091011
vt 0.308796 0.080559
vt 0.308108 0.090195
vt 0.311902 0.092688
vt 0.305347 0.084208
vt 0.302270 0.082001
vt 0.305342 0.087854
vt 0.308151 0.089345
vt 0.310101 0.083627
vt 0.309192 0.089270
vt 0.309927 0.087730
vt 0.309103 0.089345
vt 0.311574 0.083640
vt 0.308771 0.090433
vt 0.307164 0.083209
vt 0.313189 0.093095
vt 0.310532 0.093574
vt 0.308633 0.095554
vt 0.312016 0.079430
vt 0.301442 0.093138
vt 0.304548 0.080589
vt 0.308709 0.080095
vt 0.309990 0.086525
vt 0.311599 0.091814
vt 0.305493 0.091625
vt 0.305252 0.092944
vt 0.312575 0.080379
s 0
usemtl Material
f 740/1/1 184/2/1 741/3/1
f 741/3/2 211/4/2 753/5/2
f 187/6/3 186/7/3 185/8/3
f 187/6/4 250/9/4 247/10/4
f 189/11/5 188/12/5 187/6/5
f 189/11/6 247/10/6 244/13/6
f 592/14/7 189/11/7 593/15/7
f 593/15/8 244/13/8 617/16/8
f 194/17/9 191/18/9 193/19/9
f 193/19/10 241/20/10 238/21/10
f 196/22/11 193/19/11 195/23/11
f 195/23/12 238/21/12 235/24/12
f 28/25/13 8/26/13 24/26/13
f 673/27/14 195/23/14 674/28/14
f 674/28/15 235/24/15 695/29/15
f 199/30/16 198/31/16 197/32/16
f 229/33/17 197/32/17 232/34/17
f 518/35/18 200/36/18 199/30/18
f 539/37/19 199/30/19 229/33/19
f 203/38/20 202/39/20 201/40/20
f 223/41/21 201/40/21 226/42/21
f 594/43/22 203/38/22 595/44/22
f 20/45/23 2/46/23 15/46/23
f 595/44/24 223/41/24 615/47/24
f 207/48/25 206/49/25 205/50/25
f 24/26/26 505/51/26 510/51/26
f 217/52/27 205/50/27 220/53/27
f 32/54/28 583/55/28 587/56/28
f 36/57/29 12/54/29 32/54/29
f 40/58/30 507/59/30 512/60/30
f 44/61/31 5/58/31 40/58/31
f 48/62/32 662/63/32 667/64/32
f 519/65/33 207/48/33 520/66/33
f 52/67/34 3/62/34 48/62/34
f 56/68/35 9/67/35 52/67/35
f 60/69/36 585/70/36 591/71/36
f 64/72/37 14/69/37 60/69/37
f 68/73/38 10/72/38 64/72/38
f 520/66/39 217/52/39 537/74/39
f 711/75/40 131/76/40 684/77/40
f 734/78/41 3/62/41 579/79/41
f 357/80/42 151/81/42 147/80/42
f 551/82/43 107/83/43 532/84/43
f 309/85/44 127/86/44 123/85/44
f 349/87/45 147/80/45 143/87/45
f 527/88/46 309/85/46 123/85/46
f 578/89/41 6/45/41 580/90/41
f 579/91/41 9/92/41 582/93/41
f 660/94/41 8/26/41 581/95/41
f 581/95/41 11/25/41 583/55/41
f 582/96/41 13/68/41 585/70/41
f 183/97/47 209/98/47 184/99/47
f 184/99/48 212/100/48 211/101/48
f 635/102/49 143/87/49 604/102/49
f 105/103/50 301/104/50 402/103/50
f 94/105/51 622/106/51 598/106/51
f 115/107/52 305/108/52 119/108/52
f 106/109/53 298/110/53 156/110/53
f 102/111/54 280/112/54 103/112/54
f 51/113/55 273/114/55 55/114/55
f 141/115/56 338/116/56 330/115/56
f 135/117/57 341/118/57 139/118/57
f 96/119/51 246/105/51 94/105/51
f 142/120/58 337/121/58 138/121/58
f 632/122/59 115/107/59 607/122/59
f 131/76/60 333/117/60 135/117/60
f 798/123/61 102/124/61 782/123/61
f 16/125/62 20/45/62 15/46/62
f 285/83/63 111/126/63 107/83/63
f 509/127/64 24/26/64 510/51/64
f 406/128/65 213/129/65 404/130/65
f 27/131/66 24/26/66 23/132/66
f 404/130/67 215/133/67 403/134/67
f 586/135/68 32/54/68 587/56/68
f 403/134/69 577/136/69 643/137/69
f 35/138/70 32/54/70 31/139/70
f 398/140/71 227/141/71 397/142/71
f 39/143/72 512/60/72 511/144/72
f 397/142/73 233/145/73 396/146/73
f 43/147/74 40/58/74 39/143/74
f 721/148/75 233/145/75 661/149/75
f 666/150/76 48/62/76 667/64/76
f 395/151/77 245/152/77 390/153/77
f 47/154/78 52/67/78 48/62/78
f 566/155/79 245/152/79 506/156/79
f 51/113/80 56/68/80 52/67/80
f 388/157/81 251/158/81 256/159/81
f 590/160/82 60/69/82 591/71/82
f 638/161/83 256/159/83 584/162/83
f 59/163/84 64/72/84 60/69/84
f 382/164/85 260/165/85 264/166/85
f 67/167/86 64/72/86 63/168/86
f 561/169/87 264/166/87 508/170/87
f 739/171/88 15/46/88 776/172/88
f 405/173/89 735/174/89 765/175/89
f 15/46/90 736/176/90 776/172/90
f 96/119/51 252/177/51 249/119/51
f 421/178/91 103/112/91 422/179/91
f 381/180/92 278/181/92 405/182/92
f 284/183/93 272/178/93 379/184/93
f 364/185/94 268/186/94 214/187/94
f 448/129/95 153/188/95 437/189/95
f 434/187/96 151/81/96 423/186/96
f 16/125/23 254/190/23 19/190/23
f 364/185/97 218/191/97 356/192/97
f 447/133/98 149/193/98 448/129/98
f 433/191/99 147/80/99 434/187/99
f 105/103/100 550/194/100 530/195/100
f 356/192/101 588/196/101 637/197/101
f 603/198/102 447/133/102 642/199/102
f 640/196/103 143/87/103 433/191/103
f 348/200/104 230/201/104 340/202/104
f 340/202/105 236/203/105 332/204/105
f 137/205/106 446/206/106 445/141/106
f 431/201/107 139/118/107 432/207/107
f 713/208/108 236/203/108 665/209/108
f 324/210/109 248/211/109 316/212/109
f 133/213/110 445/141/110 444/145/110
f 430/203/111 135/117/111 431/201/111
f 110/214/58 549/215/58 529/216/58
f 560/217/112 248/211/112 513/218/112
f 683/219/113 444/145/113 720/220/113
f 718/209/114 131/76/114 430/203/114
f 71/221/51 755/222/51 742/223/51
f 304/224/115 255/225/115 258/226/115
f 125/227/116 443/228/116 442/152/116
f 428/211/117 127/86/117 429/229/117
f 47/154/118 271/230/118 51/230/118
f 634/231/119 258/226/119 589/232/119
f 526/233/120 442/152/120 565/234/120
f 527/88/121 428/211/121 563/235/121
f 141/115/56 625/236/56 603/237/56
f 288/238/122 262/239/122 266/240/122
f 117/241/123 441/158/123 440/159/123
f 426/226/124 119/108/124 427/225/124
f 553/242/125 266/240/125 514/243/125
f 762/244/126 272/245/126 738/246/126
f 606/247/127 440/159/127 641/162/127
f 639/248/128 115/107/128 426/226/128
f 146/249/58 624/250/58 602/251/58
f 65/252/129 182/103/129 18/253/129
f 438/166/130 113/254/130 439/165/130
f 424/240/131 111/126/131 425/239/131
f 17/255/132 161/110/132 66/256/132
f 515/257/133 177/258/133 22/259/133
f 530/260/134 438/166/134 564/261/134
f 562/262/135 107/83/135 424/240/135
f 516/263/136 181/109/136 17/255/136
f 764/264/137 100/265/137 435/266/137
f 763/267/138 102/124/138 421/245/138
f 177/268/139 26/269/139 22/259/139
f 171/270/140 21/271/140 25/272/140
f 113/273/56 394/268/56 386/273/56
f 608/274/141 30/275/141 596/276/141
f 114/270/58 393/214/58 110/214/58
f 43/147/142 790/277/142 775/278/142
f 145/279/143 314/280/143 149/280/143
f 609/281/144 25/272/144 597/282/144
f 150/283/145 321/249/145 146/249/145
f 30/275/146 159/284/146 34/285/146
f 33/286/147 166/287/147 29/288/147
f 533/289/148 38/290/148 521/291/148
f 113/273/149 627/292/149 606/274/149
f 522/293/150 158/294/150 33/286/150
f 118/287/151 626/295/151 605/296/151
f 39/143/152 267/147/152 43/147/152
f 153/297/50 314/280/50 302/297/50
f 148/298/153 42/299/153 38/290/153
f 154/300/53 313/283/53 150/283/53
f 41/301/154 144/302/154 37/303/154
f 677/304/155 108/305/155 46/306/155
f 785/307/156 41/301/156 780/308/156
f 117/309/157 370/284/157 121/284/157
f 118/287/158 369/294/158 377/287/158
f 46/306/159 112/116/159 50/310/159
f 35/138/160 542/311/160 511/144/160
f 49/312/161 104/313/161 45/314/161
f 153/297/50 704/315/50 680/316/50
f 50/310/162 179/115/162 54/317/162
f 100/318/163 436/319/163 435/181/163
f 178/120/164 49/312/164 53/320/164
f 600/321/165 174/279/165 58/322/165
f 156/323/53 756/324/53 744/325/53
f 67/167/90 700/326/90 669/327/90
f 121/328/56 548/329/56 526/330/56
f 525/331/58 361/302/58 547/332/58
f 601/333/166 178/120/166 53/320/166
f 58/322/167 169/280/167 62/334/167
f 31/139/168 263/138/168 35/138/168
f 71/335/51 216/336/51 281/335/51
f 61/337/169 173/249/169 57/338/169
f 62/334/170 163/297/170 70/339/170
f 162/300/171 61/337/171 69/340/171
f 784/341/172 164/342/172 65/343/172
f 76/344/51 546/345/51 524/345/51
f 686/346/173 162/300/173 69/340/173
f 63/168/38 279/167/38 67/167/38
f 125/298/56 354/347/56 129/347/56
f 78/348/51 219/344/51 76/344/51
f 126/302/58 353/349/58 361/302/58
f 65/252/174 17/350/174 66/351/174
f 516/352/175 22/259/175 21/353/175
f 27/131/28 619/354/28 586/135/28
f 80/355/51 623/356/51 599/356/51
f 22/259/176 25/357/176 21/353/176
f 596/276/177 29/358/177 597/359/177
f 29/358/178 34/285/178 33/360/178
f 522/361/179 38/290/179 37/362/179
f 80/355/51 228/363/51 225/355/51
f 38/290/180 41/364/180 37/362/180
f 59/163/37 277/365/37 63/365/37
f 745/366/181 354/347/181 757/367/181
f 523/368/51 231/369/51 545/368/51
f 134/313/182 705/370/182 682/371/182
f 677/304/183 45/372/183 678/373/183
f 45/372/184 50/310/184 49/374/184
f 23/132/13 259/131/13 27/131/13
f 84/369/51 234/375/51 231/369/51
f 49/374/185 54/317/185 53/376/185
f 601/377/186 58/322/186 57/378/186
f 57/378/187 62/334/187 61/379/187
f 62/334/188 69/380/188 61/379/188
f 88/381/51 702/382/51 676/383/51
f 747/384/189 65/343/189 66/385/189
f 55/114/36 620/386/36 590/160/36
f 137/116/190 346/305/190 338/116/190
f 90/387/51 237/381/51 88/381/51
f 138/121/191 345/313/191 134/313/191
f 461/388/192 282/389/192 155/390/192
f 410/391/193 535/392/193 568/393/193
f 19/190/26 541/394/26 509/127/26
f 412/395/194 286/396/194 410/391/194
f 92/397/51 240/387/51 90/387/51
f 414/398/195 612/399/195 645/400/195
f 416/401/196 294/402/196 414/398/196
f 418/403/197 536/404/197 570/405/197
f 420/406/198 310/407/198 418/403/198
f 724/408/199 326/409/199 691/410/199
f 450/411/200 334/412/200 326/409/200
f 452/413/201 342/414/201 334/412/201
f 647/415/202 350/416/202 613/417/202
f 458/418/203 350/416/203 456/419/203
f 458/418/204 371/420/204 358/421/204
f 461/422/205 750/423/205 767/424/205
f 152/167/206 73/425/206 136/168/206
f 543/426/207 157/138/207 538/311/207
f 73/425/208 120/163/208 136/365/208
f 87/427/209 140/139/209 157/138/209
f 618/428/210 116/114/210 614/429/210
f 621/430/211 124/131/211 616/354/211
f 254/190/212 537/431/212 541/394/212
f 116/114/213 79/432/213 180/113/213
f 124/131/214 93/433/214 99/132/214
f 267/147/215 789/434/215 790/277/215
f 97/190/216 374/435/216 160/125/216
f 279/167/217 697/436/217 700/326/217
f 180/230/218 81/437/218 175/154/218
f 265/143/219 232/438/219 267/147/219
f 83/438/220 165/143/220 170/147/220
f 696/436/221 152/167/221 693/439/221
f 271/230/222 235/437/222 238/432/222
f 254/190/223 211/435/223 212/440/223
f 791/441/224 170/147/224 788/277/224
f 257/132/225 220/442/225 259/131/225
f 273/114/226 238/432/226 241/443/226
f 544/431/227 97/190/227 540/444/227
f 334/387/228 398/397/228 397/387/228
f 259/131/229 615/445/229 619/354/229
f 273/114/230 617/428/230 620/386/230
f 574/446/231 97/190/231 488/190/231
f 104/313/232 340/121/232 332/313/232
f 261/139/233 226/427/233 263/138/233
f 275/163/234 247/425/234 277/365/234
f 326/381/235 397/387/235 396/381/235
f 339/116/236 108/305/236 331/305/236
f 263/138/237 539/426/237 542/311/237
f 277/168/238 250/447/238 279/167/238
f 649/429/239 116/114/239 470/114/239
f 740/448/240 281/449/240 183/422/240
f 188/418/241 252/420/241 186/450/241
f 246/416/242 188/418/242 190/419/242
f 592/451/243 246/416/243 190/419/243
f 194/413/244 243/414/244 192/452/244
f 196/411/245 240/412/245 194/413/245
f 673/27/246 237/409/246 196/411/246
f 231/407/247 198/406/247 200/403/247
f 545/453/248 200/403/248 517/405/248
f 225/402/249 202/401/249 204/398/249
f 594/454/250 225/402/250 204/398/250
f 219/396/251 206/395/251 208/391/251
f 519/393/252 219/396/252 208/391/252
f 183/388/253 216/389/253 210/455/253
f 299/385/254 795/341/254 758/456/254
f 691/382/255 396/381/255 721/148/255
f 312/379/256 295/339/256 311/334/256
f 390/369/257 318/375/257 395/375/257
f 320/378/258 311/334/258 319/322/258
f 484/131/259 99/132/259 486/132/259
f 628/457/28 319/322/28 629/458/28
f 688/459/260 332/313/260 713/460/260
f 336/374/261 327/317/261 335/310/261
f 566/461/262 310/369/262 390/369/262
f 344/372/263 335/310/263 343/306/263
f 761/462/264 132/347/264 323/347/264
f 344/372/265 710/304/265 709/373/265
f 466/365/266 120/163/266 468/163/266
f 360/362/267 351/299/267 359/290/267
f 388/355/268 306/363/268 389/363/268
f 554/361/269 359/290/269 555/463/269
f 612/464/270 388/355/270 638/465/270
f 376/358/271 367/285/271 375/275/271
f 651/466/272 124/131/272 484/131/272
f 376/358/273 631/467/273 630/468/273
f 316/302/274 128/349/274 324/349/274
f 384/357/275 391/259/275 392/353/275
f 286/344/276 387/348/276 382/344/276
f 392/353/277 557/469/277 556/470/277
f 132/347/278 315/298/278 323/347/278
f 400/350/279 300/252/279 299/351/279
f 464/167/280 136/168/280 466/168/280
f 707/346/281 297/300/281 703/471/281
f 795/341/282 301/342/282 793/472/282
f 535/473/283 382/344/283 561/474/283
f 155/335/284 381/336/284 405/335/284
f 312/337/285 297/300/285 296/340/285
f 295/339/286 314/280/286 311/334/286
f 480/138/287 140/139/287 482/139/287
f 560/475/288 144/302/288 316/302/288
f 312/337/289 321/249/289 313/283/289
f 319/322/290 314/280/290 322/279/290
f 533/289/291 307/328/291 559/330/291
f 728/439/292 152/167/292 464/167/292
f 628/333/293 329/120/293 624/250/293
f 629/458/294 322/279/294 625/236/294
f 749/476/295 379/323/295 762/324/295
f 276/319/296 373/318/296 278/181/296
f 336/312/297 329/120/297 328/320/297
f 335/310/298 330/115/298 338/116/298
f 689/316/299 372/297/299 715/477/299
f 572/478/300 157/138/300 480/138/300
f 336/312/301 345/313/301 337/121/301
f 343/306/302 338/116/302 346/305/302
f 304/287/303 158/294/303 308/294/303
f 159/284/304 303/309/304 307/284/304
f 352/301/305 794/479/305 796/480/305
f 710/304/306 346/305/306 706/481/306
f 364/283/307 162/300/307 380/300/307
f 372/297/308 169/280/308 363/280/308
f 352/301/309 361/302/309 353/349/309
f 351/299/310 362/298/310 359/290/310
f 170/147/311 478/143/311 476/147/311
f 609/281/312 304/287/312 634/281/312
f 554/482/313 369/294/313 547/332/313
f 359/290/314 548/329/314 555/463/314
f 608/274/315 291/273/315 633/483/315
f 173/249/316 364/283/316 356/249/316
f 368/286/317 377/287/317 369/294/317
f 375/275/318 370/284/318 378/309/318
f 169/280/319 355/279/319 363/280/319
f 806/484/320 170/147/320 476/147/320
f 384/272/321 626/295/321 630/485/321
f 375/275/322 627/292/322 631/467/322
f 176/214/323 292/270/323 288/214/323
f 172/273/324 287/268/324 291/273/324
f 384/272/325 393/214/325 385/270/325
f 391/259/326 386/273/326 394/268/326
f 272/245/327 798/123/327 738/246/327
f 278/266/328 799/486/328 735/174/328
f 556/263/329 401/109/329 549/215/329
f 391/259/330 550/194/330 557/469/330
f 266/240/331 551/82/331 514/243/331
f 264/166/332 552/260/332 508/170/332
f 400/255/333 298/110/333 401/109/333
f 300/252/334 402/103/334 301/104/334
f 262/239/335 285/83/335 266/240/335
f 260/165/336 287/487/336 264/166/336
f 611/488/337 356/249/337 637/251/337
f 258/226/338 632/122/338 589/232/338
f 584/162/339 303/241/339 633/247/339
f 258/226/340 305/108/340 293/107/340
f 251/158/341 303/241/341 256/159/341
f 610/489/342 347/115/342 636/237/342
f 248/211/343 558/490/343 513/218/343
f 506/156/344 315/227/344 559/233/344
f 180/230/345 474/154/345 472/230/345
f 248/211/346 317/86/346 309/85/346
f 239/228/347 315/227/347 245/152/347
f 750/491/348 405/221/348 765/223/348
f 236/203/349 711/75/349 665/209/349
f 233/145/350 712/492/350 661/149/350
f 531/493/351 288/214/351 553/494/351
f 236/203/352 333/117/352 325/76/352
f 227/141/353 331/213/353 233/145/353
f 230/201/354 341/118/354 333/117/354
f 221/206/355 339/205/355 227/141/355
f 218/191/356 635/102/356 588/196/356
f 215/133/357 636/198/357 577/136/357
f 528/495/358 283/103/358 552/495/358
f 214/187/359 349/87/359 218/191/359
f 215/133/360 363/193/360 355/496/360
f 97/190/361 489/125/361 488/190/361
f 214/187/362 365/81/362 357/80/362
f 213/129/363 372/188/363 363/193/363
f 272/178/364 280/112/364 366/111/364
f 404/119/365 371/177/365 406/177/365
f 805/172/366 503/46/366 490/46/366
f 768/497/367 490/46/367 489/125/367
f 465/72/368 464/167/368 466/168/368
f 468/163/369 465/72/369 466/365/369
f 649/429/370 467/69/370 468/163/370
f 472/113/371 469/68/371 470/114/371
f 474/154/372 471/67/372 472/230/372
f 730/498/373 473/62/373 474/154/373
f 477/58/374 476/147/374 478/143/374
f 571/60/375 478/143/375 572/478/375
f 481/54/376 480/138/376 482/139/376
f 651/466/377 481/54/377 482/139/377
f 485/26/378 484/131/378 486/132/378
f 744/244/379 421/245/379 156/499/379
f 529/242/380 424/240/380 110/238/380
f 110/238/381 425/239/381 114/500/381
f 605/501/382 426/226/382 118/224/382
f 118/224/383 427/225/383 122/502/383
f 525/503/384 428/211/384 126/504/384
f 428/211/385 130/210/385 126/212/385
f 682/505/386 430/203/386 134/204/386
f 430/203/387 138/202/387 134/204/387
f 431/201/388 142/200/388 138/202/388
f 640/196/389 146/192/389 602/506/389
f 433/191/390 150/185/390 146/192/390
f 150/185/391 423/186/391 154/507/391
f 421/178/392 106/183/392 156/184/392
f 435/181/393 74/180/393 71/182/393
f 764/264/394 71/173/394 742/508/394
f 564/261/395 76/164/395 524/169/395
f 76/164/396 439/165/396 78/509/396
f 599/161/397 440/159/397 80/157/397
f 80/157/398 441/158/398 82/510/398
f 523/155/399 442/152/399 84/153/399
f 442/152/400 86/151/400 84/153/400
f 676/383/401 444/145/401 88/146/401
f 444/145/402 90/142/402 88/146/402
f 445/141/403 92/140/403 90/142/403
f 642/199/404 94/134/404 598/137/404
f 447/133/405 96/130/405 94/134/405
f 448/129/406 98/128/406 96/130/406
f 574/446/407 485/26/407 486/132/407
f 489/125/408 487/45/408 488/190/408
f 101/121/409 348/120/409 340/121/409
f 403/105/410 358/119/410 404/119/410
f 347/115/411 112/116/411 339/116/411
f 116/114/412 472/113/412 470/114/412
f 161/110/413 284/109/413 379/110/413
f 613/511/414 403/105/414 643/512/414
f 283/103/415 164/104/415 373/104/415
f 95/100/416 459/99/416 374/101/416
f 407/98/417 461/97/417 459/99/417
f 654/513/418 492/68/418 496/67/418
f 655/514/419 494/25/419 497/26/419
f 659/515/420 497/26/420 576/516/420
f 657/91/421 496/92/421 502/517/421
f 658/89/422 499/45/422 503/46/422
f 733/78/423 502/62/423 732/518/423
f 93/52/424 567/519/424 544/520/424
f 495/72/425 463/73/425 465/72/425
f 467/69/426 495/72/426 465/72/426
f 648/70/427 491/69/427 467/69/427
f 471/67/428 492/68/428 469/68/428
f 473/62/429 496/67/429 471/67/429
f 409/48/430 568/65/430 567/519/430
f 729/521/431 502/62/431 473/62/431
f 477/58/432 504/61/432 475/61/432
f 571/60/433 500/58/433 477/58/433
f 493/54/434 479/57/434 481/54/434
f 650/522/435 493/54/435 481/54/435
f 93/52/436 411/50/436 409/48/436
f 573/51/437 497/26/437 485/26/437
f 409/48/438 412/49/438 410/523/438
f 89/41/439 644/44/439 621/524/439
f 503/46/440 487/45/440 490/46/440
f 413/38/441 645/525/441 644/44/441
f 89/41/442 415/40/442 413/38/442
f 413/38/443 416/39/443 414/526/443
f 543/527/444 417/30/444 569/35/444
f 569/35/445 418/36/445 570/528/445
f 85/33/446 419/32/446 417/30/446
f 417/30/447 420/31/447 418/36/447
f 81/24/448 723/28/448 699/529/448
f 449/23/449 724/408/449 723/28/449
f 485/26/450 494/25/450 483/25/450
f 79/21/451 449/23/451 81/24/451
f 451/19/452 450/22/452 449/23/452
f 77/20/453 451/19/453 79/21/453
f 453/18/454 452/17/454 451/19/454
f 75/13/455 646/530/455 618/16/455
f 455/11/456 647/531/456 646/530/456
f 73/10/457 455/11/457 75/13/457
f 455/11/458 458/12/458 456/532/458
f 72/9/459 457/6/459 73/10/459
f 457/6/460 462/7/460 458/12/460
f 374/4/461 766/533/461 752/534/461
f 459/2/462 767/535/462 766/533/462
f 415/40/463 570/528/463 416/39/463
f 87/42/464 569/35/464 415/40/464
f 499/45/437 573/51/437 487/45/437
f 498/57/465 571/60/465 479/57/465
f 407/98/466 568/65/466 408/536/466
f 95/100/424 567/519/424 407/98/424
f 656/537/467 576/516/467 499/45/467
f 487/45/468 574/446/468 488/190/468
f 82/510/469 565/234/469 523/155/469
f 74/180/395 564/261/395 524/169/395
f 122/538/470 563/235/470 525/503/470
f 422/179/471 529/242/471 106/183/471
f 479/57/472 572/478/472 480/138/472
f 287/258/473 528/495/473 552/495/473
f 284/109/474 531/493/474 553/494/474
f 251/158/475 559/233/475 307/539/475
f 255/225/476 558/490/476 305/108/476
f 508/170/477 283/540/477 276/319/477
f 270/179/478 551/82/478 280/112/478
f 557/469/479 402/103/479 399/253/479
f 392/271/480 549/215/480 393/214/480
f 555/463/481 370/328/481 367/285/481
f 360/303/482 547/332/482 361/302/482
f 165/143/483 572/478/483 478/143/483
f 148/298/484 559/330/484 315/298/484
f 308/294/485 534/541/485 560/475/485
f 381/336/283 535/473/283 561/474/283
f 556/470/486 399/253/486 400/350/486
f 368/360/487 555/463/487 367/285/487
f 389/363/488 536/461/488 566/461/488
f 216/389/252 519/393/252 210/455/252
f 228/542/489 517/405/489 202/401/489
f 542/311/490 229/543/490 265/143/490
f 99/132/231 574/446/231 486/132/231
f 99/132/227 544/431/227 540/444/227
f 257/132/212 537/431/212 217/433/212
f 85/543/491 538/311/491 165/143/491
f 570/405/492 306/542/492 416/401/492
f 509/127/26 257/132/26 23/132/26
f 408/455/493 535/392/493 282/389/493
f 82/363/51 545/368/51 228/363/51
f 33/360/494 521/291/494 522/361/494
f 17/350/495 515/257/495 516/352/495
f 74/336/51 546/345/51 216/336/51
f 122/294/58 547/332/58 369/294/58
f 526/330/56 362/298/56 125/298/56
f 511/144/160 265/143/160 39/143/160
f 37/303/496 534/541/496 522/293/496
f 159/328/497 521/291/497 34/285/497
f 176/214/498 516/263/498 21/271/498
f 422/179/499 532/84/499 562/262/499
f 105/540/500 564/261/500 436/319/500
f 18/253/501 528/495/501 515/257/501
f 553/242/502 270/179/502 284/183/502
f 427/225/121 527/88/121 563/235/121
f 441/158/120 526/233/120 565/234/120
f 308/538/503 513/218/503 255/225/503
f 106/109/504 549/215/504 401/109/504
f 109/258/505 550/194/505 394/258/505
f 381/180/506 508/170/506 276/319/506
f 389/510/507 506/156/507 251/158/507
f 511/144/508 36/57/508 35/138/508
f 509/127/64 20/45/64 19/190/64
f 580/90/41 505/51/41 660/94/41
f 119/108/509 558/490/509 527/88/509
f 103/112/510 551/82/510 532/84/510
f 212/100/39 520/66/39 537/74/39
f 209/98/33 519/65/33 520/66/33
f 512/60/30 7/57/30 36/57/30
f 510/51/26 6/45/26 20/45/26
f 226/42/511 518/35/511 539/37/511
f 201/40/512 517/528/512 518/35/512
f 580/90/41 507/59/41 5/58/41
f 575/60/513 656/537/513 500/58/513
f 453/18/456 647/531/456 454/544/456
f 77/20/514 646/530/514 453/18/514
f 411/50/515 645/525/515 412/49/515
f 91/53/516 644/44/516 411/50/516
f 494/25/517 650/522/517 483/25/517
f 492/68/518 648/70/518 469/68/518
f 501/73/519 733/78/519 731/545/519
f 500/58/520 658/89/520 504/61/520
f 495/546/521 657/91/521 501/547/521
f 498/57/522 659/515/522 575/60/522
f 493/54/523 655/514/523 498/57/523
f 491/69/524 654/513/524 495/72/524
f 398/397/414 613/511/414 643/512/414
f 446/206/525 598/137/525 92/140/525
f 78/509/526 641/162/526 599/161/526
f 432/207/527 602/506/527 142/200/527
f 114/500/528 639/248/528 605/501/528
f 483/25/529 651/466/529 484/131/529
f 469/68/530 649/429/530 470/114/530
f 221/206/531 636/198/531 347/548/531
f 224/207/532 635/102/532 341/118/532
f 355/279/342 610/489/342 636/237/342
f 260/165/533 633/247/533 291/254/533
f 262/239/534 632/122/534 289/126/534
f 348/120/337 611/488/337 637/251/337
f 631/467/535 386/273/535 383/269/535
f 630/485/536 377/287/536 376/288/536
f 303/309/315 608/274/315 633/483/315
f 292/270/537 609/281/537 634/281/537
f 629/458/294 330/115/294 327/317/294
f 628/333/538 321/249/538 320/338/538
f 630/468/273 383/269/273 384/357/273
f 140/139/539 651/466/539 482/139/539
f 387/348/270 612/464/270 638/465/270
f 328/376/28 629/458/28 327/317/28
f 222/549/250 594/454/250 206/395/250
f 243/414/243 592/451/243 192/452/243
f 120/163/540 649/429/540 468/163/540
f 275/163/230 617/428/230 244/550/230
f 261/139/229 615/445/229 223/551/229
f 140/139/211 621/430/211 616/354/211
f 120/163/210 618/428/210 614/429/210
f 454/452/541 613/417/541 342/414/541
f 645/400/542 290/549/542 412/395/542
f 590/160/36 275/163/36 59/163/36
f 54/317/543 601/377/543 53/376/543
f 26/269/544 597/359/544 25/357/544
f 78/348/51 623/356/51 222/348/51
f 586/135/28 261/139/28 31/139/28
f 173/249/545 601/333/545 57/338/545
f 179/115/546 600/321/546 54/317/546
f 114/270/547 626/295/547 385/270/547
f 117/309/548 627/292/548 378/309/548
f 166/287/549 597/282/549 29/288/549
f 172/273/550 596/276/550 26/269/550
f 142/120/58 624/250/58 329/120/58
f 425/239/551 607/122/551 639/248/551
f 439/165/552 606/247/552 641/162/552
f 145/279/56 625/236/56 322/279/56
f 292/500/553 589/232/553 262/239/553
f 432/207/554 604/102/554 640/196/554
f 446/206/102 603/198/102 642/199/102
f 637/197/555 224/207/555 348/200/555
f 387/509/556 584/162/556 260/165/556
f 590/160/82 56/68/82 55/114/82
f 643/137/557 221/206/557 398/140/557
f 586/135/558 28/25/558 27/131/558
f 289/126/559 607/122/559 111/126/559
f 92/397/51 622/106/51 243/397/51
f 341/118/560 604/102/560 139/118/560
f 582/96/41 14/69/41 10/72/41
f 581/95/41 12/54/41 7/57/41
f 660/94/41 7/57/41 507/59/41
f 579/91/41 10/546/41 4/547/41
f 578/89/41 5/58/41 1/61/41
f 734/78/41 4/73/41 664/552/41
f 591/71/36 13/68/36 56/68/36
f 587/56/28 11/25/28 28/25/28
f 220/53/561 595/44/561 615/47/561
f 205/50/22 594/43/22 595/44/22
f 241/20/8 593/15/8 617/16/8
f 191/18/7 592/14/7 593/15/7
f 771/553/41 664/552/41 736/176/41
f 731/545/519 808/554/519 770/172/519
f 460/8/462 726/555/462 462/7/462
f 72/9/461 725/556/461 460/8/461
f 723/28/562 804/557/562 803/558/562
f 699/529/563 803/558/563 791/559/563
f 769/560/564 732/518/564 729/521/564
f 808/554/565 732/518/565 807/560/565
f 801/561/566 676/383/566 779/562/566
f 437/189/567 675/563/567 98/128/567
f 783/564/568 718/209/568 682/505/568
f 423/186/569 679/565/569 154/507/569
f 806/484/570 729/521/570 730/498/570
f 463/73/367 728/439/367 464/167/367
f 501/73/366 727/545/366 463/73/366
f 661/149/571 761/566/571 772/567/571
f 665/209/572 760/568/572 774/569/572
f 406/177/573 692/570/573 722/570/573
f 274/189/574 715/571/574 372/188/574
f 268/186/575 714/572/575 365/81/575
f 175/154/576 730/498/576 474/154/576
f 759/573/577 706/481/577 757/367/577
f 709/574/578 345/313/578 344/314/578
f 786/575/299 715/477/299 799/472/299
f 380/300/579 690/471/579 716/576/579
f 768/497/292 693/439/292 728/439/292
f 708/577/580 302/297/580 295/339/580
f 758/578/281 703/471/281 756/324/281
f 709/373/265 759/573/265 796/579/265
f 331/305/581 687/580/581 712/481/581
f 785/307/582 713/460/582 797/581/582
f 787/582/583 721/148/583 802/583/583
f 296/380/254 708/577/254 295/339/254
f 777/584/584 702/410/584 673/27/584
f 252/420/585 671/585/585 186/450/585
f 175/154/586 699/586/586 694/587/586
f 752/588/221 693/439/221 751/589/221
f 700/326/217 753/590/217 754/589/217
f 269/154/587 695/586/587 235/437/587
f 462/450/205 692/591/205 371/420/205
f 804/557/588 691/410/588 787/592/588
f 70/339/189 686/593/189 69/380/189
f 676/383/51 792/594/51 779/562/51
f 743/595/589 678/373/589 780/596/589
f 682/371/590 794/479/590 783/581/590
f 133/305/591 706/481/591 346/305/591
f 747/597/173 690/471/173 686/346/173
f 163/297/172 685/598/172 70/339/172
f 669/327/90 754/589/90 739/171/90
f 154/300/53 703/471/53 297/300/53
f 680/316/50 793/472/50 781/599/50
f 104/313/592 678/600/592 45/314/592
f 743/595/593 687/580/593 677/304/593
f 666/150/142 269/154/142 47/154/142
f 423/186/594 681/572/594 717/601/594
f 437/189/595 680/571/595 719/602/595
f 716/565/596 268/186/596 380/507/596
f 98/177/51 701/570/51 252/177/51
f 746/603/597 718/209/597 800/604/597
f 745/605/598 720/220/598 801/561/598
f 797/606/599 665/209/599 774/569/599
f 670/607/90 4/73/90 68/73/90
f 722/608/600 274/189/600 406/128/600
f 669/327/88 68/73/88 67/167/88
f 775/278/601 667/64/601 737/609/601
f 721/148/602 772/567/602 802/583/602
f 365/81/603 681/572/603 151/81/603
f 771/553/41 662/63/41 734/78/41
f 760/568/604 684/77/604 746/603/604
f 667/64/605 773/610/605 737/609/605
f 778/611/606 695/29/606 789/612/606
f 777/584/607 674/28/607 778/611/607
f 250/9/2 672/613/2 697/614/2
f 185/8/608 671/615/608 672/613/608
f 197/32/609 777/584/609 778/611/609
f 232/34/606 778/611/606 789/612/606
f 737/609/32 1/61/32 44/61/32
f 317/86/610 746/603/610 127/86/610
f 578/89/41 773/610/41 771/553/41
f 802/583/611 239/228/611 395/151/611
f 775/278/612 44/61/612 43/147/612
f 324/210/613 774/569/613 242/229/613
f 129/616/614 801/561/614 443/228/614
f 127/86/615 800/604/615 429/229/615
f 42/299/616 748/617/616 743/595/616
f 100/342/50 793/472/50 301/342/50
f 739/171/90 253/125/90 16/125/90
f 161/323/173 747/597/173 66/618/173
f 783/581/617 353/349/617 130/349/617
f 42/299/618 780/596/618 41/364/618
f 86/375/51 792/594/51 234/375/51
f 420/406/619 787/592/619 318/619/619
f 253/125/217 753/590/217 211/435/217
f 160/125/221 752/588/221 751/589/221
f 234/619/620 777/584/620 198/406/620
f 395/375/583 787/582/583 802/583/583
f 128/349/621 797/581/621 324/349/621
f 796/579/265 351/299/265 352/364/265
f 758/578/281 298/323/281 299/618/281
f 160/125/292 768/497/292 489/125/292
f 373/342/299 786/575/299 799/472/299
f 351/299/622 757/367/622 354/347/622
f 774/569/623 317/86/623 242/229/623
f 772/567/624 323/616/624 239/228/624
f 475/61/625 806/484/625 476/147/625
f 130/210/626 800/604/626 783/564/626
f 443/228/627 779/562/627 86/151/627
f 658/89/628 807/560/628 504/61/628
f 504/61/629 769/560/629 475/61/629
f 791/559/630 419/32/630 83/34/630
f 419/32/631 804/557/631 420/31/631
f 770/172/632 658/89/632 503/46/632
f 578/89/41 736/176/41 2/46/41
f 725/556/462 767/535/462 726/555/462
f 696/620/461 766/533/461 725/556/461
f 719/602/633 742/508/633 675/563/633
f 717/601/634 744/244/634 679/565/634
f 727/545/367 768/497/367 728/439/367
f 731/545/366 805/172/366 727/545/366
f 722/570/348 750/491/348 765/223/348
f 663/621/635 799/486/635 715/571/635
f 738/246/636 714/572/636 668/622/636
f 694/587/637 806/484/637 730/498/637
f 796/480/638 705/370/638 709/574/638
f 716/576/295 749/476/295 762/324/295
f 795/341/282 704/315/282 708/577/282
f 712/481/639 748/617/639 761/462/639
f 707/623/254 795/341/254 708/577/254
f 701/624/585 740/448/585 671/585/585
f 694/587/224 791/441/224 788/277/224
f 698/150/640 789/434/640 695/586/640
f 726/625/205 750/423/205 692/591/205
f 685/598/189 747/384/189 686/593/189
f 683/626/641 757/367/641 706/481/641
f 689/316/172 784/341/172 685/598/172
f 679/576/53 756/324/53 703/471/53
f 688/459/642 780/308/642 678/600/642
f 775/278/142 698/150/142 666/150/142
f 717/601/643 782/123/643 763/267/643
f 719/602/644 781/486/644 764/264/644
f 762/244/596 668/622/596 716/565/596
f 675/570/51 755/222/51 701/570/51
f 776/172/90 664/552/90 670/607/90
f 765/175/645 663/621/645 722/608/645
f 739/171/88 670/607/88 669/327/88
f 714/572/646 782/123/646 681/572/646
f 697/614/2 741/3/2 753/5/2
f 672/613/1 740/1/1 741/3/1
f 1298/627/41 816/628/41 866/629/41
f 956/630/647 1002/631/647 1034/632/647
f 848/633/51 956/634/51 977/635/51
f 973/636/51 847/637/51 980/638/51
f 1358/639/51 879/640/51 1359/641/51
f 1290/642/51 857/643/51 960/644/51
f 957/645/51 855/646/51 964/647/51
f 856/648/51 968/649/51 961/650/51
f 965/651/51 851/652/51 972/653/51
f 852/654/51 976/655/51 969/656/51
f 1353/657/51 834/658/51 883/659/51
f 1340/660/41 833/661/41 1341/662/41
f 1541/663/51 882/664/51 839/665/51
f 839/666/647 1159/667/647 1003/668/647
f 1538/669/41 840/670/41 896/671/41
f 859/672/41 954/673/41 991/674/41
f 987/675/41 860/676/41 990/677/41
f 983/678/41 862/679/41 986/680/41
f 1526/681/51 881/682/51 1525/683/51
f 1325/684/41 893/685/41 1320/686/41
f 1531/687/51 877/688/51 1530/689/51
f 1533/690/41 892/691/41 1532/692/41
f 1296/693/51 1201/694/51 1295/695/51
f 1026/696/41 1193/697/41 1012/698/41
f 828/699/647 1244/700/647 1032/701/647
f 1016/702/648 1313/703/648 885/704/648
f 1021/705/41 1157/706/41 1001/707/41
f 945/708/51 1229/709/51 1197/710/51
f 877/711/647 1243/712/647 1031/713/647
f 825/714/51 1221/715/51 830/716/51
f 1029/717/41 1189/718/41 1011/719/41
f 819/720/649 1199/721/649 1200/722/649
f 879/723/649 1242/724/649 1030/725/649
f 821/726/51 1220/727/51 826/728/51
f 945/729/647 1198/730/647 894/731/647
f 818/732/649 1241/733/649 1029/734/649
f 1364/735/51 818/736/51 1346/737/51
f 1347/738/51 822/739/51 1319/740/51
f 1335/741/51 826/728/51 1331/742/51
f 1365/743/51 825/714/51 830/716/51
f 1554/744/647 839/666/647 1003/668/647
f 1592/745/41 886/746/41 1305/747/41
f 1543/748/41 1247/749/41 837/750/41
f 815/751/650 998/752/650 1000/753/650
f 1548/754/649 837/755/649 926/756/649
f 1535/757/51 831/758/51 828/759/51
f 1544/760/51 1235/761/51 1553/762/51
f 1302/763/651 1177/764/651 1178/765/651
f 1529/766/41 888/767/41 1536/768/41
f 1528/769/51 827/770/51 824/771/51
f 1341/772/647 922/773/647 1376/774/647
f 1370/775/41 889/776/41 1334/777/41
f 1539/778/51 823/779/51 820/780/51
f 999/781/651 1265/782/651 1261/783/651
f 1376/774/647 921/784/647 1373/785/647
f 866/786/651 1174/787/651 1023/788/651
f 1016/702/652 1269/789/652 1253/790/652
f 925/791/41 1585/792/41 1547/793/41
f 1548/754/649 925/794/649 1547/795/649
f 1549/796/653 840/797/653 1537/798/653
f 1550/799/654 904/800/654 1549/796/654
f 1018/801/651 908/802/651 1004/803/651
f 1032/804/651 931/805/651 1009/806/651
f 1027/807/651 911/808/651 1005/809/651
f 1019/810/651 947/811/651 1014/812/651
f 1031/813/651 934/814/651 1010/815/651
f 1028/816/651 914/817/651 1006/818/651
f 915/819/655 1013/820/655 1020/821/655
f 942/822/655 1011/823/655 1030/824/655
f 938/825/655 1001/826/655 1029/827/655
f 917/828/655 1012/829/655 1021/830/655
f 928/831/655 1007/832/655 1026/833/655
f 1025/834/656 920/835/656 1008/836/656
f 817/837/51 1219/838/51 822/739/51
f 938/825/655 936/839/655 939/840/655
f 1013/841/647 1196/842/647 884/843/647
f 928/831/655 940/844/655 929/845/655
f 904/846/51 1224/847/51 1223/848/51
f 1120/849/657 1481/850/657 1501/851/657
f 881/852/647 1240/853/647 1028/854/647
f 905/855/651 913/856/651 904/857/651
f 818/736/51 1190/858/51 1218/859/51
f 944/860/651 946/861/651 945/862/651
f 1001/863/647 1158/864/647 817/865/647
f 1177/764/651 926/866/651 1178/765/651
f 1012/867/647 1194/868/647 821/869/647
f 916/870/655 921/871/655 922/872/655
f 824/873/647 1239/874/647 1027/875/647
f 932/876/651 930/877/651 933/878/651
f 994/879/647 809/880/647 953/881/647
f 835/882/41 866/629/41 1023/883/41
f 1704/884/649 1000/885/649 998/886/649
f 901/887/649 950/888/649 811/889/649
f 1704/884/649 949/890/649 1717/891/649
f 1640/892/647 994/879/647 1638/893/647
f 907/894/647 954/895/647 813/896/647
f 1638/893/658 953/881/658 1597/897/658
f 1284/898/41 841/899/41 1309/900/41
f 1286/901/41 1701/902/41 1742/903/41
f 984/904/41 843/905/41 842/906/41
f 983/678/41 1702/907/41 1725/908/41
f 988/909/41 845/910/41 844/911/41
f 1726/912/41 990/677/41 1703/913/41
f 846/914/41 953/915/41 809/916/41
f 991/674/41 1694/917/41 1727/918/41
f 970/919/51 874/920/51 871/921/51
f 1613/922/51 976/655/51 1620/923/51
f 966/924/51 872/925/51 869/926/51
f 1609/927/51 972/653/51 1616/928/51
f 962/929/51 870/930/51 867/931/51
f 1605/932/51 968/649/51 1612/933/51
f 958/934/51 868/935/51 865/936/51
f 1601/937/51 964/647/51 1608/938/51
f 1288/939/51 1271/940/51 1314/941/51
f 1687/942/51 960/644/51 1604/943/51
f 974/944/51 876/945/51 873/946/51
f 1617/947/51 980/638/51 1624/948/51
f 978/949/51 814/950/51 875/951/51
f 1621/952/51 956/634/51 1600/953/51
f 814/954/647 1033/955/647 1017/956/647
f 1600/957/647 1034/632/647 1648/958/647
f 812/959/649 1035/960/649 1015/961/649
f 1693/962/649 1036/963/649 1706/964/649
f 1022/965/655 1252/966/655 921/871/655
f 1015/961/649 999/967/649 900/968/649
f 996/969/651 1264/970/651 1034/971/651
f 1017/956/647 995/972/647 906/973/647
f 1552/974/649 838/975/649 1544/760/649
f 1379/976/647 834/977/647 1352/978/647
f 1292/979/651 1173/980/651 902/981/651
f 1178/982/51 1280/983/51 1302/984/51
f 1029/827/655 937/985/655 938/825/655
f 1021/830/655 897/986/655 917/828/655
f 1026/833/655 941/987/655 928/831/655
f 1025/834/655 918/988/655 927/989/655
f 950/990/41 1254/991/41 811/992/41
f 905/855/651 1006/818/651 914/817/651
f 935/993/651 1010/815/651 934/814/651
f 944/860/651 1014/812/651 947/811/651
f 912/994/651 1005/809/651 911/808/651
f 1177/764/651 1024/995/651 925/996/651
f 948/997/651 1004/803/651 908/802/651
f 1020/821/655 921/871/655 915/819/655
f 1030/824/655 943/998/655 942/822/655
f 932/876/651 1009/806/651 931/805/651
f 1034/632/647 899/999/647 996/1000/647
f 1297/1001/651 1300/1002/651 1299/1003/651
f 1489/1004/41 1098/1005/41 1097/1006/41
f 1488/1007/41 1086/1008/41 1487/1009/41
f 1510/1010/647 1045/1011/647 1485/1012/647
f 1509/1013/647 1046/1014/647 1486/1015/647
f 1566/1016/649 850/1017/649 1051/1018/649
f 1531/1019/649 1053/1020/649 1567/1021/649
f 1540/1022/649 1049/1023/649 1565/1024/649
f 1475/1025/647 1041/1026/647 1483/1027/647
f 1568/1028/649 854/1029/649 1054/1030/649
f 1534/1031/649 1057/1032/649 1569/1033/649
f 1545/1034/649 1059/1035/649 1570/1036/649
f 1482/1037/647 868/1038/647 1040/1039/647
f 1553/762/51 1304/1040/51 1590/1041/51
f 1477/1042/647 1043/1043/647 1484/1044/647
f 1331/1045/649 1026/1046/649 1400/1047/649
f 1403/1048/649 830/1049/649 1025/1050/649
f 1273/1051/647 959/1052/647 1072/1053/647
f 1040/1039/647 963/1054/647 1070/1055/647
f 870/1056/647 1068/1057/647 1041/1026/647
f 1397/1058/649 822/1059/649 1021/1060/649
f 872/1061/647 1065/1062/647 1043/1043/647
f 1346/1063/649 1029/734/649 1391/1064/649
f 874/1065/647 1064/1066/647 1045/1011/647
f 1046/1014/647 979/1067/647 1062/1068/647
f 1359/1069/649 1030/725/649 1388/1070/649
f 1353/1071/649 1020/1072/649 1394/1073/649
f 1049/1023/659 977/1074/659 1084/1075/659
f 1560/1076/647 881/852/647 1028/854/647
f 973/1077/649 1051/1018/649 850/1017/649
f 1530/1078/647 1031/713/647 1559/1079/647
f 852/1080/649 1079/1081/649 1053/1020/649
f 1054/1030/649 965/1082/649 1077/1083/649
f 1539/1084/647 1019/1085/647 1564/1086/647
f 1561/1087/647 824/873/647 1027/875/647
f 856/1088/649 1075/1089/649 1057/1032/649
f 1535/757/647 1032/701/647 1562/1090/647
f 858/1091/649 1073/1092/649 1059/1035/649
f 1546/1093/647 1018/1094/647 1563/1095/647
f 1061/1096/647 847/1097/647 1050/1098/647
f 1650/1099/647 980/1100/647 1061/1096/647
f 976/1101/647 1052/1102/647 1063/1103/647
f 1620/923/647 1063/1103/647 1652/1104/647
f 1654/1105/647 972/1106/647 1066/1107/647
f 1066/1107/647 851/1108/647 1055/1109/647
f 1067/1110/647 853/1111/647 1056/1112/647
f 1656/1113/647 968/1114/647 1067/1110/647
f 964/1115/647 1058/1116/647 1069/1117/647
f 1608/938/647 1069/1117/647 1658/1118/647
f 1071/1119/647 857/1120/647 1060/1121/647
f 1660/1122/647 960/1123/647 1071/1119/647
f 1695/1124/649 1074/1125/649 1707/1126/649
f 958/1127/649 1038/1128/649 1074/1125/649
f 1708/1129/649 962/1130/649 1076/1131/649
f 962/1130/649 1037/1132/649 1076/1131/649
f 1709/1133/649 966/1134/649 1078/1135/649
f 1078/1135/649 869/1136/649 1042/1137/649
f 1698/1138/649 1080/1139/649 1710/1140/649
f 970/1141/649 1044/1142/649 1080/1139/649
f 1572/1143/41 1102/1144/41 1108/1145/41
f 1617/1146/649 1083/1147/649 973/1077/649
f 1047/1148/649 974/1149/649 873/1150/649
f 1700/1151/649 1085/1152/649 1711/1153/649
f 978/1154/649 1048/1155/649 1085/1152/649
f 1108/1156/647 1061/1096/647 1050/1098/647
f 1047/1148/649 1104/1157/649 1082/1158/649
f 1055/1109/647 1100/1159/647 1066/1107/647
f 1042/1137/649 1096/1160/649 1078/1135/649
f 1058/1116/647 1087/1161/647 1069/1117/647
f 1038/1128/649 1093/1162/649 1074/1125/649
f 1572/1143/41 1132/1163/41 1584/1164/41
f 1095/1165/660 1067/1166/660 1149/1167/660
f 1088/1168/647 1040/1039/647 1070/1055/647
f 1575/1169/41 1102/1144/41 1571/1170/41
f 1110/1171/41 1515/1172/41 1492/1173/41
f 1516/1174/661 1111/1175/661 1493/1176/661
f 1092/1177/649 1059/1035/649 1073/1092/649
f 1656/1178/51 1077/1179/51 1665/1180/51
f 1089/1181/41 1093/1182/41 1086/1008/41
f 1093/1182/41 1087/1183/41 1092/1184/41
f 1092/1184/41 1090/1185/41 1091/1186/41
f 1557/1187/41 948/1188/41 908/1189/41
f 1496/1190/41 1098/1005/41 1490/1191/41
f 1095/1192/649 1054/1030/649 1077/1083/649
f 1150/1193/662 1078/1194/662 1096/1195/662
f 1556/1196/41 1126/1197/41 1578/1198/41
f 1128/1199/41 1555/1200/41 1580/1201/41
f 1098/1005/41 1096/1202/41 1097/1006/41
f 1099/1203/647 1043/1043/647 1065/1062/647
f 1099/1204/41 1095/1205/41 1096/1202/41
f 1095/1205/41 1150/1206/41 1096/1202/41
f 1100/1207/41 1094/1208/41 1095/1205/41
f 1489/1004/41 1116/1209/41 1498/1210/41
f 1555/1200/41 912/1211/41 911/1212/41
f 1117/1213/41 1488/1007/41 1499/1214/41
f 1103/1215/649 1051/1018/649 1083/1147/649
f 1093/1216/663 1072/1217/663 1074/1218/663
f 1558/1219/664 1122/1220/664 1574/1221/664
f 1582/1222/41 1091/1186/41 1557/1187/41
f 1532/1223/649 1125/1224/649 844/1225/649
f 1385/1226/41 943/1227/41 1382/1228/41
f 1062/1068/647 1105/1229/647 1046/1014/647
f 1073/1230/665 1145/1231/665 1092/1232/665
f 1104/1233/41 1105/1234/41 1106/1235/41
f 1107/1236/41 1104/1233/41 1106/1235/41
f 1487/1009/41 1120/849/41 1501/851/41
f 1108/1145/41 1103/1237/41 1107/1236/41
f 1538/1238/649 1131/1239/649 846/1240/649
f 1575/1241/647 1124/1242/647 1123/1243/647
f 1579/1244/647 1128/1245/647 1580/1246/647
f 1481/1247/51 1038/1248/51 1522/1249/51
f 1582/1250/647 1129/1251/647 1130/1252/647
f 1499/1253/649 1118/1254/649 1117/1255/649
f 837/750/41 902/1256/41 1180/1257/41
f 1059/1258/51 1563/1259/51 1570/1260/51
f 1495/1261/649 1114/1262/649 1496/1263/649
f 1473/1264/647 1112/1265/647 860/1266/647
f 1492/1267/649 1109/1268/649 1110/1269/649
f 860/1266/647 1135/1270/647 990/1271/647
f 916/1272/649 1340/1273/649 1434/1274/649
f 1057/1275/51 1562/1276/51 1569/1033/51
f 1568/1277/51 1056/1278/51 1561/1279/51
f 1443/1280/647 937/1281/647 1440/1282/647
f 1446/1283/649 891/1284/649 1325/1285/649
f 1053/1286/51 1564/1287/51 1567/1288/51
f 1115/1289/647 1505/1290/647 1497/1291/647
f 1116/1292/647 1497/1291/647 1498/1210/647
f 1565/1293/51 1050/1294/51 1560/1295/51
f 929/1296/649 1370/1297/649 1461/1298/649
f 835/882/41 1236/1299/41 1024/1300/41
f 1051/1301/51 1559/1302/51 1566/1303/51
f 1121/1304/649 1536/1305/649 1573/1306/649
f 1122/1307/649 1573/1306/649 1574/1308/649
f 1482/1037/51 1037/1309/51 1521/1310/51
f 945/729/647 1533/1311/647 1576/1312/647
f 946/1313/649 1578/1314/649 1577/1315/649
f 1041/1316/51 1520/1317/51 1483/1027/51
f 1579/1244/647 890/1318/647 1529/1319/647
f 1043/1320/51 1518/1321/51 1484/1322/51
f 1581/1323/647 886/1324/647 1542/1325/647
f 1045/1326/51 1517/1327/51 1485/1328/51
f 913/1329/649 1584/1330/649 1583/1331/649
f 1046/1332/51 1519/1333/51 1486/1334/51
f 842/1335/649 1142/1336/649 984/1337/649
f 1278/1338/666 982/1339/666 1275/1340/666
f 1115/1289/647 986/1341/647 862/1342/647
f 844/1225/649 1138/1343/649 988/1344/649
f 1131/1239/649 992/1345/649 846/1240/649
f 898/1346/667 1132/1347/667 899/1348/667
f 986/680/41 1726/912/41 1702/907/41
f 1134/1349/649 859/1350/649 991/1351/649
f 1138/1352/668 985/1353/668 988/1354/668
f 1136/1355/647 845/1356/647 989/1357/647
f 987/1358/649 1113/1359/649 861/1360/649
f 1133/1361/51 1135/1362/51 1136/1363/51
f 1133/1364/669 989/1365/669 992/1366/669
f 1140/1367/647 843/1368/647 985/1369/647
f 983/1370/649 1118/1254/649 863/1371/649
f 1134/1372/670 990/1373/670 1135/1374/670
f 1129/1375/51 997/1376/51 901/1377/51
f 981/1378/647 1129/1251/647 841/1379/647
f 990/677/41 1727/918/41 1703/913/41
f 1038/1380/671 1120/1381/671 1086/1382/671
f 1089/1383/672 1037/1384/672 1040/1385/672
f 1042/1386/673 1116/1387/673 1097/1388/673
f 1114/1389/674 1043/1390/674 1098/1391/674
f 1047/1392/660 1111/1393/660 1081/1394/660
f 1110/1395/675 1046/1396/675 1105/1397/675
f 1049/1398/670 1108/1399/670 1050/1400/670
f 1102/1401/676 1052/1402/676 1051/1403/676
f 1055/1404/677 1126/1405/677 1101/1406/677
f 1054/1407/678 1128/1408/678 1056/1409/678
f 1057/1410/679 1090/1411/679 1058/1412/679
f 1091/1413/680 1060/1414/680 1059/1415/680
f 1660/1416/51 1073/1417/51 1661/1418/51
f 1123/1419/647 1063/1103/647 1052/1102/647
f 1128/1420/647 1067/1110/647 1056/1112/647
f 1092/1184/41 1146/1421/41 1093/1182/41
f 1087/1422/673 1075/1423/673 1069/1424/673
f 1060/1121/647 1145/1425/647 1071/1119/647
f 1088/1426/681 1148/1427/681 1087/1183/681
f 923/1428/51 1201/694/51 1222/1429/51
f 1147/1430/649 1037/1132/649 1117/1431/649
f 1075/1089/649 1122/1432/649 1057/1032/649
f 1088/1433/682 1076/1434/682 1147/1435/682
f 1068/1057/647 1116/1436/647 1041/1026/647
f 1080/1139/649 1114/1437/649 1151/1438/649
f 1152/1439/649 1053/1020/649 1079/1081/649
f 1069/1440/51 1663/1441/51 1658/1442/51
f 1154/1443/647 1045/1011/647 1064/1066/647
f 1133/1444/649 1156/1445/649 1134/1446/649
f 1155/1447/683 1049/1023/683 1084/1075/683
f 1085/1152/649 1110/1448/649 1156/1449/649
f 906/1450/651 1109/1451/651 907/1452/651
f 995/1453/41 1110/1454/41 906/1455/41
f 995/1456/684 1134/1457/684 1156/1458/684
f 907/1459/51 1134/1460/51 993/1461/51
f 994/1462/51 1131/1463/51 898/1464/51
f 996/1465/685 1133/1466/685 994/1467/685
f 1132/1468/41 996/1469/41 899/1470/41
f 1136/1471/51 1125/1472/51 1124/1473/51
f 1135/1474/647 1153/1475/647 1136/1476/647
f 1135/1477/686 1113/1478/686 1137/1479/686
f 1114/1480/687 1112/1481/687 1111/1482/687
f 1138/1483/649 1151/1484/649 1137/1485/649
f 1136/1486/673 1152/1487/673 1138/1488/673
f 1151/1489/688 1135/1490/688 1137/1491/688
f 1114/1492/41 1154/1493/41 1151/1494/41
f 1123/1495/41 1152/1496/41 1153/1497/41
f 1123/1498/689 1125/1499/689 1126/1500/689
f 1139/1501/647 1149/1502/647 1140/1503/647
f 1148/1504/649 1141/1505/649 1142/1506/649
f 1148/1507/673 1140/1508/673 1149/1509/673
f 1139/1510/690 1147/1511/690 1150/1512/690
f 1139/1513/51 1118/1514/51 1141/1515/51
f 1117/1516/672 1115/1517/672 1116/1518/672
f 1117/1519/41 1150/1520/41 1147/1521/41
f 1122/1522/691 1149/1523/691 1128/1524/691
f 1122/1525/692 1127/1526/692 1121/1527/692
f 1121/1528/51 1140/1529/51 1142/1530/51
f 1130/1531/655 901/1532/655 900/1533/655
f 900/1534/41 1145/1535/41 1130/1536/41
f 999/1537/693 1143/1538/693 1145/1539/693
f 1143/1540/647 1146/1541/647 1145/1542/647
f 1146/1543/694 1296/1544/694 1294/1545/694
f 909/1546/651 1297/1001/651 1299/1003/651
f 1304/1040/51 1174/1547/51 1282/1548/51
f 1293/1549/41 1312/1550/41 1294/1551/41
f 1100/1207/41 1151/1552/41 1152/1553/41
f 1152/1554/695 1066/1555/695 1100/1556/695
f 1065/1557/696 1151/1558/696 1099/1559/696
f 1654/1560/51 1079/1561/51 1667/1562/51
f 1103/1237/664 1154/1563/664 1104/1233/664
f 1154/1564/697 1082/1565/697 1104/1566/697
f 1732/1567/51 1082/1568/51 1064/1569/51
f 1083/1570/698 1153/1571/698 1103/1572/698
f 1155/1573/699 1061/1574/699 1107/1575/699
f 1106/1235/41 1155/1576/41 1107/1236/41
f 1062/1577/700 1156/1578/700 1106/1579/700
f 1061/1580/51 1671/1581/51 1650/1582/51
f 1137/1583/701 986/1584/701 1139/1585/701
f 1138/1586/51 1139/1587/51 1140/1588/51
f 1142/1589/702 981/1590/702 984/1591/702
f 982/1592/41 1725/908/41 1701/902/41
f 1141/1593/51 1143/1594/51 1142/1595/51
f 983/1596/703 1144/1597/703 1141/1598/703
f 1239/1599/651 1184/1600/651 1183/1601/651
f 1217/1602/655 1195/1603/655 1242/1604/655
f 1216/1605/655 1234/1606/655 1232/1607/655
f 1244/1608/651 1162/1609/651 1161/1610/651
f 1023/788/651 1204/1611/651 1236/1612/651
f 1231/1613/651 1166/1614/651 1165/1615/651
f 1243/1616/651 1200/1617/651 1199/1618/651
f 1212/1619/651 1187/1620/651 1240/1621/651
f 1159/1622/651 1168/1623/651 1167/1624/651
f 949/1625/41 1738/1626/41 1717/1627/41
f 1221/1628/655 1171/1629/655 1237/1630/655
f 1220/1631/655 1193/1632/655 1238/1633/655
f 1219/1634/655 1157/1635/655 1233/1636/655
f 1218/1637/655 1189/1638/655 1241/1639/655
f 1191/1640/655 1211/1641/655 1192/1642/655
f 1181/1643/655 1207/1644/655 1182/1645/655
f 1201/1646/704 836/1647/704 1222/1648/704
f 1214/1649/651 1224/1650/651 1213/1651/651
f 1198/1652/651 1229/1653/651 1209/1654/651
f 1173/980/651 1180/1655/651 902/981/651
f 1169/1656/655 1176/1657/655 1170/1658/655
f 1186/1659/651 1226/1660/651 1205/1661/651
f 1025/1662/41 1171/1663/41 1007/1664/41
f 926/1665/51 1173/1666/51 1178/982/51
f 1311/1667/705 1016/702/705 885/704/705
f 888/1668/649 1226/1669/649 930/1670/649
f 1006/1671/41 1159/1672/41 1167/1673/41
f 1028/1674/41 1187/1675/41 1010/1676/41
f 922/1677/51 1169/1678/51 916/1679/51
f 1305/747/41 1164/1680/41 1291/1681/41
f 831/1682/649 1161/1683/649 1162/1684/649
f 1031/1685/41 1199/1686/41 1014/1687/41
f 1000/1688/41 829/1689/41 815/1690/41
f 910/1691/647 1164/1692/647 886/1324/647
f 904/800/647 1214/1693/647 840/797/647
f 1019/1694/41 1165/1695/41 1005/1696/41
f 831/758/51 1202/1697/51 828/759/51
f 1005/1698/649 1166/1699/649 823/1700/649
f 1018/1701/41 816/628/41 1297/1702/41
f 933/1703/51 1226/1704/51 1185/1705/51
f 1235/761/51 1204/1706/51 1174/1547/51
f 893/1707/647 1227/1708/647 936/1709/647
f 1006/1710/649 1168/1711/649 882/1712/649
f 1004/1713/41 1244/1714/41 1161/1715/41
f 890/1716/41 1205/1717/41 888/767/41
f 916/1272/649 1170/1718/649 895/1719/649
f 1022/1720/41 1232/1721/41 1234/1722/41
f 827/770/51 1206/1723/51 824/771/51
f 1007/1724/647 1172/1725/647 825/1726/647
f 1030/1727/41 1195/1728/41 1013/1729/41
f 889/776/41 1182/1730/41 1207/1731/41
f 1222/1648/706 1277/1732/706 1276/1733/706
f 1009/1734/41 1239/1735/41 1183/1736/41
f 820/780/51 1166/1737/51 1208/1738/51
f 1018/1094/647 1203/1739/647 1230/1740/647
f 889/1741/647 1228/1742/647 940/1743/647
f 833/1744/647 1175/1745/647 922/773/647
f 894/1746/41 1209/1747/41 892/691/41
f 820/1748/647 1231/1749/647 1019/1085/647
f 923/1428/51 1276/1750/51 998/1751/51
f 896/1752/649 1224/1753/649 913/1329/649
f 877/688/51 1200/1754/51 1210/1755/51
f 883/1756/649 1232/1757/649 1020/1072/649
f 936/1758/51 1191/1759/51 939/1760/51
f 926/756/649 1180/1761/649 1179/1762/649
f 893/685/41 1192/1763/41 1211/1764/41
f 822/1059/649 1233/1765/649 1021/1060/649
f 929/1296/649 1182/1766/649 887/1767/649
f 881/682/51 1188/1768/51 1212/1769/51
f 1022/1770/647 1215/1771/647 834/977/647
f 1009/1772/649 1184/1773/649 827/1774/649
f 840/670/41 1213/1775/41 896/671/41
f 952/1776/51 1253/1777/51 1269/789/51
f 940/1778/51 1181/1779/51 929/1780/51
f 892/1781/649 1229/1782/649 946/1313/649
f 933/1783/647 1186/1784/647 890/1318/647
f 839/665/51 1168/1785/51 1160/1786/51
f 1024/1787/649 1204/1788/649 838/975/649
f 924/1789/41 1315/1790/41 1285/1791/41
f 878/1792/649 1187/1793/649 1188/1794/649
f 833/661/41 1170/1795/41 1176/1796/41
f 1025/1050/649 1221/1797/649 1237/1798/649
f 1011/1799/647 1190/1800/647 880/1801/647
f 834/658/51 1216/1802/51 883/659/51
f 1026/1046/649 1220/1803/649 1238/1804/649
f 949/1625/41 836/1805/41 924/1789/41
f 939/1806/649 1192/1807/649 891/1284/649
f 879/640/51 1196/1808/51 1217/1809/51
f 1469/1810/647 1251/1811/647 1472/1812/647
f 1587/1813/649 1256/1814/649 1255/1815/649
f 1713/1816/649 1262/1817/649 1712/1818/649
f 1682/1819/647 1260/1820/647 1676/1821/647
f 951/1822/51 1683/1823/51 1595/1824/51
f 1588/1825/707 1258/1826/707 1586/1827/707
f 995/1828/41 1739/1829/41 1729/1830/41
f 1036/1831/51 1713/1832/51 1706/1833/51
f 1036/1834/655 1262/1835/655 1266/1836/655
f 1298/1837/651 1177/764/651 1300/1002/651
f 1552/1838/51 1245/1839/51 1587/1840/51
f 906/1841/651 1249/1842/651 1017/1843/651
f 899/1844/41 1586/1845/41 1550/1846/41
f 1034/1847/51 1682/1848/51 1648/1849/51
f 1002/1850/655 1257/1851/655 899/1852/655
f 1514/1853/51 1249/1854/51 1524/1855/51
f 1373/1856/41 1252/1857/41 1469/1858/41
f 925/996/651 1255/1859/651 1256/1860/651
f 900/1861/655 1245/1862/655 1015/1863/655
f 905/855/651 1268/1864/651 1003/1865/651
f 999/1866/41 1677/1867/41 1643/1868/41
f 1016/702/708 1270/1869/708 1272/1870/708
f 1554/744/51 1268/1871/51 1588/1872/51
f 1033/1873/655 1259/1874/655 995/1875/655
f 1312/1550/41 1146/1876/41 1294/1551/41
f 1146/1877/647 1273/1051/647 1072/1053/647
f 1315/1790/41 1286/901/41 1285/1791/41
f 1036/963/709 1270/1878/709 1000/1879/709
f 815/1690/41 1311/1880/41 1293/1549/41
f 952/1881/710 1272/1870/710 1036/963/710
f 1144/1882/51 1225/1883/51 1296/693/51
f 812/1884/51 864/1885/51 951/1822/51
f 949/890/711 1276/1733/711 1277/1886/711
f 1316/1887/41 982/1592/41 1286/901/41
f 1247/749/41 1292/1888/41 902/1256/41
f 1306/1889/41 1291/1681/41 1292/1888/41
f 1274/1890/712 919/1891/712 1273/1051/712
f 919/1891/713 1311/1667/713 885/704/713
f 1278/1338/714 1316/1892/714 1225/1893/714
f 1316/1892/715 1201/1646/715 1225/1893/715
f 1303/1894/51 1203/1895/51 832/1896/51
f 1303/1894/51 1282/1548/51 1281/1897/51
f 1293/1898/650 923/1899/650 815/751/650
f 1293/1898/716 1296/1544/716 1295/1900/716
f 1546/1901/51 1303/1894/51 832/1896/51
f 1590/1041/51 1303/1894/51 1589/1902/51
f 1301/1903/51 1163/1904/51 910/1905/51
f 1302/984/51 1279/1906/51 1301/1903/51
f 1164/1907/651 1279/1908/651 1291/1909/651
f 1291/1909/651 1280/1910/651 1292/979/651
f 864/1885/51 1685/1911/51 1683/1823/51
f 1289/1912/51 1687/942/51 1685/1911/51
f 1253/1777/51 1287/1913/51 1313/1914/51
f 1287/1913/51 1314/941/51 1313/1914/51
f 1738/1626/41 1285/1791/41 1741/1915/41
f 1285/1791/41 1742/903/41 1741/1915/41
f 1254/991/41 1283/1916/41 1310/1917/41
f 1310/1917/41 1284/898/41 1309/900/41
f 1203/1918/651 816/1919/651 1230/1920/651
f 816/1919/651 1282/1921/651 866/786/651
f 910/1922/651 1299/1003/651 1301/1923/651
f 1299/1003/651 1302/763/651 1301/1923/651
f 1591/1924/41 1247/749/41 1551/1925/41
f 1592/745/41 1306/1889/41 1591/1924/41
f 919/1891/717 1271/1926/717 1273/1051/717
f 885/704/718 1314/1927/718 919/1891/718
f 864/1885/51 1308/1928/51 1289/1912/51
f 1308/1928/51 1290/642/51 1289/1912/51
f 1371/1929/41 1523/1930/41 1512/1931/41
f 1371/1929/41 1468/1932/41 1467/1933/41
f 1372/1934/41 1469/1858/41 1468/1932/41
f 1379/1935/51 1251/1936/51 1022/1937/51
f 1378/1938/51 1472/1939/51 1379/1935/51
f 1377/1940/51 1471/1941/51 1378/1938/51
f 1523/1942/647 1470/1943/647 1524/1944/647
f 1467/1945/647 1471/1946/647 1470/1943/647
f 1468/1947/647 1472/1812/647 1471/1946/647
f 1419/1948/51 1020/1949/51 1013/1950/51
f 1420/1951/51 1394/1952/51 1419/1948/51
f 1421/1953/51 1393/1954/51 1420/1951/51
f 1416/1955/51 1030/1956/51 1011/1957/51
f 1417/1958/51 1388/1959/51 1416/1955/51
f 1418/1960/51 1387/1961/51 1417/1958/51
f 1413/1962/51 1029/1963/51 1001/1964/51
f 1414/1965/51 1391/1966/51 1413/1962/51
f 1415/1967/51 1390/1968/51 1414/1965/51
f 1410/1969/51 1021/1970/51 1012/1971/51
f 1411/1969/51 1397/1972/51 1410/1969/51
f 1412/1973/51 1396/1974/51 1411/1969/51
f 1007/1975/51 1400/1047/51 1026/1976/51
f 1407/1977/51 1399/1978/51 1400/1047/51
f 1408/1979/51 1398/1980/51 1399/1978/51
f 1463/1981/649 1511/1982/649 1500/1983/649
f 1462/1984/649 1368/1985/649 1463/1981/649
f 1461/1298/649 1369/1986/649 1462/1984/649
f 1455/1987/647 940/1743/647 941/1988/647
f 1456/1989/647 1452/1990/647 1455/1987/647
f 1457/1991/647 1453/1992/647 1456/1989/647
f 1452/1990/647 889/1741/647 940/1743/647
f 1453/1992/647 1334/1993/647 1452/1990/647
f 1454/1994/647 1333/1995/647 1453/1992/647
f 1495/1261/649 1323/1996/649 1503/1997/649
f 1448/1998/649 1324/1999/649 1323/1996/649
f 1447/2000/649 1325/1285/649 1324/1999/649
f 1494/2001/647 1442/2002/647 1493/2003/647
f 1445/2004/647 1441/2005/647 1442/2002/647
f 1444/2006/647 1440/1282/647 1441/2005/647
f 1436/2007/649 1506/2008/649 1491/2009/649
f 1435/2010/649 1338/2011/649 1436/2007/649
f 1434/1274/649 1339/2012/649 1435/2010/649
f 915/2013/649 1434/1274/649 1437/2014/649
f 1437/2014/649 1435/2010/649 1438/2015/649
f 1438/2015/649 1436/2007/649 1439/2016/649
f 936/1709/647 1320/686/647 893/1707/647
f 1443/1280/647 1321/2017/647 1320/686/647
f 1321/2017/647 1445/2004/647 1322/2018/647
f 939/1806/649 1449/2019/649 938/2020/649
f 1446/1283/649 1450/2021/649 1449/2019/649
f 1447/2000/649 1451/2022/649 1450/2021/649
f 929/1296/649 1458/2023/649 928/2024/649
f 1458/2023/649 1462/1984/649 1459/2025/649
f 1459/2025/649 1463/1981/649 1460/2026/649
f 1008/2027/51 1403/2028/51 1025/2029/51
f 1405/2030/51 1403/2028/51 1404/2031/51
f 1405/2030/51 1401/2032/51 1402/2033/51
f 927/2034/41 1464/2035/41 920/2036/41
f 1464/2035/41 1423/2037/41 1465/2038/41
f 1423/2037/41 1466/2039/41 1465/2038/41
f 1516/1174/41 1380/2040/41 1515/1172/41
f 1383/2041/41 1381/2042/41 1380/2040/41
f 1384/2043/41 1382/1228/41 1381/2042/41
f 1458/2044/41 918/2045/41 928/2046/41
f 1459/2047/41 1425/2048/41 1458/2044/41
f 1460/2049/41 1426/2050/41 1459/2047/41
f 917/2051/41 1455/1987/41 941/2052/41
f 1428/2053/41 1456/1989/41 1455/1987/41
f 1429/2054/41 1457/1991/41 1456/1989/41
f 938/2055/41 1431/2056/41 897/2057/41
f 1449/2058/41 1432/2059/41 1431/2056/41
f 1450/2060/41 1433/2061/41 1432/2059/41
f 942/2062/719 1440/2063/719 937/2064/719
f 1385/1226/664 1441/2065/664 1440/2063/664
f 1384/2043/664 1442/2066/664 1441/2065/664
f 1437/2067/41 943/1227/41 915/2068/41
f 1438/2069/41 1382/1228/41 1437/2067/41
f 1439/2070/41 1381/2042/41 1438/2069/41
f 1478/2071/649 1392/2072/649 1519/2073/649
f 1355/2074/649 1393/2075/649 1392/2072/649
f 1354/2076/649 1394/1073/649 1393/2075/649
f 1479/2077/649 1386/2078/649 1517/2079/649
f 1361/2080/649 1387/2081/649 1386/2078/649
f 1360/2082/649 1388/1070/649 1387/2081/649
f 1507/2083/649 1389/2084/649 1518/2085/649
f 1344/2086/649 1390/2087/649 1389/2084/649
f 1345/2088/649 1391/1064/649 1390/2087/649
f 1520/2089/649 1317/2090/649 1395/2091/649
f 1395/2091/649 1318/2092/649 1396/2093/649
f 1396/2093/649 1319/2094/649 1397/1058/649
f 1522/2095/649 1367/2096/649 1401/2097/649
f 1401/2097/649 1366/2098/649 1402/2099/649
f 1402/2099/649 1365/2100/649 1403/1048/649
f 1504/2101/649 1398/1980/649 1521/1310/649
f 1329/2102/649 1399/1978/649 1398/1980/649
f 1330/2103/649 1400/1047/649 1399/1978/649
f 817/865/647 1413/2104/647 1001/863/647
f 1347/2105/647 1414/2106/647 1413/2104/647
f 1348/2107/647 1415/2108/647 1414/2106/647
f 1007/1724/647 1326/2109/647 1407/1977/647
f 1407/1977/647 1327/2110/647 1408/1979/647
f 1408/1979/647 1328/2111/647 1409/2112/647
f 821/869/647 1410/1969/647 1012/867/647
f 1335/2113/647 1411/1969/647 1410/1969/647
f 1336/2114/647 1412/1973/647 1411/1969/647
f 884/843/647 1419/2115/647 1013/841/647
f 1358/2116/647 1420/2117/647 1419/2115/647
f 1357/2118/647 1421/2119/647 1420/2117/647
f 880/1801/647 1416/2120/647 1011/1799/647
f 1364/2121/647 1417/2122/647 1416/2120/647
f 1363/2123/647 1418/2124/647 1417/2122/647
f 918/2045/41 1422/2125/41 927/2034/41
f 1425/2048/41 1423/2037/41 1422/2125/41
f 1426/2050/41 1424/2126/41 1423/2037/41
f 917/2051/41 1431/2056/41 1428/2053/41
f 1428/2053/41 1432/2059/41 1429/2054/41
f 1429/2054/41 1433/2061/41 1430/2127/41
f 1514/2128/647 1350/2129/647 1508/2130/647
f 1377/2131/647 1351/2132/647 1350/2129/647
f 1378/2133/647 1352/978/647 1351/2132/647
f 1464/2035/720 1008/2027/720 920/2036/720
f 1465/2038/721 1404/2134/721 1464/2035/721
f 1465/2038/722 1406/2135/722 1405/2136/722
f 1513/2137/647 1371/2138/647 1512/2139/647
f 1371/2138/647 1375/2140/647 1372/2141/647
f 1372/2141/647 1376/774/647 1373/785/647
f 1505/2142/41 1368/2143/41 1332/2144/41
f 1368/2143/41 1333/2145/41 1332/2144/41
f 1333/2145/41 1370/775/41 1334/777/41
f 1476/2146/647 1374/2147/647 1513/2137/647
f 1343/2148/647 1375/2140/647 1374/2147/647
f 1342/2149/647 1376/774/647 1375/2140/647
f 1480/2150/51 1328/2111/51 1367/2151/51
f 1328/2111/51 1366/2152/51 1367/2151/51
f 1327/2110/51 1365/743/51 1366/2152/51
f 1504/2153/51 1337/2154/51 1329/2155/51
f 1337/2154/51 1330/2156/51 1329/2155/51
f 1330/2156/51 1335/741/51 1331/742/51
f 1502/2157/51 1349/2158/51 1317/2159/51
f 1349/2158/51 1318/2160/51 1317/2159/51
f 1318/2160/51 1347/738/51 1319/740/51
f 1507/2161/51 1362/2162/51 1344/2163/51
f 1362/2162/51 1345/2164/51 1344/2163/51
f 1363/2165/51 1346/737/51 1345/2164/51
f 1473/1264/41 1323/2166/41 1322/2018/41
f 1323/2166/41 1321/2017/41 1322/2018/41
f 1321/2017/41 1325/684/41 1320/686/41
f 1476/2167/41 1338/2168/41 1343/2169/41
f 1338/2168/41 1342/2170/41 1343/2169/41
f 1339/2171/41 1341/662/41 1342/2170/41
f 1508/2172/51 1355/2173/51 1478/2174/51
f 1355/2173/51 1351/2175/51 1354/2176/51
f 1351/2175/51 1353/657/51 1354/2176/51
f 1479/2177/51 1356/2178/51 1361/2179/51
f 1356/2178/51 1360/2180/51 1361/2179/51
f 1360/2180/51 1358/639/51 1359/641/51
f 876/945/51 1479/2177/51 873/946/51
f 875/951/51 1508/2172/51 1478/2174/51
f 859/672/41 1476/2167/41 813/2181/41
f 861/2182/41 1473/1264/41 860/676/41
f 874/920/51 1507/2161/51 871/921/51
f 869/926/51 1477/2183/51 1502/2157/51
f 870/930/51 1504/2153/51 867/931/51
f 868/935/51 1480/2150/51 865/936/51
f 813/896/647 1513/2137/647 907/894/647
f 863/2184/41 1505/2142/41 862/679/41
f 907/894/647 1512/2139/647 906/2185/647
f 1017/956/647 1508/2130/647 814/954/647
f 867/2186/649 1521/1310/649 1037/1132/649
f 1038/1128/649 1480/2187/649 1522/2095/649
f 1042/1137/649 1502/2188/649 1520/2089/649
f 871/2189/649 1518/2085/649 1044/1142/649
f 873/1150/649 1517/2079/649 1047/1148/649
f 875/2190/649 1519/2073/649 1048/1155/649
f 1081/2191/41 1515/1172/41 1105/1234/41
f 1491/2009/649 859/1350/649 1109/1268/649
f 1112/1265/647 1493/2003/647 1111/2192/647
f 1495/1261/649 861/1360/649 1113/1359/649
f 1500/1983/649 863/1371/649 1118/1254/649
f 1250/2193/647 1524/1944/647 1249/2194/647
f 1512/1931/41 1250/2195/41 906/2196/41
f 1377/1940/51 1524/1855/51 1470/2197/51
f 1486/1334/51 1392/2198/51 1421/1953/51
f 1485/1328/51 1386/2199/51 1418/1960/51
f 1484/1322/51 1389/2200/51 1415/1967/51
f 1483/1027/51 1395/2201/51 1412/1973/51
f 1409/2112/51 1521/1310/51 1398/1980/51
f 1498/1210/647 1454/1994/647 1457/1991/647
f 1497/1291/647 1332/2202/647 1454/1994/647
f 1439/2016/649 1491/2009/649 1492/1267/649
f 1322/2018/647 1494/2001/647 1473/1264/647
f 1448/1998/649 1496/1263/649 1451/2022/649
f 1460/2026/649 1500/1983/649 1499/1253/649
f 1481/1247/51 1401/2032/51 1406/2203/51
f 1466/2039/41 1487/1009/41 1501/851/41
f 1499/1214/41 1427/2204/41 1460/2049/41
f 1430/2127/41 1498/1210/41 1457/1991/41
f 1451/2205/41 1490/1191/41 1433/2061/41
f 1383/2041/661 1493/1176/661 1442/2066/661
f 1492/1173/41 1380/2040/41 1439/2070/41
f 1349/2206/647 1484/1044/647 1415/2108/647
f 1409/2112/647 1474/2207/647 1482/1037/647
f 1337/2208/647 1483/1027/647 1412/1973/647
f 1356/2209/647 1486/1015/647 1421/2119/647
f 1362/2210/647 1485/1012/647 1418/2124/647
f 1427/2204/41 1487/1009/41 1424/2126/41
f 1430/2127/41 1490/1191/41 1489/1004/41
f 1466/2039/723 1481/850/723 1406/2135/723
f 1309/900/41 1591/1924/41 1310/1917/41
f 1254/991/41 1591/1924/41 1551/1925/41
f 1307/2211/51 1590/1041/51 1589/1902/51
f 857/643/51 1589/1902/51 1546/1901/51
f 1002/2212/51 1588/1872/51 1267/2213/51
f 1550/1846/41 1258/2214/41 905/2215/41
f 1024/2216/51 1587/1840/51 1255/2217/51
f 1267/2218/724 1586/1827/724 1257/2219/724
f 1246/2220/649 1587/1813/649 1245/2221/649
f 1583/1331/649 1132/2222/649 1131/1239/649
f 1581/1323/647 841/1379/647 1129/1251/647
f 1127/2223/647 1529/1319/647 843/1368/647
f 1577/1315/649 1126/2224/649 1125/1224/649
f 1576/1312/647 845/1356/647 1124/1242/647
f 1574/1308/649 930/1670/649 931/2225/649
f 1573/1306/649 888/1668/649 930/1670/649
f 1566/1303/51 1031/2226/51 1010/2227/51
f 1006/2228/51 1560/1295/51 1028/2229/51
f 1567/1288/51 1019/2230/51 1014/2231/51
f 1005/2232/51 1561/1279/51 1027/2233/51
f 1569/1033/51 1032/2234/51 1009/2235/51
f 1570/1260/51 1018/2236/51 1004/2237/51
f 910/1691/647 1582/1250/647 909/2238/647
f 933/1783/647 1580/1246/647 932/2239/647
f 944/2240/647 1576/1312/647 1575/1241/647
f 896/1752/649 1583/1331/649 1538/1238/649
f 892/1781/649 1577/1315/649 1532/1223/649
f 909/2241/41 1557/1187/41 908/1189/41
f 948/1188/41 1574/1221/41 931/2242/41
f 1094/1208/41 1556/1196/41 1555/1200/41
f 1580/1201/41 911/1212/41 932/2243/41
f 912/1211/41 1578/1198/41 947/2244/41
f 1091/1186/41 1558/1219/41 1557/1187/41
f 944/2245/41 1571/1170/41 934/2246/41
f 914/2247/41 1572/1143/41 1584/1164/41
f 935/2248/41 1571/1170/41 1572/1143/41
f 857/1120/647 1563/1095/647 1060/1121/647
f 855/2249/647 1562/1090/647 1058/1116/647
f 1056/1112/647 1528/2250/647 1561/1087/647
f 851/1108/647 1564/1086/647 1055/1109/647
f 849/2251/647 1559/1079/647 1052/1102/647
f 1050/1098/647 1525/2252/647 1560/1076/647
f 1248/2253/51 1590/1041/51 1308/1928/51
f 831/1682/649 1570/1036/649 1004/2254/649
f 827/1774/649 1569/1033/649 1009/1772/649
f 1005/1698/649 1527/2255/649 1568/1028/649
f 882/1712/649 1565/1024/649 1006/1710/649
f 819/720/649 1567/1021/649 1014/2256/649
f 1010/2257/649 1526/2258/649 1566/1016/649
f 1015/961/649 1544/760/649 812/959/649
f 899/2259/725 1549/796/725 898/2260/725
f 898/2260/726 1537/798/726 809/880/726
f 901/887/649 1547/795/649 900/2261/649
f 1547/793/41 1246/2262/41 900/2263/41
f 854/2264/51 1539/778/51 851/652/51
f 856/648/51 1528/769/51 853/2265/51
f 843/905/41 1536/768/41 842/906/41
f 812/1884/51 1553/762/51 1248/2253/51
f 855/646/51 1545/2266/51 1535/757/51
f 811/889/649 1548/754/649 901/887/649
f 811/992/41 1551/1925/41 1543/748/41
f 1309/900/41 1542/2267/41 1592/745/41
f 1002/631/727 1541/2268/727 1554/744/727
f 845/910/41 1532/692/41 844/911/41
f 849/2269/51 1531/687/51 1530/689/51
f 847/637/51 1526/681/51 1525/683/51
f 846/914/41 1537/2270/41 1538/669/41
f 848/633/51 1541/663/51 810/2271/51
f 1690/2272/41 1284/898/41 1283/1916/41
f 1690/2272/41 1691/2273/41 1692/2274/41
f 1674/2275/41 1283/1916/41 1119/2276/41
f 1673/2277/41 1690/2272/41 1674/2275/41
f 1686/2278/51 1716/2279/51 1715/2280/51
f 1686/2278/51 1687/942/51 1688/2281/51
f 1684/2282/51 1715/2280/51 1714/2283/51
f 1684/2282/51 1685/1911/51 1686/2278/51
f 1705/2284/41 1678/2285/41 1712/2286/41
f 1643/1868/41 1678/2285/41 1644/2287/41
f 1647/2288/51 1740/2289/51 1730/2290/51
f 1647/2288/51 1682/1848/51 1681/2291/51
f 1035/2292/51 1679/2293/51 1265/2294/51
f 1645/2295/51 1680/2296/51 1679/2293/51
f 996/2297/41 1676/2298/41 1260/2299/41
f 1639/2300/41 1676/2298/41 1640/2301/41
f 1693/962/51 1684/2282/51 1714/2283/51
f 1596/2302/51 1683/1823/51 1684/2282/51
f 1740/2303/728 1675/2304/728 1739/1829/728
f 1681/2305/647 1676/1821/647 1675/2304/647
f 1265/2306/649 1677/2307/649 1261/2308/649
f 1677/2307/649 1680/2309/649 1678/2310/649
f 1594/2311/41 1119/2276/41 950/990/41
f 1593/2312/41 1674/2275/41 1594/2311/41
f 981/2313/41 1628/2314/41 984/904/41
f 1625/2315/41 1627/2316/41 1628/2314/41
f 1731/2317/51 1672/2318/51 1711/2319/51
f 1649/2320/51 1671/1581/51 1672/2318/51
f 1063/2321/51 1670/2322/51 1652/2323/51
f 1652/2323/51 1669/2324/51 1651/2325/51
f 1733/2326/51 1668/2327/51 1710/2328/51
f 1654/1560/51 1668/2327/51 1653/2329/51
f 1735/2330/51 1664/2331/51 1708/2332/51
f 1658/1442/51 1664/2331/51 1657/2333/51
f 1659/2334/51 1707/2335/51 1736/2336/51
f 1659/2334/51 1661/1418/51 1662/2337/51
f 989/2338/41 1636/2339/41 992/2340/41
f 1633/2341/41 1635/2342/41 1636/2339/41
f 985/2343/41 1632/2344/41 988/909/41
f 1629/2345/41 1631/2346/41 1632/2344/41
f 1734/2347/51 1666/2348/51 1709/1133/51
f 1655/2349/51 1665/1180/51 1666/2348/51
f 1084/1075/729 1621/2350/729 1671/2351/729
f 1671/2351/649 1622/2352/649 1672/2353/649
f 1737/2354/649 1618/2355/649 1699/2356/649
f 1618/2355/649 1670/2357/649 1617/1146/649
f 1079/1081/730 1613/2358/730 1667/2359/730
f 1667/2359/731 1614/2360/731 1668/2361/731
f 965/1082/649 1665/1180/649 1077/1083/649
f 1665/1180/649 1610/2362/649 1666/2348/649
f 1075/1089/649 1605/2363/649 1663/2364/649
f 1663/2364/649 1606/2365/649 1664/2366/649
f 957/2367/649 1661/2368/649 1073/1092/649
f 1601/937/649 1662/2369/649 1661/2368/649
f 1736/2370/647 1603/2371/647 1659/2372/647
f 1659/2372/647 1604/2373/647 1660/1122/647
f 1720/2374/647 1657/2375/647 1735/2376/647
f 1607/2377/647 1658/1118/647 1657/2375/647
f 1721/2378/647 1655/2379/647 1734/2380/647
f 1655/2379/647 1612/2381/647 1656/1113/647
f 1733/2382/647 1615/2383/647 1653/2384/647
f 1653/2384/647 1616/2385/647 1654/1105/647
f 1723/2386/647 1651/2387/647 1732/2388/647
f 1619/2389/647 1652/1104/647 1651/2387/647
f 1731/2390/647 1623/2391/647 1649/2392/647
f 1649/2392/647 1624/2393/647 1650/1099/647
f 951/2394/649 1645/2395/649 1035/960/649
f 1595/1824/649 1646/2396/649 1645/2395/649
f 1718/2397/732 1647/2398/732 1730/2399/732
f 1599/2400/733 1648/958/733 1647/2398/733
f 1622/2401/51 1718/2402/51 1700/2403/51
f 1621/952/51 1599/2404/51 1622/2401/51
f 1618/2405/51 1724/2406/51 1699/2407/51
f 1617/947/51 1623/2408/51 1618/2405/51
f 1716/2279/51 1603/2409/51 1719/2410/51
f 1688/2281/51 1604/943/51 1603/2409/51
f 1602/2411/51 1720/2374/51 1695/1124/51
f 1601/937/51 1607/2377/51 1602/2411/51
f 1606/2412/51 1721/2413/51 1696/2414/51
f 1605/932/51 1611/2415/51 1606/2412/51
f 1610/2416/51 1722/2417/51 1697/2418/51
f 1609/927/51 1615/2419/51 1610/2416/51
f 1614/2420/51 1723/2386/51 1698/2421/51
f 1613/922/51 1619/2389/51 1614/2420/51
f 992/2340/41 1597/2422/41 953/915/41
f 1635/2342/41 1597/2422/41 1636/2339/41
f 1632/2344/41 989/2338/41 988/909/41
f 1632/2344/41 1634/2423/41 1633/2341/41
f 1628/2314/41 985/2343/41 984/904/41
f 1628/2314/41 1630/2424/41 1629/2345/41
f 1692/2274/41 981/2313/41 1284/898/41
f 1691/2273/41 1625/2315/41 1692/2274/41
f 1728/2425/734 1598/2426/734 1694/917/734
f 1637/2427/735 1597/897/735 1598/2426/735
f 1729/2428/736 1637/2427/736 1728/2425/736
f 1639/2429/647 1638/893/647 1637/2427/647
f 997/2430/649 1594/2431/649 950/888/649
f 1641/2432/649 1593/2433/649 1594/2431/649
f 999/2434/649 1641/2432/649 997/2430/649
f 1643/2435/649 1642/2436/649 1641/2432/649
f 995/2437/737 1728/2425/737 993/2438/737
f 993/2438/738 1694/917/738 954/895/738
f 1698/2421/51 975/2439/51 970/919/51
f 966/924/51 1722/2417/51 971/2440/51
f 1696/2414/51 967/2441/51 962/929/51
f 958/934/51 1720/2374/51 963/2442/51
f 1288/939/51 1719/2410/51 959/2443/51
f 974/944/51 1724/2406/51 979/2444/51
f 978/949/51 1718/2402/51 955/2445/51
f 955/2446/737 1730/2399/737 1033/955/737
f 1062/1068/647 1724/2447/647 1731/2390/647
f 1064/1066/647 1723/2386/647 1732/2388/647
f 1065/1062/647 1722/2448/647 1733/2382/647
f 967/2449/647 1734/2380/647 1068/1057/647
f 963/1054/647 1735/2376/647 1070/1055/647
f 1072/1053/647 1719/2450/647 1736/2370/647
f 1082/1158/649 1699/2356/649 974/1149/649
f 1068/2451/51 1709/1133/51 1078/2452/51
f 1736/2336/51 1074/2453/51 1072/2454/51
f 1070/2455/51 1708/2332/51 1076/2456/51
f 1733/2326/51 1080/2457/51 1065/2458/51
f 1062/2459/51 1711/2319/51 1085/2460/51
f 1263/2461/739 1739/1829/739 1259/2462/739
f 1693/962/51 903/2463/51 952/1776/51
f 1033/2464/51 1740/2289/51 1263/2465/51
f 1000/2466/41 1712/2286/41 1262/2467/41
f 1714/2283/51 1287/1913/51 903/2463/51
f 1287/1913/51 1716/2279/51 1288/939/51
f 1689/2468/41 1742/903/41 1691/2273/41
f 1673/2277/41 1741/1915/41 1689/2468/41
f 1706/1833/51 1680/2296/51 1646/2469/51
f 1729/1830/41 1675/2304/41 1639/2300/41
f 1678/2310/649 1713/1816/649 1712/1818/649
f 1717/1627/41 1673/2277/41 1593/2312/41
f 1626/2470/41 1725/908/41 1627/2316/41
f 1651/2325/51 1737/2471/51 1732/1567/51
f 1703/913/41 1635/2342/41 1634/2423/41
f 1630/2424/41 1726/912/41 1631/2346/41
f 1672/2353/649 1700/1151/649 1711/1153/649
f 1614/2360/649 1710/1140/649 1668/2361/649
f 1666/2348/649 1697/2472/649 1709/1133/649
f 1664/2366/649 1696/2473/649 1708/1129/649
f 1602/2411/649 1707/1126/649 1662/2369/649
f 1596/2302/649 1706/964/649 1646/2396/649
f 1727/918/41 1598/2426/41 1635/2342/41
f 1631/2346/41 1703/913/41 1634/2423/41
f 1627/2316/41 1702/907/41 1630/2424/41
f 1742/903/41 1626/2470/41 1691/2273/41
f 1642/2436/649 1717/891/649 1593/2433/649
f 1642/2436/649 1705/2474/649 1704/884/649
f 2174/2475/51 1757/2476/51 2111/2477/51
f 1778/2478/51 2158/2479/51 2156/2480/51
f 1766/2481/51 2095/2482/51 2096/2483/51
f 1828/2484/51 1762/2485/51 1835/2486/51
f 2182/2487/51 1760/2488/51 1839/2489/51
f 2433/2490/51 1843/2491/51 2438/2492/51
f 2434/2493/41 1857/2494/41 2436/2495/41
f 1770/2496/41 1853/2497/41 1850/2498/41
f 2308/2499/51 1779/2500/51 2157/2501/51
f 1877/2502/41 2046/2503/41 2025/2504/41
f 1752/2505/740 2050/2506/740 1890/2507/740
f 1882/2508/41 2191/2509/41 2183/2510/41
f 1749/2511/51 2039/2512/51 1753/2513/51
f 1780/2514/741 2049/2515/741 1888/2516/741
f 1745/2517/51 2038/2518/51 1750/2519/51
f 2336/2520/51 2178/2521/51 2404/2522/51
f 2333/2523/51 1750/2519/51 2329/2524/51
f 2339/2525/51 1749/2511/51 1753/2513/51
f 2244/2526/51 1752/2527/51 2238/2528/51
f 2233/2529/41 1785/2530/41 2240/2531/41
f 2232/2532/51 1751/2533/51 1748/2534/51
f 2344/2535/41 1786/2536/41 2332/2537/41
f 2284/2538/51 1747/2539/51 2177/2540/51
f 1893/2541/742 2053/2542/742 1866/2543/742
f 1790/2544/742 1869/2545/742 1880/2546/742
f 1815/2547/742 1874/2548/742 1890/2549/742
f 1802/2550/743 1870/2551/743 1885/2552/743
f 2459/2553/744 2117/2554/744 2468/2555/744
f 1879/2556/745 1875/2557/745 1814/2558/745
f 1805/2559/742 1871/2560/742 1886/2561/742
f 1888/2562/746 1807/2563/746 1876/2564/746
f 1794/2565/747 1877/2566/747 1882/2567/747
f 1798/2568/747 1872/2569/747 1884/2570/747
f 1883/2571/748 1796/2572/748 1873/2573/748
f 2178/2521/51 2008/2574/51 2190/2575/51
f 1878/2576/749 2028/2577/749 1783/2578/749
f 1798/2568/747 1809/2579/747 1799/2580/747
f 1782/2581/740 2048/2582/740 1886/2583/740
f 1868/2584/740 2008/2585/740 1743/2586/740
f 1877/2587/740 2026/2588/740 1745/2589/740
f 1748/2590/740 2047/2591/740 1885/2592/740
f 1802/2550/742 1800/2593/742 1803/2594/742
f 2538/2595/750 1865/2596/750 2536/2597/750
f 2093/2598/750 1817/2599/750 2091/2600/750
f 2536/2597/750 1816/2601/750 2487/2602/750
f 2534/2603/740 1861/2604/740 2532/2605/740
f 2061/2606/751 1821/2607/751 2059/2608/751
f 2532/2605/740 1820/2609/740 2491/2610/740
f 2228/2611/41 1848/2612/41 2092/2613/41
f 2593/2614/41 1849/2615/41 2520/2616/41
f 1851/2617/41 1756/2618/41 1755/2619/41
f 1850/2498/752 2524/2620/752 2521/2621/752
f 2450/2622/41 1856/2623/41 2118/2624/41
f 2597/2625/41 1857/2494/41 2528/2626/41
f 1813/2627/41 2103/2628/41 2148/2629/41
f 2122/2630/41 2492/2631/41 2581/2632/41
f 2437/2633/51 2070/2634/51 2448/2635/51
f 2438/2492/51 2514/2636/51 2595/2637/51
f 2622/2638/51 1838/2639/51 2615/2640/51
f 2585/2641/51 1839/2489/51 2510/2642/51
f 1829/2643/51 1775/2644/51 1772/2645/51
f 2499/2646/51 1835/2486/51 2506/2647/51
f 1825/2648/51 1773/2649/51 1771/2650/51
f 2495/2651/51 1831/2652/51 2502/2653/51
f 2216/2654/51 1826/2655/51 2077/2656/51
f 2202/2657/51 2498/2658/51 2589/2659/51
f 2156/2480/51 1846/2660/51 1778/2478/51
f 2162/2661/51 2518/2662/51 2583/2663/51
f 2144/2664/51 1822/2665/51 2064/2666/51
f 2126/2667/51 2494/2668/51 2577/2669/51
f 2066/2670/753 1822/2671/753 1891/2672/753
f 2494/2673/740 1892/2674/740 2542/2675/740
f 2086/2676/750 1893/2677/750 2088/2678/750
f 2490/2679/750 1894/2680/750 2540/2681/750
f 2088/2678/750 1866/2682/750 2087/2683/750
f 1863/2684/754 2056/2685/754 1892/2686/754
f 2066/2670/753 1862/2687/753 2065/2688/753
f 2183/2689/747 1788/2690/747 2179/2691/747
f 1884/2570/747 1810/2692/747 1798/2568/747
f 1883/2571/747 1795/2693/747 1797/2694/747
f 2163/2695/742 1804/2696/742 2159/2697/742
f 2184/2698/755 1791/2699/755 2180/2700/755
f 1890/2549/742 1789/2701/742 1815/2547/742
f 2164/2702/747 1812/2703/747 2160/2704/747
f 1885/2552/742 1801/2705/742 1802/2550/742
f 2380/2706/41 2185/2707/41 2401/2708/41
f 2374/2709/41 1943/2710/41 2371/2711/41
f 1969/2712/756 1901/2713/756 1955/2714/756
f 1783/2578/757 1904/2715/757 1878/2576/757
f 2311/2716/750 1759/2717/750 1908/2718/750
f 2365/2719/758 1775/2720/758 1899/2721/758
f 2262/2722/750 1763/2723/750 1911/2724/750
f 2236/2725/750 1914/2726/750 2264/2727/750
f 2243/2728/750 1916/2729/750 2266/2730/750
f 2326/2731/759 1898/2732/759 2362/2733/759
f 2338/2734/740 1901/2735/740 2368/2736/740
f 2329/2737/750 1884/2738/750 2353/2739/750
f 2356/2740/750 1753/2741/750 1883/2742/750
f 2079/2743/760 1826/2744/760 1929/2745/760
f 1773/2746/761 1927/2747/761 1898/2732/761
f 1899/2721/740 1834/2748/740 1925/2749/740
f 2350/2750/750 1746/2751/750 1882/2752/750
f 2616/2753/762 1838/2754/762 1922/2755/762
f 2072/2756/763 1842/2757/763 1921/2758/763
f 1778/2759/764 1919/2760/764 1904/2715/764
f 1777/2761/765 1888/2516/765 1905/2762/765
f 2107/2763/766 1941/2764/766 2109/2765/766
f 2294/2766/767 1782/2581/767 1886/2583/767
f 2112/2767/750 1908/2718/750 1759/2717/750
f 1761/2768/768 1936/2769/768 1910/2770/768
f 1911/2724/769 1832/2771/769 1934/2772/769
f 2242/2773/740 1881/2774/740 2260/2775/740
f 2254/2776/740 1748/2590/740 1885/2592/740
f 1765/2777/750 1932/2778/750 1914/2726/750
f 2238/2528/740 1890/2507/740 2256/2779/740
f 2096/2780/750 1930/2781/750 2098/2782/750
f 2113/2783/740 1757/2784/740 1907/2785/740
f 2544/2786/740 1847/2787/740 1918/2788/740
f 1843/2789/770 1909/2790/770 1920/2791/770
f 2514/2636/740 1920/2791/740 2546/2792/740
f 2548/2793/740 1839/2794/740 1923/2795/740
f 1923/2795/740 1760/2796/740 1912/2797/740
f 1924/2798/771 1762/2799/771 1913/2800/771
f 2550/2801/740 1835/2802/740 1924/2798/740
f 2095/2482/772 1915/2803/772 2097/2804/772
f 2502/2653/740 1926/2805/740 2552/2806/740
f 2554/2807/740 1827/2808/740 1928/2809/740
f 2496/2810/750 1931/2811/750 2556/2812/750
f 1825/2813/750 1896/2814/750 1931/2811/750
f 2500/2815/750 1933/2816/750 2558/2817/750
f 1829/2818/773 1895/2819/773 1933/2816/773
f 2504/2820/750 1935/2821/750 2560/2822/750
f 2607/2823/774 1900/2824/774 2609/2825/774
f 2508/2826/750 1937/2827/750 2562/2828/750
f 2315/2829/41 1959/2830/41 2168/2831/41
f 2511/2832/750 1940/2833/750 1840/2834/750
f 1905/2762/750 1841/2835/750 1777/2761/750
f 2516/2836/750 1942/2837/750 2566/2838/750
f 2116/2839/740 1918/2788/740 2113/2783/740
f 1905/2762/750 1961/2840/750 1939/2841/750
f 1912/2797/740 1957/2842/740 1923/2795/740
f 2621/2843/750 1953/2844/750 1935/2821/750
f 2097/2804/740 1944/2845/740 1926/2805/740
f 1896/2814/775 1950/2846/775 1931/2811/775
f 2313/2847/41 1982/2848/41 2314/2849/41
f 1934/2850/776 1999/2851/776 1952/2852/776
f 1945/2853/740 1898/2732/740 1927/2747/740
f 2034/2854/691 2312/2855/691 2317/2856/691
f 1807/2857/777 1938/2858/777 1966/2859/777
f 2100/2860/750 1916/2729/750 2098/2782/750
f 2550/2861/51 1934/2862/51 2559/2863/51
f 1946/2864/41 1950/2865/41 1943/2710/41
f 1945/2866/41 1949/2867/41 1950/2865/41
f 2100/2868/41 1947/2869/41 1948/2870/41
f 2250/2871/41 1815/2872/41 1789/2873/41
f 1969/2712/41 2380/2706/41 2383/2874/41
f 1952/2875/778 1911/2724/778 1934/2772/778
f 2000/2876/779 1935/2877/779 1953/2878/779
f 2268/2879/41 1958/2880/41 1781/2881/41
f 1980/2882/41 2245/2883/41 2278/2884/41
f 2618/2885/41 2186/2886/41 2619/2887/41
f 2612/2888/780 1901/2735/780 2610/2889/780
f 2186/2886/41 1957/2890/41 2187/2891/41
f 1999/2892/41 1953/2893/41 1952/2894/41
f 2187/2891/41 1958/2880/41 2188/2895/41
f 2377/2896/41 1971/2897/41 2389/2898/41
f 2282/2899/41 1792/2900/41 2180/2901/41
f 1972/2902/41 2374/2709/41 2392/2903/41
f 2115/2904/750 1908/2718/750 2114/2905/750
f 1996/2906/781 1931/2907/781 1950/2908/781
f 2251/2909/782 1976/2910/782 2274/2911/782
f 2280/2912/41 1948/2870/41 2249/2913/41
f 1938/2858/41 2160/2914/41 2165/2915/41
f 1963/2916/783 1904/2715/783 1919/2760/783
f 1930/2917/784 1995/2918/784 1949/2919/784
f 1961/2920/41 2165/2915/41 2166/2921/41
f 1960/2922/41 2166/2921/41 2167/2923/41
f 2398/2924/41 1943/2710/41 1974/2925/41
f 2173/2926/41 1960/2922/41 2167/2923/41
f 2276/2927/785 1980/2928/785 2278/2929/785
f 1897/2930/51 2354/2931/51 2359/2932/51
f 2392/2933/750 1973/2934/750 1972/2935/750
f 1916/2936/51 2257/2937/51 2266/2938/51
f 2381/2939/786 1887/2940/786 2347/2941/786
f 1967/2942/787 1857/2943/787 1767/2944/787
f 1914/2945/51 2255/2946/51 2264/2727/51
f 2262/2947/51 1913/2948/51 2253/2949/51
f 1868/2950/788 1808/2951/788 1788/2690/788
f 2269/2952/51 1912/2953/51 2259/2954/51
f 2386/2955/789 1769/2956/789 2330/2957/789
f 1971/2958/740 2386/2955/740 2389/2898/740
f 2310/2959/51 1907/2960/51 2319/2961/51
f 2393/2962/790 1784/2963/790 2344/2964/790
f 2445/2965/791 1909/2790/791 2439/2966/791
f 1975/2967/750 2239/2968/750 2272/2969/750
f 1976/2970/750 2272/2969/750 2274/2971/750
f 2362/2733/51 1895/2972/51 2351/2973/51
f 1899/2974/51 2348/2975/51 2365/2719/51
f 2275/2976/740 1787/2977/740 2233/2978/740
f 2368/2979/51 1902/2980/51 2345/2981/51
f 1903/2982/51 1888/2983/51 1876/2984/51
f 1975/2967/792 1851/2985/792 1755/2986/792
f 2081/2987/793 1994/2988/793 1849/2989/793
f 1970/2990/794 1853/2991/794 1769/2956/794
f 2117/2992/795 1988/2993/795 1855/2994/795
f 2104/2995/796 1859/2996/796 2101/2997/796
f 1853/2497/797 2525/2998/797 2524/2620/797
f 1990/2999/798 1855/3000/798 1988/3001/798
f 1987/3002/799 1768/3003/799 1854/3004/799
f 1983/3005/51 1985/3006/51 1986/3007/51
f 1986/3008/800 1859/3009/800 1983/3010/800
f 1852/3011/801 1979/3012/801 1756/3013/801
f 1991/3014/802 1770/3015/802 1850/3016/802
f 1858/3017/803 1985/3018/803 1984/3019/803
f 2094/3020/51 2204/3021/51 2225/3022/51
f 2528/2626/41 1858/3023/41 2529/3024/41
f 1943/3025/804 1897/3026/804 1974/3027/804
f 1972/3028/805 1898/3029/805 1946/3030/805
f 1900/3031/806 1971/3032/806 1954/3033/806
f 1905/3034/807 1966/3035/807 1938/3036/807
f 1812/3037/808 1904/2715/808 1962/3038/808
f 1907/3039/809 1982/3040/809 1965/3041/809
f 2433/3042/810 1909/2790/810 1758/3043/810
f 2318/3044/811 2034/3045/811 2317/3046/811
f 1951/3047/812 1913/3048/812 1911/3049/812
f 1914/3050/813 1947/3051/813 1915/3052/813
f 1948/3053/814 1917/3054/814 1916/3055/814
f 2554/3056/51 1930/3057/51 2555/3058/51
f 1977/3059/815 1920/2791/815 1909/2790/815
f 1980/3060/771 1924/2798/771 1913/2800/771
f 1949/2867/41 1996/3061/41 1950/2865/41
f 1944/3062/816 1932/3063/816 1926/3064/816
f 2089/3065/740 1995/3066/740 1928/2809/740
f 1945/2866/664 1998/3067/664 1944/3068/664
f 1997/3069/750 1895/2819/750 1972/3070/750
f 1932/2778/750 1976/3071/750 1914/2726/750
f 1945/3072/817 1933/3073/817 1997/3074/817
f 1925/2749/740 1971/3075/740 1899/2721/740
f 2002/3076/818 1910/2770/818 1936/2769/818
f 1926/3077/51 2557/3078/51 2552/3079/51
f 2465/3080/819 2073/3081/819 2071/3082/819
f 1983/3083/750 2006/3084/750 1984/3085/750
f 2130/3086/820 1984/3087/820 2006/3088/820
f 2134/3089/51 2104/3090/51 2146/3091/51
f 2136/3092/821 1983/3093/821 2134/3094/821
f 2110/3095/41 2136/3096/41 2149/3097/41
f 2459/3098/664 1988/3099/664 2120/3100/664
f 1985/3101/822 2003/3102/822 1986/3103/822
f 2454/3104/686 1968/3105/686 1987/3106/686
f 1988/3107/750 2001/3108/750 1987/3109/750
f 2440/3110/823 2003/3111/823 2443/3112/823
f 2444/3113/824 1985/3114/824 2441/3115/824
f 1978/3116/664 2456/3117/664 2458/3118/664
f 1989/3119/740 1999/3120/740 1990/3121/740
f 1998/3122/750 1991/3123/750 1992/3124/750
f 1998/3125/816 1990/3126/816 1999/3127/816
f 1989/3128/825 1997/3129/825 2000/3130/825
f 1989/3131/51 1973/3132/51 1991/3133/51
f 1972/3134/826 1970/3135/826 1971/3136/826
f 1972/3137/41 2000/3138/41 1997/3139/41
f 1980/3140/41 1998/3141/41 1999/3142/41
f 1976/3143/827 1979/3144/827 1975/3145/827
f 1979/3146/51 1992/3147/51 1975/3148/51
f 2222/3149/41 1995/3150/41 2090/3151/41
f 2204/3152/828 1995/3153/828 2206/3154/828
f 1993/3155/740 1996/3156/740 1995/3157/740
f 2208/3158/829 1994/3159/829 2210/3160/829
f 1957/2890/41 2001/3161/41 2002/3162/41
f 2002/3163/830 1923/3164/830 1957/3165/830
f 1922/3166/831 2001/3167/831 1956/3168/831
f 2548/3169/51 1936/3170/51 2561/3171/51
f 1960/2922/664 2004/3172/664 1961/2920/664
f 2004/3173/832 1939/3174/832 1961/3175/832
f 2545/3176/51 1939/3177/51 1921/3178/51
f 1940/3179/833 2003/3180/833 1960/3181/833
f 1964/3182/834 1941/3183/834 1918/3184/834
f 1964/3185/41 2006/3186/41 2005/3187/41
f 1919/3188/835 2006/3189/835 1963/3190/835
f 2544/3191/51 1941/3192/51 2565/3193/51
f 1987/3194/836 1853/3195/836 1989/3196/836
f 1988/3197/51 1989/3198/51 1990/3199/51
f 1992/3200/837 1848/3201/837 1851/3202/837
f 2520/2616/41 1850/2498/41 2521/2621/41
f 1991/3203/51 1993/3204/51 1992/3205/51
f 1850/3206/838 1994/3207/838 1991/3208/838
f 2031/3209/742 2017/3210/742 2047/3211/742
f 2170/3212/839 2027/3213/839 2172/3214/839
f 2029/3215/742 2009/3216/742 2050/3217/742
f 2189/3218/742 2011/3219/742 2192/3220/742
f 2169/3221/742 2021/3222/742 2171/3223/742
f 2039/3224/747 2013/3225/747 2045/3226/747
f 2038/3227/747 2025/3228/747 2046/3229/747
f 2190/3230/747 2007/3231/747 2191/3232/747
f 2015/3233/747 2032/3234/747 2016/3235/747
f 2019/3236/742 2030/3237/742 2020/3238/742
f 1872/3239/41 2045/3240/41 2013/3241/41
f 1785/3242/750 2040/3243/750 1800/3244/750
f 2163/3245/41 2048/3246/41 2171/3247/41
f 1869/3248/750 2010/3249/750 1754/3250/750
f 2184/3251/41 2043/3252/41 2192/3253/41
f 1754/3254/51 2029/3255/51 1752/2527/51
f 1870/3256/840 2012/3257/840 1747/3258/840
f 1800/3259/51 2019/3260/51 1803/3261/51
f 2071/3082/841 2467/3262/841 2465/3080/841
f 1869/3263/41 2050/3264/41 2009/3265/41
f 1785/2530/41 2020/3266/41 2030/3267/41
f 1751/2533/51 2031/3268/51 1748/2534/51
f 1872/3269/740 2014/3270/740 1749/3271/740
f 2164/3272/41 2049/3273/41 2172/3274/41
f 1786/2536/41 2016/3275/41 2032/3276/41
f 1874/3277/41 2047/3278/41 2017/3279/41
f 2177/2540/51 2012/3280/51 2189/3281/51
f 1786/3282/740 2042/3283/740 1809/3284/740
f 1744/3285/740 2043/3286/740 1881/2774/740
f 1746/2751/750 2044/3287/750 1882/2752/750
f 1799/3288/750 2016/3289/750 1784/2963/750
f 1779/2500/51 2169/3290/51 2157/2501/51
f 1874/3291/750 2018/3292/750 1751/3293/750
f 1809/3294/51 2015/3295/51 1799/3296/51
f 1803/3297/740 2020/3298/740 1787/2977/740
f 1875/3299/750 2022/3300/750 1779/3301/750
f 1753/2741/750 2045/3302/750 1883/2742/750
f 1807/2857/842 1903/3303/842 1876/2984/842
f 1750/3304/750 2046/3305/750 1884/2738/750
f 2158/2479/51 2028/3306/51 2170/3307/51
f 2572/3308/750 2054/3309/750 2570/3310/750
f 2574/3311/740 2052/3312/740 2568/3313/740
f 2533/3314/41 2051/3315/41 2567/3316/41
f 2540/3317/51 2058/3318/51 2572/3319/51
f 1867/3320/824 2058/3321/824 1894/3322/824
f 2542/3323/51 2056/3324/51 2574/3325/51
f 2537/3326/41 2053/3327/41 2569/3328/41
f 1891/3329/747 2051/3330/747 1862/3331/747
f 2132/3332/51 2062/3333/51 1984/3334/51
f 1984/3335/843 2060/3336/843 1858/3337/843
f 2140/3338/41 1821/3339/41 2122/2630/41
f 2130/3086/41 2068/3340/41 2141/3341/41
f 1942/2837/844 2068/3342/844 2006/3343/844
f 1845/3344/845 2067/3345/845 1942/2837/845
f 2447/3346/41 2004/3347/41 2444/3348/41
f 2004/3349/763 2072/2756/763 1921/2758/763
f 1937/2827/846 2073/3350/846 2001/3351/846
f 1837/3352/846 2071/3082/846 1937/2827/846
f 2434/2493/847 1967/3353/847 1767/2944/847
f 2214/3354/41 1996/3355/41 2208/3356/41
f 1996/3357/760 2079/2743/760 1929/2745/760
f 1894/2680/848 2076/3358/848 1867/3359/848
f 1819/3360/848 2078/3361/848 1894/2680/848
f 1994/3362/51 2217/3363/51 2210/3364/51
f 1816/2601/849 2082/3365/849 2083/3366/849
f 2198/3367/41 2081/3368/41 1849/2615/41
f 1881/3369/850 2024/3370/850 2023/3371/850
f 1908/3372/51 2318/3044/51 2311/3373/51
f 1928/2809/740 2085/3374/740 2089/3065/740
f 1908/3375/851 2034/3045/851 1806/3376/851
f 1912/3377/852 1781/3378/852 1958/3379/852
f 2224/3380/51 1827/3381/51 2202/2657/51
f 1848/3382/853 2094/3383/853 2092/3384/853
f 2257/2937/750 1981/3385/750 2280/3386/750
f 2212/3387/742 2087/3388/742 2221/3389/742
f 2212/3387/742 2086/2676/742 2088/2678/742
f 1949/2867/41 2099/3390/41 2100/2868/41
f 1949/3391/750 2098/2782/750 1930/2781/750
f 1915/2803/740 2099/3392/740 2097/2804/740
f 1831/3393/854 2097/2804/854 1926/2805/854
f 1766/3394/750 2098/2782/750 1916/2729/750
f 2096/2483/51 1831/2652/51 1824/3395/51
f 2226/3396/742 2091/3397/742 2227/3398/742
f 2194/3399/855 2076/3400/855 2078/3361/855
f 2078/3361/856 2215/3401/856 2194/3399/856
f 1861/2604/740 2103/3402/740 1820/2609/740
f 2218/3403/857 2083/3404/857 2082/3365/857
f 1941/2764/858 2110/3405/858 2109/2765/858
f 2398/2924/859 1897/3026/859 2359/3406/859
f 1863/3407/860 2108/3408/860 2106/3409/860
f 2152/3410/51 1823/3411/51 2126/2667/51
f 1823/3412/861 2108/3408/861 1892/2674/861
f 2168/2831/41 2115/2904/41 2173/2926/41
f 1940/2833/750 2115/2904/750 2114/2905/750
f 1965/3413/740 2113/2783/740 1907/2785/740
f 1918/2788/862 2111/3414/862 2113/2783/862
f 1840/2834/750 2114/2905/750 2112/2767/750
f 2174/2475/51 1847/3415/51 2162/2661/51
f 2139/3416/863 2062/3417/863 2138/3418/863
f 1986/3419/864 2118/3420/864 1856/3421/864
f 2141/3422/865 2067/3345/865 2153/3423/865
f 2154/3424/866 2064/3425/866 2066/2670/866
f 1781/2881/867 2269/3426/867 2268/2879/867
f 2310/2959/868 1982/3040/868 1906/3427/868
f 2151/3428/869 2109/2765/869 2127/3429/869
f 2109/2765/870 2149/3097/870 2127/3429/870
f 2146/3430/871 2101/3431/871 2147/3432/871
f 2145/3433/872 2103/3402/872 2102/3434/872
f 2145/3433/873 2147/3432/873 2148/3435/873
f 2128/3436/874 2106/3409/874 2108/3408/874
f 2127/3429/875 2150/3437/875 2128/3436/875
f 2108/3408/876 2152/3438/876 2128/3436/876
f 2152/3438/877 2127/3429/877 2128/3436/877
f 2063/3439/878 2153/3423/878 2067/3345/878
f 2143/3440/879 2154/3424/879 2153/3423/879
f 2142/3441/880 2066/2670/880 2065/2688/880
f 2141/3422/881 2154/3424/881 2142/3441/881
f 2061/2606/882 2140/3442/882 2137/3443/882
f 2137/3443/883 2139/3416/883 2138/3418/883
f 2107/3444/51 2125/3445/51 1844/3446/51
f 2125/3445/51 2152/3410/51 2126/2667/51
f 2129/3447/41 2065/3448/41 1862/3449/41
f 2129/3447/41 2141/3341/41 2142/3450/41
f 2060/3451/41 2121/3452/41 1858/3023/41
f 2121/3452/41 2140/3338/41 2122/2630/41
f 2061/3453/51 2131/3454/51 1860/3455/51
f 2137/3456/51 2132/3332/51 2131/3454/51
f 2106/3457/41 2135/3458/41 1863/3459/41
f 2150/3460/41 2136/3096/41 2135/3458/41
f 1863/3461/884 2133/3462/884 1861/3463/884
f 2135/3464/821 2134/3094/821 2133/3462/821
f 1861/3465/51 2145/3466/51 2102/3467/51
f 2133/3468/51 2146/3091/51 2145/3466/51
f 1862/3469/885 2131/3470/885 2129/3471/885
f 2129/3471/886 2132/3472/886 2130/3086/886
f 1844/3446/51 2575/3473/51 2515/3474/51
f 2125/3445/51 2577/2669/51 2575/3473/51
f 1845/3475/51 2143/3476/51 2063/3439/51
f 2123/3477/51 2144/2664/51 2143/3476/51
f 2529/3024/41 2121/3452/41 2579/3478/41
f 2121/3452/41 2581/2632/41 2579/3478/41
f 1859/3479/41 2147/3480/41 2101/3431/41
f 2147/3480/51 1813/2627/51 2148/2629/51
f 1840/3481/51 2174/2475/51 2162/2661/51
f 1965/3482/41 2173/2926/41 2116/3483/41
f 2158/2479/51 2036/3484/51 1780/3485/51
f 2157/2501/51 2035/3486/51 1782/3487/51
f 2164/3272/41 2027/3488/41 1878/3489/41
f 1875/3490/41 2171/3247/41 2021/3491/41
f 2035/3492/742 2171/3223/742 2048/3493/742
f 2036/3494/887 2172/3214/887 2049/3495/887
f 2173/2926/41 1964/3185/41 2116/3483/41
f 2167/2923/41 1963/3496/41 1964/3185/41
f 1963/3496/41 2165/2915/41 1962/3038/41
f 2165/2915/41 1812/3037/41 1962/3038/41
f 2313/2847/41 2168/2831/41 1965/3482/41
f 1888/2562/888 2160/2704/888 1811/3497/888
f 1886/2561/742 2159/2697/742 1805/2559/742
f 2511/3498/51 2162/2661/51 2583/2663/51
f 1841/3499/51 2156/2480/51 1777/3500/51
f 2308/2499/51 1782/3487/51 2285/3501/51
f 1777/3500/51 2158/2479/51 1780/3485/51
f 2112/3502/51 2155/3503/51 2174/2475/51
f 2177/2540/51 2033/3504/51 1744/3505/51
f 2184/3251/41 2011/3506/41 1870/3507/41
f 2037/3508/747 2191/3232/747 2044/3509/747
f 2033/3510/742 2192/3220/742 2043/3511/742
f 2282/2899/41 1791/3512/41 2246/3513/41
f 2187/2891/41 1951/3514/41 1952/2894/41
f 1953/2893/41 2187/2891/41 1952/2894/41
f 2617/3515/41 2186/2886/41 1953/2893/41
f 2401/2708/41 1954/3516/41 2377/2896/41
f 1881/3369/742 2180/2700/742 1792/3517/742
f 1882/2567/747 2179/2691/747 1794/2565/747
f 1832/3518/51 2585/2641/51 2503/3519/51
f 1833/3520/51 2622/2638/51 2620/3521/51
f 2178/2521/51 2037/3522/51 1746/3523/51
f 2242/3524/51 2177/2540/51 1744/3505/51
f 2404/2522/51 1746/3523/51 2323/3525/51
f 2183/2510/41 2007/3526/41 1868/3527/41
f 1763/3528/51 2182/2487/51 1832/3518/51
f 2081/2987/889 2217/3529/889 2084/3530/889
f 2220/3531/890 2218/3403/890 2217/3529/890
f 2079/2743/891 2216/3532/891 2077/3533/891
f 2193/3534/892 2215/3401/892 2216/3532/892
f 2080/3535/893 2193/3534/893 2079/2743/893
f 2214/3536/894 2194/3399/894 2193/3534/894
f 2094/3020/742 2228/2611/742 2092/2613/742
f 2225/3022/742 2227/3398/742 2228/2611/742
f 2085/3374/742 2211/3537/742 2089/3065/742
f 2224/3538/742 2212/3387/742 2211/3537/742
f 2211/3537/895 2090/3539/895 2089/3065/895
f 2211/3537/742 2221/3389/742 2222/3540/742
f 2086/2676/51 2201/3541/51 1818/3542/51
f 2223/3543/51 2202/2657/51 2201/3541/51
f 2083/3404/41 2197/3544/41 1816/3545/41
f 2219/3546/41 2198/3367/41 2197/3544/41
f 2209/3547/51 2082/3548/51 1865/3549/51
f 2210/3364/51 2218/3550/51 2209/3547/51
f 2076/3400/41 2207/3551/41 1867/3552/41
f 2213/3553/41 2208/3356/41 2207/3551/41
f 2207/3554/855 1865/3555/855 1867/3556/855
f 2208/3158/855 2209/3557/855 2207/3554/855
f 1864/3558/896 2205/3559/896 1866/3560/896
f 2203/3561/896 2206/3154/896 2205/3559/896
f 2087/3388/41 2205/3562/41 2221/3563/41
f 2221/3563/41 2206/3564/41 2222/3149/41
f 2226/3565/51 1864/3566/51 2093/3567/51
f 2225/3022/51 2203/3568/51 2226/3565/51
f 2489/3569/51 2201/3541/51 2587/3570/51
f 2201/3541/51 2589/2659/51 2587/3570/51
f 1819/3571/51 2215/3572/51 2075/3573/51
f 2199/3574/51 2216/2654/51 2215/3572/51
f 1816/3545/41 2591/3575/41 2487/3576/41
f 2197/3544/41 2593/2614/41 2591/3575/41
f 1817/3577/41 2227/3398/41 2091/3397/41
f 2227/3398/41 2196/3578/41 2228/2611/41
f 2175/3579/51 2241/3580/51 1760/2488/51
f 2241/3580/51 2284/2538/51 2242/3524/51
f 2188/2895/41 2245/2883/41 1951/3514/41
f 2281/3581/41 2246/3513/41 2245/2883/41
f 2024/3582/897 2270/3583/897 2023/3584/897
f 2267/3585/898 2269/3426/898 2270/3583/898
f 2258/3586/750 1790/3587/750 1880/3588/750
f 2258/3586/750 2280/3386/750 2279/3589/750
f 1979/3012/785 2234/3590/785 1756/3013/785
f 2276/2927/899 2233/2978/899 2234/3590/899
f 2273/3591/750 1800/3244/750 1801/3592/750
f 2274/2971/750 2271/3593/750 2273/3591/750
f 2271/3593/750 1785/3242/750 1800/3244/750
f 2272/2969/750 2240/3594/750 2271/3593/750
f 2270/3583/51 1881/3595/51 2023/3584/51
f 2270/3583/51 2259/2954/51 2260/3596/51
f 1870/3597/51 2254/3598/51 1885/3599/51
f 2261/3600/51 2253/2949/51 2254/3598/51
f 2263/3601/51 1890/3602/51 1874/3603/51
f 2264/2727/51 2256/3604/51 2263/3601/51
f 2265/3605/51 1880/3588/51 1869/3606/51
f 2266/2938/51 2258/3586/51 2265/3605/51
f 1803/3297/740 2277/3607/740 1802/3608/740
f 2275/2976/899 2278/2929/899 2277/3607/899
f 1790/3587/41 2250/2871/41 1789/2873/41
f 2279/3589/41 2249/2913/41 2250/2871/41
f 1815/2872/41 2273/3609/41 1801/3610/41
f 2252/3611/719 2274/2911/719 2273/3609/719
f 2188/2895/41 2247/3612/41 2281/3581/41
f 2281/3581/41 2248/3613/41 2282/2899/41
f 2277/3614/41 1791/3512/41 1802/3615/41
f 2278/2884/41 2246/3513/41 2277/3614/41
f 1792/2900/41 2267/3585/41 2024/3582/41
f 2267/3585/41 2247/3612/41 2268/2879/41
f 1948/2870/41 2251/2909/41 2249/2913/41
f 2249/2913/41 2252/3611/41 2250/2871/41
f 1764/3616/740 2255/3617/740 1915/2803/740
f 2237/3618/740 2256/2779/740 2255/3617/740
f 1913/2800/785 2231/3619/785 2253/3620/785
f 2253/3620/899 2232/3621/899 2254/2776/899
f 1760/2796/740 2259/3622/740 1912/2797/740
f 2241/3623/740 2260/2775/740 2259/3622/740
f 1754/3250/750 2265/3624/750 1869/3248/750
f 2244/3625/900 2266/2730/900 2265/3624/900
f 1751/3293/750 2263/3601/750 1874/3291/750
f 2235/3626/750 2264/2727/750 2263/3601/750
f 1870/3256/750 2229/3627/750 2261/3628/750
f 2261/3628/750 2230/3629/750 2262/2722/750
f 2175/3579/51 2230/3630/51 2283/3631/51
f 2283/3631/51 2229/3632/51 2284/2538/51
f 1765/3633/51 2231/3634/51 1762/2485/51
f 2236/3635/51 2232/2532/51 2231/3634/51
f 1755/2619/41 2234/3636/41 2239/3637/41
f 2239/3637/41 2233/2529/41 2240/2531/41
f 1766/2481/51 2237/3618/51 1764/3638/51
f 2237/3618/51 2244/2526/51 2238/2528/51
f 2309/3639/51 2307/3640/51 2286/3641/51
f 2286/3641/51 2308/2499/51 2285/3501/51
f 1805/3642/41 2305/3643/41 2301/3644/41
f 2301/3644/41 2306/3645/41 2302/3646/41
f 1793/3647/901 2295/3648/901 1871/3649/901
f 2295/3648/902 2304/3650/902 2296/3651/902
f 2297/3652/51 1814/3653/51 1875/3654/51
f 2297/3652/51 2291/3655/51 2292/3656/51
f 1814/3653/903 2290/3657/903 1879/3658/903
f 2291/3655/904 2290/3657/904 2292/3656/904
f 1871/3649/51 2294/3659/51 1886/3660/51
f 2295/3648/51 2293/3661/51 2294/3659/51
f 1879/3658/41 2299/3662/41 1804/3663/41
f 2289/3664/41 2299/3662/41 2290/3665/41
f 1805/3642/41 2303/3666/41 1793/3647/41
f 2301/3644/41 2304/3667/41 2303/3666/41
f 2159/3668/41 2299/3662/41 2305/3643/41
f 2305/3643/41 2300/3669/41 2306/3645/41
f 2319/3670/740 2286/3671/740 2293/3672/740
f 2293/3672/740 2285/3673/740 2294/2766/740
f 1779/3301/750 2297/3674/750 1875/3299/750
f 2297/3674/750 2287/3675/750 2298/3676/750
f 2316/3677/51 2307/3640/51 2320/3678/51
f 2287/3679/51 2308/2499/51 2307/3640/51
f 1759/3680/51 2320/3678/51 2155/3503/51
f 1907/2785/740 2309/3681/740 2319/3670/740
f 1757/2476/51 2320/3678/51 2309/3639/51
f 2302/3646/41 2315/2829/41 2313/2847/41
f 2296/3651/905 2314/3682/905 2310/2959/905
f 2298/3683/51 2318/3044/51 2291/3655/51
f 2291/3655/906 2317/3046/906 2289/3684/906
f 2310/2959/51 2293/3661/51 2296/3651/51
f 2317/2856/41 2300/3669/41 2289/3664/41
f 2304/3667/41 2313/2847/41 2314/2849/41
f 2306/3645/41 2312/2855/41 2315/2829/41
f 2298/3676/750 2316/3685/750 2311/2716/750
f 1774/3686/51 2402/3687/51 2321/3688/51
f 2405/3689/51 2403/3690/51 2322/3691/51
f 2403/3690/51 2323/3525/51 2322/3691/51
f 1794/3692/41 2399/3693/41 2375/3694/41
f 2375/3694/41 2400/3695/41 2376/3696/41
f 2423/3697/41 2401/2708/41 2377/2896/41
f 1796/3698/907 2357/3699/907 1873/3700/907
f 2397/3701/908 2357/3699/908 2396/3702/908
f 2430/3703/909 2359/3406/909 2417/3704/909
f 2366/3705/51 1887/2940/51 1868/3706/51
f 2366/3705/51 2346/3707/51 2347/2941/51
f 2368/2979/51 2413/3708/51 2420/3709/51
f 2363/3710/51 1882/3711/51 1877/3712/51
f 2364/3713/51 2350/3714/51 2363/3710/51
f 2365/2719/51 2414/3715/51 2419/3716/51
f 1872/3717/51 2353/2739/51 1884/3718/51
f 2360/3719/51 2352/3720/51 2353/2739/51
f 2418/3721/51 2351/2973/51 2415/3722/51
f 2395/3723/910 1770/3015/910 1973/2934/910
f 2429/3724/911 2343/3725/911 2412/3726/911
f 2394/3727/912 2344/2964/912 2343/3725/912
f 2387/3728/740 1809/3284/740 1810/3729/740
f 2388/3730/740 2384/3731/740 2387/3728/740
f 2389/2898/740 2426/3732/740 2427/3733/740
f 2384/3731/740 1786/3282/740 1809/3284/740
f 2385/3734/740 2332/3735/740 2384/3731/740
f 2386/2955/740 2408/3736/740 2426/3732/740
f 1969/2712/913 2345/2981/913 1902/2980/913
f 2425/3737/914 2346/3707/914 2413/3708/914
f 2382/3738/915 2347/2941/915 2346/3707/915
f 1799/3288/750 2390/3739/750 1798/3740/750
f 2390/3739/916 2394/3727/916 2391/3741/916
f 2428/3742/750 2395/3723/750 2392/2933/750
f 2357/3743/51 1883/3744/51 1873/3700/51
f 2358/3745/51 2356/3746/51 2357/3743/51
f 2359/2932/51 2416/3747/51 2417/3748/51
f 1796/3698/41 2369/3749/41 2396/3702/41
f 2396/3702/41 2370/3750/41 2397/3701/41
f 2430/3703/41 2371/2711/41 2398/2924/41
f 2390/3751/41 1795/3752/41 1798/3753/41
f 2391/3754/41 2372/3755/41 2390/3751/41
f 2392/2903/41 2422/3756/41 2428/3757/41
f 1794/3692/41 2387/3728/41 1810/3758/41
f 2375/3694/41 2388/3730/41 2387/3728/41
f 2423/3697/41 2389/2898/41 2427/3733/41
f 1808/2951/41 2378/3759/41 1788/3760/41
f 2382/3738/41 2378/3759/41 2381/2939/41
f 2425/3737/41 2380/2706/41 2424/3761/41
f 1774/3762/917 2348/3763/917 1900/2824/917
f 2405/3764/918 2349/3765/918 2414/3766/918
f 2349/3765/750 2323/3767/750 2350/2750/750
f 1896/2814/750 2341/3768/750 2354/3769/750
f 2416/3770/750 2340/3771/750 2355/3772/750
f 2355/3772/750 2339/3773/750 2356/2740/750
f 1772/3774/750 2351/2973/750 1895/2819/750
f 2407/3775/750 2352/3720/750 2415/3722/750
f 2328/3776/750 2353/2739/750 2352/3720/750
f 1743/2586/740 2366/3777/740 1868/2584/740
f 2336/3778/740 2367/3779/740 2366/3777/740
f 2410/3780/740 2368/2736/740 2420/3781/740
f 1872/3269/740 2324/3782/740 2360/3719/740
f 2360/3719/740 2325/3783/740 2361/3784/740
f 2406/3785/740 2362/2733/740 2418/3721/740
f 1745/2589/740 2363/3710/740 1877/2587/740
f 2333/3786/740 2364/3713/740 2363/3710/740
f 2419/3716/919 2335/3787/919 2365/2719/919
f 1795/3752/41 2369/3749/41 1797/3788/41
f 2369/3749/41 2373/3789/41 2370/3750/41
f 2421/3790/41 2374/2709/41 2371/2711/41
f 2179/3791/41 2378/3759/41 2399/3693/41
f 2399/3693/41 2379/3792/41 2400/3695/41
f 2431/3793/41 2380/2706/41 2401/2708/41
f 1770/2496/41 2330/3794/41 1769/3795/41
f 2408/3796/41 2343/3797/41 2331/3798/41
f 2331/3798/41 2344/2535/41 2332/2537/41
f 1771/2650/51 2326/2731/51 2341/3799/51
f 2406/3785/51 2340/3800/51 2411/3801/51
f 2325/3783/51 2339/2525/51 2340/3800/51
f 1775/2644/51 2327/3802/51 1772/2645/51
f 2409/3803/51 2328/3804/51 2407/3805/51
f 2334/3806/51 2329/2524/51 2328/3804/51
f 2176/3807/51 2338/3808/51 2402/3687/51
f 2432/3809/51 2337/3810/51 2403/3690/51
f 2403/3690/51 2336/2520/51 2404/2522/51
f 2338/3808/51 2432/3809/51 2402/3687/51
f 2335/3811/51 2407/3805/51 2327/3802/51
f 2326/2731/51 2411/3801/51 2341/3799/51
f 2330/3794/41 2412/3812/41 2408/3796/41
f 2400/3695/41 2424/3761/41 2431/3793/41
f 2370/3750/41 2422/3756/41 2421/3790/41
f 2364/3713/920 2409/3813/920 2419/3716/920
f 2361/3784/740 2406/3785/740 2418/3721/740
f 2337/3814/740 2420/3781/740 2367/3779/740
f 2327/3815/750 2415/3722/750 2351/2973/750
f 2354/3769/750 2411/3816/750 2416/3770/750
f 2321/3817/921 2414/3766/921 2348/3763/921
f 2425/3737/41 2379/3792/41 2382/3738/41
f 2376/3696/41 2427/3733/41 2388/3730/41
f 2391/3754/41 2422/3756/41 2373/3789/41
f 2370/3750/41 2430/3703/41 2397/3701/41
f 2358/3745/51 2416/3747/51 2355/3818/51
f 2391/3741/750 2429/3724/750 2428/3742/750
f 2383/2874/922 2413/3708/922 2345/2981/922
f 2426/3732/740 2331/3819/740 2385/3734/740
f 2427/3733/740 2385/3734/740 2388/3730/740
f 2429/3724/750 2342/3820/750 2395/3723/750
f 2361/3784/51 2415/3722/51 2352/3720/51
f 2419/3716/51 2349/3821/51 2364/3713/51
f 2367/3822/51 2413/3708/51 2346/3707/51
f 2397/3701/923 2417/3704/923 2358/3823/923
f 2376/3696/41 2431/3793/41 2423/3697/41
f 2321/3688/51 2432/3809/51 2405/3689/51
f 2482/3824/924 2434/2493/924 2469/3825/924
f 2484/3826/41 2447/3346/41 2444/3348/41
f 2072/2756/824 2448/3827/824 2070/3828/824
f 1977/3829/41 2443/3830/41 2003/3831/41
f 2484/3832/925 2441/3115/925 2481/3833/925
f 2440/3110/926 2483/3834/926 2480/3835/926
f 1985/3836/686 2442/3837/686 2441/3838/686
f 1986/3839/51 2449/3840/51 2119/3841/51
f 2072/2756/927 2447/3346/927 2446/3842/927
f 2479/3843/928 2433/3042/928 2478/3844/928
f 2479/3843/929 2445/2965/929 2439/2966/929
f 2605/3845/51 2438/2492/51 2595/2637/51
f 2472/3846/51 2448/2635/51 2476/3847/51
f 2603/3848/41 2436/2495/41 2597/2625/41
f 2470/3849/41 2450/2622/41 2477/3850/41
f 2449/3851/930 2118/3420/930 2119/3852/930
f 2471/3853/41 2434/2493/41 2436/2495/41
f 2473/3854/51 2433/2490/51 2438/2492/51
f 1761/3855/51 2464/3856/51 1836/3857/51
f 1768/3858/41 2462/3859/41 1854/3860/41
f 2117/2554/41 2461/3861/41 2468/3862/41
f 1854/3860/41 2599/3863/41 2525/2998/41
f 1837/3864/51 2467/3865/51 2069/3866/51
f 1836/3857/51 2601/3867/51 2507/3868/51
f 1978/3869/931 2452/3870/931 1910/2770/931
f 1761/2768/932 2452/3870/932 2451/3871/932
f 1988/3872/933 2456/3873/933 2002/3874/933
f 2001/3875/934 2454/3876/934 1987/3877/934
f 2001/3878/41 2466/3879/41 2457/3880/41
f 1968/3881/935 2460/3882/935 1768/3003/935
f 2474/3883/936 2467/3262/936 2476/3884/936
f 2485/3885/41 2456/3117/41 2483/3886/41
f 2481/3887/686 2455/3888/686 2454/3104/686
f 2480/3889/51 2459/3098/51 2486/3890/51
f 2475/3891/937 2465/3080/937 2474/3883/937
f 2486/3892/938 2468/2555/938 2477/3893/938
f 2449/3851/939 2477/3893/939 2450/3894/939
f 2447/3346/940 2474/3883/940 2446/3842/940
f 2449/3840/686 2480/3889/686 2486/3890/686
f 2442/3837/686 2481/3887/686 2441/3838/686
f 2485/3885/664 2443/3830/664 2445/3895/664
f 2446/3842/941 2476/3884/941 2448/3827/941
f 2451/3896/51 2473/3854/51 2464/3856/51
f 2462/3859/41 2469/3825/41 2471/3853/41
f 2468/3862/41 2470/3849/41 2477/3850/41
f 2462/3859/41 2603/3848/41 2599/3863/41
f 2467/3865/51 2472/3846/51 2476/3847/51
f 2601/3867/51 2473/3854/51 2605/3845/51
f 2452/3870/942 2485/3897/942 2479/3843/942
f 2452/3870/943 2478/3844/943 2451/3871/943
f 2480/3835/944 2456/3873/944 2453/3898/944
f 2457/3899/925 2481/3833/925 2454/3876/925
f 2466/3879/41 2484/3826/41 2457/3880/41
f 2455/3888/945 2469/3825/945 2460/3882/945
f 2463/3900/51 2606/3901/51 2472/3846/51
f 2602/3902/51 2605/3845/51 2606/3901/51
f 2600/3903/41 2470/3849/41 2461/3861/41
f 2599/3863/41 2604/3904/41 2600/3903/41
f 2508/3905/51 2463/3900/51 1837/3864/51
f 2507/3868/51 2602/3902/51 2508/3905/51
f 1855/3906/41 2600/3903/41 2461/3861/41
f 2525/2998/41 2600/3903/41 2526/3907/41
f 2470/3849/41 2598/3908/41 2435/3909/41
f 2604/3904/41 2597/2625/41 2598/3908/41
f 2606/3901/51 2437/2633/51 2472/3846/51
f 2605/3845/51 2596/3910/51 2606/3901/51
f 2592/3911/41 2196/3578/41 2195/3912/41
f 2592/3911/41 2593/2614/41 2594/3913/41
f 2488/3914/41 2195/3912/41 1817/3577/41
f 2487/3576/41 2592/3911/41 2488/3914/41
f 2199/3574/51 2590/3915/51 2200/3916/51
f 2587/3570/51 2590/3915/51 2588/3917/51
f 1819/3571/51 2588/3917/51 2199/3574/51
f 2490/2679/51 2587/3570/51 2588/3917/51
f 2504/3918/51 2181/3919/51 1833/3520/51
f 2504/3918/51 2585/2641/51 2586/3920/51
f 2512/3921/51 2161/3922/51 1841/3499/51
f 2511/3498/51 2584/3923/51 2512/3921/51
f 1889/3924/41 2582/3925/41 1813/2627/41
f 2579/3478/41 2582/3925/41 2580/3926/41
f 1859/3479/41 2580/3926/41 1889/3924/41
f 2529/3024/41 2580/3926/41 2530/3927/41
f 2576/3928/51 2124/3929/51 2123/3477/51
f 2575/3473/51 2578/3930/51 2576/3928/51
f 2516/3931/51 2123/3477/51 1845/3475/51
f 2515/3474/51 2576/3928/51 2516/3931/51
f 2538/3932/41 2054/3933/41 1867/3934/41
f 2538/3932/41 2569/3328/41 2570/3935/41
f 2541/3936/51 2055/3937/51 1891/3938/51
f 2541/3936/51 2574/3325/51 2573/3939/51
f 2539/3940/51 2057/3941/51 1893/3942/51
f 2540/3317/51 2571/3943/51 2539/3940/51
f 2534/3944/41 2052/3945/41 1863/3946/41
f 2533/3314/41 2568/3947/41 2534/3944/41
f 2055/3948/740 2567/3316/740 2051/3949/740
f 2573/3950/740 2568/3313/740 2567/3316/740
f 2057/3951/750 2569/3952/750 2053/3953/750
f 2571/3954/750 2570/3310/750 2569/3952/750
f 2519/3955/41 1851/2617/41 1848/2612/41
f 2519/3955/41 2521/2621/41 2522/3956/41
f 1919/3957/51 2566/3958/51 1942/3959/51
f 2543/3960/51 2565/3193/51 2566/3958/51
f 1920/3961/51 2564/3962/51 2546/3963/51
f 2546/3963/51 2563/3964/51 2545/3176/51
f 2547/3965/51 1937/3966/51 1922/3967/51
f 2547/3965/51 2561/3171/51 2562/3968/51
f 1927/3969/51 2558/3970/51 1933/3971/51
f 2551/3972/51 2557/3078/51 2558/3970/51
f 2553/3973/51 1931/3974/51 1929/3975/51
f 2554/3056/51 2556/3976/51 2553/3973/51
f 2527/3977/41 1859/3479/41 1856/2623/41
f 2527/3977/41 2529/3024/41 2530/3927/41
f 1852/3978/41 2526/3907/41 1855/3906/41
f 2523/3979/946 2525/2998/946 2526/3907/946
f 2549/3980/51 1935/3981/51 1925/3982/51
f 2549/3980/51 2559/2863/51 2560/2822/51
f 1941/2764/750 2515/3983/750 2565/3984/750
f 2565/3984/750 2516/2836/750 2566/2838/750
f 1939/2841/750 2512/3985/750 1841/2835/750
f 2563/3986/750 2511/2832/750 2512/3985/750
f 1836/3987/750 2561/3988/750 1936/2769/750
f 2507/3989/750 2562/2828/750 2561/3988/750
f 1934/2772/750 2503/3990/750 2559/2863/750
f 2559/2863/750 2504/2820/750 2560/2822/750
f 1932/2778/947 2499/3991/947 2557/3992/947
f 2557/3992/750 2500/2815/750 2558/2817/750
f 1824/3993/750 2555/3994/750 1930/2781/750
f 2495/2651/750 2556/2812/750 2555/3994/750
f 1929/2745/740 2497/3995/740 2553/3996/740
f 2553/3996/740 2498/3997/740 2554/2807/740
f 1830/3998/740 2551/3999/740 1927/2747/740
f 2501/4000/740 2552/2806/740 2551/3999/740
f 1834/2748/740 2549/4001/740 1925/2749/740
f 2505/4002/740 2550/2801/740 2549/4001/740
f 1922/2755/740 2509/4003/740 2547/4004/740
f 2547/4004/740 2510/4005/740 2548/2793/740
f 1921/2758/740 2513/4006/740 2545/4007/740
f 2513/4006/740 2546/2792/740 2545/4007/740
f 1919/2760/740 2517/4008/740 2543/4009/740
f 2543/4009/740 2518/4010/740 2544/2786/740
f 1818/4011/750 2539/4012/750 1893/2677/750
f 2489/3569/750 2540/2681/750 2539/4012/750
f 1822/2671/740 2541/4013/740 1891/2672/740
f 2493/4014/740 2542/2675/740 2541/4013/740
f 2578/3930/51 1822/2665/51 2124/3929/51
f 2578/3930/51 2494/2668/51 2493/4015/51
f 2584/3923/51 1846/2660/51 2161/3922/51
f 2584/3923/51 2518/2662/51 2517/4016/51
f 2200/3916/51 2497/4017/51 1826/2655/51
f 2589/2659/51 2497/4017/51 2590/3915/51
f 2496/2810/51 1830/4018/51 1825/2648/51
f 2495/2651/51 2501/4000/51 2496/2810/51
f 2500/4019/51 1834/4020/51 1829/2643/51
f 2499/2646/51 2505/4021/51 2500/4019/51
f 2181/3919/51 2509/4022/51 1838/2639/51
f 2585/2641/51 2509/4022/51 2586/3920/51
f 2596/3910/51 1842/4023/51 2437/2633/51
f 2595/2637/51 2513/4006/51 2596/3910/51
f 2582/3925/41 1820/4024/41 1813/2627/41
f 2581/2632/41 2491/4025/41 2582/3925/41
f 2598/3908/41 1856/2623/41 2435/3909/41
f 2598/3908/41 2528/2626/41 2527/3977/41
f 2522/3956/41 1852/3978/41 1851/2617/41
f 2522/3956/948 2524/2620/948 2523/3979/948
f 2594/3913/41 1848/2612/41 2196/3578/41
f 2594/3913/41 2520/2616/41 2519/3955/41
f 1860/4026/740 2492/2631/740 1821/2607/740
f 2531/4027/740 2491/2610/740 2492/2631/740
f 1862/4028/740 2531/4027/740 1860/4026/740
f 2533/4029/740 2532/2605/740 2531/4027/740
f 1864/4030/750 2488/4031/750 1817/2599/750
f 2535/4032/750 2487/2602/750 2488/4031/750
f 1866/4033/750 2535/4032/750 1864/4030/750
f 2537/4034/750 2536/2597/750 2535/4032/750
f 2607/4035/51 2176/3807/51 1774/3686/51
f 1954/3516/41 2613/4036/41 2611/4037/41
f 2618/4038/949 2610/2889/949 2616/2753/949
f 1955/2714/41 2613/4036/41 2185/2707/41
f 1900/2824/950 2611/4039/950 2609/2825/950
f 2620/4040/951 2609/2825/951 2621/2843/951
f 1776/4041/952 2610/2889/952 1901/2735/952
f 2614/4042/51 1776/4043/51 2176/3807/51
f 1833/4044/750 2621/2843/750 1935/2821/750
f 1956/4045/762 2616/2753/762 1922/2755/762
f 2620/3521/51 2614/4042/51 2607/4035/51
f 2611/4037/41 2619/2887/41 2617/3515/41
f 2612/4046/41 2619/2887/41 2613/4036/41
f 2609/2825/953 2617/4047/953 2621/2843/953
f 2608/4048/954 2616/2753/954 2610/2889/954
f 2614/4042/51 2615/2640/51 2608/4049/51
f 740/1/1 183/4050/1 184/2/1
f 741/3/2 184/2/2 211/4/2
f 187/6/955 188/12/955 186/7/955
f 187/6/4 185/8/4 250/9/4
f 189/11/956 190/532/956 188/12/956
f 189/11/957 187/6/957 247/10/957
f 592/14/7 190/532/7 189/11/7
f 593/15/8 189/11/8 244/13/8
f 194/17/958 192/544/958 191/18/958
f 193/19/959 191/18/959 241/20/959
f 196/22/960 194/17/960 193/19/960
f 195/23/961 193/19/961 238/21/961
f 28/25/13 11/25/13 8/26/13
f 673/27/962 196/22/962 195/23/962
f 674/28/963 195/23/963 235/24/963
f 199/30/964 200/36/964 198/31/964
f 229/33/965 199/30/965 197/32/965
f 518/35/966 517/528/966 200/36/966
f 539/37/967 518/35/967 199/30/967
f 203/38/968 204/526/968 202/39/968
f 223/41/969 203/38/969 201/40/969
f 594/43/970 204/526/970 203/38/970
f 20/45/23 6/45/23 2/46/23
f 595/44/24 203/38/24 223/41/24
f 207/48/25 208/523/25 206/49/25
f 24/26/26 8/26/26 505/51/26
f 217/52/971 207/48/971 205/50/971
f 32/54/28 12/54/28 583/55/28
f 36/57/29 7/57/29 12/54/29
f 40/58/30 5/58/30 507/59/30
f 44/61/31 1/61/31 5/58/31
f 48/62/32 3/62/32 662/63/32
f 519/65/33 208/523/33 207/48/33
f 52/67/34 9/67/34 3/62/34
f 56/68/35 13/68/35 9/67/35
f 60/69/36 14/69/36 585/70/36
f 64/72/37 10/72/37 14/69/37
f 68/73/38 4/73/38 10/72/38
f 520/66/39 207/48/39 217/52/39
f 711/75/972 325/76/972 131/76/972
f 734/78/41 662/63/41 3/62/41
f 357/80/973 365/81/973 151/81/973
f 551/82/974 285/83/974 107/83/974
f 309/85/975 317/86/975 127/86/975
f 349/87/976 357/80/976 147/80/976
f 527/88/977 558/490/977 309/85/977
f 578/89/41 2/46/41 6/45/41
f 579/91/41 3/517/41 9/92/41
f 660/94/41 505/51/41 8/26/41
f 581/95/41 8/26/41 11/25/41
f 582/96/41 9/67/41 13/68/41
f 183/97/47 210/536/47 209/98/47
f 184/99/48 209/98/48 212/100/48
f 635/102/978 349/87/978 143/87/978
f 105/103/50 100/104/50 301/104/50
f 94/105/51 246/105/51 622/106/51
f 115/107/979 293/107/979 305/108/979
f 106/109/53 401/109/53 298/110/53
f 102/111/980 366/111/980 280/112/980
f 51/113/55 271/113/55 273/114/55
f 141/115/981 137/116/981 338/116/981
f 135/117/982 333/117/982 341/118/982
f 96/119/51 249/119/51 246/105/51
f 142/120/58 329/120/58 337/121/58
f 632/122/983 293/107/983 115/107/983
f 131/76/984 325/76/984 333/117/984
f 798/123/985 366/124/985 102/124/985
f 16/125/62 19/190/62 20/45/62
f 285/83/986 289/126/986 111/126/986
f 509/127/64 23/132/64 24/26/64
f 406/128/987 274/189/987 213/129/987
f 27/131/988 28/25/988 24/26/988
f 404/130/989 213/129/989 215/133/989
f 586/135/68 31/139/68 32/54/68
f 403/134/990 215/133/990 577/136/990
f 35/138/991 36/57/991 32/54/991
f 398/140/992 221/206/992 227/141/992
f 39/143/993 40/58/993 512/60/993
f 397/142/994 227/141/994 233/145/994
f 43/147/995 44/61/995 40/58/995
f 721/148/996 396/146/996 233/145/996
f 666/150/997 47/154/997 48/62/997
f 395/151/998 239/228/998 245/152/998
f 47/154/999 51/230/999 52/67/999
f 566/155/1000 390/153/1000 245/152/1000
f 51/113/1001 55/114/1001 56/68/1001
f 388/157/1002 389/510/1002 251/158/1002
f 590/160/1003 59/163/1003 60/69/1003
f 638/161/1004 388/157/1004 256/159/1004
f 59/163/84 63/365/84 64/72/84
f 382/164/1005 387/509/1005 260/165/1005
f 67/167/1006 68/73/1006 64/72/1006
f 561/169/1007 382/164/1007 264/166/1007
f 739/171/88 16/125/88 15/46/88
f 405/173/1008 278/266/1008 735/174/1008
f 15/46/90 2/46/90 736/176/90
f 96/119/51 98/177/51 252/177/51
f 421/178/1009 102/111/1009 103/112/1009
f 381/180/1010 276/319/1010 278/181/1010
f 284/183/1011 270/179/1011 272/178/1011
f 364/185/1012 380/507/1012 268/186/1012
f 448/129/1013 149/193/1013 153/188/1013
f 434/187/1014 147/80/1014 151/81/1014
f 16/125/23 253/125/23 254/190/23
f 364/185/1015 214/187/1015 218/191/1015
f 447/133/1016 145/496/1016 149/193/1016
f 433/191/1017 143/87/1017 147/80/1017
f 105/103/50 402/103/50 550/194/50
f 356/192/1018 218/191/1018 588/196/1018
f 603/198/102 145/496/102 447/133/102
f 640/196/1019 604/102/1019 143/87/1019
f 348/200/1020 224/207/1020 230/201/1020
f 340/202/1021 230/201/1021 236/203/1021
f 137/205/1022 141/548/1022 446/206/1022
f 431/201/1023 135/117/1023 139/118/1023
f 713/208/1024 332/204/1024 236/203/1024
f 324/210/1025 242/229/1025 248/211/1025
f 133/213/1026 137/205/1026 445/141/1026
f 430/203/1027 131/76/1027 135/117/1027
f 110/214/58 393/214/58 549/215/58
f 560/217/1028 316/504/1028 248/211/1028
f 683/219/1029 133/213/1029 444/145/1029
f 718/209/1030 684/77/1030 131/76/1030
f 71/221/51 281/221/51 755/222/51
f 304/224/1031 308/502/1031 255/225/1031
f 125/227/1032 129/616/1032 443/228/1032
f 428/211/1033 123/85/1033 127/86/1033
f 47/154/118 269/154/118 271/230/118
f 634/231/1034 304/224/1034 258/226/1034
f 526/233/1035 125/227/1035 442/152/1035
f 527/88/1036 123/85/1036 428/211/1036
f 141/115/56 330/115/56 625/236/56
f 288/238/1037 292/500/1037 262/239/1037
f 117/241/1038 121/4051/1038 441/158/1038
f 426/226/1039 115/107/1039 119/108/1039
f 553/242/1040 288/238/1040 266/240/1040
f 762/244/1041 379/499/1041 272/245/1041
f 606/247/1042 117/241/1042 440/159/1042
f 639/248/1043 607/122/1043 115/107/1043
f 146/249/58 321/249/58 624/250/58
f 65/252/1044 164/104/1044 182/103/1044
f 438/166/130 109/487/130 113/254/130
f 424/240/1045 107/83/1045 111/126/1045
f 17/255/132 181/109/132 161/110/132
f 515/257/133 528/495/133 177/258/133
f 530/260/1046 109/4052/1046 438/166/1046
f 562/262/1047 532/84/1047 107/83/1047
f 516/263/1048 531/493/1048 181/109/1048
f 764/264/1049 781/486/1049 100/265/1049
f 763/267/1050 782/123/1050 102/124/1050
f 177/268/1051 172/273/1051 26/269/1051
f 171/270/1052 176/214/1052 21/271/1052
f 113/273/56 109/268/56 394/268/56
f 608/274/1053 167/309/1053 30/275/1053
f 114/270/58 385/270/58 393/214/58
f 43/147/142 267/147/142 790/277/142
f 145/279/1054 322/279/1054 314/280/1054
f 609/281/1055 171/270/1055 25/272/1055
f 150/283/1056 313/283/1056 321/249/1056
f 30/275/1057 167/309/1057 159/284/1057
f 33/286/1058 158/294/1058 166/287/1058
f 533/289/1059 148/298/1059 38/290/1059
f 113/273/1060 386/273/1060 627/292/1060
f 522/293/1061 534/541/1061 158/294/1061
f 118/287/1062 377/287/1062 626/295/1062
f 39/143/152 265/143/152 267/147/152
f 153/297/50 149/280/50 314/280/50
f 148/298/1063 132/347/1063 42/299/1063
f 154/300/53 297/300/53 313/283/53
f 41/301/1064 128/349/1064 144/302/1064
f 677/304/1065 687/580/1065 108/305/1065
f 785/307/1066 128/349/1066 41/301/1066
f 117/309/1067 378/309/1067 370/284/1067
f 118/287/1068 122/294/1068 369/294/1068
f 46/306/1069 108/305/1069 112/116/1069
f 35/138/160 263/138/160 542/311/160
f 49/312/1070 101/121/1070 104/313/1070
f 153/297/50 302/297/50 704/315/50
f 50/310/1071 112/116/1071 179/115/1071
f 100/318/1072 105/540/1072 436/319/1072
f 178/120/1073 101/121/1073 49/312/1073
f 600/321/1074 610/489/1074 174/279/1074
f 156/323/53 298/323/53 756/324/53
f 67/167/90 279/167/90 700/326/90
f 121/328/56 370/328/56 548/329/56
f 525/331/58 126/302/58 361/302/58
f 601/333/1075 611/488/1075 178/120/1075
f 58/322/1076 174/279/1076 169/280/1076
f 31/139/168 261/139/168 263/138/168
f 71/335/51 74/336/51 216/336/51
f 61/337/1077 168/283/1077 173/249/1077
f 62/334/170 169/280/170 163/297/170
f 162/300/1078 168/283/1078 61/337/1078
f 784/341/172 786/575/172 164/342/172
f 76/344/51 219/344/51 546/345/51
f 686/346/173 690/471/173 162/300/173
f 63/168/38 277/168/38 279/167/38
f 125/298/56 362/298/56 354/347/56
f 78/348/51 222/348/51 219/344/51
f 126/302/58 130/349/58 353/349/58
f 65/252/174 18/253/174 17/350/174
f 516/352/1079 515/257/1079 22/259/1079
f 27/131/28 259/131/28 619/354/28
f 80/355/51 225/355/51 623/356/51
f 22/259/1080 26/269/1080 25/357/1080
f 596/276/1081 30/275/1081 29/358/1081
f 29/358/1082 30/275/1082 34/285/1082
f 522/361/1083 521/291/1083 38/290/1083
f 80/355/51 82/363/51 228/363/51
f 38/290/1084 42/299/1084 41/364/1084
f 59/163/37 275/163/37 277/365/37
f 745/366/1085 129/347/1085 354/347/1085
f 523/368/51 84/369/51 231/369/51
f 134/313/1086 345/313/1086 705/370/1086
f 677/304/1087 46/306/1087 45/372/1087
f 45/372/1088 46/306/1088 50/310/1088
f 23/132/13 257/132/13 259/131/13
f 84/369/51 86/375/51 234/375/51
f 49/374/1089 50/310/1089 54/317/1089
f 601/377/543 600/321/543 58/322/543
f 57/378/1090 58/322/1090 62/334/1090
f 62/334/188 70/339/188 69/380/188
f 88/381/51 237/381/51 702/382/51
f 747/384/189 784/341/189 65/343/189
f 55/114/36 273/114/36 620/386/36
f 137/116/1091 133/305/1091 346/305/1091
f 90/387/51 240/387/51 237/381/51
f 138/121/1092 337/121/1092 345/313/1092
f 461/388/192 408/455/192 282/389/192
f 410/391/1093 286/396/1093 535/392/1093
f 19/190/26 254/190/26 541/394/26
f 412/395/1094 290/549/1094 286/396/1094
f 92/397/51 243/397/51 240/387/51
f 414/398/1095 294/402/1095 612/399/1095
f 416/401/1096 306/542/1096 294/402/1096
f 418/403/1097 310/407/1097 536/404/1097
f 420/406/1098 318/619/1098 310/407/1098
f 724/408/1099 450/411/1099 326/409/1099
f 450/411/1100 452/413/1100 334/412/1100
f 452/413/1101 454/452/1101 342/414/1101
f 647/415/1102 456/419/1102 350/416/1102
f 458/418/1103 358/421/1103 350/416/1103
f 458/418/1104 462/450/1104 371/420/1104
f 461/422/1105 155/449/1105 750/423/1105
f 152/167/206 72/447/206 73/425/206
f 543/426/1106 87/427/1106 157/138/1106
f 73/425/208 75/550/208 120/163/208
f 87/427/1107 89/551/1107 140/139/1107
f 618/428/1108 77/443/1108 116/114/1108
f 621/430/1109 91/442/1109 124/131/1109
f 254/190/212 212/440/212 537/431/212
f 116/114/1110 77/443/1110 79/432/1110
f 124/131/214 91/442/214 93/433/214
f 267/147/1111 232/438/1111 789/434/1111
f 97/190/216 95/440/216 374/435/216
f 279/167/217 250/447/217 697/436/217
f 180/230/1112 79/432/1112 81/437/1112
f 265/143/1113 229/543/1113 232/438/1113
f 83/438/1114 85/543/1114 165/143/1114
f 696/436/221 72/447/221 152/167/221
f 271/230/1115 269/154/1115 235/437/1115
f 254/190/223 253/125/223 211/435/223
f 791/441/1116 83/438/1116 170/147/1116
f 257/132/225 217/433/225 220/442/225
f 273/114/1117 271/113/1117 238/432/1117
f 544/431/227 95/440/227 97/190/227
f 334/387/1118 342/397/1118 398/397/1118
f 259/131/229 220/442/229 615/445/229
f 273/114/230 241/443/230 617/428/230
f 574/446/231 540/444/231 97/190/231
f 104/313/1119 101/121/1119 340/121/1119
f 261/139/1120 223/551/1120 226/427/1120
f 275/163/234 244/550/234 247/425/234
f 326/381/1121 334/387/1121 397/387/1121
f 339/116/1122 112/116/1122 108/305/1122
f 263/138/1123 226/427/1123 539/426/1123
f 277/168/238 247/425/238 250/447/238
f 649/429/1124 614/429/1124 116/114/1124
f 740/448/1125 755/423/1125 281/449/1125
f 188/418/1126 249/421/1126 252/420/1126
f 246/416/242 249/421/242 188/418/242
f 592/451/243 622/4053/243 246/416/243
f 194/413/1127 240/412/1127 243/414/1127
f 196/411/1128 237/409/1128 240/412/1128
f 673/27/1129 702/410/1129 237/409/1129
f 231/407/1130 234/619/1130 198/406/1130
f 545/453/1131 231/407/1131 200/403/1131
f 225/402/1132 228/542/1132 202/401/1132
f 594/454/250 623/399/250 225/402/250
f 219/396/251 222/549/251 206/395/251
f 519/393/252 546/392/252 219/396/252
f 183/388/253 281/390/253 216/389/253
f 299/385/254 300/343/254 795/341/254
f 691/382/1133 326/381/1133 396/381/1133
f 312/379/256 296/380/256 295/339/256
f 390/369/1134 310/369/1134 318/375/1134
f 320/378/1135 312/379/1135 311/334/1135
f 484/131/259 124/131/259 99/132/259
f 628/457/28 320/378/28 319/322/28
f 688/459/1136 104/313/1136 332/313/1136
f 336/374/261 328/376/261 327/317/261
f 566/461/1137 536/461/1137 310/369/1137
f 344/372/263 336/374/263 335/310/263
f 761/462/1138 748/617/1138 132/347/1138
f 344/372/265 343/306/265 710/304/265
f 466/365/1139 136/365/1139 120/163/1139
f 360/362/267 352/364/267 351/299/267
f 388/355/1140 294/355/1140 306/363/1140
f 554/361/269 360/362/269 359/290/269
f 612/464/1141 294/355/1141 388/355/1141
f 376/358/1142 368/360/1142 367/285/1142
f 651/466/1143 616/354/1143 124/131/1143
f 376/358/273 375/275/273 631/467/273
f 316/302/1144 144/302/1144 128/349/1144
f 384/357/275 383/269/275 391/259/275
f 286/344/1145 290/348/1145 387/348/1145
f 392/353/1146 391/259/1146 557/469/1146
f 132/347/1147 148/298/1147 315/298/1147
f 400/350/279 399/253/279 300/252/279
f 464/167/280 152/167/280 136/168/280
f 707/346/281 296/340/281 297/300/281
f 795/341/580 300/343/580 301/342/580
f 535/473/1148 286/344/1148 382/344/1148
f 155/335/1149 282/336/1149 381/336/1149
f 312/337/285 313/283/285 297/300/285
f 295/339/286 302/297/286 314/280/286
f 480/138/1150 157/138/1150 140/139/1150
f 560/475/1151 534/541/1151 144/302/1151
f 312/337/1152 320/338/1152 321/249/1152
f 319/322/1153 311/334/1153 314/280/1153
f 533/289/1154 159/328/1154 307/328/1154
f 728/439/292 693/439/292 152/167/292
f 628/333/293 328/320/293 329/120/293
f 629/458/294 319/322/294 322/279/294
f 749/476/1155 161/323/1155 379/323/1155
f 276/319/1156 283/540/1156 373/318/1156
f 336/312/1157 337/121/1157 329/120/1157
f 335/310/1158 327/317/1158 330/115/1158
f 689/316/299 163/297/299 372/297/299
f 572/478/1159 538/311/1159 157/138/1159
f 336/312/1160 344/314/1160 345/313/1160
f 343/306/1161 335/310/1161 338/116/1161
f 304/287/1162 166/287/1162 158/294/1162
f 159/284/1163 167/309/1163 303/309/1163
f 352/301/1164 353/349/1164 794/479/1164
f 710/304/1165 343/306/1165 346/305/1165
f 364/283/1166 168/283/1166 162/300/1166
f 372/297/308 163/297/308 169/280/308
f 352/301/1167 360/303/1167 361/302/1167
f 351/299/1168 354/347/1168 362/298/1168
f 170/147/1169 165/143/1169 478/143/1169
f 609/281/1170 166/287/1170 304/287/1170
f 554/482/1171 368/286/1171 369/294/1171
f 359/290/1172 362/298/1172 548/329/1172
f 608/274/1173 172/273/1173 291/273/1173
f 173/249/1174 168/283/1174 364/283/1174
f 368/286/1175 376/288/1175 377/287/1175
f 375/275/1176 367/285/1176 370/284/1176
f 169/280/1177 174/279/1177 355/279/1177
f 806/484/1178 788/277/1178 170/147/1178
f 384/272/1179 385/270/1179 626/295/1179
f 375/275/1180 378/309/1180 627/292/1180
f 176/214/1181 171/270/1181 292/270/1181
f 172/273/1182 177/268/1182 287/268/1182
f 384/272/325 392/271/325 393/214/325
f 391/259/326 383/269/326 386/273/326
f 272/245/1183 366/124/1183 798/123/1183
f 278/266/1184 373/265/1184 799/486/1184
f 556/263/1185 400/255/1185 401/109/1185
f 391/259/1186 394/258/1186 550/194/1186
f 266/240/1187 285/83/1187 551/82/1187
f 264/166/1188 287/4052/1188 552/260/1188
f 400/255/1189 299/256/1189 298/110/1189
f 300/252/334 399/253/334 402/103/334
f 262/239/1190 289/126/1190 285/83/1190
f 260/165/1191 291/254/1191 287/487/1191
f 611/488/1192 173/249/1192 356/249/1192
f 258/226/1193 293/107/1193 632/122/1193
f 584/162/1194 256/159/1194 303/241/1194
f 258/226/1195 255/225/1195 305/108/1195
f 251/158/1196 307/4051/1196 303/241/1196
f 610/489/1197 179/115/1197 347/115/1197
f 248/211/1198 309/85/1198 558/490/1198
f 506/156/1199 245/152/1199 315/227/1199
f 180/230/1200 175/154/1200 474/154/1200
f 248/211/1201 242/229/1201 317/86/1201
f 239/228/1202 323/616/1202 315/227/1202
f 750/491/1203 155/221/1203 405/221/1203
f 236/203/1204 325/76/1204 711/75/1204
f 233/145/1205 331/213/1205 712/492/1205
f 531/493/1206 176/214/1206 288/214/1206
f 236/203/1207 230/201/1207 333/117/1207
f 227/141/1208 339/205/1208 331/213/1208
f 230/201/1209 224/207/1209 341/118/1209
f 221/206/1210 347/548/1210 339/205/1210
f 218/191/1211 349/87/1211 635/102/1211
f 215/133/1212 355/496/1212 636/198/1212
f 528/495/1213 182/103/1213 283/103/1213
f 214/187/1214 357/80/1214 349/87/1214
f 215/133/1215 213/129/1215 363/193/1215
f 97/190/361 160/125/361 489/125/361
f 214/187/1216 268/186/1216 365/81/1216
f 213/129/1217 274/189/1217 372/188/1217
f 272/178/1218 270/179/1218 280/112/1218
f 404/119/1219 358/119/1219 371/177/1219
f 805/172/366 770/172/366 503/46/366
f 768/497/367 805/172/367 490/46/367
f 465/72/1220 463/73/1220 464/167/1220
f 468/163/369 467/69/369 465/72/369
f 649/429/1221 648/70/1221 467/69/1221
f 472/113/1222 471/67/1222 469/68/1222
f 474/154/1223 473/62/1223 471/67/1223
f 730/498/1224 729/521/1224 473/62/1224
f 477/58/1225 475/61/1225 476/147/1225
f 571/60/1226 477/58/1226 478/143/1226
f 481/54/1227 479/57/1227 480/138/1227
f 651/466/1228 650/522/1228 481/54/1228
f 485/26/378 483/25/378 484/131/378
f 744/244/1229 763/267/1229 421/245/1229
f 529/242/1230 562/262/1230 424/240/1230
f 110/238/1231 424/240/1231 425/239/1231
f 605/501/1232 639/248/1232 426/226/1232
f 118/224/1233 426/226/1233 427/225/1233
f 525/503/1234 563/235/1234 428/211/1234
f 428/211/1235 429/229/1235 130/210/1235
f 682/505/1236 718/209/1236 430/203/1236
f 430/203/1237 431/201/1237 138/202/1237
f 431/201/1238 432/207/1238 142/200/1238
f 640/196/1239 433/191/1239 146/192/1239
f 433/191/1240 434/187/1240 150/185/1240
f 150/185/1241 434/187/1241 423/186/1241
f 421/178/1242 422/179/1242 106/183/1242
f 435/181/1243 436/319/1243 74/180/1243
f 764/264/1244 435/266/1244 71/173/1244
f 564/261/1245 438/166/1245 76/164/1245
f 76/164/1246 438/166/1246 439/165/1246
f 599/161/1247 641/162/1247 440/159/1247
f 80/157/1248 440/159/1248 441/158/1248
f 523/155/1249 565/234/1249 442/152/1249
f 442/152/1250 443/228/1250 86/151/1250
f 676/383/1251 720/220/1251 444/145/1251
f 444/145/1252 445/141/1252 90/142/1252
f 445/141/1253 446/206/1253 92/140/1253
f 642/199/1254 447/133/1254 94/134/1254
f 447/133/1255 448/129/1255 96/130/1255
f 448/129/1256 437/189/1256 98/128/1256
f 574/446/468 573/51/468 485/26/468
f 489/125/1257 490/46/1257 487/45/1257
f 101/121/1258 178/120/1258 348/120/1258
f 403/105/1259 350/105/1259 358/119/1259
f 347/115/1260 179/115/1260 112/116/1260
f 116/114/1261 180/113/1261 472/113/1261
f 161/110/1262 181/109/1262 284/109/1262
f 613/511/1263 350/105/1263 403/105/1263
f 283/103/415 182/103/415 164/104/415
f 95/100/1264 407/98/1264 459/99/1264
f 407/98/417 408/536/417 461/97/417
f 654/513/1265 652/70/1265 492/68/1265
f 655/514/1266 653/4054/1266 494/25/1266
f 659/515/1267 655/514/1267 497/26/1267
f 657/91/1268 654/4055/1268 496/92/1268
f 658/89/521 656/537/521 499/45/521
f 733/78/467 657/4056/467 502/62/467
f 93/52/1269 409/48/1269 567/519/1269
f 495/72/425 501/73/425 463/73/425
f 467/69/426 491/69/426 495/72/426
f 648/70/1270 652/70/1270 491/69/1270
f 471/67/1271 496/67/1271 492/68/1271
f 473/62/1272 502/62/1272 496/67/1272
f 409/48/466 410/523/466 568/65/466
f 729/521/1273 732/518/1273 502/62/1273
f 477/58/1274 500/58/1274 504/61/1274
f 571/60/1275 575/60/1275 500/58/1275
f 493/54/1276 498/57/1276 479/57/1276
f 650/522/1277 653/4054/1277 493/54/1277
f 93/52/436 91/53/436 411/50/436
f 573/51/437 576/516/437 497/26/437
f 409/48/1278 411/50/1278 412/49/1278
f 89/41/1279 413/38/1279 644/44/1279
f 503/46/440 499/45/440 487/45/440
f 413/38/441 414/526/441 645/525/441
f 89/41/1280 87/42/1280 415/40/1280
f 413/38/1281 415/40/1281 416/39/1281
f 543/527/1282 85/33/1282 417/30/1282
f 569/35/1283 417/30/1283 418/36/1283
f 85/33/1284 83/34/1284 419/32/1284
f 417/30/1285 419/32/1285 420/31/1285
f 81/24/1286 449/23/1286 723/28/1286
f 449/23/1287 450/22/1287 724/408/1287
f 485/26/450 497/26/450 494/25/450
f 79/21/1288 451/19/1288 449/23/1288
f 451/19/1289 452/17/1289 450/22/1289
f 77/20/1290 453/18/1290 451/19/1290
f 453/18/1291 454/544/1291 452/17/1291
f 75/13/1292 455/11/1292 646/530/1292
f 455/11/456 456/532/456 647/531/456
f 73/10/1293 457/6/1293 455/11/1293
f 455/11/1294 457/6/1294 458/12/1294
f 72/9/459 460/8/459 457/6/459
f 457/6/1295 460/8/1295 462/7/1295
f 374/4/1296 459/2/1296 766/533/1296
f 459/2/462 461/4050/462 767/535/462
f 415/40/1297 569/35/1297 570/528/1297
f 87/42/1298 543/527/1298 569/35/1298
f 499/45/437 576/516/437 573/51/437
f 498/57/1275 575/60/1275 571/60/1275
f 407/98/430 567/519/430 568/65/430
f 95/100/1299 544/520/1299 567/519/1299
f 656/537/1300 659/515/1300 576/516/1300
f 487/45/468 573/51/468 574/446/468
f 82/510/1301 441/158/1301 565/234/1301
f 74/180/1302 436/319/1302 564/261/1302
f 122/538/1303 427/225/1303 563/235/1303
f 422/179/1230 562/262/1230 529/242/1230
f 479/57/1304 571/60/1304 572/478/1304
f 287/258/473 177/258/473 528/495/473
f 284/109/1305 181/109/1305 531/493/1305
f 251/158/1306 506/156/1306 559/233/1306
f 255/225/343 513/218/343 558/490/343
f 508/170/1307 552/260/1307 283/540/1307
f 270/179/331 514/243/331 551/82/331
f 557/469/479 550/194/479 402/103/479
f 392/271/1308 556/263/1308 549/215/1308
f 555/463/1309 548/329/1309 370/328/1309
f 360/303/1310 554/482/1310 547/332/1310
f 165/143/1159 538/311/1159 572/478/1159
f 148/298/1311 533/289/1311 559/330/1311
f 308/294/1312 158/294/1312 534/541/1312
f 381/336/1313 282/336/1313 535/473/1313
f 556/470/486 557/469/486 399/253/486
f 368/360/269 554/361/269 555/463/269
f 389/363/1314 306/363/1314 536/461/1314
f 216/389/252 546/392/252 519/393/252
f 228/542/1315 545/453/1315 517/405/1315
f 542/311/1316 539/426/1316 229/543/1316
f 99/132/231 540/444/231 574/446/231
f 99/132/227 93/433/227 544/431/227
f 257/132/212 541/394/212 537/431/212
f 85/543/1317 543/426/1317 538/311/1317
f 570/405/1318 536/404/1318 306/542/1318
f 509/127/26 541/394/26 257/132/26
f 408/455/1093 568/393/1093 535/392/1093
f 82/363/51 523/368/51 545/368/51
f 33/360/1319 34/285/1319 521/291/1319
f 17/350/1320 18/253/1320 515/257/1320
f 74/336/51 524/345/51 546/345/51
f 122/294/58 525/331/58 547/332/58
f 526/330/56 548/329/56 362/298/56
f 511/144/160 542/311/160 265/143/160
f 37/303/1321 144/302/1321 534/541/1321
f 159/328/1322 533/289/1322 521/291/1322
f 176/214/1323 531/493/1323 516/263/1323
f 422/179/1324 103/112/1324 532/84/1324
f 105/540/1325 530/260/1325 564/261/1325
f 18/253/1326 182/103/1326 528/495/1326
f 553/242/125 514/243/125 270/179/125
f 427/225/1327 119/108/1327 527/88/1327
f 441/158/1328 121/539/1328 526/233/1328
f 308/538/1329 560/217/1329 513/218/1329
f 106/109/1330 529/216/1330 549/215/1330
f 109/258/1331 530/195/1331 550/194/1331
f 381/180/1332 561/169/1332 508/170/1332
f 389/510/1333 566/155/1333 506/156/1333
f 511/144/1334 512/60/1334 36/57/1334
f 509/127/64 510/51/64 20/45/64
f 580/90/41 6/45/41 505/51/41
f 119/108/1335 305/108/1335 558/490/1335
f 103/112/1336 280/112/1336 551/82/1336
f 212/100/39 209/98/39 520/66/39
f 209/98/33 210/536/33 519/65/33
f 512/60/30 507/59/30 7/57/30
f 510/51/26 505/51/26 6/45/26
f 226/42/1337 201/40/1337 518/35/1337
f 201/40/1338 202/39/1338 517/528/1338
f 580/90/41 660/94/41 507/59/41
f 575/60/1300 659/515/1300 656/537/1300
f 453/18/456 646/530/456 647/531/456
f 77/20/455 618/16/455 646/530/455
f 411/50/441 644/44/441 645/525/441
f 91/53/439 621/524/439 644/44/439
f 494/25/1277 653/4054/1277 650/522/1277
f 492/68/1270 652/70/1270 648/70/1270
f 501/73/467 657/4056/467 733/78/467
f 500/58/521 656/537/521 658/89/521
f 495/546/1268 654/4055/1268 657/91/1268
f 498/57/1267 655/514/1267 659/515/1267
f 493/54/1266 653/4054/1266 655/514/1266
f 491/69/1265 652/70/1265 654/513/1265
f 398/397/1339 342/397/1339 613/511/1339
f 446/206/1340 642/199/1340 598/137/1340
f 78/509/1341 439/165/1341 641/162/1341
f 432/207/1342 640/196/1342 602/506/1342
f 114/500/1343 425/239/1343 639/248/1343
f 483/25/1228 650/522/1228 651/466/1228
f 469/68/1221 648/70/1221 649/429/1221
f 221/206/357 577/136/357 636/198/357
f 224/207/356 588/196/356 635/102/356
f 355/279/1344 174/279/1344 610/489/1344
f 260/165/1345 584/162/1345 633/247/1345
f 262/239/338 589/232/338 632/122/338
f 348/120/1346 178/120/1346 611/488/1346
f 631/467/1347 627/292/1347 386/273/1347
f 630/485/1348 626/295/1348 377/287/1348
f 303/309/1349 167/309/1349 608/274/1349
f 292/270/1350 171/270/1350 609/281/1350
f 629/458/294 625/236/294 330/115/294
f 628/333/293 624/250/293 321/249/293
f 630/468/273 631/467/273 383/269/273
f 140/139/1351 616/354/1351 651/466/1351
f 387/348/1352 290/348/1352 612/464/1352
f 328/376/28 628/457/28 629/458/28
f 222/549/250 623/399/250 594/454/250
f 243/414/243 622/4053/243 592/451/243
f 120/163/1124 614/429/1124 649/429/1124
f 275/163/230 620/386/230 617/428/230
f 261/139/229 619/354/229 615/445/229
f 140/139/1353 89/551/1353 621/430/1353
f 120/163/1354 75/550/1354 618/428/1354
f 454/452/1355 647/415/1355 613/417/1355
f 645/400/1356 612/399/1356 290/549/1356
f 590/160/36 620/386/36 275/163/36
f 54/317/543 600/321/543 601/377/543
f 26/269/1357 596/276/1357 597/359/1357
f 78/348/51 599/356/51 623/356/51
f 586/135/28 619/354/28 261/139/28
f 173/249/1075 611/488/1075 601/333/1075
f 179/115/1074 610/489/1074 600/321/1074
f 114/270/151 605/296/151 626/295/151
f 117/309/149 606/274/149 627/292/149
f 166/287/1358 609/281/1358 597/282/1358
f 172/273/1359 608/274/1359 596/276/1359
f 142/120/58 602/251/58 624/250/58
f 425/239/1360 111/126/1360 607/122/1360
f 439/165/1361 113/254/1361 606/247/1361
f 145/279/56 603/237/56 625/236/56
f 292/500/1362 634/231/1362 589/232/1362
f 432/207/1363 139/118/1363 604/102/1363
f 446/206/102 141/548/102 603/198/102
f 637/197/1364 588/196/1364 224/207/1364
f 387/509/1365 638/161/1365 584/162/1365
f 590/160/82 591/71/82 56/68/82
f 643/137/1366 577/136/1366 221/206/1366
f 586/135/68 587/56/68 28/25/68
f 289/126/1367 632/122/1367 607/122/1367
f 92/397/51 598/106/51 622/106/51
f 341/118/1368 635/102/1368 604/102/1368
f 582/96/41 585/70/41 14/69/41
f 581/95/41 583/55/41 12/54/41
f 660/94/41 581/95/41 7/57/41
f 579/91/41 582/93/41 10/546/41
f 578/89/41 580/90/41 5/58/41
f 734/78/41 579/79/41 4/73/41
f 591/71/36 585/70/36 13/68/36
f 587/56/28 583/55/28 11/25/28
f 220/53/561 205/50/561 595/44/561
f 205/50/22 206/49/22 594/43/22
f 241/20/8 191/18/8 593/15/8
f 191/18/7 192/544/7 592/14/7
f 771/553/41 734/78/41 664/552/41
f 731/545/467 733/78/467 808/554/467
f 460/8/462 725/556/462 726/555/462
f 72/9/461 696/620/461 725/556/461
f 723/28/1369 724/408/1369 804/557/1369
f 699/529/1370 723/28/1370 803/558/1370
f 769/560/1371 807/560/1371 732/518/1371
f 808/554/467 733/78/467 732/518/467
f 801/561/1251 720/220/1251 676/383/1251
f 437/189/1372 719/602/1372 675/563/1372
f 783/564/1373 800/604/1373 718/209/1373
f 423/186/1374 717/601/1374 679/565/1374
f 806/484/1375 769/560/1375 729/521/1375
f 463/73/367 727/545/367 728/439/367
f 501/73/366 731/545/366 727/545/366
f 661/149/1376 712/492/1376 761/566/1376
f 665/209/1377 711/75/1377 760/568/1377
f 406/177/1378 371/177/1378 692/570/1378
f 274/189/1379 663/621/1379 715/571/1379
f 268/186/636 668/622/636 714/572/636
f 175/154/1380 694/587/1380 730/498/1380
f 759/573/1381 710/304/1381 706/481/1381
f 709/574/1382 705/370/1382 345/313/1382
f 786/575/299 689/316/299 715/477/299
f 380/300/1383 162/300/1383 690/471/1383
f 768/497/292 751/589/292 693/439/292
f 708/577/282 704/315/282 302/297/282
f 758/578/281 707/346/281 703/471/281
f 709/373/265 710/304/265 759/573/265
f 331/305/1384 108/305/1384 687/580/1384
f 785/307/1385 688/459/1385 713/460/1385
f 787/582/1386 691/382/1386 721/148/1386
f 296/380/254 707/623/254 708/577/254
f 777/584/1387 792/4057/1387 702/410/1387
f 252/420/585 701/624/585 671/585/585
f 175/154/1388 81/437/1388 699/586/1388
f 752/588/221 696/436/221 693/439/221
f 700/326/217 697/436/217 753/590/217
f 269/154/1389 698/150/1389 695/586/1389
f 462/450/205 726/625/205 692/591/205
f 804/557/1390 724/408/1390 691/410/1390
f 70/339/189 685/598/189 686/593/189
f 676/383/51 702/382/51 792/594/51
f 743/595/1391 677/304/1391 678/373/1391
f 682/371/1392 705/370/1392 794/479/1392
f 133/305/1393 683/626/1393 706/481/1393
f 747/597/173 749/476/173 690/471/173
f 163/297/172 689/316/172 685/598/172
f 669/327/90 700/326/90 754/589/90
f 154/300/53 679/576/53 703/471/53
f 680/316/50 704/315/50 793/472/50
f 104/313/1394 688/459/1394 678/600/1394
f 743/595/1395 748/617/1395 687/580/1395
f 666/150/142 698/150/142 269/154/142
f 423/186/1396 151/81/1396 681/572/1396
f 437/189/1397 153/188/1397 680/571/1397
f 716/565/1398 668/622/1398 268/186/1398
f 98/177/51 675/570/51 701/570/51
f 746/603/1399 684/77/1399 718/209/1399
f 745/605/1400 683/219/1400 720/220/1400
f 797/606/1401 713/208/1401 665/209/1401
f 670/607/90 664/552/90 4/73/90
f 722/608/1402 663/621/1402 274/189/1402
f 669/327/88 670/607/88 68/73/88
f 775/278/1403 666/150/1403 667/64/1403
f 721/148/75 661/149/75 772/567/75
f 365/81/1404 714/572/1404 681/572/1404
f 771/553/41 773/610/41 662/63/41
f 760/568/1405 711/75/1405 684/77/1405
f 667/64/605 662/63/605 773/610/605
f 778/611/1406 674/28/1406 695/29/1406
f 777/584/1407 673/27/1407 674/28/1407
f 250/9/1408 185/8/1408 672/613/1408
f 185/8/608 186/7/608 671/615/608
f 197/32/1409 198/31/1409 777/584/1409
f 232/34/1410 197/32/1410 778/611/1410
f 737/609/32 773/610/32 1/61/32
f 317/86/1411 760/568/1411 746/603/1411
f 578/89/41 1/61/41 773/610/41
f 802/583/1412 772/567/1412 239/228/1412
f 775/278/601 737/609/601 44/61/601
f 324/210/1413 797/606/1413 774/569/1413
f 129/616/1414 745/605/1414 801/561/1414
f 127/86/1415 746/603/1415 800/604/1415
f 42/299/1416 132/347/1416 748/617/1416
f 100/342/50 781/599/50 793/472/50
f 739/171/90 754/589/90 253/125/90
f 161/323/173 749/476/173 747/597/173
f 783/581/1417 794/479/1417 353/349/1417
f 42/299/1418 743/595/1418 780/596/1418
f 86/375/51 779/562/51 792/594/51
f 420/406/1419 804/557/1419 787/592/1419
f 253/125/217 754/589/217 753/590/217
f 160/125/221 374/435/221 752/588/221
f 234/619/1387 792/4057/1387 777/584/1387
f 395/375/1420 318/375/1420 787/582/1420
f 128/349/1421 785/307/1421 797/581/1421
f 796/579/265 759/573/265 351/299/265
f 758/578/281 756/324/281 298/323/281
f 160/125/292 751/589/292 768/497/292
f 373/342/299 164/342/299 786/575/299
f 351/299/1422 759/573/1422 757/367/1422
f 774/569/1423 760/568/1423 317/86/1423
f 772/567/1424 761/566/1424 323/616/1424
f 475/61/1375 769/560/1375 806/484/1375
f 130/210/1425 429/229/1425 800/604/1425
f 443/228/1426 801/561/1426 779/562/1426
f 658/89/467 808/554/467 807/560/467
f 504/61/1427 807/560/1427 769/560/1427
f 791/559/1428 803/558/1428 419/32/1428
f 419/32/562 803/558/562 804/557/562
f 770/172/467 808/554/467 658/89/467
f 578/89/41 771/553/41 736/176/41
f 725/556/462 766/533/462 767/535/462
f 696/620/461 752/534/461 766/533/461
f 719/602/1429 764/264/1429 742/508/1429
f 717/601/1229 763/267/1229 744/244/1229
f 727/545/367 805/172/367 768/497/367
f 731/545/366 770/172/366 805/172/366
f 722/570/1430 692/570/1430 750/491/1430
f 663/621/328 735/174/328 799/486/328
f 738/246/1431 798/123/1431 714/572/1431
f 694/587/1178 788/277/1178 806/484/1178
f 796/480/1432 794/479/1432 705/370/1432
f 716/576/579 690/471/579 749/476/579
f 795/341/282 793/472/282 704/315/282
f 712/481/1433 687/580/1433 748/617/1433
f 707/623/254 758/456/254 795/341/254
f 701/624/1125 755/423/1125 740/448/1125
f 694/587/1434 699/586/1434 791/441/1434
f 698/150/215 790/277/215 789/434/215
f 726/625/205 767/424/205 750/423/205
f 685/598/189 784/341/189 747/384/189
f 683/626/1435 745/366/1435 757/367/1435
f 689/316/172 786/575/172 784/341/172
f 679/576/53 744/325/53 756/324/53
f 688/459/1436 785/307/1436 780/308/1436
f 775/278/142 790/277/142 698/150/142
f 717/601/1437 681/572/1437 782/123/1437
f 719/602/1438 680/571/1438 781/486/1438
f 762/244/1439 738/246/1439 668/622/1439
f 675/570/51 742/223/51 755/222/51
f 776/172/90 736/176/90 664/552/90
f 765/175/1440 735/174/1440 663/621/1440
f 739/171/88 776/172/88 670/607/88
f 714/572/1441 798/123/1441 782/123/1441
f 697/614/2 672/613/2 741/3/2
f 672/613/608 671/615/608 740/1/608
f 1298/627/41 1297/1702/41 816/628/41
f 956/630/647 810/4058/647 1002/631/647
f 848/633/51 810/2271/51 956/634/51
f 973/636/51 850/4059/51 847/637/51
f 1358/639/51 884/4060/51 879/640/51
f 1290/642/51 1307/2211/51 857/643/51
f 957/645/51 858/4061/51 855/646/51
f 856/648/51 853/2265/51 968/649/51
f 965/651/51 854/2264/51 851/652/51
f 852/654/51 849/2269/51 976/655/51
f 1353/657/51 1352/4062/51 834/658/51
f 1340/660/41 895/4063/41 833/661/41
f 1541/663/51 1540/4064/51 882/664/51
f 839/666/647 1160/4065/647 1159/667/647
f 1538/669/41 1537/2270/41 840/670/41
f 859/672/41 813/2181/41 954/673/41
f 987/675/41 861/2182/41 860/676/41
f 983/678/41 863/2184/41 862/679/41
f 1526/681/51 878/4066/51 881/682/51
f 1325/684/41 891/4067/41 893/685/41
f 1531/687/51 819/4068/51 877/688/51
f 1533/690/41 894/1746/41 892/691/41
f 1296/693/51 1225/1883/51 1201/694/51
f 1026/696/41 1238/4069/41 1193/697/41
f 828/699/647 1202/4070/647 1244/700/647
f 1016/702/1442 1253/790/1442 1313/703/1442
f 1021/705/41 1233/4071/41 1157/706/41
f 945/708/51 946/4072/51 1229/709/51
f 877/711/647 1210/4073/647 1243/712/647
f 825/714/51 1172/4074/51 1221/715/51
f 1029/717/41 1241/4075/41 1189/718/41
f 819/720/649 1014/2256/649 1199/721/649
f 879/723/649 1217/4076/649 1242/724/649
f 821/726/51 1194/4077/51 1220/727/51
f 945/729/647 1197/4078/647 1198/730/647
f 818/732/649 1218/4079/649 1241/733/649
f 1364/735/51 880/4080/51 818/736/51
f 1347/738/51 817/837/51 822/739/51
f 1335/741/51 821/726/51 826/728/51
f 1365/743/51 1326/2109/51 825/714/51
f 1554/744/1443 1541/2268/1443 839/666/1443
f 1592/745/41 1542/2267/41 886/746/41
f 1543/748/41 1551/1925/41 1247/749/41
f 815/751/1444 923/1899/1444 998/752/1444
f 1548/754/649 1543/4081/649 837/755/649
f 1535/757/51 1545/2266/51 831/758/51
f 1544/760/51 838/4082/51 1235/761/51
f 1302/763/651 1300/1002/651 1177/764/651
f 1529/766/41 890/1716/41 888/767/41
f 1528/769/51 1534/4083/51 827/770/51
f 1341/772/647 833/1744/647 922/773/647
f 1370/775/41 887/4084/41 889/776/41
f 1539/778/51 1527/4085/51 823/779/51
f 999/781/651 1035/4086/651 1265/782/651
f 1376/774/647 922/773/647 921/784/647
f 866/786/651 1282/1921/651 1174/787/651
f 1016/702/1445 1272/1870/1445 1269/789/1445
f 925/791/41 1256/4087/41 1585/792/41
f 1548/754/649 926/756/649 925/794/649
f 1549/796/1446 904/800/1446 840/797/1446
f 1550/799/647 905/4088/647 904/800/647
f 1018/801/651 909/1546/651 908/802/651
f 1032/804/651 948/997/651 931/805/651
f 1027/807/651 932/876/651 911/808/651
f 1019/810/651 912/994/651 947/811/651
f 1031/813/651 944/860/651 934/814/651
f 1028/816/651 935/993/651 914/817/651
f 915/819/655 943/998/655 1013/820/655
f 942/822/655 937/985/655 1011/823/655
f 938/825/655 897/986/655 1001/826/655
f 917/828/655 941/987/655 1012/829/655
f 928/831/655 918/988/655 1007/832/655
f 1025/834/1447 927/989/1447 920/835/1447
f 817/837/51 1158/4089/51 1219/838/51
f 938/825/655 937/985/655 936/839/655
f 1013/841/647 1195/4090/647 1196/842/647
f 928/831/655 941/987/655 940/844/655
f 904/846/51 913/4091/51 1224/847/51
f 1120/849/1448 1039/4092/1448 1481/850/1448
f 881/852/647 1212/4093/647 1240/853/647
f 905/855/651 914/817/651 913/856/651
f 818/736/51 880/4080/51 1190/858/51
f 944/860/651 947/811/651 946/861/651
f 1001/863/647 1157/4094/647 1158/864/647
f 1177/764/651 925/996/651 926/866/651
f 1012/867/647 1193/4095/647 1194/868/647
f 916/870/655 915/819/655 921/871/655
f 824/873/647 1206/4096/647 1239/874/647
f 932/876/651 931/805/651 930/877/651
f 994/879/647 898/2260/647 809/880/647
f 835/882/41 1298/627/41 866/629/41
f 1704/884/649 1705/2474/649 1000/885/649
f 901/887/649 997/2430/649 950/888/649
f 1704/884/649 998/886/649 949/890/649
f 1640/892/647 996/4097/647 994/879/647
f 907/894/647 993/2438/647 954/895/647
f 1638/893/647 994/879/647 953/881/647
f 1284/898/41 981/2313/41 841/899/41
f 1286/901/41 982/1592/41 1701/902/41
f 984/904/41 985/2343/41 843/905/41
f 983/678/41 986/680/41 1702/907/41
f 988/909/41 989/2338/41 845/910/41
f 1726/912/41 987/675/41 990/677/41
f 846/914/41 992/2340/41 953/915/41
f 991/674/41 954/673/41 1694/917/41
f 970/919/51 975/2439/51 874/920/51
f 1613/922/51 969/656/51 976/655/51
f 966/924/51 971/2440/51 872/925/51
f 1609/927/51 965/651/51 972/653/51
f 962/929/51 967/2441/51 870/930/51
f 1605/932/51 961/650/51 968/649/51
f 958/934/51 963/2442/51 868/935/51
f 1601/937/51 957/645/51 964/647/51
f 1288/939/51 959/2443/51 1271/940/51
f 1687/942/51 1290/642/51 960/644/51
f 974/944/51 979/2444/51 876/945/51
f 1617/947/51 973/636/51 980/638/51
f 978/949/51 955/2445/51 814/950/51
f 1621/952/51 977/635/51 956/634/51
f 814/954/647 955/2446/647 1033/955/647
f 1600/957/647 956/630/647 1034/632/647
f 812/959/649 951/2394/649 1035/960/649
f 1693/962/649 952/1881/649 1036/963/649
f 1022/965/655 1251/4098/655 1252/966/655
f 1015/961/649 1035/960/649 999/967/649
f 996/969/651 1260/4099/651 1264/970/651
f 1017/956/647 1033/955/647 995/972/647
f 1552/974/649 1024/1787/649 838/975/649
f 1379/976/647 1022/1770/647 834/977/647
f 1292/979/651 1280/1910/651 1173/980/651
f 1178/982/51 1173/1666/51 1280/983/51
f 1029/827/655 1011/823/655 937/985/655
f 1021/830/655 1001/826/655 897/986/655
f 1026/833/655 1012/829/655 941/987/655
f 1025/834/655 1007/832/655 918/988/655
f 950/990/41 1119/2276/41 1254/991/41
f 905/855/651 1003/1865/651 1006/818/651
f 935/993/651 1028/816/651 1010/815/651
f 944/860/651 1031/813/651 1014/812/651
f 912/994/651 1019/810/651 1005/809/651
f 1177/764/651 835/4100/651 1024/995/651
f 948/997/651 1032/804/651 1004/803/651
f 1020/821/655 1022/965/655 921/871/655
f 1030/824/655 1013/820/655 943/998/655
f 932/876/651 1027/807/651 1009/806/651
f 1034/632/647 1002/631/647 899/999/647
f 1297/1001/651 1298/1837/651 1300/1002/651
f 1489/1004/41 1490/1191/41 1098/1005/41
f 1488/1007/41 1089/1181/41 1086/1008/41
f 1510/1010/647 874/1065/647 1045/1011/647
f 1509/1013/647 876/4101/647 1046/1014/647
f 1566/1016/649 1526/2258/649 850/1017/649
f 1531/1019/649 852/1080/649 1053/1020/649
f 1540/1022/649 848/4102/649 1049/1023/649
f 1475/1025/647 870/1056/647 1041/1026/647
f 1568/1028/649 1527/2255/649 854/1029/649
f 1534/1031/649 856/1088/649 1057/1032/649
f 1545/1034/649 858/1091/649 1059/1035/649
f 1482/1037/647 1474/2207/647 868/1038/647
f 1553/762/51 1235/761/51 1304/1040/51
f 1477/1042/647 872/1061/647 1043/1043/647
f 1331/1045/649 826/4103/649 1026/1046/649
f 1403/1048/649 1365/2100/649 830/1049/649
f 1273/1051/1449 1271/1926/1449 959/1052/1449
f 1040/1039/647 868/1038/647 963/1054/647
f 870/1056/647 967/2449/647 1068/1057/647
f 1397/1058/649 1319/2094/649 822/1059/649
f 872/1061/647 971/4104/647 1065/1062/647
f 1346/1063/649 818/732/649 1029/734/649
f 874/1065/647 975/4105/647 1064/1066/647
f 1046/1014/647 876/4101/647 979/1067/647
f 1359/1069/649 879/723/649 1030/725/649
f 1353/1071/649 883/1756/649 1020/1072/649
f 1049/1023/649 848/4102/649 977/1074/649
f 1560/1076/647 1525/2252/647 881/852/647
f 973/1077/649 1083/1147/649 1051/1018/649
f 1530/1078/647 877/711/647 1031/713/647
f 852/1080/649 969/4106/649 1079/1081/649
f 1054/1030/649 854/1029/649 965/1082/649
f 1539/1084/647 820/1748/647 1019/1085/647
f 1561/1087/647 1528/2250/647 824/873/647
f 856/1088/649 961/4107/649 1075/1089/649
f 1535/757/647 828/699/647 1032/701/647
f 858/1091/649 957/2367/649 1073/1092/649
f 1546/1093/647 832/4108/647 1018/1094/647
f 1061/1096/647 980/1100/647 847/1097/647
f 1650/1099/647 1624/2393/647 980/1100/647
f 976/1101/647 849/2251/647 1052/1102/647
f 1620/923/647 976/1101/647 1063/1103/647
f 1654/1105/647 1616/2385/647 972/1106/647
f 1066/1107/647 972/1106/647 851/1108/647
f 1067/1110/647 968/1114/647 853/1111/647
f 1656/1113/647 1612/2381/647 968/1114/647
f 964/1115/647 855/2249/647 1058/1116/647
f 1608/938/647 964/1115/647 1069/1117/647
f 1071/1119/647 960/1123/647 857/1120/647
f 1660/1122/647 1604/2373/647 960/1123/647
f 1695/1124/649 958/1127/649 1074/1125/649
f 958/1127/649 865/4109/649 1038/1128/649
f 1708/1129/649 1696/2473/649 962/1130/649
f 962/1130/649 867/2186/649 1037/1132/649
f 1709/1133/649 1697/2472/649 966/1134/649
f 1078/1135/649 966/1134/649 869/1136/649
f 1698/1138/649 970/1141/649 1080/1139/649
f 970/1141/649 871/2189/649 1044/1142/649
f 1572/1143/41 1571/1170/41 1102/1144/41
f 1617/1146/649 1670/2357/649 1083/1147/649
f 1047/1148/649 1082/1158/649 974/1149/649
f 1700/1151/649 978/1154/649 1085/1152/649
f 978/1154/649 875/2190/649 1048/1155/649
f 1108/1156/647 1107/4110/647 1061/1096/647
f 1047/1148/649 1081/4111/649 1104/1157/649
f 1055/1109/647 1101/4112/647 1100/1159/647
f 1042/1137/649 1097/4113/649 1096/1160/649
f 1058/1116/647 1090/4114/647 1087/1161/647
f 1038/1128/649 1086/4115/649 1093/1162/649
f 1572/1143/41 1108/1145/41 1132/1163/41
f 1095/1165/1450 1077/4116/1450 1067/1166/1450
f 1088/1168/647 1089/4117/647 1040/1039/647
f 1575/1169/1451 1123/4118/1451 1102/1144/1451
f 1110/1171/41 1105/1234/41 1515/1172/41
f 1516/1174/1452 1081/2191/1452 1111/1175/1452
f 1092/1177/649 1091/4119/649 1059/1035/649
f 1656/1178/51 1067/4120/51 1077/1179/51
f 1089/1181/41 1088/1426/41 1093/1182/41
f 1093/1182/41 1088/1426/41 1087/1183/41
f 1092/1184/41 1087/1183/41 1090/1185/41
f 1557/1187/41 1558/1219/41 948/1188/41
f 1496/1190/41 1114/4121/41 1098/1005/41
f 1095/1192/649 1094/4122/649 1054/1030/649
f 1150/1193/655 1068/4123/655 1078/1194/655
f 1556/1196/41 1101/4124/41 1126/1197/41
f 1128/1199/41 1094/1208/41 1555/1200/41
f 1098/1005/41 1099/1204/41 1096/1202/41
f 1099/1203/647 1098/4125/647 1043/1043/647
f 1099/1204/41 1100/1207/41 1095/1205/41
f 1095/1205/41 1149/4126/41 1150/1206/41
f 1100/1207/41 1101/4124/41 1094/1208/41
f 1489/1004/41 1097/1006/41 1116/1209/41
f 1555/1200/41 1556/1196/41 912/1211/41
f 1117/1213/664 1089/1181/664 1488/1007/664
f 1103/1215/649 1102/4127/649 1051/1018/649
f 1093/1216/1453 1146/4128/1453 1072/1217/1453
f 1558/1219/681 1090/1185/681 1122/1220/681
f 1582/1222/41 1130/4129/41 1091/1186/41
f 1532/1223/649 1577/1315/649 1125/1224/649
f 1385/1226/41 942/2062/41 943/1227/41
f 1062/1068/647 1106/4130/647 1105/1229/647
f 1073/1230/1454 1071/4131/1454 1145/1231/1454
f 1104/1233/41 1081/2191/41 1105/1234/41
f 1107/1236/41 1103/1237/41 1104/1233/41
f 1487/1009/41 1086/1008/41 1120/849/41
f 1108/1145/41 1102/1144/41 1103/1237/41
f 1538/1238/649 1583/1331/649 1131/1239/649
f 1575/1241/647 1576/1312/647 1124/1242/647
f 1579/1244/647 1127/2223/647 1128/1245/647
f 1481/1247/51 1039/4132/51 1038/1248/51
f 1582/1250/647 1581/1323/647 1129/1251/647
f 1499/1253/649 1500/1983/649 1118/1254/649
f 837/750/41 1247/749/41 902/1256/41
f 1059/1258/51 1060/4133/51 1563/1259/51
f 1495/1261/649 1113/1359/649 1114/1262/649
f 1473/1264/647 1494/2001/647 1112/1265/647
f 1492/1267/649 1491/2009/649 1109/1268/649
f 860/1266/647 1112/1265/647 1135/1270/647
f 916/1272/649 895/1719/649 1340/1273/649
f 1057/1275/51 1058/4134/51 1562/1276/51
f 1568/1277/51 1054/4135/51 1056/1278/51
f 1443/1280/647 936/1709/647 937/1281/647
f 1446/1283/649 939/1806/649 891/1284/649
f 1053/1286/51 1055/4136/51 1564/1287/51
f 1115/1289/647 862/1342/647 1505/1290/647
f 1116/1292/647 1115/1289/647 1497/1291/647
f 1565/1293/51 1049/4137/51 1050/1294/51
f 929/1296/649 887/1767/649 1370/1297/649
f 835/882/41 1023/883/41 1236/1299/41
f 1051/1301/51 1052/4138/51 1559/1302/51
f 1121/1304/649 842/1335/649 1536/1305/649
f 1122/1307/649 1121/1304/649 1573/1306/649
f 1482/1037/51 1040/4139/51 1037/1309/51
f 945/729/647 894/731/647 1533/1311/647
f 946/1313/649 947/4140/649 1578/1314/649
f 1041/1316/51 1042/4141/51 1520/1317/51
f 1579/1244/647 933/1783/647 890/1318/647
f 1043/1320/51 1044/4142/51 1518/1321/51
f 1581/1323/647 910/1691/647 886/1324/647
f 1045/1326/51 1047/4143/51 1517/1327/51
f 913/1329/649 914/4144/649 1584/1330/649
f 1046/1332/51 1048/4145/51 1519/1333/51
f 842/1335/649 1121/1304/649 1142/1336/649
f 1278/1338/1455 1144/4146/1455 982/1339/1455
f 1115/1289/647 1139/4147/647 986/1341/647
f 844/1225/649 1125/1224/649 1138/1343/649
f 1131/1239/649 1133/4148/649 992/1345/649
f 898/1346/655 1131/4149/655 1132/1347/655
f 986/680/41 987/675/41 1726/912/41
f 1134/1349/649 1109/1268/649 859/1350/649
f 1138/1352/1456 1140/4150/1456 985/1353/1456
f 1136/1355/647 1124/1242/647 845/1356/647
f 987/1358/649 1137/4151/649 1113/1359/649
f 1133/1361/51 1134/4152/51 1135/1362/51
f 1133/1364/1457 1136/4153/1457 989/1365/1457
f 1140/1367/647 1127/2223/647 843/1368/647
f 983/1370/649 1141/4154/649 1118/1254/649
f 1134/1372/1458 991/4155/1458 990/1373/1458
f 1129/1375/51 1143/4156/51 997/1376/51
f 981/1378/647 1143/4157/647 1129/1251/647
f 990/677/41 991/674/41 1727/918/41
f 1038/1380/1459 1039/4092/1459 1120/1381/1459
f 1089/1383/1460 1117/4158/1460 1037/1384/1460
f 1042/1386/673 1041/4159/673 1116/1387/673
f 1114/1389/1461 1044/4160/1461 1043/1390/1461
f 1047/1392/1462 1045/4161/1462 1111/1393/1462
f 1110/1395/1461 1048/4162/1461 1046/1396/1461
f 1049/1398/655 1132/4163/655 1108/1399/655
f 1102/1401/1463 1123/4164/1463 1052/1402/1463
f 1055/1404/1464 1053/4165/1464 1126/1405/1464
f 1054/1407/1465 1094/4166/1465 1128/1408/1465
f 1057/1410/1466 1122/4167/1466 1090/1411/1466
f 1091/1413/1467 1130/4168/1467 1060/1414/1467
f 1660/1416/51 1071/4169/51 1073/1417/51
f 1123/1419/647 1153/4170/647 1063/1103/647
f 1128/1420/647 1149/4171/647 1067/1110/647
f 1092/1184/41 1145/4172/41 1146/1421/41
f 1087/1422/1468 1148/4173/1468 1075/1423/1468
f 1060/1121/647 1130/4174/647 1145/1425/647
f 1088/1426/681 1147/4175/681 1148/1427/681
f 923/1428/51 1295/695/51 1201/694/51
f 1147/1430/649 1076/1131/649 1037/1132/649
f 1075/1089/649 1148/4176/649 1122/1432/649
f 1088/1433/1469 1070/4177/1469 1076/1434/1469
f 1068/1057/647 1150/4178/647 1116/1436/647
f 1080/1139/649 1044/1142/649 1114/1437/649
f 1152/1439/649 1126/4179/649 1053/1020/649
f 1069/1440/51 1075/4180/51 1663/1441/51
f 1154/1443/647 1111/4181/647 1045/1011/647
f 1133/1444/649 1155/4182/649 1156/1445/649
f 1155/1447/649 1132/4183/649 1049/1023/649
f 1085/1152/649 1048/1155/649 1110/1448/649
f 906/1450/651 1110/4184/651 1109/1451/651
f 995/1453/41 1156/4185/41 1110/1454/41
f 995/1456/650 993/4186/650 1134/1457/650
f 907/1459/51 1109/4187/51 1134/1460/51
f 994/1462/51 1133/4188/51 1131/1463/51
f 996/1465/1470 1155/4189/1470 1133/1466/1470
f 1132/1468/41 1155/4190/41 996/1469/41
f 1136/1471/686 1138/4191/686 1125/1472/686
f 1135/1474/647 1154/4192/647 1153/1475/647
f 1135/1477/686 1112/4193/686 1113/1478/686
f 1114/1480/651 1113/4194/651 1112/1481/651
f 1138/1483/649 1152/4195/649 1151/1484/649
f 1136/1486/1471 1153/4196/1471 1152/1487/1471
f 1151/1489/1472 1154/4197/1472 1135/1490/1472
f 1114/1492/691 1111/4198/691 1154/1493/691
f 1123/1495/664 1126/4199/664 1152/1496/664
f 1123/1498/1473 1124/4200/1473 1125/1499/1473
f 1139/1501/647 1150/4201/647 1149/1502/647
f 1148/1504/649 1147/4202/649 1141/1505/649
f 1148/1507/673 1142/4203/673 1140/1508/673
f 1139/1510/1474 1141/4204/1474 1147/1511/1474
f 1139/1513/51 1115/4205/51 1118/1514/51
f 1117/1516/1475 1118/4206/1475 1115/1517/1475
f 1117/1519/41 1116/4207/41 1150/1520/41
f 1122/1522/41 1148/4208/41 1149/1523/41
f 1122/1525/667 1128/4209/667 1127/1526/667
f 1121/1528/51 1127/4210/51 1140/1529/51
f 1130/1531/655 1129/4211/655 901/1532/655
f 900/1534/41 999/4212/41 1145/1535/41
f 999/1537/651 997/4213/651 1143/1538/651
f 1143/1540/647 1144/4214/647 1146/1541/647
f 1146/1543/716 1144/4215/716 1296/1544/716
f 909/1546/651 1018/801/651 1297/1001/651
f 1304/1040/51 1235/761/51 1174/1547/51
f 1293/1549/41 1311/1880/41 1312/1550/41
f 1100/1207/41 1099/1204/41 1151/1552/41
f 1152/1554/1476 1079/4216/1476 1066/1555/1476
f 1065/1557/1477 1080/4217/1477 1151/1558/1477
f 1654/1560/51 1066/4218/51 1079/1561/51
f 1103/1237/41 1153/4219/41 1154/1563/41
f 1154/1564/1478 1064/4220/1478 1082/1565/1478
f 1732/1567/51 1737/2471/51 1082/1568/51
f 1083/1570/1479 1063/4221/1479 1153/1571/1479
f 1155/1573/1480 1084/4222/1480 1061/1574/1480
f 1106/1235/41 1156/4223/41 1155/1576/41
f 1062/1577/1481 1085/4224/1481 1156/1578/1481
f 1061/1580/51 1084/4225/51 1671/1581/51
f 1137/1583/1482 987/4226/1482 986/1584/1482
f 1138/1586/51 1137/4227/51 1139/1587/51
f 1142/1589/1483 1143/4228/1483 981/1590/1483
f 982/1592/41 983/678/41 1725/908/41
f 1141/1593/51 1144/4229/51 1143/1594/51
f 983/1596/1484 982/4230/1484 1144/1597/1484
f 1239/1599/651 1206/4231/651 1184/1600/651
f 1217/1602/655 1196/4232/655 1195/1603/655
f 1216/1605/655 1215/4233/655 1234/1606/655
f 1244/1608/651 1202/4234/651 1162/1609/651
f 1023/788/651 1174/787/651 1204/1611/651
f 1231/1613/651 1208/4235/651 1166/1614/651
f 1243/1616/651 1210/4236/651 1200/1617/651
f 1212/1619/651 1188/4237/651 1187/1620/651
f 1159/1622/651 1160/4238/651 1168/1623/651
f 949/1625/41 924/1789/41 1738/1626/41
f 1221/1628/655 1172/4239/655 1171/1629/655
f 1220/1631/655 1194/4240/655 1193/1632/655
f 1219/1634/655 1158/4241/655 1157/1635/655
f 1218/1637/655 1190/4242/655 1189/1638/655
f 1191/1640/655 1227/4243/655 1211/1641/655
f 1181/1643/655 1228/4244/655 1207/1644/655
f 1201/1646/1485 1315/4245/1485 836/1647/1485
f 1214/1649/651 1223/4246/651 1224/1650/651
f 1198/1652/651 1197/4247/651 1229/1653/651
f 1173/980/651 1179/4248/651 1180/1655/651
f 1169/1656/655 1175/4249/655 1176/1657/655
f 1186/1659/651 1185/4250/651 1226/1660/651
f 1025/1662/41 1237/4251/41 1171/1663/41
f 926/1665/51 1179/4252/51 1173/1666/51
f 1311/1667/1486 829/4253/1486 1016/702/1486
f 888/1668/649 1205/4254/649 1226/1669/649
f 1006/1671/41 1003/4255/41 1159/1672/41
f 1028/1674/41 1240/4256/41 1187/1675/41
f 922/1677/51 1175/4257/51 1169/1678/51
f 1305/747/41 886/746/41 1164/1680/41
f 831/1682/649 1004/2254/649 1161/1683/649
f 1031/1685/41 1243/4258/41 1199/1686/41
f 1000/1688/41 1270/1869/41 829/1689/41
f 910/1691/647 1163/4259/647 1164/1692/647
f 904/800/647 1223/4260/647 1214/1693/647
f 1019/1694/41 1231/4261/41 1165/1695/41
f 831/758/51 1162/4262/51 1202/1697/51
f 1005/1698/649 1165/4263/649 1166/1699/649
f 1018/1701/41 1230/4264/41 816/628/41
f 933/1703/51 930/4265/51 1226/1704/51
f 1235/761/51 838/4082/51 1204/1706/51
f 893/1707/647 1211/4266/647 1227/1708/647
f 1006/1710/649 1167/4267/649 1168/1711/649
f 1004/1713/41 1032/4268/41 1244/1714/41
f 890/1716/41 1186/4269/41 1205/1717/41
f 916/1272/649 1169/4270/649 1170/1718/649
f 1022/1720/41 1020/4271/41 1232/1721/41
f 827/770/51 1184/4272/51 1206/1723/51
f 1007/1724/647 1171/4273/647 1172/1725/647
f 1030/1727/41 1242/4274/41 1195/1728/41
f 889/776/41 887/4084/41 1182/1730/41
f 1222/1648/1487 836/1647/1487 1277/1732/1487
f 1009/1734/41 1027/4275/41 1239/1735/41
f 820/780/51 823/779/51 1166/1737/51
f 1018/1094/647 832/4108/647 1203/1739/647
f 889/1741/647 1207/4276/647 1228/1742/647
f 833/1744/647 1176/4277/647 1175/1745/647
f 894/1746/41 1198/4278/41 1209/1747/41
f 820/1748/647 1208/4279/647 1231/1749/647
f 923/1428/51 1222/1429/51 1276/1750/51
f 896/1752/649 1213/4280/649 1224/1753/649
f 877/688/51 819/4068/51 1200/1754/51
f 883/1756/649 1216/4281/649 1232/1757/649
f 936/1758/51 1227/4282/51 1191/1759/51
f 926/756/649 837/755/649 1180/1761/649
f 893/685/41 891/4067/41 1192/1763/41
f 822/1059/649 1219/4283/649 1233/1765/649
f 929/1296/649 1181/4284/649 1182/1766/649
f 881/682/51 878/4066/51 1188/1768/51
f 1022/1770/647 1234/4285/647 1215/1771/647
f 1009/1772/649 1183/4286/649 1184/1773/649
f 840/670/41 1214/4287/41 1213/1775/41
f 952/1776/51 903/2463/51 1253/1777/51
f 940/1778/51 1228/4288/51 1181/1779/51
f 892/1781/649 1209/4289/649 1229/1782/649
f 933/1783/647 1185/4290/647 1186/1784/647
f 839/665/51 882/664/51 1168/1785/51
f 1024/1787/649 1236/4291/649 1204/1788/649
f 924/1789/41 836/1805/41 1315/1790/41
f 878/1792/649 1010/2257/649 1187/1793/649
f 833/661/41 895/4063/41 1170/1795/41
f 1025/1050/649 830/1049/649 1221/1797/649
f 1011/1799/647 1189/4292/647 1190/1800/647
f 834/658/51 1215/4293/51 1216/1802/51
f 1026/1046/649 826/4103/649 1220/1803/649
f 949/1625/41 1277/1732/41 836/1805/41
f 939/1806/649 1191/4294/649 1192/1807/649
f 879/640/51 884/4060/51 1196/1808/51
f 1469/1810/647 1252/4295/647 1251/1811/647
f 1587/1813/649 1585/4296/649 1256/1814/649
f 1713/1816/649 1266/4297/649 1262/1817/649
f 1682/1819/647 1264/4298/647 1260/1820/647
f 951/1822/51 864/1885/51 1683/1823/51
f 1588/1825/1488 1268/4299/1488 1258/1826/1488
f 995/1828/41 1259/4300/41 1739/1829/41
f 1036/1831/51 1266/4301/51 1713/1832/51
f 1036/1834/655 1000/4302/655 1262/1835/655
f 1298/1837/651 835/4100/651 1177/764/651
f 1552/1838/51 1015/4303/51 1245/1839/51
f 906/1841/651 1250/4304/651 1249/1842/651
f 899/1844/41 1257/4305/41 1586/1845/41
f 1034/1847/51 1264/4306/51 1682/1848/51
f 1002/1850/655 1267/4307/655 1257/1851/655
f 1514/1853/51 1017/4308/51 1249/1854/51
f 1373/1856/41 921/4309/41 1252/1857/41
f 925/996/651 1024/995/651 1255/1859/651
f 900/1861/655 1246/4310/655 1245/1862/655
f 905/855/651 1258/4311/651 1268/1864/651
f 999/1866/41 1261/4312/41 1677/1867/41
f 1016/702/1489 829/4253/1489 1270/1869/1489
f 1554/744/51 1003/4313/51 1268/1871/51
f 1033/1873/655 1263/4314/655 1259/1874/655
f 1312/1550/41 1274/4315/41 1146/1876/41
f 1146/1877/1490 1274/1890/1490 1273/1051/1490
f 1315/1790/41 1316/1887/41 1286/901/41
f 1036/963/1491 1272/1870/1491 1270/1878/1491
f 815/1690/41 829/1689/41 1311/1880/41
f 952/1881/1492 1269/789/1492 1272/1870/1492
f 1144/1882/51 1278/4316/51 1225/1883/51
f 812/1884/51 1248/2253/51 864/1885/51
f 949/890/1493 998/886/1493 1276/1733/1493
f 1316/1887/41 1275/4317/41 982/1592/41
f 1247/749/41 1306/1889/41 1292/1888/41
f 1306/1889/41 1305/747/41 1291/1681/41
f 1274/1890/1494 1312/4318/1494 919/1891/1494
f 919/1891/1495 1312/4318/1495 1311/1667/1495
f 1278/1338/1496 1275/1340/1496 1316/1892/1496
f 1316/1892/1497 1315/4245/1497 1201/1646/1497
f 1303/1894/51 1281/1897/51 1203/1895/51
f 1303/1894/51 1304/1040/51 1282/1548/51
f 1293/1898/716 1295/1900/716 923/1899/716
f 1293/1898/694 1294/1545/694 1296/1544/694
f 1546/1901/51 1589/1902/51 1303/1894/51
f 1590/1041/51 1304/1040/51 1303/1894/51
f 1301/1903/51 1279/1906/51 1163/1904/51
f 1302/984/51 1280/983/51 1279/1906/51
f 1164/1907/651 1163/4319/651 1279/1908/651
f 1291/1909/651 1279/1908/651 1280/1910/651
f 864/1885/51 1289/1912/51 1685/1911/51
f 1289/1912/51 1290/642/51 1687/942/51
f 1253/1777/51 903/2463/51 1287/1913/51
f 1287/1913/51 1288/939/51 1314/941/51
f 1738/1626/41 924/1789/41 1285/1791/41
f 1285/1791/41 1286/901/41 1742/903/41
f 1254/991/41 1119/2276/41 1283/1916/41
f 1310/1917/41 1283/1916/41 1284/898/41
f 1203/1918/651 1281/4320/651 816/1919/651
f 816/1919/651 1281/4320/651 1282/1921/651
f 910/1922/651 909/1546/651 1299/1003/651
f 1299/1003/651 1300/1002/651 1302/763/651
f 1591/1924/41 1306/1889/41 1247/749/41
f 1592/745/41 1305/747/41 1306/1889/41
f 919/1891/1498 1314/1927/1498 1271/1926/1498
f 885/704/1499 1313/703/1499 1314/1927/1499
f 864/1885/51 1248/2253/51 1308/1928/51
f 1308/1928/51 1307/2211/51 1290/642/51
f 1371/1929/41 1467/1933/41 1523/1930/41
f 1371/1929/41 1372/1934/41 1468/1932/41
f 1372/1934/41 1373/1856/41 1469/1858/41
f 1379/1935/51 1472/1939/51 1251/1936/51
f 1378/1938/51 1471/1941/51 1472/1939/51
f 1377/1940/51 1470/2197/51 1471/1941/51
f 1523/1942/647 1467/1945/647 1470/1943/647
f 1467/1945/647 1468/1947/647 1471/1946/647
f 1468/1947/647 1469/1810/647 1472/1812/647
f 1419/1948/51 1394/1952/51 1020/1949/51
f 1420/1951/51 1393/1954/51 1394/1952/51
f 1421/1953/51 1392/2198/51 1393/1954/51
f 1416/1955/51 1388/1959/51 1030/1956/51
f 1417/1958/51 1387/1961/51 1388/1959/51
f 1418/1960/51 1386/2199/51 1387/1961/51
f 1413/1962/51 1391/1966/51 1029/1963/51
f 1414/1965/51 1390/1968/51 1391/1966/51
f 1415/1967/51 1389/2200/51 1390/1968/51
f 1410/1969/51 1397/1972/51 1021/1970/51
f 1411/1969/51 1396/1974/51 1397/1972/51
f 1412/1973/51 1395/2201/51 1396/1974/51
f 1007/1975/51 1407/1977/51 1400/1047/51
f 1407/1977/51 1408/1979/51 1399/1978/51
f 1408/1979/51 1409/2112/51 1398/1980/51
f 1463/1981/649 1368/1985/649 1511/1982/649
f 1462/1984/649 1369/1986/649 1368/1985/649
f 1461/1298/649 1370/1297/649 1369/1986/649
f 1455/1987/647 1452/1990/647 940/1743/647
f 1456/1989/647 1453/1992/647 1452/1990/647
f 1457/1991/647 1454/1994/647 1453/1992/647
f 1452/1990/647 1334/1993/647 889/1741/647
f 1453/1992/647 1333/1995/647 1334/1993/647
f 1454/1994/647 1332/2202/647 1333/1995/647
f 1495/1261/649 1448/1998/649 1323/1996/649
f 1448/1998/649 1447/2000/649 1324/1999/649
f 1447/2000/649 1446/1283/649 1325/1285/649
f 1494/2001/647 1445/2004/647 1442/2002/647
f 1445/2004/647 1444/2006/647 1441/2005/647
f 1444/2006/647 1443/1280/647 1440/1282/647
f 1436/2007/649 1338/2011/649 1506/2008/649
f 1435/2010/649 1339/2012/649 1338/2011/649
f 1434/1274/649 1340/1273/649 1339/2012/649
f 915/2013/649 916/1272/649 1434/1274/649
f 1437/2014/649 1434/1274/649 1435/2010/649
f 1438/2015/649 1435/2010/649 1436/2007/649
f 936/1709/647 1443/1280/647 1320/686/647
f 1443/1280/647 1444/2006/647 1321/2017/647
f 1321/2017/647 1444/2006/647 1445/2004/647
f 939/1806/649 1446/1283/649 1449/2019/649
f 1446/1283/649 1447/2000/649 1450/2021/649
f 1447/2000/649 1448/1998/649 1451/2022/649
f 929/1296/649 1461/1298/649 1458/2023/649
f 1458/2023/649 1461/1298/649 1462/1984/649
f 1459/2025/649 1462/1984/649 1463/1981/649
f 1008/2027/51 1404/2031/51 1403/2028/51
f 1405/2030/51 1402/2033/51 1403/2028/51
f 1405/2030/51 1406/2203/51 1401/2032/51
f 927/2034/41 1422/2125/41 1464/2035/41
f 1464/2035/41 1422/2125/41 1423/2037/41
f 1423/2037/41 1424/2126/41 1466/2039/41
f 1516/1174/41 1383/2041/41 1380/2040/41
f 1383/2041/41 1384/2043/41 1381/2042/41
f 1384/2043/41 1385/1226/41 1382/1228/41
f 1458/2044/41 1425/2048/41 918/2045/41
f 1459/2047/41 1426/2050/41 1425/2048/41
f 1460/2049/41 1427/2204/41 1426/2050/41
f 917/2051/41 1428/2053/41 1455/1987/41
f 1428/2053/41 1429/2054/41 1456/1989/41
f 1429/2054/41 1430/2127/41 1457/1991/41
f 938/2055/41 1449/2058/41 1431/2056/41
f 1449/2058/41 1450/2060/41 1432/2059/41
f 1450/2060/41 1451/2205/41 1433/2061/41
f 942/2062/41 1385/1226/41 1440/2063/41
f 1385/1226/681 1384/2043/681 1441/2065/681
f 1384/2043/1500 1383/2041/1500 1442/2066/1500
f 1437/2067/41 1382/1228/41 943/1227/41
f 1438/2069/41 1381/2042/41 1382/1228/41
f 1439/2070/41 1380/2040/41 1381/2042/41
f 1478/2071/649 1355/2074/649 1392/2072/649
f 1355/2074/649 1354/2076/649 1393/2075/649
f 1354/2076/649 1353/1071/649 1394/1073/649
f 1479/2077/649 1361/2080/649 1386/2078/649
f 1361/2080/649 1360/2082/649 1387/2081/649
f 1360/2082/649 1359/1069/649 1388/1070/649
f 1507/2083/649 1344/2086/649 1389/2084/649
f 1344/2086/649 1345/2088/649 1390/2087/649
f 1345/2088/649 1346/1063/649 1391/1064/649
f 1520/2089/649 1502/2188/649 1317/2090/649
f 1395/2091/649 1317/2090/649 1318/2092/649
f 1396/2093/649 1318/2092/649 1319/2094/649
f 1522/2095/649 1480/2187/649 1367/2096/649
f 1401/2097/649 1367/2096/649 1366/2098/649
f 1402/2099/649 1366/2098/649 1365/2100/649
f 1504/2101/649 1329/2102/649 1398/1980/649
f 1329/2102/649 1330/2103/649 1399/1978/649
f 1330/2103/649 1331/1045/649 1400/1047/649
f 817/865/647 1347/2105/647 1413/2104/647
f 1347/2105/647 1348/2107/647 1414/2106/647
f 1348/2107/647 1349/2206/647 1415/2108/647
f 1007/1724/647 825/1726/647 1326/2109/647
f 1407/1977/647 1326/2109/647 1327/2110/647
f 1408/1979/647 1327/2110/647 1328/2111/647
f 821/869/647 1335/2113/647 1410/1969/647
f 1335/2113/647 1336/2114/647 1411/1969/647
f 1336/2114/647 1337/2208/647 1412/1973/647
f 884/843/647 1358/2116/647 1419/2115/647
f 1358/2116/647 1357/2118/647 1420/2117/647
f 1357/2118/647 1356/2209/647 1421/2119/647
f 880/1801/647 1364/2121/647 1416/2120/647
f 1364/2121/647 1363/2123/647 1417/2122/647
f 1363/2123/647 1362/2210/647 1418/2124/647
f 918/2045/41 1425/2048/41 1422/2125/41
f 1425/2048/41 1426/2050/41 1423/2037/41
f 1426/2050/41 1427/2204/41 1424/2126/41
f 917/2051/41 897/2057/41 1431/2056/41
f 1428/2053/41 1431/2056/41 1432/2059/41
f 1429/2054/41 1432/2059/41 1433/2061/41
f 1514/2128/647 1377/2131/647 1350/2129/647
f 1377/2131/647 1378/2133/647 1351/2132/647
f 1378/2133/647 1379/976/647 1352/978/647
f 1464/2035/1501 1404/2134/1501 1008/2027/1501
f 1465/2038/1502 1405/2136/1502 1404/2134/1502
f 1465/2038/1503 1466/2039/1503 1406/2135/1503
f 1513/2137/647 1374/2147/647 1371/2138/647
f 1371/2138/647 1374/2147/647 1375/2140/647
f 1372/2141/647 1375/2140/647 1376/774/647
f 1505/2142/41 1511/4321/41 1368/2143/41
f 1368/2143/41 1369/4322/41 1333/2145/41
f 1333/2145/41 1369/4322/41 1370/775/41
f 1476/2146/647 1343/2148/647 1374/2147/647
f 1343/2148/647 1342/2149/647 1375/2140/647
f 1342/2149/647 1341/772/647 1376/774/647
f 1480/2150/51 1474/2207/51 1328/2111/51
f 1328/2111/51 1327/2110/51 1366/2152/51
f 1327/2110/51 1326/2109/51 1365/743/51
f 1504/2153/51 1475/4323/51 1337/2154/51
f 1337/2154/51 1336/4324/51 1330/2156/51
f 1330/2156/51 1336/4324/51 1335/741/51
f 1502/2157/51 1477/2183/51 1349/2158/51
f 1349/2158/51 1348/4325/51 1318/2160/51
f 1318/2160/51 1348/4325/51 1347/738/51
f 1507/2161/51 1510/4326/51 1362/2162/51
f 1362/2162/51 1363/2165/51 1345/2164/51
f 1363/2165/51 1364/735/51 1346/737/51
f 1473/1264/41 1503/4327/41 1323/2166/41
f 1323/2166/41 1324/4328/41 1321/2017/41
f 1321/2017/41 1324/4328/41 1325/684/41
f 1476/2167/41 1506/4329/41 1338/2168/41
f 1338/2168/41 1339/2171/41 1342/2170/41
f 1339/2171/41 1340/660/41 1341/662/41
f 1508/2172/51 1350/4330/51 1355/2173/51
f 1355/2173/51 1350/4330/51 1351/2175/51
f 1351/2175/51 1352/4062/51 1353/657/51
f 1479/2177/51 1509/4331/51 1356/2178/51
f 1356/2178/51 1357/4332/51 1360/2180/51
f 1360/2180/51 1357/4332/51 1358/639/51
f 876/945/51 1509/4331/51 1479/2177/51
f 875/951/51 814/950/51 1508/2172/51
f 859/672/41 1506/4329/41 1476/2167/41
f 861/2182/41 1503/4327/41 1473/1264/41
f 874/920/51 1510/4326/51 1507/2161/51
f 869/926/51 872/925/51 1477/2183/51
f 870/930/51 1475/4323/51 1504/2153/51
f 868/935/51 1474/2207/51 1480/2150/51
f 813/896/647 1476/2146/647 1513/2137/647
f 863/2184/41 1511/4321/41 1505/2142/41
f 907/894/647 1513/2137/647 1512/2139/647
f 1017/956/647 1514/2128/647 1508/2130/647
f 867/2186/649 1504/2101/649 1521/1310/649
f 1038/1128/649 865/4109/649 1480/2187/649
f 1042/1137/649 869/1136/649 1502/2188/649
f 871/2189/649 1507/2083/649 1518/2085/649
f 873/1150/649 1479/2077/649 1517/2079/649
f 875/2190/649 1478/2071/649 1519/2073/649
f 1081/2191/41 1516/1174/41 1515/1172/41
f 1491/2009/649 1506/2008/649 859/1350/649
f 1112/1265/647 1494/2001/647 1493/2003/647
f 1495/1261/649 1503/1997/649 861/1360/649
f 1500/1983/649 1511/1982/649 863/1371/649
f 1250/2193/647 1523/1942/647 1524/1944/647
f 1512/1931/41 1523/1930/41 1250/2195/41
f 1377/1940/51 1514/1853/51 1524/1855/51
f 1486/1334/51 1519/1333/51 1392/2198/51
f 1485/1328/51 1517/1327/51 1386/2199/51
f 1484/1322/51 1518/1321/51 1389/2200/51
f 1483/1027/51 1520/1317/51 1395/2201/51
f 1409/2112/51 1482/1037/51 1521/1310/51
f 1498/1210/647 1497/1291/647 1454/1994/647
f 1497/1291/647 1505/1290/647 1332/2202/647
f 1439/2016/649 1436/2007/649 1491/2009/649
f 1322/2018/647 1445/2004/647 1494/2001/647
f 1448/1998/649 1495/1261/649 1496/1263/649
f 1460/2026/649 1463/1981/649 1500/1983/649
f 1481/1247/51 1522/1249/51 1401/2032/51
f 1466/2039/41 1424/2126/41 1487/1009/41
f 1499/1214/41 1488/1007/41 1427/2204/41
f 1430/2127/41 1489/1004/41 1498/1210/41
f 1451/2205/41 1496/1190/41 1490/1191/41
f 1383/2041/1500 1516/1174/1500 1493/1176/1500
f 1492/1173/41 1515/1172/41 1380/2040/41
f 1349/2206/647 1477/1042/647 1484/1044/647
f 1409/2112/647 1328/2111/647 1474/2207/647
f 1337/2208/647 1475/1025/647 1483/1027/647
f 1356/2209/647 1509/1013/647 1486/1015/647
f 1362/2210/647 1510/1010/647 1485/1012/647
f 1427/2204/41 1488/1007/41 1487/1009/41
f 1430/2127/41 1433/2061/41 1490/1191/41
f 1466/2039/1504 1501/851/1504 1481/850/1504
f 1309/900/41 1592/745/41 1591/1924/41
f 1254/991/41 1310/1917/41 1591/1924/41
f 1307/2211/51 1308/1928/51 1590/1041/51
f 857/643/51 1307/2211/51 1589/1902/51
f 1002/2212/51 1554/744/51 1588/1872/51
f 1550/1846/41 1586/1845/41 1258/2214/41
f 1024/2216/51 1552/1838/51 1587/1840/51
f 1267/2218/1505 1588/1825/1505 1586/1827/1505
f 1246/2220/649 1585/4296/649 1587/1813/649
f 1583/1331/649 1584/1330/649 1132/2222/649
f 1581/1323/647 1542/1325/647 841/1379/647
f 1127/2223/647 1579/1244/647 1529/1319/647
f 1577/1315/649 1578/1314/649 1126/2224/649
f 1576/1312/647 1533/1311/647 845/1356/647
f 1574/1308/649 1573/1306/649 930/1670/649
f 1573/1306/649 1536/1305/649 888/1668/649
f 1566/1303/51 1559/1302/51 1031/2226/51
f 1006/2228/51 1565/1293/51 1560/1295/51
f 1567/1288/51 1564/1287/51 1019/2230/51
f 1005/2232/51 1568/1277/51 1561/1279/51
f 1569/1033/51 1562/1276/51 1032/2234/51
f 1570/1260/51 1563/1259/51 1018/2236/51
f 910/1691/647 1581/1323/647 1582/1250/647
f 933/1783/647 1579/1244/647 1580/1246/647
f 944/2240/647 945/729/647 1576/1312/647
f 896/1752/649 913/1329/649 1583/1331/649
f 892/1781/649 946/1313/649 1577/1315/649
f 909/2241/41 1582/1222/41 1557/1187/41
f 948/1188/41 1558/1219/41 1574/1221/41
f 1094/1208/41 1101/4124/41 1556/1196/41
f 1580/1201/41 1555/1200/41 911/1212/41
f 912/1211/41 1556/1196/41 1578/1198/41
f 1091/1186/41 1090/1185/41 1558/1219/41
f 944/2245/719 1575/1169/719 1571/1170/719
f 914/2247/41 935/2248/41 1572/1143/41
f 935/2248/41 934/2246/41 1571/1170/41
f 857/1120/647 1546/1093/647 1563/1095/647
f 855/2249/647 1535/757/647 1562/1090/647
f 1056/1112/647 853/1111/647 1528/2250/647
f 851/1108/647 1539/1084/647 1564/1086/647
f 849/2251/647 1530/1078/647 1559/1079/647
f 1050/1098/647 847/1097/647 1525/2252/647
f 1248/2253/51 1553/762/51 1590/1041/51
f 831/1682/649 1545/1034/649 1570/1036/649
f 827/1774/649 1534/1031/649 1569/1033/649
f 1005/1698/649 823/1700/649 1527/2255/649
f 882/1712/649 1540/1022/649 1565/1024/649
f 819/720/649 1531/1019/649 1567/1021/649
f 1010/2257/649 878/1792/649 1526/2258/649
f 1015/961/649 1552/974/649 1544/760/649
f 899/2259/1506 1550/799/1506 1549/796/1506
f 898/2260/1507 1549/796/1507 1537/798/1507
f 901/887/649 1548/754/649 1547/795/649
f 1547/793/41 1585/792/41 1246/2262/41
f 854/2264/51 1527/4085/51 1539/778/51
f 856/648/51 1534/4083/51 1528/769/51
f 843/905/41 1529/766/41 1536/768/41
f 812/1884/51 1544/760/51 1553/762/51
f 855/646/51 858/4061/51 1545/2266/51
f 811/889/649 1543/4081/649 1548/754/649
f 811/992/41 1254/991/41 1551/1925/41
f 1309/900/41 841/899/41 1542/2267/41
f 1002/631/1508 810/4058/1508 1541/2268/1508
f 845/910/41 1533/690/41 1532/692/41
f 849/2269/51 852/654/51 1531/687/51
f 847/637/51 850/4059/51 1526/681/51
f 846/914/41 809/916/41 1537/2270/41
f 848/633/51 1540/4064/51 1541/663/51
f 1690/2272/41 1692/2274/41 1284/898/41
f 1690/2272/41 1689/2468/41 1691/2273/41
f 1674/2275/41 1690/2272/41 1283/1916/41
f 1673/2277/41 1689/2468/41 1690/2272/41
f 1686/2278/51 1688/2281/51 1716/2279/51
f 1686/2278/51 1685/1911/51 1687/942/51
f 1684/2282/51 1686/2278/51 1715/2280/51
f 1684/2282/51 1683/1823/51 1685/1911/51
f 1705/2284/41 1644/2287/41 1678/2285/41
f 1643/1868/41 1677/1867/41 1678/2285/41
f 1647/2288/51 1681/2291/51 1740/2289/51
f 1647/2288/51 1648/1849/51 1682/1848/51
f 1035/2292/51 1645/2295/51 1679/2293/51
f 1645/2295/51 1646/2469/51 1680/2296/51
f 996/2297/41 1640/2301/41 1676/2298/41
f 1639/2300/41 1675/2304/41 1676/2298/41
f 1693/962/51 1596/2302/51 1684/2282/51
f 1596/2302/51 1595/1824/51 1683/1823/51
f 1740/2303/736 1681/2305/736 1675/2304/736
f 1681/2305/647 1682/1819/647 1676/1821/647
f 1265/2306/649 1679/4333/649 1677/2307/649
f 1677/2307/649 1679/4333/649 1680/2309/649
f 1594/2311/41 1674/2275/41 1119/2276/41
f 1593/2312/41 1673/2277/41 1674/2275/41
f 981/2313/41 1625/2315/41 1628/2314/41
f 1625/2315/41 1626/2470/41 1627/2316/41
f 1731/2317/51 1649/2320/51 1672/2318/51
f 1649/2320/51 1650/1582/51 1671/1581/51
f 1063/2321/51 1083/4334/51 1670/2322/51
f 1652/2323/51 1670/2322/51 1669/2324/51
f 1733/2326/51 1653/2329/51 1668/2327/51
f 1654/1560/51 1667/1562/51 1668/2327/51
f 1735/2330/51 1657/2333/51 1664/2331/51
f 1658/1442/51 1663/1441/51 1664/2331/51
f 1659/2334/51 1662/2337/51 1707/2335/51
f 1659/2334/51 1660/1416/51 1661/1418/51
f 989/2338/41 1633/2341/41 1636/2339/41
f 1633/2341/41 1634/2423/41 1635/2342/41
f 985/2343/41 1629/2345/41 1632/2344/41
f 1629/2345/41 1630/2424/41 1631/2346/41
f 1734/2347/51 1655/2349/51 1666/2348/51
f 1655/2349/51 1656/1178/51 1665/1180/51
f 1084/1075/1509 977/1074/1509 1621/2350/1509
f 1671/2351/649 1621/2350/649 1622/2352/649
f 1737/2354/649 1669/4335/649 1618/2355/649
f 1618/2355/649 1669/4335/649 1670/2357/649
f 1079/1081/649 969/4106/649 1613/2358/649
f 1667/2359/1510 1613/2358/1510 1614/2360/1510
f 965/1082/649 1609/4336/649 1665/1180/649
f 1665/1180/649 1609/4336/649 1610/2362/649
f 1075/1089/649 961/4107/649 1605/2363/649
f 1663/2364/649 1605/2363/649 1606/2365/649
f 957/2367/649 1601/937/649 1661/2368/649
f 1601/937/649 1602/2411/649 1662/2369/649
f 1736/2370/647 1719/2450/647 1603/2371/647
f 1659/2372/647 1603/2371/647 1604/2373/647
f 1720/2374/647 1607/2377/647 1657/2375/647
f 1607/2377/647 1608/938/647 1658/1118/647
f 1721/2378/647 1611/4337/647 1655/2379/647
f 1655/2379/647 1611/4337/647 1612/2381/647
f 1733/2382/647 1722/2448/647 1615/2383/647
f 1653/2384/647 1615/2383/647 1616/2385/647
f 1723/2386/647 1619/2389/647 1651/2387/647
f 1619/2389/647 1620/923/647 1652/1104/647
f 1731/2390/647 1724/2447/647 1623/2391/647
f 1649/2392/647 1623/2391/647 1624/2393/647
f 951/2394/649 1595/1824/649 1645/2395/649
f 1595/1824/649 1596/2302/649 1646/2396/649
f 1718/2397/1511 1599/2400/1511 1647/2398/1511
f 1599/2400/1512 1600/957/1512 1648/958/1512
f 1622/2401/51 1599/2404/51 1718/2402/51
f 1621/952/51 1600/953/51 1599/2404/51
f 1618/2405/51 1623/2408/51 1724/2406/51
f 1617/947/51 1624/948/51 1623/2408/51
f 1716/2279/51 1688/2281/51 1603/2409/51
f 1688/2281/51 1687/942/51 1604/943/51
f 1602/2411/51 1607/2377/51 1720/2374/51
f 1601/937/51 1608/938/51 1607/2377/51
f 1606/2412/51 1611/2415/51 1721/2413/51
f 1605/932/51 1612/933/51 1611/2415/51
f 1610/2416/51 1615/2419/51 1722/2417/51
f 1609/927/51 1616/928/51 1615/2419/51
f 1614/2420/51 1619/2389/51 1723/2386/51
f 1613/922/51 1620/923/51 1619/2389/51
f 992/2340/41 1636/2339/41 1597/2422/41
f 1635/2342/41 1598/2426/41 1597/2422/41
f 1632/2344/41 1633/2341/41 989/2338/41
f 1632/2344/41 1631/2346/41 1634/2423/41
f 1628/2314/41 1629/2345/41 985/2343/41
f 1628/2314/41 1627/2316/41 1630/2424/41
f 1692/2274/41 1625/2315/41 981/2313/41
f 1691/2273/41 1626/2470/41 1625/2315/41
f 1728/2425/1513 1637/2427/1513 1598/2426/1513
f 1637/2427/735 1638/893/735 1597/897/735
f 1729/2428/736 1639/2429/736 1637/2427/736
f 1639/2429/647 1640/892/647 1638/893/647
f 997/2430/649 1641/2432/649 1594/2431/649
f 1641/2432/649 1642/2436/649 1593/2433/649
f 999/2434/649 1643/2435/649 1641/2432/649
f 1643/2435/649 1644/4338/649 1642/2436/649
f 995/2437/737 1729/2428/737 1728/2425/737
f 993/2438/1514 1728/2425/1514 1694/917/1514
f 1698/2421/51 1723/2386/51 975/2439/51
f 966/924/51 1697/2418/51 1722/2417/51
f 1696/2414/51 1721/2413/51 967/2441/51
f 958/934/51 1695/1124/51 1720/2374/51
f 1288/939/51 1716/2279/51 1719/2410/51
f 974/944/51 1699/2407/51 1724/2406/51
f 978/949/51 1700/2403/51 1718/2402/51
f 955/2446/1515 1718/2397/1515 1730/2399/1515
f 1062/1068/647 979/1067/647 1724/2447/647
f 1064/1066/647 975/4105/647 1723/2386/647
f 1065/1062/647 971/4104/647 1722/2448/647
f 967/2449/647 1721/2378/647 1734/2380/647
f 963/1054/647 1720/2374/647 1735/2376/647
f 1072/1053/647 959/1052/647 1719/2450/647
f 1082/1158/649 1737/2354/649 1699/2356/649
f 1068/2451/51 1734/2347/51 1709/1133/51
f 1736/2336/51 1707/2335/51 1074/2453/51
f 1070/2455/51 1735/2330/51 1708/2332/51
f 1733/2326/51 1710/2328/51 1080/2457/51
f 1062/2459/51 1731/2317/51 1711/2319/51
f 1263/2461/1516 1740/2303/1516 1739/1829/1516
f 1693/962/51 1714/2283/51 903/2463/51
f 1033/2464/51 1730/2290/51 1740/2289/51
f 1000/2466/41 1705/2284/41 1712/2286/41
f 1714/2283/51 1715/2280/51 1287/1913/51
f 1287/1913/51 1715/2280/51 1716/2279/51
f 1689/2468/41 1741/1915/41 1742/903/41
f 1673/2277/41 1738/1626/41 1741/1915/41
f 1706/1833/51 1713/1832/51 1680/2296/51
f 1729/1830/41 1739/1829/41 1675/2304/41
f 1678/2310/649 1680/2309/649 1713/1816/649
f 1717/1627/41 1738/1626/41 1673/2277/41
f 1626/2470/41 1701/902/41 1725/908/41
f 1651/2325/51 1669/2324/51 1737/2471/51
f 1703/913/41 1727/918/41 1635/2342/41
f 1630/2424/41 1702/907/41 1726/912/41
f 1672/2353/649 1622/2352/649 1700/1151/649
f 1614/2360/649 1698/1138/649 1710/1140/649
f 1666/2348/649 1610/2362/649 1697/2472/649
f 1664/2366/649 1606/2365/649 1696/2473/649
f 1602/2411/649 1695/1124/649 1707/1126/649
f 1596/2302/649 1693/962/649 1706/964/649
f 1727/918/41 1694/917/41 1598/2426/41
f 1631/2346/41 1726/912/41 1703/913/41
f 1627/2316/41 1725/908/41 1702/907/41
f 1742/903/41 1701/902/41 1626/2470/41
f 1642/2436/649 1704/884/649 1717/891/649
f 1642/2436/649 1644/4338/649 1705/2474/649
f 2174/2475/51 2155/3503/51 1757/2476/51
f 1778/2478/51 1783/4339/51 2158/2479/51
f 1766/2481/51 1764/3638/51 2095/2482/51
f 1828/2484/51 1765/3633/51 1762/2485/51
f 2182/2487/51 2175/3579/51 1760/2488/51
f 2433/2490/51 1758/4340/51 1843/2491/51
f 2434/2493/41 1767/4341/41 1857/2494/41
f 1770/2496/41 1769/3795/41 1853/2497/41
f 2308/2499/51 2288/4342/51 1779/2500/51
f 1877/2502/41 1884/4343/41 2046/2503/41
f 1752/2505/740 2029/4344/740 2050/2506/740
f 1882/2508/41 2044/4345/41 2191/2509/41
f 1749/2511/51 2014/4346/51 2039/2512/51
f 1780/2514/1517 2036/4347/1517 2049/2515/1517
f 1745/2517/51 2026/4348/51 2038/2518/51
f 2336/2520/51 1743/4349/51 2178/2521/51
f 2333/2523/51 1745/2517/51 1750/2519/51
f 2339/2525/51 2324/3782/51 1749/2511/51
f 2244/2526/51 1754/3254/51 1752/2527/51
f 2233/2529/41 1787/4350/41 1785/2530/41
f 2232/2532/51 2235/4351/51 1751/2533/51
f 2344/2535/41 1784/4352/41 1786/2536/41
f 2284/2538/51 2229/3632/51 1747/2539/51
f 1893/2541/742 2057/4353/742 2053/2542/742
f 1790/2544/742 1789/2701/742 1869/2545/742
f 1815/2547/742 1801/2705/742 1874/2548/742
f 1802/2550/743 1791/2699/743 1870/2551/743
f 2459/2553/1518 2120/4354/1518 2117/2554/1518
f 1879/2556/754 1804/2696/754 1875/2557/754
f 1805/2559/1519 1793/4355/1519 1871/2560/1519
f 1888/2562/1520 1811/3497/1520 1807/2563/1520
f 1794/2565/747 1810/2692/747 1877/2566/747
f 1798/2568/747 1795/2693/747 1872/2569/747
f 1883/2571/747 1797/2694/747 1796/2572/747
f 2178/2521/51 1743/4349/51 2008/2574/51
f 1878/2576/749 2027/4356/749 2028/2577/749
f 1798/2568/747 1810/2692/747 1809/2579/747
f 1782/2581/740 2035/4357/740 2048/2582/740
f 1868/2584/740 2007/4358/740 2008/2585/740
f 1877/2587/740 2025/4359/740 2026/2588/740
f 1748/2590/740 2031/4360/740 2047/2591/740
f 1802/2550/742 1801/2705/742 1800/2593/742
f 2538/2595/750 1867/4361/750 1865/2596/750
f 2093/2598/750 1864/4030/750 1817/2599/750
f 2536/2597/750 1865/2596/750 1816/2601/750
f 2534/2603/740 1863/4362/740 1861/2604/740
f 2061/2606/1521 1860/4026/1521 1821/2607/1521
f 2532/2605/740 1861/2604/740 1820/2609/740
f 2228/2611/41 2196/3578/41 1848/2612/41
f 2593/2614/41 2198/3367/41 1849/2615/41
f 1851/2617/41 1852/3978/41 1756/2618/41
f 1850/2498/1522 1853/2497/1522 2524/2620/1522
f 2450/2622/41 2435/3909/41 1856/2623/41
f 2597/2625/41 2436/2495/41 1857/2494/41
f 1813/2627/41 1820/4024/41 2103/2628/41
f 2122/2630/41 1821/3339/41 2492/2631/41
f 2437/2633/51 1842/4023/51 2070/2634/51
f 2438/2492/51 1843/2491/51 2514/2636/51
f 2622/2638/51 2181/3919/51 1838/2639/51
f 2585/2641/51 2182/2487/51 1839/2489/51
f 1829/2643/51 1834/4020/51 1775/2644/51
f 2499/2646/51 1828/2484/51 1835/2486/51
f 1825/2648/51 1830/4018/51 1773/2649/51
f 2495/2651/51 1824/3395/51 1831/2652/51
f 2216/2654/51 2200/3916/51 1826/2655/51
f 2202/2657/51 1827/3381/51 2498/2658/51
f 2156/2480/51 2161/3922/51 1846/2660/51
f 2162/2661/51 1847/3415/51 2518/2662/51
f 2144/2664/51 2124/3929/51 1822/2665/51
f 2126/2667/51 1823/3411/51 2494/2668/51
f 2066/2670/1523 2064/3425/1523 1822/2671/1523
f 2494/2673/740 1823/3412/740 1892/2674/740
f 2086/2676/750 1818/4011/750 1893/2677/750
f 2490/2679/750 1819/3360/750 1894/2680/750
f 2088/2678/750 1893/2677/750 1866/2682/750
f 1863/2684/754 2052/4363/754 2056/2685/754
f 2066/2670/753 1891/2672/753 1862/2687/753
f 2183/2689/747 1868/2950/747 1788/2690/747
f 1884/2570/747 1877/2566/747 1810/2692/747
f 1883/2571/747 1872/2569/747 1795/2693/747
f 2163/2695/742 1875/2557/742 1804/2696/742
f 2184/2698/755 1870/2551/755 1791/2699/755
f 1890/2549/742 1869/2545/742 1789/2701/742
f 2164/2702/747 1878/4364/747 1812/2703/747
f 1885/2552/742 1874/2548/742 1801/2705/742
f 2380/2706/41 1955/2714/41 2185/2707/41
f 2374/2709/41 1946/2864/41 1943/2710/41
f 1969/2712/1524 1902/2980/1524 1901/2713/1524
f 1783/2578/1525 1778/2759/1525 1904/2715/1525
f 2311/2716/750 2316/3685/750 1759/2717/750
f 2365/2719/1526 2335/3787/1526 1775/2720/1526
f 2262/2722/750 2230/3629/750 1763/2723/750
f 2236/2725/750 1765/2777/750 1914/2726/750
f 2243/2728/750 1766/3394/750 1916/2729/750
f 2326/2731/1527 1773/2746/1527 1898/2732/1527
f 2338/2734/740 1776/4041/740 1901/2735/740
f 2329/2737/750 1750/3304/750 1884/2738/750
f 2356/2740/750 2339/3773/750 1753/2741/750
f 2079/2743/760 2077/3533/760 1826/2744/760
f 1773/2746/1528 1830/3998/1528 1927/2747/1528
f 1899/2721/1529 1775/2720/1529 1834/2748/1529
f 2350/2750/750 2323/3767/750 1746/2751/750
f 2616/2753/1530 2615/4365/1530 1838/2754/1530
f 2072/2756/763 2070/3828/763 1842/2757/763
f 1778/2759/1531 1846/4366/1531 1919/2760/1531
f 1777/2761/765 1780/2514/765 1888/2516/765
f 2107/2763/1532 1844/4367/1532 1941/2764/1532
f 2294/2766/740 2285/3673/740 1782/2581/740
f 2112/2767/750 2114/2905/750 1908/2718/750
f 1761/2768/1533 1836/3987/1533 1936/2769/1533
f 1911/2724/769 1763/2723/769 1832/2771/769
f 2242/2773/740 1744/3285/740 1881/2774/740
f 2254/2776/740 2232/3621/740 1748/2590/740
f 1765/2777/750 1828/4368/750 1932/2778/750
f 2238/2528/740 1752/2505/740 1890/2507/740
f 2096/2780/750 1824/3993/750 1930/2781/750
f 2113/2783/1534 2111/3414/1534 1757/2784/1534
f 2544/2786/740 2518/4010/740 1847/2787/740
f 1843/2789/1535 1758/3043/1535 1909/2790/1535
f 2514/2636/740 1843/2789/740 1920/2791/740
f 2548/2793/740 2510/4005/740 1839/2794/740
f 1923/2795/740 1839/2794/740 1760/2796/740
f 1924/2798/771 1835/2802/771 1762/2799/771
f 2550/2801/740 2506/4369/740 1835/2802/740
f 2095/2482/1536 1764/3616/1536 1915/2803/1536
f 2502/2653/1537 1831/3393/1537 1926/2805/1537
f 2554/2807/740 2498/3997/740 1827/2808/740
f 2496/2810/750 1825/2813/750 1931/2811/750
f 1825/2813/750 1771/4370/750 1896/2814/750
f 2500/2815/1538 1829/2818/1538 1933/2816/1538
f 1829/2818/1539 1772/3774/1539 1895/2819/1539
f 2504/2820/750 1833/4044/750 1935/2821/750
f 2607/2823/1540 1774/3762/1540 1900/2824/1540
f 2508/2826/750 1837/3352/750 1937/2827/750
f 2315/2829/41 2312/2855/41 1959/2830/41
f 2511/2832/750 2564/4371/750 1940/2833/750
f 1905/2762/750 1939/2841/750 1841/2835/750
f 2516/2836/750 1845/3344/750 1942/2837/750
f 2116/2839/740 1964/4372/740 1918/2788/740
f 1905/2762/750 1938/4373/750 1961/2840/750
f 1912/2797/740 1958/4374/740 1957/2842/740
f 2621/2843/1541 2617/4047/1541 1953/2844/1541
f 2097/2804/740 2099/3392/740 1944/2845/740
f 1896/2814/1542 1943/4375/1542 1950/2846/1542
f 2313/2847/41 1965/3482/41 1982/2848/41
f 1934/2850/1543 1924/4376/1543 1999/2851/1543
f 1945/2853/1544 1946/4377/1544 1898/2732/1544
f 2034/2854/1545 1959/2830/1545 2312/2855/1545
f 1807/2857/41 1811/4378/41 1938/2858/41
f 2100/2860/750 1948/4379/750 1916/2729/750
f 2550/2861/51 1924/4380/51 1934/2862/51
f 1946/2864/41 1945/2866/41 1950/2865/41
f 1945/2866/41 1944/3068/41 1949/2867/41
f 2100/2868/41 2099/3390/41 1947/2869/41
f 2250/2871/41 2252/3611/41 1815/2872/41
f 1969/2712/41 1955/2714/41 2380/2706/41
f 1952/2875/1546 1951/4381/1546 1911/2724/1546
f 2000/2876/747 1925/4382/747 1935/2877/747
f 2268/2879/41 2247/3612/41 1958/2880/41
f 1980/2882/41 1951/3514/41 2245/2883/41
f 2618/2885/41 1956/4383/41 2186/2886/41
f 2612/2888/1547 1955/4384/1547 1901/2735/1547
f 2186/2886/41 1956/4383/41 1957/2890/41
f 1999/2892/41 2000/4385/41 1953/2893/41
f 2187/2891/41 1957/2890/41 1958/2880/41
f 2377/2896/41 1954/3516/41 1971/2897/41
f 2282/2899/41 2248/3613/41 1792/2900/41
f 1972/2902/41 1946/2864/41 2374/2709/41
f 2115/2904/750 1959/4386/750 1908/2718/750
f 1996/2906/1548 1929/4387/1548 1931/2907/1548
f 2251/2909/661 1947/2869/661 1976/2910/661
f 2280/2912/41 1981/4388/41 1948/2870/41
f 1938/2858/41 1811/4378/41 2160/2914/41
f 1963/2916/1549 1962/4389/1549 1904/2715/1549
f 1930/2917/1550 1928/4390/1550 1995/2918/1550
f 1961/2920/41 1938/2858/41 2165/2915/41
f 1960/2922/41 1961/2920/41 2166/2921/41
f 2398/2924/41 2371/2711/41 1943/2710/41
f 2173/2926/41 2115/2904/41 1960/2922/41
f 2276/2927/785 1979/3012/785 1980/2928/785
f 1897/2930/51 1896/4391/51 2354/2931/51
f 2392/2933/750 2395/3723/750 1973/2934/750
f 1916/2936/51 1917/4392/51 2257/2937/51
f 2381/2939/786 1808/2951/786 1887/2940/786
f 1967/2942/1551 1985/4393/1551 1857/2943/1551
f 1914/2945/51 1915/4394/51 2255/2946/51
f 2262/2947/51 1911/4395/51 1913/2948/51
f 1868/2950/788 1887/2940/788 1808/2951/788
f 2269/2952/51 2041/4396/51 1912/2953/51
f 2386/2955/1552 1970/2990/1552 1769/2956/1552
f 1971/2958/740 1970/2990/740 2386/2955/740
f 2310/2959/51 1906/3427/51 1907/2960/51
f 2393/2962/750 1799/3288/750 1784/2963/750
f 2445/2965/1553 1977/3829/1553 1909/2790/1553
f 1975/2967/750 1755/2986/750 2239/2968/750
f 1976/2970/750 1975/2967/750 2272/2969/750
f 2362/2733/51 1898/4397/51 1895/2972/51
f 1899/2974/51 1900/4398/51 2348/2975/51
f 2275/2976/740 1803/3297/740 1787/2977/740
f 2368/2979/51 1901/2713/51 1902/2980/51
f 1903/2982/51 1905/4399/51 1888/2983/51
f 1975/2967/1554 1992/4400/1554 1851/2985/1554
f 2081/2987/1555 2084/3530/1555 1994/2988/1555
f 1970/2990/740 1989/4401/740 1853/2991/740
f 2117/2992/1556 2120/4354/1556 1988/2993/1556
f 2104/2995/1557 1983/4402/1557 1859/2996/1557
f 1853/2497/41 1854/3860/41 2525/2998/41
f 1990/2999/1558 1852/4403/1558 1855/3000/1558
f 1987/3002/1559 1968/3881/1559 1768/3003/1559
f 1983/3005/51 1984/4404/51 1985/3006/51
f 1986/3008/1560 1856/4405/1560 1859/3009/1560
f 1852/3011/1561 1990/4406/1561 1979/3012/1561
f 1991/3014/910 1973/2934/910 1770/3015/910
f 1858/3017/1562 1857/4407/1562 1985/3018/1562
f 2094/3020/51 1993/4408/51 2204/3021/51
f 2528/2626/41 1857/2494/41 1858/3023/41
f 1943/3025/1563 1896/4409/1563 1897/3026/1563
f 1972/3028/1564 1895/4410/1564 1898/3029/1564
f 1900/3031/816 1899/4411/816 1971/3032/816
f 1905/3034/1565 1903/3303/1565 1966/3035/1565
f 1812/3037/757 1878/2576/757 1904/2715/757
f 1907/3039/1566 1906/4412/1566 1982/3040/1566
f 2433/3042/1567 2439/2966/1567 1909/2790/1567
f 2318/3044/1568 1806/4413/1568 2034/3045/1568
f 1951/3047/812 1980/4414/812 1913/3048/812
f 1914/3050/1569 1976/4415/1569 1947/3051/1569
f 1948/3053/1570 1981/3385/1570 1917/3054/1570
f 2554/3056/51 1928/4416/51 1930/3057/51
f 1977/3059/1571 2003/4417/1571 1920/2791/1571
f 1980/3060/771 1999/4418/771 1924/2798/771
f 1949/2867/41 1995/4419/41 1996/3061/41
f 1944/3062/1572 1998/4420/1572 1932/3063/1572
f 2089/3065/740 2090/3539/740 1995/3066/740
f 1945/2866/664 1997/4421/664 1998/3067/664
f 1997/3069/750 1933/2816/750 1895/2819/750
f 1932/2778/750 1998/4422/750 1976/3071/750
f 1945/3072/1573 1927/4423/1573 1933/3073/1573
f 1925/2749/740 2000/4424/740 1971/3075/740
f 2002/3076/818 1978/3869/818 1910/2770/818
f 1926/3077/51 1932/4425/51 2557/3078/51
f 2465/3080/1574 2466/3879/1574 2073/3081/1574
f 1983/3083/750 2005/4426/750 2006/3084/750
f 2130/3086/1575 2132/3472/1575 1984/3087/1575
f 2134/3089/51 1983/4427/51 2104/3090/51
f 2136/3092/1576 2005/4428/1576 1983/3093/1576
f 2110/3095/41 2005/4429/41 2136/3096/41
f 2459/3098/686 2453/4430/686 1988/3099/686
f 1985/3101/1577 2004/4431/1577 2003/3102/1577
f 2454/3104/1578 2455/3888/1578 1968/3105/1578
f 1988/3107/750 2002/4432/750 2001/3108/750
f 2440/3110/1579 1986/4433/1579 2003/3111/1579
f 2444/3113/1580 2004/4434/1580 1985/3114/1580
f 1978/3116/41 2002/4435/41 2456/3117/41
f 1989/3119/740 2000/4436/740 1999/3120/740
f 1998/3122/750 1997/4437/750 1991/3123/750
f 1998/3125/816 1992/4438/816 1990/3126/816
f 1989/3128/1581 1991/4439/1581 1997/3129/1581
f 1989/3131/51 1970/4440/51 1973/3132/51
f 1972/3134/1582 1973/4441/1582 1970/3135/1582
f 1972/3137/41 1971/4442/41 2000/3138/41
f 1980/3140/691 1976/4443/691 1998/3141/691
f 1976/3143/1583 1980/4444/1583 1979/3144/1583
f 1979/3146/51 1990/4445/51 1992/3147/51
f 2222/3149/41 2206/3564/41 1995/3150/41
f 2204/3152/1584 1993/4446/1584 1995/3153/1584
f 1993/3155/740 1994/4447/740 1996/3156/740
f 2208/3158/1585 1996/4448/1585 1994/3159/1585
f 1957/2890/41 1956/4383/41 2001/3161/41
f 2002/3163/1586 1936/4449/1586 1923/3164/1586
f 1922/3166/1587 1937/4450/1587 2001/3167/1587
f 2548/3169/51 1923/4451/51 1936/3170/51
f 1960/2922/41 2003/4452/41 2004/3172/41
f 2004/3173/1588 1921/4453/1588 1939/3174/1588
f 2545/3176/51 2563/3964/51 1939/3177/51
f 1940/3179/1589 1920/4454/1589 2003/3180/1589
f 1964/3182/1590 2005/4455/1590 1941/3183/1590
f 1964/3185/41 1963/3496/41 2006/3186/41
f 1919/3188/1591 1942/4456/1591 2006/3189/1591
f 2544/3191/51 1918/4457/51 1941/3192/51
f 1987/3194/1592 1854/4458/1592 1853/3195/1592
f 1988/3197/51 1987/4459/51 1989/3198/51
f 1992/3200/1593 1993/4460/1593 1848/3201/1593
f 2520/2616/41 1849/2615/41 1850/2498/41
f 1991/3203/51 1994/4461/51 1993/3204/51
f 1850/3206/1594 1849/4462/1594 1994/3207/1594
f 2031/3209/742 2018/4463/742 2017/3210/742
f 2170/3212/839 2028/4464/839 2027/3213/839
f 2029/3215/742 2010/4465/742 2009/3216/742
f 2189/3218/742 2012/4466/742 2011/3219/742
f 2169/3221/742 2022/4467/742 2021/3222/742
f 2039/3224/747 2014/4468/747 2013/3225/747
f 2038/3227/747 2026/4469/747 2025/3228/747
f 2190/3230/747 2008/4470/747 2007/3231/747
f 2015/3233/747 2042/4471/747 2032/3234/747
f 2019/3236/742 2040/4472/742 2030/3237/742
f 1872/3239/41 1883/4473/41 2045/3240/41
f 1785/3242/750 2030/4474/750 2040/3243/750
f 2163/3245/41 1886/4475/41 2048/3246/41
f 1869/3248/750 2009/4476/750 2010/3249/750
f 2184/3251/41 1881/4477/41 2043/3252/41
f 1754/3254/51 2010/4478/51 2029/3255/51
f 1870/3256/840 2011/4479/840 2012/3257/840
f 1800/3259/51 2040/4480/51 2019/3260/51
f 2071/3082/1595 2069/3866/1595 2467/3262/1595
f 1869/3263/41 1890/4481/41 2050/3264/41
f 1785/2530/41 1787/4350/41 2020/3266/41
f 1751/2533/51 2018/4482/51 2031/3268/51
f 1872/3269/740 2013/4483/740 2014/3270/740
f 2164/3272/41 1888/4484/41 2049/3273/41
f 1786/2536/41 1784/4352/41 2016/3275/41
f 1874/3277/41 1885/4485/41 2047/3278/41
f 2177/2540/51 1747/2539/51 2012/3280/51
f 1786/3282/740 2032/4486/740 2042/3283/740
f 1744/3285/740 2033/4487/740 2043/3286/740
f 1746/2751/750 2037/4488/750 2044/3287/750
f 1799/3288/750 2015/4489/750 2016/3289/750
f 1779/2500/51 2022/4490/51 2169/3290/51
f 1874/3291/750 2017/4491/750 2018/3292/750
f 1809/3294/51 2042/4492/51 2015/3295/51
f 1803/3297/740 2019/4493/740 2020/3298/740
f 1875/3299/750 2021/4494/750 2022/3300/750
f 1753/2741/750 2039/4495/750 2045/3302/750
f 1807/2857/1596 1966/2859/1596 1903/3303/1596
f 1750/3304/750 2038/4496/750 2046/3305/750
f 2158/2479/51 1783/4339/51 2028/3306/51
f 2572/3308/750 2058/4497/750 2054/3309/750
f 2574/3311/740 2056/4498/740 2052/3312/740
f 2533/3314/41 1862/4499/41 2051/3315/41
f 2540/3317/51 1894/4500/51 2058/3318/51
f 1867/3320/824 2054/4501/824 2058/3321/824
f 2542/3323/51 1892/4502/51 2056/3324/51
f 2537/3326/41 1866/4503/41 2053/3327/41
f 1891/3329/747 2055/4504/747 2051/3330/747
f 2132/3332/51 2138/3418/51 2062/3333/51
f 1984/3335/1597 2062/3417/1597 2060/3336/1597
f 2140/3338/41 2059/4505/41 1821/3339/41
f 2130/3086/41 2006/4506/41 2068/3340/41
f 1942/2837/1598 2067/3345/1598 2068/3342/1598
f 1845/3344/1599 2063/4507/1599 2067/3345/1599
f 2447/3346/41 2074/4508/41 2004/3347/41
f 2004/3349/1600 2074/4509/1600 2072/2756/1600
f 1937/2827/846 2071/3082/846 2073/3350/846
f 1837/3352/846 2069/4510/846 2071/3082/846
f 2434/2493/1601 2442/3837/1601 1967/3353/1601
f 2214/3354/41 2080/4511/41 1996/3355/41
f 1996/3357/1602 2080/3535/1602 2079/2743/1602
f 1894/2680/848 2078/3361/848 2076/3358/848
f 1819/3360/1603 2075/3573/1603 2078/3361/1603
f 1994/3362/51 2084/4512/51 2217/3363/51
f 1816/2601/1604 1865/2596/1604 2082/3365/1604
f 2198/3367/41 2220/4513/41 2081/3368/41
f 1881/3369/742 1792/3517/742 2024/3370/742
f 1908/3372/51 1806/4413/51 2318/3044/51
f 1928/2809/740 1827/2808/740 2085/3374/740
f 1908/3375/1605 1959/4514/1605 2034/3045/1605
f 1912/3377/1606 2041/4515/1606 1781/3378/1606
f 2224/3380/51 2085/4516/51 1827/3381/51
f 1848/3382/1552 1993/4517/1552 2094/3383/1552
f 2257/2937/750 1917/4392/750 1981/3385/750
f 2212/3387/742 2088/2678/742 2087/3388/742
f 2212/3387/742 2223/4518/742 2086/2676/742
f 1949/2867/41 1944/3068/41 2099/3390/41
f 1949/3391/750 2100/2860/750 2098/2782/750
f 1915/2803/740 1947/4519/740 2099/3392/740
f 1831/3393/1607 2095/2482/1607 2097/2804/1607
f 1766/3394/750 2096/2780/750 2098/2782/750
f 2096/2483/51 2095/2482/51 1831/2652/51
f 2226/3396/742 2093/2598/742 2091/3397/742
f 2194/3399/855 2213/4520/855 2076/3400/855
f 2078/3361/1608 2075/3573/1608 2215/3401/1608
f 1861/2604/1609 2102/3434/1609 2103/3402/1609
f 2218/3403/1610 2219/4521/1610 2083/3404/1610
f 1941/2764/1611 2005/4522/1611 2110/3405/1611
f 2398/2924/1612 1974/2925/1612 1897/3026/1612
f 1863/3407/861 1892/2674/861 2108/3408/861
f 2152/3410/51 2105/4523/51 1823/3411/51
f 1823/3412/1613 2105/4524/1613 2108/3408/1613
f 2168/2831/41 1959/2830/41 2115/2904/41
f 1940/2833/1614 1960/4525/1614 2115/2904/1614
f 1965/3413/740 2116/2839/740 2113/2783/740
f 1918/2788/1615 1847/2787/1615 2111/3414/1615
f 1840/2834/750 1940/2833/750 2114/2905/750
f 2174/2475/51 2111/2477/51 1847/3415/51
f 2139/3416/1616 2060/3451/1616 2062/3417/1616
f 1986/3419/1617 2119/3852/1617 2118/3420/1617
f 2141/3422/1618 2068/3342/1618 2067/3345/1618
f 2154/3424/1619 2144/4526/1619 2064/3425/1619
f 1781/2881/1620 2041/4515/1620 2269/3426/1620
f 2310/2959/1621 2314/3682/1621 1982/3040/1621
f 2151/3428/1622 2107/3444/1622 2109/2765/1622
f 2109/2765/1623 2110/3095/1623 2149/3097/1623
f 2146/3430/1624 2104/2995/1624 2101/3431/1624
f 2145/3433/1625 2148/3435/1625 2103/3402/1625
f 2145/3433/1626 2146/3430/1626 2147/3432/1626
f 2128/3436/1627 2150/3437/1627 2106/3409/1627
f 2127/3429/1628 2149/3097/1628 2150/3437/1628
f 2108/3408/1629 2105/4524/1629 2152/3438/1629
f 2152/3438/1630 2151/3428/1630 2127/3429/1630
f 2063/3439/1631 2143/3440/1631 2153/3423/1631
f 2143/3440/1632 2144/4526/1632 2154/3424/1632
f 2142/3441/1633 2154/3424/1633 2066/2670/1633
f 2141/3422/1634 2153/3423/1634 2154/3424/1634
f 2061/2606/1635 2059/2608/1635 2140/3442/1635
f 2137/3443/1636 2140/3442/1636 2139/3416/1636
f 2107/3444/51 2151/4527/51 2125/3445/51
f 2125/3445/51 2151/4527/51 2152/3410/51
f 2129/3447/41 2142/3450/41 2065/3448/41
f 2129/3447/41 2130/3086/41 2141/3341/41
f 2060/3451/41 2139/4528/41 2121/3452/41
f 2121/3452/41 2139/4528/41 2140/3338/41
f 2061/3453/51 2137/3456/51 2131/3454/51
f 2137/3456/1637 2138/3418/1637 2132/3332/1637
f 2106/3457/41 2150/3460/41 2135/3458/41
f 2150/3460/41 2149/3097/41 2136/3096/41
f 1863/3461/1638 2135/3464/1638 2133/3462/1638
f 2135/3464/1638 2136/3092/1638 2134/3094/1638
f 1861/3465/51 2133/3468/51 2145/3466/51
f 2133/3468/51 2134/3089/51 2146/3091/51
f 1862/3469/855 1860/4529/855 2131/3470/855
f 2129/3471/1639 2131/3470/1639 2132/3472/1639
f 1844/3446/51 2125/3445/51 2575/3473/51
f 2125/3445/51 2126/2667/51 2577/2669/51
f 1845/3475/51 2123/3477/51 2143/3476/51
f 2123/3477/51 2124/3929/51 2144/2664/51
f 2529/3024/41 1858/3023/41 2121/3452/41
f 2121/3452/41 2122/2630/41 2581/2632/41
f 1859/3479/41 1889/3924/41 2147/3480/41
f 2147/3480/41 1889/3924/41 1813/2627/41
f 1840/3481/51 2112/3502/51 2174/2475/51
f 1965/3482/41 2168/2831/41 2173/2926/41
f 2158/2479/51 2170/3307/51 2036/3484/51
f 2157/2501/51 2169/3290/51 2035/3486/51
f 2164/3272/41 2172/3274/41 2027/3488/41
f 1875/3490/41 2163/3245/41 2171/3247/41
f 2035/3492/742 2169/3221/742 2171/3223/742
f 2036/3494/1640 2170/3212/1640 2172/3214/1640
f 2173/2926/41 2167/2923/41 1964/3185/41
f 2167/2923/41 2166/2921/41 1963/3496/41
f 1963/3496/41 2166/2921/41 2165/2915/41
f 2165/2915/41 2160/2914/41 1812/3037/41
f 2313/2847/41 2315/2829/41 2168/2831/41
f 1888/2562/888 2164/2702/888 2160/2704/888
f 1886/2561/742 2163/2695/742 2159/2697/742
f 2511/3498/51 1840/3481/51 2162/2661/51
f 1841/3499/51 2161/3922/51 2156/2480/51
f 2308/2499/51 2157/2501/51 1782/3487/51
f 1777/3500/51 2156/2480/51 2158/2479/51
f 2112/3502/51 1759/3680/51 2155/3503/51
f 2177/2540/51 2189/3281/51 2033/3504/51
f 2184/3251/41 2192/3253/41 2011/3506/41
f 2037/3508/747 2190/3230/747 2191/3232/747
f 2033/3510/742 2189/3218/742 2192/3220/742
f 2282/2899/41 2180/2901/41 1791/3512/41
f 2187/2891/41 2188/2895/41 1951/3514/41
f 1953/2893/41 2186/2886/41 2187/2891/41
f 2617/3515/41 2619/2887/41 2186/2886/41
f 2401/2708/41 2185/2707/41 1954/3516/41
f 1881/3369/742 2184/2698/742 2180/2700/742
f 1882/2567/747 2183/2689/747 2179/2691/747
f 1832/3518/51 2182/2487/51 2585/2641/51
f 1833/3520/51 2181/3919/51 2622/2638/51
f 2178/2521/51 2190/2575/51 2037/3522/51
f 2242/3524/51 2284/2538/51 2177/2540/51
f 2404/2522/51 2178/2521/51 1746/3523/51
f 2183/2510/41 2191/2509/41 2007/3526/41
f 1763/3528/51 2175/3579/51 2182/2487/51
f 2081/2987/1641 2220/3531/1641 2217/3529/1641
f 2220/3531/1642 2219/4521/1642 2218/3403/1642
f 2079/2743/1643 2193/3534/1643 2216/3532/1643
f 2193/3534/1644 2194/3399/1644 2215/3401/1644
f 2080/3535/1645 2214/3536/1645 2193/3534/1645
f 2214/3536/855 2213/4520/855 2194/3399/855
f 2094/3020/742 2225/3022/742 2228/2611/742
f 2225/3022/742 2226/3396/742 2227/3398/742
f 2085/3374/742 2224/3538/742 2211/3537/742
f 2224/3538/742 2223/4518/742 2212/3387/742
f 2211/3537/742 2222/3540/742 2090/3539/742
f 2211/3537/742 2212/3387/742 2221/3389/742
f 2086/2676/51 2223/3543/51 2201/3541/51
f 2223/3543/51 2224/3380/51 2202/2657/51
f 2083/3404/41 2219/3546/41 2197/3544/41
f 2219/3546/41 2220/4513/41 2198/3367/41
f 2209/3547/51 2218/3550/51 2082/3548/51
f 2210/3364/51 2217/3363/51 2218/3550/51
f 2076/3400/41 2213/3553/41 2207/3551/41
f 2213/3553/41 2214/3354/41 2208/3356/41
f 2207/3554/1646 2209/3557/1646 1865/3555/1646
f 2208/3158/829 2210/3160/829 2209/3557/829
f 1864/3558/754 2203/3561/754 2205/3559/754
f 2203/3561/1543 2204/3152/1543 2206/3154/1543
f 2087/3388/41 1866/4530/41 2205/3562/41
f 2221/3563/41 2205/3562/41 2206/3564/41
f 2226/3565/51 2203/3568/51 1864/3566/51
f 2225/3022/51 2204/3021/51 2203/3568/51
f 2489/3569/51 1818/3542/51 2201/3541/51
f 2201/3541/51 2202/2657/51 2589/2659/51
f 1819/3571/51 2199/3574/51 2215/3572/51
f 2199/3574/51 2200/3916/51 2216/2654/51
f 1816/3545/41 2197/3544/41 2591/3575/41
f 2197/3544/41 2198/3367/41 2593/2614/41
f 1817/3577/41 2195/3912/41 2227/3398/41
f 2227/3398/41 2195/3912/41 2196/3578/41
f 2175/3579/51 2283/3631/51 2241/3580/51
f 2241/3580/51 2283/3631/51 2284/2538/51
f 2188/2895/41 2281/3581/41 2245/2883/41
f 2281/3581/41 2282/2899/41 2246/3513/41
f 2024/3582/1647 2267/3585/1647 2270/3583/1647
f 2267/3585/1648 2268/2879/1648 2269/3426/1648
f 2258/3586/750 2279/3589/750 1790/3587/750
f 2258/3586/750 2257/2937/750 2280/3386/750
f 1979/3012/785 2276/2927/785 2234/3590/785
f 2276/2927/899 2275/2976/899 2233/2978/899
f 2273/3591/750 2271/3593/750 1800/3244/750
f 2274/2971/750 2272/2969/750 2271/3593/750
f 2271/3593/750 2240/3594/750 1785/3242/750
f 2272/2969/750 2239/2968/750 2240/3594/750
f 2270/3583/51 2260/3596/51 1881/3595/51
f 2270/3583/51 2269/2952/51 2259/2954/51
f 1870/3597/51 2261/3600/51 2254/3598/51
f 2261/3600/51 2262/2947/51 2253/2949/51
f 2263/3601/51 2256/3604/51 1890/3602/51
f 2264/2727/51 2255/2946/51 2256/3604/51
f 2265/3605/51 2258/3586/51 1880/3588/51
f 2266/2938/51 2257/2937/51 2258/3586/51
f 1803/3297/740 2275/2976/740 2277/3607/740
f 2275/2976/899 2276/2927/899 2278/2929/899
f 1790/3587/41 2279/3589/41 2250/2871/41
f 2279/3589/41 2280/2912/41 2249/2913/41
f 1815/2872/41 2252/3611/41 2273/3609/41
f 2252/3611/664 2251/2909/664 2274/2911/664
f 2188/2895/41 1958/2880/41 2247/3612/41
f 2281/3581/41 2247/3612/41 2248/3613/41
f 2277/3614/41 2246/3513/41 1791/3512/41
f 2278/2884/41 2245/2883/41 2246/3513/41
f 1792/2900/41 2248/3613/41 2267/3585/41
f 2267/3585/41 2248/3613/41 2247/3612/41
f 1948/2870/41 1947/2869/41 2251/2909/41
f 2249/2913/41 2251/2909/41 2252/3611/41
f 1764/3616/740 2237/3618/740 2255/3617/740
f 2237/3618/740 2238/2528/740 2256/2779/740
f 1913/2800/785 1762/2799/785 2231/3619/785
f 2253/3620/899 2231/3619/899 2232/3621/899
f 1760/2796/740 2241/3623/740 2259/3622/740
f 2241/3623/740 2242/2773/740 2260/2775/740
f 1754/3250/1649 2244/3625/1649 2265/3624/1649
f 2244/3625/1650 2243/2728/1650 2266/2730/1650
f 1751/3293/750 2235/3626/750 2263/3601/750
f 2235/3626/750 2236/2725/750 2264/2727/750
f 1870/3256/750 1747/3258/750 2229/3627/750
f 2261/3628/750 2229/3627/750 2230/3629/750
f 2175/3579/51 1763/3528/51 2230/3630/51
f 2283/3631/51 2230/3630/51 2229/3632/51
f 1765/3633/51 2236/3635/51 2231/3634/51
f 2236/3635/51 2235/4351/51 2232/2532/51
f 1755/2619/41 1756/2618/41 2234/3636/41
f 2239/3637/41 2234/3636/41 2233/2529/41
f 1766/2481/51 2243/4531/51 2237/3618/51
f 2237/3618/51 2243/4531/51 2244/2526/51
f 2309/3639/51 2320/3678/51 2307/3640/51
f 2286/3641/51 2307/3640/51 2308/2499/51
f 1805/3642/41 2159/3668/41 2305/3643/41
f 2301/3644/41 2305/3643/41 2306/3645/41
f 1793/3647/1651 2303/4532/1651 2295/3648/1651
f 2295/3648/1652 2303/4532/1652 2304/3650/1652
f 2297/3652/51 2292/3656/51 1814/3653/51
f 2297/3652/51 2298/3683/51 2291/3655/51
f 1814/3653/1653 2292/3656/1653 2290/3657/1653
f 2291/3655/1654 2289/3684/1654 2290/3657/1654
f 1871/3649/51 2295/3648/51 2294/3659/51
f 2295/3648/51 2296/3651/51 2293/3661/51
f 1879/3658/41 2290/3665/41 2299/3662/41
f 2289/3664/41 2300/3669/41 2299/3662/41
f 1805/3642/41 2301/3644/41 2303/3666/41
f 2301/3644/41 2302/3646/41 2304/3667/41
f 2159/3668/41 1804/3663/41 2299/3662/41
f 2305/3643/41 2299/3662/41 2300/3669/41
f 2319/3670/740 2309/3681/740 2286/3671/740
f 2293/3672/740 2286/3671/740 2285/3673/740
f 1779/3301/750 2288/4533/750 2297/3674/750
f 2297/3674/750 2288/4533/750 2287/3675/750
f 2316/3677/51 2287/3679/51 2307/3640/51
f 2287/3679/51 2288/4342/51 2308/2499/51
f 1759/3680/51 2316/3677/51 2320/3678/51
f 1907/2785/740 1757/2784/740 2309/3681/740
f 1757/2476/51 2155/3503/51 2320/3678/51
f 2302/3646/41 2306/3645/41 2315/2829/41
f 2296/3651/1655 2304/3650/1655 2314/3682/1655
f 2298/3683/51 2311/3373/51 2318/3044/51
f 2291/3655/1656 2318/3044/1656 2317/3046/1656
f 2310/2959/51 2319/2961/51 2293/3661/51
f 2317/2856/691 2312/2855/691 2300/3669/691
f 2304/3667/41 2302/3646/41 2313/2847/41
f 2306/3645/41 2300/3669/41 2312/2855/41
f 2298/3676/750 2287/3675/750 2316/3685/750
f 1774/3686/51 2176/3807/51 2402/3687/51
f 2405/3689/51 2432/3809/51 2403/3690/51
f 2403/3690/51 2404/2522/51 2323/3525/51
f 1794/3692/41 2179/3791/41 2399/3693/41
f 2375/3694/41 2399/3693/41 2400/3695/41
f 2423/3697/41 2431/3793/41 2401/2708/41
f 1796/3698/1657 2396/3702/1657 2357/3699/1657
f 2397/3701/1658 2358/3823/1658 2357/3699/1658
f 2430/3703/1659 2398/2924/1659 2359/3406/1659
f 2366/3705/51 2347/2941/51 1887/2940/51
f 2366/3705/51 2367/3822/51 2346/3707/51
f 2368/2979/51 2345/2981/51 2413/3708/51
f 2363/3710/51 2350/3714/51 1882/3711/51
f 2364/3713/51 2349/3821/51 2350/3714/51
f 2365/2719/51 2348/2975/51 2414/3715/51
f 1872/3717/51 2360/3719/51 2353/2739/51
f 2360/3719/51 2361/3784/51 2352/3720/51
f 2418/3721/51 2362/2733/51 2351/2973/51
f 2395/3723/1660 2342/3820/1660 1770/3015/1660
f 2429/3724/1661 2394/3727/1661 2343/3725/1661
f 2394/3727/1662 2393/2962/1662 2344/2964/1662
f 2387/3728/740 2384/3731/740 1809/3284/740
f 2388/3730/740 2385/3734/740 2384/3731/740
f 2389/2898/740 2386/2955/740 2426/3732/740
f 2384/3731/740 2332/3735/740 1786/3282/740
f 2385/3734/740 2331/3819/740 2332/3735/740
f 2386/2955/740 2330/2957/740 2408/3736/740
f 1969/2712/913 2383/2874/913 2345/2981/913
f 2425/3737/914 2382/3738/914 2346/3707/914
f 2382/3738/915 2381/2939/915 2347/2941/915
f 1799/3288/750 2393/2962/750 2390/3739/750
f 2390/3739/1663 2393/2962/1663 2394/3727/1663
f 2428/3742/750 2429/3724/750 2395/3723/750
f 2357/3743/51 2356/3746/51 1883/3744/51
f 2358/3745/51 2355/3818/51 2356/3746/51
f 2359/2932/51 2354/2931/51 2416/3747/51
f 1796/3698/41 1797/3788/41 2369/3749/41
f 2396/3702/41 2369/3749/41 2370/3750/41
f 2430/3703/41 2421/3790/41 2371/2711/41
f 2390/3751/41 2372/3755/41 1795/3752/41
f 2391/3754/41 2373/3789/41 2372/3755/41
f 2392/2903/41 2374/2709/41 2422/3756/41
f 1794/3692/41 2375/3694/41 2387/3728/41
f 2375/3694/41 2376/3696/41 2388/3730/41
f 2423/3697/41 2377/2896/41 2389/2898/41
f 1808/2951/41 2381/2939/41 2378/3759/41
f 2382/3738/41 2379/3792/41 2378/3759/41
f 2425/3737/41 2383/2874/41 2380/2706/41
f 1774/3762/1664 2321/3817/1664 2348/3763/1664
f 2405/3764/1665 2322/4534/1665 2349/3765/1665
f 2349/3765/750 2322/4534/750 2323/3767/750
f 1896/2814/750 1771/4370/750 2341/3768/750
f 2416/3770/750 2411/3816/750 2340/3771/750
f 2355/3772/750 2340/3771/750 2339/3773/750
f 1772/3774/750 2327/3815/750 2351/2973/750
f 2407/3775/750 2328/3776/750 2352/3720/750
f 2328/3776/750 2329/2737/750 2353/2739/750
f 1743/2586/740 2336/3778/740 2366/3777/740
f 2336/3778/740 2337/3814/740 2367/3779/740
f 2410/3780/740 2338/2734/740 2368/2736/740
f 1872/3269/740 1749/3271/740 2324/3782/740
f 2360/3719/740 2324/3782/740 2325/3783/740
f 2406/3785/1666 2326/2731/1666 2362/2733/1666
f 1745/2589/740 2333/3786/740 2363/3710/740
f 2333/3786/740 2334/4535/740 2364/3713/740
f 2419/3716/1667 2409/3813/1667 2335/3787/1667
f 1795/3752/41 2372/3755/41 2369/3749/41
f 2369/3749/41 2372/3755/41 2373/3789/41
f 2421/3790/41 2422/3756/41 2374/2709/41
f 2179/3791/41 1788/3760/41 2378/3759/41
f 2399/3693/41 2378/3759/41 2379/3792/41
f 2431/3793/41 2424/3761/41 2380/2706/41
f 1770/2496/41 2342/4536/41 2330/3794/41
f 2408/3796/41 2412/3812/41 2343/3797/41
f 2331/3798/41 2343/3797/41 2344/2535/41
f 1771/2650/51 1773/2649/51 2326/2731/51
f 2406/3785/51 2325/3783/51 2340/3800/51
f 2325/3783/51 2324/3782/51 2339/2525/51
f 1775/2644/51 2335/3811/51 2327/3802/51
f 2409/3803/51 2334/3806/51 2328/3804/51
f 2334/3806/51 2333/2523/51 2329/2524/51
f 2176/3807/51 1776/4043/51 2338/3808/51
f 2432/3809/51 2410/4537/51 2337/3810/51
f 2403/3690/51 2337/3810/51 2336/2520/51
f 2338/3808/51 2410/4537/51 2432/3809/51
f 2335/3811/51 2409/3803/51 2407/3805/51
f 2326/2731/51 2406/3785/51 2411/3801/51
f 2330/3794/41 2342/4536/41 2412/3812/41
f 2400/3695/41 2379/3792/41 2424/3761/41
f 2370/3750/41 2373/3789/41 2422/3756/41
f 2364/3713/1668 2334/4535/1668 2409/3813/1668
f 2361/3784/740 2325/3783/740 2406/3785/740
f 2337/3814/740 2410/3780/740 2420/3781/740
f 2327/3815/750 2407/3775/750 2415/3722/750
f 2354/3769/750 2341/3768/750 2411/3816/750
f 2321/3817/1669 2405/3764/1669 2414/3766/1669
f 2425/3737/41 2424/3761/41 2379/3792/41
f 2376/3696/41 2423/3697/41 2427/3733/41
f 2391/3754/41 2428/3757/41 2422/3756/41
f 2370/3750/41 2421/3790/41 2430/3703/41
f 2358/3745/51 2417/3748/51 2416/3747/51
f 2391/3741/1670 2394/3727/1670 2429/3724/1670
f 2383/2874/922 2425/3737/922 2413/3708/922
f 2426/3732/740 2408/3736/740 2331/3819/740
f 2427/3733/740 2426/3732/740 2385/3734/740
f 2429/3724/750 2412/3726/750 2342/3820/750
f 2361/3784/51 2418/3721/51 2415/3722/51
f 2419/3716/51 2414/3715/51 2349/3821/51
f 2367/3822/51 2420/3709/51 2413/3708/51
f 2397/3701/1671 2430/3703/1671 2417/3704/1671
f 2376/3696/41 2400/3695/41 2431/3793/41
f 2321/3688/51 2402/3687/51 2432/3809/51
f 2482/3824/1672 2442/3837/1672 2434/2493/1672
f 2484/3826/691 2475/3891/691 2447/3346/691
f 2072/2756/1673 2446/3842/1673 2448/3827/1673
f 1977/3829/664 2445/3895/664 2443/3830/664
f 2484/3832/1580 2444/3113/1580 2441/3115/1580
f 2440/3110/1674 2443/3112/1674 2483/3834/1674
f 1985/3836/1675 1967/3353/1675 2442/3837/1675
f 1986/3839/686 2440/4538/686 2449/3840/686
f 2072/2756/1676 2074/4509/1676 2447/3346/1676
f 2479/3843/1677 2439/2966/1677 2433/3042/1677
f 2479/3843/1678 2485/3897/1678 2445/2965/1678
f 2605/3845/51 2473/3854/51 2438/2492/51
f 2472/3846/51 2437/2633/51 2448/2635/51
f 2603/3848/41 2471/3853/41 2436/2495/41
f 2470/3849/41 2435/3909/41 2450/2622/41
f 2449/3851/1679 2450/3894/1679 2118/3420/1679
f 2471/3853/41 2469/3825/41 2434/2493/41
f 2473/3854/51 2478/4539/51 2433/2490/51
f 1761/3855/51 2451/3896/51 2464/3856/51
f 1768/3858/41 2460/3882/41 2462/3859/41
f 2117/2554/41 1855/3906/41 2461/3861/41
f 1854/3860/41 2462/3859/41 2599/3863/41
f 1837/3864/51 2463/3900/51 2467/3865/51
f 1836/3857/51 2464/3856/51 2601/3867/51
f 1978/3869/1680 2458/4540/1680 2452/3870/1680
f 1761/2768/1681 1910/2770/1681 2452/3870/1681
f 1988/3872/1682 2453/3898/1682 2456/3873/1682
f 2001/3875/1683 2457/3899/1683 2454/3876/1683
f 2001/3878/691 2073/3081/691 2466/3879/691
f 1968/3881/1684 2455/3888/1684 2460/3882/1684
f 2474/3883/1685 2465/3080/1685 2467/3262/1685
f 2485/3885/664 2458/3118/664 2456/3117/664
f 2481/3887/1686 2482/3824/1686 2455/3888/1686
f 2480/3889/686 2453/4430/686 2459/3098/686
f 2475/3891/1687 2466/3879/1687 2465/3080/1687
f 2486/3892/1688 2459/2553/1688 2468/2555/1688
f 2449/3851/1689 2486/3892/1689 2477/3893/1689
f 2447/3346/1687 2475/3891/1687 2474/3883/1687
f 2449/3840/686 2440/4538/686 2480/3889/686
f 2442/3837/686 2482/3824/686 2481/3887/686
f 2485/3885/41 2483/3886/41 2443/3830/41
f 2446/3842/1690 2474/3883/1690 2476/3884/1690
f 2451/3896/51 2478/4539/51 2473/3854/51
f 2462/3859/51 2460/3882/51 2469/3825/51
f 2468/3862/41 2461/3861/41 2470/3849/41
f 2462/3859/41 2471/3853/41 2603/3848/41
f 2467/3865/51 2463/3900/51 2472/3846/51
f 2601/3867/51 2464/3856/51 2473/3854/51
f 2452/3870/1691 2458/4540/1691 2485/3897/1691
f 2452/3870/1692 2479/3843/1692 2478/3844/1692
f 2480/3835/1693 2483/3834/1693 2456/3873/1693
f 2457/3899/1683 2484/3832/1683 2481/3833/1683
f 2466/3879/691 2475/3891/691 2484/3826/691
f 2455/3888/1694 2482/3824/1694 2469/3825/1694
f 2463/3900/51 2602/3902/51 2606/3901/51
f 2602/3902/51 2601/3867/51 2605/3845/51
f 2600/3903/41 2604/3904/41 2470/3849/41
f 2599/3863/41 2603/3848/41 2604/3904/41
f 2508/3905/51 2602/3902/51 2463/3900/51
f 2507/3868/51 2601/3867/51 2602/3902/51
f 1855/3906/41 2526/3907/41 2600/3903/41
f 2525/2998/41 2599/3863/41 2600/3903/41
f 2470/3849/41 2604/3904/41 2598/3908/41
f 2604/3904/41 2603/3848/41 2597/2625/41
f 2606/3901/51 2596/3910/51 2437/2633/51
f 2605/3845/51 2595/2637/51 2596/3910/51
f 2592/3911/41 2594/3913/41 2196/3578/41
f 2592/3911/41 2591/3575/41 2593/2614/41
f 2488/3914/41 2592/3911/41 2195/3912/41
f 2487/3576/41 2591/3575/41 2592/3911/41
f 2199/3574/51 2588/3917/51 2590/3915/51
f 2587/3570/51 2589/2659/51 2590/3915/51
f 1819/3571/51 2490/2679/51 2588/3917/51
f 2490/2679/51 2489/3569/51 2587/3570/51
f 2504/3918/51 2586/3920/51 2181/3919/51
f 2504/3918/51 2503/3519/51 2585/2641/51
f 2512/3921/51 2584/3923/51 2161/3922/51
f 2511/3498/51 2583/2663/51 2584/3923/51
f 1889/3924/41 2580/3926/41 2582/3925/41
f 2579/3478/41 2581/2632/41 2582/3925/41
f 1859/3479/41 2530/3927/41 2580/3926/41
f 2529/3024/41 2579/3478/41 2580/3926/41
f 2576/3928/51 2578/3930/51 2124/3929/51
f 2575/3473/51 2577/2669/51 2578/3930/51
f 2516/3931/51 2576/3928/51 2123/3477/51
f 2515/3474/51 2575/3473/51 2576/3928/51
f 2538/3932/41 2570/3935/41 2054/3933/41
f 2538/3932/41 2537/3326/41 2569/3328/41
f 2541/3936/51 2573/3939/51 2055/3937/51
f 2541/3936/51 2542/3323/51 2574/3325/51
f 2539/3940/51 2571/3943/51 2057/3941/51
f 2540/3317/51 2572/3319/51 2571/3943/51
f 2534/3944/41 2568/3947/41 2052/3945/41
f 2533/3314/41 2567/3316/41 2568/3947/41
f 2055/3948/740 2573/3950/740 2567/3316/740
f 2573/3950/740 2574/3311/740 2568/3313/740
f 2057/3951/750 2571/3954/750 2569/3952/750
f 2571/3954/750 2572/3308/750 2570/3310/750
f 2519/3955/41 2522/3956/41 1851/2617/41
f 2519/3955/41 2520/2616/41 2521/2621/41
f 1919/3957/51 2543/3960/51 2566/3958/51
f 2543/3960/51 2544/3191/51 2565/3193/51
f 1920/3961/51 1940/4541/51 2564/3962/51
f 2546/3963/51 2564/3962/51 2563/3964/51
f 2547/3965/51 2562/3968/51 1937/3966/51
f 2547/3965/51 2548/3169/51 2561/3171/51
f 1927/3969/51 2551/3972/51 2558/3970/51
f 2551/3972/51 2552/3079/51 2557/3078/51
f 2553/3973/51 2556/3976/51 1931/3974/51
f 2554/3056/51 2555/3058/51 2556/3976/51
f 2527/3977/41 2530/3927/41 1859/3479/41
f 2527/3977/41 2528/2626/41 2529/3024/41
f 1852/3978/1695 2523/3979/1695 2526/3907/1695
f 2523/3979/1696 2524/2620/1696 2525/2998/1696
f 2549/3980/51 2560/2822/51 1935/3981/51
f 2549/3980/51 2550/2861/51 2559/2863/51
f 1941/2764/750 1844/4367/750 2515/3983/750
f 2565/3984/750 2515/3983/750 2516/2836/750
f 1939/2841/750 2563/3986/750 2512/3985/750
f 2563/3986/750 2564/4371/750 2511/2832/750
f 1836/3987/750 2507/3989/750 2561/3988/750
f 2507/3989/750 2508/2826/750 2562/2828/750
f 1934/2772/750 1832/2771/750 2503/3990/750
f 2559/2863/750 2503/3990/750 2504/2820/750
f 1932/2778/1697 1828/4368/1697 2499/3991/1697
f 2557/3992/1698 2499/3991/1698 2500/2815/1698
f 1824/3993/750 2495/2651/750 2555/3994/750
f 2495/2651/750 2496/2810/750 2556/2812/750
f 1929/2745/740 1826/2744/740 2497/3995/740
f 2553/3996/740 2497/3995/740 2498/3997/740
f 1830/3998/740 2501/4000/740 2551/3999/740
f 2501/4000/740 2502/2653/740 2552/2806/740
f 1834/2748/740 2505/4002/740 2549/4001/740
f 2505/4002/740 2506/4369/740 2550/2801/740
f 1922/2755/740 1838/2754/740 2509/4003/740
f 2547/4004/740 2509/4003/740 2510/4005/740
f 1921/2758/740 1842/2757/740 2513/4006/740
f 2513/4006/740 2514/2636/740 2546/2792/740
f 1919/2760/740 1846/4366/740 2517/4008/740
f 2543/4009/740 2517/4008/740 2518/4010/740
f 1818/4011/750 2489/3569/750 2539/4012/750
f 2489/3569/750 2490/2679/750 2540/2681/750
f 1822/2671/740 2493/4014/740 2541/4013/740
f 2493/4014/740 2494/2673/740 2542/2675/740
f 2578/3930/51 2493/4015/51 1822/2665/51
f 2578/3930/51 2577/2669/51 2494/2668/51
f 2584/3923/51 2517/4016/51 1846/2660/51
f 2584/3923/51 2583/2663/51 2518/2662/51
f 2200/3916/51 2590/3915/51 2497/4017/51
f 2589/2659/51 2498/2658/51 2497/4017/51
f 2496/2810/51 2501/4000/51 1830/4018/51
f 2495/2651/51 2502/2653/51 2501/4000/51
f 2500/4019/51 2505/4021/51 1834/4020/51
f 2499/2646/51 2506/2647/51 2505/4021/51
f 2181/3919/51 2586/3920/51 2509/4022/51
f 2585/2641/51 2510/2642/51 2509/4022/51
f 2596/3910/51 2513/4006/51 1842/4023/51
f 2595/2637/51 2514/2636/51 2513/4006/51
f 2582/3925/41 2491/4025/41 1820/4024/41
f 2581/2632/41 2492/2631/41 2491/4025/41
f 2598/3908/41 2527/3977/41 1856/2623/41
f 2598/3908/41 2597/2625/41 2528/2626/41
f 2522/3956/1699 2523/3979/1699 1852/3978/1699
f 2522/3956/1700 2521/2621/1700 2524/2620/1700
f 2594/3913/41 2519/3955/41 1848/2612/41
f 2594/3913/41 2593/2614/41 2520/2616/41
f 1860/4026/740 2531/4027/740 2492/2631/740
f 2531/4027/740 2532/2605/740 2491/2610/740
f 1862/4028/740 2533/4029/740 2531/4027/740
f 2533/4029/740 2534/2603/740 2532/2605/740
f 1864/4030/750 2535/4032/750 2488/4031/750
f 2535/4032/750 2536/2597/750 2487/2602/750
f 1866/4033/750 2537/4034/750 2535/4032/750
f 2537/4034/750 2538/2595/750 2536/2597/750
f 2607/4035/51 2614/4042/51 2176/3807/51
f 1954/3516/41 2185/2707/41 2613/4036/41
f 2618/4038/1701 2612/2888/1701 2610/2889/1701
f 1955/2714/41 2612/4046/41 2613/4036/41
f 1900/2824/1702 1954/4542/1702 2611/4039/1702
f 2620/4040/1703 2607/2823/1703 2609/2825/1703
f 1776/4041/1704 2608/4048/1704 2610/2889/1704
f 2614/4042/51 2608/4049/51 1776/4043/51
f 1833/4044/1705 2620/4040/1705 2621/2843/1705
f 1956/4045/1706 2618/4038/1706 2616/2753/1706
f 2620/3521/51 2622/2638/51 2614/4042/51
f 2611/4037/41 2613/4036/41 2619/2887/41
f 2612/4046/41 2618/2885/41 2619/2887/41
f 2609/2825/1707 2611/4039/1707 2617/4047/1707
f 2608/4048/1708 2615/4365/1708 2616/2753/1708
f 2614/4042/51 2622/2638/51 2615/2640/51
