# Blender 4.2.0
# www.blender.org
mtllib carnivorous_plant_1_b.mtl
g carnivorous_plant_1_b_Mesh
v 0.117635 0.530415 -0.114576
v 0.243666 0.340275 -0.234964
v 0.117635 0.530415 0.216160
v 0.243666 0.340275 0.232418
v -0.220884 0.530415 -0.114576
v -0.234714 0.340275 -0.234964
v -0.220884 0.530415 0.216160
v -0.236964 0.348151 0.282723
v 0.004476 0.340275 -0.328503
v -0.051625 0.530415 0.282352
v -0.020194 0.348151 0.367495
v -0.051625 0.530415 -0.180768
v -0.330455 0.340275 -0.001273
v 0.185384 0.530415 0.050792
v -0.288633 0.530415 0.050792
v 0.339406 0.340275 -0.001273
v 0.175474 1.883199 -0.065851
v 0.012463 0.908293 0.274352
v -0.124993 0.908293 0.212384
v 0.204938 0.908293 0.057570
v 0.149919 0.908293 0.212384
v -0.180013 0.908293 0.057570
v -0.124993 0.908293 -0.097244
v 0.012463 0.908293 -0.159212
v 0.149919 0.908293 -0.097244
v 0.243666 0.207638 -0.234964
v -0.266227 2.561497 0.163389
v 0.292007 0.235941 0.240967
v -0.247971 0.231867 -0.268356
v -0.236964 0.227947 0.282723
v 0.008582 0.231867 -0.382164
v -0.020194 0.227947 0.367495
v -0.330455 0.207638 -0.001273
v 0.388992 0.235941 0.004238
v -0.361044 0.140790 -0.010919
v 0.294363 1.609170 -0.006306
v 0.239365 1.221579 0.156474
v 0.344146 1.221579 0.109238
v 0.383910 1.637664 -0.048670
v 0.247846 1.925845 -0.097089
v 0.065304 1.866033 -0.197229
v 0.168974 1.569272 -0.154508
v 0.092644 1.221579 -0.008775
v 0.134584 1.221579 0.109238
v 0.204816 1.580677 -0.048670
v 0.099497 1.857925 -0.106111
v 0.090490 1.901328 -0.284736
v 0.204816 1.580677 -0.260345
v 0.134584 1.221579 -0.126788
v 0.344146 1.221579 -0.126788
v 0.383910 1.637664 -0.260345
v 0.238838 1.969248 -0.275713
v 0.273032 1.961139 -0.184595
v 0.419753 1.649068 -0.154508
v 0.386086 1.221579 -0.008775
v 0.162861 1.943974 -0.315973
v 0.294364 1.609170 -0.302709
v 0.239365 1.221579 -0.174025
v -0.042513 2.321137 0.053234
v -0.111718 2.281675 0.017320
v 0.054393 2.376394 -0.072406
v 0.026692 2.360599 0.017320
v -0.139419 2.265880 -0.072406
v -0.111718 2.281675 -0.162132
v -0.042513 2.321137 -0.198046
v 0.026692 2.360599 -0.162132
v -0.428151 2.690403 0.287909
v -0.307235 2.471259 0.170444
v -0.214391 2.586382 -0.018809
v -0.227500 2.610307 0.085979
v -0.326042 2.391679 0.099464
v -0.312934 2.367755 -0.005325
v -0.274206 2.416564 -0.082735
v -0.233199 2.506803 -0.089790
v -0.471128 2.487957 0.240711
v -0.345292 2.688721 -0.107768
v -0.359072 2.740685 0.096907
v -0.452129 2.345658 0.140965
v -0.473794 2.303415 -0.068286
v -0.415647 2.400176 -0.188263
v -0.368844 2.563206 -0.204485
v -0.780388 2.899909 0.331319
v -0.625152 2.824408 0.325491
v -0.688025 2.496742 0.325067
v -0.516238 2.961122 -0.264407
v -0.517375 2.969837 0.005309
v -0.752100 2.232472 0.160855
v -0.733182 2.201580 -0.135611
v -0.624947 2.387457 -0.402320
v -0.555265 2.699382 -0.481632
v -0.884384 2.523868 0.404710
v -0.661368 3.061837 -0.323960
v -0.704336 3.111048 0.025602
v -0.978275 2.240317 0.170076
v -0.900990 2.170006 -0.194530
v -0.812351 2.363812 -0.466711
v -0.738587 2.767614 -0.566602
v -0.869458 2.945674 0.340484
v -1.000257 2.548830 0.455600
v -0.736676 3.084183 -0.386466
v -0.801645 3.147812 0.045551
v -1.082803 2.221122 0.184746
v -1.007259 2.157383 -0.272876
v -0.892169 2.387554 -0.500098
v -0.798716 2.838670 -0.571755
v -1.000294 2.621074 0.164832
v -0.891389 2.949280 -0.024481
v -0.996465 2.454637 0.045761
v -1.015950 2.425979 -0.164977
v -0.959702 2.547086 -0.331632
v -0.900679 2.748898 -0.360663
v -0.357126 4.117300 -0.602857
v -0.852278 2.943580 0.442309
v -1.087448 2.644472 0.420549
v -0.731017 3.177219 -0.360517
v -0.852273 3.205334 0.130645
v -1.123803 2.226782 0.182743
v -1.055341 2.155224 -0.253495
v -0.958878 2.367532 -0.535898
v -0.894516 2.922694 -0.598621
v -0.479359 3.691852 -0.612191
v -0.656719 3.724235 -0.101152
v -1.513706 1.856445 0.413461
v -1.441319 1.880848 -0.119616
v -0.692477 3.283420 -0.906734
v -1.425807 2.311718 0.668634
v -0.696945 3.757522 -0.117073
v -1.503160 1.898494 -0.127615
v -0.729452 3.334421 -0.897955
v -1.488743 2.307027 0.638788
v -0.771436 3.052186 0.856884
v -1.055674 2.703297 0.812565
v -1.232235 2.263230 -0.964202
v -1.103204 2.724998 -1.005689
v -0.774363 3.404304 0.555276
v -1.347369 2.026765 -0.532973
v -1.098690 2.733844 0.847897
v -1.153130 2.738661 -1.011525
v -0.823817 3.408336 0.601800
v -1.411857 2.071057 -0.561108
v -0.701862 3.591310 -0.117346
v -0.836726 3.402852 -0.084793
v -0.813645 3.400444 -0.020564
v -0.682721 3.557242 -0.062662
v -0.898060 3.101316 -0.663404
v -0.813550 3.225459 -0.817667
v -0.541170 3.498425 -0.520603
v -0.640771 3.351767 -0.439265
v -0.921526 3.147010 -0.603589
v -0.839803 3.286098 -0.777657
v -0.865475 3.309519 0.489156
v -0.935923 3.230415 0.333288
v -0.817730 3.336146 0.449021
v -0.868897 3.244162 0.306197
v -0.825331 2.979782 0.580500
v -0.798383 3.015984 0.718692
v -1.101711 2.705098 0.653017
v -1.100819 2.708385 0.499856
v -1.115391 2.758988 0.668271
v -1.108691 2.756325 0.511129
v -1.223812 2.195811 -0.109581
v -1.396857 2.026925 -0.109796
v -1.207631 2.490415 0.361777
v -1.371283 2.404603 0.512849
v -1.328001 2.420617 0.545470
v -1.168222 2.497123 0.410381
v -1.383738 1.979890 0.336555
v -1.253771 2.103336 0.259649
v -1.188103 2.141588 -0.159888
v -1.339312 2.002121 -0.131900
v -1.034896 2.766140 -0.807260
v -0.958307 2.790998 -0.654397
v -1.061931 2.356817 -0.708505
v -1.147083 2.310024 -0.836354
v -1.081852 2.738741 -0.805209
v -1.002602 2.757542 -0.634475
v -1.305164 2.174662 -0.450629
v -1.184190 2.289989 -0.343474
v -1.145317 2.217011 -0.326715
v -1.259602 2.130876 -0.437663
v -0.254759 0.530415 -0.031892
v 0.291536 0.340275 -0.118118
v -0.282584 0.340275 -0.118118
v 0.151510 0.530415 -0.031892
v -0.152503 0.908293 -0.019837
v 0.177428 0.908293 -0.019837
v -0.026491 2.136589 -0.196271
v -0.019584 2.103310 -0.006036
v 0.291536 0.207638 -0.133794
v -0.320048 0.207638 -0.118118
v -0.307391 0.168513 0.120043
v 0.365116 1.221579 -0.067782
v 0.401832 1.643366 -0.207427
v 0.255935 1.965194 -0.230154
v 0.113614 1.221579 -0.067782
v 0.186895 1.574975 -0.207427
v 0.077897 1.883681 -0.240983
v -0.125568 2.273778 -0.117269
v 0.040543 2.368496 -0.117269
v -0.319488 2.379717 0.047069
v -0.223795 2.546592 -0.054300
v -0.490594 2.326360 0.023186
v -0.357425 2.633096 -0.144455
v 0.042583 2.138381 -0.002158
v 0.035677 2.171660 -0.192392
v -0.727051 2.212225 0.024699
v -0.497879 2.819983 -0.375138
v -0.963990 2.197456 -0.028082
v -0.712730 2.918223 -0.446927
v -1.046590 2.183328 -0.053169
v -0.789416 2.970105 -0.496948
v -1.106162 2.190818 -0.030359
v -0.832391 3.084546 -0.512891
v -1.528002 1.385926 0.690995
v -1.008113 2.441064 -0.056294
v -0.885607 2.831707 -0.295992
v -1.490842 1.813696 0.156949
v -0.548692 3.510828 -0.787040
v -0.753562 3.219479 -0.585908
v -0.674734 3.354413 -0.658926
v -1.228835 2.088109 0.034100
v -1.351509 1.985402 0.098558
v -0.282584 0.340275 0.115572
v 0.151510 0.530415 0.133476
v -0.254759 0.530415 0.133476
v 0.291536 0.340275 0.115572
v 0.177428 0.908293 0.134977
v -0.152503 0.908293 0.134977
v -0.065124 2.088462 -0.064241
v 0.084094 2.172644 -0.054932
v -0.282584 0.207638 0.115572
v 0.340499 0.260219 0.122603
v 0.365116 1.221579 0.050231
v 0.401832 1.643366 -0.101589
v 0.260439 1.943492 -0.140842
v 0.113614 1.221579 0.050231
v 0.186895 1.574975 -0.101589
v 0.082401 1.861979 -0.151670
v 0.040543 2.368496 -0.027543
v -0.125568 2.273778 -0.027543
v -0.220945 2.598344 0.033585
v -0.316638 2.431469 0.134954
v -0.375177 2.719091 -0.011594
v -0.460186 2.415773 0.189959
v 0.081217 2.186508 -0.134188
v -0.068002 2.102326 -0.143497
v -0.511190 2.989078 -0.131563
v -0.740980 2.342454 0.260483
v -0.683939 3.092838 -0.139159
v -0.946281 2.377964 0.283704
v -0.744110 3.146962 -0.139625
v -1.054235 2.387521 0.316969
v -0.759869 3.211655 -0.137333
v -1.564352 1.634951 0.795168
v -1.094918 2.395033 0.316437
v -0.855437 2.921537 -0.126686
v -1.017390 2.557204 0.131158
v -0.540155 3.746130 -0.364186
v -1.477326 2.059186 0.573839
v -0.702037 3.385815 -0.222900
v -0.623209 3.520749 -0.295918
v -1.217592 2.292325 0.380895
v -1.340265 2.189616 0.445353
v 0.124071 0.340275 0.279187
v 0.033005 0.530415 -0.147672
v 0.124071 0.340275 -0.281733
v 0.033005 0.530415 0.249256
v 0.081191 0.908293 -0.128228
v 0.081191 0.908293 0.243368
v 0.067336 2.186422 -0.174591
v 0.004017 2.156899 -0.210193
v 0.124071 0.207638 0.329869
v 0.124071 0.207638 -0.336079
v 0.402627 0.151570 -0.029042
v 0.291755 1.221579 -0.150407
v 0.339137 1.623417 -0.281527
v 0.200850 1.956611 -0.295843
v 0.291755 1.221579 0.132856
v 0.339137 1.623417 -0.027488
v 0.211660 1.904522 -0.081470
v -0.007910 2.340868 -0.180089
v -0.007910 2.340868 0.035277
v -0.253703 2.461684 -0.086262
v -0.246864 2.585902 0.124684
v -0.392245 2.481691 -0.196374
v -0.404202 2.733147 0.211106
v -0.056998 2.116278 -0.182348
v -0.079005 2.088375 -0.104645
v -0.569593 2.548778 -0.421030
v -0.599011 2.932520 0.201022
v -0.747513 2.583951 -0.512102
v -0.745523 3.020669 0.216608
v -0.844004 2.616230 -0.587387
v -0.843578 3.074613 0.211190
v -0.882722 2.626104 -0.598120
v -0.831655 3.104053 0.331142
v -0.157852 4.132843 -0.809300
v -0.929491 2.647644 -0.347080
v -0.916227 2.888546 0.062019
v -1.161219 2.499558 -1.004634
v -0.742904 3.238625 0.731685
v -0.815978 3.140327 0.455780
v -0.800301 3.176601 0.580417
v -1.001016 2.572813 -0.721521
v -1.085624 2.535896 -0.832597
v -0.263064 3.932612 -0.961038
v -0.115119 0.142629 0.316943
v -1.546174 1.605158 0.120672
v -0.253738 0.140790 0.251004
v -0.115119 0.340275 -0.281733
v -0.136254 0.530415 0.249256
v -0.128579 0.370807 0.325109
v -0.136254 0.530415 -0.147672
v -0.056265 0.908293 0.243368
v -0.056265 0.908293 -0.128228
v 0.073091 2.158693 -0.016080
v 0.095097 2.186596 -0.093783
v -0.119695 0.262127 -0.325260
v -0.128579 0.205291 0.362865
v -0.274971 0.141202 -0.256379
v 0.186975 1.221579 -0.150407
v 0.249590 1.594924 -0.281527
v 0.126675 1.922651 -0.300354
v 0.186975 1.221579 0.132856
v 0.249590 1.594924 -0.027488
v 0.137486 1.870562 -0.085981
v -0.077115 2.301406 0.035277
v -0.077115 2.301406 -0.180089
v -0.286731 2.516378 0.166917
v -0.293571 2.392160 -0.044030
v -0.425366 2.567178 0.241878
v -0.437093 2.354180 -0.119834
v -0.051244 2.088548 -0.023837
v 0.012075 2.118071 0.011765
v -0.690029 2.673736 0.356361
v -0.660611 2.289993 -0.265691
v -0.830846 2.714370 0.349112
v -0.896679 2.287268 -0.362355
v -0.922331 2.740521 0.393161
v -0.993170 2.257634 -0.361495
v -0.966180 2.783705 0.441297
v -1.032649 2.279233 -0.412059
v -1.576362 1.416818 0.424737
v -0.973423 2.724965 0.159909
v -0.986587 2.485306 -0.249634
v -0.899560 2.865577 0.859960
v -1.296582 2.114691 -0.773612
v -0.950503 2.819979 0.565934
v -0.934826 2.856253 0.690572
v -1.117257 2.242315 -0.523135
v -1.201865 2.205399 -0.634211
v -0.446361 3.896745 -0.295836
v -0.320048 0.142629 -0.118119
v -0.284614 4.108981 -0.569408
v -1.125448 2.723679 0.351986
v -0.899729 3.215592 0.084435
v -1.084447 2.306573 -0.207330
v -1.004390 2.963993 -0.520098
v -0.944286 2.827088 0.143865
v -0.874578 2.915298 -0.227045
v -0.619398 2.642420 0.026584
v -0.640754 2.682971 0.081625
v -0.624447 2.550716 -0.129147
v -0.598138 2.590045 -0.048212
v -0.595823 2.670774 -0.095825
v -0.599606 2.732460 -0.132027
v -0.648022 2.522362 -0.006739
v -0.649566 2.522911 -0.190187
v -0.647255 2.494606 -0.079778
v -0.602810 2.620974 -0.155632
v -0.608164 2.685814 -0.172021
v -0.598511 2.699056 -0.023033
v -0.604906 2.745005 -0.071503
v -0.642956 2.572689 0.052821
v -0.632982 2.581720 -0.200913
v -0.625346 2.720421 0.034629
v -0.690714 2.473422 0.023465
v -0.687115 2.461342 -0.037278
v -0.683856 2.520533 0.063240
v -0.666675 2.485926 -0.143411
v -0.659038 2.624627 0.092131
v -0.675992 2.567332 0.100501
v -0.609934 2.755150 -0.012240
v -0.682382 2.451279 -0.096580
v -0.616324 2.639097 -0.209320
v -0.511700 3.894226 -0.324328
v -1.647171 1.445837 0.437753
v -1.614188 1.647642 0.134651
v -0.337449 3.960494 -0.951375
v -0.238999 4.134660 -0.814584
v -1.637486 1.639535 0.766998
v -1.598973 1.419101 0.673761
v -1.586698 2.032231 0.725102
v -1.515354 2.020035 0.763395
v -0.492212 3.581825 -0.972503
v -0.412105 3.565029 -0.990012
v -0.603280 2.864041 1.134489
v -0.873711 2.750834 0.987765
v -1.097057 2.218789 -1.378665
v -1.135934 2.490116 -1.238531
v -0.465102 3.193085 1.021345
v -0.416312 2.989895 1.109424
v -1.216454 1.879319 -1.174893
v -1.081781 1.964766 -1.373267
v -0.634951 2.915728 1.177767
v -0.920165 2.809677 1.017571
v -1.181493 2.216137 -1.384445
v -1.223480 2.494217 -1.226825
v -0.512001 3.208241 1.077450
v -0.467681 3.025571 1.150441
v -1.283412 1.884497 -1.205482
v -1.162969 1.991434 -1.376410
v -0.696915 3.362217 0.821870
v -0.629862 3.346745 0.779042
v -1.415896 1.984992 -0.834450
v -1.342136 1.935691 -0.818934
v -0.658751 3.587775 -0.064306
v -0.807827 3.247328 -0.829641
v -0.829348 3.306478 -0.811372
v -0.687443 3.624693 -0.117350
v -0.494381 3.650250 -0.588738
v -0.583694 3.461561 -0.754489
v -0.524428 3.652887 -0.336942
v -0.815503 3.435303 -0.096613
v -0.787594 3.430363 -0.036932
v -0.894051 3.127386 -0.682676
v -0.575641 3.447668 -0.492452
v -0.908332 3.176983 -0.645810
v -0.702016 3.307714 -0.633655
v -0.650491 3.474050 -0.270647
v -0.922893 3.295648 -0.086680
v -0.672301 3.305341 -0.413516
v -0.822146 3.325100 0.006623
v -0.909744 3.027156 -0.624110
v -0.986506 3.076421 -0.529366
v -0.778517 3.176764 -0.562794
v -0.726991 3.343100 -0.199786
v -1.121115 2.510612 0.412377
v -1.213232 2.141841 0.235661
v -1.151938 2.295639 -0.134874
v -1.139762 2.537152 0.279281
v -1.130838 2.169663 -0.183742
v -1.190571 2.120146 0.013994
v -1.179327 2.324361 0.360790
v -1.248253 2.173995 -0.119322
v -1.226822 2.478127 0.377428
v -1.193278 2.477496 0.429478
v -1.329533 2.031376 0.304480
v -1.205806 2.138608 -0.157497
v -1.300346 2.028238 0.071674
v -1.289102 2.232453 0.418470
v -1.423594 1.997983 -0.112942
v -1.388583 2.390645 0.535308
v -1.379280 1.976001 -0.141997
v -1.345907 2.405952 0.565128
v -1.478875 1.889527 0.392851
v -1.453501 1.859712 0.141301
v -1.440594 2.094141 0.539405
v -1.207952 2.276575 -0.927743
v -1.292228 2.108866 -0.438950
v -1.034403 2.751477 -0.862973
v -1.085907 2.731487 -0.857107
v -1.330431 2.156960 -0.464904
v -1.139661 2.509921 -0.955574
v -1.269572 2.140559 -0.733859
v -0.973687 2.777273 -0.665604
v -1.112415 2.329075 -0.784303
v -1.024892 2.754901 -0.662519
v -1.209414 2.265204 -0.375341
v -1.164553 2.205693 -0.342793
v -1.051178 2.550926 -0.787374
v -1.167419 2.220428 -0.588988
v -0.919999 2.813034 -0.642583
v -0.967760 2.732414 -0.511253
v -1.117920 2.346317 -0.276570
v -1.030734 2.373961 -0.661667
v -1.109278 2.201871 -0.302008
v -0.970019 2.586338 -0.680827
v -1.086260 2.255841 -0.482441
v -0.954294 3.171174 0.263595
v -0.849234 3.245111 0.268327
v -1.073401 2.667835 0.453071
v -1.114433 2.791169 0.395503
v -0.834794 2.967069 0.531972
v -0.821483 3.127588 0.412011
v -0.956008 2.807241 0.522165
v -0.917022 3.230909 0.372481
v -0.861814 3.255428 0.347940
v -0.808708 3.002114 0.665745
v -1.098127 2.713463 0.532722
v -1.115846 2.763318 0.528996
v -0.806308 3.162703 0.532663
v -0.940833 2.842355 0.642818
v -0.779881 3.040842 0.813580
v -0.858092 3.346120 0.508769
v -0.811941 3.352054 0.464778
v -1.100019 2.699746 0.705450
v -1.111551 2.750586 0.724048
v -0.760890 3.219189 0.684283
v -0.910611 2.862655 0.806880
v -1.165403 2.681558 -1.038422
v -1.104831 2.688730 -1.052358
v -1.169611 2.420928 -1.112485
v -1.237404 2.185936 -1.095998
v -1.417035 2.058203 -0.597574
v -1.296991 2.058760 -0.895088
v -1.347378 2.008653 -0.577787
v -1.494909 2.283742 0.659018
v -1.454621 1.833929 -0.097373
v -1.516563 1.869420 -0.080220
v -1.530531 1.708918 0.235590
v -1.517768 1.940729 0.629250
v -1.556407 1.724613 0.492476
v -1.431234 2.280133 0.695701
v -1.011966 2.708269 0.862837
v -0.818386 2.876395 0.949135
v -0.740528 3.396376 0.603515
v -0.670970 3.227441 0.828425
v -0.691182 3.055749 0.965254
v -0.797989 3.403395 0.644113
v -1.049249 2.763342 0.886638
v -0.678733 3.779270 -0.158402
v -0.635671 3.762836 -0.117074
v -0.701676 3.359598 -0.906287
v -0.655299 3.313750 -0.916360
v -0.439177 3.822701 -0.434180
v -0.457042 3.604841 -0.825771
v -0.373067 3.793832 -0.671085
v -0.725598 2.879968 1.052137
v -0.652635 3.363261 0.737286
v -0.945549 2.805390 0.986408
v -0.904202 2.747832 0.959756
v -0.582801 3.220013 0.935210
v -0.567017 3.042737 1.079049
v -0.716116 3.374008 0.778722
v -0.458855 3.858168 -0.264563
v -0.498605 3.523408 -0.968566
v -0.382865 3.977446 -0.508174
v -0.360639 3.795546 -0.912084
v -0.521203 3.852098 -0.297601
v -0.424338 3.505148 -0.988631
v -0.298086 3.999956 -0.757172
v -1.139682 2.523480 -1.212908
v -1.179885 2.073760 -1.249174
v -1.282071 1.972572 -1.043958
v -1.345563 1.948228 -0.763175
v -1.221433 2.523784 -1.199933
v -1.158683 2.323391 -1.254543
v -1.412991 1.997497 -0.780165
v -1.527830 1.649577 0.087578
v -1.575240 1.564836 0.329718
v -1.562854 1.789802 0.711753
v -1.567125 2.080061 0.703754
v -1.592523 1.688441 0.101723
v -1.580553 1.552892 0.594379
v -1.500649 2.070708 0.742044
v -1.146723 2.598750 -1.280648
v -1.147176 2.596507 -1.282240
v -1.150475 2.597440 -1.282622
v -1.149904 2.599644 -1.281013
v -1.458653 2.384896 0.733873
v -1.454176 2.383666 0.734540
v -1.087193 2.639634 0.885938
v -1.092245 2.638982 0.878488
v -0.662446 3.756287 0.002178
v -0.660775 3.753959 0.003070
v -1.475379 1.874193 -0.212699
v -1.469452 1.872481 -0.212015
v -0.726110 3.242883 -1.027874
v -0.720508 3.238430 -1.025617
v -1.118920 2.800634 -1.074002
v -1.120389 2.802121 -1.067626
v -1.104478 2.647740 0.888442
v -0.770410 3.530712 0.532253
v -0.764882 3.526948 0.527669
v -1.423438 1.943074 -0.528616
v -1.420208 1.942138 -0.528184
v -1.144805 2.599765 -1.279699
v -1.145875 2.594584 -1.282817
v -1.117079 2.802418 -1.066871
v -0.702315 3.639782 0.022468
v -0.704629 3.635455 0.022592
v -0.814941 3.515403 0.034987
v -0.821861 3.507922 0.037508
v -0.814959 3.511222 0.040223
v -0.701896 3.631117 0.024055
v -0.950136 3.079445 -0.774505
v -0.945037 3.079228 -0.777785
v -0.869053 3.203138 -0.928723
v -0.867172 3.203099 -0.928847
v -0.857441 3.453265 0.408523
v -0.857297 3.449061 0.405726
v -0.884672 3.384393 0.318766
v -0.886115 3.381950 0.314576
v -0.853324 3.453477 0.408027
v -0.853734 3.451412 0.405394
v -0.881984 3.386723 0.319893
v -0.882761 3.384963 0.315962
v -1.175757 2.666773 0.690449
v -1.176656 2.666173 0.684417
v -1.153288 2.670087 0.531650
v -1.152957 2.669926 0.527765
v -1.177969 2.668552 0.690369
v -1.178303 2.668631 0.682029
v -1.154633 2.671811 0.530097
v -1.155128 2.672606 0.526634
v -1.366227 2.477676 0.597243
v -1.361104 2.479651 0.594433
v -1.205788 2.572119 0.449806
v -1.204240 2.573237 0.447972
v -1.218649 2.173142 -0.243154
v -1.220133 2.176859 -0.242872
v -1.386259 2.011955 -0.205204
v -1.388389 2.019139 -0.201802
v -1.205132 2.574862 0.443202
v -1.362554 2.479195 0.590663
v -1.044198 2.853693 -0.833794
v -1.042275 2.853503 -0.829208
v -0.981938 2.844086 -0.671293
v -0.980261 2.844508 -0.668666
v -1.045476 2.853834 -0.833213
v -1.044353 2.853142 -0.826999
v -0.982520 2.843410 -0.668619
v -0.980974 2.843601 -0.665332
v -1.352319 2.084206 -0.345445
v -1.346620 2.089380 -0.342248
v -1.239588 2.150355 -0.272860
v -1.236921 2.153727 -0.268428
v -1.236234 2.147452 -0.267869
v -1.344789 2.083528 -0.342885
v -0.719924 3.783107 -0.010311
v -0.499812 3.910149 -0.164255
v -0.498949 3.916684 -0.161445
v -1.424793 1.938010 -0.530609
v -1.553710 2.107665 0.842919
v -1.544356 2.104901 0.844159
v -0.506912 3.918237 -0.162758
v -1.576224 1.613111 0.003247
v -1.571793 1.611803 0.003845
v -0.448602 3.534590 -1.113028
v -0.441049 3.533186 -1.111937
v -0.967922 2.682600 1.015814
v -0.963702 2.679510 1.012301
v -0.598105 3.488318 0.783752
v -0.588260 3.481528 0.775804
v -1.418627 1.844872 -0.787299
v -1.410778 1.842186 -0.787631
v -1.152403 2.596430 -1.283570
v -1.457654 2.383607 0.738203
v -0.592276 3.484083 0.768650
v -1.570795 1.614178 0.001470
v -1.477323 1.868149 -0.213780
v -0.449234 3.528025 -1.116288
v -0.715518 3.243155 -1.028768
v -0.765669 3.535192 0.535046
v -0.968267 2.686366 1.011890
v -1.412130 1.841108 -0.778969
v -1.452966 2.382312 0.738897
v -0.699339 3.636422 0.023829
v -0.864679 3.206199 -0.931175
v -0.866486 3.207768 -0.931650
v -0.811091 3.515078 0.036878
v -0.943747 3.084434 -0.778943
v -0.947755 3.084485 -0.776401
v -1.226940 2.171724 -0.240817
v -1.206130 2.573260 0.445376
v -1.226272 2.167468 -0.241152
v -1.398424 2.010615 -0.202767
v -1.368186 2.478168 0.595284
v -1.390319 2.008177 -0.205824
v -1.349843 2.081576 -0.345572
v -1.239800 2.145071 -0.272565
v -1.115453 2.800941 -1.073207
v -1.421409 1.937031 -0.530160
v -1.471116 1.866354 -0.213054
v -0.759863 3.531253 0.530260
v -1.100019 2.648787 0.896369
v -0.717603 3.781263 -0.009267
v -0.721388 3.247812 -1.031142
v -0.964142 2.683346 1.008446
v -0.601911 3.490717 0.776429
v -0.507599 3.911683 -0.165540
v -0.441846 3.526643 -1.115231
v -1.151195 2.601562 -1.280436
v -1.419769 1.843299 -0.779885
v -1.551114 2.114868 0.840505
v -1.575131 1.615455 0.000894
v -1.541963 2.112175 0.841733
v -1.062790 2.671648 0.837974
v -1.082480 2.685699 0.853965
v -1.064810 2.687779 0.878034
v -1.044168 2.673097 0.861272
v -0.906777 2.722855 0.987356
v -0.923782 2.719982 0.972375
v -0.940373 2.731753 0.985901
v -0.923756 2.734869 1.001173
v -1.127326 2.689259 0.677893
v -1.135073 2.684346 0.700316
v -1.119165 2.678321 0.679946
v -1.127759 2.675018 0.698123
v -1.191932 2.524333 0.421150
v -1.180816 2.532216 0.410900
v -1.175709 2.525627 0.429638
v -1.190074 2.514487 0.441363
v -1.114591 2.693097 0.525936
v -1.115590 2.690389 0.505427
v -1.120986 2.699573 0.501542
v -1.124120 2.702430 0.515379
v -1.345792 2.431082 0.574156
v -1.353919 2.431952 0.568988
v -1.335001 2.438204 0.565985
v -1.342378 2.438313 0.558142
v -1.429197 2.323355 0.708475
v -1.451247 2.329645 0.705270
v -1.448969 2.344870 0.687082
v -1.427918 2.338881 0.690170
v -1.542394 2.058465 0.786220
v -1.532413 2.089942 0.773142
v -1.508560 2.083221 0.776670
v -1.518025 2.051549 0.789830
v -1.562148 1.634719 0.060428
v -1.572692 1.608273 0.073783
v -1.548712 1.601296 0.076958
v -1.538682 1.627898 0.063494
v -1.476102 1.850592 -0.139348
v -1.453777 1.844030 -0.136426
v -1.467635 1.874086 -0.155150
v -1.446324 1.867805 -0.152388
v -1.387907 1.989592 -0.168646
v -1.375710 1.981595 -0.171252
v -1.354313 1.995073 -0.164242
v -1.369262 2.006825 -0.164888
v -1.197637 2.167794 -0.184990
v -1.210576 2.157585 -0.187225
v -1.206900 2.144941 -0.191640
v -1.195833 2.149427 -0.193715
v -1.183344 2.234007 -0.285124
v -1.172265 2.203885 -0.289502
v -1.185341 2.195918 -0.302093
v -1.198109 2.219043 -0.304594
v -1.297711 2.143171 -0.378551
v -1.284399 2.128479 -0.387568
v -1.303239 2.116498 -0.389555
v -1.314248 2.131231 -0.387785
v -1.397788 1.994550 -0.527771
v -1.370971 1.986812 -0.524494
v -1.398304 1.986647 -0.554936
v -1.370201 1.978574 -0.551523
v -1.384501 1.924231 -0.788050
v -1.357343 1.916504 -0.784691
v -1.357995 1.899550 -0.817348
v -1.385763 1.907434 -0.820748
v -1.136184 2.541235 -1.240269
v -1.160607 2.547985 -1.243048
v -1.134574 2.522498 -1.254715
v -1.159529 2.529434 -1.257546
v -1.114841 2.757249 -1.027711
v -1.117026 2.738007 -1.052433
v -1.100536 2.753343 -1.026224
v -1.101641 2.733775 -1.050806
v -1.031514 2.791477 -0.813980
v -1.037492 2.787832 -0.812500
v -1.040871 2.784805 -0.839791
v -1.032930 2.784386 -0.841744
v -0.961796 2.802242 -0.654198
v -0.965270 2.794393 -0.641556
v -0.970976 2.795004 -0.662136
v -0.978844 2.793467 -0.660262
v -0.914501 3.091621 -0.688738
v -0.911856 3.107020 -0.699610
v -0.919924 3.111905 -0.685189
v -0.926801 3.095001 -0.663261
v -0.827486 3.224556 -0.861892
v -0.839648 3.235202 -0.858201
v -0.848511 3.223430 -0.831731
v -0.834289 3.213004 -0.846802
v -0.672209 3.282488 -0.957724
v -0.686055 3.293338 -0.963273
v -0.692957 3.265740 -0.950622
v -0.706026 3.275994 -0.955827
v -0.441854 3.554845 -1.019032
v -0.447697 3.519047 -1.024635
v -0.419300 3.550552 -1.015999
v -0.425638 3.514809 -1.021678
v -0.459056 3.900674 -0.246825
v -0.465468 3.871708 -0.243334
v -0.475863 3.905260 -0.247771
v -0.483131 3.874815 -0.245791
v -0.676629 3.758991 -0.075181
v -0.667719 3.776525 -0.082930
v -0.665550 3.749715 -0.071111
v -0.656621 3.767720 -0.079406
v -0.800098 3.436839 -0.001866
v -0.815057 3.419951 0.007991
v -0.824071 3.412151 -0.006749
v -0.809016 3.432341 -0.013965
v -0.874317 3.301414 0.317645
v -0.892535 3.294840 0.316836
v -0.902945 3.293339 0.294402
v -0.878247 3.294902 0.294808
v -0.837428 3.368897 0.440934
v -0.819223 3.380741 0.438623
v -0.816063 3.390218 0.448509
v -0.834439 3.390352 0.452979
v -0.777489 3.451468 0.565852
v -0.761403 3.440399 0.552683
v -0.739183 3.436088 0.583591
v -0.756043 3.447712 0.597346
v -0.634100 3.394667 0.793405
v -0.647097 3.403904 0.768627
v -0.628835 3.391304 0.753803
v -0.615441 3.381769 0.778258
v -0.683266 3.611077 -0.036519
v -0.671718 3.599236 -0.027842
v -0.691377 3.591093 -0.036247
v -0.685513 3.580212 -0.026861
v -0.760801 3.496516 0.561177
v -0.749194 3.488538 0.551702
v -0.731439 3.493605 0.569140
v -0.743607 3.501984 0.579035
v -0.625110 3.446602 0.773468
v -0.633512 3.452421 0.757418
v -0.619564 3.442804 0.746116
v -0.610858 3.436759 0.761920
v -0.859257 3.404465 0.412489
v -0.844368 3.412806 0.424334
v -0.845879 3.409071 0.415418
v -0.856978 3.415271 0.424766
v -0.869712 3.336923 0.323828
v -0.886092 3.330499 0.309548
v -0.880165 3.332470 0.322860
v -0.872066 3.332787 0.310444
v -0.797765 3.463912 0.023282
v -0.815137 3.447990 0.021155
v -0.807179 3.453540 0.029882
v -0.804150 3.461825 0.016286
v -0.702915 3.616416 -0.014844
v -0.708610 3.603359 -0.014621
v -0.703741 3.594845 -0.008891
v -0.695033 3.608115 -0.009542
v -0.689329 3.782965 -0.041185
v -0.681912 3.776868 -0.038349
v -0.675292 3.788369 -0.044415
v -0.682808 3.794302 -0.047013
v -0.473660 3.919675 -0.221254
v -0.486219 3.922765 -0.222303
v -0.492817 3.899541 -0.211696
v -0.479900 3.897228 -0.209871
v -0.446869 3.534863 -1.068684
v -0.431816 3.532014 -1.066623
v -0.435383 3.510871 -1.071109
v -0.450107 3.513681 -1.073116
v -0.697501 3.259340 -0.991332
v -0.711673 3.248887 -0.982645
v -0.720987 3.256270 -0.986370
v -0.707339 3.267125 -0.995285
v -0.841923 3.217216 -0.899622
v -0.854097 3.215877 -0.882246
v -0.848864 3.223397 -0.897897
v -0.846147 3.210460 -0.890160
v -0.939320 3.083177 -0.720651
v -0.942963 3.096172 -0.718402
v -0.937358 3.093241 -0.727322
v -0.947457 3.085567 -0.705731
v -1.036286 2.820247 -0.828442
v -1.043164 2.817998 -0.841725
v -1.040664 2.818183 -0.826225
v -1.038339 2.817694 -0.843090
v -1.119593 2.775488 -1.051142
v -1.108800 2.773686 -1.050660
v -1.108490 2.760199 -1.067430
v -1.119996 2.762156 -1.067975
v -0.969941 2.820900 -0.667213
v -0.975227 2.817343 -0.672583
v -0.979176 2.816190 -0.669920
v -0.971397 2.817890 -0.661420
v -1.138978 2.574201 -1.254279
v -1.141910 2.550797 -1.260984
v -1.158422 2.555387 -1.262857
v -1.155138 2.578667 -1.256118
v -1.405188 1.877534 -0.768578
v -1.384367 1.877243 -0.794176
v -1.388985 1.872912 -0.766594
v -1.400961 1.882265 -0.795327
v -1.411565 1.964684 -0.534209
v -1.412030 1.958655 -0.552078
v -1.395405 1.960021 -0.532233
v -1.395095 1.953790 -0.550021
v -1.322467 2.112152 -0.366826
v -1.314896 2.101880 -0.371653
v -1.326842 2.094914 -0.373990
v -1.333585 2.103595 -0.373041
v -1.207708 2.199981 -0.281777
v -1.201502 2.178837 -0.283425
v -1.211498 2.172545 -0.294272
v -1.217676 2.189230 -0.295809
v -1.205249 2.183587 -0.215189
v -1.214554 2.164486 -0.217765
v -1.217062 2.174426 -0.215065
v -1.203244 2.170802 -0.220269
v -1.393166 2.000103 -0.185706
v -1.370285 2.003514 -0.184723
v -1.383014 1.994886 -0.188538
v -1.378825 2.012982 -0.183345
v -1.479759 1.851091 -0.177956
v -1.473814 1.866571 -0.188643
v -1.458606 1.862089 -0.186672
v -1.463828 1.846408 -0.175871
v -1.571725 1.621031 0.032093
v -1.560781 1.599696 0.044095
v -1.578380 1.604840 0.041750
v -1.554502 1.616003 0.034356
v -1.543593 2.095526 0.800758
v -1.518691 2.111542 0.793335
v -1.536498 2.116559 0.790701
v -1.525401 2.090363 0.803452
v -1.443080 2.346955 0.738082
v -1.458368 2.351316 0.735860
v -1.457797 2.361763 0.723697
v -1.443201 2.357610 0.725838
v -1.353365 2.461497 0.580174
v -1.344950 2.465819 0.573896
v -1.349828 2.465153 0.567875
v -1.358829 2.461990 0.576401
v -1.201495 2.543526 0.448241
v -1.194313 2.543956 0.453322
v -1.196818 2.547578 0.442896
v -1.200568 2.539172 0.458897
v -1.138698 2.681605 0.522137
v -1.141959 2.685345 0.511034
v -1.138795 2.680638 0.513024
v -1.142625 2.685723 0.517744
v -1.154469 2.680438 0.676717
v -1.148865 2.674404 0.679212
v -1.156860 2.679157 0.692645
v -1.151680 2.673912 0.691824
v -1.087433 2.652755 0.846964
v -1.104496 2.664948 0.860833
v -1.092638 2.666018 0.878510
v -1.074750 2.653277 0.863975
v -0.919811 2.702616 1.015574
v -0.935813 2.703576 0.997024
v -0.947286 2.711709 1.006359
v -0.931554 2.710917 1.025108
v 0.339406 0.273957 -0.001273
v 0.243666 0.273957 0.232418
v 0.006762 0.288049 0.378036
v -0.263920 0.288049 0.272182
v 0.243666 0.273957 -0.234964
v 0.004476 0.273957 -0.328503
v -0.234714 0.273957 -0.234964
v -0.330455 0.273957 -0.001273
v -0.320048 0.273957 -0.118118
v 0.291536 0.273957 -0.133794
v -0.282584 0.273957 0.115572
v 0.291536 0.273957 0.115572
v 0.124071 0.273957 0.329869
v 0.124071 0.273957 -0.303662
v -0.115119 0.273957 -0.281733
v -0.244531 0.063435 0.273477
v -0.119695 0.014687 -0.325260
v -0.247971 0.044946 -0.268356
v 0.124071 0.073611 0.329869
v 0.290702 0.061997 0.244154
v 0.291536 0.073611 -0.133794
v 0.243666 0.073611 -0.234964
v 0.124071 0.073611 -0.336079
v 0.008582 0.044946 -0.382164
v -0.115119 0.073611 0.316943
v 0.004476 0.073611 0.325957
v -0.131569 0.118013 0.583259
v -0.320048 0.073611 -0.118119
v -0.370251 0.063435 -0.033392
v 0.340499 0.037719 0.122603
v 0.390297 0.061997 0.001052
v -0.206305 0.100576 0.589499
v -0.402981 -0.074183 -0.568050
v -0.308989 -0.057300 -0.617338
v -0.268232 0.129890 0.614700
v -0.296770 0.183373 0.648165
v -0.075378 0.165462 0.590731
v -0.085749 0.217366 0.620016
v -0.163996 0.255004 0.652132
v 0.004476 0.142629 0.325957
v 0.035582 0.141202 -0.394142
v 0.124071 0.142629 -0.336079
v 0.243666 0.142629 -0.234964
v 0.291536 0.142629 -0.133794
v 0.278372 0.151570 0.274248
v 0.124071 0.142629 0.329869
v -0.349658 0.000000 0.136549
v -0.288628 0.000000 0.285518
v -0.130949 0.000000 -0.320473
v -0.266989 0.000000 -0.267272
v 0.141131 0.000000 0.375228
v 0.277171 0.000000 0.264376
v 0.331623 0.000000 -0.152192
v 0.277171 0.000000 -0.267272
v 0.141131 0.000000 -0.382292
v 0.005091 0.000000 -0.373674
v -0.130949 0.000000 0.360525
v 0.005091 0.000000 0.370777
v 0.005091 0.000000 0.184665
v -0.364057 0.000000 -0.134360
v -0.410689 0.000000 -0.012420
v 0.331623 0.000000 0.131464
v 0.386076 0.000000 -0.001448
v 0.005091 0.000000 -0.187561
v 0.005091 0.000000 -0.001448
v -0.185401 0.000000 -0.001448
v 0.195583 0.000000 -0.001448
v 0.168357 0.000000 -0.160961
v -0.158175 0.000000 -0.160961
v -0.158175 0.000000 0.158064
v 0.168357 0.000000 0.158064
v -0.276679 0.304427 0.431769
v -0.611150 0.155196 0.130141
v 0.609047 0.001234 0.192078
v 0.650633 -0.013575 0.124413
v -0.317836 -0.210281 -0.593076
v -0.171060 0.324362 0.481856
v 0.658211 -0.052330 0.074783
v -0.434083 -0.124378 -0.545959
v 0.563300 -0.124351 0.119747
v -0.037256 0.234209 0.498825
v 0.553009 -0.023632 0.236893
v -0.409182 -0.181414 -0.551044
v -0.566601 0.123414 0.237063
v -0.556910 0.059330 0.260324
v 0.619338 -0.099486 0.074932
v -0.655698 0.123414 0.023219
v -0.665390 0.059330 -0.000042
v -0.258747 0.232401 0.659815
v -0.217643 -0.086167 -0.659370
v -0.192557 -0.139996 -0.664964
v 0.515504 -0.067031 0.239206
v -0.073035 0.179162 0.468284
v 0.521714 -0.109543 0.187412
v -0.566601 -0.006923 0.237063
v -0.611150 -0.025875 0.130141
v -0.655698 -0.006923 0.023219
v -0.223844 -0.193399 -0.642364
v -0.285455 -0.303270 -1.093580
v -0.804090 0.076954 1.881849
v 1.503305 -0.045783 0.562150
v 1.517020 -0.066746 0.531805
v 1.599669 -0.074818 0.826484
v -0.831334 0.128399 0.419394
v -0.908436 0.029078 1.256410
v -0.857975 0.040918 1.298410
v -0.287201 -0.161526 -1.098859
v -0.382300 -0.183180 -1.092422
v -0.968268 0.097179 1.206611
v -0.958573 0.036577 1.214681
v -0.849222 0.096613 1.305694
v -0.856638 0.125779 1.299522
v -0.908805 0.160802 1.256102
v 1.518084 -0.098278 0.518882
v -0.410617 -0.231512 -1.088915
v 1.482574 -0.131764 0.566435
v -0.758479 -0.237407 -1.667325
v 1.483042 -0.051984 0.593848
v -0.381077 -0.282536 -1.088722
v -0.774933 0.097258 0.511720
v -0.762663 0.034469 0.531806
v 1.502837 -0.125564 0.534737
v -0.887735 0.097258 0.327068
v -0.900005 0.034469 0.306983
v -0.960669 0.130451 1.212935
v -0.191578 -0.182260 -1.103719
v -0.162075 -0.230313 -1.103636
v 1.468415 -0.076698 0.609575
v -0.969168 0.032613 1.533890
v 1.468859 -0.110802 0.596779
v -0.774933 -0.030448 0.511721
v -0.831334 -0.049017 0.419394
v -0.887735 -0.030448 0.327068
v -0.190355 -0.281616 -1.100018
v -0.304864 0.248150 0.403639
v -0.269084 0.188406 0.395824
v -0.171060 0.160521 0.447367
v -0.065440 0.292725 0.509051
v 0.557874 0.167781 -0.005818
v 0.536494 0.193947 0.087049
v 0.506586 0.049653 -0.006927
v 0.543176 0.108537 -0.037560
v 0.497859 0.180814 0.180089
v 0.467425 0.036634 0.087742
v 0.445519 0.062915 0.182238
v 0.462504 0.126055 0.212333
v -0.254975 0.010118 -0.372800
v -0.165583 -0.012049 -0.447413
v -0.254975 0.132139 -0.372800
v -0.276975 0.072953 -0.354437
v -0.076190 0.010118 -0.522026
v -0.054190 0.072953 -0.540389
v -0.076190 0.132139 -0.522026
v -0.165583 0.154305 -0.447413
v 1.565275 -0.103475 0.678651
v -1.790042 0.061138 -0.533215
v -1.811797 0.053007 -0.512653
v -1.816530 0.036613 -0.508179
v -1.768287 0.053007 -0.553778
v -1.763554 0.036613 -0.558251
v -1.811797 0.019663 -0.512653
v -1.790042 0.014815 -0.533215
v -1.768287 0.019663 -0.553778
v 1.606922 -0.081487 0.821164
v 1.608822 -0.091519 0.818061
v 1.593965 -0.102173 0.823939
v 1.604792 -0.087959 0.889267
v 1.590613 -0.076791 0.830999
v 1.603020 -0.100201 0.819423
v 1.584982 -0.084654 0.832438
v 1.586711 -0.095504 0.829258
v -0.742876 -0.161014 -1.680169
v -0.778182 -0.165768 -1.678224
v -0.793484 -0.189720 -1.673850
v -0.789120 -0.219316 -1.669221
v -0.712236 -0.179105 -1.678273
v -0.707544 -0.207100 -1.673913
v -0.723173 -0.232653 -1.669270
v -0.787197 0.079533 1.877077
v -0.824119 0.091783 1.887508
v -0.820873 0.078588 1.886591
v -0.784267 0.091660 1.876249
v -0.786750 0.096762 1.876950
v -0.804213 0.105637 1.881884
v -0.821575 0.097779 1.886790
v -0.774103 0.092449 1.962064
v -0.917737 0.043816 1.544997
v -1.022406 0.127407 1.522393
v -1.030151 0.097049 1.520720
v -0.916375 0.122986 1.545291
v -0.908817 0.096514 1.546923
v -1.020269 0.039709 1.522854
v -0.969545 0.157248 1.533809
v -1.664360 0.036391 -0.052628
v -1.655531 0.072299 -0.063831
v -1.574362 -0.000732 -0.166819
v -1.614947 -0.011352 -0.115325
v -1.565533 0.036391 -0.178021
v -1.655531 -0.000732 -0.063831
v -1.614947 0.090107 -0.115325
v -1.574363 0.072299 -0.166818
v -1.970369 0.036628 -0.657716
v -1.944363 0.048543 -0.640953
v -1.952964 0.044618 -0.629341
v -1.954834 0.036704 -0.626815
v -1.935763 0.044618 -0.652566
v -1.933892 0.036704 -0.655092
v -1.952964 0.028522 -0.629341
v -1.944363 0.026182 -0.640953
v -1.935763 0.028522 -0.652566
v 1.616895 -0.095057 0.654540
v 1.612178 -0.073861 0.661184
v 1.595027 -0.059771 0.672609
v 1.560935 -0.080551 0.685456
v 1.603557 -0.113398 0.657501
v 1.582425 -0.117565 0.667226
v 1.573896 -0.063939 0.682333
v 0.684767 -0.070827 0.417235
v 0.679811 -0.115682 0.381908
v 0.753377 -0.013543 0.352989
v 0.715515 -0.031281 0.402060
v 0.771355 -0.075947 0.260166
v 0.739045 -0.119184 0.274459
v 0.701184 -0.136921 0.323530
v 0.774750 -0.034782 0.294611
v -0.648466 -0.254800 -1.928665
v -0.647520 -0.180063 -1.931367
v -0.675856 -0.191480 -1.945755
v -0.684726 -0.216964 -1.949321
v -0.676519 -0.243867 -1.943861
v -0.619467 -0.190995 -1.916170
v -0.611241 -0.216332 -1.910767
v -0.620130 -0.243382 -1.914276
v -1.773823 0.068061 -0.279651
v -1.722172 -0.005608 -0.305271
v -1.722172 0.083744 -0.305270
v -1.785059 0.036438 -0.274078
v -1.670522 0.003745 -0.330890
v -1.659285 0.036438 -0.336463
v -1.773823 0.003745 -0.279651
v -1.670522 0.068061 -0.330890
v -0.429346 -0.232224 -2.043077
v -0.376295 -0.222402 -2.061799
v -0.428690 -0.213285 -2.043387
v -0.431132 -0.216179 -2.051061
v -0.432066 -0.222636 -2.053296
v -0.431592 -0.229454 -2.050843
v -0.426444 -0.216056 -2.035620
v -0.425956 -0.222476 -2.033174
v -0.426904 -0.229331 -2.035403
v -1.231627 0.034429 0.604473
v -1.200969 -0.033301 0.366834
v -1.197962 0.034429 0.343521
v -1.228620 -0.033300 0.581160
v -1.200969 0.099939 0.366835
v -1.228619 0.099939 0.581160
v -1.214795 -0.052675 0.473997
v -1.214794 0.132430 0.473997
v -1.610803 0.086399 0.245479
v -1.559962 -0.030505 0.174830
v -1.559962 0.111287 0.174830
v -1.621864 0.036218 0.260849
v -1.509120 -0.015664 0.104181
v -1.498060 0.036218 0.088811
v -1.610804 -0.015664 0.245479
v -1.509120 0.086400 0.104181
v -0.416437 -0.262174 -0.893711
v -0.437627 -0.212306 -0.906624
v -0.407925 -0.166935 -0.898018
v -0.321756 -0.149338 -0.863658
v -0.217774 -0.219393 -0.814676
v -0.247730 -0.267612 -0.823153
v -0.333899 -0.285209 -0.857513
v -0.239218 -0.172374 -0.827460
v -0.626586 -0.270339 -1.302032
v -0.685133 -0.250926 -1.278369
v -0.564753 -0.180683 -1.336618
v -0.547972 -0.218706 -1.340573
v -0.623300 -0.161270 -1.312955
v -0.567056 -0.257134 -1.328961
v -0.682830 -0.174474 -1.286026
v -0.701846 -0.210616 -1.274643
v 1.112061 -0.121172 0.345576
v 1.142140 -0.031608 0.359160
v 1.211168 -0.088491 0.229325
v 1.112111 -0.071795 0.375802
v 1.182967 -0.016638 0.312195
v 1.179824 -0.132594 0.245373
v 1.138997 -0.147564 0.292338
v 1.209904 -0.043029 0.258957
v -0.458675 0.086436 1.033599
v -0.478888 0.196492 1.054285
v -0.491612 0.149668 1.029483
v -0.331744 0.081293 1.112287
v -0.309617 0.138356 1.144838
v -0.332464 0.184899 1.148720
v -0.408823 0.225585 1.110017
v -0.392938 0.064637 1.066273
v -0.668415 2.662404 -0.248457
v -0.642734 2.785067 -0.083916
v -0.746604 2.446685 -0.039564
v -0.747972 2.436207 -0.112678
v -0.742555 2.457734 0.035907
v -0.720285 2.645911 0.114223
v -0.648599 2.776493 -0.156329
v -0.659194 2.719386 -0.202981
v -0.660720 2.802171 -0.011105
v -0.729490 2.478723 -0.169694
v -0.689390 2.592736 -0.238133
v -0.709318 2.521820 -0.227014
v -0.698607 2.716347 0.103330
v -0.680185 2.759924 0.045784
v -0.749283 2.525960 0.090933
v -0.739592 2.573370 0.120738
v -1.632448 1.634916 0.797469
v -1.593748 1.386253 0.692934
v -0.321630 3.963404 -0.978198
v -0.214615 4.162253 -0.825669
v -1.644462 1.416719 0.426929
v -1.611289 1.624546 0.114668
v -0.343187 4.139825 -0.586452
v -0.500661 3.910351 -0.300815
v -0.924659 3.293804 -0.054974
v -0.929068 3.204345 0.040401
v -0.846846 3.290092 -0.830314
v -0.734083 3.316563 -0.923955
v -1.423892 1.997326 -0.143498
v -1.501707 1.906647 -0.097879
v -1.388393 2.415407 0.553020
v -1.487666 2.329026 0.660060
v -1.156586 2.702945 -1.058432
v -1.162833 2.712396 -0.998181
v -0.946783 3.189144 0.242218
v -0.934710 2.771820 -0.524461
v -1.024618 2.957850 -0.481718
v -1.117651 2.326402 -0.252108
v -1.064708 2.347514 -0.196196
v -1.124984 2.764791 0.388135
v -1.125767 2.746582 0.316845
v -0.694042 3.629885 -0.088029
v -0.706986 3.596046 -0.087659
v -0.817993 3.444231 -0.067535
v -0.841183 3.411331 -0.055624
v -0.992866 3.053895 -0.550378
v -0.935095 3.129866 -0.625109
v -0.923455 3.159367 -0.665552
v -0.856725 3.269090 -0.796578
v -0.860660 3.365479 0.488212
v -0.867067 3.328646 0.468297
v -0.913635 3.257389 0.362546
v -0.933013 3.256830 0.321868
v -1.129718 2.729674 0.725728
v -1.133320 2.738114 0.667069
v -1.132435 2.741294 0.529962
v -1.125129 2.733909 0.509554
v -1.142219 2.285858 -0.163195
v -1.218920 2.193242 -0.140287
v -1.243035 2.173832 -0.149697
v -1.395404 2.026208 -0.140250
v -1.127221 2.558264 0.299403
v -1.204641 2.514211 0.380575
v -1.224503 2.502248 0.395913
v -1.369334 2.429957 0.529544
v -1.076896 2.759894 -0.863500
v -1.072394 2.767100 -0.810908
v -1.016712 2.783167 -0.670263
v -0.991914 2.786432 -0.638027
v -1.340092 2.143469 -0.439192
v -1.312717 2.162175 -0.423921
v -1.218824 2.249467 -0.350877
v -1.194466 2.272855 -0.320531
v -0.675757 3.795040 -0.131832
v -0.691765 3.747704 -0.145669
v -1.426138 2.030909 -0.587569
v -1.423823 2.048419 -0.542511
v -0.952953 2.717257 0.138743
v -0.977278 2.619453 0.144303
v -0.841270 2.894413 -0.121268
v -0.874699 2.920839 -0.024852
v -0.981149 2.454574 -0.060664
v -0.988807 2.442232 -0.157690
v -0.912950 2.646472 -0.321594
v -0.884762 2.738052 -0.335260
v -0.900905 2.865239 0.049914
v -0.924887 2.809516 0.125958
v -0.964997 2.498490 -0.232766
v -0.938974 2.553653 -0.308546
v -0.873206 2.813169 -0.275327
v -0.859111 2.888626 -0.215574
v -0.990136 2.564883 0.117837
v -0.968893 2.466118 0.039960
v -0.624891 2.891972 1.189352
v -0.919093 2.782952 1.025123
v -1.164010 2.223982 -1.409262
v -1.206778 2.509701 -1.247010
v -0.486707 3.221031 1.076202
v -0.437706 3.016942 1.161952
v -1.288132 1.915538 -1.204510
v -1.146468 1.970099 -1.402285
v -0.478341 3.578099 -0.999305
v -1.580362 2.038418 0.754439
v -0.675408 3.378531 0.816483
v -1.412873 1.955469 -0.827837
v -1.494684 2.297921 0.686940
v -1.518054 1.852018 -0.105624
v -0.489749 3.518124 -0.997799
v -0.784846 3.427272 0.640087
v -0.817479 3.434336 0.590925
v -0.948960 2.779559 0.996644
v -1.084981 2.756915 0.839920
v -1.209618 2.542748 -1.221299
v -1.415368 1.967769 -0.772010
v -1.564879 2.088794 0.733186
v -1.592104 1.667752 0.079250
v -0.697597 3.394607 0.774253
v -1.056187 2.739614 0.899147
v -0.515043 3.868843 -0.272576
v -0.698157 3.347853 -0.934135
v -1.061235 2.854117 0.294307
v -1.108151 2.743991 0.231108
v -0.964133 3.093866 -0.147118
v -0.948834 3.110578 0.006242
v -1.064620 2.392509 -0.059635
v -1.042140 2.387445 -0.181555
v -0.949486 2.646600 -0.407866
v -1.055339 2.933329 -0.417325
v -0.979246 3.049537 0.227224
v -0.992435 2.951171 0.293213
v -1.020340 2.445650 -0.287314
v -0.985439 2.522171 -0.388218
v -0.995117 2.994452 -0.348973
v -0.940184 3.068336 -0.268397
v -1.057723 2.517296 0.152302
v -1.074041 2.415780 0.069822
v -0.576335 3.778967 -0.380316
v -0.677860 3.729731 -0.164283
v -1.540455 1.824936 0.150118
v -1.487590 1.911818 -0.073813
v -0.585387 3.541895 -0.804744
v -0.514428 3.722035 -0.628279
v -1.526780 2.071926 0.569375
v -1.560942 1.868157 0.408096
v -0.836194 3.228245 -0.354927
v -1.171939 2.301152 0.140510
v -0.933448 2.888943 0.891340
v -1.065655 2.768486 0.829154
v -1.215701 2.513636 -1.014303
v -1.155183 2.687003 -0.989573
v -0.775705 3.264626 0.762146
v -0.803297 3.075682 0.886302
v -1.351898 2.126758 -0.781892
v -1.284339 2.276421 -0.972757
v -0.824030 3.059663 0.814396
v -1.249702 2.302075 -0.909724
v -0.541933 3.657488 -0.591806
v -0.644148 3.454598 -0.485904
v -0.694637 3.395089 -0.451470
v -0.790023 3.282663 -0.386415
v -0.874773 3.185888 -0.490312
v -0.906665 3.144431 -0.587868
v -0.759529 3.332321 -0.600992
v -0.824885 3.285166 -0.757858
v -0.837994 3.304897 -0.229823
v -0.716267 3.471302 -0.297208
v -0.953693 2.974483 0.408326
v -0.932564 2.987231 0.471206
v -0.895444 3.009629 0.581676
v -0.872406 3.023529 0.650233
v -1.024508 2.872501 0.458883
v -0.988813 2.889425 0.625194
v -0.927683 3.103512 0.379404
v -0.928327 3.213004 0.334806
v -0.875742 3.158669 0.532476
v -0.859202 3.288996 0.491235
v -1.509091 1.922769 0.374256
v -1.362594 2.078899 0.277567
v -1.301978 2.149561 0.233992
v -1.217262 2.248316 0.173092
v -1.190294 2.387726 0.257962
v -1.195663 2.473734 0.352608
v -1.325459 2.258157 0.367139
v -1.359424 2.386280 0.499897
v -1.198336 2.241146 0.009079
v -1.334971 2.086517 0.075781
v -1.040297 2.474361 -0.500010
v -1.072346 2.446478 -0.565240
v -1.124218 2.401350 -0.670813
v -1.159811 2.370385 -0.743255
v -1.028990 2.602934 -0.572120
v -1.108562 2.560650 -0.737401
v -1.112665 2.365341 -0.429104
v -1.167373 2.293242 -0.353851
v -1.206334 2.283641 -0.571140
v -1.287117 2.181463 -0.462498
v -0.715348 3.339551 -0.873007
v -1.211022 2.195050 -0.091381
v -1.383998 2.028800 -0.088348
v -1.278247 2.150697 0.048052
v -1.155574 2.289482 -0.012182
v -0.799249 3.281846 -0.562854
v -0.911549 3.139191 -0.455317
v -0.624702 3.486719 -0.753811
v -1.486643 1.892954 0.129632
v -1.475593 2.287734 0.620788
v -0.826311 3.386221 -0.098534
v -0.691862 3.572877 -0.135406
v -1.269310 2.312043 0.321849
v -1.148013 2.428443 0.223971
v -0.758315 3.413789 -0.273973
v -0.876652 3.252232 -0.208158
v -1.473979 2.121238 0.517311
v -0.566497 3.673354 -0.347577
v -0.819679 3.383791 0.603815
v -0.994281 2.736340 -0.631093
v -1.073716 2.715457 -0.798999
v -1.076232 2.578041 -0.670448
v -0.999466 2.618628 -0.510764
v -0.895681 3.137477 0.473736
v -0.945974 3.083985 0.325596
v -1.185777 2.527166 -0.938258
v -0.412117 3.822320 -0.686149
v -0.434852 3.988262 -0.517908
v -0.361470 4.086299 -0.602521
v -0.805953 3.232979 0.691682
v -1.391741 2.082019 -0.573302
v -1.090270 2.763706 0.504614
v -1.096733 2.768005 0.660349
v -1.168249 2.316852 -0.513372
v -1.078222 2.395384 -0.376847
v -1.002421 2.882943 0.561980
v -1.037394 2.866215 0.399976
v -0.950630 2.888432 0.809958
v -1.311616 2.169699 -0.722951
v -1.337177 1.983476 -1.061433
v -1.285912 1.937058 -1.190277
v -0.965108 2.722110 0.173288
v -0.997197 2.616744 0.179930
v -0.843665 2.932326 -0.125535
v -0.883193 2.962230 -0.019851
v -1.003309 2.425802 -0.055741
v -1.012591 2.410589 -0.167832
v -0.918286 2.644941 -0.358190
v -0.891440 2.750316 -0.373660
v -0.904810 2.897357 0.068968
v -0.931678 2.828520 0.153627
v -0.978946 2.472022 -0.254265
v -0.947611 2.538896 -0.338192
v -0.872964 2.834464 -0.305419
v -0.859841 2.920479 -0.230550
v -1.013863 2.550624 0.145320
v -0.989722 2.441966 0.052852
v -1.613888 1.805212 0.703147
v -1.625509 1.644260 0.749054
v -1.214499 2.332270 -1.270645
v -1.185789 2.219342 -1.359090
v -1.291108 2.202179 -1.100406
v -0.615527 3.244130 0.970503
v -0.527114 3.195708 1.062105
v -0.854678 2.901500 0.978757
v -0.582740 3.063083 1.119000
v -0.478842 3.023380 1.131361
v -1.580704 1.723599 0.228326
v -0.496753 3.635445 -0.842271
v -1.629473 1.553530 0.595622
v -1.586669 1.430686 0.666765
v -0.814665 3.305663 -0.790417
v -0.677344 3.606470 -0.135795
v -0.893187 3.175199 -0.629403
v -0.804910 3.418633 -0.111172
v -0.972602 3.072224 -0.515394
v -0.912536 3.280557 -0.095766
v -1.127394 2.522641 0.272741
v -1.138722 2.294277 -0.119354
v -1.215212 2.461235 0.368464
v -1.235953 2.173207 -0.100388
v -1.376370 2.372474 0.521476
v -1.410440 2.000769 -0.091102
v -1.312074 2.164498 -0.476661
v -1.078108 2.707328 -0.850450
v -1.192421 2.268976 -0.385879
v -1.016541 2.733704 -0.658953
v -1.101438 2.348146 -0.285482
v -0.957448 2.715408 -0.508644
v -0.945883 3.155904 0.264089
v -1.098179 2.794377 0.388861
v -0.909570 3.213295 0.373345
v -1.097583 2.770476 0.523108
v -0.852481 3.324439 0.511187
v -1.092630 2.760691 0.715105
v -1.353219 2.074697 -0.900961
v -1.225635 2.437207 -1.119138
v -1.229531 2.078473 -1.270352
v -1.157333 2.656808 -1.024251
v -1.395106 2.072642 -0.607654
v -1.567965 1.955622 0.622598
v -1.626218 1.581071 0.322671
v -1.604623 1.738210 0.486033
v -1.500608 1.878682 -0.054649
v -1.480377 2.265313 0.636874
v -0.707078 3.253016 0.857868
v -0.757216 2.906826 1.086456
v -0.720015 3.079503 0.999123
v -1.030733 2.776335 0.872122
v -0.796374 3.376216 0.643369
v -0.340964 4.020977 -0.768989
v -0.490597 3.832151 -0.441406
v -0.412709 3.807759 -0.918880
v -0.689430 3.363501 -0.876954
v -0.666583 3.757349 -0.177574
v -0.641416 2.923758 1.155360
v -0.928523 2.816093 0.972013
v -0.714063 3.348748 0.776850
v -0.244138 4.108608 -0.802725
v -0.343057 3.939713 -0.928296
v -0.484344 3.529940 -0.944243
v -0.504692 3.838444 -0.316882
v -1.164129 2.003877 -1.356409
v -1.211593 2.504122 -1.188691
v -1.391387 2.011758 -0.787958
v -1.634474 1.463639 0.442005
v -1.576406 1.696635 0.123800
v -1.552425 2.064176 0.685672
v -1.597697 1.658707 0.156563
v -0.496958 3.876621 -0.344727
v -0.904578 2.823318 1.000306
v -1.215361 2.475592 -1.209555
v -0.479866 3.585990 -0.944778
v -1.571713 2.017776 0.703227
v -0.698213 3.335363 0.818596
v -1.394595 2.003552 -0.840393
v -0.753743 2.875327 -0.166220
v -0.783079 2.687210 -0.092935
v -0.755673 2.840266 -0.225760
v -0.783160 2.685739 -0.095434
v -0.822252 2.884042 -0.169131
v -0.785439 2.684800 -0.091439
v -0.824182 2.848981 -0.228671
v -0.785520 2.683329 -0.093938
v -0.790144 2.840696 -0.233886
v -0.784349 2.684369 -0.094966
v -0.787781 2.883612 -0.161005
v -0.784250 2.686170 -0.091907
v -0.747032 2.856820 -0.195664
v -0.782856 2.686745 -0.094352
v -0.830892 2.867487 -0.199227
v -0.785744 2.683794 -0.092521
v -0.784300 2.685270 -0.093436
v -0.796007 2.746458 -0.114142
v -0.796726 2.733398 -0.136321
v -0.822665 2.728570 -0.132636
v -0.821946 2.741630 -0.110458
v -0.808896 2.745507 -0.109815
v -0.809776 2.729521 -0.136963
v -0.825211 2.734559 -0.121134
v -0.793460 2.740469 -0.125644
v -0.785650 2.788231 -0.184196
v -0.837735 2.774687 -0.174531
v -0.836284 2.801052 -0.129757
v -0.810079 2.810778 -0.129573
v -0.811855 2.778505 -0.184380
v -0.842845 2.786352 -0.151062
v -0.779089 2.802931 -0.162891
v -0.784198 2.814596 -0.139422
v -0.734864 2.927945 -0.196720
v -0.736847 2.891926 -0.257888
v -0.805247 2.936898 -0.199710
v -0.807230 2.900879 -0.260878
v -0.772261 2.892367 -0.266236
v -0.769833 2.936457 -0.191362
v -0.727970 2.908933 -0.226969
v -0.814124 2.919892 -0.230629
v -0.771047 2.914412 -0.228799
v -0.858716 2.423373 0.021162
v -0.806310 2.607862 -0.048386
v -0.856530 2.457750 0.081091
v -0.806219 2.609305 -0.045871
v -0.925312 2.440381 0.013836
v -0.807380 2.610941 -0.050114
v -0.923126 2.474757 0.073764
v -0.807289 2.612384 -0.047599
v -0.889583 2.470105 0.084141
v -0.806744 2.611006 -0.046453
v -0.892259 2.428026 0.010785
v -0.806856 2.609240 -0.049532
v -0.850162 2.438656 0.051947
v -0.806145 2.608238 -0.046935
v -0.931680 2.459474 0.042979
v -0.807454 2.612008 -0.049050
v -0.806800 2.610123 -0.047993
v -0.842920 2.557834 -0.031530
v -0.842105 2.570639 -0.009206
v -0.863651 2.584557 -0.016404
v -0.864465 2.571752 -0.038728
v -0.853783 2.563358 -0.037630
v -0.852787 2.579033 -0.010304
v -0.866471 2.579714 -0.028372
v -0.840099 2.562677 -0.019562
v -0.858983 2.516406 0.037647
v -0.900508 2.547896 0.021099
v -0.902152 2.522044 -0.023967
v -0.881574 2.503404 -0.020742
v -0.879562 2.535047 0.034422
v -0.905982 2.538498 -0.003288
v -0.855153 2.499953 0.016968
v -0.860627 2.490555 -0.007419
v -0.865041 2.368041 0.052043
v -0.862795 2.403358 0.113611
v -0.933459 2.385513 0.044516
v -0.931213 2.420830 0.106084
v -0.896753 2.416051 0.116745
v -0.899502 2.372820 0.041382
v -0.856253 2.383742 0.083670
v -0.940001 2.405129 0.074457
v -0.898127 2.394436 0.079063
v -0.805264 2.737290 0.143640
v -0.753715 2.650892 -0.033834
v -0.785962 2.793807 0.108837
v -0.752905 2.653264 -0.035295
v -0.869860 2.744954 0.120261
v -0.754869 2.649348 -0.036980
v -0.850558 2.801471 0.085458
v -0.754059 2.651720 -0.038441
v -0.816098 2.803971 0.093248
v -0.753391 2.652757 -0.037032
v -0.839724 2.734791 0.135850
v -0.754383 2.649854 -0.035244
v -0.788376 2.764690 0.128858
v -0.753180 2.652250 -0.034212
v -0.867446 2.774071 0.100240
v -0.754593 2.650361 -0.038063
v -0.753887 2.651306 -0.036138
v -0.789841 2.677553 0.012114
v -0.782651 2.698606 -0.000850
v -0.803898 2.696087 -0.016722
v -0.811088 2.675035 -0.003758
v -0.801270 2.673935 0.005630
v -0.792469 2.699705 -0.010239
v -0.809873 2.685279 -0.012019
v -0.783865 2.688361 0.007410
v -0.793059 2.750019 0.050818
v -0.834203 2.742396 0.015621
v -0.848718 2.699896 0.041793
v -0.829772 2.698946 0.062324
v -0.812005 2.750969 0.030288
v -0.846070 2.720292 0.024764
v -0.795707 2.729623 0.067847
v -0.807574 2.707519 0.076990
v -0.809292 2.770774 0.197658
v -0.789463 2.828837 0.161903
v -0.875655 2.778648 0.173639
v -0.855826 2.836711 0.137884
v -0.820423 2.839279 0.145888
v -0.844695 2.768206 0.189655
v -0.791943 2.798923 0.182471
v -0.873175 2.808561 0.153071
v -0.832559 2.803742 0.167771
v -0.785216 2.556799 -0.284896
v -0.805053 2.636591 -0.098190
v -0.804939 2.500162 -0.250528
v -0.805881 2.634213 -0.096747
v -0.851406 2.572119 -0.297633
v -0.807069 2.638676 -0.095909
v -0.871128 2.515482 -0.263265
v -0.807896 2.636299 -0.094466
v -0.840244 2.501477 -0.253046
v -0.806982 2.634990 -0.095445
v -0.816101 2.570805 -0.295115
v -0.805968 2.637900 -0.097211
v -0.787662 2.526764 -0.266285
v -0.805241 2.635169 -0.097724
v -0.868682 2.545517 -0.281876
v -0.807708 2.637722 -0.094932
v -0.806475 2.636445 -0.096328
v -0.819640 2.619152 -0.158275
v -0.826987 2.598055 -0.145473
v -0.851255 2.608527 -0.142141
v -0.843908 2.629625 -0.154943
v -0.830951 2.626752 -0.158043
v -0.839944 2.600928 -0.142373
v -0.850300 2.620250 -0.148169
v -0.820595 2.607430 -0.152248
v -0.825813 2.548565 -0.199978
v -0.874168 2.571808 -0.189424
v -0.859336 2.614399 -0.215269
v -0.833497 2.607549 -0.223441
v -0.851652 2.555415 -0.191805
v -0.872169 2.595707 -0.201164
v -0.812980 2.567257 -0.214082
v -0.810981 2.591156 -0.225822
v -0.772051 2.522006 -0.336581
v -0.792314 2.463819 -0.301273
v -0.840051 2.537745 -0.349668
v -0.860313 2.479558 -0.314360
v -0.828584 2.465169 -0.303861
v -0.803781 2.536394 -0.347080
v -0.774564 2.491149 -0.317461
v -0.857800 2.510415 -0.333480
v -0.816182 2.500782 -0.325470
v -0.751997 2.714443 -0.307436
v -0.763364 2.647980 -0.114894
v -0.768574 2.648399 -0.319326
v -0.764060 2.645208 -0.115393
v -0.819101 2.730834 -0.304924
v -0.765297 2.647899 -0.111752
v -0.835679 2.664791 -0.316813
v -0.765993 2.645128 -0.112251
v -0.803984 2.649196 -0.319401
v -0.765104 2.644857 -0.113878
v -0.783692 2.730038 -0.304848
v -0.764252 2.648250 -0.113267
v -0.752768 2.679585 -0.313663
v -0.763495 2.646603 -0.115495
v -0.834908 2.699649 -0.310587
v -0.765861 2.646504 -0.111649
v -0.764678 2.646554 -0.113572
v -0.780821 2.674382 -0.170799
v -0.786996 2.649781 -0.175228
v -0.811269 2.654052 -0.165114
v -0.805093 2.678654 -0.160685
v -0.792265 2.679274 -0.165246
v -0.799824 2.649160 -0.170667
v -0.810900 2.666832 -0.161767
v -0.781189 2.661603 -0.174146
v -0.787714 2.649487 -0.248853
v -0.835917 2.657150 -0.224206
v -0.823451 2.706815 -0.215265
v -0.797953 2.708548 -0.226587
v -0.813212 2.647755 -0.237531
v -0.835085 2.682841 -0.216975
v -0.776080 2.673461 -0.247144
v -0.775248 2.699152 -0.239912
v -0.740912 2.723813 -0.369442
v -0.757943 2.655962 -0.381656
v -0.809852 2.740653 -0.366860
v -0.826883 2.672802 -0.379075
v -0.794321 2.656780 -0.381734
v -0.773474 2.739834 -0.366783
v -0.741704 2.688001 -0.375838
v -0.826091 2.708614 -0.372678
v -0.783898 2.698307 -0.374258
v -0.809985 2.569353 0.167936
v -0.775352 2.631833 -0.023156
v -0.793068 2.635177 0.180546
v -0.774642 2.634595 -0.022627
v -0.876277 2.587701 0.161097
v -0.776798 2.632826 -0.026402
v -0.859359 2.653525 0.173708
v -0.776088 2.635589 -0.025873
v -0.824318 2.651725 0.178540
v -0.775285 2.635402 -0.024191
v -0.845026 2.571153 0.163104
v -0.776155 2.632020 -0.024839
v -0.794100 2.600210 0.175007
v -0.774835 2.633103 -0.022528
v -0.875245 2.622669 0.166637
v -0.776605 2.634319 -0.026501
v -0.775720 2.633711 -0.024515
v -0.806952 2.617595 0.030935
v -0.800650 2.642114 0.035633
v -0.823239 2.650146 0.024016
v -0.829541 2.625627 0.019319
v -0.818953 2.618864 0.024601
v -0.811239 2.648877 0.030351
v -0.828921 2.638786 0.020366
v -0.801271 2.628955 0.034586
v -0.805805 2.643142 0.109074
v -0.849976 2.659783 0.081474
v -0.862698 2.610284 0.071990
v -0.842038 2.596418 0.084728
v -0.826465 2.657008 0.096336
v -0.861285 2.636898 0.073640
v -0.807217 2.616529 0.107425
v -0.818527 2.593643 0.099591
v -0.808816 2.556128 0.230218
v -0.791436 2.623752 0.243173
v -0.876921 2.574977 0.223192
v -0.859541 2.642602 0.236148
v -0.823541 2.640753 0.241112
v -0.844816 2.557976 0.225253
v -0.792496 2.587828 0.237482
v -0.875861 2.610901 0.228883
v -0.834178 2.599365 0.233183
v -0.726838 2.856660 0.003792
v -0.720606 2.661198 -0.054303
v -0.716378 2.865425 -0.063970
v -0.720167 2.661566 -0.057147
v -0.795154 2.856807 -0.006734
v -0.722501 2.658109 -0.054995
v -0.784694 2.865571 -0.074497
v -0.722062 2.658477 -0.057839
v -0.749364 2.866480 -0.076825
v -0.721065 2.660063 -0.057812
v -0.762168 2.855751 0.006121
v -0.721603 2.659612 -0.054330
v -0.713954 2.861026 -0.028910
v -0.720174 2.661728 -0.055647
v -0.797578 2.861205 -0.041795
v -0.722494 2.657947 -0.056495
v -0.721334 2.659837 -0.056071
v -0.744289 2.718881 -0.038845
v -0.740393 2.722146 -0.064086
v -0.764886 2.712922 -0.069060
v -0.768782 2.709657 -0.043819
v -0.756972 2.713903 -0.038504
v -0.752203 2.717900 -0.069401
v -0.769578 2.710256 -0.056997
v -0.739597 2.721547 -0.050909
v -0.737631 2.795643 -0.067533
v -0.786163 2.772727 -0.077989
v -0.794029 2.766136 -0.027032
v -0.770644 2.776855 -0.016095
v -0.761016 2.784923 -0.078470
v -0.795533 2.766864 -0.053682
v -0.736127 2.794914 -0.040883
v -0.745497 2.789052 -0.016576
v -0.717395 2.918764 0.014247
v -0.706648 2.927768 -0.055369
v -0.787580 2.918914 0.003432
v -0.776834 2.927918 -0.066184
v -0.740537 2.928852 -0.068576
v -0.753691 2.917830 0.016639
v -0.704158 2.923249 -0.019349
v -0.790070 2.923433 -0.032587
v -0.747114 2.923341 -0.025968
v -0.812923 2.422750 -0.140891
v -0.786178 2.614624 -0.076950
v -0.823899 2.413668 -0.073252
v -0.786639 2.614243 -0.074111
v -0.880150 2.435983 -0.150023
v -0.787566 2.618035 -0.076717
v -0.891126 2.426901 -0.082384
v -0.788026 2.617653 -0.073878
v -0.858742 2.419267 -0.070240
v -0.787384 2.615905 -0.073677
v -0.845307 2.430384 -0.153035
v -0.786820 2.616372 -0.077152
v -0.810880 2.416727 -0.106049
v -0.786253 2.614051 -0.075557
v -0.893170 2.432925 -0.117227
v -0.787951 2.618226 -0.075272
v -0.787102 2.616139 -0.075414
v -0.815084 2.562239 -0.100349
v -0.819172 2.558856 -0.075153
v -0.841843 2.572728 -0.076969
v -0.837755 2.576111 -0.102165
v -0.825961 2.569554 -0.104080
v -0.830966 2.565413 -0.073239
v -0.842339 2.575974 -0.089771
v -0.814588 2.558994 -0.087548
v -0.831572 2.486297 -0.073504
v -0.875778 2.518349 -0.076374
v -0.867525 2.525179 -0.127238
v -0.844497 2.509918 -0.131502
v -0.854600 2.501558 -0.069241
v -0.876604 2.525355 -0.102128
v -0.822493 2.486121 -0.098615
v -0.823319 2.493127 -0.124369
v -0.812942 2.359770 -0.150317
v -0.824218 2.350440 -0.080828
v -0.882008 2.373365 -0.159699
v -0.893284 2.364035 -0.090209
v -0.860015 2.356192 -0.077733
v -0.846212 2.367613 -0.162793
v -0.810843 2.353582 -0.114521
v -0.895384 2.370223 -0.126005
v -0.853113 2.361902 -0.120263
v -0.717335 2.496288 -0.243584
v -0.687173 2.578522 -0.100409
v -0.733116 2.456228 -0.206431
v -0.687835 2.576840 -0.098850
v -0.770264 2.517089 -0.243638
v -0.688071 2.580676 -0.098468
v -0.786045 2.477030 -0.206485
v -0.688734 2.578995 -0.096909
v -0.761349 2.462141 -0.202296
v -0.688359 2.577729 -0.097705
v -0.742031 2.511176 -0.247774
v -0.687548 2.579787 -0.099613
v -0.719296 2.473927 -0.225002
v -0.687404 2.577440 -0.099847
v -0.784084 2.499389 -0.225068
v -0.688503 2.580076 -0.097471
v -0.687953 2.578758 -0.098659
v -0.712457 2.561703 -0.143669
v -0.718336 2.546781 -0.129830
v -0.735603 2.558968 -0.124024
v -0.729725 2.573890 -0.137863
v -0.720432 2.569468 -0.142317
v -0.727628 2.551203 -0.125376
v -0.734598 2.567794 -0.130293
v -0.713462 2.552876 -0.137400
v -0.733960 2.502318 -0.167889
v -0.767320 2.528831 -0.153472
v -0.755452 2.558956 -0.181411
v -0.737443 2.549074 -0.191750
v -0.751970 2.512200 -0.157550
v -0.765124 2.546864 -0.165826
v -0.724289 2.514410 -0.183474
v -0.722093 2.532442 -0.195828
v -0.721157 2.462182 -0.283172
v -0.737370 2.421027 -0.245002
v -0.775534 2.483552 -0.283227
v -0.791747 2.442397 -0.245058
v -0.766375 2.427101 -0.240754
v -0.746529 2.477478 -0.287476
v -0.723172 2.439210 -0.264081
v -0.789732 2.465369 -0.264149
v -0.756452 2.452289 -0.264115
v -0.665868 2.726620 0.107373
v -0.675120 2.655486 -0.009376
v -0.652643 2.759539 0.077423
v -0.674565 2.656868 -0.010633
v -0.710107 2.739751 0.102271
v -0.676601 2.654507 -0.011105
v -0.696882 2.772669 0.072321
v -0.676046 2.655889 -0.012362
v -0.673281 2.769792 0.071517
v -0.675243 2.656533 -0.011638
v -0.689469 2.729497 0.108177
v -0.675923 2.654842 -0.010100
v -0.654300 2.741608 0.092970
v -0.674677 2.656286 -0.009811
v -0.708450 2.757681 0.086724
v -0.676489 2.655089 -0.011928
v -0.675583 2.655688 -0.010869
v -0.686676 2.679913 0.024265
v -0.681750 2.692175 0.013109
v -0.698371 2.692856 0.006518
v -0.703297 2.680593 0.017674
v -0.695538 2.678879 0.022219
v -0.689508 2.693889 0.008563
v -0.702696 2.686801 0.011357
v -0.682351 2.685968 0.019425
v -0.672845 2.729455 0.044360
v -0.706160 2.728790 0.028919
v -0.716105 2.704035 0.051441
v -0.700561 2.701594 0.061684
v -0.688388 2.731896 0.034116
v -0.714865 2.716338 0.038450
v -0.674085 2.717152 0.057351
v -0.682790 2.704700 0.066882
v -0.654736 2.751346 0.140451
v -0.641149 2.785166 0.109682
v -0.700185 2.764836 0.135209
v -0.686598 2.798655 0.104441
v -0.662352 2.795700 0.103615
v -0.678982 2.754302 0.141277
v -0.642851 2.766745 0.125654
v -0.698483 2.783257 0.119238
v -0.670667 2.775001 0.122446
v -0.623775 2.764702 -0.162523
v -0.630339 2.638314 -0.081199
v -0.628703 2.730817 -0.200280
v -0.630546 2.636892 -0.082784
v -0.674500 2.768644 -0.159440
v -0.631825 2.636718 -0.079572
v -0.679428 2.734759 -0.197197
v -0.632032 2.635296 -0.081157
v -0.654618 2.728992 -0.202968
v -0.631312 2.635935 -0.082148
v -0.648585 2.770469 -0.156752
v -0.631059 2.637675 -0.080208
v -0.620556 2.747318 -0.181747
v -0.630276 2.637782 -0.082173
v -0.682647 2.752143 -0.177973
v -0.632095 2.635828 -0.080182
v -0.631186 2.636805 -0.081178
v -0.644314 2.677759 -0.103403
v -0.646150 2.665136 -0.117467
v -0.664573 2.661435 -0.111741
v -0.662737 2.674057 -0.097676
v -0.653320 2.677322 -0.098964
v -0.655567 2.661871 -0.116180
v -0.665719 2.667331 -0.104067
v -0.643168 2.671862 -0.111077
v -0.644669 2.698270 -0.160453
v -0.681293 2.688378 -0.146795
v -0.677587 2.713859 -0.118403
v -0.658860 2.721660 -0.122051
v -0.663396 2.690469 -0.156805
v -0.683543 2.700010 -0.131069
v -0.638713 2.712119 -0.147787
v -0.640963 2.723752 -0.132061
v -0.614997 2.798932 -0.193448
v -0.620060 2.764120 -0.232238
v -0.667109 2.802982 -0.190281
v -0.672172 2.768170 -0.229070
v -0.646683 2.762245 -0.235000
v -0.640486 2.804857 -0.187519
v -0.611690 2.781073 -0.213198
v -0.675479 2.786029 -0.209321
v -0.643585 2.783551 -0.211259
v -0.733856 2.459163 0.050317
v -0.701888 2.585473 -0.032202
v -0.729206 2.493751 0.089210
v -0.701693 2.586924 -0.030570
v -0.784774 2.470281 0.046519
v -0.702854 2.587484 -0.033876
v -0.780123 2.504869 0.085412
v -0.702658 2.588936 -0.032243
v -0.754143 2.503185 0.091668
v -0.702154 2.588093 -0.031224
v -0.759836 2.460847 0.044061
v -0.702393 2.586316 -0.033222
v -0.725827 2.475212 0.070189
v -0.701682 2.585973 -0.031198
v -0.788153 2.488820 0.065540
v -0.702864 2.588435 -0.033247
v -0.702273 2.587204 -0.032223
v -0.727552 2.550795 -0.009897
v -0.725819 2.563679 0.004591
v -0.742735 2.572773 -0.001474
v -0.744467 2.559889 -0.015961
v -0.736203 2.553898 -0.014552
v -0.734083 2.569669 0.003181
v -0.745496 2.567349 -0.009397
v -0.724790 2.556218 -0.001974
v -0.734731 2.530560 0.048431
v -0.767578 2.551133 0.034063
v -0.771075 2.525123 0.004815
v -0.755044 2.511923 0.008723
v -0.750763 2.543760 0.044524
v -0.773007 2.540433 0.017829
v -0.732799 2.515250 0.035417
v -0.738228 2.504550 0.019183
v -0.735763 2.422856 0.081873
v -0.730985 2.458390 0.121830
v -0.788074 2.434278 0.077971
v -0.783296 2.469811 0.117928
v -0.756605 2.468082 0.124355
v -0.762454 2.424586 0.075445
v -0.727514 2.439344 0.102288
v -0.791545 2.453324 0.097513
v -0.759529 2.446334 0.099900
v -0.555774 3.713892 -0.560559
v -0.681230 3.728003 -0.589958
v -0.556548 3.692539 -0.598931
v -0.681263 3.727107 -0.591569
v -0.547118 3.751443 -0.581629
v -0.682926 3.729432 -0.590719
v -0.547893 3.730091 -0.620002
v -0.682958 3.728536 -0.592330
v -0.552307 3.708923 -0.613765
v -0.682114 3.727720 -0.592130
v -0.551359 3.735059 -0.566795
v -0.682074 3.728818 -0.590158
v -0.557131 3.699008 -0.577384
v -0.681056 3.727395 -0.590678
v -0.546536 3.744974 -0.603176
v -0.683132 3.729144 -0.591610
v -0.682094 3.728269 -0.591144
v -0.641350 3.736198 -0.587016
v -0.641638 3.728244 -0.601309
v -0.644340 3.742869 -0.609393
v -0.644051 3.750823 -0.595099
v -0.642668 3.744402 -0.589456
v -0.643022 3.734665 -0.606953
v -0.644498 3.748484 -0.603152
v -0.641191 3.730583 -0.593257
v -0.596935 3.714767 -0.604251
v -0.605190 3.744327 -0.620533
v -0.604608 3.760384 -0.591677
v -0.600415 3.747403 -0.580303
v -0.601128 3.727748 -0.615625
v -0.605824 3.755667 -0.607929
v -0.595719 3.719484 -0.587999
v -0.596352 3.730824 -0.575395
v -0.518030 3.701118 -0.553525
v -0.518826 3.679181 -0.592947
v -0.509138 3.739696 -0.575172
v -0.509934 3.717759 -0.614594
v -0.514469 3.696012 -0.608187
v -0.513495 3.722865 -0.559932
v -0.519424 3.685827 -0.570811
v -0.508540 3.733050 -0.597308
v -0.513982 3.709439 -0.584059
v -0.512188 3.754316 -0.608872
v -0.607105 3.794283 -0.649782
v -0.512850 3.736062 -0.641677
v -0.607132 3.793517 -0.651159
v -0.493736 3.782731 -0.625056
v -0.608053 3.795834 -0.650626
v -0.494399 3.764476 -0.657861
v -0.608081 3.795068 -0.652003
v -0.503699 3.748224 -0.653444
v -0.607610 3.794207 -0.651735
v -0.502888 3.770569 -0.613289
v -0.607576 3.795145 -0.650050
v -0.514586 3.742006 -0.623461
v -0.607012 3.793727 -0.650376
v -0.492000 3.776787 -0.643272
v -0.608174 3.795625 -0.651409
v -0.607593 3.794676 -0.650892
v -0.573169 3.791866 -0.642020
v -0.573415 3.785067 -0.654240
v -0.571180 3.797541 -0.661226
v -0.570933 3.804340 -0.649006
v -0.572023 3.798865 -0.644144
v -0.572325 3.790542 -0.659102
v -0.570806 3.802338 -0.655899
v -0.573542 3.787069 -0.647347
v -0.539833 3.763571 -0.651111
v -0.537594 3.789432 -0.665546
v -0.537096 3.803159 -0.640877
v -0.538160 3.791766 -0.630896
v -0.538769 3.774963 -0.661092
v -0.537094 3.799192 -0.654829
v -0.539835 3.767537 -0.637159
v -0.539335 3.777298 -0.626442
v -0.485379 3.735234 -0.598207
v -0.486060 3.716480 -0.631909
v -0.466423 3.764426 -0.614834
v -0.467103 3.745672 -0.648536
v -0.476658 3.728976 -0.643998
v -0.475825 3.751931 -0.602745
v -0.487843 3.722587 -0.613196
v -0.464639 3.758320 -0.633548
v -0.476241 3.740453 -0.623372
v -0.422565 3.833581 -0.655384
v -0.489076 3.892863 -0.679571
v -0.428443 3.823108 -0.684267
v -0.489323 3.892424 -0.680783
v -0.401237 3.853356 -0.666896
v -0.489466 3.894414 -0.680054
v -0.407115 3.842883 -0.695778
v -0.489712 3.893974 -0.681266
v -0.418438 3.831822 -0.693258
v -0.489545 3.893150 -0.681161
v -0.411242 3.844642 -0.657904
v -0.489243 3.893688 -0.679677
v -0.427894 3.826129 -0.668535
v -0.489156 3.892470 -0.680123
v -0.401786 3.850335 -0.682627
v -0.489633 3.894367 -0.680714
v -0.489394 3.893419 -0.680419
v -0.462514 3.881817 -0.675373
v -0.464704 3.877915 -0.686132
v -0.459999 3.888009 -0.690750
v -0.457809 3.891911 -0.679991
v -0.459916 3.887301 -0.676477
v -0.462597 3.882525 -0.689646
v -0.458377 3.891091 -0.685887
v -0.464136 3.878735 -0.680235
v -0.443282 3.852442 -0.687683
v -0.435430 3.873944 -0.697078
v -0.431010 3.881820 -0.675358
v -0.434440 3.871951 -0.668227
v -0.439851 3.862311 -0.694814
v -0.432340 3.880291 -0.687271
v -0.441951 3.853971 -0.675770
v -0.438861 3.860318 -0.665963
v -0.405739 3.810794 -0.650082
v -0.411778 3.800034 -0.679755
v -0.383827 3.831110 -0.661908
v -0.389866 3.820350 -0.691581
v -0.401499 3.808986 -0.688992
v -0.394107 3.822157 -0.652671
v -0.411213 3.803138 -0.663593
v -0.384392 3.828006 -0.678070
v -0.397803 3.815572 -0.670832
v -0.393847 3.970859 -0.736111
v -0.460943 3.990541 -0.782710
v -0.386397 3.958217 -0.760509
v -0.460630 3.990010 -0.783734
v -0.381225 3.994888 -0.744707
v -0.461684 3.991612 -0.783492
v -0.373776 3.982246 -0.769105
v -0.461371 3.991082 -0.784516
v -0.379252 3.968816 -0.767541
v -0.460966 3.990486 -0.784240
v -0.388371 3.984289 -0.737676
v -0.461348 3.991136 -0.782986
v -0.391536 3.961846 -0.747347
v -0.460703 3.990155 -0.783135
v -0.376087 3.991259 -0.757869
v -0.461610 3.991467 -0.784091
v -0.461157 3.990811 -0.783613
v -0.437273 3.992608 -0.771064
v -0.434498 3.987899 -0.780152
v -0.433246 3.997729 -0.784863
v -0.436020 4.002439 -0.775775
v -0.436957 3.998051 -0.772401
v -0.433561 3.992287 -0.783526
v -0.434492 4.001185 -0.780847
v -0.436025 3.989152 -0.775080
v -0.407884 3.975813 -0.772067
v -0.407039 3.995899 -0.782217
v -0.412642 4.005406 -0.763870
v -0.413692 3.996428 -0.756739
v -0.406834 3.984791 -0.779198
v -0.409746 4.002903 -0.774180
v -0.410780 3.978316 -0.761756
v -0.413486 3.985319 -0.753720
v -0.373760 3.959503 -0.723639
v -0.366107 3.946515 -0.748704
v -0.360794 3.984189 -0.732471
v -0.353140 3.971201 -0.757536
v -0.358766 3.957403 -0.755928
v -0.368134 3.973301 -0.725246
v -0.371386 3.950243 -0.735182
v -0.355514 3.980461 -0.745993
v -0.363450 3.965352 -0.740587
v -0.627099 3.549862 -0.525967
v -0.752686 3.619376 -0.600097
v -0.628321 3.519646 -0.571593
v -0.752737 3.618108 -0.602012
v -0.593639 3.585563 -0.550506
v -0.753685 3.621677 -0.601594
v -0.594860 3.555346 -0.596132
v -0.753736 3.620409 -0.603509
v -0.611727 3.534111 -0.588974
v -0.753242 3.619117 -0.602975
v -0.610232 3.571098 -0.533125
v -0.753180 3.620669 -0.600631
v -0.631458 3.530754 -0.546031
v -0.752599 3.618484 -0.600887
v -0.590501 3.574454 -0.576068
v -0.753823 3.621301 -0.602719
v -0.753211 3.619892 -0.601803
v -0.704916 3.610800 -0.584843
v -0.705371 3.599544 -0.601839
v -0.699155 3.616275 -0.613086
v -0.698700 3.627531 -0.596090
v -0.701757 3.620426 -0.588562
v -0.702314 3.606648 -0.609366
v -0.698231 3.623777 -0.605848
v -0.705840 3.603297 -0.592081
v -0.661224 3.562957 -0.591252
v -0.651798 3.598075 -0.614761
v -0.650879 3.620798 -0.580451
v -0.655489 3.605784 -0.564852
v -0.656614 3.577970 -0.606851
v -0.650282 3.613371 -0.600240
v -0.661821 3.570383 -0.571462
v -0.660305 3.585679 -0.556941
v -0.592994 3.518883 -0.505466
v -0.594249 3.487841 -0.552341
v -0.558618 3.555561 -0.530676
v -0.559874 3.524518 -0.577551
v -0.577202 3.502701 -0.570197
v -0.575666 3.540700 -0.512820
v -0.597473 3.499253 -0.526079
v -0.555395 3.544148 -0.556938
v -0.576434 3.521701 -0.541509
v -0.703552 3.465633 -0.380160
v -0.799304 3.592899 -0.407262
v -0.718184 3.454904 -0.431804
v -0.799918 3.592448 -0.409430
v -0.660846 3.494677 -0.398293
v -0.799483 3.595763 -0.407807
v -0.675477 3.483949 -0.449937
v -0.800097 3.595313 -0.409974
v -0.698469 3.468225 -0.446656
v -0.800076 3.593830 -0.409945
v -0.680560 3.481357 -0.383440
v -0.799325 3.594382 -0.407292
v -0.715653 3.457015 -0.403950
v -0.799591 3.592352 -0.408285
v -0.663377 3.492567 -0.426146
v -0.799810 3.595859 -0.408951
v -0.799700 3.594106 -0.408618
v -0.757126 3.564670 -0.403759
v -0.762576 3.560673 -0.422996
v -0.751352 3.577262 -0.429622
v -0.745902 3.581258 -0.410385
v -0.750903 3.573412 -0.404917
v -0.757575 3.568520 -0.428465
v -0.747370 3.581119 -0.420746
v -0.761108 3.560813 -0.412635
v -0.734183 3.510482 -0.431622
v -0.713989 3.546441 -0.444814
v -0.702986 3.554508 -0.405978
v -0.711851 3.537433 -0.395031
v -0.725319 3.527558 -0.442569
v -0.706225 3.554503 -0.426874
v -0.730945 3.510488 -0.410726
v -0.723180 3.518550 -0.392786
v -0.681917 3.420264 -0.376071
v -0.696948 3.409243 -0.429128
v -0.638042 3.450104 -0.394700
v -0.653073 3.439081 -0.447757
v -0.676695 3.422927 -0.444386
v -0.658295 3.436419 -0.379441
v -0.694348 3.411410 -0.400512
v -0.640642 3.447935 -0.423315
v -0.667495 3.429673 -0.411914
v -0.801879 3.327892 -0.370503
v -0.942719 3.396005 -0.410804
v -0.808884 3.305277 -0.419856
v -0.943013 3.395056 -0.412875
v -0.775609 3.370028 -0.393539
v -0.944113 3.398409 -0.411707
v -0.782614 3.347413 -0.442892
v -0.944407 3.397460 -0.413779
v -0.796534 3.323812 -0.436904
v -0.943743 3.396152 -0.413559
v -0.787959 3.351493 -0.376492
v -0.943383 3.397314 -0.411024
v -0.808325 3.311864 -0.392599
v -0.942710 3.395262 -0.411738
v -0.776168 3.363441 -0.420797
v -0.944416 3.398204 -0.412844
v -0.943563 3.396733 -0.412291
v -0.892572 3.389699 -0.404999
v -0.895182 3.381274 -0.423383
v -0.892129 3.400084 -0.432435
v -0.889520 3.408508 -0.414051
v -0.890754 3.400047 -0.407465
v -0.893948 3.389736 -0.429968
v -0.890483 3.406404 -0.424257
v -0.894219 3.383379 -0.413177
v -0.847513 3.347829 -0.426343
v -0.844648 3.386951 -0.444676
v -0.839380 3.403958 -0.407563
v -0.840222 3.386302 -0.394238
v -0.846671 3.365485 -0.439668
v -0.841693 3.399837 -0.428173
v -0.845200 3.351949 -0.405732
v -0.842245 3.364835 -0.389229
v -0.762755 3.297441 -0.361273
v -0.769952 3.274208 -0.411977
v -0.735766 3.340731 -0.384940
v -0.742963 3.317497 -0.435643
v -0.757264 3.293250 -0.429490
v -0.748454 3.321689 -0.367426
v -0.769377 3.280975 -0.383973
v -0.736341 3.333964 -0.412943
v -0.752859 3.307469 -0.398458
v -0.902930 3.196811 -0.380266
v -1.014349 3.274687 -0.467563
v -0.902951 3.165154 -0.424922
v -1.014350 3.273358 -0.469437
v -0.864214 3.228370 -0.402656
v -1.014990 3.277012 -0.469211
v -0.864234 3.196714 -0.447312
v -1.014991 3.275684 -0.471085
v -0.883595 3.177387 -0.441120
v -1.014671 3.274372 -0.470471
v -0.883570 3.216137 -0.386458
v -1.014670 3.275999 -0.468177
v -0.907278 3.177447 -0.400086
v -1.014277 3.273762 -0.468315
v -0.859887 3.216078 -0.427492
v -1.015063 3.276609 -0.470333
v -1.014670 3.275186 -0.469324
v -0.969139 3.262361 -0.447756
v -0.969146 3.250569 -0.464391
v -0.960410 3.266232 -0.475499
v -0.960402 3.278024 -0.458864
v -0.964770 3.271514 -0.451447
v -0.964779 3.257079 -0.471808
v -0.959428 3.273883 -0.468426
v -0.970121 3.254710 -0.454829
v -0.929756 3.210525 -0.448753
v -0.915017 3.243737 -0.472303
v -0.915002 3.267542 -0.438722
v -0.922370 3.253603 -0.423185
v -0.922388 3.224464 -0.464290
v -0.913358 3.259360 -0.458151
v -0.931399 3.218707 -0.429324
v -0.929741 3.234331 -0.415172
v -0.873846 3.163634 -0.355843
v -0.873867 3.131111 -0.401720
v -0.834071 3.196057 -0.378845
v -0.834091 3.163534 -0.424722
v -0.853982 3.143679 -0.418361
v -0.853956 3.183489 -0.362204
v -0.878313 3.143740 -0.376204
v -0.829625 3.183428 -0.404361
v -0.853969 3.163584 -0.390282
v -0.788107 3.088015 0.879807
v -0.885841 3.152755 0.885134
v -0.773358 3.122961 0.867880
v -0.885222 3.154222 0.884634
v -0.780239 3.097589 0.917588
v -0.887244 3.153767 0.886364
v -0.765490 3.132535 0.905661
v -0.886625 3.155233 0.885863
v -0.767772 3.131663 0.885434
v -0.885854 3.154892 0.885192
v -0.785826 3.088887 0.900034
v -0.886612 3.153096 0.885805
v -0.781615 3.104415 0.869610
v -0.885374 3.153375 0.884746
v -0.771982 3.116134 0.915857
v -0.887092 3.154613 0.886251
v -0.886233 3.153994 0.885499
v -0.854778 3.135801 0.895780
v -0.849284 3.148818 0.891337
v -0.851326 3.154489 0.905427
v -0.856820 3.141472 0.909870
v -0.856415 3.137178 0.903323
v -0.849689 3.153112 0.897884
v -0.854301 3.148615 0.909226
v -0.851802 3.141675 0.891980
v -0.808920 3.138008 0.884429
v -0.815397 3.150364 0.912619
v -0.826488 3.124085 0.921588
v -0.824492 3.114963 0.908498
v -0.810916 3.147130 0.897519
v -0.821668 3.138608 0.920262
v -0.813740 3.123485 0.885755
v -0.820012 3.111729 0.893398
v -0.756786 3.071177 0.871016
v -0.741634 3.107078 0.858762
v -0.748702 3.081012 0.909830
v -0.733549 3.116914 0.897577
v -0.735894 3.116018 0.876797
v -0.754442 3.072072 0.891796
v -0.750116 3.088025 0.860541
v -0.740220 3.100065 0.908052
v -0.745168 3.094045 0.884297
v -0.762907 3.060762 0.944759
v -0.835647 3.121333 0.977996
v -0.750298 3.090636 0.934562
v -0.835118 3.122587 0.977568
v -0.746944 3.064200 0.974572
v -0.836420 3.122146 0.979421
v -0.734335 3.094074 0.964375
v -0.835891 3.123400 0.978993
v -0.740904 3.095702 0.948327
v -0.835445 3.123134 0.978233
v -0.756339 3.059134 0.960808
v -0.836093 3.121599 0.978756
v -0.758391 3.075314 0.936321
v -0.835296 3.121869 0.977622
v -0.738852 3.079522 0.972814
v -0.836243 3.122865 0.979367
v -0.835769 3.122367 0.978495
v -0.809372 3.103793 0.977823
v -0.804675 3.114921 0.974025
v -0.802600 3.118306 0.986509
v -0.807296 3.107178 0.990307
v -0.808861 3.104239 0.984491
v -0.803111 3.117861 0.979842
v -0.804715 3.113121 0.989807
v -0.807256 3.108978 0.974525
v -0.774223 3.103884 0.957844
v -0.771933 3.111667 0.983479
v -0.781415 3.089202 0.991147
v -0.783622 3.082793 0.979188
v -0.772016 3.110293 0.969802
v -0.776418 3.101307 0.990185
v -0.779220 3.091779 0.958805
v -0.783705 3.081419 0.965511
v -0.740848 3.045429 0.928665
v -0.727895 3.076121 0.918189
v -0.724449 3.048962 0.959293
v -0.711495 3.079654 0.948818
v -0.718244 3.081326 0.932330
v -0.734100 3.043757 0.945152
v -0.736209 3.060380 0.919995
v -0.716135 3.064703 0.957487
v -0.726172 3.062541 0.938741
v -0.672685 3.093995 1.020990
v -0.722187 3.145237 1.064686
v -0.662180 3.118884 1.012496
v -0.721746 3.146281 1.064329
v -0.654433 3.093681 1.042640
v -0.722521 3.145837 1.066032
v -0.643928 3.118570 1.034146
v -0.722080 3.146882 1.065676
v -0.651877 3.121515 1.022369
v -0.721864 3.146699 1.064963
v -0.664736 3.091050 1.032767
v -0.722403 3.145420 1.065399
v -0.669477 3.106475 1.014318
v -0.721929 3.145692 1.064357
v -0.647136 3.106090 1.040818
v -0.722338 3.146427 1.066005
v -0.722134 3.146060 1.065181
v -0.702016 3.129389 1.058798
v -0.698103 3.138660 1.055634
v -0.694078 3.140373 1.065633
v -0.697991 3.131103 1.068797
v -0.700442 3.129207 1.064152
v -0.695652 3.140555 1.060279
v -0.695584 3.135930 1.068335
v -0.700511 3.133832 1.056095
v -0.676814 3.129241 1.036451
v -0.670098 3.133550 1.057383
v -0.677997 3.114834 1.063770
v -0.682240 3.110583 1.054021
v -0.672571 3.133492 1.046201
v -0.673295 3.124675 1.062922
v -0.681516 3.119400 1.037300
v -0.684713 3.110525 1.042839
v -0.658490 3.081443 1.003057
v -0.647698 3.107012 0.994330
v -0.639739 3.081120 1.025299
v -0.628947 3.106689 1.016572
v -0.637113 3.109715 1.004474
v -0.650324 3.078417 1.015156
v -0.655195 3.094264 0.996202
v -0.632242 3.093868 1.023428
v -0.643718 3.094066 1.009815
v -0.576355 3.046882 1.121089
v -0.609795 3.092428 1.172022
v -0.566794 3.069535 1.113357
v -0.609394 3.093379 1.171698
v -0.556442 3.043974 1.137193
v -0.609827 3.092885 1.173320
v -0.546881 3.066627 1.129462
v -0.609426 3.093835 1.172996
v -0.555767 3.070619 1.120543
v -0.609365 3.093714 1.172310
v -0.567470 3.042891 1.130007
v -0.609856 3.092550 1.172707
v -0.573806 3.058535 1.115419
v -0.609592 3.092853 1.171715
v -0.549430 3.054975 1.135132
v -0.609629 3.093411 1.173303
v -0.609611 3.093132 1.172509
v -0.593830 3.077498 1.162222
v -0.590269 3.085937 1.159342
v -0.584879 3.086504 1.167667
v -0.588441 3.078065 1.170547
v -0.591534 3.076836 1.166707
v -0.587175 3.087165 1.163182
v -0.586057 3.082348 1.170040
v -0.592653 3.081654 1.159849
v -0.575130 3.077804 1.137930
v -0.565326 3.079732 1.155703
v -0.572516 3.062697 1.161517
v -0.578223 3.059824 1.153282
v -0.569422 3.080676 1.146165
v -0.567823 3.071430 1.160601
v -0.579823 3.069070 1.138846
v -0.582320 3.060769 1.143744
v -0.567538 3.036181 1.101812
v -0.557716 3.059453 1.093869
v -0.547080 3.033193 1.118357
v -0.537258 3.056465 1.110414
v -0.546386 3.060567 1.101252
v -0.558410 3.032080 1.110974
v -0.564919 3.048152 1.095987
v -0.539877 3.044494 1.116239
v -0.552398 3.046323 1.106113
v -0.879759 3.035377 0.761214
v -0.958122 3.158373 0.772265
v -0.849780 3.066249 0.736639
v -0.956864 3.159668 0.771233
v -0.856811 3.046844 0.803612
v -0.958916 3.160370 0.773806
v -0.826833 3.077717 0.779037
v -0.957658 3.161666 0.772775
v -0.834948 3.075441 0.755085
v -0.957120 3.160812 0.771888
v -0.871644 3.037652 0.785166
v -0.958660 3.159226 0.773151
v -0.867340 3.049528 0.744176
v -0.957404 3.158797 0.771576
v -0.839251 3.063565 0.796075
v -0.958376 3.161242 0.773463
v -0.957890 3.160019 0.772520
v -0.928384 3.124873 0.782973
v -0.917217 3.136373 0.773819
v -0.913279 3.145522 0.790116
v -0.924446 3.134022 0.799270
v -0.927666 3.128159 0.792147
v -0.913997 3.142236 0.780942
v -0.918421 3.140797 0.796518
v -0.923242 3.129598 0.776571
v -0.878576 3.103095 0.760190
v -0.872918 3.123741 0.793028
v -0.895462 3.100525 0.811508
v -0.900816 3.087601 0.797160
v -0.873221 3.116019 0.774539
v -0.883556 3.114446 0.805947
v -0.890481 3.089174 0.765751
v -0.901119 3.079879 0.778670
v -0.854609 2.999547 0.748249
v -0.823811 3.031264 0.723002
v -0.831035 3.011329 0.791807
v -0.800236 3.043045 0.766560
v -0.808573 3.040708 0.741953
v -0.846273 3.001885 0.772857
v -0.841851 3.014086 0.730745
v -0.812994 3.028507 0.784064
v -0.827423 3.021297 0.757405
v -0.928779 3.006825 0.625235
v -1.037693 3.065098 0.703550
v -0.919249 3.054877 0.617755
v -1.037293 3.067114 0.703236
v -0.900126 3.007436 0.665662
v -1.038648 3.065661 0.705951
v -0.890596 3.055487 0.658182
v -1.038248 3.067677 0.705637
v -0.903855 3.060565 0.637130
v -1.037725 3.067622 0.704401
v -0.915520 3.001747 0.646287
v -1.038215 3.065153 0.704785
v -0.927224 3.030783 0.616966
v -1.037385 3.066043 0.703123
v -0.892150 3.031530 0.666451
v -1.038555 3.066732 0.706063
v -1.037970 3.066387 0.704593
v -0.996629 3.046916 0.693328
v -0.993079 3.064816 0.690542
v -0.988055 3.066673 0.708874
v -0.991605 3.048774 0.711660
v -0.994515 3.045840 0.702806
v -0.990169 3.067749 0.699396
v -0.989267 3.057931 0.712321
v -0.995417 3.055658 0.689881
v -0.950952 3.061238 0.658936
v -0.943622 3.065737 0.697181
v -0.950788 3.029603 0.702806
v -0.955257 3.023305 0.684314
v -0.946485 3.067536 0.677429
v -0.946384 3.048174 0.704278
v -0.955357 3.042666 0.657464
v -0.958119 3.025103 0.664562
v -0.897713 2.995088 0.593908
v -0.887922 3.044454 0.586223
v -0.868275 2.995715 0.635441
v -0.858484 3.045081 0.627756
v -0.872106 3.050298 0.606129
v -0.884091 2.989871 0.615535
v -0.896115 3.019701 0.585412
v -0.860082 3.020468 0.636251
v -0.878098 3.020085 0.610832
v -0.970159 2.987371 0.485334
v -1.089519 3.070313 0.501610
v -0.951777 3.030923 0.470469
v -1.088747 3.072140 0.500986
v -0.957202 2.997832 0.532007
v -1.091141 3.071568 0.503280
v -0.938820 3.041385 0.517142
v -1.090370 3.073395 0.502656
v -0.943239 3.041034 0.492140
v -1.089472 3.072973 0.501751
v -0.965740 2.987722 0.510336
v -1.090416 3.070735 0.502514
v -0.962420 3.007975 0.472672
v -1.088951 3.071086 0.501110
v -0.946559 3.020780 0.529803
v -1.090937 3.072622 0.503155
v -1.089944 3.071854 0.502133
v -1.050533 3.048050 0.511895
v -1.043686 3.064274 0.506358
v -1.044985 3.070917 0.524217
v -1.051832 3.054694 0.529754
v -1.051950 3.049555 0.521445
v -1.043568 3.069413 0.514667
v -1.048554 3.063550 0.528986
v -1.046964 3.055418 0.507126
v -0.994316 3.050016 0.494288
v -0.999862 3.064627 0.530238
v -1.013685 3.031875 0.541417
v -1.012461 3.020900 0.524694
v -0.995540 3.060991 0.511011
v -1.007395 3.049888 0.539855
v -1.000606 3.032003 0.495850
v -1.008139 3.017264 0.505467
v -0.932345 2.965895 0.471434
v -0.913460 3.010639 0.456162
v -0.919034 2.976643 0.519384
v -0.900149 3.021387 0.504112
v -0.904688 3.021026 0.478426
v -0.927805 2.966256 0.497120
v -0.924394 2.987063 0.458426
v -0.908100 3.000219 0.517120
v -0.916247 2.993641 0.487773
v -1.041178 2.938798 0.378455
v -1.143784 3.027688 0.432875
v -1.022796 2.982351 0.363590
v -1.143013 3.029516 0.432251
v -1.016033 2.942699 0.420978
v -1.144806 3.028851 0.435020
v -0.997651 2.986252 0.406113
v -1.144034 3.030679 0.434396
v -1.008164 2.989181 0.383186
v -1.143437 3.030302 0.433254
v -1.030665 2.935869 0.401382
v -1.144381 3.028065 0.434017
v -1.034804 2.960138 0.366258
v -1.143284 3.028471 0.432323
v -1.004024 2.964912 0.418310
v -1.144534 3.029896 0.434948
v -1.143909 3.029184 0.433635
v -1.105904 3.001592 0.430561
v -1.099057 3.017816 0.425023
v -1.095197 3.022378 0.443163
v -1.102045 3.006154 0.448701
v -1.104742 3.002056 0.440251
v -1.096360 3.021914 0.433473
v -1.098189 3.014777 0.447964
v -1.102913 3.009192 0.425760
v -1.055931 3.001534 0.399304
v -1.050862 3.012157 0.436695
v -1.064686 2.979405 0.447873
v -1.068769 2.970425 0.430430
v -1.051848 3.010515 0.416747
v -1.057206 2.996971 0.446473
v -1.063411 2.983969 0.400704
v -1.069755 2.968783 0.410482
v -1.010365 2.916426 0.353269
v -0.991480 2.961170 0.337997
v -0.984532 2.920433 0.396955
v -0.965647 2.965177 0.381683
v -0.976448 2.968187 0.358129
v -0.999564 2.913417 0.376823
v -1.003817 2.938349 0.340739
v -0.972195 2.943254 0.394214
v -0.988006 2.940802 0.367476
v -1.537870 1.903879 0.340942
v -1.619087 2.004179 0.328837
v -1.530026 1.924055 0.379157
v -1.618758 2.005025 0.330441
v -1.570074 1.880709 0.359785
v -1.621306 2.004934 0.328894
v -1.562230 1.900886 0.398000
v -1.620977 2.005781 0.330497
v -1.545249 1.914731 0.392860
v -1.619831 2.005498 0.330649
v -1.554850 1.890034 0.346082
v -1.620234 2.004461 0.328686
v -1.530340 1.916563 0.357938
v -1.618674 2.004517 0.329632
v -1.569760 1.888202 0.381003
v -1.621390 2.005442 0.329702
v -1.620032 2.004980 0.329667
v -1.605416 1.966699 0.337477
v -1.602494 1.974215 0.351712
v -1.618015 1.970100 0.357070
v -1.620937 1.962584 0.342835
v -1.613504 1.963800 0.338561
v -1.609927 1.972999 0.355986
v -1.621214 1.965881 0.350553
v -1.602216 1.970918 0.343994
v -1.569859 1.945846 0.369569
v -1.602600 1.939789 0.379487
v -1.608499 1.924616 0.350750
v -1.592789 1.925945 0.342571
v -1.585569 1.944517 0.377748
v -1.609217 1.931524 0.366230
v -1.569140 1.938938 0.354089
v -1.575758 1.930674 0.340831
v -1.506788 1.878728 0.347151
v -1.498730 1.899456 0.386411
v -1.539873 1.854924 0.366509
v -1.531814 1.875653 0.405770
v -1.514369 1.889876 0.400489
v -1.524233 1.864504 0.352432
v -1.499052 1.891759 0.364612
v -1.539550 1.862621 0.388308
v -1.519301 1.877190 0.376460
v -1.572397 1.880201 0.429569
v -1.667326 1.936618 0.420308
v -1.571349 1.899244 0.461912
v -1.667282 1.937417 0.421665
v -1.591066 1.852397 0.446545
v -1.669328 1.936572 0.420400
v -1.590018 1.871439 0.478888
v -1.669284 1.937371 0.421757
v -1.580567 1.887475 0.474024
v -1.668278 1.937484 0.421863
v -1.581849 1.864166 0.434433
v -1.668332 1.936505 0.420202
v -1.569782 1.892837 0.443839
v -1.667080 1.937023 0.420976
v -1.592634 1.858803 0.464618
v -1.669530 1.936966 0.421089
v -1.668305 1.936995 0.421033
v -1.645159 1.910687 0.427654
v -1.644769 1.917780 0.439701
v -1.655912 1.909986 0.444651
v -1.656302 1.902892 0.432604
v -1.650775 1.905995 0.428779
v -1.650297 1.914678 0.443526
v -1.657355 1.905566 0.439182
v -1.643716 1.915106 0.433123
v -1.609903 1.904872 0.454443
v -1.634206 1.890515 0.463683
v -1.634994 1.876195 0.439361
v -1.622931 1.881769 0.432016
v -1.621966 1.899298 0.461788
v -1.637323 1.881747 0.452557
v -1.607574 1.899320 0.441247
v -1.610691 1.890552 0.430121
v -1.539937 1.869253 0.434368
v -1.538860 1.888816 0.467596
v -1.559117 1.840688 0.451807
v -1.558040 1.860251 0.485035
v -1.548330 1.876725 0.480038
v -1.549647 1.852778 0.439365
v -1.537250 1.882235 0.449028
v -1.560727 1.847269 0.470375
v -1.548988 1.864752 0.459701
v -1.609191 1.739368 0.433778
v -1.696476 1.769330 0.436360
v -1.608318 1.755232 0.460724
v -1.696440 1.769996 0.437491
v -1.617943 1.713614 0.449225
v -1.698080 1.768955 0.436633
v -1.617071 1.729478 0.476170
v -1.698044 1.769621 0.437764
v -1.612596 1.744132 0.471466
v -1.697238 1.769883 0.437754
v -1.613665 1.724713 0.438483
v -1.697282 1.769068 0.436370
v -1.607774 1.750185 0.445520
v -1.696278 1.769705 0.436895
v -1.618487 1.718660 0.464428
v -1.698242 1.769246 0.437229
v -1.697260 1.769476 0.437062
v -1.673433 1.751950 0.439845
v -1.673108 1.757860 0.449882
v -1.680328 1.749644 0.454953
v -1.680653 1.743735 0.444916
v -1.677079 1.747180 0.441256
v -1.676681 1.754414 0.453542
v -1.681299 1.745769 0.450503
v -1.672462 1.755825 0.444295
v -1.641231 1.753282 0.458435
v -1.657579 1.737512 0.468249
v -1.658235 1.725582 0.447987
v -1.650135 1.732131 0.440809
v -1.649331 1.746734 0.465612
v -1.659738 1.729780 0.459217
v -1.639728 1.749084 0.447204
v -1.641887 1.741352 0.438172
v -1.580584 1.735936 0.434375
v -1.579687 1.752235 0.462058
v -1.589576 1.709478 0.450245
v -1.588679 1.725776 0.477927
v -1.584083 1.740831 0.473093
v -1.585180 1.720881 0.439209
v -1.579128 1.747050 0.446439
v -1.590135 1.714663 0.465864
v -1.584632 1.730856 0.456151
v -1.620573 1.605269 0.514731
v -1.702940 1.617420 0.526078
v -1.619779 1.619708 0.539256
v -1.702907 1.618026 0.527107
v -1.622512 1.580819 0.529189
v -1.704276 1.616815 0.526477
v -1.621718 1.595258 0.553714
v -1.704243 1.617422 0.527506
v -1.620659 1.609101 0.549232
v -1.703571 1.617791 0.527422
v -1.621632 1.591426 0.519213
v -1.703612 1.617050 0.526162
v -1.619959 1.615228 0.525374
v -1.702774 1.617790 0.526548
v -1.622332 1.585299 0.543071
v -1.704410 1.617051 0.527036
v -1.703592 1.617420 0.526792
v -1.679197 1.605756 0.526713
v -1.678901 1.611134 0.535849
v -1.683443 1.602592 0.541026
v -1.683738 1.597214 0.531890
v -1.681501 1.600882 0.528278
v -1.681139 1.607466 0.539461
v -1.684099 1.598946 0.537038
v -1.678541 1.609402 0.530701
v -1.648944 1.612427 0.540389
v -1.659865 1.595611 0.550644
v -1.660463 1.584753 0.532201
v -1.655069 1.591944 0.525008
v -1.654338 1.605235 0.547582
v -1.661388 1.588298 0.542571
v -1.648019 1.608882 0.530019
v -1.649541 1.601568 0.521947
v -1.594504 1.607007 0.512411
v -1.593688 1.621841 0.537607
v -1.596496 1.581888 0.527265
v -1.595680 1.596722 0.552460
v -1.594593 1.610944 0.547856
v -1.595592 1.592785 0.517015
v -1.593873 1.617238 0.523345
v -1.596311 1.586491 0.541527
v -1.595092 1.601865 0.532436
v -1.452561 2.014999 0.240786
v -1.569726 2.124542 0.260079
v -1.436050 2.037464 0.287892
v -1.569033 2.125484 0.262056
v -1.482695 1.978764 0.268628
v -1.572508 2.125057 0.260808
v -1.466185 2.001228 0.315734
v -1.571815 2.126000 0.262785
v -1.449268 2.021863 0.307091
v -1.570346 2.125848 0.262642
v -1.469477 1.994365 0.249429
v -1.571194 2.124694 0.260222
v -1.440929 2.030291 0.261220
v -1.569068 2.124955 0.260985
v -1.477816 1.985937 0.295300
v -1.572473 2.125586 0.261878
v -1.570770 2.125271 0.261432
v -1.544966 2.080143 0.262062
v -1.538816 2.088512 0.279609
v -1.555456 2.080080 0.289462
v -1.561606 2.071712 0.271915
v -1.553975 2.074990 0.265023
v -1.546447 2.085233 0.286501
v -1.560395 2.074952 0.281792
v -1.540027 2.085272 0.269732
v -1.490146 2.057878 0.289229
v -1.526037 2.043452 0.308688
v -1.538452 2.026558 0.273264
v -1.521898 2.031879 0.259566
v -1.506700 2.052558 0.302927
v -1.536265 2.033389 0.293156
v -1.492333 2.051048 0.269337
v -1.502562 2.040985 0.253805
v -1.409398 1.989183 0.237099
v -1.392436 2.012262 0.285495
v -1.440357 1.951956 0.265703
v -1.423395 1.975035 0.314098
v -1.406015 1.996234 0.305218
v -1.426777 1.967984 0.245979
v -1.397448 2.004893 0.258092
v -1.435344 1.959325 0.293105
v -1.416396 1.982109 0.275599
v -1.351855 2.141535 0.206218
v -1.500232 2.205395 0.203865
v -1.350327 2.169296 0.253370
v -1.500168 2.206560 0.205844
v -1.371730 2.097868 0.232571
v -1.503099 2.204955 0.204217
v -1.370203 2.125630 0.279723
v -1.503035 2.206120 0.206196
v -1.360094 2.150573 0.271829
v -1.501595 2.206470 0.206242
v -1.361964 2.116591 0.214112
v -1.501673 2.205044 0.203820
v -1.348864 2.160307 0.226841
v -1.499879 2.206026 0.204816
v -1.373193 2.106857 0.259099
v -1.503388 2.205488 0.205246
v -1.501634 2.205757 0.205031
v -1.462641 2.172042 0.211783
v -1.462072 2.182383 0.229347
v -1.476142 2.169041 0.237658
v -1.476712 2.158700 0.220094
v -1.469740 2.164212 0.213971
v -1.469044 2.176870 0.235470
v -1.478003 2.162375 0.229807
v -1.460781 2.178707 0.219634
v -1.407780 2.170236 0.246797
v -1.439132 2.144956 0.262697
v -1.440281 2.124079 0.227239
v -1.424734 2.134381 0.215317
v -1.423328 2.159935 0.258720
v -1.443219 2.131685 0.246750
v -1.404842 2.162630 0.227287
v -1.408929 2.149360 0.211339
v -1.302490 2.131763 0.209503
v -1.300921 2.160283 0.257944
v -1.322910 2.086902 0.236577
v -1.321341 2.115422 0.285018
v -1.310955 2.141048 0.276909
v -1.312876 2.106137 0.217613
v -1.299419 2.151049 0.230691
v -1.324413 2.096136 0.263831
v -1.311916 2.123592 0.247261
v -1.248593 2.263906 0.170312
v -1.366759 2.352820 0.105270
v -1.261593 2.294555 0.213762
v -1.367305 2.354107 0.107093
v -1.285765 2.226684 0.185446
v -1.369535 2.352928 0.104364
v -1.298765 2.257333 0.228896
v -1.370080 2.354214 0.106187
v -1.281636 2.279377 0.226197
v -1.368754 2.354305 0.106845
v -1.265723 2.241861 0.173011
v -1.368086 2.352730 0.104612
v -1.250929 2.283400 0.190341
v -1.366721 2.353451 0.106283
v -1.296430 2.237838 0.208866
v -1.370118 2.353583 0.105174
v -1.368420 2.353517 0.105728
v -1.343234 2.314022 0.128279
v -1.348077 2.325439 0.144465
v -1.366635 2.315512 0.145914
v -1.361793 2.304096 0.129729
v -1.351971 2.307780 0.127191
v -1.357898 2.321755 0.147003
v -1.366293 2.308692 0.137984
v -1.343576 2.320843 0.136210
v -1.309607 2.305209 0.183330
v -1.348996 2.287249 0.184213
v -1.339220 2.264201 0.151539
v -1.318430 2.270599 0.147437
v -1.330397 2.298811 0.187432
v -1.348521 2.273713 0.167975
v -1.300306 2.295697 0.166894
v -1.299831 2.282161 0.150656
v -1.208095 2.245774 0.194275
v -1.221450 2.277262 0.238914
v -1.246284 2.207534 0.209823
v -1.259640 2.239022 0.254462
v -1.242041 2.261669 0.251689
v -1.225693 2.223127 0.197048
v -1.210494 2.265802 0.214853
v -1.257240 2.218994 0.233884
v -1.233867 2.242398 0.224368
v -1.178087 2.353710 0.075667
v -1.320040 2.430190 0.065676
v -1.176560 2.381472 0.122818
v -1.319976 2.431355 0.067655
v -1.203000 2.312067 0.100992
v -1.322948 2.430002 0.065881
v -1.201473 2.339828 0.148144
v -1.322884 2.431167 0.067860
v -1.188845 2.363760 0.140764
v -1.321423 2.431392 0.067979
v -1.190715 2.329778 0.083047
v -1.321501 2.429966 0.065557
v -1.174532 2.372257 0.096405
v -1.319682 2.430794 0.066643
v -1.205028 2.321282 0.127405
v -1.323242 2.430564 0.066893
v -1.321462 2.430679 0.066768
v -1.285942 2.393742 0.075529
v -1.285373 2.404083 0.093093
v -1.300955 2.392054 0.100680
v -1.301524 2.381713 0.083116
v -1.293797 2.386569 0.077355
v -1.293101 2.399227 0.098854
v -1.302985 2.385536 0.092748
v -1.283912 2.400260 0.083461
v -1.233303 2.387360 0.113310
v -1.267504 2.364975 0.127597
v -1.268652 2.344099 0.092139
v -1.251681 2.352952 0.081023
v -1.250275 2.378506 0.124426
v -1.271910 2.352029 0.111469
v -1.230046 2.379430 0.093980
v -1.234452 2.366483 0.077852
v -1.129991 2.339709 0.081483
v -1.128422 2.368230 0.129924
v -1.155586 2.296926 0.107502
v -1.154016 2.325447 0.155943
v -1.141043 2.350033 0.148361
v -1.142964 2.315122 0.089065
v -1.126339 2.358763 0.102789
v -1.157669 2.306393 0.134637
v -1.142004 2.332578 0.118713
v -1.277659 2.327485 -0.933296
v -1.387742 2.371004 -0.880471
v -1.290358 2.291075 -0.912272
v -1.388275 2.369476 -0.879589
v -1.300252 2.314872 -0.968785
v -1.389986 2.371595 -0.880803
v -1.312950 2.278462 -0.947760
v -1.390519 2.370067 -0.879921
v -1.303077 2.280689 -0.927661
v -1.389457 2.369601 -0.879656
v -1.287533 2.325258 -0.953396
v -1.388804 2.371471 -0.880736
v -1.281477 2.310693 -0.918808
v -1.387757 2.370174 -0.879993
v -1.309132 2.295254 -0.962249
v -1.390504 2.370898 -0.880399
v -1.389131 2.370536 -0.880196
v -1.362008 2.354995 -0.907816
v -1.366738 2.341432 -0.899984
v -1.379689 2.339732 -0.910750
v -1.374959 2.353295 -0.918582
v -1.367953 2.355664 -0.914076
v -1.373743 2.339062 -0.904490
v -1.378775 2.346323 -0.915872
v -1.362922 2.348404 -0.902693
v -1.331327 2.312815 -0.910745
v -1.359414 2.310857 -0.931100
v -1.349865 2.338237 -0.946910
v -1.334751 2.342284 -0.938504
v -1.346440 2.308769 -0.919151
v -1.357786 2.324328 -0.941285
v -1.323406 2.326724 -0.916370
v -1.321778 2.340195 -0.926556
v -1.241767 2.310818 -0.941735
v -1.254813 2.273412 -0.920135
v -1.264977 2.297860 -0.978195
v -1.278024 2.260454 -0.956595
v -1.267880 2.262743 -0.935945
v -1.251910 2.308530 -0.962385
v -1.245689 2.293567 -0.926850
v -1.274101 2.277705 -0.971480
v -1.259895 2.285636 -0.949165
v -1.312123 2.251492 -1.006255
v -1.419793 2.265779 -0.984273
v -1.318894 2.219457 -0.987878
v -1.420077 2.264434 -0.983502
v -1.321369 2.234874 -1.038630
v -1.421670 2.265772 -0.984976
v -1.328140 2.202839 -1.020254
v -1.421954 2.264427 -0.984205
v -1.324275 2.207559 -1.002007
v -1.421048 2.264280 -0.983767
v -1.315987 2.246772 -1.024501
v -1.420700 2.265926 -0.984711
v -1.314473 2.237336 -0.993439
v -1.419725 2.265107 -0.983809
v -1.325790 2.216995 -1.033069
v -1.422022 2.265099 -0.984669
v -1.420874 2.265103 -0.984239
v -1.390694 2.257051 -1.001443
v -1.393216 2.245118 -0.994598
v -1.401390 2.240523 -1.005620
v -1.398868 2.252456 -1.012465
v -1.394498 2.256091 -1.007721
v -1.397585 2.241484 -0.999342
v -1.401045 2.245975 -1.010277
v -1.391039 2.251600 -0.996786
v -1.356764 2.228674 -0.995276
v -1.375391 2.220251 -1.016823
v -1.370299 2.244341 -1.030642
v -1.360415 2.251252 -1.021417
v -1.366648 2.221764 -1.004501
v -1.374932 2.231353 -1.026146
v -1.352131 2.241663 -0.999772
v -1.351672 2.252764 -1.009095
v -1.278126 2.245116 -1.005891
v -1.285083 2.212205 -0.987012
v -1.287624 2.228044 -1.039152
v -1.294581 2.195133 -1.020273
v -1.290611 2.199982 -1.001527
v -1.282096 2.240268 -1.024637
v -1.280540 2.230573 -0.992725
v -1.292167 2.209676 -1.033439
v -1.286354 2.220124 -1.013082
v -1.293844 2.210399 -1.131643
v -1.385382 2.220954 -1.137351
v -1.302889 2.184468 -1.116669
v -1.385762 2.219866 -1.136722
v -1.294293 2.194876 -1.158796
v -1.386746 2.220876 -1.138311
v -1.303337 2.168944 -1.143822
v -1.387125 2.219787 -1.137682
v -1.304126 2.173801 -1.128568
v -1.386486 2.219705 -1.137132
v -1.293056 2.205543 -1.146897
v -1.386021 2.221037 -1.137901
v -1.298316 2.199172 -1.121114
v -1.385419 2.220419 -1.136929
v -1.298865 2.180171 -1.154351
v -1.387088 2.220323 -1.138104
v -1.386254 2.220371 -1.137516
v -1.358223 2.213534 -1.144596
v -1.361592 2.203874 -1.139018
v -1.365805 2.199364 -1.149374
v -1.362436 2.209023 -1.154952
v -1.359952 2.212361 -1.150399
v -1.364076 2.200537 -1.143571
v -1.364592 2.203688 -1.153324
v -1.359435 2.209210 -1.140647
v -1.331924 2.190963 -1.131059
v -1.342298 2.182553 -1.151890
v -1.335497 2.202054 -1.163150
v -1.329548 2.208443 -1.153997
v -1.337873 2.184573 -1.140213
v -1.340060 2.191361 -1.159854
v -1.327361 2.201656 -1.134356
v -1.325123 2.210464 -1.142320
v -1.266469 2.205856 -1.123871
v -1.275760 2.179214 -1.108487
v -1.266930 2.189908 -1.151767
v -1.276221 2.163267 -1.136383
v -1.277032 2.168256 -1.120711
v -1.265658 2.200866 -1.139542
v -1.271063 2.194322 -1.113054
v -1.271627 2.174801 -1.147200
v -1.271345 2.184561 -1.130127
v -1.254122 2.128707 -1.262751
v -1.335909 2.112644 -1.273412
v -1.255853 2.104012 -1.248689
v -1.335981 2.111608 -1.272822
v -1.248537 2.114599 -1.286841
v -1.337007 2.112184 -1.274357
v -1.250268 2.089903 -1.272779
v -1.337079 2.111147 -1.273767
v -1.253254 2.094191 -1.259158
v -1.336539 2.111261 -1.273228
v -1.251136 2.124420 -1.276371
v -1.336450 2.112530 -1.273951
v -1.255613 2.117940 -1.253021
v -1.335822 2.112178 -1.273012
v -1.248777 2.100670 -1.282508
v -1.337166 2.111614 -1.274167
v -1.336494 2.111896 -1.273589
v -1.309900 2.113519 -1.278202
v -1.310544 2.104320 -1.272964
v -1.312299 2.099053 -1.282429
v -1.311654 2.108252 -1.287667
v -1.310705 2.111916 -1.283522
v -1.311494 2.100656 -1.277110
v -1.312173 2.103063 -1.286109
v -1.310025 2.109509 -1.274523
v -1.281844 2.101408 -1.263608
v -1.287199 2.090869 -1.282776
v -1.285898 2.109439 -1.293351
v -1.283075 2.116790 -1.284951
v -1.284667 2.094058 -1.272007
v -1.287149 2.098973 -1.290211
v -1.280594 2.111875 -1.266747
v -1.280543 2.119979 -1.274182
v -1.229675 2.132423 -1.254005
v -1.231453 2.107052 -1.239558
v -1.223937 2.117929 -1.278754
v -1.225715 2.092558 -1.264307
v -1.228783 2.096963 -1.250314
v -1.226607 2.128018 -1.267998
v -1.231207 2.121362 -1.244008
v -1.224183 2.103619 -1.274303
v -1.227695 2.112491 -1.259156
v -1.224998 2.395539 -0.817154
v -1.377450 2.405859 -0.764701
v -1.228325 2.348059 -0.790118
v -1.377590 2.403867 -0.763567
v -1.242954 2.370908 -0.862619
v -1.380291 2.405682 -0.765363
v -1.246282 2.323428 -0.835584
v -1.380430 2.403689 -0.764228
v -1.237676 2.330425 -0.809822
v -1.379026 2.403555 -0.763771
v -1.233603 2.388542 -0.842915
v -1.378855 2.405994 -0.765159
v -1.224649 2.374558 -0.798542
v -1.377202 2.404883 -0.764060
v -1.246630 2.344409 -0.854195
v -1.380678 2.404666 -0.764870
v -1.378940 2.404774 -0.764465
v -1.337933 2.396136 -0.795230
v -1.339172 2.378450 -0.785159
v -1.352634 2.371135 -0.799662
v -1.351394 2.388822 -0.809733
v -1.344525 2.394460 -0.803610
v -1.346042 2.372811 -0.791282
v -1.353522 2.379159 -0.806322
v -1.337044 2.388113 -0.788570
v -1.285206 2.357983 -0.793432
v -1.315393 2.344247 -0.821270
v -1.312891 2.379952 -0.841601
v -1.297517 2.390820 -0.829959
v -1.300580 2.347115 -0.805073
v -1.317524 2.360561 -0.834554
v -1.280573 2.377374 -0.800479
v -1.282704 2.393687 -0.813763
v -1.175302 2.389474 -0.823205
v -1.178720 2.340695 -0.795430
v -1.193750 2.364169 -0.869915
v -1.197168 2.315391 -0.842139
v -1.188327 2.322578 -0.815673
v -1.184143 2.382286 -0.849671
v -1.174944 2.367919 -0.804084
v -1.197526 2.336945 -0.861260
v -1.186235 2.352432 -0.832672
v -1.157564 2.420687 -0.660052
v -1.317107 2.445999 -0.657807
v -1.173391 2.375309 -0.633849
v -1.317771 2.444094 -0.656707
v -1.162953 2.394869 -0.708017
v -1.319612 2.446004 -0.659311
v -1.178780 2.349491 -0.681814
v -1.320276 2.444100 -0.658211
v -1.177858 2.357316 -0.654896
v -1.319098 2.443883 -0.657336
v -1.158486 2.412862 -0.686970
v -1.318285 2.446215 -0.658682
v -1.164874 2.400891 -0.641577
v -1.317158 2.445046 -0.657089
v -1.171470 2.369288 -0.700289
v -1.320225 2.445053 -0.658929
v -1.318691 2.445049 -0.658009
v -1.271224 2.431415 -0.674248
v -1.277120 2.414511 -0.664487
v -1.286117 2.407420 -0.682203
v -1.280221 2.424323 -0.691963
v -1.275063 2.429762 -0.684200
v -1.282279 2.409072 -0.672252
v -1.284177 2.415077 -0.689068
v -1.273164 2.423758 -0.667383
v -1.225353 2.389433 -0.654953
v -1.246713 2.376463 -0.690314
v -1.234811 2.410588 -0.710019
v -1.222798 2.420895 -0.694546
v -1.237366 2.379125 -0.670426
v -1.243155 2.392072 -0.704129
v -1.217009 2.407948 -0.660844
v -1.213451 2.423557 -0.674658
v -1.109187 2.410407 -0.650200
v -1.125446 2.363788 -0.623279
v -1.114723 2.383883 -0.699477
v -1.130983 2.337264 -0.672557
v -1.130036 2.345303 -0.644902
v -1.110133 2.402368 -0.677854
v -1.116696 2.390069 -0.631219
v -1.123473 2.357602 -0.691537
v -1.120085 2.373836 -0.661378
v -1.089598 2.534042 -0.557257
v -1.231730 2.555724 -0.483583
v -1.092925 2.486562 -0.530221
v -1.231870 2.553731 -0.482448
v -1.115762 2.511648 -0.599804
v -1.234641 2.555785 -0.483834
v -1.119089 2.464169 -0.572768
v -1.234780 2.553792 -0.482699
v -1.106380 2.470047 -0.548466
v -1.233341 2.553539 -0.482446
v -1.102308 2.528164 -0.581559
v -1.233170 2.555978 -0.483835
v -1.088331 2.512811 -0.538972
v -1.231474 2.554721 -0.482987
v -1.120357 2.485400 -0.591053
v -1.235037 2.554795 -0.483295
v -1.233256 2.554758 -0.483141
v -1.197861 2.543345 -0.519469
v -1.199100 2.525660 -0.509398
v -1.215032 2.519676 -0.521866
v -1.213793 2.537363 -0.531937
v -1.205688 2.542336 -0.526831
v -1.207205 2.520687 -0.514504
v -1.216197 2.527849 -0.528298
v -1.196696 2.535173 -0.513037
v -1.148701 2.501065 -0.525358
v -1.183545 2.490233 -0.548670
v -1.181044 2.525938 -0.569001
v -1.163341 2.535354 -0.559623
v -1.166404 2.491649 -0.534736
v -1.186198 2.506872 -0.561447
v -1.143547 2.520131 -0.532912
v -1.146199 2.536770 -0.545689
v -1.041922 2.524109 -0.570350
v -1.045340 2.475331 -0.542575
v -1.068802 2.501102 -0.614061
v -1.072220 2.452324 -0.586286
v -1.059163 2.458363 -0.561318
v -1.054979 2.518070 -0.595317
v -1.040620 2.502297 -0.551565
v -1.073522 2.474136 -0.605070
v -1.057071 2.488217 -0.578318
v -1.006429 2.595960 -0.433078
v -1.161482 2.640337 -0.423658
v -1.026719 2.551991 -0.407559
v -1.162333 2.638492 -0.422587
v -1.016694 2.572594 -0.481502
v -1.164021 2.640696 -0.425058
v -1.036984 2.528624 -0.455983
v -1.164873 2.638851 -0.423987
v -1.034125 2.535381 -0.428912
v -1.163698 2.638464 -0.423167
v -1.009288 2.589203 -0.460149
v -1.162656 2.640724 -0.424478
v -1.015424 2.576593 -0.414893
v -1.161623 2.639374 -0.422966
v -1.027989 2.547991 -0.474168
v -1.164731 2.639814 -0.424680
v -1.163177 2.639594 -0.423823
v -1.118365 2.620853 -0.442352
v -1.125923 2.604474 -0.432846
v -1.136364 2.599118 -0.450377
v -1.128806 2.615496 -0.459883
v -1.122738 2.620009 -0.452182
v -1.131990 2.599961 -0.440547
v -1.133755 2.606707 -0.457094
v -1.120974 2.613263 -0.435635
v -1.077300 2.573002 -0.426133
v -1.101370 2.563900 -0.460956
v -1.086112 2.596965 -0.480146
v -1.072367 2.605221 -0.464884
v -1.091045 2.564746 -0.441394
v -1.096438 2.579412 -0.474452
v -1.066974 2.590555 -0.431826
v -1.062042 2.606068 -0.445323
v -0.959345 2.579570 -0.425488
v -0.980191 2.534398 -0.399271
v -0.969891 2.555564 -0.475237
v -0.990737 2.510391 -0.449020
v -0.987799 2.517334 -0.421208
v -0.962283 2.572628 -0.453299
v -0.968586 2.559673 -0.406806
v -0.981495 2.530288 -0.467702
v -0.975041 2.544981 -0.437254
v -0.845682 3.042894 0.879932
v -0.909001 3.076771 0.925461
v -0.840142 3.070829 0.875583
v -0.908768 3.077944 0.925279
v -0.829024 3.043248 0.903434
v -0.909556 3.077098 0.926857
v -0.823483 3.071184 0.899086
v -0.909324 3.078271 0.926674
v -0.831192 3.074136 0.886847
v -0.909020 3.078239 0.925956
v -0.837974 3.039941 0.892170
v -0.909305 3.076803 0.926179
v -0.844778 3.056822 0.875124
v -0.908822 3.077321 0.925213
v -0.824387 3.057256 0.903893
v -0.909502 3.077721 0.926922
v -0.909162 3.077521 0.926068
v -0.885128 3.066201 0.919519
v -0.883064 3.076607 0.917899
v -0.880143 3.077687 0.928556
v -0.882207 3.067281 0.930176
v -0.883899 3.065575 0.925029
v -0.881373 3.078313 0.923046
v -0.880848 3.072605 0.930560
v -0.884423 3.071283 0.917515
v -0.858573 3.074527 0.899524
v -0.854311 3.077143 0.921759
v -0.858478 3.056136 0.925029
v -0.861075 3.052474 0.914278
v -0.855975 3.078189 0.910275
v -0.855917 3.066933 0.925885
v -0.861133 3.063730 0.898668
v -0.862739 3.053520 0.902795
v -0.827621 3.036070 0.861719
v -0.821929 3.064770 0.857251
v -0.810507 3.036435 0.885865
v -0.804815 3.065135 0.881397
v -0.812734 3.068167 0.868823
v -0.819702 3.033037 0.874292
v -0.826692 3.050379 0.856780
v -0.805744 3.050825 0.886336
v -0.816218 3.050602 0.871558
v -0.861504 3.119426 0.667940
v -0.932813 3.168977 0.677664
v -0.850522 3.145445 0.659059
v -0.932352 3.170069 0.677291
v -0.853763 3.125676 0.695824
v -0.933782 3.169727 0.678661
v -0.842782 3.151695 0.686943
v -0.933321 3.170819 0.678289
v -0.845422 3.151485 0.672006
v -0.932785 3.170567 0.677748
v -0.858864 3.119636 0.682877
v -0.933349 3.169230 0.678204
v -0.856881 3.131735 0.660376
v -0.932473 3.169439 0.677366
v -0.847405 3.139385 0.694507
v -0.933660 3.170357 0.678587
v -0.933067 3.169898 0.677976
v -0.909522 3.155677 0.683809
v -0.905431 3.165369 0.680501
v -0.906207 3.169338 0.691170
v -0.910298 3.159646 0.694478
v -0.910368 3.156576 0.689514
v -0.905361 3.168440 0.685465
v -0.908339 3.164937 0.694019
v -0.907390 3.160079 0.680959
v -0.875937 3.156852 0.673290
v -0.879250 3.165580 0.694767
v -0.887508 3.146013 0.701446
v -0.886776 3.139457 0.691455
v -0.876668 3.163408 0.683280
v -0.883750 3.156775 0.700513
v -0.879694 3.146090 0.674223
v -0.884195 3.137285 0.679968
v -0.838913 3.106596 0.659636
v -0.827631 3.133327 0.650512
v -0.830961 3.113017 0.688283
v -0.819678 3.139748 0.679159
v -0.822391 3.139532 0.663813
v -0.836201 3.106812 0.674981
v -0.834163 3.119242 0.651865
v -0.824429 3.127101 0.686930
v -0.829296 3.123172 0.669397
v -1.304208 2.227793 0.284663
v -1.354280 2.289629 0.277200
v -1.299372 2.240232 0.308223
v -1.354077 2.290151 0.278189
v -1.324062 2.213508 0.296280
v -1.355648 2.290095 0.277235
v -1.319226 2.225947 0.319841
v -1.355445 2.290617 0.278224
v -1.308757 2.234483 0.316672
v -1.354739 2.290443 0.278317
v -1.314677 2.219256 0.287832
v -1.354987 2.289804 0.277107
v -1.299566 2.235612 0.295142
v -1.354026 2.289838 0.277691
v -1.323869 2.218127 0.309362
v -1.355700 2.290408 0.277733
v -1.354863 2.290123 0.277712
v -1.345852 2.266522 0.282527
v -1.344050 2.271156 0.291303
v -1.353619 2.268619 0.294606
v -1.355420 2.263985 0.285830
v -1.350838 2.264735 0.283195
v -1.348633 2.270406 0.293938
v -1.355592 2.266018 0.290588
v -1.343879 2.269123 0.286545
v -1.323930 2.253666 0.302312
v -1.344115 2.249931 0.308427
v -1.347752 2.240577 0.290710
v -1.338067 2.241396 0.285667
v -1.333615 2.252846 0.307355
v -1.348195 2.244836 0.300254
v -1.323487 2.249407 0.292769
v -1.327567 2.244312 0.284595
v -1.285045 2.212286 0.288491
v -1.280077 2.225065 0.312696
v -1.305442 2.197610 0.300426
v -1.300474 2.210390 0.324631
v -1.289719 2.219159 0.321375
v -1.295800 2.203516 0.291747
v -1.280276 2.220320 0.299256
v -1.305243 2.202356 0.313866
v -1.292760 2.211338 0.306561
v -1.497433 1.925917 0.238591
v -1.581586 1.962525 0.251449
v -1.491786 1.942690 0.264525
v -1.581349 1.963229 0.252537
v -1.505794 1.901367 0.256289
v -1.583166 1.962280 0.251951
v -1.500147 1.918140 0.282223
v -1.582929 1.962984 0.253040
v -1.495333 1.932294 0.276280
v -1.582113 1.963185 0.252910
v -1.502246 1.911763 0.244534
v -1.582403 1.962324 0.251578
v -1.493673 1.937054 0.249575
v -1.581291 1.962904 0.251937
v -1.503907 1.907003 0.271239
v -1.583225 1.962605 0.252552
v -1.582258 1.962754 0.252244
v -1.559459 1.943537 0.252628
v -1.557355 1.949786 0.262288
v -1.564395 1.942291 0.268668
v -1.566498 1.936043 0.259008
v -1.563214 1.939090 0.254735
v -1.560640 1.946738 0.266561
v -1.566236 1.938327 0.264553
v -1.557618 1.947501 0.256743
v -1.524883 1.943125 0.266738
v -1.540854 1.928928 0.279397
v -1.545102 1.916315 0.259894
v -1.537592 1.922000 0.251380
v -1.532393 1.937440 0.275253
v -1.544767 1.921031 0.271064
v -1.525218 1.938409 0.255568
v -1.529130 1.930511 0.247235
v -1.469212 1.920361 0.235518
v -1.463410 1.937593 0.262162
v -1.477802 1.895140 0.253700
v -1.472000 1.912372 0.280345
v -1.467055 1.926913 0.274239
v -1.474157 1.905820 0.241624
v -1.465349 1.931803 0.246803
v -1.475863 1.900930 0.269060
v -1.470606 1.916366 0.257931
v -1.014324 2.871492 0.700339
v -1.056941 2.945371 0.728457
v -0.997344 2.892577 0.686448
v -1.056229 2.946256 0.727874
v -0.996250 2.873032 0.724769
v -1.057221 2.946402 0.729680
v -0.979270 2.894118 0.710878
v -1.056508 2.947287 0.729097
v -0.986405 2.895710 0.697107
v -1.056288 2.946871 0.728420
v -1.007190 2.869900 0.714110
v -1.057161 2.945788 0.729134
v -1.007859 2.881862 0.690656
v -1.056554 2.945698 0.728029
v -0.985736 2.883748 0.720560
v -1.056896 2.946960 0.729526
v -1.056725 2.946329 0.728777
v -1.039016 2.923499 0.728185
v -1.032691 2.931354 0.723010
v -1.028554 2.934870 0.733405
v -1.034879 2.927016 0.738579
v -1.037656 2.924378 0.733962
v -1.029914 2.933992 0.727628
v -1.031253 2.931337 0.737156
v -1.036317 2.927032 0.724433
v -1.011531 2.912380 0.707429
v -1.004506 2.920831 0.728843
v -1.017275 2.904975 0.739289
v -1.022218 2.898973 0.729752
v -1.006588 2.918382 0.716965
v -1.010103 2.913850 0.736465
v -1.018703 2.903505 0.710253
v -1.024300 2.896524 0.717875
v -1.001372 2.851096 0.686124
v -0.983927 2.872758 0.671853
v -0.982803 2.852678 0.711223
v -0.965359 2.874341 0.696952
v -0.972689 2.875976 0.682803
v -0.994042 2.849461 0.700272
v -0.994730 2.861750 0.676177
v -0.972001 2.863687 0.706899
v -0.983366 2.862718 0.691538
v -0.924668 2.944509 0.784781
v -1.010096 2.983444 0.801624
v -0.917511 2.975510 0.779118
v -1.009795 2.984745 0.801386
v -0.917122 2.948461 0.815956
v -1.011261 2.983928 0.802800
v -0.909965 2.979463 0.810293
v -1.010961 2.985229 0.802563
v -0.912936 2.980960 0.794071
v -1.010345 2.985133 0.801948
v -0.921697 2.943012 0.801003
v -1.010712 2.983540 0.802239
v -0.921935 2.959566 0.778457
v -1.009815 2.984040 0.801373
v -0.912698 2.964405 0.816617
v -1.011242 2.984633 0.802813
v -1.010528 2.984337 0.802093
v -0.982599 2.972442 0.806627
v -0.979933 2.983990 0.804517
v -0.981349 2.986530 0.816628
v -0.984015 2.974982 0.818738
v -0.983606 2.972418 0.812918
v -0.980342 2.986554 0.810336
v -0.982841 2.981040 0.819040
v -0.981107 2.977932 0.804215
v -0.946739 2.981137 0.795851
v -0.951608 2.986730 0.820316
v -0.956990 2.963417 0.824575
v -0.955158 2.958008 0.812820
v -0.948570 2.986546 0.807607
v -0.954844 2.975700 0.825187
v -0.948884 2.968854 0.795240
v -0.952121 2.957824 0.800110
v -0.898165 2.935999 0.774214
v -0.890812 2.967849 0.768395
v -0.890413 2.940060 0.806241
v -0.883060 2.971910 0.800423
v -0.886112 2.973448 0.783757
v -0.895113 2.934461 0.790879
v -0.895357 2.951469 0.767716
v -0.885868 2.956440 0.806920
v -0.890613 2.953954 0.787319
v -1.014860 2.883174 0.553937
v -1.106522 2.949609 0.573335
v -1.000444 2.917388 0.542275
v -1.105917 2.951045 0.572846
v -1.002551 2.890331 0.590154
v -1.107705 2.950585 0.574737
v -0.988135 2.924546 0.578493
v -1.107100 2.952021 0.574248
v -0.992675 2.924800 0.559078
v -1.106440 2.951694 0.573492
v -1.010321 2.882919 0.573352
v -1.107181 2.949936 0.574091
v -1.009031 2.899479 0.544048
v -1.106087 2.950217 0.572934
v -0.993964 2.908240 0.588381
v -1.107534 2.951412 0.574649
v -1.106811 2.950815 0.573791
v -1.075845 2.931407 0.579316
v -1.070475 2.944152 0.574973
v -1.070631 2.949049 0.589148
v -1.076002 2.936304 0.593492
v -1.076525 2.932428 0.586891
v -1.069951 2.948028 0.581574
v -1.073334 2.943225 0.592908
v -1.073142 2.937231 0.575556
v -1.032495 2.932510 0.563126
v -1.035090 2.943380 0.591810
v -1.045931 2.917650 0.600579
v -1.045848 2.909333 0.587219
v -1.032578 2.940828 0.576485
v -1.040801 2.931733 0.599408
v -1.037625 2.918428 0.564297
v -1.043336 2.906781 0.571895
v -0.986125 2.866059 0.541023
v -0.971314 2.901210 0.529043
v -0.973479 2.873413 0.578232
v -0.958668 2.908563 0.566251
v -0.963332 2.908825 0.546305
v -0.981461 2.865798 0.560969
v -0.980136 2.882811 0.530864
v -0.964657 2.891812 0.576410
v -0.972396 2.887311 0.553637
v -0.960886 3.043528 0.358144
v -1.002454 3.096584 0.414219
v -0.949842 3.069611 0.349190
v -1.001991 3.097679 0.413843
v -0.938671 3.040830 0.377683
v -1.002558 3.097137 0.415702
v -0.927628 3.066913 0.368729
v -1.002094 3.098232 0.415326
v -0.937497 3.071185 0.357956
v -1.001991 3.098078 0.414543
v -0.951016 3.039256 0.368917
v -1.002558 3.096738 0.415003
v -0.957853 3.056872 0.351478
v -1.002211 3.097070 0.413865
v -0.930661 3.053569 0.375395
v -1.002338 3.097746 0.415680
v -1.002275 3.097408 0.414773
v -0.983391 3.079417 0.404011
v -0.979277 3.089134 0.400676
v -0.973472 3.090048 0.410501
v -0.977585 3.080332 0.413837
v -0.980949 3.078786 0.409298
v -0.975913 3.090679 0.405215
v -0.974878 3.085293 0.413270
v -0.981985 3.084173 0.401243
v -0.960718 3.079537 0.376910
v -0.950294 3.082291 0.397790
v -0.958599 3.062676 0.404524
v -0.964741 3.059102 0.394838
v -0.954575 3.083112 0.386596
v -0.953278 3.072793 0.403496
v -0.966038 3.069421 0.377938
v -0.969023 3.059922 0.383644
v -0.949670 3.030919 0.336598
v -0.938324 3.057716 0.327398
v -0.926847 3.028147 0.356671
v -0.915501 3.054945 0.347471
v -0.925641 3.059333 0.336404
v -0.939530 3.026531 0.347665
v -0.946554 3.044629 0.329749
v -0.918618 3.041235 0.354320
v -0.932585 3.042932 0.342034
v -0.902400 3.163175 0.511520
v -1.012118 3.206872 0.499541
v -0.893288 3.201140 0.501862
v -1.011735 3.208465 0.499135
v -0.903122 3.173252 0.550451
v -1.013905 3.207549 0.500517
v -0.894010 3.211217 0.540793
v -1.013523 3.209142 0.500112
v -0.892628 3.210432 0.520246
v -1.012586 3.208982 0.499578
v -0.903782 3.163960 0.532068
v -1.013054 3.207032 0.500074
v -0.897763 3.181029 0.502330
v -1.011726 3.207592 0.499228
v -0.898647 3.193363 0.549983
v -1.013914 3.208421 0.500424
v -1.012820 3.208007 0.499826
v -0.980092 3.196233 0.515618
v -0.976697 3.210375 0.512020
v -0.982257 3.215181 0.525668
v -0.985652 3.201039 0.529266
v -0.983252 3.197052 0.522845
v -0.979097 3.214363 0.518441
v -0.984577 3.208648 0.528996
v -0.977771 3.202765 0.512290
v -0.933909 3.208221 0.512140
v -0.947578 3.218342 0.539029
v -0.954430 3.189792 0.546291
v -0.948363 3.181533 0.533661
v -0.939976 3.216480 0.524771
v -0.952535 3.205200 0.545672
v -0.935804 3.192812 0.512759
v -0.940762 3.179671 0.519403
v -0.866854 3.153233 0.508265
v -0.857492 3.192236 0.498343
v -0.867596 3.163585 0.548261
v -0.858235 3.202589 0.538338
v -0.856815 3.201782 0.517229
v -0.868273 3.154039 0.529375
v -0.862090 3.171575 0.498823
v -0.862998 3.184247 0.547780
v -0.862544 3.177911 0.523302
v -0.687453 3.547525 -0.224577
v -0.786966 3.635267 -0.316762
v -0.687810 3.516268 -0.269512
v -0.786981 3.633955 -0.318648
v -0.645033 3.575766 -0.244559
v -0.787317 3.637649 -0.318416
v -0.645390 3.544509 -0.289493
v -0.787332 3.636337 -0.320302
v -0.666640 3.526886 -0.284537
v -0.787158 3.634999 -0.319686
v -0.666203 3.565148 -0.229534
v -0.787140 3.636605 -0.317378
v -0.692384 3.528733 -0.244806
v -0.786934 3.634344 -0.317520
v -0.640459 3.563301 -0.269265
v -0.787364 3.637260 -0.319545
v -0.787149 3.635802 -0.318532
v -0.744101 3.618963 -0.294741
v -0.744234 3.607319 -0.311479
v -0.733606 3.622240 -0.321943
v -0.733473 3.633883 -0.305205
v -0.738772 3.627727 -0.298098
v -0.738935 3.613475 -0.318586
v -0.732349 3.629733 -0.314746
v -0.745358 3.611470 -0.301938
v -0.709314 3.563930 -0.294227
v -0.690546 3.595892 -0.316610
v -0.690278 3.619398 -0.282819
v -0.699632 3.606050 -0.267842
v -0.699960 3.577278 -0.309204
v -0.688309 3.611226 -0.302222
v -0.711283 3.572101 -0.274824
v -0.709046 3.587435 -0.260436
v -0.662666 3.511811 -0.199018
v -0.663033 3.479699 -0.245182
v -0.619086 3.540824 -0.219547
v -0.619453 3.508712 -0.265711
v -0.641284 3.490608 -0.260618
v -0.640835 3.529916 -0.204111
v -0.667733 3.492505 -0.219801
v -0.614387 3.528019 -0.244929
v -0.641060 3.510262 -0.232365
v -0.867547 3.309955 -0.233107
v -1.015674 3.381593 -0.275494
v -0.874915 3.286170 -0.285014
v -1.015983 3.380595 -0.277672
v -0.839917 3.354272 -0.257335
v -1.017140 3.384121 -0.276444
v -0.847285 3.330487 -0.309243
v -1.017449 3.383123 -0.278622
v -0.861925 3.305664 -0.302944
v -1.016751 3.381747 -0.278391
v -0.852907 3.334778 -0.239406
v -1.016372 3.382969 -0.275725
v -0.874326 3.293098 -0.256346
v -1.015664 3.380811 -0.276476
v -0.840506 3.347344 -0.286003
v -1.017459 3.383905 -0.277639
v -1.016561 3.382358 -0.277058
v -0.962932 3.374960 -0.269388
v -0.965677 3.366100 -0.288723
v -0.962466 3.385884 -0.298244
v -0.959722 3.394743 -0.278908
v -0.961020 3.385844 -0.271982
v -0.964379 3.375000 -0.295650
v -0.960735 3.392530 -0.289643
v -0.964664 3.368314 -0.277989
v -0.915542 3.330924 -0.291837
v -0.912529 3.372071 -0.311119
v -0.906988 3.389957 -0.272084
v -0.907874 3.371388 -0.258070
v -0.914656 3.349494 -0.305851
v -0.909421 3.385623 -0.293762
v -0.913109 3.335258 -0.270160
v -0.910001 3.348810 -0.252803
v -0.826398 3.277930 -0.223400
v -0.833967 3.253494 -0.276727
v -0.798013 3.323458 -0.248291
v -0.805582 3.299023 -0.301618
v -0.820623 3.273521 -0.295147
v -0.811357 3.303432 -0.229871
v -0.833363 3.260611 -0.247275
v -0.798617 3.316341 -0.277743
v -0.815990 3.288476 -0.262509
v -0.952649 3.204899 -0.126678
v -1.023321 3.277683 -0.148447
v -0.960547 3.195511 -0.159623
v -1.023652 3.277290 -0.149830
v -0.927493 3.226260 -0.138795
v -1.023652 3.279479 -0.148879
v -0.935391 3.216872 -0.171741
v -1.023984 3.279085 -0.150262
v -0.948854 3.205139 -0.169373
v -1.023855 3.278143 -0.150201
v -0.939186 3.216631 -0.129045
v -1.023449 3.278625 -0.148508
v -0.959416 3.197812 -0.141793
v -1.023449 3.277286 -0.149090
v -0.928623 3.223958 -0.156626
v -1.023855 3.279483 -0.149619
v -1.023652 3.278384 -0.149354
v -0.994270 3.263117 -0.145060
v -0.997212 3.259620 -0.157333
v -0.991280 3.270886 -0.161965
v -0.988338 3.274383 -0.149693
v -0.990974 3.269142 -0.146002
v -0.994575 3.264861 -0.161024
v -0.989144 3.273897 -0.156348
v -0.996405 3.260106 -0.150677
v -0.975093 3.229652 -0.161214
v -0.964882 3.253781 -0.170537
v -0.958943 3.260841 -0.145762
v -0.963382 3.249568 -0.138325
v -0.970653 3.240926 -0.168651
v -0.960768 3.260014 -0.159194
v -0.973267 3.230479 -0.147782
v -0.969153 3.236713 -0.136439
v -0.935359 3.177819 -0.122592
v -0.943473 3.168173 -0.156440
v -0.909514 3.199763 -0.135042
v -0.917628 3.190118 -0.168889
v -0.931459 3.178065 -0.166456
v -0.921527 3.189872 -0.125025
v -0.942311 3.170537 -0.138121
v -0.910676 3.197399 -0.153360
v -0.887024 3.048954 -0.124767
v -0.855569 3.244825 -0.512062
v -0.908323 3.294038 -0.549757
v -0.857697 3.231517 -0.536125
v -0.908412 3.293479 -0.550767
v -0.834782 3.259845 -0.522207
v -0.908542 3.295320 -0.550446
v -0.836909 3.246538 -0.546270
v -0.908631 3.294761 -0.551456
v -0.847541 3.237536 -0.543893
v -0.908532 3.294058 -0.551225
v -0.844937 3.253826 -0.514438
v -0.908422 3.294741 -0.549988
v -0.858962 3.236488 -0.522957
v -0.908343 3.293615 -0.550184
v -0.833517 3.254874 -0.535375
v -0.908611 3.295184 -0.551028
v -0.908477 3.294399 -0.550607
v -0.886091 3.284535 -0.541243
v -0.886883 3.279578 -0.550206
v -0.881817 3.287558 -0.555067
v -0.881025 3.292515 -0.546104
v -0.883469 3.289080 -0.542669
v -0.884439 3.283012 -0.553641
v -0.880854 3.290931 -0.551130
v -0.887055 3.281162 -0.545180
v -0.869044 3.256785 -0.545176
v -0.860199 3.273896 -0.555421
v -0.858599 3.283903 -0.537326
v -0.862842 3.276469 -0.530176
v -0.864800 3.264219 -0.552326
v -0.858408 3.280816 -0.547521
v -0.869235 3.259872 -0.534981
v -0.867444 3.266793 -0.527081
v -0.842444 3.225486 -0.502094
v -0.844630 3.211814 -0.526816
v -0.821088 3.240917 -0.512517
v -0.823274 3.227246 -0.537238
v -0.834197 3.217998 -0.534796
v -0.831521 3.234734 -0.504536
v -0.845930 3.216921 -0.513287
v -0.819789 3.235810 -0.526045
v -0.832859 3.226366 -0.519666
v -0.802048 3.336568 -0.625255
v -0.871794 3.427594 -0.636216
v -0.813761 3.331175 -0.662095
v -0.872286 3.427367 -0.637762
v -0.772277 3.358405 -0.637917
v -0.871954 3.429656 -0.636467
v -0.783990 3.353012 -0.674757
v -0.872446 3.429430 -0.638013
v -0.800187 3.341489 -0.672553
v -0.872421 3.428373 -0.638061
v -0.785851 3.348091 -0.627459
v -0.871819 3.428650 -0.636168
v -0.811239 3.331425 -0.642257
v -0.872022 3.427250 -0.636961
v -0.774798 3.358155 -0.657756
v -0.872218 3.429774 -0.637268
v -0.872120 3.428512 -0.637115
v -0.841469 3.407686 -0.636108
v -0.845832 3.405677 -0.649831
v -0.838114 3.417873 -0.654071
v -0.833751 3.419882 -0.640348
v -0.837121 3.414009 -0.636691
v -0.842462 3.411550 -0.653488
v -0.835068 3.420244 -0.647684
v -0.844515 3.405315 -0.642495
v -0.825509 3.370584 -0.659002
v -0.811694 3.396935 -0.667252
v -0.802886 3.400991 -0.639548
v -0.808807 3.388270 -0.632319
v -0.819588 3.383305 -0.666230
v -0.805742 3.401915 -0.654324
v -0.822653 3.369661 -0.644226
v -0.816701 3.374641 -0.631298
v -0.786236 3.304273 -0.624988
v -0.798269 3.298733 -0.662836
v -0.755652 3.326708 -0.637997
v -0.767685 3.321167 -0.675844
v -0.784325 3.309329 -0.673580
v -0.769596 3.316111 -0.627252
v -0.795679 3.298990 -0.642455
v -0.758241 3.326451 -0.658378
v -0.776961 3.312720 -0.650416
v -0.591662 3.640081 -0.407371
v -0.677577 3.715832 -0.486959
v -0.591971 3.613095 -0.446165
v -0.677590 3.714700 -0.488587
v -0.555039 3.664463 -0.424622
v -0.677880 3.717889 -0.488387
v -0.555348 3.637476 -0.463416
v -0.677893 3.716756 -0.490015
v -0.573694 3.622262 -0.459137
v -0.677743 3.715601 -0.489483
v -0.573316 3.655295 -0.411650
v -0.677727 3.716988 -0.487490
v -0.595920 3.623856 -0.424835
v -0.677550 3.715035 -0.487613
v -0.551090 3.653701 -0.445952
v -0.677920 3.717553 -0.489361
v -0.677735 3.716294 -0.488487
v -0.640570 3.701756 -0.467947
v -0.640684 3.691704 -0.482398
v -0.631509 3.704585 -0.491431
v -0.631394 3.714638 -0.476981
v -0.635969 3.709323 -0.470845
v -0.636109 3.697018 -0.488534
v -0.630423 3.711055 -0.485218
v -0.641655 3.695287 -0.474160
v -0.610537 3.654243 -0.467503
v -0.594333 3.681839 -0.486827
v -0.594101 3.702132 -0.457654
v -0.602177 3.690608 -0.444723
v -0.602461 3.665768 -0.480433
v -0.592402 3.695077 -0.474406
v -0.612236 3.661299 -0.450751
v -0.610305 3.674537 -0.438330
v -0.570263 3.609247 -0.385305
v -0.570580 3.581523 -0.425160
v -0.532638 3.634296 -0.403028
v -0.532955 3.606572 -0.442884
v -0.551803 3.590941 -0.438487
v -0.551415 3.624877 -0.389701
v -0.574637 3.592579 -0.403247
v -0.528581 3.623240 -0.424941
v -0.551609 3.607909 -0.414094
v -0.679222 3.453837 -0.637950
v -0.757954 3.568371 -0.645025
v -0.694690 3.449764 -0.682307
v -0.758603 3.568199 -0.646886
v -0.642295 3.478923 -0.653132
v -0.758024 3.570878 -0.645231
v -0.657763 3.474849 -0.697487
v -0.758674 3.570707 -0.647092
v -0.677959 3.461850 -0.694866
v -0.758711 3.569434 -0.647198
v -0.659026 3.466836 -0.640572
v -0.757916 3.569643 -0.644919
v -0.691093 3.448990 -0.658428
v -0.758271 3.568004 -0.645933
v -0.645892 3.479696 -0.677010
v -0.758357 3.571073 -0.646185
v -0.758314 3.569538 -0.646058
v -0.722619 3.542501 -0.646687
v -0.728381 3.540984 -0.663210
v -0.718425 3.555410 -0.668006
v -0.712663 3.556928 -0.651484
v -0.716996 3.549885 -0.647234
v -0.724049 3.548027 -0.667459
v -0.714429 3.557785 -0.660282
v -0.726616 3.540126 -0.654411
v -0.706312 3.497854 -0.676455
v -0.688227 3.529156 -0.685637
v -0.676595 3.532220 -0.652281
v -0.684335 3.516912 -0.643953
v -0.698573 3.513162 -0.684783
v -0.680385 3.534195 -0.669988
v -0.702522 3.495879 -0.658749
v -0.694681 3.500918 -0.643099
v -0.662163 3.413919 -0.639547
v -0.678054 3.409734 -0.685117
v -0.624226 3.439691 -0.655144
v -0.640117 3.435505 -0.700713
v -0.660866 3.422150 -0.698020
v -0.641414 3.427274 -0.642240
v -0.674358 3.408939 -0.660585
v -0.627921 3.440485 -0.679676
v -0.651140 3.424712 -0.670130
v -1.447399 2.108741 0.399977
v -1.564564 2.218284 0.419270
v -1.430889 2.131206 0.447084
v -1.563871 2.219226 0.421247
v -1.477534 2.072506 0.427819
v -1.567346 2.218799 0.420000
v -1.461024 2.094970 0.474926
v -1.566653 2.219742 0.421977
v -1.444107 2.115605 0.466283
v -1.565185 2.219590 0.421834
v -1.464316 2.088107 0.408621
v -1.566033 2.218436 0.419413
v -1.435768 2.124033 0.420412
v -1.563906 2.218697 0.420177
v -1.472655 2.079678 0.454492
v -1.567312 2.219328 0.421070
v -1.565609 2.219013 0.420624
v -1.539805 2.173886 0.421254
v -1.533655 2.182254 0.438801
v -1.550295 2.173822 0.448654
v -1.556445 2.165454 0.431107
v -1.548814 2.168732 0.424214
v -1.541286 2.178975 0.445693
v -1.555234 2.168693 0.440984
v -1.534865 2.179014 0.428923
v -1.484985 2.151620 0.448421
v -1.520875 2.137194 0.467880
v -1.533291 2.120300 0.432456
v -1.516737 2.125621 0.418758
v -1.501539 2.146300 0.462119
v -1.531104 2.127131 0.452348
v -1.487172 2.144790 0.428529
v -1.497400 2.134727 0.412997
v -1.404236 2.082925 0.396291
v -1.387275 2.106004 0.444687
v -1.435195 2.045698 0.424895
v -1.418234 2.068777 0.473290
v -1.400854 2.089976 0.464410
v -1.421616 2.061726 0.405171
v -1.392287 2.098635 0.417284
v -1.430183 2.053067 0.452297
v -1.411235 2.075851 0.434791
v -1.346694 2.235277 0.365410
v -1.495071 2.299137 0.363057
v -1.345166 2.263038 0.412561
v -1.495007 2.300302 0.365036
v -1.366569 2.191610 0.391763
v -1.497938 2.298697 0.363409
v -1.365042 2.219372 0.438914
v -1.497874 2.299862 0.365388
v -1.354933 2.244315 0.431020
v -1.496433 2.300212 0.365434
v -1.356803 2.210333 0.373304
v -1.496512 2.298786 0.363012
v -1.343703 2.254049 0.386033
v -1.494718 2.299768 0.364007
v -1.368032 2.200599 0.418291
v -1.498227 2.299230 0.364438
v -1.496472 2.299499 0.364223
v -1.457480 2.265784 0.370975
v -1.456911 2.276125 0.388539
v -1.470981 2.262783 0.396850
v -1.471550 2.252442 0.379286
v -1.464579 2.257954 0.373163
v -1.463883 2.270612 0.394662
v -1.472842 2.256118 0.388999
v -1.455619 2.272449 0.378826
v -1.402619 2.263978 0.405989
v -1.433971 2.238698 0.421889
v -1.435120 2.217822 0.386431
v -1.419572 2.228123 0.374509
v -1.418167 2.253677 0.417911
v -1.438058 2.225427 0.405941
v -1.399681 2.256372 0.386479
v -1.403768 2.243102 0.370531
v -1.297329 2.225504 0.368695
v -1.295760 2.254025 0.417136
v -1.317749 2.180644 0.395769
v -1.316180 2.209165 0.444210
v -1.305794 2.234790 0.436100
v -1.307715 2.199879 0.376805
v -1.294257 2.244791 0.389883
v -1.319252 2.189878 0.423023
v -1.306754 2.217335 0.406453
v -1.243432 2.357648 0.329504
v -1.361598 2.446562 0.264462
v -1.256432 2.388297 0.372954
v -1.362144 2.447849 0.266285
v -1.280604 2.320426 0.344637
v -1.364374 2.446670 0.263555
v -1.293604 2.351075 0.388087
v -1.364919 2.447956 0.265379
v -1.276475 2.373119 0.385388
v -1.363592 2.448046 0.266036
v -1.260561 2.335603 0.332203
v -1.362925 2.446472 0.263804
v -1.245767 2.377142 0.349533
v -1.361560 2.447193 0.265475
v -1.291269 2.331580 0.368058
v -1.364957 2.447325 0.264366
v -1.363259 2.447259 0.264920
v -1.338073 2.407764 0.287471
v -1.342915 2.419181 0.303656
v -1.361474 2.409255 0.305106
v -1.356631 2.397838 0.288921
v -1.346810 2.401522 0.286383
v -1.352737 2.415497 0.306194
v -1.361132 2.402434 0.297176
v -1.338415 2.414585 0.295401
v -1.304446 2.398951 0.342522
v -1.343835 2.380991 0.343405
v -1.334059 2.357943 0.310730
v -1.313269 2.364341 0.306628
v -1.325236 2.392553 0.346624
v -1.343360 2.367455 0.327167
v -1.295145 2.389439 0.326086
v -1.294669 2.375903 0.309847
v -1.202933 2.339516 0.353467
v -1.216289 2.371004 0.398106
v -1.241122 2.301276 0.369015
v -1.254478 2.332763 0.413654
v -1.236880 2.355411 0.410881
v -1.220532 2.316869 0.356240
v -1.205333 2.359544 0.374044
v -1.252079 2.312736 0.393076
v -1.228706 2.336140 0.383560
v -1.331065 2.146339 0.055352
v -1.479443 2.210199 0.053000
v -1.329538 2.174100 0.102504
v -1.479379 2.211364 0.054979
v -1.350941 2.102673 0.081705
v -1.482310 2.209759 0.053352
v -1.349414 2.130434 0.128857
v -1.482246 2.210924 0.055331
v -1.339304 2.155377 0.120963
v -1.480805 2.211275 0.055376
v -1.341174 2.121396 0.063246
v -1.480884 2.209848 0.052954
v -1.328075 2.165112 0.075976
v -1.479089 2.210831 0.053950
v -1.352404 2.111661 0.108234
v -1.482599 2.210292 0.054381
v -1.480844 2.210561 0.054165
v -1.441852 2.176846 0.060917
v -1.441283 2.187187 0.078481
v -1.455353 2.173845 0.086792
v -1.455922 2.163504 0.069228
v -1.448951 2.169016 0.063105
v -1.448254 2.181675 0.084604
v -1.457214 2.167180 0.078941
v -1.439991 2.183511 0.068768
v -1.386991 2.175040 0.095932
v -1.418343 2.149760 0.111831
v -1.419492 2.128884 0.076374
v -1.403944 2.139185 0.064451
v -1.402538 2.164739 0.107854
v -1.422430 2.136490 0.095884
v -1.384053 2.167434 0.076421
v -1.388140 2.154164 0.060474
v -1.281701 2.136567 0.058637
v -1.280132 2.165087 0.107079
v -1.302121 2.091706 0.085711
v -1.300551 2.120227 0.134153
v -1.290166 2.145852 0.126043
v -1.292087 2.110941 0.066747
v -1.278629 2.155853 0.079825
v -1.303624 2.100940 0.112965
v -1.291126 2.128397 0.096395
v -1.197568 2.251404 0.009222
v -1.339520 2.327883 -0.000769
v -1.196040 2.279165 0.056373
v -1.339457 2.329048 0.001210
v -1.222481 2.209760 0.034547
v -1.342429 2.327695 -0.000564
v -1.220953 2.237521 0.081699
v -1.342365 2.328861 0.001415
v -1.208326 2.261453 0.074318
v -1.340904 2.329085 0.001534
v -1.210196 2.227471 0.016602
v -1.340982 2.327659 -0.000888
v -1.194013 2.269950 0.029960
v -1.339163 2.328487 0.000198
v -1.224508 2.218975 0.060960
v -1.342723 2.328257 0.000448
v -1.340943 2.328372 0.000323
v -1.305423 2.291435 0.009084
v -1.304854 2.301776 0.026648
v -1.320436 2.289747 0.034235
v -1.321005 2.279406 0.016671
v -1.313278 2.284262 0.010910
v -1.312581 2.296920 0.032409
v -1.322466 2.283229 0.026303
v -1.303393 2.297953 0.017016
v -1.252784 2.285053 0.046865
v -1.286984 2.262668 0.061152
v -1.288133 2.241792 0.025694
v -1.271162 2.250645 0.014578
v -1.269756 2.276199 0.057981
v -1.291390 2.249722 0.045024
v -1.249527 2.277123 0.027535
v -1.253932 2.264177 0.011407
v -1.149472 2.237402 0.015038
v -1.147902 2.265923 0.063479
v -1.175067 2.194619 0.041056
v -1.173497 2.223140 0.089498
v -1.160524 2.247726 0.081915
v -1.162445 2.212816 0.022620
v -1.145820 2.256455 0.036344
v -1.177149 2.204086 0.068192
v -1.161484 2.230271 0.052268
v -1.152057 2.608115 -0.837139
v -1.292094 2.595012 -0.814319
v -1.152219 2.566124 -0.813316
v -1.292101 2.593249 -0.813319
v -1.157195 2.584442 -0.878900
v -1.294407 2.594457 -0.815312
v -1.157357 2.542451 -0.855078
v -1.294413 2.592695 -0.814312
v -1.154806 2.549583 -0.831528
v -1.293258 2.592775 -0.813704
v -1.154608 2.600983 -0.860689
v -1.293249 2.594932 -0.814928
v -1.151562 2.589771 -0.820549
v -1.291839 2.594193 -0.813708
v -1.157851 2.560794 -0.871668
v -1.294669 2.593514 -0.814924
v -1.293254 2.593853 -0.814316
v -1.252273 2.592394 -0.834832
v -1.252334 2.576753 -0.825958
v -1.260682 2.568571 -0.840435
v -1.260622 2.584213 -0.849309
v -1.256441 2.590056 -0.843065
v -1.256515 2.570910 -0.832202
v -1.261588 2.575476 -0.846494
v -1.251368 2.585490 -0.828773
v -1.201916 2.566683 -0.824799
v -1.221714 2.550626 -0.853236
v -1.221592 2.582203 -0.871151
v -1.211680 2.593770 -0.858940
v -1.211829 2.555117 -0.837011
v -1.223871 2.564616 -0.865380
v -1.199638 2.584271 -0.830570
v -1.201795 2.598261 -0.842714
v -1.107672 2.609957 -0.834929
v -1.107838 2.566817 -0.810454
v -1.112951 2.585637 -0.877833
v -1.113117 2.542497 -0.853358
v -1.110496 2.549824 -0.829164
v -1.110293 2.602630 -0.859123
v -1.107164 2.591112 -0.817885
v -1.113625 2.561342 -0.870402
v -1.110394 2.576227 -0.844144
v -1.033568 2.680729 -0.552083
v -1.175700 2.702411 -0.478409
v -1.036895 2.633250 -0.525047
v -1.175840 2.700418 -0.477274
v -1.059732 2.658335 -0.594630
v -1.178610 2.702472 -0.478660
v -1.063059 2.610856 -0.567594
v -1.178750 2.700480 -0.477525
v -1.050350 2.616734 -0.543292
v -1.177310 2.700226 -0.477273
v -1.046277 2.674851 -0.576385
v -1.177140 2.702665 -0.478662
v -1.032300 2.659498 -0.533798
v -1.175444 2.701408 -0.477813
v -1.064326 2.632087 -0.585879
v -1.179006 2.701483 -0.478121
v -1.177225 2.701445 -0.477967
v -1.141831 2.690033 -0.514295
v -1.143070 2.672347 -0.504224
v -1.159001 2.666364 -0.516692
v -1.157762 2.684050 -0.526763
v -1.149658 2.689023 -0.521657
v -1.151175 2.667374 -0.509330
v -1.160167 2.674536 -0.523124
v -1.140666 2.681860 -0.507863
v -1.092671 2.647753 -0.520185
v -1.127515 2.636920 -0.543496
v -1.125013 2.672625 -0.563827
v -1.107311 2.682041 -0.554449
v -1.110373 2.638336 -0.529563
v -1.130168 2.653559 -0.556273
v -1.087516 2.666818 -0.527738
v -1.090169 2.683457 -0.540515
v -0.985892 2.670796 -0.565176
v -0.989310 2.622018 -0.537401
v -1.012771 2.647789 -0.608887
v -1.016189 2.599012 -0.581112
v -1.003133 2.605050 -0.556144
v -0.998949 2.664758 -0.590143
v -0.984590 2.648984 -0.546391
v -1.017492 2.620823 -0.599896
v -1.001041 2.634904 -0.573144
v -1.246902 2.288359 -0.586127
v -1.365188 2.322212 -0.578941
v -1.262381 2.254815 -0.566659
v -1.365838 2.320805 -0.578124
v -1.254733 2.270533 -0.623068
v -1.367125 2.322487 -0.580009
v -1.270212 2.236989 -0.603600
v -1.367775 2.321079 -0.579192
v -1.268031 2.242144 -0.582949
v -1.366879 2.320784 -0.578566
v -1.249084 2.283204 -0.606778
v -1.366084 2.322507 -0.579566
v -1.253764 2.273584 -0.572254
v -1.365296 2.321478 -0.578413
v -1.263350 2.251764 -0.617473
v -1.367667 2.321813 -0.579720
v -1.366482 2.321645 -0.579066
v -1.332295 2.307348 -0.593201
v -1.338061 2.294853 -0.585950
v -1.346027 2.290767 -0.599324
v -1.340261 2.303262 -0.606576
v -1.335632 2.306705 -0.600701
v -1.342690 2.291410 -0.591824
v -1.344036 2.296557 -0.604448
v -1.334286 2.301558 -0.588077
v -1.300968 2.270844 -0.580828
v -1.319331 2.263900 -0.607394
v -1.307691 2.289125 -0.622034
v -1.297205 2.295423 -0.610391
v -1.311454 2.264546 -0.592471
v -1.315568 2.275734 -0.617690
v -1.293091 2.284235 -0.585172
v -1.289328 2.296069 -0.595468
v -1.210984 2.275855 -0.580337
v -1.226886 2.241394 -0.560336
v -1.219029 2.257541 -0.618289
v -1.234931 2.223080 -0.598288
v -1.232690 2.228376 -0.577072
v -1.213225 2.270559 -0.601553
v -1.218033 2.260676 -0.566085
v -1.227881 2.238259 -0.612540
v -1.222957 2.249468 -0.589312
v -1.126611 2.388811 -0.494333
v -1.242190 2.407148 -0.492707
v -1.138076 2.355937 -0.475350
v -1.242671 2.405768 -0.491910
v -1.130515 2.370108 -0.529081
v -1.244005 2.407152 -0.493796
v -1.141980 2.337234 -0.510098
v -1.244486 2.405772 -0.492999
v -1.141313 2.342902 -0.490597
v -1.243633 2.405616 -0.492365
v -1.127278 2.383142 -0.513834
v -1.243044 2.407304 -0.493340
v -1.131906 2.374470 -0.480949
v -1.242228 2.406458 -0.492186
v -1.136685 2.351575 -0.523483
v -1.244449 2.406463 -0.493519
v -1.243338 2.406460 -0.492853
v -1.208951 2.396582 -0.504617
v -1.213222 2.384337 -0.497546
v -1.219740 2.379200 -0.510380
v -1.215469 2.391445 -0.517451
v -1.211732 2.395386 -0.511826
v -1.216960 2.380396 -0.503171
v -1.218335 2.384747 -0.515353
v -1.210357 2.391035 -0.499644
v -1.175720 2.366169 -0.490639
v -1.191194 2.356773 -0.516256
v -1.182572 2.381495 -0.530531
v -1.173869 2.388962 -0.519322
v -1.184423 2.358702 -0.501848
v -1.188616 2.368081 -0.526264
v -1.169675 2.379582 -0.494907
v -1.167098 2.390890 -0.504914
v -1.091564 2.381364 -0.487195
v -1.103343 2.347591 -0.467693
v -1.095575 2.362148 -0.522894
v -1.107354 2.328375 -0.503392
v -1.106668 2.334199 -0.483357
v -1.092250 2.375540 -0.507230
v -1.097004 2.366630 -0.473445
v -1.101914 2.343109 -0.517142
v -1.099459 2.354870 -0.495294
v -1.066472 2.463410 -0.379956
v -1.221526 2.507787 -0.370537
v -1.086763 2.419441 -0.354437
v -1.222377 2.505941 -0.369466
v -1.076738 2.440043 -0.428380
v -1.224065 2.508146 -0.371937
v -1.097028 2.396074 -0.402861
v -1.224916 2.506301 -0.370866
v -1.094169 2.402831 -0.375791
v -1.223742 2.505914 -0.370046
v -1.069332 2.456653 -0.407027
v -1.222700 2.508173 -0.371357
v -1.075468 2.444043 -0.361772
v -1.221667 2.506824 -0.369845
v -1.088033 2.415441 -0.421046
v -1.224775 2.507264 -0.371558
v -1.223221 2.507044 -0.370701
v -1.178408 2.488302 -0.389230
v -1.185967 2.471924 -0.379724
v -1.196408 2.466567 -0.397256
v -1.188850 2.482946 -0.406761
v -1.182782 2.487459 -0.399061
v -1.192034 2.467411 -0.387425
v -1.193798 2.474156 -0.403973
v -1.181018 2.480713 -0.382513
v -1.137344 2.440452 -0.373011
v -1.161414 2.431349 -0.407834
v -1.146156 2.464414 -0.427024
v -1.132411 2.472671 -0.411763
v -1.151088 2.432196 -0.388273
v -1.156482 2.446862 -0.421330
v -1.127018 2.458005 -0.378705
v -1.122086 2.473517 -0.392201
v -1.019389 2.447020 -0.372367
v -1.040235 2.401847 -0.346150
v -1.029935 2.423014 -0.422115
v -1.050781 2.377841 -0.395898
v -1.047843 2.384784 -0.368087
v -1.022327 2.440078 -0.400178
v -1.028630 2.427123 -0.353685
v -1.041539 2.397738 -0.414580
v -1.035085 2.412431 -0.384132
v -1.093815 2.577230 -0.707775
v -1.175689 2.600662 -0.702801
v -1.104529 2.554012 -0.694300
v -1.176139 2.599688 -0.702236
v -1.099236 2.564891 -0.733345
v -1.177030 2.600852 -0.703541
v -1.109950 2.541673 -0.719870
v -1.177480 2.599877 -0.702975
v -1.108440 2.545241 -0.705575
v -1.176859 2.599673 -0.702542
v -1.095325 2.573661 -0.722070
v -1.176309 2.600866 -0.703234
v -1.098565 2.567003 -0.698173
v -1.175764 2.600154 -0.702436
v -1.105200 2.551900 -0.729472
v -1.177405 2.600386 -0.703341
v -1.176584 2.600270 -0.702888
v -1.152922 2.590374 -0.712672
v -1.156913 2.581725 -0.707652
v -1.162426 2.578897 -0.716910
v -1.158435 2.587545 -0.721929
v -1.155231 2.589929 -0.717863
v -1.160116 2.579342 -0.711719
v -1.161048 2.582904 -0.720456
v -1.154299 2.586366 -0.709125
v -1.131238 2.565107 -0.704108
v -1.143948 2.560300 -0.722495
v -1.135891 2.577760 -0.732629
v -1.128633 2.582119 -0.724570
v -1.138496 2.560747 -0.712166
v -1.141343 2.568492 -0.729622
v -1.125786 2.574375 -0.707114
v -1.123181 2.582566 -0.714241
v -1.068953 2.568575 -0.703767
v -1.079961 2.544722 -0.689924
v -1.074522 2.555899 -0.730036
v -1.085529 2.532046 -0.716193
v -1.083978 2.535712 -0.701507
v -1.070504 2.564909 -0.718453
v -1.073833 2.558069 -0.693903
v -1.080650 2.542552 -0.726058
v -1.077241 2.550310 -0.709980
v 0.086748 0.796489 -0.019076
v 0.100474 1.044856 -0.391764
v -0.059427 0.788629 -0.059321
v 0.094339 1.044526 -0.393453
v 0.116304 0.673009 -0.102311
v 0.102599 1.045303 -0.399571
v -0.029871 0.665150 -0.142557
v 0.096464 1.044973 -0.401260
v -0.061026 0.726009 -0.105448
v 0.094714 1.044713 -0.397546
v 0.117903 0.735630 -0.056184
v 0.102224 1.045116 -0.395478
v 0.010349 0.806393 -0.029873
v 0.097168 1.044641 -0.391733
v 0.046528 0.655246 -0.131759
v 0.099770 1.045188 -0.401290
v 0.098469 1.044915 -0.396512
v 0.109191 0.932512 -0.306837
v 0.054740 0.929585 -0.321829
v 0.069252 0.896927 -0.368159
v 0.123703 0.899855 -0.353168
v 0.122547 0.916512 -0.328323
v 0.055896 0.912928 -0.346674
v 0.098103 0.894732 -0.365854
v 0.080340 0.934707 -0.309143
v -0.003654 0.839576 -0.200829
v 0.027059 0.780674 -0.300878
v 0.136983 0.786584 -0.270613
v 0.133942 0.816698 -0.217198
v -0.000612 0.809463 -0.254244
v 0.085462 0.777030 -0.296954
v 0.047867 0.849131 -0.174488
v 0.106270 0.845487 -0.170565
v 0.058328 0.736008 0.103795
v -0.091847 0.727933 0.062448
v 0.088692 0.609151 0.018283
v -0.061482 0.601076 -0.023064
v -0.093489 0.663600 0.015060
v 0.090335 0.673484 0.065671
v -0.020161 0.746183 0.092702
v 0.017007 0.590901 -0.011971
v -0.001577 0.668542 0.040365
v 0.004005 1.146361 0.002248
v -0.196013 1.408181 0.055340
v 0.028106 1.166124 0.110944
v -0.195001 1.409010 0.059902
v -0.080044 1.077437 0.033416
v -0.201645 1.410160 0.056229
v -0.055943 1.097201 0.142112
v -0.200634 1.410989 0.060791
v -0.011218 1.133877 0.138705
v -0.197704 1.410093 0.060858
v -0.040719 1.109685 0.005655
v -0.198942 1.409077 0.055274
v 0.025472 1.163964 0.053104
v -0.194876 1.408374 0.057522
v -0.077410 1.079597 0.091256
v -0.201770 1.410796 0.058610
v -0.198323 1.409585 0.058066
v -0.163955 1.308451 0.046925
v -0.154977 1.315813 0.087414
v -0.195009 1.302770 0.098662
v -0.203987 1.295408 0.058173
v -0.184977 1.301105 0.048013
v -0.173987 1.310116 0.097574
v -0.203983 1.297628 0.079677
v -0.154981 1.313593 0.065909
v -0.072789 1.229995 0.107115
v -0.157062 1.209986 0.129439
v -0.175186 1.195124 0.047700
v -0.135080 1.203464 0.027381
v -0.112895 1.221656 0.127434
v -0.175566 1.200314 0.091070
v -0.072409 1.224806 0.063745
v -0.090912 1.215133 0.025376
v 0.081893 1.077474 -0.004105
v 0.106654 1.097778 0.107564
v -0.004455 1.006665 0.027915
v 0.020305 1.026969 0.139584
v 0.066253 1.064648 0.136084
v 0.035945 1.039795 -0.000606
v 0.103947 1.095559 0.048142
v -0.001749 1.008884 0.087337
v 0.051099 1.052221 0.067739
v 0.292667 1.817270 -0.143549
v 0.403779 1.985130 -0.176659
v 0.292667 1.817270 -0.212671
v 0.403779 1.985130 -0.179561
v 0.350733 1.779770 -0.143549
v 0.407127 1.986681 -0.176659
v 0.350733 1.779770 -0.212671
v 0.407127 1.986681 -0.179561
v 0.321700 1.798520 -0.220415
v 0.405453 1.985906 -0.179886
v 0.321700 1.798520 -0.135805
v 0.405453 1.985906 -0.176334
v 0.286161 1.821471 -0.178110
v 0.403403 1.984957 -0.178110
v 0.357239 1.775569 -0.178110
v 0.407502 1.986854 -0.178110
v 0.405453 1.985906 -0.178110
v 0.389251 1.923603 -0.165236
v 0.389251 1.923603 -0.190984
v 0.415280 1.917926 -0.190984
v 0.415280 1.917926 -0.165236
v 0.402265 1.920765 -0.162351
v 0.402265 1.920765 -0.193869
v 0.418196 1.917290 -0.178110
v 0.386335 1.924239 -0.178110
v 0.348240 1.863876 -0.204100
v 0.402420 1.856513 -0.204100
v 0.402420 1.856513 -0.152120
v 0.375330 1.860194 -0.146296
v 0.375330 1.860194 -0.209924
v 0.408490 1.855688 -0.178110
v 0.342170 1.864700 -0.178110
v 0.348240 1.863876 -0.152120
v 0.249555 1.770410 -0.142603
v 0.249555 1.770410 -0.213617
v 0.309211 1.731884 -0.142603
v 0.309211 1.731884 -0.213617
v 0.279383 1.751147 -0.221573
v 0.279383 1.751147 -0.134647
v 0.242872 1.774726 -0.178110
v 0.315894 1.727568 -0.178110
v 0.279383 1.751147 -0.178110
v 0.002935 2.242237 -0.174103
v -0.097900 2.392748 -0.267901
v -0.060901 2.228989 -0.151136
v -0.100580 2.392192 -0.266937
v -0.008335 2.201600 -0.228871
v -0.099305 2.394040 -0.271059
v -0.072171 2.188352 -0.205904
v -0.101984 2.393484 -0.270095
v -0.073688 2.207186 -0.175947
v -0.101582 2.392776 -0.268408
v 0.004451 2.223403 -0.204059
v -0.098302 2.393456 -0.269588
v -0.027721 2.240166 -0.156484
v -0.099083 2.392325 -0.267065
v -0.041516 2.190423 -0.223523
v -0.100802 2.393906 -0.270931
v -0.099942 2.393116 -0.268998
v -0.070122 2.335674 -0.257994
v -0.093901 2.330739 -0.249440
v -0.101215 2.323424 -0.273989
v -0.077436 2.328359 -0.282544
v -0.071115 2.332570 -0.271228
v -0.100222 2.326529 -0.260756
v -0.090145 2.325072 -0.281017
v -0.081192 2.334026 -0.250967
v -0.080535 2.272513 -0.206400
v -0.096665 2.261646 -0.257503
v -0.048660 2.271609 -0.274774
v -0.035217 2.278158 -0.251157
v -0.093978 2.265964 -0.230017
v -0.074470 2.265410 -0.271864
v -0.054726 2.278712 -0.209311
v -0.032530 2.282476 -0.223671
v 0.027355 2.199447 -0.133755
v -0.038227 2.185836 -0.110160
v 0.015776 2.157697 -0.190021
v -0.049806 2.144087 -0.166426
v -0.051364 2.163437 -0.135650
v 0.028913 2.180097 -0.164531
v -0.004139 2.197319 -0.115654
v -0.018312 2.146215 -0.184527
v -0.011226 2.171767 -0.150091
v -0.119427 2.532489 -0.025666
v -0.126379 2.480593 -0.111783
v -0.195933 2.389049 0.106495
v -0.168124 2.468395 0.127158
v -0.185981 2.341096 -0.078901
v -0.154188 2.401248 -0.132446
v -0.136331 2.528547 0.073612
v -0.202886 2.337154 0.020378
v -0.194433 2.339125 -0.029262
v -0.122903 2.506541 -0.068725
v -0.199409 2.363102 0.063436
v -0.127879 2.530518 0.023973
v -0.152228 2.498471 0.100385
v -0.140284 2.440920 -0.122115
v -0.182029 2.428722 0.116826
v -0.170085 2.371172 -0.105674
vn -0.3627 0.0912 0.9274
vn -0.4046 0.3766 0.8334
vn -0.8845 0.2938 -0.3624
vn -0.0983 0.9629 -0.2514
vn 0.7774 0.5425 0.3185
vn 0.2801 0.6392 -0.7163
vn -0.3101 0.5246 -0.7929
vn 0.6049 0.3497 -0.7154
vn 0.5007 0.3635 0.7856
vn 0.4110 -0.0055 -0.9116
vn 0.9409 -0.0539 -0.3344
vn 0.2214 0.9335 0.2822
vn 0.7039 0.6491 -0.2884
vn 0.8707 -0.3918 -0.2974
vn -0.9208 0.0992 0.3772
vn 0.9234 -0.0648 0.3783
vn -0.4667 0.0985 -0.8789
vn -0.4073 0.1327 -0.9036
vn 0.3640 -0.0319 0.9308
vn -0.8980 0.2415 0.3679
vn -0.9107 0.2568 -0.3236
vn 0.9186 0.2370 -0.3161
vn 0.4154 0.1836 -0.8909
vn -0.8778 -0.3456 0.3318
vn -0.3172 -0.2709 0.9089
vn -0.2843 -0.4733 0.8337
vn -0.7619 -0.5918 0.2630
vn 0.7204 0.6605 -0.2116
vn -0.8245 0.5563 0.1032
vn 0.1367 -0.6526 0.7453
vn 0.0023 -0.9845 -0.1755
vn -0.9145 0.2094 -0.3461
vn 0.3798 -0.0000 0.9251
vn -0.9254 -0.0000 0.3791
vn 0.9405 -0.0000 -0.3397
vn -0.8076 -0.0000 -0.5898
vn 0.8515 -0.4283 0.3026
vn 0.9416 0.0385 0.3346
vn 0.8364 0.4373 0.3304
vn 0.3890 -0.3226 -0.8629
vn 0.4867 -0.3223 -0.8119
vn 0.3920 0.1235 -0.9116
vn -0.3983 0.2467 -0.8835
vn -0.3444 -0.2591 -0.9023
vn -0.3053 -0.1684 -0.9372
vn 0.8024 -0.5243 -0.2851
vn 0.9252 -0.1894 -0.3288
vn 0.8673 0.3696 -0.3335
vn -0.7035 0.6652 0.2500
vn -0.9109 0.3072 0.2754
vn -0.9079 -0.2754 0.3162
vn 0.4106 0.0453 0.9107
vn 0.3920 0.3007 0.8694
vn 0.3213 0.3170 0.8923
vn -0.7541 0.5996 -0.2680
vn -0.9470 0.0727 -0.3129
vn -0.8562 -0.3442 -0.3853
vn -0.3461 0.5395 0.7676
vn -0.3733 0.4183 0.8281
vn -0.4676 -0.0026 0.8840
vn -0.2317 0.3204 -0.9185
vn -0.4596 -0.4425 -0.7700
vn 0.1457 0.6391 -0.7552
vn 0.1877 -0.3086 0.9325
vn -0.8754 -0.3513 0.3321
vn 0.9191 0.2348 -0.3163
vn -0.9041 -0.2506 -0.3461
vn 0.4792 -0.0426 0.8767
vn 0.6757 0.3953 -0.6222
vn 0.4350 -0.1280 0.8913
vn 0.2892 -0.9552 0.0621
vn 0.7353 0.5922 0.3297
vn 0.5776 0.8085 -0.1123
vn -0.1721 -0.8375 0.5186
vn 0.5431 0.3797 0.7490
vn -0.3610 -0.9274 -0.0983
vn 0.2582 -0.3329 0.9069
vn 0.4262 -0.8801 0.2093
vn 0.6721 0.6724 0.3100
vn 0.3272 -0.4582 0.8264
vn 0.4026 -0.8516 -0.3356
vn 0.5622 -0.3152 -0.7646
vn 0.6310 0.7697 -0.0968
vn 0.3282 -0.6708 0.6651
vn -0.2564 -0.4691 0.8451
vn 0.4196 -0.0080 0.9077
vn -0.8390 -0.3913 -0.3781
vn 0.7888 0.4568 0.4113
vn 0.4040 -0.2410 -0.8824
vn 0.2355 -0.7995 -0.5526
vn 0.4620 0.4533 -0.7623
vn 0.0067 0.1980 0.9802
vn 0.8995 0.1907 -0.3931
vn 0.4888 -0.7699 -0.4102
vn 0.7151 -0.2695 -0.6450
vn 0.8656 0.4872 0.1151
vn 0.6631 0.3343 -0.6698
vn 0.4268 -0.0294 0.9039
vn 0.1001 -0.9710 0.2172
vn 0.4102 0.7912 0.4535
vn 0.5113 0.8369 -0.1955
vn -0.0219 -0.6327 0.7741
vn 0.4938 0.7400 0.4566
vn 0.0277 -0.9880 0.1520
vn -0.0680 -0.9869 0.1464
vn 0.9950 0.0046 -0.1000
vn -0.1250 -0.6223 0.7727
vn 0.9684 0.2327 0.0893
vn 0.1977 -0.6647 -0.7205
vn 0.4772 -0.3993 -0.7828
vn 0.6683 0.7426 -0.0430
vn 0.1638 -0.6700 0.7241
vn -0.4973 0.2718 0.8239
vn -0.7365 -0.6723 0.0749
vn -0.1901 0.9723 -0.1358
vn -0.6531 -0.3995 0.6433
vn 0.7328 -0.0142 0.6803
vn 0.6543 0.1422 -0.7427
vn 0.2967 -0.7724 -0.5616
vn 0.1556 -0.3807 -0.9115
vn 0.8013 -0.5828 -0.1347
vn -0.2516 -0.6758 -0.6928
vn 0.8307 -0.5540 0.0547
vn -0.0016 0.8663 -0.4995
vn 0.8948 -0.3012 -0.3296
vn -0.2022 0.2129 0.9559
vn 0.8113 0.0692 0.5806
vn 0.9629 -0.1134 0.2448
vn -0.2018 -0.8790 -0.4320
vn 0.9736 0.1976 0.1141
vn -0.0226 0.7479 0.6634
vn 0.7958 -0.3483 0.4954
vn 0.0663 -0.2099 -0.9755
vn 0.7921 -0.5917 0.1500
vn 0.0498 -0.3871 -0.9207
vn 0.0549 -0.2204 -0.9739
vn 0.9258 -0.1592 0.3428
vn 0.2836 0.9178 -0.2777
vn 0.9434 -0.1406 -0.3003
vn -0.4857 -0.8607 0.1527
vn 0.7495 -0.6569 -0.0818
vn -0.4062 -0.5569 0.7245
vn 0.8863 -0.3606 0.2905
vn 0.8810 -0.3324 0.3368
vn -0.5587 0.4008 0.7261
vn -0.3296 0.3569 0.8740
vn 0.6990 -0.6102 -0.3730
vn 0.7865 -0.5777 -0.2185
vn -0.7740 -0.1969 -0.6018
vn -0.6716 -0.3486 -0.6538
vn -0.7448 -0.6465 -0.1653
vn -0.7266 -0.6868 -0.0206
vn 0.9574 0.2216 -0.1849
vn 0.9920 0.0045 -0.1261
vn -0.4441 0.8713 -0.2087
vn -0.3186 0.8036 -0.5028
vn 0.7922 -0.6055 0.0766
vn 0.7609 -0.6424 0.0912
vn 0.6778 -0.7218 0.1399
vn 0.6676 -0.7386 0.0937
vn -0.4135 0.1191 -0.9027
vn 0.0829 -0.1486 -0.9854
vn 0.6083 -0.2549 0.7516
vn 0.6419 -0.3334 0.6905
vn -0.2285 0.6975 0.6791
vn 0.0995 0.8428 0.5289
vn -0.6239 -0.3265 0.7100
vn -0.4549 -0.4188 0.7860
vn 0.4536 -0.8898 -0.0498
vn 0.5528 -0.8200 -0.1485
vn -0.3179 0.9068 0.2768
vn 0.0378 0.9910 -0.1282
vn 0.8065 -0.2777 -0.5220
vn 0.8095 -0.2309 -0.5398
vn 0.7098 -0.7029 -0.0457
vn 0.4016 -0.9096 -0.1065
vn 0.7857 -0.6050 -0.1288
vn 0.8022 -0.5912 -0.0837
vn 0.8371 -0.5470 -0.0052
vn 0.3212 -0.6857 -0.6532
vn 0.9380 -0.3463 -0.0134
vn 0.7918 0.1189 -0.5991
vn -0.6793 -0.7338 0.0046
vn -0.2269 0.9526 -0.2029
vn 0.0983 -0.9861 0.1340
vn 0.1118 -0.9728 0.2028
vn 0.0278 -0.9921 0.1221
vn 0.6583 0.3397 -0.6717
vn 0.8744 0.3648 -0.3199
vn 0.5733 0.4049 -0.7123
vn -0.7677 -0.5961 0.2350
vn 0.3541 -0.9340 0.0485
vn -0.2495 -0.9650 -0.0808
vn 0.2602 -0.9242 0.2796
vn 0.7032 0.3735 -0.6050
vn -0.4032 -0.0216 -0.9149
vn -0.3973 -0.0320 -0.9171
vn 0.2861 0.5993 -0.7477
vn -0.8604 -0.3359 -0.3831
vn -0.9471 0.0687 -0.3134
vn 0.8652 0.3746 -0.3334
vn 0.9260 -0.1851 -0.3291
vn -0.9961 -0.0000 -0.0887
vn 0.9039 -0.0000 -0.4277
vn -0.1052 -0.2510 -0.9622
vn -0.9507 -0.0000 -0.3100
vn -0.9132 0.2466 -0.3245
vn -0.8406 -0.3884 -0.3775
vn 0.9414 -0.0427 -0.3346
vn 0.7258 -0.4293 0.5375
vn 0.7334 -0.4609 0.4996
vn 0.7575 -0.5571 0.3402
vn 0.9053 0.0500 0.4217
vn 0.7397 -0.4941 0.4569
vn 0.8807 0.1112 0.4605
vn 0.6391 -0.4080 -0.6520
vn 0.6152 -0.0580 0.7862
vn -0.3021 0.8120 0.4994
vn -0.3036 -0.0048 -0.9528
vn 0.2202 -0.6297 0.7449
vn 0.3711 0.9219 0.1111
vn 0.8935 0.3195 0.3156
vn -0.1219 -0.6046 0.7872
vn 0.0069 -0.6717 0.7408
vn 0.6017 0.7986 -0.0138
vn 0.8415 0.4922 -0.2229
vn -0.4469 0.1078 -0.8881
vn 0.4279 -0.4841 0.7632
vn 0.6734 0.6996 -0.2392
vn 0.2942 -0.6578 0.6934
vn -0.0453 -0.8540 0.5183
vn 0.6584 0.7475 -0.0883
vn -0.9087 -0.2718 0.3168
vn -0.9089 0.3144 0.2739
vn 0.8311 0.4478 0.3297
vn 0.9416 0.0370 0.3346
vn -0.8921 -0.3499 0.2860
vn -0.3184 -0.0000 0.9480
vn 0.6456 -0.0000 -0.7636
vn 0.4202 0.1730 -0.8908
vn 0.9342 0.1634 0.3172
vn -0.8958 0.2509 0.3670
vn 0.1988 0.5510 -0.8105
vn 0.9227 -0.0751 0.3780
vn -0.9518 0.1758 0.2515
vn 0.6005 0.7953 0.0829
vn -0.0752 -0.0000 0.9972
vn -0.3564 0.6325 -0.6877
vn 0.6860 -0.0000 -0.7276
vn -0.3560 -0.0564 -0.9328
vn 0.9159 -0.1051 -0.3875
vn 0.2338 0.1113 -0.9659
vn 0.9795 -0.1246 -0.1584
vn 0.9747 -0.1699 -0.1456
vn 0.9642 -0.2329 -0.1270
vn 0.8715 -0.0636 0.4863
vn 0.2565 0.1535 -0.9543
vn 0.8910 -0.2407 -0.3849
vn 0.2777 0.0094 -0.9606
vn -0.6672 -0.3931 0.6327
vn -0.5417 -0.5803 -0.6081
vn 0.1347 0.0422 -0.9900
vn 0.9569 -0.2382 -0.1663
vn 0.3502 0.6695 0.6551
vn 0.3727 0.5803 0.7241
vn 0.7050 -0.3214 -0.6322
vn 0.3141 -0.2841 -0.9059
vn 0.4038 -0.0152 0.9147
vn 0.5375 -0.3057 -0.7859
vn 0.5435 0.6500 0.5312
vn 0.6523 0.4499 0.6100
vn 0.7417 0.4606 0.4876
vn -0.1241 0.2906 -0.9488
vn 0.3157 0.3303 0.8895
vn 0.3909 0.3087 0.8671
vn 0.3904 0.1285 -0.9116
vn 0.4853 -0.3089 -0.8180
vn 0.3094 0.5654 0.7645
vn 0.8601 0.4574 -0.2258
vn -0.0492 0.9810 -0.1875
vn 0.7962 0.4615 0.3912
vn 0.4764 -0.0359 0.8785
vn -0.3116 -0.2799 0.9080
vn 0.3639 -0.0420 0.9305
vn 0.4110 0.0067 -0.9116
vn 0.3468 0.3057 0.8867
vn 0.3767 0.7426 -0.5537
vn -0.0327 -0.0000 0.9995
vn -0.3198 0.8079 0.4949
vn 0.4088 -0.2247 -0.8845
vn -0.4876 0.2878 0.8242
vn 0.6739 -0.7147 -0.1873
vn 0.6975 -0.6839 -0.2142
vn 0.6474 -0.7614 -0.0337
vn 0.3121 -0.6197 0.7201
vn 0.7280 -0.6379 -0.2514
vn 0.7070 -0.6532 -0.2710
vn 0.4324 -0.8358 -0.3383
vn -0.0293 0.3203 0.9469
vn -0.5554 -0.5676 -0.6077
vn -0.2586 0.6279 -0.7341
vn 0.0057 -0.8085 -0.5885
vn 0.4210 0.1217 0.8989
vn 0.4795 -0.7687 -0.4232
vn 0.3521 -0.1591 0.9223
vn 0.2776 -0.8149 -0.5088
vn 0.7068 0.6639 -0.2442
vn 0.4064 -0.8122 -0.4186
vn 0.3523 -0.1591 0.9223
vn 0.3647 -0.2240 0.9038
vn -0.9115 -0.2511 -0.3256
vn 0.9339 0.1646 0.3173
vn 0.2741 -0.3312 0.9029
vn -0.3861 -0.4910 -0.7809
vn -0.4694 0.0046 0.8830
vn -0.3703 0.4337 0.8215
vn -0.3107 -0.1592 -0.9371
vn -0.3477 -0.2506 -0.9035
vn 0.4319 -0.2333 0.8712
vn 0.2364 0.5573 -0.7960
vn -0.4080 0.1208 -0.9050
vn -0.1270 0.2906 -0.9484
vn -0.2770 0.6492 -0.7084
vn -0.2707 0.3687 0.8893
vn -0.3623 0.1012 0.9265
vn -0.9649 0.1214 0.2327
vn -0.4195 0.8857 0.1990
vn -0.3307 0.9437 0.0044
vn -0.8560 -0.1071 0.5058
vn -0.7192 0.5260 -0.4539
vn -0.7650 0.5871 0.2647
vn -0.9063 -0.3866 0.1709
vn -0.7290 0.0967 -0.6776
vn -0.9533 -0.2827 0.1060
vn -0.5962 0.7568 -0.2679
vn -0.5683 0.5669 -0.5964
vn -0.9172 -0.0750 0.3914
vn -0.8174 -0.2984 -0.4928
vn -0.8195 0.1622 -0.5496
vn -0.9101 -0.0267 -0.4136
vn -0.9959 0.0652 0.0621
vn -0.7593 0.6056 -0.2381
vn -0.7964 0.5822 0.1636
vn -0.8880 0.3742 0.2673
vn -0.9992 0.0056 -0.0391
vn -0.7638 0.5236 -0.3774
vn -0.9928 -0.0998 -0.0662
vn -0.9711 -0.0201 0.2376
vn -0.9852 0.0376 0.1670
vn -0.9805 -0.1899 -0.0507
vn -0.9116 0.1666 -0.3758
vn -0.8436 0.5262 0.1075
vn -0.8968 0.4350 0.0801
vn -0.8623 0.1854 -0.4712
vn 0.1849 0.7205 0.6683
vn -0.0158 -0.8493 -0.5276
vn 0.4402 0.3852 -0.8111
vn 0.0314 -0.3832 0.9231
vn 0.0623 -0.8793 0.4722
vn 0.3975 0.4654 -0.7908
vn 0.9278 0.3100 0.2075
vn 0.0860 -0.9341 -0.3464
vn 0.1385 -0.0021 -0.9904
vn -0.0083 -0.9935 -0.1138
vn -0.1025 0.1186 0.9876
vn 0.3746 0.8821 0.2857
vn 0.6140 0.7852 0.0804
vn 0.4097 0.0053 -0.9122
vn -0.2782 -0.9568 0.0845
vn 0.5162 -0.6575 0.5488
vn 0.9385 -0.3391 0.0651
vn -0.4534 0.8901 0.0464
vn 0.7112 -0.6220 0.3276
vn -0.6862 0.6749 0.2715
vn 0.9642 0.2090 -0.1632
vn -0.9034 -0.1185 0.4121
vn -0.6884 0.0995 -0.7184
vn -0.3595 0.9330 0.0190
vn -0.9493 -0.2949 0.1094
vn 0.9998 0.0055 0.0203
vn -0.8370 -0.2045 0.5075
vn -0.7635 0.3658 0.5323
vn 0.7655 -0.3528 0.5380
vn 0.4921 -0.3475 -0.7982
vn -0.5980 0.6951 -0.3990
vn 0.4041 -0.9093 -0.0997
vn -0.0834 0.9619 0.2606
vn 0.9253 0.2474 0.2875
vn 0.8280 -0.5087 0.2359
vn 0.6183 0.5387 -0.5723
vn 0.4262 0.0650 0.9023
vn -0.8027 0.2336 0.5488
vn -0.8174 -0.3145 0.4827
vn 0.9585 -0.1423 -0.2470
vn -0.5926 0.7899 -0.1576
vn 0.7613 -0.5823 0.2853
vn 0.9333 -0.3398 -0.1161
vn -0.3796 0.8579 -0.3462
vn -0.7885 0.0263 -0.6144
vn 0.8006 -0.4925 0.3413
vn 0.8356 0.3727 0.4036
vn -0.8537 -0.4912 0.1728
vn 0.7060 -0.6994 -0.1117
vn -0.2347 0.5065 0.8297
vn 0.7787 -0.4262 0.4604
vn -0.4012 0.8493 -0.3430
vn -0.5092 0.8008 -0.3154
vn 0.7916 -0.6005 -0.1133
vn 0.2040 -0.6822 -0.7022
vn 0.6793 -0.6142 -0.4017
vn -0.4813 0.8523 -0.2050
vn 0.9641 -0.0411 -0.2624
vn 0.8849 -0.3514 0.3059
vn -0.8759 -0.2788 0.3939
vn 0.9397 0.1016 0.3264
vn -0.7566 -0.1976 0.6233
vn -0.5681 0.7914 -0.2258
vn 0.8567 -0.4754 -0.2001
vn -0.6250 -0.2698 -0.7325
vn 0.7764 -0.5830 -0.2392
vn -0.9464 -0.2966 0.1277
vn -0.5097 0.7082 0.4885
vn 0.9734 -0.1711 0.1522
vn -0.8573 -0.1402 0.4954
vn -0.6974 0.0538 -0.7147
vn 0.7355 -0.4707 0.4873
vn -0.0549 -0.9879 0.1451
vn -0.7776 -0.0453 -0.6271
vn -0.7218 -0.1460 -0.6765
vn -0.9609 0.2325 0.1500
vn 0.6609 -0.3850 0.6443
vn -0.6225 0.0768 -0.7788
vn 0.6847 -0.7073 0.1760
vn -0.6954 0.6204 0.3627
vn -0.6136 0.6646 0.4263
vn 0.7292 -0.4425 0.5220
vn 0.1298 -0.9625 -0.2381
vn -0.6257 -0.0162 -0.7799
vn -0.5905 0.5865 0.5543
vn 0.1208 0.7129 0.6908
vn 0.6172 -0.2745 0.7373
vn 0.7808 0.5226 -0.3425
vn 0.6744 -0.7279 0.1237
vn -0.6674 0.5587 0.4923
vn 0.7371 -0.4792 0.4765
vn -0.4657 0.7555 -0.4607
vn -0.5592 -0.1060 -0.8222
vn 0.5523 -0.8330 -0.0312
vn -0.3777 0.9136 0.1503
vn 0.7884 -0.6082 0.0927
vn 0.1469 -0.6371 -0.7567
vn 0.7856 -0.2839 0.5498
vn -0.0391 0.2719 0.9615
vn -0.7572 0.5545 -0.3452
vn -0.8454 -0.3374 0.4140
vn 0.7148 -0.6587 -0.2350
vn 0.9728 -0.2217 0.0669
vn -0.5578 0.4576 0.6925
vn -0.8063 -0.1447 0.5735
vn -0.3986 -0.7847 0.4748
vn 0.7078 -0.7061 -0.0215
vn -0.3705 0.2791 -0.8859
vn -0.3537 -0.5557 -0.7524
vn 0.9063 -0.2408 -0.3474
vn 0.6836 -0.7024 -0.1982
vn -0.4794 0.7821 0.3981
vn -0.3911 0.8037 0.4484
vn 0.4748 0.1725 -0.8630
vn 0.8079 -0.2597 -0.5291
vn -0.7207 -0.5546 -0.4159
vn -0.3512 0.8125 0.4653
vn 0.4626 -0.8847 -0.0583
vn -0.1646 -0.0677 0.9840
vn -0.5737 0.3008 -0.7618
vn 0.5332 -0.7728 -0.3441
vn -0.6772 0.1678 -0.7164
vn -0.9102 -0.0969 -0.4027
vn 0.8280 0.0320 -0.5598
vn 0.7231 -0.3555 -0.5923
vn -0.6192 -0.2073 -0.7574
vn -0.6830 0.2874 -0.6715
vn 0.5708 -0.8038 -0.1676
vn -0.7709 -0.3168 0.5525
vn -0.4570 0.8168 0.3520
vn -0.7221 0.6709 -0.1686
vn 0.7326 -0.6618 0.1590
vn 0.9724 -0.1859 -0.1409
vn -0.3955 0.8967 0.1988
vn 0.8124 -0.5792 0.0664
vn -0.4336 0.8682 -0.2413
vn -0.0873 0.9953 0.0430
vn 0.9881 0.0600 -0.1418
vn -0.9086 -0.2700 0.3187
vn -0.8652 -0.0650 0.4973
vn -0.8669 -0.1566 -0.4732
vn 0.5715 -0.8168 0.0794
vn 0.9779 -0.1418 -0.1535
vn -0.9151 0.0769 0.3959
vn 0.7810 -0.6192 0.0820
vn -0.5045 -0.7742 -0.3821
vn -0.8611 -0.4797 -0.1686
vn 0.9602 0.2115 -0.1823
vn -0.7201 -0.5891 -0.3667
vn -0.7848 0.5111 0.3506
vn 0.6800 -0.7269 -0.0961
vn -0.9517 -0.2112 0.2227
vn -0.8804 -0.1560 -0.4479
vn 0.9699 -0.2020 -0.1362
vn -0.7526 0.0950 -0.6516
vn -0.0277 0.6571 0.7533
vn 0.9435 -0.1365 -0.3020
vn -0.8715 0.3299 -0.3628
vn 0.6486 0.1213 0.7514
vn 0.7652 -0.6317 -0.1245
vn -0.9996 0.0282 0.0016
vn 0.9611 -0.2521 0.1128
vn -0.6815 0.6547 0.3270
vn -0.4311 0.8027 0.4121
vn -0.2937 0.9554 -0.0305
vn 0.9562 -0.2668 0.1201
vn -0.6052 0.7527 0.2593
vn 0.9566 -0.2454 0.1574
vn -0.7602 0.1400 0.6344
vn 0.9575 -0.2637 0.1171
vn 0.9554 -0.2679 0.1245
vn 0.3148 0.1183 0.9417
vn -0.9783 0.2072 -0.0028
vn -0.9830 -0.1007 -0.1538
vn 0.9556 -0.2649 0.1293
vn -0.8452 -0.0994 -0.5251
vn 0.9631 -0.2440 0.1134
vn 0.9686 -0.2174 0.1207
vn -0.8367 0.0500 -0.5453
vn -0.4510 0.8921 0.0265
vn -0.7700 0.5665 0.2934
vn -0.1844 -0.2370 0.9539
vn 0.6786 -0.4752 -0.5601
vn 0.6491 -0.7571 0.0735
vn -0.8625 0.1155 -0.4926
vn -0.9135 0.3035 0.2710
vn 0.6793 -0.4953 -0.5416
vn 0.6830 -0.4668 -0.5618
vn 0.7087 -0.4889 -0.5087
vn -0.9222 0.3708 0.1098
vn -0.7123 0.6429 0.2814
vn 0.7019 -0.6402 0.3122
vn 0.7418 -0.5990 0.3014
vn -0.6247 0.2091 -0.7524
vn -0.8155 0.5219 0.2500
vn 0.7422 -0.5900 0.3179
vn -0.7893 0.0988 -0.6060
vn 0.6458 0.5374 -0.5424
vn -0.1205 0.0676 0.9904
vn 0.8735 -0.3279 0.3598
vn -0.7907 0.4982 -0.3558
vn 0.5013 0.8573 -0.1172
vn 0.6789 -0.4279 -0.5967
vn -0.1630 -0.8371 0.5222
vn -0.6669 0.7413 -0.0752
vn -0.8628 -0.0073 0.5055
vn 0.6743 -0.4954 -0.5476
vn 0.6609 -0.4777 -0.5789
vn 0.5599 -0.4914 -0.6671
vn -0.9029 -0.2533 0.3473
vn -0.9525 -0.2279 0.2021
vn 0.9363 -0.2039 0.2861
vn 0.8891 -0.2887 0.3552
vn -0.8059 -0.1767 -0.5650
vn -0.4690 0.8481 0.2467
vn 0.9448 -0.3243 0.0464
vn -0.5966 0.7907 0.1374
vn 0.2887 0.6719 0.6820
vn 0.0481 -0.4031 -0.9139
vn 0.6033 -0.7637 0.2297
vn -0.2920 -0.9102 0.2938
vn 0.9624 -0.1820 0.2018
vn -0.8951 -0.1155 -0.4305
vn -0.9347 0.0018 0.3555
vn -0.6019 0.3240 0.7299
vn 0.9359 -0.2528 0.2455
vn 0.2635 0.6435 -0.7187
vn 0.9691 -0.2434 0.0402
vn -0.4891 0.8600 0.1459
vn 0.9086 -0.0908 0.4077
vn 0.9673 -0.2265 0.1142
vn -0.0674 0.2368 0.9692
vn -0.8588 0.4902 0.1490
vn -0.6537 0.7363 0.1749
vn 0.9674 -0.2275 0.1113
vn -0.4914 -0.0283 -0.8705
vn 0.9928 -0.1039 0.0601
vn 0.9583 -0.2589 0.1213
vn -0.7000 0.2091 -0.6828
vn -0.1011 -0.6841 -0.7223
vn 0.2440 0.5297 -0.8123
vn -0.7094 0.0466 -0.7032
vn -0.2327 0.5800 -0.7807
vn 0.9638 -0.2557 -0.0757
vn 0.9108 -0.0451 0.4104
vn -0.9746 -0.1193 0.1893
vn -0.5107 0.2428 -0.8248
vn -0.8828 0.4515 -0.1294
vn 0.7146 -0.1630 -0.6802
vn -0.9203 0.3912 0.0010
vn -0.9440 0.1890 -0.2706
vn 0.8073 -0.2403 -0.5390
vn -0.9171 0.3972 0.0340
vn 0.7156 -0.6208 -0.3200
vn -0.8530 0.4484 -0.2671
vn -0.8834 0.4436 0.1512
vn -0.5707 0.8102 0.1339
vn 0.8785 -0.1364 0.4578
vn -0.5107 0.1898 -0.8386
vn -0.0082 -0.1625 0.9867
vn -0.7090 0.6307 0.3156
vn -0.8038 -0.2388 -0.5449
vn 0.5513 -0.3572 0.7540
vn -0.3018 -0.9330 0.1962
vn 0.2545 0.9608 0.1098
vn 0.4944 0.3031 0.8147
vn -0.5382 -0.4730 -0.6976
vn -0.9958 0.0909 0.0101
vn 0.0900 0.3924 0.9154
vn 0.2252 0.9637 0.1434
vn 0.6831 -0.7302 -0.0131
vn 0.3954 -0.8480 -0.3529
vn 0.6619 0.7193 0.2110
vn 0.1720 0.9628 -0.2082
vn -0.2472 -0.9445 -0.2164
vn -0.2547 0.2027 -0.9455
vn -0.6949 0.3405 0.6334
vn 0.9227 0.3531 0.1545
vn 0.1846 0.9827 -0.0133
vn 0.7244 0.3212 0.6100
vn -0.9253 0.2261 -0.3044
vn 0.4380 0.3357 -0.8340
vn 0.9720 -0.1213 -0.2012
vn 0.3013 0.9324 -0.1995
vn -0.6012 0.5983 0.5297
vn 0.2429 0.3978 -0.8847
vn 0.4402 -0.8455 -0.3022
vn 0.7970 0.3269 -0.5080
vn -0.6060 -0.7880 -0.1091
vn 0.8607 0.4027 -0.3116
vn 0.6478 -0.7539 -0.1097
vn 0.7003 -0.3948 0.5947
vn -0.9879 -0.1504 0.0375
vn 0.2364 0.9306 0.2795
vn 0.3576 0.8825 0.3056
vn -0.6195 -0.2706 0.7369
vn -0.1029 -0.6857 -0.7205
vn -0.6634 -0.6842 0.3029
vn 0.9464 0.2983 -0.1238
vn -0.8259 -0.3802 0.4163
vn -0.8892 -0.1730 0.4235
vn 0.2395 -0.5666 0.7884
vn 0.4116 0.8724 -0.2638
vn 0.3625 -0.4375 0.8229
vn -0.6736 0.7236 -0.1503
vn -0.0978 -0.1645 -0.9815
vn -0.2188 -0.9586 0.1821
vn -0.5704 0.6091 0.5511
vn 0.9133 0.1558 -0.3764
vn 0.8017 -0.5964 0.0406
vn -0.1362 -0.9390 -0.3157
vn -0.7056 0.3554 -0.6131
vn -0.0231 -0.4478 -0.8938
vn 0.7791 0.3070 -0.5466
vn 0.0019 -0.9976 0.0688
vn 0.0237 -0.1364 -0.9904
vn 0.9417 0.2583 0.2155
vn 0.5511 -0.5269 -0.6470
vn -0.0074 -0.9816 0.1908
vn 0.7472 -0.4672 0.4726
vn -0.9392 -0.2231 -0.2609
vn 0.6655 -0.7094 -0.2322
vn -0.9820 -0.1013 0.1596
vn -0.7531 0.6549 0.0628
vn -0.8942 -0.1303 0.4282
vn -0.9897 0.0630 0.1283
vn -0.4560 -0.2476 -0.8548
vn -0.9105 -0.0406 0.4114
vn 0.9637 0.1157 -0.2407
vn 0.8808 -0.1639 -0.4442
vn -0.6369 0.7663 0.0841
vn 0.9373 0.2089 -0.2789
vn -0.9899 0.1417 -0.0070
vn -0.8155 0.5587 0.1512
vn -0.9121 0.4064 -0.0543
vn 0.3666 0.7216 0.5873
vn 0.2885 -0.9571 0.0270
vn 0.3688 0.4872 -0.7916
vn 0.2270 0.9461 0.2309
vn 0.2051 0.4200 -0.8841
vn -0.0593 -0.5098 -0.8583
vn -0.3638 -0.8747 0.3201
vn -0.1733 0.6483 -0.7414
vn -0.2135 -0.3085 0.9269
vn 0.2191 0.4124 -0.8843
vn -0.0923 -0.5761 -0.8121
vn -0.5352 -0.0548 -0.8429
vn -0.0324 0.9717 -0.2341
vn -0.2528 0.1624 0.9538
vn -0.7386 -0.5177 -0.4318
vn -0.2282 0.3705 -0.9003
vn 0.1514 0.1266 -0.9803
vn -0.0310 0.3254 0.9451
vn -0.8103 0.0652 0.5824
vn -0.4299 0.8903 0.1503
vn -0.3255 -0.9307 -0.1666
vn -0.2659 -0.0331 -0.9634
vn -0.5263 0.6654 0.5294
vn 0.5578 0.8298 -0.0168
vn -0.7688 -0.6384 -0.0367
vn -0.5783 0.7812 -0.2353
vn -0.3295 -0.3527 0.8758
vn -0.0463 0.9918 0.1188
vn -0.3450 0.9022 0.2588
vn -0.1030 -0.6805 -0.7255
vn -0.1131 0.7904 -0.6021
vn -0.8430 -0.5371 0.0287
vn -0.2199 -0.3615 0.9061
vn -0.1956 -0.4834 -0.8533
vn 0.3653 0.4852 -0.7945
vn 0.2179 0.4138 -0.8839
vn -0.1464 0.9149 0.3761
vn 0.6680 -0.5514 -0.4997
vn 0.3923 -0.3961 0.8302
vn -0.7551 -0.1357 0.6415
vn -0.7268 -0.3212 -0.6071
vn 0.3604 -0.4379 0.8236
vn -0.6428 -0.2907 0.7088
vn -0.6045 0.0697 -0.7935
vn 0.5678 -0.6360 -0.5226
vn 0.7921 -0.6041 -0.0872
vn -0.0311 -0.2518 0.9673
vn -0.9292 0.2581 -0.2645
vn -0.5944 -0.2428 -0.7666
vn 0.9319 0.3364 -0.1357
vn -0.6668 0.1490 0.7302
vn 0.7087 -0.2707 0.6516
vn -0.5888 0.8081 -0.0171
vn 0.7789 -0.6255 0.0447
vn -0.9475 -0.0873 -0.3076
vn -0.6070 0.2381 0.7582
vn -0.1699 0.2044 -0.9640
vn -0.3987 0.9105 0.1098
vn 0.4993 0.7346 -0.4594
vn 0.6839 -0.2495 0.6856
vn -0.3142 -0.2334 0.9202
vn 0.9911 -0.0784 0.1072
vn 0.2820 0.6094 -0.7410
vn -0.5953 0.6513 0.4706
vn -0.2043 -0.2647 0.9424
vn 0.2976 0.9176 -0.2636
vn -0.2777 -0.6274 0.7275
vn 0.9467 -0.1560 0.2817
vn -0.6986 0.4520 0.5547
vn 0.2759 0.6524 -0.7058
vn -0.2903 -0.9516 0.1009
vn 0.9211 -0.3829 -0.0703
vn -0.7504 -0.1866 -0.6341
vn 0.9499 -0.3118 -0.0209
vn 0.2990 0.8721 -0.3874
vn -0.6215 -0.1634 -0.7662
vn -0.2432 -0.9378 -0.2478
vn 0.5594 -0.8251 -0.0796
vn -0.4211 0.5004 -0.7565
vn 0.4132 0.8755 -0.2503
vn -0.5673 -0.7933 -0.2209
vn -0.9619 -0.2727 -0.0198
vn 0.8731 0.4632 0.1520
vn 0.3146 -0.9064 -0.2819
vn -0.4073 0.6554 -0.6360
vn -0.8489 0.2021 0.4884
vn -0.5863 -0.7721 -0.2452
vn 0.4836 -0.8745 0.0370
vn 0.7620 0.1903 0.6190
vn -0.6741 0.5749 0.4638
vn -0.5832 -0.8060 0.1013
vn 0.5408 0.7838 0.3052
vn 0.5027 -0.8304 0.2404
vn -0.0796 -0.6235 -0.7778
vn 0.8556 -0.4800 0.1938
vn -0.9061 -0.4013 0.1339
vn -0.0506 0.2358 0.9705
vn -0.7949 -0.5991 0.0965
vn 0.9031 -0.3882 0.1835
vn 0.0995 -0.0901 -0.9909
vn -0.2413 -0.4817 0.8424
vn -0.3943 0.5516 -0.7351
vn -0.0225 -0.4462 -0.8947
vn 0.1586 0.8171 0.5542
vn 0.9926 -0.0084 0.1215
vn 0.1123 0.0263 -0.9933
vn 0.9966 -0.0801 0.0189
vn -0.5375 0.6895 -0.4854
vn 0.0631 0.5782 0.8134
vn -0.5361 0.8413 -0.0694
vn 0.9905 -0.1364 -0.0157
vn -0.1742 0.5393 -0.8239
vn -0.0887 0.2239 0.9706
vn -0.2917 0.9479 0.1284
vn -0.2670 0.2242 -0.9373
vn 0.5544 0.1864 -0.8111
vn 0.3106 -0.8638 0.3968
vn 0.2101 -0.9508 0.2276
vn -0.1324 0.3705 -0.9193
vn -0.9641 0.0550 -0.2599
vn 0.8295 -0.4089 -0.3805
vn -0.9641 0.0297 -0.2639
vn 0.8086 -0.5827 -0.0815
vn -0.1391 -0.8709 0.4713
vn 0.4991 0.4436 -0.7444
vn -0.5306 0.2655 -0.8050
vn -0.6594 -0.6948 0.2871
vn 0.6496 -0.7103 0.2712
vn 0.6303 0.4701 -0.6178
vn -0.1462 -0.9510 -0.2723
vn 0.9671 -0.2012 -0.1557
vn 0.2351 0.8164 -0.5275
vn -0.5287 0.2148 -0.8212
vn -0.2287 -0.8561 0.4634
vn -0.7469 0.5310 0.4001
vn 0.2636 0.9646 -0.0090
vn 0.9107 -0.1555 0.3828
vn 0.5655 0.7972 0.2112
vn 0.8667 -0.2247 0.4453
vn -0.6755 -0.6488 0.3504
vn -0.7571 0.5599 0.3364
vn -0.5864 -0.7800 0.2184
vn -0.1639 0.9580 -0.2354
vn -0.7418 0.6175 0.2614
vn 0.7920 -0.4852 0.3706
vn 0.9708 0.1320 -0.2003
vn -0.6457 0.7210 0.2514
vn 0.2173 0.7035 0.6767
vn 0.0296 -0.2137 -0.9764
vn 0.9575 -0.0192 -0.2877
vn -0.8478 0.3587 -0.3907
vn 0.4832 0.5043 0.7156
vn 0.0236 -0.2263 -0.9738
vn -0.2317 0.9348 0.2693
vn 0.7218 0.2935 0.6268
vn 0.7516 -0.3160 -0.5791
vn -0.5653 0.1446 -0.8121
vn 0.5360 -0.1985 0.8206
vn 0.7684 -0.3287 -0.5490
vn -0.1952 0.6155 -0.7636
vn -0.1211 0.9049 0.4081
vn 0.7282 -0.5496 0.4094
vn -0.8848 -0.4054 0.2296
vn -0.8867 0.3426 0.3106
vn 0.7052 0.7084 0.0281
vn -0.7584 0.3387 0.5568
vn 0.6671 0.0964 0.7387
vn 0.7134 -0.2596 -0.6509
vn -0.5735 0.1290 -0.8090
vn 0.6844 0.1550 0.7125
vn 0.8143 -0.2266 -0.5344
vn -0.6311 -0.0021 -0.7757
vn -0.7769 0.3400 0.5300
vn 0.7526 0.3384 -0.5649
vn -0.8653 -0.1482 0.4788
vn 0.1765 0.8034 0.5686
vn 0.2126 -0.4916 -0.8444
vn 0.9846 -0.1031 -0.1413
vn -0.8864 0.2409 0.3952
vn 0.0150 -0.1629 0.9865
vn -0.0033 0.3820 -0.9242
vn -0.7424 -0.2865 0.6056
vn 0.5259 0.5541 -0.6453
vn -0.7882 0.4993 -0.3599
vn 0.7876 -0.4553 0.4152
vn 0.5301 -0.3092 0.7895
vn -0.7537 -0.6045 -0.2578
vn -0.6749 0.2827 -0.6816
vn 0.5478 0.7714 0.3237
vn 0.6388 0.7616 -0.1086
vn 0.8141 -0.1769 0.5531
vn -0.6698 -0.7012 0.2442
vn -0.8532 0.2258 -0.4702
vn -0.2215 -0.8182 0.5305
vn -0.9071 0.0679 -0.4155
vn 0.2561 0.8402 -0.4780
vn 0.8684 -0.1347 0.4773
vn -0.2025 -0.9722 0.1174
vn 0.9718 -0.1424 -0.1881
vn 0.2222 0.8965 -0.3832
vn -0.9890 0.1442 0.0332
vn -0.6711 0.7278 -0.1413
vn -0.6230 -0.4807 0.6171
vn 0.6376 -0.7688 0.0497
vn 0.5904 0.3862 -0.7087
vn -0.8002 0.5997 -0.0012
vn 0.7303 -0.6665 -0.1498
vn -0.4334 -0.8849 0.1705
vn 0.5534 0.7545 -0.3529
vn 0.0771 -0.9771 0.1986
vn -0.0996 0.9242 -0.3687
vn -0.7573 0.6101 0.2328
vn 0.7559 -0.4577 -0.4681
vn -0.9854 -0.0588 0.1596
vn 0.9890 0.1229 -0.0818
vn -0.2420 -0.0784 -0.9671
vn -0.0241 0.4098 0.9118
vn -0.0606 -0.5427 -0.8377
vn 0.9677 0.1742 -0.1822
vn -0.9943 -0.0709 0.0800
vn 0.1060 0.7950 0.5973
vn -0.7382 0.2547 0.6246
vn -0.4054 -0.4494 -0.7961
vn 0.7153 -0.1619 -0.6798
vn 0.5850 0.6071 0.5377
vn -0.9946 0.0216 -0.1016
vn 0.0546 -0.2024 -0.9778
vn 0.0035 0.3914 0.9202
vn 0.9584 -0.0390 -0.2829
vn -0.9233 0.3759 -0.0794
vn 0.7539 -0.5892 0.2908
vn -0.1476 -0.6573 -0.7390
vn -0.0043 0.3860 0.9225
vn 0.0797 -0.1398 -0.9870
vn 0.6907 -0.6786 0.2497
vn -0.8933 0.4358 -0.1098
vn -0.1591 -0.1373 0.9777
vn -0.6679 0.6618 0.3405
vn -0.4038 -0.1944 -0.8939
vn 0.5073 -0.0676 0.8591
vn 0.5235 -0.7945 -0.3078
vn -0.7961 0.5852 0.1540
vn -0.1498 -0.1877 -0.9707
vn 0.6349 -0.7589 -0.1448
vn 0.2143 -0.0132 0.9767
vn -0.9532 -0.2970 0.0571
vn 0.9690 0.2062 -0.1364
vn 0.2566 -0.7167 -0.6485
vn -0.5839 0.6272 0.5154
vn 0.5470 -0.5324 -0.6460
vn -0.6086 0.5780 0.5437
vn 0.7232 0.6742 -0.1499
vn -0.5654 -0.7519 -0.3392
vn 0.8625 -0.4486 -0.2342
vn 0.3039 0.9161 -0.2616
vn -0.9155 0.3917 0.0918
vn -0.2837 -0.9588 0.0145
vn 0.3028 0.8141 -0.4956
vn -0.2948 -0.9430 0.1542
vn 0.8388 -0.4783 -0.2601
vn -0.9013 0.4176 0.1153
vn 0.2732 0.5586 -0.7832
vn -0.2362 -0.3615 0.9020
vn 0.8428 -0.0285 0.5375
vn -0.9116 0.1195 -0.3932
vn 0.9366 0.2690 0.2248
vn 0.3030 0.8910 -0.3380
vn -0.9769 -0.0872 -0.1953
vn -0.3039 -0.8093 0.5026
vn -0.7016 0.0627 -0.7098
vn 0.6829 0.4177 -0.5993
vn 0.6063 -0.0063 0.7952
vn -0.5620 -0.2836 0.7770
vn 0.7366 0.6739 0.0571
vn -0.9339 -0.3475 -0.0834
vn 0.7242 -0.1673 0.6690
vn -0.7572 0.3542 -0.5488
vn 0.4130 -0.9053 0.0994
vn -0.6738 0.7310 -0.1081
vn -0.3654 0.5088 0.7795
vn -0.1056 -0.4394 -0.8920
vn 0.1327 -0.9843 -0.1161
vn -0.2187 -0.3825 0.8977
vn -0.2452 0.9686 0.0411
vn 0.1301 -0.2733 -0.9531
vn 0.4904 -0.8020 -0.3410
vn 0.3573 -0.4389 0.8244
vn -0.5718 0.7391 0.3560
vn -0.4961 0.2512 -0.8312
vn 0.7279 0.3518 0.5886
vn -0.5530 0.6721 0.4924
vn -0.7279 -0.3505 -0.5893
vn 0.4394 -0.8318 -0.3392
vn -0.3642 -0.0000 -0.9313
vn -0.7940 0.5590 0.2390
vn 0.2034 -0.0000 -0.9791
vn 0.3642 -0.0000 0.9313
vn 0.9254 -0.0000 0.3791
vn -0.9025 0.3646 0.2291
vn -0.7347 0.4151 -0.5366
vn 0.9375 0.0800 -0.3386
vn 0.3707 0.5639 0.7379
vn 0.8697 0.4896 0.0623
vn 0.4788 0.2756 -0.8335
vn 0.7754 0.5140 -0.3669
vn -0.3068 0.5329 0.7886
vn -0.1560 -0.3068 0.9389
vn 0.4598 0.1831 0.8690
vn -0.3641 -0.0245 -0.9310
vn -0.3611 0.1305 -0.9234
vn 0.5465 0.5325 -0.6464
vn 0.9279 -0.0779 0.3646
vn 0.0943 -0.9863 0.1355
vn -0.0279 0.5197 0.8539
vn -0.8429 0.4308 -0.3224
vn -0.6885 0.5226 -0.5028
vn -0.0643 0.5186 0.8526
vn 0.7147 0.5091 -0.4796
vn 0.9099 -0.1209 0.3969
vn -0.0622 -0.1806 -0.9816
vn 0.4130 0.2756 0.8680
vn 0.4025 0.2367 -0.8843
vn -0.7829 0.5330 0.3208
vn 0.6491 -0.7573 -0.0723
vn -0.0670 -0.4524 0.8893
vn -0.5641 -0.5635 0.6036
vn -0.1858 0.9073 0.3773
vn -0.9019 0.4243 -0.0803
vn -0.9633 0.0939 0.2515
vn 0.3149 -0.2625 -0.9121
vn -0.8999 -0.4279 -0.0836
vn -0.0000 -1.0000 -0.0000
vn -0.7644 0.3271 -0.5556
vn -0.2103 -0.9771 0.0316
vn 0.1698 0.9605 0.2203
vn 0.0935 0.7727 0.6279
vn 0.5413 -0.5993 -0.5897
vn 0.7368 0.3323 0.5888
vn 0.2811 0.0581 0.9579
vn -0.2961 0.9451 -0.1379
vn -0.8606 -0.4986 -0.1040
vn -0.3258 -0.1758 -0.9289
vn -0.5254 -0.3049 0.7944
vn -0.2278 0.9674 -0.1109
vn -0.3313 0.5104 -0.7936
vn 0.8662 -0.4644 0.1845
vn -0.0911 0.9690 0.2297
vn 0.3402 -0.1743 0.9241
vn -0.3330 0.7172 -0.6121
vn 0.2764 0.3770 -0.8840
vn -0.1380 -0.9570 -0.2553
vn -0.4016 0.7648 -0.5038
vn 0.5602 -0.6833 0.4682
vn 0.7706 0.5032 0.3910
vn -0.9092 -0.4046 -0.0982
vn -0.7450 -0.1130 0.6575
vn 0.9293 -0.0224 0.3687
vn -0.0441 0.2739 0.9608
vn 0.5344 0.6506 0.5396
vn -0.0642 0.9706 0.2318
vn -0.5345 -0.3037 0.7887
vn -0.4447 -0.4219 -0.7901
vn 0.1863 -0.9210 -0.3422
vn 0.3036 0.3302 0.8937
vn 0.9261 -0.1440 -0.3486
vn 0.1533 -0.9781 -0.1407
vn 0.8339 -0.5499 0.0476
vn -0.9448 -0.2991 0.1336
vn -0.9680 -0.1991 0.1528
vn 0.5090 0.8448 -0.1652
vn 0.8500 -0.3429 -0.3999
vn 0.8374 0.4501 -0.3101
vn 0.2074 -0.9779 0.0262
vn -0.7918 0.3921 0.4683
vn -0.9277 0.3517 0.1250
vn 0.1084 -0.9871 -0.1181
vn -0.3057 -0.9518 0.0246
vn 0.9780 0.2039 0.0439
vn 0.6563 0.7523 0.0574
vn 0.9144 0.0918 -0.3943
vn 0.1318 -0.9853 -0.1084
vn -0.1957 0.9485 -0.2491
vn 0.2109 0.9773 -0.0197
vn 0.2126 -0.9735 0.0840
vn -0.2926 -0.8435 0.4504
vn 0.0236 -0.9786 -0.2043
vn -0.0834 -0.9866 -0.1401
vn 0.3224 0.9029 -0.2844
vn 0.7704 -0.3086 0.5579
vn 0.8452 0.5191 0.1272
vn 0.6240 0.4388 -0.6466
vn -0.4046 0.6493 0.6440
vn 0.1179 -0.9837 0.1357
vn -0.8546 0.4878 -0.1780
vn -0.7412 -0.3163 -0.5920
vn 0.2272 -0.9691 0.0961
vn 0.2470 -0.9021 -0.3538
vn 0.1651 0.8993 0.4049
vn 0.8336 0.3233 0.4479
vn 0.0387 -0.9466 -0.3200
vn -0.8149 -0.4330 -0.3852
vn -0.2742 0.9398 0.2041
vn 0.7962 -0.5905 0.1316
vn -0.8986 0.4233 -0.1153
vn 0.3438 0.3017 0.8893
vn -0.0695 -0.9724 -0.2227
vn 0.2725 -0.2725 0.9228
vn 0.0993 -0.9672 0.2338
vn 0.3522 0.8953 0.2726
vn -0.0974 -0.3049 -0.9474
vn 0.3595 0.9165 -0.1755
vn 0.0853 0.4540 -0.8869
vn -0.9094 -0.3725 0.1852
vn 0.2891 -0.9552 0.0626
vn -0.4277 0.6679 -0.6091
vn 0.7088 0.2957 -0.6405
vn -0.1020 0.7645 -0.6365
vn -0.0483 -0.9718 0.2308
vn -0.9386 0.2918 -0.1839
vn 0.8697 -0.2933 -0.3970
vn 0.4589 0.3668 -0.8092
vn 0.0979 0.9625 -0.2528
vn -0.1352 -0.9868 0.0896
vn -0.6052 0.3684 0.7058
vn -0.2966 0.9549 -0.0134
vn 0.8419 0.3686 -0.3942
vn -0.2333 -0.9722 -0.0176
vn 0.2137 0.9638 -0.1592
vn 0.4700 -0.1785 0.8644
vn -0.5411 -0.7986 0.2634
vn -0.1059 0.9715 0.2120
vn 0.9840 0.1718 0.0471
vn -0.6182 -0.7753 0.1290
vn -0.7676 0.6253 0.1404
vn -0.1477 0.9839 0.1007
vn 0.2485 -0.9656 0.0765
vn 0.2952 -0.9410 0.1654
vn -0.1400 0.9791 -0.1476
vn -0.8816 -0.3362 -0.3314
vn 0.4988 0.8578 0.1243
vn -0.1304 0.9900 0.0537
vn -0.8968 -0.3910 0.2070
vn -0.8337 0.5073 0.2179
vn 0.7565 -0.5318 -0.3806
vn -0.4958 -0.7993 0.3397
vn 0.9642 -0.2406 -0.1120
vn 0.8878 0.4470 -0.1093
vn -0.3316 0.9031 0.2731
vn -0.1770 -0.9637 0.2000
vn -0.3260 0.9003 0.2883
vn 0.4291 0.8981 -0.0967
vn -0.8651 -0.1311 0.4841
vn -0.9651 -0.1797 -0.1902
vn 0.5159 0.8459 0.1350
vn -0.4743 0.8755 -0.0925
vn -0.1342 -0.9908 -0.0168
vn -0.9494 0.2525 -0.1869
vn 0.1859 -0.9811 0.0532
vn 0.9319 0.2803 0.2303
vn 0.9554 -0.1807 0.2337
vn 0.2914 0.9485 -0.1244
vn -0.2682 -0.9633 -0.0128
vn 0.9305 0.2781 -0.2385
vn -0.4181 0.9082 0.0191
vn 0.1448 -0.9854 -0.0891
vn -0.9591 0.2513 0.1302
vn 0.9274 -0.2914 -0.2347
vn -0.9560 -0.2652 0.1254
vn -0.8424 0.3341 0.4227
vn -0.1463 0.8992 -0.4123
vn -0.1717 -0.9333 -0.3153
vn -0.8448 -0.3245 0.4255
vn 0.0522 -0.9829 -0.1766
vn -0.2025 0.9634 0.1757
vn 0.4638 -0.3449 -0.8161
vn -0.6084 -0.3569 0.7089
vn 0.2018 -0.9775 -0.0622
vn -0.0979 0.9739 0.2046
vn -0.5466 0.5458 0.6350
vn -0.3448 -0.8076 0.4784
vn 0.5028 0.8006 -0.3258
vn 0.7774 0.2608 -0.5724
vn -0.6069 -0.3296 0.7232
vn 0.6347 -0.6215 -0.4592
vn -0.5375 0.6321 0.5581
vn 0.7145 0.6002 -0.3596
vn 0.2472 0.9671 -0.0597
vn -0.3100 -0.9243 0.2228
vn 0.1989 -0.9607 -0.1938
vn -0.2030 0.9416 0.2686
vn -0.6633 -0.4164 0.6218
vn 0.6824 -0.5640 -0.4651
vn -0.3600 -0.3378 -0.8696
vn 0.2524 0.9439 0.2131
vn -0.0684 -0.9458 -0.3176
vn 0.5130 -0.3287 0.7930
vn 0.8772 0.3540 0.3244
vn -0.8132 0.4527 -0.3658
vn 0.8689 -0.3330 0.3663
vn -0.3267 -0.9422 -0.0748
vn 0.2222 0.9622 -0.1577
vn -0.1512 -0.9869 0.0555
vn 0.8049 0.3479 -0.4807
vn -0.2618 0.9570 0.1247
vn 0.1281 -0.9865 -0.1020
vn -0.8247 0.3431 0.4496
vn 0.8038 -0.3573 -0.4757
vn -0.8219 -0.3580 0.4431
vn -0.1401 -0.3438 -0.9285
vn 0.2652 -0.9270 0.2651
vn 0.2533 0.9320 0.2592
vn -0.1430 0.3421 -0.9287
vn -0.1140 0.8752 -0.4701
vn 0.2399 -0.9311 0.2747
vn 0.5267 0.3374 0.7803
vn -0.3634 0.2520 -0.8969
vn 0.1455 -0.3162 0.9375
vn -0.1153 -0.3187 -0.9408
vn 0.1447 0.3270 0.9339
vn -0.0138 -0.9836 -0.1796
vn 0.0503 0.9553 0.2915
vn -0.1165 0.3232 -0.9391
vn 0.0353 -0.9826 0.1822
vn -0.0329 0.9530 -0.3013
vn -0.6292 -0.3410 0.6984
vn 0.6069 -0.3419 -0.7175
vn -0.6327 0.2853 0.7200
vn 0.0744 -0.9854 -0.1534
vn -0.2532 0.9344 0.2506
vn 0.6135 0.2896 -0.7347
vn -0.1492 -0.9838 0.0993
vn 0.1720 0.9487 -0.2654
vn 0.3281 -0.8883 0.3213
vn -0.8184 0.5601 -0.1285
vn 0.8431 0.4269 -0.3271
vn 0.1304 0.9265 -0.3530
vn 0.8765 -0.4704 0.1018
vn -0.0889 0.9592 -0.2683
vn -0.9248 -0.3656 0.1057
vn -0.3682 -0.8884 0.2741
vn 0.4875 -0.3259 -0.8100
vn -0.4488 0.4746 0.7572
vn -0.5269 -0.3020 0.7944
vn -0.1146 0.9684 0.2215
vn 0.5049 0.3067 -0.8069
vn -0.2001 -0.9640 0.1752
vn 0.1901 0.9357 -0.2973
vn 0.1791 -0.9027 -0.3912
vn 0.0951 0.3194 0.9428
vn -0.0432 0.5447 -0.8375
vn -0.0202 0.8917 -0.4522
vn 0.0173 -0.9375 0.3474
vn -0.0491 -0.9266 -0.3728
vn 0.0385 0.9419 0.3337
vn 0.0742 -0.6221 0.7794
vn -0.0715 -0.2645 -0.9617
vn 0.2462 -0.9689 0.0233
vn -0.2183 -0.9555 -0.1984
vn -0.2365 0.9695 -0.0642
vn 0.6202 -0.7631 0.1817
vn -0.8027 0.4345 -0.4084
vn -0.7846 -0.4373 -0.4395
vn 0.9211 -0.0347 0.3877
vn 0.5084 0.8119 0.2871
vn -0.0083 0.5334 -0.8458
vn -0.3503 -0.6994 -0.6230
vn -0.2921 0.2277 0.9289
vn -0.0875 0.8194 0.5665
vn -0.3430 -0.6941 -0.6329
vn -0.4688 -0.4929 0.7330
vn -0.1375 -0.1099 -0.9844
vn 0.0093 0.6283 -0.7779
vn -0.1045 -0.0305 -0.9941
vn -0.0865 0.8119 0.5774
vn 0.0441 0.9919 -0.1192
vn -0.4872 -0.8705 0.0697
vn -0.4666 -0.5043 0.7266
vn 0.0490 0.9903 -0.1298
vn -0.4979 -0.8556 0.1416
vn -0.2926 0.2286 0.9285
vn -0.9668 -0.2223 0.1261
vn -0.6844 0.6486 -0.3332
vn -0.9901 -0.0425 -0.1335
vn -0.8405 0.5410 -0.0287
vn -0.9984 -0.0108 -0.0562
vn -0.4764 0.8332 -0.2807
vn -0.7836 0.6079 -0.1284
vn -0.7985 0.3542 -0.4867
vn -0.9547 0.2625 -0.1401
vn -0.4015 0.9153 0.0337
vn -0.3929 0.0214 -0.9193
vn -0.7476 0.1872 0.6372
vn -0.9158 0.3914 -0.0899
vn -0.9019 0.3421 -0.2636
vn -0.8512 0.4768 -0.2193
vn -0.8679 0.4470 -0.2165
vn -0.8019 0.5912 0.0867
vn -0.9795 0.1056 0.1716
vn -0.8699 0.2734 0.4106
vn -0.7419 0.6557 0.1399
vn -0.7088 0.5126 -0.4845
vn -0.8195 0.5454 -0.1762
vn -0.7042 0.7083 -0.0503
vn -0.7254 0.6491 -0.2290
vn -0.7199 0.4645 -0.5158
vn -0.9499 0.3101 0.0388
vn -0.7445 0.3681 0.5571
vn -0.6296 0.7568 0.1758
vn -0.7653 0.6307 0.1282
vn -0.8851 0.4369 -0.1602
vn -0.9126 0.3948 -0.1065
vn -0.6544 0.1340 -0.7442
vn -0.8516 -0.4976 -0.1645
vn -0.4951 0.8647 -0.0843
vn -0.7490 0.2929 0.5943
vn -0.7849 -0.3355 -0.5210
vn -0.6074 0.7173 0.3413
vn -0.8349 -0.2805 0.4736
vn -0.3782 0.5217 -0.7648
vn -0.4535 0.8900 -0.0469
vn -0.9050 -0.1714 0.3893
vn -0.8850 -0.4236 0.1934
vn -0.4897 0.5056 -0.7104
vn -0.7946 0.2972 0.5294
vn -0.8208 -0.2815 -0.4970
vn -0.6935 0.1124 -0.7116
vn -0.6588 0.6873 0.3061
vn -0.5295 0.1800 0.8290
vn -0.8301 0.1762 -0.5291
vn -0.1267 0.3414 0.9313
vn -0.7829 -0.0998 -0.6141
vn -0.9821 -0.0503 0.1815
vn -0.8086 0.3566 -0.4680
vn -0.7659 0.5315 -0.3618
vn -0.9730 0.1450 0.1795
vn -0.8672 -0.0735 -0.4925
vn -0.3457 0.6720 0.6549
vn -0.1924 0.4763 0.8580
vn -0.9417 -0.1624 -0.2946
vn -0.9804 0.1595 -0.1153
vn -0.9605 0.2526 -0.1166
vn -0.9342 0.1698 -0.3137
vn -0.7331 0.4067 0.5451
vn -0.6900 0.1710 0.7033
vn -0.7733 0.6196 0.1347
vn -0.9856 -0.0585 -0.1585
vn -0.8003 0.5551 -0.2267
vn -0.8424 0.5273 0.1111
vn -0.7832 0.5547 -0.2809
vn -0.8866 0.1039 -0.4507
vn -0.6665 0.6038 -0.4373
vn -0.9999 0.0065 0.0133
vn -0.5978 0.7945 -0.1070
vn -0.6978 0.4960 -0.5168
vn -0.7115 0.7027 -0.0082
vn -0.8349 0.3461 -0.4280
vn -0.8081 0.4753 0.3480
vn -0.7561 0.6519 0.0579
vn -0.8810 0.3564 0.3113
vn -0.7367 0.6611 0.1419
vn -0.8148 0.3576 0.4564
vn -0.7415 0.5163 0.4285
vn -0.9389 0.3415 -0.0428
vn -0.8026 0.5783 0.1461
vn -0.9384 0.2200 0.2664
vn -0.7588 0.6512 0.0102
vn -0.9559 0.1445 0.2555
vn -0.8236 0.5444 0.1591
vn -0.8950 0.4319 -0.1115
vn -0.9542 0.2768 -0.1132
vn -0.9477 0.2875 -0.1384
vn -0.9589 0.1997 -0.2017
vn -0.7016 0.4757 0.5306
vn -0.7299 0.4734 0.4931
vn -0.6186 0.7148 -0.3261
vn -0.6710 0.6615 -0.3348
vn -0.7202 0.3357 0.6071
vn -0.5667 0.6258 0.5360
vn -0.6499 0.6674 -0.3636
vn -0.9012 0.4092 0.1425
vn -0.8348 0.2916 -0.4670
vn -0.9963 0.0636 -0.0585
vn -0.9306 0.3643 -0.0371
vn -0.9357 0.1562 -0.3163
vn -0.9205 0.2851 0.2671
vn -0.8621 -0.2216 -0.4557
vn -0.6164 -0.7872 -0.0184
vn -0.7735 0.6307 0.0621
vn -0.8528 0.5118 -0.1038
vn -0.8047 0.4342 -0.4049
vn -0.8290 -0.0902 -0.5519
vn -0.8092 0.5714 0.1367
vn -0.9106 0.2737 0.3096
vn -0.7026 0.6968 0.1440
vn -0.7765 0.6297 0.0243
vn -0.7619 0.6449 0.0600
vn -0.8146 0.4448 -0.3722
vn -0.8277 0.5230 -0.2035
vn -0.7671 0.6336 0.1002
vn -0.7317 0.6759 0.0882
vn -0.9420 0.2420 0.2324
vn -0.9468 0.2066 0.2468
vn -0.7805 0.4387 -0.4453
vn -0.7781 0.4126 -0.4737
vn -0.7747 0.6061 -0.1803
vn -0.7510 0.6603 -0.0079
vn -0.8704 0.3708 0.3240
vn -0.8801 0.3328 0.3386
vn -0.7731 0.6147 0.1561
vn -0.7573 0.6397 0.1315
vn -0.7812 0.6186 -0.0836
vn -0.7884 0.6039 -0.1174
vn -0.7795 0.6161 0.1130
vn -0.7387 0.6740 -0.0006
vn -0.5840 0.6969 -0.4163
vn -0.7643 0.6233 -0.1651
vn -0.8548 0.1698 -0.4904
vn -0.7199 0.4310 -0.5441
vn -0.8028 0.4032 -0.4393
vn -0.8044 0.4800 -0.3499
vn -0.8058 0.4998 -0.3178
vn -0.7923 0.3165 -0.5216
vn -0.9292 0.2344 -0.2858
vn -0.9085 0.2340 0.3463
vn -0.9054 0.2655 0.3314
vn -0.9409 0.1945 0.2771
vn -0.9818 0.1240 0.1436
vn -0.8798 0.3167 0.3546
vn -0.9547 0.0802 0.2867
vn -0.7238 0.6798 0.1181
vn -0.7251 0.6693 0.1618
vn -0.7607 0.6367 0.1265
vn -0.7800 0.6102 0.1384
vn -0.8143 0.5704 0.1077
vn -0.7269 0.6867 0.0131
vn -0.6937 0.6373 -0.3355
vn 0.0887 0.9832 -0.1593
vn -0.2364 0.5574 -0.7958
vn -0.7875 -0.6038 -0.1237
vn -0.4717 0.8781 -0.0801
vn -0.8082 0.2818 0.5170
vn -0.9295 -0.0801 -0.3601
vn -0.6693 0.6824 0.2938
vn -0.7179 -0.3915 0.5756
vn -0.4922 0.4982 -0.7139
vn -0.3136 0.9441 -0.1013
vn -0.6273 -0.4028 0.6665
vn -0.8691 -0.4898 -0.0685
vn -0.0795 0.3115 -0.9469
vn -0.8051 0.3123 0.5044
vn -0.8520 -0.3018 -0.4278
vn -0.6221 0.4337 -0.6518
vn -0.6663 0.7028 0.2494
vn -0.5135 0.0212 0.8578
vn -0.7986 0.2319 -0.5553
vn -0.4705 0.5071 0.7221
vn -0.6972 0.6899 0.1947
vn -0.9042 0.1302 -0.4067
vn -0.9495 -0.1884 -0.2511
vn -0.8699 0.4439 -0.2150
vn -0.9976 0.0679 -0.0144
vn -0.9570 -0.2356 0.1690
vn -0.1799 0.0238 0.9834
vn -0.0160 0.2588 0.9658
vn -0.9102 0.3973 -0.1174
vn -0.7786 0.6115 0.1406
vn -0.7396 0.6725 0.0269
vn -0.8063 0.5346 -0.2532
vn -0.8050 0.4862 -0.3400
vn -0.8703 0.4863 0.0779
vn -0.8268 0.5030 -0.2516
vn -0.7713 0.6353 0.0374
vn -0.8654 0.3985 -0.3037
vn -0.7899 0.5896 0.1687
vn -0.8678 0.3396 -0.3627
vn -0.8382 0.5400 0.0763
vn -0.8658 -0.0188 -0.5000
vn -0.7922 0.5961 -0.1305
vn -0.7672 0.6348 -0.0922
vn -0.7839 0.4625 -0.4142
vn -0.7158 0.4961 -0.4914
vn -0.7840 0.6132 -0.0963
vn -0.7744 0.6064 -0.1805
vn -0.7797 0.4287 -0.4564
vn -0.8337 0.2751 -0.4788
vn -0.7651 0.6270 -0.1466
vn -0.8073 0.3890 -0.4438
vn -0.7821 0.6223 0.0339
vn -0.6323 0.7409 0.2266
vn -0.8859 0.2968 0.3566
vn -0.8786 0.3923 0.2723
vn -0.7896 0.6066 0.0923
vn -0.7481 0.6580 0.0865
vn -0.9074 0.2457 0.3408
vn -0.7665 0.6254 0.1457
vn -0.8844 0.3136 0.3455
vn -0.7528 0.6298 0.1914
vn -0.9038 0.2799 0.3238
vn -0.7867 0.5916 0.1765
vn -0.8709 0.3711 0.3222
vn -0.7882 0.5983 0.1441
vn -0.9488 0.3129 -0.0441
vn -0.9361 0.2736 0.2208
vn -0.7671 0.6336 0.1006
vn -0.7674 0.6277 0.1306
vn -0.8866 0.1700 0.4302
vn -0.9441 0.2278 0.2383
vn -0.7766 0.6214 0.1035
vn -0.8009 0.5894 0.1063
vn -0.9636 0.0334 0.2653
vn -0.7151 0.6824 0.1514
vn -0.9258 0.2351 0.2961
vn -0.9519 0.2845 -0.1138
vn -0.9157 0.3610 -0.1764
vn -0.8589 0.5092 -0.0548
vn -0.9605 0.2596 -0.1001
vn -0.9599 0.2604 -0.1039
vn -0.9517 0.2720 -0.1421
vn -0.9497 0.2942 -0.1076
vn -0.9740 0.2252 0.0243
vn -0.7130 0.4811 0.5101
vn -0.6922 0.4642 0.5526
vn -0.6797 0.4948 0.5414
vn -0.7471 0.4146 0.5196
vn -0.6147 0.5764 -0.5385
vn -0.7496 0.5897 -0.3005
vn -0.6119 0.7676 -0.1905
vn -0.7472 0.6099 -0.2641
vn -0.5487 0.4684 0.6925
vn -0.6476 0.5095 0.5666
vn -0.6478 0.5158 0.5607
vn -0.7400 0.4022 0.5391
vn -0.6125 0.5109 -0.6031
vn -0.9028 0.4294 -0.0246
vn -0.9522 0.2802 -0.1219
vn -0.9263 0.1981 -0.3206
vn -0.9665 0.1692 -0.1928
vn -0.9891 0.0767 -0.1259
vn -0.9344 0.3312 -0.1311
vn -0.9255 0.0544 -0.3749
vn -0.9909 0.1344 0.0017
vn -0.9656 0.2341 -0.1134
vn -0.9652 0.2408 -0.1018
vn -0.9304 0.2744 -0.2429
vn 0.9537 0.0132 -0.3005
vn -0.1721 -0.7211 -0.6711
vn -0.8022 -0.3546 0.4802
vn 0.2698 0.3762 0.8864
vn 0.9253 -0.3744 -0.0597
vn 0.7683 -0.5622 0.3061
vn 0.7684 -0.5620 0.3061
vn 0.9374 -0.1558 0.3115
vn -0.1191 0.2412 0.9631
vn 0.2161 -0.5996 -0.7706
vn -0.9350 0.3460 0.0781
vn 0.7684 -0.5620 0.3062
vn 0.1824 -0.5663 -0.8037
vn -0.8141 -0.5691 0.1161
vn 0.9663 0.2420 0.0880
vn 0.9660 -0.0747 0.2474
vn -0.9399 -0.3397 -0.0358
vn 0.2517 -0.6649 -0.7033
vn -0.1128 0.2860 0.9516
vn 0.3040 0.2846 0.9092
vn -0.9271 -0.1070 0.3593
vn -0.1665 -0.6894 -0.7049
vn 0.9547 -0.2798 -0.1009
vn 0.8660 -0.4993 0.0260
vn -0.2552 -0.5461 -0.7979
vn -0.9612 0.2327 0.1480
vn 0.2157 0.3016 0.9287
vn -0.2009 0.4394 0.8756
vn 0.1621 -0.6712 -0.7233
vn -0.9734 0.0109 -0.2287
vn 0.8776 -0.2897 0.3821
vn 0.1300 0.8525 -0.5062
vn 0.1299 0.8525 -0.5062
vn -0.9471 0.1262 -0.2952
vn 0.2368 0.4222 0.8750
vn -0.2418 -0.4534 -0.8579
vn -0.1873 0.5364 0.8229
vn 0.8276 -0.3560 0.4341
vn 0.0052 0.7458 0.6662
vn -0.5373 0.6151 -0.5770
vn 0.2422 -0.4643 -0.8519
vn 0.9784 0.0109 0.2067
vn 0.9565 0.2366 -0.1706
vn 0.9565 0.2365 -0.1706
vn 0.9647 -0.2035 -0.1670
vn -0.0548 -0.1978 -0.9787
vn 0.3031 0.4924 0.8159
vn -0.9741 0.0188 -0.2251
vn 0.9565 0.2366 -0.1705
vn 0.9565 0.2367 -0.1706
vn 0.2551 0.4744 0.8426
vn -0.5240 0.8253 -0.2105
vn 0.8133 -0.5802 0.0431
vn 0.9520 -0.2883 -0.1026
vn -0.7457 0.6605 -0.0872
vn 0.3696 0.5389 0.7569
vn -0.0671 -0.2416 -0.9681
vn 0.3104 -0.3920 -0.8660
vn -0.7602 0.4324 -0.4849
vn -0.0063 0.7148 0.6993
vn 0.9648 -0.0871 0.2480
vn 0.9820 0.1473 0.1180
vn -0.1538 0.6155 0.7730
vn -0.9467 0.1325 -0.2937
vn 0.2259 -0.3759 -0.8987
vn -0.2152 -0.3507 -0.9114
vn 0.2865 0.5779 0.7641
vn -0.9328 0.3500 0.0854
vn 0.9689 -0.0582 -0.2403
vn -0.2660 -0.8319 0.4869
vn -0.9604 0.2343 0.1506
vn 0.1934 -0.4949 -0.8471
vn -0.1841 0.5254 0.8307
vn -0.2458 -0.4450 -0.8611
vn 0.8695 0.2435 0.4298
vn 0.2297 0.6196 -0.7506
vn -0.5980 -0.4589 -0.6571
vn -0.0076 -0.8675 0.4974
vn 0.9962 -0.0257 0.0827
vn 0.9078 -0.3957 -0.1389
vn 0.9078 -0.3956 -0.1390
vn 0.8759 -0.3781 0.2997
vn -0.3001 -0.9317 0.2047
vn 0.5296 0.7054 -0.4712
vn -0.9937 0.0057 -0.1115
vn 0.9078 -0.3957 -0.1390
vn 0.9079 -0.3956 -0.1389
vn 0.4877 0.7430 -0.4583
vn -0.4800 -0.1133 -0.8699
vn 0.7436 -0.1252 0.6568
vn 0.8708 -0.3095 0.3819
vn -0.6810 0.0639 -0.7295
vn 0.5845 0.6310 -0.5101
vn -0.3135 -0.9169 0.2469
vn 0.0617 -0.8996 0.4324
vn -0.8091 -0.3112 -0.4985
vn 0.2235 0.6555 -0.7214
vn 0.9837 0.0212 0.1783
vn 0.9917 -0.1177 -0.0515
vn 0.0888 0.7648 -0.6381
vn -0.9726 -0.0714 -0.2211
vn -0.0262 -0.9124 0.4085
vn -0.4537 -0.8237 0.3401
vn 0.5094 0.6558 -0.5572
vn -0.8505 0.2862 -0.4413
vn 0.8763 -0.4556 0.1566
vn -0.2207 0.5650 0.7950
vn -0.8727 0.3600 -0.3297
vn -0.0565 -0.8505 0.5230
vn 0.0646 0.8312 -0.5522
vn -0.4803 -0.7643 0.4303
vn 0.8388 -0.5430 0.0400
vn -0.3861 -0.5961 0.7039
vn -0.6654 0.6786 0.3112
vn 0.5171 0.7802 -0.3520
vn 0.8526 -0.3006 0.4274
vn 0.7874 0.0952 0.6090
vn 0.7876 0.0951 0.6088
vn 0.9756 0.0526 0.2131
vn 0.1552 0.9584 -0.2394
vn -0.0318 -0.7960 0.6045
vn -0.8587 0.3211 -0.3995
vn 0.7876 0.0951 0.6087
vn 0.7876 0.0952 0.6087
vn -0.0711 -0.8192 0.5690
vn -0.7860 0.3321 0.5214
vn 0.9675 -0.1735 -0.1842
vn 0.9909 -0.0174 0.1333
vn -0.9339 0.2174 0.2837
vn 0.0165 -0.7401 0.6723
vn 0.1608 0.9453 -0.2838
vn 0.5506 0.7938 -0.2584
vn -0.8030 0.5933 0.0556
vn -0.3879 -0.6305 0.6723
vn 0.8755 -0.3488 0.3344
vn 0.8110 -0.2012 0.5494
vn -0.4895 -0.6976 0.5232
vn -0.8721 0.3962 -0.2873
vn 0.4718 0.8359 -0.2804
vn 0.0649 0.8943 -0.4427
vn -0.0754 -0.7356 0.6732
vn -0.9968 0.0379 -0.0699
vn 0.9289 0.1374 0.3439
vn 0.0408 -0.5287 -0.8478
vn -0.9823 -0.0340 -0.1840
vn 0.4850 0.7777 -0.4000
vn -0.4871 -0.7596 0.4310
vn 0.0697 0.8393 -0.5392
vn 0.8514 -0.3857 -0.3555
vn -0.3341 -0.9330 0.1335
vn -0.6621 0.2610 0.7025
vn 0.4799 0.8416 0.2476
vn 0.8810 -0.4636 0.0940
vn 0.8173 -0.2943 0.4954
vn 0.8173 -0.2944 0.4954
vn 0.9844 -0.0518 0.1682
vn 0.1210 0.8797 0.4599
vn 0.0186 -0.9964 -0.0833
vn -0.8860 0.4599 -0.0594
vn 0.8174 -0.2943 0.4953
vn -0.0220 -0.9920 -0.1241
vn -0.7635 -0.1430 0.6298
vn 0.9595 0.0452 -0.2779
vn 0.9969 -0.0497 0.0617
vn -0.9216 -0.0772 0.3804
vn 0.0693 -0.9976 0.0033
vn 0.1244 0.8999 0.4179
vn 0.5182 0.7910 0.3253
vn -0.8116 0.3611 0.4593
vn -0.3368 -0.9375 0.0871
vn 0.8999 -0.4361 -0.0079
vn 0.8439 -0.4735 0.2522
vn -0.4449 -0.8932 -0.0659
vn -0.8949 0.4400 0.0745
vn 0.4375 0.8328 0.3392
vn 0.0211 0.9631 0.2683
vn -0.0225 -0.9997 0.0093
vn -0.9998 0.0222 -0.0007
vn 0.9430 -0.0786 0.3233
vn 0.0061 0.1757 -0.9844
vn -0.9899 0.0458 -0.1340
vn 0.4454 0.8701 0.2111
vn -0.4461 -0.8775 -0.1759
vn 0.0219 0.9869 0.1597
vn 0.9070 -0.0757 0.4143
vn 0.1711 0.9768 -0.1285
vn -0.6594 0.0905 -0.7464
vn 0.0246 -0.9702 -0.2410
vn 0.9992 -0.0247 -0.0305
vn 0.8868 -0.1439 -0.4392
vn 0.8868 -0.1438 -0.4392
vn 0.8937 -0.4351 -0.1092
vn -0.2932 -0.8299 -0.4747
vn 0.4955 0.8616 0.1100
vn -0.9995 0.0302 -0.0042
vn 0.8869 -0.1437 -0.4391
vn 0.4554 0.8779 0.1483
vn -0.5559 0.4931 -0.6692
vn 0.7966 -0.5051 0.3320
vn 0.8968 -0.4424 -0.0023
vn -0.7415 0.5140 -0.4312
vn 0.5457 0.8375 0.0266
vn -0.3027 -0.8490 -0.4332
vn 0.0876 -0.9451 -0.3149
vn -0.8537 0.0772 -0.5149
vn 0.1680 0.9824 -0.0823
vn 0.9958 -0.0573 0.0715
vn 0.9817 0.0012 -0.1903
vn 0.0425 0.9971 0.0630
vn -0.9891 0.0510 -0.1378
vn -0.0023 -0.9423 -0.3346
vn -0.4330 -0.8530 -0.2915
vn 0.4671 0.8840 0.0153
vn -0.8821 0.4674 -0.0580
vn 0.8806 -0.3924 -0.2657
vn -0.1426 -0.1508 0.9782
vn -0.8935 0.4428 0.0749
vn -0.0216 -0.9780 -0.2073
vn 0.0268 0.9847 0.1723
vn -0.4508 -0.8735 -0.1837
vn 0.9492 0.3116 -0.0432
vn 0.0420 -0.1745 -0.9838
vn -0.7425 -0.6697 0.0144
vn 0.1104 -0.2147 0.9704
vn 0.9861 -0.1420 -0.0860
vn 0.8445 -0.5320 0.0616
vn 0.8446 -0.5318 0.0616
vn 0.9209 -0.1967 0.3366
vn -0.2451 -0.4151 0.8762
vn 0.4015 0.0292 -0.9154
vn -0.9908 0.1074 0.0820
vn 0.8447 -0.5317 0.0617
vn 0.3642 0.0713 -0.9286
vn -0.6785 -0.6161 -0.4001
vn 0.8810 0.2545 0.3989
vn 0.9364 -0.0906 0.3391
vn -0.8383 -0.3594 -0.4099
vn 0.4448 -0.0586 -0.8937
vn -0.2477 -0.3722 0.8945
vn 0.1616 -0.2960 0.9414
vn -0.9078 -0.4176 0.0398
vn 0.0433 -0.1284 -0.9908
vn 0.9976 -0.0393 -0.0574
vn 0.9485 -0.2994 -0.1031
vn -0.0665 0.0296 -0.9973
vn -0.9975 -0.0271 0.0655
vn 0.0704 -0.3055 0.9496
vn -0.3605 -0.2167 0.9072
vn 0.3607 -0.0623 -0.9306
vn -0.9313 0.0284 -0.3631
vn 0.8860 -0.3519 0.3021
vn -0.0172 0.9919 0.1256
vn -0.9253 0.1624 -0.3428
vn 0.0692 -0.1758 0.9820
vn -0.0687 0.1404 -0.9877
vn -0.3640 -0.1071 0.9252
vn 0.8207 -0.4873 0.2981
vn -0.2050 0.1853 0.9611
vn -0.5662 0.7995 -0.2005
vn 0.4188 0.1676 -0.8925
vn 0.9299 -0.0484 0.3646
vn 0.9129 0.3580 0.1961
vn 0.9129 0.3579 0.1961
vn 0.9983 0.0082 -0.0571
vn 0.0962 0.4346 -0.8955
vn 0.1133 -0.0852 0.9899
vn -0.9288 0.0833 -0.3610
vn 0.9128 0.3580 0.1964
vn 0.9128 0.3581 0.1962
vn 0.0665 -0.1190 0.9907
vn -0.6333 0.7440 0.2132
vn 0.8923 -0.4281 -0.1431
vn 0.9934 -0.0988 -0.0587
vn -0.8353 0.5231 0.1691
vn 0.1770 -0.0079 0.9842
vn 0.0907 0.3926 -0.9152
vn 0.4742 0.2381 -0.8476
vn -0.7625 0.5834 -0.2798
vn -0.2146 0.1400 0.9666
vn 0.9291 -0.1520 0.3370
vn 0.9197 0.1137 0.3757
vn -0.3498 0.0062 0.9368
vn -0.9141 0.2169 -0.3426
vn 0.3927 0.2648 -0.8807
vn -0.0413 0.2615 -0.9643
vn 0.0881 0.0128 0.9960
vn -0.9835 0.1595 0.0853
vn 0.9854 0.1680 -0.0288
vn -0.1700 -0.9727 -0.1582
vn -0.9977 0.0264 0.0631
vn 0.3760 0.1370 -0.9164
vn -0.3703 -0.1022 0.9233
vn -0.0605 0.1542 -0.9862
vn 0.7354 -0.6741 -0.0694
vn -0.2928 -0.4478 0.8448
vn -0.4661 0.8112 0.3531
vn 0.5285 0.6400 -0.5577
vn 0.8756 -0.4010 0.2694
vn 0.9140 0.0158 0.4055
vn 0.9140 0.0158 0.4054
vn 0.9952 -0.0974 -0.0122
vn 0.2336 0.8886 -0.3947
vn -0.0053 -0.7151 0.6990
vn -0.8718 0.4249 -0.2439
vn 0.9140 0.0160 0.4053
vn 0.9140 0.0159 0.4054
vn -0.0547 -0.7345 0.6764
vn -0.5834 0.5134 0.6293
vn 0.8605 -0.3565 -0.3640
vn 0.9808 -0.1764 -0.0832
vn -0.7984 0.4035 0.4470
vn 0.0653 -0.6620 0.7466
vn 0.2267 0.8704 -0.4371
vn 0.5848 0.6566 -0.4764
vn -0.6711 0.7266 0.1473
vn -0.3070 -0.4843 0.8193
vn 0.8686 -0.4613 0.1811
vn 0.8789 -0.2845 0.3830
vn -0.4495 -0.5470 0.7062
vn -0.8472 0.5118 -0.1427
vn 0.5102 0.7094 -0.4863
vn 0.0896 0.8215 -0.5631
vn -0.0221 -0.6416 0.7667
vn -0.9685 0.2038 0.1430
vn 0.9936 0.0067 0.1129
vn -0.2383 -0.6083 -0.7571
vn -0.9920 0.1196 0.0393
vn 0.4861 0.6383 -0.5969
vn -0.4781 -0.6172 0.6249
vn 0.0634 0.7573 -0.6500
vn 0.9813 0.0822 0.1741
vn 0.1363 0.5110 -0.8487
vn -0.8239 -0.3630 -0.4352
vn -0.0385 -0.8148 0.5784
vn 0.9602 -0.2282 -0.1609
vn 0.7497 -0.5841 -0.3112
vn 0.7495 -0.5842 -0.3115
vn 0.8375 -0.5338 0.1172
vn -0.4041 -0.8342 0.3752
vn 0.5094 0.5492 -0.6625
vn -0.9691 0.2064 0.1348
vn 0.7495 -0.5843 -0.3110
vn 0.7493 -0.5844 -0.3114
vn 0.4802 0.5954 -0.6441
vn -0.7035 -0.0633 -0.7079
vn 0.8529 -0.2375 0.4650
vn 0.8670 -0.4608 0.1899
vn -0.8241 0.1601 -0.5434
vn 0.5374 0.4627 -0.7051
vn -0.4030 -0.8144 0.4175
vn 0.0041 -0.8646 0.5025
vn -0.9547 -0.1651 -0.2475
vn 0.1447 0.5491 -0.8231
vn 0.9822 -0.1740 -0.0710
vn 0.9037 -0.3251 -0.2787
vn 0.0594 0.6891 -0.7222
vn -0.9922 0.1200 0.0327
vn -0.0877 -0.8602 0.5024
vn -0.4940 -0.6884 0.5310
vn 0.4586 0.4997 -0.7349
vn -0.8677 0.4301 -0.2493
vn 0.7859 -0.6182 -0.0121
vn 0.1045 0.6460 0.7562
vn -0.8457 0.5136 -0.1448
vn -0.0750 -0.7864 0.6131
vn 0.0713 0.7642 -0.6411
vn -0.4845 -0.6194 0.6177
vn 0.9095 -0.0084 -0.4156
vn -0.2041 -0.8433 -0.4972
vn -0.7173 -0.2857 0.6355
vn 0.3475 0.5504 0.7591
vn 0.9335 -0.3430 -0.1050
vn 0.8321 -0.4623 0.3064
vn 0.8318 -0.4627 0.3065
vn 0.9751 -0.0564 0.2143
vn -0.0207 0.4180 0.9082
vn 0.1615 -0.7284 -0.6658
vn -0.9391 0.3183 0.1294
vn 0.8321 -0.4624 0.3064
vn 0.8320 -0.4625 0.3064
vn 0.1222 -0.7035 -0.7001
vn -0.7582 -0.5668 0.3223
vn 0.9531 0.2914 -0.0815
vn 0.9910 0.0117 0.1331
vn -0.9148 -0.3761 0.1473
vn 0.2087 -0.7780 -0.5925
vn -0.0186 0.4599 0.8878
vn 0.3897 0.4664 0.7941
vn -0.8705 -0.0711 0.4871
vn -0.2046 -0.8186 -0.5368
vn 0.9519 -0.2571 -0.1665
vn 0.8924 -0.4512 0.0095
vn -0.3121 -0.6994 -0.6430
vn -0.9500 0.2198 0.2219
vn 0.3034 0.4835 0.8211
vn -0.1243 0.5922 0.7961
vn 0.1180 -0.7916 -0.5996
vn -0.9923 -0.0709 -0.1020
vn 0.9323 -0.1764 0.3156
vn 0.0171 0.7430 -0.6691
vn -0.9810 0.0302 -0.1916
vn 0.3106 0.5921 0.7436
vn -0.3116 -0.6196 -0.7204
vn -0.1230 0.6776 0.7250
vn 0.8678 -0.2554 0.4262
vn 0.0407 0.8646 0.5008
vn -0.5962 0.4824 -0.6417
vn 0.1843 -0.6246 -0.7589
vn 0.9912 0.0593 0.1183
vn 0.9339 0.2043 -0.2934
vn 0.9340 0.2042 -0.2932
vn 0.9528 -0.2260 -0.2025
vn -0.1282 -0.3912 -0.9113
vn 0.3555 0.6487 0.6729
vn -0.9892 -0.0339 -0.1426
vn 0.9339 0.2043 -0.2935
vn 0.3103 0.6361 0.7065
vn -0.5586 0.7623 -0.3271
vn 0.8277 -0.5538 0.0906
vn 0.9474 -0.2962 -0.1216
vn -0.7657 0.6241 -0.1553
vn 0.4160 0.6829 0.6005
vn -0.1385 -0.4320 -0.8912
vn 0.2494 -0.5561 -0.7928
vn -0.8066 0.3205 -0.4967
vn 0.0327 0.8409 0.5402
vn 0.9834 -0.0285 0.1794
vn 0.9845 0.1751 0.0042
vn -0.1060 0.7574 0.6443
vn -0.9700 0.0639 -0.2346
vn 0.1622 -0.5475 -0.8209
vn -0.2790 -0.5285 -0.8018
vn 0.3329 0.7220 0.6066
vn -0.9311 0.3533 0.0909
vn 0.9478 -0.0985 -0.3034
vn -0.2064 -0.7188 0.6639
vn -0.2065 -0.7188 0.6639
vn -0.9506 0.2529 0.1799
vn 0.1368 -0.6539 -0.7441
vn -0.1296 0.6806 0.7211
vn -0.3032 -0.6110 -0.7312
vn 0.0942 -0.9574 0.2728
vn -0.2870 -0.3152 -0.9046
vn -0.4892 0.8444 -0.2181
vn -0.1249 0.2644 0.9563
vn -0.3587 -0.8967 0.2595
vn -0.6902 -0.6262 0.3625
vn -0.6905 -0.6261 0.3623
vn -0.3511 -0.6871 0.6361
vn -0.2535 0.6072 0.7530
vn -0.1588 -0.6708 -0.7244
vn 0.3257 0.9079 -0.2638
vn -0.6904 -0.6261 0.3625
vn -0.6902 -0.6263 0.3625
vn -0.1114 -0.6510 -0.7509
vn -0.4967 0.6389 -0.5874
vn 0.1022 -0.7382 0.6668
vn -0.2512 -0.7258 0.6404
vn -0.2144 0.7207 -0.6592
vn -0.2509 -0.6825 -0.6864
vn -0.2093 0.6053 0.7680
vn -0.2179 0.2276 0.9491
vn -0.2063 0.9437 -0.2585
vn -0.2433 -0.3297 -0.9122
vn -0.2583 -0.9224 0.2870
vn -0.5053 -0.8302 0.2356
vn -0.0671 -0.2690 -0.9608
vn 0.1948 0.9409 -0.2772
vn -0.2067 0.3159 0.9260
vn -0.0329 0.6755 0.7366
vn -0.2406 -0.6165 -0.7497
vn 0.1871 0.7283 -0.6593
vn -0.4980 -0.6292 0.5967
vn 0.9802 -0.1806 0.0807
vn 0.3180 0.6972 -0.6424
vn -0.0770 0.2965 0.9519
vn 0.0419 -0.2904 -0.9560
vn 0.0763 0.6583 0.7489
vn -0.2113 -0.9397 0.2691
vn -0.2227 -0.2496 -0.9424
vn -0.2032 0.9393 -0.2766
vn -0.1904 0.3135 0.9303
vn -0.6233 -0.7589 0.1882
vn -0.8808 -0.4062 0.2435
vn -0.8806 -0.4062 0.2441
vn -0.6157 -0.5494 0.5648
vn -0.1892 0.6728 0.7152
vn -0.2244 -0.6217 -0.7504
vn 0.5957 0.7786 -0.1973
vn -0.8807 -0.4063 0.2436
vn -0.8806 -0.4061 0.2441
vn -0.1700 -0.6162 -0.7691
vn -0.2106 0.7337 -0.6460
vn -0.2033 -0.7204 0.6630
vn -0.5319 -0.6136 0.5836
vn 0.0907 0.7342 -0.6729
vn -0.3208 -0.6070 -0.7270
vn -0.1500 0.6594 0.7367
vn -0.2878 0.3031 0.9085
vn 0.0988 0.9572 -0.2721
vn -0.1839 -0.2755 -0.9435
vn -0.5391 -0.8102 0.2303
vn -0.7411 -0.6559 0.1434
vn 0.0073 -0.2661 -0.9639
vn 0.4822 0.8454 -0.2299
vn -0.2497 0.3844 0.8887
vn 0.0416 0.6784 0.7335
vn -0.2836 -0.5480 -0.7869
vn 0.4745 0.6328 -0.6120
vn -0.7338 -0.4550 0.5045
vn 0.8707 -0.4370 0.2256
vn 0.5880 0.5680 -0.5759
vn -0.1356 0.3313 0.9337
vn 0.1044 -0.3160 -0.9430
vn 0.1388 0.6327 0.7619
vn -0.4740 -0.8648 0.1659
vn -0.3149 -0.0416 -0.9482
vn 0.0783 0.9864 -0.1447
vn -0.0604 0.2244 0.9726
vn -0.8156 -0.5623 0.1365
vn -0.9542 -0.1608 0.2524
vn -0.9540 -0.1612 0.2526
vn -0.7345 -0.4180 0.5345
vn 0.0416 0.5936 0.8037
vn -0.4219 -0.4197 -0.8036
vn 0.7948 0.5903 -0.1411
vn -0.9541 -0.1613 0.2525
vn -0.9542 -0.1608 0.2525
vn -0.3689 -0.4278 -0.8251
vn -0.0012 0.8448 -0.5350
vn -0.3892 -0.7138 0.5823
vn -0.6732 -0.5058 0.5394
vn 0.2856 0.7610 -0.5825
vn -0.5089 -0.3809 -0.7720
vn 0.0757 0.5666 0.8205
vn -0.1571 0.2459 0.9565
vn 0.3718 0.9146 -0.1589
vn -0.2857 -0.0773 -0.9552
vn -0.7492 -0.6412 0.1660
vn -0.8985 -0.4243 0.1129
vn -0.1012 -0.1214 -0.9874
vn 0.7054 0.6911 -0.1574
vn -0.0970 0.3145 0.9443
vn 0.2640 0.5291 0.8065
vn -0.4575 -0.3277 -0.8266
vn 0.6233 0.5447 -0.5611
vn -0.8208 -0.2859 0.4946
vn 0.7069 -0.6987 0.1095
vn 0.7070 -0.6987 0.1095
vn 0.7133 0.4452 -0.5413
vn -0.0027 0.2247 0.9744
vn -0.0228 -0.1999 -0.9796
vn 0.3439 0.4535 0.8222
vn -0.1074 -0.9722 0.2079
vn 0.0411 -0.2407 -0.9697
vn -0.2886 0.9056 -0.3107
vn -0.4455 0.2379 0.8631
vn -0.5146 -0.8567 0.0353
vn -0.8327 -0.5528 0.0323
vn -0.8328 -0.5526 0.0321
vn -0.6274 -0.6653 0.4046
vn -0.4554 0.6018 0.6561
vn 0.0579 -0.6163 -0.7854
vn 0.4868 0.8720 -0.0504
vn -0.8330 -0.5523 0.0317
vn -0.8328 -0.5527 0.0322
vn 0.1134 -0.6012 -0.7910
vn -0.1780 0.7179 -0.6730
vn -0.2254 -0.7720 0.5943
vn -0.5405 -0.7159 0.4419
vn 0.1172 0.7679 -0.6298
vn -0.0424 -0.6183 -0.7848
vn -0.4203 0.5940 0.6860
vn -0.5322 0.2129 0.8194
vn -0.0028 0.9716 -0.2366
vn 0.0829 -0.2600 -0.9621
vn -0.4347 -0.8955 0.0953
vn -0.6346 -0.7721 -0.0349
vn 0.2694 -0.2191 -0.9378
vn 0.3742 0.9211 -0.1079
vn -0.5048 0.3001 0.8094
vn -0.2390 0.6435 0.7272
vn -0.0029 -0.5515 -0.8342
vn 0.4886 0.7269 -0.4826
vn -0.7428 -0.5885 0.3193
vn 0.8573 -0.3009 0.4177
vn 0.6002 0.6796 -0.4217
vn -0.3965 0.2641 0.8792
vn 0.3662 -0.2536 -0.8953
vn -0.1444 0.6128 0.7769
vn -0.3468 -0.8809 0.3221
vn -0.1905 -0.2988 -0.9351
vn -0.0629 0.9305 -0.3609
vn -0.2094 0.4114 0.8871
vn -0.7262 -0.6586 0.1971
vn -0.9394 -0.2736 0.2065
vn -0.7166 -0.4207 0.5564
vn -0.1482 0.7485 0.6463
vn -0.2523 -0.6505 -0.7164
vn 0.7019 0.6807 -0.2097
vn -0.9395 -0.2735 0.2063
vn -0.9394 -0.2738 0.2062
vn -0.1966 -0.6532 -0.7312
vn -0.0724 0.6971 -0.7133
vn -0.3367 -0.6320 0.6980
vn -0.6431 -0.4928 0.5862
vn 0.2277 0.6585 -0.7174
vn -0.3474 -0.6222 -0.7015
vn -0.1124 0.7323 0.6716
vn -0.3056 0.4111 0.8588
vn 0.2379 0.9117 -0.3350
vn -0.1554 -0.3293 -0.9314
vn -0.6521 -0.7161 0.2491
vn -0.8266 -0.5461 0.1359
vn 0.0364 -0.3450 -0.9379
vn 0.6003 0.7579 -0.2557
vn -0.2563 0.4853 0.8359
vn 0.0798 0.7274 0.6815
vn -0.2991 -0.5734 -0.7627
vn 0.5905 0.5165 -0.6202
vn -0.8174 -0.3180 0.4804
vn 0.7911 -0.5195 0.3229
vn 0.6922 0.4415 -0.5709
vn -0.1530 0.4227 0.8933
vn 0.1248 -0.4045 -0.9060
vn 0.1683 0.6727 0.7205
vn -0.6241 -0.7751 0.0989
vn -0.3376 0.1166 -0.9341
vn 0.2588 0.9647 -0.0496
vn 0.0038 0.1287 0.9917
vn -0.9034 -0.4135 0.1134
vn -0.9617 -0.0080 0.2739
vn -0.9617 -0.0078 0.2741
vn -0.7882 -0.3290 0.5201
vn 0.1695 0.4884 0.8560
vn -0.5104 -0.2484 -0.8233
vn 0.8881 0.4451 -0.1144
vn -0.9617 -0.0079 0.2740
vn -0.9616 -0.0078 0.2742
vn -0.4604 -0.2638 -0.8476
vn 0.1457 0.8818 -0.4485
vn -0.5035 -0.6867 0.5243
vn -0.7443 -0.4266 0.5138
vn 0.4107 0.7520 -0.5157
vn -0.5878 -0.1977 -0.7845
vn 0.1983 0.4539 0.8687
vn -0.0875 0.1692 0.9817
vn 0.5333 0.8419 -0.0829
vn -0.3157 0.0770 -0.9457
vn -0.8524 -0.5059 0.1323
vn -0.9594 -0.2608 0.1069
vn -0.1434 0.0033 -0.9897
vn 0.8190 0.5618 -0.1170
vn -0.0159 0.2265 0.9739
vn 0.3759 0.3840 0.8433
vn -0.5286 -0.1494 -0.8356
vn 0.7021 0.4761 -0.5295
vn -0.8490 -0.1798 0.4969
vn 0.5655 -0.8246 0.0111
vn 0.7723 0.3602 -0.5233
vn 0.0606 0.1182 0.9911
vn -0.0810 -0.0887 -0.9928
vn 0.4406 0.2938 0.8483
vn -0.2262 -0.9496 0.2172
vn -0.3277 -0.1641 -0.9304
vn -0.1864 0.9656 -0.1815
vn -0.0811 0.2445 0.9662
vn -0.6356 -0.7474 0.1936
vn -0.8694 -0.3907 0.3026
vn -0.8695 -0.3906 0.3023
vn -0.5804 -0.5693 0.5823
vn -0.0849 0.6197 0.7802
vn -0.3273 -0.5502 -0.7682
vn 0.6081 0.7687 -0.1982
vn -0.8695 -0.3905 0.3024
vn -0.8694 -0.3907 0.3025
vn -0.2748 -0.5453 -0.7919
vn -0.2405 0.7909 -0.5627
vn -0.1685 -0.7633 0.6237
vn -0.4982 -0.6379 0.5873
vn 0.0563 0.7820 -0.6207
vn -0.4201 -0.5338 -0.7339
vn -0.0444 0.6031 0.7964
vn -0.1805 0.2396 0.9539
vn 0.1150 0.9715 -0.2071
vn -0.2905 -0.1914 -0.9375
vn -0.5499 -0.8050 0.2226
vn -0.7524 -0.6366 0.1693
vn -0.1021 -0.1877 -0.9769
vn 0.4951 0.8422 -0.2137
vn -0.1409 0.3208 0.9366
vn 0.1465 0.6150 0.7748
vn -0.3864 -0.4716 -0.7927
vn 0.4391 0.6615 -0.6079
vn -0.6995 -0.4659 0.5420
vn 0.8679 -0.4866 0.0998
vn 0.5526 0.5897 -0.5890
vn -0.0254 0.2599 0.9653
vn -0.0058 -0.2427 -0.9701
vn 0.2439 0.5634 0.7893
vn -0.4554 -0.8330 0.3143
vn -0.1343 -0.3148 -0.9396
vn 0.0572 0.9182 -0.3919
vn -0.2474 0.4616 0.8519
vn -0.7996 -0.5818 0.1486
vn -0.9756 -0.1787 0.1275
vn -0.9756 -0.1789 0.1270
vn -0.7995 -0.3325 0.5003
vn -0.1336 0.7825 0.6082
vn -0.2481 -0.6510 -0.7174
vn 0.7787 0.6056 -0.1640
vn -0.9756 -0.1788 0.1272
vn -0.9756 -0.1790 0.1272
vn -0.1917 -0.6593 -0.7270
vn 0.0571 0.6737 -0.7368
vn -0.4552 -0.5722 0.6822
vn -0.7360 -0.4099 0.5388
vn 0.3513 0.6078 -0.7122
vn -0.3410 -0.6136 -0.7122
vn -0.1019 0.7640 0.6371
vn -0.3403 0.4690 0.8150
vn 0.3515 0.8731 -0.3379
vn -0.1026 -0.3482 -0.9318
vn -0.7361 -0.6438 0.2088
vn -0.8832 -0.4630 0.0753
vn 0.0866 -0.3816 -0.9203
vn 0.6893 0.6899 -0.2213
vn -0.2824 0.5375 0.7946
vn 0.0873 0.7420 0.6647
vn -0.2831 -0.5717 -0.7701
vn 0.6891 0.4370 -0.5781
vn -0.8830 -0.2239 0.4125
vn 0.7069 -0.5772 0.4088
vn 0.7069 -0.5772 0.4089
vn 0.7786 0.3549 -0.5176
vn -0.1910 0.4678 0.8629
vn 0.1658 -0.4476 -0.8787
vn 0.1665 0.6809 0.7132
vn 0.1601 -0.1443 -0.9765
vn 0.1034 0.9822 -0.1569
vn -0.5233 0.2577 0.8122
vn -0.4921 -0.8690 0.0519
vn -0.2635 0.0273 -0.9643
vn -0.6522 0.0166 -0.7579
vn -0.6519 0.0166 -0.7581
vn -0.4233 -0.3515 -0.8350
vn -0.6004 -0.6852 0.4123
vn 0.2215 0.8217 -0.5251
vn 0.2325 -0.0127 0.9725
vn -0.6524 0.0166 -0.7577
vn -0.6520 0.0164 -0.7580
vn 0.2709 0.8254 -0.4954
vn -0.3666 0.6291 0.6854
vn -0.0072 -0.5406 -0.8412
vn -0.3260 -0.3869 -0.8626
vn -0.0959 0.5780 0.8104
vn 0.1255 0.8228 -0.5542
vn -0.5645 -0.7151 0.4123
vn -0.5689 -0.8224 0.0073
vn -0.2660 0.1749 0.9480
vn 0.1489 0.9751 -0.1646
vn -0.1760 -0.0315 -0.9839
vn -0.4020 0.0939 -0.9108
vn 0.3174 0.9452 -0.0766
vn 0.1107 0.0434 0.9929
vn -0.5661 -0.8184 0.0991
vn -0.4033 -0.7623 0.5062
vn 0.1454 0.8672 -0.4762
vn 0.2729 0.4277 0.8617
vn -0.5553 -0.2693 -0.7868
vn 0.9073 -0.4118 -0.0846
vn 0.3933 0.3681 0.8425
vn -0.4521 -0.8875 0.0893
vn 0.4200 0.9034 -0.0863
vn -0.3038 -0.8116 0.4990
vn -0.1233 -0.0300 -0.9919
vn 0.1643 0.9833 -0.0784
vn -0.2560 0.1910 0.9476
vn -0.5521 -0.8280 0.0978
vn -0.5069 0.1708 -0.8449
vn -0.8252 0.1635 -0.5407
vn -0.8251 0.1635 -0.5408
vn -0.6668 -0.2081 -0.7156
vn -0.5395 -0.6842 0.4908
vn 0.1615 0.8627 -0.4793
vn 0.4810 -0.1551 0.8629
vn -0.8251 0.1638 -0.5407
vn -0.8252 0.1639 -0.5406
vn 0.2171 0.8587 -0.4642
vn -0.0992 0.5625 0.8208
vn -0.2906 -0.4262 -0.8567
vn -0.5848 -0.2470 -0.7727
vn 0.1878 0.4751 0.8596
vn 0.0619 0.8749 -0.4803
vn -0.5084 -0.7164 0.4778
vn -0.6325 -0.7703 0.0812
vn 0.0176 0.0719 0.9973
vn 0.2050 0.9737 -0.0991
vn -0.4348 0.1084 -0.8940
vn -0.6179 0.2405 -0.7485
vn 0.3866 0.9200 -0.0649
vn 0.3760 -0.0928 0.9220
vn -0.6048 -0.7783 0.1686
vn -0.3341 -0.7875 0.5179
vn 0.1067 0.9073 -0.4067
vn 0.5382 0.2915 0.7908
vn -0.7713 -0.1228 -0.6246
vn 0.8012 -0.4662 -0.3752
vn 0.6418 0.2258 0.7329
vn -0.5059 -0.8542 0.1204
vn 0.4776 0.8720 -0.1071
vn -0.2462 -0.8430 0.4783
vn -0.3243 0.0715 -0.9433
vn 0.2226 0.9744 -0.0324
vn -0.0422 0.1160 0.9924
vn -0.5848 -0.7981 0.1449
vn -0.6528 0.2805 -0.7037
vn -0.9022 0.2641 -0.3411
vn -0.9020 0.2647 -0.3410
vn -0.8126 -0.0983 -0.5744
vn -0.4812 -0.6931 0.5367
vn 0.1288 0.8926 -0.4322
vn 0.6324 -0.2650 0.7279
vn -0.9021 0.2641 -0.3412
vn -0.9021 0.2641 -0.3414
vn 0.1858 0.8838 -0.4294
vn 0.1147 0.4876 0.8655
vn -0.4915 -0.3249 -0.8080
vn -0.7473 -0.1366 -0.6503
vn 0.3957 0.3794 0.8364
vn 0.0324 0.9109 -0.4113
vn -0.4561 -0.7258 0.5150
vn -0.6620 -0.7343 0.1502
vn 0.2255 -0.0238 0.9739
vn 0.2573 0.9643 -0.0619
vn -0.5973 0.2188 -0.7716
vn -0.7360 0.3475 -0.5810
vn 0.4372 0.8965 -0.0709
vn 0.5469 -0.2023 0.8124
vn -0.6179 -0.7522 0.2289
vn -0.2834 -0.8110 0.5119
vn 0.0936 0.9334 -0.3464
vn 0.7091 0.1820 0.6812
vn -0.8893 -0.0158 -0.4570
vn 0.6686 -0.4769 -0.5706
vn 0.7932 0.1158 0.5979
vn -0.5371 -0.8291 0.1552
vn 0.5137 0.8473 -0.1348
vn -0.2101 -0.8677 0.4505
vn -0.4876 0.1699 -0.8564
vn 0.2820 0.9594 -0.0028
vn 0.1510 0.0330 0.9880
vn -0.6035 -0.7732 0.1948
vn -0.7501 0.3761 -0.5440
vn -0.9284 0.3428 -0.1431
vn -0.9283 0.3434 -0.1425
vn -0.9100 -0.0027 -0.4147
vn -0.4218 -0.7081 0.5663
vn 0.1101 0.9175 -0.3822
vn 0.7357 -0.3616 0.5726
vn -0.9286 0.3427 -0.1423
vn -0.9282 0.3434 -0.1430
vn 0.1658 0.9053 -0.3911
vn 0.3078 0.4045 0.8612
vn -0.6548 -0.2263 -0.7212
vn -0.8627 -0.0381 -0.5042
vn 0.5700 0.2835 0.7711
vn 0.0208 0.9394 -0.3421
vn -0.4035 -0.7402 0.5379
vn -0.6736 -0.7058 0.2194
vn 0.3999 -0.1196 0.9087
vn 0.3099 0.9500 -0.0390
vn -0.7127 0.3174 -0.6255
vn -0.8041 0.4370 -0.4031
vn 0.4797 0.8731 -0.0871
vn 0.6721 -0.3016 0.6763
vn -0.6170 -0.7328 0.2868
vn -0.2410 -0.8344 0.4957
vn 0.0944 0.9528 -0.2886
vn 0.8343 0.0827 0.5451
vn -0.9574 0.0737 -0.2791
vn 0.5153 -0.4635 -0.7209
vn 0.8965 0.0193 0.4426
vn -0.5571 -0.8076 0.1935
vn 0.5392 0.8253 -0.1678
vn -0.1846 -0.8897 0.4175
vn -0.1085 -0.2897 -0.9510
vn 0.4312 0.8382 -0.3340
vn -0.2106 0.5228 0.8261
vn -0.7613 -0.5893 0.2707
vn -0.4243 0.0377 -0.9047
vn -0.7375 0.2037 -0.6439
vn -0.6850 -0.2308 -0.6910
vn -0.7166 -0.3438 0.6069
vn 0.4025 0.6091 -0.6833
vn 0.4035 -0.0113 0.9149
vn -0.7379 0.2035 -0.6436
vn -0.7373 0.2038 -0.6441
vn 0.4546 0.5956 -0.6623
vn 0.0451 0.7861 0.6164
vn -0.3813 -0.5706 -0.7273
vn -0.6160 -0.3047 -0.7264
vn 0.2960 0.6430 0.7063
vn 0.3102 0.6459 -0.6975
vn -0.6954 -0.3854 0.6066
vn -0.8222 -0.5203 0.2308
vn 0.0185 0.3572 0.9338
vn 0.4680 0.8127 -0.3471
vn -0.3713 -0.0528 -0.9270
vn -0.5135 0.1592 -0.8432
vn 0.6270 0.7264 -0.2814
vn 0.3187 0.0907 0.9435
vn -0.7994 -0.5089 0.3192
vn -0.5483 -0.4840 0.6820
vn 0.3608 0.6859 -0.6319
vn 0.5832 0.3631 0.7267
vn -0.7635 -0.0984 -0.6382
vn 0.6478 -0.7472 -0.1485
vn 0.6656 0.2587 0.7000
vn -0.7245 -0.6186 0.3042
vn 0.7020 0.6462 -0.2992
vn -0.4784 -0.5694 0.6685
vn -0.2671 0.1370 -0.9539
vn 0.0090 0.9938 0.1109
vn -0.1336 -0.0373 0.9903
vn -0.4075 -0.9131 -0.0128
vn -0.6484 0.2383 -0.7230
vn -0.9124 0.1201 -0.3912
vn -0.9125 0.1202 -0.3911
vn -0.7313 -0.1796 -0.6579
vn -0.3559 -0.8459 0.3973
vn -0.0375 0.9522 -0.3032
vn 0.6237 -0.2309 0.7468
vn -0.9125 0.1200 -0.3910
vn 0.0197 0.9550 -0.2961
vn -0.0523 0.3726 0.9265
vn -0.3538 -0.3002 -0.8858
vn -0.6543 -0.1926 -0.7313
vn 0.2468 0.3295 0.9114
vn -0.1368 0.9473 -0.2896
vn -0.3228 -0.8694 0.3741
vn -0.4968 -0.8678 -0.0070
vn 0.1586 -0.1153 0.9806
vn 0.0470 0.9954 0.0838
vn -0.5765 0.1995 -0.7924
vn -0.7523 0.2687 -0.6015
vn 0.2375 0.9678 0.0839
vn 0.5211 -0.1997 0.8298
vn -0.4553 -0.8874 0.0727
vn -0.1361 -0.9161 0.3771
vn -0.0865 0.9724 -0.2168
vn 0.6052 0.2244 0.7638
vn -0.8318 -0.1321 -0.5391
vn 0.7929 -0.2442 -0.5583
vn 0.7070 0.1893 0.6814
vn -0.3551 -0.9348 -0.0019
vn 0.3270 0.9448 0.0220
vn -0.0483 -0.9474 0.3165
vn 0.0963 -0.1213 -0.9879
vn 0.1151 0.9837 -0.1379
vn -0.4665 0.2463 0.8496
vn -0.5069 -0.8599 0.0603
vn -0.3219 0.0585 -0.9450
vn -0.6973 0.0501 -0.7151
vn -0.6973 0.0502 -0.7150
vn -0.4817 -0.3203 -0.8157
vn -0.5887 -0.6837 0.4312
vn 0.2066 0.8308 -0.5168
vn 0.2918 -0.0436 0.9555
vn -0.6971 0.0502 -0.7153
vn -0.6972 0.0503 -0.7151
vn 0.2578 0.8327 -0.4901
vn -0.3096 0.6179 0.7228
vn -0.0710 -0.5176 -0.8527
vn -0.3871 -0.3569 -0.8502
vn -0.0329 0.5579 0.8293
vn 0.1091 0.8347 -0.5398
vn -0.5535 -0.7143 0.4282
vn -0.5853 -0.8105 0.0217
vn -0.2031 0.1547 0.9669
vn 0.1598 0.9759 -0.1486
vn -0.2370 -0.0014 -0.9715
vn -0.4553 0.1265 -0.8813
vn 0.3328 0.9402 -0.0720
vn 0.1728 0.0144 0.9849
vn -0.5767 -0.8090 0.1133
vn -0.3879 -0.7673 0.5108
vn 0.1347 0.8766 -0.4620
vn 0.3350 0.3988 0.8537
vn -0.6086 -0.2368 -0.7573
vn 0.8911 -0.4278 -0.1515
vn 0.4525 0.3373 0.8255
vn -0.4651 -0.8802 0.0946
vn 0.4336 0.8967 -0.0892
vn -0.2902 -0.8183 0.4961
vn -0.1653 -0.0103 -0.9862
vn 0.1753 0.9822 -0.0680
vn -0.2132 0.1774 0.9608
vn -0.5597 -0.8218 0.1065
vn -0.5393 0.1931 -0.8197
vn -0.8444 0.1849 -0.5029
vn -0.8446 0.1851 -0.5024
vn -0.6992 -0.1858 -0.6904
vn -0.5285 -0.6853 0.5011
vn 0.1539 0.8688 -0.4706
vn 0.5145 -0.1773 0.8390
vn -0.8446 0.1850 -0.5025
vn 0.2100 0.8638 -0.4579
vn -0.0564 0.5489 0.8340
vn -0.3325 -0.4066 -0.8509
vn -0.6202 -0.2248 -0.7515
vn 0.2307 0.4568 0.8591
vn 0.0546 0.8825 -0.4671
vn -0.4984 -0.7178 0.4862
vn -0.6398 -0.7627 0.0944
vn 0.0605 0.0537 0.9967
vn 0.2150 0.9724 -0.0907
vn -0.4702 0.1306 -0.8728
vn -0.6452 0.2626 -0.7175
vn 0.3971 0.9155 -0.0651
vn 0.4129 -0.1147 0.9035
vn -0.6086 -0.7727 0.1804
vn -0.3236 -0.7920 0.5177
vn 0.1028 0.9129 -0.3949
vn 0.5751 0.2696 0.7723
vn -0.7985 -0.1007 -0.5935
vn 0.7778 -0.4705 -0.4168
vn 0.6752 0.2035 0.7090
vn -0.5129 -0.8490 0.1267
vn 0.4855 0.8670 -0.1119
vn -0.2383 -0.8480 0.4735
vn 0.9114 0.3893 -0.1335
vn -0.1048 0.5914 0.7995
vn -0.9994 -0.0180 -0.0282
vn -0.0441 -0.2397 -0.9699
vn 0.6331 0.7269 -0.2661
vn 0.2694 0.8277 -0.4923
vn 0.2690 0.8279 -0.4922
vn 0.5561 0.5289 -0.6411
vn -0.4437 -0.2802 -0.8513
vn 0.2995 0.6440 0.7039
vn -0.6599 -0.7054 0.2588
vn 0.2689 0.8277 -0.4925
vn 0.2693 0.8277 -0.4923
vn 0.2999 0.6002 0.7415
vn -0.9239 0.1762 0.3395
vn 0.8308 0.1822 -0.5259
vn 0.6388 0.4680 -0.6106
vn -0.8700 -0.0830 0.4860
vn 0.2730 0.7174 0.6409
vn -0.4165 -0.3181 -0.8517
vn -0.0613 -0.1425 -0.9879
vn -0.9519 -0.2937 0.0869
vn -0.0730 0.5653 0.8216
vn 0.7111 0.6538 -0.2587
vn 0.4991 0.8147 -0.2951
vn -0.0483 0.3992 0.9156
vn -0.7555 -0.6142 0.2281
vn -0.1351 -0.1950 -0.9715
vn -0.3953 -0.4933 -0.7748
vn 0.2075 0.6861 0.6973
vn -0.6774 -0.4133 0.6086
vn 0.4253 0.6249 -0.6547
vn 0.6561 -0.7146 0.2426
vn -0.5825 -0.5063 0.6359
vn -0.0482 -0.2951 -0.9542
vn 0.0247 0.3212 0.9467
vn -0.3238 -0.5752 -0.7512
vn 0.7183 0.6770 -0.1602
vn -0.2851 0.5323 0.7971
vn -0.9324 -0.3615 -0.0024
vn 0.0205 -0.2563 -0.9664
vn 0.3380 0.8959 -0.2883
vn -0.0432 0.8614 -0.5060
vn -0.0436 0.8617 -0.5055
vn 0.3259 0.6773 -0.6595
vn -0.3380 -0.4299 -0.8372
vn 0.0741 0.7193 0.6907
vn -0.3707 -0.8850 0.2815
vn -0.0432 0.8615 -0.5059
vn -0.0431 0.8615 -0.5059
vn 0.0905 0.6789 0.7286
vn -0.9206 -0.1470 0.3618
vn 0.7058 0.4483 -0.5485
vn 0.4253 0.6491 -0.6307
vn -0.7775 -0.3694 0.5089
vn 0.0227 0.7781 0.6277
vn -0.2995 -0.4562 -0.8380
vn -0.0296 -0.1713 -0.9848
vn -0.7903 -0.6020 0.1138
vn -0.2458 0.5192 0.8186
vn 0.4366 0.8542 -0.2823
vn 0.1814 0.9317 -0.3145
vn -0.1633 0.3733 0.9132
vn -0.4925 -0.8329 0.2525
vn -0.0803 -0.2457 -0.9660
vn -0.2175 -0.6121 -0.7603
vn -0.0268 0.7270 0.6861
vn -0.4803 -0.6111 0.6292
vn 0.1699 0.7221 -0.6706
vn 0.8672 -0.4409 0.2315
vn -0.3586 -0.6653 0.6548
vn 0.0361 -0.3095 -0.9502
vn -0.0673 0.3257 0.9431
vn -0.1218 -0.6639 -0.7378
vn 0.5425 0.8076 -0.2313
vn -0.2892 0.4681 0.8351
vn -0.8337 -0.5429 0.1012
vn -0.0441 -0.2523 -0.9667
vn 0.1133 0.9442 -0.3094
vn -0.2762 0.8322 -0.4809
vn -0.2763 0.8321 -0.4809
vn 0.1012 0.7256 -0.6806
vn -0.3421 -0.4942 -0.7992
vn 0.0096 0.7233 0.6904
vn -0.1481 -0.9402 0.3068
vn -0.2763 0.8322 -0.4807
vn -0.2766 0.8322 -0.4805
vn 0.0382 0.6873 0.7254
vn -0.8219 -0.3284 0.4654
vn 0.5299 0.5789 -0.6197
vn 0.2069 0.7182 -0.6643
vn -0.6204 -0.5163 0.5904
vn -0.0598 0.7701 0.6351
vn -0.2994 -0.5121 -0.8051
vn -0.1121 -0.1793 -0.9774
vn -0.6332 -0.7490 0.1952
vn -0.2457 0.4632 0.8515
vn 0.2182 0.9233 -0.3159
vn -0.0493 0.9474 -0.3163
vn -0.1248 0.3376 0.9330
vn -0.2805 -0.9139 0.2934
vn -0.1441 -0.2623 -0.9542
vn -0.1790 -0.6477 -0.7406
vn -0.0906 0.7104 0.6979
vn -0.2683 -0.6922 0.6700
vn -0.0608 0.7378 -0.6723
vn 0.9597 -0.2548 0.1189
vn 0.9596 -0.2548 0.1189
vn -0.1360 -0.7204 0.6801
vn -0.0162 -0.3011 -0.9534
vn -0.0183 0.3107 0.9503
vn -0.0727 -0.6790 -0.7306
vn 0.3562 0.8929 -0.2755
vn -0.2774 0.4101 0.8688
vn -0.7036 -0.6870 0.1818
vn -0.1021 -0.2601 -0.9602
vn -0.0967 0.9476 -0.3046
vn -0.4754 0.7648 -0.4349
vn -0.4755 0.7646 -0.4350
vn -0.1088 0.7290 -0.6759
vn -0.3304 -0.5521 -0.7655
vn -0.0484 0.7156 0.6969
vn 0.0617 -0.9501 0.3058
vn -0.4758 0.7646 -0.4348
vn -0.0100 0.6855 0.7280
vn -0.6918 -0.4726 0.5460
vn 0.3437 0.6642 -0.6638
vn -0.0024 0.7413 -0.6712
vn -0.4467 -0.6195 0.6455
vn -0.1308 0.7485 0.6502
vn -0.2860 -0.5619 -0.7762
vn -0.1830 -0.2009 -0.9624
vn -0.4596 -0.8521 0.2503
vn -0.2324 0.4135 0.8804
vn 0.0089 0.9464 -0.3227
vn -0.2569 0.9207 -0.2938
vn -0.0822 0.3127 0.9463
vn -0.0740 -0.9488 0.3072
vn -0.1966 -0.2884 -0.9371
vn -0.1365 -0.6727 -0.7272
vn -0.1431 0.6843 0.7150
vn -0.0618 -0.7270 0.6839
vn -0.2684 0.7111 -0.6499
vn 0.9973 -0.0728 0.0106
vn 0.9973 -0.0728 0.0105
vn 0.0738 -0.7303 0.6791
vn -0.0644 -0.3029 -0.9508
vn 0.0286 0.3059 0.9516
vn -0.0258 -0.6837 -0.7293
vn 0.8042 0.5286 -0.2719
vn -0.0048 0.5044 0.8634
vn -0.9715 -0.1626 0.1724
vn -0.2208 -0.1661 -0.9611
vn 0.4632 0.8309 -0.3082
vn 0.0496 0.8946 -0.4441
vn 0.0494 0.8947 -0.4439
vn 0.3332 0.6541 -0.6791
vn -0.5770 -0.2742 -0.7693
vn 0.3594 0.6234 0.6944
vn -0.4935 -0.8131 0.3089
vn 0.0492 0.8946 -0.4441
vn 0.3735 0.5772 0.7262
vn -0.8440 0.0109 0.5362
vn 0.6681 0.3435 -0.6600
vn 0.4277 0.6037 -0.6728
vn -0.7273 -0.2483 0.6398
vn 0.3109 0.6969 0.6463
vn -0.5460 -0.3076 -0.7793
vn -0.2538 -0.0714 -0.9646
vn -0.8656 -0.4366 0.2451
vn 0.0341 0.4816 0.8757
vn 0.5496 0.7697 -0.3247
vn 0.3161 0.9001 -0.2999
vn 0.0994 0.3140 0.9442
vn -0.6043 -0.7348 0.3081
vn -0.3149 -0.1353 -0.9394
vn -0.4866 -0.4833 -0.7278
vn 0.2636 0.6518 0.7111
vn -0.4724 -0.5553 0.6845
vn 0.1914 0.7305 -0.6556
vn 0.7784 -0.6272 0.0263
vn -0.3628 -0.6352 0.6819
vn -0.2144 -0.2226 -0.9510
vn 0.1866 0.2455 0.9513
vn -0.4019 -0.5554 -0.7280
vn 0.6119 0.7632 -0.2075
vn -0.2897 0.4920 0.8209
vn -0.8761 -0.4778 0.0643
vn -0.0200 -0.2522 -0.9675
vn 0.1982 0.9316 -0.3047
vn -0.1905 0.8486 -0.4935
vn -0.1909 0.8487 -0.4933
vn 0.1861 0.7130 -0.6760
vn -0.3426 -0.4702 -0.8134
vn 0.0337 0.7234 0.6896
vn -0.2325 -0.9250 0.3006
vn -0.1910 0.8485 -0.4935
vn -0.1909 0.8486 -0.4933
vn 0.0578 0.6854 0.7258
vn -0.8643 -0.2633 0.4285
vn 0.5993 0.5345 -0.5959
vn 0.2901 0.6977 -0.6550
vn -0.6834 -0.4654 0.5624
vn -0.0295 0.7750 0.6312
vn -0.3012 -0.4913 -0.8173
vn -0.0817 -0.1743 -0.9813
vn -0.6962 -0.6981 0.1673
vn -0.2475 0.4840 0.8393
vn 0.3014 0.9029 -0.3066
vn 0.0368 0.9471 -0.3189
vn -0.1402 0.3499 0.9262
vn -0.3617 -0.8889 0.2812
vn -0.1210 -0.2546 -0.9594
vn -0.1944 -0.6354 -0.7473
vn -0.0675 0.7181 0.6927
vn -0.3495 -0.6671 0.6579
vn 0.0252 0.7375 -0.6749
vn 0.9313 -0.3262 0.1619
vn -0.2204 -0.7052 0.6739
vn 0.0034 -0.3030 -0.9530
vn -0.0370 0.3151 0.9483
vn -0.0914 -0.6745 -0.7326
vn 0.7782 0.6233 0.0772
vn -0.5051 0.5986 0.6217
vn -0.8969 -0.3073 -0.3179
vn 0.3386 -0.3196 -0.8850
vn 0.4848 0.8546 -0.1862
vn 0.2028 0.8277 -0.5232
vn 0.5872 0.6132 -0.5284
vn -0.0545 -0.4637 -0.8843
vn -0.1183 0.7576 0.6420
vn -0.5122 -0.8423 0.1679
vn 0.2029 0.8278 -0.5231
vn 0.2029 0.8276 -0.5233
vn -0.1194 0.7188 0.6848
vn -0.9973 -0.0706 0.0177
vn 0.8853 0.3707 -0.2807
vn 0.6676 0.5814 -0.4651
vn -0.9324 -0.2906 0.2150
vn -0.1398 0.8149 0.5625
vn -0.0203 -0.4922 -0.8703
vn 0.3048 -0.2333 -0.9234
vn -0.8234 -0.5474 -0.1492
vn -0.4770 0.5846 0.6563
vn 0.5716 0.8078 -0.1440
vn 0.3506 0.8974 -0.2678
vn -0.4444 0.4408 0.7799
vn -0.6117 -0.7853 0.0955
vn 0.2452 -0.3033 -0.9208
vn 0.0171 -0.6470 -0.7623
vn -0.2103 0.7706 0.6016
vn -0.7156 -0.5405 0.4426
vn 0.4488 0.6660 -0.5959
vn 0.6946 -0.4734 0.5417
vn -0.6151 -0.5996 0.5119
vn 0.3434 -0.3724 -0.8622
vn -0.3688 0.3899 0.8438
vn 0.0946 -0.7027 -0.7052
vn 0.6857 0.7062 -0.1763
vn -0.2873 0.5195 0.8047
vn -0.9165 -0.3996 0.0196
vn 0.0075 -0.2544 -0.9671
vn 0.2937 0.9093 -0.2947
vn -0.0907 0.8596 -0.5029
vn -0.0905 0.8594 -0.5032
vn 0.2816 0.6907 -0.6660
vn -0.3403 -0.4428 -0.8296
vn 0.0612 0.7212 0.6900
vn -0.3270 -0.8998 0.2888
vn -0.0906 0.8595 -0.5030
vn -0.0909 0.8594 -0.5032
vn 0.0801 0.6815 0.7274
vn -0.9047 -0.1852 0.3837
vn 0.6731 0.4775 -0.5647
vn 0.3827 0.6666 -0.6396
vn -0.7491 -0.4015 0.5269
vn 0.0058 0.7779 0.6284
vn -0.3007 -0.4674 -0.8313
vn -0.0464 -0.1715 -0.9841
vn -0.7619 -0.6342 0.1318
vn -0.2470 0.5079 0.8252
vn 0.3940 0.8717 -0.2913
vn 0.1352 0.9387 -0.3171
vn -0.1563 0.3655 0.9176
vn -0.4515 -0.8527 0.2628
vn -0.0936 -0.2480 -0.9642
vn -0.2105 -0.6199 -0.7559
vn -0.0401 0.7247 0.6879
vn -0.4393 -0.6309 0.6395
vn 0.1236 0.7291 -0.6732
vn 0.8900 -0.4050 0.2096
vn -0.3149 -0.6800 0.6621
vn 0.0257 -0.3069 -0.9514
vn -0.0578 0.3219 0.9450
vn -0.1122 -0.6678 -0.7359
vn 0.6457 -0.0575 0.7615
vn -0.5699 -0.6747 0.4690
vn -0.8390 0.2773 -0.4681
vn 0.3354 0.9159 -0.2206
vn 0.2963 0.1785 0.9383
vn 0.0035 0.4994 0.8664
vn 0.0036 0.4993 0.8664
vn 0.4209 0.5358 0.7319
vn -0.0213 0.8982 -0.4392
vn -0.2208 -0.6789 0.7003
vn -0.3267 -0.1624 -0.9311
vn 0.0032 0.4990 0.8666
vn 0.0032 0.4993 0.8664
vn -0.2116 -0.7201 0.6609
vn -0.9613 -0.0732 -0.2657
vn 0.7760 0.3164 0.5456
vn 0.5100 0.4787 0.7147
vn -0.8420 -0.2569 -0.4744
vn -0.2582 -0.6033 0.7546
vn 0.0187 0.8874 -0.4607
vn 0.2830 0.9486 -0.1415
vn -0.7094 0.1234 -0.6939
vn -0.5374 -0.7069 0.4599
vn 0.3930 0.1435 0.9083
vn 0.1513 0.2502 0.9563
vn -0.4694 -0.8223 0.3217
vn -0.4399 -0.0983 -0.8927
vn 0.2385 0.9455 -0.2219
vn 0.0924 0.7883 -0.6083
vn -0.3161 -0.6445 0.6962
vn -0.5663 -0.4608 -0.6833
vn 0.2708 0.5928 0.7584
vn 0.8073 -0.4799 -0.3434
vn -0.4520 -0.5216 -0.7236
vn 0.3519 0.8956 -0.2721
vn -0.3814 -0.8794 0.2848
vn 0.1828 0.7382 -0.6493
vn 0.4622 0.1403 0.8756
vn -0.4809 -0.7750 0.4100
vn -0.7604 0.0365 -0.6484
vn 0.1483 0.9602 -0.2368
vn 0.0373 0.2884 0.9568
vn -0.3011 0.5215 0.7984
vn -0.3009 0.5215 0.7985
vn 0.1151 0.6561 0.7458
vn -0.1388 0.8437 -0.5186
vn -0.1986 -0.6811 0.7048
vn -0.0715 -0.2801 -0.9573
vn -0.3009 0.5216 0.7984
vn -0.3006 0.5216 0.7985
vn -0.1717 -0.7204 0.6720
vn -0.8366 -0.3242 -0.4415
vn 0.5435 0.5251 0.6549
vn 0.2167 0.6226 0.7520
vn -0.6354 -0.4810 -0.6041
vn -0.2636 -0.6150 0.7431
vn -0.0937 0.8424 -0.5307
vn 0.0740 0.9821 -0.1730
vn -0.5526 -0.0897 -0.8286
vn -0.4405 -0.7984 0.4105
vn 0.1438 0.2775 0.9499
vn -0.1209 0.3220 0.9390
vn -0.3190 -0.8990 0.3001
vn -0.2022 -0.2449 -0.9482
vn 0.0497 0.9643 -0.2600
vn 0.0313 0.7586 -0.6508
vn -0.2962 -0.6720 0.6787
vn -0.2811 -0.6180 -0.7342
vn -0.0464 0.6746 0.7367
vn 0.9523 -0.2760 -0.1303
vn -0.1496 -0.6498 -0.7452
vn 0.1797 0.9425 -0.2819
vn -0.2143 -0.9337 0.2869
vn 0.1376 0.7312 -0.6682
vn 0.2232 0.2010 0.9538
vn -0.5605 -0.7633 0.3213
vn -0.5713 -0.0196 -0.8205
vn 0.1928 0.9490 -0.2493
vn -0.2100 0.3421 0.9159
vn -0.4989 0.5576 0.6635
vn -0.0854 0.6995 0.7096
vn -0.0119 0.8095 -0.5869
vn -0.3634 -0.6457 0.6716
vn 0.1770 -0.3348 -0.9255
vn -0.4994 0.5572 0.6635
vn -0.4996 0.5569 0.6635
vn -0.3286 -0.6860 0.6491
vn -0.6935 -0.3701 -0.6182
vn 0.3536 0.5748 0.7380
vn 0.0118 0.6690 0.7432
vn -0.4558 -0.5304 -0.7147
vn -0.4367 -0.5793 0.6882
vn 0.0347 0.8087 -0.5871
vn 0.1045 0.9726 -0.2079
vn -0.3232 -0.1502 -0.9343
vn -0.5213 -0.7855 0.3335
vn -0.1052 0.3337 0.9368
vn -0.3589 0.3706 0.8567
vn -0.3747 -0.8889 0.2636
vn 0.0479 -0.3026 -0.9519
vn 0.1033 0.9493 -0.2969
vn 0.1870 0.7217 -0.6664
vn -0.4512 -0.6407 0.6212
vn -0.0786 -0.6651 -0.7426
vn -0.2394 0.7132 0.6588
vn 0.9572 -0.2578 0.1316
vn 0.9572 -0.2579 0.1316
vn 0.0517 -0.6940 -0.7181
vn 0.2349 0.9297 -0.2838
vn -0.2696 -0.9215 0.2794
vn 0.2946 0.6961 -0.6547
vn 0.0849 0.2788 0.9566
vn -0.3276 -0.8898 0.3177
vn -0.4798 -0.2081 -0.8524
vn -0.0830 0.9576 -0.2760
vn -0.3669 0.2820 0.8865
vn -0.6890 0.3944 0.6080
vn -0.6887 0.3949 0.6081
vn -0.3407 0.6559 0.6736
vn -0.2123 0.7558 -0.6194
vn -0.2000 -0.7110 0.6742
vn 0.3340 -0.2852 -0.8984
vn -0.6886 0.3942 0.6086
vn -0.6884 0.3949 0.6084
vn -0.1532 -0.7394 0.6556
vn -0.5054 -0.5748 -0.6436
vn 0.1123 0.6699 0.7339
vn -0.2415 0.6568 0.7143
vn -0.2245 -0.6580 -0.7188
vn -0.2908 -0.6695 0.6836
vn -0.1676 0.7691 -0.6167
vn -0.1770 0.9543 -0.2410
vn -0.1966 -0.2601 -0.9454
vn -0.2845 -0.8990 0.3331
vn -0.2661 0.3060 0.9141
vn -0.5129 0.2630 0.8172
vn -0.1091 -0.9548 0.2766
vn 0.2033 -0.2940 -0.9339
vn -0.1649 0.9299 -0.3289
vn 0.0090 0.7304 -0.6829
vn -0.2815 -0.7337 0.6184
vn 0.1768 -0.6733 -0.7180
vn -0.4878 0.6215 0.6130
vn 0.9787 0.0455 0.2003
vn 0.9787 0.0454 0.2003
vn 0.3076 -0.6611 -0.6844
vn -0.0347 0.9511 -0.3070
vn -0.0004 -0.9539 0.3002
vn 0.1182 0.7387 -0.6636
vn 0.5625 0.1623 0.8107
vn -0.3734 -0.8082 0.4554
vn -0.8392 -0.0071 -0.5438
vn 0.0552 0.9698 -0.2374
vn 0.1434 0.2817 0.9487
vn -0.2265 0.4939 0.8395
vn -0.2264 0.4940 0.8395
vn 0.1696 0.6556 0.7358
vn -0.2581 0.8375 -0.4817
vn -0.0617 -0.6987 0.7127
vn -0.1778 -0.2756 -0.9447
vn -0.2264 0.4939 0.8395
vn -0.2266 0.4939 0.8395
vn -0.0369 -0.7359 0.6761
vn -0.8649 -0.3739 -0.3350
vn 0.5900 0.5534 0.5880
vn 0.2731 0.6286 0.7282
vn -0.6770 -0.5159 -0.5249
vn -0.1252 -0.6374 0.7603
vn -0.2150 0.8392 -0.4995
vn -0.0114 0.9864 -0.1642
vn -0.6491 -0.1180 -0.7515
vn -0.3319 -0.8289 0.4503
vn 0.2485 0.2778 0.9279
vn -0.0176 0.3051 0.9521
vn -0.2198 -0.9204 0.3234
vn -0.3082 -0.2491 -0.9181
vn -0.0456 0.9678 -0.2476
vn -0.1017 0.7648 -0.6362
vn -0.1622 -0.6958 0.6997
vn -0.3347 -0.6284 -0.7022
vn 0.0075 0.6637 0.7480
vn 0.9427 -0.2125 -0.2572
vn -0.2041 -0.6515 -0.7306
vn 0.0816 0.9546 -0.2865
vn -0.1156 -0.9481 0.2961
vn 0.0030 0.7444 -0.6677
vn 0.3001 0.1658 0.9394
vn -0.5681 -0.7479 0.3433
vn -0.6294 0.0261 -0.7766
vn 0.2149 0.9467 -0.2401
vn -0.1282 0.3257 0.9367
vn -0.4255 0.5594 0.7113
vn -0.4257 0.5592 0.7114
vn -0.0036 0.6830 0.7304
vn -0.0195 0.8249 -0.5649
vn -0.3413 -0.6480 0.6808
vn 0.0950 -0.3167 -0.9438
vn -0.4257 0.5593 0.7113
vn -0.4255 0.5592 0.7115
vn -0.3100 -0.6892 0.6550
vn -0.7517 -0.3244 -0.5742
vn 0.4304 0.5397 0.7235
vn 0.0943 0.6476 0.7561
vn -0.5287 -0.4918 -0.6918
vn -0.4103 -0.5792 0.7044
vn 0.0269 0.8222 -0.5686
vn 0.1309 0.9727 -0.1917
vn -0.3961 -0.1115 -0.9114
vn -0.5291 -0.7721 0.3520
vn -0.0226 0.3124 0.9497
vn -0.2797 0.3618 0.8893
vn -0.3925 -0.8795 0.2691
vn -0.0342 -0.2786 -0.9598
vn 0.1223 0.9519 -0.2809
vn 0.1692 0.7311 -0.6609
vn -0.4322 -0.6381 0.6372
vn -0.1606 -0.6411 -0.7505
vn -0.1602 0.7045 0.6914
vn 0.9522 -0.3005 0.0548
vn -0.0303 -0.6760 -0.7363
vn 0.2535 0.9265 -0.2780
vn -0.2881 -0.9169 0.2764
vn 0.2761 0.7008 -0.6577
vn 0.6830 0.1039 0.7230
vn -0.3698 -0.7827 0.5006
vn -0.9055 0.0687 -0.4188
vn 0.1000 0.9659 -0.2388
vn 0.2988 0.2543 0.9198
vn -0.0642 0.4972 0.8653
vn -0.0643 0.4972 0.8653
vn 0.3250 0.6282 0.7069
vn -0.2546 0.8629 -0.4365
vn -0.0170 -0.7027 0.7113
vn -0.3317 -0.2456 -0.9109
vn -0.0644 0.4973 0.8652
vn -0.0641 0.4973 0.8652
vn -0.0006 -0.7411 0.6714
vn -0.9312 -0.2980 -0.2099
vn 0.7104 0.4950 0.5002
vn 0.4238 0.5932 0.6845
vn -0.7843 -0.4516 -0.4253
vn -0.0678 -0.6372 0.7677
vn -0.2144 0.8615 -0.4603
vn 0.0460 0.9866 -0.1568
vn -0.7565 -0.0537 -0.6518
vn -0.3313 -0.8066 0.4895
vn 0.3993 0.2424 0.8842
vn 0.1424 0.2905 0.9462
vn -0.2461 -0.9048 0.3475
vn -0.4544 -0.2092 -0.8659
vn -0.0011 0.9721 -0.2345
vn -0.1280 0.7804 -0.6120
vn -0.1177 -0.6915 0.7127
vn -0.4809 -0.5885 -0.6499
vn 0.1675 0.6491 0.7421
vn 0.8763 -0.2833 -0.3897
vn -0.3580 -0.6215 -0.6968
vn 0.1178 0.9494 -0.2912
vn -0.1495 -0.9403 0.3056
vn -0.0309 0.7522 -0.6582
vn 0.3524 0.0969 0.9308
vn -0.6424 -0.6845 0.3445
vn -0.6496 0.1279 -0.7495
vn 0.3202 0.9211 -0.2215
vn -0.0530 0.3075 0.9501
vn -0.3276 0.5827 0.7437
vn -0.3280 0.5828 0.7435
vn 0.1068 0.6538 0.7491
vn 0.0609 0.8395 -0.5399
vn -0.3929 -0.6242 0.6753
vn 0.0208 -0.2944 -0.9555
vn -0.3275 0.5829 0.7436
vn -0.3678 -0.6679 0.6471
vn -0.8063 -0.2117 -0.5524
vn 0.5195 0.4591 0.7206
vn 0.2005 0.6060 0.7698
vn -0.6100 -0.4008 -0.6836
vn -0.4520 -0.5482 0.7037
vn 0.1065 0.8313 -0.5456
vn 0.2419 0.9555 -0.1691
vn -0.4400 -0.0323 -0.8974
vn -0.6064 -0.7135 0.3510
vn 0.0506 0.2811 0.9583
vn -0.2005 0.3633 0.9099
vn -0.4871 -0.8339 0.2596
vn -0.1032 -0.2403 -0.9652
vn 0.2275 0.9389 -0.2584
vn 0.2331 0.7268 -0.6461
vn -0.4834 -0.6018 0.6357
vn -0.2653 -0.5916 -0.7613
vn -0.0473 0.6953 0.7172
vn 0.9096 -0.4153 0.0076
vn 0.9096 -0.4154 0.0076
vn -0.1398 -0.6425 -0.7534
vn 0.3547 0.8977 -0.2615
vn -0.3878 -0.8838 0.2616
vn 0.3355 0.6836 -0.6481
vn -0.9124 0.1204 -0.3912
vn -0.9125 0.1198 -0.3911
vn -0.7314 -0.1796 -0.6579
vn -0.9123 0.1201 -0.3915
vn -0.9124 0.1201 -0.3913
vn 0.0198 0.9550 -0.2960
vn -0.3538 -0.3003 -0.8858
vn 0.2468 0.3295 0.9113
vn -0.4968 -0.8679 -0.0070
vn 0.2375 0.9678 0.0838
vn -0.4553 -0.8873 0.0727
vn 0.3270 0.9448 0.0219
vn -0.4664 0.2463 0.8496
vn -0.5069 -0.8599 0.0602
vn -0.3218 0.0585 -0.9450
vn -0.6969 0.0502 -0.7154
vn -0.6970 0.0500 -0.7154
vn -0.5886 -0.6838 0.4312
vn 0.2067 0.8308 -0.5168
vn -0.6971 0.0499 -0.7153
vn -0.2030 0.1547 0.9669
vn 0.3328 0.9403 -0.0720
vn -0.5767 -0.8091 0.1133
vn -0.3879 -0.7672 0.5108
vn 0.4526 0.3373 0.8255
vn 0.9114 0.3894 -0.1335
vn -0.9994 -0.0181 -0.0283
vn 0.2696 0.8277 -0.4922
vn 0.2691 0.8279 -0.4921
vn 0.2994 0.6440 0.7040
vn 0.2692 0.8278 -0.4922
vn 0.2691 0.8277 -0.4924
vn -0.9239 0.1762 0.3396
vn 0.6389 0.4680 -0.6106
vn -0.6774 -0.4133 0.6085
vn 0.5605 0.7560 -0.3381
vn -0.1398 0.5180 0.8439
vn -0.8477 -0.4751 0.2359
vn -0.1925 -0.2827 -0.9397
vn 0.1352 0.9214 -0.3644
vn -0.2811 0.8326 -0.4773
vn -0.2807 0.8328 -0.4772
vn 0.0576 0.6911 -0.7204
vn -0.4810 -0.4955 -0.7232
vn 0.1535 0.7449 0.6493
vn -0.1697 -0.9149 0.3663
vn -0.2810 0.8328 -0.4770
vn 0.1840 0.7081 0.6818
vn -0.7716 -0.2492 0.5852
vn 0.4794 0.5151 -0.7105
vn 0.1638 0.6765 -0.7180
vn -0.5685 -0.4470 0.6906
vn 0.0806 0.7947 0.6017
vn -0.4408 -0.5168 -0.7339
vn -0.2562 -0.2053 -0.9446
vn -0.6510 -0.6921 0.3117
vn -0.0949 0.5105 0.8546
vn 0.2365 0.8926 -0.3839
vn -0.0262 0.9365 -0.3497
vn 0.0270 0.3792 0.9249
vn -0.3005 -0.8793 0.3694
vn -0.2904 -0.2848 -0.9135
vn -0.3225 -0.6587 -0.6798
vn 0.0546 0.7397 0.6707
vn -0.2219 -0.6457 0.7306
vn -0.1006 0.7157 -0.6912
vn 0.9470 -0.3213 0.0016
vn 0.9470 -0.3214 0.0016
vn -0.0917 -0.6834 0.7243
vn -0.1666 -0.3331 -0.9281
vn 0.1327 0.3450 0.9292
vn -0.2183 -0.6974 -0.6826
vn -0.2606 -0.0975 -0.9605
vn 0.4211 0.8767 -0.2324
vn -0.0607 0.3578 0.9318
vn -0.7435 -0.6126 0.2682
vn -0.5488 0.2220 -0.8059
vn -0.8115 0.3415 -0.4742
vn -0.8116 0.3416 -0.4740
vn -0.7893 -0.0767 -0.6092
vn -0.6376 -0.4380 0.6337
vn 0.3300 0.7204 -0.6101
vn 0.5311 -0.1975 0.8240
vn -0.8118 0.3418 -0.4735
vn -0.8116 0.3418 -0.4738
vn 0.3838 0.7018 -0.6001
vn 0.1752 0.6507 0.7388
vn -0.5123 -0.4100 -0.7547
vn -0.7301 -0.1440 -0.6680
vn 0.4287 0.4871 0.7609
vn 0.2387 0.7613 -0.6028
vn -0.6189 -0.4792 0.6224
vn -0.8059 -0.5359 0.2517
vn 0.1727 0.1692 0.9703
vn 0.4543 0.8534 -0.2556
vn -0.5044 0.1363 -0.8526
vn -0.6216 0.3312 -0.7098
vn 0.6164 0.7523 -0.2324
vn 0.4568 -0.1011 0.8838
vn -0.7700 -0.5424 0.3362
vn -0.4677 -0.5939 0.6546
vn 0.3003 0.7867 -0.5394
vn 0.7008 0.2019 0.6842
vn -0.8523 0.0448 -0.5211
vn 0.5795 -0.7192 -0.3834
vn 0.5795 -0.7192 -0.3833
vn 0.7729 0.1028 0.6261
vn -0.7038 -0.6487 0.2896
vn 0.6838 0.6754 -0.2762
vn -0.4051 -0.6768 0.6147
vn 0.1046 0.0292 -0.9941
vn -0.0463 0.9989 -0.0036
vn -0.4914 0.0520 0.8694
vn -0.3611 -0.9305 -0.0613
vn -0.3366 0.1320 -0.9324
vn -0.7034 0.0323 -0.7101
vn -0.7031 0.0330 -0.7103
vn -0.4320 -0.2815 -0.8568
vn -0.4664 -0.8212 0.3289
vn 0.0649 0.9149 -0.3985
vn 0.3046 -0.1237 0.9444
vn -0.7032 0.0327 -0.7103
vn -0.7029 0.0325 -0.7105
vn 0.1153 0.9214 -0.3711
vn -0.3978 0.4575 0.7953
vn 0.0048 -0.4033 -0.9151
vn -0.3330 -0.2974 -0.8948
vn -0.1140 0.4291 0.8960
vn -0.0322 0.9061 -0.4219
vn -0.4269 -0.8449 0.3222
vn -0.4468 -0.8897 -0.0938
vn -0.2156 -0.0110 0.9764
vn -0.0010 0.9999 -0.0148
vn -0.2434 0.0906 -0.9657
vn -0.4786 0.1685 -0.8617
vn 0.1762 0.9826 0.0584
vn 0.1781 -0.0900 0.9799
vn -0.4377 -0.8991 -0.0028
vn -0.2540 -0.8811 0.3989
vn -0.0129 0.9407 -0.3389
vn 0.2749 0.3295 0.9033
vn -0.5701 -0.2280 -0.7893
vn 0.9468 -0.2545 -0.1969
vn 0.9468 -0.2546 -0.1969
vn 0.4006 0.2920 0.8685
vn -0.3162 -0.9482 -0.0296
vn 0.2826 0.9585 0.0367
vn -0.1496 -0.9134 0.3786
vn 0.0400 -0.0993 -0.9943
vn 0.1258 0.9846 -0.1214
vn -0.4148 0.2340 0.8793
vn -0.5189 -0.8521 0.0683
vn -0.3717 0.0867 -0.9243
vn -0.7343 0.0793 -0.6742
vn -0.7343 0.0795 -0.6742
vn -0.5314 -0.2922 -0.7951
vn -0.5770 -0.6835 0.4471
vn 0.1937 0.8392 -0.5082
vn 0.3426 -0.0715 0.9368
vn -0.7342 0.0794 -0.6743
vn -0.7340 0.0795 -0.6745
vn 0.2463 0.8396 -0.4842
vn -0.2581 0.6058 0.7526
vn -0.1270 -0.4957 -0.8591
vn -0.4394 -0.3297 -0.8356
vn 0.0228 0.5384 0.8424
vn 0.0951 0.8453 -0.5257
vn -0.5427 -0.7146 0.4415
vn -0.5983 -0.8005 0.0352
vn -0.1471 0.1351 0.9798
vn 0.1697 0.9762 -0.1348
vn -0.2896 0.0259 -0.9568
vn -0.5002 0.1555 -0.8518
vn 0.3459 0.9358 -0.0686
vn 0.2264 -0.0121 0.9740
vn -0.5847 -0.8013 0.1262
vn -0.3738 -0.7724 0.5136
vn 0.1257 0.8849 -0.4485
vn 0.3884 0.3723 0.8429
vn -0.6533 -0.2079 -0.7280
vn 0.8733 -0.4395 -0.2100
vn 0.8733 -0.4395 -0.2099
vn 0.5031 0.3095 0.8069
vn -0.4757 -0.8739 0.0998
vn 0.4448 0.8908 -0.0923
vn -0.2780 -0.8248 0.4924
vn -0.4543 0.1475 -0.8786
vn 0.2698 0.9629 -0.0097
vn 0.1100 0.0534 0.9925
vn -0.6012 -0.7774 0.1849
vn -0.7319 0.3559 -0.5811
vn -0.9260 0.3277 -0.1873
vn -0.9260 0.3278 -0.1870
vn -0.8921 -0.0226 -0.4512
vn -0.4356 -0.7030 0.5622
vn 0.1140 0.9116 -0.3949
vn 0.7162 -0.3410 0.6089
vn -0.9260 0.3280 -0.1868
vn -0.9260 0.3280 -0.1870
vn 0.1703 0.9000 -0.4013
vn 0.2672 0.4246 0.8651
vn -0.6218 -0.2485 -0.7427
vn -0.8409 -0.0590 -0.5380
vn 0.5344 0.3055 0.7881
vn 0.0229 0.9331 -0.3589
vn -0.4158 -0.7354 0.5351
vn -0.6730 -0.7106 0.2054
vn 0.3639 -0.0973 0.9263
vn 0.2991 0.9532 -0.0446
vn -0.6905 0.2961 -0.6599
vn -0.7924 0.4186 -0.4437
vn 0.4717 0.8777 -0.0842
vn 0.6476 -0.2799 0.7087
vn -0.6189 -0.7356 0.2754
vn -0.2505 -0.8282 0.5014
vn 0.0941 0.9484 -0.3027
vn 0.8102 0.1040 0.5769
vn -0.9461 0.0557 -0.3191
vn 0.5501 -0.4699 -0.6903
vn 0.5501 -0.4699 -0.6904
vn 0.8773 0.0395 0.4782
vn -0.5542 -0.8113 0.1862
vn 0.5351 0.8292 -0.1616
vn -0.1902 -0.8842 0.4266
vn 0.3476 -0.0822 -0.9340
vn -0.0767 0.9864 -0.1452
vn -0.6937 0.1231 0.7097
vn -0.3038 -0.9524 -0.0249
vn -0.0982 -0.0013 -0.9952
vn -0.5050 -0.0968 -0.8577
vn -0.5052 -0.0970 -0.8575
vn -0.1958 -0.4081 -0.8917
vn -0.5065 -0.8045 0.3103
vn 0.1320 0.8634 -0.4869
vn 0.0640 0.0090 0.9979
vn -0.5051 -0.0968 -0.8576
vn 0.1738 0.8764 -0.4492
vn -0.5980 0.5222 0.6081
vn 0.2455 -0.5078 -0.8257
vn -0.0900 -0.4221 -0.9021
vn -0.3473 0.5241 0.7776
vn 0.0441 0.8457 -0.5318
vn -0.4657 -0.8263 0.3166
vn -0.3800 -0.9213 -0.0823
vn -0.4512 0.0911 0.8877
vn -0.0300 0.9890 -0.1452
vn 0.0016 -0.0403 -0.9992
vn -0.2544 0.0341 -0.9665
vn 0.1239 0.9919 -0.0296
vn -0.0684 0.0384 0.9969
vn -0.3935 -0.9193 0.0087
vn -0.3163 -0.8420 0.4370
vn 0.0410 0.8911 -0.4519
vn 0.0306 0.4512 0.8919
vn -0.3481 -0.3560 -0.8672
vn 0.9738 -0.2150 0.0737
vn 0.1621 0.4180 0.8939
vn -0.2677 -0.9633 0.0188
vn 0.2330 0.9722 -0.0215
vn -0.2091 -0.8697 0.4471
vn -0.5413 -0.7925 0.2810
vn -0.1105 -0.2961 -0.9487
vn 0.1566 0.9123 -0.3783
vn -0.2519 0.4759 0.8427
vn -0.8534 -0.5116 0.1001
vn -0.9928 -0.0947 0.0739
vn -0.9928 -0.0948 0.0739
vn -0.8506 -0.2655 0.4539
vn -0.0981 0.7873 0.6087
vn -0.2644 -0.6226 -0.7365
vn 0.8354 0.5371 -0.1163
vn -0.9928 -0.0947 0.0738
vn -0.9927 -0.0951 0.0739
vn -0.2086 -0.6358 -0.7432
vn 0.1539 0.6709 -0.7254
vn -0.5384 -0.5350 0.6511
vn -0.7961 -0.3482 0.4949
vn 0.4397 0.5796 -0.6861
vn -0.3540 -0.5774 -0.7357
vn -0.0698 0.7660 0.6391
vn -0.3418 0.4915 0.8010
vn 0.4426 0.8416 -0.3096
vn -0.0823 -0.3322 -0.9396
vn -0.7988 -0.5792 0.1629
vn -0.9224 -0.3855 0.0237
vn 0.1024 -0.3819 -0.9185
vn 0.7567 0.6292 -0.1774
vn -0.2772 0.5549 0.7844
vn 0.1151 0.7275 0.6763
vn -0.2897 -0.5404 -0.7900
vn 0.7539 0.3795 -0.5363
vn -0.9197 -0.1495 0.3631
vn 0.6320 -0.6385 0.4392
vn 0.8326 0.2897 -0.4721
vn -0.1959 0.4772 0.8567
vn 0.1734 -0.4548 -0.8736
vn 0.1861 0.6595 0.7283
vn -0.2262 -0.9496 0.2171
vn -0.3277 -0.1642 -0.9304
vn -0.6356 -0.7473 0.1936
vn -0.8695 -0.3907 0.3023
vn -0.5267 -0.8407 0.1253
vn -0.3326 0.0347 -0.9424
vn 0.1402 0.9861 -0.0891
vn -0.0296 0.1701 0.9850
vn -0.8482 -0.5158 0.1204
vn -0.9582 -0.1140 0.2624
vn -0.9583 -0.1139 0.2622
vn -0.7514 -0.4007 0.5243
vn 0.0936 0.5413 0.8356
vn -0.4617 -0.3436 -0.8178
vn 0.8292 0.5452 -0.1230
vn -0.9583 -0.1140 0.2621
vn -0.9583 -0.1140 0.2619
vn -0.4097 -0.3538 -0.8408
vn 0.0453 0.8732 -0.4852
vn -0.4254 -0.7203 0.5478
vn -0.6958 -0.4923 0.5229
vn 0.3251 0.7741 -0.5433
vn -0.5454 -0.3012 -0.7822
vn 0.1261 0.5112 0.8502
vn -0.1248 0.1987 0.9721
vn 0.4282 0.8965 -0.1134
vn -0.3059 -0.0024 -0.9521
vn -0.7867 -0.6003 0.1439
vn -0.9223 -0.3715 0.1064
vn -0.1252 -0.0563 -0.9905
vn 0.7464 0.6523 -0.1315
vn -0.0607 0.2639 0.9626
vn 0.3113 0.4626 0.8302
vn -0.4915 -0.2483 -0.8347
vn 0.6482 0.5356 -0.5413
vn -0.8294 -0.2611 0.4938
vn 0.8904 0.2187 0.3991
vn -0.8048 -0.3104 0.5059
vn -0.9093 -0.4015 0.1095
vn 0.5749 -0.0655 -0.8156
vn 0.7319 0.4295 -0.5291
vn 0.0281 0.1666 0.9856
vn -0.0520 -0.1399 -0.9888
vn 0.3864 0.3812 0.8399
vn -0.5315 -0.8129 0.2381
vn -0.1860 -0.1950 -0.9630
vn 0.1426 0.9454 -0.2931
vn -0.1804 0.3877 0.9039
vn -0.8516 -0.5121 0.1115
vn -0.9858 -0.0938 0.1390
vn -0.9858 -0.0936 0.1393
vn -0.8184 -0.3041 0.4876
vn -0.0396 0.7205 0.6923
vn -0.3288 -0.5405 -0.7744
vn 0.8330 0.5393 -0.1236
vn -0.9859 -0.0937 0.1389
vn -0.9859 -0.0938 0.1389
vn -0.2738 -0.5533 -0.7867
vn 0.1100 0.7414 -0.6620
vn -0.4967 -0.5953 0.6316
vn -0.7624 -0.3912 0.5155
vn 0.3964 0.6441 -0.6542
vn -0.4173 -0.4949 -0.7622
vn -0.0094 0.6959 0.7180
vn -0.2729 0.4084 0.8710
vn 0.4318 0.8655 -0.2540
vn -0.1577 -0.2320 -0.9598
vn -0.7936 -0.5863 0.1627
vn -0.9241 -0.3782 0.0540
vn 0.0273 -0.2852 -0.9581
vn 0.7514 0.6379 -0.1686
vn -0.2087 0.4726 0.8562
vn 0.1771 0.6523 0.7370
vn -0.3567 -0.4529 -0.8171
vn 0.7177 0.4269 -0.5502
vn -0.8923 -0.1788 0.4146
vn 0.6527 -0.6860 0.3217
vn 0.7995 0.3302 -0.5017
vn -0.1235 0.3871 0.9137
vn 0.1002 -0.3629 -0.9264
vn 0.2507 0.5787 0.7761
vn -0.6131 -0.7868 0.0712
vn -0.3727 0.1723 -0.9118
vn 0.2482 0.9687 0.0032
vn 0.0391 0.0649 0.9971
vn -0.8949 -0.4300 0.1192
vn -0.9508 -0.0362 0.3076
vn -0.9508 -0.0364 0.3078
vn -0.7656 -0.3705 0.5260
vn 0.1966 0.4345 0.8790
vn -0.5382 -0.2009 -0.8186
vn 0.8793 0.4615 -0.1175
vn -0.9508 -0.0364 0.3075
vn -0.9509 -0.0360 0.3073
vn -0.4889 -0.2141 -0.8457
vn 0.1213 0.9103 -0.3958
vn -0.4778 -0.7245 0.4968
vn -0.7211 -0.4670 0.5119
vn 0.3847 0.7880 -0.4807
vn -0.6145 -0.1537 -0.7738
vn 0.2261 0.3996 0.8884
vn -0.0528 0.1050 0.9931
vn 0.5223 0.8514 -0.0477
vn -0.3510 0.1338 -0.9268
vn -0.8424 -0.5229 0.1301
vn -0.9525 -0.2779 0.1246
vn -0.1798 0.0650 -0.9816
vn 0.8091 0.5773 -0.1101
vn 0.0179 0.1635 0.9864
vn 0.4032 0.3335 0.8522
vn -0.5576 -0.1016 -0.8239
vn 0.6778 0.5169 -0.5228
vn -0.8285 -0.2208 0.5147
vn 0.5729 -0.8173 -0.0625
vn 0.7493 0.4016 -0.5266
vn 0.0960 0.0552 0.9939
vn -0.1167 -0.0258 -0.9928
vn 0.4689 0.2438 0.8490
vn 0.1567 0.9123 -0.3784
vn -0.9927 -0.0948 0.0740
vn -0.9927 -0.0947 0.0741
vn -0.8506 -0.2654 0.4540
vn -0.0982 0.7873 0.6087
vn 0.8355 0.5371 -0.1163
vn -0.9928 -0.0948 0.0738
vn -0.9928 -0.0949 0.0737
vn -0.2086 -0.6357 -0.7432
vn 0.4396 0.5797 -0.6861
vn 0.1151 0.7275 0.6764
vn 0.6320 -0.6386 0.4392
vn -0.6512 -0.7568 0.0569
vn -0.3838 0.2260 -0.8953
vn 0.2980 0.9540 0.0332
vn 0.0649 0.0245 0.9976
vn -0.9131 -0.3882 0.1250
vn -0.9442 0.0006 0.3294
vn -0.9442 0.0005 0.3293
vn -0.7717 -0.3510 0.5304
vn 0.2386 0.3899 0.8894
vn -0.5662 -0.1417 -0.8120
vn 0.8991 0.4204 -0.1218
vn -0.9442 0.0005 0.3294
vn -0.9442 0.0004 0.3293
vn -0.5183 -0.1564 -0.8408
vn 0.1593 0.9175 -0.3645
vn -0.5033 -0.7178 0.4811
vn -0.7325 -0.4490 0.5116
vn 0.4140 0.7853 -0.4603
vn -0.6390 -0.0924 -0.7637
vn 0.2664 0.3532 0.8968
vn -0.0249 0.0693 0.9973
vn 0.5645 0.8249 -0.0288
vn -0.3644 0.1870 -0.9123
vn -0.8652 -0.4840 0.1312
vn -0.9625 -0.2337 0.1374
vn -0.1983 0.1117 -0.9738
vn 0.8352 0.5392 -0.1083
vn 0.0486 0.1243 0.9910
vn 0.4390 0.2796 0.8539
vn -0.5806 -0.0414 -0.8132
vn 0.6917 0.5014 -0.5197
vn -0.8270 -0.1980 0.5263
vn 0.5283 -0.8423 -0.1069
vn 0.7570 0.3829 -0.5295
vn 0.1211 0.0120 0.9926
vn -0.1402 0.0183 -0.9899
vn 0.4999 0.1869 0.8457
vn 0.0495 0.8947 -0.4440
vn 0.0494 0.8946 -0.4442
vn 0.0494 0.8947 -0.4440
vn 0.0494 0.8946 -0.4441
vn 0.6682 0.3435 -0.6600
vn 0.0341 0.4817 0.8757
vn 0.1914 0.7304 -0.6556
vn -0.2897 0.4921 0.8210
vn -0.1904 0.8487 -0.4934
vn -0.1907 0.8486 -0.4935
vn -0.2324 -0.9250 0.3006
vn -0.1910 0.8486 -0.4935
vn -0.1911 0.8485 -0.4934
vn -0.8643 -0.2634 0.4284
vn 0.5993 0.5346 -0.5959
vn -0.0295 0.7751 0.6312
vn -0.1402 0.3500 0.9262
vn -0.2203 -0.7052 0.6739
vn 0.7782 0.6233 0.0773
vn 0.2030 0.8277 -0.5231
vn 0.2031 0.8276 -0.5233
vn -0.1183 0.7575 0.6420
vn 0.2028 0.8278 -0.5231
vn 0.2027 0.8278 -0.5232
vn 0.8853 0.3708 -0.2807
vn -0.0202 -0.4922 -0.8703
vn 0.5716 0.8078 -0.1441
vn 0.0171 -0.6471 -0.7623
vn -0.3689 0.3899 0.8438
vn 0.6119 0.7632 -0.2074
vn -0.2897 0.4920 0.8210
vn -0.1909 0.8487 -0.4932
vn -0.1909 0.8486 -0.4935
vn -0.1905 0.8487 -0.4934
vn -0.1909 0.8485 -0.4936
vn 0.0252 0.7374 -0.6749
vn -0.2874 0.5195 0.8047
vn -0.0905 0.8596 -0.5029
vn -0.0907 0.8595 -0.5030
vn -0.3402 -0.4428 -0.8296
vn -0.0908 0.8594 -0.5031
vn -0.0909 0.8594 -0.5031
vn -0.9047 -0.1852 0.3838
vn -0.7491 -0.4015 0.5270
vn 0.0058 0.7778 0.6284
vn 0.3940 0.8717 -0.2912
vn 0.3840 0.2444 0.8904
vn -0.3104 -0.8615 0.4018
vn -0.7230 -0.1382 -0.6769
vn -0.0618 0.9679 -0.2436
vn -0.0661 0.2935 0.9537
vn -0.4414 0.4443 0.7796
vn -0.4415 0.4441 0.7796
vn -0.0646 0.6684 0.7410
vn -0.3040 0.7887 -0.5344
vn -0.0683 -0.7052 0.7057
vn 0.0310 -0.2931 -0.9556
vn -0.4414 0.4440 0.7797
vn -0.4413 0.4440 0.7798
vn -0.0320 -0.7376 0.6745
vn -0.7244 -0.5059 -0.4683
vn 0.3855 0.6366 0.6679
vn 0.0416 0.6586 0.7513
vn -0.4869 -0.6142 -0.6211
vn -0.1479 -0.6553 0.7407
vn -0.2594 0.7975 -0.5448
vn -0.1416 0.9729 -0.1830
vn -0.4853 -0.2152 -0.8474
vn -0.2658 -0.8752 0.4042
vn 0.0403 0.3068 0.9509
vn -0.2270 0.2906 0.9295
vn -0.1207 -0.9464 0.2997
vn -0.1045 -0.2882 -0.9518
vn -0.1578 0.9497 -0.2705
vn -0.1142 0.7434 -0.6590
vn -0.1643 -0.7185 0.6759
vn -0.1060 -0.6686 -0.7361
vn -0.2256 0.6501 0.7256
vn 0.9943 -0.0554 -0.0909
vn 0.0295 -0.6700 -0.7417
vn -0.0254 0.9575 -0.2872
vn -0.0103 -0.9567 0.2909
vn -0.0038 0.7405 -0.6720
vn -0.3699 -0.7827 0.5006
vn 0.0999 0.9659 -0.2388
vn -0.0643 0.4973 0.8652
vn -0.2545 0.8629 -0.4365
vn -0.0169 -0.7027 0.7113
vn -0.0642 0.4972 0.8652
vn -0.0644 0.4972 0.8652
vn 0.7104 0.4950 0.5003
vn -0.1281 0.7804 -0.6120
vn 0.3524 0.0970 0.9308
vn -0.6496 0.1280 -0.7495
vn -0.0529 0.3075 0.9501
vn -0.3276 0.5828 0.7436
vn 0.0608 0.8395 -0.5400
vn -0.3929 -0.6241 0.6754
vn -0.3277 0.5826 0.7438
vn -0.3277 0.5828 0.7436
vn -0.8063 -0.2117 -0.5523
vn 0.5195 0.4592 0.7206
vn -0.4520 -0.5483 0.7036
vn -0.4399 -0.0323 -0.8974
vn 0.2330 0.7268 -0.6461
vn -0.4834 -0.6018 0.6358
vn -0.1399 -0.6425 -0.7534
vn 0.2149 0.9467 -0.2400
vn -0.4259 0.5591 0.7113
vn -0.0196 0.8249 -0.5649
vn -0.3413 -0.6481 0.6808
vn -0.4256 0.5591 0.7115
vn -0.4259 0.5593 0.7112
vn -0.5287 -0.4917 -0.6918
vn -0.3926 -0.8795 0.2691
vn 0.9522 -0.3005 0.0547
vn -0.3276 0.5828 0.7437
vn -0.3275 0.5827 0.7438
vn 0.0609 0.8395 -0.5400
vn -0.3278 0.5827 0.7437
vn -0.3273 0.5827 0.7439
vn -0.8063 -0.2116 -0.5524
vn -0.4520 -0.5482 0.7036
vn 0.3546 0.8977 -0.2615
vn -0.6496 0.1279 -0.7494
vn -0.3280 0.5828 0.7434
vn -0.3269 0.5830 0.7438
vn 0.1068 0.6537 0.7491
vn -0.3281 0.5826 0.7436
vn -0.3281 0.5827 0.7435
vn 0.3547 0.8977 -0.2616
vn -0.4521 0.5790 0.6785
vn -0.8367 0.0355 -0.5465
vn 0.4673 -0.2065 -0.8596
vn 0.8934 0.3130 0.3223
vn -0.3632 0.8689 0.3364
vn -0.0645 0.9971 0.0396
vn 0.0518 0.8912 0.4507
vn 0.9901 0.1337 -0.0436
vn -0.9588 0.2134 -0.1877
vn 0.3718 -0.8529 -0.3665
vn -0.0646 0.9971 0.0395
vn -0.0645 0.9971 0.0395
vn -0.9710 0.1574 -0.1800
vn 0.0603 -0.2283 -0.9717
vn -0.0179 0.6023 0.7981
vn 0.0163 0.8421 0.5391
vn 0.0262 -0.5078 -0.8611
vn -0.9270 0.3017 -0.2229
vn 0.9941 0.1084 -0.0045
vn 0.8754 0.3987 0.2733
vn 0.4678 -0.4841 -0.7395
vn -0.8575 0.0089 -0.5143
vn -0.3731 0.8211 0.4319
vn -0.3175 0.9286 0.1921
vn -0.8752 -0.1724 -0.4520
vn 0.4008 -0.7815 -0.4782
vn 0.9161 0.3316 0.2253
vn 0.9954 -0.0718 0.0630
vn -0.9305 0.2323 -0.2831
vn -0.0203 -0.8042 -0.5941
vn 0.0805 0.9500 0.3016
vn -0.1872 -0.5795 0.7932
vn -0.0454 -0.8753 -0.4814
vn 0.9055 0.2583 0.3366
vn -0.8999 -0.2378 -0.3656
vn 0.9789 -0.1368 0.1517
vn 0.9222 0.3846 -0.0399
vn -0.0666 0.3300 0.9416
vn -0.9998 0.0204 -0.0019
vn -0.0727 0.0606 -0.9955
vn 0.6539 0.7544 -0.0580
vn 0.2894 0.9284 -0.2330
vn 0.2895 0.9284 -0.2329
vn 0.5620 0.6790 -0.4723
vn -0.4710 -0.0016 -0.8821
vn 0.3373 0.3969 0.8537
vn -0.6800 -0.7309 0.0583
vn 0.3369 0.3438 0.8765
vn -0.9097 0.0943 0.4045
vn 0.8261 0.3058 -0.4733
vn 0.6431 0.6094 -0.4638
vn -0.8624 -0.1982 0.4658
vn 0.3123 0.4864 0.8160
vn -0.4452 -0.0385 -0.8946
vn -0.0867 0.1592 -0.9834
vn -0.9602 -0.2784 0.0249
vn -0.0353 0.2976 0.9540
vn 0.7293 0.6801 -0.0750
vn 0.5227 0.8507 -0.0556
vn -0.0148 0.1104 0.9938
vn -0.7728 -0.6319 0.0588
vn -0.1620 0.1064 -0.9810
vn -0.4289 -0.2292 -0.8738
vn 0.2468 0.4416 0.8626
vn -0.6796 -0.5555 0.4791
vn 0.4346 0.7784 -0.4529
vn 0.6341 -0.7733 -0.0000
vn -0.5877 -0.6551 0.4748
vn -0.0785 0.0032 -0.9969
vn 0.0558 0.0247 0.9981
vn -0.3601 -0.3164 -0.8776
vn -0.9379 0.2637 -0.2255
vn 0.2520 0.1913 -0.9486
vn 0.9659 0.1497 0.2114
vn -0.1657 0.2177 0.9618
vn -0.7165 0.6635 -0.2155
vn -0.4201 0.9075 -0.0000
vn -0.4202 0.9074 -0.0000
vn -0.7165 0.6635 0.2155
vn 0.2520 0.1913 0.9486
vn -0.1657 0.2177 -0.9618
vn 0.7397 -0.6371 0.2167
vn -0.1551 0.1623 -0.9745
vn 0.9659 0.1497 -0.2114
vn -0.9379 0.2637 0.2255
vn -0.7866 0.5835 0.2022
vn 0.9614 -0.1523 -0.2294
vn -0.1585 0.3144 -0.9360
vn 0.2276 0.1537 0.9616
vn -0.1585 0.3144 0.9360
vn 0.9614 -0.1523 0.2294
vn 0.2276 0.1537 -0.9616
vn -0.7866 0.5835 -0.2022
vn -0.5978 0.7745 -0.2067
vn 0.2343 -0.0385 -0.9714
vn 0.8205 -0.5282 0.2186
vn -0.0802 0.2719 0.9590
vn 0.2343 -0.0385 0.9714
vn -0.0802 0.2719 -0.9590
vn 0.8205 -0.5282 -0.2186
vn -0.5978 0.7745 0.2067
vn -0.5425 -0.8400 -0.0000
vn 0.7397 -0.6371 -0.2167
vn -0.1551 0.1623 0.9745
vn 0.1748 -0.1323 -0.9757
vn 0.1748 -0.1323 0.9757
vn 0.0433 0.2783 0.9595
vn -0.9969 -0.0115 0.0775
vn -0.1494 0.1218 -0.9812
vn 0.8979 0.4087 -0.1633
vn -0.1008 0.6567 0.7474
vn -0.0475 0.9169 0.3962
vn -0.0477 0.9169 0.3963
vn 0.2973 0.7393 0.6042
vn 0.7552 0.3521 -0.5529
vn -0.8786 0.0400 0.4759
vn 0.0889 -0.6322 -0.7697
vn -0.0480 0.9169 0.3962
vn -0.0478 0.9169 0.3963
vn -0.8825 -0.0173 0.4700
vn -0.5398 0.0408 -0.8408
vn 0.4598 0.3647 0.8097
vn 0.3241 0.6632 0.6747
vn -0.4936 -0.2580 -0.8305
vn -0.8767 0.1391 0.4605
vn 0.7827 0.3194 -0.5341
vn 0.8521 0.4979 -0.1615
vn -0.0700 -0.1701 -0.9829
vn -0.9933 -0.0492 0.1048
vn -0.0494 0.5856 0.8091
vn -0.1538 0.7591 0.6325
vn -0.9655 -0.2397 0.1018
vn 0.0423 -0.5307 -0.8465
vn 0.8564 0.4555 -0.2430
vn 0.8287 0.1327 -0.5437
vn -0.9148 0.0879 0.3942
vn -0.3615 -0.6145 -0.7012
vn 0.2280 0.8384 0.4952
vn 0.3472 -0.7859 0.5117
vn -0.3113 -0.7153 -0.6257
vn 0.9174 0.3562 -0.1775
vn -0.9310 -0.3283 0.1593
vn 0.8711 0.0457 -0.4890
vn -0.4809 0.0466 -0.8755
vn -0.0238 -0.6497 0.7598
vn -0.0935 0.2815 -0.9550
vn 0.6883 0.2442 0.6831
vn 0.7342 0.6619 0.1513
vn -0.4894 -0.8205 0.2955
vn 0.5151 0.7151 -0.4725
vn -0.7882 -0.5168 -0.3343
vn -0.8375 -0.4320 -0.3346
vn 0.6405 0.2933 0.7098
vn -0.5556 -0.7725 0.3075
vn 0.7088 0.6897 0.1481
vn -0.0843 -0.5858 0.8061
vn 0.4777 0.7349 -0.4814
vn -0.5309 0.1767 -0.8288
vn -0.1783 0.3060 -0.9352
vn -0.4094 0.0887 0.9081
vn -0.3413 0.3489 0.8728
vn -0.0905 0.7802 -0.6189
vn 0.4981 -0.0000 -0.8671
vn 0.3260 0.4457 0.8337
vn 0.3642 -0.0086 -0.9313
vn 0.9236 -0.0616 -0.3784
vn 0.5747 0.7838 0.2355
vn 0.8351 -0.5379 -0.1149
vn 0.9409 -0.0547 0.3344
vn -0.4481 0.1107 -0.8871
vn -0.3609 0.1339 -0.9229
vn 0.4108 -0.0260 0.9113
vn -0.9157 0.2356 0.3254
vn -0.8927 0.2632 -0.3657
vn 0.9163 0.2349 -0.3243
vn 0.3792 0.1639 -0.9107
vn -0.8859 -0.3494 0.3051
vn -0.3627 -0.2900 0.8856
vn -0.2589 -0.4654 0.8464
vn -0.7700 -0.5927 0.2362
vn 0.7104 0.6596 -0.2455
vn -0.8823 0.4033 0.2427
vn 0.2888 -0.7664 0.5737
vn 0.0994 -0.9942 -0.0407
vn -0.8603 -0.0000 -0.5098
vn 0.2094 -0.2593 0.9428
vn 0.5542 0.6469 -0.5239
vn -0.8098 0.4994 -0.3080
vn 0.9454 0.0360 0.3240
vn 0.8124 0.4209 0.4036
vn 0.3866 -0.3395 -0.8575
vn 0.4291 0.1331 -0.8934
vn -0.3979 -0.2504 -0.8826
vn -0.3664 -0.1998 -0.9088
vn 0.9367 -0.1849 -0.2973
vn 0.8798 0.3711 -0.2971
vn -0.8944 0.3147 0.3179
vn -0.9018 -0.2732 0.3348
vn 0.3249 0.3083 0.8941
vn 0.2424 0.2710 0.9316
vn -0.9402 0.0664 -0.3341
vn -0.8738 -0.3533 -0.3340
vn -0.4926 0.3955 0.7752
vn -0.4301 0.0096 0.9027
vn -0.3704 0.0961 -0.9239
vn -0.4905 -0.6052 -0.6270
vn 0.1012 0.8485 -0.5195
vn 0.2955 -0.0597 0.9535
vn -0.8836 -0.3560 0.3043
vn 0.9168 0.2331 -0.3241
vn -0.9086 -0.2607 -0.3264
vn 0.4481 -0.0617 0.8919
vn 0.6824 0.4089 -0.6059
vn 0.4115 -0.3108 0.8568
vn 0.4038 -0.8796 0.2513
vn 0.5765 0.5296 0.6223
vn 0.4966 0.8599 0.1187
vn -0.0539 -0.6575 0.7515
vn 0.5673 0.5383 0.6232
vn -0.3017 -0.9370 0.1762
vn 0.2464 0.0916 0.9648
vn 0.3549 -0.9342 0.0371
vn 0.6720 0.6238 0.3992
vn 0.2912 -0.5203 0.8028
vn 0.4743 -0.7722 -0.4228
vn 0.5977 -0.2475 -0.7626
vn 0.6346 0.7714 -0.0464
vn -0.2826 -0.4766 0.8325
vn 0.4048 -0.0174 0.9142
vn -0.8344 -0.3843 -0.3951
vn 0.7943 0.4644 0.3917
vn 0.3434 -0.2856 -0.8947
vn 0.3062 -0.8580 -0.4123
vn 0.5096 0.4799 -0.7141
vn 0.0739 0.0753 0.9944
vn 0.8432 0.0695 -0.5331
vn 0.4187 -0.8425 -0.3390
vn 0.6885 -0.3122 -0.6546
vn 0.8721 0.4712 -0.1323
vn 0.5815 0.4426 -0.6826
vn 0.1991 0.1953 0.9603
vn 0.2024 -0.9619 0.1836
vn 0.3948 0.7947 0.4611
vn 0.5865 0.8074 -0.0638
vn 0.2812 -0.4511 0.8470
vn 0.5834 0.7177 0.3802
vn -0.0254 -0.9775 0.2096
vn -0.1425 -0.9779 0.1532
vn 0.8965 0.2741 0.3481
vn -0.6125 -0.2888 0.7358
vn 0.9960 -0.0742 0.0489
vn 0.4570 -0.7346 -0.5015
vn 0.2997 -0.2765 -0.9131
vn 0.4341 0.8761 -0.2097
vn 0.1702 -0.6744 0.7185
vn -0.4945 0.2649 0.8278
vn -0.6993 -0.7010 0.1397
vn -0.2287 0.9566 -0.1806
vn -0.6581 -0.4017 0.6368
vn 0.8059 -0.5733 -0.1478
vn 0.5462 0.3848 -0.7440
vn -0.2705 -0.6160 -0.7398
vn 0.5220 -0.3418 -0.7815
vn 0.8242 -0.5661 -0.0124
vn -0.4980 -0.4659 -0.7314
vn 0.5294 -0.7144 0.4576
vn 0.0856 0.8106 -0.5794
vn 0.8374 -0.3266 -0.4382
vn -0.3147 0.2518 0.9152
vn 0.8947 0.0024 0.4467
vn 0.8044 -0.5939 0.0148
vn -0.2035 -0.8785 -0.4322
vn 0.9438 -0.1873 0.2723
vn 0.1075 0.7226 0.6829
vn 0.8674 -0.2964 0.3997
vn -0.0588 -0.1920 -0.9796
vn 0.7305 -0.6600 0.1751
vn 0.4054 -0.5539 -0.7272
vn 0.2622 -0.1560 -0.9523
vn 0.8212 -0.1645 0.5464
vn 0.1904 0.9447 -0.2671
vn 0.9407 -0.1453 -0.3067
vn -0.5868 -0.7640 0.2682
vn 0.8283 -0.5602 0.0034
vn -0.2631 -0.5943 0.7600
vn 0.8577 -0.4119 0.3077
vn 0.8537 -0.3856 0.3500
vn -0.6979 0.3114 0.6449
vn -0.4688 0.5307 0.7061
vn 0.7248 -0.4083 -0.5550
vn 0.6947 -0.7119 -0.1029
vn -0.6843 -0.1758 -0.7077
vn -0.7108 -0.3174 -0.6278
vn -0.8612 -0.5037 -0.0681
vn -0.6248 -0.7774 -0.0727
vn 0.6900 0.6199 0.3738
vn 0.9385 -0.0979 -0.3311
vn -0.0074 0.7626 -0.6468
vn -0.1145 0.8465 -0.5200
vn 0.7869 -0.6171 0.0082
vn 0.7582 -0.6517 0.0229
vn 0.7213 -0.6811 0.1257
vn 0.7110 -0.6986 0.0801
vn -0.4208 0.0914 -0.9025
vn -0.1970 0.0089 -0.9804
vn 0.0390 -0.2780 0.9598
vn 0.6920 -0.3001 0.6566
vn -0.1096 0.9137 0.3913
vn 0.0108 0.8745 0.4848
vn -0.4035 -0.4437 0.8002
vn -0.1177 -0.5598 0.8202
vn -0.1849 -0.9348 -0.3032
vn 0.6497 -0.7583 -0.0529
vn -0.3341 0.8251 -0.4557
vn 0.1494 0.9786 -0.1415
vn 0.8444 -0.2661 -0.4650
vn 0.8470 -0.2224 -0.4827
vn 0.6348 -0.7723 -0.0224
vn 0.6118 -0.7861 -0.0882
vn 0.8095 -0.5630 -0.1665
vn 0.8284 -0.5477 -0.1177
vn 0.7739 -0.6331 -0.0152
vn 0.7164 -0.4203 -0.5569
vn 0.8469 -0.5155 0.1305
vn 0.7797 0.2106 -0.5897
vn -0.7343 -0.6767 0.0535
vn -0.3140 0.9417 -0.1210
vn -0.0699 -0.9875 0.1416
vn 0.0478 -0.9968 0.0644
vn 0.1057 -0.9740 0.2006
vn 0.6640 0.3387 -0.6667
vn 0.8851 0.1058 -0.4532
vn 0.4839 0.5783 -0.6568
vn -0.7592 -0.5957 0.2621
vn 0.4172 -0.8605 0.2925
vn -0.1929 -0.9616 0.1954
vn 0.2572 -0.9346 0.2456
vn 0.6609 0.3074 -0.6846
vn -0.4390 -0.0467 -0.8973
vn -0.4343 -0.0565 -0.8990
vn 0.2519 0.8198 -0.5143
vn -0.8767 -0.3459 -0.3342
vn -0.9404 0.0629 -0.3342
vn 0.8777 0.3770 -0.2958
vn 0.9374 -0.1803 -0.2980
vn -0.1256 -0.3449 -0.9302
vn -0.8974 -0.2030 -0.3918
vn -0.8950 0.2539 -0.3667
vn -0.8358 -0.3818 -0.3945
vn 0.9241 -0.0513 -0.3786
vn 0.6830 -0.4593 0.5680
vn 0.6905 -0.4919 0.5304
vn 0.8869 -0.3648 0.2834
vn 0.8445 -0.2322 0.4826
vn 0.8004 -0.4408 0.4063
vn 0.8727 0.2667 0.4089
vn 0.5299 -0.1965 -0.8250
vn 0.6674 -0.0240 0.7443
vn -0.3089 0.8077 0.5022
vn -0.3494 -0.0334 -0.9364
vn 0.1705 -0.6506 0.7401
vn 0.6687 0.7435 0.0006
vn 0.9325 0.2169 0.2887
vn -0.0221 -0.6334 0.7735
vn 0.5050 0.8513 0.1425
vn 0.8679 0.4850 0.1074
vn -0.4651 0.0952 -0.8801
vn 0.3328 -0.5141 0.7905
vn 0.0583 -0.6721 0.7381
vn 0.5927 0.7945 0.1325
vn -0.9027 -0.2702 0.3348
vn -0.8923 0.3213 0.3171
vn 0.8051 0.4324 0.4061
vn 0.9455 0.0343 0.3239
vn -0.9930 -0.0000 0.1183
vn -0.4226 0.2061 0.8826
vn 0.3841 0.1547 -0.9102
vn 0.9329 0.1611 0.3221
vn -0.9133 0.2459 0.3246
vn 0.2339 0.5615 -0.7938
vn 0.9402 -0.0658 0.3341
vn 0.2548 0.9614 0.1044
vn -0.2737 0.5873 -0.7617
vn 0.7573 -0.2993 -0.5804
vn -0.3667 -0.0309 -0.9298
vn 0.8082 -0.1145 -0.5776
vn 0.7896 0.0339 -0.6127
vn 0.9907 -0.0951 -0.0969
vn 0.9862 -0.1433 -0.0823
vn 0.9311 -0.2739 -0.2410
vn 0.8084 0.0611 0.5855
vn 0.0477 0.0972 -0.9941
vn 0.9072 -0.2351 -0.3490
vn 0.2701 0.0127 -0.9627
vn -0.6562 -0.4182 0.6281
vn -0.5446 -0.5734 -0.6121
vn 0.5369 -0.2639 -0.8013
vn 0.9714 -0.2342 -0.0391
vn 0.4139 0.5613 0.7167
vn 0.3135 0.6403 0.7013
vn 0.3617 -0.3774 -0.8525
vn 0.4183 -0.0056 0.9083
vn 0.5815 -0.2442 -0.7760
vn 0.5510 0.5693 0.6102
vn 0.6977 0.3946 0.5979
vn -0.2913 0.0577 -0.9549
vn 0.2337 0.2845 0.9298
vn 0.3208 0.3181 0.8921
vn 0.4272 0.1389 -0.8934
vn 0.3884 -0.3269 -0.8615
vn 0.6317 -0.0000 0.7752
vn 0.8535 0.0653 -0.5170
vn -0.0859 0.9642 -0.2508
vn 0.7905 0.4543 0.4108
vn 0.4444 -0.0545 0.8942
vn -0.3572 -0.3003 0.8844
vn 0.4107 -0.0382 0.9110
vn 0.3642 0.0015 -0.9313
vn 0.1834 0.4317 -0.8832
vn -0.3083 0.7978 0.5181
vn 0.5486 -0.0000 -0.8361
vn -0.5086 0.2711 0.8172
vn 0.6304 -0.7401 -0.2342
vn 0.6551 -0.7080 -0.2637
vn 0.6480 -0.7493 0.1366
vn 0.5370 -0.8257 0.1727
vn 0.7946 -0.5860 -0.1586
vn 0.7325 -0.6709 -0.1156
vn 0.2679 -0.7926 -0.5477
vn 0.4027 -0.4680 0.7867
vn -0.5353 -0.5662 -0.6267
vn -0.2052 0.5506 -0.8091
vn 0.2373 -0.7890 -0.5667
vn 0.4596 0.1274 0.8789
vn 0.4769 -0.7914 -0.3825
vn 0.0291 0.2725 0.9617
vn 0.2016 -0.8603 -0.4681
vn 0.7173 0.6643 -0.2101
vn 0.3206 -0.1988 0.9261
vn 0.9326 0.1623 0.3224
vn 0.3650 -0.0934 0.9263
vn -0.4235 -0.6555 -0.6252
vn -0.4317 0.0158 0.9019
vn -0.4935 0.4118 0.7661
vn -0.3695 -0.1908 -0.9094
vn -0.3986 -0.2437 -0.8842
vn 0.3391 -0.0000 0.9407
vn 0.2023 0.5463 -0.8128
vn -0.3614 0.1241 -0.9241
vn -0.1099 0.3538 -0.9289
vn -0.3146 0.9238 -0.2180
vn -0.3352 0.3912 0.8571
vn -0.4089 0.1007 0.9070
vn -0.9526 0.1044 0.2857
vn -0.4488 0.8696 0.2059
vn -0.6766 0.7361 0.0212
vn -0.8588 -0.0649 0.5082
vn -0.5679 0.5683 -0.5954
vn -0.7319 0.6074 0.3088
vn -0.9450 -0.2922 0.1467
vn -0.7718 0.1373 -0.6208
vn -0.9070 -0.3711 0.1993
vn -0.6118 0.7464 -0.2617
vn -0.3833 0.6390 -0.6669
vn -0.8734 -0.1779 0.4534
vn -0.6440 -0.4628 -0.6092
vn -0.7414 0.4898 -0.4587
vn -0.9405 -0.0369 -0.3377
vn -0.9307 0.3387 0.1380
vn -0.7913 0.5890 -0.1640
vn -0.7321 0.6596 -0.1704
vn -0.9218 0.3039 0.2409
vn -0.9455 0.0702 -0.3179
vn -0.7988 0.4517 -0.3973
vn -0.9920 -0.1253 0.0121
vn -0.8930 0.3074 0.3286
vn -0.9875 -0.0433 0.1514
vn -0.9162 -0.1126 -0.3847
vn -0.8464 0.4401 -0.2999
vn -0.8413 0.5070 0.1876
vn -0.8431 0.4996 -0.1987
vn -0.8634 0.1061 -0.4933
vn 0.1244 0.7389 0.6622
vn -0.1892 -0.8081 -0.5579
vn 0.4351 0.3873 -0.8128
vn 0.0253 -0.3826 0.9235
vn -0.0222 -0.7713 0.6361
vn 0.2391 0.5063 -0.8285
vn 0.9246 0.3149 0.2144
vn 0.0793 -0.9340 -0.3484
vn 0.2656 -0.0318 -0.9636
vn -0.0022 -0.9936 -0.1134
vn 0.0336 0.0779 0.9964
vn 0.3798 0.8796 0.2866
vn 0.7032 0.7061 -0.0827
vn 0.4159 0.0037 -0.9094
vn -0.1270 -0.9856 0.1112
vn 0.5203 -0.6606 0.5412
vn 0.9837 0.0917 0.1545
vn -0.4862 0.8715 0.0639
vn 0.8245 -0.4798 0.3001
vn -0.4516 0.7570 0.4722
vn 0.9971 -0.0434 -0.0627
vn -0.8848 -0.1811 0.4294
vn -0.8151 0.1246 -0.5658
vn -0.4247 0.9048 0.0295
vn -0.9664 -0.2316 0.1115
vn 0.9646 0.2168 -0.1501
vn -0.7879 -0.3071 0.5338
vn -0.7694 0.3696 0.5210
vn 0.9782 -0.2010 -0.0514
vn 0.0820 -0.3105 -0.9470
vn -0.6891 0.5877 -0.4240
vn 0.5070 -0.8617 -0.0229
vn -0.2657 0.9193 0.2902
vn 0.8731 -0.4614 0.1574
vn 0.7120 -0.6283 0.3137
vn 0.4625 0.6786 -0.5705
vn 0.7089 0.1436 0.6905
vn -0.9155 0.2960 0.2726
vn -0.7590 -0.4015 0.5126
vn 0.9657 -0.2274 0.1254
vn -0.5607 0.8027 -0.2033
vn 0.8091 -0.5196 0.2745
vn 0.7477 -0.6633 -0.0314
vn -0.3098 0.8646 -0.3955
vn -0.7945 0.0855 -0.6012
vn 0.9626 -0.2440 0.1174
vn 0.8690 0.3980 0.2941
vn -0.9234 -0.3315 0.1935
vn 0.8241 -0.4224 -0.3775
vn 0.0449 0.5007 0.8645
vn 0.8543 -0.2535 0.4538
vn -0.3815 0.8556 -0.3499
vn -0.4273 0.8114 -0.3987
vn 0.8224 -0.5529 -0.1338
vn 0.4462 -0.7872 -0.4256
vn 0.6891 -0.4963 -0.5280
vn -0.4639 0.8600 -0.2126
vn 0.9633 -0.0448 -0.2648
vn 0.8553 -0.3948 0.3356
vn -0.8991 -0.2120 0.3829
vn 0.9087 -0.0295 0.4163
vn -0.7589 -0.1944 0.6215
vn -0.5105 0.8149 -0.2746
vn 0.8009 -0.5689 -0.1868
vn -0.6829 -0.1531 -0.7143
vn 0.8251 -0.0175 -0.5648
vn -0.9542 -0.2768 0.1132
vn -0.4119 0.7034 0.5792
vn 0.9104 -0.2990 0.2858
vn -0.8683 -0.0966 0.4865
vn -0.6575 -0.0530 -0.7516
vn 0.6952 -0.5166 0.4999
vn 0.6427 -0.7662 0.0023
vn -0.7701 -0.0488 -0.6360
vn -0.6597 -0.2415 -0.7117
vn -0.9181 -0.1111 0.3805
vn 0.8247 -0.2387 0.5128
vn -0.6652 0.0979 -0.7402
vn 0.7242 -0.6752 0.1401
vn -0.7073 0.6156 0.3475
vn -0.6527 0.6810 0.3318
vn 0.6880 -0.4806 0.5437
vn 0.5921 -0.7939 -0.1381
vn -0.6231 -0.0173 -0.7819
vn -0.6492 0.5893 0.4809
vn 0.1187 0.7136 0.6904
vn 0.7071 -0.2649 0.6556
vn 0.7672 0.5380 -0.3492
vn 0.7155 -0.6916 0.0990
vn -0.6849 0.5583 0.4682
vn 0.7999 -0.3986 0.4487
vn -0.4497 0.7558 -0.4759
vn -0.9739 0.1015 -0.2032
vn 0.7643 -0.6417 -0.0632
vn -0.4036 0.9002 0.1634
vn 0.7266 -0.6699 0.1527
vn -0.0461 -0.4180 -0.9073
vn 0.8037 -0.2720 0.5292
vn -0.0488 0.2753 0.9601
vn -0.2983 0.8947 0.3325
vn -0.8475 -0.3337 0.4129
vn 0.7705 -0.6269 -0.1156
vn 0.9026 -0.2625 -0.3412
vn -0.8971 0.3176 -0.3071
vn -0.7884 -0.1814 0.5879
vn -0.5316 -0.7774 0.3362
vn 0.5572 -0.8174 -0.1463
vn -0.4553 0.3801 -0.8051
vn -0.3321 -0.5822 -0.7421
vn 0.8410 -0.2998 -0.4504
vn 0.6458 -0.7206 -0.2524
vn -0.4057 0.7897 0.4603
vn -0.3638 0.8010 0.4753
vn 0.7834 0.0643 -0.6181
vn 0.8462 -0.2402 -0.4757
vn -0.7215 -0.5540 -0.4153
vn -0.2912 0.7970 0.5292
vn 0.5277 -0.8487 -0.0339
vn -0.1625 -0.0681 0.9844
vn -0.6158 0.3551 -0.7034
vn 0.5981 -0.7767 -0.1975
vn -0.6803 0.1867 -0.7088
vn -0.8546 -0.1448 -0.4986
vn 0.6951 -0.0322 -0.7182
vn 0.8272 -0.2804 -0.4869
vn -0.9700 0.2402 -0.0370
vn -0.6843 0.2955 -0.6666
vn -0.1109 -0.7751 -0.6220
vn -0.8273 -0.2560 0.5001
vn -0.4444 0.8144 0.3732
vn -0.3397 0.8384 -0.4263
vn 0.7353 -0.6700 0.1025
vn 0.9817 -0.1762 -0.0722
vn -0.5016 0.8392 0.2102
vn 0.7967 -0.6044 0.0030
vn 0.0403 0.9834 0.1769
vn -0.8631 0.3567 0.3576
vn 0.9936 0.1011 -0.0511
vn -0.9004 -0.0588 0.4311
vn -0.8543 -0.1022 0.5096
vn -0.8470 -0.4780 0.2326
vn 0.5516 -0.8170 0.1684
vn 0.9882 -0.1257 -0.0877
vn -0.8702 0.1273 0.4760
vn 0.7693 -0.6387 0.0173
vn -0.3969 -0.8310 -0.3897
vn -0.9761 0.2155 -0.0267
vn 0.9599 0.1833 -0.2123
vn -0.7196 -0.5892 -0.3673
vn -0.8113 0.4812 0.3319
vn 0.6794 -0.7267 -0.1014
vn -0.9574 -0.1857 0.2210
vn -0.8688 -0.1526 -0.4711
vn 0.9387 -0.2184 -0.2667
vn -0.7232 0.0388 -0.6895
vn -0.0704 0.6956 0.7150
vn 0.9626 -0.1016 -0.2511
vn -0.6705 0.6624 -0.3342
vn 0.6477 0.1242 0.7517
vn 0.8063 -0.5915 -0.0023
vn -0.9709 -0.1464 -0.1896
vn 0.9589 -0.2632 0.1062
vn -0.7077 0.6506 0.2754
vn -0.5137 0.8332 0.2048
vn -0.1888 0.9672 0.1699
vn 0.9561 -0.2675 0.1194
vn -0.7560 0.6451 -0.1114
vn 0.9596 -0.2575 0.1131
vn -0.8256 -0.0288 0.5636
vn 0.9575 -0.2633 0.1180
vn 0.9813 -0.1906 -0.0257
vn 0.3681 0.0356 0.9291
vn -0.8596 -0.3942 -0.3250
vn -0.9966 -0.0824 -0.0066
vn 0.9631 -0.2448 0.1120
vn -0.9062 0.1226 -0.4047
vn 0.9554 -0.2687 0.1229
vn 0.9544 -0.2760 0.1140
vn -0.8101 0.0449 -0.5846
vn -0.4429 0.8966 0.0056
vn -0.8154 0.5215 0.2513
vn -0.1825 -0.2374 0.9541
vn 0.7193 -0.4636 -0.5174
vn 0.6516 -0.7536 0.0867
vn -0.8703 -0.0513 -0.4898
vn -0.8981 0.4123 0.1530
vn 0.6730 -0.4910 -0.5531
vn 0.6875 -0.4641 -0.5585
vn 0.6771 -0.4789 -0.5588
vn -0.8812 0.3248 0.3436
vn -0.7511 0.6075 0.2585
vn 0.7409 -0.6099 0.2811
vn 0.6325 -0.6341 0.4449
vn -0.8373 0.0573 -0.5438
vn -0.6041 0.7686 0.2104
vn 0.7410 -0.5913 0.3183
vn -0.7646 0.0255 -0.6440
vn 0.6443 0.5386 -0.5430
vn -0.3728 -0.0186 0.9277
vn 0.7023 -0.6386 0.3146
vn -0.8127 0.3775 -0.4439
vn 0.5011 0.8574 -0.1171
vn 0.5774 -0.4498 -0.6814
vn -0.1634 -0.8365 0.5231
vn -0.5822 0.7985 -0.1528
vn -0.7367 0.0642 0.6732
vn 0.6575 -0.4864 -0.5754
vn 0.6800 -0.4696 -0.5631
vn 0.6384 -0.5243 -0.5636
vn -0.9402 -0.1113 0.3220
vn -0.9855 -0.0583 -0.1596
vn 0.9304 -0.2142 0.2974
vn 0.6420 -0.5897 0.4899
vn -0.8629 -0.1719 -0.4753
vn -0.5131 0.7502 0.4169
vn 0.8994 -0.4350 0.0433
vn -0.5945 0.7913 0.1429
vn 0.0668 0.7996 0.5969
vn 0.0541 -0.4072 -0.9118
vn 0.9495 -0.2662 0.1658
vn -0.2936 -0.9095 0.2942
vn 0.9505 -0.2927 0.1047
vn -0.8174 -0.2985 -0.4927
vn -0.9189 -0.1029 0.3808
vn -0.7772 0.3080 0.5488
vn 0.9162 -0.0693 0.3948
vn 0.2612 0.6437 -0.7193
vn 0.9786 -0.1267 0.1623
vn -0.4565 0.8821 0.1160
vn 0.9695 -0.1571 0.1881
vn 0.9457 -0.2751 0.1734
vn -0.0670 0.2368 0.9692
vn -0.6868 0.6728 0.2752
vn -0.6250 0.7551 0.1981
vn 0.9913 -0.1311 0.0140
vn -0.6890 0.0967 -0.7183
vn 0.9670 -0.2351 0.0983
vn 0.9673 -0.2287 0.1094
vn -0.6892 0.1634 -0.7059
vn -0.1000 -0.6846 -0.7220
vn 0.2421 0.5285 -0.8137
vn -0.3388 -0.8805 -0.3317
vn -0.2320 0.5793 -0.7814
vn 0.9671 -0.2416 -0.0801
vn 0.8907 -0.2736 0.3629
vn -0.9994 0.0240 -0.0263
vn -0.5051 0.2392 -0.8292
vn -0.9158 0.3332 -0.2240
vn 0.5976 -0.2355 -0.7665
vn -0.9057 0.4238 -0.0106
vn -0.9271 0.2367 -0.2906
vn 0.8082 -0.2409 -0.5374
vn -0.8984 0.4387 0.0197
vn 0.7733 -0.5170 -0.3671
vn -0.8921 0.3850 -0.2366
vn -0.9487 0.2784 0.1499
vn -0.6063 0.7836 0.1355
vn 0.8981 -0.0778 0.4329
vn -0.5603 0.1589 -0.8129
vn -0.0799 -0.0546 0.9953
vn -0.6545 0.6414 0.4002
vn -0.6719 -0.1741 -0.7199
vn 0.6608 -0.2688 0.7008
vn -0.2945 -0.9352 0.1968
vn 0.2669 0.9573 0.1108
vn 0.6080 0.3374 0.7187
vn -0.6114 -0.4002 -0.6827
vn -0.9890 0.1433 0.0378
vn 0.1075 0.3903 0.9144
vn 0.1685 0.9767 0.1328
vn 0.6174 -0.7840 0.0638
vn 0.4982 -0.7930 -0.3507
vn 0.6643 0.7176 0.2093
vn -0.0873 0.9837 -0.1570
vn -0.2494 -0.9439 -0.2167
vn -0.3889 0.1891 -0.9017
vn -0.7298 0.3173 0.6055
vn 0.9826 0.1530 -0.1050
vn 0.1877 0.9822 -0.0128
vn 0.7249 0.3212 0.6095
vn -0.9368 0.1153 -0.3303
vn 0.6304 0.3659 -0.6846
vn 0.9865 -0.0402 -0.1588
vn 0.2986 0.9332 -0.1998
vn -0.5428 0.5816 0.6059
vn 0.2413 0.3982 -0.8850
vn 0.4790 -0.8411 -0.2511
vn 0.7922 0.3541 -0.4970
vn -0.8275 -0.5487 0.1189
vn 0.6957 0.6665 -0.2679
vn 0.6298 -0.7647 -0.1367
vn 0.5914 -0.7578 0.2757
vn -0.9884 -0.1498 0.0247
vn 0.2379 0.9302 0.2796
vn 0.6342 0.0421 0.7720
vn -0.2717 -0.2052 0.9402
vn -0.1089 -0.6840 -0.7213
vn -0.6649 -0.6830 0.3024
vn 0.9533 0.2914 -0.0789
vn -0.8947 -0.2745 0.3524
vn -0.8727 -0.3203 0.3684
vn 0.2404 -0.5673 0.7877
vn 0.3235 0.8755 -0.3589
vn 0.3633 -0.4383 0.8221
vn -0.7426 0.6663 -0.0679
vn 0.0103 -0.1910 -0.9815
vn -0.1986 -0.9623 0.1859
vn -0.6173 0.5925 0.5175
vn 0.9647 0.2010 -0.1702
vn 0.7982 -0.6003 0.0499
vn -0.1308 -0.9400 -0.3150
vn -0.6210 0.4162 -0.6642
vn -0.0234 -0.4477 -0.8939
vn 0.6315 0.1947 -0.7505
vn -0.1204 -0.9884 0.0927
vn 0.2338 -0.1568 -0.9595
vn 0.9000 0.4191 -0.1196
vn 0.5748 -0.5131 -0.6374
vn -0.2784 -0.8997 0.3362
vn 0.8217 -0.3779 0.4266
vn -0.5531 -0.0281 -0.8326
vn 0.6579 -0.7201 -0.2205
vn -0.9810 -0.0998 0.1662
vn -0.8137 0.5567 0.1671
vn -0.7118 -0.1611 0.6837
vn -0.9996 -0.0209 -0.0202
vn -0.5956 -0.0210 -0.8030
vn -0.9342 -0.0533 0.3527
vn 0.9676 0.1280 -0.2176
vn 0.7247 -0.5380 -0.4306
vn -0.6854 0.7267 0.0453
vn 0.9472 0.2189 -0.2342
vn -0.9775 0.2076 0.0369
vn -0.8403 0.5328 0.1001
vn -0.9077 0.4137 -0.0703
vn 0.3383 0.7486 0.5703
vn 0.2810 -0.9582 0.0534
vn 0.1700 0.4820 -0.8595
vn 0.2259 0.9467 0.2298
vn 0.2056 0.4193 -0.8843
vn -0.0592 -0.5116 -0.8572
vn -0.3631 -0.8740 0.3228
vn -0.1735 0.6468 -0.7427
vn -0.2121 -0.3081 0.9274
vn 0.2190 0.4135 -0.8838
vn 0.0476 -0.3274 -0.9437
vn -0.5417 -0.0594 -0.8385
vn -0.0336 0.9715 -0.2348
vn -0.2528 0.1623 0.9538
vn -0.7389 -0.5178 -0.4312
vn -0.2045 0.3687 -0.9068
vn 0.1496 0.1257 -0.9807
vn -0.0286 0.3269 0.9446
vn -0.8409 -0.0441 0.5394
vn -0.4313 0.8925 0.1317
vn -0.2415 -0.9411 -0.2368
vn -0.2763 0.0322 -0.9605
vn -0.2338 0.7602 0.6062
vn 0.5577 0.8298 -0.0180
vn -0.7704 -0.6363 -0.0392
vn -0.5898 0.7694 -0.2454
vn -0.3316 -0.2039 0.9211
vn 0.1079 0.9941 -0.0043
vn -0.4878 0.7945 0.3617
vn -0.1043 -0.6810 -0.7248
vn -0.4003 0.4980 -0.7693
vn -0.6212 -0.7653 0.1688
vn -0.2206 -0.3606 0.9063
vn -0.0673 -0.5062 -0.8598
vn 0.1685 0.4846 -0.8584
vn 0.2181 0.4131 -0.8842
vn -0.2091 0.9772 -0.0377
vn 0.6472 -0.5700 -0.5063
vn 0.3937 -0.4022 0.8266
vn -0.7836 -0.1893 0.5917
vn -0.7250 -0.3246 -0.6074
vn 0.3612 -0.4436 0.8202
vn -0.6217 -0.2764 0.7329
vn -0.6030 0.0637 -0.7952
vn 0.5512 -0.6436 -0.5310
vn 0.6326 -0.7575 0.1614
vn 0.0910 -0.4951 0.8640
vn -0.9927 -0.1119 0.0449
vn -0.4446 -0.4743 -0.7598
vn 0.6812 0.2546 -0.6864
vn -0.9922 0.0490 0.1151
vn 0.7207 -0.2480 0.6473
vn -0.5387 0.8415 -0.0412
vn 0.7714 -0.6353 0.0350
vn -0.9759 -0.0695 -0.2067
vn -0.3877 -0.3954 0.8327
vn 0.0752 -0.3507 -0.9335
vn -0.4817 0.8643 0.1446
vn 0.3845 0.7232 -0.5737
vn 0.8049 -0.2860 0.5199
vn -0.5361 -0.2832 0.7952
vn 0.9966 0.0133 0.0809
vn 0.2732 0.6064 -0.7467
vn -0.6377 0.5810 0.5058
vn -0.2129 -0.2677 0.9397
vn 0.2951 0.9177 -0.2661
vn -0.2858 -0.6300 0.7222
vn 0.9462 -0.1678 0.2768
vn -0.7009 0.4492 0.5540
vn 0.2807 0.6470 -0.7089
vn -0.2925 -0.9508 0.1023
vn 0.9192 -0.3934 -0.0186
vn -0.6297 -0.1352 -0.7650
vn 0.9533 -0.2969 -0.0562
vn 0.3065 0.8674 -0.3920
vn -0.6871 -0.2184 -0.6929
vn -0.2348 -0.9387 -0.2524
vn 0.5520 -0.8289 -0.0911
vn -0.3363 0.5332 -0.7763
vn 0.5723 0.7049 -0.4190
vn -0.4016 -0.8619 -0.3096
vn -0.6869 -0.6575 -0.3095
vn 0.9672 0.1802 -0.1793
vn 0.1387 -0.9729 -0.1849
vn -0.3578 0.7280 -0.5848
vn -0.8347 0.2076 0.5100
vn -0.7402 -0.4616 -0.4889
vn 0.4875 -0.8719 0.0455
vn 0.7066 0.5764 0.4105
vn -0.6615 0.5832 0.4714
vn -0.8030 -0.5895 -0.0879
vn 0.7496 0.6613 0.0291
vn 0.5384 -0.8114 0.2277
vn -0.0829 -0.6190 -0.7810
vn 0.8639 -0.4744 0.1692
vn -0.8895 -0.4086 0.2045
vn -0.0531 0.2396 0.9694
vn -0.8566 -0.4448 0.2616
vn 0.8885 -0.4330 0.1520
vn 0.0970 -0.0861 -0.9916
vn -0.2414 -0.4816 0.8425
vn -0.3881 0.5449 -0.7433
vn -0.0151 -0.4426 -0.8966
vn 0.1633 0.8179 0.5517
vn 0.9925 0.0187 0.1208
vn 0.1244 0.0293 -0.9918
vn 0.9972 -0.0713 0.0207
vn -0.5394 0.6869 -0.4870
vn 0.0742 0.5805 0.8109
vn -0.5115 0.8587 -0.0319
vn 0.9979 -0.0607 0.0248
vn 0.1254 0.5828 -0.8029
vn 0.0903 0.2441 0.9656
vn -0.2655 0.9531 0.1455
vn 0.1483 0.3521 -0.9241
vn 0.5382 0.0817 -0.8388
vn 0.8754 0.2644 0.4047
vn 0.1597 -0.7112 0.6846
vn -0.4119 0.7680 -0.4905
vn -0.9666 0.0332 -0.2540
vn 0.8285 -0.4109 -0.3804
vn -0.9518 0.0303 -0.3052
vn 0.8124 -0.4289 -0.3950
vn -0.2623 -0.6179 0.7412
vn 0.3597 0.6447 -0.6745
vn -0.5040 0.3174 -0.8032
vn -0.6668 -0.6874 0.2880
vn 0.6591 -0.7000 0.2748
vn 0.6234 0.4798 -0.6174
vn -0.1509 -0.9512 -0.2692
vn 0.9833 -0.1608 -0.0857
vn 0.2267 0.8228 -0.5211
vn -0.4438 0.0620 -0.8940
vn -0.2162 -0.8523 0.4763
vn -0.6515 0.2031 0.7309
vn 0.2448 0.9693 -0.0214
vn 0.9609 -0.1028 0.2571
vn 0.5643 0.7985 0.2096
vn 0.8322 -0.2495 0.4952
vn -0.6735 -0.6495 0.3529
vn -0.7630 0.5428 0.3510
vn -0.1898 -0.8150 0.5474
vn 0.2659 0.9496 0.1662
vn -0.7329 0.6344 0.2459
vn 0.7912 -0.4855 0.3718
vn 0.9698 0.1327 -0.2047
vn -0.6350 0.7150 0.2927
vn -0.2162 0.4955 0.8413
vn -0.2921 -0.4096 -0.8642
vn 0.9503 -0.0402 -0.3086
vn -0.8534 0.3405 -0.3947
vn 0.2192 0.4026 0.8888
vn -0.2838 -0.3873 -0.8772
vn -0.2324 0.9291 0.2877
vn 0.7175 0.2928 0.6320
vn 0.7505 -0.3113 -0.5830
vn -0.5692 0.1438 -0.8095
vn 0.5305 -0.2000 0.8238
vn 0.7684 -0.3287 -0.5491
vn -0.1983 0.6153 -0.7629
vn -0.1277 0.9055 0.4046
vn 0.7426 -0.5165 0.4264
vn -0.9198 -0.3589 0.1585
vn -0.8817 0.3620 0.3026
vn 0.7378 0.6690 0.0899
vn -0.7242 0.3636 0.5859
vn 0.6679 0.0955 0.7381
vn 0.7798 -0.2098 -0.5899
vn -0.5728 0.1282 -0.8096
vn 0.6849 0.1545 0.7121
vn 0.8140 -0.2264 -0.5350
vn -0.6307 -0.0027 -0.7761
vn -0.7753 0.3388 0.5330
vn 0.8077 0.4823 -0.3390
vn -0.8566 -0.2979 0.4212
vn 0.1465 0.8025 0.5783
vn 0.3368 -0.4533 -0.8253
vn 0.9848 -0.1028 -0.1401
vn -0.9000 0.2373 0.3656
vn -0.0192 -0.1691 0.9854
vn -0.0089 0.3809 -0.9246
vn -0.5703 -0.3504 0.7429
vn 0.5673 0.5423 -0.6198
vn -0.8062 0.4753 -0.3523
vn 0.7895 -0.4528 0.4143
vn 0.5045 -0.3245 0.8001
vn -0.7445 -0.6183 -0.2517
vn -0.6754 0.2647 -0.6883
vn 0.5696 0.7523 0.3311
vn 0.6388 0.7617 -0.1086
vn 0.8274 -0.1627 0.5375
vn -0.6737 -0.6982 0.2422
vn -0.8433 0.2372 -0.4823
vn -0.2179 -0.8191 0.5307
vn -0.8999 0.1893 -0.3929
vn 0.2473 0.8425 -0.4786
vn 0.8707 0.0074 0.4918
vn -0.2016 -0.9724 0.1176
vn 0.9752 -0.1259 -0.1822
vn -0.9872 0.1553 0.0372
vn -0.6784 0.7213 -0.1396
vn -0.6258 -0.4788 0.6157
vn 0.6144 -0.7871 0.0552
vn 0.5882 0.3877 -0.7097
vn -0.8083 0.5887 0.0126
vn 0.7409 -0.6511 -0.1644
vn -0.4499 -0.8747 0.1805
vn 0.5684 0.7391 -0.3613
vn 0.0905 -0.9806 0.1738
vn -0.1007 0.9247 -0.3671
vn -0.7584 0.6066 0.2387
vn 0.7560 -0.4592 -0.4665
vn -0.9908 -0.0458 0.1277
vn 0.9749 0.1517 -0.1631
vn -0.2758 -0.0749 -0.9583
vn 0.2143 0.4668 0.8580
vn -0.0530 -0.5450 -0.8367
vn 0.9767 0.1756 -0.1232
vn -0.9870 -0.0725 0.1437
vn 0.1516 0.7843 0.6016
vn -0.7864 0.2662 0.5575
vn -0.1408 -0.3890 -0.9104
vn 0.7535 -0.1553 -0.6388
vn 0.6346 0.6090 0.4759
vn -0.9867 0.1540 -0.0513
vn 0.9626 0.2123 -0.1681
vn -0.9087 0.3846 -0.1625
vn 0.8175 -0.5740 0.0468
vn -0.0962 -0.6601 -0.7450
vn -0.0029 0.3859 0.9225
vn 0.0797 -0.1399 -0.9870
vn 0.6850 -0.6912 0.2302
vn -0.8961 0.4271 -0.1208
vn -0.6843 0.6525 0.3256
vn -0.3968 -0.2105 -0.8935
vn 0.4827 -0.0549 0.8740
vn 0.5344 -0.7910 -0.2979
vn -0.8092 0.5714 0.1370
vn -0.1589 -0.1488 -0.9760
vn 0.6224 -0.7658 -0.1618
vn 0.2190 -0.0610 0.9738
vn -0.9630 -0.2611 0.0664
vn 0.9765 0.1630 -0.1413
vn 0.1906 -0.7584 -0.6233
vn -0.5296 0.6895 0.4941
vn 0.5526 -0.5314 -0.6421
vn -0.6340 0.5727 0.5196
vn 0.6143 0.7726 -0.1607
vn -0.5030 -0.7964 -0.3357
vn 0.8650 -0.4368 -0.2468
vn -0.9116 0.4037 0.0776
vn 0.3015 0.8142 -0.4961
vn -0.2960 -0.9427 0.1536
vn 0.8398 -0.4614 -0.2860
vn -0.8988 0.4275 0.0973
vn 0.8450 -0.0123 0.5346
vn -0.9106 0.1251 -0.3939
vn 0.9313 0.2432 0.2713
vn -0.9824 -0.1165 -0.1462
vn -0.6977 0.0621 -0.7137
vn 0.6670 0.4106 -0.6217
vn 0.6018 -0.0119 0.7985
vn -0.5355 -0.2902 0.7931
vn 0.7321 0.6801 0.0396
vn -0.9338 -0.3524 -0.0628
vn 0.7017 -0.1789 0.6897
vn -0.8184 0.2913 -0.4953
vn 0.4167 -0.9044 0.0916
vn -0.6238 0.7253 -0.2911
vn -0.3538 0.5035 0.7882
vn -0.1038 -0.4457 -0.8892
vn 0.0533 -0.9982 -0.0271
vn -0.2297 -0.3678 0.9011
vn -0.3114 0.9451 0.0995
vn 0.0444 -0.1521 -0.9874
vn 0.4897 -0.8022 -0.3415
vn -0.5837 0.7341 0.3471
vn -0.4959 0.2512 -0.8313
vn 0.7273 0.3520 0.5892
vn -0.5625 0.6776 0.4738
vn -0.7285 -0.3503 -0.5887
vn 0.4119 -0.8198 -0.3978
vn -0.9112 0.3897 0.1334
vn 0.3481 0.2943 -0.8901
vn 0.5435 0.5097 0.6670
vn 0.9217 0.0893 -0.3776
vn -0.8201 0.4633 -0.3360
vn -0.9254 -0.0000 -0.3791
vn 0.9254 -0.0000 -0.3791
vn 0.5009 0.3625 0.7859
vn 0.7832 0.4978 0.3724
vn 0.3642 -0.0000 -0.9313
vn -0.3888 0.4254 0.8173
vn -0.0439 0.2157 0.9755
vn 0.5359 0.5294 0.6577
vn -0.3726 -0.1442 -0.9167
vn -0.4033 0.0108 -0.9150
vn 0.9178 -0.1276 0.3760
vn 0.0268 -0.9996 -0.0110
vn -0.7535 0.5348 -0.3822
vn -0.8222 0.3368 -0.4587
vn 0.9393 -0.0503 -0.3393
vn 0.9225 -0.0781 0.3779
vn 0.1867 0.5530 -0.8120
vn 0.1812 -0.3877 0.9038
vn -0.8863 0.3643 0.2860
vn 0.8484 -0.5277 -0.0428
vn 0.7301 0.3496 -0.5872
vn 0.0859 -0.5769 0.8123
vn -0.4144 -0.2398 0.8779
vn -0.8937 0.2141 -0.3942
vn -0.3156 0.8974 0.3083
vn -0.9340 -0.0000 -0.3572
vn -0.7459 0.5204 0.4157
vn 0.1134 -0.5131 -0.8508
vn -0.8581 -0.4969 -0.1295
vn -0.7654 0.3187 -0.5591
vn -0.2879 -0.9565 0.0477
vn 0.1671 0.9619 0.2163
vn 0.0638 0.8129 0.5790
vn 0.5237 -0.6275 -0.5763
vn 0.7380 0.3261 0.5908
vn 0.2400 0.2590 0.9356
vn -0.3053 0.9400 -0.1522
vn -0.9078 -0.4094 -0.0914
vn -0.3123 -0.2228 -0.9235
vn -0.5053 -0.4502 0.7362
vn -0.1704 0.9825 -0.0759
vn -0.3614 0.2531 -0.8974
vn 0.8169 -0.5421 0.1967
vn -0.0513 0.9858 0.1601
vn 0.2768 -0.5549 0.7845
vn -0.1694 0.6011 -0.7810
vn 0.3813 0.2696 -0.8843
vn -0.5240 -0.7305 -0.4380
vn -0.5423 0.7180 -0.4364
vn 0.4178 -0.7241 0.5487
vn 0.4838 0.3530 0.8008
vn -0.7696 -0.5293 -0.3571
vn -0.8962 -0.3896 0.2123
vn 0.8545 0.3435 0.3897
vn -0.0604 0.3325 0.9412
vn 0.1798 0.9136 0.3647
vn -0.0320 0.9543 0.2970
vn -0.4679 -0.3949 0.7907
vn -0.6396 -0.6801 -0.3581
vn 0.2471 -0.9020 -0.3540
vn -0.0747 0.1173 0.9903
vn 0.9062 -0.2426 -0.3463
vn 0.1250 -0.9831 -0.1338
vn 0.8117 -0.5818 0.0527
vn -0.9315 -0.3415 0.1250
vn -0.9626 -0.2265 0.1490
vn 0.2714 0.9558 -0.1127
vn 0.8454 -0.3581 -0.3964
vn 0.9106 0.2392 -0.3370
vn 0.1624 -0.9858 0.0422
vn -0.8546 0.1914 0.4828
vn -0.9418 0.3083 0.1336
vn 0.1173 -0.9854 -0.1232
vn -0.5104 -0.8574 0.0664
vn 0.9839 0.1738 0.0406
vn 0.6953 0.7170 0.0491
vn 0.8297 0.4060 -0.3831
vn 0.1679 -0.9721 -0.1638
vn -0.2393 0.9059 -0.3495
vn 0.2643 0.9644 0.0111
vn 0.2045 -0.9763 0.0715
vn -0.2274 -0.9134 0.3377
vn -0.0919 -0.9037 -0.4181
vn -0.0870 -0.9856 -0.1451
vn 0.3871 0.8311 -0.3992
vn 0.7696 -0.3170 0.5543
vn 0.8827 0.4443 0.1534
vn 0.6450 0.3083 -0.6992
vn -0.4325 0.6014 0.6718
vn 0.1359 -0.9756 0.1725
vn -0.8130 0.5615 -0.1541
vn -0.7401 -0.3225 -0.5901
vn 0.1576 -0.9816 0.1074
vn 0.2064 -0.9188 -0.3365
vn 0.0800 0.9496 0.3030
vn 0.7965 0.4315 0.4235
vn -0.0041 -0.8828 -0.4698
vn -0.8135 -0.4370 -0.3838
vn -0.2755 0.9398 0.2023
vn 0.8947 -0.4252 0.1365
vn -0.8625 0.4917 -0.1194
vn 0.3411 0.2967 0.8920
vn -0.1161 -0.9764 -0.1823
vn 0.3288 -0.4770 0.8151
vn 0.0693 -0.9569 0.2822
vn 0.3319 0.8881 0.3181
vn -0.1687 -0.3703 -0.9134
vn 0.3084 0.9488 -0.0682
vn 0.0981 0.3789 -0.9202
vn -0.9318 -0.2887 0.2200
vn 0.2729 -0.9561 0.1067
vn -0.5406 0.7211 -0.4334
vn 0.6623 0.4354 -0.6097
vn -0.1961 0.8507 -0.4877
vn -0.0806 -0.9439 0.3202
vn -0.9486 0.2583 -0.1830
vn 0.8232 -0.4046 -0.3982
vn 0.4622 0.3551 -0.8126
vn 0.1081 0.9583 -0.2646
vn -0.1402 -0.9856 0.0948
vn -0.6054 0.3674 0.7060
vn -0.3427 0.9394 0.0089
vn 0.8468 0.3530 -0.3978
vn -0.1949 -0.9802 -0.0352
vn 0.2113 0.9646 -0.1578
vn 0.6003 -0.7964 0.0738
vn -0.9216 -0.2370 0.3075
vn -0.7502 0.5914 0.2959
vn 0.7086 0.7000 0.0887
vn -0.5804 -0.8052 0.1218
vn -0.7915 0.5935 0.1461
vn -0.1624 0.9813 0.1031
vn 0.2281 -0.9704 0.0798
vn 0.1391 -0.9825 0.1240
vn -0.2874 0.9407 -0.1804
vn -0.9195 -0.1894 -0.3443
vn 0.3243 0.9426 0.0794
vn -0.1892 0.9800 0.0623
vn -0.9701 -0.1091 0.2170
vn -0.8065 0.5533 0.2084
vn 0.7722 -0.5014 -0.3903
vn 0.2719 -0.0000 0.9623
vn 0.1829 -0.9758 0.1201
vn 0.4482 0.8937 -0.0213
vn -0.7674 0.3868 0.5114
vn -0.0534 -0.9871 0.1511
vn -0.5167 0.7821 0.3484
vn 0.5578 0.8174 -0.1437
vn -0.8401 -0.2404 0.4862
vn -0.9660 -0.1736 -0.1916
vn 0.4846 0.8669 0.1171
vn -0.4520 0.8883 -0.0814
vn -0.1340 -0.9908 -0.0167
vn -0.9494 0.2524 -0.1869
vn 0.2001 -0.9779 0.0600
vn 0.9306 0.2852 0.2294
vn 0.9566 -0.1706 0.2363
vn 0.2727 0.9551 -0.1154
vn -0.2864 -0.9581 -0.0048
vn 0.9248 0.3003 -0.2337
vn -0.3938 0.9192 0.0075
vn 0.1558 -0.9833 -0.0944
vn -0.9536 0.2736 0.1254
vn 0.9327 -0.2698 -0.2394
vn -0.9611 -0.2435 0.1302
vn -0.4161 0.9093 -0.0008
vn 0.0674 0.3178 -0.9458
vn 0.0689 -0.3087 -0.9487
vn -0.3379 -0.9392 -0.0610
vn 0.0435 -0.9851 -0.1663
vn -0.1985 0.9650 0.1715
vn 0.4607 -0.3563 -0.8129
vn -0.6081 -0.3579 0.7086
vn 0.1734 -0.9838 -0.0448
vn -0.0358 0.9848 0.1698
vn -0.4630 0.6544 0.5978
vn -0.3206 -0.8409 0.4360
vn 0.4814 0.8253 -0.2952
vn 0.7661 0.3412 -0.5447
vn -0.6075 -0.2860 0.7410
vn 0.6727 -0.5661 -0.4765
vn -0.5997 0.5493 0.5819
vn 0.7722 0.3691 -0.5172
vn 0.3316 0.9191 -0.2130
vn -0.2116 -0.9738 0.0831
vn 0.2328 -0.9442 -0.2329
vn -0.1726 0.9614 0.2143
vn -0.5973 -0.6536 0.4649
vn 0.6294 -0.6236 -0.4636
vn -0.3696 -0.2918 -0.8822
vn 0.2759 0.9278 0.2512
vn -0.1275 -0.9016 -0.4133
vn 0.5247 -0.2769 0.8050
vn 0.9088 0.2086 0.3614
vn -0.8628 0.3512 -0.3637
vn 0.8223 -0.4366 0.3650
vn -0.4984 -0.8575 -0.1277
vn 0.2173 0.9642 -0.1522
vn -0.1670 -0.9834 0.0712
vn 0.8003 0.3678 -0.4735
vn -0.2414 0.9648 0.1040
vn 0.1283 -0.9864 -0.1023
vn -0.8182 0.3685 0.4412
vn 0.8080 -0.3378 -0.4828
vn -0.8279 -0.3331 0.4512
vn 0.0503 -0.9360 -0.3484
vn 0.4716 -0.3309 0.8174
vn 0.4683 0.3454 0.8133
vn 0.0348 0.9314 -0.3622
vn -0.0333 0.9386 -0.3433
vn 0.2379 -0.9326 0.2716
vn 0.5267 0.3372 0.7803
vn -0.3400 0.3511 -0.8724
vn 0.1452 -0.3174 0.9371
vn -0.1168 -0.3136 -0.9423
vn 0.1449 0.3258 0.9343
vn -0.0173 -0.9822 -0.1870
vn 0.0522 0.9538 0.2959
vn -0.1150 0.3284 -0.9375
vn 0.0333 -0.9836 0.1775
vn -0.0291 0.9555 -0.2935
vn -0.6358 -0.2763 0.7207
vn 0.6131 -0.2813 -0.7382
vn -0.6249 0.3513 0.6973
vn 0.0817 -0.9825 -0.1671
vn -0.2165 0.9591 0.1821
vn 0.6069 0.3520 -0.7126
vn -0.1789 -0.9720 0.1526
vn 0.1527 0.9614 -0.2288
vn 0.0897 -0.9597 0.2665
vn -0.8669 0.4831 -0.1228
vn 0.8919 0.3198 -0.3198
vn 0.4192 0.7849 -0.4563
vn 0.8354 -0.5384 0.1107
vn -0.3258 0.8911 -0.3161
vn -0.9076 -0.4058 0.1079
vn -0.1960 -0.9535 0.2289
vn 0.4413 -0.4532 -0.7745
vn -0.5000 0.3504 0.7919
vn -0.5290 -0.2929 0.7965
vn -0.1921 0.9335 0.3027
vn 0.5045 0.3083 -0.8065
vn -0.2300 -0.9502 0.2104
vn 0.1881 0.9368 -0.2951
vn 0.0825 -0.9547 -0.2858
vn 0.0929 0.2929 0.9516
vn -0.0504 0.6434 -0.7639
vn -0.0265 0.9362 -0.3503
vn 0.0102 -0.8938 0.4483
vn -0.0512 -0.9378 -0.3434
vn 0.0374 0.9302 0.3651
vn 0.0649 -0.5210 0.8511
vn -0.0752 -0.2933 -0.9530
vn 0.2287 -0.9733 0.0190
vn -0.4969 -0.8289 -0.2570
vn -0.3186 0.9434 -0.0919
vn 0.8088 -0.4949 0.3177
vn -0.7144 0.6276 -0.3095
vn -0.8825 -0.2065 -0.4226
vn 0.8315 0.3739 0.4110
vn 0.3548 0.9015 0.2477
vn -0.0044 0.4372 -0.8993
vn -0.3425 -0.6930 -0.6344
vn -0.3002 0.2148 0.9294
vn -0.0870 0.8107 0.5789
vn -0.3431 -0.6922 -0.6350
vn -0.4669 -0.5059 0.7253
vn -0.1376 -0.0948 -0.9859
vn 0.0128 0.6208 -0.7838
vn -0.1218 -0.0566 -0.9909
vn -0.0880 0.8103 0.5793
vn 0.0340 0.9886 -0.1466
vn -0.4926 -0.8664 0.0818
vn -0.4677 -0.5062 0.7246
vn 0.0461 0.9887 -0.1426
vn -0.4969 -0.8554 0.1465
vn -0.2926 0.2258 0.9292
vn -0.9879 -0.1552 0.0034
vn -0.7732 0.5915 -0.2286
vn -0.9924 -0.0197 -0.1211
vn -0.8234 0.5674 -0.0025
vn -0.7856 0.4690 0.4036
vn -0.5217 0.7438 -0.4179
vn -0.7605 0.6493 -0.0066
vn -0.8082 0.4293 -0.4031
vn -0.9498 0.2787 -0.1422
vn -0.9439 0.3251 -0.0584
vn -0.8271 -0.2889 -0.4822
vn -0.7002 0.5499 0.4554
vn -0.9999 0.0021 0.0105
vn -0.8963 0.3871 -0.2165
vn -0.8304 0.4880 -0.2687
vn -0.7569 0.6522 -0.0424
vn -0.7679 0.6290 0.1214
vn -0.9798 0.0691 0.1875
vn -0.8693 0.2672 0.4159
vn -0.7544 0.6394 0.1483
vn -0.7045 0.5483 -0.4506
vn -0.7443 0.5097 -0.4315
vn -0.6945 0.7089 -0.1231
vn -0.7532 0.4634 -0.4668
vn -0.7198 0.4196 -0.5531
vn -0.9465 0.3215 0.0290
vn -0.7596 0.3485 0.5491
vn -0.6188 0.7669 0.1699
vn -0.7654 0.6335 0.1132
vn -0.9247 0.2760 -0.2623
vn -0.9462 0.3231 0.0204
vn -0.6885 0.1307 -0.7134
vn -0.8601 -0.4824 -0.1660
vn -0.4565 0.8864 -0.0767
vn -0.7876 0.3209 0.5260
vn -0.8273 -0.2958 -0.4777
vn -0.6524 0.7016 0.2867
vn -0.9017 -0.1520 0.4047
vn -0.4901 0.4965 -0.7164
vn -0.3969 0.9147 -0.0763
vn -0.8664 -0.1997 0.4576
vn -0.8825 -0.4279 0.1949
vn -0.5715 0.4632 -0.6774
vn -0.7491 0.3146 0.5830
vn -0.7425 -0.4290 -0.5144
vn -0.6448 0.0643 -0.7616
vn -0.5486 0.7621 0.3438
vn -0.5369 0.2094 0.8173
vn -0.8216 0.1821 -0.5402
vn -0.2576 0.3211 0.9114
vn -0.8279 0.0382 -0.5595
vn -0.9709 -0.1574 0.1805
vn -0.8207 0.3582 -0.4451
vn -0.6797 0.6575 -0.3253
vn -0.9724 0.1450 0.1827
vn -0.8012 -0.0872 -0.5920
vn -0.3173 0.6909 0.6495
vn -0.1118 0.3969 0.9110
vn -0.9449 -0.1343 -0.2987
vn -0.9846 0.1592 -0.0729
vn -0.9356 0.3496 -0.0501
vn -0.8825 0.0652 -0.4658
vn -0.7221 0.4813 0.4970
vn -0.7546 0.3254 0.5699
vn -0.7635 0.6244 0.1651
vn -0.9753 -0.0815 -0.2051
vn -0.7999 0.5511 -0.2377
vn -0.8285 0.5383 0.1542
vn -0.7794 0.6265 -0.0070
vn -0.9790 0.1655 0.1189
vn -0.6357 0.4725 -0.6104
vn -0.8256 -0.0457 0.5625
vn -0.6200 0.7674 -0.1630
vn -0.7190 0.4650 -0.5165
vn -0.7308 0.6807 -0.0509
vn -0.8223 0.3352 -0.4598
vn -0.8392 0.3583 0.4091
vn -0.8174 0.5560 0.1509
vn -0.8864 0.3420 0.3119
vn -0.7227 0.6817 0.1143
vn -0.6680 0.6693 0.3254
vn -0.7309 0.6618 0.1668
vn -0.9894 0.1338 0.0574
vn -0.9319 0.3319 0.1463
vn -0.9390 0.2149 0.2687
vn -0.7981 0.6021 0.0213
vn -0.9334 0.3059 0.1873
vn -0.7380 0.6543 0.1651
vn -0.9361 0.3495 -0.0389
vn -0.9953 0.0582 -0.0780
vn -0.9440 0.3291 -0.0256
vn -0.9574 0.2614 -0.1229
vn -0.5728 0.6290 0.5256
vn -0.6655 0.5644 0.4884
vn -0.6244 0.7004 -0.3458
vn -0.6840 0.6371 -0.3552
vn -0.6798 0.4876 0.5479
vn -0.4780 0.7698 0.4231
vn -0.6560 0.6825 -0.3221
vn -0.9639 0.2583 0.0644
vn -0.9229 0.2922 -0.2510
vn -0.9937 -0.0854 0.0729
vn -0.9312 0.3407 0.1293
vn -0.9236 0.2734 -0.2689
vn -0.9385 0.2746 0.2094
vn -0.8643 -0.1167 -0.4892
vn -0.0223 0.8748 0.4839
vn -0.7476 0.6610 0.0648
vn -0.9237 0.3827 -0.0193
vn -0.7728 0.4684 -0.4282
vn -0.9272 0.0545 -0.3706
vn -0.7825 0.5935 0.1884
vn -0.8522 0.3006 0.4282
vn -0.7070 0.6971 0.1196
vn -0.7589 0.6511 0.0125
vn -0.7482 0.6619 0.0469
vn -0.7420 0.5975 -0.3041
vn -0.7999 0.5477 -0.2452
vn -0.7971 0.5680 0.2050
vn -0.7661 0.6426 0.0163
vn -0.9326 0.2470 0.2633
vn -0.9383 0.2138 0.2719
vn -0.7986 0.4181 -0.4330
vn -0.7935 0.3955 -0.4625
vn -0.8175 0.5666 -0.1032
vn -0.6991 0.7091 -0.0917
vn -0.8703 0.3701 0.3250
vn -0.8915 0.3180 0.3225
vn -0.7861 0.6048 0.1277
vn -0.7695 0.6292 0.1091
vn -0.7658 0.6363 -0.0938
vn -0.7703 0.6242 -0.1303
vn -0.7397 0.6641 0.1086
vn -0.7873 0.6166 -0.0046
vn -0.8333 0.5509 -0.0464
vn -0.7967 0.5868 -0.1446
vn -0.9000 0.1784 0.3977
vn -0.7684 0.3509 -0.5352
vn -0.7806 0.4399 -0.4440
vn -0.8190 0.4605 -0.3423
vn -0.8232 0.4787 -0.3052
vn -0.7987 0.3120 -0.5145
vn -0.9885 -0.1205 -0.0916
vn -0.8968 0.2428 0.3700
vn -0.8913 0.2789 0.3575
vn -0.9476 0.1993 0.2498
vn -0.9525 0.1100 0.2839
vn -0.9057 0.2957 0.3038
vn -0.9306 0.1173 0.3468
vn -0.7307 0.6764 0.0928
vn -0.7378 0.6671 0.1028
vn -0.7678 0.6328 0.1004
vn -0.7905 0.6028 0.1086
vn -0.7952 0.5837 0.1642
vn -0.7333 0.6799 0.0058
vn -0.8680 0.4164 -0.2703
vn -0.7861 -0.6111 -0.0926
vn -0.3672 0.0533 -0.9286
vn -0.8970 -0.4207 0.1353
vn -0.5699 0.8099 -0.1387
vn -0.3619 -0.1030 0.9265
vn -0.9403 -0.0934 -0.3272
vn -0.6753 0.6811 0.2829
vn -0.7066 -0.2111 0.6753
vn -0.3360 0.6259 -0.7038
vn -0.4592 0.8679 -0.1894
vn -0.6020 -0.2535 0.7572
vn -0.7993 -0.5710 0.1875
vn -0.4920 0.4979 -0.7142
vn -0.7983 0.3173 0.5120
vn -0.9461 -0.2543 -0.2005
vn -0.7227 0.1007 -0.6838
vn -0.6549 0.7126 0.2516
vn -0.6026 0.7294 0.3237
vn -0.8964 -0.1783 0.4057
vn 0.0358 0.3813 0.9238
vn -0.9138 -0.1017 -0.3933
vn -0.8031 -0.0170 -0.5956
vn -0.8157 0.5650 0.1240
vn -0.6946 0.6445 -0.3196
vn -0.9571 -0.2378 0.1653
vn -0.9979 0.0647 -0.0054
vn -0.5049 0.2067 -0.8381
vn -0.5097 0.4118 0.7554
vn -0.7927 0.5010 -0.3473
vn -0.6966 0.7101 0.1028
vn -0.8954 0.4450 -0.0116
vn -0.9129 0.3933 -0.1092
vn -0.8219 0.4721 -0.3188
vn -0.7653 0.6416 0.0520
vn -0.8513 0.4765 -0.2194
vn -0.7516 0.6586 0.0362
vn -0.8845 0.3896 -0.2567
vn -0.7976 0.5806 0.1634
vn -0.9663 0.2480 0.0694
vn -0.8102 0.5784 0.0951
vn -0.7799 0.4138 -0.4695
vn -0.7759 0.6086 -0.1659
vn -0.7374 0.6555 -0.1632
vn -0.8016 0.4258 -0.4197
vn -0.7794 0.4261 -0.4592
vn -0.7687 0.6290 -0.1162
vn -0.6435 0.7624 -0.0677
vn -0.7956 0.4041 -0.4515
vn -0.8032 0.3204 -0.5022
vn -0.7957 0.5995 -0.0863
vn -0.7746 0.4542 -0.4401
vn -0.7260 0.6873 -0.0248
vn -0.7428 0.6694 0.0128
vn -0.9192 0.2379 0.3137
vn -0.9706 0.2366 0.0455
vn -0.7773 0.6053 0.1713
vn -0.7415 0.6622 0.1081
vn -0.8938 0.2636 0.3627
vn -0.7757 0.6203 0.1160
vn -0.7256 0.4272 0.5394
vn -0.7605 0.6351 0.1351
vn -0.8855 0.3104 0.3457
vn -0.7937 0.5930 0.1359
vn -0.9237 -0.3464 -0.1635
vn -0.8096 0.5752 0.1168
vn -0.9459 0.2115 0.2459
vn -0.9295 0.2618 0.2598
vn -0.8996 0.4293 -0.0803
vn -0.7815 0.6150 0.1051
vn -0.9501 0.1711 0.2607
vn -0.9364 0.2253 0.2690
vn -0.8363 0.3176 -0.4470
vn -0.7600 0.6298 0.1605
vn -0.9274 0.2146 0.3064
vn -0.7184 0.6804 0.1447
vn -0.9413 0.2549 0.2213
vn -0.9519 0.2842 -0.1148
vn -0.9027 0.3507 -0.2494
vn -0.9367 0.3245 -0.1315
vn -0.9604 0.2606 -0.0989
vn -0.9512 0.2829 -0.1229
vn -0.9608 0.2443 -0.1311
vn -0.9446 0.3122 -0.1019
vn -0.9518 0.2754 -0.1347
vn -0.6815 0.4897 0.5438
vn -0.7171 0.4714 0.5134
vn -0.7041 0.5270 0.4760
vn -0.6940 0.4605 0.5534
vn -0.7472 0.5725 -0.3377
vn -0.7489 0.5905 -0.3008
vn -0.9050 0.1852 -0.3831
vn -0.6537 0.6855 -0.3206
vn -0.6754 0.4435 0.5892
vn -0.5486 0.4686 0.6924
vn -0.6826 0.5524 0.4786
vn -0.6770 0.4461 0.5854
vn -0.8866 0.2633 -0.3803
vn -0.9437 0.3304 -0.0183
vn -0.5138 0.8519 -0.1012
vn -0.9340 0.1831 -0.3068
vn -0.9035 0.1168 -0.4124
vn -0.9605 0.2702 0.0660
vn -0.9565 0.2021 -0.2105
vn -0.9405 0.2431 -0.2375
vn -0.9653 0.2399 -0.1032
vn -0.9933 0.0917 -0.0707
vn -0.9517 0.2856 -0.1128
vn -0.9654 0.2197 -0.1402
vn 0.9565 0.0228 -0.2907
vn -0.0503 -0.6728 -0.7381
vn -0.7908 -0.3210 0.5211
vn 0.3719 0.4064 0.8346
vn 0.9254 -0.3744 -0.0597
vn 0.7682 -0.5623 0.3061
vn 0.0044 0.3199 0.9475
vn 0.3195 -0.5426 -0.7768
vn 0.7682 -0.5621 0.3063
vn 0.7682 -0.5622 0.3062
vn -0.8055 -0.5889 0.0663
vn 0.9684 0.2380 0.0747
vn 0.9649 -0.0737 0.2520
vn -0.9404 -0.3386 -0.0319
vn 0.2340 -0.6711 -0.7035
vn -0.1294 0.2779 0.9518
vn 0.2865 0.2823 0.9155
vn -0.9278 -0.1099 0.3565
vn -0.1829 -0.6931 -0.6972
vn 0.9534 -0.2833 -0.1039
vn 0.8824 -0.4677 0.0509
vn -0.2263 -0.5464 -0.8064
vn -0.9639 0.2258 0.1411
vn 0.3006 0.2989 0.9057
vn -0.1716 0.4458 0.8785
vn 0.2481 -0.6549 -0.7139
vn -0.9756 0.0136 -0.2192
vn 0.8919 -0.2965 0.3416
vn -0.9471 0.1262 -0.2951
vn 0.8281 -0.3661 0.4245
vn 0.0896 0.6574 0.7482
vn -0.5330 0.5787 -0.6172
vn 0.3173 -0.5288 -0.7872
vn 0.9565 0.2366 -0.1707
vn 0.0277 -0.3159 -0.9484
vn 0.3765 0.4017 0.8348
vn -0.5161 0.8416 -0.1593
vn 0.8147 -0.5770 0.0567
vn 0.9513 -0.2889 -0.1073
vn -0.7460 0.6597 -0.0911
vn 0.3555 0.5512 0.7549
vn -0.0794 -0.2280 -0.9704
vn 0.2961 -0.3836 -0.8747
vn -0.7603 0.4354 -0.4821
vn -0.0188 0.7241 0.6894
vn 0.9644 -0.0833 0.2509
vn 0.9893 0.1114 0.0946
vn -0.1283 0.6053 0.7855
vn -0.9476 0.1401 -0.2870
vn 0.3015 -0.4040 -0.8636
vn -0.1902 -0.3675 -0.9104
vn 0.3610 0.5311 0.7665
vn -0.9344 0.3481 0.0756
vn 0.9786 -0.0564 -0.1980
vn 0.8668 0.2344 0.4400
vn 0.3225 0.6830 -0.6554
vn -0.6064 -0.4975 -0.6203
vn 0.0743 -0.8196 0.5681
vn -0.2239 -0.9171 0.3300
vn 0.5966 0.7100 -0.3740
vn 0.9079 -0.3955 -0.1390
vn -0.4589 -0.0659 -0.8860
vn 0.7484 -0.1125 0.6536
vn 0.8690 -0.3139 0.3825
vn -0.6823 0.0601 -0.7286
vn 0.5715 0.6318 -0.5237
vn -0.3247 -0.9169 0.2322
vn 0.0467 -0.9051 0.4227
vn -0.8082 -0.3086 -0.5016
vn 0.2099 0.6484 -0.7318
vn 0.9844 0.0240 0.1744
vn 0.9899 -0.1409 -0.0148
vn 0.1154 0.7715 -0.6256
vn -0.9713 -0.0649 -0.2288
vn 0.0526 -0.8948 0.4434
vn -0.4308 -0.8278 0.3593
vn 0.5777 0.6426 -0.5034
vn -0.8545 0.2770 -0.4394
vn 0.8957 -0.4167 0.1551
vn -0.4804 -0.7643 0.4303
vn 0.8446 -0.5345 0.0307
vn -0.2839 -0.6935 0.6622
vn -0.6416 0.7147 0.2786
vn 0.6033 0.7030 -0.3765
vn 0.7876 0.0952 0.6088
vn 0.2743 0.9100 -0.3108
vn 0.0691 -0.8299 0.5537
vn 0.7875 0.0952 0.6089
vn -0.7922 0.2820 0.5412
vn 0.9657 -0.1868 -0.1803
vn 0.9911 -0.0127 0.1323
vn -0.9333 0.2213 0.2826
vn -0.0010 -0.7356 0.6775
vn 0.1444 0.9500 -0.2767
vn 0.5353 0.8046 -0.2571
vn -0.8047 0.5909 0.0584
vn -0.4018 -0.6186 0.6751
vn 0.8732 -0.3513 0.3378
vn 0.8352 -0.1818 0.5190
vn -0.4639 -0.7135 0.5251
vn -0.8769 0.3903 -0.2806
vn 0.5472 0.7913 -0.2728
vn 0.0942 0.8893 -0.4474
vn 0.0107 -0.7494 0.6620
vn -0.9962 0.0476 -0.0726
vn 0.9315 0.0946 0.3512
vn 0.8564 -0.3730 -0.3569
vn -0.2324 -0.9720 0.0348
vn -0.6407 0.3109 0.7020
vn 0.5663 0.8053 0.1755
vn 0.8172 -0.2944 0.4955
vn 0.2371 0.8977 0.3713
vn 0.1177 -0.9822 -0.1464
vn 0.8173 -0.2942 0.4954
vn 0.8174 -0.2943 0.4952
vn -0.0221 -0.9920 -0.1241
vn -0.7675 -0.1938 0.6111
vn 0.9583 0.0326 -0.2838
vn 0.9969 -0.0455 0.0641
vn -0.9212 -0.0736 0.3822
vn 0.0520 -0.9986 0.0106
vn 0.1084 0.8978 0.4268
vn 0.5028 0.7973 0.3339
vn -0.8130 0.3573 0.4597
vn -0.3508 -0.9314 0.0975
vn 0.8978 -0.4403 -0.0070
vn 0.8661 -0.4375 0.2420
vn -0.4189 -0.9049 -0.0757
vn -0.8992 0.4309 0.0757
vn 0.5141 0.7986 0.3130
vn 0.0502 0.9641 0.2607
vn 0.0632 -0.9979 -0.0104
vn -0.9995 0.0313 0.0037
vn 0.9470 -0.1151 0.3000
vn 0.9051 -0.0896 0.4156
vn 0.2730 0.9617 -0.0230
vn -0.6650 0.0365 -0.7459
vn 0.1131 -0.9801 -0.1631
vn 0.9992 -0.0246 -0.0305
vn 0.8869 -0.1437 -0.4390
vn 0.8867 -0.1439 -0.4393
vn -0.2062 -0.9017 -0.3800
vn 0.5709 0.8014 0.1784
vn 0.8868 -0.1439 -0.4391
vn -0.5359 0.5394 -0.6495
vn 0.8012 -0.4935 0.3384
vn 0.8950 -0.4461 -0.0047
vn -0.7427 0.5106 -0.4331
vn 0.5317 0.8468 0.0183
vn -0.3151 -0.8394 -0.4429
vn 0.0716 -0.9431 -0.3246
vn -0.8531 0.0812 -0.5154
vn 0.1535 0.9837 -0.0936
vn 0.9961 -0.0526 0.0707
vn 0.9829 -0.0410 -0.1797
vn 0.0702 0.9947 0.0746
vn -0.9884 0.0611 -0.1390
vn 0.0795 -0.9496 -0.3031
vn -0.4085 -0.8680 -0.2822
vn 0.5397 0.8409 0.0399
vn -0.8860 0.4593 -0.0627
vn 0.9003 -0.3623 -0.2413
vn -0.0217 -0.9780 -0.2073
vn 0.9491 0.3135 -0.0294
vn 0.1554 -0.0807 -0.9845
vn -0.7418 -0.6671 0.0687
vn 0.2072 -0.1470 0.9672
vn 0.8447 -0.5317 0.0615
vn 0.8446 -0.5318 0.0617
vn -0.1408 -0.3288 0.9338
vn 0.4903 0.0903 -0.8668
vn 0.8447 -0.5317 0.0616
vn -0.6619 -0.6001 -0.4492
vn 0.8850 0.2598 0.3865
vn 0.9347 -0.0928 0.3431
vn -0.8394 -0.3611 -0.4063
vn 0.4290 -0.0655 -0.9009
vn -0.2622 -0.3808 0.8867
vn 0.1446 -0.3038 0.9417
vn -0.9076 -0.4182 0.0358
vn 0.0275 -0.1380 -0.9900
vn 0.9973 -0.0404 -0.0621
vn 0.9557 -0.2879 -0.0618
vn -0.0376 0.0382 -0.9986
vn -0.9980 -0.0286 0.0555
vn 0.1555 -0.2832 0.9464
vn -0.3336 -0.2099 0.9190
vn 0.4400 -0.0448 -0.8969
vn -0.9348 0.0244 -0.3544
vn 0.9046 -0.3307 0.2689
vn 0.8242 -0.4895 0.2849
vn -0.1165 0.0714 0.9906
vn -0.5508 0.7956 -0.2521
vn 0.4961 0.0825 -0.8644
vn 0.9129 0.3579 0.1962
vn 0.1943 0.3285 -0.9243
vn 0.1990 -0.1633 0.9663
vn -0.9289 0.0833 -0.3610
vn 0.9129 0.3580 0.1962
vn -0.6347 0.7262 0.2642
vn 0.8915 -0.4338 -0.1303
vn 0.9933 -0.0965 -0.0629
vn -0.8350 0.5248 0.1654
vn 0.1614 0.0021 0.9869
vn 0.0766 0.4040 -0.9116
vn 0.4598 0.2490 -0.8524
vn -0.7634 0.5841 -0.2759
vn -0.2274 0.1524 0.9618
vn 0.9277 -0.1508 0.3415
vn 0.9359 0.1001 0.3377
vn -0.3246 -0.0077 0.9458
vn -0.9171 0.2188 -0.3332
vn 0.4674 0.2266 -0.8545
vn -0.0140 0.2493 -0.9683
vn 0.1689 -0.0205 0.9854
vn -0.9835 0.1638 0.0761
vn 0.9895 0.1444 0.0076
vn 0.7401 -0.6676 -0.0810
vn -0.2189 -0.5650 0.7955
vn -0.4453 0.8394 0.3116
vn 0.5942 0.5469 -0.5897
vn 0.3244 0.8134 -0.4829
vn 0.0750 -0.7709 0.6325
vn -0.5922 0.4672 0.6565
vn 0.8578 -0.3689 -0.3580
vn 0.9814 -0.1720 -0.0848
vn -0.7975 0.4071 0.4453
vn 0.0505 -0.6541 0.7547
vn 0.2133 0.8786 -0.4273
vn 0.5721 0.6699 -0.4732
vn -0.6724 0.7247 0.1507
vn -0.3180 -0.4700 0.8234
vn 0.8668 -0.4631 0.1852
vn 0.8979 -0.2726 0.3457
vn -0.4269 -0.5668 0.7046
vn -0.8511 0.5076 -0.1344
vn 0.5778 0.6533 -0.4892
vn 0.1159 0.8111 -0.5733
vn 0.0560 -0.6712 0.7392
vn -0.9671 0.2129 0.1389
vn 0.9915 -0.0350 0.1252
vn -0.9920 0.1196 0.0392
vn 0.9798 0.0745 0.1858
vn 0.2607 0.5594 -0.7869
vn -0.8295 -0.3969 -0.3930
vn 0.0664 -0.7809 0.6211
vn 0.7495 -0.5842 -0.3113
vn 0.7494 -0.5844 -0.3113
vn -0.2967 -0.8281 0.4755
vn 0.5995 0.5455 -0.5857
vn 0.7495 -0.5843 -0.3112
vn 0.7497 -0.5842 -0.3109
vn -0.6789 -0.0223 -0.7339
vn 0.8589 -0.2263 0.4595
vn 0.8646 -0.4646 0.1914
vn -0.8257 0.1568 -0.5418
vn 0.5217 0.4654 -0.7150
vn -0.4174 -0.8130 0.4060
vn -0.0137 -0.8674 0.4975
vn -0.9542 -0.1629 -0.2509
vn 0.1279 0.5445 -0.8290
vn 0.9823 -0.1716 -0.0752
vn 0.9073 -0.3452 -0.2403
vn 0.0891 0.6908 -0.7175
vn -0.9918 0.1256 0.0242
vn -0.0007 -0.8574 0.5147
vn -0.4681 -0.6961 0.5444
vn 0.5349 0.4758 -0.6982
vn -0.8727 0.4221 -0.2455
vn 0.8112 -0.5844 -0.0226
vn 0.9130 0.0030 -0.4081
vn -0.0943 -0.8041 -0.5870
vn -0.7033 -0.2443 0.6676
vn 0.4406 0.5740 0.6902
vn 0.8321 -0.4623 0.3063
vn 0.8322 -0.4623 0.3063
vn 0.0949 0.4969 0.8626
vn 0.2598 -0.6698 -0.6956
vn 0.8320 -0.4625 0.3063
vn -0.7542 -0.5956 0.2763
vn 0.9539 0.2851 -0.0939
vn 0.9904 0.0135 0.1375
vn -0.9149 -0.3743 0.1510
vn 0.1915 -0.7848 -0.5894
vn -0.0346 0.4514 0.8916
vn 0.3732 0.4647 0.8030
vn -0.8713 -0.0745 0.4850
vn -0.2197 -0.8213 -0.5265
vn 0.9504 -0.2612 -0.1686
vn 0.9096 -0.4147 0.0257
vn -0.2845 -0.7002 -0.6548
vn -0.9530 0.2115 0.2169
vn 0.3850 0.4796 0.7885
vn -0.0953 0.6002 0.7941
vn 0.2032 -0.7704 -0.6043
vn -0.9934 -0.0665 -0.0929
vn 0.9422 -0.1904 0.2757
vn -0.1229 0.6777 0.7250
vn 0.8679 -0.2672 0.4186
vn 0.1336 0.7951 0.5915
vn -0.5941 0.4389 -0.6741
vn 0.2659 -0.6741 -0.6892
vn 0.9340 0.2043 -0.2933
vn -0.0407 -0.5002 -0.8650
vn 0.4325 0.5642 0.7033
vn 0.9340 0.2042 -0.2931
vn -0.5472 0.7884 -0.2810
vn 0.8301 -0.5480 0.1031
vn 0.9463 -0.2977 -0.1260
vn -0.7663 0.6225 -0.1590
vn 0.4015 0.6944 0.5972
vn -0.1512 -0.4192 -0.8952
vn 0.2343 -0.5497 -0.8018
vn -0.8065 0.3240 -0.4946
vn 0.0191 0.8480 0.5297
vn 0.9831 -0.0242 0.1816
vn 0.9907 0.1353 -0.0121
vn -0.0795 0.7502 0.6565
vn -0.9706 0.0727 -0.2295
vn 0.2411 -0.5674 -0.7874
vn -0.2536 -0.5446 -0.7995
vn 0.4084 0.6772 0.6121
vn -0.9334 0.3495 0.0818
vn 0.9607 -0.0880 -0.2632
vn -0.1295 0.6806 0.7211
vn 0.0977 -0.9533 0.2857
vn -0.2204 -0.4417 -0.8697
vn -0.4808 0.8608 -0.1668
vn -0.0802 0.1585 0.9841
vn -0.6903 -0.6262 0.3625
vn -0.6903 -0.6263 0.3624
vn -0.1858 0.5098 0.8400
vn -0.1132 -0.7511 -0.6504
vn -0.6905 -0.6260 0.3623
vn -0.6904 -0.6262 0.3623
vn -0.1114 -0.6510 -0.7508
vn -0.4901 0.6040 -0.6284
vn 0.1051 -0.7470 0.6564
vn -0.2525 -0.7225 0.6436
vn -0.2154 0.7232 -0.6561
vn -0.2550 -0.6687 -0.6984
vn -0.2154 0.6180 0.7561
vn -0.2219 0.2451 0.9438
vn -0.2074 0.9424 -0.2622
vn -0.2492 -0.3127 -0.9166
vn -0.2598 -0.9234 0.2826
vn -0.4911 -0.8261 0.2765
vn -0.0652 -0.2979 -0.9524
vn 0.1923 0.9385 -0.2868
vn -0.2036 0.2317 0.9512
vn -0.0307 0.6531 0.7567
vn -0.2368 -0.6824 -0.6915
vn 0.1849 0.7352 -0.6522
vn -0.4851 -0.6620 0.5713
vn 0.9802 -0.1807 0.0807
vn 0.3180 0.6973 -0.6424
vn -0.2088 -0.9363 0.2825
vn -0.1987 -0.3881 -0.8999
vn -0.1984 0.9540 -0.2246
vn -0.1810 0.2004 0.9629
vn -0.6233 -0.7590 0.1882
vn -0.8806 -0.4064 0.2438
vn -0.8806 -0.4064 0.2437
vn -0.6158 -0.5494 0.5648
vn -0.1643 0.5629 0.8100
vn -0.2138 -0.7095 -0.6715
vn 0.5956 0.7786 -0.1973
vn -0.8809 -0.4057 0.2438
vn -0.8808 -0.4060 0.2437
vn -0.2077 0.6973 -0.6860
vn -0.2014 -0.7301 0.6530
vn -0.5328 -0.6099 0.5866
vn 0.0900 0.7369 -0.6700
vn -0.3192 -0.5929 -0.7393
vn -0.1505 0.6730 0.7241
vn -0.2860 0.3208 0.9029
vn 0.0980 0.9562 -0.2759
vn -0.1842 -0.2577 -0.9485
vn -0.5400 -0.8109 0.2256
vn -0.7326 -0.6548 0.1860
vn 0.0001 -0.2942 -0.9557
vn 0.4806 0.8435 -0.2398
vn -0.2734 0.3032 0.9128
vn 0.0346 0.6568 0.7533
vn -0.3066 -0.6109 -0.7299
vn 0.4732 0.6402 -0.6051
vn -0.7266 -0.4907 0.4808
vn 0.8707 -0.4369 0.2256
vn 0.5880 0.5679 -0.5759
vn 0.1389 0.6326 0.7619
vn -0.4703 -0.8641 0.1795
vn -0.3325 -0.1862 -0.9245
vn 0.0886 0.9918 -0.0926
vn -0.0842 0.1102 0.9903
vn -0.9541 -0.1610 0.2526
vn -0.9540 -0.1612 0.2527
vn -0.7346 -0.4180 0.5345
vn 0.0353 0.4694 0.8823
vn -0.4360 -0.5166 -0.7369
vn 0.7947 0.5903 -0.1412
vn -0.9541 -0.1609 0.2526
vn -0.0105 0.8152 -0.5791
vn -0.3904 -0.7223 0.5708
vn -0.6728 -0.5025 0.5429
vn 0.2859 0.7634 -0.5792
vn -0.5034 -0.3664 -0.7825
vn 0.0789 0.5813 0.8099
vn -0.1502 0.2630 0.9530
vn 0.3706 0.9144 -0.1628
vn -0.2809 -0.0597 -0.9579
vn -0.7505 -0.6409 0.1614
vn -0.8887 -0.4316 0.1547
vn -0.1162 -0.1470 -0.9823
vn 0.7031 0.6912 -0.1673
vn -0.1432 0.2412 0.9598
vn 0.2514 0.5079 0.8239
vn -0.4965 -0.3883 -0.7763
vn 0.6245 0.5511 -0.5534
vn -0.8253 -0.3186 0.4662
vn -0.1088 -0.9690 0.2218
vn 0.0774 -0.3753 -0.9237
vn -0.2982 0.9186 -0.2593
vn -0.4248 0.1265 0.8964
vn -0.8328 -0.5526 0.0323
vn -0.8331 -0.5522 0.0320
vn -0.4348 0.4935 0.7533
vn 0.0647 -0.7045 -0.7067
vn 0.4868 0.8721 -0.0504
vn -0.8335 -0.5517 0.0320
vn -0.8328 -0.5526 0.0324
vn -0.1603 0.6847 -0.7110
vn -0.2194 -0.7807 0.5851
vn -0.5426 -0.7126 0.4447
vn 0.1154 0.7704 -0.6271
vn -0.0404 -0.6036 -0.7962
vn -0.4203 0.6078 0.6738
vn -0.5322 0.2309 0.8145
vn -0.0026 0.9706 -0.2406
vn 0.0807 -0.2422 -0.9669
vn -0.4345 -0.8961 0.0905
vn -0.6363 -0.7714 0.0086
vn 0.2653 -0.2483 -0.9316
vn 0.3752 0.9194 -0.1178
vn -0.5194 0.2152 0.8270
vn -0.2466 0.6202 0.7446
vn -0.0275 -0.6197 -0.7843
vn 0.4846 0.7337 -0.4762
vn -0.7246 -0.6216 0.2977
vn -0.3966 0.2641 0.8792
vn -0.3448 -0.8767 0.3353
vn -0.1874 -0.4355 -0.8805
vn -0.0597 0.9489 -0.3099
vn -0.2165 0.3009 0.9287
vn -0.9394 -0.2738 0.2064
vn -0.9394 -0.2737 0.2065
vn -0.1438 0.6449 0.7506
vn -0.2583 -0.7316 -0.6309
vn -0.9394 -0.2738 0.2065
vn -0.1965 -0.6532 -0.7312
vn -0.0715 0.6572 -0.7504
vn -0.3354 -0.6426 0.6889
vn -0.6436 -0.4889 0.5889
vn 0.2272 0.6615 -0.7147
vn -0.3432 -0.6095 -0.7146
vn -0.1104 0.7448 0.6581
vn -0.3012 0.4280 0.8521
vn 0.2372 0.9105 -0.3388
vn -0.1531 -0.3120 -0.9377
vn -0.6528 -0.7170 0.2444
vn -0.8208 -0.5424 0.1788
vn 0.0251 -0.3712 -0.9282
vn 0.5991 0.7554 -0.2654
vn -0.2917 0.4099 0.8642
vn 0.0688 0.7086 0.7023
vn -0.3336 -0.6280 -0.7031
vn 0.5898 0.5245 -0.6141
vn -0.8133 -0.3562 0.4601
vn -0.1531 0.4226 0.8933
vn -0.6199 -0.7766 0.1123
vn -0.3812 -0.0236 -0.9242
vn 0.2712 0.9625 0.0031
vn -0.0407 0.0192 0.9990
vn -0.9617 -0.0078 0.2739
vn 0.1418 0.3600 0.9221
vn -0.5408 -0.3473 -0.7661
vn -0.9617 -0.0078 0.2740
vn 0.1302 0.8590 -0.4951
vn -0.5066 -0.6933 0.5125
vn -0.7432 -0.4239 0.5176
vn 0.4114 0.7539 -0.5122
vn -0.5800 -0.1834 -0.7937
vn 0.2040 0.4689 0.8594
vn -0.0776 0.1850 0.9797
vn 0.5320 0.8423 -0.0867
vn -0.3077 0.0936 -0.9469
vn -0.8537 -0.5049 0.1278
vn -0.9503 -0.2741 0.1474
vn -0.1629 -0.0195 -0.9864
vn 0.8165 0.5633 -0.1267
vn -0.0746 0.1617 0.9840
vn 0.3600 0.3639 0.8591
vn -0.5772 -0.2068 -0.7900
vn 0.7047 0.4814 -0.5213
vn -0.8602 -0.2079 0.4657
vn -0.2224 -0.9473 0.2305
vn -0.3062 -0.3068 -0.9012
vn -0.1758 0.9759 -0.1294
vn -0.0735 0.1287 0.9890
vn -0.0558 0.5017 0.8633
vn -0.3129 -0.6442 -0.6979
vn 0.6080 0.7687 -0.1982
vn -0.2432 0.7577 -0.6056
vn -0.1681 -0.7721 0.6129
vn -0.4986 -0.6345 0.5907
vn 0.0560 0.7846 -0.6175
vn -0.4190 -0.5189 -0.7451
vn -0.0455 0.6177 0.7851
vn -0.1785 0.2577 0.9496
vn 0.1137 0.9709 -0.2109
vn -0.2905 -0.1732 -0.9411
vn -0.5514 -0.8052 0.2181
vn -0.7396 -0.6392 0.2108
vn -0.1098 -0.2160 -0.9702
vn 0.4924 0.8412 -0.2234
vn -0.1658 0.2389 0.9568
vn 0.1406 0.5921 0.7935
vn -0.4064 -0.5380 -0.7385
vn 0.4389 0.6684 -0.6005
vn -0.6964 -0.4998 0.5150
vn -0.4543 -0.8285 0.3274
vn -0.1490 -0.4490 -0.8810
vn 0.0577 0.9382 -0.3413
vn -0.2687 0.3538 0.8959
vn -0.9756 -0.1789 0.1273
vn -0.9756 -0.1790 0.1275
vn -0.1482 0.6829 0.7153
vn -0.2693 -0.7282 -0.6303
vn -0.9756 -0.1789 0.1272
vn -0.9756 -0.1790 0.1271
vn 0.0575 0.6326 -0.7723
vn -0.4542 -0.5831 0.6736
vn -0.7364 -0.4058 0.5413
vn 0.3509 0.6110 -0.7097
vn -0.3345 -0.6018 -0.7252
vn -0.0975 0.7757 0.6235
vn -0.3337 0.4852 0.8082
vn 0.3510 0.8718 -0.3418
vn -0.0982 -0.3315 -0.9383
vn -0.7366 -0.6448 0.2041
vn -0.8809 -0.4582 0.1184
vn 0.0721 -0.4063 -0.9109
vn 0.6888 0.6872 -0.2311
vn -0.3271 0.4667 0.8217
vn 0.0728 0.7250 0.6849
vn -0.3278 -0.6207 -0.7123
vn 0.6886 0.4453 -0.5723
vn -0.8808 -0.2631 0.3937
vn 0.1580 -0.1583 -0.9747
vn 0.1747 0.9441 -0.2797
vn -0.5365 0.2053 0.8186
vn -0.4420 -0.8955 -0.0520
vn -0.6523 0.0165 -0.7577
vn -0.6522 0.0165 -0.7579
vn -0.5510 -0.7760 0.3071
vn 0.2522 0.7487 -0.6131
vn 0.2325 -0.0128 0.9725
vn -0.6524 0.0165 -0.7577
vn -0.6520 0.0169 -0.7580
vn -0.3399 0.6695 0.6605
vn 0.0009 -0.5308 -0.8475
vn -0.3289 -0.3899 -0.8602
vn -0.0982 0.5752 0.8121
vn 0.1235 0.8333 -0.5388
vn -0.5682 -0.7038 0.4264
vn -0.5738 -0.8186 0.0249
vn -0.2655 0.1789 0.9474
vn 0.1420 0.9788 -0.1479
vn -0.1756 -0.0267 -0.9841
vn -0.4037 0.0505 -0.9135
vn 0.3214 0.9410 -0.1062
vn 0.1121 0.0534 0.9923
vn -0.5572 -0.8303 0.0125
vn -0.4042 -0.7782 0.4806
vn 0.1403 0.8223 -0.5516
vn 0.2673 0.4210 0.8668
vn -0.5289 -0.2460 -0.8123
vn -0.1263 -0.0436 -0.9910
vn 0.1958 0.9558 -0.2195
vn -0.2724 0.1387 0.9521
vn -0.5348 -0.8448 -0.0181
vn -0.5069 0.1707 -0.8449
vn -0.8250 0.1635 -0.5409
vn -0.8252 0.1633 -0.5407
vn -0.6668 -0.2080 -0.7156
vn -0.5303 -0.7640 0.3675
vn 0.1592 0.7993 -0.5795
vn -0.8249 0.1638 -0.5409
vn -0.8250 0.1636 -0.5409
vn -0.0760 0.6038 0.7935
vn -0.2837 -0.4164 -0.8638
vn -0.5872 -0.2500 -0.7699
vn 0.1857 0.4723 0.8617
vn 0.0652 0.8835 -0.4639
vn -0.5069 -0.7068 0.4934
vn -0.6320 -0.7685 0.0999
vn 0.0184 0.0760 0.9969
vn 0.2033 0.9758 -0.0808
vn -0.4339 0.1132 -0.8938
vn -0.6251 0.1980 -0.7550
vn 0.3820 0.9193 -0.0947
vn 0.3783 -0.0829 0.9220
vn -0.6208 -0.7797 0.0821
vn -0.3436 -0.7999 0.4921
vn 0.0767 0.8729 -0.4819
vn 0.5334 0.2847 0.7965
vn -0.7502 -0.0985 -0.6538
vn 0.4777 0.8720 -0.1070
vn -0.3281 0.0580 -0.9429
vn 0.2225 0.9584 -0.1790
vn -0.0613 0.0650 0.9960
vn -0.5927 -0.8050 0.0272
vn -0.6527 0.2805 -0.7037
vn -0.9023 0.2638 -0.3410
vn -0.9021 0.2637 -0.3416
vn -0.5036 -0.7614 0.4083
vn 0.1012 0.8395 -0.5338
vn -0.9022 0.2641 -0.3409
vn -0.9018 0.2648 -0.3416
vn 0.1347 0.5293 0.8377
vn -0.4854 -0.3150 -0.8156
vn -0.7493 -0.1397 -0.6473
vn 0.3938 0.3765 0.8385
vn 0.0397 0.9177 -0.3954
vn -0.4506 -0.7178 0.5307
vn -0.6576 -0.7343 0.1684
vn 0.2265 -0.0198 0.9738
vn 0.2595 0.9648 -0.0436
vn -0.5960 0.2234 -0.7712
vn -0.7477 0.3064 -0.5892
vn 0.4267 0.8990 -0.0990
vn 0.5499 -0.1926 0.8127
vn -0.6511 -0.7444 0.1479
vn -0.2990 -0.8202 0.4877
vn 0.0463 0.9081 -0.4162
vn 0.7050 0.1749 0.6873
vn -0.8728 0.0099 -0.4880
vn 0.5137 0.8473 -0.1349
vn -0.4922 0.1570 -0.8562
vn 0.2535 0.9560 -0.1475
vn 0.1295 -0.0163 0.9914
vn -0.6336 -0.7695 0.0800
vn -0.9287 0.3424 -0.1427
vn -0.9284 0.3430 -0.1430
vn -0.4723 -0.7639 0.4398
vn 0.0602 0.8749 -0.4805
vn 0.7357 -0.3616 0.5727
vn -0.9282 0.3433 -0.1433
vn -0.9281 0.3437 -0.1432
vn 0.3253 0.4472 0.8332
vn -0.6497 -0.2165 -0.7287
vn -0.8644 -0.0413 -0.5011
vn 0.5683 0.2805 0.7735
vn 0.0313 0.9444 -0.3274
vn -0.3947 -0.7339 0.5528
vn -0.6659 -0.7076 0.2364
vn 0.4012 -0.1156 0.9087
vn 0.3154 0.9487 -0.0215
vn -0.7111 0.3218 -0.6251
vn -0.8200 0.3975 -0.4119
vn 0.4643 0.8785 -0.1124
vn 0.6758 -0.2922 0.6768
vn -0.6641 -0.7162 0.2143
vn -0.2613 -0.8406 0.4744
vn 0.0334 0.9363 -0.3497
vn 0.8309 0.0754 0.5513
vn -0.9451 0.1009 -0.3107
vn 0.8965 0.0192 0.4427
vn -0.5571 -0.8076 0.1936
vn -0.1152 -0.3013 -0.9466
vn 0.4565 0.7630 -0.4577
vn -0.2403 0.4810 0.8431
vn -0.7471 -0.6434 0.1666
vn -0.7376 0.2037 -0.6438
vn -0.7274 -0.4564 0.5124
vn 0.3846 0.5218 -0.7614
vn -0.7373 0.2036 -0.6442
vn -0.7377 0.2038 -0.6436
vn 0.0789 0.8098 0.5813
vn -0.3716 -0.5654 -0.7363
vn -0.6192 -0.3060 -0.7232
vn 0.2931 0.6415 0.7089
vn 0.3155 0.6577 -0.6840
vn -0.6915 -0.3722 0.6190
vn -0.8216 -0.5132 0.2481
vn 0.0204 0.3606 0.9325
vn 0.4666 0.8205 -0.3304
vn -0.3692 -0.0486 -0.9281
vn -0.5319 0.1201 -0.8382
vn 0.6230 0.7181 -0.3101
vn 0.3236 0.0992 0.9410
vn -0.8136 -0.5317 0.2354
vn -0.5603 -0.5005 0.6599
vn 0.3239 0.6397 -0.6971
vn 0.5766 0.3597 0.7336
vn -0.7360 -0.0901 -0.6709
vn -0.2678 0.1231 -0.9556
vn 0.0223 0.9991 -0.0357
vn -0.1413 -0.0907 0.9858
vn -0.4057 -0.9046 -0.1308
vn -0.9124 0.1202 -0.3913
vn -0.3540 -0.8985 0.2597
vn -0.0460 0.9095 -0.4131
vn -0.9125 0.1201 -0.3910
vn -0.9123 0.1200 -0.3914
vn 0.0197 0.9550 -0.2960
vn -0.0399 0.4210 0.9062
vn -0.3495 -0.2882 -0.8915
vn -0.6558 -0.1965 -0.7289
vn 0.2454 0.3260 0.9130
vn -0.1323 0.9531 -0.2723
vn -0.3204 -0.8628 0.3912
vn -0.4938 -0.8695 0.0114
vn 0.1587 -0.1113 0.9810
vn 0.0478 0.9936 0.1022
vn -0.5763 0.2042 -0.7913
vn -0.7543 0.2277 -0.6158
vn 0.2286 0.9719 0.0554
vn 0.5219 -0.1897 0.8317
vn -0.4839 -0.8751 -0.0095
vn -0.1476 -0.9248 0.3506
vn -0.1223 0.9481 -0.2934
vn 0.6023 0.2158 0.7685
vn -0.8191 -0.0995 -0.5649
vn 0.0940 -0.1350 -0.9864
vn 0.1781 0.9474 -0.2660
vn -0.4797 0.1942 0.8557
vn -0.4638 -0.8847 -0.0474
vn -0.6972 0.0502 -0.7151
vn -0.6971 0.0501 -0.7153
vn -0.5479 -0.7725 0.3212
vn 0.2300 0.7598 -0.6081
vn -0.6972 0.0501 -0.7152
vn -0.2840 0.6583 0.6971
vn -0.0635 -0.5081 -0.8590
vn -0.3899 -0.3599 -0.8476
vn -0.0352 0.5551 0.8311
vn 0.1083 0.8448 -0.5240
vn -0.5561 -0.7033 0.4429
vn -0.5890 -0.8072 0.0398
vn -0.2025 0.1587 0.9663
vn 0.1540 0.9793 -0.1314
vn -0.2366 0.0033 -0.9716
vn -0.4582 0.0833 -0.8850
vn 0.3348 0.9368 -0.1019
vn 0.1743 0.0244 0.9844
vn -0.5735 -0.8188 0.0259
vn -0.3908 -0.7824 0.4849
vn 0.1240 0.8337 -0.5381
vn 0.3295 0.3920 0.8589
vn -0.5833 -0.2133 -0.7838
vn -0.1683 -0.0238 -0.9854
vn 0.2005 0.9567 -0.2109
vn -0.2299 0.1260 0.9650
vn -0.5474 -0.8368 -0.0103
vn -0.8446 0.1847 -0.5026
vn -0.8444 0.1850 -0.5027
vn -0.5255 -0.7631 0.3762
vn 0.1465 0.8076 -0.5713
vn -0.8444 0.1849 -0.5027
vn -0.8446 0.1848 -0.5025
vn -0.0340 0.5901 0.8066
vn -0.3259 -0.3969 -0.8581
vn -0.6226 -0.2278 -0.7486
vn 0.2286 0.4540 0.8612
vn 0.0587 0.8907 -0.4508
vn -0.4961 -0.7084 0.5020
vn -0.6385 -0.7613 0.1130
vn 0.0613 0.0577 0.9964
vn 0.2140 0.9741 -0.0723
vn -0.4693 0.1354 -0.8726
vn -0.6532 0.2204 -0.7244
vn 0.3912 0.9154 -0.0947
vn 0.4153 -0.1048 0.9036
vn -0.6282 -0.7723 0.0946
vn -0.3344 -0.8038 0.4921
vn 0.0693 0.8803 -0.4694
vn 0.5705 0.2627 0.7782
vn -0.7783 -0.0761 -0.6232
vn 0.9128 0.3817 -0.1453
vn 0.0422 0.5990 0.7996
vn -0.9962 -0.0443 -0.0756
vn 0.0730 -0.2239 -0.9719
vn 0.2693 0.8278 -0.4922
vn 0.2690 0.8277 -0.4924
vn -0.3073 -0.3000 -0.9031
vn 0.4073 0.6355 0.6559
vn 0.2690 0.8278 -0.4923
vn -0.9018 0.1984 0.3839
vn 0.8372 0.1868 -0.5141
vn 0.6362 0.4666 -0.6144
vn -0.8718 -0.0842 0.4825
vn 0.2565 0.7157 0.6496
vn -0.4331 -0.3177 -0.8435
vn -0.0792 -0.1478 -0.9858
vn -0.9523 -0.2914 0.0902
vn -0.0911 0.5618 0.8223
vn 0.7100 0.6564 -0.2548
vn 0.5129 0.7925 -0.3298
vn -0.0212 0.4116 0.9111
vn -0.7571 -0.6089 0.2366
vn -0.0572 -0.1568 -0.9860
vn -0.3705 -0.4870 -0.7909
vn 0.2786 0.7070 0.6501
vn -0.6824 -0.4168 0.6005
vn 0.4527 0.6375 -0.6234
vn 0.7221 0.6701 -0.1717
vn -0.1496 0.5901 0.7933
vn -0.9213 -0.3856 -0.0492
vn 0.1250 -0.2012 -0.9715
vn -0.0431 0.8616 -0.5058
vn -0.0428 0.8615 -0.5059
vn -0.2044 -0.4024 -0.8924
vn 0.1771 0.7478 0.6399
vn -0.3707 -0.8850 0.2816
vn -0.0434 0.8616 -0.5058
vn -0.0430 0.8616 -0.5057
vn 0.0904 0.6789 0.7286
vn -0.9067 -0.1181 0.4049
vn 0.7103 0.4551 -0.5370
vn 0.4233 0.6468 -0.6344
vn -0.7789 -0.3712 0.5056
vn 0.0080 0.7709 0.6369
vn -0.3150 -0.4613 -0.8294
vn -0.0445 -0.1823 -0.9822
vn -0.7915 -0.5999 0.1171
vn -0.2616 0.5096 0.8197
vn 0.4348 0.8564 -0.2784
vn 0.2013 0.9151 -0.3495
vn -0.1422 0.3942 0.9080
vn -0.4957 -0.8283 0.2610
vn -0.0207 -0.1832 -0.9828
vn -0.1968 -0.5979 -0.7770
vn 0.0318 0.7704 0.6368
vn -0.4841 -0.6162 0.6213
vn 0.1919 0.7440 -0.6401
vn 0.5462 0.8014 -0.2436
vn -0.1698 0.5520 0.8164
vn -0.8236 -0.5647 0.0527
vn 0.0458 -0.1772 -0.9831
vn -0.2762 0.8322 -0.4808
vn -0.2765 0.8320 -0.4810
vn 0.1012 0.7256 -0.6807
vn -0.2241 -0.4403 -0.8694
vn 0.0982 0.7716 0.6285
vn -0.2763 0.8322 -0.4806
vn -0.2761 0.8319 -0.4814
vn -0.8090 -0.2968 0.5074
vn 0.5343 0.5863 -0.6089
vn 0.2050 0.7156 -0.6678
vn -0.6218 -0.5184 0.5871
vn -0.0715 0.7601 0.6458
vn -0.3124 -0.5203 -0.7948
vn -0.1240 -0.1931 -0.9733
vn -0.6343 -0.7471 0.1986
vn -0.2590 0.4507 0.8543
vn 0.2165 0.9251 -0.3118
vn -0.0308 0.9349 -0.3536
vn -0.1091 0.3623 0.9256
vn -0.2835 -0.9101 0.3022
vn -0.1008 -0.1892 -0.9768
vn -0.1637 -0.6298 -0.7593
vn -0.0483 0.7644 0.6429
vn -0.2718 -0.6980 0.6625
vn -0.0402 0.7638 -0.6442
vn -0.0727 -0.6790 -0.7305
vn 0.3598 0.8873 -0.2885
vn -0.1784 0.5146 0.8387
vn -0.6951 -0.7067 0.1317
vn -0.0299 -0.1698 -0.9850
vn -0.4753 0.7649 -0.4348
vn -0.4757 0.7647 -0.4346
vn -0.1087 0.7290 -0.6758
vn -0.2330 -0.4781 -0.8469
vn 0.0223 0.7791 0.6266
vn -0.4752 0.7650 -0.4348
vn -0.6802 -0.4386 0.5873
vn 0.3479 0.6727 -0.6530
vn -0.0041 0.7384 -0.6744
vn -0.4480 -0.6219 0.6423
vn -0.1393 0.7366 0.6619
vn -0.2962 -0.5723 -0.7647
vn -0.1917 -0.2167 -0.9572
vn -0.4606 -0.8505 0.2539
vn -0.2427 0.3987 0.8844
vn 0.0074 0.9479 -0.3184
vn -0.2406 0.9117 -0.3331
vn -0.0723 0.3398 0.9377
vn -0.0766 -0.9455 0.3164
vn -0.1701 -0.2086 -0.9631
vn -0.1269 -0.6523 -0.7473
vn -0.1177 0.7450 0.6566
vn -0.0650 -0.7334 0.6767
vn -0.2500 0.7406 -0.6238
vn -0.0258 -0.6838 -0.7292
vn 0.8040 0.5222 -0.2844
vn 0.1366 0.5336 0.8346
vn -0.9752 -0.1843 0.1229
vn -0.1097 -0.1331 -0.9850
vn 0.0491 0.8947 -0.4440
vn 0.3332 0.6540 -0.6791
vn -0.4536 -0.2696 -0.8494
vn 0.4545 0.6346 0.6250
vn 0.0497 0.8947 -0.4439
vn -0.8157 0.0325 0.5775
vn 0.6761 0.3480 -0.6494
vn 0.4245 0.6022 -0.6761
vn -0.7296 -0.2495 0.6367
vn 0.2970 0.6920 0.6580
vn -0.5603 -0.3103 -0.7680
vn -0.2699 -0.0794 -0.9596
vn -0.8656 -0.4346 0.2486
vn 0.0171 0.4754 0.8796
vn 0.5491 0.7718 -0.3205
vn 0.3248 0.8830 -0.3389
vn 0.1231 0.3306 0.9357
vn -0.6047 -0.7305 0.3173
vn -0.2475 -0.0850 -0.9651
vn -0.4669 -0.4722 -0.7477
vn 0.3196 0.6866 0.6530
vn -0.4786 -0.5589 0.6772
vn 0.2231 0.7445 -0.6292
vn -0.3628 -0.6352 0.6818
vn 0.6156 0.7569 -0.2192
vn -0.1636 0.5667 0.8075
vn -0.8656 -0.5005 0.0160
vn 0.0759 -0.1842 -0.9799
vn -0.1906 0.8488 -0.4932
vn -0.1909 0.8485 -0.4935
vn -0.2182 -0.4259 -0.8781
vn 0.1283 0.7646 0.6317
vn -0.1907 0.8487 -0.4934
vn -0.1906 0.8485 -0.4937
vn -0.8508 -0.2325 0.4712
vn 0.6038 0.5417 -0.5848
vn 0.2881 0.6952 -0.6585
vn -0.6847 -0.4674 0.5592
vn -0.0424 0.7661 0.6414
vn -0.3152 -0.4984 -0.8076
vn -0.0948 -0.1872 -0.9777
vn -0.6973 -0.6961 0.1707
vn -0.2618 0.4725 0.8415
vn 0.2997 0.9048 -0.3026
vn 0.0559 0.9331 -0.3553
vn -0.1224 0.3734 0.9196
vn -0.3648 -0.8848 0.2900
vn -0.0713 -0.1851 -0.9801
vn -0.1770 -0.6187 -0.7654
vn -0.0188 0.7685 0.6395
vn -0.3532 -0.6726 0.6502
vn 0.0465 0.7619 -0.6460
vn 0.7852 0.6154 0.0683
vn -0.3731 0.6482 0.6638
vn -0.8718 -0.3352 -0.3571
vn 0.4421 -0.2709 -0.8550
vn 0.2026 0.8276 -0.5234
vn 0.0915 -0.4476 -0.8895
vn -0.0021 0.7765 0.6301
vn 0.2029 0.8277 -0.5232
vn -0.1194 0.7188 0.6849
vn -0.9973 -0.0397 0.0622
vn 0.8860 0.3778 -0.2689
vn 0.6669 0.5790 -0.4692
vn -0.9326 -0.2926 0.2114
vn -0.1572 0.8092 0.5662
vn -0.0382 -0.4959 -0.8676
vn 0.2892 -0.2433 -0.9259
vn -0.8255 -0.5451 -0.1466
vn -0.4928 0.5761 0.6521
vn 0.5687 0.8103 -0.1411
vn 0.3802 0.8774 -0.2926
vn -0.4213 0.4601 0.7816
vn -0.6173 -0.7801 0.1021
vn 0.3115 -0.2456 -0.9180
vn 0.0433 -0.6352 -0.7711
vn -0.1350 0.8072 0.5746
vn -0.7167 -0.5459 0.4341
vn 0.4603 0.6885 -0.5604
vn -0.3689 0.3899 0.8437
vn 0.6895 0.6995 -0.1881
vn -0.1549 0.5827 0.7978
vn -0.9055 -0.4233 -0.0279
vn 0.1095 -0.1950 -0.9747
vn 0.2936 0.9093 -0.2947
vn -0.0911 0.8595 -0.5029
vn -0.0911 0.8595 -0.5030
vn -0.2091 -0.4097 -0.8879
vn 0.1616 0.7538 0.6370
vn -0.0911 0.8594 -0.5032
vn -0.8907 -0.1555 0.4271
vn 0.6776 0.4843 -0.5534
vn 0.3807 0.6643 -0.6433
vn -0.7504 -0.4034 0.5236
vn -0.0083 0.7701 0.6379
vn -0.3158 -0.4732 -0.8224
vn -0.0608 -0.1832 -0.9812
vn -0.7630 -0.6321 0.1351
vn -0.2623 0.4977 0.8267
vn 0.3922 0.8739 -0.2873
vn 0.1548 0.9229 -0.3525
vn -0.1363 0.3872 0.9119
vn -0.4547 -0.8483 0.2714
vn -0.0370 -0.1831 -0.9824
vn -0.1909 -0.6048 -0.7731
vn 0.0155 0.7705 0.6373
vn -0.4430 -0.6362 0.6317
vn 0.1454 0.7518 -0.6432
vn 0.0257 -0.3070 -0.9514
vn 0.6532 -0.0476 0.7557
vn -0.4473 -0.7111 0.5425
vn -0.8116 0.3191 -0.4894
vn 0.4296 0.8899 -0.1535
vn 0.0033 0.4992 0.8665
vn 0.1183 0.9113 -0.3944
vn -0.1114 -0.6609 0.7422
vn 0.0033 0.4993 0.8664
vn 0.0032 0.4991 0.8665
vn -0.9643 -0.1187 -0.2368
vn 0.7762 0.3041 0.5523
vn 0.5094 0.4829 0.7123
vn -0.8421 -0.2533 -0.4762
vn -0.2739 -0.6077 0.7455
vn 0.0020 0.8838 -0.4679
vn 0.2695 0.9506 -0.1543
vn -0.7117 0.1206 -0.6921
vn -0.5515 -0.7033 0.4485
vn 0.3899 0.1403 0.9101
vn 0.1824 0.2775 0.9432
vn -0.4504 -0.8234 0.3451
vn -0.4460 -0.1055 -0.8888
vn 0.2924 0.9441 -0.1524
vn 0.1152 0.7982 -0.5913
vn -0.2513 -0.6147 0.7477
vn -0.5669 -0.4522 -0.6886
vn 0.2800 0.5573 0.7817
vn -0.3814 -0.8795 0.2848
vn 0.4686 0.1516 0.8703
vn -0.3718 -0.7763 0.5091
vn -0.7398 0.0828 -0.6677
vn 0.2286 0.9619 -0.1503
vn -0.3008 0.5216 0.7984
vn -0.3004 0.5216 0.7985
vn -0.0187 0.8935 -0.4487
vn -0.1084 -0.6344 0.7653
vn -0.3007 0.5217 0.7984
vn -0.3009 0.5214 0.7985
vn -0.8349 -0.3679 -0.4093
vn 0.5451 0.5134 0.6628
vn 0.2157 0.6264 0.7491
vn -0.6359 -0.4776 -0.6062
vn -0.2755 -0.6236 0.7316
vn -0.1070 0.8344 -0.5407
vn 0.0634 0.9800 -0.1884
vn -0.5546 -0.0929 -0.8269
vn -0.4522 -0.7990 0.3963
vn 0.1412 0.2737 0.9514
vn -0.0951 0.3557 0.9298
vn -0.3058 -0.8943 0.3268
vn -0.2071 -0.2532 -0.9450
vn 0.0862 0.9796 -0.1814
vn 0.0469 0.7747 -0.6306
vn -0.2529 -0.6246 0.7388
vn -0.2825 -0.6101 -0.7403
vn -0.0342 0.6436 0.7646
vn -0.1497 -0.6498 -0.7452
vn 0.1798 0.9425 -0.2818
vn -0.2142 -0.9337 0.2869
vn 0.1376 0.7312 -0.6681
vn 0.2305 0.2119 0.9497
vn -0.4803 -0.7561 0.4445
vn -0.5469 0.0259 -0.8368
vn 0.2488 0.9576 -0.1452
vn -0.4993 0.5570 0.6637
vn -0.4998 0.5573 0.6630
vn -0.0853 0.6995 0.7096
vn 0.0852 0.8663 -0.4922
vn -0.2921 -0.5933 0.7501
vn -0.4995 0.5570 0.6635
vn -0.4993 0.5574 0.6633
vn -0.6994 -0.4115 -0.5844
vn 0.3532 0.5641 0.7463
vn 0.0115 0.6725 0.7400
vn -0.4558 -0.5271 -0.7172
vn -0.4452 -0.5888 0.6746
vn 0.0244 0.7999 -0.5997
vn 0.0983 0.9693 -0.2252
vn -0.3254 -0.1533 -0.9331
vn -0.5291 -0.7872 0.3168
vn -0.1080 0.3300 0.9378
vn -0.3319 0.4044 0.8522
vn -0.3687 -0.8823 0.2924
vn 0.0424 -0.3108 -0.9495
vn 0.1185 0.9699 -0.2127
vn 0.1968 0.7393 -0.6440
vn -0.4252 -0.5888 0.6874
vn -0.0785 -0.6576 -0.7493
vn -0.2344 0.6841 0.6907
vn 0.0888 0.2910 0.9526
vn -0.2622 -0.8560 0.4455
vn -0.4689 -0.1577 -0.8691
vn -0.0394 0.9847 -0.1696
vn -0.6885 0.3945 0.6086
vn -0.6889 0.3943 0.6082
vn -0.1431 0.8414 -0.5211
vn -0.1532 -0.6381 0.7546
vn 0.3339 -0.2852 -0.8984
vn -0.6889 0.3949 0.6078
vn -0.6893 0.3943 0.6078
vn -0.5015 -0.6154 -0.6081
vn 0.1145 0.6596 0.7428
vn -0.2426 0.6601 0.7109
vn -0.2253 -0.6549 -0.7213
vn -0.2950 -0.6814 0.6698
vn -0.1738 0.7573 -0.6295
vn -0.1808 0.9489 -0.2586
vn -0.1979 -0.2638 -0.9441
vn -0.2902 -0.9033 0.3161
vn -0.2678 0.3016 0.9151
vn -0.4971 0.3033 0.8130
vn -0.1074 -0.9461 0.3055
vn 0.2004 -0.3034 -0.9315
vn -0.1626 0.9558 -0.2449
vn 0.0115 0.7506 -0.6607
vn -0.2768 -0.6751 0.6838
vn 0.1750 -0.6662 -0.7250
vn -0.4765 0.5959 0.6464
vn -0.0005 -0.9539 0.3002
vn 0.5675 0.1739 0.8048
vn -0.2531 -0.8030 0.5395
vn -0.8241 0.0404 -0.5650
vn 0.1462 0.9759 -0.1621
vn -0.2265 0.4941 0.8394
vn -0.1339 0.8943 -0.4270
vn 0.0323 -0.6470 0.7618
vn -0.1778 -0.2757 -0.9447
vn -0.2263 0.4938 0.8396
vn -0.2263 0.4940 0.8395
vn -0.0368 -0.7359 0.6761
vn -0.8564 -0.4174 -0.3039
vn 0.5932 0.5420 0.5953
vn 0.2715 0.6323 0.7256
vn -0.6780 -0.5125 -0.5269
vn -0.1379 -0.6466 0.7502
vn -0.2290 0.8305 -0.5078
vn -0.0236 0.9837 -0.1781
vn -0.6506 -0.1213 -0.7497
vn -0.3454 -0.8301 0.4377
vn 0.2464 0.2739 0.9297
vn 0.0046 0.3406 0.9402
vn -0.2035 -0.9151 0.3482
vn -0.3121 -0.2577 -0.9144
vn -0.0002 0.9847 -0.1742
vn -0.0846 0.7816 -0.6180
vn -0.1145 -0.6462 0.7545
vn -0.3375 -0.6205 -0.7079
vn 0.0251 0.6332 0.7736
vn -0.2042 -0.6515 -0.7306
vn 0.3076 0.1767 0.9350
vn -0.4791 -0.7473 0.4604
vn -0.6044 0.0711 -0.7935
vn 0.2789 0.9500 -0.1406
vn -0.4258 0.5590 0.7115
vn -0.4258 0.5592 0.7113
vn 0.0867 0.8750 -0.4763
vn -0.2623 -0.6010 0.7550
vn -0.4256 0.5590 0.7116
vn -0.7570 -0.3667 -0.5407
vn 0.4302 0.5285 0.7319
vn 0.0939 0.6513 0.7530
vn -0.5288 -0.4884 -0.6942
vn -0.4202 -0.5880 0.6912
vn 0.0154 0.8141 -0.5806
vn 0.1233 0.9702 -0.2086
vn -0.3984 -0.1146 -0.9100
vn -0.5382 -0.7730 0.3359
vn -0.0256 0.3087 0.9508
vn -0.2517 0.3946 0.8837
vn -0.3842 -0.8740 0.2976
vn -0.0398 -0.2866 -0.9572
vn 0.1444 0.9696 -0.1976
vn 0.1813 0.7476 -0.6389
vn -0.3993 -0.5892 0.7025
vn -0.1608 -0.6333 -0.7570
vn -0.1541 0.6743 0.7222
vn -0.2881 -0.9168 0.2764
vn 0.6880 0.1152 0.7165
vn -0.2382 -0.7887 0.5668
vn -0.8899 0.1153 -0.4414
vn 0.2010 0.9634 -0.1773
vn -0.1195 0.9088 -0.3998
vn 0.0874 -0.6593 0.7468
vn -0.0643 0.4971 0.8653
vn -0.9219 -0.3428 -0.1808
vn 0.7138 0.4832 0.5070
vn 0.4222 0.5970 0.6821
vn -0.7853 -0.4481 -0.4271
vn -0.0826 -0.6452 0.7595
vn -0.2301 0.8540 -0.4666
vn 0.0317 0.9851 -0.1688
vn -0.7579 -0.0570 -0.6498
vn -0.3465 -0.8066 0.4790
vn 0.3971 0.2386 0.8862
vn 0.1655 0.3243 0.9314
vn -0.2261 -0.9012 0.3698
vn -0.4584 -0.2175 -0.8617
vn 0.0554 0.9842 -0.1683
vn -0.1072 0.7955 -0.5963
vn -0.0588 -0.6467 0.7604
vn -0.4838 -0.5802 -0.6552
vn 0.1860 0.6169 0.7647
vn 0.3610 0.1070 0.9264
vn -0.5497 -0.6986 0.4580
vn -0.6198 0.1701 -0.7661
vn 0.3877 0.9134 -0.1244
vn -0.3274 0.5828 0.7437
vn 0.1756 0.8733 -0.4544
vn -0.3059 -0.5893 0.7477
vn -0.3276 0.5827 0.7438
vn -0.3278 0.5827 0.7436
vn -0.8156 -0.2540 -0.5199
vn 0.5183 0.4478 0.7286
vn 0.2005 0.6097 0.7668
vn -0.6097 -0.3974 -0.6858
vn -0.4633 -0.5554 0.6906
vn 0.0936 0.8250 -0.5573
vn 0.2334 0.9545 -0.1857
vn -0.4425 -0.0352 -0.8961
vn -0.6160 -0.7128 0.3352
vn 0.0473 0.2778 0.9595
vn -0.1689 0.3926 0.9041
vn -0.4772 -0.8303 0.2878
vn -0.1097 -0.2477 -0.9626
vn 0.2547 0.9510 -0.1756
vn 0.2479 0.7410 -0.6241
vn -0.4423 -0.5594 0.7010
vn -0.2647 -0.5837 -0.7676
vn -0.0438 0.6636 0.7468
vn -0.2679 0.1237 -0.9555
vn -0.1415 -0.0910 0.9857
vn -0.4057 -0.9046 -0.1310
vn -0.9124 0.1203 -0.3912
vn -0.3541 -0.8985 0.2596
vn -0.9124 0.1199 -0.3913
vn -0.9126 0.1198 -0.3908
vn -0.0397 0.4214 0.9060
vn -0.3497 -0.2884 -0.8914
vn -0.1323 0.9531 -0.2724
vn -0.3204 -0.8627 0.3912
vn -0.7542 0.2277 -0.6158
vn 0.6023 0.2159 0.7685
vn 0.0942 -0.1348 -0.9864
vn 0.1784 0.9474 -0.2658
vn -0.4799 0.1941 0.8556
vn -0.4641 -0.8845 -0.0471
vn -0.6973 0.0504 -0.7150
vn -0.5479 -0.7725 0.3211
vn 0.2303 0.7594 -0.6085
vn -0.6969 0.0501 -0.7154
vn 0.2578 0.8327 -0.4900
vn -0.2843 0.6581 0.6972
vn -0.0633 -0.5079 -0.8591
vn -0.0352 0.5550 0.8311
vn 0.1082 0.8448 -0.5240
vn -0.5890 -0.8072 0.0397
vn -0.2025 0.1588 0.9663
vn 0.1541 0.9793 -0.1314
vn -0.2366 0.0034 -0.9716
vn 0.1743 0.0245 0.9844
vn -0.5735 -0.8188 0.0260
vn -0.5833 -0.2133 -0.7837
vn 0.9128 0.3818 -0.1451
vn 0.0419 0.5991 0.7996
vn -0.9961 -0.0444 -0.0761
vn 0.0730 -0.2240 -0.9719
vn 0.6330 0.7270 -0.2660
vn 0.2687 0.8279 -0.4923
vn -0.3074 -0.3001 -0.9030
vn 0.4077 0.6353 0.6558
vn 0.2691 0.8277 -0.4925
vn 0.2692 0.8279 -0.4921
vn -0.9017 0.1984 0.3842
vn 0.8370 0.1867 -0.5144
vn 0.6362 0.4666 -0.6145
vn -0.8718 -0.0842 0.4826
vn -0.0912 0.5618 0.8222
vn 0.7101 0.6564 -0.2548
vn -0.7571 -0.6089 0.2365
vn -0.3706 -0.4870 -0.7909
vn 0.5624 0.7490 -0.3504
vn -0.0183 0.5921 0.8056
vn -0.8458 -0.4994 0.1875
vn -0.1008 -0.2154 -0.9713
vn -0.2807 0.8327 -0.4773
vn -0.2808 0.8327 -0.4773
vn -0.3704 -0.4534 -0.8107
vn 0.2356 0.7840 0.5744
vn -0.2809 0.8326 -0.4773
vn -0.2809 0.8325 -0.4776
vn -0.7509 -0.2170 0.6238
vn 0.4860 0.5229 -0.7003
vn 0.1612 0.6738 -0.7211
vn -0.5704 -0.4491 0.6877
vn 0.0697 0.7860 0.6143
vn -0.4529 -0.5236 -0.7216
vn -0.2683 -0.2181 -0.9383
vn -0.6515 -0.6901 0.3151
vn -0.1085 0.4991 0.8597
vn 0.2356 0.8946 -0.3797
vn -0.0139 0.9213 -0.3886
vn 0.0432 0.4024 0.9144
vn -0.3020 -0.8750 0.3785
vn -0.2456 -0.2160 -0.9450
vn -0.3087 -0.6426 -0.7013
vn 0.0926 0.7884 0.6081
vn -0.2268 -0.6515 0.7239
vn -0.0746 0.7411 -0.6673
vn -0.2183 -0.6974 -0.6827
vn -0.2672 -0.1097 -0.9574
vn 0.4242 0.8262 -0.3707
vn -0.0898 0.3141 0.9451
vn -0.7474 -0.6461 0.1548
vn -0.5488 0.2220 -0.8060
vn -0.8116 0.3417 -0.4738
vn -0.8118 0.3416 -0.4736
vn -0.6678 -0.5298 0.5229
vn 0.2965 0.6502 -0.6995
vn -0.8117 0.3419 -0.4737
vn -0.8119 0.3414 -0.4736
vn 0.2048 0.6799 0.7041
vn -0.5039 -0.4034 -0.7638
vn -0.7329 -0.1458 -0.6646
vn 0.4262 0.4852 0.7635
vn 0.2465 0.7702 -0.5883
vn -0.6127 -0.4688 0.6363
vn -0.8024 -0.5323 0.2698
vn 0.1745 0.1727 0.9694
vn 0.4557 0.8578 -0.2377
vn -0.5022 0.1405 -0.8532
vn -0.6412 0.2924 -0.7095
vn 0.6078 0.7499 -0.2612
vn 0.4617 -0.0924 0.8822
vn -0.7973 -0.5481 0.2528
vn -0.4837 -0.6056 0.6319
vn 0.2520 0.7548 -0.6056
vn 0.6951 0.1974 0.6913
vn -0.8295 0.0586 -0.5555
vn 0.5794 -0.7192 -0.3833
vn -0.4052 -0.6768 0.6147
vn 0.1047 0.0155 -0.9944
vn 0.0206 0.9907 -0.1347
vn -0.4963 -0.0018 0.8682
vn -0.3159 -0.9334 -0.1702
vn -0.7038 0.0327 -0.7096
vn -0.7033 0.0323 -0.7102
vn -0.4132 -0.8866 0.2080
vn 0.0986 0.8614 -0.4983
vn -0.7036 0.0326 -0.7099
vn -0.7032 0.0327 -0.7102
vn -0.3797 0.5044 0.7755
vn 0.0108 -0.3915 -0.9201
vn -0.3353 -0.3010 -0.8927
vn -0.1159 0.4257 0.8974
vn -0.0345 0.9137 -0.4050
vn -0.4310 -0.8366 0.3381
vn -0.4508 -0.8894 -0.0755
vn -0.2157 -0.0068 0.9764
vn -0.0071 1.0000 0.0027
vn -0.2438 0.0953 -0.9651
vn -0.4745 0.1262 -0.8712
vn 0.1785 0.9835 0.0284
vn 0.1780 -0.0799 0.9808
vn -0.4338 -0.8965 -0.0906
vn -0.2547 -0.8930 0.3712
vn -0.0174 0.9073 -0.4201
vn 0.2706 0.3213 0.9075
vn -0.5492 -0.1974 -0.8121
vn -0.1496 -0.9134 0.3787
vn 0.0376 -0.1130 -0.9929
vn 0.1811 0.9503 -0.2532
vn -0.4289 0.1822 0.8848
vn -0.4824 -0.8749 -0.0419
vn -0.7339 0.0795 -0.6746
vn -0.7339 0.0792 -0.6747
vn -0.5438 -0.7703 0.3330
vn 0.2107 0.7697 -0.6027
vn -0.7341 0.0793 -0.6744
vn -0.7340 0.0791 -0.6745
vn -0.2331 0.6463 0.7266
vn -0.1196 -0.4860 -0.8658
vn -0.4421 -0.3326 -0.8330
vn 0.0205 0.5356 0.8442
vn 0.0954 0.8551 -0.5097
vn -0.5442 -0.7039 0.4565
vn -0.6010 -0.7975 0.0535
vn -0.1465 0.1391 0.9794
vn 0.1650 0.9793 -0.1171
vn -0.2891 0.0307 -0.9568
vn -0.5040 0.1124 -0.8563
vn 0.3463 0.9329 -0.0986
vn 0.2281 -0.0021 0.9736
vn -0.5865 -0.8091 0.0386
vn -0.3784 -0.7868 0.4875
vn 0.1101 0.8441 -0.5248
vn 0.3831 0.3656 0.8483
vn -0.6290 -0.1842 -0.7552
vn -0.4586 0.1344 -0.8784
vn 0.2473 0.9565 -0.1551
vn 0.0889 0.0033 0.9960
vn -0.6265 -0.7763 0.0696
vn -0.7319 0.3558 -0.5811
vn -0.9260 0.3279 -0.1869
vn -0.9259 0.3281 -0.1872
vn -0.4803 -0.7619 0.4345
vn 0.0687 0.8664 -0.4946
vn -0.9259 0.3282 -0.1871
vn -0.9262 0.3274 -0.1871
vn 0.2853 0.4669 0.8370
vn -0.6167 -0.2384 -0.7503
vn -0.8426 -0.0622 -0.5349
vn 0.5327 0.3026 0.7904
vn 0.0328 0.9384 -0.3439
vn -0.4077 -0.7287 0.5503
vn -0.6660 -0.7120 0.2227
vn 0.3651 -0.0934 0.9263
vn 0.3040 0.9523 -0.0268
vn -0.6890 0.3007 -0.6595
vn -0.8074 0.3787 -0.4524
vn 0.4573 0.8824 -0.1102
vn 0.6512 -0.2704 0.7091
vn -0.6632 -0.7210 0.2008
vn -0.2699 -0.8351 0.4793
vn 0.0358 0.9300 -0.3659
vn 0.8067 0.0968 0.5830
vn -0.9329 0.0825 -0.3507
vn 0.8773 0.0395 0.4783
vn -0.5543 -0.8112 0.1862
vn -0.1903 -0.8842 0.4266
vn 0.3480 -0.0960 -0.9325
vn 0.0209 0.9670 -0.2539
vn -0.6962 0.0692 0.7145
vn -0.2327 -0.9653 -0.1185
vn -0.5053 -0.0969 -0.8575
vn -0.5055 -0.0968 -0.8574
vn -0.4225 -0.8803 0.2159
vn 0.1914 0.8006 -0.5678
vn -0.5054 -0.0969 -0.8574
vn -0.5767 0.5676 0.5875
vn 0.2518 -0.4968 -0.8305
vn -0.0926 -0.4257 -0.9001
vn -0.3493 0.5209 0.7789
vn 0.0374 0.8551 -0.5171
vn -0.4740 -0.8164 0.3299
vn -0.3885 -0.9191 -0.0657
vn -0.4515 0.0952 0.8872
vn -0.0403 0.9907 -0.1298
vn 0.0010 -0.0356 -0.9994
vn -0.2467 -0.0086 -0.9691
vn 0.1335 0.9894 -0.0580
vn -0.0691 0.0485 0.9964
vn -0.3680 -0.9268 -0.0752
vn -0.3097 -0.8571 0.4117
vn 0.0580 0.8481 -0.5267
vn 0.0257 0.4433 0.8960
vn -0.3231 -0.3271 -0.8880
vn -0.5404 -0.7883 0.2942
vn -0.1398 -0.4290 -0.8924
vn 0.1561 0.9318 -0.3276
vn -0.2845 0.3701 0.8843
vn -0.9927 -0.0951 0.0738
vn -0.9927 -0.0948 0.0739
vn -0.1271 0.6885 0.7140
vn -0.2967 -0.6981 -0.6516
vn -0.9927 -0.0950 0.0738
vn 0.1526 0.6302 -0.7613
vn -0.5376 -0.5461 0.6425
vn -0.7963 -0.3442 0.4974
vn 0.4393 0.5829 -0.6836
vn -0.3457 -0.5662 -0.7482
vn -0.0636 0.7774 0.6258
vn -0.3335 0.5071 0.7948
vn 0.4423 0.8404 -0.3134
vn -0.0762 -0.3159 -0.9457
vn -0.7990 -0.5801 0.1582
vn -0.9220 -0.3813 0.0670
vn 0.0854 -0.4053 -0.9102
vn 0.7565 0.6266 -0.1872
vn -0.3292 0.4881 0.8084
vn 0.0981 0.7117 0.6956
vn -0.3414 -0.5856 -0.7352
vn 0.7538 0.3878 -0.5305
vn -0.9198 -0.1886 0.3440
vn -0.2224 -0.9474 0.2303
vn -0.3064 -0.3068 -0.9011
vn -0.0735 0.1287 0.9889
vn -0.8695 -0.3906 0.3024
vn -0.8695 -0.3907 0.3024
vn -0.0557 0.5017 0.8633
vn -0.2433 0.7577 -0.6055
vn -0.1681 -0.7720 0.6130
vn -0.4985 -0.6345 0.5907
vn -0.5226 -0.8412 0.1388
vn -0.3591 -0.1093 -0.9269
vn 0.1518 0.9877 -0.0363
vn -0.0604 0.0565 0.9966
vn -0.9583 -0.1141 0.2621
vn -0.9583 -0.1137 0.2620
vn 0.0805 0.4134 0.9070
vn -0.4807 -0.4433 -0.7566
vn 0.8292 0.5452 -0.1229
vn -0.9582 -0.1139 0.2623
vn 0.0336 0.8467 -0.5310
vn -0.4275 -0.7280 0.5359
vn -0.6952 -0.4893 0.5266
vn 0.3256 0.7763 -0.5398
vn -0.5392 -0.2865 -0.7920
vn 0.1301 0.5263 0.8403
vn -0.1169 0.2154 0.9695
vn 0.4269 0.8967 -0.1173
vn -0.3000 0.0151 -0.9538
vn -0.7880 -0.5997 0.1393
vn -0.9124 -0.3818 0.1475
vn -0.1418 -0.0811 -0.9866
vn 0.7439 0.6532 -0.1413
vn -0.1112 0.1930 0.9749
vn 0.2977 0.4413 0.8466
vn -0.5336 -0.3092 -0.7872
vn 0.6500 0.5415 -0.5332
vn -0.8366 -0.2917 0.4637
vn 0.6614 -0.7480 0.0546
vn 0.1421 0.0366 0.9892
vn -0.3711 -0.3985 -0.8387
vn 0.7319 0.4295 -0.5290
vn -0.5297 -0.8101 0.2514
vn -0.2131 -0.3327 -0.9186
vn 0.1462 0.9594 -0.2413
vn -0.2117 0.2785 0.9368
vn -0.9858 -0.0937 0.1393
vn -0.9859 -0.0936 0.1389
vn -0.0621 0.6115 0.7888
vn -0.3560 -0.6243 -0.6954
vn -0.9858 -0.0938 0.1391
vn 0.1054 0.7047 -0.7016
vn -0.4970 -0.6049 0.6222
vn -0.7623 -0.3874 0.5185
vn 0.3963 0.6471 -0.6513
vn -0.4099 -0.4825 -0.7741
vn -0.0041 0.7086 0.7056
vn -0.2648 0.4245 0.8658
vn 0.4311 0.8647 -0.2579
vn -0.1518 -0.2152 -0.9647
vn -0.7942 -0.5868 0.1579
vn -0.9205 -0.3785 0.0973
vn 0.0105 -0.3092 -0.9510
vn 0.7504 0.6364 -0.1786
vn -0.2599 0.4041 0.8770
vn 0.1614 0.6347 0.7557
vn -0.4049 -0.5032 -0.7635
vn 0.7181 0.4346 -0.5435
vn -0.8945 -0.2157 0.3917
vn 0.6526 -0.6860 0.3217
vn 0.7995 0.3303 -0.5017
vn -0.6085 -0.7891 0.0842
vn -0.4148 0.0315 -0.9094
vn 0.2626 0.9633 0.0551
vn -0.0041 -0.0453 0.9990
vn -0.9508 -0.0361 0.3076
vn -0.9509 -0.0362 0.3075
vn 0.1724 0.3017 0.9377
vn -0.5656 -0.3036 -0.7668
vn 0.8793 0.4615 -0.1176
vn -0.9508 -0.0363 0.3076
vn -0.9508 -0.0360 0.3077
vn 0.1042 0.8903 -0.4433
vn -0.4813 -0.7303 0.4848
vn -0.7199 -0.4645 0.5158
vn 0.3856 0.7897 -0.4771
vn -0.6072 -0.1388 -0.7824
vn 0.2313 0.4152 0.8799
vn -0.0431 0.1210 0.9917
vn 0.5209 0.8521 -0.0515
vn -0.3432 0.1506 -0.9271
vn -0.8439 -0.5216 0.1257
vn -0.9418 -0.2936 0.1637
vn -0.1989 0.0418 -0.9791
vn 0.8062 0.5795 -0.1196
vn -0.0398 0.0976 0.9944
vn 0.3881 0.3121 0.8672
vn -0.6040 -0.1622 -0.7803
vn 0.6807 0.5216 -0.5143
vn -0.8406 -0.2470 0.4821
vn 0.5729 -0.8172 -0.0625
vn 0.4689 0.2438 0.8489
vn -0.5405 -0.7883 0.2940
vn -0.1398 -0.4289 -0.8925
vn 0.1561 0.9316 -0.3282
vn -0.2846 0.3701 0.8843
vn -0.9928 -0.0946 0.0741
vn -0.8506 -0.2654 0.4539
vn 0.1526 0.6303 -0.7612
vn -0.5379 -0.5454 0.6428
vn 0.4393 0.5828 -0.6836
vn -0.3458 -0.5662 -0.7482
vn -0.0636 0.7773 0.6258
vn 0.4423 0.8403 -0.3134
vn -0.0761 -0.3159 -0.9457
vn 0.8326 0.2897 -0.4720
vn -0.1958 0.4772 0.8567
vn -0.6463 -0.7598 0.0699
vn -0.4330 0.0873 -0.8972
vn 0.3133 0.9459 0.0846
vn 0.0162 -0.0832 0.9964
vn -0.9442 0.0006 0.3295
vn -0.9442 0.0004 0.3294
vn 0.2090 0.2563 0.9437
vn -0.5976 -0.2448 -0.7635
vn -0.9443 0.0005 0.3290
vn 0.1399 0.9002 -0.4123
vn -0.5072 -0.7229 0.4692
vn -0.7311 -0.4467 0.5157
vn 0.4151 0.7869 -0.4567
vn -0.6310 -0.0776 -0.7719
vn 0.2723 0.3688 0.8888
vn -0.0144 0.0848 0.9963
vn 0.5630 0.8258 -0.0325
vn -0.3558 0.2033 -0.9122
vn -0.8667 -0.4824 0.1269
vn -0.9518 -0.2514 0.1757
vn -0.2185 0.0895 -0.9717
vn 0.8322 0.5419 -0.1177
vn -0.0122 0.0612 0.9980
vn 0.4232 0.2585 0.8684
vn -0.6291 -0.1012 -0.7707
vn 0.6950 0.5057 -0.5111
vn -0.8411 -0.2222 0.4931
vn -0.1402 0.0183 -0.9900
vn 0.8041 0.5222 -0.2843
vn -0.9752 -0.1843 0.1228
vn -0.1098 -0.1332 -0.9850
vn 0.0492 0.8947 -0.4439
vn 0.0495 0.8947 -0.4439
vn -0.4537 -0.2696 -0.8494
vn 0.4545 0.6347 0.6250
vn 0.0496 0.8946 -0.4440
vn -0.8159 0.0325 0.5773
vn 0.6760 0.3480 -0.6496
vn 0.4245 0.6023 -0.6761
vn -0.8656 -0.4346 0.2487
vn 0.5491 0.7719 -0.3204
vn -0.2475 -0.0850 -0.9652
vn 0.6155 0.7570 -0.2193
vn -0.1634 0.5667 0.8075
vn -0.8656 -0.5005 0.0163
vn 0.0758 -0.1842 -0.9800
vn -0.1909 0.8486 -0.4934
vn -0.1910 0.8486 -0.4933
vn -0.2181 -0.4258 -0.8781
vn 0.1280 0.7646 0.6316
vn -0.1902 0.8487 -0.4935
vn -0.8509 -0.2326 0.4711
vn 0.6037 0.5416 -0.5850
vn -0.6848 -0.4674 0.5591
vn -0.3153 -0.4984 -0.8076
vn 0.2997 0.9048 -0.3025
vn -0.3532 -0.6727 0.6502
vn 0.0465 0.7620 -0.6460
vn 0.7852 0.6155 0.0680
vn -0.3730 0.6483 0.6638
vn -0.8721 -0.3351 -0.3566
vn 0.4421 -0.2710 -0.8550
vn 0.2024 0.8278 -0.5233
vn 0.0918 -0.4475 -0.8895
vn -0.0021 0.7766 0.6300
vn 0.2026 0.8277 -0.5232
vn -0.9973 -0.0397 0.0619
vn 0.8861 0.3778 -0.2687
vn 0.6669 0.5789 -0.4692
vn -0.9326 -0.2925 0.2114
vn -0.1573 0.8092 0.5662
vn -0.8255 -0.5451 -0.1465
vn 0.5687 0.8104 -0.1411
vn 0.6155 0.7570 -0.2192
vn -0.1635 0.5667 0.8076
vn -0.8656 -0.5004 0.0164
vn 0.0759 -0.1843 -0.9799
vn 0.1981 0.9316 -0.3047
vn -0.1908 0.8487 -0.4933
vn -0.2181 -0.4259 -0.8781
vn 0.1281 0.7647 0.6315
vn -0.1911 0.8485 -0.4935
vn -0.1907 0.8485 -0.4936
vn -0.8508 -0.2327 0.4711
vn 0.6038 0.5418 -0.5847
vn 0.6893 0.6998 -0.1876
vn -0.1545 0.5827 0.7978
vn -0.9055 -0.4234 -0.0281
vn 0.1095 -0.1951 -0.9747
vn -0.0911 0.8593 -0.5032
vn -0.2092 -0.4097 -0.8879
vn 0.1619 0.7538 0.6368
vn -0.0908 0.8596 -0.5029
vn 0.6776 0.4843 -0.5535
vn -0.1909 -0.6049 -0.7731
vn 0.3878 0.2570 0.8852
vn -0.2083 -0.8376 0.5050
vn -0.7125 -0.0887 -0.6961
vn 0.0130 0.9880 -0.1541
vn -0.4414 0.4441 0.7797
vn -0.4414 0.4439 0.7798
vn -0.0647 0.6684 0.7410
vn -0.2019 0.8642 -0.4608
vn 0.0067 -0.6394 0.7689
vn -0.4413 0.4441 0.7797
vn -0.7143 -0.5479 -0.4354
vn 0.3893 0.6259 0.6758
vn 0.0399 0.6620 0.7484
vn -0.4880 -0.6110 -0.6233
vn -0.1571 -0.6664 0.7288
vn -0.2702 0.7866 -0.5552
vn -0.1508 0.9684 -0.1987
vn -0.4865 -0.2187 -0.8458
vn -0.2766 -0.8785 0.3895
vn 0.0385 0.3026 0.9523
vn -0.2090 0.3293 0.9208
vn -0.1099 -0.9387 0.3268
vn -0.1076 -0.2974 -0.9487
vn -0.1288 0.9731 -0.1908
vn -0.1033 0.7627 -0.6385
vn -0.1351 -0.6623 0.7370
vn -0.1090 -0.6611 -0.7423
vn -0.2079 0.6227 0.7543
vn -0.2384 -0.7887 0.5667
vn -0.8898 0.1153 -0.4416
vn 0.2011 0.9634 -0.1773
vn -0.0643 0.4972 0.8652
vn -0.1196 0.9088 -0.3998
vn 0.0872 -0.6594 0.7468
vn -0.9218 -0.3428 -0.1808
vn 0.7137 0.4833 0.5070
vn -0.7579 -0.0570 -0.6499
vn -0.2262 -0.9012 0.3698
vn 0.0555 0.9842 -0.1683
vn 0.3610 0.1071 0.9264
vn -0.5498 -0.6987 0.4578
vn -0.6198 0.1702 -0.7660
vn 0.3875 0.9134 -0.1245
vn -0.3275 0.5828 0.7437
vn 0.1761 0.8733 -0.4542
vn -0.3058 -0.5893 0.7478
vn -0.3273 0.5828 0.7437
vn -0.8155 -0.2542 -0.5200
vn 0.5180 0.4477 0.7288
vn -0.6161 -0.7128 0.3352
vn 0.2546 0.9510 -0.1756
vn 0.3076 0.1768 0.9349
vn -0.4792 -0.7472 0.4604
vn 0.2789 0.9500 -0.1405
vn -0.4253 0.5595 0.7114
vn -0.4251 0.5595 0.7115
vn 0.0871 0.8750 -0.4763
vn -0.2623 -0.6009 0.7551
vn -0.4255 0.5591 0.7115
vn -0.3100 -0.6891 0.6550
vn -0.7571 -0.3669 -0.5405
vn 0.4302 0.5286 0.7317
vn -0.5287 -0.4884 -0.6942
vn -0.3842 -0.8740 0.2975
vn 0.3609 0.1069 0.9264
vn -0.5496 -0.6986 0.4581
vn -0.6198 0.1702 -0.7661
vn 0.3873 0.9135 -0.1247
vn 0.1757 0.8734 -0.4542
vn -0.3059 -0.5894 0.7477
vn -0.3277 0.5829 0.7435
vn -0.8155 -0.2543 -0.5199
vn 0.2479 0.7409 -0.6241
vn 0.3609 0.1070 0.9265
vn -0.5495 -0.6989 0.4578
vn -0.6197 0.1701 -0.7662
vn 0.3875 0.9134 -0.1247
vn -0.3279 0.5827 0.7436
vn -0.3276 0.5829 0.7436
vn 0.1760 0.8733 -0.4543
vn -0.3059 -0.5894 0.7476
vn -0.3273 0.5830 0.7436
vn -0.8157 -0.2538 -0.5199
vn 0.5183 0.4477 0.7287
vn -0.6097 -0.3974 -0.6859
vn -0.6160 -0.7128 0.3353
vn -0.4404 0.5792 0.6860
vn -0.9042 0.0721 -0.4210
vn 0.5146 -0.2020 -0.8333
vn 0.8373 0.3512 0.4191
vn -0.0644 0.9971 0.0396
vn 0.9800 0.1734 0.0978
vn -0.9641 0.2543 -0.0768
vn 0.0061 -0.2293 -0.9733
vn -0.0318 0.6012 0.7985
vn 0.0211 0.8424 0.5384
vn 0.0302 -0.5074 -0.8612
vn -0.9260 0.2922 -0.2390
vn 0.9947 0.1010 -0.0214
vn 0.8838 0.3895 0.2593
vn 0.4644 -0.4840 -0.7417
vn -0.8487 0.0019 -0.5289
vn -0.3768 0.8210 0.4289
vn -0.2866 0.9319 0.2225
vn -0.8886 -0.1542 -0.4321
vn 0.3925 -0.7821 -0.4840
vn 0.8779 0.3868 0.2822
vn 0.9948 -0.0530 0.0865
vn -0.9325 0.2894 -0.2163
vn -0.0102 -0.8037 -0.5949
vn 0.0383 0.9493 0.3120
vn 0.9231 0.3807 -0.0532
vn 0.0806 0.3330 0.9395
vn -0.9984 0.0093 -0.0550
vn 0.0449 0.0728 -0.9963
vn 0.2895 0.9284 -0.2330
vn -0.3366 -0.0091 -0.9416
vn 0.4437 0.3998 0.8021
vn -0.8859 0.1016 0.4527
vn 0.8327 0.3066 -0.4611
vn 0.6404 0.6092 -0.4677
vn -0.8643 -0.1983 0.4623
vn 0.2959 0.4826 0.8243
vn -0.4616 -0.0400 -0.8862
vn -0.1047 0.1541 -0.9825
vn -0.9604 -0.2771 0.0288
vn -0.0536 0.2946 0.9541
vn 0.7285 0.6815 -0.0705
vn 0.5350 0.8394 -0.0958
vn 0.0126 0.1228 0.9924
vn -0.7741 -0.6293 0.0685
vn -0.0830 0.1449 -0.9860
vn -0.4043 -0.2191 -0.8880
vn 0.3177 0.4735 0.8215
vn -0.6850 -0.5562 0.4706
vn 0.4631 0.7804 -0.4201
vn -0.9415 0.2617 -0.2121
vn 0.1087 0.1755 -0.9785
vn 0.9533 0.1465 0.2641
vn -0.2810 0.2145 0.9354
vn -0.4202 0.9074 0.0001
vn 0.1087 0.1755 0.9785
vn -0.2810 0.2145 -0.9354
vn -0.4202 0.9074 -0.0001
vn 0.9533 0.1465 -0.2641
vn -0.9415 0.2617 0.2121
vn -0.7848 0.5843 0.2066
vn 0.9624 -0.1516 -0.2255
vn -0.1404 0.3115 -0.9398
vn 0.2455 0.1530 0.9572
vn -0.1404 0.3115 0.9398
vn 0.9624 -0.1516 0.2255
vn 0.2455 0.1530 -0.9572
vn -0.7848 0.5843 -0.2066
vn -0.6180 0.7679 -0.1687
vn 0.2062 -0.0297 -0.9781
vn 0.8238 -0.5270 0.2091
vn -0.1613 0.3002 0.9401
vn 0.2062 -0.0297 0.9781
vn -0.1613 0.3002 -0.9401
vn 0.8238 -0.5270 -0.2091
vn -0.6180 0.7679 0.1687
vn -0.5425 -0.8401 -0.0000
vn 0.0571 0.2792 0.9585
vn -0.9746 -0.0231 0.2226
vn -0.0960 0.1297 -0.9869
vn 0.9117 0.4083 -0.0458
vn -0.0478 0.9169 0.3962
vn 0.8326 0.3520 -0.4276
vn -0.8161 0.0498 0.5758
vn -0.0476 0.9169 0.3962
vn -0.5838 0.0285 -0.8114
vn 0.4490 0.3605 0.8176
vn 0.3274 0.6647 0.6716
vn -0.4905 -0.2566 -0.8328
vn -0.8856 0.1344 0.4446
vn 0.7730 0.3167 -0.5496
vn 0.8503 0.4946 -0.1798
vn -0.0740 -0.1702 -0.9826
vn -0.9950 -0.0502 0.0865
vn -0.0542 0.5855 0.8089
vn -0.1108 0.7613 0.6389
vn -0.9643 -0.2304 0.1305
vn 0.0322 -0.5315 -0.8464
vn 0.8597 0.4850 -0.1602
vn 0.8422 0.1445 -0.5195
vn -0.8768 0.1246 0.4645
vn -0.3540 -0.6117 -0.7075
vn 0.2008 0.8259 0.5268
vn -0.7061 -0.2246 -0.6716
vn 0.2901 -0.3351 0.8964
vn 0.0868 0.5830 -0.8078
vn 0.4438 0.0365 0.8954
vn 0.7051 0.6285 0.3283
vn -0.3374 -0.7940 0.5057
vn 0.5588 0.7700 -0.3081
vn -0.7778 -0.6087 -0.1566
vn -0.8326 -0.5295 -0.1628
vn 0.4137 0.0982 0.9051
vn -0.4414 -0.7523 0.4890
vn 0.6787 0.6583 0.3254
vn 0.1872 -0.3085 0.9326
vn 0.5246 0.7960 -0.3021
vn -0.7835 -0.1273 -0.6082
vn 0.0220 0.6516 -0.7583
vt 0.180562 0.104068
vt 0.183103 0.095898
vt 0.182312 0.104291
vt 0.182242 0.108197
vt 0.180109 0.107408
vt 0.191168 0.132881
vt 0.191731 0.128430
vt 0.193700 0.132621
vt 0.183822 0.085540
vt 0.182505 0.088037
vt 0.181732 0.087446
vt 0.197954 0.125002
vt 0.196987 0.129356
vt 0.194856 0.129342
vt 0.197057 0.111244
vt 0.200030 0.106616
vt 0.199675 0.111618
vt 0.196479 0.132309
vt 0.195664 0.127987
vt 0.199258 0.131996
vt 0.196607 0.112778
vt 0.199524 0.114599
vt 0.195978 0.114333
vt 0.201539 0.125023
vt 0.203772 0.129212
vt 0.199921 0.129371
vt 0.198177 0.106351
vt 0.198097 0.097800
vt 0.199672 0.098006
vt 0.201957 0.106584
vt 0.201247 0.098212
vt 0.202987 0.098167
vt 0.186195 0.127076
vt 0.183692 0.128661
vt 0.185509 0.126299
vt 0.205122 0.111530
vt 0.202399 0.111574
vt 0.189531 0.118360
vt 0.185135 0.118140
vt 0.189624 0.117070
vt 0.185789 0.109325
vt 0.187918 0.105468
vt 0.188515 0.109999
vt 0.196446 0.124992
vt 0.197477 0.116347
vt 0.192946 0.090412
vt 0.196028 0.095936
vt 0.192181 0.090813
vt 0.193697 0.128209
vt 0.192230 0.119653
vt 0.193886 0.119468
vt 0.199462 0.125012
vt 0.200528 0.116365
vt 0.184061 0.104514
vt 0.186343 0.096546
vt 0.185989 0.104991
vt 0.189940 0.128614
vt 0.189024 0.119980
vt 0.190627 0.119816
vt 0.201211 0.065038
vt 0.201756 0.069134
vt 0.200862 0.069099
vt 0.199417 0.065366
vt 0.200032 0.069182
vt 0.199201 0.069265
vt 0.189063 0.108061
vt 0.188241 0.112558
vt 0.188041 0.107843
vt 0.187211 0.107572
vt 0.186682 0.112198
vt 0.186382 0.107302
vt 0.187108 0.118666
vt 0.186202 0.118565
vt 0.189171 0.112592
vt 0.188014 0.118767
vt 0.202760 0.075623
vt 0.201748 0.075483
vt 0.192161 0.107727
vt 0.192537 0.110475
vt 0.191437 0.110179
vt 0.200406 0.079187
vt 0.202616 0.082811
vt 0.200423 0.082631
vt 0.193270 0.089791
vt 0.197147 0.093912
vt 0.194826 0.095203
vt 0.190999 0.137458
vt 0.189088 0.139482
vt 0.188733 0.137733
vt 0.203310 0.130586
vt 0.200400 0.132413
vt 0.200408 0.130894
vt 0.188201 0.111472
vt 0.185162 0.112270
vt 0.185476 0.110798
vt 0.205047 0.113021
vt 0.201980 0.114586
vt 0.202055 0.113095
vt 0.193864 0.134131
vt 0.190838 0.135978
vt 0.190674 0.134469
vt 0.196152 0.116338
vt 0.192799 0.109149
vt 0.191789 0.109142
vt 0.190608 0.099474
vt 0.189721 0.099337
vt 0.193313 0.092990
vt 0.201652 0.091669
vt 0.202852 0.091826
vt 0.200731 0.083424
vt 0.201790 0.083236
vt 0.199783 0.075333
vt 0.196445 0.111942
vt 0.197707 0.111801
vt 0.198721 0.103438
vt 0.199779 0.102992
vt 0.196920 0.095524
vt 0.204052 0.091984
vt 0.205379 0.091949
vt 0.204032 0.082885
vt 0.202849 0.083048
vt 0.184709 0.124542
vt 0.183161 0.116451
vt 0.184594 0.116433
vt 0.183768 0.133192
vt 0.184835 0.125487
vt 0.186042 0.125742
vt 0.189076 0.118706
vt 0.198802 0.116356
vt 0.195125 0.109162
vt 0.193809 0.109156
vt 0.192627 0.099943
vt 0.191494 0.099611
vt 0.195042 0.093647
vt 0.188020 0.123359
vt 0.186027 0.116415
vt 0.187118 0.115531
vt 0.195223 0.112067
vt 0.196589 0.103918
vt 0.197655 0.103678
vt 0.194276 0.096793
vt 0.195152 0.096364
vt 0.180385 0.122200
vt 0.182229 0.115549
vt 0.181607 0.123383
vt 0.180103 0.133082
vt 0.183855 0.125174
vt 0.181251 0.133068
vt 0.199290 0.062882
vt 0.200184 0.060697
vt 0.200249 0.062949
vt 0.190824 0.083953
vt 0.191638 0.081011
vt 0.191821 0.083785
vt 0.202279 0.062964
vt 0.201204 0.060996
vt 0.202344 0.061031
vt 0.186492 0.104763
vt 0.187598 0.102045
vt 0.187405 0.104809
vt 0.190086 0.108279
vt 0.202213 0.064898
vt 0.202650 0.069169
vt 0.190205 0.087148
vt 0.191408 0.091155
vt 0.199813 0.083150
vt 0.198293 0.087634
vt 0.198855 0.082863
vt 0.203056 0.057768
vt 0.186603 0.102223
vt 0.186687 0.098640
vt 0.189479 0.081005
vt 0.186371 0.078899
vt 0.188427 0.077626
vt 0.198797 0.078200
vt 0.197073 0.074727
vt 0.199550 0.074121
vt 0.196974 0.080441
vt 0.195934 0.078485
vt 0.196803 0.078424
vt 0.188317 0.104855
vt 0.189777 0.101921
vt 0.189420 0.104991
vt 0.197784 0.080470
vt 0.198826 0.080532
vt 0.188861 0.084199
vt 0.189842 0.084076
vt 0.183796 0.097801
vt 0.185018 0.092093
vt 0.183115 0.073422
vt 0.185995 0.073412
vt 0.198099 0.068622
vt 0.190417 0.098824
vt 0.188860 0.093236
vt 0.192871 0.093044
vt 0.190539 0.080964
vt 0.191960 0.077849
vt 0.199163 0.060398
vt 0.199310 0.057587
vt 0.195408 0.074185
vt 0.188593 0.101868
vt 0.187461 0.112378
vt 0.196017 0.093962
vt 0.199131 0.087952
vt 0.196135 0.086784
vt 0.192558 0.092648
vt 0.174960 0.076325
vt 0.178616 0.078982
vt 0.174611 0.079907
vt 0.193008 0.072821
vt 0.189061 0.068914
vt 0.193340 0.067345
vt 0.175049 0.082735
vt 0.179816 0.086668
vt 0.174611 0.086346
vt 0.181892 0.092617
vt 0.184778 0.087734
vt 0.177358 0.104742
vt 0.183725 0.106307
vt 0.177332 0.106867
vt 0.190302 0.077683
vt 0.174611 0.101999
vt 0.180457 0.100701
vt 0.175985 0.103370
vt 0.177514 0.108407
vt 0.181819 0.112755
vt 0.176175 0.110243
vt 0.198119 0.123215
vt 0.199844 0.119035
vt 0.199550 0.123182
vt 0.180968 0.087941
vt 0.184340 0.085460
vt 0.181381 0.068613
vt 0.185179 0.066440
vt 0.185329 0.068221
vt 0.198181 0.064928
vt 0.193253 0.062228
vt 0.198003 0.062440
vt 0.188618 0.068889
vt 0.190339 0.064792
vt 0.190722 0.069223
vt 0.188717 0.088699
vt 0.193131 0.088286
vt 0.193303 0.064721
vt 0.180215 0.066602
vt 0.184333 0.065238
vt 0.193209 0.061290
vt 0.198166 0.061315
vt 0.188416 0.085965
vt 0.193346 0.084887
vt 0.193257 0.085830
vt 0.196100 0.141513
vt 0.191201 0.139058
vt 0.196042 0.140988
vt 0.189861 0.066353
vt 0.192451 0.065508
vt 0.180737 0.074099
vt 0.180824 0.078578
vt 0.187144 0.064929
vt 0.190030 0.063146
vt 0.701778 0.417015
vt 0.702558 0.417901
vt 0.701835 0.417822
vt 0.695911 0.417094
vt 0.695268 0.417574
vt 0.695283 0.416885
vt 0.706705 0.415882
vt 0.707299 0.416789
vt 0.706532 0.416560
vt 0.701778 0.418741
vt 0.702519 0.418656
vt 0.180621 0.085993
vt 0.184330 0.084513
vt 0.181733 0.086966
vt 0.181572 0.083206
vt 0.182633 0.086975
vt 0.189106 0.065445
vt 0.193365 0.064265
vt 0.181722 0.078487
vt 0.200371 0.112305
vt 0.196970 0.116432
vt 0.196005 0.115756
vt 0.198212 0.131383
vt 0.196891 0.128014
vt 0.198086 0.128473
vt 0.185964 0.129547
vt 0.180663 0.132698
vt 0.185713 0.128257
vt 0.179918 0.108907
vt 0.180897 0.106309
vt 0.181307 0.108991
vt 0.190663 0.102986
vt 0.187625 0.098396
vt 0.188629 0.097798
vt 0.186617 0.123071
vt 0.185493 0.121491
vt 0.186518 0.120790
vt 0.184691 0.109179
vt 0.187496 0.113123
vt 0.182474 0.111896
vt 0.196430 0.121183
vt 0.200089 0.124995
vt 0.200377 0.126119
vt 0.187706 0.118793
vt 0.187709 0.117898
vt 0.188089 0.118799
vt 0.191288 0.127158
vt 0.196773 0.128315
vt 0.196547 0.129602
vt 0.192409 0.126117
vt 0.193803 0.122778
vt 0.193400 0.126386
vt 0.186776 0.132183
vt 0.192518 0.132834
vt 0.186247 0.133287
vt 0.184734 0.133143
vt 0.183795 0.130940
vt 0.185172 0.130461
vt 0.181050 0.131088
vt 0.177223 0.126890
vt 0.178159 0.126074
vt 0.207980 0.116263
vt 0.210637 0.112478
vt 0.210637 0.118090
vt 0.197506 0.098956
vt 0.197577 0.097951
vt 0.197663 0.097904
vt 0.183108 0.103690
vt 0.182476 0.099875
vt 0.182854 0.099013
vt 0.182465 0.081042
vt 0.181967 0.078884
vt 0.182969 0.078237
vt 0.200800 0.106797
vt 0.200703 0.101085
vt 0.201987 0.107058
vt 0.179231 0.135809
vt 0.178253 0.133741
vt 0.179792 0.133279
vt 0.195803 0.105054
vt 0.200987 0.106660
vt 0.195101 0.105957
vt 0.178826 0.096409
vt 0.180415 0.093502
vt 0.180161 0.096409
vt 0.191413 0.135956
vt 0.195960 0.137028
vt 0.195982 0.138199
vt 0.191354 0.131811
vt 0.195891 0.133330
vt 0.195915 0.134610
vt 0.177842 0.130536
vt 0.179693 0.129707
vt 0.179783 0.132587
vt 0.185593 0.123129
vt 0.184499 0.119849
vt 0.185593 0.119580
vt 0.186781 0.138151
vt 0.183563 0.140293
vt 0.186759 0.136980
vt 0.186714 0.134562
vt 0.181728 0.135951
vt 0.186690 0.133282
vt 0.191097 0.118586
vt 0.193125 0.117776
vt 0.192812 0.119092
vt 0.190844 0.125872
vt 0.189806 0.121935
vt 0.191266 0.121770
vt 0.184835 0.122202
vt 0.183914 0.119214
vt 0.184835 0.119132
vt 0.182437 0.146767
vt 0.181537 0.143830
vt 0.182718 0.143568
vt 0.198912 0.060059
vt 0.195031 0.059329
vt 0.199315 0.059379
vt 0.197287 0.105863
vt 0.197730 0.101018
vt 0.198199 0.106224
vt 0.182764 0.118106
vt 0.183436 0.120880
vt 0.182477 0.121011
vt 0.186694 0.129134
vt 0.185355 0.125869
vt 0.186694 0.125703
vt 0.194715 0.109965
vt 0.191510 0.113333
vt 0.190674 0.113002
vt 0.197402 0.111077
vt 0.193891 0.114274
vt 0.192979 0.113913
vt 0.185735 0.125025
vt 0.182672 0.121344
vt 0.183282 0.120564
vt 0.183684 0.127680
vt 0.180716 0.123846
vt 0.181532 0.122803
vt 0.183225 0.136516
vt 0.181261 0.135600
vt 0.183085 0.133831
vt 0.185225 0.124312
vt 0.184014 0.120272
vt 0.185225 0.119629
vt 0.194850 0.083435
vt 0.190848 0.082599
vt 0.195531 0.082778
vt 0.189038 0.128124
vt 0.193955 0.129091
vt 0.188222 0.129168
vt 0.202411 0.125862
vt 0.200593 0.125158
vt 0.201721 0.125090
vt 0.181989 0.126576
vt 0.182952 0.122114
vt 0.183164 0.126383
vt 0.186434 0.132561
vt 0.187306 0.135487
vt 0.186434 0.135639
vt 0.175818 0.084588
vt 0.177244 0.081471
vt 0.177345 0.084806
vt 0.194302 0.062937
vt 0.190394 0.062737
vt 0.194843 0.062170
vt 0.198444 0.102062
vt 0.202405 0.103487
vt 0.197565 0.102790
vt 0.194454 0.117829
vt 0.194386 0.116271
vt 0.197246 0.116271
vt 0.175645 0.132618
vt 0.174809 0.130428
vt 0.175553 0.130019
vt 0.195809 0.098606
vt 0.193305 0.094509
vt 0.194095 0.093854
vt 0.193437 0.100625
vt 0.191146 0.096298
vt 0.192025 0.095570
vt 0.178930 0.118862
vt 0.181987 0.116839
vt 0.182359 0.064163
vt 0.186134 0.063193
vt 0.187215 0.064092
vt 0.191333 0.130333
vt 0.191393 0.134604
vt 0.176177 0.120414
vt 0.178150 0.118960
vt 0.207555 0.110514
vt 0.205855 0.105614
vt 0.191272 0.126062
vt 0.181367 0.090441
vt 0.182508 0.091355
vt 0.695288 0.416201
vt 0.696080 0.416242
vt 0.707437 0.415659
vt 0.707363 0.416222
vt 0.189220 0.072551
vt 0.179665 0.090843
vt 0.183750 0.110316
vt 0.175972 0.089980
vt 0.190101 0.112625
vt 0.190139 0.118644
vt 0.204554 0.057806
vt 0.203484 0.061066
vt 0.191109 0.086943
vt 0.192004 0.086560
vt 0.193711 0.090010
vt 0.203350 0.062912
vt 0.189452 0.122200
vt 0.188209 0.114647
vt 0.205215 0.082723
vt 0.206706 0.091915
vt 0.204728 0.098121
vt 0.190125 0.112119
vt 0.187888 0.112944
vt 0.199599 0.113108
vt 0.188231 0.141039
vt 0.183427 0.140234
vt 0.193795 0.137207
vt 0.191170 0.139029
vt 0.190635 0.091496
vt 0.203885 0.106553
vt 0.188637 0.133141
vt 0.182728 0.128917
vt 0.190178 0.126666
vt 0.185020 0.125951
vt 0.200839 0.135835
vt 0.199884 0.139468
vt 0.199869 0.140434
vt 0.199764 0.141785
vt 0.180436 0.131883
vt 0.201689 0.132677
vt 0.201158 0.135021
vt 0.202982 0.119058
vt 0.198012 0.120652
vt 0.197031 0.120279
vt 0.176990 0.131732
vt 0.177296 0.130785
vt 0.177296 0.131851
vt 0.706423 0.417503
vt 0.707217 0.417564
vt 0.708360 0.416244
vt 0.707570 0.415376
vt 0.708404 0.415345
vt 0.197137 0.088478
vt 0.197994 0.086283
vt 0.189655 0.062317
vt 0.198136 0.085344
vt 0.196069 0.093520
vt 0.193535 0.069607
vt 0.179111 0.114397
vt 0.174611 0.112251
vt 0.197811 0.095112
vt 0.190960 0.101975
vt 0.192235 0.099455
vt 0.197671 0.078362
vt 0.190523 0.105127
vt 0.187248 0.125997
vt 0.185135 0.133330
vt 0.186589 0.124519
vt 0.194068 0.093332
vt 0.182515 0.109602
vt 0.181674 0.110866
vt 0.178990 0.112514
vt 0.181164 0.114573
vt 0.178664 0.114047
vt 0.199450 0.116061
vt 0.195826 0.117346
vt 0.195904 0.115794
vt 0.200314 0.065202
vt 0.197896 0.082577
vt 0.196795 0.087051
vt 0.197145 0.082459
vt 0.188091 0.096991
vt 0.198829 0.075323
vt 0.187993 0.124895
vt 0.187336 0.124244
vt 0.192724 0.129327
vt 0.205221 0.133922
vt 0.202823 0.135492
vt 0.202832 0.133912
vt 0.708056 0.413616
vt 0.707512 0.414646
vt 0.707438 0.413904
vt 0.205395 0.116073
vt 0.201828 0.117599
vt 0.201906 0.116048
vt 0.707438 0.416788
vt 0.707512 0.416078
vt 0.190324 0.090934
vt 0.193333 0.089620
vt 0.183311 0.076568
vt 0.184238 0.081124
vt 0.183574 0.081777
vt 0.198465 0.111516
vt 0.195818 0.105283
vt 0.195690 0.110368
vt 0.201241 0.112664
vt 0.180903 0.106454
vt 0.181802 0.098069
vt 0.181370 0.097287
vt 0.181425 0.097181
vt 0.186240 0.093264
vt 0.189175 0.091579
vt 0.180677 0.083248
vt 0.702485 0.419426
vt 0.701738 0.419671
vt 0.696082 0.415336
vt 0.695283 0.415457
vt 0.179369 0.082516
vt 0.202797 0.062652
vt 0.203122 0.061341
vt 0.202534 0.064543
vt 0.201866 0.069070
vt 0.183726 0.102478
vt 0.197454 0.087317
vt 0.201089 0.057820
vt 0.201632 0.074081
vt 0.199868 0.080594
vt 0.199924 0.078037
vt 0.201207 0.063017
vt 0.193759 0.100275
vt 0.196441 0.109169
vt 0.202254 0.116374
vt 0.200737 0.075344
vt 0.196980 0.130875
vt 0.196057 0.131742
vt 0.207339 0.117604
vt 0.212514 0.118463
vt 0.211373 0.119218
vt 0.195927 0.081203
vt 0.191008 0.085024
vt 0.193775 0.078795
vt 0.203615 0.125033
vt 0.194364 0.112362
vt 0.193462 0.113430
vt 0.194439 0.110871
vt 0.200392 0.133901
vt 0.200384 0.135482
vt 0.707143 0.418360
vt 0.706332 0.418460
vt 0.193565 0.115597
vt 0.193249 0.117632
vt 0.702485 0.416571
vt 0.702519 0.417238
vt 0.192430 0.101482
vt 0.199724 0.101001
vt 0.194903 0.099377
vt 0.181063 0.080850
vt 0.185813 0.079612
vt 0.186857 0.081637
vt 0.183019 0.083043
vt 0.187306 0.082211
vt 0.187749 0.083856
vt 0.189958 0.103586
vt 0.191741 0.118946
vt 0.189411 0.117488
vt 0.196885 0.066049
vt 0.197031 0.064593
vt 0.188644 0.084438
vt 0.695268 0.414700
vt 0.696066 0.414420
vt 0.708372 0.414631
vt 0.196599 0.068076
vt 0.193832 0.077640
vt 0.196731 0.072212
vt 0.192737 0.081057
vt 0.188559 0.098116
vt 0.189302 0.087353
vt 0.196393 0.082341
vt 0.192818 0.083617
vt 0.182400 0.133053
vt 0.182830 0.124565
vt 0.200838 0.102545
vt 0.198970 0.111659
vt 0.195543 0.119282
vt 0.199372 0.117612
vt 0.196654 0.133678
vt 0.196094 0.135725
vt 0.183102 0.138787
vt 0.179974 0.090123
vt 0.179643 0.089351
vt 0.177762 0.107626
vt 0.184596 0.096102
vt 0.693534 0.399559
vt 0.693581 0.400519
vt 0.693328 0.399564
vt 0.166667 0.087447
vt 0.167796 0.088147
vt 0.167623 0.088561
vt 0.700618 0.418675
vt 0.700481 0.417591
vt 0.700670 0.417653
vt 0.175678 0.072550
vt 0.178581 0.075044
vt 0.175243 0.072968
vt 0.692343 0.417647
vt 0.692531 0.416335
vt 0.692463 0.417666
vt 0.175378 0.117168
vt 0.179689 0.113459
vt 0.180237 0.113843
vt 0.694521 0.401971
vt 0.695715 0.402633
vt 0.694387 0.402097
vt 0.164059 0.105392
vt 0.166367 0.101358
vt 0.164347 0.105788
vt 0.693782 0.400483
vt 0.196257 0.114213
vt 0.192795 0.111625
vt 0.196465 0.113868
vt 0.692343 0.415039
vt 0.692370 0.416353
vt 0.208016 0.104086
vt 0.204707 0.100055
vt 0.205168 0.099605
vt 0.699430 0.412891
vt 0.699263 0.411610
vt 0.699397 0.411586
vt 0.703021 0.419229
vt 0.703532 0.419500
vt 0.702973 0.420026
vt 0.702182 0.419742
vt 0.701609 0.420558
vt 0.701221 0.419930
vt 0.700563 0.418067
vt 0.701884 0.418659
vt 0.700739 0.419060
vt 0.703056 0.417308
vt 0.702852 0.418236
vt 0.702363 0.417365
vt 0.702555 0.416731
vt 0.701805 0.416716
vt 0.700440 0.417248
vt 0.701410 0.417554
vt 0.703554 0.418720
vt 0.700357 0.419967
vt 0.699865 0.419357
vt 0.699880 0.417774
vt 0.699859 0.418554
vt 0.700857 0.420543
vt 0.701036 0.416728
vt 0.702384 0.420547
vt 0.180601 0.122036
vt 0.182644 0.113280
vt 0.182153 0.122013
vt 0.171383 0.088748
vt 0.173455 0.080693
vt 0.172910 0.088736
vt 0.185333 0.128664
vt 0.184032 0.122629
vt 0.185471 0.122546
vt 0.199472 0.119240
vt 0.198772 0.113087
vt 0.200321 0.113058
vt 0.182149 0.101624
vt 0.182728 0.110176
vt 0.181103 0.110355
vt 0.193565 0.123472
vt 0.194986 0.116577
vt 0.195112 0.123533
vt 0.184319 0.134538
vt 0.183421 0.128933
vt 0.184936 0.128841
vt 0.193141 0.134193
vt 0.191786 0.128535
vt 0.193406 0.128433
vt 0.184035 0.114023
vt 0.185513 0.113604
vt 0.172040 0.094694
vt 0.173516 0.094690
vt 0.197976 0.105278
vt 0.199488 0.104963
vt 0.181223 0.127440
vt 0.182723 0.127426
vt 0.184539 0.121875
vt 0.182904 0.122316
vt 0.193407 0.128963
vt 0.194900 0.129033
vt 0.191578 0.120505
vt 0.193199 0.120012
vt 0.182206 0.115593
vt 0.183774 0.115434
vt 0.173430 0.132946
vt 0.172394 0.128161
vt 0.173062 0.127028
vt 0.182373 0.124526
vt 0.183479 0.122365
vt 0.182918 0.124624
vt 0.191465 0.118185
vt 0.186586 0.117594
vt 0.191665 0.114605
vt 0.699418 0.392580
vt 0.699253 0.391189
vt 0.699376 0.391210
vt 0.175661 0.138588
vt 0.179301 0.141989
vt 0.173340 0.142067
vt 0.180720 0.077785
vt 0.179550 0.075651
vt 0.180052 0.075316
vt 0.700403 0.399281
vt 0.700077 0.400604
vt 0.699958 0.400559
vt 0.182625 0.128159
vt 0.182950 0.125575
vt 0.183127 0.128240
vt 0.697098 0.402965
vt 0.695773 0.402452
vt 0.171283 0.136305
vt 0.181364 0.081955
vt 0.179996 0.078942
vt 0.180450 0.078711
vt 0.176118 0.069877
vt 0.176614 0.068717
vt 0.176549 0.070060
vt 0.186293 0.121130
vt 0.182489 0.125310
vt 0.206212 0.120747
vt 0.696781 0.395802
vt 0.697946 0.396216
vt 0.697941 0.396376
vt 0.187182 0.119135
vt 0.186966 0.118303
vt 0.187067 0.118266
vt 0.183055 0.130371
vt 0.183273 0.128738
vt 0.183479 0.130518
vt 0.189923 0.110582
vt 0.195178 0.110301
vt 0.196414 0.117645
vt 0.191772 0.129401
vt 0.191481 0.130165
vt 0.191426 0.130156
vt 0.198561 0.071057
vt 0.198658 0.070328
vt 0.198658 0.071065
vt 0.693695 0.398209
vt 0.693880 0.398226
vt 0.182346 0.084574
vt 0.181736 0.082788
vt 0.182141 0.082627
vt 0.181699 0.138808
vt 0.187090 0.137669
vt 0.192536 0.111963
vt 0.192077 0.111233
vt 0.176025 0.114742
vt 0.175781 0.112698
vt 0.176071 0.112451
vt 0.190540 0.073158
vt 0.191414 0.072941
vt 0.190928 0.073499
vt 0.205850 0.118890
vt 0.205969 0.118437
vt 0.205969 0.118985
vt 0.193369 0.095195
vt 0.196099 0.095797
vt 0.193201 0.095526
vt 0.181686 0.135469
vt 0.181877 0.077313
vt 0.181655 0.076702
vt 0.181720 0.076669
vt 0.175726 0.111746
vt 0.176013 0.111488
vt 0.175776 0.108464
vt 0.176043 0.108148
vt 0.196498 0.121664
vt 0.195942 0.122328
vt 0.195921 0.122194
vt 0.183398 0.139724
vt 0.189686 0.108292
vt 0.190222 0.108670
vt 0.189956 0.108835
vt 0.181645 0.098148
vt 0.180903 0.097898
vt 0.180941 0.097763
vt 0.196953 0.095642
vt 0.199863 0.097358
vt 0.196745 0.096066
vt 0.192262 0.060433
vt 0.196303 0.095372
vt 0.191786 0.111478
vt 0.190127 0.115771
vt 0.190127 0.119617
vt 0.182955 0.083865
vt 0.183641 0.088530
vt 0.200141 0.096900
vt 0.200970 0.097811
vt 0.183575 0.084448
vt 0.184440 0.081022
vt 0.184918 0.083495
vt 0.201261 0.097335
vt 0.204094 0.099206
vt 0.195029 0.123825
vt 0.194614 0.120662
vt 0.195153 0.120512
vt 0.187312 0.122984
vt 0.190789 0.125885
vt 0.169656 0.098558
vt 0.169303 0.099241
vt 0.169116 0.098808
vt 0.195153 0.125860
vt 0.194603 0.124449
vt 0.195082 0.124282
vt 0.172055 0.094343
vt 0.174752 0.095463
vt 0.171980 0.095928
vt 0.190285 0.083554
vt 0.184395 0.133756
vt 0.184629 0.118843
vt 0.181507 0.110130
vt 0.180979 0.110657
vt 0.181017 0.109940
vt 0.182223 0.106455
vt 0.181776 0.106338
vt 0.181465 0.063675
vt 0.185941 0.062850
vt 0.194548 0.123984
vt 0.183035 0.103539
vt 0.181645 0.105731
vt 0.182659 0.103449
vt 0.175927 0.132722
vt 0.175889 0.131970
vt 0.176042 0.131970
vt 0.191213 0.082157
vt 0.196805 0.081548
vt 0.210285 0.134217
vt 0.210541 0.133506
vt 0.210541 0.134327
vt 0.182077 0.105846
vt 0.182764 0.128648
vt 0.175110 0.096071
vt 0.176764 0.094162
vt 0.175154 0.096386
vt 0.182420 0.125481
vt 0.186966 0.127384
vt 0.187237 0.127899
vt 0.187143 0.127919
vt 0.193773 0.129667
vt 0.179943 0.091626
vt 0.180030 0.091183
vt 0.180302 0.091764
vt 0.184508 0.102424
vt 0.184354 0.101396
vt 0.180967 0.082129
vt 0.192296 0.093721
vt 0.193392 0.091402
vt 0.193617 0.091648
vt 0.180247 0.078044
vt 0.193835 0.117375
vt 0.193389 0.117754
vt 0.193714 0.117315
vt 0.202537 0.104103
vt 0.186723 0.108431
vt 0.187073 0.105856
vt 0.187072 0.108660
vt 0.195042 0.119909
vt 0.195096 0.119409
vt 0.195188 0.119949
vt 0.197106 0.089863
vt 0.200572 0.087845
vt 0.200899 0.088205
vt 0.195973 0.090189
vt 0.196849 0.089541
vt 0.193486 0.089195
vt 0.198411 0.126015
vt 0.198615 0.124883
vt 0.198836 0.126076
vt 0.195725 0.089888
vt 0.190520 0.062327
vt 0.195719 0.060927
vt 0.172541 0.133678
vt 0.172422 0.134355
vt 0.172312 0.134340
vt 0.187210 0.080011
vt 0.189520 0.076358
vt 0.187514 0.080239
vt 0.199184 0.062392
vt 0.194766 0.123927
vt 0.195261 0.123129
vt 0.195253 0.123834
vt 0.189408 0.075328
vt 0.189785 0.075619
vt 0.198556 0.097725
vt 0.195607 0.092159
vt 0.194890 0.119943
vt 0.197281 0.116917
vt 0.189154 0.076065
vt 0.190036 0.063731
vt 0.184574 0.103448
vt 0.186164 0.106320
vt 0.184737 0.106935
vt 0.201434 0.087635
vt 0.201786 0.088003
vt 0.175809 0.094155
vt 0.175275 0.092233
vt 0.192914 0.109221
vt 0.194982 0.104952
vt 0.164192 0.083369
vt 0.165082 0.083809
vt 0.164846 0.084137
vt 0.189129 0.112391
vt 0.181261 0.121692
vt 0.186562 0.102977
vt 0.186386 0.103025
vt 0.194401 0.060189
vt 0.174869 0.094223
vt 0.171830 0.093418
vt 0.175036 0.093182
vt 0.179063 0.074597
vt 0.191181 0.093769
vt 0.182309 0.082247
vt 0.208175 0.080452
vt 0.207162 0.081352
vt 0.207592 0.080140
vt 0.182280 0.122535
vt 0.182248 0.122036
vt 0.182528 0.122470
vt 0.183672 0.085788
vt 0.181986 0.084696
vt 0.194685 0.101286
vt 0.191636 0.082077
vt 0.191191 0.081352
vt 0.191636 0.081255
vt 0.180799 0.113062
vt 0.180266 0.112781
vt 0.188714 0.116663
vt 0.204435 0.098712
vt 0.166563 0.100453
vt 0.166001 0.100885
vt 0.166834 0.100928
vt 0.182585 0.126835
vt 0.182499 0.127203
vt 0.182431 0.127205
vt 0.198219 0.100903
vt 0.197400 0.114772
vt 0.204795 0.117215
vt 0.205001 0.117769
vt 0.188929 0.117972
vt 0.188842 0.116946
vt 0.188929 0.116935
vt 0.192592 0.133804
vt 0.192650 0.133028
vt 0.193079 0.133808
vt 0.200100 0.107317
vt 0.192735 0.107889
vt 0.181473 0.110871
vt 0.160754 0.075470
vt 0.161782 0.071514
vt 0.161301 0.075640
vt 0.204180 0.086340
vt 0.204622 0.086751
vt 0.185700 0.100775
vt 0.195744 0.116986
vt 0.195733 0.116570
vt 0.195787 0.116566
vt 0.185418 0.094334
vt 0.174622 0.072049
vt 0.166343 0.069969
vt 0.166178 0.069370
vt 0.187492 0.106064
vt 0.192104 0.133701
vt 0.184187 0.135610
vt 0.179445 0.100941
vt 0.179079 0.100168
vt 0.179173 0.100081
vt 0.185809 0.083857
vt 0.183627 0.086819
vt 0.210395 0.111692
vt 0.208609 0.116189
vt 0.209858 0.111507
vt 0.175666 0.129570
vt 0.196591 0.068854
vt 0.203839 0.066626
vt 0.196877 0.069370
vt 0.178316 0.134827
vt 0.175374 0.121335
vt 0.163367 0.106404
vt 0.160840 0.114985
vt 0.160439 0.115037
vt 0.195075 0.115698
vt 0.194831 0.115096
vt 0.194993 0.115103
vt 0.166730 0.121011
vt 0.174012 0.117565
vt 0.174470 0.117973
vt 0.178398 0.123118
vt 0.178755 0.122321
vt 0.178755 0.123263
vt 0.199811 0.117564
vt 0.181623 0.129402
vt 0.181678 0.128989
vt 0.181819 0.129411
vt 0.204076 0.065954
vt 0.208165 0.067516
vt 0.210376 0.071939
vt 0.208611 0.067037
vt 0.193293 0.119603
vt 0.201910 0.101971
vt 0.204532 0.108742
vt 0.204253 0.114208
vt 0.209729 0.072221
vt 0.174901 0.116824
vt 0.196508 0.125222
vt 0.180847 0.131630
vt 0.186063 0.125168
vt 0.161454 0.119999
vt 0.161260 0.120259
vt 0.166707 0.120555
vt 0.191321 0.122461
vt 0.163747 0.106786
vt 0.182522 0.140161
vt 0.182390 0.139344
vt 0.182566 0.139324
vt 0.183489 0.079812
vt 0.184549 0.079286
vt 0.183530 0.080067
vt 0.201805 0.131623
vt 0.208984 0.116561
vt 0.186382 0.121993
vt 0.184710 0.119428
vt 0.186382 0.119429
vt 0.185619 0.121344
vt 0.183986 0.117816
vt 0.185641 0.117738
vt 0.197591 0.114324
vt 0.161418 0.071122
vt 0.205031 0.104654
vt 0.208459 0.104882
vt 0.207644 0.104433
vt 0.207962 0.105181
vt 0.181953 0.126596
vt 0.195998 0.069995
vt 0.195709 0.069573
vt 0.164538 0.083039
vt 0.207657 0.081692
vt 0.204522 0.085644
vt 0.184923 0.113823
vt 0.186177 0.108161
vt 0.186147 0.113848
vt 0.182121 0.142342
vt 0.183558 0.146384
vt 0.182051 0.146566
vt 0.181331 0.119145
vt 0.179570 0.115633
vt 0.181242 0.115633
vt 0.196343 0.109714
vt 0.698318 0.402577
vt 0.697084 0.403159
vt 0.174214 0.072561
vt 0.694358 0.396944
vt 0.694226 0.396876
vt 0.188700 0.128927
vt 0.187261 0.124120
vt 0.188907 0.124120
vt 0.175058 0.126053
vt 0.175542 0.129187
vt 0.175058 0.129524
vt 0.187983 0.136728
vt 0.172212 0.131914
vt 0.173726 0.127906
vt 0.173707 0.132108
vt 0.695467 0.396209
vt 0.696753 0.395612
vt 0.205075 0.086043
vt 0.699846 0.419277
vt 0.699660 0.420478
vt 0.699660 0.419200
vt 0.191042 0.072502
vt 0.188571 0.120515
vt 0.187049 0.126093
vt 0.187049 0.120499
vt 0.179748 0.125530
vt 0.179687 0.125608
vt 0.179687 0.125531
vt 0.188459 0.071730
vt 0.187627 0.071817
vt 0.188676 0.071484
vt 0.181182 0.128730
vt 0.181529 0.127436
vt 0.181685 0.128785
vt 0.182003 0.140519
vt 0.180799 0.140403
vt 0.180824 0.140304
vt 0.201854 0.125282
vt 0.202947 0.126075
vt 0.201880 0.125869
vt 0.164912 0.098716
vt 0.164706 0.098160
vt 0.164811 0.098156
vt 0.183041 0.130282
vt 0.182694 0.129660
vt 0.182822 0.129576
vt 0.190986 0.113918
vt 0.190404 0.114181
vt 0.190621 0.113694
vt 0.201996 0.099292
vt 0.201948 0.098072
vt 0.202617 0.099454
vt 0.198043 0.092228
vt 0.199115 0.093048
vt 0.197692 0.092359
vt 0.161944 0.104486
vt 0.161179 0.103882
vt 0.162266 0.104049
vt 0.206908 0.103502
vt 0.207837 0.102621
vt 0.207983 0.102780
vt 0.176524 0.118944
vt 0.177130 0.119279
vt 0.176236 0.119274
vt 0.171771 0.126273
vt 0.171333 0.125704
vt 0.171363 0.125631
vt 0.187074 0.074858
vt 0.186352 0.074280
vt 0.186391 0.074179
vt 0.179616 0.129529
vt 0.179590 0.128947
vt 0.179983 0.129762
vt 0.182222 0.133832
vt 0.182411 0.133218
vt 0.182525 0.133296
vt 0.188874 0.137868
vt 0.189622 0.138492
vt 0.189486 0.138614
vt 0.202223 0.130952
vt 0.202058 0.129904
vt 0.202223 0.129897
vt 0.181084 0.095691
vt 0.181333 0.096193
vt 0.180933 0.095699
vt 0.165519 0.089894
vt 0.165166 0.090309
vt 0.165019 0.090147
vt 0.171642 0.095196
vt 0.171742 0.094646
vt 0.171797 0.094618
vt 0.193535 0.117820
vt 0.193434 0.117774
vt 0.186856 0.119964
vt 0.186635 0.119134
vt 0.186856 0.119089
vt 0.193022 0.121209
vt 0.193240 0.120197
vt 0.193446 0.121270
vt 0.212828 0.117473
vt 0.213011 0.116957
vt 0.213011 0.117591
vt 0.187359 0.119043
vt 0.187129 0.118235
vt 0.170048 0.103895
vt 0.169386 0.103107
vt 0.169517 0.103002
vt 0.192311 0.124317
vt 0.192345 0.123275
vt 0.192422 0.123284
vt 0.207684 0.135969
vt 0.207967 0.134815
vt 0.207967 0.136059
vt 0.178685 0.132354
vt 0.177732 0.132668
vt 0.177726 0.132497
vt 0.187300 0.062181
vt 0.187856 0.061906
vt 0.187473 0.062364
vt 0.185403 0.124489
vt 0.185466 0.125795
vt 0.185251 0.125792
vt 0.198258 0.092265
vt 0.199196 0.092949
vt 0.172918 0.078999
vt 0.173122 0.078136
vt 0.173329 0.079101
vt 0.197975 0.103781
vt 0.197800 0.102966
vt 0.198086 0.103777
vt 0.181585 0.073151
vt 0.182710 0.072804
vt 0.182721 0.072983
vt 0.184969 0.092489
vt 0.184319 0.092054
vt 0.184452 0.091991
vt 0.200832 0.125932
vt 0.200511 0.125266
vt 0.200672 0.125190
vt 0.203934 0.121058
vt 0.204566 0.121371
vt 0.203934 0.121724
vt 0.194572 0.067441
vt 0.193294 0.067278
vt 0.193282 0.067115
vt 0.182885 0.133998
vt 0.182440 0.132817
vt 0.182538 0.132807
vt 0.180280 0.125732
vt 0.179634 0.124900
vt 0.180573 0.125326
vt 0.209497 0.129658
vt 0.209190 0.129272
vt 0.209267 0.129202
vt 0.162917 0.085592
vt 0.162469 0.086340
vt 0.162460 0.085180
vt 0.180828 0.120327
vt 0.180866 0.120885
vt 0.180484 0.120326
vt 0.191574 0.120668
vt 0.191301 0.121135
vt 0.191100 0.120425
vt 0.190562 0.103487
vt 0.190678 0.102977
vt 0.190830 0.103629
vt 0.193384 0.136610
vt 0.193398 0.135532
vt 0.193585 0.136500
vt 0.178521 0.117753
vt 0.178266 0.117319
vt 0.178438 0.117327
vt 0.183086 0.133308
vt 0.183456 0.134127
vt 0.183333 0.134159
vt 0.201080 0.108537
vt 0.201656 0.108762
vt 0.201643 0.108889
vt 0.171511 0.095274
vt 0.171637 0.094647
vt 0.189985 0.122128
vt 0.189695 0.121683
vt 0.189814 0.121604
vt 0.203473 0.132740
vt 0.204049 0.133406
vt 0.203967 0.133470
vt 0.178928 0.127761
vt 0.179783 0.126779
vt 0.179072 0.128019
vt 0.200998 0.106167
vt 0.200654 0.105599
vt 0.200723 0.105556
vt 0.172653 0.135469
vt 0.172611 0.136217
vt 0.172370 0.135473
vt 0.209608 0.132771
vt 0.209828 0.132256
vt 0.209828 0.132887
vt 0.176405 0.126039
vt 0.176183 0.125088
vt 0.176287 0.125028
vt 0.182445 0.133863
vt 0.182615 0.133326
vt 0.203242 0.134590
vt 0.203643 0.133512
vt 0.203643 0.134751
vt 0.173303 0.125472
vt 0.172893 0.125073
vt 0.172926 0.125036
vt 0.195978 0.117184
vt 0.195619 0.116049
vt 0.195978 0.116017
vt 0.206518 0.088512
vt 0.207005 0.089393
vt 0.206198 0.088797
vt 0.177087 0.123741
vt 0.176730 0.122974
vt 0.176907 0.122905
vt 0.209729 0.125028
vt 0.209450 0.124187
vt 0.209621 0.124120
vt 0.200587 0.125377
vt 0.200259 0.124908
vt 0.200483 0.124926
vt 0.189544 0.089886
vt 0.189241 0.089220
vt 0.189341 0.089189
vt 0.196747 0.111546
vt 0.196481 0.112424
vt 0.196107 0.111595
vt 0.187637 0.125148
vt 0.187634 0.124133
vt 0.187983 0.125145
vt 0.172989 0.125547
vt 0.173191 0.125533
vt 0.189683 0.130331
vt 0.190031 0.129651
vt 0.190031 0.130518
vt 0.180494 0.141325
vt 0.180347 0.140794
vt 0.180392 0.140777
vt 0.182049 0.140739
vt 0.180849 0.140514
vt 0.207179 0.134565
vt 0.207431 0.133792
vt 0.207431 0.134654
vt 0.193935 0.133630
vt 0.194529 0.133690
vt 0.193832 0.133985
vt 0.178085 0.117820
vt 0.178346 0.117798
vt 0.206867 0.122696
vt 0.206837 0.121747
vt 0.206854 0.121778
vt 0.202331 0.135833
vt 0.203201 0.135935
vt 0.202197 0.136157
vt 0.194591 0.119656
vt 0.194258 0.119185
vt 0.194302 0.119141
vt 0.179833 0.135842
vt 0.179002 0.136203
vt 0.178989 0.136101
vt 0.200953 0.095119
vt 0.201307 0.094381
vt 0.201301 0.095209
vt 0.203113 0.090297
vt 0.203540 0.091158
vt 0.202708 0.090366
vt 0.194565 0.119712
vt 0.194185 0.119215
vt 0.166397 0.098063
vt 0.166132 0.097127
vt 0.166731 0.098093
vt 0.189813 0.086568
vt 0.190120 0.085923
vt 0.190139 0.086763
vt 0.184584 0.079389
vt 0.183758 0.080317
vt 0.197695 0.099000
vt 0.197728 0.097896
vt 0.175095 0.119217
vt 0.174888 0.118648
vt 0.175030 0.118610
vt 0.187638 0.109562
vt 0.186904 0.109762
vt 0.187525 0.109306
vt 0.195055 0.099209
vt 0.195205 0.098055
vt 0.195292 0.098072
vt 0.186859 0.116541
vt 0.187293 0.115933
vt 0.187197 0.116988
vt 0.186163 0.106911
vt 0.185402 0.107619
vt 0.185890 0.106571
vt 0.195345 0.116782
vt 0.195612 0.117641
vt 0.195441 0.117642
vt 0.185659 0.115330
vt 0.185811 0.116530
vt 0.185432 0.115321
vt 0.181261 0.096299
vt 0.180701 0.095822
vt 0.179748 0.125605
vt 0.179649 0.125648
vt 0.214637 0.129196
vt 0.214726 0.129132
vt 0.214726 0.129245
vt 0.201633 0.135527
vt 0.201802 0.135698
vt 0.201633 0.135698
vt 0.201835 0.143605
vt 0.201975 0.143775
vt 0.201835 0.143777
vt 0.182152 0.124128
vt 0.181966 0.124535
vt 0.181966 0.124062
vt 0.181427 0.130332
vt 0.181606 0.130534
vt 0.181427 0.130534
vt 0.179958 0.091155
vt 0.180076 0.091063
vt 0.179649 0.125494
vt 0.214447 0.111768
vt 0.214379 0.111672
vt 0.214450 0.111664
vt 0.216977 0.125712
vt 0.217073 0.125623
vt 0.217074 0.125728
vt 0.181573 0.076626
vt 0.181641 0.076591
vt 0.176185 0.124968
vt 0.176285 0.124929
vt 0.183143 0.128189
vt 0.183005 0.128346
vt 0.183005 0.128186
vt 0.194998 0.129502
vt 0.194822 0.129296
vt 0.194998 0.129203
vt 0.182112 0.145045
vt 0.181967 0.145180
vt 0.181967 0.145034
vt 0.193022 0.120165
vt 0.193261 0.120052
vt 0.185355 0.107753
vt 0.185488 0.107725
vt 0.185453 0.107841
vt 0.221421 0.126021
vt 0.221378 0.125994
vt 0.221421 0.125944
vt 0.183930 0.128616
vt 0.183743 0.128442
vt 0.183930 0.128418
vt 0.205344 0.127877
vt 0.205432 0.127710
vt 0.205432 0.127892
vt 0.201523 0.121260
vt 0.201617 0.121166
vt 0.201617 0.121406
vt 0.185838 0.122200
vt 0.185992 0.122554
vt 0.185838 0.122556
vt 0.195008 0.119390
vt 0.195068 0.119330
vt 0.181351 0.097164
vt 0.181395 0.097081
vt 0.196755 0.091271
vt 0.196633 0.091142
vt 0.196714 0.091141
vt 0.216719 0.116299
vt 0.216775 0.116212
vt 0.216775 0.116338
vt 0.212962 0.116921
vt 0.212984 0.116863
vt 0.173038 0.078041
vt 0.173018 0.078110
vt 0.180350 0.115369
vt 0.180250 0.115284
vt 0.180354 0.115284
vt 0.180674 0.145362
vt 0.180747 0.145230
vt 0.180747 0.145421
vt 0.180837 0.138401
vt 0.180674 0.138588
vt 0.180674 0.138401
vt 0.217754 0.117194
vt 0.217719 0.117081
vt 0.217769 0.117104
vt 0.179786 0.125491
vt 0.179786 0.125642
vt 0.186052 0.146712
vt 0.185986 0.146564
vt 0.186045 0.146572
vt 0.192309 0.120269
vt 0.191629 0.119949
vt 0.183986 0.121419
vt 0.184972 0.122450
vt 0.184212 0.122484
vt 0.167235 0.089107
vt 0.165628 0.089074
vt 0.166130 0.087853
vt 0.178759 0.132561
vt 0.183774 0.102045
vt 0.183146 0.100865
vt 0.183751 0.101024
vt 0.164272 0.084543
vt 0.163166 0.084860
vt 0.163598 0.083742
vt 0.183754 0.121209
vt 0.183104 0.120424
vt 0.183754 0.119537
vt 0.197103 0.121179
vt 0.196553 0.121005
vt 0.188483 0.117563
vt 0.180301 0.094339
vt 0.180804 0.095174
vt 0.180562 0.095227
vt 0.182636 0.142169
vt 0.181693 0.142963
vt 0.181774 0.142356
vt 0.183228 0.095922
vt 0.182814 0.095309
vt 0.183239 0.095168
vt 0.171560 0.096802
vt 0.171992 0.095805
vt 0.172495 0.096523
vt 0.183636 0.095268
vt 0.183897 0.096119
vt 0.172862 0.096273
vt 0.172240 0.095647
vt 0.175992 0.128991
vt 0.175421 0.129309
vt 0.175421 0.128913
vt 0.186212 0.120207
vt 0.185781 0.120790
vt 0.185781 0.119861
vt 0.182406 0.125546
vt 0.182835 0.126265
vt 0.182406 0.126230
vt 0.178642 0.126944
vt 0.178150 0.126685
vt 0.178642 0.126160
vt 0.184806 0.130846
vt 0.185460 0.130456
vt 0.185488 0.130846
vt 0.173720 0.126647
vt 0.173380 0.126181
vt 0.173550 0.126123
vt 0.194484 0.129367
vt 0.194374 0.129622
vt 0.194374 0.116172
vt 0.194025 0.116677
vt 0.193389 0.115982
vt 0.193120 0.133563
vt 0.179804 0.119037
vt 0.180504 0.119755
vt 0.180009 0.119754
vt 0.166206 0.099856
vt 0.165137 0.099499
vt 0.165618 0.099246
vt 0.172892 0.133023
vt 0.177226 0.137331
vt 0.177762 0.136614
vt 0.177767 0.137187
vt 0.198574 0.104260
vt 0.187976 0.137932
vt 0.163448 0.105043
vt 0.162067 0.105375
vt 0.162506 0.104714
vt 0.167120 0.123550
vt 0.166440 0.122892
vt 0.167120 0.122036
vt 0.172956 0.079655
vt 0.173516 0.079794
vt 0.171893 0.127289
vt 0.172349 0.126745
vt 0.175765 0.117737
vt 0.175533 0.119019
vt 0.174785 0.118575
vt 0.175217 0.120425
vt 0.175582 0.119859
vt 0.184102 0.130274
vt 0.184047 0.129837
vt 0.184995 0.129562
vt 0.187889 0.119601
vt 0.188426 0.119609
vt 0.178425 0.118278
vt 0.177571 0.116263
vt 0.176745 0.115677
vt 0.177566 0.115342
vt 0.201356 0.135963
vt 0.200928 0.135142
vt 0.201356 0.134560
vt 0.182830 0.123584
vt 0.182498 0.122953
vt 0.182808 0.122905
vt 0.186648 0.062467
vt 0.186684 0.062611
vt 0.189838 0.104808
vt 0.190441 0.104287
vt 0.190830 0.105351
vt 0.186834 0.062804
vt 0.195623 0.139587
vt 0.196139 0.140555
vt 0.195760 0.140537
vt 0.187114 0.105114
vt 0.186480 0.106235
vt 0.186100 0.105759
vt 0.189575 0.061713
vt 0.190589 0.060829
vt 0.189464 0.062158
vt 0.189929 0.126957
vt 0.190860 0.126309
vt 0.190994 0.126755
vt 0.189041 0.108457
vt 0.188077 0.108964
vt 0.187904 0.108601
vt 0.204311 0.129299
vt 0.203271 0.128841
vt 0.204311 0.128035
vt 0.180617 0.128035
vt 0.181656 0.128826
vt 0.180617 0.129360
vt 0.203553 0.103343
vt 0.203598 0.103690
vt 0.180417 0.120027
vt 0.179443 0.119147
vt 0.200878 0.107908
vt 0.191275 0.111923
vt 0.191173 0.113270
vt 0.190612 0.112957
vt 0.179823 0.092367
vt 0.180419 0.092594
vt 0.197090 0.115382
vt 0.195987 0.115782
vt 0.195922 0.114837
vt 0.196062 0.110578
vt 0.195438 0.111141
vt 0.173975 0.129701
vt 0.173143 0.128868
vt 0.173975 0.128035
vt 0.180362 0.126693
vt 0.181260 0.125942
vt 0.181264 0.126588
vt 0.174983 0.132369
vt 0.175773 0.133478
vt 0.175265 0.133467
vt 0.188801 0.130592
vt 0.189381 0.129783
vt 0.189385 0.130380
vt 0.175144 0.134109
vt 0.175831 0.133367
vt 0.176817 0.134109
vt 0.181930 0.099259
vt 0.182143 0.098773
vt 0.187482 0.128927
vt 0.187994 0.129911
vt 0.187632 0.129910
vt 0.185189 0.093331
vt 0.185618 0.092756
vt 0.188854 0.130031
vt 0.181990 0.077992
vt 0.200400 0.096272
vt 0.201076 0.095926
vt 0.201538 0.096710
vt 0.189454 0.090732
vt 0.190026 0.090409
vt 0.198462 0.105317
vt 0.198160 0.104467
vt 0.198342 0.104457
vt 0.185529 0.125086
vt 0.185128 0.125205
vt 0.185128 0.124321
vt 0.196222 0.129851
vt 0.195646 0.129678
vt 0.196222 0.129106
vt 0.186959 0.134324
vt 0.187365 0.134366
vt 0.187314 0.134539
vt 0.187171 0.134797
vt 0.187429 0.134818
vt 0.212101 0.119260
vt 0.212303 0.119479
vt 0.212107 0.119704
vt 0.183399 0.140861
vt 0.182886 0.140482
vt 0.192793 0.131091
vt 0.192265 0.131451
vt 0.192265 0.130290
vt 0.196261 0.090830
vt 0.197563 0.091378
vt 0.196968 0.091569
vt 0.182800 0.140145
vt 0.201996 0.088668
vt 0.201701 0.089759
vt 0.201109 0.088872
vt 0.180931 0.136215
vt 0.180741 0.135823
vt 0.188149 0.140912
vt 0.188925 0.140563
vt 0.188981 0.140912
vt 0.192664 0.127969
vt 0.192041 0.128743
vt 0.191426 0.127519
vt 0.205073 0.087323
vt 0.206066 0.087570
vt 0.205712 0.088055
vt 0.172081 0.133841
vt 0.172477 0.134642
vt 0.172081 0.134646
vt 0.179652 0.131967
vt 0.182464 0.141168
vt 0.183410 0.142188
vt 0.188500 0.126808
vt 0.187809 0.126059
vt 0.188328 0.126055
vt 0.181808 0.125385
vt 0.184489 0.113305
vt 0.185260 0.112370
vt 0.184297 0.112518
vt 0.173762 0.123392
vt 0.174346 0.122899
vt 0.175075 0.123392
vt 0.195287 0.069017
vt 0.194975 0.067999
vt 0.196191 0.068316
vt 0.182341 0.112321
vt 0.182723 0.112431
vt 0.201146 0.125402
vt 0.200946 0.126052
vt 0.185414 0.114695
vt 0.185081 0.114678
vt 0.202586 0.132172
vt 0.202551 0.132660
vt 0.185681 0.120518
vt 0.189940 0.072822
vt 0.189448 0.071928
vt 0.190559 0.071983
vt 0.178799 0.129329
vt 0.179019 0.129052
vt 0.199004 0.119851
vt 0.199701 0.119753
vt 0.199714 0.119866
vt 0.186048 0.080432
vt 0.185473 0.079299
vt 0.186614 0.079672
vt 0.200622 0.139892
vt 0.200625 0.140447
vt 0.193862 0.100948
vt 0.194515 0.099873
vt 0.182749 0.082230
vt 0.183086 0.080968
vt 0.183505 0.081366
vt 0.189472 0.123445
vt 0.189735 0.122130
vt 0.190620 0.123445
vt 0.180808 0.102047
vt 0.181883 0.100943
vt 0.181861 0.101338
vt 0.198023 0.099924
vt 0.198316 0.099862
vt 0.185346 0.135877
vt 0.186336 0.136497
vt 0.185346 0.136899
vt 0.191575 0.126233
vt 0.192137 0.125241
vt 0.192912 0.126233
vt 0.195549 0.134751
vt 0.196503 0.134496
vt 0.196600 0.134751
vt 0.180610 0.074866
vt 0.180131 0.073582
vt 0.180891 0.074152
vt 0.185585 0.123097
vt 0.184732 0.121990
vt 0.202074 0.100859
vt 0.180593 0.105370
vt 0.181134 0.105595
vt 0.183536 0.121378
vt 0.205991 0.104326
vt 0.206475 0.104885
vt 0.188540 0.098724
vt 0.189541 0.097915
vt 0.189545 0.098578
vt 0.174774 0.071470
vt 0.175664 0.071010
vt 0.175922 0.071937
vt 0.201770 0.135888
vt 0.184861 0.119015
vt 0.188507 0.075825
vt 0.187645 0.074833
vt 0.188761 0.075105
vt 0.173373 0.098438
vt 0.174083 0.097913
vt 0.174087 0.098328
vt 0.185853 0.124489
vt 0.181307 0.104658
vt 0.182855 0.120150
vt 0.183363 0.120012
vt 0.178398 0.115475
vt 0.178903 0.114559
vt 0.179059 0.115612
vt 0.166043 0.099114
vt 0.166539 0.099354
vt 0.192065 0.124371
vt 0.197595 0.100173
vt 0.194784 0.099112
vt 0.190299 0.120449
vt 0.190648 0.119963
vt 0.190648 0.120792
vt 0.181898 0.099029
vt 0.181501 0.098253
vt 0.178837 0.128681
vt 0.182716 0.134747
vt 0.182699 0.134094
vt 0.184755 0.078857
vt 0.184999 0.078519
vt 0.201399 0.140063
vt 0.205711 0.117519
vt 0.205457 0.116900
vt 0.205711 0.116846
vt 0.186969 0.075145
vt 0.174703 0.098013
vt 0.203481 0.132409
vt 0.193636 0.137261
vt 0.189145 0.072304
vt 0.174308 0.122036
vt 0.174609 0.122039
vt 0.194177 0.067871
vt 0.203003 0.140230
vt 0.203309 0.139767
vt 0.203309 0.140482
vt 0.181352 0.126089
vt 0.183941 0.112529
vt 0.184276 0.112432
vt 0.170162 0.105007
vt 0.169594 0.104101
vt 0.179586 0.132577
vt 0.182227 0.140196
vt 0.202382 0.089658
vt 0.179956 0.136081
vt 0.180731 0.133786
vt 0.180346 0.133231
vt 0.180555 0.133043
vt 0.192372 0.128867
vt 0.182349 0.140972
vt 0.197902 0.091455
vt 0.214609 0.135432
vt 0.214749 0.134812
vt 0.214749 0.135481
vt 0.205478 0.125404
vt 0.205783 0.124986
vt 0.205783 0.125610
vt 0.193125 0.134461
vt 0.181653 0.077424
vt 0.194615 0.120274
vt 0.194350 0.119763
vt 0.207563 0.115748
vt 0.207456 0.115328
vt 0.207563 0.115302
vt 0.184806 0.138025
vt 0.185073 0.137488
vt 0.185073 0.137977
vt 0.205798 0.133334
vt 0.205958 0.132944
vt 0.205958 0.133645
vt 0.186842 0.117311
vt 0.187293 0.117587
vt 0.194185 0.127185
vt 0.194704 0.127477
vt 0.194185 0.127773
vt 0.175541 0.132720
vt 0.181635 0.098708
vt 0.195956 0.116799
vt 0.191919 0.071127
vt 0.191528 0.070398
vt 0.191919 0.070328
vt 0.175421 0.122198
vt 0.175807 0.121191
vt 0.176068 0.122271
vt 0.175069 0.127459
vt 0.174683 0.126894
vt 0.175069 0.126794
vt 0.201438 0.108298
vt 0.205191 0.144695
vt 0.205477 0.144048
vt 0.205610 0.144695
vt 0.195458 0.124637
vt 0.195889 0.123873
vt 0.195950 0.124637
vt 0.187194 0.119821
vt 0.187018 0.119298
vt 0.189611 0.087287
vt 0.190139 0.087497
vt 0.183110 0.132650
vt 0.183378 0.133210
vt 0.179665 0.101701
vt 0.179043 0.101213
vt 0.182325 0.134575
vt 0.182615 0.134595
vt 0.185673 0.128377
vt 0.185936 0.127659
vt 0.185947 0.128415
vt 0.178003 0.118292
vt 0.200691 0.125829
vt 0.200245 0.125368
vt 0.200612 0.135054
vt 0.200593 0.134812
vt 0.174856 0.119597
vt 0.190106 0.122645
vt 0.189683 0.122335
vt 0.179427 0.130304
vt 0.179983 0.130650
vt 0.165899 0.123187
vt 0.165902 0.122781
vt 0.171505 0.126638
vt 0.175950 0.118468
vt 0.195515 0.133945
vt 0.195909 0.133377
vt 0.196043 0.134135
vt 0.198175 0.103435
vt 0.198599 0.103348
vt 0.188538 0.137347
vt 0.172902 0.133724
vt 0.173122 0.126250
vt 0.194400 0.116894
vt 0.194205 0.116759
vt 0.193465 0.128468
vt 0.193222 0.127957
vt 0.193465 0.127912
vt 0.171487 0.095914
vt 0.183490 0.094581
vt 0.183671 0.094618
vt 0.181396 0.130042
vt 0.181843 0.130042
vt 0.195927 0.117553
vt 0.195605 0.117020
vt 0.194915 0.120339
vt 0.195188 0.120424
vt 0.180158 0.095298
vt 0.195180 0.116260
vt 0.194766 0.115765
vt 0.186966 0.126762
vt 0.187150 0.127343
vt 0.184615 0.123261
vt 0.166135 0.089615
vt 0.186319 0.120226
vt 0.185673 0.120558
vt 0.185673 0.119934
vt 0.198538 0.133687
vt 0.198965 0.132896
vt 0.199156 0.133814
vt 0.182403 0.120690
vt 0.182405 0.120263
vt 0.190267 0.100420
vt 0.191999 0.104448
vt 0.190860 0.105014
vt 0.192716 0.130846
vt 0.188801 0.134651
vt 0.184039 0.122575
vt 0.181891 0.118505
vt 0.185661 0.121327
vt 0.194848 0.130860
vt 0.196643 0.133818
vt 0.202040 0.119446
vt 0.199246 0.119461
vt 0.177762 0.115445
vt 0.190276 0.108509
vt 0.191849 0.113763
vt 0.190333 0.113797
vt 0.196565 0.137148
vt 0.197834 0.139670
vt 0.200765 0.139678
vt 0.197604 0.140034
vt 0.194681 0.139325
vt 0.194443 0.140390
vt 0.195212 0.119158
vt 0.193874 0.136266
vt 0.191715 0.137115
vt 0.191660 0.135695
vt 0.196457 0.087937
vt 0.199396 0.092509
vt 0.203239 0.137182
vt 0.200464 0.137170
vt 0.190814 0.140774
vt 0.205213 0.135503
vt 0.205620 0.117979
vt 0.194140 0.137131
vt 0.193290 0.118612
vt 0.185239 0.113125
vt 0.185757 0.107907
vt 0.187075 0.105415
vt 0.188307 0.106140
vt 0.203758 0.131964
vt 0.178659 0.110872
vt 0.193255 0.083783
vt 0.197254 0.086620
vt 0.195153 0.087389
vt 0.188966 0.136161
vt 0.182054 0.112986
vt 0.177692 0.117582
vt 0.181045 0.113733
vt 0.181593 0.114581
vt 0.191646 0.099717
vt 0.193361 0.104420
vt 0.195386 0.076224
vt 0.197464 0.073435
vt 0.200381 0.076134
vt 0.196479 0.079808
vt 0.200866 0.082298
vt 0.196368 0.083564
vt 0.189150 0.084595
vt 0.192268 0.080410
vt 0.192841 0.084691
vt 0.187876 0.073557
vt 0.191695 0.076128
vt 0.188168 0.077256
vt 0.185436 0.075153
vt 0.183243 0.078583
vt 0.185460 0.084499
vt 0.188058 0.081011
vt 0.194293 0.072641
vt 0.183847 0.081613
vt 0.200689 0.079207
vt 0.187072 0.087385
vt 0.190371 0.089137
vt 0.199644 0.086084
vt 0.174923 0.141709
vt 0.174693 0.140282
vt 0.194675 0.089344
vt 0.195708 0.094602
vt 0.193589 0.094770
vt 0.188993 0.083264
vt 0.183048 0.087051
vt 0.181438 0.085175
vt 0.191766 0.097129
vt 0.198343 0.106392
vt 0.190151 0.096924
vt 0.195762 0.105637
vt 0.195449 0.114862
vt 0.194736 0.105234
vt 0.192989 0.120693
vt 0.191549 0.120692
vt 0.188086 0.126812
vt 0.187391 0.134943
vt 0.186971 0.126607
vt 0.184357 0.089178
vt 0.190957 0.119737
vt 0.192510 0.123573
vt 0.191334 0.124065
vt 0.173909 0.125759
vt 0.175432 0.134683
vt 0.174024 0.134797
vt 0.172786 0.136061
vt 0.163338 0.136902
vt 0.163152 0.136121
vt 0.187649 0.101950
vt 0.190436 0.106531
vt 0.188200 0.106416
vt 0.173290 0.134502
vt 0.172890 0.125179
vt 0.177843 0.118504
vt 0.171488 0.119251
vt 0.171227 0.118187
vt 0.184670 0.106923
vt 0.186165 0.098003
vt 0.186091 0.106763
vt 0.185822 0.127645
vt 0.186176 0.135411
vt 0.186224 0.089707
vt 0.184240 0.094557
vt 0.183977 0.090634
vt 0.185232 0.116823
vt 0.189670 0.115617
vt 0.187604 0.109328
vt 0.191355 0.106871
vt 0.188983 0.111373
vt 0.181502 0.091726
vt 0.181791 0.094709
vt 0.197970 0.082461
vt 0.197931 0.078077
vt 0.182616 0.124404
vt 0.180082 0.118208
vt 0.179157 0.119439
vt 0.184999 0.114746
vt 0.180818 0.120815
vt 0.192283 0.135685
vt 0.184981 0.136027
vt 0.192232 0.134240
vt 0.205393 0.131834
vt 0.207578 0.132234
vt 0.207072 0.133419
vt 0.193455 0.107322
vt 0.191686 0.107421
vt 0.191608 0.085392
vt 0.193532 0.087504
vt 0.191354 0.076612
vt 0.190673 0.107997
vt 0.190095 0.110466
vt 0.183191 0.115022
vt 0.189948 0.106767
vt 0.184388 0.135029
vt 0.191192 0.132980
vt 0.182538 0.136616
vt 0.181327 0.143094
vt 0.181390 0.136641
vt 0.201227 0.099407
vt 0.203269 0.107682
vt 0.199834 0.099999
vt 0.177841 0.089004
vt 0.180635 0.086561
vt 0.180740 0.086674
vt 0.191609 0.114744
vt 0.191280 0.109937
vt 0.191684 0.109928
vt 0.189682 0.132489
vt 0.190210 0.135016
vt 0.189961 0.135089
vt 0.183005 0.111190
vt 0.181047 0.119463
vt 0.180456 0.119423
vt 0.188292 0.110525
vt 0.187640 0.105162
vt 0.187994 0.105159
vt 0.181713 0.143085
vt 0.181589 0.143055
vt 0.190830 0.080623
vt 0.184455 0.075508
vt 0.191986 0.080206
vt 0.183701 0.076142
vt 0.182004 0.067882
vt 0.182137 0.067828
vt 0.190149 0.114709
vt 0.190831 0.114677
vt 0.189847 0.119126
vt 0.185609 0.122434
vt 0.185069 0.121997
vt 0.202509 0.098818
vt 0.204085 0.107644
vt 0.181651 0.129264
vt 0.181159 0.132572
vt 0.181159 0.129106
vt 0.182034 0.129649
vt 0.181390 0.132643
vt 0.192136 0.104367
vt 0.191133 0.098247
vt 0.191765 0.098073
vt 0.177993 0.102496
vt 0.177096 0.092564
vt 0.177950 0.092494
vt 0.193913 0.096944
vt 0.199607 0.106204
vt 0.189651 0.101154
vt 0.192465 0.106767
vt 0.204396 0.097995
vt 0.179336 0.102126
vt 0.178694 0.092233
vt 0.188118 0.096142
vt 0.194206 0.086314
vt 0.195644 0.086503
vt 0.202442 0.099506
vt 0.186909 0.098312
vt 0.187434 0.107189
vt 0.190067 0.120809
vt 0.177810 0.117338
vt 0.171533 0.117004
vt 0.196825 0.105875
vt 0.196075 0.114964
vt 0.172541 0.135138
vt 0.163151 0.135554
vt 0.186542 0.096321
vt 0.192691 0.086122
vt 0.192156 0.119592
vt 0.193581 0.123783
vt 0.183425 0.141754
vt 0.192673 0.088532
vt 0.191367 0.094880
vt 0.185742 0.110632
vt 0.189027 0.082898
vt 0.206084 0.130497
vt 0.187064 0.113370
vt 0.182032 0.119659
vt 0.180627 0.122305
vt 0.180631 0.119523
vt 0.190642 0.080949
vt 0.195012 0.081712
vt 0.183507 0.109441
vt 0.185143 0.106913
vt 0.179427 0.121801
vt 0.179427 0.118770
vt 0.176573 0.119931
vt 0.178457 0.122332
vt 0.180353 0.124563
vt 0.178483 0.131952
vt 0.176744 0.134104
vt 0.176333 0.131952
vt 0.208172 0.116267
vt 0.191313 0.105851
vt 0.199856 0.074846
vt 0.184727 0.086176
vt 0.202376 0.076948
vt 0.202760 0.080200
vt 0.195853 0.137211
vt 0.195347 0.138630
vt 0.188390 0.105162
vt 0.188253 0.100896
vt 0.188444 0.100910
vt 0.194689 0.115747
vt 0.195898 0.119903
vt 0.195604 0.119959
vt 0.186130 0.122843
vt 0.183614 0.126218
vt 0.191081 0.105846
vt 0.191251 0.105871
vt 0.190609 0.112186
vt 0.194043 0.116042
vt 0.189576 0.113083
vt 0.189055 0.110446
vt 0.190600 0.120232
vt 0.191491 0.111417
vt 0.180950 0.086777
vt 0.194889 0.079541
vt 0.195047 0.080775
vt 0.194889 0.080776
vt 0.182587 0.093027
vt 0.181745 0.092058
vt 0.182797 0.092919
vt 0.181206 0.134084
vt 0.178771 0.089346
vt 0.181151 0.086806
vt 0.184778 0.095547
vt 0.185015 0.095260
vt 0.185489 0.095001
vt 0.178317 0.089254
vt 0.201593 0.113652
vt 0.200920 0.113302
vt 0.181882 0.125570
vt 0.179643 0.119378
vt 0.192503 0.122784
vt 0.192665 0.115991
vt 0.193304 0.116046
vt 0.182568 0.125218
vt 0.181600 0.110600
vt 0.192744 0.129897
vt 0.193709 0.129691
vt 0.177949 0.113349
vt 0.178951 0.105895
vt 0.178790 0.113245
vt 0.191281 0.104726
vt 0.190536 0.097997
vt 0.184717 0.075151
vt 0.182855 0.074326
vt 0.184182 0.075808
vt 0.184093 0.075859
vt 0.181479 0.144876
vt 0.190776 0.117219
vt 0.189027 0.118069
vt 0.190467 0.116906
vt 0.184713 0.075210
vt 0.193072 0.079791
vt 0.197390 0.112290
vt 0.196489 0.111852
vt 0.190261 0.116595
vt 0.181699 0.076306
vt 0.183027 0.076383
vt 0.191904 0.111670
vt 0.190465 0.118734
vt 0.190496 0.111540
vt 0.198688 0.112739
vt 0.189767 0.111586
vt 0.189800 0.118681
vt 0.182538 0.130931
vt 0.183167 0.136623
vt 0.181327 0.130838
vt 0.183846 0.104064
vt 0.187565 0.108225
vt 0.182078 0.104371
vt 0.201020 0.115108
vt 0.195852 0.117940
vt 0.194585 0.117225
vt 0.188988 0.120218
vt 0.189315 0.114708
vt 0.190196 0.120308
vt 0.186074 0.108667
vt 0.180069 0.104880
vt 0.199241 0.114150
vt 0.193278 0.116448
vt 0.188910 0.126588
vt 0.190594 0.120396
vt 0.189992 0.126748
vt 0.187671 0.114708
vt 0.188447 0.114654
vt 0.191227 0.126644
vt 0.191480 0.120330
vt 0.195273 0.120047
vt 0.195682 0.120696
vt 0.195167 0.120095
vt 0.183293 0.126826
vt 0.183321 0.126055
vt 0.183898 0.126367
vt 0.183946 0.126376
vt 0.191446 0.105855
vt 0.160415 0.136194
vt 0.160246 0.135813
vt 0.185941 0.094949
vt 0.196805 0.115043
vt 0.196356 0.118418
vt 0.160444 0.136719
vt 0.195926 0.118204
vt 0.179370 0.136086
vt 0.179089 0.135177
vt 0.196841 0.093117
vt 0.195644 0.097095
vt 0.195922 0.092781
vt 0.180605 0.114174
vt 0.184841 0.109745
vt 0.186195 0.109221
vt 0.183427 0.109710
vt 0.178486 0.118723
vt 0.179249 0.113614
vt 0.179994 0.137115
vt 0.194635 0.096652
vt 0.194806 0.092058
vt 0.193552 0.111246
vt 0.193709 0.111298
vt 0.183133 0.124930
vt 0.187319 0.127986
vt 0.196576 0.116407
vt 0.196533 0.116236
vt 0.182127 0.118005
vt 0.182736 0.122244
vt 0.182591 0.122197
vt 0.181546 0.112167
vt 0.181514 0.118020
vt 0.191319 0.122429
vt 0.191816 0.122703
vt 0.182204 0.112146
vt 0.182695 0.118033
vt 0.202199 0.113971
vt 0.188884 0.107927
vt 0.191317 0.121283
vt 0.189822 0.120291
vt 0.187607 0.110446
vt 0.195298 0.116648
vt 0.196568 0.116448
vt 0.196471 0.116055
vt 0.182438 0.122238
vt 0.182687 0.123230
vt 0.182348 0.122380
vt 0.187252 0.128169
vt 0.188447 0.128463
vt 0.187199 0.128243
vt 0.192117 0.115943
vt 0.191967 0.131108
vt 0.190407 0.130880
vt 0.168935 0.143959
vt 0.169157 0.142379
vt 0.206792 0.106448
vt 0.204289 0.106426
vt 0.176282 0.093894
vt 0.168604 0.140926
vt 0.209221 0.106355
vt 0.178784 0.094450
vt 0.191684 0.138032
vt 0.188733 0.129155
vt 0.187898 0.120308
vt 0.188661 0.137959
vt 0.190089 0.138384
vt 0.190283 0.129504
vt 0.202743 0.115979
vt 0.180971 0.095269
vt 0.193105 0.119586
vt 0.186319 0.094463
vt 0.185472 0.119214
vt 0.196485 0.090108
vt 0.190392 0.114522
vt 0.191591 0.115013
vt 0.178571 0.121123
vt 0.179687 0.113571
vt 0.179687 0.121755
vt 0.192659 0.114337
vt 0.184220 0.111828
vt 0.181184 0.114962
vt 0.187993 0.107858
vt 0.179888 0.101524
vt 0.186765 0.108477
vt 0.184757 0.096182
vt 0.184340 0.077949
vt 0.183295 0.087691
vt 0.183343 0.077041
vt 0.191317 0.115610
vt 0.190267 0.115870
vt 0.192861 0.115641
vt 0.185648 0.078173
vt 0.184497 0.088160
vt 0.711538 0.414508
vt 0.699174 0.415123
vt 0.699155 0.413921
vt 0.698807 0.416583
vt 0.701738 0.416202
vt 0.703351 0.417209
vt 0.703230 0.418460
vt 0.698807 0.418853
vt 0.698756 0.420073
vt 0.711512 0.416523
vt 0.708276 0.417107
vt 0.710937 0.413078
vt 0.711548 0.415303
vt 0.704182 0.414179
vt 0.703808 0.415084
vt 0.698808 0.417454
vt 0.699164 0.416315
vt 0.703501 0.415968
vt 0.696066 0.417913
vt 0.698890 0.417644
vt 0.159729 0.114969
vt 0.210955 0.072060
vt 0.166810 0.121700
vt 0.203873 0.065328
vt 0.185616 0.083695
vt 0.182148 0.111040
vt 0.181418 0.113397
vt 0.168855 0.098171
vt 0.205710 0.099205
vt 0.181261 0.116846
vt 0.181600 0.118149
vt 0.193485 0.094560
vt 0.185736 0.103341
vt 0.175280 0.092491
vt 0.186662 0.080737
vt 0.193917 0.092266
vt 0.197343 0.090519
vt 0.181119 0.078598
vt 0.181945 0.081537
vt 0.169542 0.090154
vt 0.170408 0.091239
vt 0.169331 0.090792
vt 0.182050 0.128410
vt 0.182736 0.106042
vt 0.182177 0.110295
vt 0.173158 0.096904
vt 0.172781 0.097157
vt 0.197260 0.095030
vt 0.187695 0.104818
vt 0.187708 0.105861
vt 0.192186 0.112545
vt 0.711807 0.416640
vt 0.711857 0.415337
vt 0.696682 0.396129
vt 0.703552 0.414831
vt 0.703223 0.415816
vt 0.700034 0.399315
vt 0.692951 0.404448
vt 0.693230 0.405736
vt 0.692951 0.405766
vt 0.698308 0.402412
vt 0.699202 0.401640
vt 0.699493 0.401825
vt 0.699825 0.398035
vt 0.698960 0.397047
vt 0.699201 0.396774
vt 0.711257 0.412883
vt 0.699497 0.398185
vt 0.697776 0.396674
vt 0.711870 0.414390
vt 0.699617 0.400471
vt 0.699427 0.415031
vt 0.711408 0.417658
vt 0.697027 0.402692
vt 0.698113 0.402160
vt 0.160060 0.075609
vt 0.208958 0.104588
vt 0.210955 0.111589
vt 0.166167 0.068752
vt 0.204848 0.118446
vt 0.160650 0.120872
vt 0.208706 0.080719
vt 0.209025 0.066497
vt 0.162737 0.106099
vt 0.209413 0.117111
vt 0.160791 0.070679
vt 0.180711 0.114361
vt 0.208235 0.082016
vt 0.179411 0.074011
vt 0.193280 0.093673
vt 0.184891 0.132808
vt 0.182891 0.133407
vt 0.182886 0.106595
vt 0.169417 0.097907
vt 0.204853 0.098168
vt 0.189331 0.109035
vt 0.188317 0.105607
vt 0.196516 0.094717
vt 0.182911 0.084339
vt 0.172853 0.091945
vt 0.172648 0.092610
vt 0.170576 0.090579
vt 0.172541 0.092416
vt 0.181398 0.077681
vt 0.208569 0.103737
vt 0.165457 0.100430
vt 0.205640 0.086428
vt 0.689504 0.391092
vt 0.691711 0.388930
vt 0.692175 0.389876
vt 0.703445 0.388432
vt 0.700933 0.387775
vt 0.704027 0.387505
vt 0.692069 0.387475
vt 0.687040 0.385780
vt 0.691488 0.387245
vt 0.692299 0.409629
vt 0.694908 0.409974
vt 0.691894 0.410517
vt 0.706384 0.389471
vt 0.708542 0.391813
vt 0.707633 0.392425
vt 0.689345 0.408599
vt 0.687366 0.406211
vt 0.688112 0.405648
vt 0.710140 0.410840
vt 0.711631 0.409254
vt 0.710925 0.411900
vt 0.706313 0.407054
vt 0.704291 0.409064
vt 0.703638 0.408287
vt 0.707281 0.404208
vt 0.708374 0.402303
vt 0.708226 0.404648
vt 0.688563 0.393935
vt 0.687861 0.396053
vt 0.687771 0.393354
vt 0.701322 0.394652
vt 0.702698 0.395962
vt 0.702011 0.396521
vt 0.703472 0.392442
vt 0.704863 0.394213
vt 0.704117 0.394816
vt 0.698041 0.393629
vt 0.700008 0.393412
vt 0.699459 0.394100
vt 0.701135 0.391987
vt 0.700138 0.389390
vt 0.701729 0.391235
vt 0.692087 0.398362
vt 0.691842 0.396570
vt 0.692359 0.397051
vt 0.690934 0.395737
vt 0.689484 0.397210
vt 0.690378 0.395224
vt 0.692886 0.395192
vt 0.694266 0.393851
vt 0.694639 0.394484
vt 0.691414 0.393427
vt 0.693203 0.392054
vt 0.693611 0.392744
vt 0.693058 0.403933
vt 0.691865 0.402550
vt 0.692369 0.402062
vt 0.691567 0.405794
vt 0.690249 0.404100
vt 0.690920 0.403455
vt 0.694920 0.404485
vt 0.695687 0.405990
vt 0.694553 0.405105
vt 0.693877 0.406267
vt 0.695333 0.408369
vt 0.693396 0.407092
vt 0.702218 0.400223
vt 0.702751 0.401937
vt 0.701998 0.401513
vt 0.703960 0.402613
vt 0.705983 0.401258
vt 0.704781 0.403079
vt 0.701472 0.403359
vt 0.700331 0.404648
vt 0.699729 0.404062
vt 0.703483 0.404908
vt 0.701966 0.406242
vt 0.701301 0.405594
vt 0.690872 0.406661
vt 0.692538 0.404582
vt 0.706384 0.395882
vt 0.704279 0.396840
vt 0.703644 0.397037
vt 0.702326 0.397892
vt 0.708422 0.395032
vt 0.706870 0.395764
vt 0.688811 0.409278
vt 0.684978 0.409318
vt 0.685573 0.406587
vt 0.685912 0.406022
vt 0.689007 0.402181
vt 0.690727 0.401361
vt 0.690943 0.401215
vt 0.692019 0.400709
vt 0.704238 0.391654
vt 0.702023 0.393931
vt 0.687317 0.403276
vt 0.688713 0.402322
vt 0.707095 0.388748
vt 0.704336 0.405565
vt 0.702240 0.403950
vt 0.694755 0.390851
vt 0.695304 0.392652
vt 0.695739 0.393025
vt 0.695880 0.394102
vt 0.707063 0.407617
vt 0.694503 0.388991
vt 0.694897 0.390343
vt 0.700381 0.407354
vt 0.699583 0.405872
vt 0.699228 0.405433
vt 0.698466 0.404434
vt 0.690832 0.392729
vt 0.692352 0.394552
vt 0.688927 0.390377
vt 0.701583 0.409100
vt 0.700534 0.407651
vt 0.709963 0.385382
vt 0.708230 0.383891
vt 0.710674 0.384394
vt 0.704062 0.410589
vt 0.708770 0.412480
vt 0.704699 0.410846
vt 0.699319 0.389931
vt 0.698660 0.391096
vt 0.698771 0.389614
vt 0.701315 0.419478
vt 0.702104 0.420801
vt 0.701265 0.420801
vt 0.695728 0.403170
vt 0.700560 0.399284
vt 0.700738 0.400781
vt 0.695332 0.395629
vt 0.699538 0.401925
vt 0.698697 0.403075
vt 0.699245 0.396693
vt 0.700575 0.397715
vt 0.699938 0.398004
vt 0.699561 0.393867
vt 0.698515 0.392678
vt 0.699018 0.392220
vt 0.699551 0.419123
vt 0.700619 0.420496
vt 0.699551 0.420153
vt 0.701076 0.399230
vt 0.698299 0.395538
vt 0.699829 0.396191
vt 0.699098 0.391246
vt 0.700155 0.402344
vt 0.696807 0.395303
vt 0.699561 0.388654
vt 0.699032 0.388110
vt 0.697218 0.403540
vt 0.685271 0.390564
vt 0.686020 0.393166
vt 0.684190 0.388985
vt 0.710893 0.407643
vt 0.710559 0.405679
vt 0.685551 0.387283
vt 0.688809 0.386591
vt 0.706836 0.384775
vt 0.704296 0.385442
vt 0.707349 0.411624
vt 0.689087 0.413226
vt 0.691374 0.412678
vt 0.687245 0.414368
vt 0.711558 0.387052
vt 0.710932 0.388668
vt 0.685585 0.412798
vt 0.683930 0.411220
vt 0.684277 0.414053
vt 0.710108 0.392213
vt 0.710351 0.391528
vt 0.684462 0.386653
vt 0.700287 0.388973
vt 0.699004 0.391584
vt 0.693439 0.400994
vt 0.692929 0.399452
vt 0.694185 0.402527
vt 0.696260 0.404700
vt 0.695311 0.408774
vt 0.706608 0.401514
vt 0.704221 0.400528
vt 0.693864 0.396364
vt 0.693283 0.397930
vt 0.690693 0.397898
vt 0.688917 0.396962
vt 0.705628 0.410056
vt 0.708720 0.402783
vt 0.709321 0.405920
vt 0.701989 0.409321
vt 0.708448 0.408920
vt 0.690651 0.411632
vt 0.687489 0.410758
vt 0.686392 0.407586
vt 0.694582 0.410357
vt 0.687053 0.403519
vt 0.686697 0.392062
vt 0.687523 0.388998
vt 0.690384 0.387923
vt 0.687371 0.395436
vt 0.693956 0.388648
vt 0.708616 0.394638
vt 0.709531 0.390434
vt 0.701208 0.387459
vt 0.705278 0.386391
vt 0.708394 0.387297
vt 0.686327 0.393601
vt 0.703799 0.385794
vt 0.710380 0.405256
vt 0.691876 0.412259
vt 0.180674 0.570742
vt 0.181155 0.572315
vt 0.180600 0.572354
vt 0.180075 0.570071
vt 0.182146 0.571522
vt 0.181624 0.571721
vt 0.181164 0.571191
vt 0.181127 0.569581
vt 0.181716 0.571214
vt 0.181788 0.571903
vt 0.183378 0.570297
vt 0.182327 0.572052
vt 0.180513 0.576664
vt 0.182000 0.578549
vt 0.180472 0.578573
vt 0.180674 0.570678
vt 0.180611 0.570729
vt 0.180597 0.570676
vt 0.180612 0.570623
vt 0.180674 0.570613
vt 0.178926 0.578476
vt 0.179008 0.576569
vt 0.181267 0.571704
vt 0.183338 0.570252
vt 0.180034 0.570116
vt 0.181086 0.571870
vt 0.182721 0.575701
vt 0.181234 0.577564
vt 0.181240 0.575722
vt 0.180737 0.570626
vt 0.180737 0.570732
vt 0.180751 0.570680
vt 0.180386 0.576226
vt 0.181589 0.578039
vt 0.180034 0.578080
vt 0.181001 0.569582
vt 0.180602 0.571222
vt 0.180040 0.572289
vt 0.179412 0.574398
vt 0.180542 0.574543
vt 0.181223 0.572911
vt 0.180088 0.572988
vt 0.182227 0.573721
vt 0.181163 0.574083
vt 0.180154 0.573439
vt 0.181185 0.573902
vt 0.182250 0.574264
vt 0.182338 0.572972
vt 0.183258 0.573258
vt 0.181663 0.574452
vt 0.182000 0.576640
vt 0.183369 0.576010
vt 0.181900 0.576185
vt 0.181513 0.576367
vt 0.183026 0.576407
vt 0.180043 0.576192
vt 0.179729 0.575722
vt 0.181354 0.571961
vt 0.180189 0.570123
vt 0.181766 0.570123
vt 0.183192 0.570796
vt 0.183192 0.572372
vt 0.182519 0.573798
vt 0.179517 0.573125
vt 0.180942 0.573798
vt 0.179681 0.577564
vt 0.181823 0.578220
vt 0.183099 0.577859
vt 0.180314 0.578040
vt 0.180674 0.570633
vt 0.181155 0.572206
vt 0.180600 0.572244
vt 0.178079 0.569770
vt 0.180150 0.571222
vt 0.179628 0.571421
vt 0.179813 0.572025
vt 0.179775 0.570415
vt 0.180365 0.572048
vt 0.180604 0.572000
vt 0.182194 0.570395
vt 0.181142 0.572149
vt 0.180513 0.576554
vt 0.182000 0.578440
vt 0.180472 0.578464
vt 0.180674 0.570568
vt 0.180611 0.570620
vt 0.180597 0.570566
vt 0.180612 0.570514
vt 0.180674 0.570503
vt 0.178926 0.578367
vt 0.179008 0.576459
vt 0.180082 0.571801
vt 0.182153 0.570350
vt 0.178038 0.569815
vt 0.179090 0.571570
vt 0.181369 0.576534
vt 0.179882 0.578398
vt 0.179889 0.576556
vt 0.180737 0.570517
vt 0.180737 0.570623
vt 0.180751 0.570570
vt 0.178390 0.575925
vt 0.179593 0.577738
vt 0.178038 0.577779
vt 0.179650 0.570416
vt 0.179250 0.572056
vt 0.180040 0.572179
vt 0.179412 0.574289
vt 0.180542 0.574433
vt 0.179872 0.573745
vt 0.178737 0.573822
vt 0.180231 0.573420
vt 0.179167 0.573782
vt 0.178970 0.573537
vt 0.180001 0.574000
vt 0.181065 0.574361
vt 0.180986 0.573806
vt 0.181262 0.572957
vt 0.181663 0.574342
vt 0.182000 0.576530
vt 0.181373 0.575709
vt 0.179904 0.575885
vt 0.180328 0.576464
vt 0.181842 0.576504
vt 0.178859 0.576289
vt 0.178378 0.576556
vt 0.180296 0.572465
vt 0.179131 0.570627
vt 0.180708 0.570627
vt 0.182134 0.571300
vt 0.182134 0.572876
vt 0.181461 0.574302
vt 0.178459 0.573629
vt 0.179884 0.574302
vt 0.178330 0.578398
vt 0.180639 0.578317
vt 0.181102 0.577558
vt 0.179129 0.578138
vt 0.181678 0.569568
vt 0.182159 0.571141
vt 0.181604 0.571180
vt 0.180335 0.569559
vt 0.182406 0.571011
vt 0.181884 0.571210
vt 0.180945 0.571833
vt 0.180907 0.570223
vt 0.181497 0.571856
vt 0.180069 0.571807
vt 0.181659 0.570202
vt 0.180607 0.571956
vt 0.181517 0.575489
vt 0.183004 0.577375
vt 0.181476 0.577399
vt 0.181678 0.569503
vt 0.181615 0.569555
vt 0.181601 0.569502
vt 0.181615 0.569449
vt 0.181678 0.569439
vt 0.179930 0.577302
vt 0.180012 0.575395
vt 0.179547 0.571608
vt 0.181618 0.570156
vt 0.180294 0.569605
vt 0.181346 0.571359
vt 0.182501 0.576343
vt 0.181014 0.578206
vt 0.181021 0.576364
vt 0.181741 0.569452
vt 0.181741 0.569558
vt 0.181755 0.569505
vt 0.180646 0.575714
vt 0.181849 0.577527
vt 0.180294 0.577569
vt 0.180782 0.570224
vt 0.180382 0.571864
vt 0.181044 0.571115
vt 0.180416 0.573224
vt 0.181546 0.573369
vt 0.181004 0.573553
vt 0.179868 0.573630
vt 0.182487 0.573210
vt 0.181423 0.573571
vt 0.178434 0.573344
vt 0.179466 0.573807
vt 0.180530 0.574168
vt 0.182118 0.573614
vt 0.183518 0.572747
vt 0.182667 0.573277
vt 0.183004 0.575466
vt 0.183629 0.575499
vt 0.182160 0.575674
vt 0.179793 0.576271
vt 0.181306 0.576311
vt 0.178323 0.576096
vt 0.179510 0.576364
vt 0.180484 0.572735
vt 0.179319 0.570897
vt 0.180896 0.570897
vt 0.182322 0.571570
vt 0.182322 0.573147
vt 0.181649 0.574572
vt 0.178647 0.573900
vt 0.180073 0.574572
vt 0.179462 0.578206
vt 0.180104 0.578124
vt 0.183359 0.577347
vt 0.178594 0.577944
vt 0.181010 0.570574
vt 0.181490 0.572147
vt 0.180936 0.572185
vt 0.177922 0.570817
vt 0.179993 0.572269
vt 0.179471 0.572468
vt 0.179586 0.572648
vt 0.179549 0.571038
vt 0.180138 0.572671
vt 0.181114 0.572190
vt 0.182704 0.570584
vt 0.181652 0.572338
vt 0.180849 0.576495
vt 0.182336 0.578380
vt 0.180808 0.578405
vt 0.181010 0.570509
vt 0.180947 0.570560
vt 0.180933 0.570507
vt 0.180947 0.570455
vt 0.181010 0.570444
vt 0.179262 0.578307
vt 0.179343 0.576400
vt 0.180592 0.571991
vt 0.182663 0.570539
vt 0.177881 0.570863
vt 0.178933 0.572617
vt 0.181143 0.577158
vt 0.179656 0.579021
vt 0.179662 0.577179
vt 0.181073 0.570458
vt 0.181073 0.570563
vt 0.181087 0.570511
vt 0.178233 0.576972
vt 0.179436 0.578785
vt 0.177881 0.578826
vt 0.179423 0.571039
vt 0.179024 0.572679
vt 0.180376 0.572120
vt 0.179748 0.574229
vt 0.180878 0.574374
vt 0.179645 0.574368
vt 0.178510 0.574445
vt 0.180074 0.574467
vt 0.179010 0.574829
vt 0.179480 0.573726
vt 0.180511 0.574189
vt 0.181575 0.574551
vt 0.180760 0.574429
vt 0.181106 0.574004
vt 0.181998 0.574283
vt 0.182336 0.576471
vt 0.181216 0.576757
vt 0.179747 0.576932
vt 0.180838 0.576654
vt 0.182352 0.576694
vt 0.179369 0.576478
vt 0.178151 0.577179
vt 0.180411 0.572101
vt 0.179246 0.570264
vt 0.180822 0.570264
vt 0.182248 0.570936
vt 0.182248 0.572513
vt 0.181575 0.573939
vt 0.178573 0.573266
vt 0.179999 0.573939
vt 0.178103 0.579021
vt 0.181149 0.578507
vt 0.180946 0.578605
vt 0.179639 0.578327
vt 0.181805 0.569981
vt 0.182286 0.571554
vt 0.181731 0.571593
vt 0.179821 0.570417
vt 0.181892 0.571868
vt 0.181370 0.572067
vt 0.180573 0.571495
vt 0.180535 0.569885
vt 0.181125 0.571519
vt 0.182101 0.571037
vt 0.183690 0.569432
vt 0.182639 0.571186
vt 0.181644 0.575902
vt 0.183131 0.577788
vt 0.181604 0.577812
vt 0.181805 0.569916
vt 0.181742 0.569968
vt 0.181728 0.569915
vt 0.181743 0.569862
vt 0.181805 0.569852
vt 0.180057 0.577715
vt 0.180139 0.575808
vt 0.181579 0.570838
vt 0.183650 0.569386
vt 0.179780 0.570462
vt 0.180832 0.572216
vt 0.182129 0.576005
vt 0.180642 0.577868
vt 0.180649 0.576026
vt 0.181868 0.569865
vt 0.181868 0.569971
vt 0.181882 0.569918
vt 0.180132 0.576572
vt 0.181335 0.578385
vt 0.179780 0.578426
vt 0.180410 0.569886
vt 0.180010 0.571527
vt 0.181171 0.571528
vt 0.180544 0.573637
vt 0.181673 0.573782
vt 0.180632 0.573215
vt 0.179496 0.573292
vt 0.181973 0.574067
vt 0.180909 0.574429
vt 0.180466 0.572573
vt 0.181497 0.573036
vt 0.182562 0.573398
vt 0.181746 0.573276
vt 0.183004 0.573604
vt 0.182794 0.573690
vt 0.183131 0.575879
vt 0.183115 0.576356
vt 0.181646 0.576531
vt 0.181825 0.575501
vt 0.183338 0.575541
vt 0.180355 0.575326
vt 0.179138 0.576026
vt 0.180050 0.573005
vt 0.178886 0.571167
vt 0.180462 0.571167
vt 0.181888 0.571840
vt 0.181888 0.573417
vt 0.181215 0.574842
vt 0.178213 0.574170
vt 0.179639 0.574842
vt 0.179090 0.577868
vt 0.182136 0.577354
vt 0.182844 0.578205
vt 0.180626 0.577174
vt 0.181904 0.570110
vt 0.182385 0.571683
vt 0.181830 0.571721
vt 0.180170 0.570347
vt 0.182241 0.571798
vt 0.181719 0.571997
vt 0.179095 0.570966
vt 0.179058 0.569356
vt 0.179647 0.570989
vt 0.179765 0.571852
vt 0.181355 0.570247
vt 0.180303 0.572001
vt 0.181743 0.576031
vt 0.183230 0.577916
vt 0.181702 0.577940
vt 0.181904 0.570045
vt 0.181841 0.570096
vt 0.181827 0.570043
vt 0.181841 0.569991
vt 0.181904 0.569980
vt 0.180156 0.577843
vt 0.180237 0.575936
vt 0.179243 0.571653
vt 0.181314 0.570202
vt 0.180129 0.570392
vt 0.181181 0.572146
vt 0.180652 0.575475
vt 0.179165 0.577339
vt 0.179171 0.575497
vt 0.181967 0.569993
vt 0.181967 0.570099
vt 0.181981 0.570047
vt 0.180481 0.576501
vt 0.181684 0.578315
vt 0.180129 0.578356
vt 0.178932 0.569357
vt 0.178533 0.570997
vt 0.181270 0.571656
vt 0.180642 0.573765
vt 0.181772 0.573910
vt 0.179154 0.572686
vt 0.178019 0.572763
vt 0.182322 0.573997
vt 0.181258 0.574359
vt 0.178131 0.573389
vt 0.179162 0.573852
vt 0.180226 0.574214
vt 0.180269 0.572747
vt 0.183353 0.573534
vt 0.182893 0.573819
vt 0.183230 0.576007
vt 0.183464 0.576286
vt 0.181995 0.576461
vt 0.179489 0.576316
vt 0.181003 0.576356
vt 0.178020 0.576141
vt 0.177660 0.575497
vt 0.180239 0.573275
vt 0.179074 0.571437
vt 0.180650 0.571437
vt 0.182076 0.572110
vt 0.182076 0.573687
vt 0.181403 0.575112
vt 0.178401 0.574440
vt 0.179827 0.575112
vt 0.177612 0.577339
vt 0.179800 0.578169
vt 0.183194 0.578135
vt 0.178291 0.577990
vt 0.180524 0.569645
vt 0.181005 0.571218
vt 0.180450 0.571257
vt 0.178767 0.570727
vt 0.180838 0.572178
vt 0.180316 0.572378
vt 0.179504 0.572325
vt 0.179466 0.570715
vt 0.180056 0.572348
vt 0.179856 0.572295
vt 0.181446 0.570690
vt 0.180394 0.572444
vt 0.180363 0.575566
vt 0.181850 0.577452
vt 0.180323 0.577476
vt 0.180524 0.569580
vt 0.180461 0.569632
vt 0.180448 0.569579
vt 0.180462 0.569526
vt 0.180525 0.569516
vt 0.178776 0.577379
vt 0.178858 0.575472
vt 0.179334 0.572096
vt 0.181405 0.570644
vt 0.178726 0.570772
vt 0.179778 0.572526
vt 0.181060 0.576834
vt 0.179573 0.578698
vt 0.179579 0.576856
vt 0.180587 0.569529
vt 0.180587 0.569635
vt 0.180601 0.569582
vt 0.179078 0.576882
vt 0.180281 0.578695
vt 0.178726 0.578736
vt 0.179341 0.570715
vt 0.178941 0.572356
vt 0.179890 0.571192
vt 0.179263 0.573301
vt 0.180392 0.573446
vt 0.179563 0.574045
vt 0.178427 0.574122
vt 0.180919 0.574377
vt 0.179855 0.574739
vt 0.178221 0.573831
vt 0.179253 0.574295
vt 0.180317 0.574656
vt 0.180677 0.574106
vt 0.181950 0.573914
vt 0.181513 0.573354
vt 0.181850 0.575543
vt 0.182061 0.576666
vt 0.180592 0.576841
vt 0.179580 0.576759
vt 0.181093 0.576799
vt 0.178111 0.576584
vt 0.178068 0.576856
vt 0.181403 0.571961
vt 0.180238 0.570123
vt 0.181815 0.570123
vt 0.183240 0.570796
vt 0.183240 0.572372
vt 0.182568 0.573798
vt 0.179565 0.573125
vt 0.180991 0.573798
vt 0.178021 0.578698
vt 0.179891 0.578612
vt 0.181791 0.578515
vt 0.178381 0.578432
vt 0.179979 0.570759
vt 0.180460 0.572332
vt 0.179905 0.572371
vt 0.179207 0.570035
vt 0.181278 0.571487
vt 0.180757 0.571686
vt 0.180810 0.572082
vt 0.180773 0.570472
vt 0.181362 0.572105
vt 0.179807 0.571772
vt 0.181397 0.570167
vt 0.180346 0.571921
vt 0.179818 0.576680
vt 0.181305 0.578566
vt 0.179777 0.578590
vt 0.179979 0.570695
vt 0.179916 0.570746
vt 0.179902 0.570693
vt 0.179917 0.570640
vt 0.179979 0.570630
vt 0.178231 0.578493
vt 0.178313 0.576586
vt 0.179286 0.571573
vt 0.181356 0.570122
vt 0.179167 0.570081
vt 0.180218 0.571835
vt 0.182367 0.576591
vt 0.180880 0.578455
vt 0.180886 0.576613
vt 0.180042 0.570643
vt 0.180042 0.570749
vt 0.180056 0.570696
vt 0.179519 0.576190
vt 0.180722 0.578003
vt 0.179167 0.578044
vt 0.180647 0.570473
vt 0.180248 0.572113
vt 0.179345 0.572306
vt 0.178717 0.574415
vt 0.179847 0.574560
vt 0.180869 0.573802
vt 0.179734 0.573879
vt 0.181360 0.573685
vt 0.180295 0.574047
vt 0.178173 0.573309
vt 0.179204 0.573772
vt 0.180268 0.574134
vt 0.181984 0.573863
vt 0.182391 0.573222
vt 0.180968 0.574469
vt 0.181305 0.576657
vt 0.182502 0.575975
vt 0.181032 0.576150
vt 0.179532 0.576236
vt 0.181045 0.576277
vt 0.178062 0.576061
vt 0.179375 0.576613
vt 0.180017 0.573275
vt 0.178853 0.571437
vt 0.180429 0.571437
vt 0.181855 0.572110
vt 0.181855 0.573686
vt 0.181182 0.575112
vt 0.178180 0.574440
vt 0.179606 0.575112
vt 0.179328 0.578455
vt 0.179842 0.578090
vt 0.182231 0.577823
vt 0.178333 0.577910
vt 0.181457 0.569679
vt 0.181938 0.571252
vt 0.181383 0.571291
vt 0.179568 0.570244
vt 0.181639 0.571695
vt 0.181118 0.571894
vt 0.181499 0.571983
vt 0.181462 0.570372
vt 0.182051 0.572006
vt 0.179801 0.572524
vt 0.181391 0.570919
vt 0.180339 0.572673
vt 0.181296 0.575600
vt 0.182783 0.577486
vt 0.181255 0.577510
vt 0.181457 0.569614
vt 0.181394 0.569666
vt 0.181380 0.569612
vt 0.181395 0.569560
vt 0.181457 0.569550
vt 0.179709 0.577413
vt 0.179791 0.575505
vt 0.179280 0.572325
vt 0.181350 0.570874
vt 0.179528 0.570289
vt 0.180579 0.572043
vt 0.183056 0.576492
vt 0.181569 0.578356
vt 0.181575 0.576513
vt 0.181520 0.569563
vt 0.181520 0.569669
vt 0.181534 0.569616
vt 0.179880 0.576398
vt 0.181083 0.578211
vt 0.179528 0.578253
vt 0.181336 0.570373
vt 0.180937 0.572014
vt 0.180823 0.571226
vt 0.180195 0.573335
vt 0.181325 0.573479
vt 0.181558 0.573702
vt 0.180423 0.573780
vt 0.181721 0.573894
vt 0.180656 0.574255
vt 0.178167 0.574061
vt 0.179198 0.574524
vt 0.180262 0.574886
vt 0.182673 0.573763
vt 0.182752 0.573431
vt 0.182446 0.573388
vt 0.182783 0.575577
vt 0.182863 0.576183
vt 0.181393 0.576358
vt 0.179525 0.576988
vt 0.181039 0.577029
vt 0.178056 0.576813
vt 0.180064 0.576513
vt 0.181837 0.572553
vt 0.180672 0.570716
vt 0.182249 0.570716
vt 0.183674 0.571389
vt 0.183674 0.572965
vt 0.183002 0.574391
vt 0.179999 0.573718
vt 0.181425 0.574391
vt 0.180016 0.578356
vt 0.179836 0.578842
vt 0.182592 0.578032
vt 0.178327 0.578662
vt 0.181045 0.570461
vt 0.181525 0.572034
vt 0.180970 0.572073
vt 0.178995 0.570291
vt 0.181066 0.571743
vt 0.180544 0.571942
vt 0.179965 0.571447
vt 0.179927 0.569837
vt 0.180517 0.571471
vt 0.180130 0.571925
vt 0.181720 0.570320
vt 0.180669 0.572074
vt 0.180884 0.576383
vt 0.182371 0.578268
vt 0.180843 0.578292
vt 0.181045 0.570397
vt 0.180982 0.570448
vt 0.180968 0.570395
vt 0.180982 0.570342
vt 0.181045 0.570332
vt 0.179296 0.578195
vt 0.179378 0.576288
vt 0.179609 0.571726
vt 0.181680 0.570274
vt 0.178954 0.570336
vt 0.180006 0.572091
vt 0.181521 0.575957
vt 0.180034 0.577820
vt 0.180040 0.575978
vt 0.181108 0.570345
vt 0.181107 0.570451
vt 0.181122 0.570399
vt 0.179306 0.576446
vt 0.180509 0.578259
vt 0.178954 0.578300
vt 0.179802 0.569838
vt 0.179402 0.571478
vt 0.180411 0.572008
vt 0.179783 0.574117
vt 0.180913 0.574262
vt 0.180023 0.573167
vt 0.178888 0.573244
vt 0.181147 0.573941
vt 0.180083 0.574303
vt 0.178496 0.573461
vt 0.179527 0.573924
vt 0.180592 0.574286
vt 0.181138 0.573228
vt 0.182178 0.573478
vt 0.182033 0.574171
vt 0.182371 0.576359
vt 0.182289 0.576231
vt 0.180820 0.576406
vt 0.179855 0.576389
vt 0.181368 0.576429
vt 0.178385 0.576214
vt 0.178529 0.575978
vt 0.181406 0.572090
vt 0.180241 0.570252
vt 0.181817 0.570252
vt 0.183243 0.570925
vt 0.183243 0.572502
vt 0.182570 0.573927
vt 0.179568 0.573255
vt 0.180994 0.573927
vt 0.178482 0.577820
vt 0.180165 0.578242
vt 0.182019 0.578079
vt 0.178656 0.578062
vt 0.180455 0.570763
vt 0.180936 0.572336
vt 0.180381 0.572375
vt 0.180214 0.570644
vt 0.182285 0.572095
vt 0.181763 0.572294
vt 0.181536 0.572262
vt 0.181498 0.570651
vt 0.182087 0.572285
vt 0.181126 0.572043
vt 0.182716 0.570438
vt 0.181664 0.572192
vt 0.180294 0.576685
vt 0.181781 0.578570
vt 0.180254 0.578594
vt 0.180456 0.570699
vt 0.180393 0.570750
vt 0.180379 0.570697
vt 0.180393 0.570644
vt 0.180456 0.570634
vt 0.178707 0.578497
vt 0.178789 0.576590
vt 0.180604 0.571844
vt 0.182675 0.570392
vt 0.180173 0.570689
vt 0.181225 0.572443
vt 0.183092 0.576771
vt 0.181605 0.578635
vt 0.181611 0.576792
vt 0.180518 0.570647
vt 0.180518 0.570753
vt 0.180532 0.570701
vt 0.180525 0.576799
vt 0.181728 0.578612
vt 0.180173 0.578653
vt 0.181373 0.570652
vt 0.180973 0.572293
vt 0.179821 0.572310
vt 0.179194 0.574419
vt 0.180323 0.574564
vt 0.181594 0.573982
vt 0.180459 0.574059
vt 0.182366 0.574294
vt 0.181302 0.574656
vt 0.179491 0.573579
vt 0.180523 0.574042
vt 0.181587 0.574404
vt 0.182709 0.574043
vt 0.183397 0.573831
vt 0.181444 0.574473
vt 0.181781 0.576661
vt 0.183508 0.576583
vt 0.182039 0.576758
vt 0.180850 0.576507
vt 0.182363 0.576547
vt 0.179381 0.576332
vt 0.180100 0.576792
vt 0.181981 0.575851
vt 0.180816 0.574014
vt 0.182392 0.574014
vt 0.183818 0.574687
vt 0.183818 0.576263
vt 0.183145 0.577689
vt 0.180143 0.577016
vt 0.181569 0.577689
vt 0.180053 0.578635
vt 0.181161 0.578360
vt 0.183238 0.578432
vt 0.179651 0.578180
vt 0.179958 0.570098
vt 0.180438 0.571671
vt 0.179884 0.571709
vt 0.180525 0.569391
vt 0.182596 0.570842
vt 0.182074 0.571041
vt 0.180592 0.572302
vt 0.180554 0.570692
vt 0.181144 0.572326
vt 0.181898 0.571787
vt 0.183487 0.570181
vt 0.182436 0.571935
vt 0.179797 0.576019
vt 0.181284 0.577904
vt 0.179756 0.577929
vt 0.179958 0.570033
vt 0.179895 0.570084
vt 0.179881 0.570031
vt 0.179895 0.569979
vt 0.179958 0.569968
vt 0.178209 0.577832
vt 0.178291 0.575924
vt 0.181376 0.571588
vt 0.183447 0.570136
vt 0.180484 0.569436
vt 0.181536 0.571190
vt 0.182148 0.576812
vt 0.180661 0.578675
vt 0.180667 0.576833
vt 0.180021 0.569982
vt 0.180021 0.570087
vt 0.180035 0.570035
vt 0.180836 0.575546
vt 0.182039 0.577359
vt 0.180484 0.577400
vt 0.180429 0.570693
vt 0.180029 0.572334
vt 0.179324 0.571644
vt 0.178696 0.573754
vt 0.179826 0.573898
vt 0.180651 0.574022
vt 0.179515 0.574099
vt 0.182677 0.573041
vt 0.181613 0.573403
vt 0.180263 0.573323
vt 0.181294 0.573786
vt 0.182359 0.574148
vt 0.181765 0.574083
vt 0.183708 0.572578
vt 0.180946 0.573807
vt 0.181284 0.575995
vt 0.183819 0.575330
vt 0.182350 0.575505
vt 0.181622 0.576251
vt 0.183135 0.576291
vt 0.180152 0.576075
vt 0.179156 0.576833
vt 0.181348 0.574897
vt 0.180183 0.573059
vt 0.181759 0.573059
vt 0.183185 0.573732
vt 0.183185 0.575309
vt 0.182512 0.576734
vt 0.179510 0.576062
vt 0.180936 0.576734
vt 0.179109 0.578675
vt 0.181932 0.578104
vt 0.183549 0.577179
vt 0.180423 0.577924
vt 0.181576 0.569565
vt 0.182056 0.571138
vt 0.181502 0.571177
vt 0.179503 0.570092
vt 0.181574 0.571543
vt 0.181052 0.571742
vt 0.181134 0.572235
vt 0.181096 0.570624
vt 0.181685 0.572258
vt 0.179834 0.571743
vt 0.181424 0.570138
vt 0.180372 0.571892
vt 0.181415 0.575486
vt 0.182902 0.577372
vt 0.181374 0.577396
vt 0.181576 0.569501
vt 0.181513 0.569552
vt 0.181499 0.569499
vt 0.181513 0.569446
vt 0.181576 0.569436
vt 0.179827 0.577299
vt 0.179909 0.575392
vt 0.179312 0.571544
vt 0.181383 0.570093
vt 0.179462 0.570137
vt 0.180514 0.571891
vt 0.182690 0.576744
vt 0.181203 0.578607
vt 0.181209 0.576765
vt 0.181639 0.569449
vt 0.181639 0.569555
vt 0.181653 0.569502
vt 0.179814 0.576247
vt 0.181017 0.578060
vt 0.179462 0.578101
vt 0.180971 0.570625
vt 0.180571 0.572266
vt 0.180942 0.571112
vt 0.180314 0.573221
vt 0.181444 0.573366
vt 0.181192 0.573954
vt 0.180057 0.574031
vt 0.181655 0.573742
vt 0.180591 0.574104
vt 0.178200 0.573280
vt 0.179231 0.573743
vt 0.180295 0.574104
vt 0.182307 0.574015
vt 0.182686 0.573279
vt 0.182564 0.573275
vt 0.182902 0.575463
vt 0.182797 0.576031
vt 0.181328 0.576206
vt 0.179558 0.576207
vt 0.181072 0.576247
vt 0.178089 0.576032
vt 0.179698 0.576765
vt 0.180787 0.572273
vt 0.179622 0.570435
vt 0.181199 0.570435
vt 0.182625 0.571108
vt 0.182625 0.572685
vt 0.181952 0.574110
vt 0.178950 0.573438
vt 0.180375 0.574110
vt 0.179651 0.578607
vt 0.179869 0.578060
vt 0.182526 0.577880
vt 0.178359 0.577881
vt 0.181135 0.570016
vt 0.181616 0.571589
vt 0.181061 0.571628
vt 0.177888 0.570762
vt 0.179959 0.572213
vt 0.179437 0.572412
vt 0.179598 0.572434
vt 0.179560 0.570824
vt 0.180150 0.572457
vt 0.181180 0.571928
vt 0.182770 0.570322
vt 0.181719 0.572076
vt 0.180974 0.575937
vt 0.182461 0.577823
vt 0.180934 0.577847
vt 0.181136 0.569952
vt 0.181073 0.570003
vt 0.181059 0.569950
vt 0.181073 0.569897
vt 0.181136 0.569887
vt 0.179387 0.577750
vt 0.179469 0.575843
vt 0.180659 0.571729
vt 0.182729 0.570277
vt 0.177847 0.570807
vt 0.178899 0.572561
vt 0.181154 0.576944
vt 0.179667 0.578807
vt 0.179674 0.576965
vt 0.181198 0.569900
vt 0.181198 0.570006
vt 0.181212 0.569953
vt 0.178199 0.576916
vt 0.179402 0.578729
vt 0.177847 0.578771
vt 0.179435 0.570825
vt 0.179035 0.572465
vt 0.180501 0.571563
vt 0.179874 0.573672
vt 0.181003 0.573817
vt 0.179657 0.574154
vt 0.178522 0.574231
vt 0.180040 0.574412
vt 0.178976 0.574773
vt 0.179546 0.573464
vt 0.180577 0.573927
vt 0.181642 0.574289
vt 0.180771 0.574215
vt 0.181071 0.573949
vt 0.182124 0.573726
vt 0.182461 0.575914
vt 0.181182 0.576701
vt 0.179713 0.576876
vt 0.180905 0.576392
vt 0.182418 0.576432
vt 0.179435 0.576216
vt 0.178163 0.576965
vt 0.181395 0.573525
vt 0.180231 0.571688
vt 0.181807 0.571688
vt 0.183233 0.572361
vt 0.183233 0.573937
vt 0.182560 0.575363
vt 0.179558 0.574690
vt 0.180984 0.575363
vt 0.178115 0.578807
vt 0.181215 0.578245
vt 0.180912 0.578549
vt 0.179706 0.578065
vt 0.180723 0.570286
vt 0.181203 0.571859
vt 0.180649 0.571898
vt 0.180464 0.570354
vt 0.182535 0.571805
vt 0.182013 0.572004
vt 0.179566 0.571531
vt 0.179529 0.569920
vt 0.180118 0.571554
vt 0.182558 0.571216
vt 0.184148 0.569611
vt 0.183097 0.571365
vt 0.180562 0.576208
vt 0.182049 0.578093
vt 0.180521 0.578117
vt 0.180723 0.570222
vt 0.180660 0.570273
vt 0.180646 0.570220
vt 0.180660 0.570167
vt 0.180723 0.570157
vt 0.178975 0.578020
vt 0.179056 0.576113
vt 0.182037 0.571017
vt 0.184108 0.569566
vt 0.180423 0.570399
vt 0.181475 0.572153
vt 0.181122 0.576040
vt 0.179635 0.577904
vt 0.179642 0.576061
vt 0.180786 0.570170
vt 0.180786 0.570276
vt 0.180800 0.570224
vt 0.180775 0.576508
vt 0.181978 0.578321
vt 0.180423 0.578363
vt 0.179403 0.569921
vt 0.179004 0.571562
vt 0.180089 0.571833
vt 0.179461 0.573942
vt 0.180591 0.574087
vt 0.179625 0.573250
vt 0.178490 0.573328
vt 0.182616 0.574004
vt 0.181552 0.574365
vt 0.180924 0.572753
vt 0.181955 0.573216
vt 0.183020 0.573577
vt 0.180739 0.573312
vt 0.183647 0.573541
vt 0.181711 0.573996
vt 0.182049 0.576184
vt 0.183758 0.576293
vt 0.182289 0.576468
vt 0.182283 0.575680
vt 0.183796 0.575720
vt 0.180813 0.575505
vt 0.178131 0.576061
vt 0.181881 0.573784
vt 0.180716 0.571946
vt 0.182292 0.571946
vt 0.183718 0.572619
vt 0.183718 0.574196
vt 0.183045 0.575621
vt 0.180043 0.574949
vt 0.181469 0.575621
vt 0.178083 0.577904
vt 0.182593 0.577533
vt 0.183488 0.578141
vt 0.181084 0.577354
vt 0.182135 0.569561
vt 0.182616 0.571134
vt 0.182061 0.571173
vt 0.180732 0.569856
vt 0.182803 0.571308
vt 0.182281 0.571507
vt 0.179910 0.571574
vt 0.179873 0.569964
vt 0.180462 0.571597
vt 0.182558 0.571206
vt 0.184148 0.569601
vt 0.183097 0.571355
vt 0.181974 0.575482
vt 0.183461 0.577368
vt 0.181934 0.577392
vt 0.182135 0.569496
vt 0.182072 0.569548
vt 0.182058 0.569495
vt 0.182073 0.569442
vt 0.182135 0.569432
vt 0.180387 0.577295
vt 0.180469 0.575388
vt 0.182037 0.571007
vt 0.184108 0.569556
vt 0.180691 0.569902
vt 0.181743 0.571656
vt 0.181467 0.576083
vt 0.179980 0.577947
vt 0.179986 0.576105
vt 0.182198 0.569445
vt 0.182198 0.569551
vt 0.182212 0.569498
vt 0.181043 0.576011
vt 0.182246 0.577824
vt 0.180691 0.577866
vt 0.179747 0.569965
vt 0.179348 0.571605
vt 0.181501 0.571108
vt 0.180874 0.573217
vt 0.182003 0.573362
vt 0.179969 0.573294
vt 0.178834 0.573371
vt 0.182884 0.573507
vt 0.181820 0.573868
vt 0.180924 0.572743
vt 0.181955 0.573206
vt 0.183020 0.573568
vt 0.181084 0.573355
vt 0.183915 0.573044
vt 0.183124 0.573270
vt 0.183461 0.575459
vt 0.184026 0.575796
vt 0.182557 0.575971
vt 0.182283 0.575670
vt 0.183796 0.575711
vt 0.180813 0.575495
vt 0.178475 0.576105
vt 0.181155 0.574289
vt 0.179990 0.572452
vt 0.181567 0.572452
vt 0.182992 0.573124
vt 0.182992 0.574701
vt 0.182320 0.576127
vt 0.179317 0.575454
vt 0.180743 0.576127
vt 0.178427 0.577947
vt 0.182593 0.577524
vt 0.183756 0.577644
vt 0.181084 0.577344
vt 0.181618 0.570408
vt 0.182099 0.571981
vt 0.181544 0.572019
vt 0.179994 0.569437
vt 0.182064 0.570889
vt 0.181543 0.571088
vt 0.179715 0.571908
vt 0.179677 0.570297
vt 0.180267 0.571931
vt 0.180734 0.572156
vt 0.182324 0.570550
vt 0.181272 0.572304
vt 0.181457 0.576329
vt 0.182944 0.578214
vt 0.181417 0.578238
vt 0.181618 0.570343
vt 0.181555 0.570394
vt 0.181542 0.570341
vt 0.181556 0.570288
vt 0.181619 0.570278
vt 0.179870 0.578141
vt 0.179952 0.576234
vt 0.180212 0.571957
vt 0.182283 0.570505
vt 0.179953 0.569482
vt 0.181005 0.571236
vt 0.181271 0.576417
vt 0.179784 0.578281
vt 0.179790 0.576438
vt 0.181681 0.570292
vt 0.181681 0.570397
vt 0.181695 0.570345
vt 0.180305 0.575592
vt 0.181508 0.577405
vt 0.179953 0.577446
vt 0.179552 0.570298
vt 0.179152 0.571939
vt 0.180984 0.571954
vt 0.180357 0.574063
vt 0.181486 0.574208
vt 0.179774 0.573627
vt 0.178638 0.573704
vt 0.182146 0.573087
vt 0.181081 0.573449
vt 0.179099 0.573692
vt 0.180131 0.574155
vt 0.181195 0.574517
vt 0.180888 0.573688
vt 0.183177 0.572624
vt 0.182607 0.574117
vt 0.182944 0.576305
vt 0.183288 0.575376
vt 0.181818 0.575552
vt 0.180458 0.576620
vt 0.181971 0.576660
vt 0.178989 0.576444
vt 0.178279 0.576438
vt 0.181499 0.573677
vt 0.180334 0.571840
vt 0.181911 0.571840
vt 0.183336 0.572512
vt 0.183336 0.574089
vt 0.182664 0.575514
vt 0.179661 0.574842
vt 0.181087 0.575514
vt 0.178232 0.578281
vt 0.180769 0.578473
vt 0.183017 0.577225
vt 0.179259 0.578293
vt 0.180615 0.570226
vt 0.181096 0.571799
vt 0.180541 0.571838
vt 0.180060 0.570733
vt 0.182131 0.572185
vt 0.181609 0.572384
vt 0.180710 0.572026
vt 0.180672 0.570415
vt 0.181262 0.572049
vt 0.181752 0.572614
vt 0.183341 0.571008
vt 0.182290 0.572762
vt 0.180454 0.576147
vt 0.181941 0.578033
vt 0.180413 0.578057
vt 0.180615 0.570161
vt 0.180552 0.570213
vt 0.180538 0.570160
vt 0.180553 0.570107
vt 0.180615 0.570097
vt 0.178867 0.577960
vt 0.178949 0.576053
vt 0.181230 0.572415
vt 0.183301 0.570963
vt 0.180019 0.570779
vt 0.181071 0.572533
vt 0.182266 0.576535
vt 0.180779 0.578399
vt 0.180786 0.576556
vt 0.180678 0.570110
vt 0.180678 0.570216
vt 0.180692 0.570163
vt 0.180371 0.576888
vt 0.181574 0.578701
vt 0.180019 0.578743
vt 0.180547 0.570416
vt 0.180147 0.572057
vt 0.179981 0.571773
vt 0.179353 0.573882
vt 0.180483 0.574027
vt 0.180769 0.573745
vt 0.179634 0.573823
vt 0.182212 0.574384
vt 0.181148 0.574745
vt 0.180117 0.574150
vt 0.181148 0.574613
vt 0.182213 0.574975
vt 0.181883 0.573806
vt 0.183243 0.573921
vt 0.181604 0.573936
vt 0.181941 0.576124
vt 0.183354 0.576673
vt 0.181885 0.576848
vt 0.181476 0.577078
vt 0.182989 0.577118
vt 0.180006 0.576902
vt 0.179275 0.576556
vt 0.181650 0.574148
vt 0.180485 0.572310
vt 0.182062 0.572310
vt 0.183487 0.572983
vt 0.183487 0.574560
vt 0.182815 0.575985
vt 0.179812 0.575313
vt 0.181238 0.575985
vt 0.179227 0.578399
vt 0.181787 0.578931
vt 0.183084 0.578521
vt 0.180277 0.578751
vt 0.181463 0.570217
vt 0.181944 0.571790
vt 0.181389 0.571829
vt 0.179934 0.570419
vt 0.182005 0.571870
vt 0.181483 0.572070
vt 0.180348 0.571335
vt 0.180311 0.569725
vt 0.180900 0.571358
vt 0.180353 0.571836
vt 0.181943 0.570231
vt 0.180891 0.571985
vt 0.181302 0.576139
vt 0.182789 0.578024
vt 0.181262 0.578048
vt 0.181463 0.570153
vt 0.181400 0.570204
vt 0.181386 0.570151
vt 0.181401 0.570098
vt 0.181464 0.570088
vt 0.179715 0.577951
vt 0.179797 0.576044
vt 0.179831 0.571637
vt 0.181902 0.570186
vt 0.179893 0.570464
vt 0.180945 0.572218
vt 0.181905 0.575844
vt 0.180418 0.577708
vt 0.180424 0.575866
vt 0.181526 0.570101
vt 0.181526 0.570207
vt 0.181540 0.570155
vt 0.180245 0.576574
vt 0.181448 0.578387
vt 0.179893 0.578428
vt 0.180185 0.569726
vt 0.179786 0.571366
vt 0.180829 0.571764
vt 0.180202 0.573873
vt 0.181331 0.574018
vt 0.180407 0.573055
vt 0.179272 0.573132
vt 0.182086 0.574069
vt 0.181022 0.574431
vt 0.178719 0.573373
vt 0.179750 0.573836
vt 0.180814 0.574198
vt 0.181522 0.573116
vt 0.183117 0.573606
vt 0.182452 0.573927
vt 0.182789 0.576115
vt 0.183228 0.576358
vt 0.181759 0.576533
vt 0.180077 0.576300
vt 0.181591 0.576341
vt 0.178608 0.576125
vt 0.178913 0.575866
vt 0.182133 0.571635
vt 0.180968 0.569798
vt 0.182544 0.569798
vt 0.183970 0.570470
vt 0.183970 0.572047
vt 0.183297 0.573473
vt 0.180295 0.572800
vt 0.181721 0.573473
vt 0.178865 0.577708
vt 0.180388 0.578154
vt 0.182958 0.578207
vt 0.178878 0.577974
vt 0.182233 0.570124
vt 0.182713 0.571697
vt 0.182158 0.571735
vt 0.180397 0.569474
vt 0.182468 0.570925
vt 0.181947 0.571124
vt 0.179268 0.572068
vt 0.179231 0.570458
vt 0.179820 0.572091
vt 0.181737 0.571337
vt 0.183327 0.569732
vt 0.182275 0.571486
vt 0.182072 0.576045
vt 0.183558 0.577930
vt 0.182031 0.577954
vt 0.182233 0.570059
vt 0.182170 0.570110
vt 0.182156 0.570057
vt 0.182170 0.570004
vt 0.182233 0.569994
vt 0.180484 0.577857
vt 0.180566 0.575950
vt 0.181215 0.571138
vt 0.183286 0.569686
vt 0.180357 0.569519
vt 0.181408 0.571273
vt 0.180825 0.576578
vt 0.179337 0.578441
vt 0.179344 0.576599
vt 0.182296 0.570007
vt 0.182295 0.570113
vt 0.182310 0.570061
vt 0.180709 0.575628
vt 0.181912 0.577441
vt 0.180357 0.577483
vt 0.179105 0.570459
vt 0.178706 0.572099
vt 0.181599 0.571670
vt 0.180971 0.573779
vt 0.182101 0.573924
vt 0.179327 0.573788
vt 0.178192 0.573865
vt 0.182550 0.573124
vt 0.181485 0.573485
vt 0.180102 0.572874
vt 0.181134 0.573337
vt 0.182198 0.573698
vt 0.180441 0.573849
vt 0.183581 0.572661
vt 0.183221 0.573833
vt 0.183558 0.576021
vt 0.183692 0.575413
vt 0.182222 0.575588
vt 0.181461 0.575801
vt 0.182974 0.575841
vt 0.179991 0.575626
vt 0.177833 0.576599
vt 0.181162 0.573713
vt 0.179997 0.571876
vt 0.181574 0.571876
vt 0.183000 0.572549
vt 0.183000 0.574125
vt 0.182327 0.575551
vt 0.179325 0.574878
vt 0.180750 0.575551
vt 0.177785 0.578441
vt 0.181772 0.577654
vt 0.183421 0.577261
vt 0.180262 0.577474
vt 0.181844 0.569636
vt 0.182325 0.571209
vt 0.181770 0.571248
vt 0.178190 0.569941
vt 0.180260 0.571393
vt 0.179739 0.571592
vt 0.181046 0.572022
vt 0.181008 0.570411
vt 0.181598 0.572045
vt 0.181315 0.571314
vt 0.182905 0.569709
vt 0.181853 0.571463
vt 0.181683 0.575557
vt 0.183170 0.577443
vt 0.181642 0.577467
vt 0.181844 0.569571
vt 0.181781 0.569623
vt 0.181767 0.569569
vt 0.181781 0.569517
vt 0.181844 0.569507
vt 0.180096 0.577370
vt 0.180178 0.575462
vt 0.180793 0.571115
vt 0.182864 0.569663
vt 0.178149 0.569987
vt 0.179200 0.571741
vt 0.182602 0.576531
vt 0.181115 0.578395
vt 0.181121 0.576552
vt 0.181907 0.569520
vt 0.181907 0.569626
vt 0.181921 0.569573
vt 0.178501 0.576096
vt 0.179704 0.577909
vt 0.178149 0.577950
vt 0.180883 0.570412
vt 0.180483 0.572053
vt 0.181210 0.571182
vt 0.180582 0.573292
vt 0.181712 0.573436
vt 0.181105 0.573741
vt 0.179969 0.573819
vt 0.180342 0.573591
vt 0.179277 0.573953
vt 0.179681 0.572850
vt 0.180712 0.573314
vt 0.181776 0.573675
vt 0.182219 0.573802
vt 0.181373 0.573128
vt 0.182833 0.573345
vt 0.183170 0.575534
vt 0.181484 0.575881
vt 0.180014 0.576056
vt 0.181039 0.575778
vt 0.182553 0.575818
vt 0.179570 0.575603
vt 0.179611 0.576552
vt 0.180807 0.573138
vt 0.179643 0.571300
vt 0.181219 0.571300
vt 0.182645 0.571973
vt 0.182645 0.573550
vt 0.181972 0.574975
vt 0.178970 0.574303
vt 0.180396 0.574975
vt 0.179563 0.578395
vt 0.181350 0.577631
vt 0.181213 0.577729
vt 0.179840 0.577451
vt 0.180441 0.570385
vt 0.180922 0.571958
vt 0.180367 0.571997
vt 0.178399 0.569589
vt 0.180470 0.571040
vt 0.179949 0.571239
vt 0.179637 0.571810
vt 0.179600 0.570200
vt 0.180189 0.571833
vt 0.181680 0.572569
vt 0.183270 0.570964
vt 0.182218 0.572718
vt 0.180280 0.576306
vt 0.181767 0.578192
vt 0.180240 0.578216
vt 0.180441 0.570321
vt 0.180378 0.570372
vt 0.180364 0.570319
vt 0.180379 0.570266
vt 0.180441 0.570256
vt 0.178693 0.578119
vt 0.178775 0.576212
vt 0.181158 0.572370
vt 0.183229 0.570919
vt 0.178359 0.569634
vt 0.179410 0.571388
vt 0.181194 0.576319
vt 0.179707 0.578183
vt 0.179713 0.576341
vt 0.180504 0.570269
vt 0.180504 0.570375
vt 0.180518 0.570322
vt 0.178711 0.575744
vt 0.179914 0.577557
vt 0.178359 0.577598
vt 0.179474 0.570201
vt 0.179075 0.571841
vt 0.179807 0.571932
vt 0.179180 0.574041
vt 0.180309 0.574186
vt 0.179696 0.573530
vt 0.178561 0.573607
vt 0.180552 0.573239
vt 0.179487 0.573601
vt 0.180046 0.574106
vt 0.181077 0.574569
vt 0.182141 0.574930
vt 0.180811 0.573591
vt 0.181583 0.572776
vt 0.181430 0.574095
vt 0.181767 0.576283
vt 0.181694 0.575528
vt 0.180224 0.575703
vt 0.181404 0.577033
vt 0.182918 0.577073
vt 0.179935 0.576858
vt 0.178202 0.576341
vt 0.181618 0.575757
vt 0.180453 0.573919
vt 0.182029 0.573919
vt 0.183455 0.574592
vt 0.183455 0.576169
vt 0.182782 0.577594
vt 0.179780 0.576922
vt 0.181206 0.577594
vt 0.178154 0.578183
vt 0.181715 0.578887
vt 0.181423 0.577377
vt 0.180205 0.578707
vt 0.180934 0.569447
vt 0.181415 0.571020
vt 0.180860 0.571059
vt 0.179808 0.570624
vt 0.181879 0.572075
vt 0.181357 0.572274
vt 0.180232 0.572274
vt 0.180195 0.570664
vt 0.180784 0.572297
vt 0.181581 0.571892
vt 0.183171 0.570287
vt 0.182119 0.572041
vt 0.180774 0.575368
vt 0.182260 0.577254
vt 0.180733 0.577278
vt 0.180935 0.569382
vt 0.180872 0.569434
vt 0.180858 0.569381
vt 0.180872 0.569328
vt 0.180935 0.569318
vt 0.179186 0.577181
vt 0.179268 0.575274
vt 0.181060 0.571693
vt 0.183130 0.570242
vt 0.179767 0.570669
vt 0.180819 0.572423
vt 0.181789 0.576783
vt 0.180302 0.578647
vt 0.180308 0.576805
vt 0.180998 0.569331
vt 0.180997 0.569437
vt 0.181012 0.569384
vt 0.180119 0.576779
vt 0.181322 0.578592
vt 0.179767 0.578633
vt 0.180069 0.570665
vt 0.179670 0.572305
vt 0.180300 0.570994
vt 0.179673 0.573103
vt 0.180802 0.573248
vt 0.180291 0.573994
vt 0.179156 0.574071
vt 0.181960 0.574274
vt 0.180896 0.574636
vt 0.179947 0.573429
vt 0.180978 0.573892
vt 0.182042 0.574253
vt 0.181406 0.574055
vt 0.182991 0.573811
vt 0.181923 0.573156
vt 0.182260 0.575345
vt 0.183102 0.576563
vt 0.181633 0.576738
vt 0.181306 0.576356
vt 0.182819 0.576396
vt 0.179836 0.576181
vt 0.178797 0.576805
vt 0.181891 0.574047
vt 0.180726 0.572210
vt 0.182303 0.572210
vt 0.183729 0.572883
vt 0.183729 0.574459
vt 0.183056 0.575885
vt 0.180054 0.575212
vt 0.181479 0.575885
vt 0.178749 0.578647
vt 0.181616 0.578209
vt 0.182832 0.578412
vt 0.180107 0.578030
vt 0.180229 0.570615
vt 0.180710 0.572188
vt 0.180155 0.572226
vt 0.179761 0.570912
vt 0.181832 0.572363
vt 0.181310 0.572563
vt 0.181711 0.571727
vt 0.181674 0.570116
vt 0.182263 0.571750
vt 0.179989 0.570958
vt 0.181579 0.569353
vt 0.180528 0.571107
vt 0.180068 0.576536
vt 0.181555 0.578422
vt 0.180027 0.578446
vt 0.180229 0.570550
vt 0.180166 0.570602
vt 0.180152 0.570548
vt 0.180166 0.570496
vt 0.180229 0.570485
vt 0.178481 0.578349
vt 0.178563 0.576441
vt 0.179468 0.570759
vt 0.181539 0.569307
vt 0.179720 0.570957
vt 0.180772 0.572711
vt 0.183268 0.576236
vt 0.181780 0.578100
vt 0.181787 0.576257
vt 0.180292 0.570499
vt 0.180292 0.570605
vt 0.180306 0.570552
vt 0.180072 0.577067
vt 0.181275 0.578880
vt 0.179720 0.578921
vt 0.181548 0.570117
vt 0.181149 0.571758
vt 0.179595 0.572161
vt 0.178967 0.574271
vt 0.180097 0.574415
vt 0.181770 0.573446
vt 0.180635 0.573524
vt 0.181913 0.574562
vt 0.180849 0.574924
vt 0.178355 0.572495
vt 0.179386 0.572958
vt 0.180451 0.573319
vt 0.182884 0.573508
vt 0.182944 0.574099
vt 0.181218 0.574324
vt 0.181555 0.576512
vt 0.183055 0.576851
vt 0.181586 0.577026
vt 0.179714 0.575422
vt 0.181227 0.575462
vt 0.178244 0.575247
vt 0.180276 0.576257
vt 0.180811 0.573695
vt 0.179646 0.571858
vt 0.181222 0.571858
vt 0.182648 0.572531
vt 0.182648 0.574107
vt 0.181975 0.575533
vt 0.178973 0.574860
vt 0.180399 0.575533
vt 0.180228 0.578100
vt 0.180024 0.577275
vt 0.182785 0.578700
vt 0.178515 0.577095
vt 0.180719 0.570550
vt 0.181200 0.572123
vt 0.180645 0.572162
vt 0.180047 0.569109
vt 0.182118 0.570560
vt 0.181596 0.570759
vt 0.181381 0.572537
vt 0.181344 0.570927
vt 0.181933 0.572561
vt 0.179577 0.572524
vt 0.181167 0.570918
vt 0.180116 0.572672
vt 0.180558 0.576471
vt 0.182045 0.578357
vt 0.180517 0.578381
vt 0.180719 0.570485
vt 0.180656 0.570537
vt 0.180642 0.570484
vt 0.180656 0.570431
vt 0.180719 0.570421
vt 0.178971 0.578284
vt 0.179052 0.576377
vt 0.179056 0.572325
vt 0.181127 0.570873
vt 0.180006 0.569154
vt 0.181058 0.570908
vt 0.182938 0.577047
vt 0.181450 0.578910
vt 0.181457 0.577068
vt 0.180782 0.570434
vt 0.180782 0.570540
vt 0.180796 0.570487
vt 0.180359 0.575264
vt 0.181561 0.577077
vt 0.180006 0.577118
vt 0.181218 0.570928
vt 0.180819 0.572569
vt 0.180085 0.572097
vt 0.179457 0.574206
vt 0.180587 0.574351
vt 0.181440 0.574257
vt 0.180305 0.574334
vt 0.182199 0.572759
vt 0.181135 0.573121
vt 0.177943 0.574060
vt 0.178974 0.574523
vt 0.180039 0.574885
vt 0.182554 0.574318
vt 0.183231 0.572296
vt 0.181708 0.574259
vt 0.182045 0.576448
vt 0.183341 0.575048
vt 0.181872 0.575223
vt 0.179302 0.576988
vt 0.180815 0.577028
vt 0.177832 0.576812
vt 0.179946 0.577068
vt 0.180962 0.574166
vt 0.179797 0.572329
vt 0.181373 0.572329
vt 0.182799 0.573002
vt 0.182799 0.574578
vt 0.182126 0.576004
vt 0.179124 0.575331
vt 0.180550 0.576004
vt 0.179898 0.578910
vt 0.179612 0.578841
vt 0.183071 0.576897
vt 0.178103 0.578661
vt 0.180949 0.570186
vt 0.181429 0.571759
vt 0.180875 0.571797
vt 0.178015 0.570758
vt 0.180086 0.572210
vt 0.179564 0.572409
vt 0.179369 0.571263
vt 0.179332 0.569652
vt 0.179921 0.571286
vt 0.181402 0.572000
vt 0.182992 0.570395
vt 0.181940 0.572149
vt 0.180788 0.576107
vt 0.182275 0.577993
vt 0.180747 0.578017
vt 0.180949 0.570121
vt 0.180886 0.570173
vt 0.180872 0.570119
vt 0.180886 0.570067
vt 0.180949 0.570056
vt 0.179201 0.577920
vt 0.179282 0.576012
vt 0.180880 0.571801
vt 0.182951 0.570350
vt 0.177974 0.570804
vt 0.179026 0.572558
vt 0.180926 0.575772
vt 0.179439 0.577636
vt 0.179445 0.575793
vt 0.181012 0.570070
vt 0.181012 0.570176
vt 0.181026 0.570123
vt 0.178326 0.576913
vt 0.179529 0.578726
vt 0.177974 0.578767
vt 0.179206 0.569653
vt 0.178807 0.571294
vt 0.180315 0.571732
vt 0.179687 0.573842
vt 0.180817 0.573986
vt 0.179428 0.572982
vt 0.178293 0.573059
vt 0.180167 0.574408
vt 0.179103 0.574770
vt 0.179768 0.573537
vt 0.180799 0.574000
vt 0.181863 0.574361
vt 0.180543 0.573043
vt 0.181198 0.573945
vt 0.181937 0.573895
vt 0.182275 0.576083
vt 0.181309 0.576698
vt 0.179840 0.576873
vt 0.181126 0.576464
vt 0.182640 0.576504
vt 0.179657 0.576289
vt 0.177934 0.575793
vt 0.179867 0.573620
vt 0.178703 0.571783
vt 0.180279 0.571783
vt 0.181705 0.572456
vt 0.181705 0.574032
vt 0.181032 0.575458
vt 0.178030 0.574785
vt 0.179456 0.575458
vt 0.177887 0.577636
vt 0.181437 0.578317
vt 0.181038 0.578546
vt 0.179927 0.578137
vt 0.180436 0.569533
vt 0.180917 0.571106
vt 0.180362 0.571144
vt 0.180005 0.570948
vt 0.182075 0.572399
vt 0.181554 0.572598
vt 0.179972 0.571736
vt 0.179935 0.570126
vt 0.180524 0.571759
vt 0.182171 0.571906
vt 0.183761 0.570301
vt 0.182710 0.572055
vt 0.180275 0.575454
vt 0.181762 0.577340
vt 0.180235 0.577364
vt 0.180436 0.569468
vt 0.180373 0.569520
vt 0.180359 0.569466
vt 0.180374 0.569414
vt 0.180436 0.569403
vt 0.178688 0.577267
vt 0.178770 0.575359
vt 0.181650 0.571707
vt 0.183721 0.570256
vt 0.179964 0.570993
vt 0.181016 0.572747
vt 0.181529 0.576245
vt 0.180042 0.578109
vt 0.180048 0.576267
vt 0.180499 0.569417
vt 0.180499 0.569523
vt 0.180513 0.569470
vt 0.180316 0.577103
vt 0.181519 0.578916
vt 0.179964 0.578957
vt 0.179809 0.570127
vt 0.179410 0.571767
vt 0.179802 0.571079
vt 0.179175 0.573189
vt 0.180304 0.573333
vt 0.180031 0.573456
vt 0.178896 0.573533
vt 0.182157 0.574598
vt 0.181093 0.574960
vt 0.180537 0.573443
vt 0.181568 0.573906
vt 0.182633 0.574267
vt 0.181146 0.573517
vt 0.183188 0.574135
vt 0.181425 0.573242
vt 0.181762 0.575430
vt 0.183299 0.576887
vt 0.181829 0.577062
vt 0.181896 0.576370
vt 0.183409 0.576410
vt 0.180426 0.576195
vt 0.178537 0.576267
vt 0.181795 0.573547
vt 0.180630 0.571710
vt 0.182207 0.571710
vt 0.183632 0.572382
vt 0.183632 0.573959
vt 0.182960 0.575385
vt 0.179957 0.574712
vt 0.181383 0.575385
vt 0.178489 0.578109
vt 0.182206 0.578223
vt 0.183028 0.578736
vt 0.180697 0.578043
vt 0.181418 0.569961
vt 0.181899 0.571534
vt 0.181344 0.571573
vt 0.180327 0.570776
vt 0.182398 0.572227
vt 0.181876 0.572426
vt 0.179877 0.572093
vt 0.179840 0.570483
vt 0.180429 0.572116
vt 0.181721 0.571569
vt 0.183311 0.569963
vt 0.182259 0.571717
vt 0.181257 0.575882
vt 0.182744 0.577768
vt 0.181216 0.577792
vt 0.181418 0.569897
vt 0.181355 0.569948
vt 0.181341 0.569895
vt 0.181356 0.569842
vt 0.181418 0.569832
vt 0.179670 0.577695
vt 0.179752 0.575788
vt 0.181199 0.571370
vt 0.183270 0.569918
vt 0.180286 0.570821
vt 0.181338 0.572575
vt 0.181433 0.576602
vt 0.179946 0.578466
vt 0.179953 0.576624
vt 0.181481 0.569845
vt 0.181481 0.569951
vt 0.181495 0.569898
vt 0.180638 0.576931
vt 0.181841 0.578744
vt 0.180286 0.578785
vt 0.179714 0.570484
vt 0.179315 0.572124
vt 0.180784 0.571508
vt 0.180156 0.573617
vt 0.181286 0.573762
vt 0.179936 0.573813
vt 0.178801 0.573890
vt 0.182479 0.574426
vt 0.181415 0.574788
vt 0.180087 0.573105
vt 0.181118 0.573568
vt 0.182182 0.573930
vt 0.181050 0.573874
vt 0.183510 0.573963
vt 0.182407 0.573671
vt 0.182744 0.575859
vt 0.183621 0.576715
vt 0.182152 0.576890
vt 0.181445 0.576033
vt 0.182959 0.576073
vt 0.179976 0.575857
vt 0.178442 0.576624
vt 0.180948 0.573445
vt 0.179784 0.571607
vt 0.181360 0.571607
vt 0.182786 0.572280
vt 0.182786 0.573856
vt 0.182113 0.575282
vt 0.179111 0.574610
vt 0.180537 0.575282
vt 0.178394 0.578466
vt 0.181756 0.577886
vt 0.183351 0.578564
vt 0.180246 0.577706
vt 0.182116 0.570033
vt 0.182596 0.571606
vt 0.182041 0.571645
vt 0.180129 0.569339
vt 0.182200 0.570790
vt 0.181678 0.570989
vt 0.181526 0.571956
vt 0.181489 0.570346
vt 0.182078 0.571979
vt 0.181719 0.571042
vt 0.183309 0.569437
vt 0.182257 0.571191
vt 0.181955 0.575955
vt 0.183442 0.577840
vt 0.181914 0.577864
vt 0.182116 0.569969
vt 0.182053 0.570020
vt 0.182039 0.569967
vt 0.182053 0.569914
vt 0.182116 0.569904
vt 0.180367 0.577767
vt 0.180449 0.575860
vt 0.181197 0.570843
vt 0.183268 0.569391
vt 0.180088 0.569384
vt 0.181140 0.571138
vt 0.183083 0.576465
vt 0.181596 0.578329
vt 0.181602 0.576487
vt 0.182179 0.569917
vt 0.182178 0.570023
vt 0.182193 0.569971
vt 0.180440 0.575494
vt 0.181643 0.577307
vt 0.180088 0.577348
vt 0.181363 0.570347
vt 0.180964 0.571987
vt 0.181482 0.571580
vt 0.180854 0.573689
vt 0.181984 0.573834
vt 0.181585 0.573676
vt 0.180450 0.573753
vt 0.182281 0.572989
vt 0.181217 0.573351
vt 0.180085 0.572578
vt 0.181116 0.573041
vt 0.182180 0.573403
vt 0.182699 0.573737
vt 0.183312 0.572526
vt 0.183104 0.573743
vt 0.183442 0.575931
vt 0.183423 0.575278
vt 0.181954 0.575453
vt 0.181443 0.575506
vt 0.182957 0.575546
vt 0.179974 0.575331
vt 0.180091 0.576487
vt 0.180714 0.572033
vt 0.179550 0.570196
vt 0.181126 0.570196
vt 0.182552 0.570868
vt 0.182552 0.572445
vt 0.181879 0.573871
vt 0.178877 0.573198
vt 0.180303 0.573871
vt 0.180043 0.578329
vt 0.181754 0.577359
vt 0.183153 0.577127
vt 0.180244 0.577179
vt 0.180733 0.570079
vt 0.181214 0.571652
vt 0.180659 0.571691
vt 0.180228 0.569468
vt 0.182299 0.570919
vt 0.181777 0.571118
vt 0.181531 0.571302
vt 0.181494 0.569692
vt 0.182083 0.571325
vt 0.179979 0.572195
vt 0.181569 0.570590
vt 0.180517 0.572344
vt 0.180572 0.576001
vt 0.182059 0.577886
vt 0.180531 0.577910
vt 0.180733 0.570015
vt 0.180670 0.570066
vt 0.180656 0.570013
vt 0.180671 0.569960
vt 0.180733 0.569950
vt 0.178985 0.577813
vt 0.179067 0.575906
vt 0.179457 0.571996
vt 0.181528 0.570544
vt 0.180187 0.569513
vt 0.181239 0.571267
vt 0.183088 0.575811
vt 0.181601 0.577675
vt 0.181607 0.575833
vt 0.180796 0.569963
vt 0.180796 0.570069
vt 0.180810 0.570017
vt 0.180539 0.575622
vt 0.181742 0.577435
vt 0.180187 0.577477
vt 0.181368 0.569693
vt 0.180969 0.571333
vt 0.180099 0.571626
vt 0.179471 0.573735
vt 0.180601 0.573880
vt 0.181590 0.573022
vt 0.180455 0.573099
vt 0.182380 0.573118
vt 0.181316 0.573479
vt 0.178344 0.573731
vt 0.179376 0.574195
vt 0.180440 0.574556
vt 0.182705 0.573083
vt 0.183411 0.572655
vt 0.181722 0.573789
vt 0.182059 0.575977
vt 0.183522 0.575407
vt 0.182053 0.575582
vt 0.179703 0.576659
vt 0.181216 0.576699
vt 0.178233 0.576484
vt 0.180096 0.575833
vt 0.179634 0.571681
vt 0.178469 0.569844
vt 0.180046 0.569844
vt 0.181472 0.570516
vt 0.181472 0.572093
vt 0.180799 0.573519
vt 0.177797 0.572846
vt 0.179222 0.573519
vt 0.180048 0.577675
vt 0.180014 0.578512
vt 0.183252 0.577255
vt 0.178504 0.578332
vt 0.181601 0.570534
vt 0.182081 0.572107
vt 0.181526 0.572146
vt 0.181668 0.570448
vt 0.183739 0.571899
vt 0.183217 0.572098
vt 0.182286 0.571559
vt 0.182248 0.569949
vt 0.182838 0.571582
vt 0.180974 0.572313
vt 0.182564 0.570708
vt 0.181512 0.572462
vt 0.181440 0.576455
vt 0.182927 0.578341
vt 0.181399 0.578365
vt 0.181601 0.570470
vt 0.181538 0.570521
vt 0.181524 0.570468
vt 0.181538 0.570415
vt 0.181601 0.570405
vt 0.179852 0.578268
vt 0.179934 0.576361
vt 0.180452 0.572114
vt 0.182523 0.570662
vt 0.181628 0.570493
vt 0.182679 0.572247
vt 0.183842 0.576068
vt 0.182355 0.577932
vt 0.182362 0.576090
vt 0.181664 0.570418
vt 0.181663 0.570524
vt 0.181678 0.570471
vt 0.181980 0.576602
vt 0.183183 0.578415
vt 0.181628 0.578457
vt 0.182123 0.569950
vt 0.181723 0.571590
vt 0.180967 0.572081
vt 0.180339 0.574190
vt 0.181469 0.574335
vt 0.182345 0.573279
vt 0.181210 0.573356
vt 0.183821 0.574098
vt 0.182756 0.574459
vt 0.179340 0.573850
vt 0.180371 0.574313
vt 0.181435 0.574674
vt 0.183459 0.573340
vt 0.184852 0.573635
vt 0.182589 0.574244
vt 0.182927 0.576432
vt 0.184963 0.576387
vt 0.183493 0.576562
vt 0.180698 0.576777
vt 0.182212 0.576817
vt 0.179229 0.576602
vt 0.180851 0.576090
vt 0.181284 0.570953
vt 0.180119 0.569116
vt 0.181696 0.569116
vt 0.183122 0.569789
vt 0.183122 0.571365
vt 0.182449 0.572791
vt 0.179447 0.572118
vt 0.180872 0.572791
vt 0.180803 0.577932
vt 0.181009 0.578630
vt 0.184692 0.578236
vt 0.179499 0.578450
vt 0.181455 0.570308
vt 0.181936 0.571881
vt 0.181381 0.571920
vt 0.180289 0.570011
vt 0.182360 0.571463
vt 0.181838 0.571662
vt 0.181165 0.571969
vt 0.181127 0.570359
vt 0.181717 0.571992
vt 0.182019 0.570977
vt 0.183609 0.569371
vt 0.182557 0.571125
vt 0.181294 0.576230
vt 0.182781 0.578115
vt 0.181254 0.578139
vt 0.181455 0.570244
vt 0.181392 0.570295
vt 0.181378 0.570242
vt 0.181393 0.570189
vt 0.181456 0.570179
vt 0.179707 0.578042
vt 0.179789 0.576135
vt 0.181498 0.570778
vt 0.183568 0.569326
vt 0.180249 0.570057
vt 0.181300 0.571811
vt 0.182721 0.576479
vt 0.181234 0.578342
vt 0.181241 0.576500
vt 0.181518 0.570192
vt 0.181518 0.570298
vt 0.181532 0.570246
vt 0.180601 0.576166
vt 0.181803 0.577979
vt 0.180249 0.578020
vt 0.181002 0.570360
vt 0.180602 0.572000
vt 0.180821 0.571855
vt 0.180194 0.573964
vt 0.181323 0.574109
vt 0.181224 0.573689
vt 0.180088 0.573766
vt 0.182442 0.573661
vt 0.181377 0.574023
vt 0.180385 0.572513
vt 0.181416 0.572976
vt 0.182480 0.573338
vt 0.182338 0.573750
vt 0.183473 0.573198
vt 0.182444 0.574018
vt 0.182781 0.576206
vt 0.183584 0.575951
vt 0.182114 0.576126
vt 0.181744 0.575441
vt 0.183257 0.575481
vt 0.180274 0.575265
vt 0.179730 0.576500
vt 0.179983 0.573186
vt 0.178818 0.571349
vt 0.180395 0.571349
vt 0.181821 0.572022
vt 0.181821 0.573598
vt 0.181148 0.575024
vt 0.178146 0.574351
vt 0.179571 0.575024
vt 0.179682 0.578342
vt 0.182054 0.577294
vt 0.183313 0.577799
vt 0.180545 0.577114
vt 0.181165 0.570570
vt 0.181645 0.572143
vt 0.181090 0.572182
vt 0.180049 0.569575
vt 0.182119 0.571027
vt 0.181598 0.571226
vt 0.181380 0.571352
vt 0.181343 0.569741
vt 0.181932 0.571375
vt 0.181095 0.571576
vt 0.182685 0.569971
vt 0.181634 0.571725
vt 0.181004 0.576491
vt 0.182490 0.578377
vt 0.180963 0.578401
vt 0.181165 0.570505
vt 0.181102 0.570557
vt 0.181088 0.570504
vt 0.181102 0.570451
vt 0.181165 0.570441
vt 0.179416 0.578304
vt 0.179498 0.576397
vt 0.180574 0.571377
vt 0.182645 0.569926
vt 0.180008 0.569621
vt 0.181059 0.571375
vt 0.182937 0.575861
vt 0.181449 0.577725
vt 0.181456 0.575882
vt 0.181228 0.570454
vt 0.181227 0.570560
vt 0.181242 0.570507
vt 0.180360 0.575730
vt 0.181563 0.577543
vt 0.180008 0.577585
vt 0.181217 0.569742
vt 0.180818 0.571383
vt 0.180531 0.572117
vt 0.179903 0.574226
vt 0.181033 0.574371
vt 0.181439 0.573071
vt 0.180304 0.573148
vt 0.182201 0.573226
vt 0.181136 0.573587
vt 0.179461 0.573113
vt 0.180492 0.573576
vt 0.181557 0.573938
vt 0.182553 0.573132
vt 0.183232 0.572763
vt 0.182153 0.574279
vt 0.182490 0.576468
vt 0.183343 0.575515
vt 0.181873 0.575690
vt 0.180820 0.576040
vt 0.182333 0.576081
vt 0.179350 0.575865
vt 0.179945 0.575882
vt 0.182062 0.572106
vt 0.180897 0.570269
vt 0.182474 0.570269
vt 0.183899 0.570941
vt 0.183899 0.572518
vt 0.183227 0.573943
vt 0.180224 0.573271
vt 0.181650 0.573943
vt 0.179897 0.577725
vt 0.181130 0.577894
vt 0.183072 0.577363
vt 0.179621 0.577714
vt 0.181778 0.569707
vt 0.182258 0.571280
vt 0.181703 0.571318
vt 0.178287 0.569630
vt 0.180358 0.571082
vt 0.179836 0.571281
vt 0.180808 0.571918
vt 0.180770 0.570308
vt 0.181360 0.571941
vt 0.180708 0.570702
vt 0.182298 0.569097
vt 0.181246 0.570851
vt 0.181617 0.575628
vt 0.183104 0.577513
vt 0.181576 0.577537
vt 0.181778 0.569642
vt 0.181715 0.569693
vt 0.181701 0.569640
vt 0.181715 0.569587
vt 0.181778 0.569577
vt 0.180029 0.577440
vt 0.180111 0.575533
vt 0.180186 0.570503
vt 0.182257 0.569052
vt 0.178246 0.569676
vt 0.179298 0.571430
vt 0.182364 0.576427
vt 0.180877 0.578291
vt 0.180883 0.576449
vt 0.181841 0.569590
vt 0.181840 0.569696
vt 0.181855 0.569644
vt 0.178598 0.575785
vt 0.179801 0.577598
vt 0.178246 0.577640
vt 0.180645 0.570309
vt 0.180245 0.571949
vt 0.181144 0.571253
vt 0.180516 0.573362
vt 0.181646 0.573507
vt 0.180866 0.573638
vt 0.179731 0.573715
vt 0.180439 0.573281
vt 0.179375 0.573642
vt 0.179074 0.572239
vt 0.180105 0.572702
vt 0.181169 0.573064
vt 0.181981 0.573699
vt 0.181470 0.572818
vt 0.182766 0.573416
vt 0.183104 0.575604
vt 0.181581 0.575570
vt 0.180112 0.575745
vt 0.180432 0.575166
vt 0.181946 0.575207
vt 0.178963 0.574991
vt 0.179372 0.576449
vt 0.182080 0.575738
vt 0.180915 0.573901
vt 0.182492 0.573901
vt 0.183918 0.574574
vt 0.183918 0.576150
vt 0.183245 0.577576
vt 0.180243 0.576903
vt 0.181668 0.577576
vt 0.179325 0.578291
vt 0.180743 0.577020
vt 0.181311 0.577418
vt 0.179233 0.576840
vt 0.182160 0.570511
vt 0.182641 0.572084
vt 0.182086 0.572123
vt 0.179804 0.570765
vt 0.181875 0.572216
vt 0.181353 0.572415
vt 0.181122 0.572568
vt 0.181085 0.570958
vt 0.181674 0.572592
vt 0.180754 0.571517
vt 0.182344 0.569912
vt 0.181292 0.571666
vt 0.182000 0.576433
vt 0.183486 0.578318
vt 0.181959 0.578342
vt 0.182161 0.570447
vt 0.182098 0.570498
vt 0.182084 0.570445
vt 0.182098 0.570392
vt 0.182161 0.570382
vt 0.180412 0.578245
vt 0.180494 0.576338
vt 0.180232 0.571318
vt 0.182303 0.569866
vt 0.179763 0.570810
vt 0.180815 0.572564
vt 0.182678 0.577078
vt 0.181191 0.578941
vt 0.181198 0.577099
vt 0.182224 0.570395
vt 0.182223 0.570501
vt 0.182238 0.570449
vt 0.180115 0.576920
vt 0.181318 0.578733
vt 0.179763 0.578774
vt 0.180959 0.570959
vt 0.180560 0.572600
vt 0.181526 0.572058
vt 0.180899 0.574167
vt 0.182028 0.574312
vt 0.181181 0.574288
vt 0.180046 0.574365
vt 0.181956 0.574415
vt 0.180892 0.574777
vt 0.179120 0.573053
vt 0.180151 0.573516
vt 0.181215 0.573878
vt 0.182295 0.574349
vt 0.182987 0.573952
vt 0.183149 0.574221
vt 0.183486 0.576409
vt 0.183098 0.576704
vt 0.181629 0.576879
vt 0.180478 0.575981
vt 0.181992 0.576021
vt 0.179009 0.575806
vt 0.179687 0.577099
vt 0.181562 0.575162
vt 0.180398 0.573325
vt 0.181974 0.573325
vt 0.183400 0.573997
vt 0.183400 0.575574
vt 0.182727 0.577000
vt 0.179725 0.576327
vt 0.181151 0.577000
vt 0.179639 0.578941
vt 0.180789 0.577834
vt 0.182828 0.578553
vt 0.179279 0.577654
vt 0.181508 0.570011
vt 0.181988 0.571584
vt 0.181433 0.571622
vt 0.178281 0.570382
vt 0.180352 0.571834
vt 0.179830 0.572033
vt 0.180118 0.572088
vt 0.180081 0.570477
vt 0.180670 0.572111
vt 0.179830 0.572117
vt 0.181420 0.570511
vt 0.180368 0.572265
vt 0.181347 0.575932
vt 0.182834 0.577818
vt 0.181306 0.577842
vt 0.181508 0.569946
vt 0.181445 0.569997
vt 0.181431 0.569944
vt 0.181445 0.569892
vt 0.181508 0.569881
vt 0.179759 0.577744
vt 0.179841 0.575837
vt 0.179308 0.571918
vt 0.181379 0.570466
vt 0.178240 0.570428
vt 0.179292 0.572182
vt 0.181675 0.576597
vt 0.180187 0.578461
vt 0.180194 0.576618
vt 0.181571 0.569895
vt 0.181570 0.570000
vt 0.181585 0.569948
vt 0.178592 0.576537
vt 0.179795 0.578350
vt 0.178240 0.578392
vt 0.179955 0.570478
vt 0.179556 0.572119
vt 0.180874 0.571557
vt 0.180246 0.573667
vt 0.181376 0.573811
vt 0.180177 0.573807
vt 0.179042 0.573884
vt 0.180433 0.574033
vt 0.179369 0.574394
vt 0.178196 0.573653
vt 0.179227 0.574116
vt 0.180291 0.574478
vt 0.181291 0.573868
vt 0.181464 0.573570
vt 0.182496 0.573720
vt 0.182834 0.575908
vt 0.181575 0.576322
vt 0.180106 0.576497
vt 0.179554 0.576581
vt 0.181068 0.576621
vt 0.178085 0.576405
vt 0.178683 0.576618
vt 0.180130 0.574082
vt 0.178965 0.572244
vt 0.180542 0.572244
vt 0.181968 0.572917
vt 0.181967 0.574493
vt 0.181295 0.575919
vt 0.178293 0.575247
vt 0.179718 0.575919
vt 0.178635 0.578461
vt 0.179865 0.578434
vt 0.181305 0.578170
vt 0.178355 0.578254
vt 0.179964 0.570542
vt 0.180444 0.572115
vt 0.179889 0.572153
vt 0.179300 0.570096
vt 0.181371 0.571547
vt 0.180849 0.571746
vt 0.179714 0.572327
vt 0.179676 0.570717
vt 0.180266 0.572350
vt 0.182287 0.571114
vt 0.183877 0.569509
vt 0.182826 0.571263
vt 0.179803 0.576463
vt 0.181290 0.578348
vt 0.179762 0.578373
vt 0.179964 0.570477
vt 0.179901 0.570528
vt 0.179887 0.570475
vt 0.179901 0.570423
vt 0.179964 0.570412
vt 0.178215 0.578275
vt 0.178297 0.576368
vt 0.181766 0.570915
vt 0.183837 0.569464
vt 0.179259 0.570141
vt 0.180311 0.571895
vt 0.181270 0.576836
vt 0.179783 0.578700
vt 0.179789 0.576858
vt 0.180027 0.570426
vt 0.180026 0.570531
vt 0.180041 0.570479
vt 0.179612 0.576251
vt 0.180814 0.578064
vt 0.179259 0.578105
vt 0.179551 0.570717
vt 0.179151 0.572358
vt 0.179330 0.572088
vt 0.178702 0.574198
vt 0.179832 0.574342
vt 0.179773 0.574047
vt 0.178637 0.574124
vt 0.181452 0.573746
vt 0.180388 0.574108
vt 0.180653 0.572651
vt 0.181684 0.573114
vt 0.182749 0.573476
vt 0.180887 0.574108
vt 0.182484 0.573283
vt 0.180952 0.574251
vt 0.181290 0.576439
vt 0.182595 0.576035
vt 0.181125 0.576210
vt 0.182012 0.575578
vt 0.183525 0.575619
vt 0.180542 0.575403
vt 0.178278 0.576858
vt 0.182302 0.571663
vt 0.181138 0.569826
vt 0.182714 0.569826
vt 0.184140 0.570499
vt 0.184140 0.572075
vt 0.183467 0.573501
vt 0.180465 0.572828
vt 0.181891 0.573501
vt 0.178231 0.578700
vt 0.182322 0.577432
vt 0.182324 0.577884
vt 0.180813 0.577252
vt 0.180550 0.570269
vt 0.181031 0.571842
vt 0.180476 0.571881
vt 0.179761 0.570902
vt 0.181832 0.572354
vt 0.181310 0.572553
vt 0.181191 0.571247
vt 0.181154 0.569636
vt 0.181743 0.571270
vt 0.181006 0.571585
vt 0.182595 0.569980
vt 0.181544 0.571734
vt 0.180389 0.576190
vt 0.181876 0.578076
vt 0.180349 0.578100
vt 0.180550 0.570205
vt 0.180487 0.570256
vt 0.180473 0.570203
vt 0.180488 0.570150
vt 0.180550 0.570140
vt 0.178802 0.578003
vt 0.178884 0.576096
vt 0.180484 0.571386
vt 0.182555 0.569935
vt 0.179720 0.570947
vt 0.180772 0.572701
vt 0.182748 0.575756
vt 0.181260 0.577619
vt 0.181267 0.575777
vt 0.180613 0.570153
vt 0.180613 0.570259
vt 0.180627 0.570206
vt 0.180072 0.577057
vt 0.181275 0.578870
vt 0.179720 0.578911
vt 0.181028 0.569637
vt 0.180629 0.571278
vt 0.179916 0.571816
vt 0.179289 0.573925
vt 0.180418 0.574070
vt 0.181250 0.572966
vt 0.180115 0.573043
vt 0.181913 0.574552
vt 0.180849 0.574914
vt 0.179371 0.573122
vt 0.180402 0.573585
vt 0.181467 0.573946
vt 0.182364 0.573027
vt 0.182944 0.574089
vt 0.181539 0.573979
vt 0.181876 0.576167
vt 0.183055 0.576841
vt 0.181586 0.577017
vt 0.180730 0.576049
vt 0.182243 0.576089
vt 0.179260 0.575874
vt 0.179756 0.575777
vt 0.182027 0.573609
vt 0.180862 0.571771
vt 0.182438 0.571771
vt 0.183864 0.572444
vt 0.183864 0.574020
vt 0.183191 0.575446
vt 0.180189 0.574774
vt 0.181615 0.575446
vt 0.179708 0.577619
vt 0.181041 0.577902
vt 0.182785 0.578690
vt 0.179531 0.577723
vt 0.180898 0.570294
vt 0.181378 0.571867
vt 0.180824 0.571905
vt 0.178374 0.569870
vt 0.180445 0.571322
vt 0.179923 0.571521
vt 0.181522 0.571880
vt 0.181485 0.570270
vt 0.182074 0.571903
vt 0.179342 0.572256
vt 0.180932 0.570651
vt 0.179881 0.572405
vt 0.180737 0.576215
vt 0.182224 0.578100
vt 0.180696 0.578124
vt 0.180898 0.570229
vt 0.180835 0.570280
vt 0.180821 0.570227
vt 0.180835 0.570174
vt 0.180898 0.570164
vt 0.179150 0.578027
vt 0.179231 0.576120
vt 0.178821 0.572057
vt 0.180892 0.570606
vt 0.178334 0.569916
vt 0.179385 0.571670
vt 0.183079 0.576389
vt 0.181592 0.578253
vt 0.181598 0.576411
vt 0.180961 0.570177
vt 0.180961 0.570283
vt 0.180975 0.570231
vt 0.178686 0.576025
vt 0.179888 0.577838
vt 0.178334 0.577879
vt 0.181359 0.570271
vt 0.180960 0.571911
vt 0.180264 0.571840
vt 0.179636 0.573949
vt 0.180766 0.574094
vt 0.181581 0.573600
vt 0.180446 0.573677
vt 0.180527 0.573520
vt 0.179462 0.573882
vt 0.177708 0.573793
vt 0.178739 0.574256
vt 0.179804 0.574618
vt 0.182696 0.573661
vt 0.181558 0.573057
vt 0.181887 0.574003
vt 0.182224 0.576191
vt 0.181669 0.575810
vt 0.180199 0.575985
vt 0.179067 0.576720
vt 0.180580 0.576761
vt 0.177597 0.576545
vt 0.180087 0.576411
vt 0.181740 0.572443
vt 0.180575 0.570606
vt 0.182152 0.570606
vt 0.183578 0.571279
vt 0.183578 0.572855
vt 0.182905 0.574281
vt 0.179903 0.573608
vt 0.181329 0.574281
vt 0.180039 0.578253
vt 0.179377 0.578574
vt 0.181398 0.577658
vt 0.177868 0.578394
vt 0.181393 0.570251
vt 0.181873 0.571824
vt 0.181318 0.571863
vt 0.180173 0.570269
vt 0.182244 0.571720
vt 0.181723 0.571919
vt 0.181672 0.571813
vt 0.181634 0.570203
vt 0.182224 0.571837
vt 0.179342 0.572246
vt 0.180932 0.570641
vt 0.179881 0.572395
vt 0.181232 0.576172
vt 0.182718 0.578058
vt 0.181191 0.578082
vt 0.181393 0.570186
vt 0.181330 0.570238
vt 0.181316 0.570185
vt 0.181330 0.570132
vt 0.181393 0.570122
vt 0.179644 0.577985
vt 0.179726 0.576078
vt 0.178821 0.572047
vt 0.180892 0.570596
vt 0.180133 0.570314
vt 0.181184 0.572068
vt 0.183228 0.576323
vt 0.181741 0.578186
vt 0.181748 0.576344
vt 0.181456 0.570135
vt 0.181455 0.570241
vt 0.181470 0.570188
vt 0.180485 0.576423
vt 0.181688 0.578236
vt 0.180133 0.578278
vt 0.181509 0.570204
vt 0.181109 0.571845
vt 0.180759 0.571798
vt 0.180131 0.573907
vt 0.181261 0.574052
vt 0.181731 0.573533
vt 0.180596 0.573610
vt 0.182326 0.573919
vt 0.181261 0.574280
vt 0.177708 0.573783
vt 0.178739 0.574246
vt 0.179804 0.574608
vt 0.182845 0.573594
vt 0.183357 0.573456
vt 0.182381 0.573960
vt 0.182718 0.576149
vt 0.183468 0.576208
vt 0.181998 0.576383
vt 0.179067 0.576710
vt 0.180580 0.576751
vt 0.177597 0.576535
vt 0.180237 0.576344
vt 0.181480 0.574270
vt 0.180315 0.572433
vt 0.181892 0.572433
vt 0.183318 0.573106
vt 0.183318 0.574682
vt 0.182645 0.576108
vt 0.179643 0.575435
vt 0.181068 0.576108
vt 0.180189 0.578186
vt 0.179377 0.578564
vt 0.183197 0.578056
vt 0.177868 0.578384
vt 0.181341 0.570171
vt 0.181821 0.571744
vt 0.181267 0.571783
vt 0.179568 0.570234
vt 0.181639 0.571685
vt 0.181118 0.571884
vt 0.180869 0.571584
vt 0.180832 0.569973
vt 0.181421 0.571607
vt 0.180559 0.571813
vt 0.182149 0.570208
vt 0.181097 0.571962
vt 0.181180 0.576092
vt 0.182667 0.577978
vt 0.181139 0.578002
vt 0.181341 0.570107
vt 0.181278 0.570158
vt 0.181264 0.570105
vt 0.181278 0.570052
vt 0.181341 0.570042
vt 0.179592 0.577905
vt 0.179674 0.575998
vt 0.180037 0.571614
vt 0.182108 0.570163
vt 0.179528 0.570279
vt 0.180579 0.572033
vt 0.182426 0.576093
vt 0.180939 0.577957
vt 0.180945 0.576114
vt 0.181404 0.570055
vt 0.181404 0.570161
vt 0.181418 0.570108
vt 0.179880 0.576389
vt 0.181083 0.578202
vt 0.179528 0.578243
vt 0.180706 0.569974
vt 0.180307 0.571615
vt 0.180707 0.571718
vt 0.180079 0.573827
vt 0.181209 0.573972
vt 0.180928 0.573304
vt 0.179793 0.573381
vt 0.181721 0.573884
vt 0.180656 0.574246
vt 0.178925 0.573350
vt 0.179956 0.573813
vt 0.181020 0.574174
vt 0.182043 0.573365
vt 0.182752 0.573421
vt 0.182329 0.573881
vt 0.182667 0.576069
vt 0.182863 0.576173
vt 0.181393 0.576348
vt 0.180283 0.576277
vt 0.181797 0.576317
vt 0.178814 0.576102
vt 0.179434 0.576114
vt 0.181781 0.574149
vt 0.180616 0.572311
vt 0.182193 0.572311
vt 0.183618 0.572984
vt 0.183618 0.574561
vt 0.182946 0.575986
vt 0.179943 0.575314
vt 0.181369 0.575986
vt 0.179386 0.577957
vt 0.180594 0.578130
vt 0.182592 0.578022
vt 0.179084 0.577950
vt 0.179390 0.570487
vt 0.179870 0.572060
vt 0.179315 0.572099
vt 0.178633 0.569601
vt 0.180704 0.571052
vt 0.180183 0.571251
vt 0.179923 0.572475
vt 0.179885 0.570865
vt 0.180475 0.572498
vt 0.179678 0.572387
vt 0.181268 0.570781
vt 0.180216 0.572536
vt 0.179229 0.576409
vt 0.180716 0.578294
vt 0.179188 0.578318
vt 0.179390 0.570423
vt 0.179327 0.570474
vt 0.179313 0.570421
vt 0.179327 0.570368
vt 0.179390 0.570358
vt 0.177641 0.578221
vt 0.177723 0.576314
vt 0.179156 0.572188
vt 0.181227 0.570736
vt 0.178593 0.569646
vt 0.179644 0.571400
vt 0.181479 0.576984
vt 0.179992 0.578848
vt 0.179998 0.577006
vt 0.179453 0.570371
vt 0.179452 0.570477
vt 0.179467 0.570425
vt 0.178945 0.575755
vt 0.180148 0.577569
vt 0.178593 0.577610
vt 0.179760 0.570866
vt 0.179360 0.572506
vt 0.178756 0.572034
vt 0.178128 0.574143
vt 0.179258 0.574288
vt 0.179982 0.574195
vt 0.178846 0.574272
vt 0.180786 0.573251
vt 0.179721 0.573613
vt 0.178044 0.573923
vt 0.179075 0.574386
vt 0.180139 0.574748
vt 0.181096 0.574256
vt 0.181817 0.572788
vt 0.180378 0.574197
vt 0.180716 0.576385
vt 0.181928 0.575540
vt 0.180458 0.575715
vt 0.179402 0.576851
vt 0.180916 0.576891
vt 0.177933 0.576676
vt 0.178487 0.577006
vt 0.181444 0.571653
vt 0.180280 0.569816
vt 0.181856 0.569816
vt 0.183282 0.570489
vt 0.183282 0.572065
vt 0.182609 0.573491
vt 0.179607 0.572818
vt 0.181033 0.573491
vt 0.178440 0.578848
vt 0.179713 0.578704
vt 0.181657 0.577389
vt 0.178204 0.578524
vt 0.181211 0.571036
vt 0.181691 0.572609
vt 0.181137 0.572647
vt 0.180214 0.570634
vt 0.182285 0.572085
vt 0.181763 0.572285
vt 0.181868 0.571129
vt 0.181830 0.569518
vt 0.182420 0.571152
vt 0.180885 0.571864
vt 0.182475 0.570259
vt 0.181423 0.572013
vt 0.181050 0.576957
vt 0.182537 0.578843
vt 0.181009 0.578867
vt 0.181211 0.570971
vt 0.181148 0.571023
vt 0.181134 0.570969
vt 0.181148 0.570917
vt 0.181211 0.570906
vt 0.179463 0.578770
vt 0.179544 0.576862
vt 0.180363 0.571665
vt 0.182434 0.570213
vt 0.180173 0.570679
vt 0.181225 0.572433
vt 0.183424 0.575638
vt 0.181937 0.577502
vt 0.181943 0.575659
vt 0.181274 0.570920
vt 0.181274 0.571025
vt 0.181288 0.570973
vt 0.180525 0.576789
vt 0.181728 0.578602
vt 0.180173 0.578643
vt 0.181705 0.569519
vt 0.181305 0.571160
vt 0.180577 0.572582
vt 0.179949 0.574692
vt 0.181079 0.574836
vt 0.181927 0.572848
vt 0.180791 0.572926
vt 0.182366 0.574284
vt 0.181302 0.574646
vt 0.179250 0.573400
vt 0.180282 0.573863
vt 0.181346 0.574225
vt 0.183041 0.572910
vt 0.183397 0.573821
vt 0.182199 0.574745
vt 0.182537 0.576933
vt 0.183508 0.576573
vt 0.182039 0.576748
vt 0.180609 0.576328
vt 0.182122 0.576368
vt 0.179139 0.576153
vt 0.180433 0.575659
vt 0.182295 0.573679
vt 0.181130 0.571842
vt 0.182706 0.571842
vt 0.184132 0.572515
vt 0.184132 0.574091
vt 0.183459 0.575517
vt 0.180457 0.574844
vt 0.181883 0.575517
vt 0.180385 0.577502
vt 0.180920 0.578181
vt 0.183238 0.578422
vt 0.179410 0.578001
vt 0.180494 0.570340
vt 0.180974 0.571913
vt 0.180419 0.571952
vt 0.178121 0.570479
vt 0.180192 0.571931
vt 0.179670 0.572130
vt 0.181350 0.571975
vt 0.181313 0.570365
vt 0.181902 0.571998
vt 0.180634 0.571074
vt 0.182223 0.569469
vt 0.181172 0.571223
vt 0.180333 0.576261
vt 0.181820 0.578147
vt 0.180292 0.578171
vt 0.180494 0.570275
vt 0.180431 0.570327
vt 0.180417 0.570274
vt 0.180431 0.570221
vt 0.180494 0.570211
vt 0.178745 0.578074
vt 0.178827 0.576167
vt 0.180112 0.570875
vt 0.182183 0.569424
vt 0.178080 0.570525
vt 0.179132 0.572279
vt 0.182907 0.576484
vt 0.181420 0.578348
vt 0.181426 0.576506
vt 0.180557 0.570224
vt 0.180556 0.570330
vt 0.180571 0.570277
vt 0.178432 0.576634
vt 0.179635 0.578447
vt 0.178080 0.578488
vt 0.181187 0.570366
vt 0.180788 0.572006
vt 0.179860 0.571887
vt 0.179232 0.573996
vt 0.180362 0.574141
vt 0.181409 0.573695
vt 0.180274 0.573772
vt 0.180273 0.574129
vt 0.179209 0.574491
vt 0.178999 0.572611
vt 0.180031 0.573074
vt 0.181095 0.573436
vt 0.182524 0.573756
vt 0.181304 0.573666
vt 0.181482 0.574049
vt 0.181820 0.576238
vt 0.181415 0.576419
vt 0.179946 0.576594
vt 0.180358 0.575538
vt 0.181871 0.575579
vt 0.178888 0.575363
vt 0.179915 0.576506
vt 0.181078 0.574346
vt 0.179913 0.572508
vt 0.181489 0.572508
vt 0.182915 0.573181
vt 0.182915 0.574758
vt 0.182242 0.576183
vt 0.179240 0.575511
vt 0.180666 0.576183
vt 0.179867 0.578348
vt 0.180669 0.577392
vt 0.181145 0.578267
vt 0.179159 0.577212
vt 0.181233 0.570219
vt 0.181713 0.571792
vt 0.181159 0.571831
vt 0.179835 0.569942
vt 0.181906 0.571393
vt 0.181384 0.571592
vt 0.181639 0.571196
vt 0.181601 0.569585
vt 0.182191 0.571219
vt 0.180013 0.569945
vt 0.181603 0.568340
vt 0.180551 0.570094
vt 0.181072 0.576141
vt 0.182559 0.578026
vt 0.181031 0.578050
vt 0.181233 0.570155
vt 0.181170 0.570206
vt 0.181156 0.570153
vt 0.181170 0.570100
vt 0.181233 0.570090
vt 0.179485 0.577953
vt 0.179566 0.576046
vt 0.179491 0.569746
vt 0.181562 0.568295
vt 0.179794 0.569987
vt 0.180846 0.571741
vt 0.183195 0.575705
vt 0.181708 0.577568
vt 0.181714 0.575726
vt 0.181296 0.570103
vt 0.181296 0.570209
vt 0.181310 0.570156
vt 0.180146 0.576096
vt 0.181349 0.577909
vt 0.179794 0.577951
vt 0.181476 0.569586
vt 0.181076 0.571227
vt 0.180599 0.571766
vt 0.179971 0.573875
vt 0.181101 0.574020
vt 0.181697 0.572915
vt 0.180562 0.572992
vt 0.181987 0.573592
vt 0.180923 0.573953
vt 0.178379 0.571482
vt 0.179410 0.571945
vt 0.180474 0.572307
vt 0.182812 0.572976
vt 0.183018 0.573129
vt 0.182222 0.573929
vt 0.182559 0.576117
vt 0.183129 0.575881
vt 0.181660 0.576056
vt 0.179737 0.574409
vt 0.181251 0.574450
vt 0.178268 0.574234
vt 0.180203 0.575726
vt 0.179961 0.572623
vt 0.178796 0.570785
vt 0.180373 0.570785
vt 0.181799 0.571458
vt 0.181799 0.573035
vt 0.181126 0.574460
vt 0.178124 0.573788
vt 0.179549 0.574460
vt 0.180156 0.577568
vt 0.180048 0.576263
vt 0.182859 0.577729
vt 0.178539 0.576083
vt 0.180573 0.570347
vt 0.181053 0.571920
vt 0.180498 0.571959
vt 0.179116 0.570587
vt 0.181187 0.572039
vt 0.180665 0.572238
vt 0.180337 0.572480
vt 0.180299 0.570870
vt 0.180889 0.572503
vt 0.181392 0.571664
vt 0.182982 0.570059
vt 0.181931 0.571813
vt 0.180412 0.576269
vt 0.181899 0.578154
vt 0.180371 0.578178
vt 0.180573 0.570283
vt 0.180510 0.570334
vt 0.180496 0.570281
vt 0.180510 0.570228
vt 0.180573 0.570218
vt 0.178824 0.578081
vt 0.178906 0.576174
vt 0.180871 0.571465
vt 0.182941 0.570014
vt 0.179075 0.570633
vt 0.180127 0.572387
vt 0.181893 0.576989
vt 0.180406 0.578853
vt 0.180413 0.577011
vt 0.180636 0.570231
vt 0.180635 0.570337
vt 0.180650 0.570285
vt 0.179427 0.576742
vt 0.180630 0.578555
vt 0.179075 0.578597
vt 0.180174 0.570871
vt 0.179774 0.572511
vt 0.179939 0.571894
vt 0.179311 0.574003
vt 0.180441 0.574148
vt 0.180396 0.574200
vt 0.179261 0.574277
vt 0.181268 0.574238
vt 0.180204 0.574599
vt 0.179758 0.573201
vt 0.180789 0.573664
vt 0.181854 0.574026
vt 0.181510 0.574261
vt 0.182299 0.573775
vt 0.181561 0.574057
vt 0.181899 0.576245
vt 0.182410 0.576527
vt 0.180941 0.576702
vt 0.181117 0.576128
vt 0.182630 0.576169
vt 0.179647 0.575953
vt 0.178902 0.577011
vt 0.180620 0.573688
vt 0.179456 0.571851
vt 0.181032 0.571851
vt 0.182458 0.572524
vt 0.182458 0.574100
vt 0.181785 0.575526
vt 0.178783 0.574853
vt 0.180209 0.575526
vt 0.178854 0.578853
vt 0.181427 0.577982
vt 0.182140 0.578375
vt 0.179918 0.577802
vt 0.180900 0.570279
vt 0.181381 0.571852
vt 0.180826 0.571891
vt 0.179806 0.570037
vt 0.181877 0.571488
vt 0.181355 0.571687
vt 0.181362 0.572327
vt 0.181325 0.570716
vt 0.181914 0.572350
vt 0.181140 0.571011
vt 0.182730 0.569406
vt 0.181679 0.571160
vt 0.180739 0.576200
vt 0.182226 0.578086
vt 0.180698 0.578110
vt 0.180900 0.570215
vt 0.180837 0.570266
vt 0.180823 0.570213
vt 0.180838 0.570160
vt 0.180900 0.570150
vt 0.179152 0.578013
vt 0.179234 0.576106
vt 0.180619 0.570812
vt 0.182690 0.569361
vt 0.179765 0.570082
vt 0.180817 0.571836
vt 0.182919 0.576836
vt 0.181431 0.578700
vt 0.181438 0.576857
vt 0.180963 0.570163
vt 0.180963 0.570269
vt 0.180977 0.570216
vt 0.180118 0.576191
vt 0.181320 0.578004
vt 0.179765 0.578046
vt 0.181199 0.570717
vt 0.180800 0.572358
vt 0.180266 0.571826
vt 0.179638 0.573935
vt 0.180768 0.574080
vt 0.181421 0.574046
vt 0.180286 0.574124
vt 0.181958 0.573687
vt 0.180894 0.574048
vt 0.179506 0.572548
vt 0.180537 0.573011
vt 0.181602 0.573373
vt 0.182535 0.574107
vt 0.182990 0.573224
vt 0.181889 0.573988
vt 0.182226 0.576177
vt 0.183100 0.575976
vt 0.181631 0.576151
vt 0.180865 0.575475
vt 0.182378 0.575516
vt 0.179395 0.575300
vt 0.179927 0.576857
vt 0.180892 0.574429
vt 0.179727 0.572591
vt 0.181304 0.572591
vt 0.182729 0.573264
vt 0.182729 0.574840
vt 0.182057 0.576266
vt 0.179054 0.575593
vt 0.180480 0.576266
vt 0.179879 0.578700
vt 0.181175 0.577329
vt 0.182830 0.577824
vt 0.179666 0.577149
vt 0.180162 0.570416
vt 0.180643 0.571989
vt 0.180088 0.572028
vt 0.179141 0.569401
vt 0.181212 0.570853
vt 0.180690 0.571052
vt 0.181443 0.572143
vt 0.181405 0.570533
vt 0.181995 0.572167
vt 0.180559 0.572363
vt 0.182148 0.570758
vt 0.181097 0.572512
vt 0.180002 0.576337
vt 0.181488 0.578223
vt 0.179961 0.578247
vt 0.180163 0.570351
vt 0.180100 0.570403
vt 0.180086 0.570350
vt 0.180100 0.570297
vt 0.180163 0.570287
vt 0.178414 0.578150
vt 0.178496 0.576243
vt 0.180037 0.572164
vt 0.182108 0.570713
vt 0.179100 0.569447
vt 0.180152 0.571201
vt 0.182999 0.576653
vt 0.181512 0.578516
vt 0.181518 0.576674
vt 0.180226 0.570300
vt 0.180225 0.570406
vt 0.180240 0.570353
vt 0.179453 0.575556
vt 0.180655 0.577369
vt 0.179100 0.577410
vt 0.181280 0.570534
vt 0.180880 0.572175
vt 0.179528 0.571963
vt 0.178901 0.574072
vt 0.180030 0.574217
vt 0.181502 0.573863
vt 0.180366 0.573940
vt 0.181293 0.573052
vt 0.180229 0.573413
vt 0.178924 0.573900
vt 0.179955 0.574363
vt 0.181020 0.574725
vt 0.182616 0.573924
vt 0.182325 0.572588
vt 0.181151 0.574125
vt 0.181488 0.576314
vt 0.182435 0.575341
vt 0.180966 0.575516
vt 0.180283 0.576827
vt 0.181796 0.576868
vt 0.178813 0.576652
vt 0.180008 0.576674
vt 0.180939 0.571959
vt 0.179774 0.570121
vt 0.181350 0.570121
vt 0.182776 0.570794
vt 0.182776 0.572370
vt 0.182103 0.573796
vt 0.179101 0.573123
vt 0.180527 0.573796
vt 0.179960 0.578516
vt 0.180593 0.578681
vt 0.182165 0.577189
vt 0.179084 0.578501
vt 0.181669 0.570185
vt 0.182150 0.571758
vt 0.181595 0.571797
vt 0.177677 0.570280
vt 0.179748 0.571731
vt 0.179226 0.571930
vt 0.181996 0.571620
vt 0.181958 0.570009
vt 0.182548 0.571643
vt 0.180657 0.572492
vt 0.182247 0.570887
vt 0.181196 0.572641
vt 0.181508 0.576106
vt 0.182995 0.577992
vt 0.181468 0.578016
vt 0.181670 0.570121
vt 0.181607 0.570172
vt 0.181593 0.570119
vt 0.181607 0.570066
vt 0.181670 0.570056
vt 0.179921 0.577919
vt 0.180003 0.576012
vt 0.180136 0.572293
vt 0.182206 0.570842
vt 0.177636 0.570325
vt 0.178688 0.572079
vt 0.183552 0.576129
vt 0.182065 0.577993
vt 0.182071 0.576150
vt 0.181732 0.570069
vt 0.181732 0.570175
vt 0.181746 0.570122
vt 0.177988 0.576434
vt 0.179191 0.578247
vt 0.177636 0.578289
vt 0.181833 0.570010
vt 0.181433 0.571651
vt 0.181035 0.571732
vt 0.180408 0.573841
vt 0.181537 0.573986
vt 0.182055 0.573339
vt 0.180919 0.573417
vt 0.179829 0.573930
vt 0.178765 0.574291
vt 0.179023 0.574029
vt 0.180054 0.574492
vt 0.181119 0.574853
vt 0.183169 0.573401
vt 0.180860 0.573467
vt 0.182658 0.573895
vt 0.182995 0.576083
vt 0.180971 0.576219
vt 0.179502 0.576394
vt 0.180382 0.576956
vt 0.181895 0.576996
vt 0.178912 0.576781
vt 0.180561 0.576150
vt 0.180346 0.573871
vt 0.179182 0.572033
vt 0.180758 0.572033
vt 0.182184 0.572706
vt 0.182184 0.574282
vt 0.181511 0.575708
vt 0.178509 0.575035
vt 0.179935 0.575708
vt 0.180513 0.577993
vt 0.180692 0.578809
vt 0.180701 0.578067
vt 0.179183 0.578629
vt 0.181578 0.570002
vt 0.182059 0.571575
vt 0.181504 0.571613
vt 0.180137 0.569815
vt 0.182207 0.571266
vt 0.181686 0.571465
vt 0.180830 0.571417
vt 0.180793 0.569807
vt 0.181382 0.571440
vt 0.180994 0.571748
vt 0.182584 0.570143
vt 0.181532 0.571897
vt 0.181417 0.575923
vt 0.182904 0.577808
vt 0.181377 0.577832
vt 0.181578 0.569937
vt 0.181515 0.569988
vt 0.181502 0.569935
vt 0.181516 0.569882
vt 0.181579 0.569872
vt 0.179830 0.577735
vt 0.179912 0.575828
vt 0.180472 0.571549
vt 0.182543 0.570097
vt 0.180096 0.569860
vt 0.181147 0.571614
vt 0.182387 0.575926
vt 0.180900 0.577790
vt 0.180906 0.575948
vt 0.181641 0.569885
vt 0.181641 0.569991
vt 0.181655 0.569939
vt 0.180448 0.575970
vt 0.181651 0.577783
vt 0.180096 0.577824
vt 0.180667 0.569808
vt 0.180268 0.571448
vt 0.180944 0.571548
vt 0.180317 0.573657
vt 0.181446 0.573802
vt 0.180889 0.573137
vt 0.179754 0.573214
vt 0.182289 0.573465
vt 0.181224 0.573827
vt 0.179359 0.573284
vt 0.180391 0.573747
vt 0.181455 0.574109
vt 0.182004 0.573198
vt 0.183320 0.573002
vt 0.182567 0.573711
vt 0.182904 0.575899
vt 0.183431 0.575754
vt 0.181961 0.575929
vt 0.180718 0.576212
vt 0.182231 0.576252
vt 0.179249 0.576037
vt 0.179395 0.575948
vt 0.181797 0.573370
vt 0.180632 0.571532
vt 0.182209 0.571532
vt 0.183634 0.572205
vt 0.183634 0.573781
vt 0.182962 0.575207
vt 0.179959 0.574534
vt 0.181385 0.575207
vt 0.179347 0.577790
vt 0.181029 0.578065
vt 0.183160 0.577603
vt 0.179519 0.577885
vt 0.181376 0.570083
vt 0.181856 0.571656
vt 0.181301 0.571694
vt 0.179259 0.570439
vt 0.181330 0.571891
vt 0.180808 0.572090
vt 0.181158 0.571892
vt 0.181120 0.570281
vt 0.181710 0.571915
vt 0.181341 0.571772
vt 0.182931 0.570167
vt 0.181880 0.571921
vt 0.181215 0.576004
vt 0.182702 0.577889
vt 0.181174 0.577913
vt 0.181376 0.570018
vt 0.181313 0.570069
vt 0.181299 0.570016
vt 0.181313 0.569963
vt 0.181376 0.569953
vt 0.179627 0.577816
vt 0.179709 0.575909
vt 0.180820 0.571573
vt 0.182891 0.570122
vt 0.179218 0.570484
vt 0.180270 0.572239
vt 0.182714 0.576401
vt 0.181227 0.578265
vt 0.181233 0.576422
vt 0.181439 0.569966
vt 0.181438 0.570072
vt 0.181453 0.570020
vt 0.179571 0.576594
vt 0.180773 0.578407
vt 0.179218 0.578448
vt 0.180995 0.570282
vt 0.180595 0.571923
vt 0.180742 0.571629
vt 0.180114 0.573738
vt 0.181244 0.573883
vt 0.181216 0.573611
vt 0.180081 0.573689
vt 0.181411 0.574089
vt 0.180347 0.574451
vt 0.179707 0.573309
vt 0.180738 0.573772
vt 0.181803 0.574133
vt 0.182331 0.573672
vt 0.182443 0.573626
vt 0.182364 0.573792
vt 0.182702 0.575980
vt 0.182554 0.576378
vt 0.181084 0.576554
vt 0.181066 0.576236
vt 0.182579 0.576276
vt 0.179596 0.576061
vt 0.179722 0.576422
vt 0.180105 0.573531
vt 0.178941 0.571693
vt 0.180517 0.571693
vt 0.181943 0.572366
vt 0.181943 0.573942
vt 0.181270 0.575368
vt 0.178268 0.574695
vt 0.179694 0.575368
vt 0.179675 0.578265
vt 0.181376 0.578089
vt 0.182283 0.578227
vt 0.179867 0.577909
vt 0.180457 0.570505
vt 0.180937 0.572078
vt 0.180383 0.572117
vt 0.178190 0.569931
vt 0.180260 0.571383
vt 0.179739 0.571582
vt 0.181940 0.571884
vt 0.181903 0.570274
vt 0.182492 0.571907
vt 0.182182 0.571404
vt 0.183772 0.569799
vt 0.182720 0.571553
vt 0.180296 0.576426
vt 0.181783 0.578312
vt 0.180255 0.578336
vt 0.180457 0.570440
vt 0.180394 0.570492
vt 0.180380 0.570438
vt 0.180394 0.570386
vt 0.180457 0.570376
vt 0.178709 0.578239
vt 0.178790 0.576331
vt 0.181660 0.571205
vt 0.183731 0.569754
vt 0.178149 0.569977
vt 0.179200 0.571731
vt 0.183497 0.576393
vt 0.182010 0.578257
vt 0.182016 0.576415
vt 0.180520 0.570389
vt 0.180520 0.570495
vt 0.180534 0.570442
vt 0.178501 0.576086
vt 0.179704 0.577899
vt 0.178149 0.577940
vt 0.181777 0.570275
vt 0.181378 0.571915
vt 0.179823 0.572051
vt 0.179195 0.574161
vt 0.180325 0.574305
vt 0.181999 0.573604
vt 0.180864 0.573681
vt 0.180342 0.573582
vt 0.179277 0.573943
vt 0.180548 0.572941
vt 0.181579 0.573404
vt 0.182643 0.573766
vt 0.183114 0.573665
vt 0.181373 0.573118
vt 0.181445 0.574214
vt 0.181783 0.576403
vt 0.181484 0.575871
vt 0.180014 0.576046
vt 0.181906 0.575868
vt 0.183420 0.575909
vt 0.180437 0.575693
vt 0.180505 0.576415
vt 0.180484 0.574314
vt 0.179319 0.572476
vt 0.180895 0.572476
vt 0.182321 0.573149
vt 0.182321 0.574726
vt 0.181648 0.576151
vt 0.178646 0.575479
vt 0.180072 0.576151
vt 0.180457 0.578257
vt 0.182217 0.577722
vt 0.181213 0.577719
vt 0.180707 0.577542
vt 0.181975 0.570197
vt 0.182455 0.571770
vt 0.181901 0.571808
vt 0.178399 0.569579
vt 0.180470 0.571030
vt 0.179949 0.571230
vt 0.180325 0.572102
vt 0.180287 0.570491
vt 0.180877 0.572125
vt 0.181137 0.571515
vt 0.182727 0.569910
vt 0.181676 0.571664
vt 0.181814 0.576118
vt 0.183301 0.578004
vt 0.181773 0.578028
vt 0.181975 0.570132
vt 0.181912 0.570184
vt 0.181898 0.570130
vt 0.181912 0.570078
vt 0.181975 0.570067
vt 0.180227 0.577931
vt 0.180308 0.576023
vt 0.180616 0.571316
vt 0.182687 0.569865
vt 0.178359 0.569624
vt 0.179410 0.571378
vt 0.181881 0.576611
vt 0.180394 0.578475
vt 0.180400 0.576632
vt 0.182038 0.570081
vt 0.182038 0.570187
vt 0.182052 0.570134
vt 0.178711 0.575734
vt 0.179914 0.577547
vt 0.178359 0.577588
vt 0.180162 0.570492
vt 0.179762 0.572133
vt 0.181341 0.571743
vt 0.180713 0.573853
vt 0.181843 0.573997
vt 0.180383 0.573821
vt 0.179248 0.573899
vt 0.180552 0.573229
vt 0.179487 0.573591
vt 0.179503 0.573052
vt 0.180534 0.573515
vt 0.181599 0.573877
vt 0.181498 0.573883
vt 0.181583 0.572766
vt 0.182963 0.573906
vt 0.183301 0.576095
vt 0.181694 0.575518
vt 0.180224 0.575693
vt 0.180862 0.575979
vt 0.182375 0.576019
vt 0.179392 0.575804
vt 0.178889 0.576632
vt 0.180125 0.572248
vt 0.178960 0.570410
vt 0.180537 0.570410
vt 0.181963 0.571083
vt 0.181963 0.572660
vt 0.181290 0.574085
vt 0.178288 0.573413
vt 0.179713 0.574085
vt 0.178842 0.578475
vt 0.181172 0.577832
vt 0.181423 0.577367
vt 0.179663 0.577653
vt 0.180769 0.570479
vt 0.181250 0.572052
vt 0.180695 0.572091
vt 0.180122 0.570294
vt 0.182193 0.571745
vt 0.181672 0.571945
vt 0.180669 0.571015
vt 0.180632 0.569404
vt 0.181221 0.571038
vt 0.181248 0.572506
vt 0.182837 0.570901
vt 0.181786 0.572655
vt 0.180608 0.576400
vt 0.182095 0.578286
vt 0.180568 0.578310
vt 0.180769 0.570414
vt 0.180706 0.570466
vt 0.180692 0.570413
vt 0.180707 0.570360
vt 0.180770 0.570350
vt 0.179021 0.578213
vt 0.179103 0.576306
vt 0.180726 0.572307
vt 0.182797 0.570855
vt 0.180082 0.570339
vt 0.181133 0.572093
vt 0.182226 0.575524
vt 0.180738 0.577388
vt 0.180745 0.575545
vt 0.180832 0.570363
vt 0.180832 0.570469
vt 0.180846 0.570416
vt 0.180434 0.576449
vt 0.181637 0.578262
vt 0.180082 0.578303
vt 0.180506 0.569405
vt 0.180107 0.571046
vt 0.180135 0.572026
vt 0.179508 0.574135
vt 0.180637 0.574280
vt 0.180728 0.572734
vt 0.179593 0.572811
vt 0.182275 0.573944
vt 0.181210 0.574306
vt 0.179613 0.574043
vt 0.180644 0.574506
vt 0.181709 0.574867
vt 0.181842 0.572795
vt 0.183306 0.573481
vt 0.181758 0.574188
vt 0.182095 0.576377
vt 0.183417 0.576233
vt 0.181947 0.576409
vt 0.180972 0.576970
vt 0.182485 0.577010
vt 0.179502 0.576795
vt 0.179234 0.575545
vt 0.181955 0.572886
vt 0.180790 0.571049
vt 0.182367 0.571049
vt 0.183793 0.571722
vt 0.183793 0.573298
vt 0.183120 0.574724
vt 0.180118 0.574051
vt 0.181543 0.574724
vt 0.179186 0.577388
vt 0.181282 0.578823
vt 0.183146 0.578082
vt 0.179773 0.578643
vt 0.182296 0.569817
vt 0.182777 0.571390
vt 0.182222 0.571429
vt 0.180783 0.570260
vt 0.182854 0.571712
vt 0.182333 0.571911
vt 0.180682 0.571527
vt 0.180645 0.569916
vt 0.181234 0.571550
vt 0.180020 0.571991
vt 0.181610 0.570386
vt 0.180558 0.572140
vt 0.182135 0.575738
vt 0.183622 0.577624
vt 0.182095 0.577648
vt 0.182296 0.569752
vt 0.182233 0.569804
vt 0.182219 0.569750
vt 0.182234 0.569698
vt 0.182296 0.569687
vt 0.180548 0.577551
vt 0.180630 0.575643
vt 0.179499 0.571792
vt 0.181569 0.570340
vt 0.180743 0.570306
vt 0.181794 0.572060
vt 0.182239 0.576036
vt 0.180752 0.577900
vt 0.180758 0.576057
vt 0.182359 0.569701
vt 0.182359 0.569807
vt 0.182373 0.569754
vt 0.181095 0.576415
vt 0.182298 0.578228
vt 0.180743 0.578269
vt 0.180519 0.569917
vt 0.180120 0.571558
vt 0.181662 0.571363
vt 0.181035 0.573473
vt 0.182164 0.573617
vt 0.180741 0.573246
vt 0.179606 0.573324
vt 0.182936 0.573910
vt 0.181871 0.574272
vt 0.178386 0.573528
vt 0.179417 0.573991
vt 0.180481 0.574352
vt 0.181856 0.573308
vt 0.183967 0.573447
vt 0.183285 0.573526
vt 0.183622 0.575715
vt 0.184078 0.576200
vt 0.182608 0.576375
vt 0.179744 0.576455
vt 0.181258 0.576495
vt 0.178275 0.576280
vt 0.179247 0.576057
vt 0.181001 0.572522
vt 0.179836 0.570684
vt 0.181413 0.570684
vt 0.182838 0.571357
vt 0.182838 0.572933
vt 0.182166 0.574359
vt 0.179163 0.573687
vt 0.180589 0.574359
vt 0.179199 0.577900
vt 0.180055 0.578308
vt 0.183807 0.578048
vt 0.178546 0.578128
vt 0.181768 0.570453
vt 0.182248 0.572026
vt 0.181694 0.572065
vt 0.179662 0.570670
vt 0.181733 0.572122
vt 0.181212 0.572321
vt 0.180832 0.571902
vt 0.180795 0.570292
vt 0.181384 0.571925
vt 0.179970 0.571603
vt 0.181560 0.569998
vt 0.180508 0.571752
vt 0.181607 0.576374
vt 0.183094 0.578260
vt 0.181566 0.578284
vt 0.181768 0.570388
vt 0.181705 0.570440
vt 0.181691 0.570386
vt 0.181705 0.570334
vt 0.181768 0.570323
vt 0.180020 0.578187
vt 0.180101 0.576279
vt 0.179448 0.571404
vt 0.181519 0.569953
vt 0.179622 0.570716
vt 0.180673 0.572470
vt 0.182389 0.576412
vt 0.180902 0.578275
vt 0.180908 0.576433
vt 0.181831 0.570337
vt 0.181831 0.570443
vt 0.181845 0.570390
vt 0.179974 0.576825
vt 0.181177 0.578638
vt 0.179622 0.578680
vt 0.180669 0.570293
vt 0.180270 0.571933
vt 0.181134 0.571999
vt 0.180506 0.574109
vt 0.181636 0.574253
vt 0.180891 0.573622
vt 0.179756 0.573699
vt 0.181815 0.574321
vt 0.180750 0.574682
vt 0.178336 0.573140
vt 0.179367 0.573603
vt 0.180431 0.573965
vt 0.182006 0.573683
vt 0.182846 0.573858
vt 0.182756 0.574162
vt 0.183094 0.576351
vt 0.182957 0.576610
vt 0.181487 0.576785
vt 0.179694 0.576067
vt 0.181208 0.576108
vt 0.178225 0.575892
vt 0.179397 0.576433
vt 0.178488 0.571326
vt 0.180737 0.569900
vt 0.180325 0.571738
vt 0.182163 0.570573
vt 0.182163 0.572150
vt 0.181490 0.573575
vt 0.179914 0.573575
vt 0.179349 0.578275
vt 0.180005 0.577921
vt 0.182686 0.578458
vt 0.178495 0.577741
vt 0.180639 0.570085
vt 0.181120 0.571658
vt 0.180565 0.571697
vt 0.179179 0.570441
vt 0.181250 0.571892
vt 0.180729 0.572091
vt 0.180170 0.571100
vt 0.180133 0.569490
vt 0.180722 0.571124
vt 0.180937 0.571819
vt 0.182527 0.570213
vt 0.181475 0.571967
vt 0.180478 0.576007
vt 0.181965 0.577892
vt 0.180437 0.577916
vt 0.180639 0.570021
vt 0.180576 0.570072
vt 0.180562 0.570019
vt 0.180577 0.569966
vt 0.180639 0.569956
vt 0.178891 0.577819
vt 0.178973 0.575912
vt 0.180415 0.571620
vt 0.182486 0.570168
vt 0.179139 0.570486
vt 0.180190 0.572240
vt 0.181727 0.575610
vt 0.180239 0.577473
vt 0.180246 0.575631
vt 0.180702 0.569969
vt 0.180702 0.570075
vt 0.180716 0.570022
vt 0.179491 0.576596
vt 0.180694 0.578409
vt 0.179139 0.578450
vt 0.180007 0.569491
vt 0.179608 0.571131
vt 0.180005 0.571632
vt 0.179378 0.573741
vt 0.180507 0.573886
vt 0.180229 0.572820
vt 0.179094 0.572897
vt 0.181332 0.574091
vt 0.180267 0.574453
vt 0.179303 0.573355
vt 0.180334 0.573818
vt 0.181398 0.574180
vt 0.181343 0.572881
vt 0.182363 0.573628
vt 0.181628 0.573795
vt 0.181965 0.575983
vt 0.182474 0.576380
vt 0.181004 0.576555
vt 0.180661 0.576283
vt 0.182175 0.576323
vt 0.179192 0.576108
vt 0.178735 0.575631
vt 0.182264 0.574167
vt 0.181099 0.572330
vt 0.182676 0.572330
vt 0.184102 0.573002
vt 0.184102 0.574579
vt 0.183429 0.576005
vt 0.180427 0.575332
vt 0.181852 0.576005
vt 0.178687 0.577473
vt 0.180972 0.578136
vt 0.182203 0.578229
vt 0.179462 0.577956
vt 0.181507 0.570540
vt 0.181988 0.572113
vt 0.181433 0.572152
vt 0.179801 0.570748
vt 0.181872 0.572200
vt 0.181350 0.572399
vt 0.181300 0.571871
vt 0.181263 0.570261
vt 0.181852 0.571894
vt 0.181539 0.571493
vt 0.183129 0.569888
vt 0.182077 0.571642
vt 0.181347 0.576461
vt 0.182833 0.578347
vt 0.181306 0.578371
vt 0.181508 0.570476
vt 0.181445 0.570527
vt 0.181431 0.570474
vt 0.181445 0.570421
vt 0.181508 0.570411
vt 0.179759 0.578274
vt 0.179841 0.576367
vt 0.181017 0.571294
vt 0.183088 0.569842
vt 0.179760 0.570794
vt 0.180812 0.572548
vt 0.182857 0.576380
vt 0.181370 0.578244
vt 0.181376 0.576402
vt 0.181571 0.570424
vt 0.181570 0.570530
vt 0.181584 0.570477
vt 0.180113 0.576903
vt 0.181315 0.578716
vt 0.179760 0.578758
vt 0.181137 0.570262
vt 0.180738 0.571902
vt 0.180873 0.572087
vt 0.180246 0.574196
vt 0.181375 0.574341
vt 0.181359 0.573591
vt 0.180224 0.573668
vt 0.181953 0.574399
vt 0.180889 0.574760
vt 0.179905 0.573029
vt 0.180936 0.573492
vt 0.182000 0.573854
vt 0.182474 0.573652
vt 0.182985 0.573936
vt 0.182496 0.574250
vt 0.182833 0.576438
vt 0.183095 0.576688
vt 0.181626 0.576863
vt 0.181263 0.575957
vt 0.182777 0.575997
vt 0.179794 0.575782
vt 0.179865 0.576402
vt 0.182264 0.573005
vt 0.181099 0.571167
vt 0.182676 0.571167
vt 0.184102 0.571840
vt 0.184102 0.573417
vt 0.183429 0.574842
vt 0.180427 0.574170
vt 0.181852 0.574842
vt 0.179817 0.578244
vt 0.181574 0.577810
vt 0.182825 0.578536
vt 0.180065 0.577630
vt 0.181359 0.570282
vt 0.181839 0.571855
vt 0.181284 0.571893
vt 0.180005 0.570938
vt 0.182075 0.572389
vt 0.181554 0.572589
vt 0.181250 0.571851
vt 0.181213 0.570241
vt 0.181802 0.571874
vt 0.181676 0.571698
vt 0.183266 0.570093
vt 0.182215 0.571847
vt 0.181198 0.576203
vt 0.182684 0.578089
vt 0.181157 0.578113
vt 0.181359 0.570217
vt 0.181296 0.570269
vt 0.181282 0.570215
vt 0.181296 0.570163
vt 0.181359 0.570152
vt 0.179610 0.578016
vt 0.179692 0.576108
vt 0.181155 0.571499
vt 0.183226 0.570047
vt 0.179964 0.570983
vt 0.181016 0.572737
vt 0.182807 0.576360
vt 0.181319 0.578224
vt 0.181326 0.576382
vt 0.181422 0.570166
vt 0.181421 0.570271
vt 0.181436 0.570219
vt 0.180316 0.577093
vt 0.181519 0.578906
vt 0.179964 0.578947
vt 0.181087 0.570242
vt 0.180688 0.571882
vt 0.180725 0.571828
vt 0.180097 0.573938
vt 0.181227 0.574082
vt 0.181309 0.573571
vt 0.180174 0.573648
vt 0.182157 0.574588
vt 0.181093 0.574950
vt 0.180042 0.573234
vt 0.181073 0.573698
vt 0.182138 0.574059
vt 0.182423 0.573632
vt 0.183188 0.574125
vt 0.182347 0.573991
vt 0.182684 0.576179
vt 0.183299 0.576877
vt 0.181829 0.577053
vt 0.181401 0.576162
vt 0.182914 0.576202
vt 0.179931 0.575987
vt 0.179815 0.576382
vt 0.179826 0.572907
vt 0.178662 0.571070
vt 0.180238 0.571070
vt 0.181664 0.571743
vt 0.181664 0.573319
vt 0.180991 0.574745
vt 0.177989 0.574072
vt 0.179415 0.574745
vt 0.179767 0.578224
vt 0.181711 0.578015
vt 0.183028 0.578726
vt 0.180202 0.577835
vt 0.181237 0.570845
vt 0.181718 0.572418
vt 0.181163 0.572456
vt 0.179583 0.570915
vt 0.181654 0.572366
vt 0.181132 0.572565
vt 0.180434 0.571986
vt 0.180396 0.570375
vt 0.180986 0.572009
vt 0.181586 0.572646
vt 0.183175 0.571041
vt 0.182124 0.572795
vt 0.181076 0.576766
vt 0.182563 0.578651
vt 0.181036 0.578676
vt 0.181238 0.570780
vt 0.181175 0.570831
vt 0.181161 0.570778
vt 0.181175 0.570726
vt 0.181238 0.570715
vt 0.179489 0.578578
vt 0.179571 0.576671
vt 0.181064 0.572447
vt 0.183135 0.570995
vt 0.179542 0.570960
vt 0.180594 0.572714
vt 0.181990 0.576495
vt 0.180503 0.578359
vt 0.180509 0.576516
vt 0.181300 0.570728
vt 0.181300 0.570834
vt 0.181314 0.570782
vt 0.179894 0.577070
vt 0.181097 0.578883
vt 0.179542 0.578924
vt 0.180271 0.570376
vt 0.179871 0.572017
vt 0.180603 0.572391
vt 0.179976 0.574500
vt 0.181105 0.574645
vt 0.180493 0.573705
vt 0.179357 0.573783
vt 0.181735 0.574565
vt 0.180671 0.574927
vt 0.179951 0.574182
vt 0.180983 0.574646
vt 0.182047 0.575007
vt 0.181607 0.573766
vt 0.182766 0.574102
vt 0.182226 0.574554
vt 0.182563 0.576742
vt 0.182877 0.576854
vt 0.181408 0.577029
vt 0.181310 0.577110
vt 0.182823 0.577150
vt 0.179840 0.576935
vt 0.178998 0.576516
vt 0.180344 0.573331
vt 0.179179 0.571494
vt 0.180755 0.571494
vt 0.182181 0.572166
vt 0.182181 0.573743
vt 0.181508 0.575168
vt 0.178506 0.574496
vt 0.179932 0.575168
vt 0.178951 0.578359
vt 0.181621 0.578963
vt 0.182607 0.578703
vt 0.180111 0.578783
vt 0.181905 0.570695
vt 0.182386 0.572268
vt 0.181831 0.572306
vt 0.179954 0.569657
vt 0.182025 0.571109
vt 0.181503 0.571308
vt 0.180131 0.571863
vt 0.180094 0.570253
vt 0.180683 0.571886
vt 0.180433 0.572083
vt 0.182023 0.570478
vt 0.180971 0.572232
vt 0.181744 0.576616
vt 0.183231 0.578502
vt 0.181704 0.578526
vt 0.181905 0.570630
vt 0.181842 0.570682
vt 0.181829 0.570628
vt 0.181843 0.570576
vt 0.181906 0.570565
vt 0.180157 0.578429
vt 0.180239 0.576521
vt 0.179911 0.571884
vt 0.181982 0.570433
vt 0.179913 0.569703
vt 0.180965 0.571457
vt 0.181688 0.576372
vt 0.180201 0.578236
vt 0.180207 0.576394
vt 0.181968 0.570579
vt 0.181968 0.570684
vt 0.181982 0.570632
vt 0.180266 0.575812
vt 0.181468 0.577625
vt 0.179913 0.577666
vt 0.179968 0.570254
vt 0.179569 0.571894
vt 0.181271 0.572241
vt 0.180644 0.574351
vt 0.181773 0.574495
vt 0.180190 0.573583
vt 0.179055 0.573660
vt 0.182106 0.573307
vt 0.181042 0.573669
vt 0.178799 0.573620
vt 0.179830 0.574083
vt 0.180894 0.574445
vt 0.181305 0.573644
vt 0.183138 0.572844
vt 0.182894 0.574404
vt 0.183231 0.576592
vt 0.183248 0.575597
vt 0.181779 0.575772
vt 0.180157 0.576547
vt 0.181671 0.576588
vt 0.178688 0.576372
vt 0.178696 0.576394
vt 0.181447 0.572223
vt 0.180283 0.570385
vt 0.181859 0.570385
vt 0.183285 0.571058
vt 0.183285 0.572635
vt 0.182612 0.574060
vt 0.179610 0.573388
vt 0.181036 0.574060
vt 0.178648 0.578236
vt 0.180468 0.578401
vt 0.182978 0.577445
vt 0.178958 0.578221
vt 0.181897 0.569929
vt 0.182378 0.571502
vt 0.181823 0.571540
vt 0.179824 0.569770
vt 0.181895 0.571222
vt 0.181373 0.571421
vt 0.180958 0.572108
vt 0.180921 0.570497
vt 0.181510 0.572131
vt 0.180793 0.571920
vt 0.182383 0.570314
vt 0.181331 0.572068
vt 0.181737 0.575850
vt 0.183223 0.577735
vt 0.181696 0.577760
vt 0.181898 0.569864
vt 0.181835 0.569915
vt 0.181821 0.569862
vt 0.181835 0.569810
vt 0.181898 0.569799
vt 0.180149 0.577662
vt 0.180231 0.575755
vt 0.180271 0.571721
vt 0.182342 0.570269
vt 0.179783 0.569816
vt 0.180835 0.571570
vt 0.182515 0.576617
vt 0.181028 0.578481
vt 0.181034 0.576638
vt 0.181961 0.569813
vt 0.181960 0.569918
vt 0.181974 0.569866
vt 0.180135 0.575925
vt 0.181338 0.577738
vt 0.179783 0.577779
vt 0.180795 0.570498
vt 0.180396 0.572139
vt 0.181263 0.571475
vt 0.180636 0.573584
vt 0.181765 0.573729
vt 0.181017 0.573827
vt 0.179882 0.573905
vt 0.181976 0.573420
vt 0.180912 0.573782
vt 0.179159 0.573456
vt 0.180190 0.573919
vt 0.181254 0.574281
vt 0.182132 0.573888
vt 0.183007 0.572957
vt 0.182886 0.573638
vt 0.183223 0.575826
vt 0.183118 0.575710
vt 0.181649 0.575885
vt 0.180517 0.576384
vt 0.182031 0.576424
vt 0.179048 0.576208
vt 0.179523 0.576638
vt 0.182948 0.575432
vt 0.181783 0.573595
vt 0.183359 0.573595
vt 0.184785 0.574267
vt 0.184785 0.575844
vt 0.184113 0.577270
vt 0.181110 0.576597
vt 0.182536 0.577270
vt 0.179475 0.578481
vt 0.180828 0.578237
vt 0.182848 0.577558
vt 0.179318 0.578057
vt 0.179632 0.570529
vt 0.180113 0.572102
vt 0.179558 0.572140
vt 0.178138 0.569829
vt 0.180209 0.571280
vt 0.179687 0.571479
vt 0.181164 0.571181
vt 0.181127 0.569570
vt 0.181716 0.571204
vt 0.179759 0.571868
vt 0.181348 0.570263
vt 0.180297 0.572017
vt 0.179471 0.576450
vt 0.180958 0.578335
vt 0.179431 0.578359
vt 0.179632 0.570464
vt 0.179570 0.570515
vt 0.179556 0.570462
vt 0.179570 0.570409
vt 0.179633 0.570399
vt 0.177884 0.578262
vt 0.177966 0.576355
vt 0.179237 0.571669
vt 0.181308 0.570217
vt 0.178097 0.569874
vt 0.179149 0.571628
vt 0.182721 0.575690
vt 0.181234 0.577553
vt 0.181240 0.575711
vt 0.179695 0.570412
vt 0.179695 0.570518
vt 0.179709 0.570466
vt 0.178449 0.575984
vt 0.179652 0.577797
vt 0.178097 0.577838
vt 0.181001 0.569571
vt 0.180602 0.571212
vt 0.178998 0.572075
vt 0.178371 0.574184
vt 0.179500 0.574329
vt 0.181223 0.572900
vt 0.180088 0.572977
vt 0.180290 0.573479
vt 0.179226 0.573841
vt 0.178124 0.573405
vt 0.179155 0.573868
vt 0.180220 0.574229
vt 0.182338 0.572961
vt 0.181321 0.573016
vt 0.180621 0.574238
vt 0.180958 0.576426
vt 0.181432 0.575768
vt 0.179963 0.575943
vt 0.179483 0.576332
vt 0.180996 0.576372
vt 0.178013 0.576157
vt 0.179729 0.575711
vt 0.180878 0.572679
vt 0.179713 0.570841
vt 0.181289 0.570841
vt 0.182715 0.571514
vt 0.182715 0.573091
vt 0.182042 0.574516
vt 0.179040 0.573844
vt 0.180466 0.574516
vt 0.179681 0.577553
vt 0.179793 0.578185
vt 0.181161 0.577617
vt 0.178284 0.578005
vt 0.181519 0.570727
vt 0.182000 0.572299
vt 0.181445 0.572338
vt 0.179673 0.571014
vt 0.181744 0.572466
vt 0.181223 0.572665
vt 0.181579 0.571865
vt 0.181541 0.570255
vt 0.182131 0.571888
vt 0.180754 0.571986
vt 0.182344 0.570381
vt 0.181292 0.572135
vt 0.181358 0.576648
vt 0.182845 0.578533
vt 0.181317 0.578557
vt 0.181519 0.570662
vt 0.181456 0.570713
vt 0.181442 0.570660
vt 0.181456 0.570607
vt 0.181519 0.570597
vt 0.179771 0.578460
vt 0.179853 0.576553
vt 0.180232 0.571787
vt 0.182303 0.570336
vt 0.179633 0.571059
vt 0.180684 0.572813
vt 0.183135 0.576374
vt 0.181648 0.578238
vt 0.181654 0.576396
vt 0.181582 0.570610
vt 0.181582 0.570716
vt 0.181596 0.570664
vt 0.179985 0.577169
vt 0.181188 0.578982
vt 0.179633 0.579023
vt 0.181416 0.570256
vt 0.181016 0.571896
vt 0.180885 0.572273
vt 0.180257 0.574382
vt 0.181387 0.574527
vt 0.181638 0.573585
vt 0.180502 0.573662
vt 0.181826 0.574664
vt 0.180761 0.575026
vt 0.179120 0.573523
vt 0.180151 0.573986
vt 0.181215 0.574347
vt 0.182752 0.573646
vt 0.182857 0.574201
vt 0.182508 0.574436
vt 0.182845 0.576624
vt 0.182968 0.576953
vt 0.181498 0.577129
vt 0.180478 0.576450
vt 0.181992 0.576490
vt 0.179009 0.576275
vt 0.180144 0.576396
vt 0.180800 0.573432
vt 0.179636 0.571594
vt 0.181212 0.571594
vt 0.182638 0.572267
vt 0.182638 0.573844
vt 0.181965 0.575269
vt 0.178963 0.574597
vt 0.180389 0.575269
vt 0.180096 0.578238
vt 0.180789 0.578303
vt 0.182697 0.578802
vt 0.179279 0.578123
vt 0.180632 0.569561
vt 0.181113 0.571134
vt 0.180558 0.571173
vt 0.180400 0.569677
vt 0.182471 0.571129
vt 0.181949 0.571328
vt 0.181488 0.571681
vt 0.181450 0.570071
vt 0.182040 0.571704
vt 0.180392 0.571295
vt 0.181982 0.569690
vt 0.180930 0.571444
vt 0.180471 0.575482
vt 0.181958 0.577368
vt 0.180430 0.577392
vt 0.180632 0.569496
vt 0.180569 0.569548
vt 0.180555 0.569494
vt 0.180569 0.569442
vt 0.180632 0.569432
vt 0.178884 0.577295
vt 0.178966 0.575388
vt 0.179870 0.571096
vt 0.181941 0.569645
vt 0.180359 0.569723
vt 0.181411 0.571477
vt 0.183044 0.576190
vt 0.181557 0.578054
vt 0.181563 0.576212
vt 0.180695 0.569445
vt 0.180695 0.569551
vt 0.180709 0.569498
vt 0.180711 0.575832
vt 0.181914 0.577645
vt 0.180359 0.577686
vt 0.181325 0.570072
vt 0.180925 0.571712
vt 0.179998 0.571108
vt 0.179370 0.573217
vt 0.180500 0.573362
vt 0.181547 0.573401
vt 0.180411 0.573478
vt 0.182552 0.573327
vt 0.181488 0.573689
vt 0.178758 0.572832
vt 0.179789 0.573295
vt 0.180853 0.573657
vt 0.182661 0.573462
vt 0.183583 0.572864
vt 0.181621 0.573270
vt 0.181958 0.575459
vt 0.183694 0.575617
vt 0.182225 0.575792
vt 0.180116 0.575760
vt 0.181630 0.575800
vt 0.178647 0.575584
vt 0.180052 0.576212
vt 0.180869 0.573124
vt 0.179704 0.571286
vt 0.181280 0.571286
vt 0.182706 0.571959
vt 0.182706 0.573536
vt 0.182033 0.574961
vt 0.179031 0.574289
vt 0.180457 0.574961
vt 0.180005 0.578054
vt 0.180427 0.577613
vt 0.183424 0.577465
vt 0.178918 0.577433
vt 0.180219 0.569831
vt 0.180700 0.571404
vt 0.180145 0.571443
vt 0.178035 0.570646
vt 0.180106 0.572098
vt 0.179584 0.572297
vt 0.180205 0.571245
vt 0.180167 0.569634
vt 0.180757 0.571268
vt 0.181843 0.571947
vt 0.183433 0.570342
vt 0.182381 0.572096
vt 0.180058 0.575752
vt 0.181545 0.577638
vt 0.180018 0.577662
vt 0.180220 0.569766
vt 0.180157 0.569818
vt 0.180143 0.569765
vt 0.180157 0.569712
vt 0.180220 0.569702
vt 0.178471 0.577565
vt 0.178553 0.575658
vt 0.181321 0.571748
vt 0.183392 0.570297
vt 0.177994 0.570691
vt 0.179046 0.572445
vt 0.181761 0.575754
vt 0.180274 0.577618
vt 0.180280 0.575775
vt 0.180282 0.569715
vt 0.180282 0.569821
vt 0.180296 0.569768
vt 0.178346 0.576801
vt 0.179549 0.578614
vt 0.177994 0.578655
vt 0.180042 0.569635
vt 0.179642 0.571276
vt 0.179585 0.571378
vt 0.178958 0.573487
vt 0.180087 0.573632
vt 0.180263 0.572964
vt 0.179128 0.573042
vt 0.180187 0.574296
vt 0.179123 0.574658
vt 0.180209 0.573484
vt 0.181240 0.573947
vt 0.182304 0.574308
vt 0.181378 0.573026
vt 0.181218 0.573833
vt 0.181208 0.573540
vt 0.181545 0.575729
vt 0.181329 0.576585
vt 0.179860 0.576761
vt 0.181567 0.576411
vt 0.183081 0.576451
vt 0.180098 0.576236
vt 0.178769 0.575775
vt 0.182127 0.572746
vt 0.180962 0.570908
vt 0.182539 0.570908
vt 0.183965 0.571581
vt 0.183965 0.573157
vt 0.183292 0.574583
vt 0.180290 0.573910
vt 0.181716 0.574583
vt 0.178722 0.577618
vt 0.181878 0.578264
vt 0.181059 0.578434
vt 0.180368 0.578084
vt 0.180290 0.570073
vt 0.180770 0.571646
vt 0.180216 0.571685
vt 0.178035 0.570636
vt 0.180106 0.572088
vt 0.179584 0.572287
vt 0.179110 0.571484
vt 0.179073 0.569874
vt 0.179662 0.571507
vt 0.181417 0.571306
vt 0.183007 0.569701
vt 0.181955 0.571455
vt 0.180129 0.575994
vt 0.181616 0.577880
vt 0.180088 0.577904
vt 0.180290 0.570009
vt 0.180227 0.570060
vt 0.180213 0.570007
vt 0.180227 0.569954
vt 0.180290 0.569944
vt 0.178541 0.577807
vt 0.178623 0.575900
vt 0.180895 0.571107
vt 0.182966 0.569656
vt 0.177994 0.570681
vt 0.179046 0.572435
vt 0.180667 0.575993
vt 0.179180 0.577857
vt 0.179186 0.576015
vt 0.180353 0.569957
vt 0.180353 0.570063
vt 0.180367 0.570010
vt 0.178346 0.576791
vt 0.179549 0.578604
vt 0.177994 0.578645
vt 0.178947 0.569875
vt 0.178548 0.571515
vt 0.179656 0.571620
vt 0.179028 0.573729
vt 0.180158 0.573874
vt 0.179169 0.573204
vt 0.178034 0.573281
vt 0.180187 0.574286
vt 0.179123 0.574648
vt 0.179783 0.572843
vt 0.180814 0.573306
vt 0.181878 0.573668
vt 0.180284 0.573265
vt 0.181218 0.573823
vt 0.181278 0.573783
vt 0.181616 0.575971
vt 0.181329 0.576575
vt 0.179860 0.576751
vt 0.181141 0.575770
vt 0.182655 0.575811
vt 0.179672 0.575595
vt 0.177675 0.576015
vt 0.182023 0.575131
vt 0.180858 0.573293
vt 0.182435 0.573293
vt 0.183860 0.573966
vt 0.183860 0.575542
vt 0.183188 0.576968
vt 0.180185 0.576295
vt 0.181611 0.576968
vt 0.177627 0.577857
vt 0.181452 0.577624
vt 0.181059 0.578424
vt 0.179942 0.577444
vt 0.182029 0.570186
vt 0.182510 0.571759
vt 0.181955 0.571798
vt 0.179021 0.569800
vt 0.181092 0.571251
vt 0.180570 0.571451
vt 0.180747 0.571573
vt 0.180710 0.569963
vt 0.181299 0.571596
vt 0.181674 0.571857
vt 0.183264 0.570252
vt 0.182212 0.572006
vt 0.181868 0.576107
vt 0.183355 0.577993
vt 0.181828 0.578017
vt 0.182030 0.570122
vt 0.181967 0.570173
vt 0.181953 0.570120
vt 0.181967 0.570067
vt 0.182030 0.570057
vt 0.180281 0.577920
vt 0.180363 0.576013
vt 0.181152 0.571658
vt 0.183223 0.570206
vt 0.178980 0.569845
vt 0.180032 0.571599
vt 0.182304 0.576082
vt 0.180817 0.577946
vt 0.180823 0.576104
vt 0.182093 0.570070
vt 0.182092 0.570176
vt 0.182106 0.570123
vt 0.179332 0.575955
vt 0.180535 0.577768
vt 0.178980 0.577809
vt 0.180584 0.569964
vt 0.180185 0.571604
vt 0.181395 0.571733
vt 0.180768 0.573842
vt 0.181897 0.573987
vt 0.180806 0.573293
vt 0.179671 0.573370
vt 0.181173 0.573450
vt 0.180109 0.573812
vt 0.180040 0.573393
vt 0.181071 0.573856
vt 0.182135 0.574218
vt 0.181921 0.573354
vt 0.182204 0.572987
vt 0.183018 0.573896
vt 0.183355 0.576084
vt 0.182315 0.575739
vt 0.180846 0.575915
vt 0.181398 0.576321
vt 0.182912 0.576361
vt 0.179929 0.576146
vt 0.179312 0.576104
vt 0.179762 0.575468
vt 0.178597 0.573630
vt 0.180174 0.573630
vt 0.181600 0.574303
vt 0.181600 0.575879
vt 0.180927 0.577305
vt 0.177925 0.576632
vt 0.179350 0.577305
vt 0.179264 0.577946
vt 0.181709 0.578174
vt 0.182045 0.577588
vt 0.180199 0.577994
vt 0.180495 0.570266
vt 0.180976 0.571839
vt 0.180421 0.571878
vt 0.179968 0.570443
vt 0.182039 0.571894
vt 0.181517 0.572093
vt 0.181742 0.571624
vt 0.181705 0.570014
vt 0.182294 0.571647
vt 0.180407 0.572634
vt 0.181997 0.571028
vt 0.180945 0.572782
vt 0.180334 0.576187
vt 0.181821 0.578073
vt 0.180294 0.578097
vt 0.180496 0.570201
vt 0.180433 0.570253
vt 0.180419 0.570199
vt 0.180433 0.570147
vt 0.180496 0.570137
vt 0.178747 0.578000
vt 0.178829 0.576093
vt 0.179885 0.572434
vt 0.181956 0.570983
vt 0.179927 0.570488
vt 0.180979 0.572242
vt 0.183299 0.576133
vt 0.181812 0.577997
vt 0.181818 0.576155
vt 0.180558 0.570150
vt 0.180558 0.570256
vt 0.180572 0.570203
vt 0.180279 0.576598
vt 0.181482 0.578411
vt 0.179927 0.578452
vt 0.181579 0.570015
vt 0.181180 0.571655
vt 0.179861 0.571813
vt 0.179234 0.573922
vt 0.180363 0.574067
vt 0.181801 0.573344
vt 0.180666 0.573421
vt 0.182120 0.574093
vt 0.181056 0.574455
vt 0.178773 0.574170
vt 0.179804 0.574633
vt 0.180868 0.574995
vt 0.182916 0.573405
vt 0.183151 0.573630
vt 0.181484 0.573975
vt 0.181821 0.576164
vt 0.183262 0.576382
vt 0.181793 0.576557
vt 0.180131 0.577098
vt 0.181645 0.577138
vt 0.178662 0.576922
vt 0.180307 0.576155
vt 0.180082 0.573361
vt 0.178917 0.571524
vt 0.180494 0.571524
vt 0.181919 0.572197
vt 0.181919 0.573773
vt 0.181247 0.575199
vt 0.178244 0.574526
vt 0.179670 0.575199
vt 0.180260 0.577997
vt 0.180442 0.578951
vt 0.182992 0.578231
vt 0.178932 0.578771
vt 0.181842 0.570717
vt 0.182322 0.572290
vt 0.181767 0.572329
vt 0.178872 0.569565
vt 0.180943 0.571017
vt 0.180421 0.571216
vt 0.180228 0.571908
vt 0.180191 0.570297
vt 0.180780 0.571931
vt 0.180803 0.570997
vt 0.182393 0.569392
vt 0.181342 0.571146
vt 0.181681 0.576638
vt 0.183167 0.578524
vt 0.181640 0.578548
vt 0.181842 0.570652
vt 0.181779 0.570704
vt 0.181765 0.570650
vt 0.181779 0.570598
vt 0.181842 0.570587
vt 0.180093 0.578451
vt 0.180175 0.576543
vt 0.180282 0.570798
vt 0.182353 0.569346
vt 0.178831 0.569610
vt 0.179883 0.571364
vt 0.181785 0.576417
vt 0.180298 0.578281
vt 0.180304 0.576438
vt 0.181905 0.570601
vt 0.181904 0.570707
vt 0.181919 0.570654
vt 0.179183 0.575720
vt 0.180386 0.577533
vt 0.178831 0.577574
vt 0.180065 0.570298
vt 0.179666 0.571939
vt 0.181208 0.572263
vt 0.180580 0.574373
vt 0.181710 0.574517
vt 0.180287 0.573627
vt 0.179152 0.573705
vt 0.181024 0.573215
vt 0.179960 0.573577
vt 0.179169 0.572533
vt 0.180200 0.572997
vt 0.181265 0.573358
vt 0.181402 0.573689
vt 0.182055 0.572752
vt 0.182830 0.574426
vt 0.183167 0.576615
vt 0.182166 0.575504
vt 0.180697 0.575680
vt 0.180528 0.575461
vt 0.182041 0.575501
vt 0.179058 0.575286
vt 0.178793 0.576438
vt 0.180521 0.571972
vt 0.179356 0.570135
vt 0.180933 0.570135
vt 0.182359 0.570808
vt 0.182359 0.572384
vt 0.181686 0.573810
vt 0.178684 0.573137
vt 0.180109 0.573810
vt 0.178745 0.578281
vt 0.180838 0.577314
vt 0.181896 0.577353
vt 0.179329 0.577134
vt 0.181429 0.570987
vt 0.181910 0.572560
vt 0.181355 0.572599
vt 0.180006 0.570896
vt 0.182077 0.572348
vt 0.181555 0.572547
vt 0.181499 0.571106
vt 0.181462 0.569496
vt 0.182051 0.571130
vt 0.180939 0.571777
vt 0.182529 0.570172
vt 0.181477 0.571926
vt 0.181268 0.576908
vt 0.182755 0.578794
vt 0.181227 0.578818
vt 0.181429 0.570922
vt 0.181366 0.570974
vt 0.181352 0.570920
vt 0.181366 0.570868
vt 0.181429 0.570858
vt 0.179681 0.578721
vt 0.179763 0.576814
vt 0.180417 0.571578
vt 0.182488 0.570126
vt 0.179966 0.570942
vt 0.181017 0.572696
vt 0.183056 0.575616
vt 0.181569 0.577479
vt 0.181575 0.575637
vt 0.181492 0.570871
vt 0.181492 0.570977
vt 0.181506 0.570924
vt 0.180318 0.577051
vt 0.181521 0.578864
vt 0.179966 0.578905
vt 0.181336 0.569497
vt 0.180937 0.571137
vt 0.180795 0.572534
vt 0.180167 0.574643
vt 0.181297 0.574787
vt 0.181558 0.572826
vt 0.180423 0.572903
vt 0.182159 0.574547
vt 0.181094 0.574908
vt 0.179305 0.573314
vt 0.180336 0.573777
vt 0.181400 0.574138
vt 0.182673 0.572887
vt 0.183190 0.574084
vt 0.182418 0.574696
vt 0.182755 0.576885
vt 0.183301 0.576836
vt 0.181831 0.577011
vt 0.180663 0.576241
vt 0.182177 0.576281
vt 0.179194 0.576066
vt 0.180064 0.575637
vt 0.181331 0.574591
vt 0.180167 0.572754
vt 0.181743 0.572754
vt 0.183169 0.573427
vt 0.183169 0.575003
vt 0.182496 0.576429
vt 0.179494 0.575756
vt 0.180920 0.576429
vt 0.180016 0.577479
vt 0.180974 0.578094
vt 0.183030 0.578684
vt 0.179464 0.577914
vt 0.180523 0.570942
vt 0.181004 0.572515
vt 0.180449 0.572554
vt 0.179361 0.570852
vt 0.181432 0.572303
vt 0.180910 0.572502
vt 0.181225 0.571466
vt 0.181188 0.569855
vt 0.181777 0.571489
vt 0.180015 0.572377
vt 0.181605 0.570772
vt 0.180553 0.572526
vt 0.180362 0.576864
vt 0.181849 0.578749
vt 0.180321 0.578773
vt 0.180523 0.570878
vt 0.180460 0.570929
vt 0.180446 0.570876
vt 0.180461 0.570823
vt 0.180523 0.570813
vt 0.178775 0.578676
vt 0.178857 0.576769
vt 0.179493 0.572178
vt 0.181564 0.570726
vt 0.179321 0.570897
vt 0.180372 0.572651
vt 0.182782 0.575975
vt 0.181295 0.577839
vt 0.181301 0.575996
vt 0.180586 0.570826
vt 0.180586 0.570932
vt 0.180600 0.570880
vt 0.179673 0.577006
vt 0.180875 0.578820
vt 0.179321 0.578861
vt 0.181062 0.569856
vt 0.180663 0.571497
vt 0.179889 0.572489
vt 0.179261 0.574598
vt 0.180391 0.574743
vt 0.181284 0.573185
vt 0.180149 0.573263
vt 0.181514 0.574502
vt 0.180449 0.574863
vt 0.178381 0.573913
vt 0.179412 0.574376
vt 0.180476 0.574738
vt 0.182399 0.573246
vt 0.182545 0.574039
vt 0.181512 0.574652
vt 0.181849 0.576840
vt 0.182656 0.576791
vt 0.181186 0.576966
vt 0.179739 0.576841
vt 0.181253 0.576881
vt 0.178270 0.576666
vt 0.179790 0.575996
vt 0.181605 0.572882
vt 0.180440 0.571045
vt 0.182017 0.571045
vt 0.183442 0.571717
vt 0.183442 0.573294
vt 0.182770 0.574720
vt 0.179767 0.574047
vt 0.181193 0.574720
vt 0.179742 0.577839
vt 0.180050 0.578694
vt 0.182385 0.578640
vt 0.178540 0.578514
vt 0.181006 0.569726
vt 0.181486 0.571299
vt 0.180932 0.571337
vt 0.180205 0.570558
vt 0.182276 0.572010
vt 0.181754 0.572209
vt 0.179901 0.572138
vt 0.179863 0.570527
vt 0.180453 0.572161
vt 0.179840 0.572034
vt 0.181430 0.570429
vt 0.180378 0.572183
vt 0.180845 0.575647
vt 0.182332 0.577533
vt 0.180804 0.577557
vt 0.181006 0.569661
vt 0.180943 0.569713
vt 0.180929 0.569659
vt 0.180943 0.569607
vt 0.181006 0.569596
vt 0.179258 0.577460
vt 0.179339 0.575552
vt 0.179319 0.571835
vt 0.181389 0.570384
vt 0.180164 0.570604
vt 0.181216 0.572358
vt 0.181457 0.576647
vt 0.179970 0.578511
vt 0.179976 0.576668
vt 0.181069 0.569610
vt 0.181069 0.569715
vt 0.181083 0.569663
vt 0.180516 0.576713
vt 0.181719 0.578526
vt 0.180164 0.578567
vt 0.179738 0.570528
vt 0.179338 0.572169
vt 0.180372 0.571272
vt 0.179744 0.573382
vt 0.180874 0.573526
vt 0.179960 0.573857
vt 0.178824 0.573934
vt 0.182357 0.574208
vt 0.181293 0.574570
vt 0.178206 0.573571
vt 0.179237 0.574034
vt 0.180301 0.574396
vt 0.181074 0.573918
vt 0.183388 0.573745
vt 0.181994 0.573435
vt 0.182332 0.575623
vt 0.183499 0.576498
vt 0.182030 0.576673
vt 0.179564 0.576498
vt 0.181078 0.576539
vt 0.178095 0.576323
vt 0.178465 0.576668
vt 0.180524 0.572530
vt 0.179360 0.570693
vt 0.180936 0.570693
vt 0.182362 0.571365
vt 0.182362 0.572942
vt 0.181689 0.574368
vt 0.178687 0.573695
vt 0.180113 0.574368
vt 0.178418 0.578511
vt 0.179875 0.578352
vt 0.183229 0.578346
vt 0.178366 0.578172
vt 0.180764 0.570337
vt 0.181244 0.571910
vt 0.180689 0.571948
vt 0.179953 0.569905
vt 0.182024 0.571357
vt 0.181502 0.571556
vt 0.180977 0.571174
vt 0.180940 0.569563
vt 0.181529 0.571197
vt 0.179673 0.572317
vt 0.181263 0.570712
vt 0.180212 0.572466
vt 0.180603 0.576258
vt 0.182090 0.578143
vt 0.180562 0.578167
vt 0.180764 0.570272
vt 0.180701 0.570323
vt 0.180687 0.570270
vt 0.180701 0.570217
vt 0.180764 0.570207
vt 0.179015 0.578070
vt 0.179097 0.576163
vt 0.179152 0.572118
vt 0.181223 0.570667
vt 0.179912 0.569951
vt 0.180964 0.571705
vt 0.182534 0.575683
vt 0.181047 0.577546
vt 0.181053 0.575704
vt 0.180827 0.570220
vt 0.180826 0.570326
vt 0.180841 0.570274
vt 0.180265 0.576060
vt 0.181467 0.577873
vt 0.179912 0.577914
vt 0.180814 0.569564
vt 0.180415 0.571205
vt 0.180130 0.571883
vt 0.179502 0.573992
vt 0.180632 0.574137
vt 0.181036 0.572893
vt 0.179901 0.572970
vt 0.182105 0.573555
vt 0.181041 0.573917
vt 0.178039 0.573854
vt 0.179070 0.574317
vt 0.180135 0.574678
vt 0.182151 0.572954
vt 0.183137 0.573092
vt 0.181752 0.574046
vt 0.182090 0.576234
vt 0.183248 0.575845
vt 0.181778 0.576020
vt 0.179398 0.576781
vt 0.180911 0.576821
vt 0.177928 0.576606
vt 0.179542 0.575704
vt 0.181335 0.575149
vt 0.180170 0.573312
vt 0.181746 0.573312
vt 0.183172 0.573984
vt 0.183172 0.575561
vt 0.182499 0.576986
vt 0.179497 0.576314
vt 0.180923 0.576986
vt 0.179495 0.577546
vt 0.179708 0.578634
vt 0.182977 0.577693
vt 0.178199 0.578454
vt 0.180320 0.570948
vt 0.180801 0.572521
vt 0.180246 0.572560
vt 0.178041 0.569418
vt 0.180112 0.570869
vt 0.179591 0.571068
vt 0.181859 0.571097
vt 0.181822 0.569487
vt 0.182411 0.571121
vt 0.181578 0.571003
vt 0.183168 0.569398
vt 0.182116 0.571152
vt 0.180159 0.576869
vt 0.181646 0.578755
vt 0.180118 0.578779
vt 0.180320 0.570883
vt 0.180257 0.570935
vt 0.180243 0.570882
vt 0.180257 0.570829
vt 0.180320 0.570819
vt 0.178572 0.578682
vt 0.178653 0.576775
vt 0.181056 0.570804
vt 0.183127 0.569352
vt 0.178001 0.569463
vt 0.179052 0.571217
vt 0.183416 0.575607
vt 0.181929 0.577470
vt 0.181935 0.575628
vt 0.180383 0.570832
vt 0.180383 0.570938
vt 0.180397 0.570885
vt 0.178353 0.575572
vt 0.179556 0.577386
vt 0.178001 0.577427
vt 0.181696 0.569488
vt 0.181297 0.571128
vt 0.179686 0.572495
vt 0.179058 0.574604
vt 0.180188 0.574749
vt 0.181918 0.572817
vt 0.180783 0.572894
vt 0.180194 0.573068
vt 0.179129 0.573430
vt 0.179944 0.572539
vt 0.180975 0.573003
vt 0.182039 0.573364
vt 0.183033 0.572878
vt 0.181225 0.572605
vt 0.181309 0.574657
vt 0.181646 0.576846
vt 0.181336 0.575357
vt 0.179866 0.575532
vt 0.181302 0.575467
vt 0.182816 0.575507
vt 0.179833 0.575292
vt 0.180424 0.575628
vt 0.181605 0.575337
vt 0.180440 0.573500
vt 0.182016 0.573500
vt 0.183442 0.574172
vt 0.183442 0.575749
vt 0.182770 0.577175
vt 0.179767 0.576502
vt 0.181193 0.577175
vt 0.180376 0.577470
vt 0.181613 0.577320
vt 0.181065 0.577206
vt 0.180104 0.577140
vt 0.192900 0.086176
vt 0.203216 0.064758
vt 0.196164 0.080413
vt 0.181609 0.095694
vt 0.196325 0.106087
vt 0.184396 0.129256
vt 0.188148 0.128798
vt 0.193411 0.107576
vt 0.205852 0.114057
vt 0.194218 0.135071
vt 0.194001 0.112191
vt 0.181297 0.114647
vt 0.182875 0.124860
vt 0.188420 0.081045
vt 0.197530 0.057353
vt 0.193811 0.074739
vt 0.178884 0.074294
vt 0.177669 0.097997
vt 0.198119 0.118770
vt 0.180005 0.065683
vt 0.190532 0.139824
vt 0.186151 0.062961
vt 0.180103 0.084598
vt 0.182050 0.073042
vt 0.196891 0.131275
vt 0.179443 0.105693
vt 0.185402 0.123648
vt 0.187560 0.117898
vt 0.192409 0.122270
vt 0.183626 0.133304
vt 0.197170 0.098989
vt 0.181573 0.081475
vt 0.178055 0.135925
vt 0.178721 0.092845
vt 0.184647 0.122823
vt 0.183709 0.141785
vt 0.191287 0.115976
vt 0.189806 0.126014
vt 0.182486 0.120004
vt 0.181355 0.146699
vt 0.184746 0.119888
vt 0.185346 0.129235
vt 0.181906 0.136896
vt 0.184042 0.124392
vt 0.194529 0.125920
vt 0.200593 0.127918
vt 0.181989 0.121770
vt 0.188379 0.134185
vt 0.175818 0.081255
vt 0.203976 0.100927
vt 0.194268 0.117125
vt 0.174809 0.133158
vt 0.706914 0.415195
vt 0.189812 0.113592
vt 0.177162 0.130738
vt 0.183862 0.075821
vt 0.192714 0.087042
vt 0.200515 0.100346
vt 0.180288 0.079982
vt 0.166930 0.087056
vt 0.700481 0.418617
vt 0.692524 0.414964
vt 0.699263 0.412971
vt 0.703554 0.417918
vt 0.181406 0.112941
vt 0.171928 0.080367
vt 0.183941 0.128750
vt 0.197976 0.119273
vt 0.193407 0.116038
vt 0.182855 0.134635
vt 0.191578 0.134300
vt 0.182909 0.122251
vt 0.699253 0.392636
vt 0.176423 0.068630
vt 0.191964 0.129470
vt 0.198617 0.070347
vt 0.175726 0.114969
vt 0.205897 0.118401
vt 0.197040 0.121966
vt 0.189951 0.108144
vt 0.187438 0.059965
vt 0.186828 0.140679
vt 0.183210 0.081047
vt 0.192135 0.124164
vt 0.169824 0.098991
vt 0.194736 0.126052
vt 0.184891 0.137406
vt 0.179793 0.062764
vt 0.210448 0.133455
vt 0.186723 0.105556
vt 0.198411 0.124856
vt 0.194766 0.123238
vt 0.193437 0.104341
vt 0.182062 0.122118
vt 0.191015 0.082212
vt 0.182766 0.126844
vt 0.188742 0.117868
vt 0.192521 0.133092
vt 0.178587 0.122254
vt 0.181599 0.128975
vt 0.184545 0.079192
vt 0.184855 0.108161
vt 0.175528 0.125775
vt 0.172212 0.127711
vt 0.695539 0.396359
vt 0.699820 0.420512
vt 0.188591 0.126108
vt 0.187642 0.071920
vt 0.181182 0.127398
vt 0.203068 0.125963
vt 0.164587 0.098888
vt 0.182694 0.130516
vt 0.190424 0.114307
vt 0.201775 0.098119
vt 0.161092 0.104037
vt 0.206592 0.103143
vt 0.177193 0.119235
vt 0.179448 0.128975
vt 0.181989 0.133768
vt 0.189239 0.137449
vt 0.201927 0.130994
vt 0.181389 0.096202
vt 0.165888 0.090265
vt 0.193995 0.117456
vt 0.186426 0.120047
vt 0.207786 0.134763
vt 0.178729 0.132791
vt 0.187724 0.061794
vt 0.199277 0.092912
vt 0.197770 0.102964
vt 0.181237 0.072616
vt 0.184675 0.092880
vt 0.200511 0.126082
vt 0.204566 0.120893
vt 0.179504 0.125007
vt 0.209190 0.129936
vt 0.162599 0.086316
vt 0.180971 0.120885
vt 0.191504 0.121232
vt 0.190602 0.102964
vt 0.193336 0.135563
vt 0.171249 0.095313
vt 0.179677 0.126633
vt 0.200654 0.106384
vt 0.172782 0.136214
vt 0.209727 0.132202
vt 0.176183 0.126133
vt 0.203496 0.133455
vt 0.195458 0.117231
vt 0.207126 0.089273
vt 0.176730 0.123907
vt 0.209450 0.125146
vt 0.189237 0.090035
vt 0.196681 0.112402
vt 0.187461 0.124134
vt 0.172765 0.125067
vt 0.189893 0.129576
vt 0.180347 0.141406
vt 0.207350 0.133789
vt 0.194511 0.133588
vt 0.178168 0.117348
vt 0.206679 0.122696
vt 0.203251 0.135821
vt 0.201164 0.094361
vt 0.203642 0.091071
vt 0.166043 0.097081
vt 0.190055 0.085830
vt 0.186958 0.109911
vt 0.187182 0.115848
vt 0.185883 0.116528
vt 0.214637 0.129089
vt 0.201802 0.135523
vt 0.201975 0.143595
vt 0.182152 0.124579
vt 0.181606 0.130323
vt 0.180001 0.091034
vt 0.214379 0.111776
vt 0.216977 0.125577
vt 0.183143 0.128345
vt 0.194829 0.129423
vt 0.182112 0.145184
vt 0.193039 0.120019
vt 0.221379 0.126055
vt 0.183747 0.128616
vt 0.205344 0.127672
vt 0.201567 0.121120
vt 0.185992 0.122190
vt 0.195011 0.119298
vt 0.196633 0.091332
vt 0.216744 0.116207
vt 0.212944 0.116811
vt 0.173139 0.078066
vt 0.180251 0.115407
vt 0.180677 0.145232
vt 0.180837 0.138584
vt 0.217719 0.117201
vt 0.185986 0.146731
vt 0.178055 0.132768
vt 0.163510 0.085322
vt 0.183101 0.121042
vt 0.188539 0.117862
vt 0.181389 0.094081
vt 0.181355 0.142880
vt 0.182531 0.096119
vt 0.176019 0.129641
vt 0.186085 0.120955
vt 0.183287 0.125536
vt 0.178151 0.126785
vt 0.184859 0.130080
vt 0.172765 0.126584
vt 0.193271 0.133035
vt 0.181260 0.119037
vt 0.173412 0.133090
vt 0.177226 0.135789
vt 0.198007 0.104376
vt 0.166436 0.123445
vt 0.183626 0.130436
vt 0.176730 0.116263
vt 0.200961 0.135547
vt 0.181717 0.123584
vt 0.185743 0.061853
vt 0.190055 0.104050
vt 0.196361 0.139587
vt 0.189345 0.062443
vt 0.189929 0.125536
vt 0.203262 0.129169
vt 0.181674 0.128466
vt 0.181091 0.120025
vt 0.201430 0.107573
vt 0.196626 0.116323
vt 0.173139 0.129522
vt 0.180362 0.125036
vt 0.175887 0.132369
vt 0.188801 0.128898
vt 0.175247 0.133365
vt 0.188069 0.130504
vt 0.181702 0.078174
vt 0.200481 0.095710
vt 0.197472 0.105317
vt 0.185135 0.125350
vt 0.195667 0.130110
vt 0.187429 0.133450
vt 0.212303 0.119132
vt 0.184458 0.140871
vt 0.192312 0.131636
vt 0.188181 0.139587
vt 0.173352 0.133827
vt 0.182051 0.141219
vt 0.186959 0.126808
vt 0.183986 0.113449
vt 0.173934 0.122895
vt 0.194711 0.068650
vt 0.185402 0.120715
vt 0.199004 0.119015
vt 0.185123 0.079779
vt 0.194061 0.099696
vt 0.189486 0.122036
vt 0.180808 0.100580
vt 0.186314 0.135899
vt 0.191749 0.125194
vt 0.195652 0.133687
vt 0.186209 0.123098
vt 0.201283 0.100307
vt 0.182870 0.121558
vt 0.188540 0.097081
vt 0.174994 0.070733
vt 0.201966 0.135400
vt 0.184553 0.119074
vt 0.187490 0.075264
vt 0.173373 0.097081
vt 0.180918 0.104496
vt 0.178398 0.114455
vt 0.190457 0.119748
vt 0.181351 0.099293
vt 0.182440 0.134930
vt 0.201386 0.139714
vt 0.205360 0.117553
vt 0.174709 0.097729
vt 0.193336 0.137429
vt 0.203076 0.139587
vt 0.169386 0.105314
vt 0.180346 0.134135
vt 0.214640 0.134763
vt 0.205549 0.124856
vt 0.192409 0.134461
vt 0.194185 0.120446
vt 0.207384 0.115728
vt 0.184913 0.137493
vt 0.205888 0.132808
vt 0.194704 0.127088
vt 0.191260 0.071216
vt 0.175421 0.121147
vt 0.174428 0.127626
vt 0.205228 0.144053
vt 0.195578 0.123894
vt 0.186966 0.120109
vt 0.183456 0.132518
vt 0.179043 0.102074
vt 0.185673 0.127587
vt 0.200231 0.125829
vt 0.189683 0.122934
vt 0.195515 0.133235
vt 0.193022 0.128536
vt 0.195605 0.117651
vt 0.194766 0.116486
vt 0.187250 0.126751
vt 0.185273 0.123232
vt 0.186320 0.120945
vt 0.198538 0.132808
vt 0.199422 0.133506
vt 0.181257 0.115935
vt 0.200838 0.138636
vt 0.205958 0.137193
vt 0.205443 0.119361
vt 0.188163 0.114496
vt 0.205956 0.132492
vt 0.177497 0.116317
vt 0.193036 0.100271
vt 0.191122 0.071846
vt 0.193316 0.113679
vt 0.188086 0.135049
vt 0.175432 0.125181
vt 0.173248 0.137193
vt 0.177866 0.119461
vt 0.185309 0.097961
vt 0.185672 0.137003
vt 0.177602 0.088747
vt 0.190210 0.132325
vt 0.190928 0.109910
vt 0.204732 0.107644
vt 0.181568 0.132815
vt 0.176573 0.102389
vt 0.201274 0.106033
vt 0.191363 0.100465
vt 0.206281 0.096374
vt 0.175009 0.143189
vt 0.182159 0.122039
vt 0.192544 0.079011
vt 0.182855 0.108947
vt 0.178361 0.134734
vt 0.193581 0.105649
vt 0.204732 0.078916
vt 0.195256 0.115517
vt 0.181963 0.085611
vt 0.195281 0.080691
vt 0.182483 0.093154
vt 0.178385 0.106057
vt 0.190392 0.104486
vt 0.181980 0.143304
vt 0.190852 0.117266
vt 0.181699 0.067863
vt 0.191797 0.118734
vt 0.183231 0.130837
vt 0.195927 0.119919
vt 0.183243 0.125997
vt 0.188082 0.100910
vt 0.196841 0.118368
vt 0.196616 0.097484
vt 0.177834 0.113712
vt 0.187352 0.127822
vt 0.182736 0.111943
vt 0.196431 0.115990
vt 0.193409 0.111274
vt 0.193455 0.130759
vt 0.187284 0.129504
vt 0.177428 0.121480
vt 0.185648 0.088293
vt 0.698756 0.415510
vt 0.699155 0.418515
vt 0.183074 0.117863
vt 0.182192 0.128956
vt 0.183593 0.103867
vt 0.693248 0.404521
vt 0.703915 0.413921
vt 0.699470 0.416381
vt 0.711715 0.417883
vt 0.172775 0.091778
vt 0.698684 0.391991
vt 0.690743 0.397992
vt 0.695761 0.406333
vt 0.703856 0.400376
vt 0.701614 0.419406
vt 0.698522 0.394274
vt 0.700286 0.419308
vt 0.180114 0.570020
vt 0.181064 0.569571
vt 0.183299 0.570201
vt 0.182755 0.577542
vt 0.179517 0.571549
vt 0.183378 0.578261
vt 0.178117 0.569719
vt 0.179713 0.570405
vt 0.182114 0.570299
vt 0.181404 0.578376
vt 0.178459 0.572053
vt 0.182194 0.578359
vt 0.180374 0.569509
vt 0.180845 0.570213
vt 0.181579 0.570105
vt 0.182535 0.578184
vt 0.178647 0.572323
vt 0.181659 0.578166
vt 0.177961 0.570766
vt 0.179486 0.571028
vt 0.182624 0.570488
vt 0.181177 0.578999
vt 0.178573 0.571689
vt 0.182704 0.578548
vt 0.179860 0.570366
vt 0.180473 0.569875
vt 0.183611 0.569335
vt 0.182163 0.577846
vt 0.178213 0.572593
vt 0.183690 0.577395
vt 0.180209 0.570296
vt 0.178995 0.569346
vt 0.181276 0.570151
vt 0.180686 0.577317
vt 0.178401 0.572863
vt 0.181355 0.578211
vt 0.178806 0.570676
vt 0.179404 0.570705
vt 0.181366 0.570593
vt 0.181094 0.578676
vt 0.179565 0.571549
vt 0.181446 0.578653
vt 0.179246 0.569984
vt 0.180711 0.570462
vt 0.181318 0.570071
vt 0.182401 0.578433
vt 0.178180 0.572863
vt 0.181397 0.578131
vt 0.179607 0.570193
vt 0.181399 0.570363
vt 0.181312 0.570823
vt 0.183090 0.578334
vt 0.179999 0.572142
vt 0.181391 0.578883
vt 0.179034 0.570240
vt 0.179865 0.569827
vt 0.181641 0.570223
vt 0.181555 0.577798
vt 0.179568 0.571678
vt 0.181720 0.578283
vt 0.180253 0.570593
vt 0.181436 0.570642
vt 0.182636 0.570341
vt 0.183126 0.578613
vt 0.180143 0.575440
vt 0.182716 0.578401
vt 0.180564 0.569340
vt 0.180492 0.570683
vt 0.183408 0.570085
vt 0.182182 0.578653
vt 0.179510 0.574485
vt 0.183487 0.578145
vt 0.179542 0.570041
vt 0.181034 0.570615
vt 0.181344 0.570042
vt 0.182724 0.578586
vt 0.178950 0.571861
vt 0.181424 0.578102
vt 0.177927 0.570711
vt 0.179498 0.570814
vt 0.182691 0.570226
vt 0.181189 0.578785
vt 0.179558 0.573114
vt 0.182770 0.578286
vt 0.180503 0.570303
vt 0.179466 0.569911
vt 0.184069 0.569515
vt 0.181157 0.577882
vt 0.180043 0.573372
vt 0.184148 0.577575
vt 0.180771 0.569805
vt 0.179810 0.569954
vt 0.184069 0.569505
vt 0.181501 0.577925
vt 0.179317 0.573878
vt 0.184148 0.577565
vt 0.180032 0.569386
vt 0.179615 0.570288
vt 0.182244 0.570454
vt 0.181305 0.578259
vt 0.179661 0.573265
vt 0.182324 0.578514
vt 0.180099 0.570683
vt 0.180610 0.570406
vt 0.183262 0.570912
vt 0.182301 0.578377
vt 0.179812 0.573736
vt 0.183341 0.578972
vt 0.179973 0.570368
vt 0.180249 0.569715
vt 0.181863 0.570135
vt 0.181939 0.577686
vt 0.180295 0.571223
vt 0.181943 0.578195
vt 0.180436 0.569423
vt 0.179168 0.570448
vt 0.183247 0.569636
vt 0.180859 0.578419
vt 0.179325 0.573302
vt 0.183327 0.577696
vt 0.178228 0.569890
vt 0.180946 0.570402
vt 0.182825 0.569612
vt 0.182636 0.578373
vt 0.178970 0.572726
vt 0.182905 0.577672
vt 0.178438 0.569538
vt 0.179537 0.570190
vt 0.183190 0.570868
vt 0.181228 0.578161
vt 0.179780 0.575345
vt 0.183270 0.578928
vt 0.179847 0.570573
vt 0.180132 0.570654
vt 0.183092 0.570191
vt 0.181823 0.578625
vt 0.180054 0.573636
vt 0.183171 0.578251
vt 0.179800 0.570861
vt 0.181611 0.570107
vt 0.181500 0.569256
vt 0.183302 0.578078
vt 0.178973 0.573284
vt 0.181579 0.577317
vt 0.180086 0.569058
vt 0.181281 0.570918
vt 0.181088 0.570822
vt 0.182972 0.578888
vt 0.179124 0.573755
vt 0.181167 0.578882
vt 0.178054 0.570707
vt 0.179270 0.569643
vt 0.182912 0.570299
vt 0.180960 0.577614
vt 0.178030 0.573209
vt 0.182992 0.578359
vt 0.180043 0.570897
vt 0.179872 0.570116
vt 0.183682 0.570205
vt 0.181563 0.578087
vt 0.179957 0.573136
vt 0.183761 0.578265
vt 0.180366 0.570725
vt 0.179777 0.570473
vt 0.183231 0.569867
vt 0.181468 0.578444
vt 0.179111 0.573033
vt 0.183311 0.577927
vt 0.180168 0.569288
vt 0.181426 0.570336
vt 0.183229 0.569340
vt 0.183117 0.578307
vt 0.178877 0.571621
vt 0.183309 0.577400
vt 0.180267 0.569417
vt 0.181431 0.569682
vt 0.181489 0.570493
vt 0.183122 0.577653
vt 0.177797 0.571269
vt 0.181569 0.578553
vt 0.181707 0.570397
vt 0.182186 0.569939
vt 0.182484 0.570611
vt 0.183877 0.577910
vt 0.179447 0.570542
vt 0.182564 0.578672
vt 0.180328 0.569960
vt 0.181065 0.570349
vt 0.183530 0.569275
vt 0.182755 0.578320
vt 0.178146 0.572775
vt 0.183609 0.577335
vt 0.180087 0.569524
vt 0.181280 0.569732
vt 0.182606 0.569875
vt 0.182971 0.577703
vt 0.180224 0.571694
vt 0.182685 0.577935
vt 0.178326 0.569579
vt 0.180708 0.570298
vt 0.182218 0.569001
vt 0.182398 0.578269
vt 0.180243 0.575327
vt 0.182298 0.577061
vt 0.179843 0.570714
vt 0.181022 0.570948
vt 0.182264 0.569815
vt 0.182713 0.578919
vt 0.179725 0.574750
vt 0.182344 0.577875
vt 0.178320 0.570332
vt 0.180018 0.570468
vt 0.181340 0.570415
vt 0.181709 0.578439
vt 0.178293 0.573670
vt 0.181420 0.578475
vt 0.179339 0.570045
vt 0.179614 0.570707
vt 0.183798 0.569413
vt 0.181304 0.578678
vt 0.180465 0.571252
vt 0.183877 0.577473
vt 0.179800 0.570851
vt 0.181091 0.569627
vt 0.182516 0.569884
vt 0.182782 0.577597
vt 0.180189 0.573197
vt 0.182595 0.577944
vt 0.178413 0.569819
vt 0.181422 0.570260
vt 0.180853 0.570555
vt 0.183113 0.578231
vt 0.179903 0.572032
vt 0.180932 0.578615
vt 0.180212 0.570218
vt 0.181572 0.570194
vt 0.180853 0.570545
vt 0.183263 0.578164
vt 0.179643 0.573859
vt 0.180932 0.578605
vt 0.179607 0.570183
vt 0.180769 0.569964
vt 0.182069 0.570112
vt 0.182460 0.577935
vt 0.179943 0.573737
vt 0.182149 0.578172
vt 0.178672 0.569550
vt 0.179823 0.570855
vt 0.181188 0.570685
vt 0.181513 0.578826
vt 0.179607 0.571242
vt 0.181268 0.578745
vt 0.180253 0.570583
vt 0.181768 0.569509
vt 0.182395 0.570162
vt 0.183458 0.577480
vt 0.180457 0.573268
vt 0.182475 0.578222
vt 0.178160 0.570428
vt 0.181250 0.570355
vt 0.182144 0.569373
vt 0.182941 0.578326
vt 0.179240 0.573934
vt 0.182223 0.577433
vt 0.179874 0.569891
vt 0.181539 0.569576
vt 0.181523 0.568244
vt 0.183229 0.577546
vt 0.178124 0.572211
vt 0.181603 0.576304
vt 0.179155 0.570536
vt 0.180237 0.570860
vt 0.182903 0.569963
vt 0.181928 0.578831
vt 0.178783 0.573277
vt 0.182982 0.578023
vt 0.179845 0.569986
vt 0.181262 0.570707
vt 0.182651 0.569310
vt 0.182953 0.578678
vt 0.179054 0.574017
vt 0.182730 0.577370
vt 0.179180 0.569350
vt 0.181343 0.570524
vt 0.182069 0.570662
vt 0.183033 0.578494
vt 0.179101 0.571547
vt 0.182148 0.578722
vt 0.177716 0.570229
vt 0.181896 0.570000
vt 0.182168 0.570791
vt 0.183586 0.577971
vt 0.178509 0.573459
vt 0.182247 0.578851
vt 0.180175 0.569764
vt 0.180730 0.569797
vt 0.182504 0.570046
vt 0.182421 0.577768
vt 0.179959 0.572958
vt 0.182584 0.578106
vt 0.179298 0.570388
vt 0.181058 0.570272
vt 0.182852 0.570071
vt 0.182748 0.578243
vt 0.178268 0.573119
vt 0.182931 0.578131
vt 0.178228 0.569880
vt 0.181840 0.570264
vt 0.183692 0.569703
vt 0.183531 0.578235
vt 0.178646 0.573902
vt 0.183772 0.577763
vt 0.178438 0.569528
vt 0.180225 0.570482
vt 0.182648 0.569814
vt 0.181915 0.578453
vt 0.178288 0.571836
vt 0.182727 0.577874
vt 0.180161 0.570243
vt 0.180569 0.569395
vt 0.182758 0.570805
vt 0.182260 0.577366
vt 0.180118 0.572475
vt 0.182837 0.578865
vt 0.180822 0.570209
vt 0.180583 0.569907
vt 0.181531 0.570289
vt 0.182273 0.577878
vt 0.179163 0.572110
vt 0.181610 0.578350
vt 0.179701 0.570620
vt 0.180732 0.570282
vt 0.181480 0.569902
vt 0.182423 0.578253
vt 0.179160 0.569900
vt 0.178488 0.572903
vt 0.181560 0.577962
vt 0.179218 0.570390
vt 0.180070 0.569480
vt 0.182447 0.570117
vt 0.181761 0.577451
vt 0.180427 0.573755
vt 0.182527 0.578177
vt 0.179840 0.570697
vt 0.181200 0.570251
vt 0.183049 0.569791
vt 0.182891 0.578222
vt 0.180427 0.572593
vt 0.183129 0.577851
vt 0.180043 0.570887
vt 0.181150 0.570231
vt 0.183187 0.569996
vt 0.182841 0.578202
vt 0.177989 0.572496
vt 0.183266 0.578057
vt 0.179622 0.570864
vt 0.180334 0.570366
vt 0.183096 0.570944
vt 0.182024 0.578337
vt 0.178506 0.572919
vt 0.183175 0.579004
vt 0.179993 0.569606
vt 0.180031 0.570243
vt 0.181943 0.570382
vt 0.181722 0.578214
vt 0.179610 0.571811
vt 0.182023 0.578442
vt 0.179863 0.569719
vt 0.180858 0.570488
vt 0.182303 0.570218
vt 0.182549 0.578459
vt 0.181110 0.575020
vt 0.182383 0.578278
vt 0.178177 0.569778
vt 0.181064 0.569561
vt 0.181269 0.570167
vt 0.182755 0.577531
vt 0.179040 0.572267
vt 0.181348 0.578227
vt 0.179712 0.570963
vt 0.181479 0.570245
vt 0.182264 0.570285
vt 0.183169 0.578216
vt 0.178963 0.573020
vt 0.182344 0.578345
vt 0.180439 0.569626
vt 0.181388 0.570061
vt 0.181903 0.569594
vt 0.183078 0.578032
vt 0.179031 0.572712
vt 0.181982 0.577654
vt 0.178074 0.570595
vt 0.180105 0.569625
vt 0.183353 0.570246
vt 0.181795 0.577596
vt 0.180290 0.572334
vt 0.183433 0.578306
vt 0.178074 0.570585
vt 0.179010 0.569864
vt 0.182927 0.569605
vt 0.180701 0.577835
vt 0.180185 0.574719
vt 0.183007 0.577665
vt 0.179060 0.569749
vt 0.180647 0.569953
vt 0.183184 0.570155
vt 0.182338 0.577924
vt 0.177925 0.575056
vt 0.183264 0.578215
vt 0.180007 0.570392
vt 0.181643 0.570004
vt 0.181917 0.570932
vt 0.183333 0.577975
vt 0.178244 0.572950
vt 0.181997 0.578992
vt 0.178911 0.569514
vt 0.180128 0.570288
vt 0.182314 0.569295
vt 0.181819 0.578259
vt 0.178684 0.571561
vt 0.182393 0.577356
vt 0.180045 0.570845
vt 0.181399 0.569486
vt 0.182449 0.570076
vt 0.183090 0.577457
vt 0.179494 0.574180
vt 0.182529 0.578136
vt 0.179400 0.570801
vt 0.181125 0.569846
vt 0.181525 0.570675
vt 0.182816 0.577817
vt 0.179767 0.572470
vt 0.181605 0.578735
vt 0.180244 0.570507
vt 0.179801 0.570518
vt 0.181351 0.570333
vt 0.181491 0.578488
vt 0.178687 0.572118
vt 0.181430 0.578393
vt 0.179992 0.569854
vt 0.180878 0.569554
vt 0.181184 0.570616
vt 0.182568 0.577524
vt 0.179497 0.574737
vt 0.181263 0.578676
vt 0.178080 0.569367
vt 0.181759 0.569477
vt 0.183088 0.569301
vt 0.183450 0.577448
vt 0.179767 0.574925
vt 0.183168 0.577361
s 0
g carnivorous_plant_1_b_Material
usemtl Material
f 10/1/1 314/2/1 311/3/1
f 311/3/2 8/4/2 312/5/2
f 183/6/3 5/7/3 6/8/3
f 950/9/4 318/10/4 959/11/4
f 224/12/5 4/13/5 226/14/5
f 266/15/6 1/16/6 2/17/6
f 310/18/7 12/19/7 9/20/7
f 958/21/8 26/22/8 273/23/8
f 267/24/9 11/25/9 264/26/9
f 265/27/10 24/28/10 268/29/10
f 184/30/11 25/31/11 186/32/11
f 956/33/12 28/34/12 232/35/12
f 184/30/13 16/36/13 182/37/13
f 1095/38/14 1035/39/14 1096/40/14
f 223/41/15 15/42/15 13/43/15
f 14/44/16 227/45/16 224/12/16
f 187/46/17 47/47/17 287/48/17
f 313/49/18 23/50/18 315/51/18
f 3/52/19 269/53/19 267/24/19
f 7/54/20 228/55/20 225/56/20
f 181/57/21 22/58/21 185/59/21
f 66/60/22 245/61/22 270/62/22
f 65/63/23 205/64/23 271/65/23
f 240/66/24 333/67/24 60/68/24
f 327/69/25 334/70/25 59/71/25
f 334/70/26 326/72/26 17/73/26
f 229/74/27 46/75/27 333/67/27
f 245/61/28 53/76/28 194/77/28
f 1094/78/29 977/79/29 1023/80/29
f 1092/81/30 1027/82/30 1020/83/30
f 1005/84/31 1040/85/31 1041/86/31
f 353/87/32 973/88/32 35/89/32
f 947/90/33 272/91/33 957/92/33
f 952/93/34 231/94/34 955/95/34
f 945/96/35 189/97/35 954/98/35
f 951/99/36 190/100/36 953/101/36
f 20/102/37 233/103/37 227/45/37
f 55/104/38 234/105/38 233/103/38
f 54/106/39 235/107/39 234/105/39
f 268/29/40 58/108/40 275/109/40
f 275/109/41 57/110/41 276/111/41
f 57/110/42 277/112/42 276/111/42
f 315/51/43 49/113/43 321/114/43
f 321/114/44 48/115/44 322/116/44
f 322/116/45 47/47/45 323/117/45
f 186/32/46 50/118/46 192/119/46
f 50/118/47 193/120/47 192/119/47
f 51/121/48 194/77/48 193/120/48
f 228/122/49 44/123/49 236/124/49
f 236/125/50 45/126/50 237/127/50
f 237/127/51 46/75/51 238/128/51
f 21/129/52 278/130/52 269/53/52
f 38/131/53 279/132/53 278/130/53
f 39/133/54 280/134/54 279/132/54
f 185/135/55 43/136/55 195/137/55
f 195/138/56 42/139/56 196/140/56
f 196/140/57 41/141/57 197/142/57
f 18/143/58 324/144/58 314/145/58
f 37/146/59 325/147/59 324/148/59
f 325/147/60 17/73/60 326/72/60
f 4730/149/61 283/150/61 4738/151/61
f 4729/152/62 330/153/62 4740/154/62
f 4734/155/63 74/156/63 201/157/63
f 4728/158/64 329/159/64 4739/160/64
f 63/161/65 229/74/65 240/66/65
f 199/162/66 317/163/66 245/61/66
f 198/164/67 287/48/67 246/165/67
f 59/166/68 204/167/68 282/168/68
f 74/156/69 203/169/69 201/157/69
f 27/170/70 331/171/70 329/159/70
f 200/172/71 78/173/71 202/174/71
f 284/175/72 77/176/72 286/177/72
f 4736/178/73 69/179/73 241/180/73
f 4727/181/74 242/182/74 4735/183/74
f 4731/184/75 284/175/75 4737/185/75
f 4732/186/76 200/172/76 4733/187/76
f 67/188/77 335/189/77 331/171/77
f 202/174/78 87/190/78 206/191/78
f 77/176/79 290/192/79 286/177/79
f 244/193/80 84/194/80 248/195/80
f 72/196/81 332/197/81 330/153/81
f 73/198/82 285/199/82 283/150/82
f 69/179/83 243/200/83 241/180/83
f 68/201/84 244/193/84 242/182/84
f 46/75/85 188/202/85 333/67/85
f 17/203/86 204/167/86 334/204/86
f 287/48/87 197/142/87 246/165/87
f 317/205/88 235/107/88 53/206/88
f 89/207/89 291/208/89 289/209/89
f 336/210/90 95/211/90 338/212/90
f 90/213/91 209/214/91 207/215/91
f 83/216/92 337/217/92 335/189/92
f 81/218/93 207/219/93 203/220/93
f 79/221/94 336/210/94 332/197/94
f 80/222/95 289/223/95 285/224/95
f 76/225/96 247/226/96 243/227/96
f 209/228/97 105/229/97 211/230/97
f 82/231/98 339/232/98 337/217/98
f 94/233/99 210/234/99 208/235/99
f 292/236/100 101/237/100 294/238/100
f 85/239/101 249/240/101 247/241/101
f 248/195/102 91/242/102 250/243/102
f 290/192/103 93/244/103 292/236/103
f 87/190/104 208/235/104 206/191/104
f 102/245/105 212/246/105 210/234/105
f 294/238/106 116/247/106 296/248/106
f 99/249/107 255/250/107 252/251/107
f 251/252/108 115/253/108 253/254/108
f 338/212/109 103/255/109 340/256/109
f 291/208/110 104/257/110 293/258/110
f 92/259/111 251/260/111 249/240/111
f 91/242/112 252/251/112 250/243/112
f 1253/261/113 385/262/113 1243/263/113
f 1244/264/114 366/265/114 373/266/114
f 1245/267/115 384/268/115 1246/269/115
f 1250/270/116 385/262/116 371/271/116
f 98/272/117 341/273/117 339/232/117
f 211/274/118 120/275/118 213/276/118
f 340/256/119 118/277/119 342/278/119
f 104/257/120 295/279/120 293/258/120
f 494/280/121 346/281/121 500/282/121
f 418/283/122 1270/284/122 125/285/122
f 422/286/123 125/287/123 218/288/123
f 1292/289/124 135/290/124 496/291/124
f 459/292/125 300/293/125 464/294/125
f 1284/295/126 122/296/126 127/297/126
f 544/298/127 403/299/127 404/300/127
f 538/301/128 352/302/128 536/303/128
f 905/304/129 675/305/129 908/306/129
f 421/307/130 258/308/130 423/309/130
f 1273/310/131 126/311/131 455/312/131
f 458/313/132 126/314/132 259/315/132
f 1271/316/133 124/317/133 128/318/133
f 456/319/134 217/320/134 457/321/134
f 534/322/135 401/323/135 402/324/135
f 827/325/136 592/326/136 596/327/136
f 548/328/137 400/329/137 543/330/137
f 1308/331/138 134/332/138 138/333/138
f 499/334/139 135/335/139 301/336/139
f 1296/337/140 132/338/140 137/339/140
f 465/340/141 136/341/141 347/342/141
f 1312/343/142 136/344/142 460/345/142
f 432/346/143 260/347/143 437/348/143
f 427/349/144 261/350/144 430/351/144
f 433/352/145 1287/353/145 1267/354/145
f 1286/355/146 144/356/146 1285/357/146
f 436/358/147 145/359/147 219/360/147
f 429/361/148 146/362/148 220/363/148
f 434/364/149 1289/365/149 145/366/149
f 426/367/150 1291/368/150 146/369/150
f 1282/370/151 158/371/151 1299/372/151
f 1298/373/152 157/374/152 1297/375/152
f 485/376/153 154/377/153 302/378/153
f 492/379/154 153/380/154 303/381/154
f 1277/382/155 154/383/155 481/384/155
f 488/385/156 1293/386/156 153/387/156
f 484/388/157 348/389/157 486/390/157
f 489/391/158 349/392/158 493/393/158
f 439/394/159 221/395/159 443/396/159
f 448/397/160 222/398/160 450/399/160
f 442/400/161 1301/401/161 1300/402/161
f 1302/403/162 170/404/162 1303/405/162
f 444/406/163 166/407/163 262/408/163
f 451/409/164 165/410/164 263/411/164
f 438/412/165 1305/413/165 166/414/165
f 1306/415/166 165/416/166 447/417/166
f 1280/418/167 179/419/167 477/420/167
f 1314/421/168 180/422/168 470/423/168
f 479/424/169 179/425/169 350/426/169
f 472/427/170 180/428/170 351/429/170
f 473/430/171 1311/431/171 1278/432/171
f 1310/433/172 171/434/172 1309/435/172
f 476/436/173 304/437/173 478/438/173
f 467/439/174 305/440/174 471/441/174
f 450/399/175 170/442/175 449/443/175
f 443/444/176 169/445/176 442/446/176
f 427/349/177 220/363/177 147/447/177
f 432/346/178 219/360/178 148/448/178
f 457/321/179 124/449/179 454/450/179
f 533/451/180 414/452/180 401/323/180
f 421/307/181 218/288/181 121/453/181
f 100/454/182 213/276/182 115/455/182
f 1244/264/183 383/456/183 1251/457/183
f 1245/267/184 377/458/184 378/459/184
f 210/234/185 118/277/185 103/255/185
f 88/460/186 208/235/186 95/211/186
f 95/211/187 210/234/187 103/255/187
f 209/214/188 100/454/188 92/461/188
f 76/225/189 207/219/189 85/462/189
f 85/463/190 209/214/190 92/461/190
f 238/128/191 288/464/191 41/465/191
f 79/221/192 206/191/192 88/460/192
f 4733/187/193 72/196/193 4729/152/193
f 72/196/194 202/174/194 79/221/194
f 201/157/195 76/466/195 69/467/195
f 64/468/196 187/46/196 287/48/196
f 328/469/197 271/470/197 187/46/197
f 4725/471/198 201/157/198 69/467/198
f 48/115/199 197/142/199 47/47/199
f 49/113/200 196/140/200 48/115/200
f 23/472/55 195/137/55 49/473/55
f 193/120/201 53/76/201 54/474/201
f 192/119/202 54/474/202 55/475/202
f 20/476/46 192/119/46 55/475/46
f 953/477/203 33/478/203 952/93/203
f 954/98/204 26/22/204 949/479/204
f 1005/480/205 1032/481/205 973/88/205
f 320/482/206 972/483/206 353/87/206
f 5/7/207 185/59/207 23/50/207
f 246/165/208 41/141/208 288/484/208
f 1/16/13 182/37/13 2/17/13
f 14/485/209 186/32/209 20/476/209
f 13/486/3 181/57/3 183/6/3
f 448/397/210 263/411/210 167/487/210
f 439/394/211 262/488/211 168/489/211
f 430/351/212 144/490/212 425/491/212
f 437/348/213 143/492/213 433/493/213
f 456/319/214 259/315/214 123/494/214
f 423/309/215 122/495/215 417/496/215
f 529/497/216 398/498/216 532/499/216
f 833/500/217 585/501/217 835/502/217
f 1252/503/218 384/268/218 380/504/218
f 1248/505/219 382/506/219 1258/507/219
f 94/508/220 252/251/220 102/509/220
f 93/244/221 251/260/221 101/237/221
f 101/237/222 253/510/222 116/247/222
f 102/509/223 255/250/223 117/511/223
f 248/195/224 94/508/224 87/512/224
f 86/513/225 249/240/225 93/244/225
f 243/227/226 86/514/226 77/515/226
f 323/117/227 271/470/227 56/516/227
f 71/517/228 244/193/228 78/518/228
f 70/519/229 243/200/229 77/176/229
f 78/518/230 248/195/230 87/512/230
f 4735/183/231 71/517/231 4732/520/231
f 4731/184/232 241/180/232 70/519/232
f 42/521/233 238/128/233 41/465/233
f 43/522/234 237/127/234 42/521/234
f 228/122/49 43/136/49 22/523/49
f 234/105/235 40/524/235 39/133/235
f 233/103/236 39/133/236 38/131/236
f 227/45/37 38/131/37 21/129/37
f 948/525/237 231/94/237 30/526/237
f 307/527/238 960/528/238 969/529/238
f 987/530/239 967/531/239 986/532/239
f 281/533/240 270/62/240 205/64/240
f 62/534/241 230/535/241 239/536/241
f 225/56/242 22/537/242 15/42/242
f 205/64/243 56/538/243 271/65/243
f 224/12/244 21/129/244 3/52/244
f 7/54/245 223/41/245 8/4/245
f 945/539/246 232/35/246 34/540/246
f 14/44/5 226/14/5 16/541/5
f 307/542/247 970/543/247 984/544/247
f 1247/545/248 379/546/248 377/547/248
f 274/548/249 965/549/249 988/550/249
f 1248/505/250 362/551/250 381/552/250
f 471/441/251 171/553/251 466/554/251
f 478/555/252 172/556/252 473/557/252
f 489/391/253 303/381/253 156/558/253
f 484/388/254 302/559/254 155/560/254
f 494/280/255 301/336/255 131/561/255
f 544/298/256 399/562/256 548/328/256
f 832/563/257 594/564/257 598/565/257
f 464/294/258 134/566/258 461/567/258
f 105/568/259 295/279/259 120/275/259
f 1250/270/260 366/569/260 1249/570/260
f 1256/571/261 383/456/261 376/572/261
f 97/573/262 293/258/262 105/568/262
f 98/574/263 296/248/263 113/575/263
f 290/192/264 82/576/264 83/577/264
f 292/236/265 98/574/265 82/576/265
f 81/218/266 289/223/266 90/578/266
f 90/213/267 291/208/267 97/573/267
f 316/579/268 280/134/268 40/524/268
f 283/150/269 81/580/269 74/156/269
f 286/177/270 83/577/270 67/581/270
f 4728/582/271 284/175/271 27/583/271
f 27/583/272 286/177/272 67/581/272
f 4738/151/273 74/156/273 4726/584/273
f 279/132/274 17/203/274 36/585/274
f 278/130/275 36/585/275 37/586/275
f 269/53/52 37/586/52 18/587/52
f 276/111/276 52/588/276 51/121/276
f 50/118/277 276/111/277 51/121/277
f 25/31/40 275/109/40 50/118/40
f 946/589/278 272/91/278 28/590/278
f 1086/591/279 1019/592/279 1022/593/279
f 35/594/280 1017/595/280 191/596/280
f 40/524/281 230/535/281 316/579/281
f 282/168/282 316/579/282 62/534/282
f 60/68/283 188/202/283 327/69/283
f 267/24/284 18/587/284 10/597/284
f 1/16/285 268/29/285 25/31/285
f 3/52/286 264/26/286 4/13/286
f 950/598/287 273/23/287 31/599/287
f 9/600/6 265/27/6 266/15/6
f 990/601/288 970/543/288 963/602/288
f 1252/503/289 368/603/289 1254/604/289
f 985/605/290 967/531/290 968/606/290
f 1253/261/291 368/607/291 375/608/291
f 467/439/292 351/429/292 174/609/292
f 476/436/293 350/610/293 173/611/293
f 493/612/294 157/613/294 490/614/294
f 486/615/295 158/616/295 482/617/295
f 459/292/296 347/342/296 133/618/296
f 500/282/297 132/619/297 497/620/297
f 104/621/298 342/278/298 119/622/298
f 339/232/299 114/623/299 99/249/299
f 1256/571/300 362/624/300 1255/625/300
f 1257/626/301 382/506/301 379/546/301
f 338/212/302 104/621/302 96/627/302
f 91/242/303 339/232/303 99/249/303
f 80/628/304 336/210/304 89/629/304
f 335/189/305 91/242/305 84/194/305
f 336/210/306 96/627/306 89/629/306
f 194/77/307 270/62/307 245/61/307
f 73/630/308 332/197/308 80/628/308
f 75/631/309 335/189/309 84/194/309
f 68/201/310 331/171/310 75/631/310
f 198/164/311 288/484/311 63/632/311
f 239/536/312 317/205/312 61/633/312
f 4739/160/313 68/201/313 4727/181/313
f 4740/154/314 73/630/314 4730/634/314
f 45/126/315 326/72/315 46/75/315
f 324/148/316 45/126/316 44/635/316
f 314/145/58 44/123/58 19/636/58
f 57/637/317 323/117/317 56/516/317
f 58/638/318 322/116/318 57/637/318
f 24/639/43 321/114/43 58/638/43
f 988/550/204 966/640/204 987/530/204
f 989/641/319 963/602/319 964/642/319
f 277/112/320 270/62/320 52/588/320
f 12/19/321 315/51/321 24/639/321
f 973/88/322 1031/643/322 35/89/322
f 6/8/7 313/49/7 310/18/7
f 959/11/323 29/644/323 951/645/323
f 10/1/324 312/5/324 11/646/324
f 311/3/325 19/647/325 7/54/325
f 106/648/326 1494/649/326 1481/650/326
f 521/651/327 1390/652/327 1354/653/327
f 256/654/328 1493/655/328 360/656/328
f 535/657/329 1548/658/329 1556/659/329
f 111/660/330 1492/661/330 1487/662/330
f 554/663/331 1542/664/331 510/665/331
f 108/666/332 1484/667/332 1495/668/332
f 553/669/333 1543/670/333 1566/671/333
f 108/666/334 1494/649/334 257/672/334
f 549/673/335 1538/674/335 1563/675/335
f 360/676/336 1492/661/336 216/677/336
f 547/678/337 1537/679/337 501/680/337
f 110/681/338 1490/682/338 345/683/338
f 374/684/339 382/685/339 381/686/339
f 361/687/340 376/688/340 372/689/340
f 370/690/341 364/691/341 365/692/341
f 378/693/342 367/694/342 369/695/342
f 384/696/343 369/695/343 380/697/343
f 375/698/344 363/699/344 370/690/344
f 364/691/345 372/689/345 365/692/345
f 367/694/346 379/700/346 374/684/346
f 365/692/347 373/701/347 366/702/347
f 385/703/348 370/690/348 371/704/348
f 371/704/349 365/692/349 366/702/349
f 372/689/350 383/705/350 373/701/350
f 364/691/351 374/684/351 361/687/351
f 380/697/352 363/699/352 368/706/352
f 369/695/353 364/691/353 363/699/353
f 361/687/354 381/686/354 362/707/354
f 1265/708/355 352/709/355 354/710/355
f 1263/711/356 308/712/356 343/713/356
f 1262/714/357 306/715/357 1261/716/357
f 1260/717/358 254/718/358 1259/719/358
f 1337/720/359 397/721/359 1336/722/359
f 1338/723/360 400/724/360 399/725/360
f 1341/726/361 401/727/361 1340/728/361
f 1343/729/362 403/730/362 411/731/362
f 1261/716/363 396/732/363 1344/733/363
f 1260/734/364 343/713/364 214/735/364
f 1259/719/365 394/736/365 1345/737/365
f 1262/738/366 354/710/366 297/739/366
f 1346/740/367 401/727/367 414/741/367
f 1343/742/368 399/725/368 404/743/368
f 411/731/369 416/744/369 1347/745/369
f 1341/746/370 397/721/370 402/747/370
f 551/748/371 308/749/371 550/750/371
f 498/751/372 1390/752/372 1533/753/372
f 542/754/373 306/755/373 297/756/373
f 359/757/374 1488/758/374 299/759/374
f 555/760/375 254/761/375 214/762/375
f 495/763/376 1457/764/376 139/765/376
f 111/766/377 1486/767/377 298/768/377
f 491/769/378 1471/770/378 1531/771/378
f 109/772/379 1484/667/379 215/773/379
f 555/760/380 343/774/380 551/748/380
f 487/775/381 1418/776/381 151/777/381
f 821/778/382 681/779/382 822/780/382
f 539/781/383 396/782/383 306/755/383
f 534/322/384 397/783/384 529/497/384
f 107/784/385 1482/785/385 256/786/385
f 891/787/386 630/788/386 671/789/386
f 483/790/387 1470/791/387 1529/792/387
f 545/793/388 416/794/388 403/299/388
f 542/754/389 354/795/389 538/301/389
f 859/796/390 660/797/390 661/798/390
f 865/799/391 622/800/391 867/801/391
f 106/648/392 1480/802/392 344/803/392
f 480/804/393 1416/805/393 152/806/393
f 552/807/394 394/808/394 254/761/394
f 505/809/395 1469/810/395 1538/674/395
f 261/350/396 417/496/396 144/490/396
f 147/447/397 422/286/397 421/307/397
f 475/811/398 1436/812/398 178/813/398
f 1317/814/399 1553/815/399 1380/816/399
f 147/447/400 423/309/400 261/350/400
f 873/817/401 624/818/401 876/819/401
f 474/820/402 1458/821/402 1527/822/402
f 220/363/403 418/823/403 422/286/403
f 869/824/404 580/825/404 572/826/404
f 260/347/405 425/491/405 143/492/405
f 178/813/406 1524/827/406 469/828/406
f 469/828/407 1438/829/407 177/830/407
f 148/448/408 429/361/408 427/349/408
f 942/831/409 643/832/409 680/833/409
f 219/360/410 426/834/410 429/361/410
f 177/835/411 1522/836/411 463/837/411
f 877/838/412 579/839/412 578/840/412
f 148/448/413 430/351/413 260/347/413
f 468/841/414 1459/842/414 1525/843/414
f 253/510/415 433/844/415 116/247/415
f 176/845/416 1525/843/416 1458/821/416
f 463/837/417 1469/810/417 140/846/417
f 115/253/418 436/358/418 432/346/418
f 358/847/419 434/364/419 120/848/419
f 213/276/420 434/849/420 436/850/420
f 175/851/421 1523/852/421 1459/842/421
f 356/853/422 433/854/422 1267/855/422
f 115/253/423 437/348/423 253/254/423
f 462/856/424 1392/857/424 1523/852/424
f 446/858/425 1426/859/425 164/860/425
f 117/861/426 444/862/426 439/394/426
f 212/246/427 442/446/427 118/277/427
f 164/863/428 1520/864/428 453/865/428
f 441/866/429 1424/867/429 163/868/429
f 114/869/430 1304/870/430 438/871/430
f 255/250/431 438/872/431 444/406/431
f 357/873/432 442/400/432 1300/402/432
f 117/861/433 443/396/433 212/874/433
f 162/875/434 1521/876/434 1441/877/434
f 445/878/435 1441/877/435 1519/879/435
f 168/489/436 451/409/436 448/397/436
f 221/880/437 449/881/437 169/445/437
f 163/868/438 1518/882/438 446/858/438
f 440/883/439 1440/884/439 1517/885/439
f 880/886/440 578/887/440 684/888/440
f 262/408/441 447/889/441 451/890/441
f 837/891/442 659/892/442 840/893/442
f 168/489/443 450/399/443 221/395/443
f 161/894/444 1519/879/444 1440/884/444
f 167/487/445 458/313/445 456/319/445
f 160/895/446 1531/771/446 1470/791/446
f 441/896/447 1364/897/447 1516/898/447
f 222/398/448 454/450/448 170/442/448
f 159/899/449 1533/753/449 1471/770/449
f 167/487/450 457/321/450 222/398/450
f 933/900/451 600/901/451 604/902/451
f 263/411/452 455/903/452 458/313/452
f 885/904/453 577/905/453 887/906/453
f 1281/907/454 1517/885/454 1368/908/454
f 487/775/455 1416/805/455 1530/909/455
f 174/609/456 465/340/456 459/292/456
f 305/440/457 461/567/457 171/553/457
f 1279/910/458 1514/911/458 435/912/458
f 151/777/459 1532/913/459 495/763/459
f 921/914/460 669/915/460 924/916/460
f 351/429/461 460/917/461 465/340/461
f 431/918/462 1449/919/462 1515/920/462
f 931/921/463 606/922/463 930/923/463
f 174/609/464 464/294/464 305/440/464
f 173/611/465 472/427/465 467/439/465
f 428/924/466 1406/925/466 150/926/466
f 149/927/467 1512/928/467 428/924/467
f 304/437/468 466/554/468 172/929/468
f 173/611/469 471/441/469 304/437/469
f 817/930/470 575/931/470 818/932/470
f 435/912/471 1404/933/471 149/927/471
f 350/426/472 470/934/472 472/935/472
f 918/936/473 658/937/473 649/938/473
f 424/939/474 1450/940/474 1513/941/474
f 119/622/475 479/424/475 476/942/475
f 142/943/476 1513/944/476 1449/945/476
f 420/946/477 1380/816/477 1511/947/477
f 295/279/478 473/557/478 120/275/478
f 119/948/479 478/438/479 295/949/479
f 120/950/480 1278/432/480 358/951/480
f 141/952/481 1511/947/481 1450/940/481
f 342/278/482 477/953/482 479/424/482
f 357/954/483 477/955/483 118/956/483
f 150/926/484 1510/957/484 419/958/484
f 1283/959/485 1529/960/485 1364/897/485
f 341/273/486 482/617/486 114/623/486
f 113/961/487 485/962/487 484/388/487
f 406/963/488 1555/964/488 531/965/488
f 113/961/489 486/390/489 341/966/489
f 116/967/490 1277/382/490 481/384/490
f 1281/907/491 1526/968/491 475/969/491
f 296/248/492 481/970/492 485/376/492
f 355/971/493 482/972/493 1282/973/493
f 520/974/494 1457/764/494 1548/658/494
f 474/820/495 1370/975/495 1279/910/495
f 348/976/496 490/614/496 158/616/496
f 155/560/497 492/379/497 489/391/497
f 395/977/498 1559/978/498 1571/979/498
f 155/560/499 493/393/499 348/389/499
f 901/980/500 670/981/500 903/982/500
f 1268/983/501 1528/984/501 480/804/501
f 302/559/502 488/985/502 492/379/502
f 938/986/503 564/987/503 573/988/503
f 1272/989/504 1542/664/504 1382/990/504
f 349/392/505 497/620/505 157/991/505
f 501/680/506 1392/857/506 1276/992/506
f 130/993/507 1543/670/507 508/994/507
f 156/558/508 499/334/508 494/280/508
f 453/865/509 1448/995/509 130/993/509
f 929/996/510 605/997/510 601/998/510
f 303/381/511 496/999/511 499/334/511
f 415/1000/512 1479/1001/512 1342/1002/512
f 890/1003/513 626/1004/513 630/1005/513
f 156/558/514 500/282/514 349/392/514
f 869/1006/515 571/1007/515 872/1008/515
f 347/342/516 507/1009/516 506/1010/516
f 452/1011/517 1382/990/517 1521/876/517
f 405/1012/518 1505/1013/518 1554/1014/518
f 419/958/519 1439/1015/519 129/1016/519
f 133/618/520 503/1017/520 300/293/520
f 932/1018/521 606/1019/521 605/1020/521
f 300/293/522 502/1021/522 134/566/522
f 413/1022/523 1502/1023/523 409/1024/523
f 133/618/524 506/1010/524 504/1025/524
f 259/315/525 514/1026/525 512/1027/525
f 894/1028/526 628/1029/526 629/1030/526
f 1268/983/527 1515/1031/527 1366/1032/527
f 407/1033/528 1561/1034/528 1499/1035/528
f 123/494/529 511/1036/529 217/320/529
f 386/1037/530 1467/1038/530 1568/1039/530
f 123/494/531 512/1027/531 513/1040/531
f 217/320/532 509/1041/532 124/449/532
f 393/1042/533 1497/1043/533 391/1044/533
f 935/1045/534 604/1046/534 603/1047/534
f 387/1048/535 1567/1049/535 388/1050/535
f 881/1051/536 657/1052/536 883/1053/536
f 131/561/537 516/1054/537 346/281/537
f 929/1055/538 602/1056/538 931/1057/538
f 112/1058/539 1557/1059/539 1467/1038/539
f 389/1060/540 1557/1059/540 390/1061/540
f 346/281/541 515/1062/541 132/619/541
f 301/336/542 517/1063/542 518/1064/542
f 131/561/543 518/1064/543 519/1065/543
f 395/977/544 1558/1066/544 389/1060/544
f 554/663/545 1567/1049/545 1565/1067/545
f 121/453/546 526/1068/546 258/308/546
f 218/288/547 525/1069/547 527/1070/547
f 391/1044/548 1509/1071/548 392/1072/548
f 387/1048/549 1509/1071/549 1564/1073/549
f 121/453/550 527/1070/550 528/1074/550
f 393/1042/551 1566/671/551 1572/1075/551
f 856/1076/552 654/1077/552 679/1078/552
f 829/1079/553 593/1080/553 831/1081/553
f 258/308/554 523/1082/554 122/495/554
f 1342/1002/555 1561/1034/555 412/1083/555
f 517/1084/556 1359/1085/556 530/1086/556
f 519/1065/557 529/497/557 516/1054/557
f 1360/1087/558 532/1088/558 1353/1089/558
f 415/1000/559 1563/675/559 1574/1090/559
f 409/1024/560 1505/1013/560 410/1091/560
f 516/1054/561 532/499/561 515/1062/561
f 518/1064/562 530/1092/562 533/451/562
f 519/1065/563 533/451/563 534/322/563
f 408/1093/564 1562/1094/564 547/678/564
f 408/1093/565 1499/1035/565 1570/1095/565
f 528/1074/566 538/301/566 526/1068/566
f 527/1070/567 541/1096/567 539/781/567
f 386/1037/568 1560/1097/568 540/1098/568
f 406/963/569 1554/1014/569 1569/1099/569
f 528/1074/570 539/781/570 542/754/570
f 537/1100/571 1552/1101/571 1559/978/571
f 523/1102/572 1361/1103/572 1316/1104/572
f 525/1105/573 1350/1106/573 541/1107/573
f 526/1068/574 536/303/574 523/1082/574
f 507/1108/575 1356/1109/575 546/1110/575
f 506/1010/576 546/1111/576 545/793/576
f 109/772/577 1490/1112/577 1485/1113/577
f 413/1022/578 1556/659/578 1573/1114/578
f 359/1115/579 1480/802/579 1489/1116/579
f 504/1025/580 548/328/580 503/1017/580
f 1275/1117/581 543/1118/581 1355/1119/581
f 503/1017/582 543/330/582 502/1021/582
f 531/1120/583 1547/1121/583 521/1122/583
f 504/1025/584 545/793/584 544/298/584
f 512/1027/585 556/1123/585 552/807/585
f 1348/1124/586 556/1125/586 514/1126/586
f 107/784/587 1488/1127/587 1483/1128/587
f 524/1129/588 1439/1015/588 1552/1101/588
f 513/1040/589 551/748/589 511/1036/589
f 110/1130/590 1486/1131/590 1491/1132/590
f 513/1040/591 552/807/591 555/760/591
f 511/1036/592 550/750/592 509/1041/592
f 540/1098/593 1553/815/593 522/1133/593
f 509/1134/594 1358/1135/594 1349/1136/594
f 560/1137/595 558/1138/595 559/1139/595
f 841/1140/596 631/1141/596 844/1142/596
f 822/1143/597 650/1144/597 823/1145/597
f 863/1146/598 588/1147/598 663/1148/598
f 845/1149/599 632/1150/599 848/1151/599
f 919/1152/600 649/1153/600 561/1154/600
f 943/1155/601 680/1156/601 656/1157/601
f 886/1158/602 576/1159/602 885/1160/602
f 818/1161/603 676/1162/603 819/1163/603
f 862/1164/604 587/1165/604 864/1166/604
f 913/1167/605 686/1168/605 915/1169/605
f 824/1170/606 650/1171/606 645/1172/606
f 909/1173/607 638/1174/607 911/1175/607
f 912/1176/608 639/1177/608 651/1178/608
f 837/1179/609 582/1180/609 581/1181/609
f 906/1182/610 652/1183/610 905/1184/610
f 899/1185/611 612/1186/611 665/1187/611
f 916/1188/612 688/1189/612 636/1190/612
f 836/1191/613 584/1192/613 583/1193/613
f 935/1194/614 599/1195/614 936/1196/614
f 939/1197/615 573/1198/615 677/1199/615
f 927/1200/616 666/1201/616 615/1202/616
f 921/914/617 608/1203/617 607/1204/617
f 913/1205/618 636/1206/618 635/1207/618
f 915/1208/619 688/1209/619 914/1210/619
f 926/1211/620 609/1212/620 928/1213/620
f 892/1214/621 671/789/621 625/1215/621
f 852/1216/622 640/1217/622 653/1218/622
f 828/1219/623 595/1220/623 591/1221/623
f 846/1222/624 633/1223/624 845/1224/624
f 853/1225/625 570/1226/625 654/1227/625
f 898/1228/626 611/1229/626 900/1230/626
f 820/1231/627 676/1232/627 655/1233/627
f 863/1234/628 664/1235/628 862/1164/628
f 911/1236/629 639/1237/629 910/1238/629
f 866/1239/630 617/1240/630 868/1241/630
f 817/1242/631 655/1243/631 574/1244/631
f 870/1245/632 673/1246/632 580/1247/632
f 849/1248/633 641/1249/633 640/1250/633
f 939/1251/634 563/1252/634 940/1253/634
f 846/1254/635 682/1255/635 637/1256/635
f 833/1257/636 583/1258/636 662/1259/636
f 851/1260/637 641/1261/637 850/1262/637
f 909/1263/638 651/1264/638 687/1265/638
f 943/1266/639 642/1267/639 944/1268/639
f 919/1269/640 562/1270/640 920/1271/640
f 940/1272/641 564/1273/641 937/1274/641
f 900/1275/642 612/1276/642 897/1277/642
f 842/1278/643 565/1279/643 841/1280/643
f 904/1281/644 613/1282/644 614/1283/644
f 895/1284/645 629/1285/645 672/1286/645
f 888/1287/646 577/1288/646 674/1289/646
f 925/1290/647 609/1291/647 666/1201/647
f 906/1292/648 568/1293/648 567/1294/648
f 842/1295/649 678/1296/649 566/1297/649
f 835/1298/650 584/1299/650 834/1300/650
f 886/1301/651 674/1302/651 634/1303/651
f 855/1304/652 570/1305/652 854/1306/652
f 927/1307/653 610/1308/653 926/1309/653
f 838/1310/654 586/1311/654 582/1312/654
f 898/1313/655 665/1187/655 667/1314/655
f 944/1315/656 643/1316/656 941/1317/656
f 922/1318/657 616/1319/657 608/1320/657
f 821/1321/658 645/1322/658 644/1323/658
f 856/1324/659 569/1325/659 855/1326/659
f 884/1327/660 647/1328/660 646/1329/660
f 847/1330/661 632/1331/661 682/1332/661
f 901/1333/662 614/1334/662 668/1335/662
f 865/1336/663 617/1337/663 618/1338/663
f 883/1339/664 647/1340/664 882/1341/664
f 852/1342/665 683/1343/665 851/1344/665
f 924/1345/666 616/1319/666 923/1346/666
f 879/1347/667 579/1348/667 878/1349/667
f 873/1350/668 619/1351/668 620/1352/668
f 861/1353/669 587/1354/669 588/1147/669
f 872/1355/670 673/1356/670 871/1357/670
f 920/1358/671 658/1359/671 917/1360/671
f 903/1361/672 613/1282/672 902/1362/672
f 860/1363/673 589/1364/673 590/1365/673
f 840/1366/674 586/1367/674 839/1368/674
f 874/1369/675 623/1370/675 619/1371/675
f 857/1372/676 590/1373/676 660/1374/676
f 867/1375/677 621/1376/677 866/1377/677
f 859/1378/678 589/1379/678 858/1380/678
f 875/1381/679 624/1382/679 623/1370/679
f 828/1383/680 592/1384/680 825/1385/680
f 895/1386/681 627/1387/681 896/1388/681
f 831/1081/682 594/1389/682 830/1390/682
f 826/1391/683 596/327/683 595/1392/683
f 907/1393/684 675/1394/684 568/1395/684
f 892/1396/685 626/1397/685 889/1398/685
f 829/1399/686 598/1400/686 597/1401/686
f 880/1402/687 648/1403/687 879/1404/687
f 896/1405/688 628/1406/688 893/1407/688
f 881/1408/689 646/1409/689 685/1410/689
f 844/1411/690 678/1412/690 843/1413/690
f 936/1196/691 600/1414/691 934/1415/691
f 557/1416/692 579/1417/692 558/1138/692
f 562/1418/693 649/1419/693 658/1420/693
f 653/1421/694 641/1422/694 683/1423/694
f 569/1424/695 654/1425/695 570/1426/695
f 573/1427/696 563/1428/696 677/1429/696
f 574/1430/697 676/1431/697 575/1432/697
f 576/1433/698 674/1434/698 577/905/698
f 558/1138/699 648/1435/699 559/1139/699
f 565/1436/700 678/1437/700 631/1438/700
f 588/1439/701 664/1440/701 663/1441/701
f 572/826/702 673/1442/702 571/1443/702
f 582/1312/703 659/1444/703 581/1445/703
f 656/1446/704 643/1447/704 642/1448/704
f 614/1449/705 670/1450/705 668/1451/705
f 567/1452/706 675/1453/706 652/1454/706
f 686/1455/707 636/1456/707 688/1209/707
f 629/1457/708 627/1458/708 672/1459/708
f 620/1460/709 623/1461/709 624/1462/709
f 657/1463/710 646/1464/710 647/1465/710
f 611/1466/711 665/1467/711 612/1468/711
f 585/1469/712 583/1470/712 584/1471/712
f 681/1472/713 645/1473/713 650/1474/713
f 602/1475/714 605/1476/714 606/922/714
f 598/565/715 593/1477/715 597/1478/715
f 630/1479/716 625/1480/716 671/1481/716
f 618/1482/717 621/1483/717 622/1484/717
f 610/1485/718 666/1486/718 609/1212/718
f 687/1487/719 639/1237/719 638/1488/719
f 596/1489/720 591/1490/720 595/1491/720
f 600/1492/721 603/1493/721 604/1494/721
f 682/1495/722 633/1496/722 637/1497/722
f 590/1498/723 661/1499/723 660/1500/723
f 559/1139/724 684/1501/724 560/1137/724
f 560/1137/725 578/1502/725 557/1416/725
f 608/1503/726 669/1504/726 607/1505/726
f 132/619/727 692/1506/727 689/1507/727
f 515/1508/728 691/1509/728 692/1510/728
f 137/1511/729 691/1512/729 1360/1513/729
f 132/338/730 690/1514/730 137/339/730
f 398/1515/731 696/1516/731 693/1517/731
f 1353/1518/732 696/1519/732 1337/1520/732
f 532/1521/733 695/1522/733 1353/1523/733
f 532/499/734 693/1524/734 694/1525/734
f 497/620/735 699/1526/735 157/991/735
f 497/1527/736 698/1528/736 700/1529/736
f 1296/1530/737 697/1531/737 698/1532/737
f 157/374/738 697/1531/738 1297/375/738
f 166/1533/739 702/1534/739 703/1535/739
f 447/1536/740 701/1537/740 1306/1538/740
f 166/1533/741 704/1539/741 447/1540/741
f 1305/1541/742 701/1537/742 702/1542/742
f 158/1543/743 705/1544/743 706/1545/743
f 1299/1546/744 708/1547/744 1298/1548/744
f 490/1549/745 708/1550/745 705/1551/745
f 158/1552/746 707/1553/746 1299/1554/746
f 1307/1555/747 710/1556/747 712/1557/747
f 165/1558/748 712/1559/748 711/1560/748
f 455/903/749 711/1561/749 709/1562/749
f 455/1563/750 710/1564/750 1273/1565/750
f 126/314/751 713/1566/751 514/1026/751
f 126/1567/752 715/1568/752 716/1569/752
f 1274/1570/753 714/1571/753 715/1572/753
f 514/1126/754 714/1573/754 1348/1124/754
f 556/1574/755 718/1575/755 719/1576/755
f 394/736/756 717/1577/756 1345/737/756
f 556/1123/757 720/1578/757 394/808/757
f 1357/1579/758 717/1580/758 718/1581/758
f 550/1582/759 721/1583/759 1358/1584/759
f 308/712/760 722/1585/760 723/1586/760
f 550/750/761 723/1587/761 724/1588/761
f 1358/1589/762 722/1590/762 1264/1591/762
f 124/449/763 726/1592/763 728/1593/763
f 124/317/764 727/1594/764 128/318/764
f 128/318/765 725/1595/765 1349/1596/765
f 509/1134/766 725/1597/766 726/1598/766
f 454/450/767 731/1599/767 170/442/767
f 1303/1600/768 729/1601/768 1271/1602/768
f 170/1603/769 732/1604/769 1303/1605/769
f 454/1606/770 729/1607/770 730/1608/770
f 449/881/771 734/1609/771 735/1610/771
f 169/1611/772 733/1612/772 1301/1613/772
f 169/445/773 735/1610/773 736/1614/773
f 1302/1615/774 733/1616/774 734/1617/774
f 1315/1618/775 740/1619/775 737/1620/775
f 470/934/776 740/1621/776 1314/1622/776
f 179/425/777 739/1623/777 470/934/777
f 179/1624/778 737/1625/778 738/1626/778
f 1313/1627/779 744/1628/779 741/1629/779
f 460/1630/780 744/1631/780 1312/1632/780
f 1313/1633/781 742/1634/781 180/1635/781
f 460/917/782 742/1636/782 743/1637/782
f 507/1108/783 747/1638/783 1318/1639/783
f 136/341/784 748/1640/784 507/1009/784
f 1319/1641/785 747/1642/785 745/1643/785
f 136/344/786 745/1644/786 746/1645/786
f 1347/1646/787 749/1647/787 1356/1648/787
f 416/794/788 750/1649/788 751/1650/788
f 416/1651/789 752/1652/789 1347/1653/789
f 546/1654/790 749/1655/790 750/1656/790
f 1339/1657/791 754/1658/791 756/1659/791
f 400/1660/792 756/1661/792 755/1662/792
f 543/1663/793 754/1664/793 1355/1665/793
f 543/330/794 755/1666/794 753/1667/794
f 502/1668/795 758/1669/795 760/1670/795
f 134/566/796 760/1671/796 759/1672/796
f 138/1673/797 758/1669/797 1275/1117/797
f 134/332/798 757/1674/798 138/333/798
f 1309/1675/799 763/1676/799 1308/1677/799
f 171/553/800 764/1678/800 761/1679/800
f 461/1680/801 763/1681/801 764/1682/801
f 171/1683/802 762/1684/802 1309/1685/802
f 1311/1686/803 768/1687/803 1310/1688/803
f 466/1689/804 768/1690/804 767/1691/804
f 172/1692/805 767/1691/805 765/1693/805
f 172/1694/806 766/1695/806 1311/1696/806
f 145/359/807 772/1697/807 769/1698/807
f 426/1699/808 771/1700/808 1290/1701/808
f 1289/1702/809 771/1703/809 772/1704/809
f 145/359/810 770/1705/810 426/834/810
f 1269/1706/811 775/1707/811 1291/1708/811
f 418/823/812 776/1709/812 773/1710/812
f 146/1711/813 775/1712/813 776/1713/813
f 418/1714/814 774/1715/814 1269/1716/814
f 1270/1717/815 778/1718/815 780/1719/815
f 125/1720/816 780/1721/816 779/1722/816
f 125/287/817 777/1723/817 525/1069/817
f 525/1105/818 778/1724/818 1362/1725/818
f 541/1726/819 782/1727/819 784/1728/819
f 541/1096/820 783/1729/820 396/782/820
f 396/732/821 781/1730/821 1344/733/821
f 1350/1731/822 781/1730/822 782/1732/822
f 536/1733/823 788/1734/823 1361/1735/823
f 1361/1736/824 787/1737/824 1266/1738/824
f 352/709/825 787/1739/825 785/1740/825
f 536/303/826 785/1741/826 786/1742/826
f 523/1102/827 790/1743/827 792/1744/827
f 122/495/828 792/1745/828 791/1746/828
f 122/296/829 789/1747/829 127/297/829
f 127/1748/830 790/1749/830 1316/1750/830
f 143/1751/831 795/1752/831 1287/353/831
f 425/1753/832 796/1754/832 793/1755/832
f 1287/1756/833 796/1757/833 1286/1758/833
f 143/492/834 793/1759/834 794/1760/834
f 154/1761/835 797/1762/835 488/985/835
f 1295/1763/836 798/1764/836 799/1765/836
f 488/1766/837 798/1767/837 1294/1768/837
f 154/1769/838 799/1770/838 800/1771/838
f 496/999/839 802/1772/839 803/1773/839
f 1292/1774/840 801/1775/840 1293/1776/840
f 496/1777/841 804/1778/841 1292/1779/841
f 153/1780/842 801/1781/842 802/1782/842
f 1352/1783/843 808/1784/843 805/1785/843
f 517/1084/844 808/1786/844 1351/1787/844
f 135/335/845 807/1788/845 517/1063/845
f 135/290/846 805/1789/846 806/1790/846
f 414/741/847 809/1791/847 1346/740/847
f 414/452/848 811/1792/848 812/1793/848
f 530/1794/849 810/1795/849 811/1796/849
f 1346/1797/850 810/1798/850 1359/1799/850
f 417/496/851 816/1800/851 144/490/851
f 144/356/852 815/1801/852 1285/357/852
f 1285/1802/853 813/1803/853 1284/1804/853
f 417/1805/854 813/1806/854 814/1807/854
f 808/1784/855 817/1242/855 805/1785/855
f 808/1786/856 819/1808/856 820/1231/856
f 807/1788/857 818/1161/857 819/1163/857
f 805/1789/858 818/1809/858 806/1790/858
f 809/1791/859 824/1810/859 821/1811/859
f 811/1792/860 824/1170/860 812/1793/860
f 810/1812/861 823/1813/861 811/1814/861
f 810/1798/862 821/778/862 822/780/862
f 802/1772/863 826/1391/863 803/1773/863
f 804/1815/864 825/1385/864 801/1816/864
f 804/1778/865 826/1817/865 828/1219/865
f 801/1818/866 827/325/866 802/1772/866
f 797/1762/867 832/1819/867 829/1399/867
f 798/1764/868 830/1390/868 799/1765/868
f 797/1820/869 831/1821/869 798/1822/869
f 800/1823/870 830/1824/870 832/563/870
f 794/1825/871 834/1300/871 795/1752/871
f 793/1826/872 836/1827/872 833/1257/872
f 796/1757/873 834/1828/873 836/1829/873
f 793/1759/874 835/1830/874 794/1760/874
f 816/1800/875 840/1366/875 839/1368/875
f 815/1831/876 839/1832/876 838/1833/876
f 813/1803/877 838/1834/877 837/1179/877
f 813/1806/878 840/1835/878 814/1807/878
f 790/1743/879 843/1413/879 792/1744/879
f 791/1746/880 843/1836/880 842/1295/880
f 789/1837/881 842/1278/881 841/1280/881
f 789/1838/882 844/1142/882 790/1749/882
f 788/1734/883 848/1839/883 847/1840/883
f 787/1737/884 847/1841/884 846/1254/884
f 787/1842/885 845/1843/885 785/1844/885
f 785/1741/886 848/1151/886 786/1742/886
f 782/1727/887 851/1344/887 784/1728/887
f 784/1845/888 850/1262/888 783/1729/888
f 781/1730/889 850/1846/889 849/1847/889
f 782/1848/890 849/1849/890 852/1216/890
f 780/1719/891 856/1324/891 855/1326/891
f 780/1721/892 854/1306/892 779/1722/892
f 779/1850/893 853/1225/893 777/1723/893
f 778/1724/894 853/1851/894 856/1076/894
f 774/1852/895 858/1380/895 775/1707/895
f 773/1710/896 860/1853/896 857/1372/896
f 776/1854/897 858/1855/897 860/1856/897
f 773/1857/898 859/796/898 774/1715/898
f 769/1698/899 864/1858/899 861/1353/899
f 770/1859/900 862/1164/900 771/1703/900
f 771/1703/901 864/1166/901 772/1704/901
f 770/1705/902 861/1353/902 863/1146/902
f 763/1676/903 867/1375/903 866/1377/903
f 764/1678/904 865/1336/904 761/1679/904
f 763/1681/905 868/1241/905 764/1682/905
f 761/1860/906 867/1861/906 762/1862/906
f 758/1863/907 871/1864/907 760/1865/907
f 760/1671/908 870/1245/908 759/1672/908
f 758/1866/909 869/1006/909 872/1008/909
f 757/1674/910 870/1867/910 869/824/910
f 768/1868/911 876/1869/911 875/1381/911
f 767/1870/912 875/1871/912 874/1872/912
f 767/1873/913 873/1874/913 765/1875/913
f 765/1876/914 876/1877/914 766/1878/914
f 754/1879/915 879/1404/915 756/1880/915
f 756/1881/916 878/1882/916 755/1883/916
f 754/1664/917 877/1884/917 880/886/917
f 753/1667/918 878/1885/918 877/838/918
f 749/1647/919 884/1886/919 881/1408/919
f 750/1649/920 882/1341/920 751/1650/920
f 752/1887/921 882/1888/921 884/1889/921
f 749/1890/922 883/1891/922 750/1892/922
f 747/1893/923 888/1894/923 886/1895/923
f 748/1640/924 887/1896/924 888/1287/924
f 747/1642/925 885/1160/925 745/1643/925
f 745/1644/926 887/906/926 746/1645/926
f 744/1628/927 889/1398/927 741/1629/927
f 743/1897/928 892/1898/928 744/1899/928
f 741/1900/929 890/1901/929 742/1902/929
f 743/1903/930 890/1904/930 891/787/930
f 740/1619/931 893/1407/931 737/1620/931
f 739/1905/932 896/1388/932 740/1906/932
f 739/1907/933 894/1908/933 895/1284/933
f 738/1909/934 893/1910/934 894/1028/934
f 734/1911/935 898/1313/935 735/1912/935
f 733/1612/936 900/1275/936 897/1277/936
f 736/1614/937 898/1228/937 900/1230/937
f 733/1913/938 899/1914/938 734/1915/938
f 730/1916/939 902/1362/939 731/1599/939
f 729/1917/940 904/1918/940 901/1333/940
f 732/1604/941 902/1919/941 904/1920/941
f 729/1607/942 903/982/942 730/1608/942
f 728/1593/943 908/1921/943 907/1393/943
f 727/1922/944 907/1923/944 906/1292/944
f 727/1924/945 905/1184/945 725/1925/945
f 725/1597/946 908/306/946 726/1598/946
f 721/1583/947 912/1926/947 909/1927/947
f 722/1585/948 910/1238/948 723/1586/948
f 724/1588/949 910/1928/949 912/1176/949
f 721/1929/950 911/1175/950 722/1590/950
f 718/1930/951 914/1931/951 719/1932/951
f 717/1577/952 916/1933/952 913/1934/952
f 719/1935/953 916/1188/953 720/1578/953
f 718/1581/954 913/1167/954 915/1169/954
f 713/1566/955 920/1358/955 917/1360/955
f 715/1568/956 920/1271/956 716/1569/956
f 714/1571/957 919/1152/957 715/1572/957
f 714/1573/958 917/1936/958 918/936/958
f 710/1937/959 923/1346/959 712/1559/959
f 711/1560/960 923/1346/960 922/1318/960
f 711/1938/961 921/914/961 709/1939/961
f 710/1564/962 921/914/962 924/916/962
f 703/1940/963 927/1941/963 926/1942/963
f 704/1943/964 925/1290/964 701/1537/964
f 704/1539/965 926/1944/965 928/1945/965
f 701/1537/966 927/1200/966 702/1542/966
f 705/1946/967 931/1057/967 706/1947/967
f 708/1948/968 930/1949/968 932/1018/968
f 708/1550/969 929/996/969 705/1551/969
f 706/1950/970 930/923/970 707/1951/970
f 700/1529/971 934/1415/971 699/1952/971
f 698/1528/972 936/1196/972 700/1529/972
f 698/1953/973 933/1954/973 935/1045/973
f 697/1955/974 934/1956/974 933/900/974
f 689/1507/975 940/1272/975 937/1274/975
f 691/1509/976 940/1957/976 692/1510/976
f 690/1958/977 939/1197/977 691/1512/977
f 690/1959/978 937/1960/978 938/1961/978
f 696/1962/979 941/1963/979 693/1964/979
f 696/1519/980 943/1266/980 944/1268/980
f 695/1522/981 942/1965/981 943/1966/981
f 693/1524/982 942/831/982 694/1525/982
f 310/18/983 951/99/983 6/8/983
f 1016/1967/984 980/1968/984 1033/1969/984
f 9/600/985 958/21/985 950/598/985
f 264/26/986 946/589/986 4/13/986
f 226/14/987 945/1970/987 16/541/987
f 223/41/988 948/525/988 8/4/988
f 2/17/204 954/98/204 949/479/204
f 13/486/203 953/101/203 952/1971/203
f 183/6/989 951/99/989 953/101/989
f 182/37/990 945/96/990 954/98/990
f 13/43/34 955/95/34 223/41/34
f 264/26/991 947/90/991 957/92/991
f 1084/1972/992 1019/1973/992 1083/1974/992
f 4/13/987 956/1975/987 226/14/987
f 266/15/993 949/479/993 958/21/993
f 9/20/983 959/1976/983 310/18/983
f 966/640/994 997/1977/994 998/1978/994
f 960/528/995 1001/1979/995 969/529/995
f 992/1980/996 1029/1981/996 1039/1982/996
f 963/602/997 996/1983/997 964/642/997
f 961/1984/998 1000/1985/998 993/1986/998
f 962/1987/999 993/1986/999 994/1988/999
f 967/531/1000 998/1978/1000 999/1989/1000
f 974/1990/1001 1007/1991/1001 975/1992/1001
f 991/1993/1002 1039/1994/1002 1040/85/1002
f 963/602/1003 1002/1995/1003 995/1996/1003
f 973/88/1004 1004/1997/1004 1005/480/1004
f 972/483/1005 994/1988/1005 1004/1997/1005
f 969/1998/1006 1002/1995/1006 970/543/1006
f 975/1999/1007 997/1977/1007 965/549/1007
f 964/642/1008 1006/2000/1008 974/1990/1008
f 968/606/1009 999/1989/1009 1000/2001/1009
f 272/91/1010 989/641/1010 28/590/1010
f 26/22/204 988/550/204 987/530/204
f 273/23/1011 985/605/1011 31/599/1011
f 272/91/288 984/544/288 990/601/288
f 33/478/1012 191/2002/1012 231/94/1012
f 1037/2003/1013 981/2004/1013 971/2005/1013
f 189/97/249 274/548/249 988/550/249
f 32/2006/1014 307/542/1014 984/544/1014
f 26/22/239 986/532/239 273/23/239
f 30/526/1015 307/527/1015 319/2007/1015
f 190/100/206 320/482/206 353/87/206
f 1021/2008/1016 1033/2009/1016 983/2010/1016
f 190/100/1017 35/89/1017 33/2011/1017
f 231/94/1018 309/2012/1018 30/526/1018
f 1085/2013/1019 1022/2014/1019 1030/2015/1019
f 1079/2016/1020 979/2017/1020 980/1968/1020
f 1015/2018/1021 996/2019/1021 995/2020/1021
f 1003/2021/1021 1001/2022/1021 1014/2023/1021
f 1013/2024/1021 1009/2025/1021 1010/2026/1021
f 997/2027/1021 1011/2028/1021 1012/2029/1021
f 998/2030/1021 1012/2029/1021 999/2031/1021
f 993/2032/1021 1008/2033/1021 1013/2024/1021
f 1009/2025/1021 1014/2023/1021 1010/2026/1021
f 1011/2028/1021 1006/2034/1021 1015/2018/1021
f 1009/2025/1021 1015/2018/1021 1003/2021/1021
f 999/2031/1021 1008/2033/1021 1000/2035/1021
f 1012/2029/1021 1009/2025/1021 1008/2033/1021
f 1003/2021/1021 995/2020/1021 1002/2036/1021
f 1010/2026/1021 991/1993/1021 1005/84/1021
f 994/2037/1021 1013/2024/1021 1004/2038/1021
f 1004/2038/1021 1010/2026/1021 1005/84/1021
f 1014/2023/1021 992/2039/1021 991/1993/1021
f 1031/643/1022 1068/2040/1022 1067/2041/1022
f 1217/2042/1023 1063/2043/1023 1043/2044/1023
f 1028/2045/1024 1048/2046/1024 1064/2047/1024
f 1241/2048/1025 1056/2049/1025 1240/2050/1025
f 1229/2051/1026 1066/2052/1026 1232/2053/1026
f 1029/1981/1027 1064/2054/1027 1065/2055/1027
f 1240/2056/1028 1055/2057/1028 1239/2058/1028
f 1017/595/1029 1067/2059/1029 1048/2046/1029
f 1211/2060/1030 1059/2061/1030 1063/2062/1030
f 1237/2063/1031 1054/2064/1031 1053/2065/1031
f 1230/2066/1032 1074/2067/1032 1072/2068/1032
f 1213/2069/1033 1051/2070/1033 1052/2071/1033
f 1237/2063/1034 1069/2072/1034 1236/2073/1034
f 1215/2074/1035 1078/2075/1035 1071/2076/1035
f 1228/2077/1036 1045/2078/1036 1231/2079/1036
f 1238/2080/1037 1055/2057/1037 1050/2081/1037
f 1097/2082/1038 978/2083/1038 1098/2084/1038
f 1096/40/1039 1034/2085/1039 1097/2086/1039
f 1081/2087/1040 979/2088/1040 1080/2089/1040
f 1093/2090/1041 978/2083/1041 977/2091/1041
f 1092/81/1042 1042/2092/1042 1095/2093/1042
f 1087/2094/1043 1018/2095/1043 1084/1972/1043
f 1088/2096/1044 1038/2097/1044 1089/2098/1044
f 1089/2099/1045 1036/2100/1045 1090/2101/1045
f 1025/2102/1046 982/2103/1046 981/2104/1046
f 309/2105/1047 1029/1981/1047 960/2106/1047
f 1082/2107/1048 983/2010/1048 982/2108/1048
f 191/596/1049 1028/2045/1049 309/2109/1049
f 1091/2110/1050 1023/80/1050 1027/2111/1050
f 1088/2096/1051 1030/2015/1051 1024/2112/1051
f 1081/2087/1052 971/2005/1052 976/2113/1052
f 1090/2101/1053 1026/2114/1053 1087/2115/1053
f 1135/2116/1054 1123/2117/1054 1131/2118/1054
f 1219/2119/1055 1122/2120/1055 1224/2121/1055
f 1159/2122/1056 1109/2123/1056 1113/2124/1056
f 1184/2125/1057 1102/2126/1057 1105/2127/1057
f 1158/2128/1058 1115/2129/1058 1114/2130/1058
f 1223/2131/1059 1120/2132/1059 1116/2133/1059
f 1183/2134/1060 1107/2135/1060 1104/2136/1060
f 1135/2116/1061 1127/2137/1061 1126/2138/1061
f 1131/2139/1062 1044/2140/1062 1073/2141/1062
f 1132/2142/1063 1124/2143/1063 1129/2144/1063
f 1178/2145/1064 1102/2126/1064 1181/2146/1064
f 1182/2147/1065 1106/2148/1065 1107/2149/1065
f 1220/2150/1066 1061/2151/1066 1219/2119/1066
f 1156/2152/1067 1109/2153/1067 1155/2154/1067
f 1157/2155/1068 1108/2156/1068 1156/2152/1068
f 1221/2157/1069 1121/2158/1069 1120/2159/1069
f 1233/2160/1070 1066/2161/1070 1060/2162/1070
f 1236/2163/1071 1057/2164/1071 1241/2048/1071
f 1214/2165/1072 1070/2166/1072 1051/2070/1072
f 1039/1994/1073 1076/2167/1073 1040/85/1073
f 1227/2168/1074 1060/2162/1074 1074/2169/1074
f 1235/2170/1075 1049/2171/1075 1054/2172/1075
f 1040/85/1076 1077/2173/1076 1041/86/1076
f 1231/2079/1077 1046/2174/1077 1234/2175/1077
f 1029/1981/1078 1075/2176/1078 1039/1982/1078
f 1218/2177/1079 1071/2076/1079 1070/2178/1079
f 1234/2179/1080 1058/2180/1080 1229/2051/1080
f 1228/2181/1081 1072/2068/1081 1062/2182/1081
f 1242/2183/1082 1050/2184/1082 1049/2171/1082
f 1212/2185/1083 1052/2186/1083 1059/2061/1083
f 1041/2187/1084 1068/2040/1084 1032/481/1084
f 1216/2188/1085 1043/2044/1085 1078/2189/1085
f 319/2190/1086 1037/2003/1086 1081/2087/1086
f 11/2191/1087 1021/2008/1087 1082/2107/1087
f 947/90/1088 1082/2192/1088 1025/2102/1088
f 319/2190/1089 1080/2089/1089 30/2193/1089
f 30/2194/1090 1079/2195/1090 948/2196/1090
f 312/2197/1091 1016/2198/1091 1021/2008/1091
f 32/2199/1092 1025/2200/1092 1037/2003/1092
f 948/2196/1093 1016/2201/1093 8/2202/1093
f 28/590/1094 1090/2101/1094 1087/2115/1094
f 975/2203/1095 1088/2096/1095 974/2204/1095
f 964/642/1096 1090/2101/1096 989/641/1096
f 974/2204/1097 1089/2098/1097 964/2205/1097
f 232/35/1098 1087/2094/1098 1084/1972/1098
f 274/2206/1099 1085/2207/1099 975/2208/1099
f 34/540/1100 1084/1972/1100 1083/1974/1100
f 274/548/1101 1083/2209/1101 1086/591/1101
f 962/2210/1102 1094/78/1102 1091/2110/1102
f 968/2211/1103 1092/81/1103 1095/2093/1103
f 318/10/1104 1093/2090/1104 29/644/1104
f 985/605/1105 1097/2086/1105 31/599/1105
f 31/2212/1106 1098/2084/1106 318/10/1106
f 961/2213/1107 1091/2214/1107 1092/81/1107
f 320/482/1108 1093/2215/1108 1094/2216/1108
f 968/606/1109 1096/40/1109 985/605/1109
f 1103/2217/1110 1151/2218/1110 1150/2219/1110
f 1100/2220/1111 1150/2221/1111 1147/2222/1111
f 1105/2223/1112 1153/2224/1112 1106/2148/1112
f 1102/2126/1113 1148/2225/1113 1149/2226/1113
f 1180/2227/1114 1101/2228/1114 1178/2229/1114
f 1183/2134/1115 1103/2217/1115 1185/2230/1115
f 1179/2231/1116 1105/2223/1116 1106/2148/1116
f 1185/2232/1117 1100/2220/1117 1180/2227/1117
f 1109/2123/1118 1110/2233/1118 1113/2124/1118
f 1111/2234/1119 1115/2235/1119 1110/2236/1119
f 1112/2237/1120 1111/2238/1120 1047/2239/1120
f 1108/2156/1121 1111/2240/1121 1109/2153/1121
f 1099/2241/1122 1110/2233/1122 1115/2242/1122
f 1158/2243/1123 1112/2237/1123 1161/2244/1123
f 1161/2244/1124 1047/2239/1124 1157/2245/1124
f 1160/2246/1125 1113/2124/1125 1110/2233/1125
f 1122/2120/1126 1170/2247/1126 1177/2248/1126
f 1116/2133/1127 1172/2249/1127 1117/2250/1127
f 1119/2251/1128 1173/2252/1128 1174/2253/1128
f 1120/2132/1129 1171/2254/1129 1116/2133/1129
f 1225/2255/1130 1116/2133/1130 1117/2250/1130
f 1226/2256/1131 1119/2251/1131 1220/2257/1131
f 1225/2258/1132 1118/2259/1132 1226/2260/1132
f 1222/2261/1133 1122/2262/1133 1121/2158/1133
f 1124/2263/1134 1044/2140/1134 1130/2264/1134
f 1130/2264/1135 1123/2265/1135 1126/2266/1135
f 1127/2137/1136 1130/2267/1136 1126/2138/1136
f 1129/2268/1137 1130/2269/1137 1128/2270/1137
f 1073/2141/1138 1125/2271/1138 1136/2272/1138
f 1137/2273/1139 1129/2268/1139 1128/2270/1139
f 1134/2274/1140 1128/2270/1140 1127/2275/1140
f 1136/2276/1141 1124/2143/1141 1133/2277/1141
f 1054/2278/1142 1133/2279/1142 1053/2280/1142
f 1056/2049/1143 1137/2273/1143 1134/2274/1143
f 1057/2164/1144 1132/2281/1144 1137/2273/1144
f 1049/2171/1145 1136/2272/1145 1054/2172/1145
f 1069/2282/1146 1133/2279/1146 1132/2283/1146
f 1050/2184/1147 1073/2141/1147 1049/2171/1147
f 1055/2284/1148 1134/2285/1148 1135/2116/1148
f 1055/2284/1149 1131/2118/1149 1050/2286/1149
f 1210/2287/1150 1144/2288/1150 1205/2289/1150
f 1204/2290/1151 1143/2291/1151 1141/2292/1151
f 1208/2293/1152 1145/2294/1152 1210/2295/1152
f 1205/2289/1153 1139/2296/1153 1203/2297/1153
f 1207/2298/1154 1141/2292/1154 1140/2299/1154
f 1203/2300/1155 1138/2301/1155 1206/2302/1155
f 1208/2293/1156 1140/2303/1156 1142/2304/1156
f 1209/2305/1157 1138/2301/1157 1143/2306/1157
f 1148/2307/1158 1146/2308/1158 1149/2309/1158
f 1150/2221/1159 1146/2308/1159 1147/2222/1159
f 1146/2310/1160 1154/2311/1160 1153/2224/1160
f 1146/2310/1161 1152/2312/1161 1149/2313/1161
f 1106/2148/1162 1154/2311/1162 1107/2149/1162
f 1101/2228/1163 1147/2222/1163 1148/2307/1163
f 1107/2135/1164 1151/2218/1164 1104/2136/1164
f 1102/2126/1165 1152/2314/1165 1105/2127/1165
f 1066/2161/1166 1160/2246/1166 1060/2162/1166
f 1045/2078/1167 1161/2244/1167 1157/2245/1167
f 1062/2182/1168 1158/2315/1168 1161/2316/1168
f 1074/2169/1169 1160/2246/1169 1099/2241/1169
f 1045/2078/1170 1156/2317/1170 1046/2174/1170
f 1046/2318/1171 1155/2319/1171 1058/2180/1171
f 1072/2068/1172 1099/2320/1172 1158/2315/1172
f 1058/2180/1173 1159/2321/1173 1066/2052/1173
f 1026/2114/1174 1162/2322/1174 1165/2323/1174
f 1019/2324/1175 1166/2325/1175 1022/2326/1175
f 1018/2095/1176 1169/2327/1176 1019/1973/1176
f 1038/2097/1177 1168/2328/1177 1163/2329/1177
f 1024/2112/1178 1167/2330/1178 1168/2328/1178
f 1026/2331/1179 1164/2332/1179 1018/2095/1179
f 1036/2100/1180 1163/2333/1180 1162/2322/1180
f 1022/2326/1181 1167/2334/1181 1030/2335/1181
f 1174/2253/1182 1190/2336/1182 1191/2337/1182
f 1175/2338/1183 1188/2339/1183 1171/2254/1183
f 1170/2247/1184 1191/2340/1184 1186/2341/1184
f 1176/2342/1185 1194/2343/1185 1193/2344/1185
f 1120/2345/1186 1176/2342/1186 1175/2346/1186
f 1117/2347/1187 1173/2252/1187 1118/2348/1187
f 1121/2349/1188 1177/2350/1188 1176/2342/1188
f 1061/2151/1189 1174/2351/1189 1170/2247/1189
f 1145/2352/1190 1180/2227/1190 1144/2288/1190
f 1141/2292/1191 1184/2353/1191 1179/2231/1191
f 1142/2304/1192 1185/2230/1192 1145/2294/1192
f 1144/2288/1193 1178/2229/1193 1139/2296/1193
f 1140/2299/1194 1179/2231/1194 1182/2147/1194
f 1139/2354/1195 1181/2146/1195 1138/2301/1195
f 1142/2304/1196 1182/2355/1196 1183/2134/1196
f 1143/2306/1197 1181/2146/1197 1184/2125/1197
f 1187/2356/1198 1191/2340/1198 1190/2357/1198
f 1187/2356/1199 1194/2358/1199 1186/2341/1199
f 1192/2359/1200 1187/2360/1200 1188/2361/1200
f 1189/2362/1201 1187/2363/1201 1190/2364/1201
f 1171/2254/1202 1189/2362/1202 1172/2249/1202
f 1177/2248/1203 1186/2341/1203 1194/2358/1203
f 1176/2342/1204 1192/2359/1204 1175/2346/1204
f 1172/2365/1205 1190/2336/1205 1173/2252/1205
f 1075/2176/1206 1195/2366/1206 1198/2367/1206
f 1068/2040/1207 1196/2368/1207 1197/2369/1207
f 1064/2054/1208 1195/2366/1208 1065/2055/1208
f 1077/2173/1209 1201/2370/1209 1196/2371/1209
f 1048/2046/1210 1200/2372/1210 1064/2047/1210
f 1068/2040/1211 1199/2373/1211 1067/2041/1211
f 1076/2167/1212 1198/2374/1212 1201/2370/1212
f 1067/2059/1213 1202/2375/1213 1048/2046/1213
f 1198/2376/1214 1206/2302/1214 1209/2305/1214
f 1197/2377/1215 1207/2378/1215 1208/2293/1215
f 1200/2379/1216 1206/2302/1216 1195/2380/1216
f 1196/2371/1217 1204/2290/1217 1207/2298/1217
f 1202/2375/1218 1203/2297/1218 1200/2372/1218
f 1197/2377/1219 1210/2295/1219 1199/2381/1219
f 1201/2370/1220 1209/2382/1220 1204/2290/1220
f 1199/2383/1221 1205/2289/1221 1202/2375/1221
f 1020/83/1222 1216/2188/1222 1042/2092/1222
f 1023/80/1223 1213/2384/1223 1212/2185/1223
f 1035/39/1224 1218/2177/1224 1034/2085/1224
f 1034/2385/1225 1214/2165/1225 978/2083/1225
f 1042/2386/1226 1215/2074/1226 1035/39/1226
f 977/2091/1227 1214/2165/1227 1213/2069/1227
f 1027/2111/1228 1212/2185/1228 1211/2060/1228
f 1020/83/1229 1211/2387/1229 1217/2042/1229
f 1078/2388/1230 1222/2261/1230 1071/2389/1230
f 1059/2390/1231 1225/2258/1231 1226/2260/1231
f 1059/2390/1232 1220/2391/1232 1063/2392/1232
f 1052/2071/1233 1223/2131/1233 1225/2255/1233
f 1070/2393/1234 1222/2261/1234 1221/2157/1234
f 1063/2043/1235 1219/2119/1235 1043/2044/1235
f 1051/2070/1236 1221/2394/1236 1223/2131/1236
f 1043/2044/1237 1224/2121/1237 1078/2189/1237
f 1165/2323/1238 1230/2066/1238 1228/2181/1238
f 1166/2395/1239 1234/2175/1239 1229/2396/1239
f 1169/2327/1240 1231/2079/1240 1234/2175/1240
f 1168/2328/1241 1227/2168/1241 1163/2329/1241
f 1167/2330/1242 1233/2160/1242 1168/2328/1242
f 1164/2332/1243 1228/2077/1243 1231/2079/1243
f 1163/2329/1244 1230/2397/1244 1162/2398/1244
f 1166/2325/1245 1232/2053/1245 1167/2334/1245
f 976/2113/1246 1238/2399/1246 1242/2183/1246
f 979/2088/1247 1242/2183/1247 1235/2170/1247
f 1033/2009/1248 1241/2048/1248 983/2010/1248
f 981/2400/1249 1238/2401/1249 971/2402/1249
f 1033/1969/1250 1237/2403/1250 1236/2404/1250
f 980/1968/1251 1235/2405/1251 1237/2403/1251
f 982/2406/1252 1239/2407/1252 981/2400/1252
f 983/2010/1253 1240/2050/1253 982/2108/1253
f 1334/2408/1254 1258/507/1254 1257/626/1254
f 1328/2409/1255 1255/625/1255 1329/2410/1255
f 1326/2411/1256 1254/2412/1256 1253/261/1256
f 1330/2413/1257 1254/604/1257 1331/2414/1257
f 1328/2409/1258 1251/457/1258 1256/571/1258
f 1332/2415/1259 1249/570/1259 1333/2416/1259
f 1320/2417/1260 1255/2418/1260 1248/505/1260
f 1335/2419/1261 1257/626/1261 1247/545/1261
f 1320/2417/1262 1258/507/1262 1321/2420/1262
f 1330/2413/1263 1246/269/1263 1252/503/1263
f 1335/2421/1264 1245/267/1264 1324/2422/1264
f 1322/2423/1265 1251/457/1265 1323/2424/1265
f 1332/2415/1266 1243/263/1266 1250/270/1266
f 1324/2422/1267 1246/269/1267 1325/2425/1267
f 1322/2423/1268 1249/2426/1268 1244/264/1268
f 1326/2411/1269 1243/263/1269 1327/2427/1269
f 392/1072/1270 1259/2428/1270 391/1044/1270
f 390/1061/1271 1261/2429/1271 389/1060/1271
f 387/1048/1272 1264/1591/1272 1263/2430/1272
f 112/1058/1273 1266/1738/1273 1265/2431/1273
f 1268/983/1274 1267/855/1274 431/2432/1274
f 129/1016/1275 1269/1706/1275 419/958/1275
f 1272/989/1276 1271/2433/1276 128/2434/1276
f 130/993/1277 1273/2435/1277 453/865/1277
f 1276/992/1278 1275/2436/1278 501/680/1278
f 1268/2437/1279 1277/382/1279 356/2438/1279
f 1279/910/1280 1278/2439/1280 474/820/1280
f 1281/907/1281 1280/2440/1281 357/954/1281
f 1283/959/1282 1282/973/1282 483/2441/1282
f 420/946/1283 1285/1802/1283 1284/1804/1283
f 142/2442/1284 1286/1758/1284 424/939/1284
f 435/912/1285 1289/1702/1285 1288/2443/1285
f 428/924/1286 1291/1708/1286 1290/2444/1286
f 495/763/1287 1293/2445/1287 151/777/1287
f 152/806/1288 1294/2446/1288 1295/1763/1288
f 498/2447/1289 1297/2448/1289 1296/2449/1289
f 160/895/1290 1298/2450/1290 491/769/1290
f 440/883/1291 1301/2451/1291 161/894/1291
f 445/878/1292 1303/2452/1292 162/875/1292
f 163/2453/1293 1304/870/1293 441/896/1293
f 164/863/1294 1306/1538/1294 446/2454/1294
f 462/856/1295 1309/1675/1295 1308/1677/1295
f 176/845/1296 1310/2455/1296 468/841/1296
f 463/837/1297 1313/1627/1297 177/835/1297
f 178/2456/1298 1314/2457/1298 1315/1618/1298
f 522/1133/1299 127/1748/1299 1316/1750/1299
f 140/846/1300 1318/2458/1300 1319/1641/1300
f 344/2459/1301 1321/2420/1301 106/2460/1301
f 256/786/1302 1323/2461/1302 107/784/1302
f 215/2462/1303 1325/2425/1303 109/2463/1303
f 298/768/1304 1327/2464/1304 111/766/1304
f 299/2465/1305 1329/2466/1305 359/2467/1305
f 345/2468/1306 1331/2469/1306 110/2470/1306
f 216/2471/1307 1333/2472/1307 360/2473/1307
f 108/2474/1308 1334/2408/1308 1335/2419/1308
f 215/2462/1309 1335/2421/1309 1324/2422/1309
f 216/2471/1310 1327/2464/1310 1332/2475/1310
f 256/786/1311 1333/2472/1311 1322/2476/1311
f 106/2460/1312 1334/2408/1312 257/2477/1312
f 298/768/1313 1331/2469/1313 1326/2478/1313
f 299/2479/1314 1323/2424/1314 1328/2409/1314
f 344/2459/1315 1329/2480/1315 1320/2417/1315
f 345/2468/1316 1325/2481/1316 1330/2482/1316
f 405/1012/1317 1337/1520/1317 1336/2483/1317
f 407/1033/1318 1339/2484/1318 1338/2485/1318
f 410/1091/1319 1340/2486/1319 409/1024/1319
f 412/1083/1320 411/2487/1320 1342/1002/1320
f 392/1072/1321 1263/2430/1321 1260/2488/1321
f 389/1060/1322 1344/2489/1322 395/977/1322
f 390/1061/1323 1265/2431/1323 1262/2490/1323
f 391/1044/1324 1345/2491/1324 393/1042/1324
f 412/1083/1325 1338/2485/1325 1343/2492/1325
f 409/1024/1326 1346/1797/1326 413/1022/1326
f 410/1091/1327 1336/2483/1327 1341/2493/1327
f 1342/1002/1328 1347/1646/1328 415/1000/1328
f 508/994/1329 1274/1570/1329 130/993/1329
f 510/665/1330 128/2434/1330 1349/2494/1330
f 537/1100/1331 1344/2489/1331 1350/2495/1331
f 139/765/1332 1351/2496/1332 1352/1783/1332
f 406/963/1333 1353/1518/1333 1337/1520/1333
f 419/958/1334 1291/1708/1334 150/926/1334
f 1317/814/1335 1284/1804/1335 127/1748/1335
f 141/952/1336 1286/1758/1336 1285/1802/1336
f 428/924/1337 1289/1702/1337 149/927/1337
f 142/2442/1338 1267/855/1338 1287/1756/1338
f 435/912/1339 358/2497/1339 1279/910/1339
f 1281/2498/1340 1300/402/1340 440/2499/1340
f 1283/959/1341 1304/870/1341 355/971/1341
f 445/878/1342 1301/2451/1342 1302/2500/1342
f 163/2453/1343 1306/1538/1343 1305/1541/1343
f 452/1011/1344 1303/2452/1344 1271/2433/1344
f 453/865/1345 1307/2501/1345 164/863/1345
f 1276/992/1346 1308/1677/1346 138/2502/1346
f 140/846/1347 1312/2503/1347 463/837/1347
f 468/841/1348 1309/1675/1348 175/851/1348
f 177/835/1349 1314/2457/1349 469/2504/1349
f 176/845/1350 1278/2439/1350 1311/2505/1350
f 475/969/1351 1315/1618/1351 1280/2440/1351
f 152/806/1352 1277/2506/1352 480/804/1352
f 160/2507/1353 1282/973/1353 1299/2508/1353
f 151/777/1354 1294/2446/1354 487/775/1354
f 159/2509/1355 1298/2510/1355 1297/2448/1355
f 139/765/1356 1292/2511/1356 495/763/1356
f 498/2447/1357 137/1511/1357 1354/653/1357
f 501/680/1358 1355/2512/1358 547/678/1358
f 549/673/1359 1318/2458/1359 505/809/1359
f 508/994/1360 1357/1579/1360 1348/2513/1360
f 510/665/1361 1358/1589/1361 554/663/1361
f 535/657/1362 1351/2496/1362 520/974/1362
f 1354/653/1363 1360/1513/1363 521/651/1363
f 522/1133/1364 1361/1736/1364 540/1098/1364
f 129/1016/1365 1362/2514/1365 1270/1717/1365
f 521/651/1366 1353/1518/1366 531/965/1366
f 535/657/1367 1346/1797/1367 1359/1799/1367
f 537/1100/1368 1362/2514/1368 524/1129/1368
f 386/1037/1369 1361/1736/1369 1266/1738/1369
f 408/1093/1370 1355/2512/1370 1339/2484/1370
f 549/673/1371 1347/1646/1371 1356/1648/1371
f 393/1042/1372 1357/1579/1372 553/669/1372
f 388/1050/1373 1358/1589/1373 1264/1591/1373
f 1397/2515/1374 1393/2516/1374 1468/2517/1374
f 1456/2518/1375 1380/2519/1375 1379/2520/1375
f 1556/2521/1376 1502/2522/1376 1573/2523/1376
f 1447/2524/1377 1382/2525/1377 1381/2526/1377
f 1399/2527/1378 1383/2528/1378 1446/2529/1378
f 1419/2530/1379 1385/2531/1379 1455/2532/1379
f 1536/2533/1380 1499/2534/1380 1561/2535/1380
f 1398/2536/1381 1395/2537/1381 1477/2538/1381
f 1464/2539/1382 1392/2540/1382 1391/2541/1382
f 1476/2542/1383 1390/2543/1383 1389/2544/1383
f 1387/2545/1384 1403/2546/1384 1445/2547/1384
f 1401/2548/1385 1405/2549/1385 1444/2550/1385
f 1515/2551/1386 1407/2552/1386 1454/2553/1386
f 1453/2554/1387 1450/2555/1387 1408/2556/1387
f 1529/2557/1388 1413/2558/1388 1475/2559/1388
f 1474/2560/1389 1471/2561/1389 1414/2562/1389
f 1409/2563/1390 1415/2564/1390 1463/2565/1390
f 1411/2566/1391 1417/2567/1391 1462/2568/1391
f 1388/2569/1392 1423/2570/1392 1452/2571/1392
f 1421/2572/1393 1425/2573/1393 1451/2574/1393
f 1443/2575/1394 1440/2576/1394 1427/2577/1394
f 1442/2578/1395 1441/2579/1395 1428/2580/1395
f 1527/2581/1396 1433/2582/1396 1461/2583/1396
f 1460/2584/1397 1459/2585/1397 1434/2586/1397
f 1429/2587/1398 1435/2588/1398 1473/2589/1398
f 1431/2590/1399 1437/2591/1399 1472/2592/1399
f 1421/2572/1400 1428/2580/1400 1420/2593/1400
f 1388/2569/1401 1427/2577/1401 1422/2594/1401
f 1444/2550/1402 1406/2595/1402 1512/2596/1402
f 1445/2547/1403 1404/2597/1403 1514/2598/1403
f 1446/2529/1404 1439/2599/1404 1510/2600/1404
f 1419/2530/1405 1381/2526/1405 1386/2601/1405
f 1496/2602/1406 1572/2603/1406 1566/2604/1406
f 1451/2574/1407 1426/2605/1407 1518/2606/1407
f 1452/2571/1408 1424/2607/1408 1516/2608/1408
f 1401/2548/1409 1408/2556/1409 1400/2609/1409
f 1387/2545/1410 1407/2552/1410 1402/2610/1410
f 1455/2532/1411 1448/2611/1411 1520/2612/1411
f 1399/2527/1412 1379/2520/1412 1384/2613/1412
f 1431/2590/1413 1434/2586/1413 1432/2614/1413
f 1429/2587/1414 1433/2582/1414 1430/2615/1414
f 1462/2568/1415 1418/2616/1415 1530/2617/1415
f 1463/2565/1416 1416/2618/1416 1528/2619/1416
f 1398/2536/1417 1391/2541/1417 1396/2620/1417
f 1468/2517/1418 1457/2621/1418 1532/2622/1418
f 1472/2592/1419 1438/2623/1419 1524/2624/1419
f 1473/2589/1420 1436/2625/1420 1526/2626/1420
f 1411/2566/1421 1414/2562/1421 1412/2627/1421
f 1409/2563/1422 1413/2558/1422 1410/2628/1422
f 1397/2515/1423 1389/2544/1423 1394/2629/1423
f 1477/2538/1424 1469/2630/1424 1522/2631/1424
f 1549/2632/1425 1467/2633/1425 1557/2634/1425
f 1563/2635/1426 1479/2636/1426 1574/2637/1426
f 1480/2638/1427 1364/2639/1427 1363/2640/1427
f 1483/2641/1428 1365/2642/1428 1482/2643/1428
f 1485/1113/1429 1367/2644/1429 1484/667/1429
f 1487/2645/1430 1369/2646/1430 1486/767/1430
f 1489/1116/1431 1371/2647/1431 1488/1127/1431
f 1491/2648/1432 1373/2649/1432 1490/1112/1432
f 1493/2650/1433 1375/2651/1433 1492/2652/1433
f 1495/2653/1434 1377/2654/1434 1494/2655/1434
f 1484/2656/1435 1378/2657/1435 1495/2658/1435
f 1492/2652/1436 1370/2659/1436 1487/2645/1436
f 1493/2650/1437 1365/2660/1437 1376/2661/1437
f 1481/2662/1438 1377/2654/1438 1364/2639/1438
f 1491/2648/1439 1369/2646/1439 1374/2663/1439
f 1488/1127/1440 1366/2664/1440 1483/1128/1440
f 1489/2665/1441 1363/2640/1441 1372/2666/1441
f 1485/1113/1442 1373/2649/1442 1368/2667/1442
f 1545/2668/1443 1569/2669/1443 1554/2670/1443
f 1498/2671/1444 1570/2672/1444 1499/2534/1444
f 1504/2673/1445 1502/2522/1445 1501/2674/1445
f 1466/2675/1446 1568/2676/1446 1467/2633/1446
f 1536/2533/1447 1479/2636/1447 1478/2677/1447
f 1540/2678/1448 1567/2679/1448 1564/2680/1448
f 1549/2632/1449 1558/2681/1449 1551/2682/1449
f 1508/2683/1450 1497/2684/1450 1496/2602/1450
f 1508/2683/1451 1564/2680/1451 1509/2685/1451
f 1559/2686/1452 1558/2681/1452 1571/2687/1452
f 1504/2673/1453 1554/2670/1453 1505/2688/1453
f 1400/2609/1454 1456/2518/1454 1399/2527/1454
f 1405/2549/1455 1510/2600/1455 1406/2595/1455
f 1400/2609/1456 1446/2529/1456 1405/2549/1456
f 1408/2556/1457 1511/2689/1457 1456/2518/1457
f 1402/2610/1458 1453/2554/1458 1401/2548/1458
f 1403/2546/1459 1512/2596/1459 1404/2597/1459
f 1407/2552/1460 1513/2690/1460 1453/2554/1460
f 1402/2610/1461 1444/2550/1461 1403/2546/1461
f 1376/2661/1462 1454/2553/1462 1387/2545/1462
f 1375/2651/1463 1514/2598/1463 1370/2659/1463
f 1365/2660/1464 1515/2551/1464 1454/2553/1464
f 1376/2661/1465 1445/2547/1465 1375/2651/1465
f 1377/2691/1466 1516/2608/1466 1364/2692/1466
f 1378/2693/1467 1443/2575/1467 1388/2569/1467
f 1367/2644/1468 1517/2694/1468 1443/2575/1468
f 1378/2693/1469 1452/2571/1469 1377/2691/1469
f 1423/2570/1470 1518/2606/1470 1424/2607/1470
f 1422/2594/1471 1442/2578/1471 1421/2572/1471
f 1440/2576/1472 1442/2578/1472 1427/2577/1472
f 1422/2594/1473 1451/2574/1473 1423/2570/1473
f 1425/2573/1474 1520/2612/1474 1426/2605/1474
f 1420/2593/1475 1447/2524/1475 1419/2530/1475
f 1420/2593/1476 1455/2532/1476 1425/2573/1476
f 1428/2580/1477 1521/2695/1477 1447/2524/1477
f 1437/2591/1478 1522/2631/1478 1438/2623/1478
f 1432/2614/1479 1464/2539/1479 1398/2536/1479
f 1434/2586/1480 1523/2696/1480 1464/2539/1480
f 1432/2614/1481 1477/2538/1481 1437/2591/1481
f 1435/2588/1482 1524/2624/1482 1436/2625/1482
f 1430/2615/1483 1460/2584/1483 1431/2590/1483
f 1430/2615/1484 1472/2592/1484 1435/2588/1484
f 1433/2582/1485 1525/2697/1485 1460/2584/1485
f 1373/2649/1486 1526/2626/1486 1368/2667/1486
f 1374/2663/1487 1461/2583/1487 1429/2587/1487
f 1374/2663/1488 1473/2589/1488 1373/2649/1488
f 1369/2646/1489 1527/2581/1489 1461/2583/1489
f 1372/2698/1490 1475/2559/1490 1409/2563/1490
f 1371/2647/1491 1528/2619/1491 1366/2664/1491
f 1372/2698/1492 1463/2565/1492 1371/2647/1492
f 1363/2699/1493 1529/2557/1493 1475/2559/1493
f 1410/2628/1494 1474/2560/1494 1411/2566/1494
f 1415/2564/1495 1530/2617/1495 1416/2618/1495
f 1410/2628/1496 1462/2568/1496 1415/2564/1496
f 1413/2558/1497 1531/2700/1497 1474/2560/1497
f 1412/2627/1498 1476/2542/1498 1397/2515/1498
f 1418/2616/1499 1468/2517/1499 1532/2622/1499
f 1414/2562/1500 1533/2701/1500 1476/2542/1500
f 1412/2627/1501 1468/2517/1501 1417/2567/1501
f 1396/2620/1502 1534/2702/1502 1395/2537/1502
f 1391/2541/1503 1537/2703/1503 1535/2704/1503
f 1395/2537/1504 1538/2705/1504 1469/2630/1504
f 1396/2620/1505 1535/2704/1505 1500/2706/1505
f 1386/2601/1506 1506/2707/1506 1541/2708/1506
f 1386/2601/1507 1539/2709/1507 1385/2531/1507
f 1381/2526/1508 1542/2710/1508 1506/2707/1508
f 1385/2531/1509 1543/2711/1509 1448/2611/1509
f 1394/2629/1510 1503/2712/1510 1546/2713/1510
f 1394/2629/1511 1544/2714/1511 1393/2516/1511
f 1389/2544/1512 1547/2715/1512 1503/2712/1512
f 1393/2516/1513 1548/2716/1513 1457/2621/1513
f 1383/2528/1514 1552/2717/1514 1439/2599/1514
f 1384/2613/1515 1507/2718/1515 1383/2528/1515
f 1379/2520/1516 1553/2719/1516 1550/2720/1516
f 1384/2613/1517 1550/2720/1517 1465/2721/1517
f 1546/2713/1518 1545/2668/1518 1504/2673/1518
f 1546/2713/1519 1501/2674/1519 1544/2714/1519
f 1503/2712/1520 1555/2722/1520 1545/2668/1520
f 1544/2714/1521 1556/2521/1521 1548/2716/1521
f 1507/2718/1522 1559/2686/1522 1552/2717/1522
f 1465/2721/1523 1551/2682/1523 1507/2718/1523
f 1550/2720/1524 1560/2723/1524 1466/2675/1524
f 1465/2721/1525 1466/2675/1525 1549/2632/1525
f 1500/2706/1526 1478/2677/1526 1534/2702/1526
f 1535/2704/1527 1562/2724/1527 1498/2671/1527
f 1534/2702/1528 1563/2635/1528 1538/2705/1528
f 1500/2706/1529 1498/2671/1529 1536/2533/1529
f 1541/2708/1530 1540/2678/1530 1508/2683/1530
f 1541/2708/1531 1496/2602/1531 1539/2709/1531
f 1506/2707/1532 1565/2725/1532 1540/2678/1532
f 1539/2709/1533 1566/2604/1533 1543/2711/1533
f 1588/2726/1534 1593/2727/1534 1599/2728/1534
f 1584/2729/1535 1594/2730/1535 1597/2731/1535
f 1598/2732/1536 1580/2733/1536 1595/2734/1536
f 1596/2735/1537 1576/2736/1537 1592/2737/1537
f 1587/2738/1538 1609/2739/1538 1614/2740/1538
f 1591/2741/1539 1576/2742/1539 1586/2743/1539
f 1591/2741/1540 1580/2744/1540 1590/2745/1540
f 1587/2738/1541 1608/2746/1541 1575/2747/1541
f 1595/2748/1542 1586/2749/1542 1596/2735/1542
f 1578/2750/1543 1597/2731/1543 1593/2751/1543
f 1579/2752/1544 1615/2753/1544 1589/2754/1544
f 1582/2755/1539 1591/2741/1539 1590/2745/1539
f 1578/2756/1545 1591/2741/1545 1584/2757/1545
f 1577/2758/1546 1612/2759/1546 1609/2760/1546
f 1582/2761/1547 1598/2732/1547 1594/2762/1547
f 1592/2763/1548 1588/2726/1548 1599/2728/1548
f 1607/2764/1549 1599/2728/1549 1606/2765/1549
f 1594/2762/1550 1605/2766/1550 1601/2767/1550
f 1593/2751/1551 1604/2768/1551 1600/2769/1551
f 1602/2770/1552 1596/2735/1552 1603/2771/1552
f 1603/2771/1553 1592/2737/1553 1607/2772/1553
f 1605/2766/1554 1595/2734/1554 1602/2773/1554
f 1597/2731/1555 1601/2774/1555 1604/2768/1555
f 1599/2728/1556 1600/2775/1556 1606/2765/1556
f 1606/2765/1557 1577/2776/1557 1587/2738/1557
f 1604/2768/1558 1581/2777/1558 1583/2778/1558
f 1589/2754/1559 1602/2773/1559 1579/2752/1559
f 1585/2779/1560 1607/2772/1560 1575/2780/1560
f 1579/2781/1561 1603/2771/1561 1585/2779/1561
f 1600/2769/1562 1583/2778/1562 1577/2758/1562
f 1601/2767/1563 1589/2754/1563 1581/2782/1563
f 1575/2747/1564 1606/2765/1564 1587/2738/1564
f 1616/2783/1565 1610/2784/1565 1613/2785/1565
f 1616/2783/1565 1608/2786/1565 1614/2787/1565
f 1609/2788/1566 1616/2783/1566 1614/2787/1566
f 1611/2789/1566 1616/2783/1566 1612/2790/1566
f 1581/2782/1567 1615/2753/1567 1611/2791/1567
f 1575/2780/1568 1613/2792/1568 1585/2779/1568
f 1583/2778/1569 1611/2793/1569 1612/2759/1569
f 1585/2779/1570 1610/2794/1570 1579/2781/1570
f 1630/2795/1571 1635/2796/1571 1641/2797/1571
f 1626/2798/1572 1636/2799/1572 1639/2800/1572
f 1640/2801/1573 1622/2802/1573 1637/2803/1573
f 1638/2804/1574 1618/2805/1574 1634/2806/1574
f 1629/2807/1575 1651/2808/1575 1656/2809/1575
f 1633/2810/1576 1618/2811/1576 1628/2812/1576
f 1633/2810/1577 1622/2813/1577 1632/2814/1577
f 1629/2807/1578 1650/2815/1578 1617/2816/1578
f 1637/2817/1579 1628/2818/1579 1638/2804/1579
f 1620/2819/1580 1639/2800/1580 1635/2820/1580
f 1621/2821/1581 1657/2822/1581 1631/2823/1581
f 1624/2824/1582 1633/2810/1582 1632/2814/1582
f 1620/2825/1583 1633/2810/1583 1626/2826/1583
f 1619/2827/1584 1654/2828/1584 1651/2829/1584
f 1624/2830/1585 1640/2801/1585 1636/2831/1585
f 1634/2832/1586 1630/2795/1586 1641/2797/1586
f 1649/2833/1587 1641/2797/1587 1648/2834/1587
f 1636/2831/1588 1647/2835/1588 1643/2836/1588
f 1635/2820/1589 1646/2837/1589 1642/2838/1589
f 1644/2839/1590 1638/2804/1590 1645/2840/1590
f 1645/2840/1591 1634/2806/1591 1649/2841/1591
f 1647/2835/1592 1637/2803/1592 1644/2842/1592
f 1639/2800/1593 1643/2843/1593 1646/2837/1593
f 1641/2797/1594 1642/2844/1594 1648/2834/1594
f 1648/2834/1595 1619/2845/1595 1629/2807/1595
f 1646/2837/1596 1623/2846/1596 1625/2847/1596
f 1631/2823/1597 1644/2842/1597 1621/2821/1597
f 1627/2848/1598 1649/2841/1598 1617/2849/1598
f 1621/2850/1599 1645/2840/1599 1627/2848/1599
f 1642/2838/1600 1625/2847/1600 1619/2827/1600
f 1643/2836/1601 1631/2823/1601 1623/2851/1601
f 1617/2816/1602 1648/2834/1602 1629/2807/1602
f 1658/2852/1603 1652/2853/1603 1655/2854/1603
f 1658/2852/1603 1650/2855/1603 1656/2856/1603
f 1651/2857/1603 1658/2852/1603 1656/2856/1603
f 1653/2858/1603 1658/2852/1603 1654/2859/1603
f 1623/2851/1604 1657/2822/1604 1653/2860/1604
f 1617/2849/1605 1655/2861/1605 1627/2848/1605
f 1625/2847/1606 1653/2862/1606 1654/2828/1606
f 1627/2848/1607 1652/2863/1607 1621/2850/1607
f 1672/2864/1608 1677/2865/1608 1683/2866/1608
f 1668/2867/1609 1678/2868/1609 1681/2869/1609
f 1682/2870/1610 1664/2871/1610 1679/2872/1610
f 1680/2873/1611 1660/2874/1611 1676/2875/1611
f 1671/2876/1612 1693/2877/1612 1698/2878/1612
f 1675/2879/1613 1660/2880/1613 1670/2881/1613
f 1675/2879/1614 1664/2882/1614 1674/2883/1614
f 1671/2876/1615 1692/2884/1615 1659/2885/1615
f 1679/2886/1616 1670/2887/1616 1680/2873/1616
f 1662/2888/1617 1681/2869/1617 1677/2889/1617
f 1663/2890/1618 1699/2891/1618 1673/2892/1618
f 1666/2893/1619 1675/2879/1619 1674/2883/1619
f 1662/2894/1620 1675/2879/1620 1668/2895/1620
f 1661/2896/1621 1696/2897/1621 1693/2898/1621
f 1666/2899/1622 1682/2870/1622 1678/2900/1622
f 1676/2901/1623 1672/2864/1623 1683/2866/1623
f 1691/2902/1624 1683/2866/1624 1690/2903/1624
f 1678/2900/1625 1689/2904/1625 1685/2905/1625
f 1677/2889/1626 1688/2906/1626 1684/2907/1626
f 1686/2908/1627 1680/2873/1627 1687/2909/1627
f 1687/2909/1628 1676/2875/1628 1691/2910/1628
f 1689/2904/1629 1679/2872/1629 1686/2911/1629
f 1681/2869/1630 1685/2912/1630 1688/2906/1630
f 1683/2866/1631 1684/2913/1631 1690/2903/1631
f 1690/2903/1632 1661/2914/1632 1671/2876/1632
f 1688/2906/1633 1665/2915/1633 1667/2916/1633
f 1673/2892/1634 1686/2911/1634 1663/2890/1634
f 1669/2917/1635 1691/2910/1635 1659/2918/1635
f 1663/2919/1636 1687/2909/1636 1669/2917/1636
f 1684/2907/1637 1667/2916/1637 1661/2896/1637
f 1685/2905/1638 1673/2892/1638 1665/2920/1638
f 1659/2885/1639 1690/2903/1639 1671/2876/1639
f 1700/2921/1640 1694/2922/1640 1697/2923/1640
f 1700/2921/1640 1692/2924/1640 1698/2925/1640
f 1693/2926/1640 1700/2921/1640 1698/2925/1640
f 1695/2927/1640 1700/2921/1640 1696/2928/1640
f 1665/2920/1641 1699/2891/1641 1695/2929/1641
f 1659/2918/1642 1697/2930/1642 1669/2917/1642
f 1667/2916/1643 1695/2931/1643 1696/2897/1643
f 1669/2917/1644 1694/2932/1644 1663/2919/1644
f 1714/2933/1645 1719/2934/1645 1725/2935/1645
f 1710/2936/1646 1720/2937/1646 1723/2938/1646
f 1724/2939/1647 1706/2940/1647 1721/2941/1647
f 1722/2942/1648 1702/2943/1648 1718/2944/1648
f 1713/2945/1649 1735/2946/1649 1740/2947/1649
f 1717/2948/1650 1702/2949/1650 1712/2950/1650
f 1717/2948/1651 1706/2951/1651 1716/2952/1651
f 1713/2945/1652 1734/2953/1652 1701/2954/1652
f 1721/2955/1653 1712/2956/1653 1722/2942/1653
f 1704/2957/1654 1723/2938/1654 1719/2958/1654
f 1705/2959/1655 1741/2960/1655 1715/2961/1655
f 1708/2962/1656 1717/2948/1656 1716/2952/1656
f 1704/2963/1657 1717/2948/1657 1710/2964/1657
f 1703/2965/1658 1738/2966/1658 1735/2967/1658
f 1708/2968/1659 1724/2939/1659 1720/2969/1659
f 1718/2970/1660 1714/2933/1660 1725/2935/1660
f 1733/2971/1661 1725/2935/1661 1732/2972/1661
f 1720/2969/1662 1731/2973/1662 1727/2974/1662
f 1719/2958/1663 1730/2975/1663 1726/2976/1663
f 1728/2977/1664 1722/2942/1664 1729/2978/1664
f 1729/2978/1665 1718/2944/1665 1733/2979/1665
f 1731/2973/1666 1721/2941/1666 1728/2980/1666
f 1723/2938/1667 1727/2981/1667 1730/2975/1667
f 1725/2935/1668 1726/2982/1668 1732/2972/1668
f 1732/2972/1669 1703/2983/1669 1713/2945/1669
f 1730/2975/1670 1707/2984/1670 1709/2985/1670
f 1715/2961/1671 1728/2980/1671 1705/2959/1671
f 1711/2986/1672 1733/2979/1672 1701/2987/1672
f 1705/2988/1673 1729/2978/1673 1711/2986/1673
f 1726/2976/1674 1709/2985/1674 1703/2965/1674
f 1727/2974/1675 1715/2961/1675 1707/2989/1675
f 1701/2954/1676 1732/2972/1676 1713/2945/1676
f 1742/2990/1677 1736/2991/1677 1739/2992/1677
f 1742/2990/1677 1734/2993/1677 1740/2994/1677
f 1735/2995/1677 1742/2990/1677 1740/2994/1677
f 1737/2996/1677 1742/2990/1677 1738/2997/1677
f 1707/2989/1678 1741/2960/1678 1737/2998/1678
f 1701/2987/1679 1739/2999/1679 1711/2986/1679
f 1709/2985/1680 1737/3000/1680 1738/2966/1680
f 1711/2986/1681 1736/3001/1681 1705/2988/1681
f 1756/3002/1682 1761/3003/1682 1767/3004/1682
f 1752/3005/1683 1762/3006/1683 1765/3007/1683
f 1766/3008/1684 1748/3009/1684 1763/3010/1684
f 1764/3011/1685 1744/3012/1685 1760/3013/1685
f 1755/3014/1686 1777/3015/1686 1782/3016/1686
f 1759/3017/1687 1744/3018/1687 1754/3019/1687
f 1759/3017/1688 1748/3020/1688 1758/3021/1688
f 1755/3014/1689 1776/3022/1689 1743/3023/1689
f 1763/3024/1690 1754/3025/1690 1764/3011/1690
f 1746/3026/1691 1765/3007/1691 1761/3027/1691
f 1747/3028/1692 1783/3029/1692 1757/3030/1692
f 1750/3031/1688 1759/3017/1688 1758/3021/1688
f 1746/3032/1693 1759/3017/1693 1752/3033/1693
f 1745/3034/1694 1780/3035/1694 1777/3036/1694
f 1750/3037/1695 1766/3008/1695 1762/3038/1695
f 1760/3039/1696 1756/3002/1696 1767/3004/1696
f 1775/3040/1697 1767/3004/1697 1774/3041/1697
f 1762/3038/1698 1773/3042/1698 1769/3043/1698
f 1761/3027/1699 1772/3044/1699 1768/3045/1699
f 1770/3046/1700 1764/3011/1700 1771/3047/1700
f 1771/3047/1701 1760/3013/1701 1775/3048/1701
f 1773/3042/1702 1763/3010/1702 1770/3049/1702
f 1765/3007/1703 1769/3050/1703 1772/3044/1703
f 1767/3004/1704 1768/3051/1704 1774/3041/1704
f 1774/3041/1705 1745/3052/1705 1755/3014/1705
f 1772/3044/1706 1749/3053/1706 1751/3054/1706
f 1757/3030/1707 1770/3049/1707 1747/3028/1707
f 1753/3055/1708 1775/3048/1708 1743/3056/1708
f 1747/3057/1709 1771/3047/1709 1753/3055/1709
f 1768/3045/1710 1751/3054/1710 1745/3034/1710
f 1769/3043/1711 1757/3030/1711 1749/3058/1711
f 1743/3023/1712 1774/3041/1712 1755/3014/1712
f 1784/3059/1713 1778/3060/1713 1781/3061/1713
f 1784/3059/1713 1776/3062/1713 1782/3063/1713
f 1777/3064/1713 1784/3059/1713 1782/3063/1713
f 1779/3065/1713 1784/3059/1713 1780/3066/1713
f 1749/3058/1714 1783/3029/1714 1779/3067/1714
f 1743/3056/1715 1781/3068/1715 1753/3055/1715
f 1751/3054/1716 1779/3069/1716 1780/3035/1716
f 1753/3055/1717 1778/3070/1717 1747/3057/1717
f 1798/3071/1718 1803/3072/1718 1809/3073/1718
f 1794/3074/1719 1804/3075/1719 1807/3076/1719
f 1808/3077/1720 1790/3078/1720 1805/3079/1720
f 1806/3080/1721 1786/3081/1721 1802/3082/1721
f 1797/3083/1722 1819/3084/1722 1824/3085/1722
f 1801/3086/1723 1786/3087/1723 1796/3088/1723
f 1801/3086/1724 1790/3089/1724 1800/3090/1724
f 1797/3083/1725 1818/3091/1725 1785/3092/1725
f 1805/3093/1726 1796/3094/1726 1806/3080/1726
f 1788/3095/1727 1807/3076/1727 1803/3096/1727
f 1789/3097/1728 1825/3098/1728 1799/3099/1728
f 1792/3100/1724 1801/3086/1724 1800/3090/1724
f 1788/3101/1729 1801/3086/1729 1794/3102/1729
f 1787/3103/1730 1822/3104/1730 1819/3105/1730
f 1792/3106/1731 1808/3077/1731 1804/3107/1731
f 1802/3108/1732 1798/3071/1732 1809/3073/1732
f 1817/3109/1733 1809/3073/1733 1816/3110/1733
f 1804/3107/1734 1815/3111/1734 1811/3112/1734
f 1803/3096/1735 1814/3113/1735 1810/3114/1735
f 1812/3115/1736 1806/3080/1736 1813/3116/1736
f 1813/3116/1737 1802/3082/1737 1817/3117/1737
f 1815/3111/1738 1805/3079/1738 1812/3118/1738
f 1807/3076/1739 1811/3119/1739 1814/3113/1739
f 1809/3073/1740 1810/3120/1740 1816/3110/1740
f 1816/3110/1741 1787/3121/1741 1797/3083/1741
f 1814/3113/1742 1791/3122/1742 1793/3123/1742
f 1799/3099/1743 1812/3118/1743 1789/3097/1743
f 1795/3124/1744 1817/3117/1744 1785/3125/1744
f 1789/3126/1745 1813/3116/1745 1795/3124/1745
f 1810/3114/1746 1793/3123/1746 1787/3103/1746
f 1811/3112/1747 1799/3099/1747 1791/3127/1747
f 1785/3092/1748 1816/3110/1748 1797/3083/1748
f 1826/3128/1749 1820/3129/1749 1823/3130/1749
f 1826/3128/1749 1818/3131/1749 1824/3132/1749
f 1819/3133/1749 1826/3128/1749 1824/3132/1749
f 1821/3134/1749 1826/3128/1749 1822/3135/1749
f 1791/3127/1750 1825/3098/1750 1821/3136/1750
f 1785/3125/1751 1823/3137/1751 1795/3124/1751
f 1793/3123/1752 1821/3138/1752 1822/3104/1752
f 1795/3124/1753 1820/3139/1753 1789/3126/1753
f 1840/3140/1754 1845/3141/1754 1851/3142/1754
f 1836/3143/1755 1846/3144/1755 1849/3145/1755
f 1850/3146/1756 1832/3147/1756 1847/3148/1756
f 1848/3149/1757 1828/3150/1757 1844/3151/1757
f 1839/3152/1758 1861/3153/1758 1866/3154/1758
f 1843/3155/1759 1828/3156/1759 1838/3157/1759
f 1843/3155/1760 1832/3158/1760 1842/3159/1760
f 1839/3152/1761 1860/3160/1761 1827/3161/1761
f 1847/3162/1762 1838/3163/1762 1848/3149/1762
f 1830/3164/1763 1849/3145/1763 1845/3165/1763
f 1831/3166/1764 1867/3167/1764 1841/3168/1764
f 1834/3169/1759 1843/3155/1759 1842/3159/1759
f 1830/3170/1765 1843/3155/1765 1836/3171/1765
f 1829/3172/1766 1864/3173/1766 1861/3174/1766
f 1834/3175/1767 1850/3146/1767 1846/3176/1767
f 1844/3177/1768 1840/3140/1768 1851/3142/1768
f 1859/3178/1769 1851/3142/1769 1858/3179/1769
f 1846/3176/1770 1857/3180/1770 1853/3181/1770
f 1845/3165/1771 1856/3182/1771 1852/3183/1771
f 1854/3184/1772 1848/3149/1772 1855/3185/1772
f 1855/3185/1773 1844/3151/1773 1859/3186/1773
f 1857/3180/1774 1847/3148/1774 1854/3187/1774
f 1849/3145/1775 1853/3188/1775 1856/3182/1775
f 1851/3142/1776 1852/3189/1776 1858/3179/1776
f 1858/3179/1777 1829/3190/1777 1839/3152/1777
f 1856/3182/1778 1833/3191/1778 1835/3192/1778
f 1841/3168/1779 1854/3187/1779 1831/3166/1779
f 1837/3193/1780 1859/3186/1780 1827/3194/1780
f 1831/3195/1781 1855/3185/1781 1837/3193/1781
f 1852/3183/1782 1835/3192/1782 1829/3172/1782
f 1853/3181/1783 1841/3168/1783 1833/3196/1783
f 1827/3161/1784 1858/3179/1784 1839/3152/1784
f 1868/3197/1785 1862/3198/1785 1865/3199/1785
f 1868/3197/1785 1860/3200/1785 1866/3201/1785
f 1861/3202/1785 1868/3197/1785 1866/3201/1785
f 1863/3203/1785 1868/3197/1785 1864/3204/1785
f 1833/3196/1786 1867/3167/1786 1863/3205/1786
f 1827/3194/1787 1865/3206/1787 1837/3193/1787
f 1835/3192/1788 1863/3207/1788 1864/3173/1788
f 1837/3193/1789 1862/3208/1789 1831/3195/1789
f 1882/3209/1790 1887/3210/1790 1893/3211/1790
f 1878/3212/1791 1888/3213/1791 1891/3214/1791
f 1892/3215/1792 1874/3216/1792 1889/3217/1792
f 1890/3218/1793 1870/3219/1793 1886/3220/1793
f 1881/3221/1794 1903/3222/1794 1908/3223/1794
f 1885/3224/1795 1870/3225/1795 1880/3226/1795
f 1885/3224/1796 1874/3227/1796 1884/3228/1796
f 1881/3221/1797 1902/3229/1797 1869/3230/1797
f 1889/3231/1798 1880/3232/1798 1890/3218/1798
f 1872/3233/1799 1891/3214/1799 1887/3234/1799
f 1873/3235/1800 1909/3236/1800 1883/3237/1800
f 1876/3238/1801 1885/3224/1801 1884/3228/1801
f 1872/3239/1802 1885/3224/1802 1878/3240/1802
f 1871/3241/1803 1906/3242/1803 1903/3243/1803
f 1876/3244/1804 1892/3215/1804 1888/3245/1804
f 1886/3246/1805 1882/3209/1805 1893/3211/1805
f 1901/3247/1806 1893/3211/1806 1900/3248/1806
f 1888/3245/1807 1899/3249/1807 1895/3250/1807
f 1887/3234/1808 1898/3251/1808 1894/3252/1808
f 1896/3253/1809 1890/3218/1809 1897/3254/1809
f 1897/3254/1810 1886/3220/1810 1901/3255/1810
f 1899/3249/1811 1889/3217/1811 1896/3256/1811
f 1891/3214/1812 1895/3257/1812 1898/3251/1812
f 1893/3211/1813 1894/3258/1813 1900/3248/1813
f 1900/3248/1814 1871/3259/1814 1881/3221/1814
f 1898/3251/1815 1875/3260/1815 1877/3261/1815
f 1883/3237/1816 1896/3256/1816 1873/3235/1816
f 1879/3262/1817 1901/3255/1817 1869/3263/1817
f 1873/3264/1818 1897/3254/1818 1879/3262/1818
f 1894/3252/1819 1877/3261/1819 1871/3241/1819
f 1895/3250/1820 1883/3237/1820 1875/3265/1820
f 1869/3230/1821 1900/3248/1821 1881/3221/1821
f 1910/3266/1822 1904/3267/1822 1907/3268/1822
f 1910/3266/1822 1902/3269/1822 1908/3270/1822
f 1903/3271/1822 1910/3266/1822 1908/3270/1822
f 1905/3272/1822 1910/3266/1822 1906/3273/1822
f 1875/3265/1823 1909/3236/1823 1905/3274/1823
f 1869/3263/1824 1907/3275/1824 1879/3262/1824
f 1877/3261/1825 1905/3276/1825 1906/3242/1825
f 1879/3262/1826 1904/3277/1826 1873/3264/1826
f 1924/3278/1827 1929/3279/1827 1935/3280/1827
f 1920/3281/1828 1930/3282/1828 1933/3283/1828
f 1934/3284/1829 1916/3285/1829 1931/3286/1829
f 1932/3287/1830 1912/3288/1830 1928/3289/1830
f 1923/3290/1831 1945/3291/1831 1950/3292/1831
f 1927/3293/1832 1912/3294/1832 1922/3295/1832
f 1927/3293/1833 1916/3296/1833 1926/3297/1833
f 1923/3290/1834 1944/3298/1834 1911/3299/1834
f 1931/3300/1835 1922/3301/1835 1932/3287/1835
f 1914/3302/1836 1933/3283/1836 1929/3303/1836
f 1915/3304/1837 1951/3305/1837 1925/3306/1837
f 1918/3307/1838 1927/3293/1838 1926/3297/1838
f 1914/3308/1839 1927/3293/1839 1920/3309/1839
f 1913/3310/1840 1948/3311/1840 1945/3312/1840
f 1918/3313/1841 1934/3284/1841 1930/3314/1841
f 1928/3315/1842 1924/3278/1842 1935/3280/1842
f 1943/3316/1843 1935/3280/1843 1942/3317/1843
f 1930/3314/1844 1941/3318/1844 1937/3319/1844
f 1929/3303/1845 1940/3320/1845 1936/3321/1845
f 1938/3322/1846 1932/3287/1846 1939/3323/1846
f 1939/3323/1847 1928/3289/1847 1943/3324/1847
f 1941/3318/1848 1931/3286/1848 1938/3325/1848
f 1933/3283/1849 1937/3326/1849 1940/3320/1849
f 1935/3280/1850 1936/3327/1850 1942/3317/1850
f 1942/3317/1851 1913/3328/1851 1923/3290/1851
f 1940/3320/1852 1917/3329/1852 1919/3330/1852
f 1925/3306/1853 1938/3325/1853 1915/3304/1853
f 1921/3331/1854 1943/3324/1854 1911/3332/1854
f 1915/3333/1855 1939/3323/1855 1921/3331/1855
f 1936/3321/1856 1919/3330/1856 1913/3310/1856
f 1937/3319/1857 1925/3306/1857 1917/3334/1857
f 1911/3299/1858 1942/3317/1858 1923/3290/1858
f 1952/3335/1859 1946/3336/1859 1949/3337/1859
f 1952/3335/1859 1944/3338/1859 1950/3339/1859
f 1945/3340/1859 1952/3335/1859 1950/3339/1859
f 1947/3341/1859 1952/3335/1859 1948/3342/1859
f 1917/3334/1860 1951/3305/1860 1947/3343/1860
f 1911/3332/1861 1949/3344/1861 1921/3331/1861
f 1919/3330/1862 1947/3345/1862 1948/3311/1862
f 1921/3331/1863 1946/3346/1863 1915/3333/1863
f 1966/3347/1864 1971/3348/1864 1977/3349/1864
f 1962/3350/1865 1972/3351/1865 1975/3352/1865
f 1976/3353/1866 1958/3354/1866 1973/3355/1866
f 1974/3356/1867 1954/3357/1867 1970/3358/1867
f 1965/3359/1868 1987/3360/1868 1992/3361/1868
f 1969/3362/1869 1954/3363/1869 1964/3364/1869
f 1969/3362/1870 1958/3365/1870 1968/3366/1870
f 1965/3359/1871 1986/3367/1871 1953/3368/1871
f 1973/3369/1872 1964/3370/1872 1974/3356/1872
f 1956/3371/1873 1975/3352/1873 1971/3372/1873
f 1957/3373/1874 1993/3374/1874 1967/3375/1874
f 1960/3376/1875 1969/3362/1875 1968/3366/1875
f 1956/3377/1876 1969/3362/1876 1962/3378/1876
f 1955/3379/1877 1990/3380/1877 1987/3381/1877
f 1960/3382/1878 1976/3353/1878 1972/3383/1878
f 1970/3384/1879 1966/3347/1879 1977/3349/1879
f 1985/3385/1880 1977/3349/1880 1984/3386/1880
f 1972/3383/1881 1983/3387/1881 1979/3388/1881
f 1971/3372/1882 1982/3389/1882 1978/3390/1882
f 1980/3391/1883 1974/3356/1883 1981/3392/1883
f 1981/3392/1884 1970/3358/1884 1985/3393/1884
f 1983/3387/1885 1973/3355/1885 1980/3394/1885
f 1975/3352/1886 1979/3395/1886 1982/3389/1886
f 1977/3349/1887 1978/3396/1887 1984/3386/1887
f 1984/3386/1888 1955/3397/1888 1965/3359/1888
f 1982/3389/1889 1959/3398/1889 1961/3399/1889
f 1967/3375/1890 1980/3394/1890 1957/3373/1890
f 1963/3400/1891 1985/3393/1891 1953/3401/1891
f 1957/3402/1892 1981/3392/1892 1963/3400/1892
f 1978/3390/1893 1961/3399/1893 1955/3379/1893
f 1979/3388/1894 1967/3375/1894 1959/3403/1894
f 1953/3368/1895 1984/3386/1895 1965/3359/1895
f 1994/3404/1896 1988/3405/1896 1991/3406/1896
f 1994/3404/1896 1986/3407/1896 1992/3408/1896
f 1987/3409/1896 1994/3404/1896 1992/3408/1896
f 1989/3410/1896 1994/3404/1896 1990/3411/1896
f 1959/3403/1897 1993/3374/1897 1989/3412/1897
f 1953/3401/1898 1991/3413/1898 1963/3400/1898
f 1961/3399/1899 1989/3414/1899 1990/3380/1899
f 1963/3400/1900 1988/3415/1900 1957/3402/1900
f 2008/3416/1901 2013/3417/1901 2019/3418/1901
f 2004/3419/1902 2014/3420/1902 2017/3421/1902
f 2018/3422/1903 2000/3423/1903 2015/3424/1903
f 2016/3425/1904 1996/3426/1904 2012/3427/1904
f 2007/3428/1905 2029/3429/1905 2034/3430/1905
f 2011/3431/1906 1996/3432/1906 2006/3433/1906
f 2011/3431/1907 2000/3434/1907 2010/3435/1907
f 2007/3428/1908 2028/3436/1908 1995/3437/1908
f 2015/3438/1909 2006/3439/1909 2016/3425/1909
f 1998/3440/1910 2017/3421/1910 2013/3441/1910
f 1999/3442/1911 2035/3443/1911 2009/3444/1911
f 2002/3445/1912 2011/3431/1912 2010/3435/1912
f 1998/3446/1913 2011/3431/1913 2004/3447/1913
f 1997/3448/1914 2032/3449/1914 2029/3450/1914
f 2002/3451/1915 2018/3422/1915 2014/3452/1915
f 2012/3453/1916 2008/3416/1916 2019/3418/1916
f 2027/3454/1917 2019/3418/1917 2026/3455/1917
f 2014/3452/1918 2025/3456/1918 2021/3457/1918
f 2013/3441/1919 2024/3458/1919 2020/3459/1919
f 2022/3460/1920 2016/3425/1920 2023/3461/1920
f 2023/3461/1921 2012/3427/1921 2027/3462/1921
f 2025/3456/1922 2015/3424/1922 2022/3463/1922
f 2017/3421/1923 2021/3464/1923 2024/3458/1923
f 2019/3418/1924 2020/3465/1924 2026/3455/1924
f 2026/3455/1925 1997/3466/1925 2007/3428/1925
f 2024/3458/1926 2001/3467/1926 2003/3468/1926
f 2009/3444/1927 2022/3463/1927 1999/3442/1927
f 2005/3469/1928 2027/3462/1928 1995/3470/1928
f 1999/3471/1929 2023/3461/1929 2005/3469/1929
f 2020/3459/1930 2003/3468/1930 1997/3448/1930
f 2021/3457/1931 2009/3444/1931 2001/3472/1931
f 1995/3437/1932 2026/3455/1932 2007/3428/1932
f 2036/3473/1933 2030/3474/1933 2033/3475/1933
f 2036/3473/1933 2028/3476/1933 2034/3477/1933
f 2029/3478/1933 2036/3473/1933 2034/3477/1933
f 2031/3479/1933 2036/3473/1933 2032/3480/1933
f 2001/3472/1934 2035/3443/1934 2031/3481/1934
f 1995/3470/1935 2033/3482/1935 2005/3469/1935
f 2003/3468/1936 2031/3483/1936 2032/3449/1936
f 2005/3469/1937 2030/3484/1937 1999/3471/1937
f 2050/3485/1938 2055/3486/1938 2061/3487/1938
f 2046/3488/1939 2056/3489/1939 2059/3490/1939
f 2060/3491/1940 2042/3492/1940 2057/3493/1940
f 2058/3494/1941 2038/3495/1941 2054/3496/1941
f 2049/3497/1942 2071/3498/1942 2076/3499/1942
f 2053/3500/1943 2038/3501/1943 2048/3502/1943
f 2053/3500/1944 2042/3503/1944 2052/3504/1944
f 2049/3497/1945 2070/3505/1945 2037/3506/1945
f 2057/3507/1946 2048/3508/1946 2058/3494/1946
f 2040/3509/1947 2059/3490/1947 2055/3510/1947
f 2041/3511/1948 2077/3512/1948 2051/3513/1948
f 2044/3514/1949 2053/3500/1949 2052/3504/1949
f 2040/3515/1944 2053/3500/1944 2046/3516/1944
f 2039/3517/1950 2074/3518/1950 2071/3519/1950
f 2044/3520/1951 2060/3491/1951 2056/3521/1951
f 2054/3522/1952 2050/3485/1952 2061/3487/1952
f 2069/3523/1953 2061/3487/1953 2068/3524/1953
f 2056/3521/1954 2067/3525/1954 2063/3526/1954
f 2055/3510/1955 2066/3527/1955 2062/3528/1955
f 2064/3529/1956 2058/3494/1956 2065/3530/1956
f 2065/3530/1957 2054/3496/1957 2069/3531/1957
f 2067/3525/1958 2057/3493/1958 2064/3532/1958
f 2059/3490/1959 2063/3533/1959 2066/3527/1959
f 2061/3487/1960 2062/3534/1960 2068/3524/1960
f 2068/3524/1961 2039/3535/1961 2049/3497/1961
f 2066/3527/1962 2043/3536/1962 2045/3537/1962
f 2051/3513/1963 2064/3532/1963 2041/3511/1963
f 2047/3538/1964 2069/3531/1964 2037/3539/1964
f 2041/3540/1965 2065/3530/1965 2047/3538/1965
f 2062/3528/1966 2045/3537/1966 2039/3517/1966
f 2063/3526/1967 2051/3513/1967 2043/3541/1967
f 2037/3506/1968 2068/3524/1968 2049/3497/1968
f 2078/3542/1969 2072/3543/1969 2075/3544/1969
f 2078/3542/1970 2070/3545/1970 2076/3546/1970
f 2071/3547/1970 2078/3542/1970 2076/3546/1970
f 2073/3548/1969 2078/3542/1969 2074/3549/1969
f 2043/3541/1971 2077/3512/1971 2073/3550/1971
f 2037/3539/1972 2075/3551/1972 2047/3538/1972
f 2045/3537/1973 2073/3552/1973 2074/3518/1973
f 2047/3538/1974 2072/3553/1974 2041/3540/1974
f 2092/3554/1975 2097/3555/1975 2103/3556/1975
f 2088/3557/1976 2098/3558/1976 2101/3559/1976
f 2102/3560/1977 2084/3561/1977 2099/3562/1977
f 2100/3563/1978 2080/3564/1978 2096/3565/1978
f 2091/3566/1979 2113/3567/1979 2118/3568/1979
f 2095/3569/1980 2080/3570/1980 2090/3571/1980
f 2095/3569/1981 2084/3572/1981 2094/3573/1981
f 2091/3566/1982 2112/3574/1982 2079/3575/1982
f 2099/3576/1983 2090/3577/1983 2100/3563/1983
f 2082/3578/1984 2101/3559/1984 2097/3579/1984
f 2083/3580/1985 2119/3581/1985 2093/3582/1985
f 2086/3583/1986 2095/3569/1986 2094/3573/1986
f 2082/3584/1987 2095/3569/1987 2088/3585/1987
f 2081/3586/1988 2116/3587/1988 2113/3588/1988
f 2086/3589/1989 2102/3560/1989 2098/3590/1989
f 2096/3591/1990 2092/3554/1990 2103/3556/1990
f 2111/3592/1991 2103/3556/1991 2110/3593/1991
f 2098/3590/1992 2109/3594/1992 2105/3595/1992
f 2097/3579/1993 2108/3596/1993 2104/3597/1993
f 2106/3598/1994 2100/3563/1994 2107/3599/1994
f 2107/3599/1995 2096/3565/1995 2111/3600/1995
f 2109/3594/1996 2099/3562/1996 2106/3601/1996
f 2101/3559/1997 2105/3602/1997 2108/3596/1997
f 2103/3556/1998 2104/3603/1998 2110/3593/1998
f 2110/3593/1999 2081/3604/1999 2091/3566/1999
f 2108/3596/2000 2085/3605/2000 2087/3606/2000
f 2093/3582/2001 2106/3601/2001 2083/3580/2001
f 2089/3607/2002 2111/3600/2002 2079/3608/2002
f 2083/3609/2003 2107/3599/2003 2089/3607/2003
f 2104/3597/2004 2087/3606/2004 2081/3586/2004
f 2105/3595/2005 2093/3582/2005 2085/3610/2005
f 2079/3575/2006 2110/3593/2006 2091/3566/2006
f 2120/3611/2007 2114/3612/2007 2117/3613/2007
f 2120/3611/2007 2112/3614/2007 2118/3615/2007
f 2113/3616/2007 2120/3611/2007 2118/3615/2007
f 2115/3617/2007 2120/3611/2007 2116/3618/2007
f 2085/3610/2008 2119/3581/2008 2115/3619/2008
f 2079/3608/2009 2117/3620/2009 2089/3607/2009
f 2087/3606/2010 2115/3621/2010 2116/3587/2010
f 2089/3607/2011 2114/3622/2011 2083/3609/2011
f 2134/3623/2012 2139/3624/2012 2145/3625/2012
f 2130/3626/2013 2140/3627/2013 2143/3628/2013
f 2144/3629/2014 2126/3630/2014 2141/3631/2014
f 2142/3632/2015 2122/3633/2015 2138/3634/2015
f 2133/3635/2016 2155/3636/2016 2160/3637/2016
f 2137/3638/2017 2122/3639/2017 2132/3640/2017
f 2137/3638/2018 2126/3641/2018 2136/3642/2018
f 2133/3635/2019 2154/3643/2019 2121/3644/2019
f 2141/3645/2020 2132/3646/2020 2142/3632/2020
f 2124/3647/2021 2143/3628/2021 2139/3648/2021
f 2125/3649/2022 2161/3650/2022 2135/3651/2022
f 2128/3652/2023 2137/3638/2023 2136/3642/2023
f 2124/3653/2024 2137/3638/2024 2130/3654/2024
f 2123/3655/2025 2158/3656/2025 2155/3657/2025
f 2128/3658/2026 2144/3629/2026 2140/3659/2026
f 2138/3660/2027 2134/3623/2027 2145/3625/2027
f 2153/3661/2028 2145/3625/2028 2152/3662/2028
f 2140/3659/2029 2151/3663/2029 2147/3664/2029
f 2139/3648/2030 2150/3665/2030 2146/3666/2030
f 2148/3667/2031 2142/3632/2031 2149/3668/2031
f 2149/3668/2032 2138/3634/2032 2153/3669/2032
f 2151/3663/2033 2141/3631/2033 2148/3670/2033
f 2143/3628/2034 2147/3671/2034 2150/3665/2034
f 2145/3625/2035 2146/3672/2035 2152/3662/2035
f 2152/3662/2036 2123/3673/2036 2133/3635/2036
f 2150/3665/2037 2127/3674/2037 2129/3675/2037
f 2135/3651/2038 2148/3670/2038 2125/3649/2038
f 2131/3676/2039 2153/3669/2039 2121/3677/2039
f 2125/3678/2040 2149/3668/2040 2131/3676/2040
f 2146/3666/2041 2129/3675/2041 2123/3655/2041
f 2147/3664/2042 2135/3651/2042 2127/3679/2042
f 2121/3644/2043 2152/3662/2043 2133/3635/2043
f 2162/3680/2044 2156/3681/2044 2159/3682/2044
f 2162/3680/2044 2154/3683/2044 2160/3684/2044
f 2155/3685/2044 2162/3680/2044 2160/3684/2044
f 2157/3686/2044 2162/3680/2044 2158/3687/2044
f 2127/3679/2045 2161/3650/2045 2157/3688/2045
f 2121/3677/2046 2159/3689/2046 2131/3676/2046
f 2129/3675/2047 2157/3690/2047 2158/3656/2047
f 2131/3676/2048 2156/3691/2048 2125/3678/2048
f 2176/3692/2049 2181/3693/2049 2187/3694/2049
f 2172/3695/2050 2182/3696/2050 2185/3697/2050
f 2186/3698/2051 2168/3699/2051 2183/3700/2051
f 2184/3701/2052 2164/3702/2052 2180/3703/2052
f 2175/3704/2053 2197/3705/2053 2202/3706/2053
f 2179/3707/2054 2164/3708/2054 2174/3709/2054
f 2179/3707/2055 2168/3710/2055 2178/3711/2055
f 2175/3704/2056 2196/3712/2056 2163/3713/2056
f 2183/3714/2057 2174/3715/2057 2184/3701/2057
f 2166/3716/2058 2185/3697/2058 2181/3717/2058
f 2167/3718/2059 2203/3719/2059 2177/3720/2059
f 2170/3721/2060 2179/3707/2060 2178/3711/2060
f 2166/3722/2061 2179/3707/2061 2172/3723/2061
f 2165/3724/2062 2200/3725/2062 2197/3726/2062
f 2170/3727/2063 2186/3698/2063 2182/3728/2063
f 2180/3729/2064 2176/3692/2064 2187/3694/2064
f 2195/3730/2065 2187/3694/2065 2194/3731/2065
f 2182/3728/2066 2193/3732/2066 2189/3733/2066
f 2181/3717/2067 2192/3734/2067 2188/3735/2067
f 2190/3736/2068 2184/3701/2068 2191/3737/2068
f 2191/3737/2069 2180/3703/2069 2195/3738/2069
f 2193/3732/2070 2183/3700/2070 2190/3739/2070
f 2185/3697/2071 2189/3740/2071 2192/3734/2071
f 2187/3694/2072 2188/3741/2072 2194/3731/2072
f 2194/3731/2073 2165/3742/2073 2175/3704/2073
f 2192/3734/2074 2169/3743/2074 2171/3744/2074
f 2177/3720/2075 2190/3739/2075 2167/3718/2075
f 2173/3745/2076 2195/3738/2076 2163/3746/2076
f 2167/3747/2077 2191/3737/2077 2173/3745/2077
f 2188/3735/2078 2171/3744/2078 2165/3724/2078
f 2189/3733/2079 2177/3720/2079 2169/3748/2079
f 2163/3713/2080 2194/3731/2080 2175/3704/2080
f 2204/3749/2081 2198/3750/2081 2201/3751/2081
f 2204/3749/2081 2196/3752/2081 2202/3753/2081
f 2197/3754/2082 2204/3749/2082 2202/3753/2082
f 2199/3755/2082 2204/3749/2082 2200/3756/2082
f 2169/3748/2083 2203/3719/2083 2199/3757/2083
f 2163/3746/2084 2201/3758/2084 2173/3745/2084
f 2171/3744/2085 2199/3759/2085 2200/3725/2085
f 2173/3745/2086 2198/3760/2086 2167/3747/2086
f 2218/3761/2087 2223/3762/2087 2229/3763/2087
f 2214/3764/2088 2224/3765/2088 2227/3766/2088
f 2228/3767/2089 2210/3768/2089 2225/3769/2089
f 2226/3770/2090 2206/3771/2090 2222/3772/2090
f 2217/3773/2091 2239/3774/2091 2244/3775/2091
f 2221/3776/2092 2206/3777/2092 2216/3778/2092
f 2221/3776/2093 2210/3779/2093 2220/3780/2093
f 2217/3773/2094 2238/3781/2094 2205/3782/2094
f 2225/3783/2095 2216/3784/2095 2226/3770/2095
f 2208/3785/2096 2227/3766/2096 2223/3786/2096
f 2209/3787/2097 2245/3788/2097 2219/3789/2097
f 2212/3790/2098 2221/3776/2098 2220/3780/2098
f 2208/3791/2099 2221/3776/2099 2214/3792/2099
f 2207/3793/2100 2242/3794/2100 2239/3795/2100
f 2212/3796/2101 2228/3767/2101 2224/3797/2101
f 2222/3798/2102 2218/3761/2102 2229/3763/2102
f 2237/3799/2103 2229/3763/2103 2236/3800/2103
f 2224/3797/2104 2235/3801/2104 2231/3802/2104
f 2223/3786/2105 2234/3803/2105 2230/3804/2105
f 2232/3805/2106 2226/3770/2106 2233/3806/2106
f 2233/3806/2107 2222/3772/2107 2237/3807/2107
f 2235/3801/2108 2225/3769/2108 2232/3808/2108
f 2227/3766/2109 2231/3809/2109 2234/3803/2109
f 2229/3763/2110 2230/3810/2110 2236/3800/2110
f 2236/3800/2111 2207/3811/2111 2217/3773/2111
f 2234/3803/2112 2211/3812/2112 2213/3813/2112
f 2219/3789/2113 2232/3808/2113 2209/3787/2113
f 2215/3814/2114 2237/3807/2114 2205/3815/2114
f 2209/3816/2115 2233/3806/2115 2215/3814/2115
f 2230/3804/2116 2213/3813/2116 2207/3793/2116
f 2231/3802/2117 2219/3789/2117 2211/3817/2117
f 2205/3782/2118 2236/3800/2118 2217/3773/2118
f 2246/3818/2119 2240/3819/2119 2243/3820/2119
f 2246/3818/2119 2238/3821/2119 2244/3822/2119
f 2239/3823/2119 2246/3818/2119 2244/3822/2119
f 2241/3824/2119 2246/3818/2119 2242/3825/2119
f 2211/3817/2120 2245/3788/2120 2241/3826/2120
f 2205/3815/2121 2243/3827/2121 2215/3814/2121
f 2213/3813/2122 2241/3828/2122 2242/3794/2122
f 2215/3814/2123 2240/3829/2123 2209/3816/2123
f 2260/3830/2124 2265/3831/2124 2271/3832/2124
f 2256/3833/2125 2266/3834/2125 2269/3835/2125
f 2270/3836/2126 2252/3837/2126 2267/3838/2126
f 2268/3839/2127 2248/3840/2127 2264/3841/2127
f 2259/3842/2128 2281/3843/2128 2286/3844/2128
f 2263/3845/2129 2248/3846/2129 2258/3847/2129
f 2263/3845/2129 2252/3848/2129 2262/3849/2129
f 2259/3842/2130 2280/3850/2130 2247/3851/2130
f 2267/3852/2131 2258/3853/2131 2268/3839/2131
f 2250/3854/2132 2269/3835/2132 2265/3855/2132
f 2251/3856/2133 2287/3857/2133 2261/3858/2133
f 2254/3859/2134 2263/3845/2134 2262/3849/2134
f 2250/3860/2135 2263/3845/2135 2256/3861/2135
f 2249/3862/2136 2284/3863/2136 2281/3864/2136
f 2254/3865/2137 2270/3836/2137 2266/3866/2137
f 2264/3867/2138 2260/3830/2138 2271/3832/2138
f 2279/3868/2139 2271/3832/2139 2278/3869/2139
f 2266/3866/2140 2277/3870/2140 2273/3871/2140
f 2265/3855/2141 2276/3872/2141 2272/3873/2141
f 2274/3874/2142 2268/3839/2142 2275/3875/2142
f 2275/3875/2143 2264/3841/2143 2279/3876/2143
f 2277/3870/2144 2267/3838/2144 2274/3877/2144
f 2269/3835/2145 2273/3878/2145 2276/3872/2145
f 2271/3832/2146 2272/3879/2146 2278/3869/2146
f 2278/3869/2147 2249/3880/2147 2259/3842/2147
f 2276/3872/2148 2253/3881/2148 2255/3882/2148
f 2261/3858/2149 2274/3877/2149 2251/3856/2149
f 2257/3883/2150 2279/3876/2150 2247/3884/2150
f 2251/3885/2151 2275/3875/2151 2257/3883/2151
f 2272/3873/2152 2255/3882/2152 2249/3862/2152
f 2273/3871/2153 2261/3858/2153 2253/3886/2153
f 2247/3851/2154 2278/3869/2154 2259/3842/2154
f 2288/3887/2155 2282/3888/2155 2285/3889/2155
f 2288/3887/2155 2280/3890/2155 2286/3891/2155
f 2281/3892/2155 2288/3887/2155 2286/3891/2155
f 2283/3893/2155 2288/3887/2155 2284/3894/2155
f 2253/3886/2156 2287/3857/2156 2283/3895/2156
f 2247/3884/2157 2285/3896/2157 2257/3883/2157
f 2255/3882/2158 2283/3897/2158 2284/3863/2158
f 2257/3883/2159 2282/3898/2159 2251/3885/2159
f 2302/3899/2160 2307/3900/2160 2313/3901/2160
f 2298/3902/2161 2308/3903/2161 2311/3904/2161
f 2312/3905/2162 2294/3906/2162 2309/3907/2162
f 2310/3908/2163 2290/3909/2163 2306/3910/2163
f 2301/3911/2164 2323/3912/2164 2328/3913/2164
f 2305/3914/2165 2290/3915/2165 2300/3916/2165
f 2305/3914/2166 2294/3917/2166 2304/3918/2166
f 2301/3911/2167 2322/3919/2167 2289/3920/2167
f 2309/3921/2168 2300/3922/2168 2310/3908/2168
f 2292/3923/2169 2311/3904/2169 2307/3924/2169
f 2293/3925/2170 2329/3926/2170 2303/3927/2170
f 2296/3928/2171 2305/3914/2171 2304/3918/2171
f 2292/3929/2172 2305/3914/2172 2298/3930/2172
f 2291/3931/2173 2326/3932/2173 2323/3933/2173
f 2296/3934/2174 2312/3905/2174 2308/3935/2174
f 2306/3936/2175 2302/3899/2175 2313/3901/2175
f 2321/3937/2176 2313/3901/2176 2320/3938/2176
f 2308/3935/2177 2319/3939/2177 2315/3940/2177
f 2307/3924/2178 2318/3941/2178 2314/3942/2178
f 2316/3943/2179 2310/3908/2179 2317/3944/2179
f 2317/3944/2180 2306/3910/2180 2321/3945/2180
f 2319/3939/2181 2309/3907/2181 2316/3946/2181
f 2311/3904/2182 2315/3947/2182 2318/3941/2182
f 2313/3901/2183 2314/3948/2183 2320/3938/2183
f 2320/3938/2184 2291/3949/2184 2301/3911/2184
f 2318/3941/2185 2295/3950/2185 2297/3951/2185
f 2303/3927/2186 2316/3946/2186 2293/3925/2186
f 2299/3952/2187 2321/3945/2187 2289/3953/2187
f 2293/3954/2188 2317/3944/2188 2299/3952/2188
f 2314/3942/2189 2297/3951/2189 2291/3931/2189
f 2315/3940/2190 2303/3927/2190 2295/3955/2190
f 2289/3920/2191 2320/3938/2191 2301/3911/2191
f 2330/3956/2192 2324/3957/2192 2327/3958/2192
f 2330/3956/2192 2322/3959/2192 2328/3960/2192
f 2323/3961/2192 2330/3956/2192 2328/3960/2192
f 2325/3962/2192 2330/3956/2192 2326/3963/2192
f 2295/3955/2193 2329/3926/2193 2325/3964/2193
f 2289/3953/2194 2327/3965/2194 2299/3952/2194
f 2297/3951/2195 2325/3966/2195 2326/3932/2195
f 2299/3952/2196 2324/3967/2196 2293/3954/2196
f 2344/3968/2197 2349/3969/2197 2355/3970/2197
f 2340/3971/2198 2350/3972/2198 2353/3973/2198
f 2354/3974/2199 2336/3975/2199 2351/3976/2199
f 2352/3977/2200 2332/3978/2200 2348/3979/2200
f 2343/3980/2201 2365/3981/2201 2370/3982/2201
f 2347/3983/2202 2332/3984/2202 2342/3985/2202
f 2347/3983/2203 2336/3986/2203 2346/3987/2203
f 2343/3980/2204 2364/3988/2204 2331/3989/2204
f 2351/3990/2205 2342/3991/2205 2352/3977/2205
f 2334/3992/2206 2353/3973/2206 2349/3993/2206
f 2335/3994/2207 2371/3995/2207 2345/3996/2207
f 2338/3997/2208 2347/3983/2208 2346/3987/2208
f 2334/3998/2209 2347/3983/2209 2340/3999/2209
f 2333/4000/2210 2368/4001/2210 2365/4002/2210
f 2338/4003/2211 2354/3974/2211 2350/4004/2211
f 2348/4005/2212 2344/3968/2212 2355/3970/2212
f 2363/4006/2213 2355/3970/2213 2362/4007/2213
f 2350/4004/2214 2361/4008/2214 2357/4009/2214
f 2349/3993/2215 2360/4010/2215 2356/4011/2215
f 2358/4012/2216 2352/3977/2216 2359/4013/2216
f 2359/4013/2217 2348/3979/2217 2363/4014/2217
f 2361/4008/2218 2351/3976/2218 2358/4015/2218
f 2353/3973/2219 2357/4016/2219 2360/4010/2219
f 2355/3970/2220 2356/4017/2220 2362/4007/2220
f 2362/4007/2221 2333/4018/2221 2343/3980/2221
f 2360/4010/2222 2337/4019/2222 2339/4020/2222
f 2345/3996/2223 2358/4015/2223 2335/3994/2223
f 2341/4021/2224 2363/4014/2224 2331/4022/2224
f 2335/4023/2225 2359/4013/2225 2341/4021/2225
f 2356/4011/2226 2339/4020/2226 2333/4000/2226
f 2357/4009/2227 2345/3996/2227 2337/4024/2227
f 2331/3989/2228 2362/4007/2228 2343/3980/2228
f 2372/4025/2229 2366/4026/2229 2369/4027/2229
f 2372/4025/2229 2364/4028/2229 2370/4029/2229
f 2365/4030/2229 2372/4025/2229 2370/4029/2229
f 2367/4031/2229 2372/4025/2229 2368/4032/2229
f 2337/4024/2230 2371/3995/2230 2367/4033/2230
f 2331/4022/2231 2369/4034/2231 2341/4021/2231
f 2339/4020/2232 2367/4035/2232 2368/4001/2232
f 2341/4021/2233 2366/4036/2233 2335/4023/2233
f 2386/4037/2234 2391/4038/2234 2397/4039/2234
f 2382/4040/2235 2392/4041/2235 2395/4042/2235
f 2396/4043/2236 2378/4044/2236 2393/4045/2236
f 2394/4046/2237 2374/4047/2237 2390/4048/2237
f 2385/4049/2238 2407/4050/2238 2412/4051/2238
f 2389/4052/2239 2374/4053/2239 2384/4054/2239
f 2389/4052/2240 2378/4055/2240 2388/4056/2240
f 2385/4049/2241 2406/4057/2241 2373/4058/2241
f 2393/4059/2242 2384/4060/2242 2394/4046/2242
f 2376/4061/2243 2395/4042/2243 2391/4062/2243
f 2377/4063/2244 2413/4064/2244 2387/4065/2244
f 2380/4066/2245 2389/4052/2245 2388/4056/2245
f 2376/4067/2246 2389/4052/2246 2382/4068/2246
f 2375/4069/2247 2410/4070/2247 2407/4071/2247
f 2380/4072/2248 2396/4043/2248 2392/4073/2248
f 2390/4074/2249 2386/4037/2249 2397/4039/2249
f 2405/4075/2250 2397/4039/2250 2404/4076/2250
f 2392/4073/2251 2403/4077/2251 2399/4078/2251
f 2391/4062/2252 2402/4079/2252 2398/4080/2252
f 2400/4081/2253 2394/4046/2253 2401/4082/2253
f 2401/4082/2254 2390/4048/2254 2405/4083/2254
f 2403/4077/2255 2393/4045/2255 2400/4084/2255
f 2395/4042/2256 2399/4085/2256 2402/4079/2256
f 2397/4039/2257 2398/4086/2257 2404/4076/2257
f 2404/4076/2258 2375/4087/2258 2385/4049/2258
f 2402/4079/2259 2379/4088/2259 2381/4089/2259
f 2387/4065/2260 2400/4084/2260 2377/4063/2260
f 2383/4090/2261 2405/4083/2261 2373/4091/2261
f 2377/4092/2262 2401/4082/2262 2383/4090/2262
f 2398/4080/2263 2381/4089/2263 2375/4069/2263
f 2399/4078/2264 2387/4065/2264 2379/4093/2264
f 2373/4058/2265 2404/4076/2265 2385/4049/2265
f 2414/4094/2266 2408/4095/2266 2411/4096/2266
f 2414/4094/2266 2406/4097/2266 2412/4098/2266
f 2407/4099/2267 2414/4094/2267 2412/4098/2267
f 2409/4100/2266 2414/4094/2266 2410/4101/2266
f 2379/4093/2268 2413/4064/2268 2409/4102/2268
f 2373/4091/2269 2411/4103/2269 2383/4090/2269
f 2381/4089/2270 2409/4104/2270 2410/4070/2270
f 2383/4090/2271 2408/4105/2271 2377/4092/2271
f 2428/4106/2272 2433/4107/2272 2439/4108/2272
f 2424/4109/2273 2434/4110/2273 2437/4111/2273
f 2438/4112/2274 2420/4113/2274 2435/4114/2274
f 2436/4115/2275 2416/4116/2275 2432/4117/2275
f 2427/4118/2276 2449/4119/2276 2454/4120/2276
f 2431/4121/2277 2416/4122/2277 2426/4123/2277
f 2431/4121/2278 2420/4124/2278 2430/4125/2278
f 2427/4118/2279 2448/4126/2279 2415/4127/2279
f 2435/4128/2280 2426/4129/2280 2436/4115/2280
f 2418/4130/2281 2437/4111/2281 2433/4131/2281
f 2419/4132/2282 2455/4133/2282 2429/4134/2282
f 2422/4135/2283 2431/4121/2283 2430/4125/2283
f 2418/4136/2284 2431/4121/2284 2424/4137/2284
f 2417/4138/2285 2452/4139/2285 2449/4140/2285
f 2422/4141/2286 2438/4112/2286 2434/4142/2286
f 2432/4143/2287 2428/4106/2287 2439/4108/2287
f 2447/4144/2288 2439/4108/2288 2446/4145/2288
f 2434/4142/2289 2445/4146/2289 2441/4147/2289
f 2433/4131/2290 2444/4148/2290 2440/4149/2290
f 2442/4150/2291 2436/4115/2291 2443/4151/2291
f 2443/4151/2292 2432/4117/2292 2447/4152/2292
f 2445/4146/2293 2435/4114/2293 2442/4153/2293
f 2437/4111/2294 2441/4154/2294 2444/4148/2294
f 2439/4108/2295 2440/4155/2295 2446/4145/2295
f 2446/4145/2296 2417/4156/2296 2427/4118/2296
f 2444/4148/2297 2421/4157/2297 2423/4158/2297
f 2429/4134/2298 2442/4153/2298 2419/4132/2298
f 2425/4159/2299 2447/4152/2299 2415/4160/2299
f 2419/4161/2300 2443/4151/2300 2425/4159/2300
f 2440/4149/2301 2423/4158/2301 2417/4138/2301
f 2441/4147/2302 2429/4134/2302 2421/4162/2302
f 2415/4127/2303 2446/4145/2303 2427/4118/2303
f 2456/4163/2304 2450/4164/2304 2453/4165/2304
f 2456/4163/2304 2448/4166/2304 2454/4167/2304
f 2449/4168/2304 2456/4163/2304 2454/4167/2304
f 2451/4169/2304 2456/4163/2304 2452/4170/2304
f 2421/4162/2305 2455/4133/2305 2451/4171/2305
f 2415/4160/2306 2453/4172/2306 2425/4159/2306
f 2423/4158/2307 2451/4173/2307 2452/4139/2307
f 2425/4159/2308 2450/4174/2308 2419/4161/2308
f 2470/4175/2309 2475/4176/2309 2481/4177/2309
f 2466/4178/2310 2476/4179/2310 2479/4180/2310
f 2480/4181/2311 2462/4182/2311 2477/4183/2311
f 2478/4184/2312 2458/4185/2312 2474/4186/2312
f 2469/4187/2313 2491/4188/2313 2496/4189/2313
f 2473/4190/2314 2458/4191/2314 2468/4192/2314
f 2473/4190/2315 2462/4193/2315 2472/4194/2315
f 2469/4187/2316 2490/4195/2316 2457/4196/2316
f 2477/4197/2317 2468/4198/2317 2478/4184/2317
f 2460/4199/2318 2479/4180/2318 2475/4200/2318
f 2461/4201/2319 2497/4202/2319 2471/4203/2319
f 2464/4204/2320 2473/4190/2320 2472/4194/2320
f 2460/4205/2321 2473/4190/2321 2466/4206/2321
f 2459/4207/2322 2494/4208/2322 2491/4209/2322
f 2464/4210/2323 2480/4181/2323 2476/4211/2323
f 2474/4212/2324 2470/4175/2324 2481/4177/2324
f 2489/4213/2325 2481/4177/2325 2488/4214/2325
f 2476/4211/2326 2487/4215/2326 2483/4216/2326
f 2475/4200/2327 2486/4217/2327 2482/4218/2327
f 2484/4219/2328 2478/4184/2328 2485/4220/2328
f 2485/4220/2329 2474/4186/2329 2489/4221/2329
f 2487/4215/2330 2477/4183/2330 2484/4222/2330
f 2479/4180/2331 2483/4223/2331 2486/4217/2331
f 2481/4177/2332 2482/4224/2332 2488/4214/2332
f 2488/4214/2333 2459/4225/2333 2469/4187/2333
f 2486/4217/2334 2463/4226/2334 2465/4227/2334
f 2471/4203/2335 2484/4222/2335 2461/4201/2335
f 2467/4228/2336 2489/4221/2336 2457/4229/2336
f 2461/4230/2337 2485/4220/2337 2467/4228/2337
f 2482/4218/2338 2465/4227/2338 2459/4207/2338
f 2483/4216/2339 2471/4203/2339 2463/4231/2339
f 2457/4196/2340 2488/4214/2340 2469/4187/2340
f 2498/4232/2341 2492/4233/2341 2495/4234/2341
f 2498/4232/2341 2490/4235/2341 2496/4236/2341
f 2491/4237/2341 2498/4232/2341 2496/4236/2341
f 2493/4238/2341 2498/4232/2341 2494/4239/2341
f 2463/4231/2342 2497/4202/2342 2493/4240/2342
f 2457/4229/2343 2495/4241/2343 2467/4228/2343
f 2465/4227/2344 2493/4242/2344 2494/4208/2344
f 2467/4228/2345 2492/4243/2345 2461/4230/2345
f 2512/4244/2346 2517/4245/2346 2523/4246/2346
f 2508/4247/2347 2518/4248/2347 2521/4249/2347
f 2522/4250/2348 2504/4251/2348 2519/4252/2348
f 2520/4253/2349 2500/4254/2349 2516/4255/2349
f 2511/4256/2350 2533/4257/2350 2538/4258/2350
f 2515/4259/2351 2500/4260/2351 2510/4261/2351
f 2515/4259/2352 2504/4262/2352 2514/4263/2352
f 2511/4256/2353 2532/4264/2353 2499/4265/2353
f 2519/4266/2354 2510/4267/2354 2520/4253/2354
f 2502/4268/2355 2521/4249/2355 2517/4269/2355
f 2503/4270/2356 2539/4271/2356 2513/4272/2356
f 2506/4273/2357 2515/4259/2357 2514/4263/2357
f 2502/4274/2358 2515/4259/2358 2508/4275/2358
f 2501/4276/2359 2536/4277/2359 2533/4278/2359
f 2506/4279/2360 2522/4250/2360 2518/4280/2360
f 2516/4281/2361 2512/4244/2361 2523/4246/2361
f 2531/4282/2362 2523/4246/2362 2530/4283/2362
f 2518/4280/2363 2529/4284/2363 2525/4285/2363
f 2517/4269/2364 2528/4286/2364 2524/4287/2364
f 2526/4288/2365 2520/4253/2365 2527/4289/2365
f 2527/4289/2366 2516/4255/2366 2531/4290/2366
f 2529/4284/2367 2519/4252/2367 2526/4291/2367
f 2521/4249/2368 2525/4292/2368 2528/4286/2368
f 2523/4246/2369 2524/4293/2369 2530/4283/2369
f 2530/4283/2370 2501/4294/2370 2511/4256/2370
f 2528/4286/2371 2505/4295/2371 2507/4296/2371
f 2513/4272/2372 2526/4291/2372 2503/4270/2372
f 2509/4297/2373 2531/4290/2373 2499/4298/2373
f 2503/4299/2374 2527/4289/2374 2509/4297/2374
f 2524/4287/2375 2507/4296/2375 2501/4276/2375
f 2525/4285/2376 2513/4272/2376 2505/4300/2376
f 2499/4265/2377 2530/4283/2377 2511/4256/2377
f 2540/4301/2378 2534/4302/2378 2537/4303/2378
f 2540/4301/2378 2532/4304/2378 2538/4305/2378
f 2533/4306/2378 2540/4301/2378 2538/4305/2378
f 2535/4307/2378 2540/4301/2378 2536/4308/2378
f 2505/4300/2379 2539/4271/2379 2535/4309/2379
f 2499/4298/2380 2537/4310/2380 2509/4297/2380
f 2507/4296/2381 2535/4311/2381 2536/4277/2381
f 2509/4297/2382 2534/4312/2382 2503/4299/2382
f 2554/4313/2383 2559/4314/2383 2565/4315/2383
f 2550/4316/2384 2560/4317/2384 2563/4318/2384
f 2564/4319/2385 2546/4320/2385 2561/4321/2385
f 2562/4322/2386 2542/4323/2386 2558/4324/2386
f 2553/4325/2387 2575/4326/2387 2580/4327/2387
f 2557/4328/2388 2542/4329/2388 2552/4330/2388
f 2557/4328/2389 2546/4331/2389 2556/4332/2389
f 2553/4325/2390 2574/4333/2390 2541/4334/2390
f 2561/4335/2391 2552/4336/2391 2562/4322/2391
f 2544/4337/2392 2563/4318/2392 2559/4338/2392
f 2545/4339/2393 2581/4340/2393 2555/4341/2393
f 2548/4342/2394 2557/4328/2394 2556/4332/2394
f 2544/4343/2395 2557/4328/2395 2550/4344/2395
f 2543/4345/2396 2578/4346/2396 2575/4347/2396
f 2548/4348/2397 2564/4319/2397 2560/4349/2397
f 2558/4350/2398 2554/4313/2398 2565/4315/2398
f 2573/4351/2399 2565/4315/2399 2572/4352/2399
f 2560/4349/2400 2571/4353/2400 2567/4354/2400
f 2559/4338/2401 2570/4355/2401 2566/4356/2401
f 2568/4357/2402 2562/4322/2402 2569/4358/2402
f 2569/4358/2403 2558/4324/2403 2573/4359/2403
f 2571/4353/2404 2561/4321/2404 2568/4360/2404
f 2563/4318/2405 2567/4361/2405 2570/4355/2405
f 2565/4315/2406 2566/4362/2406 2572/4352/2406
f 2572/4352/2407 2543/4363/2407 2553/4325/2407
f 2570/4355/2408 2547/4364/2408 2549/4365/2408
f 2555/4341/2409 2568/4360/2409 2545/4339/2409
f 2551/4366/2410 2573/4359/2410 2541/4367/2410
f 2545/4368/2411 2569/4358/2411 2551/4366/2411
f 2566/4356/2412 2549/4365/2412 2543/4345/2412
f 2567/4354/2413 2555/4341/2413 2547/4369/2413
f 2541/4334/2414 2572/4352/2414 2553/4325/2414
f 2582/4370/2415 2576/4371/2415 2579/4372/2415
f 2582/4370/2415 2574/4373/2415 2580/4374/2415
f 2575/4375/2415 2582/4370/2415 2580/4374/2415
f 2577/4376/2415 2582/4370/2415 2578/4377/2415
f 2547/4369/2416 2581/4340/2416 2577/4378/2416
f 2541/4367/2417 2579/4379/2417 2551/4366/2417
f 2549/4365/2418 2577/4380/2418 2578/4346/2418
f 2551/4366/2419 2576/4381/2419 2545/4368/2419
f 2596/4382/2420 2601/4383/2420 2607/4384/2420
f 2592/4385/2421 2602/4386/2421 2605/4387/2421
f 2606/4388/2422 2588/4389/2422 2603/4390/2422
f 2604/4391/2423 2584/4392/2423 2600/4393/2423
f 2595/4394/2424 2617/4395/2424 2622/4396/2424
f 2599/4397/2425 2584/4398/2425 2594/4399/2425
f 2599/4397/2425 2588/4400/2425 2598/4401/2425
f 2595/4394/2426 2616/4402/2426 2583/4403/2426
f 2603/4404/2427 2594/4405/2427 2604/4391/2427
f 2586/4406/2428 2605/4387/2428 2601/4407/2428
f 2587/4408/2429 2623/4409/2429 2597/4410/2429
f 2590/4411/2430 2599/4397/2430 2598/4401/2430
f 2586/4412/2431 2599/4397/2431 2592/4413/2431
f 2585/4414/2432 2620/4415/2432 2617/4416/2432
f 2590/4417/2433 2606/4388/2433 2602/4418/2433
f 2600/4419/2434 2596/4382/2434 2607/4384/2434
f 2615/4420/2435 2607/4384/2435 2614/4421/2435
f 2602/4418/2436 2613/4422/2436 2609/4423/2436
f 2601/4407/2437 2612/4424/2437 2608/4425/2437
f 2610/4426/2438 2604/4391/2438 2611/4427/2438
f 2611/4427/2439 2600/4393/2439 2615/4428/2439
f 2613/4422/2440 2603/4390/2440 2610/4429/2440
f 2605/4387/2441 2609/4430/2441 2612/4424/2441
f 2607/4384/2442 2608/4431/2442 2614/4421/2442
f 2614/4421/2443 2585/4432/2443 2595/4394/2443
f 2612/4424/2444 2589/4433/2444 2591/4434/2444
f 2597/4410/2445 2610/4429/2445 2587/4408/2445
f 2593/4435/2446 2615/4428/2446 2583/4436/2446
f 2587/4437/2447 2611/4427/2447 2593/4435/2447
f 2608/4425/2448 2591/4434/2448 2585/4414/2448
f 2609/4423/2449 2597/4410/2449 2589/4438/2449
f 2583/4403/2450 2614/4421/2450 2595/4394/2450
f 2624/4439/2451 2618/4440/2451 2621/4441/2451
f 2624/4439/2451 2616/4442/2451 2622/4443/2451
f 2617/4444/2451 2624/4439/2451 2622/4443/2451
f 2619/4445/2451 2624/4439/2451 2620/4446/2451
f 2589/4438/2452 2623/4409/2452 2619/4447/2452
f 2583/4436/2453 2621/4448/2453 2593/4435/2453
f 2591/4434/2454 2619/4449/2454 2620/4415/2454
f 2593/4435/2455 2618/4450/2455 2587/4437/2455
f 2638/4451/2456 2643/4452/2456 2649/4453/2456
f 2634/4454/2457 2644/4455/2457 2647/4456/2457
f 2648/4457/2458 2630/4458/2458 2645/4459/2458
f 2646/4460/2459 2626/4461/2459 2642/4462/2459
f 2637/4463/2460 2659/4464/2460 2664/4465/2460
f 2641/4466/2461 2626/4467/2461 2636/4468/2461
f 2641/4466/2462 2630/4469/2462 2640/4470/2462
f 2637/4463/2463 2658/4471/2463 2625/4472/2463
f 2645/4473/2464 2636/4474/2464 2646/4460/2464
f 2628/4475/2465 2647/4456/2465 2643/4476/2465
f 2629/4477/2466 2665/4478/2466 2639/4479/2466
f 2632/4480/2461 2641/4466/2461 2640/4470/2461
f 2628/4481/2467 2641/4466/2467 2634/4482/2467
f 2627/4483/2468 2662/4484/2468 2659/4485/2468
f 2632/4486/2469 2648/4457/2469 2644/4487/2469
f 2642/4488/2470 2638/4451/2470 2649/4453/2470
f 2657/4489/2471 2649/4453/2471 2656/4490/2471
f 2644/4487/2472 2655/4491/2472 2651/4492/2472
f 2643/4476/2473 2654/4493/2473 2650/4494/2473
f 2652/4495/2474 2646/4460/2474 2653/4496/2474
f 2653/4496/2475 2642/4462/2475 2657/4497/2475
f 2655/4491/2476 2645/4459/2476 2652/4498/2476
f 2647/4456/2477 2651/4499/2477 2654/4493/2477
f 2649/4453/2478 2650/4500/2478 2656/4490/2478
f 2656/4490/2479 2627/4501/2479 2637/4463/2479
f 2654/4493/2480 2631/4502/2480 2633/4503/2480
f 2639/4479/2481 2652/4498/2481 2629/4477/2481
f 2635/4504/2482 2657/4497/2482 2625/4505/2482
f 2629/4506/2483 2653/4496/2483 2635/4504/2483
f 2650/4494/2484 2633/4503/2484 2627/4483/2484
f 2651/4492/2485 2639/4479/2485 2631/4507/2485
f 2625/4472/2486 2656/4490/2486 2637/4463/2486
f 2666/4508/2487 2660/4509/2487 2663/4510/2487
f 2666/4508/2487 2658/4511/2487 2664/4512/2487
f 2659/4513/2487 2666/4508/2487 2664/4512/2487
f 2661/4514/2487 2666/4508/2487 2662/4515/2487
f 2631/4507/2488 2665/4478/2488 2661/4516/2488
f 2625/4505/2489 2663/4517/2489 2635/4504/2489
f 2633/4503/2490 2661/4518/2490 2662/4484/2490
f 2635/4504/2491 2660/4519/2491 2629/4506/2491
f 2680/4520/2492 2685/4521/2492 2691/4522/2492
f 2676/4523/2493 2686/4524/2493 2689/4525/2493
f 2690/4526/2494 2672/4527/2494 2687/4528/2494
f 2688/4529/2495 2668/4530/2495 2684/4531/2495
f 2679/4532/2496 2701/4533/2496 2706/4534/2496
f 2683/4535/2497 2668/4536/2497 2678/4537/2497
f 2683/4535/2498 2672/4538/2498 2682/4539/2498
f 2679/4532/2499 2700/4540/2499 2667/4541/2499
f 2687/4542/2500 2678/4543/2500 2688/4529/2500
f 2670/4544/2501 2689/4525/2501 2685/4545/2501
f 2671/4546/2502 2707/4547/2502 2681/4548/2502
f 2674/4549/2503 2683/4535/2503 2682/4539/2503
f 2670/4550/2504 2683/4535/2504 2676/4551/2504
f 2669/4552/2505 2704/4553/2505 2701/4554/2505
f 2674/4555/2506 2690/4526/2506 2686/4556/2506
f 2684/4557/2507 2680/4520/2507 2691/4522/2507
f 2699/4558/2508 2691/4522/2508 2698/4559/2508
f 2686/4556/2509 2697/4560/2509 2693/4561/2509
f 2685/4545/2510 2696/4562/2510 2692/4563/2510
f 2694/4564/2511 2688/4529/2511 2695/4565/2511
f 2695/4565/2512 2684/4531/2512 2699/4566/2512
f 2697/4560/2513 2687/4528/2513 2694/4567/2513
f 2689/4525/2514 2693/4568/2514 2696/4562/2514
f 2691/4522/2515 2692/4569/2515 2698/4559/2515
f 2698/4559/2516 2669/4570/2516 2679/4532/2516
f 2696/4562/2517 2673/4571/2517 2675/4572/2517
f 2681/4548/2518 2694/4567/2518 2671/4546/2518
f 2677/4573/2519 2699/4566/2519 2667/4574/2519
f 2671/4575/2520 2695/4565/2520 2677/4573/2520
f 2692/4563/2521 2675/4572/2521 2669/4552/2521
f 2693/4561/2522 2681/4548/2522 2673/4576/2522
f 2667/4541/2523 2698/4559/2523 2679/4532/2523
f 2708/4577/2524 2702/4578/2524 2705/4579/2524
f 2708/4577/2524 2700/4580/2524 2706/4581/2524
f 2701/4582/2524 2708/4577/2524 2706/4581/2524
f 2703/4583/2524 2708/4577/2524 2704/4584/2524
f 2673/4576/2525 2707/4547/2525 2703/4585/2525
f 2667/4574/2526 2705/4586/2526 2677/4573/2526
f 2675/4572/2527 2703/4587/2527 2704/4553/2527
f 2677/4573/2528 2702/4588/2528 2671/4575/2528
f 2722/4589/2529 2727/4590/2529 2733/4591/2529
f 2718/4592/2530 2728/4593/2530 2731/4594/2530
f 2732/4595/2531 2714/4596/2531 2729/4597/2531
f 2730/4598/2532 2710/4599/2532 2726/4600/2532
f 2721/4601/2533 2743/4602/2533 2748/4603/2533
f 2725/4604/2534 2710/4605/2534 2720/4606/2534
f 2725/4604/2535 2714/4607/2535 2724/4608/2535
f 2721/4601/2536 2742/4609/2536 2709/4610/2536
f 2729/4611/2537 2720/4612/2537 2730/4598/2537
f 2712/4613/2538 2731/4594/2538 2727/4614/2538
f 2713/4615/2539 2749/4616/2539 2723/4617/2539
f 2716/4618/2540 2725/4604/2540 2724/4608/2540
f 2712/4619/2540 2725/4604/2540 2718/4620/2540
f 2711/4621/2541 2746/4622/2541 2743/4623/2541
f 2716/4624/2542 2732/4595/2542 2728/4625/2542
f 2726/4626/2543 2722/4589/2543 2733/4591/2543
f 2741/4627/2544 2733/4591/2544 2740/4628/2544
f 2728/4625/2545 2739/4629/2545 2735/4630/2545
f 2727/4614/2546 2738/4631/2546 2734/4632/2546
f 2736/4633/2547 2730/4598/2547 2737/4634/2547
f 2737/4634/2548 2726/4600/2548 2741/4635/2548
f 2739/4629/2549 2729/4597/2549 2736/4636/2549
f 2731/4594/2550 2735/4637/2550 2738/4631/2550
f 2733/4591/2551 2734/4638/2551 2740/4628/2551
f 2740/4628/2552 2711/4639/2552 2721/4601/2552
f 2738/4631/2553 2715/4640/2553 2717/4641/2553
f 2723/4617/2554 2736/4636/2554 2713/4615/2554
f 2719/4642/2555 2741/4635/2555 2709/4643/2555
f 2713/4644/2556 2737/4634/2556 2719/4642/2556
f 2734/4632/2557 2717/4641/2557 2711/4621/2557
f 2735/4630/2558 2723/4617/2558 2715/4645/2558
f 2709/4610/2559 2740/4628/2559 2721/4601/2559
f 2750/4646/2560 2744/4647/2560 2747/4648/2560
f 2750/4646/2560 2742/4649/2560 2748/4650/2560
f 2743/4651/2560 2750/4646/2560 2748/4650/2560
f 2745/4652/2560 2750/4646/2560 2746/4653/2560
f 2715/4645/2561 2749/4616/2561 2745/4654/2561
f 2709/4643/2562 2747/4655/2562 2719/4642/2562
f 2717/4641/2563 2745/4656/2563 2746/4622/2563
f 2719/4642/2564 2744/4657/2564 2713/4644/2564
f 2764/4658/2565 2769/4659/2565 2775/4660/2565
f 2760/4661/2566 2770/4662/2566 2773/4663/2566
f 2774/4664/2567 2756/4665/2567 2771/4666/2567
f 2772/4667/2568 2752/4668/2568 2768/4669/2568
f 2763/4670/2569 2785/4671/2569 2790/4672/2569
f 2767/4673/2570 2752/4674/2570 2762/4675/2570
f 2767/4673/2571 2756/4676/2571 2766/4677/2571
f 2763/4670/2572 2784/4678/2572 2751/4679/2572
f 2771/4680/2573 2762/4681/2573 2772/4667/2573
f 2754/4682/2574 2773/4663/2574 2769/4683/2574
f 2755/4684/2575 2791/4685/2575 2765/4686/2575
f 2758/4687/2576 2767/4673/2576 2766/4677/2576
f 2754/4688/2577 2767/4673/2577 2760/4689/2577
f 2753/4690/2578 2788/4691/2578 2785/4692/2578
f 2758/4693/2579 2774/4664/2579 2770/4694/2579
f 2768/4695/2580 2764/4658/2580 2775/4660/2580
f 2783/4696/2581 2775/4660/2581 2782/4697/2581
f 2770/4694/2582 2781/4698/2582 2777/4699/2582
f 2769/4683/2583 2780/4700/2583 2776/4701/2583
f 2778/4702/2584 2772/4667/2584 2779/4703/2584
f 2779/4703/2585 2768/4669/2585 2783/4704/2585
f 2781/4698/2586 2771/4666/2586 2778/4705/2586
f 2773/4663/2587 2777/4706/2587 2780/4700/2587
f 2775/4660/2588 2776/4707/2588 2782/4697/2588
f 2782/4697/2589 2753/4708/2589 2763/4670/2589
f 2780/4700/2590 2757/4709/2590 2759/4710/2590
f 2765/4686/2591 2778/4705/2591 2755/4684/2591
f 2761/4711/2592 2783/4704/2592 2751/4712/2592
f 2755/4713/2593 2779/4703/2593 2761/4711/2593
f 2776/4701/2594 2759/4710/2594 2753/4690/2594
f 2777/4699/2595 2765/4686/2595 2757/4714/2595
f 2751/4679/2596 2782/4697/2596 2763/4670/2596
f 2792/4715/2597 2786/4716/2597 2789/4717/2597
f 2792/4715/2597 2784/4718/2597 2790/4719/2597
f 2785/4720/2597 2792/4715/2597 2790/4719/2597
f 2787/4721/2597 2792/4715/2597 2788/4722/2597
f 2757/4714/2598 2791/4685/2598 2787/4723/2598
f 2751/4712/2599 2789/4724/2599 2761/4711/2599
f 2759/4710/2600 2787/4725/2600 2788/4691/2600
f 2761/4711/2601 2786/4726/2601 2755/4713/2601
f 2806/4727/2602 2811/4728/2602 2817/4729/2602
f 2802/4730/2603 2812/4731/2603 2815/4732/2603
f 2816/4733/2604 2798/4734/2604 2813/4735/2604
f 2814/4736/2605 2794/4737/2605 2810/4738/2605
f 2805/4739/2606 2827/4740/2606 2832/4741/2606
f 2809/4742/2607 2794/4743/2607 2804/4744/2607
f 2809/4742/2608 2798/4745/2608 2808/4746/2608
f 2805/4739/2609 2826/4747/2609 2793/4748/2609
f 2813/4749/2610 2804/4750/2610 2814/4736/2610
f 2796/4751/2611 2815/4732/2611 2811/4752/2611
f 2797/4753/2612 2833/4754/2612 2807/4755/2612
f 2800/4756/2613 2809/4742/2613 2808/4746/2613
f 2796/4757/2614 2809/4742/2614 2802/4758/2614
f 2795/4759/2615 2830/4760/2615 2827/4761/2615
f 2800/4762/2616 2816/4733/2616 2812/4763/2616
f 2810/4764/2617 2806/4727/2617 2817/4729/2617
f 2825/4765/2618 2817/4729/2618 2824/4766/2618
f 2812/4763/2619 2823/4767/2619 2819/4768/2619
f 2811/4752/2620 2822/4769/2620 2818/4770/2620
f 2820/4771/2621 2814/4736/2621 2821/4772/2621
f 2821/4772/2622 2810/4738/2622 2825/4773/2622
f 2823/4767/2623 2813/4735/2623 2820/4774/2623
f 2815/4732/2624 2819/4775/2624 2822/4769/2624
f 2817/4729/2625 2818/4776/2625 2824/4766/2625
f 2824/4766/2626 2795/4777/2626 2805/4739/2626
f 2822/4769/2627 2799/4778/2627 2801/4779/2627
f 2807/4755/2628 2820/4774/2628 2797/4753/2628
f 2803/4780/2629 2825/4773/2629 2793/4781/2629
f 2797/4782/2630 2821/4772/2630 2803/4780/2630
f 2818/4770/2631 2801/4779/2631 2795/4759/2631
f 2819/4768/2632 2807/4755/2632 2799/4783/2632
f 2793/4748/2633 2824/4766/2633 2805/4739/2633
f 2834/4784/2634 2828/4785/2634 2831/4786/2634
f 2834/4784/2634 2826/4787/2634 2832/4788/2634
f 2827/4789/2634 2834/4784/2634 2832/4788/2634
f 2829/4790/2634 2834/4784/2634 2830/4791/2634
f 2799/4783/2635 2833/4754/2635 2829/4792/2635
f 2793/4781/2636 2831/4793/2636 2803/4780/2636
f 2801/4779/2637 2829/4794/2637 2830/4760/2637
f 2803/4780/2638 2828/4795/2638 2797/4782/2638
f 2848/4796/2639 2853/4797/2639 2859/4798/2639
f 2844/4799/2640 2854/4800/2640 2857/4801/2640
f 2858/4802/2641 2840/4803/2641 2855/4804/2641
f 2856/4805/2642 2836/4806/2642 2852/4807/2642
f 2847/4808/2643 2869/4809/2643 2874/4810/2643
f 2851/4811/2644 2836/4812/2644 2846/4813/2644
f 2851/4811/2645 2840/4814/2645 2850/4815/2645
f 2847/4808/2646 2868/4816/2646 2835/4817/2646
f 2855/4818/2647 2846/4819/2647 2856/4805/2647
f 2838/4820/2648 2857/4801/2648 2853/4821/2648
f 2839/4822/2649 2875/4823/2649 2849/4824/2649
f 2842/4825/2650 2851/4811/2650 2850/4815/2650
f 2838/4826/2651 2851/4811/2651 2844/4827/2651
f 2837/4828/2652 2872/4829/2652 2869/4830/2652
f 2842/4831/2653 2858/4802/2653 2854/4832/2653
f 2852/4833/2654 2848/4796/2654 2859/4798/2654
f 2867/4834/2655 2859/4798/2655 2866/4835/2655
f 2854/4832/2656 2865/4836/2656 2861/4837/2656
f 2853/4821/2657 2864/4838/2657 2860/4839/2657
f 2862/4840/2658 2856/4805/2658 2863/4841/2658
f 2863/4841/2659 2852/4807/2659 2867/4842/2659
f 2865/4836/2660 2855/4804/2660 2862/4843/2660
f 2857/4801/2661 2861/4844/2661 2864/4838/2661
f 2859/4798/2662 2860/4845/2662 2866/4835/2662
f 2866/4835/2663 2837/4846/2663 2847/4808/2663
f 2864/4838/2664 2841/4847/2664 2843/4848/2664
f 2849/4824/2665 2862/4843/2665 2839/4822/2665
f 2845/4849/2666 2867/4842/2666 2835/4850/2666
f 2839/4851/2667 2863/4841/2667 2845/4849/2667
f 2860/4839/2668 2843/4848/2668 2837/4828/2668
f 2861/4837/2669 2849/4824/2669 2841/4852/2669
f 2835/4817/2670 2866/4835/2670 2847/4808/2670
f 2876/4853/2671 2870/4854/2671 2873/4855/2671
f 2876/4853/2672 2868/4856/2672 2874/4857/2672
f 2869/4858/2671 2876/4853/2671 2874/4857/2671
f 2871/4859/2672 2876/4853/2672 2872/4860/2672
f 2841/4852/2673 2875/4823/2673 2871/4861/2673
f 2835/4850/2674 2873/4862/2674 2845/4849/2674
f 2843/4848/2675 2871/4863/2675 2872/4829/2675
f 2845/4849/2676 2870/4864/2676 2839/4851/2676
f 2890/4865/2677 2895/4866/2677 2901/4867/2677
f 2886/4868/2678 2896/4869/2678 2899/4870/2678
f 2900/4871/2679 2882/4872/2679 2897/4873/2679
f 2898/4874/2680 2878/4875/2680 2894/4876/2680
f 2889/4877/2681 2911/4878/2681 2916/4879/2681
f 2893/4880/2682 2878/4881/2682 2888/4882/2682
f 2893/4880/2683 2882/4883/2683 2892/4884/2683
f 2889/4877/2684 2910/4885/2684 2877/4886/2684
f 2897/4887/2685 2888/4888/2685 2898/4874/2685
f 2880/4889/2686 2899/4870/2686 2895/4890/2686
f 2881/4891/2687 2917/4892/2687 2891/4893/2687
f 2884/4894/2682 2893/4880/2682 2892/4884/2682
f 2880/4895/2688 2893/4880/2688 2886/4896/2688
f 2879/4897/2689 2914/4898/2689 2911/4899/2689
f 2884/4900/2690 2900/4871/2690 2896/4901/2690
f 2894/4902/2691 2890/4865/2691 2901/4867/2691
f 2909/4903/2692 2901/4867/2692 2908/4904/2692
f 2896/4901/2693 2907/4905/2693 2903/4906/2693
f 2895/4890/2694 2906/4907/2694 2902/4908/2694
f 2904/4909/2695 2898/4874/2695 2905/4910/2695
f 2905/4910/2696 2894/4876/2696 2909/4911/2696
f 2907/4905/2697 2897/4873/2697 2904/4912/2697
f 2899/4870/2698 2903/4913/2698 2906/4907/2698
f 2901/4867/2699 2902/4914/2699 2908/4904/2699
f 2908/4904/2700 2879/4915/2700 2889/4877/2700
f 2906/4907/2701 2883/4916/2701 2885/4917/2701
f 2891/4893/2702 2904/4912/2702 2881/4891/2702
f 2887/4918/2703 2909/4911/2703 2877/4919/2703
f 2881/4920/2704 2905/4910/2704 2887/4918/2704
f 2902/4908/2705 2885/4917/2705 2879/4897/2705
f 2903/4906/2706 2891/4893/2706 2883/4921/2706
f 2877/4886/2707 2908/4904/2707 2889/4877/2707
f 2918/4922/2708 2912/4923/2708 2915/4924/2708
f 2918/4922/2708 2910/4925/2708 2916/4926/2708
f 2911/4927/2709 2918/4922/2709 2916/4926/2709
f 2913/4928/2708 2918/4922/2708 2914/4929/2708
f 2883/4921/2710 2917/4892/2710 2913/4930/2710
f 2877/4919/2711 2915/4931/2711 2887/4918/2711
f 2885/4917/2712 2913/4932/2712 2914/4898/2712
f 2887/4918/2713 2912/4933/2713 2881/4920/2713
f 2932/4934/2714 2937/4935/2714 2943/4936/2714
f 2928/4937/2715 2938/4938/2715 2941/4939/2715
f 2942/4940/2716 2924/4941/2716 2939/4942/2716
f 2940/4943/2717 2920/4944/2717 2936/4945/2717
f 2931/4946/2718 2953/4947/2718 2958/4948/2718
f 2935/4949/2719 2920/4950/2719 2930/4951/2719
f 2935/4949/2720 2924/4952/2720 2934/4953/2720
f 2931/4946/2721 2952/4954/2721 2919/4955/2721
f 2939/4956/2722 2930/4957/2722 2940/4943/2722
f 2922/4958/2723 2941/4939/2723 2937/4959/2723
f 2923/4960/2724 2959/4961/2724 2933/4962/2724
f 2926/4963/2725 2935/4949/2725 2934/4953/2725
f 2922/4964/2720 2935/4949/2720 2928/4965/2720
f 2921/4966/2726 2956/4967/2726 2953/4968/2726
f 2926/4969/2727 2942/4940/2727 2938/4970/2727
f 2936/4971/2728 2932/4934/2728 2943/4936/2728
f 2951/4972/2729 2943/4936/2729 2950/4973/2729
f 2938/4970/2730 2949/4974/2730 2945/4975/2730
f 2937/4959/2731 2948/4976/2731 2944/4977/2731
f 2946/4978/2732 2940/4943/2732 2947/4979/2732
f 2947/4979/2733 2936/4945/2733 2951/4980/2733
f 2949/4974/2734 2939/4942/2734 2946/4981/2734
f 2941/4939/2735 2945/4982/2735 2948/4976/2735
f 2943/4936/2736 2944/4983/2736 2950/4973/2736
f 2950/4973/2737 2921/4984/2737 2931/4946/2737
f 2948/4976/2738 2925/4985/2738 2927/4986/2738
f 2933/4962/2739 2946/4981/2739 2923/4960/2739
f 2929/4987/2740 2951/4980/2740 2919/4988/2740
f 2923/4989/2741 2947/4979/2741 2929/4987/2741
f 2944/4977/2742 2927/4986/2742 2921/4966/2742
f 2945/4975/2743 2933/4962/2743 2925/4990/2743
f 2919/4955/2744 2950/4973/2744 2931/4946/2744
f 2960/4991/2745 2954/4992/2745 2957/4993/2745
f 2960/4991/2745 2952/4994/2745 2958/4995/2745
f 2953/4996/2745 2960/4991/2745 2958/4995/2745
f 2955/4997/2745 2960/4991/2745 2956/4998/2745
f 2925/4990/2746 2959/4961/2746 2955/4999/2746
f 2919/4988/2747 2957/5000/2747 2929/4987/2747
f 2927/4986/2748 2955/5001/2748 2956/4967/2748
f 2929/4987/2749 2954/5002/2749 2923/4989/2749
f 2974/5003/2750 2979/5004/2750 2985/5005/2750
f 2970/5006/2751 2980/5007/2751 2983/5008/2751
f 2984/5009/2752 2966/5010/2752 2981/5011/2752
f 2982/5012/2753 2962/5013/2753 2978/5014/2753
f 2973/5015/2754 2995/5016/2754 3000/5017/2754
f 2977/5018/2755 2962/5019/2755 2972/5020/2755
f 2977/5018/2756 2966/5021/2756 2976/5022/2756
f 2973/5015/2757 2994/5023/2757 2961/5024/2757
f 2981/5025/2758 2972/5026/2758 2982/5012/2758
f 2964/5027/2759 2983/5008/2759 2979/5028/2759
f 2965/5029/2760 3001/5030/2760 2975/5031/2760
f 2968/5032/2761 2977/5018/2761 2976/5022/2761
f 2964/5033/2762 2977/5018/2762 2970/5034/2762
f 2963/5035/2763 2998/5036/2763 2995/5037/2763
f 2968/5038/2764 2984/5009/2764 2980/5039/2764
f 2978/5040/2765 2974/5003/2765 2985/5005/2765
f 2993/5041/2766 2985/5005/2766 2992/5042/2766
f 2980/5039/2767 2991/5043/2767 2987/5044/2767
f 2979/5028/2768 2990/5045/2768 2986/5046/2768
f 2988/5047/2769 2982/5012/2769 2989/5048/2769
f 2989/5048/2770 2978/5014/2770 2993/5049/2770
f 2991/5043/2771 2981/5011/2771 2988/5050/2771
f 2983/5008/2772 2987/5051/2772 2990/5045/2772
f 2985/5005/2773 2986/5052/2773 2992/5042/2773
f 2992/5042/2774 2963/5053/2774 2973/5015/2774
f 2990/5045/2775 2967/5054/2775 2969/5055/2775
f 2975/5031/2776 2988/5050/2776 2965/5029/2776
f 2971/5056/2777 2993/5049/2777 2961/5057/2777
f 2965/5058/2778 2989/5048/2778 2971/5056/2778
f 2986/5046/2779 2969/5055/2779 2963/5035/2779
f 2987/5044/2780 2975/5031/2780 2967/5059/2780
f 2961/5024/2781 2992/5042/2781 2973/5015/2781
f 3002/5060/2782 2996/5061/2782 2999/5062/2782
f 3002/5060/2782 2994/5063/2782 3000/5064/2782
f 2995/5065/2782 3002/5060/2782 3000/5064/2782
f 2997/5066/2782 3002/5060/2782 2998/5067/2782
f 2967/5059/2783 3001/5030/2783 2997/5068/2783
f 2961/5057/2784 2999/5069/2784 2971/5056/2784
f 2969/5055/2785 2997/5070/2785 2998/5036/2785
f 2971/5056/2786 2996/5071/2786 2965/5058/2786
f 3016/5072/2787 3021/5073/2787 3027/5074/2787
f 3012/5075/2788 3022/5076/2788 3025/5077/2788
f 3026/5078/2789 3008/5079/2789 3023/5080/2789
f 3024/5081/2790 3004/5082/2790 3020/5083/2790
f 3015/5084/2791 3037/5085/2791 3042/5086/2791
f 3019/5087/2792 3004/5088/2792 3014/5089/2792
f 3019/5087/2792 3008/5090/2792 3018/5091/2792
f 3015/5084/2793 3036/5092/2793 3003/5093/2793
f 3023/5094/2794 3014/5095/2794 3024/5081/2794
f 3006/5096/2795 3025/5077/2795 3021/5097/2795
f 3007/5098/2796 3043/5099/2796 3017/5100/2796
f 3010/5101/2797 3019/5087/2797 3018/5091/2797
f 3006/5102/2798 3019/5087/2798 3012/5103/2798
f 3005/5104/2799 3040/5105/2799 3037/5106/2799
f 3010/5107/2800 3026/5078/2800 3022/5108/2800
f 3020/5109/2801 3016/5072/2801 3027/5074/2801
f 3035/5110/2802 3027/5074/2802 3034/5111/2802
f 3022/5108/2803 3033/5112/2803 3029/5113/2803
f 3021/5097/2804 3032/5114/2804 3028/5115/2804
f 3030/5116/2805 3024/5081/2805 3031/5117/2805
f 3031/5117/2806 3020/5083/2806 3035/5118/2806
f 3033/5112/2807 3023/5080/2807 3030/5119/2807
f 3025/5077/2808 3029/5120/2808 3032/5114/2808
f 3027/5074/2809 3028/5121/2809 3034/5111/2809
f 3034/5111/2810 3005/5122/2810 3015/5084/2810
f 3032/5114/2811 3009/5123/2811 3011/5124/2811
f 3017/5100/2812 3030/5119/2812 3007/5098/2812
f 3013/5125/2813 3035/5118/2813 3003/5126/2813
f 3007/5127/2814 3031/5117/2814 3013/5125/2814
f 3028/5115/2815 3011/5124/2815 3005/5104/2815
f 3029/5113/2816 3017/5100/2816 3009/5128/2816
f 3003/5093/2817 3034/5111/2817 3015/5084/2817
f 3044/5129/2818 3038/5130/2818 3041/5131/2818
f 3044/5129/2818 3036/5132/2818 3042/5133/2818
f 3037/5134/2818 3044/5129/2818 3042/5133/2818
f 3039/5135/2818 3044/5129/2818 3040/5136/2818
f 3009/5128/2819 3043/5099/2819 3039/5137/2819
f 3003/5126/2820 3041/5138/2820 3013/5125/2820
f 3011/5124/2821 3039/5139/2821 3040/5105/2821
f 3013/5125/2822 3038/5140/2822 3007/5127/2822
f 3058/5141/2823 3063/5142/2823 3069/5143/2823
f 3054/5144/2824 3064/5145/2824 3067/5146/2824
f 3068/5147/2825 3050/5148/2825 3065/5149/2825
f 3066/5150/2826 3046/5151/2826 3062/5152/2826
f 3057/5153/2827 3079/5154/2827 3084/5155/2827
f 3061/5156/2828 3046/5157/2828 3056/5158/2828
f 3061/5156/2829 3050/5159/2829 3060/5160/2829
f 3057/5153/2830 3078/5161/2830 3045/5162/2830
f 3065/5163/2831 3056/5164/2831 3066/5150/2831
f 3048/5165/2832 3067/5146/2832 3063/5166/2832
f 3049/5167/2833 3085/5168/2833 3059/5169/2833
f 3052/5170/2834 3061/5156/2834 3060/5160/2834
f 3048/5171/2835 3061/5156/2835 3054/5172/2835
f 3047/5173/2836 3082/5174/2836 3079/5175/2836
f 3052/5176/2837 3068/5147/2837 3064/5177/2837
f 3062/5178/2838 3058/5141/2838 3069/5143/2838
f 3077/5179/2839 3069/5143/2839 3076/5180/2839
f 3064/5177/2840 3075/5181/2840 3071/5182/2840
f 3063/5166/2841 3074/5183/2841 3070/5184/2841
f 3072/5185/2842 3066/5150/2842 3073/5186/2842
f 3073/5186/2843 3062/5152/2843 3077/5187/2843
f 3075/5181/2844 3065/5149/2844 3072/5188/2844
f 3067/5146/2845 3071/5189/2845 3074/5183/2845
f 3069/5143/2846 3070/5190/2846 3076/5180/2846
f 3076/5180/2847 3047/5191/2847 3057/5153/2847
f 3074/5183/2848 3051/5192/2848 3053/5193/2848
f 3059/5169/2849 3072/5188/2849 3049/5167/2849
f 3055/5194/2850 3077/5187/2850 3045/5195/2850
f 3049/5196/2851 3073/5186/2851 3055/5194/2851
f 3070/5184/2852 3053/5193/2852 3047/5173/2852
f 3071/5182/2853 3059/5169/2853 3051/5197/2853
f 3045/5162/2854 3076/5180/2854 3057/5153/2854
f 3086/5198/2855 3080/5199/2855 3083/5200/2855
f 3086/5198/2855 3078/5201/2855 3084/5202/2855
f 3079/5203/2855 3086/5198/2855 3084/5202/2855
f 3081/5204/2855 3086/5198/2855 3082/5205/2855
f 3051/5197/2856 3085/5168/2856 3081/5206/2856
f 3045/5195/2857 3083/5207/2857 3055/5194/2857
f 3053/5193/2858 3081/5208/2858 3082/5174/2858
f 3055/5194/2859 3080/5209/2859 3049/5196/2859
f 3100/5210/2860 3105/5211/2860 3111/5212/2860
f 3096/5213/2861 3106/5214/2861 3109/5215/2861
f 3110/5216/2862 3092/5217/2862 3107/5218/2862
f 3108/5219/2863 3088/5220/2863 3104/5221/2863
f 3099/5222/2864 3121/5223/2864 3126/5224/2864
f 3103/5225/2865 3088/5226/2865 3098/5227/2865
f 3103/5225/2866 3092/5228/2866 3102/5229/2866
f 3099/5222/2867 3120/5230/2867 3087/5231/2867
f 3107/5232/2868 3098/5233/2868 3108/5219/2868
f 3090/5234/2869 3109/5215/2869 3105/5235/2869
f 3091/5236/2870 3127/5237/2870 3101/5238/2870
f 3094/5239/2871 3103/5225/2871 3102/5229/2871
f 3090/5240/2872 3103/5225/2872 3096/5241/2872
f 3089/5242/2873 3124/5243/2873 3121/5244/2873
f 3094/5245/2874 3110/5216/2874 3106/5246/2874
f 3104/5247/2875 3100/5210/2875 3111/5212/2875
f 3119/5248/2876 3111/5212/2876 3118/5249/2876
f 3106/5246/2877 3117/5250/2877 3113/5251/2877
f 3105/5235/2878 3116/5252/2878 3112/5253/2878
f 3114/5254/2879 3108/5219/2879 3115/5255/2879
f 3115/5255/2880 3104/5221/2880 3119/5256/2880
f 3117/5250/2881 3107/5218/2881 3114/5257/2881
f 3109/5215/2882 3113/5258/2882 3116/5252/2882
f 3111/5212/2883 3112/5259/2883 3118/5249/2883
f 3118/5249/2884 3089/5260/2884 3099/5222/2884
f 3116/5252/2885 3093/5261/2885 3095/5262/2885
f 3101/5238/2886 3114/5257/2886 3091/5236/2886
f 3097/5263/2887 3119/5256/2887 3087/5264/2887
f 3091/5265/2888 3115/5255/2888 3097/5263/2888
f 3112/5253/2889 3095/5262/2889 3089/5242/2889
f 3113/5251/2890 3101/5238/2890 3093/5266/2890
f 3087/5231/2891 3118/5249/2891 3099/5222/2891
f 3128/5267/2892 3122/5268/2892 3125/5269/2892
f 3128/5267/2892 3120/5270/2892 3126/5271/2892
f 3121/5272/2892 3128/5267/2892 3126/5271/2892
f 3123/5273/2892 3128/5267/2892 3124/5274/2892
f 3093/5266/2893 3127/5237/2893 3123/5275/2893
f 3087/5264/2894 3125/5276/2894 3097/5263/2894
f 3095/5262/2895 3123/5277/2895 3124/5243/2895
f 3097/5263/2896 3122/5278/2896 3091/5265/2896
f 3142/5279/2897 3147/5280/2897 3153/5281/2897
f 3138/5282/2898 3148/5283/2898 3151/5284/2898
f 3152/5285/2899 3134/5286/2899 3149/5287/2899
f 3150/5288/2900 3130/5289/2900 3146/5290/2900
f 3141/5291/2901 3163/5292/2901 3168/5293/2901
f 3145/5294/2902 3130/5295/2902 3140/5296/2902
f 3145/5294/2903 3134/5297/2903 3144/5298/2903
f 3141/5291/2904 3162/5299/2904 3129/5300/2904
f 3149/5301/2905 3140/5302/2905 3150/5288/2905
f 3132/5303/2906 3151/5284/2906 3147/5304/2906
f 3133/5305/2907 3169/5306/2907 3143/5307/2907
f 3136/5308/2908 3145/5294/2908 3144/5298/2908
f 3132/5309/2909 3145/5294/2909 3138/5310/2909
f 3131/5311/2910 3166/5312/2910 3163/5313/2910
f 3136/5314/2911 3152/5285/2911 3148/5315/2911
f 3146/5316/2912 3142/5279/2912 3153/5281/2912
f 3161/5317/2913 3153/5281/2913 3160/5318/2913
f 3148/5315/2914 3159/5319/2914 3155/5320/2914
f 3147/5304/2915 3158/5321/2915 3154/5322/2915
f 3156/5323/2916 3150/5288/2916 3157/5324/2916
f 3157/5324/2917 3146/5290/2917 3161/5325/2917
f 3159/5319/2918 3149/5287/2918 3156/5326/2918
f 3151/5284/2919 3155/5327/2919 3158/5321/2919
f 3153/5281/2920 3154/5328/2920 3160/5318/2920
f 3160/5318/2921 3131/5329/2921 3141/5291/2921
f 3158/5321/2922 3135/5330/2922 3137/5331/2922
f 3143/5307/2923 3156/5326/2923 3133/5305/2923
f 3139/5332/2924 3161/5325/2924 3129/5333/2924
f 3133/5334/2925 3157/5324/2925 3139/5332/2925
f 3154/5322/2926 3137/5331/2926 3131/5311/2926
f 3155/5320/2927 3143/5307/2927 3135/5335/2927
f 3129/5300/2928 3160/5318/2928 3141/5291/2928
f 3170/5336/2929 3164/5337/2929 3167/5338/2929
f 3170/5336/2929 3162/5339/2929 3168/5340/2929
f 3163/5341/2929 3170/5336/2929 3168/5340/2929
f 3165/5342/2929 3170/5336/2929 3166/5343/2929
f 3135/5335/2930 3169/5306/2930 3165/5344/2930
f 3129/5333/2931 3167/5345/2931 3139/5332/2931
f 3137/5331/2932 3165/5346/2932 3166/5312/2932
f 3139/5332/2933 3164/5347/2933 3133/5334/2933
f 3184/5348/2934 3189/5349/2934 3195/5350/2934
f 3180/5351/2935 3190/5352/2935 3193/5353/2935
f 3194/5354/2936 3176/5355/2936 3191/5356/2936
f 3192/5357/2937 3172/5358/2937 3188/5359/2937
f 3183/5360/2938 3205/5361/2938 3210/5362/2938
f 3187/5363/2939 3172/5364/2939 3182/5365/2939
f 3187/5363/2939 3176/5366/2939 3186/5367/2939
f 3183/5360/2940 3204/5368/2940 3171/5369/2940
f 3191/5370/2941 3182/5371/2941 3192/5357/2941
f 3174/5372/2942 3193/5353/2942 3189/5373/2942
f 3175/5374/2943 3211/5375/2943 3185/5376/2943
f 3178/5377/2944 3187/5363/2944 3186/5367/2944
f 3174/5378/2945 3187/5363/2945 3180/5379/2945
f 3173/5380/2946 3208/5381/2946 3205/5382/2946
f 3178/5383/2947 3194/5354/2947 3190/5384/2947
f 3188/5385/2948 3184/5348/2948 3195/5350/2948
f 3203/5386/2949 3195/5350/2949 3202/5387/2949
f 3190/5384/2950 3201/5388/2950 3197/5389/2950
f 3189/5373/2951 3200/5390/2951 3196/5391/2951
f 3198/5392/2952 3192/5357/2952 3199/5393/2952
f 3199/5393/2953 3188/5359/2953 3203/5394/2953
f 3201/5388/2954 3191/5356/2954 3198/5395/2954
f 3193/5353/2955 3197/5396/2955 3200/5390/2955
f 3195/5350/2956 3196/5397/2956 3202/5387/2956
f 3202/5387/2957 3173/5398/2957 3183/5360/2957
f 3200/5390/2958 3177/5399/2958 3179/5400/2958
f 3185/5376/2959 3198/5395/2959 3175/5374/2959
f 3181/5401/2960 3203/5394/2960 3171/5402/2960
f 3175/5403/2961 3199/5393/2961 3181/5401/2961
f 3196/5391/2962 3179/5400/2962 3173/5380/2962
f 3197/5389/2963 3185/5376/2963 3177/5404/2963
f 3171/5369/2964 3202/5387/2964 3183/5360/2964
f 3212/5405/2965 3206/5406/2965 3209/5407/2965
f 3212/5405/2966 3204/5408/2966 3210/5409/2966
f 3205/5410/2965 3212/5405/2965 3210/5409/2965
f 3207/5411/2966 3212/5405/2966 3208/5412/2966
f 3177/5404/2967 3211/5375/2967 3207/5413/2967
f 3171/5402/2968 3209/5414/2968 3181/5401/2968
f 3179/5400/2969 3207/5415/2969 3208/5381/2969
f 3181/5401/2970 3206/5416/2970 3175/5403/2970
f 3226/5417/2971 3231/5418/2971 3237/5419/2971
f 3222/5420/2972 3232/5421/2972 3235/5422/2972
f 3236/5423/2973 3218/5424/2973 3233/5425/2973
f 3234/5426/2974 3214/5427/2974 3230/5428/2974
f 3225/5429/2975 3247/5430/2975 3252/5431/2975
f 3229/5432/2976 3214/5433/2976 3224/5434/2976
f 3229/5432/2977 3218/5435/2977 3228/5436/2977
f 3225/5429/2978 3246/5437/2978 3213/5438/2978
f 3233/5439/2979 3224/5440/2979 3234/5426/2979
f 3216/5441/2980 3235/5422/2980 3231/5442/2980
f 3217/5443/2981 3253/5444/2981 3227/5445/2981
f 3220/5446/2982 3229/5432/2982 3228/5436/2982
f 3216/5447/2983 3229/5432/2983 3222/5448/2983
f 3215/5449/2984 3250/5450/2984 3247/5451/2984
f 3220/5452/2985 3236/5423/2985 3232/5453/2985
f 3230/5454/2986 3226/5417/2986 3237/5419/2986
f 3245/5455/2987 3237/5419/2987 3244/5456/2987
f 3232/5453/2988 3243/5457/2988 3239/5458/2988
f 3231/5442/2989 3242/5459/2989 3238/5460/2989
f 3240/5461/2990 3234/5426/2990 3241/5462/2990
f 3241/5462/2991 3230/5428/2991 3245/5463/2991
f 3243/5457/2992 3233/5425/2992 3240/5464/2992
f 3235/5422/2993 3239/5465/2993 3242/5459/2993
f 3237/5419/2994 3238/5466/2994 3244/5456/2994
f 3244/5456/2995 3215/5467/2995 3225/5429/2995
f 3242/5459/2996 3219/5468/2996 3221/5469/2996
f 3227/5445/2997 3240/5464/2997 3217/5443/2997
f 3223/5470/2998 3245/5463/2998 3213/5471/2998
f 3217/5472/2999 3241/5462/2999 3223/5470/2999
f 3238/5460/3000 3221/5469/3000 3215/5449/3000
f 3239/5458/3001 3227/5445/3001 3219/5473/3001
f 3213/5438/3002 3244/5456/3002 3225/5429/3002
f 3254/5474/3003 3248/5475/3003 3251/5476/3003
f 3254/5474/3004 3246/5477/3004 3252/5478/3004
f 3247/5479/3003 3254/5474/3003 3252/5478/3003
f 3249/5480/3003 3254/5474/3003 3250/5481/3003
f 3219/5473/3005 3253/5444/3005 3249/5482/3005
f 3213/5471/3006 3251/5483/3006 3223/5470/3006
f 3221/5469/3007 3249/5484/3007 3250/5450/3007
f 3223/5470/3008 3248/5485/3008 3217/5472/3008
f 3268/5486/3009 3273/5487/3009 3279/5488/3009
f 3264/5489/3010 3274/5490/3010 3277/5491/3010
f 3278/5492/3011 3260/5493/3011 3275/5494/3011
f 3276/5495/3012 3256/5496/3012 3272/5497/3012
f 3267/5498/3013 3289/5499/3013 3294/5500/3013
f 3271/5501/3014 3256/5502/3014 3266/5503/3014
f 3271/5501/3015 3260/5504/3015 3270/5505/3015
f 3267/5498/3016 3288/5506/3016 3255/5507/3016
f 3275/5508/3017 3266/5509/3017 3276/5495/3017
f 3258/5510/3018 3277/5491/3018 3273/5511/3018
f 3259/5512/3019 3295/5513/3019 3269/5514/3019
f 3262/5515/3020 3271/5501/3020 3270/5505/3020
f 3258/5516/3021 3271/5501/3021 3264/5517/3021
f 3257/5518/3022 3292/5519/3022 3289/5520/3022
f 3262/5521/3023 3278/5492/3023 3274/5522/3023
f 3272/5523/3024 3268/5486/3024 3279/5488/3024
f 3287/5524/3025 3279/5488/3025 3286/5525/3025
f 3274/5522/3026 3285/5526/3026 3281/5527/3026
f 3273/5511/3027 3284/5528/3027 3280/5529/3027
f 3282/5530/3028 3276/5495/3028 3283/5531/3028
f 3283/5531/3029 3272/5497/3029 3287/5532/3029
f 3285/5526/3030 3275/5494/3030 3282/5533/3030
f 3277/5491/3031 3281/5534/3031 3284/5528/3031
f 3279/5488/3032 3280/5535/3032 3286/5525/3032
f 3286/5525/3033 3257/5536/3033 3267/5498/3033
f 3284/5528/3034 3261/5537/3034 3263/5538/3034
f 3269/5514/3035 3282/5533/3035 3259/5512/3035
f 3265/5539/3036 3287/5532/3036 3255/5540/3036
f 3259/5541/3037 3283/5531/3037 3265/5539/3037
f 3280/5529/3038 3263/5538/3038 3257/5518/3038
f 3281/5527/3039 3269/5514/3039 3261/5542/3039
f 3255/5507/3040 3286/5525/3040 3267/5498/3040
f 3296/5543/3041 3290/5544/3041 3293/5545/3041
f 3296/5543/3041 3288/5546/3041 3294/5547/3041
f 3289/5548/3041 3296/5543/3041 3294/5547/3041
f 3291/5549/3041 3296/5543/3041 3292/5550/3041
f 3261/5542/3042 3295/5513/3042 3291/5551/3042
f 3255/5540/3043 3293/5552/3043 3265/5539/3043
f 3263/5538/3044 3291/5553/3044 3292/5519/3044
f 3265/5539/3045 3290/5554/3045 3259/5541/3045
f 3310/5555/3046 3315/5556/3046 3321/5557/3046
f 3306/5558/3047 3316/5559/3047 3319/5560/3047
f 3320/5561/3048 3302/5562/3048 3317/5563/3048
f 3318/5564/3049 3298/5565/3049 3314/5566/3049
f 3309/5567/3050 3331/5568/3050 3336/5569/3050
f 3313/5570/3051 3298/5571/3051 3308/5572/3051
f 3313/5570/3052 3302/5573/3052 3312/5574/3052
f 3309/5567/3053 3330/5575/3053 3297/5576/3053
f 3317/5577/3054 3308/5578/3054 3318/5564/3054
f 3300/5579/3055 3319/5560/3055 3315/5580/3055
f 3301/5581/3056 3337/5582/3056 3311/5583/3056
f 3304/5584/3057 3313/5570/3057 3312/5574/3057
f 3300/5585/3058 3313/5570/3058 3306/5586/3058
f 3299/5587/3059 3334/5588/3059 3331/5589/3059
f 3304/5590/3060 3320/5561/3060 3316/5591/3060
f 3314/5592/3061 3310/5555/3061 3321/5557/3061
f 3329/5593/3062 3321/5557/3062 3328/5594/3062
f 3316/5591/3063 3327/5595/3063 3323/5596/3063
f 3315/5580/3064 3326/5597/3064 3322/5598/3064
f 3324/5599/3065 3318/5564/3065 3325/5600/3065
f 3325/5600/3066 3314/5566/3066 3329/5601/3066
f 3327/5595/3067 3317/5563/3067 3324/5602/3067
f 3319/5560/3068 3323/5603/3068 3326/5597/3068
f 3321/5557/3069 3322/5604/3069 3328/5594/3069
f 3328/5594/3070 3299/5605/3070 3309/5567/3070
f 3326/5597/3071 3303/5606/3071 3305/5607/3071
f 3311/5583/3072 3324/5602/3072 3301/5581/3072
f 3307/5608/3073 3329/5601/3073 3297/5609/3073
f 3301/5610/3074 3325/5600/3074 3307/5608/3074
f 3322/5598/3075 3305/5607/3075 3299/5587/3075
f 3323/5596/3076 3311/5583/3076 3303/5611/3076
f 3297/5576/3077 3328/5594/3077 3309/5567/3077
f 3338/5612/3078 3332/5613/3078 3335/5614/3078
f 3338/5612/3078 3330/5615/3078 3336/5616/3078
f 3331/5617/3078 3338/5612/3078 3336/5616/3078
f 3333/5618/3078 3338/5612/3078 3334/5619/3078
f 3303/5611/3079 3337/5582/3079 3333/5620/3079
f 3297/5609/3080 3335/5621/3080 3307/5608/3080
f 3305/5607/3081 3333/5622/3081 3334/5588/3081
f 3307/5608/3082 3332/5623/3082 3301/5610/3082
f 3352/5624/3083 3357/5625/3083 3363/5626/3083
f 3348/5627/3084 3358/5628/3084 3361/5629/3084
f 3362/5630/3085 3344/5631/3085 3359/5632/3085
f 3360/5633/3086 3340/5634/3086 3356/5635/3086
f 3351/5636/3087 3373/5637/3087 3378/5638/3087
f 3355/5639/3088 3340/5640/3088 3350/5641/3088
f 3355/5639/3089 3344/5642/3089 3354/5643/3089
f 3351/5636/3090 3372/5644/3090 3339/5645/3090
f 3359/5646/3091 3350/5647/3091 3360/5633/3091
f 3342/5648/3092 3361/5629/3092 3357/5649/3092
f 3343/5650/3093 3379/5651/3093 3353/5652/3093
f 3346/5653/3094 3355/5639/3094 3354/5643/3094
f 3342/5654/3095 3355/5639/3095 3348/5655/3095
f 3341/5656/3096 3376/5657/3096 3373/5658/3096
f 3346/5659/3097 3362/5630/3097 3358/5660/3097
f 3356/5661/3098 3352/5624/3098 3363/5626/3098
f 3371/5662/3099 3363/5626/3099 3370/5663/3099
f 3358/5660/3100 3369/5664/3100 3365/5665/3100
f 3357/5649/3101 3368/5666/3101 3364/5667/3101
f 3366/5668/3102 3360/5633/3102 3367/5669/3102
f 3367/5669/3103 3356/5635/3103 3371/5670/3103
f 3369/5664/3104 3359/5632/3104 3366/5671/3104
f 3361/5629/3105 3365/5672/3105 3368/5666/3105
f 3363/5626/3106 3364/5673/3106 3370/5663/3106
f 3370/5663/3107 3341/5674/3107 3351/5636/3107
f 3368/5666/3108 3345/5675/3108 3347/5676/3108
f 3353/5652/3109 3366/5671/3109 3343/5650/3109
f 3349/5677/3110 3371/5670/3110 3339/5678/3110
f 3343/5679/3111 3367/5669/3111 3349/5677/3111
f 3364/5667/3112 3347/5676/3112 3341/5656/3112
f 3365/5665/3113 3353/5652/3113 3345/5680/3113
f 3339/5645/3114 3370/5663/3114 3351/5636/3114
f 3380/5681/3115 3374/5682/3115 3377/5683/3115
f 3380/5681/3115 3372/5684/3115 3378/5685/3115
f 3373/5686/3115 3380/5681/3115 3378/5685/3115
f 3375/5687/3115 3380/5681/3115 3376/5688/3115
f 3345/5680/3116 3379/5651/3116 3375/5689/3116
f 3339/5678/3117 3377/5690/3117 3349/5677/3117
f 3347/5676/3118 3375/5691/3118 3376/5657/3118
f 3349/5677/3119 3374/5692/3119 3343/5679/3119
f 3394/5693/3120 3399/5694/3120 3405/5695/3120
f 3390/5696/3121 3400/5697/3121 3403/5698/3121
f 3404/5699/3122 3386/5700/3122 3401/5701/3122
f 3402/5702/3123 3382/5703/3123 3398/5704/3123
f 3393/5705/3124 3415/5706/3124 3420/5707/3124
f 3397/5708/3125 3382/5709/3125 3392/5710/3125
f 3397/5708/3126 3386/5711/3126 3396/5712/3126
f 3393/5705/3127 3414/5713/3127 3381/5714/3127
f 3401/5715/3128 3392/5716/3128 3402/5702/3128
f 3384/5717/3129 3403/5698/3129 3399/5718/3129
f 3385/5719/3130 3421/5720/3130 3395/5721/3130
f 3388/5722/3131 3397/5708/3131 3396/5712/3131
f 3384/5723/3131 3397/5708/3131 3390/5724/3131
f 3383/5725/3132 3418/5726/3132 3415/5727/3132
f 3388/5728/3133 3404/5699/3133 3400/5729/3133
f 3398/5730/3134 3394/5693/3134 3405/5695/3134
f 3413/5731/3135 3405/5695/3135 3412/5732/3135
f 3400/5729/3136 3411/5733/3136 3407/5734/3136
f 3399/5718/3137 3410/5735/3137 3406/5736/3137
f 3408/5737/3138 3402/5702/3138 3409/5738/3138
f 3409/5738/3139 3398/5704/3139 3413/5739/3139
f 3411/5733/3140 3401/5701/3140 3408/5740/3140
f 3403/5698/3141 3407/5741/3141 3410/5735/3141
f 3405/5695/3142 3406/5742/3142 3412/5732/3142
f 3412/5732/3143 3383/5743/3143 3393/5705/3143
f 3410/5735/3144 3387/5744/3144 3389/5745/3144
f 3395/5721/3145 3408/5740/3145 3385/5719/3145
f 3391/5746/3146 3413/5739/3146 3381/5747/3146
f 3385/5748/3147 3409/5738/3147 3391/5746/3147
f 3406/5736/3148 3389/5745/3148 3383/5725/3148
f 3407/5734/3149 3395/5721/3149 3387/5749/3149
f 3381/5714/3150 3412/5732/3150 3393/5705/3150
f 3422/5750/3151 3416/5751/3151 3419/5752/3151
f 3422/5750/3152 3414/5753/3152 3420/5754/3152
f 3415/5755/3152 3422/5750/3152 3420/5754/3152
f 3417/5756/3151 3422/5750/3151 3418/5757/3151
f 3387/5749/3153 3421/5720/3153 3417/5758/3153
f 3381/5747/3154 3419/5759/3154 3391/5746/3154
f 3389/5745/3155 3417/5760/3155 3418/5726/3155
f 3391/5746/3156 3416/5761/3156 3385/5748/3156
f 3436/5762/2456 3441/5763/2456 3447/5764/2456
f 3432/5765/2457 3442/5766/2457 3445/5767/2457
f 3446/5768/2458 3428/5769/2458 3443/5770/2458
f 3444/5771/2459 3424/5772/2459 3440/5773/2459
f 3435/5774/2460 3457/5775/2460 3462/5776/2460
f 3439/5777/3157 3424/5778/3157 3434/5779/3157
f 3439/5777/3158 3428/5780/3158 3438/5781/3158
f 3435/5774/3159 3456/5782/3159 3423/5783/3159
f 3443/5784/2464 3434/5785/2464 3444/5771/2464
f 3426/5786/2465 3445/5767/2465 3441/5787/2465
f 3427/5788/2466 3463/5789/2466 3437/5790/2466
f 3430/5791/3160 3439/5777/3160 3438/5781/3160
f 3426/5792/3161 3439/5777/3161 3432/5793/3161
f 3425/5794/3162 3460/5795/3162 3457/5796/3162
f 3430/5797/2469 3446/5768/2469 3442/5798/2469
f 3440/5799/3163 3436/5762/3163 3447/5764/3163
f 3455/5800/2471 3447/5764/2471 3454/5801/2471
f 3442/5798/3164 3453/5802/3164 3449/5803/3164
f 3441/5787/2473 3452/5804/2473 3448/5805/2473
f 3450/5806/2474 3444/5771/2474 3451/5807/2474
f 3451/5807/3165 3440/5773/3165 3455/5808/3165
f 3453/5802/2476 3443/5770/2476 3450/5809/2476
f 3445/5767/2477 3449/5810/2477 3452/5804/2477
f 3447/5764/2478 3448/5811/2478 3454/5801/2478
f 3454/5801/2479 3425/5812/2479 3435/5774/2479
f 3452/5804/3166 3429/5813/3166 3431/5814/3166
f 3437/5790/2481 3450/5809/2481 3427/5788/2481
f 3433/5815/3167 3455/5808/3167 3423/5816/3167
f 3427/5817/2483 3451/5807/2483 3433/5815/2483
f 3448/5805/2484 3431/5814/2484 3425/5794/2484
f 3449/5803/2485 3437/5790/2485 3429/5818/2485
f 3423/5783/2486 3454/5801/2486 3435/5774/2486
f 3464/5819/2487 3458/5820/2487 3461/5821/2487
f 3464/5819/2487 3456/5822/2487 3462/5823/2487
f 3457/5824/2487 3464/5819/2487 3462/5823/2487
f 3459/5825/2487 3464/5819/2487 3460/5826/2487
f 3429/5818/2488 3463/5789/2488 3459/5827/2488
f 3423/5816/2489 3461/5828/2489 3433/5815/2489
f 3431/5814/3168 3459/5829/3168 3460/5795/3168
f 3433/5815/2491 3458/5830/2491 3427/5817/2491
f 3478/5831/2492 3483/5832/2492 3489/5833/2492
f 3474/5834/2493 3484/5835/2493 3487/5836/2493
f 3488/5837/3169 3470/5838/3169 3485/5839/3169
f 3486/5840/3170 3466/5841/3170 3482/5842/3170
f 3477/5843/3171 3499/5844/3171 3504/5845/3171
f 3481/5846/3172 3466/5847/3172 3476/5848/3172
f 3481/5846/3173 3470/5849/3173 3480/5850/3173
f 3477/5843/2499 3498/5851/2499 3465/5852/2499
f 3485/5853/3174 3476/5854/3174 3486/5840/3174
f 3468/5855/3175 3487/5836/3175 3483/5856/3175
f 3469/5857/2502 3505/5858/2502 3479/5859/2502
f 3472/5860/3176 3481/5846/3176 3480/5850/3176
f 3468/5861/2504 3481/5846/2504 3474/5862/2504
f 3467/5863/2505 3502/5864/2505 3499/5865/2505
f 3472/5866/2506 3488/5837/2506 3484/5867/2506
f 3482/5868/2507 3478/5831/2507 3489/5833/2507
f 3497/5869/2508 3489/5833/2508 3496/5870/2508
f 3484/5867/2509 3495/5871/2509 3491/5872/2509
f 3483/5856/2510 3494/5873/2510 3490/5874/2510
f 3492/5875/2511 3486/5840/2511 3493/5876/2511
f 3493/5876/2512 3482/5842/2512 3497/5877/2512
f 3495/5871/3177 3485/5839/3177 3492/5878/3177
f 3487/5836/2514 3491/5879/2514 3494/5873/2514
f 3489/5833/2515 3490/5880/2515 3496/5870/2515
f 3496/5870/2516 3467/5881/2516 3477/5843/2516
f 3494/5873/3178 3471/5882/3178 3473/5883/3178
f 3479/5859/2518 3492/5878/2518 3469/5857/2518
f 3475/5884/3179 3497/5877/3179 3465/5885/3179
f 3469/5886/3180 3493/5876/3180 3475/5884/3180
f 3490/5874/2521 3473/5883/2521 3467/5863/2521
f 3491/5872/2522 3479/5859/2522 3471/5887/2522
f 3465/5852/2523 3496/5870/2523 3477/5843/2523
f 3506/5888/2524 3500/5889/2524 3503/5890/2524
f 3506/5888/2524 3498/5891/2524 3504/5892/2524
f 3499/5893/2524 3506/5888/2524 3504/5892/2524
f 3501/5894/2524 3506/5888/2524 3502/5895/2524
f 3471/5887/3181 3505/5858/3181 3501/5896/3181
f 3465/5885/2526 3503/5897/2526 3475/5884/2526
f 3473/5883/2527 3501/5898/2527 3502/5864/2527
f 3475/5884/2528 3500/5899/2528 3469/5886/2528
f 3520/5900/3182 3525/5901/3182 3531/5902/3182
f 3516/5903/2566 3526/5904/2566 3529/5905/2566
f 3530/5906/3183 3512/5907/3183 3527/5908/3183
f 3528/5909/2568 3508/5910/2568 3524/5911/2568
f 3519/5912/2569 3541/5913/2569 3546/5914/2569
f 3523/5915/3184 3508/5916/3184 3518/5917/3184
f 3523/5915/3185 3512/5918/3185 3522/5919/3185
f 3519/5912/2572 3540/5920/2572 3507/5921/2572
f 3527/5922/2573 3518/5923/2573 3528/5909/2573
f 3510/5924/3186 3529/5905/3186 3525/5925/3186
f 3511/5926/2575 3547/5927/2575 3521/5928/2575
f 3514/5929/3187 3523/5915/3187 3522/5919/3187
f 3510/5930/3188 3523/5915/3188 3516/5931/3188
f 3509/5932/2578 3544/5933/2578 3541/5934/2578
f 3514/5935/3189 3530/5906/3189 3526/5936/3189
f 3524/5937/2580 3520/5900/2580 3531/5902/2580
f 3539/5938/3190 3531/5902/3190 3538/5939/3190
f 3526/5936/2582 3537/5940/2582 3533/5941/2582
f 3525/5925/2583 3536/5942/2583 3532/5943/2583
f 3534/5944/2584 3528/5909/2584 3535/5945/2584
f 3535/5945/2585 3524/5911/2585 3539/5946/2585
f 3537/5940/2586 3527/5908/2586 3534/5947/2586
f 3529/5905/2587 3533/5948/2587 3536/5942/2587
f 3531/5902/2588 3532/5949/2588 3538/5939/2588
f 3538/5939/2589 3509/5950/2589 3519/5912/2589
f 3536/5942/2590 3513/5951/2590 3515/5952/2590
f 3521/5928/2591 3534/5947/2591 3511/5926/2591
f 3517/5953/2592 3539/5946/2592 3507/5954/2592
f 3511/5955/2593 3535/5945/2593 3517/5953/2593
f 3532/5943/2594 3515/5952/2594 3509/5932/2594
f 3533/5941/3191 3521/5928/3191 3513/5956/3191
f 3507/5921/2596 3538/5939/2596 3519/5912/2596
f 3548/5957/2597 3542/5958/2597 3545/5959/2597
f 3548/5957/2597 3540/5960/2597 3546/5961/2597
f 3541/5962/2597 3548/5957/2597 3546/5961/2597
f 3543/5963/2597 3548/5957/2597 3544/5964/2597
f 3513/5956/2598 3547/5927/2598 3543/5965/2598
f 3507/5954/2599 3545/5966/2599 3517/5953/2599
f 3515/5952/2600 3543/5967/2600 3544/5933/2600
f 3517/5953/2601 3542/5968/2601 3511/5955/2601
f 3562/5969/3192 3567/5970/3192 3573/5971/3192
f 3558/5972/3193 3568/5973/3193 3571/5974/3193
f 3572/5975/3194 3554/5976/3194 3569/5977/3194
f 3570/5978/3195 3550/5979/3195 3566/5980/3195
f 3561/5981/3196 3583/5982/3196 3588/5983/3196
f 3565/5984/3197 3550/5985/3197 3560/5986/3197
f 3565/5984/3198 3554/5987/3198 3564/5988/3198
f 3561/5981/3199 3582/5989/3199 3549/5990/3199
f 3569/5991/3200 3560/5992/3200 3570/5978/3200
f 3552/5993/3201 3571/5974/3201 3567/5994/3201
f 3553/5995/3202 3589/5996/3202 3563/5997/3202
f 3556/5998/3203 3565/5984/3203 3564/5988/3203
f 3552/5999/3197 3565/5984/3197 3558/6000/3197
f 3551/6001/3204 3586/6002/3204 3583/6003/3204
f 3556/6004/3205 3572/5975/3205 3568/6005/3205
f 3566/6006/3206 3562/5969/3206 3573/5971/3206
f 3581/6007/3207 3573/5971/3207 3580/6008/3207
f 3568/6005/3208 3579/6009/3208 3575/6010/3208
f 3567/5994/3209 3578/6011/3209 3574/6012/3209
f 3576/6013/3210 3570/5978/3210 3577/6014/3210
f 3577/6014/3211 3566/5980/3211 3581/6015/3211
f 3579/6009/3212 3569/5977/3212 3576/6016/3212
f 3571/5974/3213 3575/6017/3213 3578/6011/3213
f 3573/5971/3214 3574/6018/3214 3580/6008/3214
f 3580/6008/3215 3551/6019/3215 3561/5981/3215
f 3578/6011/3216 3555/6020/3216 3557/6021/3216
f 3563/5997/3217 3576/6016/3217 3553/5995/3217
f 3559/6022/3218 3581/6015/3218 3549/6023/3218
f 3553/6024/3219 3577/6014/3219 3559/6022/3219
f 3574/6012/3220 3557/6021/3220 3551/6001/3220
f 3575/6010/3221 3563/5997/3221 3555/6025/3221
f 3549/5990/3222 3580/6008/3222 3561/5981/3222
f 3590/6026/3223 3584/6027/3223 3587/6028/3223
f 3590/6026/3223 3582/6029/3223 3588/6030/3223
f 3583/6031/3223 3590/6026/3223 3588/6030/3223
f 3585/6032/3224 3590/6026/3224 3586/6033/3224
f 3555/6025/3225 3589/5996/3225 3585/6034/3225
f 3549/6023/3226 3587/6035/3226 3559/6022/3226
f 3557/6021/3227 3585/6036/3227 3586/6002/3227
f 3559/6022/3228 3584/6037/3228 3553/6024/3228
f 3604/6038/3229 3609/6039/3229 3615/6040/3229
f 3600/6041/3230 3610/6042/3230 3613/6043/3230
f 3614/6044/3231 3596/6045/3231 3611/6046/3231
f 3612/6047/3232 3592/6048/3232 3608/6049/3232
f 3603/6050/3233 3625/6051/3233 3630/6052/3233
f 3607/6053/3234 3592/6054/3234 3602/6055/3234
f 3607/6053/3235 3596/6056/3235 3606/6057/3235
f 3603/6050/3236 3624/6058/3236 3591/6059/3236
f 3611/6060/3237 3602/6061/3237 3612/6047/3237
f 3594/6062/3238 3613/6043/3238 3609/6063/3238
f 3595/6064/3239 3631/6065/3239 3605/6066/3239
f 3598/6067/3240 3607/6053/3240 3606/6057/3240
f 3594/6068/3241 3607/6053/3241 3600/6069/3241
f 3593/6070/3242 3628/6071/3242 3625/6072/3242
f 3598/6073/3243 3614/6044/3243 3610/6074/3243
f 3608/6075/3244 3604/6038/3244 3615/6040/3244
f 3623/6076/3245 3615/6040/3245 3622/6077/3245
f 3610/6074/3246 3621/6078/3246 3617/6079/3246
f 3609/6063/3247 3620/6080/3247 3616/6081/3247
f 3618/6082/3248 3612/6047/3248 3619/6083/3248
f 3619/6083/3249 3608/6049/3249 3623/6084/3249
f 3621/6078/3250 3611/6046/3250 3618/6085/3250
f 3613/6043/3251 3617/6086/3251 3620/6080/3251
f 3615/6040/3252 3616/6087/3252 3622/6077/3252
f 3622/6077/3253 3593/6088/3253 3603/6050/3253
f 3620/6080/3254 3597/6089/3254 3599/6090/3254
f 3605/6066/3255 3618/6085/3255 3595/6064/3255
f 3601/6091/3256 3623/6084/3256 3591/6092/3256
f 3595/6093/3257 3619/6083/3257 3601/6091/3257
f 3616/6081/3258 3599/6090/3258 3593/6070/3258
f 3617/6079/3259 3605/6066/3259 3597/6094/3259
f 3591/6059/3260 3622/6077/3260 3603/6050/3260
f 3632/6095/3261 3626/6096/3261 3629/6097/3261
f 3632/6095/3261 3624/6098/3261 3630/6099/3261
f 3625/6100/3261 3632/6095/3261 3630/6099/3261
f 3627/6101/3262 3632/6095/3262 3628/6102/3262
f 3597/6094/3263 3631/6065/3263 3627/6103/3263
f 3591/6092/3264 3629/6104/3264 3601/6091/3264
f 3599/6090/3265 3627/6105/3265 3628/6071/3265
f 3601/6091/3266 3626/6106/3266 3595/6093/3266
f 3646/6107/3267 3651/6108/3267 3657/6109/3267
f 3642/6110/3268 3652/6111/3268 3655/6112/3268
f 3656/6113/3269 3638/6114/3269 3653/6115/3269
f 3654/6116/3270 3634/6117/3270 3650/6118/3270
f 3645/6119/3271 3667/6120/3271 3672/6121/3271
f 3649/6122/3272 3634/6123/3272 3644/6124/3272
f 3649/6122/3273 3638/6125/3273 3648/6126/3273
f 3645/6119/3274 3666/6127/3274 3633/6128/3274
f 3653/6129/3275 3644/6130/3275 3654/6116/3275
f 3636/6131/3276 3655/6112/3276 3651/6132/3276
f 3637/6133/3277 3673/6134/3277 3647/6135/3277
f 3640/6136/3278 3649/6122/3278 3648/6126/3278
f 3636/6137/3279 3649/6122/3279 3642/6138/3279
f 3635/6139/3280 3670/6140/3280 3667/6141/3280
f 3640/6142/3281 3656/6113/3281 3652/6143/3281
f 3650/6144/3282 3646/6107/3282 3657/6109/3282
f 3665/6145/3283 3657/6109/3283 3664/6146/3283
f 3652/6143/3284 3663/6147/3284 3659/6148/3284
f 3651/6132/3285 3662/6149/3285 3658/6150/3285
f 3660/6151/3286 3654/6116/3286 3661/6152/3286
f 3661/6152/3287 3650/6118/3287 3665/6153/3287
f 3663/6147/3288 3653/6115/3288 3660/6154/3288
f 3655/6112/3289 3659/6155/3289 3662/6149/3289
f 3657/6109/3290 3658/6156/3290 3664/6146/3290
f 3664/6146/3291 3635/6157/3291 3645/6119/3291
f 3662/6149/3292 3639/6158/3292 3641/6159/3292
f 3647/6135/3293 3660/6154/3293 3637/6133/3293
f 3643/6160/3294 3665/6153/3294 3633/6161/3294
f 3637/6162/3295 3661/6152/3295 3643/6160/3295
f 3658/6150/3296 3641/6159/3296 3635/6139/3296
f 3659/6148/3297 3647/6135/3297 3639/6163/3297
f 3633/6128/3298 3664/6146/3298 3645/6119/3298
f 3674/6164/3299 3668/6165/3299 3671/6166/3299
f 3674/6164/3300 3666/6167/3300 3672/6168/3300
f 3667/6169/3299 3674/6164/3299 3672/6168/3299
f 3669/6170/3299 3674/6164/3299 3670/6171/3299
f 3639/6163/3301 3673/6134/3301 3669/6172/3301
f 3633/6161/3302 3671/6173/3302 3643/6160/3302
f 3641/6159/3303 3669/6174/3303 3670/6140/3303
f 3643/6160/3304 3668/6175/3304 3637/6162/3304
f 3688/6176/3305 3693/6177/3305 3699/6178/3305
f 3684/6179/3306 3694/6180/3306 3697/6181/3306
f 3698/6182/3307 3680/6183/3307 3695/6184/3307
f 3696/6185/3308 3676/6186/3308 3692/6187/3308
f 3687/6188/3309 3709/6189/3309 3714/6190/3309
f 3691/6191/3310 3676/6192/3310 3686/6193/3310
f 3691/6191/3311 3680/6194/3311 3690/6195/3311
f 3687/6188/3312 3708/6196/3312 3675/6197/3312
f 3695/6198/3313 3686/6199/3313 3696/6185/3313
f 3678/6200/3314 3697/6181/3314 3693/6201/3314
f 3679/6202/3315 3715/6203/3315 3689/6204/3315
f 3682/6205/3316 3691/6191/3316 3690/6195/3316
f 3678/6206/3317 3691/6191/3317 3684/6207/3317
f 3677/6208/3318 3712/6209/3318 3709/6210/3318
f 3682/6211/3319 3698/6182/3319 3694/6212/3319
f 3692/6213/3320 3688/6176/3320 3699/6178/3320
f 3707/6214/3321 3699/6178/3321 3706/6215/3321
f 3694/6212/3322 3705/6216/3322 3701/6217/3322
f 3693/6201/3323 3704/6218/3323 3700/6219/3323
f 3702/6220/3324 3696/6185/3324 3703/6221/3324
f 3703/6221/3325 3692/6187/3325 3707/6222/3325
f 3705/6216/3326 3695/6184/3326 3702/6223/3326
f 3697/6181/3327 3701/6224/3327 3704/6218/3327
f 3699/6178/3328 3700/6225/3328 3706/6215/3328
f 3706/6215/3329 3677/6226/3329 3687/6188/3329
f 3704/6218/3330 3681/6227/3330 3683/6228/3330
f 3689/6204/3331 3702/6223/3331 3679/6202/3331
f 3685/6229/3332 3707/6222/3332 3675/6230/3332
f 3679/6231/3333 3703/6221/3333 3685/6229/3333
f 3700/6219/3334 3683/6228/3334 3677/6208/3334
f 3701/6217/3335 3689/6204/3335 3681/6232/3335
f 3675/6197/3336 3706/6215/3336 3687/6188/3336
f 3716/6233/3337 3710/6234/3337 3713/6235/3337
f 3716/6233/3338 3708/6236/3338 3714/6237/3338
f 3709/6238/3337 3716/6233/3337 3714/6237/3337
f 3711/6239/3337 3716/6233/3337 3712/6240/3337
f 3681/6232/3339 3715/6203/3339 3711/6241/3339
f 3675/6230/3340 3713/6242/3340 3685/6229/3340
f 3683/6228/3341 3711/6243/3341 3712/6209/3341
f 3685/6229/3342 3710/6244/3342 3679/6231/3342
f 3730/6245/3343 3735/6246/3343 3741/6247/3343
f 3726/6248/3344 3736/6249/3344 3739/6250/3344
f 3740/6251/3345 3722/6252/3345 3737/6253/3345
f 3738/6254/3346 3718/6255/3346 3734/6256/3346
f 3729/6257/3347 3751/6258/3347 3756/6259/3347
f 3733/6260/3348 3718/6261/3348 3728/6262/3348
f 3733/6260/3349 3722/6263/3349 3732/6264/3349
f 3729/6257/3350 3750/6265/3350 3717/6266/3350
f 3737/6267/3351 3728/6268/3351 3738/6254/3351
f 3720/6269/3352 3739/6250/3352 3735/6270/3352
f 3721/6271/3353 3757/6272/3353 3731/6273/3353
f 3724/6274/3354 3733/6260/3354 3732/6264/3354
f 3720/6275/3355 3733/6260/3355 3726/6276/3355
f 3719/6277/3356 3754/6278/3356 3751/6279/3356
f 3724/6280/3357 3740/6251/3357 3736/6281/3357
f 3734/6282/3358 3730/6245/3358 3741/6247/3358
f 3749/6283/3359 3741/6247/3359 3748/6284/3359
f 3736/6281/3360 3747/6285/3360 3743/6286/3360
f 3735/6270/3361 3746/6287/3361 3742/6288/3361
f 3744/6289/3362 3738/6254/3362 3745/6290/3362
f 3745/6290/3363 3734/6256/3363 3749/6291/3363
f 3747/6285/3364 3737/6253/3364 3744/6292/3364
f 3739/6250/3365 3743/6293/3365 3746/6287/3365
f 3741/6247/3366 3742/6294/3366 3748/6284/3366
f 3748/6284/3367 3719/6295/3367 3729/6257/3367
f 3746/6287/3368 3723/6296/3368 3725/6297/3368
f 3731/6273/3369 3744/6292/3369 3721/6271/3369
f 3727/6298/3370 3749/6291/3370 3717/6299/3370
f 3721/6300/3371 3745/6290/3371 3727/6298/3371
f 3742/6288/3372 3725/6297/3372 3719/6277/3372
f 3743/6286/3373 3731/6273/3373 3723/6301/3373
f 3717/6266/3374 3748/6284/3374 3729/6257/3374
f 3758/6302/3375 3752/6303/3375 3755/6304/3375
f 3758/6302/3376 3750/6305/3376 3756/6306/3376
f 3751/6307/3375 3758/6302/3375 3756/6306/3375
f 3753/6308/3375 3758/6302/3375 3754/6309/3375
f 3723/6301/3377 3757/6272/3377 3753/6310/3377
f 3717/6299/3378 3755/6311/3378 3727/6298/3378
f 3725/6297/3379 3753/6312/3379 3754/6278/3379
f 3727/6298/3380 3752/6313/3380 3721/6300/3380
f 3772/6314/3381 3777/6315/3381 3783/6316/3381
f 3768/6317/3382 3778/6318/3382 3781/6319/3382
f 3782/6320/3383 3764/6321/3383 3779/6322/3383
f 3780/6323/3384 3760/6324/3384 3776/6325/3384
f 3771/6326/3385 3793/6327/3385 3798/6328/3385
f 3775/6329/3386 3760/6330/3386 3770/6331/3386
f 3775/6329/3387 3764/6332/3387 3774/6333/3387
f 3771/6326/3388 3792/6334/3388 3759/6335/3388
f 3779/6336/3389 3770/6337/3389 3780/6323/3389
f 3762/6338/3390 3781/6319/3390 3777/6339/3390
f 3763/6340/3391 3799/6341/3391 3773/6342/3391
f 3766/6343/3392 3775/6329/3392 3774/6333/3392
f 3762/6344/3386 3775/6329/3386 3768/6345/3386
f 3761/6346/3393 3796/6347/3393 3793/6348/3393
f 3766/6349/3394 3782/6320/3394 3778/6350/3394
f 3776/6351/3395 3772/6314/3395 3783/6316/3395
f 3791/6352/3396 3783/6316/3396 3790/6353/3396
f 3778/6350/3397 3789/6354/3397 3785/6355/3397
f 3777/6339/3398 3788/6356/3398 3784/6357/3398
f 3786/6358/3399 3780/6323/3399 3787/6359/3399
f 3787/6359/3400 3776/6325/3400 3791/6360/3400
f 3789/6354/3401 3779/6322/3401 3786/6361/3401
f 3781/6319/3402 3785/6362/3402 3788/6356/3402
f 3783/6316/3403 3784/6363/3403 3790/6353/3403
f 3790/6353/3404 3761/6364/3404 3771/6326/3404
f 3788/6356/3405 3765/6365/3405 3767/6366/3405
f 3773/6342/3406 3786/6361/3406 3763/6340/3406
f 3769/6367/3407 3791/6360/3407 3759/6368/3407
f 3763/6369/3408 3787/6359/3408 3769/6367/3408
f 3784/6357/3409 3767/6366/3409 3761/6346/3409
f 3785/6355/3410 3773/6342/3410 3765/6370/3410
f 3759/6335/3411 3790/6353/3411 3771/6326/3411
f 3800/6371/3412 3794/6372/3412 3797/6373/3412
f 3800/6371/3412 3792/6374/3412 3798/6375/3412
f 3793/6376/3412 3800/6371/3412 3798/6375/3412
f 3795/6377/3412 3800/6371/3412 3796/6378/3412
f 3765/6370/3413 3799/6341/3413 3795/6379/3413
f 3759/6368/3414 3797/6380/3414 3769/6367/3414
f 3767/6366/3415 3795/6381/3415 3796/6347/3415
f 3769/6367/3416 3794/6382/3416 3763/6369/3416
f 3814/6383/3417 3819/6384/3417 3825/6385/3417
f 3810/6386/3418 3820/6387/3418 3823/6388/3418
f 3824/6389/3419 3806/6390/3419 3821/6391/3419
f 3822/6392/3420 3802/6393/3420 3818/6394/3420
f 3813/6395/3421 3835/6396/3421 3840/6397/3421
f 3817/6398/3422 3802/6399/3422 3812/6400/3422
f 3817/6398/3423 3806/6401/3423 3816/6402/3423
f 3813/6395/3424 3834/6403/3424 3801/6404/3424
f 3821/6405/3425 3812/6406/3425 3822/6392/3425
f 3804/6407/3426 3823/6388/3426 3819/6408/3426
f 3805/6409/3427 3841/6410/3427 3815/6411/3427
f 3808/6412/3428 3817/6398/3428 3816/6402/3428
f 3804/6413/3429 3817/6398/3429 3810/6414/3429
f 3803/6415/3430 3838/6416/3430 3835/6417/3430
f 3808/6418/3431 3824/6389/3431 3820/6419/3431
f 3818/6420/3432 3814/6383/3432 3825/6385/3432
f 3833/6421/3433 3825/6385/3433 3832/6422/3433
f 3820/6419/3434 3831/6423/3434 3827/6424/3434
f 3819/6408/3435 3830/6425/3435 3826/6426/3435
f 3828/6427/3436 3822/6392/3436 3829/6428/3436
f 3829/6428/3437 3818/6394/3437 3833/6429/3437
f 3831/6423/3438 3821/6391/3438 3828/6430/3438
f 3823/6388/3439 3827/6431/3439 3830/6425/3439
f 3825/6385/3440 3826/6432/3440 3832/6422/3440
f 3832/6422/3441 3803/6433/3441 3813/6395/3441
f 3830/6425/3442 3807/6434/3442 3809/6435/3442
f 3815/6411/3443 3828/6430/3443 3805/6409/3443
f 3811/6436/3444 3833/6429/3444 3801/6437/3444
f 3805/6438/3445 3829/6428/3445 3811/6436/3445
f 3826/6426/3446 3809/6435/3446 3803/6415/3446
f 3827/6424/3447 3815/6411/3447 3807/6439/3447
f 3801/6404/3448 3832/6422/3448 3813/6395/3448
f 3842/6440/3449 3836/6441/3449 3839/6442/3449
f 3842/6440/3449 3834/6443/3449 3840/6444/3449
f 3835/6445/3449 3842/6440/3449 3840/6444/3449
f 3837/6446/3449 3842/6440/3449 3838/6447/3449
f 3807/6439/3450 3841/6410/3450 3837/6448/3450
f 3801/6437/3451 3839/6449/3451 3811/6436/3451
f 3809/6435/3452 3837/6450/3452 3838/6416/3452
f 3811/6436/3453 3836/6451/3453 3805/6438/3453
f 3856/6452/3454 3861/6453/3454 3867/6454/3454
f 3852/6455/3455 3862/6456/3455 3865/6457/3455
f 3866/6458/2199 3848/6459/2199 3863/6460/2199
f 3864/6461/2200 3844/6462/2200 3860/6463/2200
f 3855/6464/3456 3877/6465/3456 3882/6466/3456
f 3859/6467/3457 3844/6468/3457 3854/6469/3457
f 3859/6467/3457 3848/6470/3457 3858/6471/3457
f 3855/6464/2204 3876/6472/2204 3843/6473/2204
f 3863/6474/2205 3854/6475/2205 3864/6461/2205
f 3846/6476/2206 3865/6457/2206 3861/6477/2206
f 3847/6478/2207 3883/6479/2207 3857/6480/2207
f 3850/6481/2208 3859/6467/2208 3858/6471/2208
f 3846/6482/2203 3859/6467/2203 3852/6483/2203
f 3845/6484/2210 3880/6485/2210 3877/6486/2210
f 3850/6487/2211 3866/6458/2211 3862/6488/2211
f 3860/6489/2212 3856/6452/2212 3867/6454/2212
f 3875/6490/2213 3867/6454/2213 3874/6491/2213
f 3862/6488/2214 3873/6492/2214 3869/6493/2214
f 3861/6477/2215 3872/6494/2215 3868/6495/2215
f 3870/6496/2216 3864/6461/2216 3871/6497/2216
f 3871/6497/2217 3860/6463/2217 3875/6498/2217
f 3873/6492/2218 3863/6460/2218 3870/6499/2218
f 3865/6457/2219 3869/6500/2219 3872/6494/2219
f 3867/6454/2220 3868/6501/2220 3874/6491/2220
f 3874/6491/2221 3845/6502/2221 3855/6464/2221
f 3872/6494/2222 3849/6503/2222 3851/6504/2222
f 3857/6480/2223 3870/6499/2223 3847/6478/2223
f 3853/6505/2224 3875/6498/2224 3843/6506/2224
f 3847/6507/2225 3871/6497/2225 3853/6505/2225
f 3868/6495/2226 3851/6504/2226 3845/6484/2226
f 3869/6493/2227 3857/6480/2227 3849/6508/2227
f 3843/6473/2228 3874/6491/2228 3855/6464/2228
f 3884/6509/2229 3878/6510/2229 3881/6511/2229
f 3884/6509/2229 3876/6512/2229 3882/6513/2229
f 3877/6514/2229 3884/6509/2229 3882/6513/2229
f 3879/6515/2229 3884/6509/2229 3880/6516/2229
f 3849/6508/2230 3883/6479/2230 3879/6517/2230
f 3843/6506/2231 3881/6518/2231 3853/6505/2231
f 3851/6504/2232 3879/6519/2232 3880/6485/2232
f 3853/6505/2233 3878/6520/2233 3847/6507/2233
f 3898/6521/3458 3903/6522/3458 3909/6523/3458
f 3894/6524/3459 3904/6525/3459 3907/6526/3459
f 3908/6527/3460 3890/6528/3460 3905/6529/3460
f 3906/6530/3461 3886/6531/3461 3902/6532/3461
f 3897/6533/3462 3919/6534/3462 3924/6535/3462
f 3901/6536/3463 3886/6537/3463 3896/6538/3463
f 3901/6536/3464 3890/6539/3464 3900/6540/3464
f 3897/6533/3465 3918/6541/3465 3885/6542/3465
f 3905/6543/3466 3896/6544/3466 3906/6530/3466
f 3888/6545/3467 3907/6526/3467 3903/6546/3467
f 3889/6547/3468 3925/6548/3468 3899/6549/3468
f 3892/6550/3469 3901/6536/3469 3900/6540/3469
f 3888/6551/3470 3901/6536/3470 3894/6552/3470
f 3887/6553/3471 3922/6554/3471 3919/6555/3471
f 3892/6556/3472 3908/6527/3472 3904/6557/3472
f 3902/6558/3473 3898/6521/3473 3909/6523/3473
f 3917/6559/3474 3909/6523/3474 3916/6560/3474
f 3904/6557/3475 3915/6561/3475 3911/6562/3475
f 3903/6546/3476 3914/6563/3476 3910/6564/3476
f 3912/6565/3477 3906/6530/3477 3913/6566/3477
f 3913/6566/3478 3902/6532/3478 3917/6567/3478
f 3915/6561/3479 3905/6529/3479 3912/6568/3479
f 3907/6526/3480 3911/6569/3480 3914/6563/3480
f 3909/6523/3481 3910/6570/3481 3916/6560/3481
f 3916/6560/3482 3887/6571/3482 3897/6533/3482
f 3914/6563/3483 3891/6572/3483 3893/6573/3483
f 3899/6549/3484 3912/6568/3484 3889/6547/3484
f 3895/6574/3485 3917/6567/3485 3885/6575/3485
f 3889/6576/3486 3913/6566/3486 3895/6574/3486
f 3910/6564/3487 3893/6573/3487 3887/6553/3487
f 3911/6562/3488 3899/6549/3488 3891/6577/3488
f 3885/6542/3489 3916/6560/3489 3897/6533/3489
f 3925/6578/3490 3923/6579/3490 3926/6580/3490
f 3926/6580/3491 3918/6581/3491 3924/6582/3491
f 3919/6583/3492 3926/6580/3492 3924/6582/3492
f 3922/6584/3493 3925/6578/3493 3926/6580/3493
f 3891/6577/3494 3925/6548/3494 3921/6585/3494
f 3885/6575/3495 3923/6586/3495 3895/6574/3495
f 3893/6573/3496 3921/6587/3496 3922/6554/3496
f 3895/6574/3497 3920/6588/3497 3889/6576/3497
f 3940/6589/3498 3945/6590/3498 3951/6591/3498
f 3936/6592/3499 3946/6593/3499 3949/6594/3499
f 3950/6595/3500 3932/6596/3500 3947/6597/3500
f 3948/6598/3501 3928/6599/3501 3944/6600/3501
f 3939/6601/3502 3961/6602/3502 3966/6603/3502
f 3943/6604/3503 3928/6605/3503 3938/6606/3503
f 3943/6604/3504 3932/6607/3504 3942/6608/3504
f 3939/6601/3505 3960/6609/3505 3927/6610/3505
f 3947/6611/3506 3938/6612/3506 3948/6598/3506
f 3930/6613/3507 3949/6594/3507 3945/6614/3507
f 3931/6615/3508 3967/6616/3508 3941/6617/3508
f 3934/6618/3509 3943/6604/3509 3942/6608/3509
f 3930/6619/3510 3943/6604/3510 3936/6620/3510
f 3929/6621/3511 3964/6622/3511 3961/6623/3511
f 3934/6624/3512 3950/6595/3512 3946/6625/3512
f 3944/6626/3513 3940/6589/3513 3951/6591/3513
f 3959/6627/3514 3951/6591/3514 3958/6628/3514
f 3946/6625/3515 3957/6629/3515 3953/6630/3515
f 3945/6614/3516 3956/6631/3516 3952/6632/3516
f 3954/6633/3517 3948/6598/3517 3955/6634/3517
f 3955/6634/3518 3944/6600/3518 3959/6635/3518
f 3957/6629/3519 3947/6597/3519 3954/6636/3519
f 3949/6594/3520 3953/6637/3520 3956/6631/3520
f 3951/6591/3521 3952/6638/3521 3958/6628/3521
f 3958/6628/3522 3929/6639/3522 3939/6601/3522
f 3956/6631/3523 3933/6640/3523 3935/6641/3523
f 3941/6617/3524 3954/6636/3524 3931/6615/3524
f 3937/6642/3525 3959/6635/3525 3927/6643/3525
f 3931/6644/3526 3955/6634/3526 3937/6642/3526
f 3952/6632/3527 3935/6641/3527 3929/6621/3527
f 3953/6630/3528 3941/6617/3528 3933/6645/3528
f 3927/6610/3529 3958/6628/3529 3939/6601/3529
f 3968/6646/3530 3962/6647/3530 3965/6648/3530
f 3968/6646/3530 3960/6649/3530 3966/6650/3530
f 3961/6651/3530 3968/6646/3530 3966/6650/3530
f 3963/6652/3530 3968/6646/3530 3964/6653/3530
f 3933/6645/3531 3967/6616/3531 3963/6654/3531
f 3927/6643/3532 3965/6655/3532 3937/6642/3532
f 3935/6641/3533 3963/6656/3533 3964/6622/3533
f 3937/6642/3534 3962/6657/3534 3931/6644/3534
f 3982/6658/3535 3987/6659/3535 3993/6660/3535
f 3978/6661/3536 3988/6662/3536 3991/6663/3536
f 3992/6664/3537 3974/6665/3537 3989/6666/3537
f 3990/6667/3538 3970/6668/3538 3986/6669/3538
f 3981/6670/3539 4003/6671/3539 4008/6672/3539
f 3985/6673/3540 3970/6674/3540 3980/6675/3540
f 3985/6673/3541 3974/6676/3541 3984/6677/3541
f 3981/6670/3542 4002/6678/3542 3969/6679/3542
f 3989/6680/3543 3980/6681/3543 3990/6667/3543
f 3972/6682/3544 3991/6663/3544 3987/6683/3544
f 3973/6684/3545 4009/6685/3545 3983/6686/3545
f 3976/6687/3546 3985/6673/3546 3984/6677/3546
f 3972/6688/3547 3985/6673/3547 3978/6689/3547
f 3971/6690/3548 4006/6691/3548 4003/6692/3548
f 3976/6693/3549 3992/6664/3549 3988/6694/3549
f 3986/6695/3550 3982/6658/3550 3993/6660/3550
f 4001/6696/3551 3993/6660/3551 4000/6697/3551
f 3988/6694/3552 3999/6698/3552 3995/6699/3552
f 3987/6683/3553 3998/6700/3553 3994/6701/3553
f 3996/6702/3554 3990/6667/3554 3997/6703/3554
f 3997/6703/3555 3986/6669/3555 4001/6704/3555
f 3999/6698/3556 3989/6666/3556 3996/6705/3556
f 3991/6663/3557 3995/6706/3557 3998/6700/3557
f 3993/6660/3558 3994/6707/3558 4000/6697/3558
f 4000/6697/3559 3971/6708/3559 3981/6670/3559
f 3998/6700/3560 3975/6709/3560 3977/6710/3560
f 3983/6686/3561 3996/6705/3561 3973/6684/3561
f 3979/6711/3562 4001/6704/3562 3969/6712/3562
f 3973/6713/3563 3997/6703/3563 3979/6711/3563
f 3994/6701/3564 3977/6710/3564 3971/6690/3564
f 3995/6699/3565 3983/6686/3565 3975/6714/3565
f 3969/6679/3566 4000/6697/3566 3981/6670/3566
f 4010/6715/3567 4004/6716/3567 4007/6717/3567
f 4010/6715/3567 4002/6718/3567 4008/6719/3567
f 4003/6720/3567 4010/6715/3567 4008/6719/3567
f 4005/6721/3567 4010/6715/3567 4006/6722/3567
f 3975/6714/3568 4009/6685/3568 4005/6723/3568
f 3969/6712/3569 4007/6724/3569 3979/6711/3569
f 3977/6710/3570 4005/6725/3570 4006/6691/3570
f 3979/6711/3571 4004/6726/3571 3973/6713/3571
f 4024/6727/3417 4029/6728/3417 4035/6729/3417
f 4020/6730/3418 4030/6731/3418 4033/6732/3418
f 4034/6733/3572 4016/6734/3572 4031/6735/3572
f 4032/6736/3420 4012/6737/3420 4028/6738/3420
f 4023/6739/3421 4045/6740/3421 4050/6741/3421
f 4027/6742/3573 4012/6743/3573 4022/6744/3573
f 4027/6742/3574 4016/6745/3574 4026/6746/3574
f 4023/6739/3575 4044/6747/3575 4011/6748/3575
f 4031/6749/3576 4022/6750/3576 4032/6736/3576
f 4014/6751/3426 4033/6732/3426 4029/6752/3426
f 4015/6753/3577 4051/6754/3577 4025/6755/3577
f 4018/6756/3578 4027/6742/3578 4026/6746/3578
f 4014/6757/3579 4027/6742/3579 4020/6758/3579
f 4013/6759/3580 4048/6760/3580 4045/6761/3580
f 4018/6762/3431 4034/6733/3431 4030/6763/3431
f 4028/6764/3432 4024/6727/3432 4035/6729/3432
f 4043/6765/3433 4035/6729/3433 4042/6766/3433
f 4030/6763/3581 4041/6767/3581 4037/6768/3581
f 4029/6752/3435 4040/6769/3435 4036/6770/3435
f 4038/6771/3436 4032/6736/3436 4039/6772/3436
f 4039/6772/3437 4028/6738/3437 4043/6773/3437
f 4041/6767/3438 4031/6735/3438 4038/6774/3438
f 4033/6732/3439 4037/6775/3439 4040/6769/3439
f 4035/6729/3440 4036/6776/3440 4042/6766/3440
f 4042/6766/3441 4013/6777/3441 4023/6739/3441
f 4040/6769/3442 4017/6778/3442 4019/6779/3442
f 4025/6755/3443 4038/6774/3443 4015/6753/3443
f 4021/6780/3444 4043/6773/3444 4011/6781/3444
f 4015/6782/3582 4039/6772/3582 4021/6780/3582
f 4036/6770/3446 4019/6779/3446 4013/6759/3446
f 4037/6768/3447 4025/6755/3447 4017/6783/3447
f 4011/6748/3448 4042/6766/3448 4023/6739/3448
f 4052/6784/3449 4046/6785/3449 4049/6786/3449
f 4052/6784/3583 4044/6787/3583 4050/6788/3583
f 4045/6789/3449 4052/6784/3449 4050/6788/3449
f 4047/6790/3583 4052/6784/3583 4048/6791/3583
f 4017/6783/3450 4051/6754/3450 4047/6792/3450
f 4011/6781/3451 4049/6793/3451 4021/6780/3451
f 4019/6779/3452 4047/6794/3452 4048/6760/3452
f 4021/6780/3453 4046/6795/3453 4015/6782/3453
f 4066/6796/3584 4071/6797/3584 4077/6798/3584
f 4062/6799/3585 4072/6800/3585 4075/6801/3585
f 4076/6802/3586 4058/6803/3586 4073/6804/3586
f 4074/6805/3587 4054/6806/3587 4070/6807/3587
f 4065/6808/3588 4087/6809/3588 4092/6810/3588
f 4069/6811/3589 4054/6812/3589 4064/6813/3589
f 4069/6811/3590 4058/6814/3590 4068/6815/3590
f 4065/6808/3591 4086/6816/3591 4053/6817/3591
f 4073/6818/3592 4064/6819/3592 4074/6805/3592
f 4056/6820/3593 4075/6801/3593 4071/6821/3593
f 4057/6822/3594 4093/6823/3594 4067/6824/3594
f 4060/6825/3595 4069/6811/3595 4068/6815/3595
f 4056/6826/3596 4069/6811/3596 4062/6827/3596
f 4055/6828/3597 4090/6829/3597 4087/6830/3597
f 4060/6831/3598 4076/6802/3598 4072/6832/3598
f 4070/6833/3599 4066/6796/3599 4077/6798/3599
f 4085/6834/3600 4077/6798/3600 4084/6835/3600
f 4072/6832/3601 4083/6836/3601 4079/6837/3601
f 4071/6821/3602 4082/6838/3602 4078/6839/3602
f 4080/6840/3603 4074/6805/3603 4081/6841/3603
f 4081/6841/3604 4070/6807/3604 4085/6842/3604
f 4083/6836/3605 4073/6804/3605 4080/6843/3605
f 4075/6801/3606 4079/6844/3606 4082/6838/3606
f 4077/6798/3607 4078/6845/3607 4084/6835/3607
f 4084/6835/3608 4055/6846/3608 4065/6808/3608
f 4082/6838/3609 4059/6847/3609 4061/6848/3609
f 4067/6824/3610 4080/6843/3610 4057/6822/3610
f 4063/6849/3611 4085/6842/3611 4053/6850/3611
f 4057/6851/3612 4081/6841/3612 4063/6849/3612
f 4078/6839/3613 4061/6848/3613 4055/6828/3613
f 4079/6837/3614 4067/6824/3614 4059/6852/3614
f 4053/6817/3615 4084/6835/3615 4065/6808/3615
f 4094/6853/3616 4088/6854/3616 4091/6855/3616
f 4094/6853/3616 4086/6856/3616 4092/6857/3616
f 4087/6858/3616 4094/6853/3616 4092/6857/3616
f 4089/6859/3616 4094/6853/3616 4090/6860/3616
f 4059/6852/3617 4093/6823/3617 4089/6861/3617
f 4053/6850/3618 4091/6862/3618 4063/6849/3618
f 4061/6848/3619 4089/6863/3619 4090/6829/3619
f 4063/6849/3620 4088/6864/3620 4057/6851/3620
f 4108/6865/2714 4113/6866/2714 4119/6867/2714
f 4104/6868/2715 4114/6869/2715 4117/6870/2715
f 4118/6871/2716 4100/6872/2716 4115/6873/2716
f 4116/6874/2717 4096/6875/2717 4112/6876/2717
f 4107/6877/2718 4129/6878/2718 4134/6879/2718
f 4111/6880/3621 4096/6881/3621 4106/6882/3621
f 4111/6880/3622 4100/6883/3622 4110/6884/3622
f 4107/6877/2721 4128/6885/2721 4095/6886/2721
f 4115/6887/2722 4106/6888/2722 4116/6874/2722
f 4098/6889/2723 4117/6870/2723 4113/6890/2723
f 4099/6891/2724 4135/6892/2724 4109/6893/2724
f 4102/6894/3623 4111/6880/3623 4110/6884/3623
f 4098/6895/3624 4111/6880/3624 4104/6896/3624
f 4097/6897/2726 4132/6898/2726 4129/6899/2726
f 4102/6900/2727 4118/6871/2727 4114/6901/2727
f 4112/6902/3625 4108/6865/3625 4119/6867/3625
f 4127/6903/2729 4119/6867/2729 4126/6904/2729
f 4114/6901/2730 4125/6905/2730 4121/6906/2730
f 4113/6890/2731 4124/6907/2731 4120/6908/2731
f 4122/6909/2732 4116/6874/2732 4123/6910/2732
f 4123/6910/2733 4112/6876/2733 4127/6911/2733
f 4125/6905/2734 4115/6873/2734 4122/6912/2734
f 4117/6870/3626 4121/6913/3626 4124/6907/3626
f 4119/6867/2736 4120/6914/2736 4126/6904/2736
f 4126/6904/2737 4097/6915/2737 4107/6877/2737
f 4124/6907/2738 4101/6916/2738 4103/6917/2738
f 4109/6893/2739 4122/6912/2739 4099/6891/2739
f 4105/6918/2740 4127/6911/2740 4095/6919/2740
f 4099/6920/2741 4123/6910/2741 4105/6918/2741
f 4120/6908/2742 4103/6917/2742 4097/6897/2742
f 4121/6906/2743 4109/6893/2743 4101/6921/2743
f 4095/6886/3627 4126/6904/3627 4107/6877/3627
f 4136/6922/2745 4130/6923/2745 4133/6924/2745
f 4136/6922/2745 4128/6925/2745 4134/6926/2745
f 4129/6927/2745 4136/6922/2745 4134/6926/2745
f 4131/6928/2745 4136/6922/2745 4132/6929/2745
f 4101/6921/2746 4135/6892/2746 4131/6930/2746
f 4095/6919/2747 4133/6931/2747 4105/6918/2747
f 4103/6917/2748 4131/6932/2748 4132/6898/2748
f 4105/6918/2749 4130/6933/2749 4099/6920/2749
f 4150/6934/2750 4155/6935/2750 4161/6936/2750
f 4146/6937/3628 4156/6938/3628 4159/6939/3628
f 4160/6940/2752 4142/6941/2752 4157/6942/2752
f 4158/6943/2753 4138/6944/2753 4154/6945/2753
f 4149/6946/2754 4171/6947/2754 4176/6948/2754
f 4153/6949/3629 4138/6950/3629 4148/6951/3629
f 4153/6949/3630 4142/6952/3630 4152/6953/3630
f 4149/6946/2757 4170/6954/2757 4137/6955/2757
f 4157/6956/2758 4148/6957/2758 4158/6943/2758
f 4140/6958/2759 4159/6939/2759 4155/6959/2759
f 4141/6960/3631 4177/6961/3631 4151/6962/3631
f 4144/6963/3632 4153/6949/3632 4152/6953/3632
f 4140/6964/3633 4153/6949/3633 4146/6965/3633
f 4139/6966/2763 4174/6967/2763 4171/6968/2763
f 4144/6969/3634 4160/6940/3634 4156/6970/3634
f 4154/6971/3635 4150/6934/3635 4161/6936/3635
f 4169/6972/2766 4161/6936/2766 4168/6973/2766
f 4156/6970/2767 4167/6974/2767 4163/6975/2767
f 4155/6959/3636 4166/6976/3636 4162/6977/3636
f 4164/6978/2769 4158/6943/2769 4165/6979/2769
f 4165/6979/2770 4154/6945/2770 4169/6980/2770
f 4167/6974/2771 4157/6942/2771 4164/6981/2771
f 4159/6939/2772 4163/6982/2772 4166/6976/2772
f 4161/6936/2773 4162/6983/2773 4168/6973/2773
f 4168/6973/2774 4139/6984/2774 4149/6946/2774
f 4166/6976/3637 4143/6985/3637 4145/6986/3637
f 4151/6962/2776 4164/6981/2776 4141/6960/2776
f 4147/6987/2777 4169/6980/2777 4137/6988/2777
f 4141/6989/2778 4165/6979/2778 4147/6987/2778
f 4162/6977/2779 4145/6986/2779 4139/6966/2779
f 4163/6975/2780 4151/6962/2780 4143/6990/2780
f 4137/6955/2781 4168/6973/2781 4149/6946/2781
f 4178/6991/2782 4172/6992/2782 4175/6993/2782
f 4178/6991/2782 4170/6994/2782 4176/6995/2782
f 4171/6996/2782 4178/6991/2782 4176/6995/2782
f 4173/6997/2782 4178/6991/2782 4174/6998/2782
f 4143/6990/3638 4177/6961/3638 4173/6999/3638
f 4137/6988/2784 4175/7000/2784 4147/6987/2784
f 4145/6986/2785 4173/7001/2785 4174/6967/2785
f 4147/6987/2786 4172/7002/2786 4141/6989/2786
f 4192/7003/3639 4197/7004/3639 4203/7005/3639
f 4188/7006/2788 4198/7007/2788 4201/7008/2788
f 4202/7009/2789 4184/7010/2789 4199/7011/2789
f 4200/7012/2790 4180/7013/2790 4196/7014/2790
f 4191/7015/2791 4213/7016/2791 4218/7017/2791
f 4195/7018/3640 4180/7019/3640 4190/7020/3640
f 4195/7018/3641 4184/7021/3641 4194/7022/3641
f 4191/7015/2793 4212/7023/2793 4179/7024/2793
f 4199/7025/2794 4190/7026/2794 4200/7012/2794
f 4182/7027/3642 4201/7008/3642 4197/7028/3642
f 4183/7029/2796 4219/7030/2796 4193/7031/2796
f 4186/7032/3643 4195/7018/3643 4194/7022/3643
f 4182/7033/3644 4195/7018/3644 4188/7034/3644
f 4181/7035/2799 4216/7036/2799 4213/7037/2799
f 4186/7038/2800 4202/7009/2800 4198/7039/2800
f 4196/7040/3645 4192/7003/3645 4203/7005/3645
f 4211/7041/2802 4203/7005/2802 4210/7042/2802
f 4198/7039/2803 4209/7043/2803 4205/7044/2803
f 4197/7028/2804 4208/7045/2804 4204/7046/2804
f 4206/7047/3646 4200/7012/3646 4207/7048/3646
f 4207/7048/2806 4196/7014/2806 4211/7049/2806
f 4209/7043/2807 4199/7011/2807 4206/7050/2807
f 4201/7008/2808 4205/7051/2808 4208/7045/2808
f 4203/7005/3647 4204/7052/3647 4210/7042/3647
f 4210/7042/2810 4181/7053/2810 4191/7015/2810
f 4208/7045/2811 4185/7054/2811 4187/7055/2811
f 4193/7031/2812 4206/7050/2812 4183/7029/2812
f 4189/7056/2813 4211/7049/2813 4179/7057/2813
f 4183/7058/3648 4207/7048/3648 4189/7056/3648
f 4204/7046/2815 4187/7055/2815 4181/7035/2815
f 4205/7044/2816 4193/7031/2816 4185/7059/2816
f 4179/7024/2817 4210/7042/2817 4191/7015/2817
f 4220/7060/2818 4214/7061/2818 4217/7062/2818
f 4220/7060/2818 4212/7063/2818 4218/7064/2818
f 4213/7065/2818 4220/7060/2818 4218/7064/2818
f 4215/7066/2818 4220/7060/2818 4216/7067/2818
f 4185/7059/2819 4219/7030/2819 4215/7068/2819
f 4179/7057/2820 4217/7069/2820 4189/7056/2820
f 4187/7055/3649 4215/7070/3649 4216/7036/3649
f 4189/7056/2822 4214/7071/2822 4183/7058/2822
f 4234/7072/3650 4239/7073/3650 4245/7074/3650
f 4230/7075/3651 4240/7076/3651 4243/7077/3651
f 4244/7078/2752 4226/7079/2752 4241/7080/2752
f 4242/7081/2753 4222/7082/2753 4238/7083/2753
f 4233/7084/2754 4255/7085/2754 4260/7086/2754
f 4237/7087/3652 4222/7088/3652 4232/7089/3652
f 4237/7087/3653 4226/7090/3653 4236/7091/3653
f 4233/7084/2757 4254/7092/2757 4221/7093/2757
f 4241/7094/2758 4232/7095/2758 4242/7081/2758
f 4224/7096/2759 4243/7077/2759 4239/7097/2759
f 4225/7098/3631 4261/7099/3631 4235/7100/3631
f 4228/7101/3654 4237/7087/3654 4236/7091/3654
f 4224/7102/3655 4237/7087/3655 4230/7103/3655
f 4223/7104/2763 4258/7105/2763 4255/7106/2763
f 4228/7107/2764 4244/7078/2764 4240/7108/2764
f 4238/7109/2765 4234/7072/2765 4245/7074/2765
f 4253/7110/2766 4245/7074/2766 4252/7111/2766
f 4240/7108/2767 4251/7112/2767 4247/7113/2767
f 4239/7097/2768 4250/7114/2768 4246/7115/2768
f 4248/7116/2769 4242/7081/2769 4249/7117/2769
f 4249/7117/2770 4238/7083/2770 4253/7118/2770
f 4251/7112/2771 4241/7080/2771 4248/7119/2771
f 4243/7077/2772 4247/7120/2772 4250/7114/2772
f 4245/7074/2773 4246/7121/2773 4252/7111/2773
f 4252/7111/2774 4223/7122/2774 4233/7084/2774
f 4250/7114/3637 4227/7123/3637 4229/7124/3637
f 4235/7100/2776 4248/7119/2776 4225/7098/2776
f 4231/7125/2777 4253/7118/2777 4221/7126/2777
f 4225/7127/2778 4249/7117/2778 4231/7125/2778
f 4246/7115/2779 4229/7124/2779 4223/7104/2779
f 4247/7113/2780 4235/7100/2780 4227/7128/2780
f 4221/7093/3656 4252/7111/3656 4233/7084/3656
f 4262/7129/2782 4256/7130/2782 4259/7131/2782
f 4262/7129/2782 4254/7132/2782 4260/7133/2782
f 4255/7134/2782 4262/7129/2782 4260/7133/2782
f 4257/7135/2782 4262/7129/2782 4258/7136/2782
f 4227/7128/2783 4261/7099/2783 4257/7137/2783
f 4221/7126/2784 4259/7138/2784 4231/7125/2784
f 4229/7124/2785 4257/7139/2785 4258/7105/2785
f 4231/7125/2786 4256/7140/2786 4225/7127/2786
f 4276/7141/2823 4281/7142/2823 4287/7143/2823
f 4272/7144/3657 4282/7145/3657 4285/7146/3657
f 4286/7147/2825 4268/7148/2825 4283/7149/2825
f 4284/7150/2826 4264/7151/2826 4280/7152/2826
f 4275/7153/2827 4297/7154/2827 4302/7155/2827
f 4279/7156/3658 4264/7157/3658 4274/7158/3658
f 4279/7156/3659 4268/7159/3659 4278/7160/3659
f 4275/7153/2830 4296/7161/2830 4263/7162/2830
f 4283/7163/3660 4274/7164/3660 4284/7150/3660
f 4266/7165/2832 4285/7146/2832 4281/7166/2832
f 4267/7167/2833 4303/7168/2833 4277/7169/2833
f 4270/7170/3661 4279/7156/3661 4278/7160/3661
f 4266/7171/3662 4279/7156/3662 4272/7172/3662
f 4265/7173/2836 4300/7174/2836 4297/7175/2836
f 4270/7176/3663 4286/7147/3663 4282/7177/3663
f 4280/7178/2838 4276/7141/2838 4287/7143/2838
f 4295/7179/2839 4287/7143/2839 4294/7180/2839
f 4282/7177/3664 4293/7181/3664 4289/7182/3664
f 4281/7166/3665 4292/7183/3665 4288/7184/3665
f 4290/7185/2842 4284/7150/2842 4291/7186/2842
f 4291/7186/2843 4280/7152/2843 4295/7187/2843
f 4293/7181/2844 4283/7149/2844 4290/7188/2844
f 4285/7146/2845 4289/7189/2845 4292/7183/2845
f 4287/7143/3666 4288/7190/3666 4294/7180/3666
f 4294/7180/2847 4265/7191/2847 4275/7153/2847
f 4292/7183/2848 4269/7192/2848 4271/7193/2848
f 4277/7169/2849 4290/7188/2849 4267/7167/2849
f 4273/7194/2850 4295/7187/2850 4263/7195/2850
f 4267/7196/2851 4291/7186/2851 4273/7194/2851
f 4288/7184/2852 4271/7193/2852 4265/7173/2852
f 4289/7182/2853 4277/7169/2853 4269/7197/2853
f 4263/7162/2854 4294/7180/2854 4275/7153/2854
f 4304/7198/2855 4298/7199/2855 4301/7200/2855
f 4304/7198/2855 4296/7201/2855 4302/7202/2855
f 4297/7203/2855 4304/7198/2855 4302/7202/2855
f 4299/7204/2855 4304/7198/2855 4300/7205/2855
f 4269/7197/2856 4303/7168/2856 4299/7206/2856
f 4263/7195/2857 4301/7207/2857 4273/7194/2857
f 4271/7193/2858 4299/7208/2858 4300/7174/2858
f 4273/7194/2859 4298/7209/2859 4267/7196/2859
f 4318/7210/3667 4323/7211/3667 4329/7212/3667
f 4314/7213/3668 4324/7214/3668 4327/7215/3668
f 4328/7216/3669 4310/7217/3669 4325/7218/3669
f 4326/7219/3670 4306/7220/3670 4322/7221/3670
f 4317/7222/3671 4339/7223/3671 4344/7224/3671
f 4321/7225/3672 4306/7226/3672 4316/7227/3672
f 4321/7225/3673 4310/7228/3673 4320/7229/3673
f 4317/7222/3674 4338/7230/3674 4305/7231/3674
f 4325/7232/3675 4316/7233/3675 4326/7219/3675
f 4308/7234/3676 4327/7215/3676 4323/7235/3676
f 4309/7236/3677 4345/7237/3677 4319/7238/3677
f 4312/7239/3678 4321/7225/3678 4320/7229/3678
f 4308/7240/3679 4321/7225/3679 4314/7241/3679
f 4307/7242/3680 4342/7243/3680 4339/7244/3680
f 4312/7245/3681 4328/7216/3681 4324/7246/3681
f 4322/7247/3682 4318/7210/3682 4329/7212/3682
f 4337/7248/3683 4329/7212/3683 4336/7249/3683
f 4324/7246/3684 4335/7250/3684 4331/7251/3684
f 4323/7235/3685 4334/7252/3685 4330/7253/3685
f 4332/7254/3686 4326/7219/3686 4333/7255/3686
f 4333/7255/3687 4322/7221/3687 4337/7256/3687
f 4335/7250/3688 4325/7218/3688 4332/7257/3688
f 4327/7215/3689 4331/7258/3689 4334/7252/3689
f 4329/7212/3690 4330/7259/3690 4336/7249/3690
f 4336/7249/3691 4307/7260/3691 4317/7222/3691
f 4334/7252/3692 4311/7261/3692 4313/7262/3692
f 4319/7238/3693 4332/7257/3693 4309/7236/3693
f 4315/7263/3694 4337/7256/3694 4305/7264/3694
f 4309/7265/3695 4333/7255/3695 4315/7263/3695
f 4330/7253/3696 4313/7262/3696 4307/7242/3696
f 4331/7251/3697 4319/7238/3697 4311/7266/3697
f 4305/7231/3698 4336/7249/3698 4317/7222/3698
f 4346/7267/3699 4340/7268/3699 4343/7269/3699
f 4346/7267/3699 4338/7270/3699 4344/7271/3699
f 4339/7272/3699 4346/7267/3699 4344/7271/3699
f 4341/7273/3699 4346/7267/3699 4342/7274/3699
f 4311/7266/3700 4345/7237/3700 4341/7275/3700
f 4305/7264/3701 4343/7276/3701 4315/7263/3701
f 4313/7262/3702 4341/7277/3702 4342/7243/3702
f 4315/7263/3703 4340/7278/3703 4309/7265/3703
f 4360/7279/3083 4365/7280/3083 4371/7281/3083
f 4356/7282/3704 4366/7283/3704 4369/7284/3704
f 4370/7285/3085 4352/7286/3085 4367/7287/3085
f 4368/7288/3705 4348/7289/3705 4364/7290/3705
f 4359/7291/3087 4381/7292/3087 4386/7293/3087
f 4363/7294/3706 4348/7295/3706 4358/7296/3706
f 4363/7294/3706 4352/7297/3706 4362/7298/3706
f 4359/7291/3090 4380/7299/3090 4347/7300/3090
f 4367/7301/3707 4358/7302/3707 4368/7288/3707
f 4350/7303/3708 4369/7284/3708 4365/7304/3708
f 4351/7305/3093 4387/7306/3093 4361/7307/3093
f 4354/7308/3709 4363/7294/3709 4362/7298/3709
f 4350/7309/3710 4363/7294/3710 4356/7310/3710
f 4349/7311/3096 4384/7312/3096 4381/7313/3096
f 4354/7314/3097 4370/7285/3097 4366/7315/3097
f 4364/7316/3711 4360/7279/3711 4371/7281/3711
f 4379/7317/3099 4371/7281/3099 4378/7318/3099
f 4366/7315/3100 4377/7319/3100 4373/7320/3100
f 4365/7304/3101 4376/7321/3101 4372/7322/3101
f 4374/7323/3102 4368/7288/3102 4375/7324/3102
f 4375/7324/3103 4364/7290/3103 4379/7325/3103
f 4377/7319/3104 4367/7287/3104 4374/7326/3104
f 4369/7284/3105 4373/7327/3105 4376/7321/3105
f 4371/7281/3106 4372/7328/3106 4378/7318/3106
f 4378/7318/3107 4349/7329/3107 4359/7291/3107
f 4376/7321/3108 4353/7330/3108 4355/7331/3108
f 4361/7307/3109 4374/7326/3109 4351/7305/3109
f 4357/7332/3110 4379/7325/3110 4347/7333/3110
f 4351/7334/3712 4375/7324/3712 4357/7332/3712
f 4372/7322/3112 4355/7331/3112 4349/7311/3112
f 4373/7320/3113 4361/7307/3113 4353/7335/3113
f 4347/7300/3114 4378/7318/3114 4359/7291/3114
f 4388/7336/3115 4382/7337/3115 4385/7338/3115
f 4388/7336/3115 4380/7339/3115 4386/7340/3115
f 4381/7341/3115 4388/7336/3115 4386/7340/3115
f 4383/7342/3115 4388/7336/3115 4384/7343/3115
f 4353/7335/3116 4387/7306/3116 4383/7344/3116
f 4347/7333/3117 4385/7345/3117 4357/7332/3117
f 4355/7331/3118 4383/7346/3118 4384/7312/3118
f 4357/7332/3119 4382/7347/3119 4351/7334/3119
f 4402/7348/3713 4407/7349/3713 4413/7350/3713
f 4398/7351/3121 4408/7352/3121 4411/7353/3121
f 4412/7354/3714 4394/7355/3714 4409/7356/3714
f 4410/7357/3123 4390/7358/3123 4406/7359/3123
f 4401/7360/3715 4423/7361/3715 4428/7362/3715
f 4405/7363/3716 4390/7364/3716 4400/7365/3716
f 4405/7363/3131 4394/7366/3131 4404/7367/3131
f 4401/7360/3127 4422/7368/3127 4389/7369/3127
f 4409/7370/3717 4400/7371/3717 4410/7357/3717
f 4392/7372/3718 4411/7353/3718 4407/7373/3718
f 4393/7374/3130 4429/7375/3130 4403/7376/3130
f 4396/7377/3719 4405/7363/3719 4404/7367/3719
f 4392/7378/3720 4405/7363/3720 4398/7379/3720
f 4391/7380/3132 4426/7381/3132 4423/7382/3132
f 4396/7383/3721 4412/7354/3721 4408/7384/3721
f 4406/7385/3722 4402/7348/3722 4413/7350/3722
f 4421/7386/3135 4413/7350/3135 4420/7387/3135
f 4408/7384/3136 4419/7388/3136 4415/7389/3136
f 4407/7373/3723 4418/7390/3723 4414/7391/3723
f 4416/7392/3138 4410/7357/3138 4417/7393/3138
f 4417/7393/3139 4406/7359/3139 4421/7394/3139
f 4419/7388/3724 4409/7356/3724 4416/7395/3724
f 4411/7353/3141 4415/7396/3141 4418/7390/3141
f 4413/7350/3142 4414/7397/3142 4420/7387/3142
f 4420/7387/3143 4391/7398/3143 4401/7360/3143
f 4418/7390/3144 4395/7399/3144 4397/7400/3144
f 4403/7376/3145 4416/7395/3145 4393/7374/3145
f 4399/7401/3146 4421/7394/3146 4389/7402/3146
f 4393/7403/3725 4417/7393/3725 4399/7401/3725
f 4414/7391/3726 4397/7400/3726 4391/7380/3726
f 4415/7389/3149 4403/7376/3149 4395/7404/3149
f 4389/7369/3150 4420/7387/3150 4401/7360/3150
f 4430/7405/3151 4424/7406/3151 4427/7407/3151
f 4430/7405/3151 4422/7408/3151 4428/7409/3151
f 4423/7410/3152 4430/7405/3152 4428/7409/3152
f 4425/7411/3152 4430/7405/3152 4426/7412/3152
f 4395/7404/3727 4429/7375/3727 4425/7413/3727
f 4389/7402/3154 4427/7414/3154 4399/7401/3154
f 4397/7400/3155 4425/7415/3155 4426/7381/3155
f 4399/7401/3156 4424/7416/3156 4393/7403/3156
f 4444/7417/3046 4449/7418/3046 4455/7419/3046
f 4440/7420/3047 4450/7421/3047 4453/7422/3047
f 4454/7423/3048 4436/7424/3048 4451/7425/3048
f 4452/7426/3728 4432/7427/3728 4448/7428/3728
f 4443/7429/3050 4465/7430/3050 4470/7431/3050
f 4447/7432/3729 4432/7433/3729 4442/7434/3729
f 4447/7432/3058 4436/7435/3058 4446/7436/3058
f 4443/7429/3053 4464/7437/3053 4431/7438/3053
f 4451/7439/3730 4442/7440/3730 4452/7426/3730
f 4434/7441/3731 4453/7422/3731 4449/7442/3731
f 4435/7443/3056 4471/7444/3056 4445/7445/3056
f 4438/7446/3732 4447/7432/3732 4446/7436/3732
f 4434/7447/3733 4447/7432/3733 4440/7448/3733
f 4433/7449/3059 4468/7450/3059 4465/7451/3059
f 4438/7452/3060 4454/7423/3060 4450/7453/3060
f 4448/7454/3061 4444/7417/3061 4455/7419/3061
f 4463/7455/3062 4455/7419/3062 4462/7456/3062
f 4450/7453/3734 4461/7457/3734 4457/7458/3734
f 4449/7442/3064 4460/7459/3064 4456/7460/3064
f 4458/7461/3065 4452/7426/3065 4459/7462/3065
f 4459/7462/3066 4448/7428/3066 4463/7463/3066
f 4461/7457/3067 4451/7425/3067 4458/7464/3067
f 4453/7422/3068 4457/7465/3068 4460/7459/3068
f 4455/7419/3069 4456/7466/3069 4462/7456/3069
f 4462/7456/3070 4433/7467/3070 4443/7429/3070
f 4460/7459/3735 4437/7468/3735 4439/7469/3735
f 4445/7445/3072 4458/7464/3072 4435/7443/3072
f 4441/7470/3073 4463/7463/3073 4431/7471/3073
f 4435/7472/3074 4459/7462/3074 4441/7470/3074
f 4456/7460/3075 4439/7469/3075 4433/7449/3075
f 4457/7458/3076 4445/7445/3076 4437/7473/3076
f 4431/7438/3077 4462/7456/3077 4443/7429/3077
f 4472/7474/3078 4466/7475/3078 4469/7476/3078
f 4472/7474/3736 4464/7477/3736 4470/7478/3736
f 4465/7479/3078 4472/7474/3078 4470/7478/3078
f 4467/7480/3078 4472/7474/3078 4468/7481/3078
f 4437/7473/3079 4471/7444/3079 4467/7482/3079
f 4431/7471/3080 4469/7483/3080 4441/7470/3080
f 4439/7469/3081 4467/7484/3081 4468/7450/3081
f 4441/7470/3082 4466/7485/3082 4435/7472/3082
f 4486/7486/3120 4491/7487/3120 4497/7488/3120
f 4482/7489/3121 4492/7490/3121 4495/7491/3121
f 4496/7492/3122 4478/7493/3122 4493/7494/3122
f 4494/7495/3123 4474/7496/3123 4490/7497/3123
f 4485/7498/3715 4507/7499/3715 4512/7500/3715
f 4489/7501/3737 4474/7502/3737 4484/7503/3737
f 4489/7501/3738 4478/7504/3738 4488/7505/3738
f 4485/7498/3127 4506/7506/3127 4473/7507/3127
f 4493/7508/3739 4484/7509/3739 4494/7495/3739
f 4476/7510/3129 4495/7491/3129 4491/7511/3129
f 4477/7512/3130 4513/7513/3130 4487/7514/3130
f 4480/7515/3740 4489/7501/3740 4488/7505/3740
f 4476/7516/3741 4489/7501/3741 4482/7517/3741
f 4475/7518/3132 4510/7519/3132 4507/7520/3132
f 4480/7521/3742 4496/7492/3742 4492/7522/3742
f 4490/7523/3722 4486/7486/3722 4497/7488/3722
f 4505/7524/3135 4497/7488/3135 4504/7525/3135
f 4492/7522/3136 4503/7526/3136 4499/7527/3136
f 4491/7511/3743 4502/7528/3743 4498/7529/3743
f 4500/7530/3138 4494/7495/3138 4501/7531/3138
f 4501/7531/3139 4490/7497/3139 4505/7532/3139
f 4503/7526/3724 4493/7494/3724 4500/7533/3724
f 4495/7491/3141 4499/7534/3141 4502/7528/3141
f 4497/7488/3142 4498/7535/3142 4504/7525/3142
f 4504/7525/3143 4475/7536/3143 4485/7498/3143
f 4502/7528/3144 4479/7537/3144 4481/7538/3144
f 4487/7514/3145 4500/7533/3145 4477/7512/3145
f 4483/7539/3146 4505/7532/3146 4473/7540/3146
f 4477/7541/3147 4501/7531/3147 4483/7539/3147
f 4498/7529/3726 4481/7538/3726 4475/7518/3726
f 4499/7527/3149 4487/7514/3149 4479/7542/3149
f 4473/7507/3150 4504/7525/3150 4485/7498/3150
f 4514/7543/3152 4508/7544/3152 4511/7545/3152
f 4514/7543/3151 4506/7546/3151 4512/7547/3151
f 4507/7548/3152 4514/7543/3152 4512/7547/3152
f 4509/7549/3152 4514/7543/3152 4510/7550/3152
f 4479/7542/3153 4513/7513/3153 4509/7551/3153
f 4473/7540/3744 4511/7552/3744 4483/7539/3744
f 4481/7538/3155 4509/7553/3155 4510/7519/3155
f 4483/7539/3156 4508/7554/3156 4477/7541/3156
f 4528/7555/3120 4533/7556/3120 4539/7557/3120
f 4524/7558/3121 4534/7559/3121 4537/7560/3121
f 4538/7561/3745 4520/7562/3745 4535/7563/3745
f 4536/7564/3123 4516/7565/3123 4532/7566/3123
f 4527/7567/3715 4549/7568/3715 4554/7569/3715
f 4531/7570/3746 4516/7571/3746 4526/7572/3746
f 4531/7570/3747 4520/7573/3747 4530/7574/3747
f 4527/7567/3748 4548/7575/3748 4515/7576/3748
f 4535/7577/3717 4526/7578/3717 4536/7564/3717
f 4518/7579/3129 4537/7560/3129 4533/7580/3129
f 4519/7581/3130 4555/7582/3130 4529/7583/3130
f 4522/7584/3749 4531/7570/3749 4530/7574/3749
f 4518/7585/3750 4531/7570/3750 4524/7586/3750
f 4517/7587/3132 4552/7588/3132 4549/7589/3132
f 4522/7590/3742 4538/7561/3742 4534/7591/3742
f 4532/7592/3722 4528/7555/3722 4539/7557/3722
f 4547/7593/3135 4539/7557/3135 4546/7594/3135
f 4534/7591/3136 4545/7595/3136 4541/7596/3136
f 4533/7580/3137 4544/7597/3137 4540/7598/3137
f 4542/7599/3138 4536/7564/3138 4543/7600/3138
f 4543/7600/3139 4532/7566/3139 4547/7601/3139
f 4545/7595/3140 4535/7563/3140 4542/7602/3140
f 4537/7560/3141 4541/7603/3141 4544/7597/3141
f 4539/7557/3142 4540/7604/3142 4546/7594/3142
f 4546/7594/3143 4517/7605/3143 4527/7567/3143
f 4544/7597/3144 4521/7606/3144 4523/7607/3144
f 4529/7583/3145 4542/7602/3145 4519/7581/3145
f 4525/7608/3146 4547/7601/3146 4515/7609/3146
f 4519/7610/3725 4543/7600/3725 4525/7608/3725
f 4540/7598/3726 4523/7607/3726 4517/7587/3726
f 4541/7596/3149 4529/7583/3149 4521/7611/3149
f 4515/7576/3150 4546/7594/3150 4527/7567/3150
f 4556/7612/3152 4550/7613/3152 4553/7614/3152
f 4556/7612/3152 4548/7615/3152 4554/7616/3152
f 4549/7617/3152 4556/7612/3152 4554/7616/3152
f 4551/7618/3152 4556/7612/3152 4552/7619/3152
f 4521/7611/3153 4555/7582/3153 4551/7620/3153
f 4515/7609/3751 4553/7621/3751 4525/7608/3751
f 4523/7607/3155 4551/7622/3155 4552/7588/3155
f 4525/7608/3156 4550/7623/3156 4519/7610/3156
f 4570/7624/3752 4575/7625/3752 4581/7626/3752
f 4566/7627/3753 4576/7628/3753 4579/7629/3753
f 4580/7630/3754 4562/7631/3754 4577/7632/3754
f 4578/7633/3755 4558/7634/3755 4574/7635/3755
f 4569/7636/3756 4591/7637/3756 4596/7638/3756
f 4573/7639/3757 4558/7640/3757 4568/7641/3757
f 4573/7639/3757 4562/7642/3757 4572/7643/3757
f 4569/7636/3758 4590/7644/3758 4557/7645/3758
f 4577/7646/3759 4568/7647/3759 4578/7633/3759
f 4560/7648/3760 4579/7629/3760 4575/7649/3760
f 4561/7650/3761 4597/7651/3761 4571/7652/3761
f 4564/7653/3762 4573/7639/3762 4572/7643/3762
f 4560/7654/3763 4573/7639/3763 4566/7655/3763
f 4559/7656/3764 4594/7657/3764 4591/7658/3764
f 4564/7659/3765 4580/7630/3765 4576/7660/3765
f 4574/7661/3766 4570/7624/3766 4581/7626/3766
f 4589/7662/3767 4581/7626/3767 4588/7663/3767
f 4576/7660/3768 4587/7664/3768 4583/7665/3768
f 4575/7649/3769 4586/7666/3769 4582/7667/3769
f 4584/7668/3770 4578/7633/3770 4585/7669/3770
f 4585/7669/3771 4574/7635/3771 4589/7670/3771
f 4587/7664/3772 4577/7632/3772 4584/7671/3772
f 4579/7629/3773 4583/7672/3773 4586/7666/3773
f 4581/7626/3774 4582/7673/3774 4588/7663/3774
f 4588/7663/3775 4559/7674/3775 4569/7636/3775
f 4586/7666/3776 4563/7675/3776 4565/7676/3776
f 4571/7652/3777 4584/7671/3777 4561/7650/3777
f 4567/7677/3778 4589/7670/3778 4557/7678/3778
f 4561/7679/3779 4585/7669/3779 4567/7677/3779
f 4582/7667/3780 4565/7676/3780 4559/7656/3780
f 4583/7665/3781 4571/7652/3781 4563/7680/3781
f 4557/7645/3782 4588/7663/3782 4569/7636/3782
f 4598/7681/3783 4592/7682/3783 4595/7683/3783
f 4598/7681/3783 4590/7684/3783 4596/7685/3783
f 4591/7686/3783 4598/7681/3783 4596/7685/3783
f 4593/7687/3783 4598/7681/3783 4594/7688/3783
f 4563/7680/3784 4597/7651/3784 4593/7689/3784
f 4557/7678/3785 4595/7690/3785 4567/7677/3785
f 4565/7676/3786 4593/7691/3786 4594/7657/3786
f 4567/7677/3787 4592/7692/3787 4561/7679/3787
f 4612/7693/3788 4617/7694/3788 4623/7695/3788
f 4608/7696/3789 4618/7697/3789 4621/7698/3789
f 4622/7699/3790 4604/7700/3790 4619/7701/3790
f 4620/7702/3791 4600/7703/3791 4616/7704/3791
f 4611/7705/3792 4633/7706/3792 4638/7707/3792
f 4615/7708/3793 4600/7709/3793 4610/7710/3793
f 4615/7708/3794 4604/7711/3794 4614/7712/3794
f 4611/7705/3795 4632/7713/3795 4599/7714/3795
f 4619/7715/3796 4610/7716/3796 4620/7702/3796
f 4602/7717/3797 4621/7698/3797 4617/7718/3797
f 4603/7719/3798 4639/7720/3798 4613/7721/3798
f 4606/7722/3793 4615/7708/3793 4614/7712/3793
f 4602/7723/3793 4615/7708/3793 4608/7724/3793
f 4601/7725/3799 4636/7726/3799 4633/7727/3799
f 4606/7728/3800 4622/7699/3800 4618/7729/3800
f 4616/7730/3801 4612/7693/3801 4623/7695/3801
f 4631/7731/3802 4623/7695/3802 4630/7732/3802
f 4618/7729/3803 4629/7733/3803 4625/7734/3803
f 4617/7718/3804 4628/7735/3804 4624/7736/3804
f 4626/7737/3805 4620/7702/3805 4627/7738/3805
f 4627/7738/3806 4616/7704/3806 4631/7739/3806
f 4629/7733/3807 4619/7701/3807 4626/7740/3807
f 4621/7698/3808 4625/7741/3808 4628/7735/3808
f 4623/7695/3809 4624/7742/3809 4630/7732/3809
f 4630/7732/3810 4601/7743/3810 4611/7705/3810
f 4628/7735/3811 4605/7744/3811 4607/7745/3811
f 4613/7721/3812 4626/7740/3812 4603/7719/3812
f 4609/7746/3813 4631/7739/3813 4599/7747/3813
f 4603/7748/3814 4627/7738/3814 4609/7746/3814
f 4624/7736/3815 4607/7745/3815 4601/7725/3815
f 4625/7734/3816 4613/7721/3816 4605/7749/3816
f 4599/7714/3817 4630/7732/3817 4611/7705/3817
f 4640/7750/3818 4634/7751/3818 4637/7752/3818
f 4640/7750/3818 4632/7753/3818 4638/7754/3818
f 4633/7755/3818 4640/7750/3818 4638/7754/3818
f 4635/7756/3818 4640/7750/3818 4636/7757/3818
f 4605/7749/3819 4639/7720/3819 4635/7758/3819
f 4599/7747/3820 4637/7759/3820 4609/7746/3820
f 4607/7745/3821 4635/7760/3821 4636/7726/3821
f 4609/7746/3822 4634/7761/3822 4603/7748/3822
f 4654/7762/3823 4659/7763/3823 4665/7764/3823
f 4650/7765/3824 4660/7766/3824 4663/7767/3824
f 4664/7768/3825 4646/7769/3825 4661/7770/3825
f 4662/7771/3826 4642/7772/3826 4658/7773/3826
f 4653/7774/3827 4675/7775/3827 4680/7776/3827
f 4657/7777/3828 4642/7778/3828 4652/7779/3828
f 4657/7777/3829 4646/7780/3829 4656/7781/3829
f 4653/7774/3830 4674/7782/3830 4641/7783/3830
f 4661/7784/3831 4652/7785/3831 4662/7771/3831
f 4644/7786/3832 4663/7767/3832 4659/7787/3832
f 4645/7788/3833 4681/7789/3833 4655/7790/3833
f 4648/7791/3829 4657/7777/3829 4656/7781/3829
f 4644/7792/3829 4657/7777/3829 4650/7793/3829
f 4643/7794/3834 4678/7795/3834 4675/7796/3834
f 4648/7797/3835 4664/7768/3835 4660/7798/3835
f 4658/7799/3836 4654/7762/3836 4665/7764/3836
f 4673/7800/3837 4665/7764/3837 4672/7801/3837
f 4660/7798/3838 4671/7802/3838 4667/7803/3838
f 4659/7787/3839 4670/7804/3839 4666/7805/3839
f 4668/7806/3840 4662/7771/3840 4669/7807/3840
f 4669/7807/3841 4658/7773/3841 4673/7808/3841
f 4671/7802/3842 4661/7770/3842 4668/7809/3842
f 4663/7767/3843 4667/7810/3843 4670/7804/3843
f 4665/7764/3844 4666/7811/3844 4672/7801/3844
f 4672/7801/3845 4643/7812/3845 4653/7774/3845
f 4670/7804/3846 4647/7813/3846 4649/7814/3846
f 4655/7790/3847 4668/7809/3847 4645/7788/3847
f 4651/7815/3848 4673/7808/3848 4641/7816/3848
f 4645/7817/3849 4669/7807/3849 4651/7815/3849
f 4666/7805/3850 4649/7814/3850 4643/7794/3850
f 4667/7803/3851 4655/7790/3851 4647/7818/3851
f 4641/7783/3852 4672/7801/3852 4653/7774/3852
f 4682/7819/3853 4676/7820/3853 4679/7821/3853
f 4682/7819/3853 4674/7822/3853 4680/7823/3853
f 4675/7824/3853 4682/7819/3853 4680/7823/3853
f 4677/7825/3853 4682/7819/3853 4678/7826/3853
f 4647/7818/3854 4681/7789/3854 4677/7827/3854
f 4641/7816/3855 4679/7828/3855 4651/7815/3855
f 4649/7814/3856 4677/7829/3856 4678/7795/3856
f 4651/7815/3857 4676/7830/3857 4645/7817/3857
f 4696/7831/3858 4701/7832/3858 4707/7833/3858
f 4692/7834/3859 4702/7835/3859 4705/7836/3859
f 4706/7837/3860 4688/7838/3860 4703/7839/3860
f 4704/7840/3861 4684/7841/3861 4700/7842/3861
f 4695/7843/3862 4717/7844/3862 4722/7845/3862
f 4699/7846/3863 4684/7847/3863 4694/7848/3863
f 4699/7846/3864 4688/7849/3864 4698/7850/3864
f 4695/7843/3865 4716/7851/3865 4683/7852/3865
f 4703/7853/3866 4694/7854/3866 4704/7840/3866
f 4686/7855/3867 4705/7836/3867 4701/7856/3867
f 4687/7857/3868 4723/7858/3868 4697/7859/3868
f 4690/7860/3869 4699/7846/3869 4698/7850/3869
f 4686/7861/3870 4699/7846/3870 4692/7862/3870
f 4685/7863/3871 4720/7864/3871 4717/7865/3871
f 4690/7866/3872 4706/7837/3872 4702/7867/3872
f 4700/7868/3873 4696/7831/3873 4707/7833/3873
f 4715/7869/3874 4707/7833/3874 4714/7870/3874
f 4702/7867/3875 4713/7871/3875 4709/7872/3875
f 4701/7856/3876 4712/7873/3876 4708/7874/3876
f 4710/7875/3877 4704/7840/3877 4711/7876/3877
f 4711/7876/3878 4700/7842/3878 4715/7877/3878
f 4713/7871/3879 4703/7839/3879 4710/7878/3879
f 4705/7836/3880 4709/7879/3880 4712/7873/3880
f 4707/7833/3881 4708/7880/3881 4714/7870/3881
f 4714/7870/3882 4685/7881/3882 4695/7843/3882
f 4712/7873/3883 4689/7882/3883 4691/7883/3883
f 4697/7859/3884 4710/7878/3884 4687/7857/3884
f 4693/7884/3885 4715/7877/3885 4683/7885/3885
f 4687/7886/3886 4711/7876/3886 4693/7884/3886
f 4708/7874/3887 4691/7883/3887 4685/7863/3887
f 4709/7872/3888 4697/7859/3888 4689/7887/3888
f 4683/7852/3889 4714/7870/3889 4695/7843/3889
f 4724/7888/3890 4718/7889/3890 4721/7890/3890
f 4724/7888/3890 4716/7891/3890 4722/7892/3890
f 4717/7893/3890 4724/7888/3890 4722/7892/3890
f 4719/7894/3890 4724/7888/3890 4720/7895/3890
f 4689/7887/3891 4723/7858/3891 4719/7896/3891
f 4683/7885/3892 4721/7897/3892 4693/7884/3892
f 4691/7883/3893 4719/7898/3893 4720/7864/3893
f 4693/7884/3894 4718/7899/3894 4687/7886/3894
f 328/469/3895 4730/634/3895 65/7900/3895
f 327/69/3896 4727/181/3896 60/68/3896
f 66/60/3897 4738/151/3897 4726/584/3897
f 59/166/3898 4737/185/3898 4728/582/3898
f 62/534/3899 4736/178/3899 4731/184/3899
f 240/66/3900 4732/520/3900 63/161/3900
f 61/7901/3901 4734/155/3901 4725/471/3901
f 198/164/3902 4729/152/3902 64/468/3902
f 63/632/3903 4733/187/3903 198/164/3903
f 282/168/3904 4731/184/3904 4737/185/3904
f 60/68/3905 4735/183/3905 240/66/3905
f 239/536/3906 4725/7902/3906 4736/178/3906
f 59/71/3907 4739/160/3907 327/69/3907
f 199/162/3908 4726/584/3908 4734/155/3908
f 64/468/3909 4740/154/3909 328/469/3909
f 281/533/3910 4730/149/3910 4738/151/3910
f 10/1/3911 18/7903/3911 314/2/3911
f 311/3/3912 7/54/3912 8/4/3912
f 183/6/3 181/57/3 5/7/3
f 950/9/3913 31/2212/3913 318/10/3913
f 224/12/5 3/52/5 4/13/5
f 266/15/6 265/27/6 1/16/6
f 310/18/7 313/49/7 12/19/7
f 958/21/3914 949/479/3914 26/22/3914
f 267/24/3915 10/597/3915 11/25/3915
f 265/27/3916 12/7904/3916 24/28/3916
f 184/30/3917 1/16/3917 25/31/3917
f 956/33/3918 946/7905/3918 28/34/3918
f 184/30/13 14/485/13 16/36/13
f 1095/38/3919 1042/2386/3919 1035/39/3919
f 223/41/15 225/56/15 15/42/15
f 14/44/3920 20/102/3920 227/45/3920
f 187/46/3921 323/117/3921 47/47/3921
f 313/49/3922 5/7/3922 23/50/3922
f 3/52/3923 21/129/3923 269/53/3923
f 7/54/3924 19/647/3924 228/55/3924
f 181/57/3925 15/7906/3925 22/58/3925
f 66/60/3926 199/162/3926 245/61/3926
f 65/63/3927 281/533/3927 205/64/3927
f 240/66/3928 229/74/3928 333/67/3928
f 327/69/3929 188/202/3929 334/70/3929
f 334/70/3930 188/202/3930 326/72/3930
f 229/74/3931 238/128/3931 46/75/3931
f 245/61/3932 317/163/3932 53/76/3932
f 1094/78/3933 1093/7907/3933 977/79/3933
f 1092/81/3934 1091/2214/3934 1027/82/3934
f 1005/84/3935 991/1993/3935 1040/85/3935
f 353/87/3936 972/483/3936 973/88/3936
f 947/90/3937 32/2006/3937 272/91/3937
f 952/93/34 33/478/34 231/94/34
f 945/96/3938 34/7908/3938 189/97/3938
f 951/99/3939 29/7909/3939 190/100/3939
f 20/102/37 55/104/37 233/103/37
f 55/104/3940 54/106/3940 234/105/3940
f 54/106/3941 53/206/3941 235/107/3941
f 268/29/40 24/28/40 58/108/40
f 275/109/3942 58/108/3942 57/110/3942
f 57/110/3943 56/538/3943 277/112/3943
f 315/51/43 23/50/43 49/113/43
f 321/114/3944 49/113/3944 48/115/3944
f 322/116/3945 48/115/3945 47/47/3945
f 186/32/46 25/31/46 50/118/46
f 50/118/3946 51/121/3946 193/120/3946
f 51/121/3947 52/588/3947 194/77/3947
f 228/122/49 19/636/49 44/123/49
f 236/125/3948 44/635/3948 45/126/3948
f 237/127/3949 45/126/3949 46/75/3949
f 21/129/52 38/131/52 278/130/52
f 38/131/3950 39/133/3950 279/132/3950
f 39/133/3951 40/524/3951 280/134/3951
f 185/135/55 22/523/55 43/136/55
f 195/138/3952 43/7910/3952 42/139/3952
f 196/140/3953 42/139/3953 41/141/3953
f 18/143/58 37/7911/58 324/144/58
f 37/146/3954 36/7912/3954 325/147/3954
f 325/147/3955 36/7912/3955 17/73/3955
f 4730/149/3956 73/198/3956 283/150/3956
f 4729/152/3957 72/196/3957 330/153/3957
f 4734/155/3958 4726/584/3958 74/156/3958
f 4728/158/3959 27/170/3959 329/159/3959
f 63/161/3960 288/464/3960 229/74/3960
f 199/162/3961 61/7901/3961 317/163/3961
f 198/164/3962 64/468/3962 287/48/3962
f 59/166/3963 334/204/3963 204/167/3963
f 74/156/3964 81/580/3964 203/169/3964
f 27/170/3965 67/188/3965 331/171/3965
f 200/172/3966 71/7913/3966 78/173/3966
f 284/175/3967 70/519/3967 77/176/3967
f 4736/178/3968 4725/7902/3968 69/179/3968
f 4727/181/3969 68/201/3969 242/182/3969
f 4731/184/3970 70/519/3970 284/175/3970
f 4732/186/3971 71/7913/3971 200/172/3971
f 67/188/3972 83/216/3972 335/189/3972
f 202/174/3973 78/173/3973 87/190/3973
f 77/176/3974 86/513/3974 290/192/3974
f 244/193/3975 75/631/3975 84/194/3975
f 72/196/3976 79/221/3976 332/197/3976
f 73/198/3977 80/7914/3977 285/199/3977
f 69/179/3978 76/7915/3978 243/200/3978
f 68/201/3975 75/631/3975 244/193/3975
f 46/75/3979 326/72/3979 188/202/3979
f 17/203/3980 280/134/3980 204/167/3980
f 287/48/3981 47/47/3981 197/142/3981
f 317/205/3982 230/535/3982 235/107/3982
f 89/207/3983 96/7916/3983 291/208/3983
f 336/210/3984 88/460/3984 95/211/3984
f 90/213/3985 97/573/3985 209/214/3985
f 83/216/3986 82/231/3986 337/217/3986
f 81/218/3987 90/578/3987 207/219/3987
f 79/221/3988 88/460/3988 336/210/3988
f 80/222/3989 89/7917/3989 289/223/3989
f 76/225/3990 85/462/3990 247/226/3990
f 209/228/3991 97/7918/3991 105/229/3991
f 82/231/3992 98/272/3992 339/232/3992
f 94/233/3993 102/245/3993 210/234/3993
f 292/236/3994 93/244/3994 101/237/3994
f 85/239/3995 92/259/3995 249/240/3995
f 248/195/3996 84/194/3996 91/242/3996
f 290/192/3997 86/513/3997 93/244/3997
f 87/190/3998 94/233/3998 208/235/3998
f 102/245/3999 117/7919/3999 212/246/3999
f 294/238/4000 101/237/4000 116/247/4000
f 99/249/4001 114/623/4001 255/250/4001
f 251/252/4002 100/7920/4002 115/253/4002
f 338/212/4003 95/211/4003 103/255/4003
f 291/208/4004 96/7916/4004 104/257/4004
f 92/259/4005 100/7921/4005 251/260/4005
f 91/242/4006 99/249/4006 252/251/4006
f 1253/261/4007 375/608/4007 385/262/4007
f 1244/264/4008 1249/2426/4008 366/265/4008
f 1245/267/4009 378/459/4009 384/268/4009
f 1250/270/4010 1243/263/4010 385/262/4010
f 98/272/4011 113/7922/4011 341/273/4011
f 211/274/4012 105/568/4012 120/275/4012
f 340/256/4013 103/255/4013 118/277/4013
f 104/257/4014 119/7923/4014 295/279/4014
f 494/280/4015 131/561/4015 346/281/4015
f 418/283/4016 1269/7924/4016 1270/284/4016
f 422/286/4017 418/823/4017 125/287/4017
f 1292/289/4018 1352/7925/4018 135/290/4018
f 459/292/4019 133/618/4019 300/293/4019
f 1284/295/4020 417/7926/4020 122/296/4020
f 544/298/4021 545/793/4021 403/299/4021
f 538/301/4022 354/795/4022 352/302/4022
f 905/304/4023 652/7927/4023 675/305/4023
f 421/307/4024 121/453/4024 258/308/4024
f 1273/310/4025 1274/7928/4025 126/311/4025
f 458/313/4026 455/903/4026 126/314/4026
f 1271/316/4027 454/7929/4027 124/317/4027
f 456/319/4028 123/494/4028 217/320/4028
f 534/322/4029 533/451/4029 401/323/4029
f 827/325/4030 825/7930/4030 592/326/4030
f 548/328/4031 399/562/4031 400/329/4031
f 1308/331/4032 461/7931/4032 134/332/4032
f 499/334/4033 496/999/4033 135/335/4033
f 1296/337/4034 497/7932/4034 132/338/4034
f 465/340/4035 460/917/4035 136/341/4035
f 1312/343/4036 1319/7933/4036 136/344/4036
f 432/346/4037 148/448/4037 260/347/4037
f 427/349/4038 147/447/4038 261/350/4038
f 433/352/4039 143/1751/4039 1287/353/4039
f 1286/355/4040 425/7934/4040 144/356/4040
f 436/358/4041 434/7935/4041 145/359/4041
f 429/361/4042 426/834/4042 146/362/4042
f 434/364/4043 1288/7936/4043 1289/365/4043
f 426/367/4044 1290/7937/4044 1291/368/4044
f 1282/370/4045 482/7938/4045 158/371/4045
f 1298/373/4046 490/7939/4046 157/374/4046
f 485/376/4047 481/970/4047 154/377/4047
f 492/379/4048 488/985/4048 153/380/4048
f 1277/382/4049 1295/7940/4049 154/383/4049
f 488/385/4050 1294/7941/4050 1293/386/4050
f 484/388/4051 155/560/4051 348/389/4051
f 489/391/4052 156/558/4052 349/392/4052
f 439/394/4053 168/489/4053 221/395/4053
f 448/397/4054 167/487/4054 222/398/4054
f 442/400/4055 169/7942/4055 1301/401/4055
f 1302/403/4056 449/7943/4056 170/404/4056
f 444/406/4057 438/872/4057 166/407/4057
f 451/409/4058 447/7944/4058 165/410/4058
f 438/412/4059 1304/7945/4059 1305/413/4059
f 1306/415/4060 1307/7946/4060 165/416/4060
f 1280/418/4061 1315/7947/4061 179/419/4061
f 1314/421/4062 1313/7948/4062 180/422/4062
f 479/424/4063 477/953/4063 179/425/4063
f 472/427/4064 470/7949/4064 180/428/4064
f 473/430/4065 172/7950/4065 1311/431/4065
f 1310/433/4066 466/7951/4066 171/434/4066
f 476/436/4067 173/611/4067 304/437/4067
f 467/439/4068 174/609/4068 305/440/4068
f 450/399/4069 222/398/4069 170/442/4069
f 443/444/4070 221/880/4070 169/445/4070
f 427/349/4071 429/361/4071 220/363/4071
f 432/346/4072 436/358/4072 219/360/4072
f 457/321/4073 217/320/4073 124/449/4073
f 533/451/4074 530/1092/4074 414/452/4074
f 421/307/4075 422/286/4075 218/288/4075
f 100/454/4076 211/274/4076 213/276/4076
f 1244/264/4077 373/266/4077 383/456/4077
f 1245/267/4078 1247/7952/4078 377/458/4078
f 210/234/4079 212/246/4079 118/277/4079
f 88/460/4080 206/191/4080 208/235/4080
f 95/211/4081 208/235/4081 210/234/4081
f 209/214/4082 211/274/4082 100/454/4082
f 76/225/4083 203/220/4083 207/219/4083
f 85/463/4084 207/215/4084 209/214/4084
f 238/128/4085 229/74/4085 288/464/4085
f 79/221/4086 202/174/4086 206/191/4086
f 4733/187/4087 200/172/4087 72/196/4087
f 72/196/4088 200/172/4088 202/174/4088
f 201/157/4089 203/169/4089 76/466/4089
f 64/468/4090 328/469/4090 187/46/4090
f 328/469/4091 65/7900/4091 271/470/4091
f 4725/471/4092 4734/155/4092 201/157/4092
f 48/115/4093 196/140/4093 197/142/4093
f 49/113/4094 195/138/4094 196/140/4094
f 23/472/55 185/135/55 195/137/55
f 193/120/4095 194/77/4095 53/76/4095
f 192/119/4096 193/120/4096 54/474/4096
f 20/476/46 186/32/46 192/119/46
f 953/477/203 190/7953/203 33/478/203
f 954/98/204 189/97/204 26/22/204
f 1005/480/4097 1041/2187/4097 1032/481/4097
f 320/482/4098 962/1987/4098 972/483/4098
f 5/7/4099 181/57/4099 185/59/4099
f 246/165/4100 197/142/4100 41/141/4100
f 1/16/13 184/30/13 182/37/13
f 14/485/4101 184/30/4101 186/32/4101
f 13/486/3 15/7906/3 181/57/3
f 448/397/4102 451/409/4102 263/411/4102
f 439/394/4103 444/862/4103 262/488/4103
f 430/351/4104 261/350/4104 144/490/4104
f 437/348/4105 260/347/4105 143/492/4105
f 456/319/4106 458/313/4106 259/315/4106
f 423/309/4107 258/308/4107 122/495/4107
f 529/497/4108 397/783/4108 398/498/4108
f 833/500/4109 662/7954/4109 585/501/4109
f 1252/503/4110 1246/269/4110 384/268/4110
f 1248/505/4111 381/552/4111 382/506/4111
f 94/508/4112 250/243/4112 252/251/4112
f 93/244/4113 249/240/4113 251/260/4113
f 101/237/4114 251/260/4114 253/510/4114
f 102/509/223 252/251/223 255/250/223
f 248/195/4115 250/243/4115 94/508/4115
f 86/513/4116 247/241/4116 249/240/4116
f 243/227/4117 247/226/4117 86/514/4117
f 323/117/4118 187/46/4118 271/470/4118
f 71/517/84 242/182/84 244/193/84
f 70/519/83 241/180/83 243/200/83
f 78/518/4119 244/193/4119 248/195/4119
f 4735/183/4120 242/182/4120 71/517/4120
f 4731/184/4121 4736/178/4121 241/180/4121
f 42/521/4122 237/127/4122 238/128/4122
f 43/522/4123 236/125/4123 237/127/4123
f 228/122/49 236/124/49 43/136/49
f 234/105/4124 235/107/4124 40/524/4124
f 233/103/4125 234/105/4125 39/133/4125
f 227/45/37 233/103/37 38/131/37
f 948/525/4126 955/95/4126 231/94/4126
f 307/527/4127 309/2012/4127 960/528/4127
f 987/530/239 966/640/239 967/531/239
f 281/533/4128 66/60/4128 270/62/4128
f 62/534/4129 316/579/4129 230/535/4129
f 225/56/4130 228/55/4130 22/537/4130
f 205/64/4131 277/112/4131 56/538/4131
f 224/12/4132 227/45/4132 21/129/4132
f 7/54/15 225/56/15 223/41/15
f 945/539/4133 956/33/4133 232/35/4133
f 14/44/5 224/12/5 226/14/5
f 307/542/247 969/1998/247 970/543/247
f 1247/545/4134 1257/626/4134 379/546/4134
f 274/548/4135 975/1999/4135 965/549/4135
f 1248/505/4136 1255/2418/4136 362/551/4136
f 471/441/4137 305/440/4137 171/553/4137
f 478/555/4138 304/7955/4138 172/556/4138
f 489/391/4139 492/379/4139 303/381/4139
f 484/388/4140 485/962/4140 302/559/4140
f 494/280/4141 499/334/4141 301/336/4141
f 544/298/4142 404/300/4142 399/562/4142
f 832/563/4143 830/1824/4143 594/564/4143
f 464/294/4144 300/293/4144 134/566/4144
f 105/568/4145 293/258/4145 295/279/4145
f 1250/270/4146 371/271/4146 366/569/4146
f 1256/571/4147 1251/457/4147 383/456/4147
f 97/573/4148 291/208/4148 293/258/4148
f 98/574/4149 294/238/4149 296/248/4149
f 290/192/4150 292/236/4150 82/576/4150
f 292/236/4151 294/238/4151 98/574/4151
f 81/218/95 285/224/95 289/223/95
f 90/213/4152 289/209/4152 291/208/4152
f 316/579/4153 204/167/4153 280/134/4153
f 283/150/4154 285/199/4154 81/580/4154
f 286/177/4155 290/192/4155 83/577/4155
f 4728/582/75 4737/185/75 284/175/75
f 27/583/4156 284/175/4156 286/177/4156
f 4738/151/4157 283/150/4157 74/156/4157
f 279/132/4158 280/134/4158 17/203/4158
f 278/130/4159 279/132/4159 36/585/4159
f 269/53/52 278/130/52 37/586/52
f 276/111/4160 277/112/4160 52/588/4160
f 50/118/4161 275/109/4161 276/111/4161
f 25/31/40 268/29/40 275/109/40
f 946/589/4162 957/92/4162 272/91/4162
f 1086/591/4163 1083/2209/4163 1019/592/4163
f 35/594/4164 1031/7956/4164 1017/595/4164
f 40/524/4165 235/107/4165 230/535/4165
f 282/168/4166 204/167/4166 316/579/4166
f 60/68/4167 333/67/4167 188/202/4167
f 267/24/4168 269/53/4168 18/587/4168
f 1/16/4169 265/27/4169 268/29/4169
f 3/52/286 267/24/286 264/26/286
f 950/598/4170 958/21/4170 273/23/4170
f 9/600/6 12/7904/6 265/27/6
f 990/601/288 984/544/288 970/543/288
f 1252/503/4171 380/504/4171 368/603/4171
f 985/605/4172 986/532/4172 967/531/4172
f 1253/261/4173 1254/2412/4173 368/607/4173
f 467/439/4174 472/427/4174 351/429/4174
f 476/436/4175 479/7957/4175 350/610/4175
f 493/612/4176 349/7958/4176 157/613/4176
f 486/615/4177 348/976/4177 158/616/4177
f 459/292/4178 465/340/4178 347/342/4178
f 500/282/4179 346/281/4179 132/619/4179
f 104/621/4180 340/256/4180 342/278/4180
f 339/232/4181 341/273/4181 114/623/4181
f 1256/571/4182 376/572/4182 362/624/4182
f 1257/626/4183 1258/507/4183 382/506/4183
f 338/212/4184 340/256/4184 104/621/4184
f 91/242/4185 337/217/4185 339/232/4185
f 80/628/4186 332/197/4186 336/210/4186
f 335/189/4187 337/217/4187 91/242/4187
f 336/210/4188 338/212/4188 96/627/4188
f 194/77/4189 52/588/4189 270/62/4189
f 73/630/81 330/153/81 332/197/81
f 75/631/4190 331/171/4190 335/189/4190
f 68/201/70 329/159/70 331/171/70
f 198/164/67 246/165/67 288/484/67
f 239/536/4191 230/535/4191 317/205/4191
f 4739/160/4192 329/159/4192 68/201/4192
f 4740/154/4193 330/153/4193 73/630/4193
f 45/126/4194 325/147/4194 326/72/4194
f 324/148/4195 325/147/4195 45/126/4195
f 314/145/58 324/144/58 44/123/58
f 57/637/4196 322/116/4196 323/117/4196
f 58/638/4197 321/114/4197 322/116/4197
f 24/639/43 315/51/43 321/114/43
f 988/550/204 965/549/204 966/640/204
f 989/641/4198 990/601/4198 963/602/4198
f 277/112/4199 205/64/4199 270/62/4199
f 12/19/4200 313/49/4200 315/51/4200
f 973/88/4201 1032/481/4201 1031/643/4201
f 6/8/7 5/7/7 313/49/7
f 959/11/4202 318/10/4202 29/644/4202
f 10/1/4203 311/3/4203 312/5/4203
f 311/3/4204 314/2/4204 19/647/4204
f 106/648/4205 257/672/4205 1494/649/4205
f 521/651/4206 1547/7959/4206 1390/652/4206
f 256/654/4207 1482/7960/4207 1493/655/4207
f 535/657/4208 520/974/4208 1548/658/4208
f 111/660/4209 216/677/4209 1492/661/4209
f 554/663/4210 1565/1067/4210 1542/664/4210
f 108/666/4211 215/773/4211 1484/667/4211
f 553/669/4212 508/994/4212 1543/670/4212
f 108/666/4213 1495/668/4213 1494/649/4213
f 549/673/4214 505/809/4214 1538/674/4214
f 360/676/4215 1493/7961/4215 1492/661/4215
f 547/678/4216 1562/1094/4216 1537/679/4216
f 110/681/4217 1491/7962/4217 1490/682/4217
f 374/684/4218 379/700/4218 382/685/4218
f 361/687/4219 362/707/4219 376/688/4219
f 370/690/4220 363/699/4220 364/691/4220
f 378/693/4221 377/7963/4221 367/694/4221
f 384/696/4222 378/693/4222 369/695/4222
f 375/698/4223 368/706/4223 363/699/4223
f 364/691/4224 361/687/4224 372/689/4224
f 367/694/4225 377/7963/4225 379/700/4225
f 365/692/4226 372/689/4226 373/701/4226
f 385/703/4227 375/698/4227 370/690/4227
f 371/704/4228 370/690/4228 365/692/4228
f 372/689/4229 376/688/4229 383/705/4229
f 364/691/4230 367/694/4230 374/684/4230
f 380/697/4231 369/695/4231 363/699/4231
f 369/695/4232 367/694/4232 364/691/4232
f 361/687/4233 374/684/4233 381/686/4233
f 1265/708/4234 1266/7964/4234 352/709/4234
f 1263/711/4235 1264/7965/4235 308/712/4235
f 1262/714/4236 297/7966/4236 306/715/4236
f 1260/717/4237 214/7967/4237 254/718/4237
f 1337/720/4238 398/1515/4238 397/721/4238
f 1338/723/4239 1339/7968/4239 400/724/4239
f 1341/726/4240 402/7969/4240 401/727/4240
f 1343/729/4241 404/7970/4241 403/730/4241
f 1261/716/4242 306/715/4242 396/732/4242
f 1260/734/4243 1263/711/4243 343/713/4243
f 1259/719/4244 254/718/4244 394/736/4244
f 1262/738/4245 1265/708/4245 354/710/4245
f 1346/740/4246 1340/728/4246 401/727/4246
f 1343/742/4247 1338/723/4247 399/725/4247
f 411/731/4248 403/730/4248 416/744/4248
f 1341/746/4249 1336/722/4249 397/721/4249
f 551/748/4250 343/774/4250 308/749/4250
f 498/751/4251 1354/7971/4251 1390/752/4251
f 542/754/4252 539/781/4252 306/755/4252
f 359/757/4253 1489/7972/4253 1488/758/4253
f 555/760/4254 552/807/4254 254/761/4254
f 495/763/4255 1532/913/4255 1457/764/4255
f 111/766/4256 1487/2645/4256 1486/767/4256
f 491/769/4257 159/899/4257 1471/770/4257
f 109/772/4258 1485/1113/4258 1484/667/4258
f 555/760/4259 214/762/4259 343/774/4259
f 487/775/4260 1530/909/4260 1418/776/4260
f 821/778/4261 644/7973/4261 681/779/4261
f 539/781/4262 541/1096/4262 396/782/4262
f 534/322/4263 402/324/4263 397/783/4263
f 107/784/4264 1483/1128/4264 1482/785/4264
f 891/787/4265 890/1904/4265 630/788/4265
f 483/790/4266 160/895/4266 1470/791/4266
f 545/793/4267 546/1111/4267 416/794/4267
f 542/754/4268 297/756/4268 354/795/4268
f 859/796/4269 857/7974/4269 660/797/4269
f 865/799/4270 618/7975/4270 622/800/4270
f 106/648/4271 1481/650/4271 1480/802/4271
f 480/804/4272 1528/984/4272 1416/805/4272
f 552/807/4273 556/1123/4273 394/808/4273
f 505/809/4274 140/846/4274 1469/810/4274
f 261/350/4275 423/309/4275 417/496/4275
f 147/447/4276 220/363/4276 422/286/4276
f 475/811/4277 1526/7976/4277 1436/812/4277
f 1317/814/4278 522/1133/4278 1553/815/4278
f 147/447/4279 421/307/4279 423/309/4279
f 873/817/4280 620/7977/4280 624/818/4280
f 474/820/4281 176/845/4281 1458/821/4281
f 220/363/4282 146/362/4282 418/823/4282
f 869/824/4283 870/1867/4283 580/825/4283
f 260/347/4284 430/351/4284 425/491/4284
f 178/813/4285 1436/812/4285 1524/827/4285
f 469/828/4286 1524/827/4286 1438/829/4286
f 148/448/4287 219/360/4287 429/361/4287
f 942/831/4288 941/7978/4288 643/832/4288
f 219/360/4289 145/359/4289 426/834/4289
f 177/835/4290 1438/7979/4290 1522/836/4290
f 877/838/4291 878/1885/4291 579/839/4291
f 148/448/4292 427/349/4292 430/351/4292
f 468/841/4293 175/851/4293 1459/842/4293
f 253/510/4294 437/7980/4294 433/844/4294
f 176/845/4295 468/841/4295 1525/843/4295
f 463/837/4296 1522/836/4296 1469/810/4296
f 115/253/4297 213/7981/4297 436/358/4297
f 358/847/4298 1288/7936/4298 434/364/4298
f 213/276/4299 120/275/4299 434/849/4299
f 175/851/4300 462/856/4300 1523/852/4300
f 356/853/4301 116/7982/4301 433/854/4301
f 115/253/4302 432/346/4302 437/348/4302
f 462/856/4303 1276/992/4303 1392/857/4303
f 446/858/4304 1518/882/4304 1426/859/4304
f 117/861/4305 255/7983/4305 444/862/4305
f 212/246/4306 443/444/4306 442/446/4306
f 164/863/4307 1426/7984/4307 1520/864/4307
f 441/866/4308 1516/7985/4308 1424/867/4308
f 114/869/4309 355/971/4309 1304/870/4309
f 255/250/4310 114/623/4310 438/872/4310
f 357/873/4311 118/7986/4311 442/400/4311
f 117/861/4312 439/394/4312 443/396/4312
f 162/875/4313 452/1011/4313 1521/876/4313
f 445/878/4314 162/875/4314 1441/877/4314
f 168/489/4315 262/488/4315 451/409/4315
f 221/880/4316 450/7987/4316 449/881/4316
f 163/868/4317 1424/867/4317 1518/882/4317
f 440/883/4318 161/894/4318 1440/884/4318
f 880/886/4319 877/1884/4319 578/887/4319
f 262/408/4320 166/407/4320 447/889/4320
f 837/891/4321 581/7988/4321 659/892/4321
f 168/489/4322 448/397/4322 450/399/4322
f 161/894/4323 445/878/4323 1519/879/4323
f 167/487/4324 263/411/4324 458/313/4324
f 160/895/4325 491/769/4325 1531/771/4325
f 441/896/4326 1283/959/4326 1364/897/4326
f 222/398/4327 457/321/4327 454/450/4327
f 159/899/4328 498/751/4328 1533/753/4328
f 167/487/4329 456/319/4329 457/321/4329
f 933/900/4330 934/1956/4330 600/901/4330
f 263/411/4331 165/410/4331 455/903/4331
f 885/904/4332 576/1433/4332 577/905/4332
f 1281/907/4333 440/883/4333 1517/885/4333
f 487/775/4334 152/806/4334 1416/805/4334
f 174/609/4335 351/429/4335 465/340/4335
f 305/440/4336 464/294/4336 461/567/4336
f 1279/910/4337 1370/975/4337 1514/911/4337
f 151/777/4338 1418/776/4338 1532/913/4338
f 921/914/4339 607/1204/4339 669/915/4339
f 351/429/4340 180/428/4340 460/917/4340
f 431/918/4341 142/7989/4341 1449/919/4341
f 931/921/4342 602/1475/4342 606/922/4342
f 174/609/4343 459/292/4343 464/294/4343
f 173/611/4344 350/610/4344 472/427/4344
f 428/924/4345 1512/928/4345 1406/925/4345
f 149/927/4346 1404/933/4346 1512/928/4346
f 304/437/4347 471/441/4347 466/554/4347
f 173/611/4348 467/439/4348 471/441/4348
f 817/930/4349 574/7990/4349 575/931/4349
f 435/912/4350 1514/911/4350 1404/933/4350
f 350/426/4351 179/425/4351 470/934/4351
f 918/936/4352 917/1936/4352 658/937/4352
f 424/939/4353 141/952/4353 1450/940/4353
f 119/622/4354 342/278/4354 479/424/4354
f 142/943/4355 424/7991/4355 1513/944/4355
f 420/946/4356 1317/814/4356 1380/816/4356
f 295/279/4357 478/555/4357 473/557/4357
f 119/948/4358 476/436/4358 478/438/4358
f 120/950/4359 473/430/4359 1278/432/4359
f 141/952/4360 420/946/4360 1511/947/4360
f 342/278/4361 118/277/4361 477/953/4361
f 357/954/4362 1280/2440/4362 477/955/4362
f 150/926/4363 1406/925/4363 1510/957/4363
f 1283/959/4364 483/2441/4364 1529/960/4364
f 341/273/4365 486/615/4365 482/617/4365
f 113/961/4366 296/7992/4366 485/962/4366
f 406/963/4367 1569/1099/4367 1555/964/4367
f 113/961/4368 484/388/4368 486/390/4368
f 116/967/4369 356/2438/4369 1277/382/4369
f 1281/907/4370 1368/908/4370 1526/968/4370
f 296/248/4371 116/247/4371 481/970/4371
f 355/971/4372 114/869/4372 482/972/4372
f 520/974/4373 139/765/4373 1457/764/4373
f 474/820/4374 1527/822/4374 1370/975/4374
f 348/976/4375 493/612/4375 490/614/4375
f 155/560/4376 302/559/4376 492/379/4376
f 395/977/4377 537/1100/4377 1559/978/4377
f 155/560/4378 489/391/4378 493/393/4378
f 901/980/4379 668/7993/4379 670/981/4379
f 1268/983/4380 1366/1032/4380 1528/984/4380
f 302/559/4381 154/1761/4381 488/985/4381
f 938/986/4382 937/7994/4382 564/987/4382
f 1272/989/4383 510/665/4383 1542/664/4383
f 349/392/4384 500/282/4384 497/620/4384
f 501/680/4385 1537/679/4385 1392/857/4385
f 130/993/4386 1448/995/4386 1543/670/4386
f 156/558/4387 303/381/4387 499/334/4387
f 453/865/4388 1520/864/4388 1448/995/4388
f 929/996/4389 932/7995/4389 605/997/4389
f 303/381/4390 153/380/4390 496/999/4390
f 415/1000/4391 1574/1090/4391 1479/1001/4391
f 890/1003/4392 889/7996/4392 626/1004/4392
f 156/558/4393 494/280/4393 500/282/4393
f 869/1006/4394 572/7997/4394 571/1007/4394
f 347/342/4395 136/341/4395 507/1009/4395
f 452/1011/4396 1272/989/4396 1382/990/4396
f 405/1012/4397 410/1091/4397 1505/1013/4397
f 419/958/4398 1510/957/4398 1439/1015/4398
f 133/618/4399 504/1025/4399 503/1017/4399
f 932/1018/4400 930/1949/4400 606/1019/4400
f 300/293/4401 503/1017/4401 502/1021/4401
f 413/1022/4402 1573/1114/4402 1502/1023/4402
f 133/618/4403 347/342/4403 506/1010/4403
f 259/315/4404 126/314/4404 514/1026/4404
f 894/1028/4405 893/1910/4405 628/1029/4405
f 1268/983/4406 431/2432/4406 1515/1031/4406
f 407/1033/4407 412/1083/4407 1561/1034/4407
f 123/494/4408 513/1040/4408 511/1036/4408
f 386/1037/4409 112/1058/4409 1467/1038/4409
f 123/494/4410 259/315/4410 512/1027/4410
f 217/320/4411 511/1036/4411 509/1041/4411
f 393/1042/4412 1572/1075/4412 1497/1043/4412
f 935/1045/4413 933/1954/4413 604/1046/4413
f 387/1048/4414 1564/1073/4414 1567/1049/4414
f 881/1051/4415 685/7998/4415 657/1052/4415
f 131/561/4416 519/1065/4416 516/1054/4416
f 929/1055/4417 601/7999/4417 602/1056/4417
f 112/1058/4418 390/1061/4418 1557/1059/4418
f 389/1060/4419 1558/1066/4419 1557/1059/4419
f 346/281/4420 516/1054/4420 515/1062/4420
f 301/336/4421 135/335/4421 517/1063/4421
f 131/561/4422 301/336/4422 518/1064/4422
f 395/977/4423 1571/979/4423 1558/1066/4423
f 554/663/4424 388/1050/4424 1567/1049/4424
f 121/453/4425 528/1074/4425 526/1068/4425
f 218/288/4426 125/287/4426 525/1069/4426
f 391/1044/4427 1497/1043/4427 1509/1071/4427
f 387/1048/4428 392/1072/4428 1509/1071/4428
f 121/453/4429 218/288/4429 527/1070/4429
f 393/1042/4430 553/669/4430 1566/671/4430
f 856/1076/4431 853/1851/4431 654/1077/4431
f 829/1079/4432 597/8000/4432 593/1080/4432
f 258/308/4433 526/1068/4433 523/1082/4433
f 1342/1002/4434 1479/1001/4434 1561/1034/4434
f 517/1084/4435 1351/1787/4435 1359/1085/4435
f 519/1065/4436 534/322/4436 529/497/4436
f 1360/1087/4437 515/1508/4437 532/1088/4437
f 415/1000/4438 549/673/4438 1563/675/4438
f 409/1024/4439 1502/1023/4439 1505/1013/4439
f 516/1054/4440 529/497/4440 532/499/4440
f 518/1064/4441 517/1063/4441 530/1092/4441
f 519/1065/4442 518/1064/4442 533/451/4442
f 408/1093/4443 1570/1095/4443 1562/1094/4443
f 408/1093/4444 407/1033/4444 1499/1035/4444
f 528/1074/4445 542/754/4445 538/301/4445
f 527/1070/4446 525/1069/4446 541/1096/4446
f 386/1037/4447 1568/1039/4447 1560/1097/4447
f 406/963/4448 405/1012/4448 1554/1014/4448
f 528/1074/4449 527/1070/4449 539/781/4449
f 537/1100/4450 524/1129/4450 1552/1101/4450
f 523/1102/4451 536/8001/4451 1361/1103/4451
f 525/1105/4452 1362/1725/4452 1350/1106/4452
f 526/1068/4453 538/301/4453 536/303/4453
f 507/1108/4454 1318/1639/4454 1356/1109/4454
f 506/1010/4455 507/1009/4455 546/1111/4455
f 109/772/4456 345/2468/4456 1490/1112/4456
f 413/1022/4457 535/657/4457 1556/659/4457
f 359/1115/4458 344/803/4458 1480/802/4458
f 504/1025/4459 544/298/4459 548/328/4459
f 1275/1117/4460 502/1668/4460 543/1118/4460
f 503/1017/4461 548/328/4461 543/330/4461
f 531/1120/4462 1555/8002/4462 1547/1121/4462
f 504/1025/4463 506/1010/4463 545/793/4463
f 512/1027/4464 514/1026/4464 556/1123/4464
f 1348/1124/4465 1357/8003/4465 556/1125/4465
f 107/784/4466 299/8004/4466 1488/1127/4466
f 524/1129/4467 129/1016/4467 1439/1015/4467
f 513/1040/4468 555/760/4468 551/748/4468
f 110/1130/4469 298/8005/4469 1486/1131/4469
f 513/1040/4470 512/1027/4470 552/807/4470
f 511/1036/4471 551/748/4471 550/750/4471
f 540/1098/4472 1560/1097/4472 1553/815/4472
f 509/1134/4473 550/8006/4473 1358/1135/4473
f 560/1137/4474 557/1416/4474 558/1138/4474
f 841/1140/4475 565/8007/4475 631/1141/4475
f 822/1143/4476 681/8008/4476 650/1144/4476
f 863/1146/4477 861/1353/4477 588/1147/4477
f 845/1149/4478 633/8009/4478 632/1150/4478
f 919/1152/4479 918/8010/4479 649/1153/4479
f 943/1155/4480 942/8011/4480 680/1156/4480
f 886/1158/4481 634/8012/4481 576/1159/4481
f 818/1161/4482 575/8013/4482 676/1162/4482
f 862/1164/4483 664/1235/4483 587/1165/4483
f 913/1167/4484 635/8014/4484 686/1168/4484
f 824/1170/4485 823/8015/4485 650/1171/4485
f 909/1173/4486 687/8016/4486 638/1174/4486
f 912/1176/4487 910/1928/4487 639/1177/4487
f 837/1179/4488 838/1834/4488 582/1180/4488
f 906/1182/4489 567/8017/4489 652/1183/4489
f 899/1185/4490 897/8018/4490 612/1186/4490
f 916/1188/4491 914/8019/4491 688/1189/4491
f 836/1191/4492 834/8020/4492 584/1192/4492
f 935/1194/4493 603/8021/4493 599/1195/4493
f 939/1197/4494 938/8022/4494 573/1198/4494
f 927/1200/4495 925/1290/4495 666/1201/4495
f 921/914/4496 922/8023/4496 608/1203/4496
f 913/1205/4497 916/8024/4497 636/1206/4497
f 915/1208/4498 686/1455/4498 688/1209/4498
f 926/1211/4499 610/1485/4499 609/1212/4499
f 892/1214/4500 891/787/4500 671/789/4500
f 852/1216/4501 849/1849/4501 640/1217/4501
f 828/1219/4502 826/1817/4502 595/1220/4502
f 846/1222/4503 637/8025/4503 633/1223/4503
f 853/1225/4504 854/8026/4504 570/1226/4504
f 898/1228/4505 667/8027/4505 611/1229/4505
f 820/1231/4506 819/1808/4506 676/1232/4506
f 863/1234/4507 663/8028/4507 664/1235/4507
f 911/1236/4508 638/1488/4508 639/1237/4508
f 866/1239/4509 621/8029/4509 617/1240/4509
f 817/1242/4510 820/8030/4510 655/1243/4510
f 870/1245/4511 871/8031/4511 673/1246/4511
f 849/1248/4512 850/8032/4512 641/1249/4512
f 939/1251/4513 677/8033/4513 563/1252/4513
f 846/1254/4514 847/1841/4514 682/1255/4514
f 833/1257/4515 836/1827/4515 583/1258/4515
f 851/1260/4516 683/8034/4516 641/1261/4516
f 909/1263/4517 912/8035/4517 651/1264/4517
f 943/1266/4518 656/8036/4518 642/1267/4518
f 919/1269/4519 561/8037/4519 562/1270/4519
f 940/1272/4520 563/8038/4520 564/1273/4520
f 900/1275/4521 611/8039/4521 612/1276/4521
f 842/1278/4522 566/8040/4522 565/1279/4522
f 904/1281/4523 902/1362/4523 613/1282/4523
f 895/1284/4524 894/1908/4524 629/1285/4524
f 888/1287/4525 887/1896/4525 577/1288/4525
f 925/1290/4526 928/8041/4526 609/1291/4526
f 906/1292/4527 907/1923/4527 568/1293/4527
f 842/1295/4528 843/1836/4528 678/1296/4528
f 835/1298/4529 585/8042/4529 584/1299/4529
f 886/1301/4530 888/8043/4530 674/1302/4530
f 855/1304/4531 569/8044/4531 570/1305/4531
f 927/1307/4532 615/8045/4532 610/1308/4532
f 838/1310/4533 839/8046/4533 586/1311/4533
f 898/1313/4534 899/1185/4534 665/1187/4534
f 944/1315/4535 642/8047/4535 643/1316/4535
f 922/1318/4536 923/1346/4536 616/1319/4536
f 821/1321/4537 824/8048/4537 645/1322/4537
f 856/1324/4538 679/8049/4538 569/1325/4538
f 884/1327/4539 882/8050/4539 647/1328/4539
f 847/1330/4540 848/8051/4540 632/1331/4540
f 901/1333/4541 904/1918/4541 614/1334/4541
f 865/1336/4542 868/8052/4542 617/1337/4542
f 883/1339/4543 657/8053/4543 647/1340/4543
f 852/1342/4544 653/8054/4544 683/1343/4544
f 924/1345/4545 669/8055/4545 616/1319/4545
f 879/1347/4546 648/8056/4546 579/1348/4546
f 873/1350/4547 874/8057/4547 619/1351/4547
f 861/1353/4548 864/1858/4548 587/1354/4548
f 872/1355/4549 571/8058/4549 673/1356/4549
f 920/1358/4550 562/8059/4550 658/1359/4550
f 903/1361/4551 670/8060/4551 613/1282/4551
f 860/1363/4552 858/8061/4552 589/1364/4552
f 840/1366/4553 659/8062/4553 586/1367/4553
f 874/1369/4554 875/1381/4554 623/1370/4554
f 857/1372/4555 860/1853/4555 590/1373/4555
f 867/1375/4556 622/8063/4556 621/1376/4556
f 859/1378/4557 661/8064/4557 589/1379/4557
f 875/1381/4558 876/1869/4558 624/1382/4558
f 828/1383/4559 591/8065/4559 592/1384/4559
f 895/1386/4560 672/8066/4560 627/1387/4560
f 831/1081/4561 593/1080/4561 594/1389/4561
f 826/1391/4562 827/325/4562 596/327/4562
f 907/1393/4563 908/1921/4563 675/1394/4563
f 892/1396/4564 625/8067/4564 626/1397/4564
f 829/1399/4565 832/1819/4565 598/1400/4565
f 880/1402/4566 684/8068/4566 648/1403/4566
f 896/1405/4567 627/1458/4567 628/1406/4567
f 881/1408/4568 884/1886/4568 646/1409/4568
f 844/1411/4569 631/8069/4569 678/1412/4569
f 936/1196/4570 599/1195/4570 600/1414/4570
f 557/1416/4571 578/1502/4571 579/1417/4571
f 562/1418/4572 561/8070/4572 649/1419/4572
f 653/1421/4573 640/8071/4573 641/1422/4573
f 569/1424/4574 679/8072/4574 654/1425/4574
f 573/1427/4575 564/8073/4575 563/1428/4575
f 574/1430/4576 655/8074/4576 676/1431/4576
f 576/1433/4577 634/8075/4577 674/1434/4577
f 558/1138/4578 579/1417/4578 648/1435/4578
f 565/1436/4579 566/8076/4579 678/1437/4579
f 588/1439/4580 587/8077/4580 664/1440/4580
f 572/826/4581 580/825/4581 673/1442/4581
f 582/1312/4582 586/1311/4582 659/1444/4582
f 656/1446/4583 680/8078/4583 643/1447/4583
f 614/1449/4584 613/8079/4584 670/1450/4584
f 567/1452/4585 568/8080/4585 675/1453/4585
f 686/1455/4586 635/8081/4586 636/1456/4586
f 629/1457/4587 628/1406/4587 627/1458/4587
f 620/1460/4588 619/8082/4588 623/1461/4588
f 657/1463/4589 685/8083/4589 646/1464/4589
f 611/1466/4590 667/8084/4590 665/1467/4590
f 585/1469/4591 662/8085/4591 583/1470/4591
f 681/1472/4592 644/8086/4592 645/1473/4592
f 602/1475/4593 601/8087/4593 605/1476/4593
f 598/565/4594 594/564/4594 593/1477/4594
f 630/1479/4595 626/8088/4595 625/1480/4595
f 618/1482/4596 617/8089/4596 621/1483/4596
f 610/1485/4597 615/8090/4597 666/1486/4597
f 687/1487/4598 651/8091/4598 639/1237/4598
f 596/1489/4599 592/8092/4599 591/1490/4599
f 600/1492/4600 599/8093/4600 603/1493/4600
f 682/1495/4601 632/8094/4601 633/1496/4601
f 590/1498/4602 589/8095/4602 661/1499/4602
f 559/1139/4603 648/1435/4603 684/1501/4603
f 560/1137/4604 684/1501/4604 578/1502/4604
f 608/1503/4605 616/8096/4605 669/1504/4605
f 132/619/4606 515/1062/4606 692/1506/4606
f 515/1508/4607 1360/1087/4607 691/1509/4607
f 137/1511/4608 690/1958/4608 691/1512/4608
f 132/338/4609 689/8097/4609 690/1514/4609
f 398/1515/4610 1337/720/4610 696/1516/4610
f 1353/1518/4611 695/8098/4611 696/1519/4611
f 532/1521/4612 694/8099/4612 695/1522/4612
f 532/499/4613 398/498/4613 693/1524/4613
f 497/620/4614 700/8100/4614 699/1526/4614
f 497/1527/4615 1296/8101/4615 698/1528/4615
f 1296/1530/4616 1297/375/4616 697/1531/4616
f 157/374/4617 699/8102/4617 697/1531/4617
f 166/1533/4618 1305/8103/4618 702/1534/4618
f 447/1536/4619 704/1943/4619 701/1537/4619
f 166/1533/4620 703/1535/4620 704/1539/4620
f 1305/1541/4621 1306/1538/4621 701/1537/4621
f 158/1543/4622 490/8104/4622 705/1544/4622
f 1299/1546/4623 707/8105/4623 708/1547/4623
f 490/1549/4624 1298/8106/4624 708/1550/4624
f 158/1552/4625 706/8107/4625 707/1553/4625
f 1307/1555/4626 1273/8108/4626 710/1556/4626
f 165/1558/4627 1307/8109/4627 712/1559/4627
f 455/903/4628 165/410/4628 711/1561/4628
f 455/1563/4629 709/1939/4629 710/1564/4629
f 126/314/4630 716/8110/4630 713/1566/4630
f 126/1567/4631 1274/8111/4631 715/1568/4631
f 1274/1570/4632 1348/2513/4632 714/1571/4632
f 514/1126/4633 713/8112/4633 714/1573/4633
f 556/1574/4634 1357/8113/4634 718/1575/4634
f 394/736/4635 720/8114/4635 717/1577/4635
f 556/1123/4636 719/1935/4636 720/1578/4636
f 1357/1579/4637 1345/2491/4637 717/1580/4637
f 550/1582/4638 724/8115/4638 721/1583/4638
f 308/712/4639 1264/7965/4639 722/1585/4639
f 550/750/4640 308/749/4640 723/1587/4640
f 1358/1589/4641 721/1929/4641 722/1590/4641
f 124/449/4642 509/1041/4642 726/1592/4642
f 124/317/4643 728/8116/4643 727/1594/4643
f 128/318/4644 727/1594/4644 725/1595/4644
f 509/1134/4645 1349/1136/4645 725/1597/4645
f 454/450/4646 730/1916/4646 731/1599/4646
f 1303/1600/4647 732/8117/4647 729/1601/4647
f 170/1603/4648 731/8118/4648 732/1604/4648
f 454/1606/4649 1271/8119/4649 729/1607/4649
f 449/881/4650 1302/8120/4650 734/1609/4650
f 169/1611/4651 736/8121/4651 733/1612/4651
f 169/445/4652 449/881/4652 735/1610/4652
f 1302/1615/4653 1301/8122/4653 733/1616/4653
f 1315/1618/4654 1314/2457/4654 740/1619/4654
f 470/934/4655 739/1623/4655 740/1621/4655
f 179/425/4656 738/8123/4656 739/1623/4656
f 179/1624/4657 1315/8124/4657 737/1625/4657
f 1313/1627/4658 1312/2503/4658 744/1628/4658
f 460/1630/4659 743/8125/4659 744/1631/4659
f 1313/1633/4660 741/8126/4660 742/1634/4660
f 460/917/4661 180/428/4661 742/1636/4661
f 507/1108/4662 748/8127/4662 747/1638/4662
f 136/341/4663 746/8128/4663 748/1640/4663
f 1319/1641/4664 1318/2458/4664 747/1642/4664
f 136/344/4665 1319/7933/4665 745/1644/4665
f 1347/1646/4666 752/8129/4666 749/1647/4666
f 416/794/4667 546/1111/4667 750/1649/4667
f 416/1651/4668 751/8130/4668 752/1652/4668
f 546/1654/4669 1356/8131/4669 749/1655/4669
f 1339/1657/4670 1355/8132/4670 754/1658/4670
f 400/1660/4671 1339/8133/4671 756/1661/4671
f 543/1663/4672 753/8134/4672 754/1664/4672
f 543/330/4673 400/329/4673 755/1666/4673
f 502/1668/4674 1275/1117/4674 758/1669/4674
f 134/566/4675 502/1021/4675 760/1671/4675
f 138/1673/4676 757/8135/4676 758/1669/4676
f 134/332/4677 759/8136/4677 757/1674/4677
f 1309/1675/4678 762/8137/4678 763/1676/4678
f 171/553/4679 461/567/4679 764/1678/4679
f 461/1680/4680 1308/8138/4680 763/1681/4680
f 171/1683/4681 761/8139/4681 762/1684/4681
f 1311/1686/4682 766/8140/4682 768/1687/4682
f 466/1689/4683 1310/8141/4683 768/1690/4683
f 172/1692/4684 466/1689/4684 767/1691/4684
f 172/1694/4685 765/8142/4685 766/1695/4685
f 145/359/4686 1289/8143/4686 772/1697/4686
f 426/1699/4687 770/8144/4687 771/1700/4687
f 1289/1702/4688 1290/2444/4688 771/1703/4688
f 145/359/4689 769/1698/4689 770/1705/4689
f 1269/1706/4690 774/1852/4690 775/1707/4690
f 418/823/4691 146/362/4691 776/1709/4691
f 146/1711/4692 1291/8145/4692 775/1712/4692
f 418/1714/4693 773/1857/4693 774/1715/4693
f 1270/1717/4694 1362/2514/4694 778/1718/4694
f 125/1720/4695 1270/8146/4695 780/1721/4695
f 125/287/4696 779/1850/4696 777/1723/4696
f 525/1105/4697 777/8147/4697 778/1724/4697
f 541/1726/4698 1350/8148/4698 782/1727/4698
f 541/1096/4699 784/1845/4699 783/1729/4699
f 396/732/4700 783/8149/4700 781/1730/4700
f 1350/1731/4701 1344/733/4701 781/1730/4701
f 536/1733/4702 786/8150/4702 788/1734/4702
f 1361/1736/4703 788/8151/4703 787/1737/4703
f 352/709/4704 1266/7964/4704 787/1739/4704
f 536/303/4705 352/302/4705 785/1741/4705
f 523/1102/4706 1316/1104/4706 790/1743/4706
f 122/495/4707 523/1082/4707 792/1745/4707
f 122/296/4708 791/8152/4708 789/1747/4708
f 127/1748/4709 789/1838/4709 790/1749/4709
f 143/1751/4710 794/1825/4710 795/1752/4710
f 425/1753/4711 1286/8153/4711 796/1754/4711
f 1287/1756/4712 795/8154/4712 796/1757/4712
f 143/492/4713 425/491/4713 793/1759/4713
f 154/1761/4714 800/8155/4714 797/1762/4714
f 1295/1763/4715 1294/2446/4715 798/1764/4715
f 488/1766/4716 797/8156/4716 798/1767/4716
f 154/1769/4717 1295/8157/4717 799/1770/4717
f 496/999/4718 153/380/4718 802/1772/4718
f 1292/1774/4719 804/8158/4719 801/1775/4719
f 496/1777/4720 803/8159/4720 804/1778/4720
f 153/1780/4721 1293/8160/4721 801/1781/4721
f 1352/1783/4722 1351/2496/4722 808/1784/4722
f 517/1084/4723 807/8161/4723 808/1786/4723
f 135/335/4724 806/8162/4724 807/1788/4724
f 135/290/4725 1352/7925/4725 805/1789/4725
f 414/741/4726 812/8163/4726 809/1791/4726
f 414/452/4727 530/1092/4727 811/1792/4727
f 530/1794/4728 1359/8164/4728 810/1795/4728
f 1346/1797/4729 809/8165/4729 810/1798/4729
f 417/496/4730 814/8166/4730 816/1800/4730
f 144/356/4731 816/8167/4731 815/1801/4731
f 1285/1802/4732 815/8168/4732 813/1803/4732
f 417/1805/4733 1284/8169/4733 813/1806/4733
f 808/1784/4734 820/8030/4734 817/1242/4734
f 808/1786/4735 807/8161/4735 819/1808/4735
f 807/1788/4736 806/8162/4736 818/1161/4736
f 805/1789/4737 817/8170/4737 818/1809/4737
f 809/1791/4738 812/8163/4738 824/1810/4738
f 811/1792/4739 823/8015/4739 824/1170/4739
f 810/1812/4740 822/8171/4740 823/1813/4740
f 810/1798/4741 809/8165/4741 821/778/4741
f 802/1772/4742 827/325/4742 826/1391/4742
f 804/1815/4743 828/1383/4743 825/1385/4743
f 804/1778/4744 803/8159/4744 826/1817/4744
f 801/1818/4745 825/7930/4745 827/325/4745
f 797/1762/4746 800/8155/4746 832/1819/4746
f 798/1764/4747 831/1081/4747 830/1390/4747
f 797/1820/4748 829/8172/4748 831/1821/4748
f 800/1823/4749 799/8173/4749 830/1824/4749
f 794/1825/4750 835/1298/4750 834/1300/4750
f 793/1826/4751 796/8174/4751 836/1827/4751
f 796/1757/4752 795/8154/4752 834/1828/4752
f 793/1759/4753 833/8175/4753 835/1830/4753
f 816/1800/4754 814/8166/4754 840/1366/4754
f 815/1831/4755 816/8176/4755 839/1832/4755
f 813/1803/4756 815/8168/4756 838/1834/4756
f 813/1806/4757 837/8177/4757 840/1835/4757
f 790/1743/4758 844/1411/4758 843/1413/4758
f 791/1746/4759 792/1745/4759 843/1836/4759
f 789/1837/4760 791/8178/4760 842/1278/4760
f 789/1838/4761 841/1140/4761 844/1142/4761
f 788/1734/4762 786/8150/4762 848/1839/4762
f 787/1737/4763 788/8151/4763 847/1841/4763
f 787/1842/4764 846/8179/4764 845/1843/4764
f 785/1741/4765 845/1149/4765 848/1151/4765
f 782/1727/4766 852/1342/4766 851/1344/4766
f 784/1845/4767 851/1260/4767 850/1262/4767
f 781/1730/889 783/8149/889 850/1846/889
f 782/1848/4768 781/8180/4768 849/1849/4768
f 780/1719/4769 778/1718/4769 856/1324/4769
f 780/1721/4770 855/1304/4770 854/1306/4770
f 779/1850/4771 854/8026/4771 853/1225/4771
f 778/1724/4772 777/8147/4772 853/1851/4772
f 774/1852/4773 859/1378/4773 858/1380/4773
f 773/1710/4774 776/1709/4774 860/1853/4774
f 776/1854/4775 775/8181/4775 858/1855/4775
f 773/1857/4776 857/7974/4776 859/796/4776
f 769/1698/4777 772/1697/4777 864/1858/4777
f 770/1859/4778 863/1234/4778 862/1164/4778
f 771/1703/4779 862/1164/4779 864/1166/4779
f 770/1705/4780 769/1698/4780 861/1353/4780
f 763/1676/4781 762/8137/4781 867/1375/4781
f 764/1678/4782 868/8052/4782 865/1336/4782
f 763/1681/4783 866/1239/4783 868/1241/4783
f 761/1860/4784 865/8182/4784 867/1861/4784
f 758/1863/4785 872/8183/4785 871/1864/4785
f 760/1671/4786 871/8031/4786 870/1245/4786
f 758/1866/4787 757/8184/4787 869/1006/4787
f 757/1674/4788 759/8136/4788 870/1867/4788
f 768/1868/4789 766/8185/4789 876/1869/4789
f 767/1870/4790 768/8186/4790 875/1871/4790
f 767/1873/4791 874/8187/4791 873/1874/4791
f 765/1876/4792 873/8188/4792 876/1877/4792
f 754/1879/4793 880/1402/4793 879/1404/4793
f 756/1881/916 879/8189/916 878/1882/916
f 754/1664/917 753/8134/917 877/1884/917
f 753/1667/4794 755/1666/4794 878/1885/4794
f 749/1647/4795 752/8129/4795 884/1886/4795
f 750/1649/4796 883/1339/4796 882/1341/4796
f 752/1887/4797 751/8190/4797 882/1888/4797
f 749/1890/4798 881/8191/4798 883/1891/4798
f 747/1893/4799 748/8192/4799 888/1894/4799
f 748/1640/4800 746/8128/4800 887/1896/4800
f 747/1642/4801 886/1158/4801 885/1160/4801
f 745/1644/926 885/904/926 887/906/926
f 744/1628/4802 892/1396/4802 889/1398/4802
f 743/1897/4803 891/8193/4803 892/1898/4803
f 741/1900/4804 889/8194/4804 890/1901/4804
f 743/1903/4805 742/8195/4805 890/1904/4805
f 740/1619/4806 896/1405/4806 893/1407/4806
f 739/1905/4807 895/1386/4807 896/1388/4807
f 739/1907/4808 738/8196/4808 894/1908/4808
f 738/1909/4809 737/8197/4809 893/1910/4809
f 734/1911/4810 899/1185/4810 898/1313/4810
f 733/1612/4811 736/8121/4811 900/1275/4811
f 736/1614/4812 735/1610/4812 898/1228/4812
f 733/1913/4813 897/8198/4813 899/1914/4813
f 730/1916/4814 903/1361/4814 902/1362/4814
f 729/1917/4815 732/8199/4815 904/1918/4815
f 732/1604/4816 731/8118/4816 902/1919/4816
f 729/1607/4817 901/980/4817 903/982/4817
f 728/1593/4818 726/1592/4818 908/1921/4818
f 727/1922/944 728/8200/944 907/1923/944
f 727/1924/4819 906/1182/4819 905/1184/4819
f 725/1597/946 905/304/946 908/306/946
f 721/1583/4820 724/8115/4820 912/1926/4820
f 722/1585/4821 911/1236/4821 910/1238/4821
f 724/1588/4822 723/1587/4822 910/1928/4822
f 721/1929/4823 909/1173/4823 911/1175/4823
f 718/1930/951 915/8201/951 914/1931/951
f 717/1577/952 720/8114/952 916/1933/952
f 719/1935/4824 914/8019/4824 916/1188/4824
f 718/1581/4825 717/1580/4825 913/1167/4825
f 713/1566/4826 716/8110/4826 920/1358/4826
f 715/1568/956 919/1269/956 920/1271/956
f 714/1571/4827 918/8010/4827 919/1152/4827
f 714/1573/958 713/8112/958 917/1936/958
f 710/1937/4828 924/1345/4828 923/1346/4828
f 711/1560/4829 712/1559/4829 923/1346/4829
f 711/1938/4830 922/8023/4830 921/914/4830
f 710/1564/4831 709/1939/4831 921/914/4831
f 703/1940/4832 702/8202/4832 927/1941/4832
f 704/1943/4833 928/8041/4833 925/1290/4833
f 704/1539/4834 703/1535/4834 926/1944/4834
f 701/1537/4835 925/1290/4835 927/1200/4835
f 705/1946/4836 929/1055/4836 931/1057/4836
f 708/1948/4837 707/8203/4837 930/1949/4837
f 708/1550/4838 932/7995/4838 929/996/4838
f 706/1950/4839 931/921/4839 930/923/4839
f 700/1529/4840 936/1196/4840 934/1415/4840
f 698/1528/4841 935/1194/4841 936/1196/4841
f 698/1953/4842 697/8204/4842 933/1954/4842
f 697/1955/4843 699/8205/4843 934/1956/4843
f 689/1507/4844 692/1506/4844 940/1272/4844
f 691/1509/976 939/8206/976 940/1957/976
f 690/1958/4845 938/8022/4845 939/1197/4845
f 690/1959/4846 689/8207/4846 937/1960/4846
f 696/1962/4847 944/8208/4847 941/1963/4847
f 696/1519/4848 695/8098/4848 943/1266/4848
f 695/1522/4849 694/8099/4849 942/1965/4849
f 693/1524/4850 941/7978/4850 942/831/4850
f 310/18/983 959/1976/983 951/99/983
f 1016/1967/4851 1079/2016/4851 980/1968/4851
f 9/600/4852 266/15/4852 958/21/4852
f 264/26/4853 957/92/4853 946/589/4853
f 226/14/987 956/1975/987 945/1970/987
f 223/41/4126 955/95/4126 948/525/4126
f 2/17/4854 182/37/4854 954/98/4854
f 13/486/4855 183/6/4855 953/101/4855
f 183/6/4856 6/8/4856 951/99/4856
f 182/37/4857 16/36/4857 945/96/4857
f 13/43/34 952/93/34 955/95/34
f 264/26/4858 11/25/4858 947/90/4858
f 1084/1972/4859 1018/2095/4859 1019/1973/4859
f 4/13/987 946/589/987 956/1975/987
f 266/15/4860 2/17/4860 949/479/4860
f 9/20/983 950/8209/983 959/1976/983
f 966/640/994 965/549/994 997/1977/994
f 960/528/4861 992/8210/4861 1001/1979/4861
f 992/1980/4862 960/2106/4862 1029/1981/4862
f 963/602/4863 995/1996/4863 996/1983/4863
f 961/1984/4864 968/8211/4864 1000/1985/4864
f 962/1987/4865 961/1984/4865 993/1986/4865
f 967/531/1000 966/640/1000 998/1978/1000
f 974/1990/4866 1006/2000/4866 1007/1991/4866
f 991/1993/4867 992/2039/4867 1039/1994/4867
f 963/602/1003 970/543/1003 1002/1995/1003
f 973/88/4868 972/483/4868 1004/1997/4868
f 972/483/4869 962/1987/4869 994/1988/4869
f 969/1998/1006 1001/8212/1006 1002/1995/1006
f 975/1999/4870 1007/8213/4870 997/1977/4870
f 964/642/4871 996/1983/4871 1006/2000/4871
f 968/606/4872 967/531/4872 999/1989/4872
f 272/91/4198 990/601/4198 989/641/4198
f 26/22/204 189/97/204 988/550/204
f 273/23/4172 986/532/4172 985/605/4172
f 272/91/4873 32/2006/4873 984/544/4873
f 33/478/4874 35/8214/4874 191/2002/4874
f 1037/2003/4875 1025/2200/4875 981/2004/4875
f 189/97/4876 34/7908/4876 274/548/4876
f 32/2006/4877 319/8215/4877 307/542/4877
f 26/22/239 987/530/239 986/532/239
f 30/526/4878 309/2012/4878 307/527/4878
f 190/100/4879 29/7909/4879 320/482/4879
f 1021/2008/4880 1016/2198/4880 1033/2009/4880
f 190/100/4881 353/87/4881 35/89/4881
f 231/94/4882 191/2002/4882 309/2012/4882
f 1085/2013/4883 1086/8216/4883 1022/2014/4883
f 1079/2016/4884 1080/8217/4884 979/2017/4884
f 1015/2018/1021 1006/2034/1021 996/2019/1021
f 1003/2021/1021 1002/2036/1021 1001/2022/1021
f 1013/2024/1021 1008/2033/1021 1009/2025/1021
f 997/2027/1021 1007/8218/1021 1011/2028/1021
f 998/2030/1021 997/2027/1021 1012/2029/1021
f 993/2032/1021 1000/2035/1021 1008/2033/1021
f 1009/2025/1021 1003/2021/1021 1014/2023/1021
f 1011/2028/1021 1007/8218/1021 1006/2034/1021
f 1009/2025/1021 1011/2028/1021 1015/2018/1021
f 999/2031/1021 1012/2029/1021 1008/2033/1021
f 1012/2029/1021 1011/2028/1021 1009/2025/1021
f 1003/2021/1021 1015/2018/1021 995/2020/1021
f 1010/2026/1021 1014/2023/1021 991/1993/1021
f 994/2037/1021 993/2032/1021 1013/2024/1021
f 1004/2038/1021 1013/2024/1021 1010/2026/1021
f 1014/2023/1021 1001/2022/1021 992/2039/1021
f 1031/643/4885 1032/481/4885 1068/2040/4885
f 1217/2042/4886 1211/2387/4886 1063/2043/4886
f 1028/2045/4887 1017/595/4887 1048/2046/4887
f 1241/2048/4888 1057/2164/4888 1056/2049/4888
f 1229/2051/4889 1058/2180/4889 1066/2052/4889
f 1029/1981/4890 1028/8219/4890 1064/2054/4890
f 1240/2056/4891 1056/8220/4891 1055/2057/4891
f 1017/595/4892 1031/7956/4892 1067/2059/4892
f 1211/2060/4893 1212/2185/4893 1059/2061/4893
f 1237/2063/4894 1235/8221/4894 1054/2064/4894
f 1230/2066/4895 1227/8222/4895 1074/2067/4895
f 1213/2069/4896 1214/2165/4896 1051/2070/4896
f 1237/2063/4897 1053/2065/4897 1069/2072/4897
f 1215/2074/4898 1216/8223/4898 1078/2075/4898
f 1228/2077/4899 1062/8224/4899 1045/2078/4899
f 1238/2080/4900 1239/2058/4900 1055/2057/4900
f 1097/2082/4901 1034/2385/4901 978/2083/4901
f 1096/40/4902 1035/39/4902 1034/2085/4902
f 1081/2087/4903 976/2113/4903 979/2088/4903
f 1093/2090/4904 1098/2084/4904 978/2083/4904
f 1092/81/4905 1020/83/4905 1042/2092/4905
f 1087/2094/4906 1026/2331/4906 1018/2095/4906
f 1088/2096/4907 1024/2112/4907 1038/2097/4907
f 1089/2099/4908 1038/8225/4908 1036/2100/4908
f 1025/2102/4909 1082/2192/4909 982/2103/4909
f 309/2105/4910 1028/8219/4910 1029/1981/4910
f 1082/2107/4911 1021/2008/4911 983/2010/4911
f 191/596/4912 1017/595/4912 1028/2045/4912
f 1091/2110/4913 1094/78/4913 1023/80/4913
f 1088/2096/4914 1085/2013/4914 1030/2015/4914
f 1081/2087/4915 1037/2003/4915 971/2005/4915
f 1090/2101/4916 1036/2100/4916 1026/2114/4916
f 1135/2116/4917 1126/2138/4917 1123/2117/4917
f 1219/2119/4918 1061/2151/4918 1122/2120/4918
f 1159/2122/4919 1155/8226/4919 1109/2123/4919
f 1184/2125/4920 1181/2146/4920 1102/2126/4920
f 1158/2128/4921 1099/8227/4921 1115/2129/4921
f 1223/2131/4922 1221/2394/4922 1120/2132/4922
f 1183/2134/4923 1182/2355/4923 1107/2135/4923
f 1135/2116/4924 1134/2285/4924 1127/2137/4924
f 1131/2139/4925 1123/2265/4925 1044/2140/4925
f 1132/2142/4926 1133/2277/4926 1124/2143/4926
f 1178/2145/4927 1101/8228/4927 1102/2126/4927
f 1182/2147/4928 1179/2231/4928 1106/2148/4928
f 1220/2150/4929 1119/8229/4929 1061/2151/4929
f 1156/2152/4930 1108/2156/4930 1109/2153/4930
f 1157/2155/4931 1047/8230/4931 1108/2156/4931
f 1221/2157/4932 1222/2261/4932 1121/2158/4932
f 1233/2160/4933 1232/8231/4933 1066/2161/4933
f 1236/2163/4934 1069/8232/4934 1057/2164/4934
f 1214/2165/4935 1218/8233/4935 1070/2166/4935
f 1039/1994/4936 1075/8234/4936 1076/2167/4936
f 1227/2168/4937 1233/2160/4937 1060/2162/4937
f 1235/2170/4938 1242/2183/4938 1049/2171/4938
f 1040/85/4939 1076/2167/4939 1077/2173/4939
f 1231/2079/4940 1045/2078/4940 1046/2174/4940
f 1029/1981/4941 1065/2055/4941 1075/2176/4941
f 1218/2177/4942 1215/2074/4942 1071/2076/4942
f 1234/2179/4943 1046/2318/4943 1058/2180/4943
f 1228/2181/4944 1230/2066/4944 1072/2068/4944
f 1242/2183/4945 1238/2399/4945 1050/2184/4945
f 1212/2185/4946 1213/2384/4946 1052/2186/4946
f 1041/2187/4947 1077/8235/4947 1068/2040/4947
f 1216/2188/4948 1217/2042/4948 1043/2044/4948
f 319/2190/4949 32/2199/4949 1037/2003/4949
f 11/2191/4950 312/2197/4950 1021/2008/4950
f 947/90/4951 11/25/4951 1082/2192/4951
f 319/2190/4952 1081/2087/4952 1080/2089/4952
f 30/2194/4953 1080/8236/4953 1079/2195/4953
f 312/2197/4954 8/8237/4954 1016/2198/4954
f 32/2199/4955 947/8238/4955 1025/2200/4955
f 948/2196/4956 1079/2195/4956 1016/2201/4956
f 28/590/4957 989/641/4957 1090/2101/4957
f 975/2203/4958 1085/2013/4958 1088/2096/4958
f 964/642/4959 1089/2099/4959 1090/2101/4959
f 974/2204/4960 1088/2096/4960 1089/2098/4960
f 232/35/4961 28/34/4961 1087/2094/4961
f 274/2206/4962 1086/8239/4962 1085/2207/4962
f 34/540/4963 232/35/4963 1084/1972/4963
f 274/548/4964 34/7908/4964 1083/2209/4964
f 962/2210/4965 320/8240/4965 1094/78/4965
f 968/2211/4966 961/2213/4966 1092/81/4966
f 318/10/4967 1098/2084/4967 1093/2090/4967
f 985/605/4968 1096/40/4968 1097/2086/4968
f 31/2212/4969 1097/2082/4969 1098/2084/4969
f 961/2213/4970 962/8241/4970 1091/2214/4970
f 320/482/4971 29/7909/4971 1093/2215/4971
f 968/606/4972 1095/38/4972 1096/40/4972
f 1103/2217/4973 1104/2136/4973 1151/2218/4973
f 1100/2220/4974 1103/8242/4974 1150/2221/4974
f 1105/2223/4975 1152/2312/4975 1153/2224/4975
f 1102/2126/4976 1101/8228/4976 1148/2225/4976
f 1180/2227/4977 1100/2220/4977 1101/2228/4977
f 1183/2134/4978 1104/2136/4978 1103/2217/4978
f 1179/2231/4979 1184/2353/4979 1105/2223/4979
f 1185/2232/4980 1103/8242/4980 1100/2220/4980
f 1109/2123/4981 1111/8243/4981 1110/2233/4981
f 1111/2234/4982 1114/8244/4982 1115/2235/4982
f 1112/2237/4983 1114/8245/4983 1111/2238/4983
f 1108/2156/4984 1047/8230/4984 1111/2240/4984
f 1099/2241/4985 1160/2246/4985 1110/2233/4985
f 1158/2243/4986 1114/8245/4986 1112/2237/4986
f 1161/2244/4987 1112/2237/4987 1047/2239/4987
f 1160/2246/4988 1159/2122/4988 1113/2124/4988
f 1122/2120/4989 1061/2151/4989 1170/2247/4989
f 1116/2133/4990 1171/2254/4990 1172/2249/4990
f 1119/2251/4991 1118/2348/4991 1173/2252/4991
f 1120/2132/4992 1175/2338/4992 1171/2254/4992
f 1225/2255/4993 1223/2131/4993 1116/2133/4993
f 1226/2256/4994 1118/2348/4994 1119/2251/4994
f 1225/2258/4995 1117/8246/4995 1118/2259/4995
f 1222/2261/4996 1224/8247/4996 1122/2262/4996
f 1124/2263/4997 1125/2271/4997 1044/2140/4997
f 1130/2264/4998 1044/2140/4998 1123/2265/4998
f 1127/2137/4999 1128/8248/4999 1130/2267/4999
f 1129/2268/5000 1124/8249/5000 1130/2269/5000
f 1073/2141/5001 1044/2140/5001 1125/2271/5001
f 1137/2273/5002 1132/2281/5002 1129/2268/5002
f 1134/2274/5003 1137/2273/5003 1128/2270/5003
f 1136/2276/5004 1125/8250/5004 1124/2143/5004
f 1054/2278/5005 1136/8251/5005 1133/2279/5005
f 1056/2049/5006 1057/2164/5006 1137/2273/5006
f 1057/2164/5007 1069/8232/5007 1132/2281/5007
f 1049/2171/5008 1073/2141/5008 1136/2272/5008
f 1069/2282/5009 1053/2280/5009 1133/2279/5009
f 1050/2184/5010 1131/2139/5010 1073/2141/5010
f 1055/2284/5011 1056/8252/5011 1134/2285/5011
f 1055/2284/5012 1135/2116/5012 1131/2118/5012
f 1210/2287/5013 1145/2352/5013 1144/2288/5013
f 1204/2290/5014 1209/2382/5014 1143/2291/5014
f 1208/2293/5015 1142/2304/5015 1145/2294/5015
f 1205/2289/5016 1144/2288/5016 1139/2296/5016
f 1207/2298/5017 1204/2290/5017 1141/2292/5017
f 1203/2300/5018 1139/2354/5018 1138/2301/5018
f 1208/2293/5019 1207/2378/5019 1140/2303/5019
f 1209/2305/5020 1206/2302/5020 1138/2301/5020
f 1148/2307/5021 1147/2222/5021 1146/2308/5021
f 1150/2221/5022 1151/8253/5022 1146/2308/5022
f 1146/2310/5023 1151/8254/5023 1154/2311/5023
f 1146/2310/5024 1153/2224/5024 1152/2312/5024
f 1106/2148/5025 1153/2224/5025 1154/2311/5025
f 1101/2228/5026 1100/2220/5026 1147/2222/5026
f 1107/2135/5027 1154/8255/5027 1151/2218/5027
f 1102/2126/5028 1149/2226/5028 1152/2314/5028
f 1066/2161/5029 1159/2122/5029 1160/2246/5029
f 1045/2078/5030 1062/8224/5030 1161/2244/5030
f 1062/2182/5031 1072/2068/5031 1158/2315/5031
f 1074/2169/5032 1060/2162/5032 1160/2246/5032
f 1045/2078/5033 1157/2245/5033 1156/2317/5033
f 1046/2318/5034 1156/8256/5034 1155/2319/5034
f 1072/2068/5035 1074/2067/5035 1099/2320/5035
f 1058/2180/5036 1155/2319/5036 1159/2321/5036
f 1026/2114/5037 1036/2100/5037 1162/2322/5037
f 1019/2324/5038 1169/8257/5038 1166/2325/5038
f 1018/2095/5039 1164/2332/5039 1169/2327/5039
f 1038/2097/5040 1024/2112/5040 1168/2328/5040
f 1024/2112/5041 1030/2015/5041 1167/2330/5041
f 1026/2331/5042 1165/8258/5042 1164/2332/5042
f 1036/2100/5043 1038/8225/5043 1163/2333/5043
f 1022/2326/5044 1166/2325/5044 1167/2334/5044
f 1174/2253/5045 1173/2252/5045 1190/2336/5045
f 1175/2338/5046 1192/8259/5046 1188/2339/5046
f 1170/2247/5047 1174/2351/5047 1191/2340/5047
f 1176/2342/5048 1177/2350/5048 1194/2343/5048
f 1120/2345/5049 1121/2349/5049 1176/2342/5049
f 1117/2347/5050 1172/2365/5050 1173/2252/5050
f 1121/2349/5051 1122/8260/5051 1177/2350/5051
f 1061/2151/5052 1119/8229/5052 1174/2351/5052
f 1145/2352/5053 1185/2232/5053 1180/2227/5053
f 1141/2292/5054 1143/2291/5054 1184/2353/5054
f 1142/2304/5055 1183/2134/5055 1185/2230/5055
f 1144/2288/5056 1180/2227/5056 1178/2229/5056
f 1140/2299/5057 1141/2292/5057 1179/2231/5057
f 1139/2354/5058 1178/2145/5058 1181/2146/5058
f 1142/2304/5059 1140/2303/5059 1182/2355/5059
f 1143/2306/5060 1138/2301/5060 1181/2146/5060
f 1187/2356/5061 1186/2341/5061 1191/2340/5061
f 1187/2356/5062 1193/8261/5062 1194/2358/5062
f 1192/2359/5063 1193/2344/5063 1187/2360/5063
f 1189/2362/5064 1188/2339/5064 1187/2363/5064
f 1171/2254/5065 1188/2339/5065 1189/2362/5065
f 1177/2248/5066 1170/2247/5066 1186/2341/5066
f 1176/2342/5067 1193/2344/5067 1192/2359/5067
f 1172/2365/5068 1189/8262/5068 1190/2336/5068
f 1075/2176/5069 1065/2055/5069 1195/2366/5069
f 1068/2040/5070 1077/8235/5070 1196/2368/5070
f 1064/2054/5071 1200/8263/5071 1195/2366/5071
f 1077/2173/5072 1076/2167/5072 1201/2370/5072
f 1048/2046/5073 1202/2375/5073 1200/2372/5073
f 1068/2040/5074 1197/2369/5074 1199/2373/5074
f 1076/2167/5075 1075/8234/5075 1198/2374/5075
f 1067/2059/5076 1199/2383/5076 1202/2375/5076
f 1198/2376/5077 1195/2380/5077 1206/2302/5077
f 1197/2377/5078 1196/8264/5078 1207/2378/5078
f 1200/2379/5079 1203/2300/5079 1206/2302/5079
f 1196/2371/5080 1201/2370/5080 1204/2290/5080
f 1202/2375/5081 1205/2289/5081 1203/2297/5081
f 1197/2377/5082 1208/2293/5082 1210/2295/5082
f 1201/2370/5083 1198/2374/5083 1209/2382/5083
f 1199/2383/5084 1210/2287/5084 1205/2289/5084
f 1020/83/5085 1217/2042/5085 1216/2188/5085
f 1023/80/5086 977/79/5086 1213/2384/5086
f 1035/39/5087 1215/2074/5087 1218/2177/5087
f 1034/2385/5088 1218/8233/5088 1214/2165/5088
f 1042/2386/5089 1216/8223/5089 1215/2074/5089
f 977/2091/5090 978/2083/5090 1214/2165/5090
f 1027/2111/5091 1023/80/5091 1212/2185/5091
f 1020/83/5092 1027/82/5092 1211/2387/5092
f 1078/2388/5093 1224/8247/5093 1222/2261/5093
f 1059/2390/5094 1052/8265/5094 1225/2258/5094
f 1059/2390/5095 1226/2260/5095 1220/2391/5095
f 1052/2071/5096 1051/2070/5096 1223/2131/5096
f 1070/2393/5097 1071/2389/5097 1222/2261/5097
f 1063/2043/5098 1220/2150/5098 1219/2119/5098
f 1051/2070/5099 1070/2166/5099 1221/2394/5099
f 1043/2044/5100 1219/2119/5100 1224/2121/5100
f 1165/2323/5101 1162/2322/5101 1230/2066/5101
f 1166/2395/5102 1169/2327/5102 1234/2175/5102
f 1169/2327/5103 1164/2332/5103 1231/2079/5103
f 1168/2328/5104 1233/2160/5104 1227/2168/5104
f 1167/2330/5105 1232/8231/5105 1233/2160/5105
f 1164/2332/5106 1165/8258/5106 1228/2077/5106
f 1163/2329/5107 1227/2168/5107 1230/2397/5107
f 1166/2325/5108 1229/2051/5108 1232/2053/5108
f 976/2113/5109 971/2005/5109 1238/2399/5109
f 979/2088/5110 976/2113/5110 1242/2183/5110
f 1033/2009/5111 1236/2163/5111 1241/2048/5111
f 981/2400/5112 1239/2407/5112 1238/2401/5112
f 1033/1969/5113 980/1968/5113 1237/2403/5113
f 980/1968/5114 979/2017/5114 1235/2405/5114
f 982/2406/5115 1240/8266/5115 1239/2407/5115
f 983/2010/5116 1241/2048/5116 1240/2050/5116
f 1334/2408/5117 1321/2420/5117 1258/507/5117
f 1328/2409/5118 1256/571/5118 1255/625/5118
f 1326/2411/5119 1331/8267/5119 1254/2412/5119
f 1330/2413/5120 1252/503/5120 1254/604/5120
f 1328/2409/5121 1323/2424/5121 1251/457/5121
f 1332/2415/5122 1250/270/5122 1249/570/5122
f 1320/2417/5123 1329/2480/5123 1255/2418/5123
f 1335/2419/5124 1334/2408/5124 1257/626/5124
f 1320/2417/5125 1248/505/5125 1258/507/5125
f 1330/2413/5126 1325/2425/5126 1246/269/5126
f 1335/2421/5127 1247/7952/5127 1245/267/5127
f 1322/2423/5128 1244/264/5128 1251/457/5128
f 1332/2415/5129 1327/2427/5129 1243/263/5129
f 1324/2422/5130 1245/267/5130 1246/269/5130
f 1322/2423/5131 1333/8268/5131 1249/2426/5131
f 1326/2411/5132 1253/261/5132 1243/263/5132
f 392/1072/5133 1260/2488/5133 1259/2428/5133
f 390/1061/5134 1262/2490/5134 1261/2429/5134
f 387/1048/5135 388/1050/5135 1264/1591/5135
f 112/1058/5136 386/1037/5136 1266/1738/5136
f 1268/983/5137 356/853/5137 1267/855/5137
f 129/1016/5138 1270/1717/5138 1269/1706/5138
f 1272/989/5139 452/1011/5139 1271/2433/5139
f 130/993/5140 1274/1570/5140 1273/2435/5140
f 1276/992/5141 138/2502/5141 1275/2436/5141
f 1268/2437/5142 480/8269/5142 1277/382/5142
f 1279/910/5143 358/2497/5143 1278/2439/5143
f 1281/907/5144 475/969/5144 1280/2440/5144
f 1283/959/5145 355/971/5145 1282/973/5145
f 420/946/5146 141/952/5146 1285/1802/5146
f 142/2442/5147 1287/1756/5147 1286/1758/5147
f 435/912/5148 149/927/5148 1289/1702/5148
f 428/924/5149 150/926/5149 1291/1708/5149
f 495/763/5150 1292/2511/5150 1293/2445/5150
f 152/806/5151 487/775/5151 1294/2446/5151
f 498/2447/5152 159/2509/5152 1297/2448/5152
f 160/895/5153 1299/8270/5153 1298/2450/5153
f 440/883/5154 1300/8271/5154 1301/2451/5154
f 445/878/5155 1302/2500/5155 1303/2452/5155
f 163/2453/5156 1305/1541/5156 1304/870/5156
f 164/863/5157 1307/2501/5157 1306/1538/5157
f 462/856/5158 175/851/5158 1309/1675/5158
f 176/845/5159 1311/2505/5159 1310/2455/5159
f 463/837/5160 1312/2503/5160 1313/1627/5160
f 178/2456/5161 469/2504/5161 1314/2457/5161
f 522/1133/5162 1317/814/5162 127/1748/5162
f 140/846/5163 505/809/5163 1318/2458/5163
f 344/2459/5164 1320/2417/5164 1321/2420/5164
f 256/786/5165 1322/2476/5165 1323/2461/5165
f 215/2462/5166 1324/2422/5166 1325/2425/5166
f 298/768/5167 1326/2478/5167 1327/2464/5167
f 299/2465/5168 1328/8272/5168 1329/2466/5168
f 345/2468/5169 1330/2482/5169 1331/2469/5169
f 216/2471/5170 1332/2475/5170 1333/2472/5170
f 108/2474/5171 257/2477/5171 1334/2408/5171
f 215/2462/5172 108/8273/5172 1335/2421/5172
f 216/2471/5173 111/766/5173 1327/2464/5173
f 256/786/5174 360/2473/5174 1333/2472/5174
f 106/2460/5175 1321/2420/5175 1334/2408/5175
f 298/768/5176 110/2470/5176 1331/2469/5176
f 299/2479/5177 107/8274/5177 1323/2424/5177
f 344/2459/5178 359/8275/5178 1329/2480/5178
f 345/2468/5179 109/772/5179 1325/2481/5179
f 405/1012/5180 406/963/5180 1337/1520/5180
f 407/1033/5181 408/1093/5181 1339/2484/5181
f 410/1091/5182 1341/2493/5182 1340/2486/5182
f 412/1083/5183 1343/2492/5183 411/2487/5183
f 392/1072/5184 387/1048/5184 1263/2430/5184
f 389/1060/5185 1261/2429/5185 1344/2489/5185
f 390/1061/5186 112/1058/5186 1265/2431/5186
f 391/1044/5187 1259/2428/5187 1345/2491/5187
f 412/1083/5188 407/1033/5188 1338/2485/5188
f 409/1024/5189 1340/2486/5189 1346/1797/5189
f 410/1091/5190 405/1012/5190 1336/2483/5190
f 1342/1002/5191 411/2487/5191 1347/1646/5191
f 508/994/5192 1348/2513/5192 1274/1570/5192
f 510/665/5193 1272/989/5193 128/2434/5193
f 537/1100/5194 395/977/5194 1344/2489/5194
f 139/765/5195 520/974/5195 1351/2496/5195
f 406/963/5196 531/965/5196 1353/1518/5196
f 419/958/5197 1269/1706/5197 1291/1708/5197
f 1317/814/5198 420/946/5198 1284/1804/5198
f 141/952/5199 424/939/5199 1286/1758/5199
f 428/924/5200 1290/2444/5200 1289/1702/5200
f 142/2442/5201 431/2432/5201 1267/855/5201
f 435/912/5202 1288/2443/5202 358/2497/5202
f 1281/2498/5203 357/873/5203 1300/402/5203
f 1283/959/5204 441/896/5204 1304/870/5204
f 445/878/5205 161/894/5205 1301/2451/5205
f 163/2453/5206 446/2454/5206 1306/1538/5206
f 452/1011/5207 162/875/5207 1303/2452/5207
f 453/865/5208 1273/2435/5208 1307/2501/5208
f 1276/992/5209 462/856/5209 1308/1677/5209
f 140/846/5210 1319/1641/5210 1312/2503/5210
f 468/841/5211 1310/2455/5211 1309/1675/5211
f 177/835/5212 1313/1627/5212 1314/2457/5212
f 176/845/5213 474/820/5213 1278/2439/5213
f 475/969/5214 178/2456/5214 1315/1618/5214
f 152/806/5215 1295/1763/5215 1277/2506/5215
f 160/2507/5216 483/2441/5216 1282/973/5216
f 151/777/5217 1293/2445/5217 1294/2446/5217
f 159/2509/5218 491/8276/5218 1298/2510/5218
f 139/765/5219 1352/1783/5219 1292/2511/5219
f 498/2447/5220 1296/2449/5220 137/1511/5220
f 501/680/5221 1275/2436/5221 1355/2512/5221
f 549/673/5222 1356/1648/5222 1318/2458/5222
f 508/994/5223 553/669/5223 1357/1579/5223
f 510/665/5224 1349/2494/5224 1358/1589/5224
f 535/657/5225 1359/1799/5225 1351/2496/5225
f 1354/653/5226 137/1511/5226 1360/1513/5226
f 522/1133/5227 1316/1750/5227 1361/1736/5227
f 129/1016/5228 524/1129/5228 1362/2514/5228
f 521/651/5229 1360/1513/5229 1353/1518/5229
f 535/657/5230 413/1022/5230 1346/1797/5230
f 537/1100/5231 1350/2495/5231 1362/2514/5231
f 386/1037/5232 540/1098/5232 1361/1736/5232
f 408/1093/5233 547/678/5233 1355/2512/5233
f 549/673/5234 415/1000/5234 1347/1646/5234
f 393/1042/5235 1345/2491/5235 1357/1579/5235
f 388/1050/5236 554/663/5236 1358/1589/5236
f 1397/2515/5237 1394/2629/5237 1393/2516/5237
f 1456/2518/5238 1511/2689/5238 1380/2519/5238
f 1556/2521/5239 1501/2674/5239 1502/2522/5239
f 1447/2524/5240 1521/2695/5240 1382/2525/5240
f 1399/2527/5241 1384/2613/5241 1383/2528/5241
f 1419/2530/5242 1386/2601/5242 1385/2531/5242
f 1536/2533/5243 1498/2671/5243 1499/2534/5243
f 1398/2536/5244 1396/2620/5244 1395/2537/5244
f 1464/2539/5245 1523/2696/5245 1392/2540/5245
f 1476/2542/5246 1533/2701/5246 1390/2543/5246
f 1387/2545/5247 1402/2610/5247 1403/2546/5247
f 1401/2548/5248 1400/2609/5248 1405/2549/5248
f 1515/2551/5249 1449/8277/5249 1407/2552/5249
f 1453/2554/5250 1513/2690/5250 1450/2555/5250
f 1529/2557/5251 1470/8278/5251 1413/2558/5251
f 1474/2560/5252 1531/2700/5252 1471/2561/5252
f 1409/2563/5253 1410/2628/5253 1415/2564/5253
f 1411/2566/5254 1412/2627/5254 1417/2567/5254
f 1388/2569/5255 1422/2594/5255 1423/2570/5255
f 1421/2572/5256 1420/2593/5256 1425/2573/5256
f 1443/2575/5257 1517/2694/5257 1440/2576/5257
f 1442/2578/5258 1519/8279/5258 1441/2579/5258
f 1527/2581/5259 1458/8280/5259 1433/2582/5259
f 1460/2584/5260 1525/2697/5260 1459/2585/5260
f 1429/2587/5261 1430/2615/5261 1435/2588/5261
f 1431/2590/5262 1432/2614/5262 1437/2591/5262
f 1421/2572/5263 1442/2578/5263 1428/2580/5263
f 1388/2569/5264 1443/2575/5264 1427/2577/5264
f 1444/2550/5265 1405/2549/5265 1406/2595/5265
f 1445/2547/5266 1403/2546/5266 1404/2597/5266
f 1446/2529/5267 1383/2528/5267 1439/2599/5267
f 1419/2530/5268 1447/2524/5268 1381/2526/5268
f 1496/2602/5269 1497/2684/5269 1572/2603/5269
f 1451/2574/5270 1425/2573/5270 1426/2605/5270
f 1452/2571/5271 1423/2570/5271 1424/2607/5271
f 1401/2548/5272 1453/2554/5272 1408/2556/5272
f 1387/2545/5273 1454/2553/5273 1407/2552/5273
f 1455/2532/5274 1385/2531/5274 1448/2611/5274
f 1399/2527/5275 1456/2518/5275 1379/2520/5275
f 1431/2590/5276 1460/2584/5276 1434/2586/5276
f 1429/2587/5277 1461/2583/5277 1433/2582/5277
f 1462/2568/5278 1417/2567/5278 1418/2616/5278
f 1463/2565/5279 1415/2564/5279 1416/2618/5279
f 1398/2536/5280 1464/2539/5280 1391/2541/5280
f 1468/2517/5281 1393/2516/5281 1457/2621/5281
f 1472/2592/5282 1437/2591/5282 1438/2623/5282
f 1473/2589/5283 1435/2588/5283 1436/2625/5283
f 1411/2566/5284 1474/2560/5284 1414/2562/5284
f 1409/2563/5285 1475/2559/5285 1413/2558/5285
f 1397/2515/5286 1476/2542/5286 1389/2544/5286
f 1477/2538/5287 1395/2537/5287 1469/2630/5287
f 1549/2632/5288 1466/2675/5288 1467/2633/5288
f 1563/2635/5289 1478/2677/5289 1479/2636/5289
f 1480/2638/5290 1481/2662/5290 1364/2639/5290
f 1483/2641/5291 1366/8281/5291 1365/2642/5291
f 1485/1113/5292 1368/2667/5292 1367/2644/5292
f 1487/2645/5293 1370/2659/5293 1369/2646/5293
f 1489/1116/5294 1372/2698/5294 1371/2647/5294
f 1491/2648/5295 1374/2663/5295 1373/2649/5295
f 1493/2650/5296 1376/2661/5296 1375/2651/5296
f 1495/2653/5297 1378/8282/5297 1377/2654/5297
f 1484/2656/5298 1367/8283/5298 1378/2657/5298
f 1492/2652/5299 1375/2651/5299 1370/2659/5299
f 1493/2650/5300 1482/785/5300 1365/2660/5300
f 1481/2662/5301 1494/2655/5301 1377/2654/5301
f 1491/2648/5302 1486/767/5302 1369/2646/5302
f 1488/1127/5303 1371/2647/5303 1366/2664/5303
f 1489/2665/5304 1480/2638/5304 1363/2640/5304
f 1485/1113/5305 1490/1112/5305 1373/2649/5305
f 1545/2668/5306 1555/2722/5306 1569/2669/5306
f 1498/2671/5307 1562/2724/5307 1570/2672/5307
f 1504/2673/5308 1505/2688/5308 1502/2522/5308
f 1466/2675/5309 1560/2723/5309 1568/2676/5309
f 1536/2533/5310 1561/2535/5310 1479/2636/5310
f 1540/2678/5311 1565/2725/5311 1567/2679/5311
f 1549/2632/5312 1557/2634/5312 1558/2681/5312
f 1508/2683/5313 1509/2685/5313 1497/2684/5313
f 1508/2683/5314 1540/2678/5314 1564/2680/5314
f 1559/2686/5315 1551/2682/5315 1558/2681/5315
f 1504/2673/5316 1545/2668/5316 1554/2670/5316
f 1400/2609/5317 1408/2556/5317 1456/2518/5317
f 1405/2549/5318 1446/2529/5318 1510/2600/5318
f 1400/2609/5319 1399/2527/5319 1446/2529/5319
f 1408/2556/5320 1450/2555/5320 1511/2689/5320
f 1402/2610/5321 1407/2552/5321 1453/2554/5321
f 1403/2546/5322 1444/2550/5322 1512/2596/5322
f 1407/2552/5323 1449/8277/5323 1513/2690/5323
f 1402/2610/5324 1401/2548/5324 1444/2550/5324
f 1376/2661/5325 1365/2660/5325 1454/2553/5325
f 1375/2651/5326 1445/2547/5326 1514/2598/5326
f 1365/2660/5327 1366/2664/5327 1515/2551/5327
f 1376/2661/5328 1387/2545/5328 1445/2547/5328
f 1377/2691/5329 1452/2571/5329 1516/2608/5329
f 1378/2693/5330 1367/2644/5330 1443/2575/5330
f 1367/2644/5331 1368/2667/5331 1517/2694/5331
f 1378/2693/5332 1388/2569/5332 1452/2571/5332
f 1423/2570/5333 1451/2574/5333 1518/2606/5333
f 1422/2594/5334 1427/2577/5334 1442/2578/5334
f 1440/2576/5335 1519/8279/5335 1442/2578/5335
f 1422/2594/5336 1421/2572/5336 1451/2574/5336
f 1425/2573/5337 1455/2532/5337 1520/2612/5337
f 1420/2593/5338 1428/2580/5338 1447/2524/5338
f 1420/2593/5339 1419/2530/5339 1455/2532/5339
f 1428/2580/5340 1441/2579/5340 1521/2695/5340
f 1437/2591/5341 1477/2538/5341 1522/2631/5341
f 1432/2614/5342 1434/2586/5342 1464/2539/5342
f 1434/2586/5343 1459/2585/5343 1523/2696/5343
f 1432/2614/5344 1398/2536/5344 1477/2538/5344
f 1435/2588/5345 1472/2592/5345 1524/2624/5345
f 1430/2615/5346 1433/2582/5346 1460/2584/5346
f 1430/2615/5347 1431/2590/5347 1472/2592/5347
f 1433/2582/5348 1458/8280/5348 1525/2697/5348
f 1373/2649/5349 1473/2589/5349 1526/2626/5349
f 1374/2663/5350 1369/2646/5350 1461/2583/5350
f 1374/2663/5351 1429/2587/5351 1473/2589/5351
f 1369/2646/5352 1370/2659/5352 1527/2581/5352
f 1372/2698/5353 1363/2699/5353 1475/2559/5353
f 1371/2647/5354 1463/2565/5354 1528/2619/5354
f 1372/2698/5355 1409/2563/5355 1463/2565/5355
f 1363/2699/5356 1364/2692/5356 1529/2557/5356
f 1410/2628/5357 1413/2558/5357 1474/2560/5357
f 1415/2564/5358 1462/2568/5358 1530/2617/5358
f 1410/2628/5359 1411/2566/5359 1462/2568/5359
f 1413/2558/5360 1470/8278/5360 1531/2700/5360
f 1412/2627/5361 1414/2562/5361 1476/2542/5361
f 1418/2616/5362 1417/2567/5362 1468/2517/5362
f 1414/2562/5363 1471/2561/5363 1533/2701/5363
f 1412/2627/5364 1397/2515/5364 1468/2517/5364
f 1396/2620/5365 1500/2706/5365 1534/2702/5365
f 1391/2541/5366 1392/2540/5366 1537/2703/5366
f 1395/2537/5367 1534/2702/5367 1538/2705/5367
f 1396/2620/5368 1391/2541/5368 1535/2704/5368
f 1386/2601/5369 1381/2526/5369 1506/2707/5369
f 1386/2601/5370 1541/2708/5370 1539/2709/5370
f 1381/2526/5371 1382/2525/5371 1542/2710/5371
f 1385/2531/5372 1539/2709/5372 1543/2711/5372
f 1394/2629/5373 1389/2544/5373 1503/2712/5373
f 1394/2629/5374 1546/2713/5374 1544/2714/5374
f 1389/2544/5375 1390/2543/5375 1547/2715/5375
f 1393/2516/5376 1544/2714/5376 1548/2716/5376
f 1383/2528/5377 1507/2718/5377 1552/2717/5377
f 1384/2613/5378 1465/2721/5378 1507/2718/5378
f 1379/2520/5379 1380/2519/5379 1553/2719/5379
f 1384/2613/5380 1379/2520/5380 1550/2720/5380
f 1546/2713/5381 1503/2712/5381 1545/2668/5381
f 1546/2713/5382 1504/2673/5382 1501/2674/5382
f 1503/2712/5383 1547/2715/5383 1555/2722/5383
f 1544/2714/5384 1501/2674/5384 1556/2521/5384
f 1507/2718/5385 1551/2682/5385 1559/2686/5385
f 1465/2721/5386 1549/2632/5386 1551/2682/5386
f 1550/2720/5387 1553/2719/5387 1560/2723/5387
f 1465/2721/5388 1550/2720/5388 1466/2675/5388
f 1500/2706/5389 1536/2533/5389 1478/2677/5389
f 1535/2704/5390 1537/2703/5390 1562/2724/5390
f 1534/2702/5391 1478/2677/5391 1563/2635/5391
f 1500/2706/5392 1535/2704/5392 1498/2671/5392
f 1541/2708/5393 1506/2707/5393 1540/2678/5393
f 1541/2708/5394 1508/2683/5394 1496/2602/5394
f 1506/2707/5395 1542/2710/5395 1565/2725/5395
f 1539/2709/5396 1496/2602/5396 1566/2604/5396
f 1588/2726/5397 1578/2756/5397 1593/2727/5397
f 1584/2729/5398 1582/8284/5398 1594/2730/5398
f 1598/2732/5399 1590/8285/5399 1580/2733/5399
f 1596/2735/5400 1586/2749/5400 1576/2736/5400
f 1587/2738/5401 1577/2776/5401 1609/2739/5401
f 1591/2741/5402 1588/2726/5402 1576/2742/5402
f 1591/2741/5402 1586/2743/5402 1580/2744/5402
f 1587/2738/1541 1614/2740/1541 1608/2746/1541
f 1595/2748/5403 1580/8286/5403 1586/2749/5403
f 1578/2750/5404 1584/2729/5404 1597/2731/5404
f 1579/2752/1544 1610/8287/1544 1615/2753/1544
f 1582/2755/5405 1584/2757/5405 1591/2741/5405
f 1578/2756/5406 1588/2726/5406 1591/2741/5406
f 1577/2758/1546 1583/2778/1546 1612/2759/1546
f 1582/2761/5407 1590/8285/5407 1598/2732/5407
f 1592/2763/5408 1576/2742/5408 1588/2726/5408
f 1607/2764/5409 1592/2763/5409 1599/2728/5409
f 1594/2762/5410 1598/2732/5410 1605/2766/5410
f 1593/2751/5411 1597/2731/5411 1604/2768/5411
f 1602/2770/5412 1595/2748/5412 1596/2735/5412
f 1603/2771/5413 1596/2735/5413 1592/2737/5413
f 1605/2766/5414 1598/2732/5414 1595/2734/5414
f 1597/2731/5415 1594/2730/5415 1601/2774/5415
f 1599/2728/5416 1593/2727/5416 1600/2775/5416
f 1606/2765/5417 1600/2775/5417 1577/2776/5417
f 1604/2768/5418 1601/2774/5418 1581/2777/5418
f 1589/2754/5419 1605/2766/5419 1602/2773/5419
f 1585/2779/5420 1603/2771/5420 1607/2772/5420
f 1579/2781/5421 1602/2770/5421 1603/2771/5421
f 1600/2769/5422 1604/2768/5422 1583/2778/5422
f 1601/2767/5423 1605/2766/5423 1589/2754/5423
f 1575/2747/5424 1607/2764/5424 1606/2765/5424
f 1616/2783/1566 1615/8288/1566 1610/2784/1566
f 1616/2783/1566 1613/2785/1566 1608/2786/1566
f 1609/2788/1565 1612/2790/1565 1616/2783/1565
f 1611/2789/1566 1615/8288/1566 1616/2783/1566
f 1581/2782/5425 1589/2754/5425 1615/2753/5425
f 1575/2780/1568 1608/8289/1568 1613/2792/1568
f 1583/2778/1569 1581/2777/1569 1611/2793/1569
f 1585/2779/1570 1613/2792/1570 1610/2794/1570
f 1630/2795/5426 1620/2825/5426 1635/2796/5426
f 1626/2798/5427 1624/8290/5427 1636/2799/5427
f 1640/2801/5428 1632/8291/5428 1622/2802/5428
f 1638/2804/5429 1628/2818/5429 1618/2805/5429
f 1629/2807/1575 1619/2845/1575 1651/2808/1575
f 1633/2810/1576 1630/2795/1576 1618/2811/1576
f 1633/2810/5430 1628/2812/5430 1622/2813/5430
f 1629/2807/1578 1656/2809/1578 1650/2815/1578
f 1637/2817/5431 1622/8292/5431 1628/2818/5431
f 1620/2819/5432 1626/2798/5432 1639/2800/5432
f 1621/2821/1581 1652/8293/1581 1657/2822/1581
f 1624/2824/1576 1626/2826/1576 1633/2810/1576
f 1620/2825/5430 1630/2795/5430 1633/2810/5430
f 1619/2827/1584 1625/2847/1584 1654/2828/1584
f 1624/2830/5433 1632/8291/5433 1640/2801/5433
f 1634/2832/5434 1618/2811/5434 1630/2795/5434
f 1649/2833/5435 1634/2832/5435 1641/2797/5435
f 1636/2831/5436 1640/2801/5436 1647/2835/5436
f 1635/2820/5437 1639/2800/5437 1646/2837/5437
f 1644/2839/5438 1637/2817/5438 1638/2804/5438
f 1645/2840/5439 1638/2804/5439 1634/2806/5439
f 1647/2835/5440 1640/2801/5440 1637/2803/5440
f 1639/2800/5441 1636/2799/5441 1643/2843/5441
f 1641/2797/5442 1635/2796/5442 1642/2844/5442
f 1648/2834/5443 1642/2844/5443 1619/2845/5443
f 1646/2837/5444 1643/2843/5444 1623/2846/5444
f 1631/2823/5445 1647/2835/5445 1644/2842/5445
f 1627/2848/5446 1645/2840/5446 1649/2841/5446
f 1621/2850/5447 1644/2839/5447 1645/2840/5447
f 1642/2838/5448 1646/2837/5448 1625/2847/5448
f 1643/2836/5449 1647/2835/5449 1631/2823/5449
f 1617/2816/5450 1649/2833/5450 1648/2834/5450
f 1658/2852/1603 1657/8294/1603 1652/2853/1603
f 1658/2852/1603 1655/2854/1603 1650/2855/1603
f 1651/2857/1603 1654/2859/1603 1658/2852/1603
f 1653/2858/1603 1657/8294/1603 1658/2852/1603
f 1623/2851/1604 1631/2823/1604 1657/2822/1604
f 1617/2849/1605 1650/8295/1605 1655/2861/1605
f 1625/2847/1606 1623/2846/1606 1653/2862/1606
f 1627/2848/1607 1655/2861/1607 1652/2863/1607
f 1672/2864/5451 1662/2894/5451 1677/2865/5451
f 1668/2867/5452 1666/8296/5452 1678/2868/5452
f 1682/2870/5453 1674/8297/5453 1664/2871/5453
f 1680/2873/5454 1670/2887/5454 1660/2874/5454
f 1671/2876/1612 1661/2914/1612 1693/2877/1612
f 1675/2879/1613 1672/2864/1613 1660/2880/1613
f 1675/2879/1620 1670/2881/1620 1664/2882/1620
f 1671/2876/1615 1698/2878/1615 1692/2884/1615
f 1679/2886/5455 1664/8298/5455 1670/2887/5455
f 1662/2888/5456 1668/2867/5456 1681/2869/5456
f 1663/2890/1618 1694/8299/1618 1699/2891/1618
f 1666/2893/1614 1668/2895/1614 1675/2879/1614
f 1662/2894/5457 1672/2864/5457 1675/2879/5457
f 1661/2896/1621 1667/2916/1621 1696/2897/1621
f 1666/2899/5458 1674/8297/5458 1682/2870/5458
f 1676/2901/5459 1660/2880/5459 1672/2864/5459
f 1691/2902/5460 1676/2901/5460 1683/2866/5460
f 1678/2900/5461 1682/2870/5461 1689/2904/5461
f 1677/2889/5462 1681/2869/5462 1688/2906/5462
f 1686/2908/5463 1679/2886/5463 1680/2873/5463
f 1687/2909/5464 1680/2873/5464 1676/2875/5464
f 1689/2904/5465 1682/2870/5465 1679/2872/5465
f 1681/2869/5466 1678/2868/5466 1685/2912/5466
f 1683/2866/5467 1677/2865/5467 1684/2913/5467
f 1690/2903/5468 1684/2913/5468 1661/2914/5468
f 1688/2906/5469 1685/2912/5469 1665/2915/5469
f 1673/2892/5470 1689/2904/5470 1686/2911/5470
f 1669/2917/5471 1687/2909/5471 1691/2910/5471
f 1663/2919/5472 1686/2908/5472 1687/2909/5472
f 1684/2907/5473 1688/2906/5473 1667/2916/5473
f 1685/2905/5474 1689/2904/5474 1673/2892/5474
f 1659/2885/5475 1691/2902/5475 1690/2903/5475
f 1700/2921/1640 1699/8300/1640 1694/2922/1640
f 1700/2921/1640 1697/2923/1640 1692/2924/1640
f 1693/2926/1640 1696/2928/1640 1700/2921/1640
f 1695/2927/1640 1699/8300/1640 1700/2921/1640
f 1665/2920/1641 1673/2892/1641 1699/2891/1641
f 1659/2918/1642 1692/8301/1642 1697/2930/1642
f 1667/2916/1643 1665/2915/1643 1695/2931/1643
f 1669/2917/5476 1697/2930/5476 1694/2932/5476
f 1714/2933/5477 1704/2963/5477 1719/2934/5477
f 1710/2936/5478 1708/8302/5478 1720/2937/5478
f 1724/2939/5479 1716/8303/5479 1706/2940/5479
f 1722/2942/5480 1712/2956/5480 1702/2943/5480
f 1713/2945/1649 1703/2983/1649 1735/2946/1649
f 1717/2948/5481 1714/2933/5481 1702/2949/5481
f 1717/2948/5481 1712/2950/5481 1706/2951/5481
f 1713/2945/1652 1740/2947/1652 1734/2953/1652
f 1721/2955/5482 1706/8304/5482 1712/2956/5482
f 1704/2957/5483 1710/2936/5483 1723/2938/5483
f 1705/2959/1655 1736/8305/1655 1741/2960/1655
f 1708/2962/5484 1710/2964/5484 1717/2948/5484
f 1704/2963/5484 1714/2933/5484 1717/2948/5484
f 1703/2965/1658 1709/2985/1658 1738/2966/1658
f 1708/2968/5485 1716/8303/5485 1724/2939/5485
f 1718/2970/5486 1702/2949/5486 1714/2933/5486
f 1733/2971/5487 1718/2970/5487 1725/2935/5487
f 1720/2969/5488 1724/2939/5488 1731/2973/5488
f 1719/2958/5489 1723/2938/5489 1730/2975/5489
f 1728/2977/5490 1721/2955/5490 1722/2942/5490
f 1729/2978/5491 1722/2942/5491 1718/2944/5491
f 1731/2973/5492 1724/2939/5492 1721/2941/5492
f 1723/2938/5493 1720/2937/5493 1727/2981/5493
f 1725/2935/5494 1719/2934/5494 1726/2982/5494
f 1732/2972/5495 1726/2982/5495 1703/2983/5495
f 1730/2975/5496 1727/2981/5496 1707/2984/5496
f 1715/2961/5497 1731/2973/5497 1728/2980/5497
f 1711/2986/5498 1729/2978/5498 1733/2979/5498
f 1705/2988/5499 1728/2977/5499 1729/2978/5499
f 1726/2976/5500 1730/2975/5500 1709/2985/5500
f 1727/2974/5501 1731/2973/5501 1715/2961/5501
f 1701/2954/5502 1733/2971/5502 1732/2972/5502
f 1742/2990/1677 1741/8306/1677 1736/2991/1677
f 1742/2990/1677 1739/2992/1677 1734/2993/1677
f 1735/2995/1677 1738/2997/1677 1742/2990/1677
f 1737/2996/1677 1741/8306/1677 1742/2990/1677
f 1707/2989/1678 1715/2961/1678 1741/2960/1678
f 1701/2987/1679 1734/8307/1679 1739/2999/1679
f 1709/2985/1680 1707/2984/1680 1737/3000/1680
f 1711/2986/1681 1739/2999/1681 1736/3001/1681
f 1756/3002/5503 1746/3032/5503 1761/3003/5503
f 1752/3005/5504 1750/8308/5504 1762/3006/5504
f 1766/3008/5505 1758/8309/5505 1748/3009/5505
f 1764/3011/5506 1754/3025/5506 1744/3012/5506
f 1755/3014/1686 1745/3052/1686 1777/3015/1686
f 1759/3017/5507 1756/3002/5507 1744/3018/5507
f 1759/3017/1693 1754/3019/1693 1748/3020/1693
f 1755/3014/1689 1782/3016/1689 1776/3022/1689
f 1763/3024/5508 1748/8310/5508 1754/3025/5508
f 1746/3026/5509 1752/3005/5509 1765/3007/5509
f 1747/3028/1692 1778/8311/1692 1783/3029/1692
f 1750/3031/5510 1752/3033/5510 1759/3017/5510
f 1746/3032/5511 1756/3002/5511 1759/3017/5511
f 1745/3034/5512 1751/3054/5512 1780/3035/5512
f 1750/3037/5513 1758/8309/5513 1766/3008/5513
f 1760/3039/5514 1744/3018/5514 1756/3002/5514
f 1775/3040/5515 1760/3039/5515 1767/3004/5515
f 1762/3038/5516 1766/3008/5516 1773/3042/5516
f 1761/3027/5517 1765/3007/5517 1772/3044/5517
f 1770/3046/5518 1763/3024/5518 1764/3011/5518
f 1771/3047/5519 1764/3011/5519 1760/3013/5519
f 1773/3042/5520 1766/3008/5520 1763/3010/5520
f 1765/3007/5521 1762/3006/5521 1769/3050/5521
f 1767/3004/5522 1761/3003/5522 1768/3051/5522
f 1774/3041/5523 1768/3051/5523 1745/3052/5523
f 1772/3044/5524 1769/3050/5524 1749/3053/5524
f 1757/3030/5525 1773/3042/5525 1770/3049/5525
f 1753/3055/5526 1771/3047/5526 1775/3048/5526
f 1747/3057/5527 1770/3046/5527 1771/3047/5527
f 1768/3045/5528 1772/3044/5528 1751/3054/5528
f 1769/3043/5529 1773/3042/5529 1757/3030/5529
f 1743/3023/5530 1775/3040/5530 1774/3041/5530
f 1784/3059/1713 1783/8312/1713 1778/3060/1713
f 1784/3059/1713 1781/3061/1713 1776/3062/1713
f 1777/3064/1713 1780/3066/1713 1784/3059/1713
f 1779/3065/1713 1783/8312/1713 1784/3059/1713
f 1749/3058/1714 1757/3030/1714 1783/3029/1714
f 1743/3056/1715 1776/8313/1715 1781/3068/1715
f 1751/3054/1716 1749/3053/1716 1779/3069/1716
f 1753/3055/1717 1781/3068/1717 1778/3070/1717
f 1798/3071/5531 1788/3101/5531 1803/3072/5531
f 1794/3074/5532 1792/8314/5532 1804/3075/5532
f 1808/3077/5533 1800/8315/5533 1790/3078/5533
f 1806/3080/5534 1796/3094/5534 1786/3081/5534
f 1797/3083/5535 1787/3121/5535 1819/3084/5535
f 1801/3086/5536 1798/3071/5536 1786/3087/5536
f 1801/3086/5537 1796/3088/5537 1790/3089/5537
f 1797/3083/1725 1824/3085/1725 1818/3091/1725
f 1805/3093/5538 1790/8316/5538 1796/3094/5538
f 1788/3095/5539 1794/3074/5539 1807/3076/5539
f 1789/3097/1728 1820/8317/1728 1825/3098/1728
f 1792/3100/1729 1794/3102/1729 1801/3086/1729
f 1788/3101/5540 1798/3071/5540 1801/3086/5540
f 1787/3103/1730 1793/3123/1730 1822/3104/1730
f 1792/3106/5541 1800/8315/5541 1808/3077/5541
f 1802/3108/5542 1786/3087/5542 1798/3071/5542
f 1817/3109/5543 1802/3108/5543 1809/3073/5543
f 1804/3107/5544 1808/3077/5544 1815/3111/5544
f 1803/3096/5545 1807/3076/5545 1814/3113/5545
f 1812/3115/5546 1805/3093/5546 1806/3080/5546
f 1813/3116/5547 1806/3080/5547 1802/3082/5547
f 1815/3111/5548 1808/3077/5548 1805/3079/5548
f 1807/3076/5549 1804/3075/5549 1811/3119/5549
f 1809/3073/5550 1803/3072/5550 1810/3120/5550
f 1816/3110/5551 1810/3120/5551 1787/3121/5551
f 1814/3113/5552 1811/3119/5552 1791/3122/5552
f 1799/3099/5553 1815/3111/5553 1812/3118/5553
f 1795/3124/5554 1813/3116/5554 1817/3117/5554
f 1789/3126/5555 1812/3115/5555 1813/3116/5555
f 1810/3114/5556 1814/3113/5556 1793/3123/5556
f 1811/3112/5557 1815/3111/5557 1799/3099/5557
f 1785/3092/5558 1817/3109/5558 1816/3110/5558
f 1826/3128/1749 1825/8318/1749 1820/3129/1749
f 1826/3128/1749 1823/3130/1749 1818/3131/1749
f 1819/3133/1749 1822/3135/1749 1826/3128/1749
f 1821/3134/1749 1825/8318/1749 1826/3128/1749
f 1791/3127/1750 1799/3099/1750 1825/3098/1750
f 1785/3125/5559 1818/8319/5559 1823/3137/5559
f 1793/3123/1752 1791/3122/1752 1821/3138/1752
f 1795/3124/1753 1823/3137/1753 1820/3139/1753
f 1840/3140/5560 1830/3170/5560 1845/3141/5560
f 1836/3143/5561 1834/8320/5561 1846/3144/5561
f 1850/3146/5562 1842/8321/5562 1832/3147/5562
f 1848/3149/5563 1838/3163/5563 1828/3150/5563
f 1839/3152/1758 1829/3190/1758 1861/3153/1758
f 1843/3155/5564 1840/3140/5564 1828/3156/5564
f 1843/3155/5565 1838/3157/5565 1832/3158/5565
f 1839/3152/1761 1866/3154/1761 1860/3160/1761
f 1847/3162/5566 1832/8322/5566 1838/3163/5566
f 1830/3164/5567 1836/3143/5567 1849/3145/5567
f 1831/3166/1764 1862/8323/1764 1867/3167/1764
f 1834/3169/5568 1836/3171/5568 1843/3155/5568
f 1830/3170/1760 1840/3140/1760 1843/3155/1760
f 1829/3172/1766 1835/3192/1766 1864/3173/1766
f 1834/3175/5569 1842/8321/5569 1850/3146/5569
f 1844/3177/5570 1828/3156/5570 1840/3140/5570
f 1859/3178/5571 1844/3177/5571 1851/3142/5571
f 1846/3176/5572 1850/3146/5572 1857/3180/5572
f 1845/3165/5573 1849/3145/5573 1856/3182/5573
f 1854/3184/5574 1847/3162/5574 1848/3149/5574
f 1855/3185/5575 1848/3149/5575 1844/3151/5575
f 1857/3180/5576 1850/3146/5576 1847/3148/5576
f 1849/3145/5577 1846/3144/5577 1853/3188/5577
f 1851/3142/5578 1845/3141/5578 1852/3189/5578
f 1858/3179/5579 1852/3189/5579 1829/3190/5579
f 1856/3182/5580 1853/3188/5580 1833/3191/5580
f 1841/3168/5581 1857/3180/5581 1854/3187/5581
f 1837/3193/5582 1855/3185/5582 1859/3186/5582
f 1831/3195/5583 1854/3184/5583 1855/3185/5583
f 1852/3183/5584 1856/3182/5584 1835/3192/5584
f 1853/3181/5585 1857/3180/5585 1841/3168/5585
f 1827/3161/5586 1859/3178/5586 1858/3179/5586
f 1868/3197/1785 1867/8324/1785 1862/3198/1785
f 1868/3197/1785 1865/3199/1785 1860/3200/1785
f 1861/3202/1785 1864/3204/1785 1868/3197/1785
f 1863/3203/1785 1867/8324/1785 1868/3197/1785
f 1833/3196/1786 1841/3168/1786 1867/3167/1786
f 1827/3194/1787 1860/8325/1787 1865/3206/1787
f 1835/3192/1788 1833/3191/1788 1863/3207/1788
f 1837/3193/1789 1865/3206/1789 1862/3208/1789
f 1882/3209/5587 1872/3239/5587 1887/3210/5587
f 1878/3212/5588 1876/8326/5588 1888/3213/5588
f 1892/3215/5589 1884/8327/5589 1874/3216/5589
f 1890/3218/5590 1880/3232/5590 1870/3219/5590
f 1881/3221/1794 1871/3259/1794 1903/3222/1794
f 1885/3224/1795 1882/3209/1795 1870/3225/1795
f 1885/3224/5591 1880/3226/5591 1874/3227/5591
f 1881/3221/1797 1908/3223/1797 1902/3229/1797
f 1889/3231/5592 1874/8328/5592 1880/3232/5592
f 1872/3233/5593 1878/3212/5593 1891/3214/5593
f 1873/3235/5594 1904/8329/5594 1909/3236/5594
f 1876/3238/5595 1878/3240/5595 1885/3224/5595
f 1872/3239/1796 1882/3209/1796 1885/3224/1796
f 1871/3241/1803 1877/3261/1803 1906/3242/1803
f 1876/3244/5596 1884/8327/5596 1892/3215/5596
f 1886/3246/5597 1870/3225/5597 1882/3209/5597
f 1901/3247/5598 1886/3246/5598 1893/3211/5598
f 1888/3245/5599 1892/3215/5599 1899/3249/5599
f 1887/3234/5600 1891/3214/5600 1898/3251/5600
f 1896/3253/5601 1889/3231/5601 1890/3218/5601
f 1897/3254/5602 1890/3218/5602 1886/3220/5602
f 1899/3249/5603 1892/3215/5603 1889/3217/5603
f 1891/3214/5604 1888/3213/5604 1895/3257/5604
f 1893/3211/5605 1887/3210/5605 1894/3258/5605
f 1900/3248/5606 1894/3258/5606 1871/3259/5606
f 1898/3251/5607 1895/3257/5607 1875/3260/5607
f 1883/3237/5608 1899/3249/5608 1896/3256/5608
f 1879/3262/5609 1897/3254/5609 1901/3255/5609
f 1873/3264/5610 1896/3253/5610 1897/3254/5610
f 1894/3252/5611 1898/3251/5611 1877/3261/5611
f 1895/3250/5612 1899/3249/5612 1883/3237/5612
f 1869/3230/5613 1901/3247/5613 1900/3248/5613
f 1910/3266/1822 1909/8330/1822 1904/3267/1822
f 1910/3266/1822 1907/3268/1822 1902/3269/1822
f 1903/3271/1822 1906/3273/1822 1910/3266/1822
f 1905/3272/1822 1909/8330/1822 1910/3266/1822
f 1875/3265/1823 1883/3237/1823 1909/3236/1823
f 1869/3263/1824 1902/8331/1824 1907/3275/1824
f 1877/3261/1825 1875/3260/1825 1905/3276/1825
f 1879/3262/1826 1907/3275/1826 1904/3277/1826
f 1924/3278/5614 1914/3308/5614 1929/3279/5614
f 1920/3281/5615 1918/8332/5615 1930/3282/5615
f 1934/3284/5616 1926/8333/5616 1916/3285/5616
f 1932/3287/5617 1922/3301/5617 1912/3288/5617
f 1923/3290/1831 1913/3328/1831 1945/3291/1831
f 1927/3293/1833 1924/3278/1833 1912/3294/1833
f 1927/3293/1833 1922/3295/1833 1916/3296/1833
f 1923/3290/1834 1950/3292/1834 1944/3298/1834
f 1931/3300/5618 1916/8334/5618 1922/3301/5618
f 1914/3302/5619 1920/3281/5619 1933/3283/5619
f 1915/3304/1837 1946/8335/1837 1951/3305/1837
f 1918/3307/1839 1920/3309/1839 1927/3293/1839
f 1914/3308/1839 1924/3278/1839 1927/3293/1839
f 1913/3310/1840 1919/3330/1840 1948/3311/1840
f 1918/3313/5620 1926/8333/5620 1934/3284/5620
f 1928/3315/5621 1912/3294/5621 1924/3278/5621
f 1943/3316/5622 1928/3315/5622 1935/3280/5622
f 1930/3314/5623 1934/3284/5623 1941/3318/5623
f 1929/3303/5624 1933/3283/5624 1940/3320/5624
f 1938/3322/5625 1931/3300/5625 1932/3287/5625
f 1939/3323/5626 1932/3287/5626 1928/3289/5626
f 1941/3318/5627 1934/3284/5627 1931/3286/5627
f 1933/3283/5628 1930/3282/5628 1937/3326/5628
f 1935/3280/5629 1929/3279/5629 1936/3327/5629
f 1942/3317/5630 1936/3327/5630 1913/3328/5630
f 1940/3320/5631 1937/3326/5631 1917/3329/5631
f 1925/3306/5632 1941/3318/5632 1938/3325/5632
f 1921/3331/5633 1939/3323/5633 1943/3324/5633
f 1915/3333/5634 1938/3322/5634 1939/3323/5634
f 1936/3321/5635 1940/3320/5635 1919/3330/5635
f 1937/3319/5636 1941/3318/5636 1925/3306/5636
f 1911/3299/5637 1943/3316/5637 1942/3317/5637
f 1952/3335/1859 1951/8336/1859 1946/3336/1859
f 1952/3335/1859 1949/3337/1859 1944/3338/1859
f 1945/3340/1859 1948/3342/1859 1952/3335/1859
f 1947/3341/1859 1951/8336/1859 1952/3335/1859
f 1917/3334/5638 1925/3306/5638 1951/3305/5638
f 1911/3332/1861 1944/8337/1861 1949/3344/1861
f 1919/3330/1862 1917/3329/1862 1947/3345/1862
f 1921/3331/1863 1949/3344/1863 1946/3346/1863
f 1966/3347/5639 1956/3377/5639 1971/3348/5639
f 1962/3350/5640 1960/8338/5640 1972/3351/5640
f 1976/3353/5641 1968/8339/5641 1958/3354/5641
f 1974/3356/5642 1964/3370/5642 1954/3357/5642
f 1965/3359/1868 1955/3397/1868 1987/3360/1868
f 1969/3362/5643 1966/3347/5643 1954/3363/5643
f 1969/3362/5644 1964/3364/5644 1958/3365/5644
f 1965/3359/1871 1992/3361/1871 1986/3367/1871
f 1973/3369/5645 1958/8340/5645 1964/3370/5645
f 1956/3371/5646 1962/3350/5646 1975/3352/5646
f 1957/3373/1874 1988/8341/1874 1993/3374/1874
f 1960/3376/5647 1962/3378/5647 1969/3362/5647
f 1956/3377/5648 1966/3347/5648 1969/3362/5648
f 1955/3379/1877 1961/3399/1877 1990/3380/1877
f 1960/3382/5649 1968/8339/5649 1976/3353/5649
f 1970/3384/5650 1954/3363/5650 1966/3347/5650
f 1985/3385/5651 1970/3384/5651 1977/3349/5651
f 1972/3383/5652 1976/3353/5652 1983/3387/5652
f 1971/3372/5653 1975/3352/5653 1982/3389/5653
f 1980/3391/5654 1973/3369/5654 1974/3356/5654
f 1981/3392/5655 1974/3356/5655 1970/3358/5655
f 1983/3387/5656 1976/3353/5656 1973/3355/5656
f 1975/3352/5657 1972/3351/5657 1979/3395/5657
f 1977/3349/5658 1971/3348/5658 1978/3396/5658
f 1984/3386/5659 1978/3396/5659 1955/3397/5659
f 1982/3389/5660 1979/3395/5660 1959/3398/5660
f 1967/3375/5661 1983/3387/5661 1980/3394/5661
f 1963/3400/5662 1981/3392/5662 1985/3393/5662
f 1957/3402/5663 1980/3391/5663 1981/3392/5663
f 1978/3390/5664 1982/3389/5664 1961/3399/5664
f 1979/3388/5665 1983/3387/5665 1967/3375/5665
f 1953/3368/5666 1985/3385/5666 1984/3386/5666
f 1994/3404/1896 1993/8342/1896 1988/3405/1896
f 1994/3404/1896 1991/3406/1896 1986/3407/1896
f 1987/3409/1896 1990/3411/1896 1994/3404/1896
f 1989/3410/1896 1993/8342/1896 1994/3404/1896
f 1959/3403/1897 1967/3375/1897 1993/3374/1897
f 1953/3401/1898 1986/8343/1898 1991/3413/1898
f 1961/3399/1899 1959/3398/1899 1989/3414/1899
f 1963/3400/1900 1991/3413/1900 1988/3415/1900
f 2008/3416/5667 1998/3446/5667 2013/3417/5667
f 2004/3419/5668 2002/8344/5668 2014/3420/5668
f 2018/3422/5669 2010/8345/5669 2000/3423/5669
f 2016/3425/5670 2006/3439/5670 1996/3426/5670
f 2007/3428/1905 1997/3466/1905 2029/3429/1905
f 2011/3431/5671 2008/3416/5671 1996/3432/5671
f 2011/3431/5672 2006/3433/5672 2000/3434/5672
f 2007/3428/1908 2034/3430/1908 2028/3436/1908
f 2015/3438/5673 2000/8346/5673 2006/3439/5673
f 1998/3440/5674 2004/3419/5674 2017/3421/5674
f 1999/3442/1911 2030/8347/1911 2035/3443/1911
f 2002/3445/5675 2004/3447/5675 2011/3431/5675
f 1998/3446/1906 2008/3416/1906 2011/3431/1906
f 1997/3448/1914 2003/3468/1914 2032/3449/1914
f 2002/3451/5676 2010/8345/5676 2018/3422/5676
f 2012/3453/5677 1996/3432/5677 2008/3416/5677
f 2027/3454/5678 2012/3453/5678 2019/3418/5678
f 2014/3452/5679 2018/3422/5679 2025/3456/5679
f 2013/3441/5680 2017/3421/5680 2024/3458/5680
f 2022/3460/5681 2015/3438/5681 2016/3425/5681
f 2023/3461/5682 2016/3425/5682 2012/3427/5682
f 2025/3456/5683 2018/3422/5683 2015/3424/5683
f 2017/3421/5684 2014/3420/5684 2021/3464/5684
f 2019/3418/5685 2013/3417/5685 2020/3465/5685
f 2026/3455/5686 2020/3465/5686 1997/3466/5686
f 2024/3458/5687 2021/3464/5687 2001/3467/5687
f 2009/3444/5688 2025/3456/5688 2022/3463/5688
f 2005/3469/5689 2023/3461/5689 2027/3462/5689
f 1999/3471/5690 2022/3460/5690 2023/3461/5690
f 2020/3459/5691 2024/3458/5691 2003/3468/5691
f 2021/3457/5692 2025/3456/5692 2009/3444/5692
f 1995/3437/5693 2027/3454/5693 2026/3455/5693
f 2036/3473/1933 2035/8348/1933 2030/3474/1933
f 2036/3473/1933 2033/3475/1933 2028/3476/1933
f 2029/3478/1933 2032/3480/1933 2036/3473/1933
f 2031/3479/1933 2035/8348/1933 2036/3473/1933
f 2001/3472/1934 2009/3444/1934 2035/3443/1934
f 1995/3470/1935 2028/8349/1935 2033/3482/1935
f 2003/3468/1936 2001/3467/1936 2031/3483/1936
f 2005/3469/5694 2033/3482/5694 2030/3484/5694
f 2050/3485/5695 2040/3515/5695 2055/3486/5695
f 2046/3488/5696 2044/8350/5696 2056/3489/5696
f 2060/3491/5697 2052/8351/5697 2042/3492/5697
f 2058/3494/5698 2048/3508/5698 2038/3495/5698
f 2049/3497/1942 2039/3535/1942 2071/3498/1942
f 2053/3500/1943 2050/3485/1943 2038/3501/1943
f 2053/3500/5699 2048/3502/5699 2042/3503/5699
f 2049/3497/1945 2076/3499/1945 2070/3505/1945
f 2057/3507/5700 2042/8352/5700 2048/3508/5700
f 2040/3509/5701 2046/3488/5701 2059/3490/5701
f 2041/3511/1948 2072/8353/1948 2077/3512/1948
f 2044/3514/5702 2046/3516/5702 2053/3500/5702
f 2040/3515/1949 2050/3485/1949 2053/3500/1949
f 2039/3517/1950 2045/3537/1950 2074/3518/1950
f 2044/3520/5703 2052/8351/5703 2060/3491/5703
f 2054/3522/5704 2038/3501/5704 2050/3485/5704
f 2069/3523/5705 2054/3522/5705 2061/3487/5705
f 2056/3521/5706 2060/3491/5706 2067/3525/5706
f 2055/3510/5707 2059/3490/5707 2066/3527/5707
f 2064/3529/5708 2057/3507/5708 2058/3494/5708
f 2065/3530/5709 2058/3494/5709 2054/3496/5709
f 2067/3525/5710 2060/3491/5710 2057/3493/5710
f 2059/3490/5711 2056/3489/5711 2063/3533/5711
f 2061/3487/5712 2055/3486/5712 2062/3534/5712
f 2068/3524/5713 2062/3534/5713 2039/3535/5713
f 2066/3527/5714 2063/3533/5714 2043/3536/5714
f 2051/3513/5715 2067/3525/5715 2064/3532/5715
f 2047/3538/5716 2065/3530/5716 2069/3531/5716
f 2041/3540/5717 2064/3529/5717 2065/3530/5717
f 2062/3528/5718 2066/3527/5718 2045/3537/5718
f 2063/3526/5719 2067/3525/5719 2051/3513/5719
f 2037/3506/5720 2069/3523/5720 2068/3524/5720
f 2078/3542/1970 2077/8354/1970 2072/3543/1970
f 2078/3542/1970 2075/3544/1970 2070/3545/1970
f 2071/3547/1970 2074/3549/1970 2078/3542/1970
f 2073/3548/1970 2077/8354/1970 2078/3542/1970
f 2043/3541/1971 2051/3513/1971 2077/3512/1971
f 2037/3539/1972 2070/8355/1972 2075/3551/1972
f 2045/3537/5721 2043/3536/5721 2073/3552/5721
f 2047/3538/1974 2075/3551/1974 2072/3553/1974
f 2092/3554/5722 2082/3584/5722 2097/3555/5722
f 2088/3557/5723 2086/8356/5723 2098/3558/5723
f 2102/3560/5724 2094/8357/5724 2084/3561/5724
f 2100/3563/5725 2090/3577/5725 2080/3564/5725
f 2091/3566/1979 2081/3604/1979 2113/3567/1979
f 2095/3569/5726 2092/3554/5726 2080/3570/5726
f 2095/3569/5727 2090/3571/5727 2084/3572/5727
f 2091/3566/1982 2118/3568/1982 2112/3574/1982
f 2099/3576/5728 2084/8358/5728 2090/3577/5728
f 2082/3578/5729 2088/3557/5729 2101/3559/5729
f 2083/3580/1985 2114/8359/1985 2119/3581/1985
f 2086/3583/5730 2088/3585/5730 2095/3569/5730
f 2082/3584/5731 2092/3554/5731 2095/3569/5731
f 2081/3586/5732 2087/3606/5732 2116/3587/5732
f 2086/3589/5733 2094/8357/5733 2102/3560/5733
f 2096/3591/5734 2080/3570/5734 2092/3554/5734
f 2111/3592/5735 2096/3591/5735 2103/3556/5735
f 2098/3590/5736 2102/3560/5736 2109/3594/5736
f 2097/3579/5737 2101/3559/5737 2108/3596/5737
f 2106/3598/5738 2099/3576/5738 2100/3563/5738
f 2107/3599/5739 2100/3563/5739 2096/3565/5739
f 2109/3594/5740 2102/3560/5740 2099/3562/5740
f 2101/3559/5741 2098/3558/5741 2105/3602/5741
f 2103/3556/5742 2097/3555/5742 2104/3603/5742
f 2110/3593/5743 2104/3603/5743 2081/3604/5743
f 2108/3596/5744 2105/3602/5744 2085/3605/5744
f 2093/3582/5745 2109/3594/5745 2106/3601/5745
f 2089/3607/5746 2107/3599/5746 2111/3600/5746
f 2083/3609/5747 2106/3598/5747 2107/3599/5747
f 2104/3597/5748 2108/3596/5748 2087/3606/5748
f 2105/3595/5749 2109/3594/5749 2093/3582/5749
f 2079/3575/5750 2111/3592/5750 2110/3593/5750
f 2120/3611/2007 2119/8360/2007 2114/3612/2007
f 2120/3611/2007 2117/3613/2007 2112/3614/2007
f 2113/3616/5751 2116/3618/5751 2120/3611/5751
f 2115/3617/2007 2119/8360/2007 2120/3611/2007
f 2085/3610/5752 2093/3582/5752 2119/3581/5752
f 2079/3608/2009 2112/8361/2009 2117/3620/2009
f 2087/3606/2010 2085/3605/2010 2115/3621/2010
f 2089/3607/2011 2117/3620/2011 2114/3622/2011
f 2134/3623/5753 2124/3653/5753 2139/3624/5753
f 2130/3626/5754 2128/8362/5754 2140/3627/5754
f 2144/3629/5755 2136/8363/5755 2126/3630/5755
f 2142/3632/5756 2132/3646/5756 2122/3633/5756
f 2133/3635/5757 2123/3673/5757 2155/3636/5757
f 2137/3638/5758 2134/3623/5758 2122/3639/5758
f 2137/3638/5759 2132/3640/5759 2126/3641/5759
f 2133/3635/5760 2160/3637/5760 2154/3643/5760
f 2141/3645/5761 2126/8364/5761 2132/3646/5761
f 2124/3647/5762 2130/3626/5762 2143/3628/5762
f 2125/3649/5763 2156/8365/5763 2161/3650/5763
f 2128/3652/5764 2130/3654/5764 2137/3638/5764
f 2124/3653/5765 2134/3623/5765 2137/3638/5765
f 2123/3655/2025 2129/3675/2025 2158/3656/2025
f 2128/3658/5766 2136/8363/5766 2144/3629/5766
f 2138/3660/5767 2122/3639/5767 2134/3623/5767
f 2153/3661/5768 2138/3660/5768 2145/3625/5768
f 2140/3659/5769 2144/3629/5769 2151/3663/5769
f 2139/3648/5770 2143/3628/5770 2150/3665/5770
f 2148/3667/5771 2141/3645/5771 2142/3632/5771
f 2149/3668/5772 2142/3632/5772 2138/3634/5772
f 2151/3663/5773 2144/3629/5773 2141/3631/5773
f 2143/3628/5774 2140/3627/5774 2147/3671/5774
f 2145/3625/5775 2139/3624/5775 2146/3672/5775
f 2152/3662/5776 2146/3672/5776 2123/3673/5776
f 2150/3665/5777 2147/3671/5777 2127/3674/5777
f 2135/3651/5778 2151/3663/5778 2148/3670/5778
f 2131/3676/5779 2149/3668/5779 2153/3669/5779
f 2125/3678/5780 2148/3667/5780 2149/3668/5780
f 2146/3666/5781 2150/3665/5781 2129/3675/5781
f 2147/3664/5782 2151/3663/5782 2135/3651/5782
f 2121/3644/5783 2153/3661/5783 2152/3662/5783
f 2162/3680/2044 2161/8366/2044 2156/3681/2044
f 2162/3680/5784 2159/3682/5784 2154/3683/5784
f 2155/3685/2044 2158/3687/2044 2162/3680/2044
f 2157/3686/2044 2161/8366/2044 2162/3680/2044
f 2127/3679/5785 2135/3651/5785 2161/3650/5785
f 2121/3677/2046 2154/8367/2046 2159/3689/2046
f 2129/3675/2047 2127/3674/2047 2157/3690/2047
f 2131/3676/5786 2159/3689/5786 2156/3691/5786
f 2176/3692/5787 2166/3722/5787 2181/3693/5787
f 2172/3695/5788 2170/8368/5788 2182/3696/5788
f 2186/3698/5789 2178/8369/5789 2168/3699/5789
f 2184/3701/5790 2174/3715/5790 2164/3702/5790
f 2175/3704/2053 2165/3742/2053 2197/3705/2053
f 2179/3707/5791 2176/3692/5791 2164/3708/5791
f 2179/3707/5792 2174/3709/5792 2168/3710/5792
f 2175/3704/5793 2202/3706/5793 2196/3712/5793
f 2183/3714/5794 2168/8370/5794 2174/3715/5794
f 2166/3716/5795 2172/3695/5795 2185/3697/5795
f 2167/3718/5796 2198/8371/5796 2203/3719/5796
f 2170/3721/5797 2172/3723/5797 2179/3707/5797
f 2166/3722/5797 2176/3692/5797 2179/3707/5797
f 2165/3724/2062 2171/3744/2062 2200/3725/2062
f 2170/3727/5798 2178/8369/5798 2186/3698/5798
f 2180/3729/5799 2164/3708/5799 2176/3692/5799
f 2195/3730/5800 2180/3729/5800 2187/3694/5800
f 2182/3728/5801 2186/3698/5801 2193/3732/5801
f 2181/3717/5802 2185/3697/5802 2192/3734/5802
f 2190/3736/5803 2183/3714/5803 2184/3701/5803
f 2191/3737/5804 2184/3701/5804 2180/3703/5804
f 2193/3732/5805 2186/3698/5805 2183/3700/5805
f 2185/3697/5806 2182/3696/5806 2189/3740/5806
f 2187/3694/5807 2181/3693/5807 2188/3741/5807
f 2194/3731/5808 2188/3741/5808 2165/3742/5808
f 2192/3734/5809 2189/3740/5809 2169/3743/5809
f 2177/3720/5810 2193/3732/5810 2190/3739/5810
f 2173/3745/5811 2191/3737/5811 2195/3738/5811
f 2167/3747/5812 2190/3736/5812 2191/3737/5812
f 2188/3735/5813 2192/3734/5813 2171/3744/5813
f 2189/3733/5814 2193/3732/5814 2177/3720/5814
f 2163/3713/5815 2195/3730/5815 2194/3731/5815
f 2204/3749/2082 2203/8372/2082 2198/3750/2082
f 2204/3749/2082 2201/3751/2082 2196/3752/2082
f 2197/3754/2082 2200/3756/2082 2204/3749/2082
f 2199/3755/2082 2203/8372/2082 2204/3749/2082
f 2169/3748/2083 2177/3720/2083 2203/3719/2083
f 2163/3746/2084 2196/8373/2084 2201/3758/2084
f 2171/3744/2085 2169/3743/2085 2199/3759/2085
f 2173/3745/2086 2201/3758/2086 2198/3760/2086
f 2218/3761/5816 2208/3791/5816 2223/3762/5816
f 2214/3764/5817 2212/8374/5817 2224/3765/5817
f 2228/3767/5818 2220/8375/5818 2210/3768/5818
f 2226/3770/5819 2216/3784/5819 2206/3771/5819
f 2217/3773/2091 2207/3811/2091 2239/3774/2091
f 2221/3776/5820 2218/3761/5820 2206/3777/5820
f 2221/3776/5821 2216/3778/5821 2210/3779/5821
f 2217/3773/2094 2244/3775/2094 2238/3781/2094
f 2225/3783/5822 2210/8376/5822 2216/3784/5822
f 2208/3785/5823 2214/3764/5823 2227/3766/5823
f 2209/3787/5824 2240/8377/5824 2245/3788/5824
f 2212/3790/5825 2214/3792/5825 2221/3776/5825
f 2208/3791/5826 2218/3761/5826 2221/3776/5826
f 2207/3793/2100 2213/3813/2100 2242/3794/2100
f 2212/3796/5827 2220/8375/5827 2228/3767/5827
f 2222/3798/5828 2206/3777/5828 2218/3761/5828
f 2237/3799/5829 2222/3798/5829 2229/3763/5829
f 2224/3797/5830 2228/3767/5830 2235/3801/5830
f 2223/3786/5831 2227/3766/5831 2234/3803/5831
f 2232/3805/5832 2225/3783/5832 2226/3770/5832
f 2233/3806/5833 2226/3770/5833 2222/3772/5833
f 2235/3801/5834 2228/3767/5834 2225/3769/5834
f 2227/3766/5835 2224/3765/5835 2231/3809/5835
f 2229/3763/5836 2223/3762/5836 2230/3810/5836
f 2236/3800/5837 2230/3810/5837 2207/3811/5837
f 2234/3803/5838 2231/3809/5838 2211/3812/5838
f 2219/3789/5839 2235/3801/5839 2232/3808/5839
f 2215/3814/5840 2233/3806/5840 2237/3807/5840
f 2209/3816/5841 2232/3805/5841 2233/3806/5841
f 2230/3804/5842 2234/3803/5842 2213/3813/5842
f 2231/3802/5843 2235/3801/5843 2219/3789/5843
f 2205/3782/5844 2237/3799/5844 2236/3800/5844
f 2246/3818/2119 2245/8378/2119 2240/3819/2119
f 2246/3818/2119 2243/3820/2119 2238/3821/2119
f 2239/3823/2119 2242/3825/2119 2246/3818/2119
f 2241/3824/2119 2245/8378/2119 2246/3818/2119
f 2211/3817/2120 2219/3789/2120 2245/3788/2120
f 2205/3815/5845 2238/8379/5845 2243/3827/5845
f 2213/3813/2122 2211/3812/2122 2241/3828/2122
f 2215/3814/2123 2243/3827/2123 2240/3829/2123
f 2260/3830/5846 2250/3860/5846 2265/3831/5846
f 2256/3833/5847 2254/8380/5847 2266/3834/5847
f 2270/3836/5848 2262/8381/5848 2252/3837/5848
f 2268/3839/5849 2258/3853/5849 2248/3840/5849
f 2259/3842/2128 2249/3880/2128 2281/3843/2128
f 2263/3845/5850 2260/3830/5850 2248/3846/5850
f 2263/3845/5851 2258/3847/5851 2252/3848/5851
f 2259/3842/2130 2286/3844/2130 2280/3850/2130
f 2267/3852/5852 2252/8382/5852 2258/3853/5852
f 2250/3854/5853 2256/3833/5853 2269/3835/5853
f 2251/3856/2133 2282/8383/2133 2287/3857/2133
f 2254/3859/2135 2256/3861/2135 2263/3845/2135
f 2250/3860/5854 2260/3830/5854 2263/3845/5854
f 2249/3862/5855 2255/3882/5855 2284/3863/5855
f 2254/3865/5856 2262/8381/5856 2270/3836/5856
f 2264/3867/5857 2248/3846/5857 2260/3830/5857
f 2279/3868/5858 2264/3867/5858 2271/3832/5858
f 2266/3866/5859 2270/3836/5859 2277/3870/5859
f 2265/3855/5860 2269/3835/5860 2276/3872/5860
f 2274/3874/5861 2267/3852/5861 2268/3839/5861
f 2275/3875/5862 2268/3839/5862 2264/3841/5862
f 2277/3870/5863 2270/3836/5863 2267/3838/5863
f 2269/3835/5864 2266/3834/5864 2273/3878/5864
f 2271/3832/5865 2265/3831/5865 2272/3879/5865
f 2278/3869/5866 2272/3879/5866 2249/3880/5866
f 2276/3872/5867 2273/3878/5867 2253/3881/5867
f 2261/3858/5868 2277/3870/5868 2274/3877/5868
f 2257/3883/5869 2275/3875/5869 2279/3876/5869
f 2251/3885/5870 2274/3874/5870 2275/3875/5870
f 2272/3873/5871 2276/3872/5871 2255/3882/5871
f 2273/3871/5872 2277/3870/5872 2261/3858/5872
f 2247/3851/5873 2279/3868/5873 2278/3869/5873
f 2288/3887/2155 2287/8384/2155 2282/3888/2155
f 2288/3887/2155 2285/3889/2155 2280/3890/2155
f 2281/3892/2155 2284/3894/2155 2288/3887/2155
f 2283/3893/2155 2287/8384/2155 2288/3887/2155
f 2253/3886/2156 2261/3858/2156 2287/3857/2156
f 2247/3884/5874 2280/8385/5874 2285/3896/5874
f 2255/3882/2158 2253/3881/2158 2283/3897/2158
f 2257/3883/2159 2285/3896/2159 2282/3898/2159
f 2302/3899/5875 2292/3929/5875 2307/3900/5875
f 2298/3902/5876 2296/8386/5876 2308/3903/5876
f 2312/3905/5877 2304/8387/5877 2294/3906/5877
f 2310/3908/5878 2300/3922/5878 2290/3909/5878
f 2301/3911/2164 2291/3949/2164 2323/3912/2164
f 2305/3914/2171 2302/3899/2171 2290/3915/2171
f 2305/3914/5879 2300/3916/5879 2294/3917/5879
f 2301/3911/2167 2328/3913/2167 2322/3919/2167
f 2309/3921/5880 2294/8388/5880 2300/3922/5880
f 2292/3923/5881 2298/3902/5881 2311/3904/5881
f 2293/3925/2170 2324/8389/2170 2329/3926/2170
f 2296/3928/5882 2298/3930/5882 2305/3914/5882
f 2292/3929/2166 2302/3899/2166 2305/3914/2166
f 2291/3931/2173 2297/3951/2173 2326/3932/2173
f 2296/3934/5883 2304/8387/5883 2312/3905/5883
f 2306/3936/5884 2290/3915/5884 2302/3899/5884
f 2321/3937/5885 2306/3936/5885 2313/3901/5885
f 2308/3935/5886 2312/3905/5886 2319/3939/5886
f 2307/3924/5887 2311/3904/5887 2318/3941/5887
f 2316/3943/5888 2309/3921/5888 2310/3908/5888
f 2317/3944/5889 2310/3908/5889 2306/3910/5889
f 2319/3939/5890 2312/3905/5890 2309/3907/5890
f 2311/3904/5891 2308/3903/5891 2315/3947/5891
f 2313/3901/5892 2307/3900/5892 2314/3948/5892
f 2320/3938/5893 2314/3948/5893 2291/3949/5893
f 2318/3941/5894 2315/3947/5894 2295/3950/5894
f 2303/3927/5895 2319/3939/5895 2316/3946/5895
f 2299/3952/5896 2317/3944/5896 2321/3945/5896
f 2293/3954/5897 2316/3943/5897 2317/3944/5897
f 2314/3942/5898 2318/3941/5898 2297/3951/5898
f 2315/3940/5899 2319/3939/5899 2303/3927/5899
f 2289/3920/5900 2321/3937/5900 2320/3938/5900
f 2330/3956/2192 2329/8390/2192 2324/3957/2192
f 2330/3956/2192 2327/3958/2192 2322/3959/2192
f 2323/3961/2192 2326/3963/2192 2330/3956/2192
f 2325/3962/2192 2329/8390/2192 2330/3956/2192
f 2295/3955/2193 2303/3927/2193 2329/3926/2193
f 2289/3953/2194 2322/8391/2194 2327/3965/2194
f 2297/3951/2195 2295/3950/2195 2325/3966/2195
f 2299/3952/2196 2327/3965/2196 2324/3967/2196
f 2344/3968/5901 2334/3998/5901 2349/3969/5901
f 2340/3971/5902 2338/8392/5902 2350/3972/5902
f 2354/3974/5903 2346/8393/5903 2336/3975/5903
f 2352/3977/5904 2342/3991/5904 2332/3978/5904
f 2343/3980/2201 2333/4018/2201 2365/3981/2201
f 2347/3983/2209 2344/3968/2209 2332/3984/2209
f 2347/3983/2208 2342/3985/2208 2336/3986/2208
f 2343/3980/2204 2370/3982/2204 2364/3988/2204
f 2351/3990/5905 2336/8394/5905 2342/3991/5905
f 2334/3992/5906 2340/3971/5906 2353/3973/5906
f 2335/3994/5907 2366/8395/5907 2371/3995/5907
f 2338/3997/2203 2340/3999/2203 2347/3983/2203
f 2334/3998/2209 2344/3968/2209 2347/3983/2209
f 2333/4000/2210 2339/4020/2210 2368/4001/2210
f 2338/4003/5908 2346/8393/5908 2354/3974/5908
f 2348/4005/5909 2332/3984/5909 2344/3968/5909
f 2363/4006/5910 2348/4005/5910 2355/3970/5910
f 2350/4004/5911 2354/3974/5911 2361/4008/5911
f 2349/3993/5912 2353/3973/5912 2360/4010/5912
f 2358/4012/5913 2351/3990/5913 2352/3977/5913
f 2359/4013/5914 2352/3977/5914 2348/3979/5914
f 2361/4008/5915 2354/3974/5915 2351/3976/5915
f 2353/3973/5916 2350/3972/5916 2357/4016/5916
f 2355/3970/5917 2349/3969/5917 2356/4017/5917
f 2362/4007/5918 2356/4017/5918 2333/4018/5918
f 2360/4010/5919 2357/4016/5919 2337/4019/5919
f 2345/3996/5920 2361/4008/5920 2358/4015/5920
f 2341/4021/5921 2359/4013/5921 2363/4014/5921
f 2335/4023/5922 2358/4012/5922 2359/4013/5922
f 2356/4011/5923 2360/4010/5923 2339/4020/5923
f 2357/4009/5924 2361/4008/5924 2345/3996/5924
f 2331/3989/5925 2363/4006/5925 2362/4007/5925
f 2372/4025/2229 2371/8396/2229 2366/4026/2229
f 2372/4025/2229 2369/4027/2229 2364/4028/2229
f 2365/4030/2229 2368/4032/2229 2372/4025/2229
f 2367/4031/2229 2371/8396/2229 2372/4025/2229
f 2337/4024/2230 2345/3996/2230 2371/3995/2230
f 2331/4022/2231 2364/8397/2231 2369/4034/2231
f 2339/4020/2232 2337/4019/2232 2367/4035/2232
f 2341/4021/2233 2369/4034/2233 2366/4036/2233
f 2386/4037/5926 2376/4067/5926 2391/4038/5926
f 2382/4040/5927 2380/8398/5927 2392/4041/5927
f 2396/4043/5928 2388/8399/5928 2378/4044/5928
f 2394/4046/5929 2384/4060/5929 2374/4047/5929
f 2385/4049/2238 2375/4087/2238 2407/4050/2238
f 2389/4052/5930 2386/4037/5930 2374/4053/5930
f 2389/4052/5931 2384/4054/5931 2378/4055/5931
f 2385/4049/2241 2412/4051/2241 2406/4057/2241
f 2393/4059/5932 2378/8400/5932 2384/4060/5932
f 2376/4061/5933 2382/4040/5933 2395/4042/5933
f 2377/4063/2244 2408/8401/2244 2413/4064/2244
f 2380/4066/5934 2382/4068/5934 2389/4052/5934
f 2376/4067/5935 2386/4037/5935 2389/4052/5935
f 2375/4069/2247 2381/4089/2247 2410/4070/2247
f 2380/4072/5936 2388/8399/5936 2396/4043/5936
f 2390/4074/5937 2374/4053/5937 2386/4037/5937
f 2405/4075/5938 2390/4074/5938 2397/4039/5938
f 2392/4073/5939 2396/4043/5939 2403/4077/5939
f 2391/4062/5940 2395/4042/5940 2402/4079/5940
f 2400/4081/5941 2393/4059/5941 2394/4046/5941
f 2401/4082/5942 2394/4046/5942 2390/4048/5942
f 2403/4077/5943 2396/4043/5943 2393/4045/5943
f 2395/4042/5944 2392/4041/5944 2399/4085/5944
f 2397/4039/5945 2391/4038/5945 2398/4086/5945
f 2404/4076/5946 2398/4086/5946 2375/4087/5946
f 2402/4079/5947 2399/4085/5947 2379/4088/5947
f 2387/4065/5948 2403/4077/5948 2400/4084/5948
f 2383/4090/5949 2401/4082/5949 2405/4083/5949
f 2377/4092/5950 2400/4081/5950 2401/4082/5950
f 2398/4080/5951 2402/4079/5951 2381/4089/5951
f 2399/4078/5952 2403/4077/5952 2387/4065/5952
f 2373/4058/5953 2405/4075/5953 2404/4076/5953
f 2414/4094/2266 2413/8402/2266 2408/4095/2266
f 2414/4094/2266 2411/4096/2266 2406/4097/2266
f 2407/4099/2266 2410/4101/2266 2414/4094/2266
f 2409/4100/2266 2413/8402/2266 2414/4094/2266
f 2379/4093/2268 2387/4065/2268 2413/4064/2268
f 2373/4091/2269 2406/8403/2269 2411/4103/2269
f 2381/4089/2270 2379/4088/2270 2409/4104/2270
f 2383/4090/2271 2411/4103/2271 2408/4105/2271
f 2428/4106/5954 2418/4136/5954 2433/4107/5954
f 2424/4109/5955 2422/8404/5955 2434/4110/5955
f 2438/4112/5956 2430/8405/5956 2420/4113/5956
f 2436/4115/5957 2426/4129/5957 2416/4116/5957
f 2427/4118/2276 2417/4156/2276 2449/4119/2276
f 2431/4121/5958 2428/4106/5958 2416/4122/5958
f 2431/4121/5959 2426/4123/5959 2420/4124/5959
f 2427/4118/2279 2454/4120/2279 2448/4126/2279
f 2435/4128/5960 2420/8406/5960 2426/4129/5960
f 2418/4130/5961 2424/4109/5961 2437/4111/5961
f 2419/4132/5962 2450/8407/5962 2455/4133/5962
f 2422/4135/5963 2424/4137/5963 2431/4121/5963
f 2418/4136/5964 2428/4106/5964 2431/4121/5964
f 2417/4138/2285 2423/4158/2285 2452/4139/2285
f 2422/4141/5965 2430/8405/5965 2438/4112/5965
f 2432/4143/5966 2416/4122/5966 2428/4106/5966
f 2447/4144/5967 2432/4143/5967 2439/4108/5967
f 2434/4142/5968 2438/4112/5968 2445/4146/5968
f 2433/4131/5969 2437/4111/5969 2444/4148/5969
f 2442/4150/5970 2435/4128/5970 2436/4115/5970
f 2443/4151/5971 2436/4115/5971 2432/4117/5971
f 2445/4146/5972 2438/4112/5972 2435/4114/5972
f 2437/4111/5973 2434/4110/5973 2441/4154/5973
f 2439/4108/5974 2433/4107/5974 2440/4155/5974
f 2446/4145/5975 2440/4155/5975 2417/4156/5975
f 2444/4148/5976 2441/4154/5976 2421/4157/5976
f 2429/4134/5977 2445/4146/5977 2442/4153/5977
f 2425/4159/5978 2443/4151/5978 2447/4152/5978
f 2419/4161/5979 2442/4150/5979 2443/4151/5979
f 2440/4149/5980 2444/4148/5980 2423/4158/5980
f 2441/4147/5981 2445/4146/5981 2429/4134/5981
f 2415/4127/5982 2447/4144/5982 2446/4145/5982
f 2456/4163/2304 2455/8408/2304 2450/4164/2304
f 2456/4163/2304 2453/4165/2304 2448/4166/2304
f 2449/4168/2304 2452/4170/2304 2456/4163/2304
f 2451/4169/2304 2455/8408/2304 2456/4163/2304
f 2421/4162/2305 2429/4134/2305 2455/4133/2305
f 2415/4160/2306 2448/8409/2306 2453/4172/2306
f 2423/4158/2307 2421/4157/2307 2451/4173/2307
f 2425/4159/2308 2453/4172/2308 2450/4174/2308
f 2470/4175/5983 2460/4205/5983 2475/4176/5983
f 2466/4178/5984 2464/8410/5984 2476/4179/5984
f 2480/4181/5985 2472/8411/5985 2462/4182/5985
f 2478/4184/5986 2468/4198/5986 2458/4185/5986
f 2469/4187/5987 2459/4225/5987 2491/4188/5987
f 2473/4190/5988 2470/4175/5988 2458/4191/5988
f 2473/4190/5989 2468/4192/5989 2462/4193/5989
f 2469/4187/5990 2496/4189/5990 2490/4195/5990
f 2477/4197/5991 2462/8412/5991 2468/4198/5991
f 2460/4199/5992 2466/4178/5992 2479/4180/5992
f 2461/4201/2319 2492/8413/2319 2497/4202/2319
f 2464/4204/5993 2466/4206/5993 2473/4190/5993
f 2460/4205/5994 2470/4175/5994 2473/4190/5994
f 2459/4207/2322 2465/4227/2322 2494/4208/2322
f 2464/4210/5995 2472/8411/5995 2480/4181/5995
f 2474/4212/5996 2458/4191/5996 2470/4175/5996
f 2489/4213/5997 2474/4212/5997 2481/4177/5997
f 2476/4211/5998 2480/4181/5998 2487/4215/5998
f 2475/4200/5999 2479/4180/5999 2486/4217/5999
f 2484/4219/6000 2477/4197/6000 2478/4184/6000
f 2485/4220/6001 2478/4184/6001 2474/4186/6001
f 2487/4215/6002 2480/4181/6002 2477/4183/6002
f 2479/4180/6003 2476/4179/6003 2483/4223/6003
f 2481/4177/6004 2475/4176/6004 2482/4224/6004
f 2488/4214/6005 2482/4224/6005 2459/4225/6005
f 2486/4217/6006 2483/4223/6006 2463/4226/6006
f 2471/4203/6007 2487/4215/6007 2484/4222/6007
f 2467/4228/6008 2485/4220/6008 2489/4221/6008
f 2461/4230/6009 2484/4219/6009 2485/4220/6009
f 2482/4218/6010 2486/4217/6010 2465/4227/6010
f 2483/4216/6011 2487/4215/6011 2471/4203/6011
f 2457/4196/6012 2489/4213/6012 2488/4214/6012
f 2498/4232/2341 2497/8414/2341 2492/4233/2341
f 2498/4232/2341 2495/4234/2341 2490/4235/2341
f 2491/4237/2341 2494/4239/2341 2498/4232/2341
f 2493/4238/2341 2497/8414/2341 2498/4232/2341
f 2463/4231/2342 2471/4203/2342 2497/4202/2342
f 2457/4229/2343 2490/8415/2343 2495/4241/2343
f 2465/4227/6013 2463/4226/6013 2493/4242/6013
f 2467/4228/2345 2495/4241/2345 2492/4243/2345
f 2512/4244/6014 2502/4274/6014 2517/4245/6014
f 2508/4247/6015 2506/8416/6015 2518/4248/6015
f 2522/4250/6016 2514/8417/6016 2504/4251/6016
f 2520/4253/6017 2510/4267/6017 2500/4254/6017
f 2511/4256/6018 2501/4294/6018 2533/4257/6018
f 2515/4259/6019 2512/4244/6019 2500/4260/6019
f 2515/4259/6020 2510/4261/6020 2504/4262/6020
f 2511/4256/2353 2538/4258/2353 2532/4264/2353
f 2519/4266/6021 2504/8418/6021 2510/4267/6021
f 2502/4268/6022 2508/4247/6022 2521/4249/6022
f 2503/4270/2356 2534/8419/2356 2539/4271/2356
f 2506/4273/6023 2508/4275/6023 2515/4259/6023
f 2502/4274/6024 2512/4244/6024 2515/4259/6024
f 2501/4276/2359 2507/4296/2359 2536/4277/2359
f 2506/4279/6025 2514/8417/6025 2522/4250/6025
f 2516/4281/6026 2500/4260/6026 2512/4244/6026
f 2531/4282/6027 2516/4281/6027 2523/4246/6027
f 2518/4280/6028 2522/4250/6028 2529/4284/6028
f 2517/4269/6029 2521/4249/6029 2528/4286/6029
f 2526/4288/6030 2519/4266/6030 2520/4253/6030
f 2527/4289/6031 2520/4253/6031 2516/4255/6031
f 2529/4284/6032 2522/4250/6032 2519/4252/6032
f 2521/4249/6033 2518/4248/6033 2525/4292/6033
f 2523/4246/6034 2517/4245/6034 2524/4293/6034
f 2530/4283/6035 2524/4293/6035 2501/4294/6035
f 2528/4286/6036 2525/4292/6036 2505/4295/6036
f 2513/4272/6037 2529/4284/6037 2526/4291/6037
f 2509/4297/6038 2527/4289/6038 2531/4290/6038
f 2503/4299/6039 2526/4288/6039 2527/4289/6039
f 2524/4287/6040 2528/4286/6040 2507/4296/6040
f 2525/4285/6041 2529/4284/6041 2513/4272/6041
f 2499/4265/6042 2531/4282/6042 2530/4283/6042
f 2540/4301/2378 2539/8420/2378 2534/4302/2378
f 2540/4301/2378 2537/4303/2378 2532/4304/2378
f 2533/4306/2378 2536/4308/2378 2540/4301/2378
f 2535/4307/2378 2539/8420/2378 2540/4301/2378
f 2505/4300/2379 2513/4272/2379 2539/4271/2379
f 2499/4298/2380 2532/8421/2380 2537/4310/2380
f 2507/4296/6043 2505/4295/6043 2535/4311/6043
f 2509/4297/2382 2537/4310/2382 2534/4312/2382
f 2554/4313/6044 2544/4343/6044 2559/4314/6044
f 2550/4316/6045 2548/8422/6045 2560/4317/6045
f 2564/4319/6046 2556/8423/6046 2546/4320/6046
f 2562/4322/6047 2552/4336/6047 2542/4323/6047
f 2553/4325/2387 2543/4363/2387 2575/4326/2387
f 2557/4328/6048 2554/4313/6048 2542/4329/6048
f 2557/4328/6049 2552/4330/6049 2546/4331/6049
f 2553/4325/2390 2580/4327/2390 2574/4333/2390
f 2561/4335/6050 2546/8424/6050 2552/4336/6050
f 2544/4337/6051 2550/4316/6051 2563/4318/6051
f 2545/4339/6052 2576/8425/6052 2581/4340/6052
f 2548/4342/6053 2550/4344/6053 2557/4328/6053
f 2544/4343/6054 2554/4313/6054 2557/4328/6054
f 2543/4345/2396 2549/4365/2396 2578/4346/2396
f 2548/4348/6055 2556/8423/6055 2564/4319/6055
f 2558/4350/6056 2542/4329/6056 2554/4313/6056
f 2573/4351/6057 2558/4350/6057 2565/4315/6057
f 2560/4349/6058 2564/4319/6058 2571/4353/6058
f 2559/4338/6059 2563/4318/6059 2570/4355/6059
f 2568/4357/6060 2561/4335/6060 2562/4322/6060
f 2569/4358/6061 2562/4322/6061 2558/4324/6061
f 2571/4353/6062 2564/4319/6062 2561/4321/6062
f 2563/4318/6063 2560/4317/6063 2567/4361/6063
f 2565/4315/6064 2559/4314/6064 2566/4362/6064
f 2572/4352/6065 2566/4362/6065 2543/4363/6065
f 2570/4355/6066 2567/4361/6066 2547/4364/6066
f 2555/4341/6067 2571/4353/6067 2568/4360/6067
f 2551/4366/6068 2569/4358/6068 2573/4359/6068
f 2545/4368/6069 2568/4357/6069 2569/4358/6069
f 2566/4356/6070 2570/4355/6070 2549/4365/6070
f 2567/4354/6071 2571/4353/6071 2555/4341/6071
f 2541/4334/6072 2573/4351/6072 2572/4352/6072
f 2582/4370/2415 2581/8426/2415 2576/4371/2415
f 2582/4370/2415 2579/4372/2415 2574/4373/2415
f 2575/4375/2415 2578/4377/2415 2582/4370/2415
f 2577/4376/2415 2581/8426/2415 2582/4370/2415
f 2547/4369/6073 2555/4341/6073 2581/4340/6073
f 2541/4367/6074 2574/8427/6074 2579/4379/6074
f 2549/4365/2418 2547/4364/2418 2577/4380/2418
f 2551/4366/2419 2579/4379/2419 2576/4381/2419
f 2596/4382/6075 2586/4412/6075 2601/4383/6075
f 2592/4385/6076 2590/8428/6076 2602/4386/6076
f 2606/4388/6077 2598/8429/6077 2588/4389/6077
f 2604/4391/6078 2594/4405/6078 2584/4392/6078
f 2595/4394/2424 2585/4432/2424 2617/4395/2424
f 2599/4397/6079 2596/4382/6079 2584/4398/6079
f 2599/4397/6079 2594/4399/6079 2588/4400/6079
f 2595/4394/2426 2622/4396/2426 2616/4402/2426
f 2603/4404/6080 2588/8430/6080 2594/4405/6080
f 2586/4406/6081 2592/4385/6081 2605/4387/6081
f 2587/4408/2429 2618/8431/2429 2623/4409/2429
f 2590/4411/6082 2592/4413/6082 2599/4397/6082
f 2586/4412/6083 2596/4382/6083 2599/4397/6083
f 2585/4414/2432 2591/4434/2432 2620/4415/2432
f 2590/4417/6084 2598/8429/6084 2606/4388/6084
f 2600/4419/6085 2584/4398/6085 2596/4382/6085
f 2615/4420/6086 2600/4419/6086 2607/4384/6086
f 2602/4418/6087 2606/4388/6087 2613/4422/6087
f 2601/4407/6088 2605/4387/6088 2612/4424/6088
f 2610/4426/6089 2603/4404/6089 2604/4391/6089
f 2611/4427/6090 2604/4391/6090 2600/4393/6090
f 2613/4422/6091 2606/4388/6091 2603/4390/6091
f 2605/4387/6092 2602/4386/6092 2609/4430/6092
f 2607/4384/6093 2601/4383/6093 2608/4431/6093
f 2614/4421/6094 2608/4431/6094 2585/4432/6094
f 2612/4424/6095 2609/4430/6095 2589/4433/6095
f 2597/4410/6096 2613/4422/6096 2610/4429/6096
f 2593/4435/6097 2611/4427/6097 2615/4428/6097
f 2587/4437/6098 2610/4426/6098 2611/4427/6098
f 2608/4425/6099 2612/4424/6099 2591/4434/6099
f 2609/4423/6100 2613/4422/6100 2597/4410/6100
f 2583/4403/6101 2615/4420/6101 2614/4421/6101
f 2624/4439/2451 2623/8432/2451 2618/4440/2451
f 2624/4439/2451 2621/4441/2451 2616/4442/2451
f 2617/4444/2451 2620/4446/2451 2624/4439/2451
f 2619/4445/2451 2623/8432/2451 2624/4439/2451
f 2589/4438/2452 2597/4410/2452 2623/4409/2452
f 2583/4436/2453 2616/8433/2453 2621/4448/2453
f 2591/4434/2454 2589/4433/2454 2619/4449/2454
f 2593/4435/2455 2621/4448/2455 2618/4450/2455
f 2638/4451/6102 2628/4481/6102 2643/4452/6102
f 2634/4454/6103 2632/8434/6103 2644/4455/6103
f 2648/4457/6104 2640/8435/6104 2630/4458/6104
f 2646/4460/6105 2636/4474/6105 2626/4461/6105
f 2637/4463/2460 2627/4501/2460 2659/4464/2460
f 2641/4466/6106 2638/4451/6106 2626/4467/6106
f 2641/4466/2461 2636/4468/2461 2630/4469/2461
f 2637/4463/2463 2664/4465/2463 2658/4471/2463
f 2645/4473/6107 2630/8436/6107 2636/4474/6107
f 2628/4475/6108 2634/4454/6108 2647/4456/6108
f 2629/4477/2466 2660/8437/2466 2665/4478/2466
f 2632/4480/6109 2634/4482/6109 2641/4466/6109
f 2628/4481/6110 2638/4451/6110 2641/4466/6110
f 2627/4483/6111 2633/4503/6111 2662/4484/6111
f 2632/4486/6112 2640/8435/6112 2648/4457/6112
f 2642/4488/6113 2626/4467/6113 2638/4451/6113
f 2657/4489/6114 2642/4488/6114 2649/4453/6114
f 2644/4487/6115 2648/4457/6115 2655/4491/6115
f 2643/4476/6116 2647/4456/6116 2654/4493/6116
f 2652/4495/6117 2645/4473/6117 2646/4460/6117
f 2653/4496/6118 2646/4460/6118 2642/4462/6118
f 2655/4491/6119 2648/4457/6119 2645/4459/6119
f 2647/4456/6120 2644/4455/6120 2651/4499/6120
f 2649/4453/6121 2643/4452/6121 2650/4500/6121
f 2656/4490/6122 2650/4500/6122 2627/4501/6122
f 2654/4493/6123 2651/4499/6123 2631/4502/6123
f 2639/4479/6124 2655/4491/6124 2652/4498/6124
f 2635/4504/6125 2653/4496/6125 2657/4497/6125
f 2629/4506/6126 2652/4495/6126 2653/4496/6126
f 2650/4494/6127 2654/4493/6127 2633/4503/6127
f 2651/4492/6128 2655/4491/6128 2639/4479/6128
f 2625/4472/6129 2657/4489/6129 2656/4490/6129
f 2666/4508/2487 2665/8438/2487 2660/4509/2487
f 2666/4508/2487 2663/4510/2487 2658/4511/2487
f 2659/4513/2487 2662/4515/2487 2666/4508/2487
f 2661/4514/2487 2665/8438/2487 2666/4508/2487
f 2631/4507/2488 2639/4479/2488 2665/4478/2488
f 2625/4505/2489 2658/8439/2489 2663/4517/2489
f 2633/4503/2490 2631/4502/2490 2661/4518/2490
f 2635/4504/2491 2663/4517/2491 2660/4519/2491
f 2680/4520/6130 2670/4550/6130 2685/4521/6130
f 2676/4523/6131 2674/8440/6131 2686/4524/6131
f 2690/4526/6132 2682/8441/6132 2672/4527/6132
f 2688/4529/6133 2678/4543/6133 2668/4530/6133
f 2679/4532/3171 2669/4570/3171 2701/4533/3171
f 2683/4535/6134 2680/4520/6134 2668/4536/6134
f 2683/4535/6135 2678/4537/6135 2672/4538/6135
f 2679/4532/2499 2706/4534/2499 2700/4540/2499
f 2687/4542/6136 2672/8442/6136 2678/4543/6136
f 2670/4544/6137 2676/4523/6137 2689/4525/6137
f 2671/4546/2502 2702/8443/2502 2707/4547/2502
f 2674/4549/2498 2676/4551/2498 2683/4535/2498
f 2670/4550/6138 2680/4520/6138 2683/4535/6138
f 2669/4552/2505 2675/4572/2505 2704/4553/2505
f 2674/4555/6139 2682/8441/6139 2690/4526/6139
f 2684/4557/6140 2668/4536/6140 2680/4520/6140
f 2699/4558/6141 2684/4557/6141 2691/4522/6141
f 2686/4556/6142 2690/4526/6142 2697/4560/6142
f 2685/4545/6143 2689/4525/6143 2696/4562/6143
f 2694/4564/6144 2687/4542/6144 2688/4529/6144
f 2695/4565/6145 2688/4529/6145 2684/4531/6145
f 2697/4560/6146 2690/4526/6146 2687/4528/6146
f 2689/4525/6147 2686/4524/6147 2693/4568/6147
f 2691/4522/6148 2685/4521/6148 2692/4569/6148
f 2698/4559/6149 2692/4569/6149 2669/4570/6149
f 2696/4562/6150 2693/4568/6150 2673/4571/6150
f 2681/4548/6151 2697/4560/6151 2694/4567/6151
f 2677/4573/6152 2695/4565/6152 2699/4566/6152
f 2671/4575/6153 2694/4564/6153 2695/4565/6153
f 2692/4563/6154 2696/4562/6154 2675/4572/6154
f 2693/4561/6155 2697/4560/6155 2681/4548/6155
f 2667/4541/6156 2699/4558/6156 2698/4559/6156
f 2708/4577/2524 2707/8444/2524 2702/4578/2524
f 2708/4577/2524 2705/4579/2524 2700/4580/2524
f 2701/4582/2524 2704/4584/2524 2708/4577/2524
f 2703/4583/2524 2707/8444/2524 2708/4577/2524
f 2673/4576/2525 2681/4548/2525 2707/4547/2525
f 2667/4574/2526 2700/8445/2526 2705/4586/2526
f 2675/4572/2527 2673/4571/2527 2703/4587/2527
f 2677/4573/2528 2705/4586/2528 2702/4588/2528
f 2722/4589/6157 2712/4619/6157 2727/4590/6157
f 2718/4592/6158 2716/8446/6158 2728/4593/6158
f 2732/4595/6159 2724/8447/6159 2714/4596/6159
f 2730/4598/6160 2720/4612/6160 2710/4599/6160
f 2721/4601/2533 2711/4639/2533 2743/4602/2533
f 2725/4604/6161 2722/4589/6161 2710/4605/6161
f 2725/4604/6162 2720/4606/6162 2714/4607/6162
f 2721/4601/2536 2748/4603/2536 2742/4609/2536
f 2729/4611/6163 2714/8448/6163 2720/4612/6163
f 2712/4613/6164 2718/4592/6164 2731/4594/6164
f 2713/4615/2539 2744/8449/2539 2749/4616/2539
f 2716/4618/6165 2718/4620/6165 2725/4604/6165
f 2712/4619/6166 2722/4589/6166 2725/4604/6166
f 2711/4621/2541 2717/4641/2541 2746/4622/2541
f 2716/4624/6167 2724/8447/6167 2732/4595/6167
f 2726/4626/6168 2710/4605/6168 2722/4589/6168
f 2741/4627/6169 2726/4626/6169 2733/4591/6169
f 2728/4625/6170 2732/4595/6170 2739/4629/6170
f 2727/4614/6171 2731/4594/6171 2738/4631/6171
f 2736/4633/6172 2729/4611/6172 2730/4598/6172
f 2737/4634/6173 2730/4598/6173 2726/4600/6173
f 2739/4629/6174 2732/4595/6174 2729/4597/6174
f 2731/4594/6175 2728/4593/6175 2735/4637/6175
f 2733/4591/6176 2727/4590/6176 2734/4638/6176
f 2740/4628/6177 2734/4638/6177 2711/4639/6177
f 2738/4631/6178 2735/4637/6178 2715/4640/6178
f 2723/4617/6179 2739/4629/6179 2736/4636/6179
f 2719/4642/6180 2737/4634/6180 2741/4635/6180
f 2713/4644/6181 2736/4633/6181 2737/4634/6181
f 2734/4632/6182 2738/4631/6182 2717/4641/6182
f 2735/4630/6183 2739/4629/6183 2723/4617/6183
f 2709/4610/6184 2741/4627/6184 2740/4628/6184
f 2750/4646/2560 2749/8450/2560 2744/4647/2560
f 2750/4646/2560 2747/4648/2560 2742/4649/2560
f 2743/4651/2560 2746/4653/2560 2750/4646/2560
f 2745/4652/2560 2749/8450/2560 2750/4646/2560
f 2715/4645/2561 2723/4617/2561 2749/4616/2561
f 2709/4643/2562 2742/8451/2562 2747/4655/2562
f 2717/4641/2563 2715/4640/2563 2745/4656/2563
f 2719/4642/2564 2747/4655/2564 2744/4657/2564
f 2764/4658/6185 2754/4688/6185 2769/4659/6185
f 2760/4661/6186 2758/8452/6186 2770/4662/6186
f 2774/4664/6187 2766/8453/6187 2756/4665/6187
f 2772/4667/6188 2762/4681/6188 2752/4668/6188
f 2763/4670/2569 2753/4708/2569 2785/4671/2569
f 2767/4673/6189 2764/4658/6189 2752/4674/6189
f 2767/4673/6190 2762/4675/6190 2756/4676/6190
f 2763/4670/2572 2790/4672/2572 2784/4678/2572
f 2771/4680/6191 2756/8454/6191 2762/4681/6191
f 2754/4682/6192 2760/4661/6192 2773/4663/6192
f 2755/4684/2575 2786/8455/2575 2791/4685/2575
f 2758/4687/6193 2760/4689/6193 2767/4673/6193
f 2754/4688/2570 2764/4658/2570 2767/4673/2570
f 2753/4690/2578 2759/4710/2578 2788/4691/2578
f 2758/4693/6194 2766/8453/6194 2774/4664/6194
f 2768/4695/6195 2752/4674/6195 2764/4658/6195
f 2783/4696/6196 2768/4695/6196 2775/4660/6196
f 2770/4694/6197 2774/4664/6197 2781/4698/6197
f 2769/4683/6198 2773/4663/6198 2780/4700/6198
f 2778/4702/6199 2771/4680/6199 2772/4667/6199
f 2779/4703/6200 2772/4667/6200 2768/4669/6200
f 2781/4698/6201 2774/4664/6201 2771/4666/6201
f 2773/4663/6202 2770/4662/6202 2777/4706/6202
f 2775/4660/6203 2769/4659/6203 2776/4707/6203
f 2782/4697/6204 2776/4707/6204 2753/4708/6204
f 2780/4700/6205 2777/4706/6205 2757/4709/6205
f 2765/4686/6206 2781/4698/6206 2778/4705/6206
f 2761/4711/6207 2779/4703/6207 2783/4704/6207
f 2755/4713/6208 2778/4702/6208 2779/4703/6208
f 2776/4701/6209 2780/4700/6209 2759/4710/6209
f 2777/4699/6210 2781/4698/6210 2765/4686/6210
f 2751/4679/6211 2783/4696/6211 2782/4697/6211
f 2792/4715/2597 2791/8456/2597 2786/4716/2597
f 2792/4715/2597 2789/4717/2597 2784/4718/2597
f 2785/4720/2597 2788/4722/2597 2792/4715/2597
f 2787/4721/2597 2791/8456/2597 2792/4715/2597
f 2757/4714/2598 2765/4686/2598 2791/4685/2598
f 2751/4712/2599 2784/8457/2599 2789/4724/2599
f 2759/4710/2600 2757/4709/2600 2787/4725/2600
f 2761/4711/2601 2789/4724/2601 2786/4726/2601
f 2806/4727/6212 2796/4757/6212 2811/4728/6212
f 2802/4730/6213 2800/8458/6213 2812/4731/6213
f 2816/4733/6214 2808/8459/6214 2798/4734/6214
f 2814/4736/6215 2804/4750/6215 2794/4737/6215
f 2805/4739/2606 2795/4777/2606 2827/4740/2606
f 2809/4742/6216 2806/4727/6216 2794/4743/6216
f 2809/4742/6217 2804/4744/6217 2798/4745/6217
f 2805/4739/2609 2832/4741/2609 2826/4747/2609
f 2813/4749/6218 2798/8460/6218 2804/4750/6218
f 2796/4751/6219 2802/4730/6219 2815/4732/6219
f 2797/4753/6220 2828/8461/6220 2833/4754/6220
f 2800/4756/6221 2802/4758/6221 2809/4742/6221
f 2796/4757/6222 2806/4727/6222 2809/4742/6222
f 2795/4759/6223 2801/4779/6223 2830/4760/6223
f 2800/4762/6224 2808/8459/6224 2816/4733/6224
f 2810/4764/6225 2794/4743/6225 2806/4727/6225
f 2825/4765/6226 2810/4764/6226 2817/4729/6226
f 2812/4763/6227 2816/4733/6227 2823/4767/6227
f 2811/4752/6228 2815/4732/6228 2822/4769/6228
f 2820/4771/6229 2813/4749/6229 2814/4736/6229
f 2821/4772/6230 2814/4736/6230 2810/4738/6230
f 2823/4767/6231 2816/4733/6231 2813/4735/6231
f 2815/4732/6232 2812/4731/6232 2819/4775/6232
f 2817/4729/6233 2811/4728/6233 2818/4776/6233
f 2824/4766/6234 2818/4776/6234 2795/4777/6234
f 2822/4769/6235 2819/4775/6235 2799/4778/6235
f 2807/4755/6236 2823/4767/6236 2820/4774/6236
f 2803/4780/6237 2821/4772/6237 2825/4773/6237
f 2797/4782/6238 2820/4771/6238 2821/4772/6238
f 2818/4770/6239 2822/4769/6239 2801/4779/6239
f 2819/4768/6240 2823/4767/6240 2807/4755/6240
f 2793/4748/6241 2825/4765/6241 2824/4766/6241
f 2834/4784/2634 2833/8462/2634 2828/4785/2634
f 2834/4784/2634 2831/4786/2634 2826/4787/2634
f 2827/4789/2634 2830/4791/2634 2834/4784/2634
f 2829/4790/2634 2833/8462/2634 2834/4784/2634
f 2799/4783/2635 2807/4755/2635 2833/4754/2635
f 2793/4781/2636 2826/8463/2636 2831/4793/2636
f 2801/4779/2637 2799/4778/2637 2829/4794/2637
f 2803/4780/2638 2831/4793/2638 2828/4795/2638
f 2848/4796/6242 2838/4826/6242 2853/4797/6242
f 2844/4799/6243 2842/8464/6243 2854/4800/6243
f 2858/4802/6244 2850/8465/6244 2840/4803/6244
f 2856/4805/6245 2846/4819/6245 2836/4806/6245
f 2847/4808/2643 2837/4846/2643 2869/4809/2643
f 2851/4811/6246 2848/4796/6246 2836/4812/6246
f 2851/4811/6247 2846/4813/6247 2840/4814/6247
f 2847/4808/6248 2874/4810/6248 2868/4816/6248
f 2855/4818/6249 2840/8466/6249 2846/4819/6249
f 2838/4820/6250 2844/4799/6250 2857/4801/6250
f 2839/4822/2649 2870/8467/2649 2875/4823/2649
f 2842/4825/6251 2844/4827/6251 2851/4811/6251
f 2838/4826/6252 2848/4796/6252 2851/4811/6252
f 2837/4828/2652 2843/4848/2652 2872/4829/2652
f 2842/4831/6253 2850/8465/6253 2858/4802/6253
f 2852/4833/6254 2836/4812/6254 2848/4796/6254
f 2867/4834/6255 2852/4833/6255 2859/4798/6255
f 2854/4832/6256 2858/4802/6256 2865/4836/6256
f 2853/4821/6257 2857/4801/6257 2864/4838/6257
f 2862/4840/6258 2855/4818/6258 2856/4805/6258
f 2863/4841/6259 2856/4805/6259 2852/4807/6259
f 2865/4836/6260 2858/4802/6260 2855/4804/6260
f 2857/4801/6261 2854/4800/6261 2861/4844/6261
f 2859/4798/6262 2853/4797/6262 2860/4845/6262
f 2866/4835/6263 2860/4845/6263 2837/4846/6263
f 2864/4838/6264 2861/4844/6264 2841/4847/6264
f 2849/4824/6265 2865/4836/6265 2862/4843/6265
f 2845/4849/6266 2863/4841/6266 2867/4842/6266
f 2839/4851/6267 2862/4840/6267 2863/4841/6267
f 2860/4839/6268 2864/4838/6268 2843/4848/6268
f 2861/4837/6269 2865/4836/6269 2849/4824/6269
f 2835/4817/6270 2867/4834/6270 2866/4835/6270
f 2876/4853/2671 2875/8468/2671 2870/4854/2671
f 2876/4853/2671 2873/4855/2671 2868/4856/2671
f 2869/4858/2672 2872/4860/2672 2876/4853/2672
f 2871/4859/2671 2875/8468/2671 2876/4853/2671
f 2841/4852/2673 2849/4824/2673 2875/4823/2673
f 2835/4850/2674 2868/8469/2674 2873/4862/2674
f 2843/4848/2675 2841/4847/2675 2871/4863/2675
f 2845/4849/6271 2873/4862/6271 2870/4864/6271
f 2890/4865/6272 2880/4895/6272 2895/4866/6272
f 2886/4868/6273 2884/8470/6273 2896/4869/6273
f 2900/4871/6274 2892/8471/6274 2882/4872/6274
f 2898/4874/6275 2888/4888/6275 2878/4875/6275
f 2889/4877/2681 2879/4915/2681 2911/4878/2681
f 2893/4880/6276 2890/4865/6276 2878/4881/6276
f 2893/4880/6277 2888/4882/6277 2882/4883/6277
f 2889/4877/6278 2916/4879/6278 2910/4885/6278
f 2897/4887/6279 2882/8472/6279 2888/4888/6279
f 2880/4889/6280 2886/4868/6280 2899/4870/6280
f 2881/4891/2687 2912/8473/2687 2917/4892/2687
f 2884/4894/6281 2886/4896/6281 2893/4880/6281
f 2880/4895/2682 2890/4865/2682 2893/4880/2682
f 2879/4897/2689 2885/4917/2689 2914/4898/2689
f 2884/4900/6282 2892/8471/6282 2900/4871/6282
f 2894/4902/6283 2878/4881/6283 2890/4865/6283
f 2909/4903/6284 2894/4902/6284 2901/4867/6284
f 2896/4901/6285 2900/4871/6285 2907/4905/6285
f 2895/4890/6286 2899/4870/6286 2906/4907/6286
f 2904/4909/6287 2897/4887/6287 2898/4874/6287
f 2905/4910/6288 2898/4874/6288 2894/4876/6288
f 2907/4905/6289 2900/4871/6289 2897/4873/6289
f 2899/4870/6290 2896/4869/6290 2903/4913/6290
f 2901/4867/6291 2895/4866/6291 2902/4914/6291
f 2908/4904/6292 2902/4914/6292 2879/4915/6292
f 2906/4907/6293 2903/4913/6293 2883/4916/6293
f 2891/4893/6294 2907/4905/6294 2904/4912/6294
f 2887/4918/6295 2905/4910/6295 2909/4911/6295
f 2881/4920/6296 2904/4909/6296 2905/4910/6296
f 2902/4908/6297 2906/4907/6297 2885/4917/6297
f 2903/4906/6298 2907/4905/6298 2891/4893/6298
f 2877/4886/6299 2909/4903/6299 2908/4904/6299
f 2918/4922/2708 2917/8474/2708 2912/4923/2708
f 2918/4922/2708 2915/4924/2708 2910/4925/2708
f 2911/4927/2708 2914/4929/2708 2918/4922/2708
f 2913/4928/2708 2917/8474/2708 2918/4922/2708
f 2883/4921/2710 2891/4893/2710 2917/4892/2710
f 2877/4919/2711 2910/8475/2711 2915/4931/2711
f 2885/4917/2712 2883/4916/2712 2913/4932/2712
f 2887/4918/6300 2915/4931/6300 2912/4933/6300
f 2932/4934/6301 2922/4964/6301 2937/4935/6301
f 2928/4937/6302 2926/8476/6302 2938/4938/6302
f 2942/4940/6303 2934/8477/6303 2924/4941/6303
f 2940/4943/6304 2930/4957/6304 2920/4944/6304
f 2931/4946/2718 2921/4984/2718 2953/4947/2718
f 2935/4949/6305 2932/4934/6305 2920/4950/6305
f 2935/4949/3624 2930/4951/3624 2924/4952/3624
f 2931/4946/6306 2958/4948/6306 2952/4954/6306
f 2939/4956/6307 2924/8478/6307 2930/4957/6307
f 2922/4958/6308 2928/4937/6308 2941/4939/6308
f 2923/4960/2724 2954/8479/2724 2959/4961/2724
f 2926/4963/6309 2928/4965/6309 2935/4949/6309
f 2922/4964/2720 2932/4934/2720 2935/4949/2720
f 2921/4966/2726 2927/4986/2726 2956/4967/2726
f 2926/4969/6310 2934/8477/6310 2942/4940/6310
f 2936/4971/6311 2920/4950/6311 2932/4934/6311
f 2951/4972/6312 2936/4971/6312 2943/4936/6312
f 2938/4970/6313 2942/4940/6313 2949/4974/6313
f 2937/4959/6314 2941/4939/6314 2948/4976/6314
f 2946/4978/6315 2939/4956/6315 2940/4943/6315
f 2947/4979/6316 2940/4943/6316 2936/4945/6316
f 2949/4974/6317 2942/4940/6317 2939/4942/6317
f 2941/4939/6318 2938/4938/6318 2945/4982/6318
f 2943/4936/6319 2937/4935/6319 2944/4983/6319
f 2950/4973/6320 2944/4983/6320 2921/4984/6320
f 2948/4976/6321 2945/4982/6321 2925/4985/6321
f 2933/4962/6322 2949/4974/6322 2946/4981/6322
f 2929/4987/6323 2947/4979/6323 2951/4980/6323
f 2923/4989/6324 2946/4978/6324 2947/4979/6324
f 2944/4977/6325 2948/4976/6325 2927/4986/6325
f 2945/4975/6326 2949/4974/6326 2933/4962/6326
f 2919/4955/6327 2951/4972/6327 2950/4973/6327
f 2960/4991/2745 2959/8480/2745 2954/4992/2745
f 2960/4991/2745 2957/4993/2745 2952/4994/2745
f 2953/4996/2745 2956/4998/2745 2960/4991/2745
f 2955/4997/2745 2959/8480/2745 2960/4991/2745
f 2925/4990/6328 2933/4962/6328 2959/4961/6328
f 2919/4988/2747 2952/8481/2747 2957/5000/2747
f 2927/4986/2748 2925/4985/2748 2955/5001/2748
f 2929/4987/2749 2957/5000/2749 2954/5002/2749
f 2974/5003/6329 2964/5033/6329 2979/5004/6329
f 2970/5006/6330 2968/8482/6330 2980/5007/6330
f 2984/5009/6331 2976/8483/6331 2966/5010/6331
f 2982/5012/6332 2972/5026/6332 2962/5013/6332
f 2973/5015/2754 2963/5053/2754 2995/5016/2754
f 2977/5018/6333 2974/5003/6333 2962/5019/6333
f 2977/5018/6334 2972/5020/6334 2966/5021/6334
f 2973/5015/2757 3000/5017/2757 2994/5023/2757
f 2981/5025/6335 2966/8484/6335 2972/5026/6335
f 2964/5027/6336 2970/5006/6336 2983/5008/6336
f 2965/5029/2760 2996/8485/2760 3001/5030/2760
f 2968/5032/6337 2970/5034/6337 2977/5018/6337
f 2964/5033/6338 2974/5003/6338 2977/5018/6338
f 2963/5035/2763 2969/5055/2763 2998/5036/2763
f 2968/5038/6339 2976/8483/6339 2984/5009/6339
f 2978/5040/6340 2962/5019/6340 2974/5003/6340
f 2993/5041/6341 2978/5040/6341 2985/5005/6341
f 2980/5039/6342 2984/5009/6342 2991/5043/6342
f 2979/5028/6343 2983/5008/6343 2990/5045/6343
f 2988/5047/6344 2981/5025/6344 2982/5012/6344
f 2989/5048/6345 2982/5012/6345 2978/5014/6345
f 2991/5043/6346 2984/5009/6346 2981/5011/6346
f 2983/5008/6347 2980/5007/6347 2987/5051/6347
f 2985/5005/6348 2979/5004/6348 2986/5052/6348
f 2992/5042/6349 2986/5052/6349 2963/5053/6349
f 2990/5045/6350 2987/5051/6350 2967/5054/6350
f 2975/5031/6351 2991/5043/6351 2988/5050/6351
f 2971/5056/6352 2989/5048/6352 2993/5049/6352
f 2965/5058/6353 2988/5047/6353 2989/5048/6353
f 2986/5046/6354 2990/5045/6354 2969/5055/6354
f 2987/5044/6355 2991/5043/6355 2975/5031/6355
f 2961/5024/6356 2993/5041/6356 2992/5042/6356
f 3002/5060/2782 3001/8486/2782 2996/5061/2782
f 3002/5060/2782 2999/5062/2782 2994/5063/2782
f 2995/5065/2782 2998/5067/2782 3002/5060/2782
f 2997/5066/2782 3001/8486/2782 3002/5060/2782
f 2967/5059/2783 2975/5031/2783 3001/5030/2783
f 2961/5057/2784 2994/8487/2784 2999/5069/2784
f 2969/5055/2785 2967/5054/2785 2997/5070/2785
f 2971/5056/2786 2999/5069/2786 2996/5071/2786
f 3016/5072/6357 3006/5102/6357 3021/5073/6357
f 3012/5075/6358 3010/8488/6358 3022/5076/6358
f 3026/5078/6359 3018/8489/6359 3008/5079/6359
f 3024/5081/6360 3014/5095/6360 3004/5082/6360
f 3015/5084/2791 3005/5122/2791 3037/5085/2791
f 3019/5087/6361 3016/5072/6361 3004/5088/6361
f 3019/5087/3640 3014/5089/3640 3008/5090/3640
f 3015/5084/2793 3042/5086/2793 3036/5092/2793
f 3023/5094/6362 3008/8490/6362 3014/5095/6362
f 3006/5096/6363 3012/5075/6363 3025/5077/6363
f 3007/5098/2796 3038/8491/2796 3043/5099/2796
f 3010/5101/6364 3012/5103/6364 3019/5087/6364
f 3006/5102/2792 3016/5072/2792 3019/5087/2792
f 3005/5104/6365 3011/5124/6365 3040/5105/6365
f 3010/5107/6366 3018/8489/6366 3026/5078/6366
f 3020/5109/6367 3004/5088/6367 3016/5072/6367
f 3035/5110/6368 3020/5109/6368 3027/5074/6368
f 3022/5108/6369 3026/5078/6369 3033/5112/6369
f 3021/5097/6370 3025/5077/6370 3032/5114/6370
f 3030/5116/6371 3023/5094/6371 3024/5081/6371
f 3031/5117/6372 3024/5081/6372 3020/5083/6372
f 3033/5112/6373 3026/5078/6373 3023/5080/6373
f 3025/5077/6374 3022/5076/6374 3029/5120/6374
f 3027/5074/6375 3021/5073/6375 3028/5121/6375
f 3034/5111/6376 3028/5121/6376 3005/5122/6376
f 3032/5114/6377 3029/5120/6377 3009/5123/6377
f 3017/5100/6378 3033/5112/6378 3030/5119/6378
f 3013/5125/6379 3031/5117/6379 3035/5118/6379
f 3007/5127/6380 3030/5116/6380 3031/5117/6380
f 3028/5115/6381 3032/5114/6381 3011/5124/6381
f 3029/5113/6382 3033/5112/6382 3017/5100/6382
f 3003/5093/6383 3035/5110/6383 3034/5111/6383
f 3044/5129/2818 3043/8492/2818 3038/5130/2818
f 3044/5129/2818 3041/5131/2818 3036/5132/2818
f 3037/5134/2818 3040/5136/2818 3044/5129/2818
f 3039/5135/2818 3043/8492/2818 3044/5129/2818
f 3009/5128/2819 3017/5100/2819 3043/5099/2819
f 3003/5126/2820 3036/8493/2820 3041/5138/2820
f 3011/5124/6384 3009/5123/6384 3039/5139/6384
f 3013/5125/2822 3041/5138/2822 3038/5140/2822
f 3058/5141/6385 3048/5171/6385 3063/5142/6385
f 3054/5144/6386 3052/8494/6386 3064/5145/6386
f 3068/5147/6387 3060/8495/6387 3050/5148/6387
f 3066/5150/6388 3056/5164/6388 3046/5151/6388
f 3057/5153/6389 3047/5191/6389 3079/5154/6389
f 3061/5156/6390 3058/5141/6390 3046/5157/6390
f 3061/5156/6391 3056/5158/6391 3050/5159/6391
f 3057/5153/2830 3084/5155/2830 3078/5161/2830
f 3065/5163/6392 3050/8496/6392 3056/5164/6392
f 3048/5165/6393 3054/5144/6393 3067/5146/6393
f 3049/5167/2833 3080/8497/2833 3085/5168/2833
f 3052/5170/2835 3054/5172/2835 3061/5156/2835
f 3048/5171/6394 3058/5141/6394 3061/5156/6394
f 3047/5173/2836 3053/5193/2836 3082/5174/2836
f 3052/5176/6395 3060/8495/6395 3068/5147/6395
f 3062/5178/6396 3046/5157/6396 3058/5141/6396
f 3077/5179/6397 3062/5178/6397 3069/5143/6397
f 3064/5177/6398 3068/5147/6398 3075/5181/6398
f 3063/5166/6399 3067/5146/6399 3074/5183/6399
f 3072/5185/6400 3065/5163/6400 3066/5150/6400
f 3073/5186/6401 3066/5150/6401 3062/5152/6401
f 3075/5181/6402 3068/5147/6402 3065/5149/6402
f 3067/5146/6403 3064/5145/6403 3071/5189/6403
f 3069/5143/6404 3063/5142/6404 3070/5190/6404
f 3076/5180/6405 3070/5190/6405 3047/5191/6405
f 3074/5183/6406 3071/5189/6406 3051/5192/6406
f 3059/5169/6407 3075/5181/6407 3072/5188/6407
f 3055/5194/6408 3073/5186/6408 3077/5187/6408
f 3049/5196/6409 3072/5185/6409 3073/5186/6409
f 3070/5184/6410 3074/5183/6410 3053/5193/6410
f 3071/5182/6411 3075/5181/6411 3059/5169/6411
f 3045/5162/6412 3077/5179/6412 3076/5180/6412
f 3086/5198/2855 3085/8498/2855 3080/5199/2855
f 3086/5198/2855 3083/5200/2855 3078/5201/2855
f 3079/5203/2855 3082/5205/2855 3086/5198/2855
f 3081/5204/2855 3085/8498/2855 3086/5198/2855
f 3051/5197/2856 3059/5169/2856 3085/5168/2856
f 3045/5195/6413 3078/8499/6413 3083/5207/6413
f 3053/5193/2858 3051/5192/2858 3081/5208/2858
f 3055/5194/2859 3083/5207/2859 3080/5209/2859
f 3100/5210/6414 3090/5240/6414 3105/5211/6414
f 3096/5213/6415 3094/8500/6415 3106/5214/6415
f 3110/5216/6416 3102/8501/6416 3092/5217/6416
f 3108/5219/6417 3098/5233/6417 3088/5220/6417
f 3099/5222/2864 3089/5260/2864 3121/5223/2864
f 3103/5225/6418 3100/5210/6418 3088/5226/6418
f 3103/5225/6418 3098/5227/6418 3092/5228/6418
f 3099/5222/2867 3126/5224/2867 3120/5230/2867
f 3107/5232/6419 3092/8502/6419 3098/5233/6419
f 3090/5234/6420 3096/5213/6420 3109/5215/6420
f 3091/5236/2870 3122/8503/2870 3127/5237/2870
f 3094/5239/6421 3096/5241/6421 3103/5225/6421
f 3090/5240/6422 3100/5210/6422 3103/5225/6422
f 3089/5242/2873 3095/5262/2873 3124/5243/2873
f 3094/5245/6423 3102/8501/6423 3110/5216/6423
f 3104/5247/6424 3088/5226/6424 3100/5210/6424
f 3119/5248/6425 3104/5247/6425 3111/5212/6425
f 3106/5246/6426 3110/5216/6426 3117/5250/6426
f 3105/5235/6427 3109/5215/6427 3116/5252/6427
f 3114/5254/6428 3107/5232/6428 3108/5219/6428
f 3115/5255/6429 3108/5219/6429 3104/5221/6429
f 3117/5250/6430 3110/5216/6430 3107/5218/6430
f 3109/5215/6431 3106/5214/6431 3113/5258/6431
f 3111/5212/6432 3105/5211/6432 3112/5259/6432
f 3118/5249/6433 3112/5259/6433 3089/5260/6433
f 3116/5252/6434 3113/5258/6434 3093/5261/6434
f 3101/5238/6435 3117/5250/6435 3114/5257/6435
f 3097/5263/6436 3115/5255/6436 3119/5256/6436
f 3091/5265/6437 3114/5254/6437 3115/5255/6437
f 3112/5253/6438 3116/5252/6438 3095/5262/6438
f 3113/5251/6439 3117/5250/6439 3101/5238/6439
f 3087/5231/6440 3119/5248/6440 3118/5249/6440
f 3128/5267/2892 3127/8504/2892 3122/5268/2892
f 3128/5267/2892 3125/5269/2892 3120/5270/2892
f 3121/5272/2892 3124/5274/2892 3128/5267/2892
f 3123/5273/2892 3127/8504/2892 3128/5267/2892
f 3093/5266/2893 3101/5238/2893 3127/5237/2893
f 3087/5264/2894 3120/8505/2894 3125/5276/2894
f 3095/5262/6441 3093/5261/6441 3123/5277/6441
f 3097/5263/2896 3125/5276/2896 3122/5278/2896
f 3142/5279/6442 3132/5309/6442 3147/5280/6442
f 3138/5282/6443 3136/8506/6443 3148/5283/6443
f 3152/5285/6444 3144/8507/6444 3134/5286/6444
f 3150/5288/6445 3140/5302/6445 3130/5289/6445
f 3141/5291/2901 3131/5329/2901 3163/5292/2901
f 3145/5294/6446 3142/5279/6446 3130/5295/6446
f 3145/5294/6447 3140/5296/6447 3134/5297/6447
f 3141/5291/2904 3168/5293/2904 3162/5299/2904
f 3149/5301/6448 3134/8508/6448 3140/5302/6448
f 3132/5303/6449 3138/5282/6449 3151/5284/6449
f 3133/5305/2907 3164/8509/2907 3169/5306/2907
f 3136/5308/6450 3138/5310/6450 3145/5294/6450
f 3132/5309/6451 3142/5279/6451 3145/5294/6451
f 3131/5311/2910 3137/5331/2910 3166/5312/2910
f 3136/5314/6452 3144/8507/6452 3152/5285/6452
f 3146/5316/6453 3130/5295/6453 3142/5279/6453
f 3161/5317/6454 3146/5316/6454 3153/5281/6454
f 3148/5315/6455 3152/5285/6455 3159/5319/6455
f 3147/5304/6456 3151/5284/6456 3158/5321/6456
f 3156/5323/6457 3149/5301/6457 3150/5288/6457
f 3157/5324/6458 3150/5288/6458 3146/5290/6458
f 3159/5319/6459 3152/5285/6459 3149/5287/6459
f 3151/5284/6460 3148/5283/6460 3155/5327/6460
f 3153/5281/6461 3147/5280/6461 3154/5328/6461
f 3160/5318/6462 3154/5328/6462 3131/5329/6462
f 3158/5321/6463 3155/5327/6463 3135/5330/6463
f 3143/5307/6464 3159/5319/6464 3156/5326/6464
f 3139/5332/6465 3157/5324/6465 3161/5325/6465
f 3133/5334/6466 3156/5323/6466 3157/5324/6466
f 3154/5322/6467 3158/5321/6467 3137/5331/6467
f 3155/5320/6468 3159/5319/6468 3143/5307/6468
f 3129/5300/6469 3161/5317/6469 3160/5318/6469
f 3170/5336/2929 3169/8510/2929 3164/5337/2929
f 3170/5336/2929 3167/5338/2929 3162/5339/2929
f 3163/5341/2929 3166/5343/2929 3170/5336/2929
f 3165/5342/2929 3169/8510/2929 3170/5336/2929
f 3135/5335/6470 3143/5307/6470 3169/5306/6470
f 3129/5333/6471 3162/8511/6471 3167/5345/6471
f 3137/5331/6472 3135/5330/6472 3165/5346/6472
f 3139/5332/6473 3167/5345/6473 3164/5347/6473
f 3184/5348/6474 3174/5378/6474 3189/5349/6474
f 3180/5351/6475 3178/8512/6475 3190/5352/6475
f 3194/5354/6476 3186/8513/6476 3176/5355/6476
f 3192/5357/6477 3182/5371/6477 3172/5358/6477
f 3183/5360/2938 3173/5398/2938 3205/5361/2938
f 3187/5363/6478 3184/5348/6478 3172/5364/6478
f 3187/5363/6479 3182/5365/6479 3176/5366/6479
f 3183/5360/6480 3210/5362/6480 3204/5368/6480
f 3191/5370/6481 3176/8514/6481 3182/5371/6481
f 3174/5372/6482 3180/5351/6482 3193/5353/6482
f 3175/5374/2943 3206/8515/2943 3211/5375/2943
f 3178/5377/6483 3180/5379/6483 3187/5363/6483
f 3174/5378/6484 3184/5348/6484 3187/5363/6484
f 3173/5380/2946 3179/5400/2946 3208/5381/2946
f 3178/5383/6485 3186/8513/6485 3194/5354/6485
f 3188/5385/6486 3172/5364/6486 3184/5348/6486
f 3203/5386/6487 3188/5385/6487 3195/5350/6487
f 3190/5384/6488 3194/5354/6488 3201/5388/6488
f 3189/5373/6489 3193/5353/6489 3200/5390/6489
f 3198/5392/6490 3191/5370/6490 3192/5357/6490
f 3199/5393/6491 3192/5357/6491 3188/5359/6491
f 3201/5388/6492 3194/5354/6492 3191/5356/6492
f 3193/5353/6493 3190/5352/6493 3197/5396/6493
f 3195/5350/6494 3189/5349/6494 3196/5397/6494
f 3202/5387/6495 3196/5397/6495 3173/5398/6495
f 3200/5390/6496 3197/5396/6496 3177/5399/6496
f 3185/5376/6497 3201/5388/6497 3198/5395/6497
f 3181/5401/6498 3199/5393/6498 3203/5394/6498
f 3175/5403/6499 3198/5392/6499 3199/5393/6499
f 3196/5391/6500 3200/5390/6500 3179/5400/6500
f 3197/5389/6501 3201/5388/6501 3185/5376/6501
f 3171/5369/6502 3203/5386/6502 3202/5387/6502
f 3212/5405/2965 3211/8516/2965 3206/5406/2965
f 3212/5405/2965 3209/5407/2965 3204/5408/2965
f 3205/5410/2966 3208/5412/2966 3212/5405/2966
f 3207/5411/2966 3211/8516/2966 3212/5405/2966
f 3177/5404/2967 3185/5376/2967 3211/5375/2967
f 3171/5402/2968 3204/8517/2968 3209/5414/2968
f 3179/5400/2969 3177/5399/2969 3207/5415/2969
f 3181/5401/2970 3209/5414/2970 3206/5416/2970
f 3226/5417/6503 3216/5447/6503 3231/5418/6503
f 3222/5420/6504 3220/8518/6504 3232/5421/6504
f 3236/5423/6505 3228/8519/6505 3218/5424/6505
f 3234/5426/6506 3224/5440/6506 3214/5427/6506
f 3225/5429/2975 3215/5467/2975 3247/5430/2975
f 3229/5432/6507 3226/5417/6507 3214/5433/6507
f 3229/5432/6508 3224/5434/6508 3218/5435/6508
f 3225/5429/2978 3252/5431/2978 3246/5437/2978
f 3233/5439/6509 3218/8520/6509 3224/5440/6509
f 3216/5441/6510 3222/5420/6510 3235/5422/6510
f 3217/5443/6511 3248/8521/6511 3253/5444/6511
f 3220/5446/6512 3222/5448/6512 3229/5432/6512
f 3216/5447/6513 3226/5417/6513 3229/5432/6513
f 3215/5449/2984 3221/5469/2984 3250/5450/2984
f 3220/5452/6514 3228/8519/6514 3236/5423/6514
f 3230/5454/6515 3214/5433/6515 3226/5417/6515
f 3245/5455/6516 3230/5454/6516 3237/5419/6516
f 3232/5453/6517 3236/5423/6517 3243/5457/6517
f 3231/5442/6518 3235/5422/6518 3242/5459/6518
f 3240/5461/6519 3233/5439/6519 3234/5426/6519
f 3241/5462/6520 3234/5426/6520 3230/5428/6520
f 3243/5457/6521 3236/5423/6521 3233/5425/6521
f 3235/5422/6522 3232/5421/6522 3239/5465/6522
f 3237/5419/6523 3231/5418/6523 3238/5466/6523
f 3244/5456/6524 3238/5466/6524 3215/5467/6524
f 3242/5459/6525 3239/5465/6525 3219/5468/6525
f 3227/5445/6526 3243/5457/6526 3240/5464/6526
f 3223/5470/6527 3241/5462/6527 3245/5463/6527
f 3217/5472/6528 3240/5461/6528 3241/5462/6528
f 3238/5460/6529 3242/5459/6529 3221/5469/6529
f 3239/5458/6530 3243/5457/6530 3227/5445/6530
f 3213/5438/6531 3245/5455/6531 3244/5456/6531
f 3254/5474/3003 3253/8522/3003 3248/5475/3003
f 3254/5474/3004 3251/5476/3004 3246/5477/3004
f 3247/5479/3003 3250/5481/3003 3254/5474/3003
f 3249/5480/3003 3253/8522/3003 3254/5474/3003
f 3219/5473/3005 3227/5445/3005 3253/5444/3005
f 3213/5471/3006 3246/8523/3006 3251/5483/3006
f 3221/5469/6532 3219/5468/6532 3249/5484/6532
f 3223/5470/3008 3251/5483/3008 3248/5485/3008
f 3268/5486/6533 3258/5516/6533 3273/5487/6533
f 3264/5489/6534 3262/8524/6534 3274/5490/6534
f 3278/5492/6535 3270/8525/6535 3260/5493/6535
f 3276/5495/6536 3266/5509/6536 3256/5496/6536
f 3267/5498/3013 3257/5536/3013 3289/5499/3013
f 3271/5501/3015 3268/5486/3015 3256/5502/3015
f 3271/5501/6537 3266/5503/6537 3260/5504/6537
f 3267/5498/3016 3294/5500/3016 3288/5506/3016
f 3275/5508/6538 3260/8526/6538 3266/5509/6538
f 3258/5510/6539 3264/5489/6539 3277/5491/6539
f 3259/5512/6540 3290/8527/6540 3295/5513/6540
f 3262/5515/6541 3264/5517/6541 3271/5501/6541
f 3258/5516/6542 3268/5486/6542 3271/5501/6542
f 3257/5518/6543 3263/5538/6543 3292/5519/6543
f 3262/5521/6544 3270/8525/6544 3278/5492/6544
f 3272/5523/6545 3256/5502/6545 3268/5486/6545
f 3287/5524/6546 3272/5523/6546 3279/5488/6546
f 3274/5522/6547 3278/5492/6547 3285/5526/6547
f 3273/5511/6548 3277/5491/6548 3284/5528/6548
f 3282/5530/6549 3275/5508/6549 3276/5495/6549
f 3283/5531/6550 3276/5495/6550 3272/5497/6550
f 3285/5526/6551 3278/5492/6551 3275/5494/6551
f 3277/5491/6552 3274/5490/6552 3281/5534/6552
f 3279/5488/6553 3273/5487/6553 3280/5535/6553
f 3286/5525/6554 3280/5535/6554 3257/5536/6554
f 3284/5528/6555 3281/5534/6555 3261/5537/6555
f 3269/5514/6556 3285/5526/6556 3282/5533/6556
f 3265/5539/6557 3283/5531/6557 3287/5532/6557
f 3259/5541/6558 3282/5530/6558 3283/5531/6558
f 3280/5529/6559 3284/5528/6559 3263/5538/6559
f 3281/5527/6560 3285/5526/6560 3269/5514/6560
f 3255/5507/6561 3287/5524/6561 3286/5525/6561
f 3296/5543/3041 3295/8528/3041 3290/5544/3041
f 3296/5543/3041 3293/5545/3041 3288/5546/3041
f 3289/5548/3041 3292/5550/3041 3296/5543/3041
f 3291/5549/3041 3295/8528/3041 3296/5543/3041
f 3261/5542/6562 3269/5514/6562 3295/5513/6562
f 3255/5540/3043 3288/8529/3043 3293/5552/3043
f 3263/5538/3044 3261/5537/3044 3291/5553/3044
f 3265/5539/3045 3293/5552/3045 3290/5554/3045
f 3310/5555/6563 3300/5585/6563 3315/5556/6563
f 3306/5558/6564 3304/8530/6564 3316/5559/6564
f 3320/5561/6565 3312/8531/6565 3302/5562/6565
f 3318/5564/6566 3308/5578/6566 3298/5565/6566
f 3309/5567/3050 3299/5605/3050 3331/5568/3050
f 3313/5570/6567 3310/5555/6567 3298/5571/6567
f 3313/5570/6568 3308/5572/6568 3302/5573/6568
f 3309/5567/3053 3336/5569/3053 3330/5575/3053
f 3317/5577/6569 3302/8532/6569 3308/5578/6569
f 3300/5579/6570 3306/5558/6570 3319/5560/6570
f 3301/5581/3056 3332/8533/3056 3337/5582/3056
f 3304/5584/6571 3306/5586/6571 3313/5570/6571
f 3300/5585/3058 3310/5555/3058 3313/5570/3058
f 3299/5587/3059 3305/5607/3059 3334/5588/3059
f 3304/5590/6572 3312/8531/6572 3320/5561/6572
f 3314/5592/6573 3298/5571/6573 3310/5555/6573
f 3329/5593/6574 3314/5592/6574 3321/5557/6574
f 3316/5591/6575 3320/5561/6575 3327/5595/6575
f 3315/5580/6576 3319/5560/6576 3326/5597/6576
f 3324/5599/6577 3317/5577/6577 3318/5564/6577
f 3325/5600/6578 3318/5564/6578 3314/5566/6578
f 3327/5595/6579 3320/5561/6579 3317/5563/6579
f 3319/5560/6580 3316/5559/6580 3323/5603/6580
f 3321/5557/6581 3315/5556/6581 3322/5604/6581
f 3328/5594/6582 3322/5604/6582 3299/5605/6582
f 3326/5597/6583 3323/5603/6583 3303/5606/6583
f 3311/5583/6584 3327/5595/6584 3324/5602/6584
f 3307/5608/6585 3325/5600/6585 3329/5601/6585
f 3301/5610/6586 3324/5599/6586 3325/5600/6586
f 3322/5598/6587 3326/5597/6587 3305/5607/6587
f 3323/5596/6588 3327/5595/6588 3311/5583/6588
f 3297/5576/6589 3329/5593/6589 3328/5594/6589
f 3338/5612/3078 3337/8534/3078 3332/5613/3078
f 3338/5612/3078 3335/5614/3078 3330/5615/3078
f 3331/5617/3078 3334/5619/3078 3338/5612/3078
f 3333/5618/3078 3337/8534/3078 3338/5612/3078
f 3303/5611/3079 3311/5583/3079 3337/5582/3079
f 3297/5609/3080 3330/8535/3080 3335/5621/3080
f 3305/5607/6590 3303/5606/6590 3333/5622/6590
f 3307/5608/3082 3335/5621/3082 3332/5623/3082
f 3352/5624/6591 3342/5654/6591 3357/5625/6591
f 3348/5627/6592 3346/8536/6592 3358/5628/6592
f 3362/5630/6593 3354/8537/6593 3344/5631/6593
f 3360/5633/6594 3350/5647/6594 3340/5634/6594
f 3351/5636/3087 3341/5674/3087 3373/5637/3087
f 3355/5639/3706 3352/5624/3706 3340/5640/3706
f 3355/5639/3094 3350/5641/3094 3344/5642/3094
f 3351/5636/3090 3378/5638/3090 3372/5644/3090
f 3359/5646/6595 3344/8538/6595 3350/5647/6595
f 3342/5648/6596 3348/5627/6596 3361/5629/6596
f 3343/5650/3093 3374/8539/3093 3379/5651/3093
f 3346/5653/3089 3348/5655/3089 3355/5639/3089
f 3342/5654/6597 3352/5624/6597 3355/5639/6597
f 3341/5656/3096 3347/5676/3096 3376/5657/3096
f 3346/5659/6598 3354/8537/6598 3362/5630/6598
f 3356/5661/6599 3340/5640/6599 3352/5624/6599
f 3371/5662/6600 3356/5661/6600 3363/5626/6600
f 3358/5660/6601 3362/5630/6601 3369/5664/6601
f 3357/5649/6602 3361/5629/6602 3368/5666/6602
f 3366/5668/6603 3359/5646/6603 3360/5633/6603
f 3367/5669/6604 3360/5633/6604 3356/5635/6604
f 3369/5664/6605 3362/5630/6605 3359/5632/6605
f 3361/5629/6606 3358/5628/6606 3365/5672/6606
f 3363/5626/6607 3357/5625/6607 3364/5673/6607
f 3370/5663/6608 3364/5673/6608 3341/5674/6608
f 3368/5666/6609 3365/5672/6609 3345/5675/6609
f 3353/5652/6610 3369/5664/6610 3366/5671/6610
f 3349/5677/6611 3367/5669/6611 3371/5670/6611
f 3343/5679/6612 3366/5668/6612 3367/5669/6612
f 3364/5667/6613 3368/5666/6613 3347/5676/6613
f 3365/5665/6614 3369/5664/6614 3353/5652/6614
f 3339/5645/6615 3371/5662/6615 3370/5663/6615
f 3380/5681/3115 3379/8540/3115 3374/5682/3115
f 3380/5681/3115 3377/5683/3115 3372/5684/3115
f 3373/5686/3115 3376/5688/3115 3380/5681/3115
f 3375/5687/3115 3379/8540/3115 3380/5681/3115
f 3345/5680/3116 3353/5652/3116 3379/5651/3116
f 3339/5678/3117 3372/8541/3117 3377/5690/3117
f 3347/5676/3118 3345/5675/3118 3375/5691/3118
f 3349/5677/3119 3377/5690/3119 3374/5692/3119
f 3394/5693/6616 3384/5723/6616 3399/5694/6616
f 3390/5696/6617 3388/8542/6617 3400/5697/6617
f 3404/5699/6618 3396/8543/6618 3386/5700/6618
f 3402/5702/6619 3392/5716/6619 3382/5703/6619
f 3393/5705/3715 3383/5743/3715 3415/5706/3715
f 3397/5708/3125 3394/5693/3125 3382/5709/3125
f 3397/5708/6620 3392/5710/6620 3386/5711/6620
f 3393/5705/3127 3420/5707/3127 3414/5713/3127
f 3401/5715/6621 3386/8544/6621 3392/5716/6621
f 3384/5717/6622 3390/5696/6622 3403/5698/6622
f 3385/5719/3130 3416/8545/3130 3421/5720/3130
f 3388/5722/6623 3390/5724/6623 3397/5708/6623
f 3384/5723/6624 3394/5693/6624 3397/5708/6624
f 3383/5725/3132 3389/5745/3132 3418/5726/3132
f 3388/5728/6625 3396/8543/6625 3404/5699/6625
f 3398/5730/6626 3382/5709/6626 3394/5693/6626
f 3413/5731/6627 3398/5730/6627 3405/5695/6627
f 3400/5729/6628 3404/5699/6628 3411/5733/6628
f 3399/5718/6629 3403/5698/6629 3410/5735/6629
f 3408/5737/6630 3401/5715/6630 3402/5702/6630
f 3409/5738/6631 3402/5702/6631 3398/5704/6631
f 3411/5733/6632 3404/5699/6632 3401/5701/6632
f 3403/5698/6633 3400/5697/6633 3407/5741/6633
f 3405/5695/6634 3399/5694/6634 3406/5742/6634
f 3412/5732/6635 3406/5742/6635 3383/5743/6635
f 3410/5735/6636 3407/5741/6636 3387/5744/6636
f 3395/5721/6637 3411/5733/6637 3408/5740/6637
f 3391/5746/6638 3409/5738/6638 3413/5739/6638
f 3385/5748/6639 3408/5737/6639 3409/5738/6639
f 3406/5736/6640 3410/5735/6640 3389/5745/6640
f 3407/5734/6641 3411/5733/6641 3395/5721/6641
f 3381/5714/6642 3413/5731/6642 3412/5732/6642
f 3422/5750/3151 3421/8546/3151 3416/5751/3151
f 3422/5750/3152 3419/5752/3152 3414/5753/3152
f 3415/5755/3152 3418/5757/3152 3422/5750/3152
f 3417/5756/3152 3421/8546/3152 3422/5750/3152
f 3387/5749/3153 3395/5721/3153 3421/5720/3153
f 3381/5747/3154 3414/8547/3154 3419/5759/3154
f 3389/5745/3155 3387/5744/3155 3417/5760/3155
f 3391/5746/3156 3419/5759/3156 3416/5761/3156
f 3436/5762/6643 3426/5792/6643 3441/5763/6643
f 3432/5765/6103 3430/8548/6103 3442/5766/6103
f 3446/5768/6644 3438/8549/6644 3428/5769/6644
f 3444/5771/6645 3434/5785/6645 3424/5772/6645
f 3435/5774/2460 3425/5812/2460 3457/5775/2460
f 3439/5777/3157 3436/5762/3157 3424/5778/3157
f 3439/5777/6646 3434/5779/6646 3428/5780/6646
f 3435/5774/2463 3462/5776/2463 3456/5782/2463
f 3443/5784/6647 3428/8550/6647 3434/5785/6647
f 3426/5786/6108 3432/5765/6108 3445/5767/6108
f 3427/5788/2466 3458/8551/2466 3463/5789/2466
f 3430/5791/6648 3432/5793/6648 3439/5777/6648
f 3426/5792/6649 3436/5762/6649 3439/5777/6649
f 3425/5794/2468 3431/5814/2468 3460/5795/2468
f 3430/5797/6650 3438/8549/6650 3446/5768/6650
f 3440/5799/6651 3424/5778/6651 3436/5762/6651
f 3455/5800/6114 3440/5799/6114 3447/5764/6114
f 3442/5798/6115 3446/5768/6115 3453/5802/6115
f 3441/5787/6652 3445/5767/6652 3452/5804/6652
f 3450/5806/6653 3443/5784/6653 3444/5771/6653
f 3451/5807/6118 3444/5771/6118 3440/5773/6118
f 3453/5802/6119 3446/5768/6119 3443/5770/6119
f 3445/5767/6120 3442/5766/6120 3449/5810/6120
f 3447/5764/6121 3441/5763/6121 3448/5811/6121
f 3454/5801/6654 3448/5811/6654 3425/5812/6654
f 3452/5804/6123 3449/5810/6123 3429/5813/6123
f 3437/5790/6124 3453/5802/6124 3450/5809/6124
f 3433/5815/6125 3451/5807/6125 3455/5808/6125
f 3427/5817/6126 3450/5806/6126 3451/5807/6126
f 3448/5805/6127 3452/5804/6127 3431/5814/6127
f 3449/5803/6655 3453/5802/6655 3437/5790/6655
f 3423/5783/6129 3455/5800/6129 3454/5801/6129
f 3464/5819/2487 3463/8552/2487 3458/5820/2487
f 3464/5819/2487 3461/5821/2487 3456/5822/2487
f 3457/5824/2487 3460/5826/2487 3464/5819/2487
f 3459/5825/2487 3463/8552/2487 3464/5819/2487
f 3429/5818/2488 3437/5790/2488 3463/5789/2488
f 3423/5816/2489 3456/8553/2489 3461/5828/2489
f 3431/5814/2490 3429/5813/2490 3459/5829/2490
f 3433/5815/2491 3461/5828/2491 3458/5830/2491
f 3478/5831/6656 3468/5861/6656 3483/5832/6656
f 3474/5834/6657 3472/8554/6657 3484/5835/6657
f 3488/5837/6658 3480/8555/6658 3470/5838/6658
f 3486/5840/6659 3476/5854/6659 3466/5841/6659
f 3477/5843/2496 3467/5881/2496 3499/5844/2496
f 3481/5846/2498 3478/5831/2498 3466/5847/2498
f 3481/5846/6660 3476/5848/6660 3470/5849/6660
f 3477/5843/2499 3504/5845/2499 3498/5851/2499
f 3485/5853/6661 3470/8556/6661 3476/5854/6661
f 3468/5855/6662 3474/5834/6662 3487/5836/6662
f 3469/5857/2502 3500/8557/2502 3505/5858/2502
f 3472/5860/2503 3474/5862/2503 3481/5846/2503
f 3468/5861/6663 3478/5831/6663 3481/5846/6663
f 3467/5863/6664 3473/5883/6664 3502/5864/6664
f 3472/5866/6665 3480/8555/6665 3488/5837/6665
f 3482/5868/6666 3466/5847/6666 3478/5831/6666
f 3497/5869/6141 3482/5868/6141 3489/5833/6141
f 3484/5867/6667 3488/5837/6667 3495/5871/6667
f 3483/5856/6668 3487/5836/6668 3494/5873/6668
f 3492/5875/6144 3485/5853/6144 3486/5840/6144
f 3493/5876/6669 3486/5840/6669 3482/5842/6669
f 3495/5871/6670 3488/5837/6670 3485/5839/6670
f 3487/5836/6671 3484/5835/6671 3491/5879/6671
f 3489/5833/6672 3483/5832/6672 3490/5880/6672
f 3496/5870/6149 3490/5880/6149 3467/5881/6149
f 3494/5873/6150 3491/5879/6150 3471/5882/6150
f 3479/5859/6673 3495/5871/6673 3492/5878/6673
f 3475/5884/6674 3493/5876/6674 3497/5877/6674
f 3469/5886/6153 3492/5875/6153 3493/5876/6153
f 3490/5874/6154 3494/5873/6154 3473/5883/6154
f 3491/5872/6155 3495/5871/6155 3479/5859/6155
f 3465/5852/6675 3497/5869/6675 3496/5870/6675
f 3506/5888/2524 3505/8558/2524 3500/5889/2524
f 3506/5888/2524 3503/5890/2524 3498/5891/2524
f 3499/5893/2524 3502/5895/2524 3506/5888/2524
f 3501/5894/2524 3505/8558/2524 3506/5888/2524
f 3471/5887/2525 3479/5859/2525 3505/5858/2525
f 3465/5885/2526 3498/8559/2526 3503/5897/2526
f 3473/5883/2527 3471/5882/2527 3501/5898/2527
f 3475/5884/2528 3503/5897/2528 3500/5899/2528
f 3520/5900/6676 3510/5930/6676 3525/5901/6676
f 3516/5903/6677 3514/8560/6677 3526/5904/6677
f 3530/5906/6678 3522/8561/6678 3512/5907/6678
f 3528/5909/6679 3518/5923/6679 3508/5910/6679
f 3519/5912/6680 3509/5950/6680 3541/5913/6680
f 3523/5915/6681 3520/5900/6681 3508/5916/6681
f 3523/5915/3187 3518/5917/3187 3512/5918/3187
f 3519/5912/2572 3546/5914/2572 3540/5920/2572
f 3527/5922/6682 3512/8562/6682 3518/5923/6682
f 3510/5924/6683 3516/5903/6683 3529/5905/6683
f 3511/5926/2575 3542/8563/2575 3547/5927/2575
f 3514/5929/6684 3516/5931/6684 3523/5915/6684
f 3510/5930/6685 3520/5900/6685 3523/5915/6685
f 3509/5932/2578 3515/5952/2578 3544/5933/2578
f 3514/5935/6686 3522/8561/6686 3530/5906/6686
f 3524/5937/6687 3508/5916/6687 3520/5900/6687
f 3539/5938/6688 3524/5937/6688 3531/5902/6688
f 3526/5936/6689 3530/5906/6689 3537/5940/6689
f 3525/5925/6198 3529/5905/6198 3536/5942/6198
f 3534/5944/6199 3527/5922/6199 3528/5909/6199
f 3535/5945/6200 3528/5909/6200 3524/5911/6200
f 3537/5940/6201 3530/5906/6201 3527/5908/6201
f 3529/5905/6690 3526/5904/6690 3533/5948/6690
f 3531/5902/6691 3525/5901/6691 3532/5949/6691
f 3538/5939/6204 3532/5949/6204 3509/5950/6204
f 3536/5942/6205 3533/5948/6205 3513/5951/6205
f 3521/5928/6692 3537/5940/6692 3534/5947/6692
f 3517/5953/6207 3535/5945/6207 3539/5946/6207
f 3511/5955/6693 3534/5944/6693 3535/5945/6693
f 3532/5943/6209 3536/5942/6209 3515/5952/6209
f 3533/5941/6210 3537/5940/6210 3521/5928/6210
f 3507/5921/6211 3539/5938/6211 3538/5939/6211
f 3548/5957/2597 3547/8564/2597 3542/5958/2597
f 3548/5957/2597 3545/5959/2597 3540/5960/2597
f 3541/5962/2597 3544/5964/2597 3548/5957/2597
f 3543/5963/2597 3547/8564/2597 3548/5957/2597
f 3513/5956/2598 3521/5928/2598 3547/5927/2598
f 3507/5954/2599 3540/8565/2599 3545/5966/2599
f 3515/5952/2600 3513/5951/2600 3543/5967/2600
f 3517/5953/2601 3545/5966/2601 3542/5968/2601
f 3562/5969/6694 3552/5999/6694 3567/5970/6694
f 3558/5972/6695 3556/8566/6695 3568/5973/6695
f 3572/5975/6696 3564/8567/6696 3554/5976/6696
f 3570/5978/6697 3560/5992/6697 3550/5979/6697
f 3561/5981/3196 3551/6019/3196 3583/5982/3196
f 3565/5984/6698 3562/5969/6698 3550/5985/6698
f 3565/5984/6699 3560/5986/6699 3554/5987/6699
f 3561/5981/3199 3588/5983/3199 3582/5989/3199
f 3569/5991/6700 3554/8568/6700 3560/5992/6700
f 3552/5993/6701 3558/5972/6701 3571/5974/6701
f 3553/5995/3202 3584/8569/3202 3589/5996/3202
f 3556/5998/6702 3558/6000/6702 3565/5984/6702
f 3552/5999/6703 3562/5969/6703 3565/5984/6703
f 3551/6001/3204 3557/6021/3204 3586/6002/3204
f 3556/6004/6704 3564/8567/6704 3572/5975/6704
f 3566/6006/6705 3550/5985/6705 3562/5969/6705
f 3581/6007/6706 3566/6006/6706 3573/5971/6706
f 3568/6005/6707 3572/5975/6707 3579/6009/6707
f 3567/5994/6708 3571/5974/6708 3578/6011/6708
f 3576/6013/6709 3569/5991/6709 3570/5978/6709
f 3577/6014/6710 3570/5978/6710 3566/5980/6710
f 3579/6009/6711 3572/5975/6711 3569/5977/6711
f 3571/5974/6712 3568/5973/6712 3575/6017/6712
f 3573/5971/6713 3567/5970/6713 3574/6018/6713
f 3580/6008/6714 3574/6018/6714 3551/6019/6714
f 3578/6011/6715 3575/6017/6715 3555/6020/6715
f 3563/5997/6716 3579/6009/6716 3576/6016/6716
f 3559/6022/6717 3577/6014/6717 3581/6015/6717
f 3553/6024/6718 3576/6013/6718 3577/6014/6718
f 3574/6012/6719 3578/6011/6719 3557/6021/6719
f 3575/6010/6720 3579/6009/6720 3563/5997/6720
f 3549/5990/6721 3581/6007/6721 3580/6008/6721
f 3590/6026/3223 3589/8570/3223 3584/6027/3223
f 3590/6026/3224 3587/6028/3224 3582/6029/3224
f 3583/6031/3223 3586/6033/3223 3590/6026/3223
f 3585/6032/3223 3589/8570/3223 3590/6026/3223
f 3555/6025/3225 3563/5997/3225 3589/5996/3225
f 3549/6023/3226 3582/8571/3226 3587/6035/3226
f 3557/6021/3227 3555/6020/3227 3585/6036/3227
f 3559/6022/6722 3587/6035/6722 3584/6037/6722
f 3604/6038/6723 3594/6068/6723 3609/6039/6723
f 3600/6041/6724 3598/8572/6724 3610/6042/6724
f 3614/6044/6725 3606/8573/6725 3596/6045/6725
f 3612/6047/6726 3602/6061/6726 3592/6048/6726
f 3603/6050/6727 3593/6088/6727 3625/6051/6727
f 3607/6053/6728 3604/6038/6728 3592/6054/6728
f 3607/6053/6729 3602/6055/6729 3596/6056/6729
f 3603/6050/3236 3630/6052/3236 3624/6058/3236
f 3611/6060/6730 3596/8574/6730 3602/6061/6730
f 3594/6062/6731 3600/6041/6731 3613/6043/6731
f 3595/6064/3239 3626/8575/3239 3631/6065/3239
f 3598/6067/6732 3600/6069/6732 3607/6053/6732
f 3594/6068/6733 3604/6038/6733 3607/6053/6733
f 3593/6070/3242 3599/6090/3242 3628/6071/3242
f 3598/6073/6734 3606/8573/6734 3614/6044/6734
f 3608/6075/6735 3592/6054/6735 3604/6038/6735
f 3623/6076/6736 3608/6075/6736 3615/6040/6736
f 3610/6074/6737 3614/6044/6737 3621/6078/6737
f 3609/6063/6738 3613/6043/6738 3620/6080/6738
f 3618/6082/6739 3611/6060/6739 3612/6047/6739
f 3619/6083/6740 3612/6047/6740 3608/6049/6740
f 3621/6078/6741 3614/6044/6741 3611/6046/6741
f 3613/6043/6742 3610/6042/6742 3617/6086/6742
f 3615/6040/6743 3609/6039/6743 3616/6087/6743
f 3622/6077/6744 3616/6087/6744 3593/6088/6744
f 3620/6080/6745 3617/6086/6745 3597/6089/6745
f 3605/6066/6746 3621/6078/6746 3618/6085/6746
f 3601/6091/6747 3619/6083/6747 3623/6084/6747
f 3595/6093/6748 3618/6082/6748 3619/6083/6748
f 3616/6081/6749 3620/6080/6749 3599/6090/6749
f 3617/6079/6750 3621/6078/6750 3605/6066/6750
f 3591/6059/6751 3623/6076/6751 3622/6077/6751
f 3632/6095/3261 3631/8576/3261 3626/6096/3261
f 3632/6095/3262 3629/6097/3262 3624/6098/3262
f 3625/6100/6752 3628/6102/6752 3632/6095/6752
f 3627/6101/3261 3631/8576/3261 3632/6095/3261
f 3597/6094/3263 3605/6066/3263 3631/6065/3263
f 3591/6092/3264 3624/8577/3264 3629/6104/3264
f 3599/6090/3265 3597/6089/3265 3627/6105/3265
f 3601/6091/6753 3629/6104/6753 3626/6106/6753
f 3646/6107/6754 3636/6137/6754 3651/6108/6754
f 3642/6110/6755 3640/8578/6755 3652/6111/6755
f 3656/6113/6756 3648/8579/6756 3638/6114/6756
f 3654/6116/6757 3644/6130/6757 3634/6117/6757
f 3645/6119/3271 3635/6157/3271 3667/6120/3271
f 3649/6122/6758 3646/6107/6758 3634/6123/6758
f 3649/6122/6759 3644/6124/6759 3638/6125/6759
f 3645/6119/3274 3672/6121/3274 3666/6127/3274
f 3653/6129/6760 3638/8580/6760 3644/6130/6760
f 3636/6131/6761 3642/6110/6761 3655/6112/6761
f 3637/6133/3277 3668/8581/3277 3673/6134/3277
f 3640/6136/6762 3642/6138/6762 3649/6122/6762
f 3636/6137/6763 3646/6107/6763 3649/6122/6763
f 3635/6139/3280 3641/6159/3280 3670/6140/3280
f 3640/6142/6764 3648/8579/6764 3656/6113/6764
f 3650/6144/6765 3634/6123/6765 3646/6107/6765
f 3665/6145/6766 3650/6144/6766 3657/6109/6766
f 3652/6143/6767 3656/6113/6767 3663/6147/6767
f 3651/6132/6768 3655/6112/6768 3662/6149/6768
f 3660/6151/6769 3653/6129/6769 3654/6116/6769
f 3661/6152/6770 3654/6116/6770 3650/6118/6770
f 3663/6147/6771 3656/6113/6771 3653/6115/6771
f 3655/6112/6772 3652/6111/6772 3659/6155/6772
f 3657/6109/6773 3651/6108/6773 3658/6156/6773
f 3664/6146/6774 3658/6156/6774 3635/6157/6774
f 3662/6149/6775 3659/6155/6775 3639/6158/6775
f 3647/6135/6776 3663/6147/6776 3660/6154/6776
f 3643/6160/6777 3661/6152/6777 3665/6153/6777
f 3637/6162/6778 3660/6151/6778 3661/6152/6778
f 3658/6150/6779 3662/6149/6779 3641/6159/6779
f 3659/6148/6780 3663/6147/6780 3647/6135/6780
f 3633/6128/6781 3665/6145/6781 3664/6146/6781
f 3674/6164/3299 3673/8582/3299 3668/6165/3299
f 3674/6164/3299 3671/6166/3299 3666/6167/3299
f 3667/6169/3299 3670/6171/3299 3674/6164/3299
f 3669/6170/3299 3673/8582/3299 3674/6164/3299
f 3639/6163/3301 3647/6135/3301 3673/6134/3301
f 3633/6161/3302 3666/8583/3302 3671/6173/3302
f 3641/6159/3303 3639/6158/3303 3669/6174/3303
f 3643/6160/6782 3671/6173/6782 3668/6175/6782
f 3688/6176/6783 3678/6206/6783 3693/6177/6783
f 3684/6179/6784 3682/8584/6784 3694/6180/6784
f 3698/6182/6785 3690/8585/6785 3680/6183/6785
f 3696/6185/6786 3686/6199/6786 3676/6186/6786
f 3687/6188/3309 3677/6226/3309 3709/6189/3309
f 3691/6191/6787 3688/6176/6787 3676/6192/6787
f 3691/6191/6788 3686/6193/6788 3680/6194/6788
f 3687/6188/3312 3714/6190/3312 3708/6196/3312
f 3695/6198/6789 3680/8586/6789 3686/6199/6789
f 3678/6200/6790 3684/6179/6790 3697/6181/6790
f 3679/6202/3315 3710/8587/3315 3715/6203/3315
f 3682/6205/6791 3684/6207/6791 3691/6191/6791
f 3678/6206/6792 3688/6176/6792 3691/6191/6792
f 3677/6208/3318 3683/6228/3318 3712/6209/3318
f 3682/6211/6793 3690/8585/6793 3698/6182/6793
f 3692/6213/6794 3676/6192/6794 3688/6176/6794
f 3707/6214/6795 3692/6213/6795 3699/6178/6795
f 3694/6212/6796 3698/6182/6796 3705/6216/6796
f 3693/6201/6797 3697/6181/6797 3704/6218/6797
f 3702/6220/6798 3695/6198/6798 3696/6185/6798
f 3703/6221/6799 3696/6185/6799 3692/6187/6799
f 3705/6216/6800 3698/6182/6800 3695/6184/6800
f 3697/6181/6801 3694/6180/6801 3701/6224/6801
f 3699/6178/6802 3693/6177/6802 3700/6225/6802
f 3706/6215/6803 3700/6225/6803 3677/6226/6803
f 3704/6218/6804 3701/6224/6804 3681/6227/6804
f 3689/6204/6805 3705/6216/6805 3702/6223/6805
f 3685/6229/6806 3703/6221/6806 3707/6222/6806
f 3679/6231/6807 3702/6220/6807 3703/6221/6807
f 3700/6219/6808 3704/6218/6808 3683/6228/6808
f 3701/6217/6809 3705/6216/6809 3689/6204/6809
f 3675/6197/6810 3707/6214/6810 3706/6215/6810
f 3716/6233/3337 3715/8588/3337 3710/6234/3337
f 3716/6233/3337 3713/6235/3337 3708/6236/3337
f 3709/6238/3338 3712/6240/3338 3716/6233/3338
f 3711/6239/3337 3715/8588/3337 3716/6233/3337
f 3681/6232/3339 3689/6204/3339 3715/6203/3339
f 3675/6230/3340 3708/8589/3340 3713/6242/3340
f 3683/6228/3341 3681/6227/3341 3711/6243/3341
f 3685/6229/3342 3713/6242/3342 3710/6244/3342
f 3730/6245/6811 3720/6275/6811 3735/6246/6811
f 3726/6248/6812 3724/8590/6812 3736/6249/6812
f 3740/6251/6813 3732/8591/6813 3722/6252/6813
f 3738/6254/6814 3728/6268/6814 3718/6255/6814
f 3729/6257/6815 3719/6295/6815 3751/6258/6815
f 3733/6260/6816 3730/6245/6816 3718/6261/6816
f 3733/6260/6817 3728/6262/6817 3722/6263/6817
f 3729/6257/3350 3756/6259/3350 3750/6265/3350
f 3737/6267/6818 3722/8592/6818 3728/6268/6818
f 3720/6269/6819 3726/6248/6819 3739/6250/6819
f 3721/6271/3353 3752/8593/3353 3757/6272/3353
f 3724/6274/6820 3726/6276/6820 3733/6260/6820
f 3720/6275/6821 3730/6245/6821 3733/6260/6821
f 3719/6277/3356 3725/6297/3356 3754/6278/3356
f 3724/6280/6822 3732/8591/6822 3740/6251/6822
f 3734/6282/6823 3718/6261/6823 3730/6245/6823
f 3749/6283/6824 3734/6282/6824 3741/6247/6824
f 3736/6281/6825 3740/6251/6825 3747/6285/6825
f 3735/6270/6826 3739/6250/6826 3746/6287/6826
f 3744/6289/6827 3737/6267/6827 3738/6254/6827
f 3745/6290/6828 3738/6254/6828 3734/6256/6828
f 3747/6285/6829 3740/6251/6829 3737/6253/6829
f 3739/6250/6830 3736/6249/6830 3743/6293/6830
f 3741/6247/6831 3735/6246/6831 3742/6294/6831
f 3748/6284/6832 3742/6294/6832 3719/6295/6832
f 3746/6287/6833 3743/6293/6833 3723/6296/6833
f 3731/6273/6834 3747/6285/6834 3744/6292/6834
f 3727/6298/6835 3745/6290/6835 3749/6291/6835
f 3721/6300/6836 3744/6289/6836 3745/6290/6836
f 3742/6288/6837 3746/6287/6837 3725/6297/6837
f 3743/6286/6838 3747/6285/6838 3731/6273/6838
f 3717/6266/6839 3749/6283/6839 3748/6284/6839
f 3758/6302/3375 3757/8594/3375 3752/6303/3375
f 3758/6302/3376 3755/6304/3376 3750/6305/3376
f 3751/6307/3375 3754/6309/3375 3758/6302/3375
f 3753/6308/3375 3757/8594/3375 3758/6302/3375
f 3723/6301/6840 3731/6273/6840 3757/6272/6840
f 3717/6299/6841 3750/8595/6841 3755/6311/6841
f 3725/6297/3379 3723/6296/3379 3753/6312/3379
f 3727/6298/6842 3755/6311/6842 3752/6313/6842
f 3772/6314/6843 3762/6344/6843 3777/6315/6843
f 3768/6317/6844 3766/8596/6844 3778/6318/6844
f 3782/6320/6845 3774/8597/6845 3764/6321/6845
f 3780/6323/6846 3770/6337/6846 3760/6324/6846
f 3771/6326/3385 3761/6364/3385 3793/6327/3385
f 3775/6329/6847 3772/6314/6847 3760/6330/6847
f 3775/6329/6848 3770/6331/6848 3764/6332/6848
f 3771/6326/3388 3798/6328/3388 3792/6334/3388
f 3779/6336/6849 3764/8598/6849 3770/6337/6849
f 3762/6338/6850 3768/6317/6850 3781/6319/6850
f 3763/6340/3391 3794/8599/3391 3799/6341/3391
f 3766/6343/6847 3768/6345/6847 3775/6329/6847
f 3762/6344/6851 3772/6314/6851 3775/6329/6851
f 3761/6346/3393 3767/6366/3393 3796/6347/3393
f 3766/6349/6852 3774/8597/6852 3782/6320/6852
f 3776/6351/6853 3760/6330/6853 3772/6314/6853
f 3791/6352/6854 3776/6351/6854 3783/6316/6854
f 3778/6350/6855 3782/6320/6855 3789/6354/6855
f 3777/6339/6856 3781/6319/6856 3788/6356/6856
f 3786/6358/6857 3779/6336/6857 3780/6323/6857
f 3787/6359/6858 3780/6323/6858 3776/6325/6858
f 3789/6354/6859 3782/6320/6859 3779/6322/6859
f 3781/6319/6860 3778/6318/6860 3785/6362/6860
f 3783/6316/6861 3777/6315/6861 3784/6363/6861
f 3790/6353/6862 3784/6363/6862 3761/6364/6862
f 3788/6356/6863 3785/6362/6863 3765/6365/6863
f 3773/6342/6864 3789/6354/6864 3786/6361/6864
f 3769/6367/6865 3787/6359/6865 3791/6360/6865
f 3763/6369/6866 3786/6358/6866 3787/6359/6866
f 3784/6357/6867 3788/6356/6867 3767/6366/6867
f 3785/6355/6868 3789/6354/6868 3773/6342/6868
f 3759/6335/6869 3791/6352/6869 3790/6353/6869
f 3800/6371/3412 3799/8600/3412 3794/6372/3412
f 3800/6371/3412 3797/6373/3412 3792/6374/3412
f 3793/6376/3412 3796/6378/3412 3800/6371/3412
f 3795/6377/3412 3799/8600/3412 3800/6371/3412
f 3765/6370/3413 3773/6342/3413 3799/6341/3413
f 3759/6368/3414 3792/8601/3414 3797/6380/3414
f 3767/6366/3415 3765/6365/3415 3795/6381/3415
f 3769/6367/3416 3797/6380/3416 3794/6382/3416
f 3814/6383/6870 3804/6413/6870 3819/6384/6870
f 3810/6386/6871 3808/8602/6871 3820/6387/6871
f 3824/6389/6872 3816/8603/6872 3806/6390/6872
f 3822/6392/6873 3812/6406/6873 3802/6393/6873
f 3813/6395/3421 3803/6433/3421 3835/6396/3421
f 3817/6398/6874 3814/6383/6874 3802/6399/6874
f 3817/6398/6875 3812/6400/6875 3806/6401/6875
f 3813/6395/3575 3840/6397/3575 3834/6403/3575
f 3821/6405/6876 3806/8604/6876 3812/6406/6876
f 3804/6407/6877 3810/6386/6877 3823/6388/6877
f 3805/6409/3427 3836/8605/3427 3841/6410/3427
f 3808/6412/3579 3810/6414/3579 3817/6398/3579
f 3804/6413/6878 3814/6383/6878 3817/6398/6878
f 3803/6415/3430 3809/6435/3430 3838/6416/3430
f 3808/6418/6879 3816/8603/6879 3824/6389/6879
f 3818/6420/6880 3802/6399/6880 3814/6383/6880
f 3833/6421/6881 3818/6420/6881 3825/6385/6881
f 3820/6419/6882 3824/6389/6882 3831/6423/6882
f 3819/6408/6883 3823/6388/6883 3830/6425/6883
f 3828/6427/6884 3821/6405/6884 3822/6392/6884
f 3829/6428/6885 3822/6392/6885 3818/6394/6885
f 3831/6423/6886 3824/6389/6886 3821/6391/6886
f 3823/6388/6887 3820/6387/6887 3827/6431/6887
f 3825/6385/6888 3819/6384/6888 3826/6432/6888
f 3832/6422/6889 3826/6432/6889 3803/6433/6889
f 3830/6425/6890 3827/6431/6890 3807/6434/6890
f 3815/6411/6891 3831/6423/6891 3828/6430/6891
f 3811/6436/6892 3829/6428/6892 3833/6429/6892
f 3805/6438/6893 3828/6427/6893 3829/6428/6893
f 3826/6426/6894 3830/6425/6894 3809/6435/6894
f 3827/6424/6895 3831/6423/6895 3815/6411/6895
f 3801/6404/6896 3833/6421/6896 3832/6422/6896
f 3842/6440/3583 3841/8606/3583 3836/6441/3583
f 3842/6440/3583 3839/6442/3583 3834/6443/3583
f 3835/6445/3449 3838/6447/3449 3842/6440/3449
f 3837/6446/3449 3841/8606/3449 3842/6440/3449
f 3807/6439/3450 3815/6411/3450 3841/6410/3450
f 3801/6437/3451 3834/8607/3451 3839/6449/3451
f 3809/6435/3452 3807/6434/3452 3837/6450/3452
f 3811/6436/3453 3839/6449/3453 3836/6451/3453
f 3856/6452/6897 3846/6482/6897 3861/6453/6897
f 3852/6455/6898 3850/8608/6898 3862/6456/6898
f 3866/6458/5903 3858/8609/5903 3848/6459/5903
f 3864/6461/6899 3854/6475/6899 3844/6462/6899
f 3855/6464/3456 3845/6502/3456 3877/6465/3456
f 3859/6467/6900 3856/6452/6900 3844/6468/6900
f 3859/6467/6901 3854/6469/6901 3848/6470/6901
f 3855/6464/2204 3882/6466/2204 3876/6472/2204
f 3863/6474/6902 3848/8610/6902 3854/6475/6902
f 3846/6476/5906 3852/6455/5906 3865/6457/5906
f 3847/6478/2207 3878/8611/2207 3883/6479/2207
f 3850/6481/2209 3852/6483/2209 3859/6467/2209
f 3846/6482/2208 3856/6452/2208 3859/6467/2208
f 3845/6484/2210 3851/6504/2210 3880/6485/2210
f 3850/6487/6903 3858/8609/6903 3866/6458/6903
f 3860/6489/6904 3844/6468/6904 3856/6452/6904
f 3875/6490/6905 3860/6489/6905 3867/6454/6905
f 3862/6488/5911 3866/6458/5911 3873/6492/5911
f 3861/6477/5912 3865/6457/5912 3872/6494/5912
f 3870/6496/5913 3863/6474/5913 3864/6461/5913
f 3871/6497/5914 3864/6461/5914 3860/6463/5914
f 3873/6492/5915 3866/6458/5915 3863/6460/5915
f 3865/6457/5916 3862/6456/5916 3869/6500/5916
f 3867/6454/5917 3861/6453/5917 3868/6501/5917
f 3874/6491/5918 3868/6501/5918 3845/6502/5918
f 3872/6494/5919 3869/6500/5919 3849/6503/5919
f 3857/6480/5920 3873/6492/5920 3870/6499/5920
f 3853/6505/5921 3871/6497/5921 3875/6498/5921
f 3847/6507/5922 3870/6496/5922 3871/6497/5922
f 3868/6495/5923 3872/6494/5923 3851/6504/5923
f 3869/6493/5924 3873/6492/5924 3857/6480/5924
f 3843/6473/5925 3875/6490/5925 3874/6491/5925
f 3884/6509/2229 3883/8612/2229 3878/6510/2229
f 3884/6509/2229 3881/6511/2229 3876/6512/2229
f 3877/6514/2229 3880/6516/2229 3884/6509/2229
f 3879/6515/2229 3883/8612/2229 3884/6509/2229
f 3849/6508/2230 3857/6480/2230 3883/6479/2230
f 3843/6506/2231 3876/8613/2231 3881/6518/2231
f 3851/6504/2232 3849/6503/2232 3879/6519/2232
f 3853/6505/2233 3881/6518/2233 3878/6520/2233
f 3898/6521/6906 3888/6551/6906 3903/6522/6906
f 3894/6524/6907 3892/8614/6907 3904/6525/6907
f 3908/6527/6908 3900/8615/6908 3890/6528/6908
f 3906/6530/6909 3896/6544/6909 3886/6531/6909
f 3897/6533/3462 3887/6571/3462 3919/6534/3462
f 3901/6536/6910 3898/6521/6910 3886/6537/6910
f 3901/6536/6911 3896/6538/6911 3890/6539/6911
f 3897/6533/3465 3924/6535/3465 3918/6541/3465
f 3905/6543/6912 3890/8616/6912 3896/6544/6912
f 3888/6545/6913 3894/6524/6913 3907/6526/6913
f 3889/6547/6914 3920/8617/6914 3925/6548/6914
f 3892/6550/6915 3894/6552/6915 3901/6536/6915
f 3888/6551/3469 3898/6521/3469 3901/6536/3469
f 3887/6553/3471 3893/6573/3471 3922/6554/3471
f 3892/6556/6916 3900/8615/6916 3908/6527/6916
f 3902/6558/6917 3886/6537/6917 3898/6521/6917
f 3917/6559/6918 3902/6558/6918 3909/6523/6918
f 3904/6557/6919 3908/6527/6919 3915/6561/6919
f 3903/6546/6920 3907/6526/6920 3914/6563/6920
f 3912/6565/6921 3905/6543/6921 3906/6530/6921
f 3913/6566/6922 3906/6530/6922 3902/6532/6922
f 3915/6561/6923 3908/6527/6923 3905/6529/6923
f 3907/6526/6924 3904/6525/6924 3911/6569/6924
f 3909/6523/6925 3903/6522/6925 3910/6570/6925
f 3916/6560/6926 3910/6570/6926 3887/6571/6926
f 3914/6563/6927 3911/6569/6927 3891/6572/6927
f 3899/6549/6928 3915/6561/6928 3912/6568/6928
f 3895/6574/6929 3913/6566/6929 3917/6567/6929
f 3889/6576/6930 3912/6565/6930 3913/6566/6930
f 3910/6564/6931 3914/6563/6931 3893/6573/6931
f 3911/6562/6932 3915/6561/6932 3899/6549/6932
f 3885/6542/6933 3917/6559/6933 3916/6560/6933
f 3925/6578/6934 3920/8618/6934 3923/6579/6934
f 3926/6580/6935 3923/6579/6935 3918/6581/6935
f 3919/6583/6936 3922/6584/6936 3926/6580/6936
f 3922/6584/6934 3921/8619/6934 3925/6578/6934
f 3891/6577/6937 3899/6549/6937 3925/6548/6937
f 3885/6575/3495 3918/8620/3495 3923/6586/3495
f 3893/6573/3496 3891/6572/3496 3921/6587/3496
f 3895/6574/3497 3923/6586/3497 3920/6588/3497
f 3940/6589/6938 3930/6619/6938 3945/6590/6938
f 3936/6592/6939 3934/8621/6939 3946/6593/6939
f 3950/6595/6940 3942/8622/6940 3932/6596/6940
f 3948/6598/6941 3938/6612/6941 3928/6599/6941
f 3939/6601/3502 3929/6639/3502 3961/6602/3502
f 3943/6604/6942 3940/6589/6942 3928/6605/6942
f 3943/6604/6943 3938/6606/6943 3932/6607/6943
f 3939/6601/3505 3966/6603/3505 3960/6609/3505
f 3947/6611/6944 3932/8623/6944 3938/6612/6944
f 3930/6613/6945 3936/6592/6945 3949/6594/6945
f 3931/6615/3508 3962/8624/3508 3967/6616/3508
f 3934/6618/6943 3936/6620/6943 3943/6604/6943
f 3930/6619/6946 3940/6589/6946 3943/6604/6946
f 3929/6621/3511 3935/6641/3511 3964/6622/3511
f 3934/6624/6947 3942/8622/6947 3950/6595/6947
f 3944/6626/6948 3928/6605/6948 3940/6589/6948
f 3959/6627/6949 3944/6626/6949 3951/6591/6949
f 3946/6625/6950 3950/6595/6950 3957/6629/6950
f 3945/6614/6951 3949/6594/6951 3956/6631/6951
f 3954/6633/6952 3947/6611/6952 3948/6598/6952
f 3955/6634/6953 3948/6598/6953 3944/6600/6953
f 3957/6629/6954 3950/6595/6954 3947/6597/6954
f 3949/6594/6955 3946/6593/6955 3953/6637/6955
f 3951/6591/6956 3945/6590/6956 3952/6638/6956
f 3958/6628/6957 3952/6638/6957 3929/6639/6957
f 3956/6631/6958 3953/6637/6958 3933/6640/6958
f 3941/6617/6959 3957/6629/6959 3954/6636/6959
f 3937/6642/6960 3955/6634/6960 3959/6635/6960
f 3931/6644/6961 3954/6633/6961 3955/6634/6961
f 3952/6632/6962 3956/6631/6962 3935/6641/6962
f 3953/6630/6963 3957/6629/6963 3941/6617/6963
f 3927/6610/6964 3959/6627/6964 3958/6628/6964
f 3968/6646/6965 3967/8625/6965 3962/6647/6965
f 3968/6646/3530 3965/6648/3530 3960/6649/3530
f 3961/6651/3530 3964/6653/3530 3968/6646/3530
f 3963/6652/6965 3967/8625/6965 3968/6646/6965
f 3933/6645/6966 3941/6617/6966 3967/6616/6966
f 3927/6643/3532 3960/8626/3532 3965/6655/3532
f 3935/6641/3533 3933/6640/3533 3963/6656/3533
f 3937/6642/3534 3965/6655/3534 3962/6657/3534
f 3982/6658/6967 3972/6688/6967 3987/6659/6967
f 3978/6661/6968 3976/8627/6968 3988/6662/6968
f 3992/6664/6969 3984/8628/6969 3974/6665/6969
f 3990/6667/6970 3980/6681/6970 3970/6668/6970
f 3981/6670/3539 3971/6708/3539 4003/6671/3539
f 3985/6673/6971 3982/6658/6971 3970/6674/6971
f 3985/6673/6972 3980/6675/6972 3974/6676/6972
f 3981/6670/3542 4008/6672/3542 4002/6678/3542
f 3989/6680/6973 3974/8629/6973 3980/6681/6973
f 3972/6682/6974 3978/6661/6974 3991/6663/6974
f 3973/6684/6975 4004/8630/6975 4009/6685/6975
f 3976/6687/6976 3978/6689/6976 3985/6673/6976
f 3972/6688/6977 3982/6658/6977 3985/6673/6977
f 3971/6690/3548 3977/6710/3548 4006/6691/3548
f 3976/6693/6978 3984/8628/6978 3992/6664/6978
f 3986/6695/6979 3970/6674/6979 3982/6658/6979
f 4001/6696/6980 3986/6695/6980 3993/6660/6980
f 3988/6694/6981 3992/6664/6981 3999/6698/6981
f 3987/6683/6982 3991/6663/6982 3998/6700/6982
f 3996/6702/6983 3989/6680/6983 3990/6667/6983
f 3997/6703/6984 3990/6667/6984 3986/6669/6984
f 3999/6698/6985 3992/6664/6985 3989/6666/6985
f 3991/6663/6986 3988/6662/6986 3995/6706/6986
f 3993/6660/6987 3987/6659/6987 3994/6707/6987
f 4000/6697/6988 3994/6707/6988 3971/6708/6988
f 3998/6700/6989 3995/6706/6989 3975/6709/6989
f 3983/6686/6990 3999/6698/6990 3996/6705/6990
f 3979/6711/6991 3997/6703/6991 4001/6704/6991
f 3973/6713/6992 3996/6702/6992 3997/6703/6992
f 3994/6701/6993 3998/6700/6993 3977/6710/6993
f 3995/6699/6994 3999/6698/6994 3983/6686/6994
f 3969/6679/6995 4001/6696/6995 4000/6697/6995
f 4010/6715/6996 4009/8631/6996 4004/6716/6996
f 4010/6715/3567 4007/6717/3567 4002/6718/3567
f 4003/6720/6996 4006/6722/6996 4010/6715/6996
f 4005/6721/6996 4009/8631/6996 4010/6715/6996
f 3975/6714/3568 3983/6686/3568 4009/6685/3568
f 3969/6712/3569 4002/8632/3569 4007/6724/3569
f 3977/6710/3570 3975/6709/3570 4005/6725/3570
f 3979/6711/6997 4007/6724/6997 4004/6726/6997
f 4024/6727/6998 4014/6757/6998 4029/6728/6998
f 4020/6730/6999 4018/8633/6999 4030/6731/6999
f 4034/6733/7000 4026/8634/7000 4016/6734/7000
f 4032/6736/7001 4022/6750/7001 4012/6737/7001
f 4023/6739/3421 4013/6777/3421 4045/6740/3421
f 4027/6742/7002 4024/6727/7002 4012/6743/7002
f 4027/6742/3573 4022/6744/3573 4016/6745/3573
f 4023/6739/7003 4050/6741/7003 4044/6747/7003
f 4031/6749/6876 4016/8635/6876 4022/6750/6876
f 4014/6751/6877 4020/6730/6877 4033/6732/6877
f 4015/6753/3427 4046/8636/3427 4051/6754/3427
f 4018/6756/6878 4020/6758/6878 4027/6742/6878
f 4014/6757/3579 4024/6727/3579 4027/6742/3579
f 4013/6759/3430 4019/6779/3430 4048/6760/3430
f 4018/6762/7004 4026/8634/7004 4034/6733/7004
f 4028/6764/7005 4012/6743/7005 4024/6727/7005
f 4043/6765/6881 4028/6764/6881 4035/6729/6881
f 4030/6763/7006 4034/6733/7006 4041/6767/7006
f 4029/6752/7007 4033/6732/7007 4040/6769/7007
f 4038/6771/7008 4031/6749/7008 4032/6736/7008
f 4039/6772/6885 4032/6736/6885 4028/6738/6885
f 4041/6767/7009 4034/6733/7009 4031/6735/7009
f 4033/6732/7010 4030/6731/7010 4037/6775/7010
f 4035/6729/6888 4029/6728/6888 4036/6776/6888
f 4042/6766/6889 4036/6776/6889 4013/6777/6889
f 4040/6769/6890 4037/6775/6890 4017/6778/6890
f 4025/6755/6891 4041/6767/6891 4038/6774/6891
f 4021/6780/6892 4039/6772/6892 4043/6773/6892
f 4015/6782/6893 4038/6771/6893 4039/6772/6893
f 4036/6770/6894 4040/6769/6894 4019/6779/6894
f 4037/6768/6895 4041/6767/6895 4025/6755/6895
f 4011/6748/6896 4043/6765/6896 4042/6766/6896
f 4052/6784/3449 4051/8637/3449 4046/6785/3449
f 4052/6784/3449 4049/6786/3449 4044/6787/3449
f 4045/6789/3583 4048/6791/3583 4052/6784/3583
f 4047/6790/3449 4051/8637/3449 4052/6784/3449
f 4017/6783/7011 4025/6755/7011 4051/6754/7011
f 4011/6781/7012 4044/8638/7012 4049/6793/7012
f 4019/6779/3452 4017/6778/3452 4047/6794/3452
f 4021/6780/3453 4049/6793/3453 4046/6795/3453
f 4066/6796/7013 4056/6826/7013 4071/6797/7013
f 4062/6799/7014 4060/8639/7014 4072/6800/7014
f 4076/6802/7015 4068/8640/7015 4058/6803/7015
f 4074/6805/7016 4064/6819/7016 4054/6806/7016
f 4065/6808/3588 4055/6846/3588 4087/6809/3588
f 4069/6811/7017 4066/6796/7017 4054/6812/7017
f 4069/6811/7018 4064/6813/7018 4058/6814/7018
f 4065/6808/3591 4092/6810/3591 4086/6816/3591
f 4073/6818/7019 4058/8641/7019 4064/6819/7019
f 4056/6820/7020 4062/6799/7020 4075/6801/7020
f 4057/6822/3594 4088/8642/3594 4093/6823/3594
f 4060/6825/3596 4062/6827/3596 4069/6811/3596
f 4056/6826/7021 4066/6796/7021 4069/6811/7021
f 4055/6828/3597 4061/6848/3597 4090/6829/3597
f 4060/6831/7022 4068/8640/7022 4076/6802/7022
f 4070/6833/7023 4054/6812/7023 4066/6796/7023
f 4085/6834/7024 4070/6833/7024 4077/6798/7024
f 4072/6832/7025 4076/6802/7025 4083/6836/7025
f 4071/6821/7026 4075/6801/7026 4082/6838/7026
f 4080/6840/7027 4073/6818/7027 4074/6805/7027
f 4081/6841/7028 4074/6805/7028 4070/6807/7028
f 4083/6836/7029 4076/6802/7029 4073/6804/7029
f 4075/6801/7030 4072/6800/7030 4079/6844/7030
f 4077/6798/7031 4071/6797/7031 4078/6845/7031
f 4084/6835/7032 4078/6845/7032 4055/6846/7032
f 4082/6838/7033 4079/6844/7033 4059/6847/7033
f 4067/6824/7034 4083/6836/7034 4080/6843/7034
f 4063/6849/7035 4081/6841/7035 4085/6842/7035
f 4057/6851/7036 4080/6840/7036 4081/6841/7036
f 4078/6839/7037 4082/6838/7037 4061/6848/7037
f 4079/6837/7038 4083/6836/7038 4067/6824/7038
f 4053/6817/7039 4085/6834/7039 4084/6835/7039
f 4094/6853/3616 4093/8643/3616 4088/6854/3616
f 4094/6853/3616 4091/6855/3616 4086/6856/3616
f 4087/6858/3616 4090/6860/3616 4094/6853/3616
f 4089/6859/3616 4093/8643/3616 4094/6853/3616
f 4059/6852/3617 4067/6824/3617 4093/6823/3617
f 4053/6850/3618 4086/8644/3618 4091/6862/3618
f 4061/6848/7040 4059/6847/7040 4089/6863/7040
f 4063/6849/3620 4091/6862/3620 4088/6864/3620
f 4108/6865/7041 4098/6895/7041 4113/6866/7041
f 4104/6868/6302 4102/8645/6302 4114/6869/6302
f 4118/6871/7042 4110/8646/7042 4100/6872/7042
f 4116/6874/7043 4106/6888/7043 4096/6875/7043
f 4107/6877/2718 4097/6915/2718 4129/6878/2718
f 4111/6880/7044 4108/6865/7044 4096/6881/7044
f 4111/6880/7045 4106/6882/7045 4100/6883/7045
f 4107/6877/2721 4134/6879/2721 4128/6885/2721
f 4115/6887/7046 4100/8647/7046 4106/6888/7046
f 4098/6889/7047 4104/6868/7047 4117/6870/7047
f 4099/6891/2724 4130/8648/2724 4135/6892/2724
f 4102/6894/7048 4104/6896/7048 4111/6880/7048
f 4098/6895/7045 4108/6865/7045 4111/6880/7045
f 4097/6897/2726 4103/6917/2726 4132/6898/2726
f 4102/6900/7049 4110/8646/7049 4118/6871/7049
f 4112/6902/7050 4096/6881/7050 4108/6865/7050
f 4127/6903/7051 4112/6902/7051 4119/6867/7051
f 4114/6901/6313 4118/6871/6313 4125/6905/6313
f 4113/6890/6314 4117/6870/6314 4124/6907/6314
f 4122/6909/6315 4115/6887/6315 4116/6874/6315
f 4123/6910/6316 4116/6874/6316 4112/6876/6316
f 4125/6905/7052 4118/6871/7052 4115/6873/7052
f 4117/6870/6318 4114/6869/6318 4121/6913/6318
f 4119/6867/7053 4113/6866/7053 4120/6914/7053
f 4126/6904/6320 4120/6914/6320 4097/6915/6320
f 4124/6907/6321 4121/6913/6321 4101/6916/6321
f 4109/6893/6322 4125/6905/6322 4122/6912/6322
f 4105/6918/7054 4123/6910/7054 4127/6911/7054
f 4099/6920/6324 4122/6909/6324 4123/6910/6324
f 4120/6908/6325 4124/6907/6325 4103/6917/6325
f 4121/6906/6326 4125/6905/6326 4109/6893/6326
f 4095/6886/6327 4127/6903/6327 4126/6904/6327
f 4136/6922/2745 4135/8649/2745 4130/6923/2745
f 4136/6922/2745 4133/6924/2745 4128/6925/2745
f 4129/6927/2745 4132/6929/2745 4136/6922/2745
f 4131/6928/2745 4135/8649/2745 4136/6922/2745
f 4101/6921/6328 4109/6893/6328 4135/6892/6328
f 4095/6919/2747 4128/8650/2747 4133/6931/2747
f 4103/6917/2748 4101/6916/2748 4131/6932/2748
f 4105/6918/2749 4133/6931/2749 4130/6933/2749
f 4150/6934/7055 4140/6964/7055 4155/6935/7055
f 4146/6937/7056 4144/8651/7056 4156/6938/7056
f 4160/6940/7057 4152/8652/7057 4142/6941/7057
f 4158/6943/7058 4148/6957/7058 4138/6944/7058
f 4149/6946/2754 4139/6984/2754 4171/6947/2754
f 4153/6949/7059 4150/6934/7059 4138/6950/7059
f 4153/6949/7060 4148/6951/7060 4142/6952/7060
f 4149/6946/2757 4176/6948/2757 4170/6954/2757
f 4157/6956/7061 4142/8653/7061 4148/6957/7061
f 4140/6958/7062 4146/6937/7062 4159/6939/7062
f 4141/6960/2760 4172/8654/2760 4177/6961/2760
f 4144/6963/7063 4146/6965/7063 4153/6949/7063
f 4140/6964/2755 4150/6934/2755 4153/6949/2755
f 4139/6966/2763 4145/6986/2763 4174/6967/2763
f 4144/6969/7064 4152/8652/7064 4160/6940/7064
f 4154/6971/7065 4138/6950/7065 4150/6934/7065
f 4169/6972/6341 4154/6971/6341 4161/6936/6341
f 4156/6970/7066 4160/6940/7066 4167/6974/7066
f 4155/6959/6343 4159/6939/6343 4166/6976/6343
f 4164/6978/7067 4157/6956/7067 4158/6943/7067
f 4165/6979/6345 4158/6943/6345 4154/6945/6345
f 4167/6974/6346 4160/6940/6346 4157/6942/6346
f 4159/6939/6347 4156/6938/6347 4163/6982/6347
f 4161/6936/7068 4155/6935/7068 4162/6983/7068
f 4168/6973/6349 4162/6983/6349 4139/6984/6349
f 4166/6976/6350 4163/6982/6350 4143/6985/6350
f 4151/6962/6351 4167/6974/6351 4164/6981/6351
f 4147/6987/6352 4165/6979/6352 4169/6980/6352
f 4141/6989/6353 4164/6978/6353 4165/6979/6353
f 4162/6977/6354 4166/6976/6354 4145/6986/6354
f 4163/6975/7069 4167/6974/7069 4151/6962/7069
f 4137/6955/7070 4169/6972/7070 4168/6973/7070
f 4178/6991/2782 4177/8655/2782 4172/6992/2782
f 4178/6991/2782 4175/6993/2782 4170/6994/2782
f 4171/6996/2782 4174/6998/2782 4178/6991/2782
f 4173/6997/2782 4177/8655/2782 4178/6991/2782
f 4143/6990/2783 4151/6962/2783 4177/6961/2783
f 4137/6988/2784 4170/8656/2784 4175/7000/2784
f 4145/6986/2785 4143/6985/2785 4173/7001/2785
f 4147/6987/2786 4175/7000/2786 4172/7002/2786
f 4192/7003/7071 4182/7033/7071 4197/7004/7071
f 4188/7006/7072 4186/8657/7072 4198/7007/7072
f 4202/7009/7073 4194/8658/7073 4184/7010/7073
f 4200/7012/7074 4190/7026/7074 4180/7013/7074
f 4191/7015/2791 4181/7053/2791 4213/7016/2791
f 4195/7018/6364 4192/7003/6364 4180/7019/6364
f 4195/7018/7075 4190/7020/7075 4184/7021/7075
f 4191/7015/2793 4218/7017/2793 4212/7023/2793
f 4199/7025/7076 4184/8659/7076 4190/7026/7076
f 4182/7027/7077 4188/7006/7077 4201/7008/7077
f 4183/7029/2796 4214/8660/2796 4219/7030/2796
f 4186/7032/7078 4188/7034/7078 4195/7018/7078
f 4182/7033/6364 4192/7003/6364 4195/7018/6364
f 4181/7035/6365 4187/7055/6365 4216/7036/6365
f 4186/7038/7079 4194/8658/7079 4202/7009/7079
f 4196/7040/7080 4180/7019/7080 4192/7003/7080
f 4211/7041/7081 4196/7040/7081 4203/7005/7081
f 4198/7039/7082 4202/7009/7082 4209/7043/7082
f 4197/7028/7083 4201/7008/7083 4208/7045/7083
f 4206/7047/6371 4199/7025/6371 4200/7012/6371
f 4207/7048/6372 4200/7012/6372 4196/7014/6372
f 4209/7043/7084 4202/7009/7084 4199/7011/7084
f 4201/7008/6374 4198/7007/6374 4205/7051/6374
f 4203/7005/7085 4197/7004/7085 4204/7052/7085
f 4210/7042/6376 4204/7052/6376 4181/7053/6376
f 4208/7045/6377 4205/7051/6377 4185/7054/6377
f 4193/7031/6378 4209/7043/6378 4206/7050/6378
f 4189/7056/6379 4207/7048/6379 4211/7049/6379
f 4183/7058/6380 4206/7047/6380 4207/7048/6380
f 4204/7046/6381 4208/7045/6381 4187/7055/6381
f 4205/7044/6382 4209/7043/6382 4193/7031/6382
f 4179/7024/6383 4211/7041/6383 4210/7042/6383
f 4220/7060/2818 4219/8661/2818 4214/7061/2818
f 4220/7060/2818 4217/7062/2818 4212/7063/2818
f 4213/7065/2818 4216/7067/2818 4220/7060/2818
f 4215/7066/2818 4219/8661/2818 4220/7060/2818
f 4185/7059/2819 4193/7031/2819 4219/7030/2819
f 4179/7057/2820 4212/8662/2820 4217/7069/2820
f 4187/7055/6384 4185/7054/6384 4215/7070/6384
f 4189/7056/2822 4217/7069/2822 4214/7071/2822
f 4234/7072/7086 4224/7102/7086 4239/7073/7086
f 4230/7075/7087 4228/8663/7087 4240/7076/7087
f 4244/7078/7088 4236/8664/7088 4226/7079/7088
f 4242/7081/7089 4232/7095/7089 4222/7082/7089
f 4233/7084/7090 4223/7122/7090 4255/7085/7090
f 4237/7087/2762 4234/7072/2762 4222/7088/2762
f 4237/7087/7091 4232/7089/7091 4226/7090/7091
f 4233/7084/2757 4260/7086/2757 4254/7092/2757
f 4241/7094/7092 4226/8665/7092 4232/7095/7092
f 4224/7096/7093 4230/7075/7093 4243/7077/7093
f 4225/7098/2760 4256/8666/2760 4261/7099/2760
f 4228/7101/7094 4230/7103/7094 4237/7087/7094
f 4224/7102/7095 4234/7072/7095 4237/7087/7095
f 4223/7104/2763 4229/7124/2763 4258/7105/2763
f 4228/7107/7096 4236/8664/7096 4244/7078/7096
f 4238/7109/7097 4222/7088/7097 4234/7072/7097
f 4253/7110/6341 4238/7109/6341 4245/7074/6341
f 4240/7108/6342 4244/7078/6342 4251/7112/6342
f 4239/7097/6343 4243/7077/6343 4250/7114/6343
f 4248/7116/6344 4241/7094/6344 4242/7081/6344
f 4249/7117/6345 4242/7081/6345 4238/7083/6345
f 4251/7112/6346 4244/7078/6346 4241/7080/6346
f 4243/7077/6347 4240/7076/6347 4247/7120/6347
f 4245/7074/7068 4239/7073/7068 4246/7121/7068
f 4252/7111/6349 4246/7121/6349 4223/7122/6349
f 4250/7114/6350 4247/7120/6350 4227/7123/6350
f 4235/7100/6351 4251/7112/6351 4248/7119/6351
f 4231/7125/6352 4249/7117/6352 4253/7118/6352
f 4225/7127/6353 4248/7116/6353 4249/7117/6353
f 4246/7115/6354 4250/7114/6354 4229/7124/6354
f 4247/7113/6355 4251/7112/6355 4235/7100/6355
f 4221/7093/7070 4253/7110/7070 4252/7111/7070
f 4262/7129/2782 4261/8667/2782 4256/7130/2782
f 4262/7129/2782 4259/7131/2782 4254/7132/2782
f 4255/7134/2782 4258/7136/2782 4262/7129/2782
f 4257/7135/2782 4261/8667/2782 4262/7129/2782
f 4227/7128/2783 4235/7100/2783 4261/7099/2783
f 4221/7126/2784 4254/8668/2784 4259/7138/2784
f 4229/7124/2785 4227/7123/2785 4257/7139/2785
f 4231/7125/2786 4259/7138/2786 4256/7140/2786
f 4276/7141/7098 4266/7171/7098 4281/7142/7098
f 4272/7144/7099 4270/8669/7099 4282/7145/7099
f 4286/7147/7100 4278/8670/7100 4268/7148/7100
f 4284/7150/7101 4274/7164/7101 4264/7151/7101
f 4275/7153/2827 4265/7191/2827 4297/7154/2827
f 4279/7156/7102 4276/7141/7102 4264/7157/7102
f 4279/7156/6391 4274/7158/6391 4268/7159/6391
f 4275/7153/2830 4302/7155/2830 4296/7161/2830
f 4283/7163/7103 4268/8671/7103 4274/7164/7103
f 4266/7165/7104 4272/7144/7104 4285/7146/7104
f 4267/7167/2833 4298/8672/2833 4303/7168/2833
f 4270/7170/3659 4272/7172/3659 4279/7156/3659
f 4266/7171/7105 4276/7141/7105 4279/7156/7105
f 4265/7173/2836 4271/7193/2836 4300/7174/2836
f 4270/7176/6395 4278/8670/6395 4286/7147/6395
f 4280/7178/7106 4264/7157/7106 4276/7141/7106
f 4295/7179/6397 4280/7178/6397 4287/7143/6397
f 4282/7177/6398 4286/7147/6398 4293/7181/6398
f 4281/7166/6399 4285/7146/6399 4292/7183/6399
f 4290/7185/6400 4283/7163/6400 4284/7150/6400
f 4291/7186/6401 4284/7150/6401 4280/7152/6401
f 4293/7181/6402 4286/7147/6402 4283/7149/6402
f 4285/7146/6403 4282/7145/6403 4289/7189/6403
f 4287/7143/6404 4281/7142/6404 4288/7190/6404
f 4294/7180/6405 4288/7190/6405 4265/7191/6405
f 4292/7183/6406 4289/7189/6406 4269/7192/6406
f 4277/7169/6407 4293/7181/6407 4290/7188/6407
f 4273/7194/6408 4291/7186/6408 4295/7187/6408
f 4267/7196/7107 4290/7185/7107 4291/7186/7107
f 4288/7184/6410 4292/7183/6410 4271/7193/6410
f 4289/7182/6411 4293/7181/6411 4277/7169/6411
f 4263/7162/6412 4295/7179/6412 4294/7180/6412
f 4304/7198/2855 4303/8673/2855 4298/7199/2855
f 4304/7198/2855 4301/7200/2855 4296/7201/2855
f 4297/7203/2855 4300/7205/2855 4304/7198/2855
f 4299/7204/2855 4303/8673/2855 4304/7198/2855
f 4269/7197/2856 4277/7169/2856 4303/7168/2856
f 4263/7195/6413 4296/8674/6413 4301/7207/6413
f 4271/7193/2858 4269/7192/2858 4299/7208/2858
f 4273/7194/2859 4301/7207/2859 4298/7209/2859
f 4318/7210/7108 4308/7240/7108 4323/7211/7108
f 4314/7213/7109 4312/8675/7109 4324/7214/7109
f 4328/7216/7110 4320/8676/7110 4310/7217/7110
f 4326/7219/7111 4316/7233/7111 4306/7220/7111
f 4317/7222/3671 4307/7260/3671 4339/7223/3671
f 4321/7225/7112 4318/7210/7112 4306/7226/7112
f 4321/7225/7113 4316/7227/7113 4310/7228/7113
f 4317/7222/7114 4344/7224/7114 4338/7230/7114
f 4325/7232/7115 4310/8677/7115 4316/7233/7115
f 4308/7234/7116 4314/7213/7116 4327/7215/7116
f 4309/7236/3677 4340/8678/3677 4345/7237/3677
f 4312/7239/7117 4314/7241/7117 4321/7225/7117
f 4308/7240/7113 4318/7210/7113 4321/7225/7113
f 4307/7242/3680 4313/7262/3680 4342/7243/3680
f 4312/7245/7118 4320/8676/7118 4328/7216/7118
f 4322/7247/7119 4306/7226/7119 4318/7210/7119
f 4337/7248/7120 4322/7247/7120 4329/7212/7120
f 4324/7246/7121 4328/7216/7121 4335/7250/7121
f 4323/7235/7122 4327/7215/7122 4334/7252/7122
f 4332/7254/7123 4325/7232/7123 4326/7219/7123
f 4333/7255/7124 4326/7219/7124 4322/7221/7124
f 4335/7250/7125 4328/7216/7125 4325/7218/7125
f 4327/7215/7126 4324/7214/7126 4331/7258/7126
f 4329/7212/7127 4323/7211/7127 4330/7259/7127
f 4336/7249/7128 4330/7259/7128 4307/7260/7128
f 4334/7252/7129 4331/7258/7129 4311/7261/7129
f 4319/7238/7130 4335/7250/7130 4332/7257/7130
f 4315/7263/7131 4333/7255/7131 4337/7256/7131
f 4309/7265/7132 4332/7254/7132 4333/7255/7132
f 4330/7253/7133 4334/7252/7133 4313/7262/7133
f 4331/7251/7134 4335/7250/7134 4319/7238/7134
f 4305/7231/7135 4337/7248/7135 4336/7249/7135
f 4346/7267/3699 4345/8679/3699 4340/7268/3699
f 4346/7267/3699 4343/7269/3699 4338/7270/3699
f 4339/7272/3699 4342/7274/3699 4346/7267/3699
f 4341/7273/3699 4345/8679/3699 4346/7267/3699
f 4311/7266/3700 4319/7238/3700 4345/7237/3700
f 4305/7264/3701 4338/8680/3701 4343/7276/3701
f 4313/7262/3702 4311/7261/3702 4341/7277/3702
f 4315/7263/3703 4343/7276/3703 4340/7278/3703
f 4360/7279/6591 4350/7309/6591 4365/7280/6591
f 4356/7282/7136 4354/8681/7136 4366/7283/7136
f 4370/7285/7137 4362/8682/7137 4352/7286/7137
f 4368/7288/7138 4358/7302/7138 4348/7289/7138
f 4359/7291/3087 4349/7329/3087 4381/7292/3087
f 4363/7294/7139 4360/7279/7139 4348/7295/7139
f 4363/7294/7139 4358/7296/7139 4352/7297/7139
f 4359/7291/3090 4386/7293/3090 4380/7299/3090
f 4367/7301/7140 4352/8683/7140 4358/7302/7140
f 4350/7303/7141 4356/7282/7141 4369/7284/7141
f 4351/7305/3093 4382/8684/3093 4387/7306/3093
f 4354/7308/3088 4356/7310/3088 4363/7294/3088
f 4350/7309/3709 4360/7279/3709 4363/7294/3709
f 4349/7311/3096 4355/7331/3096 4384/7312/3096
f 4354/7314/7142 4362/8682/7142 4370/7285/7142
f 4364/7316/7143 4348/7295/7143 4360/7279/7143
f 4379/7317/6600 4364/7316/6600 4371/7281/6600
f 4366/7315/6601 4370/7285/6601 4377/7319/6601
f 4365/7304/6602 4369/7284/6602 4376/7321/6602
f 4374/7323/6603 4367/7301/6603 4368/7288/6603
f 4375/7324/6604 4368/7288/6604 4364/7290/6604
f 4377/7319/7144 4370/7285/7144 4367/7287/7144
f 4369/7284/6606 4366/7283/6606 4373/7327/6606
f 4371/7281/6607 4365/7280/6607 4372/7328/6607
f 4378/7318/6608 4372/7328/6608 4349/7329/6608
f 4376/7321/7145 4373/7327/7145 4353/7330/7145
f 4361/7307/6610 4377/7319/6610 4374/7326/6610
f 4357/7332/7146 4375/7324/7146 4379/7325/7146
f 4351/7334/6612 4374/7323/6612 4375/7324/6612
f 4372/7322/6613 4376/7321/6613 4355/7331/6613
f 4373/7320/6614 4377/7319/6614 4361/7307/6614
f 4347/7300/6615 4379/7317/6615 4378/7318/6615
f 4388/7336/3115 4387/8685/3115 4382/7337/3115
f 4388/7336/3115 4385/7338/3115 4380/7339/3115
f 4381/7341/3115 4384/7343/3115 4388/7336/3115
f 4383/7342/3115 4387/8685/3115 4388/7336/3115
f 4353/7335/3116 4361/7307/3116 4387/7306/3116
f 4347/7333/3117 4380/8686/3117 4385/7345/3117
f 4355/7331/3118 4353/7330/3118 4383/7346/3118
f 4357/7332/3119 4385/7345/3119 4382/7347/3119
f 4402/7348/7147 4392/7378/7147 4407/7349/7147
f 4398/7351/7148 4396/8687/7148 4408/7352/7148
f 4412/7354/7149 4404/8688/7149 4394/7355/7149
f 4410/7357/7150 4400/7371/7150 4390/7358/7150
f 4401/7360/3715 4391/7398/3715 4423/7361/3715
f 4405/7363/6623 4402/7348/6623 4390/7364/6623
f 4405/7363/7151 4400/7365/7151 4394/7366/7151
f 4401/7360/3127 4428/7362/3127 4422/7368/3127
f 4409/7370/7152 4394/8689/7152 4400/7371/7152
f 4392/7372/7153 4398/7351/7153 4411/7353/7153
f 4393/7374/3130 4424/8690/3130 4429/7375/3130
f 4396/7377/3737 4398/7379/3737 4405/7363/3737
f 4392/7378/7154 4402/7348/7154 4405/7363/7154
f 4391/7380/3132 4397/7400/3132 4426/7381/3132
f 4396/7383/7155 4404/8688/7155 4412/7354/7155
f 4406/7385/7156 4390/7364/7156 4402/7348/7156
f 4421/7386/6627 4406/7385/6627 4413/7350/6627
f 4408/7384/6628 4412/7354/6628 4419/7388/6628
f 4407/7373/6629 4411/7353/6629 4418/7390/6629
f 4416/7392/6630 4409/7370/6630 4410/7357/6630
f 4417/7393/6631 4410/7357/6631 4406/7359/6631
f 4419/7388/6632 4412/7354/6632 4409/7356/6632
f 4411/7353/7157 4408/7352/7157 4415/7396/7157
f 4413/7350/6634 4407/7349/6634 4414/7397/6634
f 4420/7387/6635 4414/7397/6635 4391/7398/6635
f 4418/7390/6636 4415/7396/6636 4395/7399/6636
f 4403/7376/6637 4419/7388/6637 4416/7395/6637
f 4399/7401/7158 4417/7393/7158 4421/7394/7158
f 4393/7403/6639 4416/7392/6639 4417/7393/6639
f 4414/7391/6640 4418/7390/6640 4397/7400/6640
f 4415/7389/6641 4419/7388/6641 4403/7376/6641
f 4389/7369/6642 4421/7386/6642 4420/7387/6642
f 4430/7405/3152 4429/8691/3152 4424/7406/3152
f 4430/7405/3152 4427/7407/3152 4422/7408/3152
f 4423/7410/3152 4426/7412/3152 4430/7405/3152
f 4425/7411/3151 4429/8691/3151 4430/7405/3151
f 4395/7404/3153 4403/7376/3153 4429/7375/3153
f 4389/7402/3744 4422/8692/3744 4427/7414/3744
f 4397/7400/3155 4395/7399/3155 4425/7415/3155
f 4399/7401/3156 4427/7414/3156 4424/7416/3156
f 4444/7417/7159 4434/7447/7159 4449/7418/7159
f 4440/7420/7160 4438/8693/7160 4450/7421/7160
f 4454/7423/6565 4446/8694/6565 4436/7424/6565
f 4452/7426/7161 4442/7440/7161 4432/7427/7161
f 4443/7429/3050 4433/7467/3050 4465/7430/3050
f 4447/7432/7162 4444/7417/7162 4432/7433/7162
f 4447/7432/7163 4442/7434/7163 4436/7435/7163
f 4443/7429/3053 4470/7431/3053 4464/7437/3053
f 4451/7439/7164 4436/8695/7164 4442/7440/7164
f 4434/7441/7165 4440/7420/7165 4453/7422/7165
f 4435/7443/3056 4466/8696/3056 4471/7444/3056
f 4438/7446/3058 4440/7448/3058 4447/7432/3058
f 4434/7447/7166 4444/7417/7166 4447/7432/7166
f 4433/7449/7167 4439/7469/7167 4468/7450/7167
f 4438/7452/7168 4446/8694/7168 4454/7423/7168
f 4448/7454/7169 4432/7433/7169 4444/7417/7169
f 4463/7455/6574 4448/7454/6574 4455/7419/6574
f 4450/7453/7170 4454/7423/7170 4461/7457/7170
f 4449/7442/6576 4453/7422/6576 4460/7459/6576
f 4458/7461/6577 4451/7439/6577 4452/7426/6577
f 4459/7462/6578 4452/7426/6578 4448/7428/6578
f 4461/7457/6579 4454/7423/6579 4451/7425/6579
f 4453/7422/6580 4450/7421/6580 4457/7465/6580
f 4455/7419/6581 4449/7418/6581 4456/7466/6581
f 4462/7456/6582 4456/7466/6582 4433/7467/6582
f 4460/7459/7171 4457/7465/7171 4437/7468/7171
f 4445/7445/6584 4461/7457/6584 4458/7464/6584
f 4441/7470/6585 4459/7462/6585 4463/7463/6585
f 4435/7472/6586 4458/7461/6586 4459/7462/6586
f 4456/7460/6587 4460/7459/6587 4439/7469/6587
f 4457/7458/6588 4461/7457/6588 4445/7445/6588
f 4431/7438/6589 4463/7455/6589 4462/7456/6589
f 4472/7474/3078 4471/8697/3078 4466/7475/3078
f 4472/7474/3078 4469/7476/3078 4464/7477/3078
f 4465/7479/3078 4468/7481/3078 4472/7474/3078
f 4467/7480/3078 4471/8697/3078 4472/7474/3078
f 4437/7473/3079 4445/7445/3079 4471/7444/3079
f 4431/7471/3080 4464/8698/3080 4469/7483/3080
f 4439/7469/3081 4437/7468/3081 4467/7484/3081
f 4441/7470/3082 4469/7483/3082 4466/7485/3082
f 4486/7486/7172 4476/7516/7172 4491/7487/7172
f 4482/7489/7173 4480/8699/7173 4492/7490/7173
f 4496/7492/7174 4488/8700/7174 4478/7493/7174
f 4494/7495/7175 4484/7509/7175 4474/7496/7175
f 4485/7498/3715 4475/7536/3715 4507/7499/3715
f 4489/7501/3737 4486/7486/3737 4474/7502/3737
f 4489/7501/7151 4484/7503/7151 4478/7504/7151
f 4485/7498/3127 4512/7500/3127 4506/7506/3127
f 4493/7508/7176 4478/8701/7176 4484/7509/7176
f 4476/7510/7177 4482/7489/7177 4495/7491/7177
f 4477/7512/3130 4508/8702/3130 4513/7513/3130
f 4480/7515/7178 4482/7517/7178 4489/7501/7178
f 4476/7516/3720 4486/7486/3720 4489/7501/3720
f 4475/7518/3132 4481/7538/3132 4510/7519/3132
f 4480/7521/7179 4488/8700/7179 4496/7492/7179
f 4490/7523/6626 4474/7502/6626 4486/7486/6626
f 4505/7524/6627 4490/7523/6627 4497/7488/6627
f 4492/7522/6628 4496/7492/6628 4503/7526/6628
f 4491/7511/6629 4495/7491/6629 4502/7528/6629
f 4500/7530/6630 4493/7508/6630 4494/7495/6630
f 4501/7531/6631 4494/7495/6631 4490/7497/6631
f 4503/7526/6632 4496/7492/6632 4493/7494/6632
f 4495/7491/7157 4492/7490/7157 4499/7534/7157
f 4497/7488/6634 4491/7487/6634 4498/7535/6634
f 4504/7525/6635 4498/7535/6635 4475/7536/6635
f 4502/7528/6636 4499/7534/6636 4479/7537/6636
f 4487/7514/6637 4503/7526/6637 4500/7533/6637
f 4483/7539/6638 4501/7531/6638 4505/7532/6638
f 4477/7541/7180 4500/7530/7180 4501/7531/7180
f 4498/7529/6640 4502/7528/6640 4481/7538/6640
f 4499/7527/6641 4503/7526/6641 4487/7514/6641
f 4473/7507/6642 4505/7524/6642 4504/7525/6642
f 4514/7543/3151 4513/8703/3151 4508/7544/3151
f 4514/7543/3152 4511/7545/3152 4506/7546/3152
f 4507/7548/3152 4510/7550/3152 4514/7543/3152
f 4509/7549/3151 4513/8703/3151 4514/7543/3151
f 4479/7542/3153 4487/7514/3153 4513/7513/3153
f 4473/7540/3744 4506/8704/3744 4511/7552/3744
f 4481/7538/3155 4479/7537/3155 4509/7553/3155
f 4483/7539/3156 4511/7552/3156 4508/7554/3156
f 4528/7555/7181 4518/7585/7181 4533/7556/7181
f 4524/7558/7182 4522/8705/7182 4534/7559/7182
f 4538/7561/7183 4530/8706/7183 4520/7562/7183
f 4536/7564/7184 4526/7578/7184 4516/7565/7184
f 4527/7567/3715 4517/7605/3715 4549/7568/3715
f 4531/7570/7185 4528/7555/7185 4516/7571/7185
f 4531/7570/7186 4526/7572/7186 4520/7573/7186
f 4527/7567/3748 4554/7569/3748 4548/7575/3748
f 4535/7577/7187 4520/8707/7187 4526/7578/7187
f 4518/7579/7188 4524/7558/7188 4537/7560/7188
f 4519/7581/3130 4550/8708/3130 4555/7582/3130
f 4522/7584/6623 4524/7586/6623 4531/7570/6623
f 4518/7585/7189 4528/7555/7189 4531/7570/7189
f 4517/7587/3132 4523/7607/3132 4552/7588/3132
f 4522/7590/7190 4530/8706/7190 4538/7561/7190
f 4532/7592/7191 4516/7571/7191 4528/7555/7191
f 4547/7593/6627 4532/7592/6627 4539/7557/6627
f 4534/7591/7192 4538/7561/7192 4545/7595/7192
f 4533/7580/6629 4537/7560/6629 4544/7597/6629
f 4542/7599/6630 4535/7577/6630 4536/7564/6630
f 4543/7600/6631 4536/7564/6631 4532/7566/6631
f 4545/7595/6632 4538/7561/6632 4535/7563/6632
f 4537/7560/7193 4534/7559/7193 4541/7603/7193
f 4539/7557/6634 4533/7556/6634 4540/7604/6634
f 4546/7594/6635 4540/7604/6635 4517/7605/6635
f 4544/7597/6636 4541/7603/6636 4521/7606/6636
f 4529/7583/6637 4545/7595/6637 4542/7602/6637
f 4525/7608/6638 4543/7600/6638 4547/7601/6638
f 4519/7610/7180 4542/7599/7180 4543/7600/7180
f 4540/7598/6640 4544/7597/6640 4523/7607/6640
f 4541/7596/6641 4545/7595/6641 4529/7583/6641
f 4515/7576/6642 4547/7593/6642 4546/7594/6642
f 4556/7612/3152 4555/8709/3152 4550/7613/3152
f 4556/7612/3152 4553/7614/3152 4548/7615/3152
f 4549/7617/3151 4552/7619/3151 4556/7612/3151
f 4551/7618/3151 4555/8709/3151 4556/7612/3151
f 4521/7611/3153 4529/7583/3153 4555/7582/3153
f 4515/7609/3751 4548/8710/3751 4553/7621/3751
f 4523/7607/3155 4521/7606/3155 4551/7622/3155
f 4525/7608/3156 4553/7621/3156 4550/7623/3156
f 4570/7624/7194 4560/7654/7194 4575/7625/7194
f 4566/7627/7195 4564/8711/7195 4576/7628/7195
f 4580/7630/7196 4572/8712/7196 4562/7631/7196
f 4578/7633/7197 4568/7647/7197 4558/7634/7197
f 4569/7636/3756 4559/7674/3756 4591/7637/3756
f 4573/7639/7198 4570/7624/7198 4558/7640/7198
f 4573/7639/3763 4568/7641/3763 4562/7642/3763
f 4569/7636/3758 4596/7638/3758 4590/7644/3758
f 4577/7646/7199 4562/8713/7199 4568/7647/7199
f 4560/7648/7200 4566/7627/7200 4579/7629/7200
f 4561/7650/3761 4592/8714/3761 4597/7651/3761
f 4564/7653/3763 4566/7655/3763 4573/7639/3763
f 4560/7654/3763 4570/7624/3763 4573/7639/3763
f 4559/7656/3764 4565/7676/3764 4594/7657/3764
f 4564/7659/7201 4572/8712/7201 4580/7630/7201
f 4574/7661/7202 4558/7640/7202 4570/7624/7202
f 4589/7662/7203 4574/7661/7203 4581/7626/7203
f 4576/7660/7204 4580/7630/7204 4587/7664/7204
f 4575/7649/7205 4579/7629/7205 4586/7666/7205
f 4584/7668/7206 4577/7646/7206 4578/7633/7206
f 4585/7669/7207 4578/7633/7207 4574/7635/7207
f 4587/7664/7208 4580/7630/7208 4577/7632/7208
f 4579/7629/7209 4576/7628/7209 4583/7672/7209
f 4581/7626/7210 4575/7625/7210 4582/7673/7210
f 4588/7663/7211 4582/7673/7211 4559/7674/7211
f 4586/7666/7212 4583/7672/7212 4563/7675/7212
f 4571/7652/7213 4587/7664/7213 4584/7671/7213
f 4567/7677/7214 4585/7669/7214 4589/7670/7214
f 4561/7679/7215 4584/7668/7215 4585/7669/7215
f 4582/7667/7216 4586/7666/7216 4565/7676/7216
f 4583/7665/7217 4587/7664/7217 4571/7652/7217
f 4557/7645/7218 4589/7662/7218 4588/7663/7218
f 4598/7681/3783 4597/8715/3783 4592/7682/3783
f 4598/7681/3783 4595/7683/3783 4590/7684/3783
f 4591/7686/3783 4594/7688/3783 4598/7681/3783
f 4593/7687/3783 4597/8715/3783 4598/7681/3783
f 4563/7680/3784 4571/7652/3784 4597/7651/3784
f 4557/7678/3785 4590/8716/3785 4595/7690/3785
f 4565/7676/3786 4563/7675/3786 4593/7691/3786
f 4567/7677/3787 4595/7690/3787 4592/7692/3787
f 4612/7693/7219 4602/7723/7219 4617/7694/7219
f 4608/7696/7220 4606/8717/7220 4618/7697/7220
f 4622/7699/7221 4614/8718/7221 4604/7700/7221
f 4620/7702/7222 4610/7716/7222 4600/7703/7222
f 4611/7705/3792 4601/7743/3792 4633/7706/3792
f 4615/7708/7223 4612/7693/7223 4600/7709/7223
f 4615/7708/3793 4610/7710/3793 4604/7711/3793
f 4611/7705/3795 4638/7707/3795 4632/7713/3795
f 4619/7715/7224 4604/8719/7224 4610/7716/7224
f 4602/7717/7225 4608/7696/7225 4621/7698/7225
f 4603/7719/3798 4634/8720/3798 4639/7720/3798
f 4606/7722/3793 4608/7724/3793 4615/7708/3793
f 4602/7723/3793 4612/7693/3793 4615/7708/3793
f 4601/7725/3799 4607/7745/3799 4636/7726/3799
f 4606/7728/7226 4614/8718/7226 4622/7699/7226
f 4616/7730/7227 4600/7709/7227 4612/7693/7227
f 4631/7731/7228 4616/7730/7228 4623/7695/7228
f 4618/7729/7229 4622/7699/7229 4629/7733/7229
f 4617/7718/7230 4621/7698/7230 4628/7735/7230
f 4626/7737/7231 4619/7715/7231 4620/7702/7231
f 4627/7738/7232 4620/7702/7232 4616/7704/7232
f 4629/7733/7233 4622/7699/7233 4619/7701/7233
f 4621/7698/7234 4618/7697/7234 4625/7741/7234
f 4623/7695/7235 4617/7694/7235 4624/7742/7235
f 4630/7732/7236 4624/7742/7236 4601/7743/7236
f 4628/7735/7237 4625/7741/7237 4605/7744/7237
f 4613/7721/7238 4629/7733/7238 4626/7740/7238
f 4609/7746/7239 4627/7738/7239 4631/7739/7239
f 4603/7748/7240 4626/7737/7240 4627/7738/7240
f 4624/7736/7241 4628/7735/7241 4607/7745/7241
f 4625/7734/7242 4629/7733/7242 4613/7721/7242
f 4599/7714/7243 4631/7731/7243 4630/7732/7243
f 4640/7750/3818 4639/8721/3818 4634/7751/3818
f 4640/7750/3818 4637/7752/3818 4632/7753/3818
f 4633/7755/3818 4636/7757/3818 4640/7750/3818
f 4635/7756/3818 4639/8721/3818 4640/7750/3818
f 4605/7749/3819 4613/7721/3819 4639/7720/3819
f 4599/7747/3820 4632/8722/3820 4637/7759/3820
f 4607/7745/3821 4605/7744/3821 4635/7760/3821
f 4609/7746/3822 4637/7759/3822 4634/7761/3822
f 4654/7762/7244 4644/7792/7244 4659/7763/7244
f 4650/7765/7245 4648/8723/7245 4660/7766/7245
f 4664/7768/7246 4656/8724/7246 4646/7769/7246
f 4662/7771/7247 4652/7785/7247 4642/7772/7247
f 4653/7774/3827 4643/7812/3827 4675/7775/3827
f 4657/7777/7248 4654/7762/7248 4642/7778/7248
f 4657/7777/3828 4652/7779/3828 4646/7780/3828
f 4653/7774/3830 4680/7776/3830 4674/7782/3830
f 4661/7784/7249 4646/8725/7249 4652/7785/7249
f 4644/7786/7250 4650/7765/7250 4663/7767/7250
f 4645/7788/3833 4676/8726/3833 4681/7789/3833
f 4648/7791/3829 4650/7793/3829 4657/7777/3829
f 4644/7792/7251 4654/7762/7251 4657/7777/7251
f 4643/7794/3834 4649/7814/3834 4678/7795/3834
f 4648/7797/7252 4656/8724/7252 4664/7768/7252
f 4658/7799/7253 4642/7778/7253 4654/7762/7253
f 4673/7800/7254 4658/7799/7254 4665/7764/7254
f 4660/7798/7255 4664/7768/7255 4671/7802/7255
f 4659/7787/7256 4663/7767/7256 4670/7804/7256
f 4668/7806/7257 4661/7784/7257 4662/7771/7257
f 4669/7807/7258 4662/7771/7258 4658/7773/7258
f 4671/7802/7259 4664/7768/7259 4661/7770/7259
f 4663/7767/7260 4660/7766/7260 4667/7810/7260
f 4665/7764/7261 4659/7763/7261 4666/7811/7261
f 4672/7801/7262 4666/7811/7262 4643/7812/7262
f 4670/7804/7263 4667/7810/7263 4647/7813/7263
f 4655/7790/7264 4671/7802/7264 4668/7809/7264
f 4651/7815/7265 4669/7807/7265 4673/7808/7265
f 4645/7817/7266 4668/7806/7266 4669/7807/7266
f 4666/7805/7267 4670/7804/7267 4649/7814/7267
f 4667/7803/7268 4671/7802/7268 4655/7790/7268
f 4641/7783/7269 4673/7800/7269 4672/7801/7269
f 4682/7819/7270 4681/8727/7270 4676/7820/7270
f 4682/7819/7270 4679/7821/7270 4674/7822/7270
f 4675/7824/7270 4678/7826/7270 4682/7819/7270
f 4677/7825/7270 4681/8727/7270 4682/7819/7270
f 4647/7818/3854 4655/7790/3854 4681/7789/3854
f 4641/7816/3855 4674/8728/3855 4679/7828/3855
f 4649/7814/3856 4647/7813/3856 4677/7829/3856
f 4651/7815/3857 4679/7828/3857 4676/7830/3857
f 4696/7831/7271 4686/7861/7271 4701/7832/7271
f 4692/7834/7272 4690/8729/7272 4702/7835/7272
f 4706/7837/7273 4698/8730/7273 4688/7838/7273
f 4704/7840/7274 4694/7854/7274 4684/7841/7274
f 4695/7843/3862 4685/7881/3862 4717/7844/3862
f 4699/7846/7275 4696/7831/7275 4684/7847/7275
f 4699/7846/3870 4694/7848/3870 4688/7849/3870
f 4695/7843/3865 4722/7845/3865 4716/7851/3865
f 4703/7853/7276 4688/8731/7276 4694/7854/7276
f 4686/7855/7277 4692/7834/7277 4705/7836/7277
f 4687/7857/3868 4718/8732/3868 4723/7858/3868
f 4690/7860/7278 4692/7862/7278 4699/7846/7278
f 4686/7861/3870 4696/7831/3870 4699/7846/3870
f 4685/7863/3871 4691/7883/3871 4720/7864/3871
f 4690/7866/7279 4698/8730/7279 4706/7837/7279
f 4700/7868/7280 4684/7847/7280 4696/7831/7280
f 4715/7869/7281 4700/7868/7281 4707/7833/7281
f 4702/7867/7282 4706/7837/7282 4713/7871/7282
f 4701/7856/7283 4705/7836/7283 4712/7873/7283
f 4710/7875/7284 4703/7853/7284 4704/7840/7284
f 4711/7876/7285 4704/7840/7285 4700/7842/7285
f 4713/7871/7286 4706/7837/7286 4703/7839/7286
f 4705/7836/7287 4702/7835/7287 4709/7879/7287
f 4707/7833/7288 4701/7832/7288 4708/7880/7288
f 4714/7870/7289 4708/7880/7289 4685/7881/7289
f 4712/7873/7290 4709/7879/7290 4689/7882/7290
f 4697/7859/7291 4713/7871/7291 4710/7878/7291
f 4693/7884/7292 4711/7876/7292 4715/7877/7292
f 4687/7886/7293 4710/7875/7293 4711/7876/7293
f 4708/7874/7294 4712/7873/7294 4691/7883/7294
f 4709/7872/7295 4713/7871/7295 4697/7859/7295
f 4683/7852/7296 4715/7869/7296 4714/7870/7296
f 4724/7888/3890 4723/8733/3890 4718/7889/3890
f 4724/7888/3890 4721/7890/3890 4716/7891/3890
f 4717/7893/3890 4720/7895/3890 4724/7888/3890
f 4719/7894/3890 4723/8733/3890 4724/7888/3890
f 4689/7887/3891 4697/7859/3891 4723/7858/3891
f 4683/7885/3892 4716/8734/3892 4721/7897/3892
f 4691/7883/3893 4689/7882/3893 4719/7898/3893
f 4693/7884/3894 4721/7897/3894 4718/7899/3894
f 328/469/7297 4740/154/7297 4730/634/7297
f 327/69/7298 4739/160/7298 4727/181/7298
f 66/60/7299 281/533/7299 4738/151/7299
f 59/166/7300 282/168/7300 4737/185/7300
f 62/534/7301 239/536/7301 4736/178/7301
f 240/66/7302 4735/183/7302 4732/520/7302
f 61/7901/7303 199/162/7303 4734/155/7303
f 198/164/7304 4733/187/7304 4729/152/7304
f 63/632/7305 4732/186/7305 4733/187/7305
f 282/168/7306 62/534/7306 4731/184/7306
f 60/68/7307 4727/181/7307 4735/183/7307
f 239/536/7308 61/633/7308 4725/7902/7308
f 59/71/7309 4728/158/7309 4739/160/7309
f 199/162/7310 66/60/7310 4726/584/7310
f 64/468/7311 4729/152/7311 4740/154/7311
f 281/533/7312 65/63/7312 4730/149/7312
