# Blender 4.2.0
# www.blender.org
mtllib cooking_pot_shot.mtl
g cooking_pot_shot_Mesh
v 0.000251 0.000000 -0.125458
v 0.000251 0.190778 -0.170803
v 0.075077 0.000000 -0.101146
v 0.101730 0.190778 -0.137830
v 0.121322 0.000000 -0.037495
v 0.164447 0.190778 -0.051507
v 0.121322 0.000000 0.041181
v 0.164447 0.190778 0.055194
v 0.075077 0.000000 0.104832
v 0.101730 0.190778 0.141517
v 0.000251 0.000000 0.129144
v 0.000251 0.190778 0.174489
v -0.074575 0.000000 0.104832
v -0.101228 0.190778 0.141517
v -0.120819 0.000000 0.041181
v -0.163945 0.190778 0.055194
v -0.120819 0.000000 -0.037495
v -0.163945 0.190778 -0.051507
v -0.074575 0.000000 -0.101146
v -0.101228 0.190778 -0.137830
v 0.000251 0.026480 -0.158501
v 0.094499 0.026480 -0.127878
v 0.152747 0.026480 -0.047706
v 0.152747 0.026480 0.051392
v 0.094499 0.026480 0.131564
v 0.000251 0.026480 0.162187
v -0.093997 0.026480 0.131564
v -0.152245 0.026480 0.051392
v -0.152245 0.026480 -0.047706
v -0.093997 0.026480 -0.127878
v 0.013848 0.103001 -0.173254
v 0.031059 0.134760 -0.181731
v 0.116147 0.143848 -0.134283
v 0.104862 0.101656 -0.142142
v 0.167060 0.139594 -0.052356
v 0.169516 0.101656 -0.053154
v 0.167060 0.139594 0.056043
v 0.169516 0.101656 0.056841
v 0.103345 0.139594 0.143740
v 0.104862 0.101656 0.145828
v 0.000251 0.139594 0.177237
v 0.000251 0.101656 0.179819
v -0.102843 0.139594 0.143740
v -0.104360 0.101656 0.145828
v -0.166558 0.139594 0.056043
v -0.169014 0.101656 0.056841
v -0.166558 0.139594 -0.052356
v -0.169014 0.101656 -0.053154
v -0.102843 0.139594 -0.140053
v -0.104360 0.101656 -0.142142
v 0.107951 0.190778 -0.146392
v 0.000251 0.190778 -0.181386
v 0.173409 0.183915 -0.008614
v 0.173409 0.183915 0.012301
v 0.107951 0.190778 0.150079
v 0.000251 0.190778 0.185073
v -0.107448 0.190778 0.150079
v -0.172907 0.183915 0.012301
v -0.172907 0.183915 -0.008614
v -0.107448 0.190778 -0.146392
v 0.000251 0.035406 -0.133213
v 0.000251 0.035406 0.136899
v -0.079133 0.035406 -0.107419
v -0.079133 0.035406 0.111106
v 0.079635 0.035406 -0.107419
v 0.079635 0.035406 0.111106
v 0.128697 0.035406 -0.039891
v 0.128697 0.035406 0.043578
v -0.128195 0.035406 0.043578
v -0.128195 0.035406 -0.039891
v 0.026048 0.148003 -0.182036
v 0.104516 0.158932 -0.143642
v 0.170976 0.168778 -0.008435
v 0.170976 0.168778 0.012122
v 0.105083 0.151480 0.146132
v 0.000251 0.161915 0.180194
v -0.104581 0.161915 0.146132
v -0.170474 0.168778 0.012122
v -0.170474 0.168778 -0.008435
v -0.104581 0.161915 -0.142445
v -0.088842 0.131601 -0.120783
v 0.144407 0.131601 0.048682
v 0.144407 0.131601 -0.044996
v 0.031059 0.133481 -0.177919
v -0.088842 0.131601 0.124470
v -0.143905 0.131601 0.048682
v 0.089344 0.131601 0.124470
v 0.102147 0.135855 -0.115013
v -0.143905 0.131601 -0.044996
v 0.000251 0.131601 0.153418
v 0.103065 0.064068 -0.139668
v 0.166607 0.064068 -0.052209
v 0.166607 0.064068 0.055896
v 0.103065 0.064068 0.143354
v 0.000251 0.064068 0.176761
v -0.102563 0.064068 0.143354
v -0.166105 0.064068 0.055896
v -0.166105 0.064068 -0.052209
v -0.102563 0.064068 -0.139668
v 0.000251 0.064068 -0.173074
v 0.174513 0.190778 0.058464
v 0.174513 0.190778 -0.054778
v -0.174010 0.190778 -0.054778
v -0.174010 0.190778 0.058464
v 0.169872 0.161915 -0.053270
v 0.169872 0.152623 0.056957
v -0.169370 0.161915 0.056957
v -0.169370 0.161915 -0.053270
v 0.152747 0.026480 0.001843
v 0.174513 0.190778 0.001843
v -0.152245 0.026480 0.001843
v -0.174010 0.190778 0.001843
v 0.000251 0.000000 0.001843
v -0.074575 0.000000 0.001843
v 0.075077 0.000000 0.001843
v 0.121322 0.000000 0.001843
v -0.120819 0.000000 0.001843
v -0.169014 0.101656 0.001843
v -0.166558 0.139594 0.001843
v 0.169516 0.101656 0.001843
v 0.167060 0.139594 0.001843
v 0.164447 0.190778 0.001843
v -0.163945 0.190778 0.001843
v 0.000251 0.035406 0.001843
v -0.079133 0.035406 0.001843
v 0.079635 0.035406 0.001843
v 0.128697 0.035406 0.001843
v -0.128195 0.035406 0.001843
v -0.169370 0.161915 0.001843
v 0.169872 0.152623 0.001843
v -0.143905 0.131601 0.001843
v 0.144407 0.131601 0.001843
v 0.166607 0.064068 0.001843
v -0.166105 0.064068 0.001843
v 0.173409 0.185300 0.001843
v -0.172907 0.185300 0.001843
v -0.170474 0.167394 0.001843
v 0.170976 0.167394 0.001843
v 0.000251 0.176347 -0.178947
v 0.106517 0.176347 -0.144419
v 0.172192 0.176347 -0.054024
v 0.172192 0.176347 0.057710
v 0.106517 0.176347 0.148105
v 0.000251 0.176347 0.182633
v -0.106015 0.176347 0.148105
v -0.171690 0.176347 0.057710
v -0.171690 0.180229 -0.054024
v -0.106015 0.176347 -0.144419
v 0.172192 0.176347 -0.011880
v 0.172192 0.176347 0.015567
v -0.171690 0.176347 0.015567
v -0.171690 0.176347 -0.011880
v 0.189728 0.184550 0.001843
v 0.189774 0.183582 -0.005318
v -0.189226 0.184550 0.001843
v -0.189272 0.183582 0.009005
v 0.188742 0.177330 -0.008166
v 0.187713 0.171099 -0.005481
v 0.188742 0.177330 0.011853
v 0.187713 0.171099 0.009168
v -0.188240 0.177330 0.011853
v -0.187211 0.171099 0.009168
v -0.188240 0.177330 -0.008166
v -0.187211 0.171099 -0.005481
v -0.187257 0.170126 0.001843
v 0.187759 0.170126 0.001843
v 0.189774 0.183582 0.009005
v -0.189272 0.183582 -0.005318
v -0.188242 0.177339 0.001843
v 0.188744 0.177339 0.001843
v 0.182946 0.186293 0.001843
v 0.182946 0.184908 -0.008432
v -0.182444 0.186293 0.001843
v -0.182444 0.184908 0.012119
v 0.181730 0.177339 -0.011880
v 0.180512 0.169771 -0.008619
v 0.181730 0.177339 0.015567
v 0.180512 0.169771 0.012306
v -0.181228 0.177339 0.015567
v -0.180010 0.169771 0.012306
v -0.181228 0.177339 -0.011880
v -0.180010 0.169771 -0.008619
v -0.180011 0.168386 0.001843
v 0.180513 0.168386 0.001843
v 0.182946 0.184908 0.012119
v -0.182444 0.184908 -0.008432
v 0.151087 0.151327 0.050853
v 0.157767 0.171052 0.053023
v 0.014188 0.151660 -0.171036
v 0.000251 0.171052 -0.163779
v -0.150585 0.151327 0.050853
v -0.157265 0.171052 0.053023
v 0.093473 0.151327 0.130152
v 0.097601 0.171052 0.135834
v 0.092906 0.148343 -0.127662
v 0.097601 0.171052 -0.132148
v -0.150585 0.151327 -0.047166
v -0.157265 0.171052 -0.049337
v 0.000251 0.151327 0.160442
v 0.000251 0.171052 0.167465
v -0.097099 0.171052 -0.132148
v -0.092971 0.151327 -0.126465
v 0.157767 0.171052 -0.049337
v 0.151087 0.151327 -0.047166
v -0.097099 0.171052 0.135834
v -0.092971 0.151327 0.130152
v 0.157767 0.171052 0.001843
v 0.151087 0.151327 0.001843
v -0.157265 0.171052 0.001843
v -0.150585 0.151327 0.001843
v -0.085606 0.099536 -0.116329
v -0.082369 0.067471 -0.111874
v 0.139170 0.099536 -0.043294
v 0.133934 0.067471 -0.041593
v -0.085606 0.099536 0.120015
v -0.082369 0.067471 0.115560
v 0.133934 0.067471 0.045279
v 0.139170 0.099536 0.046981
v 0.000251 0.067471 -0.138719
v 0.015460 0.104367 -0.169374
v -0.133431 0.067471 0.045279
v -0.138668 0.099536 0.046981
v 0.082871 0.067471 0.115560
v 0.086108 0.099536 0.120015
v 0.082871 0.067471 -0.111874
v 0.086108 0.099536 -0.116329
v -0.133431 0.067471 -0.041593
v -0.138668 0.099536 -0.043294
v 0.000251 0.067471 0.142405
v 0.000251 0.099536 0.147912
v -0.138668 0.099536 0.001843
v -0.133431 0.067471 0.001843
v 0.139170 0.099536 0.001843
v 0.133934 0.067471 0.001843
v 0.013704 0.120088 -0.173521
v -0.103601 0.120625 0.144784
v -0.167786 0.120625 0.056442
v -0.167786 0.120625 -0.052755
v -0.103601 0.120625 -0.141098
v 0.014885 0.117278 -0.170463
v -0.141286 0.115568 0.047832
v -0.141287 0.115568 -0.044145
v -0.167786 0.120625 0.001843
v -0.087224 0.115568 -0.118556
v -0.087224 0.115568 0.122242
v -0.141287 0.115568 0.001843
v 0.104104 0.120625 -0.141098
v 0.168288 0.120625 -0.052755
v 0.168288 0.120625 0.056442
v 0.104104 0.120625 0.144784
v 0.000251 0.120625 0.178528
v 0.141789 0.115568 0.047832
v 0.087726 0.115568 0.122242
v 0.087726 0.115568 -0.118556
v 0.000251 0.115568 0.150665
v 0.168288 0.120625 0.001843
v 0.141789 0.115568 -0.044145
v 0.141789 0.115568 0.001843
v 0.104215 0.026480 -0.114505
v 0.119053 0.190778 -0.131111
v 0.104215 0.026480 0.118191
v 0.119053 0.190778 0.134797
v 0.082791 0.000000 -0.090528
v 0.082791 0.000000 0.094215
v 0.115647 0.101656 0.130985
v 0.113973 0.139594 0.129111
v 0.115647 0.101656 -0.127298
v 0.124640 0.143139 -0.120617
v 0.112191 0.190778 -0.123431
v 0.112191 0.190778 0.127117
v 0.087819 0.035406 -0.096155
v 0.087819 0.035406 0.099842
v 0.115890 0.161915 0.131257
v 0.115418 0.159429 -0.128567
v 0.109196 0.135145 -0.103334
v 0.098529 0.131601 0.111828
v 0.113664 0.064068 -0.125079
v 0.113664 0.064068 0.128766
v 0.087819 0.035406 0.001843
v 0.082791 0.000000 0.001843
v 0.117472 0.176347 0.133027
v 0.117472 0.176347 -0.129340
v 0.107637 0.171052 0.122021
v 0.103083 0.151327 0.116924
v 0.107637 0.171052 -0.118334
v 0.102611 0.148841 -0.114235
v 0.094959 0.099536 -0.104146
v 0.091389 0.067471 -0.100151
v 0.094959 0.099536 0.107832
v 0.091389 0.067471 0.103837
v 0.096744 0.115568 0.109830
v 0.096744 0.115568 -0.106144
v 0.114810 0.120625 -0.126362
v 0.114810 0.120625 0.130048
v -0.020730 0.026480 0.155370
v -0.020730 0.026480 -0.151684
v -0.023725 0.190778 -0.173596
v -0.016406 0.000000 0.123732
v -0.016406 0.000000 -0.120046
v -0.023037 0.101656 -0.168565
v -0.022699 0.139594 -0.166093
v -0.077605 0.145655 0.126989
v -0.022340 0.190778 -0.163462
v -0.017421 0.035406 0.131157
v -0.017421 0.035406 -0.127471
v -0.023086 0.161915 -0.168924
v -0.019583 0.131601 -0.143287
v -0.022637 0.064068 0.169324
v -0.022637 0.064068 -0.165637
v -0.017421 0.035406 0.001843
v -0.016406 0.000000 0.001843
v -0.023405 0.171799 -0.171260
v -0.021421 0.171052 -0.156737
v -0.020502 0.151327 -0.150012
v -0.036927 0.150342 0.168172
v -0.018142 0.067471 0.136429
v -0.018862 0.099536 -0.138015
v -0.018142 0.067471 -0.132743
v -0.019222 0.115568 -0.140651
v -0.022868 0.120625 -0.167329
v 0.088155 0.190778 -0.152824
v 0.083078 0.190778 -0.143891
v 0.086985 0.176347 -0.150765
v 0.079708 0.171052 -0.137962
v 0.068981 0.150718 -0.157786
v 0.069573 0.152554 -0.162006
v 0.075898 0.026480 -0.133922
v 0.075898 0.026480 0.137608
v 0.086695 0.190778 0.156985
v 0.060309 0.000000 -0.105944
v 0.060309 0.000000 0.109630
v 0.084216 0.101656 0.152537
v 0.082998 0.139594 0.150351
v 0.066728 0.090696 -0.171930
v 0.081702 0.190778 0.148024
v 0.063968 0.035406 -0.112510
v 0.063968 0.035406 0.116196
v 0.084393 0.161915 0.152854
v 0.071761 0.131601 0.130183
v 0.082773 0.064068 -0.146261
v 0.082773 0.064068 0.149948
v 0.063968 0.035406 0.001843
v 0.060309 0.000000 0.001843
v 0.085544 0.176347 0.154920
v 0.078388 0.171052 0.142077
v 0.075074 0.151327 0.136130
v 0.069163 0.099536 0.125521
v 0.066565 0.067471 0.120859
v 0.064097 0.090529 -0.162300
v 0.066565 0.067471 -0.117172
v 0.070462 0.115568 0.127852
v 0.083607 0.120625 0.151444
v 0.015782 0.190778 -0.176340
v 0.014885 0.190778 -0.166048
v 0.039415 0.149183 -0.176363
v 0.039910 0.152313 -0.182041
v 0.015575 0.176347 -0.173967
v 0.014290 0.171052 -0.159217
v 0.017428 0.026480 0.156606
v 0.013888 0.000000 0.124713
v 0.019316 0.101656 0.173624
v 0.019040 0.139594 0.171132
v 0.014719 0.035406 -0.128512
v 0.019357 0.161915 0.173986
v 0.016488 0.131601 0.148142
v 0.018989 0.064068 0.170672
v 0.014719 0.035406 0.001843
v 0.019618 0.176347 0.176340
v 0.017993 0.171052 0.161701
v 0.017241 0.151327 0.154921
v 0.015898 0.099536 0.142827
v 0.015309 0.067471 0.137513
v 0.016193 0.115568 0.145485
v 0.019178 0.120625 0.172378
v 0.017428 0.026480 -0.152920
v 0.019879 0.190778 0.178695
v 0.013888 0.000000 -0.121027
v 0.034085 0.085898 -0.174960
v 0.018745 0.190778 0.168480
v 0.014719 0.035406 0.132198
v 0.018989 0.064068 -0.166986
v 0.013888 0.000000 0.001843
v 0.029635 0.083535 -0.165362
v 0.015309 0.067471 -0.133826
v 0.093078 0.140310 -0.155508
v 0.086459 0.107334 -0.162516
v 0.086168 0.145411 -0.162518
v 0.091221 0.138594 -0.151927
v 0.085472 0.143932 -0.159063
v 0.083615 0.107008 -0.154768
v 0.084522 0.120865 -0.160632
v 0.081485 0.119177 -0.155061
v 0.073210 0.140937 -0.167339
v 0.073424 0.141875 -0.169605
v 0.074553 0.105776 -0.172118
v 0.072454 0.105687 -0.163376
v 0.016401 0.104918 -0.171959
v 0.084556 0.143605 -0.162121
v 0.032325 0.133663 -0.180161
v 0.028133 0.147665 -0.177568
v 0.016690 0.119452 -0.172608
v 0.072994 0.140966 -0.169145
v 0.068737 0.149977 -0.161131
v 0.064943 0.092911 -0.169534
v 0.041701 0.148658 -0.180430
v 0.033631 0.086262 -0.171746
v 0.090550 0.138849 -0.155514
v 0.081669 0.120579 -0.159957
v 0.083022 0.109067 -0.161692
v 0.073267 0.107418 -0.170221
v -0.033955 0.160905 0.163895
v -0.046673 0.153242 0.163711
v -0.065161 0.145400 0.161216
v -0.074499 0.156406 0.155192
v -0.083870 0.148988 0.152041
v -0.070197 0.103332 0.117224
v -0.016866 0.176347 0.171124
v -0.092370 0.176347 0.159615
v -0.055524 0.099305 0.124204
v -0.028254 0.111217 0.132072
v -0.018393 0.103332 0.134056
v -0.010219 0.103332 0.136712
v -0.013958 0.082893 0.173675
v -0.018933 0.173850 0.165739
v -0.079700 0.171052 0.146378
v -0.029406 0.111454 0.169061
v -0.094407 0.190778 0.161743
v -0.017884 0.190778 0.173408
v -0.085567 0.190778 0.152507
v -0.013464 0.190778 0.163498
v -0.024290 0.082893 0.170318
v -0.035800 0.111454 0.166984
v -0.052584 0.082893 0.161125
v -0.076083 0.026480 0.137385
v -0.086977 0.190778 -0.153044
v -0.060352 0.000000 0.109453
v -0.081939 0.190778 -0.144097
v -0.064044 0.035406 -0.112322
v -0.083020 0.064068 0.149704
v -0.064044 0.035406 0.001843
v -0.060352 0.000000 0.001843
v -0.066665 0.067471 0.120663
v -0.076083 0.026480 -0.133699
v -0.060352 0.000000 -0.105767
v -0.084476 0.101656 -0.148603
v -0.083247 0.139594 -0.146420
v -0.064044 0.035406 0.116009
v -0.084655 0.161915 -0.148920
v -0.071908 0.131601 -0.126285
v -0.083020 0.064068 -0.146018
v -0.085816 0.171799 -0.150982
v -0.078595 0.171052 -0.138160
v -0.075251 0.151327 -0.132223
v -0.069286 0.099536 -0.121631
v -0.066665 0.067471 -0.116977
v -0.070597 0.115568 -0.123958
v -0.083862 0.120625 -0.147511
v -0.043708 0.119207 0.164365
v -0.068900 0.190778 0.165632
v -0.043392 0.190778 0.169520
v -0.061533 0.190778 0.156171
v -0.037499 0.190778 0.159835
v -0.039189 0.172917 0.159285
v -0.059444 0.171985 0.152831
v -0.042034 0.176347 0.167287
v -0.067202 0.176347 0.163451
v -0.047053 0.026480 -0.143131
v -0.037305 0.000000 -0.113255
v -0.052255 0.101656 -0.159072
v -0.051493 0.139594 -0.156737
v -0.039593 0.035406 0.123953
v -0.052365 0.161915 -0.159411
v -0.044466 0.131601 -0.135202
v -0.051353 0.064068 -0.156307
v -0.053085 0.171799 -0.161617
v -0.048610 0.171052 -0.147903
v -0.046538 0.151327 -0.141552
v -0.042842 0.099536 -0.130223
v -0.041217 0.067471 -0.125245
v -0.043654 0.115568 -0.132713
v -0.051874 0.120625 -0.157905
v -0.047053 0.026480 0.146817
v -0.053805 0.190778 -0.163822
v -0.037305 0.000000 0.116942
v -0.050683 0.190778 -0.154253
v -0.039593 0.035406 -0.120267
v -0.051353 0.064068 0.159994
v -0.039593 0.035406 0.001843
v -0.037305 0.000000 0.001843
v -0.041217 0.067471 0.128932
v 0.007061 0.083567 -0.173164
v 0.103965 0.082893 -0.140907
v 0.168064 0.082893 -0.052682
v 0.168064 0.082893 0.056369
v 0.103965 0.082893 0.144594
v 0.000251 0.082893 0.178292
v -0.103463 0.082893 0.144594
v -0.167562 0.082893 0.056369
v -0.167562 0.082893 -0.052682
v -0.103463 0.082893 -0.140907
v 0.168064 0.082893 0.001843
v -0.167562 0.082893 0.001843
v 0.114657 0.082893 -0.126191
v 0.114657 0.082893 0.129877
v -0.022837 0.082893 -0.167104
v 0.074737 0.077404 -0.159117
v 0.083496 0.082893 0.151244
v 0.026550 0.075001 -0.170980
v 0.019153 0.082893 0.172151
v -0.083750 0.082893 -0.147312
v -0.065770 0.120910 0.125218
v -0.051805 0.082893 -0.157692
v -0.082325 0.026480 0.135357
v -0.094110 0.190778 -0.150726
v -0.065308 0.000000 0.107843
v -0.088660 0.190778 -0.141914
v -0.069302 0.035406 -0.110614
v -0.089830 0.064068 0.147492
v -0.069302 0.035406 0.001843
v -0.065308 0.000000 0.001843
v -0.072137 0.067471 0.118885
v -0.075135 0.133649 0.122954
v -0.010670 0.121119 0.140869
v -0.010998 0.134082 0.143898
v -0.082779 0.138448 0.151887
v -0.074449 0.126587 0.157102
v -0.097124 0.176347 0.155604
v -0.027814 0.125261 0.169665
v -0.026369 0.137798 0.170212
v -0.085763 0.171052 0.142704
v -0.098951 0.190778 0.157679
v -0.091024 0.190778 0.148678
v -0.082325 0.026480 -0.131670
v -0.065308 0.000000 -0.104156
v -0.091405 0.101656 -0.146351
v -0.090075 0.139594 -0.144201
v -0.069302 0.035406 0.114300
v -0.091598 0.161915 -0.146664
v -0.077808 0.131601 -0.124368
v -0.089830 0.064068 -0.143805
v -0.092854 0.176347 -0.148695
v -0.085043 0.171052 -0.136065
v -0.081426 0.151327 -0.130217
v -0.074973 0.099536 -0.119783
v -0.072137 0.067471 -0.115199
v -0.076391 0.115568 -0.122076
v -0.090740 0.120625 -0.145276
v -0.090619 0.082893 -0.145080
v -0.075288 0.149618 0.128242
v -0.008817 0.190778 0.179240
v -0.010240 0.026480 -0.155092
v -0.008078 0.000000 -0.122752
v -0.004594 0.102328 -0.170910
v 0.004180 0.137177 -0.173912
v -0.006607 0.190778 0.168994
v -0.008585 0.035406 0.134028
v 0.001481 0.154959 -0.175480
v 0.005738 0.132541 -0.160603
v -0.011193 0.064068 -0.169356
v -0.011577 0.176347 -0.175103
v -0.010585 0.171052 -0.160258
v -0.003157 0.151493 -0.160524
v -0.001701 0.101952 -0.153694
v -0.008945 0.067471 -0.135731
v -0.055903 0.151461 0.134356
v -0.009341 0.172451 0.166602
v -0.002168 0.116423 -0.155557
v -0.004582 0.120357 -0.170425
v -0.037560 0.151461 0.140316
v -0.010240 0.026480 0.158779
v -0.011737 0.190778 -0.177491
v -0.008078 0.000000 0.126438
v -0.069457 0.107427 0.158261
v -0.011044 0.190778 -0.167132
v -0.008585 0.035406 -0.130342
v -0.011193 0.064068 0.173042
v -0.008585 0.035406 0.001843
v -0.008078 0.000000 0.001843
v -0.024259 0.161303 0.141976
v -0.008945 0.067471 0.139417
v -0.024747 0.145634 0.145762
v -0.008307 0.176347 0.176878
v -0.082654 0.082893 0.151355
v -0.080227 0.111454 0.152549
v -0.089916 0.082893 0.148995
v -0.007888 0.083230 -0.170134
v -0.030803 0.157268 0.150378
v -0.035048 0.144039 0.154421
v -0.060918 0.137908 0.147080
v -0.042379 0.149605 0.150565
v -0.073608 0.142905 0.141078
v -0.067762 0.152769 0.142840
v -0.018111 0.108486 0.151941
v -0.023907 0.109878 0.150468
v -0.037554 0.122940 0.145543
v -0.060441 0.109352 0.140539
v -0.073030 0.108326 0.135870
v -0.062163 0.123907 0.144898
v -0.075472 0.137081 0.137894
v -0.025015 0.133463 0.154542
v -0.024380 0.126801 0.151707
vn 0.3051 -0.1587 -0.9390
vn 0.7988 -0.1587 -0.5803
vn -0.1001 -0.9864 -0.1306
vn 0.7988 -0.1587 0.5803
vn 0.3051 -0.1587 0.9390
vn -0.6358 -0.1663 0.7538
vn -0.7988 -0.1587 0.5803
vn -0.0262 0.4180 0.9081
vn -0.7984 0.1612 -0.5801
vn -0.8020 -0.1584 -0.5759
vn -0.3051 -0.1587 -0.9390
vn -0.0000 -1.0000 -0.0000
vn 0.7984 0.1612 -0.5801
vn 0.3050 0.1612 0.9386
vn -0.9869 0.1612 -0.0000
vn 0.1991 -0.7647 -0.6128
vn 0.5213 -0.7647 -0.3787
vn 0.6444 -0.7647 -0.0000
vn 0.5213 -0.7647 0.3787
vn 0.1991 -0.7647 0.6128
vn -0.1991 -0.7647 0.6128
vn -0.5213 -0.7647 0.3787
vn -0.6444 -0.7647 -0.0000
vn -0.5213 -0.7647 -0.3787
vn -0.1991 -0.7647 -0.6128
vn -0.1985 -0.0056 -0.9801
vn -0.1674 -0.1157 -0.9791
vn -0.8066 -0.0771 -0.5860
vn -0.8073 0.0646 -0.5866
vn -0.9970 -0.0771 -0.0000
vn -0.9979 0.0646 -0.0000
vn -0.8066 -0.0771 0.5860
vn -0.8073 0.0646 0.5866
vn 0.3081 -0.0771 0.9482
vn 0.3084 0.0646 0.9491
vn 0.8066 -0.0771 0.5860
vn 0.8073 0.0646 0.5866
vn 0.9970 -0.0771 -0.0000
vn 0.9979 0.0646 -0.0000
vn 0.8066 -0.0771 -0.5860
vn 0.7928 -0.1992 -0.5760
vn 0.5380 -0.0810 -0.8391
vn -0.0000 1.0000 -0.0000
vn -0.3050 0.1612 0.9386
vn 0.9869 0.1612 -0.0000
vn -0.3050 0.1612 -0.9386
vn -0.7984 0.1612 0.5801
vn 0.7984 0.1612 0.5801
vn 0.3050 0.1612 -0.9386
vn -0.2877 -0.1307 -0.9487
vn -0.8027 -0.1250 -0.5832
vn -0.9922 -0.1250 -0.0000
vn -0.8027 -0.1250 0.5832
vn 0.3066 -0.1250 0.9436
vn 0.7873 -0.2302 0.5720
vn 0.9775 -0.2110 -0.0000
vn 0.8395 -0.1274 -0.5283
vn 0.7663 0.3207 0.5567
vn -0.8562 -0.0004 0.5167
vn -0.2927 0.3208 -0.9008
vn 0.9472 0.3207 -0.0000
vn -0.9472 0.3207 -0.0000
vn 0.2927 0.3207 0.9008
vn 0.7663 0.3207 -0.5567
vn -0.7663 0.3207 -0.5567
vn 0.2899 -0.3460 -0.8923
vn 0.7591 -0.3460 -0.5515
vn 0.9382 -0.3460 -0.0000
vn 0.7591 -0.3460 0.5515
vn 0.2899 -0.3460 0.8923
vn -0.2899 -0.3460 0.8923
vn -0.7591 -0.3460 0.5515
vn -0.9382 -0.3460 -0.0000
vn -0.7591 -0.3460 -0.5515
vn -0.2899 -0.3460 -0.8923
vn 0.9800 -0.1974 0.0261
vn -0.9800 -0.1974 -0.0261
vn 0.9873 -0.1587 -0.0000
vn -0.9873 -0.1587 -0.0000
vn -0.9762 -0.2161 -0.0199
vn -0.9800 -0.1974 -0.0266
vn 0.9972 -0.0745 0.0100
vn 0.9970 -0.0763 -0.0129
vn -0.1026 0.9858 0.1328
vn -0.0417 -0.4011 -0.9151
vn -0.0418 0.4016 -0.9149
vn -0.0260 -0.4176 0.9082
vn 0.9889 -0.1461 -0.0283
vn -0.2986 -0.1694 -0.9392
vn -0.7988 -0.1587 -0.5803
vn 0.0417 -0.4011 0.9151
vn 0.8350 -0.0912 0.5427
vn 0.0260 -0.4176 -0.9082
vn 0.8060 -0.1243 -0.5788
vn 0.9867 -0.1628 -0.0000
vn -0.9867 -0.1628 -0.0000
vn 0.9905 -0.1352 -0.0242
vn -0.9905 -0.1352 0.0242
vn -0.9905 -0.1352 -0.0242
vn 0.9905 -0.1352 0.0242
vn 0.1026 0.9858 -0.1328
vn 0.0418 0.4016 0.9149
vn -0.1026 -0.9858 0.1328
vn 0.1001 -0.9864 0.1306
vn -0.1002 0.9864 -0.1306
vn 0.0262 0.4180 -0.9081
vn 0.1026 -0.9858 -0.1328
vn 0.1002 0.9864 0.1306
vn 0.2468 0.9605 -0.1283
vn -0.2468 0.9605 0.1283
vn 0.4251 -0.4165 -0.8036
vn 0.4267 -0.4150 0.8036
vn -0.4251 -0.4165 0.8036
vn -0.4266 -0.4150 -0.8036
vn -0.2315 -0.9642 -0.1295
vn 0.2315 -0.9642 0.1295
vn 0.2456 0.9607 0.1295
vn -0.2456 0.9607 -0.1295
vn -0.2334 -0.9640 0.1276
vn 0.2334 -0.9640 -0.1276
vn 0.4436 0.3099 -0.8409
vn 0.4451 0.3111 0.8397
vn -0.4436 0.3099 0.8409
vn -0.4451 0.3111 -0.8397
vn 0.7663 0.3208 -0.5567
vn -0.2927 0.3207 0.9008
vn 0.9472 0.3208 -0.0000
vn -0.2927 0.3207 -0.9008
vn -0.7663 0.3208 0.5567
vn -0.7830 0.2797 0.5556
vn 0.1054 0.1132 -0.9880
vn -0.2450 -0.1273 0.9611
vn -0.1307 0.9062 0.4022
vn -0.3081 -0.0771 0.9482
vn -0.3722 0.0659 0.9258
vn -0.5511 -0.4536 -0.7004
vn 0.6020 0.5254 0.6012
vn -0.9900 0.1119 0.0860
vn 0.6819 -0.1432 -0.7173
vn 0.7580 0.0140 0.6521
vn 0.8532 0.1637 0.4952
vn -0.2997 0.2441 0.9223
vn -0.1510 -0.4596 -0.8752
vn 0.2884 0.3592 -0.8876
vn 0.7169 -0.5994 0.3562
vn 0.5876 -0.8061 0.0706
vn -0.1270 0.0267 -0.9915
vn -0.8645 -0.4934 0.0955
vn -0.6405 -0.0290 -0.7674
vn -0.7665 0.4175 0.4880
vn 0.8073 0.0646 -0.5866
vn -0.8400 0.1646 0.5170
vn -0.7663 0.3207 0.5567
vn -0.7663 0.3208 -0.5567
vn 0.8064 -0.1185 -0.5793
vn 0.7994 -0.0970 0.5929
vn -0.8004 0.3264 0.5029
vn 0.8328 0.2246 -0.5059
vn 0.7908 -0.2110 0.5746
vn 0.7854 -0.2399 -0.5706
vn -0.3084 0.0646 -0.9491
vn 0.5649 -0.0188 0.8250
vn 0.5245 -0.6778 -0.5152
vn 0.6341 0.2483 0.7323
vn 0.6502 0.1176 0.7506
vn 0.3987 0.6388 -0.6580
vn 0.5084 0.1816 0.8417
vn 0.2927 0.3208 0.9008
vn -0.3008 -0.2285 -0.9259
vn 0.5402 0.2502 0.8035
vn -0.3066 -0.1250 -0.9436
vn -0.3081 -0.0771 -0.9482
vn -0.3067 -0.1213 -0.9440
vn 0.3081 -0.0777 -0.9482
vn 0.2434 0.6191 -0.7466
vn -0.2455 -0.6072 0.7557
vn -0.8789 -0.4184 0.2291
vn 0.2657 -0.0915 0.9597
vn 0.3007 -0.2302 0.9255
vn 0.2329 -0.4717 -0.8504
vn -0.2675 -0.5004 0.8234
vn 0.3016 0.2178 -0.9282
vn 0.5402 -0.4224 -0.7278
vn -0.2927 0.3208 0.9008
vn -0.0352 -0.3214 -0.9463
vn -0.2183 0.9342 0.2821
vn -0.2158 0.8647 0.4536
vn 0.7146 0.0068 -0.6995
vn -0.5932 0.3775 0.7111
vn 0.6356 -0.3705 -0.6774
vn 0.6938 0.1958 -0.6931
vn -0.3577 -0.9094 0.2124
vn -0.8892 0.4147 0.1930
vn 0.5107 -0.5929 -0.6226
vn 0.4058 -0.5265 -0.7471
vn -0.2490 0.3414 -0.9063
vn -0.9920 -0.1063 -0.0678
vn -0.3335 0.8955 0.2948
vn -0.6065 0.3056 -0.7340
vn -0.8725 0.4851 0.0577
vn 0.2932 0.8172 -0.4962
vn -0.2400 0.1171 -0.9637
vn -0.9041 0.4186 0.0858
vn -0.7353 -0.6718 0.0899
vn 0.2106 -0.9767 0.0415
vn -0.0411 0.7183 -0.6945
vn -0.0889 -0.9711 0.2217
vn -0.8347 0.0860 -0.5439
vn 0.1192 -0.5885 -0.7997
vn 0.1112 -0.9758 0.1885
vn 0.8677 0.3195 -0.3807
vn 0.4581 -0.0100 -0.8888
vn 0.6457 0.7636 0.0048
vn -0.3074 -0.1010 0.9462
vn 0.1957 0.6745 -0.7118
vn -0.3090 -0.0135 0.9510
vn 0.2011 0.6573 -0.7263
vn 0.1142 0.8677 -0.4838
vn 0.1325 0.3325 -0.9338
vn 0.1688 0.8555 -0.4895
vn 0.4884 0.3344 -0.8060
vn -0.6545 0.4346 0.6187
vn 0.0879 -0.1696 0.9816
vn -0.1006 -0.0783 0.9918
vn -0.6178 -0.0971 0.7803
vn 0.5332 0.3723 -0.7597
vn 0.3035 0.0006 -0.9528
vn -0.5500 -0.1683 0.8180
vn -0.1486 -0.1648 0.9751
vn -0.3776 -0.1228 -0.9178
vn -0.0895 -0.2915 0.9524
vn -0.4404 -0.3225 0.8379
vn 0.1421 0.3320 -0.9325
vn 0.2892 0.1985 -0.9364
vn 0.8352 -0.4348 -0.3368
vn -0.1018 0.9932 0.0561
vn 0.5799 0.7369 0.3473
vn -0.3161 0.0304 0.9482
vn 0.3071 -0.1116 -0.9451
vn 0.2495 -0.5899 -0.7679
vn -0.2043 0.1144 -0.9722
vn 0.3081 -0.0771 -0.9482
vn -0.1273 0.1239 -0.9841
vn -0.3090 0.0147 -0.9510
vn 0.6963 0.1215 -0.7074
vn 0.2366 0.9715 -0.0124
vn 0.5412 0.3354 -0.7711
vn -0.5110 0.8596 0.0034
vn 0.6569 0.2529 -0.7103
vn -0.3783 -0.0527 0.9242
vn 0.3084 -0.0607 -0.9493
vn 0.3090 -0.0024 -0.9511
vn -0.3611 -0.1396 0.9220
vn -0.3214 0.0643 0.9447
vn -0.6318 -0.1997 0.7490
vn -0.2587 0.0656 0.9637
vn -0.5514 -0.1537 0.8200
vn 0.7557 -0.4834 0.4418
vn -0.7669 -0.6166 0.1779
vn 0.5479 0.2010 0.8121
vn 0.5172 0.0520 0.8543
vn 0.6527 0.0925 0.7520
vn 0.6060 0.3455 0.7165
vn 0.5593 -0.1866 0.8077
vn -0.1282 0.0656 -0.9896
vn -0.1037 0.2552 -0.9613
vn 0.7057 0.1781 -0.6858
vn 0.0666 -0.1520 -0.9861
vn -0.2977 -0.1652 -0.9403
vn -0.2876 -0.1274 -0.9492
vn -0.1656 0.0656 -0.9840
vn -0.1964 -0.0782 -0.9774
vn -0.2639 -0.1222 -0.9568
vn -0.9769 0.1204 -0.1765
vn 0.6289 -0.6686 0.3967
vn 0.5416 0.7495 0.3806
vn -0.5902 0.2678 -0.7616
vn -0.6609 -0.2353 -0.7126
vn -0.9859 0.1188 -0.1181
vn 0.8100 0.5752 -0.1139
vn 0.9144 -0.3342 0.2285
vn -0.5130 -0.4947 -0.7015
vn 0.9774 0.2099 -0.0262
vn -0.1930 0.8088 -0.5556
vn 0.0900 0.9566 -0.2771
vn 0.6332 0.7683 -0.0938
vn 0.3443 0.9186 -0.1938
vn 0.4463 -0.7627 0.4680
vn 0.3256 -0.8786 0.3494
vn -0.9593 0.1829 -0.2149
vn 0.5242 -0.7838 0.3331
vn -0.9026 -0.4282 -0.0440
vn -0.1026 -0.9858 -0.1328
vn -0.6548 -0.1881 0.7320
vn -0.0418 0.4016 0.9149
vn -0.7901 -0.2148 -0.5741
vn -0.1274 0.0399 -0.9910
vn -0.2897 -0.1830 -0.9394
vn 0.8490 0.0660 -0.5242
vn 0.6393 -0.2980 -0.7088
vn -0.2893 -0.1276 -0.9487
vn 0.8419 -0.1228 0.5255
vn 0.7963 0.1671 -0.5814
vn -0.8103 -0.0062 0.5859
vn 0.9977 -0.0681 -0.0000
vn 0.9972 -0.0745 -0.0100
vn -0.9800 -0.1974 0.0266
vn -0.9800 -0.1974 0.0261
vn 0.9800 -0.1974 -0.0261
vn 0.9918 -0.1258 -0.0212
vn -0.1002 0.9864 0.1306
vn -0.0260 -0.4176 -0.9082
vn -0.0262 0.4180 -0.9081
vn -0.0417 -0.4011 0.9151
vn -0.9919 -0.1261 -0.0116
vn 0.9953 -0.0973 -0.0000
vn -0.3045 -0.1694 -0.9373
vn -0.8051 -0.1259 -0.5796
vn 0.0260 -0.4176 0.9082
vn 0.0417 -0.4011 -0.9151
vn 0.9905 -0.1352 -0.0246
vn -0.9905 -0.1352 0.0246
vn -0.9905 -0.1352 -0.0246
vn 0.9905 -0.1352 0.0246
vn 0.9866 -0.1630 -0.0000
vn -0.9866 -0.1630 -0.0000
vn 0.1002 0.9864 -0.1306
vn 0.0262 0.4180 0.9081
vn -0.1001 -0.9864 0.1306
vn 0.1026 -0.9858 0.1328
vn -0.1026 0.9858 -0.1328
vn 0.0418 0.4016 -0.9149
vn 0.1001 -0.9864 -0.1306
vn 0.1026 0.9858 0.1328
vn 0.2456 0.9607 -0.1295
vn -0.2456 0.9607 0.1295
vn 0.4266 -0.4150 -0.8036
vn 0.4251 -0.4165 0.8036
vn -0.4266 -0.4150 0.8036
vn -0.4251 -0.4165 -0.8036
vn -0.2334 -0.9640 -0.1276
vn 0.2334 -0.9640 0.1276
vn 0.2468 0.9605 0.1283
vn -0.2468 0.9605 -0.1283
vn -0.2315 -0.9642 0.1295
vn 0.2315 -0.9642 -0.1295
vn 0.4451 0.3111 -0.8397
vn 0.4436 0.3099 0.8409
vn -0.4451 0.3111 0.8397
vn -0.4436 0.3099 -0.8409
vn -0.7784 0.2727 0.5655
vn 0.7663 0.3208 0.5567
vn 0.6025 0.2677 -0.7519
vn -0.2832 -0.0829 0.9555
vn 0.4494 0.4540 0.7694
vn -0.4063 0.1133 0.9067
vn 0.0316 -0.9802 0.1952
vn 0.6772 0.6298 0.3806
vn -0.9745 -0.1669 0.1501
vn 0.7002 -0.1227 -0.7034
vn 0.9323 0.0714 0.3547
vn 0.4392 0.0684 0.8958
vn -0.7774 -0.1781 0.6033
vn 0.2905 -0.9344 -0.2063
vn -0.0770 0.2466 -0.9661
vn 0.6437 -0.7371 -0.2056
vn 0.5499 -0.8281 0.1086
vn -0.1671 -0.0168 -0.9858
vn -0.8276 -0.5322 0.1785
vn -0.7499 -0.1332 -0.6480
vn -0.7315 0.4272 0.5315
vn -0.7432 0.3952 0.5399
vn 0.8028 -0.1241 -0.5832
vn -0.8095 0.0743 0.5824
vn 0.7813 0.2469 -0.5732
vn 0.7951 -0.1253 0.5934
vn 0.8222 -0.2256 -0.5226
vn 0.6479 0.1377 0.7492
vn 0.0504 -0.9866 -0.1550
vn 0.6577 0.1366 0.7408
vn -0.2852 0.4364 -0.8533
vn 0.4921 0.3014 0.8167
vn 0.4504 0.0901 -0.8883
vn 0.2575 0.6495 -0.7155
vn -0.3040 -0.7791 0.5482
vn -0.8120 -0.5199 0.2653
vn -0.8191 0.4914 0.2959
vn 0.2498 -0.1233 0.9604
vn 0.1632 -0.6320 -0.7576
vn 0.1280 -0.5166 0.8466
vn 0.4247 0.6438 -0.6365
vn 0.5579 -0.0900 -0.8250
vn -0.0680 0.0191 -0.9975
vn -0.2144 0.9395 0.2671
vn 0.6710 0.0588 -0.7391
vn -0.6745 0.7153 0.1828
vn 0.6184 -0.3298 -0.7133
vn 0.7496 0.0663 -0.6586
vn -0.2510 -0.7297 0.6360
vn -0.8053 0.5240 0.2772
vn 0.5179 -0.5688 -0.6389
vn 0.3339 -0.5747 -0.7472
vn -0.1862 0.3262 -0.9268
vn -0.9846 -0.1715 0.0334
vn -0.3269 0.9247 0.1951
vn -0.6270 0.3263 -0.7074
vn -0.8666 0.4984 0.0231
vn 0.2999 0.8124 -0.5000
vn -0.1785 0.1105 -0.9777
vn -0.8889 0.4141 0.1959
vn -0.7708 -0.5665 0.2915
vn 0.2485 -0.9676 -0.0455
vn -0.1964 0.9708 -0.1377
vn -0.0308 -0.9933 0.1110
vn -0.8230 0.1072 -0.5578
vn 0.2753 -0.6696 -0.6898
vn 0.0455 -0.8060 0.5901
vn 0.8341 0.3314 -0.4411
vn 0.2828 -0.0483 -0.9580
vn 0.2820 0.2499 -0.9263
vn -0.2156 -0.0344 0.9759
vn 0.1694 0.6567 -0.7349
vn -0.4677 0.0028 0.8839
vn 0.2286 0.6728 -0.7036
vn -0.3574 0.6032 -0.7130
vn -0.2554 -0.0336 0.9662
vn 0.3882 0.4161 -0.8223
vn 0.8737 -0.1398 -0.4660
vn 0.0217 0.5311 -0.8470
vn -0.5289 0.3187 0.7866
vn -0.1445 -0.2838 0.9479
vn -0.1496 -0.1219 0.9812
vn -0.1420 -0.3339 0.9318
vn -0.3522 -0.0394 0.9351
vn 0.4779 0.3871 -0.7885
vn 0.1483 -0.1767 -0.9730
vn -0.5344 -0.1549 0.8309
vn -0.3979 -0.1617 -0.9030
vn -0.5962 -0.3809 0.7068
vn 0.1507 0.0162 -0.9885
vn 0.8583 -0.4000 -0.3216
vn 0.3594 0.9330 -0.0199
vn -0.1694 -0.0365 -0.9849
vn 0.5987 0.7254 0.3396
vn -0.5526 -0.1389 0.8218
vn 0.0248 0.4087 -0.9123
vn 0.5382 -0.3939 -0.7451
vn 0.1525 -0.0632 -0.9863
vn -0.1996 0.0652 -0.9777
vn 0.6583 0.1871 -0.7291
vn 0.0250 0.9967 -0.0771
vn 0.4817 0.3692 -0.7948
vn -0.3940 0.9135 -0.1012
vn 0.3376 0.5276 -0.7795
vn -0.3444 -0.1265 0.9303
vn 0.4189 -0.0457 -0.9069
vn 0.2833 -0.0151 -0.9589
vn -0.2918 0.0642 0.9543
vn 0.2046 0.0096 -0.9788
vn -0.3022 -0.0068 0.9532
vn -0.5356 -0.1408 0.8327
vn 0.7258 -0.0261 -0.6874
vn 0.7469 0.0676 0.6615
vn -0.7204 -0.6820 0.1265
vn 0.5025 0.2324 0.8328
vn 0.3073 0.1038 0.9459
vn 0.6609 0.1168 0.7413
vn 0.2838 0.3955 0.8735
vn 0.6580 -0.0887 0.7477
vn -0.1665 0.0266 -0.9857
vn -0.1476 0.2876 -0.9463
vn 0.7446 0.1130 -0.6579
vn -0.3200 -0.0063 0.9474
vn 0.6253 0.0085 -0.7803
vn -0.2191 -0.2311 -0.9479
vn -0.2888 -0.1254 -0.9491
vn -0.2832 -0.0510 -0.9577
vn -0.1254 -0.0187 -0.9919
vn -0.8216 -0.2875 -0.4922
vn 0.5871 -0.4305 0.6856
vn 0.7093 0.6338 0.3085
vn -0.5653 0.1741 -0.8063
vn -0.8713 0.0906 -0.4822
vn -0.9819 -0.0132 -0.1889
vn 0.7432 0.6276 -0.2318
vn 0.8369 -0.5428 -0.0708
vn -0.5114 -0.4953 -0.7022
vn 0.9449 -0.1408 -0.2956
vn -0.2282 0.6510 -0.7240
vn 0.2891 0.9186 -0.2693
vn 0.7084 0.6961 -0.1168
vn 0.1136 0.8612 -0.4955
vn 0.5211 -0.4396 0.7316
vn 0.3839 -0.7632 0.5197
vn -0.9364 0.2160 -0.2765
vn 0.4743 -0.7964 0.3753
vn -0.7000 -0.6915 -0.1782
vt 0.282846 0.094228
vt 0.282462 0.094532
vt 0.282459 0.094200
vt 0.286059 0.088393
vt 0.285649 0.089317
vt 0.285672 0.088436
vt 0.575859 0.269855
vt 0.575934 0.269774
vt 0.575934 0.269856
vt 0.286034 0.092925
vt 0.285649 0.093245
vt 0.285648 0.092907
vt 0.286058 0.094403
vt 0.285676 0.094615
vt 0.285672 0.094365
vt 0.277271 0.080839
vt 0.276887 0.080640
vt 0.277273 0.080627
vt 0.276887 0.078538
vt 0.277273 0.078554
vt 0.573220 0.275219
vt 0.573154 0.275289
vt 0.573176 0.275202
vt 0.273297 0.082640
vt 0.272429 0.083542
vt 0.272436 0.082591
vt 0.282462 0.089137
vt 0.282836 0.090646
vt 0.282449 0.090665
vt 0.282836 0.092502
vt 0.282449 0.092726
vt 0.282449 0.092496
vt 0.571667 0.376058
vt 0.571240 0.374186
vt 0.571830 0.376005
vt 0.280227 0.089576
vt 0.279387 0.088687
vt 0.280248 0.088753
vt 0.280246 0.085567
vt 0.279387 0.085753
vt 0.279384 0.085626
vt 0.276050 0.092458
vt 0.276895 0.091787
vt 0.276913 0.092399
vt 0.569449 0.376778
vt 0.569779 0.378681
vt 0.569188 0.376863
vt 0.572421 0.375045
vt 0.572647 0.375739
vt 0.569052 0.376907
vt 0.568598 0.377823
vt 0.568372 0.377128
vt 0.569164 0.387071
vt 0.569871 0.387484
vt 0.569166 0.387303
vt 0.569335 0.379081
vt 0.569582 0.378538
vt 0.572368 0.384517
vt 0.573066 0.384955
vt 0.572364 0.385188
vt 0.572361 0.385858
vt 0.573069 0.387295
vt 0.572367 0.387045
vt 0.568598 0.375045
vt 0.568389 0.374468
vt 0.568831 0.374875
vt 0.569779 0.374186
vt 0.569788 0.373600
vt 0.569942 0.374186
vt 0.573402 0.373434
vt 0.572714 0.375064
vt 0.572714 0.373225
vt 0.573195 0.375556
vt 0.572421 0.377823
vt 0.573480 0.376431
vt 0.572911 0.378180
vt 0.569164 0.385620
vt 0.569869 0.385591
vt 0.569164 0.385800
vt 0.571901 0.387148
vt 0.571398 0.387369
vt 0.571389 0.387085
vt 0.572836 0.387317
vt 0.572379 0.387490
vt 0.572385 0.387145
vt 0.571895 0.383722
vt 0.571380 0.385239
vt 0.571392 0.383747
vt 0.572913 0.383763
vt 0.572392 0.385236
vt 0.572404 0.383743
vt 0.570688 0.372305
vt 0.571167 0.371523
vt 0.571190 0.372323
vt 0.570178 0.372319
vt 0.569646 0.371538
vt 0.570156 0.371518
vt 0.570710 0.375153
vt 0.571212 0.373122
vt 0.571212 0.375145
vt 0.569691 0.375138
vt 0.570201 0.373119
vt 0.570201 0.375145
vt 0.575105 0.388862
vt 0.574606 0.389082
vt 0.574602 0.388839
vt 0.575614 0.388841
vt 0.576128 0.389062
vt 0.575619 0.389085
vt 0.575081 0.387426
vt 0.574580 0.387745
vt 0.574578 0.387416
vt 0.575591 0.387416
vt 0.576101 0.387733
vt 0.575592 0.387746
vt 0.575078 0.384829
vt 0.574570 0.385770
vt 0.574575 0.384840
vt 0.575587 0.384837
vt 0.576092 0.385769
vt 0.575582 0.385768
vt 0.575105 0.383024
vt 0.574580 0.383911
vt 0.574602 0.383051
vt 0.576215 0.383070
vt 0.575592 0.383907
vt 0.575614 0.383045
vt 0.571239 0.388548
vt 0.571895 0.389033
vt 0.571392 0.389013
vt 0.282967 0.087296
vt 0.283007 0.086923
vt 0.283181 0.087002
vt 0.282967 0.089277
vt 0.282780 0.087586
vt 0.282967 0.087627
vt 0.284131 0.090879
vt 0.283398 0.090188
vt 0.283549 0.090078
vt 0.286015 0.091492
vt 0.285682 0.091580
vt 0.285701 0.091389
vt 0.287899 0.090879
vt 0.287650 0.091157
vt 0.287556 0.090991
vt 0.289063 0.089277
vt 0.289205 0.089545
vt 0.288988 0.089496
vt 0.289063 0.087296
vt 0.289250 0.089338
vt 0.287899 0.085694
vt 0.288632 0.086385
vt 0.288481 0.086495
vt 0.286015 0.084885
vt 0.288014 0.085535
vt 0.284131 0.085694
vt 0.284238 0.085462
vt 0.284341 0.085626
vt 0.314760 0.070519
vt 0.315259 0.070009
vt 0.315259 0.070519
vt 0.312840 0.070519
vt 0.312719 0.071854
vt 0.312719 0.070519
vt 0.312120 0.071029
vt 0.312120 0.070519
vt 0.313866 0.072112
vt 0.313690 0.070519
vt 0.313866 0.070519
vt 0.276061 0.089118
vt 0.276930 0.088957
vt 0.276924 0.089190
vt 0.280252 0.088013
vt 0.279390 0.087976
vt 0.273299 0.082126
vt 0.272438 0.082401
vt 0.272438 0.082097
vt 0.276032 0.090478
vt 0.276895 0.090239
vt 0.276895 0.090497
vt 0.280256 0.087273
vt 0.280248 0.085699
vt 0.273298 0.080684
vt 0.272438 0.080861
vt 0.272437 0.080711
vt 0.573127 0.387745
vt 0.572772 0.387835
vt 0.573512 0.383714
vt 0.572901 0.385245
vt 0.569072 0.372299
vt 0.569669 0.372332
vt 0.569095 0.373107
vt 0.569691 0.373127
vt 0.576721 0.388865
vt 0.576123 0.388820
vt 0.576100 0.387405
vt 0.576700 0.387760
vt 0.576695 0.384824
vt 0.576096 0.384846
vt 0.576700 0.383885
vt 0.576101 0.383922
vt 0.282502 0.085525
vt 0.281980 0.087289
vt 0.281971 0.085592
vt 0.273838 0.090397
vt 0.274186 0.090380
vt 0.274206 0.090632
vt 0.275552 0.082222
vt 0.275022 0.082525
vt 0.275022 0.082184
vt 0.282507 0.088136
vt 0.281971 0.088886
vt 0.281976 0.088087
vt 0.273792 0.092650
vt 0.274305 0.091888
vt 0.274324 0.092575
vt 0.282499 0.085376
vt 0.281969 0.085450
vt 0.282479 0.089899
vt 0.282502 0.088971
vt 0.275550 0.082802
vt 0.275011 0.083806
vt 0.275020 0.082739
vt 0.570884 0.388648
vt 0.569880 0.388794
vt 0.569878 0.388478
vt 0.574097 0.383078
vt 0.573070 0.384111
vt 0.573090 0.383329
vt 0.574070 0.384852
vt 0.573061 0.385800
vt 0.574074 0.387405
vt 0.573070 0.387595
vt 0.574097 0.388815
vt 0.573094 0.388810
vt 0.573090 0.388589
vt 0.571711 0.375344
vt 0.572709 0.375253
vt 0.571716 0.375138
vt 0.571694 0.372340
vt 0.572673 0.371772
vt 0.572694 0.372499
vt 0.570887 0.383773
vt 0.569869 0.385365
vt 0.569880 0.384010
vt 0.570875 0.387023
vt 0.569869 0.387192
vt 0.569869 0.386989
vt 0.285848 0.090082
vt 0.286031 0.090251
vt 0.285884 0.090260
vt 0.277052 0.077874
vt 0.276864 0.077708
vt 0.277010 0.077721
vt 0.577082 0.384572
vt 0.577086 0.383854
vt 0.285643 0.090503
vt 0.286026 0.091216
vt 0.285639 0.091221
vt 0.568692 0.372474
vt 0.568709 0.373092
vt 0.277244 0.077534
vt 0.276840 0.076878
vt 0.277226 0.076916
vt 0.568884 0.372136
vt 0.568926 0.372287
vt 0.576877 0.384991
vt 0.576841 0.384816
vt 0.576879 0.384640
vt 0.568893 0.372437
vt 0.277043 0.077568
vt 0.285846 0.090438
vt 0.274344 0.093262
vt 0.273812 0.093369
vt 0.282511 0.087300
vt 0.279394 0.087264
vt 0.313866 0.068926
vt 0.313690 0.068868
vt 0.312120 0.070009
vt 0.312719 0.069184
vt 0.312840 0.069144
vt 0.315259 0.071029
vt 0.314760 0.071717
vt 0.289250 0.087236
vt 0.282780 0.089338
vt 0.572873 0.376434
vt 0.568146 0.376434
vt 0.568522 0.375277
vt 0.276930 0.093011
vt 0.276068 0.093095
vt 0.572275 0.377929
vt 0.576300 0.269913
vt 0.576375 0.269832
vt 0.576375 0.269913
vt 0.573587 0.270138
vt 0.573509 0.270204
vt 0.573514 0.270118
vt 0.575712 0.271062
vt 0.575789 0.271129
vt 0.575717 0.271149
vt 0.574592 0.270223
vt 0.574668 0.270162
vt 0.574677 0.270207
vt 0.568681 0.372071
vt 0.569049 0.371491
vt 0.277255 0.077936
vt 0.577080 0.385040
vt 0.576689 0.385763
vt 0.285645 0.090035
vt 0.286036 0.089286
vt 0.573313 0.387273
vt 0.573886 0.387263
vt 0.573886 0.385202
vt 0.573500 0.385222
vt 0.573199 0.275306
vt 0.573174 0.275376
vt 0.568709 0.375165
vt 0.569095 0.375153
vt 0.577108 0.388903
vt 0.576726 0.389111
vt 0.576698 0.387427
vt 0.577086 0.387782
vt 0.575784 0.271217
vt 0.575712 0.271236
vt 0.577109 0.382973
vt 0.576655 0.383002
vt 0.575965 0.269664
vt 0.576038 0.269710
vt 0.575967 0.269736
vt 0.574582 0.270056
vt 0.574510 0.270006
vt 0.574580 0.269994
vt 0.574512 0.270096
vt 0.574584 0.270119
vt 0.576034 0.269606
vt 0.575962 0.269591
vt 0.575892 0.269616
vt 0.575882 0.269670
vt 0.574654 0.270107
vt 0.574664 0.270061
vt 0.574652 0.270016
vt 0.575895 0.269723
vt 0.572371 0.270322
vt 0.572296 0.270403
vt 0.572296 0.270322
vt 0.574505 0.270196
vt 0.574583 0.270176
vt 0.575859 0.269692
vt 0.575859 0.269774
vt 0.576026 0.270628
vt 0.575950 0.270710
vt 0.575950 0.270627
vt 0.576375 0.269994
vt 0.576300 0.269996
vt 0.573582 0.270050
vt 0.573510 0.270030
vt 0.576026 0.270791
vt 0.576026 0.270710
vt 0.572296 0.270240
vt 0.572371 0.270239
vt 0.576430 0.269970
vt 0.576429 0.269913
vt 0.572242 0.270265
vt 0.572242 0.270322
vt 0.575833 0.271196
vt 0.575837 0.271124
vt 0.575970 0.269785
vt 0.575882 0.269769
vt 0.573450 0.270182
vt 0.575991 0.269832
vt 0.575992 0.269774
vt 0.575893 0.270652
vt 0.575893 0.270710
vt 0.576430 0.269856
vt 0.572242 0.270379
vt 0.575991 0.269716
vt 0.575934 0.269691
vt 0.575893 0.270768
vt 0.575950 0.270792
vt 0.575784 0.271043
vt 0.575833 0.271052
vt 0.576055 0.269753
vt 0.574496 0.270149
vt 0.573455 0.270111
vt 0.283569 0.088232
vt 0.283043 0.087312
vt 0.283574 0.087323
vt 0.283038 0.088184
vt 0.272726 0.092801
vt 0.273280 0.093476
vt 0.272748 0.093583
vt 0.273259 0.092726
vt 0.276611 0.082929
vt 0.276071 0.084032
vt 0.276081 0.082866
vt 0.275541 0.083919
vt 0.283538 0.090152
vt 0.283033 0.089056
vt 0.283564 0.089142
vt 0.283008 0.090025
vt 0.283561 0.085228
vt 0.283033 0.085458
vt 0.283030 0.085302
vt 0.273238 0.091975
vt 0.273771 0.091932
vt 0.272742 0.088637
vt 0.273280 0.088504
vt 0.273274 0.088731
vt 0.276613 0.082297
vt 0.276083 0.082632
vt 0.276083 0.082260
vt 0.275552 0.082579
vt 0.272704 0.090369
vt 0.273238 0.090076
vt 0.273238 0.090393
vt 0.273851 0.090089
vt 0.283564 0.085390
vt 0.276612 0.080613
vt 0.276083 0.080744
vt 0.276120 0.080573
vt 0.274756 0.092546
vt 0.275206 0.093178
vt 0.274775 0.093220
vt 0.275187 0.092516
vt 0.281545 0.088069
vt 0.281118 0.087281
vt 0.281549 0.087285
vt 0.281114 0.088050
vt 0.569049 0.376846
vt 0.569707 0.376397
vt 0.569646 0.376803
vt 0.281110 0.085646
vt 0.281541 0.085619
vt 0.274737 0.090450
vt 0.275168 0.090180
vt 0.275168 0.090459
vt 0.276032 0.090209
vt 0.274591 0.082169
vt 0.274160 0.082484
vt 0.274160 0.082155
vt 0.273299 0.082442
vt 0.281110 0.088820
vt 0.280652 0.083963
vt 0.280227 0.084634
vt 0.280222 0.084607
vt 0.275168 0.091855
vt 0.276032 0.091821
vt 0.281538 0.085479
vt 0.281107 0.085509
vt 0.281518 0.089723
vt 0.281541 0.088853
vt 0.281088 0.089674
vt 0.274589 0.082714
vt 0.274150 0.083718
vt 0.274159 0.082689
vt 0.273289 0.083630
vt 0.571694 0.375965
vt 0.571203 0.375481
vt 0.571708 0.375454
vt 0.569714 0.375486
vt 0.563135 0.375319
vt 0.562926 0.375148
vt 0.563176 0.375180
vt 0.572162 0.378362
vt 0.572652 0.378535
vt 0.572089 0.378500
vt 0.274737 0.090165
vt 0.274953 0.089587
vt 0.572404 0.389015
vt 0.572929 0.388867
vt 0.573029 0.389208
vt 0.572999 0.378520
vt 0.572667 0.378484
vt 0.573057 0.378471
vt 0.282374 0.083763
vt 0.281993 0.083736
vt 0.281998 0.083689
vt 0.273245 0.089787
vt 0.571794 0.367408
vt 0.571663 0.367214
vt 0.571684 0.367176
vt 0.573888 0.387524
vt 0.573430 0.378274
vt 0.573435 0.378226
vt 0.563092 0.374620
vt 0.562944 0.374791
vt 0.562910 0.374542
vt 0.281949 0.089773
vt 0.570710 0.373112
vt 0.570665 0.371499
vt 0.571883 0.385226
vt 0.571920 0.387492
vt 0.569595 0.369017
vt 0.569637 0.368780
vt 0.569622 0.369025
vt 0.567145 0.374780
vt 0.566832 0.374908
vt 0.566790 0.374688
vt 0.274581 0.083762
vt 0.274737 0.091871
vt 0.274591 0.082504
vt 0.575083 0.383892
vt 0.575073 0.385766
vt 0.575083 0.387759
vt 0.575110 0.389108
vt 0.575619 0.382873
vt 0.575110 0.382850
vt 0.272704 0.092019
vt 0.276613 0.082686
vt 0.577113 0.382796
vt 0.576647 0.382825
vt 0.577076 0.385759
vt 0.314660 0.070519
vt 0.314660 0.071854
vt 0.573094 0.383173
vt 0.576238 0.382900
vt 0.314760 0.069321
vt 0.284016 0.091038
vt 0.282780 0.087235
vt 0.574606 0.382879
vt 0.572368 0.387283
vt 0.568095 0.378180
vt 0.285676 0.088259
vt 0.571883 0.386237
vt 0.572392 0.386801
vt 0.571883 0.386803
vt 0.281954 0.084699
vt 0.281543 0.084363
vt 0.281973 0.084218
vt 0.563150 0.374828
vt 0.281093 0.084785
vt 0.280229 0.084752
vt 0.281154 0.084392
vt 0.281523 0.084742
vt 0.275496 0.079515
vt 0.276073 0.079271
vt 0.276074 0.079367
vt 0.283011 0.084342
vt 0.282484 0.084591
vt 0.282484 0.084284
vt 0.283544 0.084373
vt 0.283541 0.084228
vt 0.573886 0.386229
vt 0.573500 0.386802
vt 0.573500 0.386234
vt 0.570656 0.376386
vt 0.571503 0.378490
vt 0.571371 0.378586
vt 0.313582 0.070519
vt 0.313474 0.068938
vt 0.313582 0.068903
vt 0.570875 0.386244
vt 0.569869 0.386786
vt 0.569869 0.386275
vt 0.572678 0.376417
vt 0.571681 0.376429
vt 0.572682 0.376247
vt 0.572901 0.386799
vt 0.572901 0.386241
vt 0.273294 0.080135
vt 0.272436 0.080561
vt 0.272433 0.080184
vt 0.313474 0.072099
vt 0.313474 0.070519
vt 0.284551 0.085557
vt 0.285019 0.085209
vt 0.285077 0.085386
vt 0.572392 0.386239
vt 0.571380 0.386802
vt 0.571380 0.386241
vt 0.569164 0.386910
vt 0.570104 0.374186
vt 0.570507 0.373600
vt 0.570512 0.374186
vt 0.280232 0.084871
vt 0.279369 0.084843
vt 0.570804 0.376338
vt 0.282836 0.091686
vt 0.282449 0.092267
vt 0.282449 0.091691
vt 0.573431 0.389031
vt 0.573896 0.388737
vt 0.573899 0.389069
vt 0.573255 0.388463
vt 0.573064 0.388767
vt 0.572967 0.388561
vt 0.273789 0.089375
vt 0.272712 0.089738
vt 0.272704 0.090039
vt 0.283963 0.085925
vt 0.283837 0.085780
vt 0.282451 0.092986
vt 0.575088 0.388025
vt 0.274591 0.081117
vt 0.275022 0.081112
vt 0.274103 0.089715
vt 0.276039 0.089946
vt 0.273299 0.081132
vt 0.274160 0.081122
vt 0.275552 0.081100
vt 0.276083 0.081088
vt 0.276613 0.081077
vt 0.576705 0.388027
vt 0.570269 0.376512
vt 0.569564 0.374343
vt 0.314660 0.069184
vt 0.314468 0.070519
vt 0.314468 0.069121
vt 0.574080 0.387993
vt 0.573075 0.387835
vt 0.576107 0.387995
vt 0.272438 0.081142
vt 0.286410 0.091560
vt 0.286015 0.091688
vt 0.571462 0.387867
vt 0.571170 0.387715
vt 0.575597 0.388010
vt 0.574585 0.388009
vt 0.569312 0.373797
vt 0.569173 0.388343
vt 0.570067 0.378681
vt 0.286041 0.093542
vt 0.285655 0.093515
vt 0.282838 0.092998
vt 0.284016 0.085535
vt 0.273789 0.088557
vt 0.573146 0.388024
vt 0.573186 0.388444
vt 0.570509 0.376434
vt 0.570973 0.378681
vt 0.569583 0.373600
vt 0.273299 0.080840
vt 0.275022 0.080797
vt 0.275552 0.080771
vt 0.570877 0.387563
vt 0.276613 0.080718
vt 0.274160 0.080819
vt 0.274591 0.080808
vt 0.571955 0.373688
vt 0.571947 0.374279
vt 0.571815 0.374252
vt 0.280654 0.079117
vt 0.281292 0.080047
vt 0.280511 0.079742
vt 0.577092 0.388053
vt 0.276902 0.089986
vt 0.314468 0.071917
vt 0.286387 0.091371
vt 0.569171 0.388092
vt 0.275403 0.089255
vt 0.274992 0.089334
vt 0.571593 0.388449
vt 0.572043 0.388773
vt 0.572406 0.388731
vt 0.284530 0.075201
vt 0.284275 0.075031
vt 0.284530 0.074488
vt 0.274628 0.089558
vt 0.573016 0.388736
vt 0.572890 0.388821
vt 0.572398 0.388676
vt 0.566333 0.384016
vt 0.566065 0.384096
vt 0.566025 0.384026
vt 0.575251 0.385455
vt 0.575349 0.385283
vt 0.575343 0.385544
vt 0.571653 0.388408
vt 0.571998 0.388592
vt 0.566429 0.383871
vt 0.566773 0.383696
vt 0.566840 0.383793
vt 0.575198 0.385211
vt 0.575198 0.385495
vt 0.572089 0.388708
vt 0.565532 0.384192
vt 0.565397 0.384082
vt 0.565540 0.384252
vt 0.575795 0.369831
vt 0.575690 0.369624
vt 0.575712 0.369569
vt 0.571896 0.373677
vt 0.571762 0.374270
vt 0.571767 0.367199
vt 0.571914 0.366603
vt 0.571974 0.366584
vt 0.572362 0.387541
vt 0.573811 0.378301
vt 0.573465 0.378209
vt 0.573821 0.378240
vt 0.571972 0.387533
vt 0.571472 0.387847
vt 0.571190 0.375967
vt 0.570541 0.375732
vt 0.571207 0.375364
vt 0.275548 0.079845
vt 0.276102 0.079712
vt 0.570437 0.375526
vt 0.275550 0.080157
vt 0.276129 0.080057
vt 0.275815 0.080393
vt 0.276156 0.080402
vt 0.282398 0.079491
vt 0.282217 0.079877
vt 0.282435 0.079434
vt 0.275541 0.079186
vt 0.276071 0.079090
vt 0.569376 0.376247
vt 0.568668 0.376517
vt 0.569089 0.376217
vt 0.568681 0.376175
vt 0.569302 0.376070
vt 0.568694 0.375832
vt 0.569521 0.375823
vt 0.569229 0.375628
vt 0.570665 0.376842
vt 0.571173 0.376591
vt 0.571167 0.376820
vt 0.276604 0.079237
vt 0.276603 0.079152
vt 0.276608 0.080085
vt 0.287942 0.090722
vt 0.288159 0.090665
vt 0.288087 0.090852
vt 0.288948 0.089613
vt 0.288841 0.089992
vt 0.288627 0.089930
vt 0.277229 0.082162
vt 0.276846 0.082002
vt 0.277231 0.081980
vt 0.276872 0.081307
vt 0.277270 0.080952
vt 0.277257 0.081294
vt 0.282449 0.090920
vt 0.282836 0.091043
vt 0.282449 0.091057
vt 0.571059 0.374186
vt 0.571073 0.373600
vt 0.571195 0.373600
vt 0.571380 0.385488
vt 0.571883 0.385612
vt 0.571380 0.385621
vt 0.572901 0.385493
vt 0.572392 0.385619
vt 0.572392 0.385485
vt 0.285782 0.085157
vt 0.285635 0.085009
vt 0.285767 0.084966
vt 0.273291 0.079702
vt 0.272430 0.079679
vt 0.273291 0.079609
vt 0.573500 0.385608
vt 0.572901 0.385625
vt 0.570875 0.385630
vt 0.569869 0.385712
vt 0.573500 0.385473
vt 0.573886 0.385594
vt 0.568706 0.375489
vt 0.569432 0.375476
vt 0.571883 0.385478
vt 0.281960 0.085020
vt 0.281536 0.085405
vt 0.281529 0.085057
vt 0.281099 0.085094
vt 0.280244 0.085497
vt 0.280238 0.085169
vt 0.281106 0.085435
vt 0.283021 0.084833
vt 0.282498 0.085297
vt 0.282491 0.084926
vt 0.283551 0.084739
vt 0.283029 0.085219
vt 0.571172 0.376218
vt 0.572197 0.377986
vt 0.571833 0.378251
vt 0.313203 0.070519
vt 0.312904 0.069124
vt 0.313203 0.069026
vt 0.572706 0.375353
vt 0.572694 0.375822
vt 0.281967 0.085374
vt 0.312904 0.071914
vt 0.312904 0.070519
vt 0.568708 0.375376
vt 0.569164 0.385896
vt 0.569164 0.386343
vt 0.279383 0.085558
vt 0.279376 0.085243
vt 0.570962 0.374186
vt 0.571579 0.376086
vt 0.277244 0.081637
vt 0.276859 0.081654
vt 0.288306 0.090247
vt 0.287985 0.090565
vt 0.288500 0.090329
vt 0.276606 0.079661
vt 0.277580 0.089224
vt 0.277347 0.089078
vt 0.277525 0.088966
vt 0.567092 0.374924
vt 0.567270 0.374542
vt 0.567340 0.374904
vt 0.274150 0.079359
vt 0.273289 0.079436
vt 0.571676 0.376614
vt 0.571671 0.376799
vt 0.279371 0.084957
vt 0.569164 0.386748
vt 0.313203 0.072011
vt 0.283014 0.084482
vt 0.285657 0.085198
vt 0.272430 0.079768
vt 0.571451 0.366474
vt 0.571854 0.366232
vt 0.571784 0.366597
vt 0.568666 0.376699
vt 0.570875 0.385498
vt 0.570875 0.387245
vt 0.574075 0.387731
vt 0.570875 0.386801
vt 0.274581 0.079321
vt 0.274253 0.079650
vt 0.574065 0.385773
vt 0.574101 0.382907
vt 0.571716 0.373132
vt 0.574075 0.383931
vt 0.570887 0.388992
vt 0.574101 0.389057
vt 0.275067 0.079538
vt 0.275011 0.079283
vt 0.571671 0.371547
vt 0.570875 0.385251
vt 0.274738 0.080645
vt 0.574074 0.382608
vt 0.574145 0.382255
vt 0.574182 0.382634
vt 0.573886 0.385458
vt 0.272429 0.079512
vt 0.286015 0.085082
vt 0.571423 0.373600
vt 0.282836 0.090904
vt 0.276601 0.078993
vt 0.567759 0.374564
vt 0.567773 0.374931
vt 0.275086 0.080628
vt 0.274147 0.079891
vt 0.570029 0.375658
vt 0.274259 0.080530
vt 0.273297 0.080527
vt 0.570156 0.376823
vt 0.570414 0.376346
vt 0.283559 0.085142
vt 0.312840 0.071893
vt 0.289181 0.089655
vt 0.274260 0.080669
vt 0.276885 0.080959
vt 0.277226 0.082344
vt 0.276843 0.082190
vt 0.288014 0.091038
vt 0.569017 0.383761
vt 0.569285 0.383837
vt 0.569002 0.383921
vt 0.279366 0.084729
vt 0.569538 0.376067
vt 0.313582 0.072134
vt 0.282485 0.083977
vt 0.572673 0.376586
vt 0.571240 0.378681
vt 0.283008 0.084203
vt 0.283538 0.084082
vt 0.281216 0.083998
vt 0.281562 0.083983
vt 0.571178 0.376424
vt 0.275390 0.079478
vt 0.570417 0.376243
vt 0.276611 0.080509
vt 0.573886 0.387034
vt 0.284461 0.085390
vt 0.569993 0.373600
vt 0.282836 0.092269
vt 0.566328 0.374893
vt 0.565919 0.374738
vt 0.566290 0.374764
vt 0.569082 0.384271
vt 0.569395 0.384553
vt 0.569076 0.384691
vt 0.569364 0.384149
vt 0.274891 0.080356
vt 0.275070 0.080333
vt 0.274400 0.080469
vt 0.569816 0.376183
vt 0.570044 0.376373
vt 0.277565 0.089384
vt 0.277352 0.089859
vt 0.277326 0.089515
vt 0.277639 0.090154
vt 0.277326 0.090340
vt 0.566507 0.374871
vt 0.277360 0.089182
vt 0.274419 0.079741
vt 0.274469 0.080358
vt 0.282585 0.088388
vt 0.282745 0.088097
vt 0.282742 0.088415
vt 0.280225 0.072316
vt 0.280347 0.072060
vt 0.280418 0.072418
vt 0.275655 0.080386
vt 0.275909 0.080684
vt 0.275611 0.080734
vt 0.569249 0.383556
vt 0.568962 0.383504
vt 0.569202 0.383365
vt 0.563451 0.375185
vt 0.563407 0.374840
vt 0.563341 0.379025
vt 0.563562 0.379286
vt 0.563341 0.379296
vt 0.569318 0.375524
vt 0.569714 0.375665
vt 0.282849 0.094565
vt 0.286036 0.093268
vt 0.286063 0.094656
vt 0.276886 0.080848
vt 0.282849 0.089097
vt 0.282836 0.092734
vt 0.279366 0.089477
vt 0.569583 0.379262
vt 0.568095 0.374681
vt 0.573402 0.374894
vt 0.572911 0.374681
vt 0.313690 0.072170
vt 0.276068 0.088875
vt 0.576300 0.269830
vt 0.573581 0.270224
vt 0.568663 0.371453
vt 0.573899 0.383674
vt 0.573220 0.275394
vt 0.577113 0.389152
vt 0.577085 0.387445
vt 0.576047 0.269657
vt 0.574500 0.270051
vt 0.572371 0.270405
vt 0.573450 0.270038
vt 0.276601 0.084145
vt 0.272748 0.088400
vt 0.562910 0.375526
vt 0.571723 0.367465
vt 0.573243 0.387997
vt 0.569595 0.368745
vt 0.567252 0.374930
vt 0.286063 0.088214
vt 0.573886 0.386804
vt 0.273839 0.088766
vt 0.273961 0.089544
vt 0.572091 0.373654
vt 0.281292 0.079047
vt 0.284358 0.075294
vt 0.572943 0.388552
vt 0.566390 0.384125
vt 0.575241 0.385215
vt 0.572043 0.388562
vt 0.566379 0.383780
vt 0.565405 0.384026
vt 0.575777 0.369860
vt 0.572743 0.387852
vt 0.571974 0.367630
vt 0.570213 0.376115
vt 0.275395 0.080370
vt 0.282435 0.080243
vt 0.567048 0.374589
vt 0.571658 0.366156
vt 0.568663 0.376881
vt 0.274726 0.079700
vt 0.574022 0.382233
vt 0.276840 0.082379
vt 0.565837 0.375007
vt 0.569993 0.376149
vt 0.277645 0.089733
vt 0.566523 0.375165
vt 0.274786 0.080139
vt 0.282637 0.088070
vt 0.280014 0.071937
vt 0.275903 0.080367
vt 0.569179 0.376055
vt 0.563562 0.379012
s 0
g cooking_pot_shot_Material
usemtl Material
f 321/1/1 140/2/1 323/3/1
f 260/4/2 141/5/2 282/6/2
f 79/7/3 183/8/3 182/9/3
f 262/10/4 143/11/4 281/12/4
f 376/13/5 144/14/5 368/15/5
f 527/16/6 57/17/6 145/18/6
f 145/18/7 104/19/7 146/20/7
f 54/21/8 177/22/8 185/23/8
f 290/24/9 68/25/9 272/26/9
f 147/27/10 60/28/10 148/29/10
f 571/30/11 139/31/11 560/32/11
f 520/33/12 13/34/12 114/35/12
f 216/36/13 69/37/13 221/38/13
f 545/39/14 63/40/14 517/41/14
f 234/42/15 67/43/15 127/44/15
f 343/45/12 3/46/12 115/47/12
f 114/35/12 15/48/12 117/49/12
f 280/50/12 5/51/12 116/52/12
f 1/53/16 375/54/16 377/55/16
f 3/46/17 259/56/17 263/57/17
f 5/58/18 109/59/18 116/60/18
f 7/61/19 261/62/19 264/63/19
f 9/64/20 328/65/20 331/66/20
f 11/67/21 570/68/21 572/69/21
f 15/70/22 27/71/22 28/72/22
f 15/48/23 111/73/23 117/49/23
f 19/74/24 29/75/24 30/76/24
f 19/77/25 533/78/25 534/79/25
f 553/80/26 491/81/26 586/82/26
f 554/83/27 235/84/27 568/85/27
f 48/86/28 500/87/28 499/88/28
f 47/89/29 239/90/29 238/91/29
f 118/92/30 499/93/30 502/94/30
f 243/95/31 47/96/31 238/97/31
f 44/98/32 498/99/32 497/100/32
f 43/101/33 237/102/33 236/103/33
f 361/104/34 496/105/34 509/106/34
f 374/107/35 41/108/35 251/109/35
f 265/110/36 495/111/36 504/112/36
f 294/113/37 39/114/37 250/115/37
f 120/116/38 494/117/38 501/118/38
f 256/119/39 37/120/39 249/121/39
f 267/122/40 493/123/40 503/124/40
f 268/125/41 248/126/41 293/127/41
f 506/128/42 34/129/42 492/130/42
f 4/131/43 321/132/43 322/133/43
f 6/134/43 260/135/43 269/136/43
f 8/137/43 110/138/43 122/139/43
f 10/140/43 262/141/43 270/142/43
f 12/143/43 376/144/43 379/145/43
f 14/146/43 531/147/43 532/148/43
f 16/149/43 57/150/43 14/146/43
f 18/151/43 112/152/43 123/153/43
f 18/151/43 60/154/43 103/155/43
f 2/156/43 571/157/43 574/158/43
f 279/159/43 68/160/43 127/161/43
f 519/162/43 63/163/43 125/164/43
f 125/164/43 70/165/43 128/166/43
f 363/167/43 124/168/43 367/169/43
f 384/170/44 61/171/44 363/172/44
f 232/173/45 69/37/45 128/174/45
f 348/175/46 66/176/46 337/177/46
f 288/178/47 65/179/47 271/180/47
f 227/181/48 63/40/48 212/182/48
f 580/183/49 62/184/49 556/185/49
f 554/83/50 71/186/50 32/187/50
f 108/188/51 49/189/51 47/89/51
f 129/190/52 47/96/52 119/191/52
f 43/101/53 107/192/53 45/193/53
f 364/194/54 41/108/54 362/195/54
f 266/196/55 75/197/55 39/114/55
f 130/198/56 37/120/56 121/199/56
f 268/125/57 105/200/57 35/201/57
f 202/202/58 89/203/58 81/204/58
f 286/205/59 88/206/59 275/207/59
f 346/208/60 87/209/60 339/210/60
f 210/211/61 86/212/61 131/213/61
f 208/214/62 83/215/62 132/216/62
f 543/217/63 81/204/63 539/218/63
f 206/219/64 86/212/64 191/220/64
f 284/221/65 82/222/65 276/223/65
f 340/224/66 22/225/66 327/226/66
f 277/227/67 23/228/67 259/229/67
f 133/230/68 24/231/68 109/59/68
f 278/232/69 25/233/69 261/62/69
f 366/234/70 26/235/70 359/236/70
f 518/237/71 27/71/71 513/238/71
f 96/239/72 28/72/72 27/71/72
f 134/240/73 29/241/73 111/242/73
f 98/243/74 30/244/74 29/245/74
f 559/246/75 21/247/75 551/248/75
f 53/249/76 110/250/76 135/251/76
f 58/252/77 112/253/77 136/254/77
f 149/255/78 105/200/78 141/256/78
f 150/257/78 101/258/78 142/259/78
f 151/260/79 107/192/79 146/261/79
f 152/262/80 103/263/80 147/264/80
f 79/265/81 129/190/81 137/266/81
f 74/267/82 130/198/82 138/268/82
f 73/269/83 130/198/83 105/200/83
f 78/270/79 129/190/79 107/192/79
f 59/271/79 112/253/79 103/263/79
f 54/272/78 110/250/78 101/258/78
f 28/72/73 134/240/73 111/242/73
f 23/228/68 133/230/68 109/59/68
f 208/214/62 82/273/62 187/274/62
f 210/211/61 89/203/61 197/275/61
f 35/201/56 130/198/56 121/199/56
f 45/193/52 129/190/52 119/191/52
f 232/173/45 70/276/45 227/181/45
f 380/277/43 124/168/43 62/278/43
f 125/164/43 69/279/43 64/280/43
f 519/162/43 64/280/43 537/281/43
f 279/159/43 67/282/43 271/283/43
f 16/149/43 112/152/43 104/284/43
f 6/134/43 110/138/43 102/285/43
f 35/201/39 256/119/39 248/126/39
f 493/123/38 120/116/38 501/118/38
f 45/193/31 243/95/31 237/102/31
f 498/99/30 118/92/30 502/94/30
f 17/286/23 111/73/23 29/75/23
f 7/61/18 109/59/18 24/231/18
f 280/50/12 7/287/12 264/288/12
f 114/35/12 17/286/12 19/74/12
f 343/45/12 9/64/12 331/66/12
f 234/42/15 68/289/15 217/290/15
f 520/33/12 19/74/12 534/291/12
f 135/292/84 185/293/84 171/294/84
f 152/295/85 182/296/85 181/297/85
f 53/298/86 175/299/86 149/300/86
f 151/301/87 180/302/87 78/303/87
f 152/304/79 108/305/79 79/265/79
f 151/306/79 104/19/79 58/252/79
f 150/307/88 106/308/88 74/267/88
f 149/309/78 102/310/78 53/249/78
f 557/311/89 139/312/89 71/186/89
f 108/188/90 148/313/90 80/314/90
f 150/315/91 178/316/91 177/22/91
f 145/317/7 107/192/7 77/318/7
f 368/319/5 76/320/5 364/194/5
f 273/321/92 143/322/92 75/197/92
f 149/300/93 176/323/93 73/324/93
f 282/325/94 105/200/94 274/326/94
f 170/327/95 167/328/95 159/329/95
f 169/330/96 168/331/96 163/332/96
f 156/333/96 169/330/96 161/334/96
f 154/335/95 170/327/95 157/336/95
f 158/337/97 170/327/97 166/338/97
f 162/339/98 169/330/98 165/340/98
f 169/330/99 164/341/99 165/340/99
f 170/327/100 160/342/100 166/338/100
f 136/343/101 186/344/101 173/345/101
f 58/346/102 179/347/102 151/301/102
f 78/348/103 183/8/103 137/349/103
f 74/350/104 184/351/104 178/352/104
f 135/292/105 172/353/105 53/354/105
f 59/355/106 181/297/106 186/356/106
f 73/357/107 184/351/107 138/358/107
f 136/343/108 174/359/108 58/360/108
f 154/361/109 171/294/109 153/362/109
f 156/363/110 173/345/110 155/364/110
f 158/365/111 175/299/111 157/366/111
f 160/342/112 177/367/112 178/368/112
f 162/339/113 179/347/113 161/334/113
f 164/369/114 181/297/114 182/296/114
f 164/370/115 183/8/115 165/371/115
f 160/372/116 184/351/116 166/373/116
f 167/374/117 171/294/117 185/293/117
f 168/375/118 173/345/118 186/344/118
f 162/376/119 183/8/119 180/377/119
f 158/378/120 184/351/120 176/379/120
f 157/366/121 172/380/121 154/381/121
f 159/329/122 185/382/122 177/367/122
f 161/334/123 174/383/123 156/333/123
f 163/384/124 186/356/124 181/297/124
f 123/385/61 198/386/61 18/387/61
f 209/388/61 197/275/61 198/386/61
f 122/389/62 188/390/62 8/391/62
f 207/392/62 187/274/62 188/390/62
f 270/393/65 188/394/65 283/395/65
f 283/395/65 187/396/65 284/221/65
f 14/397/125 192/398/125 16/399/125
f 205/400/64 191/220/64 192/398/64
f 516/401/63 201/402/63 542/403/63
f 542/403/63 202/202/63 543/217/63
f 122/389/62 203/404/62 207/392/62
f 207/392/62 204/405/62 208/214/62
f 354/406/126 190/407/126 358/408/126
f 123/385/127 192/398/127 209/388/127
f 209/388/61 191/220/61 210/211/61
f 335/409/128 194/410/128 345/411/128
f 345/411/128 193/412/128 346/208/128
f 269/413/129 196/414/129 285/415/129
f 285/415/130 195/416/130 286/205/130
f 18/387/58 201/402/58 20/417/58
f 198/386/58 202/202/58 201/402/58
f 555/418/131 200/419/131 566/420/131
f 258/421/15 218/422/15 252/423/15
f 233/424/15 217/290/15 218/422/15
f 246/425/45 228/426/45 242/427/45
f 231/428/45 227/181/45 228/426/45
f 76/429/132 529/430/132 41/431/132
f 242/427/48 211/432/48 244/433/48
f 211/432/48 227/181/48 212/182/48
f 292/434/47 226/435/47 287/436/47
f 287/436/47 225/437/47 288/178/47
f 351/438/46 224/439/46 347/440/46
f 347/440/46 223/441/46 348/175/46
f 246/425/45 222/442/45 231/428/45
f 231/428/45 221/38/45 232/173/45
f 383/443/133 219/444/133 384/445/133
f 258/421/15 213/446/15 233/424/15
f 233/424/15 214/447/15 234/42/15
f 546/448/14 211/432/14 544/449/14
f 544/449/14 212/182/14 545/39/14
f 245/450/13 222/442/13 241/451/13
f 215/452/13 221/38/13 222/442/13
f 291/453/9 218/454/9 289/455/9
f 289/455/9 217/456/9 290/24/9
f 487/457/134 583/458/134 439/459/134
f 236/103/135 525/460/135 43/101/135
f 592/461/136 565/462/136 589/463/136
f 406/464/137 220/465/137 383/466/137
f 254/467/138 390/468/138 226/435/138
f 247/469/139 385/470/139 33/471/139
f 240/472/140 397/473/140 401/474/140
f 400/475/141 84/476/141 399/477/141
f 324/478/142 195/416/142 196/414/142
f 400/479/143 356/480/143 405/481/143
f 357/482/144 71/186/144 139/312/144
f 84/483/145 401/474/145 399/484/145
f 587/485/146 569/486/146 579/487/146
f 85/488/13 241/451/13 86/212/13
f 539/218/14 244/433/14 546/448/14
f 131/213/45 241/451/45 246/425/45
f 89/203/48 244/433/48 81/204/48
f 131/213/45 242/427/45 89/203/45
f 237/102/31 118/92/31 46/489/31
f 236/103/33 46/489/33 44/98/33
f 118/92/31 238/97/31 48/490/31
f 48/86/29 239/90/29 50/491/29
f 568/85/147 31/492/147 553/80/147
f 393/493/148 403/494/148 402/495/148
f 587/496/149 581/497/149 588/498/149
f 276/223/9 252/499/9 291/453/9
f 132/216/15 257/500/15 258/421/15
f 339/210/46 253/501/46 351/438/46
f 88/206/150 292/434/150 275/207/150
f 132/216/15 252/423/15 82/273/15
f 248/126/39 120/116/39 36/502/39
f 267/122/151 248/126/151 36/502/151
f 120/116/39 249/121/39 38/503/39
f 265/110/37 250/115/37 40/504/37
f 361/104/35 251/109/35 42/505/35
f 249/121/37 265/110/37 38/503/37
f 247/506/151 267/122/151 34/507/151
f 275/207/152 257/500/152 83/215/152
f 276/223/9 253/501/9 87/209/9
f 289/455/9 223/441/9 224/439/9
f 291/453/9 224/439/9 253/501/9
f 287/436/47 214/447/47 213/446/47
f 292/434/47 213/446/47 257/500/47
f 285/415/153 204/405/153 203/404/153
f 269/413/153 203/404/153 6/508/153
f 283/395/65 193/412/65 194/410/65
f 270/393/154 194/410/154 10/509/154
f 140/510/155 274/326/155 72/511/155
f 142/512/156 273/321/156 106/308/156
f 115/47/12 264/288/12 9/64/12
f 126/513/43 271/283/43 65/514/43
f 24/231/69 278/232/69 261/62/69
f 22/515/67 277/227/67 259/229/67
f 284/221/65 87/209/65 193/412/65
f 204/405/157 275/207/157 83/215/157
f 33/516/158 274/326/158 268/125/158
f 106/308/159 266/196/159 37/120/159
f 288/178/47 67/43/47 214/447/47
f 126/513/43 272/517/43 279/159/43
f 8/137/43 262/141/43 101/518/43
f 4/131/43 260/135/43 51/519/43
f 33/516/160 293/127/160 247/506/160
f 492/520/40 267/122/40 503/124/40
f 37/120/37 294/113/37 249/121/37
f 494/117/36 265/110/36 504/112/36
f 9/521/19 261/62/19 25/233/19
f 5/51/17 259/56/17 23/522/17
f 115/47/12 263/57/12 280/50/12
f 290/24/9 66/176/9 223/441/9
f 142/259/4 262/10/4 281/12/4
f 140/523/2 260/4/2 282/6/2
f 469/524/161 320/525/161 300/526/161
f 307/527/162 567/528/162 558/529/162
f 565/462/163 590/530/163 589/463/163
f 317/531/164 564/532/164 563/533/164
f 319/534/165 563/533/165 567/528/165
f 549/535/166 530/536/166 425/537/166
f 561/538/167 314/539/167 562/540/167
f 303/541/168 561/538/168 574/542/168
f 475/543/169 306/544/169 472/545/169
f 578/546/12 299/547/12 552/548/12
f 577/549/43 304/550/43 556/551/43
f 474/552/75 296/553/75 467/554/75
f 570/555/71 308/556/71 295/557/71
f 562/540/170 307/527/170 558/529/170
f 472/545/171 301/558/171 470/559/171
f 490/560/49 304/561/49 471/562/49
f 577/549/43 305/563/43 310/564/43
f 303/565/43 483/566/43 485/567/43
f 481/568/161 301/558/161 320/525/161
f 469/524/172 505/569/172 512/570/172
f 552/571/25 296/553/25 551/248/25
f 298/572/21 482/573/21 484/574/21
f 318/575/14 575/576/14 564/532/14
f 578/546/12 298/572/12 311/577/12
f 483/578/173 312/579/173 475/580/173
f 72/581/174 323/582/174 140/583/174
f 326/584/175 387/585/175 394/586/175
f 358/408/176 325/587/176 324/478/176
f 322/588/126 196/414/126 4/589/126
f 354/590/43 321/132/43 353/591/43
f 357/592/1 321/1/1 323/3/1
f 250/115/35 332/593/35 40/504/35
f 339/210/46 373/594/46 365/595/46
f 195/416/177 388/596/177 88/206/177
f 226/435/44 350/597/44 225/437/44
f 347/440/46 372/598/46 371/599/46
f 351/438/46 371/599/46 373/594/46
f 345/411/60 370/600/60 369/601/60
f 335/409/128 369/601/128 379/602/128
f 143/322/178 338/603/178 75/197/178
f 382/604/12 331/66/12 360/605/12
f 66/606/43 342/607/43 337/608/43
f 25/233/70 341/609/70 328/610/70
f 375/54/66 340/224/66 327/226/66
f 346/208/60 365/595/60 370/600/60
f 75/197/179 333/611/179 39/114/179
f 348/175/46 380/612/46 372/598/46
f 350/597/44 65/179/44 225/437/44
f 65/514/43 342/607/43 126/513/43
f 10/140/43 329/613/43 55/614/43
f 378/615/180 506/128/180 508/616/180
f 39/114/35 352/617/35 250/115/35
f 495/111/34 332/593/34 507/618/34
f 360/605/20 328/65/20 359/619/20
f 3/620/16 327/226/16 22/225/16
f 382/604/12 330/621/12 343/45/12
f 143/11/5 329/622/5 344/623/5
f 139/31/1 353/624/1 357/592/1
f 2/156/43 353/591/43 52/625/43
f 189/626/181 358/408/181 190/407/181
f 326/584/182 357/482/182 323/582/182
f 405/627/183 326/584/183 403/628/183
f 322/588/184 358/408/184 324/478/184
f 113/629/12 377/630/12 382/604/12
f 11/67/20 359/619/20 26/631/20
f 491/81/185 378/615/185 508/616/185
f 372/598/46 62/184/46 229/632/46
f 370/600/60 90/633/60 199/634/60
f 21/247/66 381/635/66 375/54/66
f 113/629/12 360/605/12 11/67/12
f 379/602/128 200/419/128 12/636/128
f 369/601/128 199/634/128 200/419/128
f 373/594/46 230/637/46 255/638/46
f 371/599/46 229/632/46 230/637/46
f 365/595/46 255/638/46 90/633/46
f 332/593/35 374/107/35 361/104/35
f 406/639/186 349/640/186 404/641/186
f 383/642/187 350/643/187 349/644/187
f 344/645/5 364/194/5 338/603/5
f 337/608/43 367/169/43 380/277/43
f 341/609/70 359/236/70 328/610/70
f 338/603/54 362/195/54 333/611/54
f 350/597/44 363/172/44 336/646/44
f 336/647/43 367/169/43 342/607/43
f 379/145/43 329/613/43 335/648/43
f 352/617/35 362/195/35 374/107/35
f 332/593/34 509/106/34 507/618/34
f 377/55/16 327/226/16 330/649/16
f 329/622/5 368/15/5 344/623/5
f 72/581/188 385/470/188 387/585/188
f 349/650/189 390/468/189 396/651/189
f 334/652/190 386/653/190 34/129/190
f 247/469/191 386/653/191 391/654/191
f 325/655/192 389/656/192 195/657/192
f 254/467/193 388/596/193 392/658/193
f 398/659/194 394/586/194 387/585/194
f 387/585/195 407/660/195 398/659/195
f 407/660/196 391/654/196 408/661/196
f 409/662/197 392/663/197 408/664/197
f 409/665/198 396/666/198 390/667/198
f 404/668/199 395/669/199 334/652/199
f 396/670/200 404/671/200 349/672/200
f 395/673/201 409/665/201 386/674/201
f 391/654/202 409/675/202 408/661/202
f 392/663/203 407/676/203 408/664/203
f 389/677/204 407/676/204 388/678/204
f 393/679/205 398/680/205 389/681/205
f 378/682/206 404/641/206 334/683/206
f 355/684/207 403/685/207 325/686/207
f 394/586/208 403/628/208 326/584/208
f 32/187/209 401/687/209 235/84/209
f 355/684/210 400/479/210 405/481/210
f 400/688/211 32/689/211 71/690/211
f 235/84/212 397/691/212 31/492/212
f 31/492/213 406/692/213 378/615/213
f 433/693/214 573/694/214 583/458/214
f 439/459/134 585/695/134 518/237/134
f 565/696/215 425/537/215 464/697/215
f 583/458/216 584/698/216 585/695/216
f 569/699/217 464/697/217 463/700/217
f 585/695/134 96/239/134 518/237/134
f 579/701/218 463/700/218 424/702/218
f 585/695/134 44/98/134 497/100/134
f 199/634/219 566/420/219 200/419/219
f 566/703/220 579/704/220 424/705/220
f 530/536/221 206/706/221 205/707/221
f 315/708/222 417/709/222 411/710/222
f 411/710/223 465/711/223 412/712/223
f 412/712/224 466/713/224 413/714/224
f 466/713/225 414/715/225 413/714/225
f 42/716/134 423/717/134 496/718/134
f 429/719/226 530/536/226 532/720/226
f 462/721/227 424/702/227 463/700/227
f 555/722/43 428/723/43 550/724/43
f 429/725/43 459/726/43 461/727/43
f 582/728/228 428/729/228 417/730/228
f 459/731/229 418/732/229 466/733/229
f 541/734/230 435/735/230 451/736/230
f 515/737/21 434/738/21 513/739/21
f 548/740/172 445/741/172 510/742/172
f 536/743/161 457/744/161 547/745/161
f 516/746/43 435/747/43 514/748/43
f 442/749/49 537/750/49 521/751/49
f 536/743/171 448/752/171 446/753/171
f 533/78/75 450/754/75 443/755/75
f 538/756/169 451/757/169 448/752/169
f 418/758/231 415/759/231 414/715/231
f 547/745/161 445/741/161 535/760/161
f 473/761/14 456/762/14 480/763/14
f 478/764/14 455/765/14 479/766/14
f 480/763/14 454/767/14 478/764/14
f 476/768/63 453/769/63 477/770/63
f 485/771/168 452/772/168 476/768/168
f 489/773/12 444/774/12 468/775/12
f 488/776/43 447/777/43 471/778/43
f 487/457/71 434/779/71 482/780/71
f 477/770/63 449/781/63 473/761/63
f 488/776/43 438/782/43 440/783/43
f 527/784/232 77/318/232 415/759/232
f 444/785/25 467/554/25 468/786/25
f 479/766/14 438/787/14 486/788/14
f 489/773/12 436/789/12 441/790/12
f 428/729/229 465/791/229 417/730/229
f 460/792/229 466/733/229 465/791/229
f 462/793/43 428/723/43 430/794/43
f 461/727/43 460/795/43 462/793/43
f 461/796/233 425/537/233 429/719/233
f 461/796/234 463/700/234 464/697/234
f 591/797/235 549/798/235 592/799/235
f 597/800/236 573/801/236 596/802/236
f 215/803/49 521/751/49 216/804/49
f 496/718/134 576/805/134 95/806/134
f 311/577/12 484/574/12 489/773/12
f 479/766/14 305/807/14 318/575/14
f 299/808/25 467/554/25 296/553/25
f 310/564/43 486/809/43 488/776/43
f 477/770/63 307/527/63 314/539/63
f 295/557/71 487/457/71 482/780/71
f 310/564/43 471/778/43 304/550/43
f 311/577/12 468/775/12 299/547/12
f 485/771/63 313/810/63 303/541/63
f 476/768/63 314/539/63 313/810/63
f 480/763/14 317/531/14 319/534/14
f 478/764/14 318/575/14 317/531/14
f 473/761/14 319/534/14 307/527/14
f 451/736/173 483/578/173 475/580/173
f 436/789/21 482/573/21 434/738/21
f 510/742/172 469/524/172 512/570/172
f 446/753/161 481/568/161 457/744/161
f 437/811/43 483/566/43 435/747/43
f 490/560/49 447/812/49 442/749/49
f 446/753/171 472/545/171 470/559/171
f 443/755/75 474/552/75 467/554/75
f 448/752/169 475/543/169 472/545/169
f 595/813/237 432/814/237 594/815/237
f 76/429/238 582/816/238 315/708/238
f 457/744/161 469/524/161 445/741/161
f 450/754/172 512/570/172 474/552/172
f 540/817/172 510/742/172 450/754/172
f 507/618/34 366/234/34 341/609/34
f 491/81/239 381/635/239 100/818/239
f 94/819/34 507/618/34 341/609/34
f 381/635/240 506/128/240 340/224/240
f 512/570/172 309/820/172 474/552/172
f 245/821/241 416/822/241 215/803/241
f 93/823/36 504/112/36 278/232/36
f 91/824/40 503/124/40 277/227/40
f 97/825/30 502/94/30 134/240/30
f 92/826/38 501/118/38 133/230/38
f 340/224/242 492/130/242 91/827/242
f 503/124/40 92/826/40 277/227/40
f 501/118/38 93/823/38 133/230/38
f 504/112/36 94/819/36 278/232/36
f 509/106/34 95/828/34 366/234/34
f 522/829/243 245/821/243 85/830/243
f 96/239/32 498/99/32 97/825/32
f 502/94/30 98/831/30 134/240/30
f 499/88/28 99/832/28 98/243/28
f 586/82/244 100/818/244 559/246/244
f 523/833/245 90/633/245 255/638/245
f 99/832/172 548/740/172 540/817/172
f 239/90/161 535/760/161 50/491/161
f 594/834/246 426/835/246 593/836/246
f 80/314/11 541/837/11 538/756/11
f 30/244/75 540/817/75 533/78/75
f 49/189/171 538/756/171 536/743/171
f 521/751/49 64/838/49 216/804/49
f 20/839/43 514/748/43 60/154/43
f 49/189/161 547/745/161 239/90/161
f 500/87/172 535/760/172 548/740/172
f 13/34/21 513/739/21 27/840/21
f 148/29/11 514/841/11 541/734/11
f 532/720/247 205/707/247 14/842/247
f 596/802/248 458/843/248 595/844/248
f 524/845/249 199/634/249 90/633/249
f 415/759/250 43/101/250 525/460/250
f 416/822/251 442/749/251 521/751/251
f 419/846/252 490/560/252 442/749/252
f 236/103/253 584/698/253 526/847/253
f 449/781/14 546/448/14 456/762/14
f 490/560/251 421/848/251 316/849/251
f 251/850/254 426/851/254 42/716/254
f 454/767/14 545/39/14 455/765/14
f 456/762/14 544/449/14 454/767/14
f 452/772/63 543/217/63 453/769/63
f 437/852/168 542/403/168 452/772/168
f 441/790/12 534/291/12 444/774/12
f 440/783/43 537/281/43 447/777/43
f 439/459/71 513/238/71 434/779/71
f 453/769/63 539/218/63 449/781/63
f 440/783/43 517/853/43 519/162/43
f 532/148/43 427/854/43 429/725/43
f 316/849/251 422/855/251 580/183/251
f 534/79/25 443/755/25 444/785/25
f 455/765/14 517/41/14 438/787/14
f 441/790/12 515/737/12 520/33/12
f 427/856/255 527/16/255 418/732/255
f 505/569/172 559/246/172 309/820/172
f 529/430/256 251/850/256 41/431/256
f 144/857/257 550/858/257 582/728/257
f 12/143/43 550/724/43 56/859/43
f 580/183/49 230/637/49 229/632/49
f 423/717/134 308/556/134 576/805/134
f 591/860/258 525/861/258 599/862/258
f 113/629/12 572/69/12 578/546/12
f 564/532/14 61/863/14 219/444/14
f 1/53/25 551/248/25 21/247/25
f 588/864/259 529/430/259 315/708/259
f 124/168/43 575/865/43 577/549/43
f 189/866/260 558/529/260 84/476/260
f 26/867/71 576/805/71 570/555/71
f 124/168/43 556/551/43 62/278/43
f 113/629/12 552/548/12 1/868/12
f 574/542/63 190/869/63 2/870/63
f 190/869/261 562/540/261 189/866/261
f 567/528/262 220/871/262 240/872/262
f 563/533/263 219/444/263 220/871/263
f 558/529/264 240/872/264 84/476/264
f 426/851/216 431/873/216 423/717/216
f 320/525/265 553/80/265 300/526/265
f 431/873/134 487/457/134 308/556/134
f 302/874/266 85/830/266 206/706/266
f 255/638/267 422/855/267 523/833/267
f 432/875/216 433/693/216 431/873/216
f 430/876/268 566/420/268 424/702/268
f 306/544/269 560/877/269 557/311/269
f 309/820/75 551/248/75 296/553/75
f 301/558/270 557/311/270 554/83/270
f 316/849/49 556/185/49 304/561/49
f 574/158/43 297/878/43 303/565/43
f 301/558/271 568/85/271 320/525/271
f 300/526/272 586/82/272 505/569/272
f 572/69/21 295/879/21 298/572/21
f 297/880/273 560/32/273 312/579/273
f 601/881/274 426/882/274 528/883/274
f 598/884/275 584/885/275 597/886/275
f 599/862/276 526/887/276 598/884/276
f 524/845/277 601/888/277 600/889/277
f 523/833/278 593/890/278 601/888/278
f 600/891/279 528/892/279 529/430/279
f 599/893/280 511/894/280 522/895/280
f 511/894/281 597/896/281 416/897/281
f 581/497/282 600/898/282 588/498/282
f 302/899/283 599/893/283 522/895/283
f 596/900/284 420/901/284 419/846/284
f 421/902/285 593/903/285 422/904/285
f 420/905/286 594/906/286 421/907/286
f 597/908/287 419/909/287 416/910/287
f 415/911/288 592/912/288 414/913/288
f 413/914/289 590/530/289 412/915/289
f 411/710/290 588/864/290 315/708/290
f 411/916/291 590/917/291 587/918/291
f 413/714/292 592/919/292 589/920/292
f 321/1/1 51/921/1 140/2/1
f 260/4/2 102/310/2 141/5/2
f 79/7/293 137/349/293 183/8/293
f 262/10/4 55/922/4 143/11/4
f 376/13/5 56/923/5 144/14/5
f 527/16/294 531/924/294 57/17/294
f 145/18/7 57/17/7 104/19/7
f 54/21/295 150/315/295 177/22/295
f 290/24/9 217/456/9 68/25/9
f 147/27/296 103/925/296 60/28/296
f 571/30/11 52/926/11 139/31/11
f 520/33/12 515/737/12 13/34/12
f 216/36/13 64/927/13 69/37/13
f 545/39/14 212/182/14 63/40/14
f 234/42/15 214/447/15 67/43/15
f 343/45/12 330/621/12 3/46/12
f 114/35/12 13/34/12 15/48/12
f 280/50/12 263/57/12 5/51/12
f 1/53/16 21/247/16 375/54/16
f 3/46/17 22/928/17 259/56/17
f 5/58/18 23/228/18 109/59/18
f 7/61/19 24/231/19 261/62/19
f 9/64/20 25/929/20 328/65/20
f 11/67/21 26/631/21 570/68/21
f 15/70/22 13/930/22 27/71/22
f 15/48/23 28/931/23 111/73/23
f 19/74/24 17/286/24 29/75/24
f 19/77/25 30/244/25 533/78/25
f 553/80/297 31/492/297 491/81/297
f 554/83/298 32/187/298 235/84/298
f 48/86/28 50/491/28 500/87/28
f 47/89/29 49/189/29 239/90/29
f 118/92/30 48/490/30 499/93/30
f 243/95/31 119/191/31 47/96/31
f 44/98/32 46/489/32 498/99/32
f 43/101/33 45/193/33 237/102/33
f 361/104/34 42/505/34 496/105/34
f 374/107/35 362/195/35 41/108/35
f 265/110/36 40/504/36 495/111/36
f 294/113/37 266/196/37 39/114/37
f 120/116/38 38/503/38 494/117/38
f 256/119/39 121/199/39 37/120/39
f 267/122/40 36/502/40 493/123/40
f 268/125/299 35/201/299 248/126/299
f 506/128/300 334/652/300 34/129/300
f 4/131/43 51/519/43 321/132/43
f 6/134/43 102/285/43 260/135/43
f 8/137/43 101/518/43 110/138/43
f 10/140/43 55/614/43 262/141/43
f 12/143/43 56/859/43 376/144/43
f 14/146/43 57/150/43 531/147/43
f 16/149/43 104/284/43 57/150/43
f 18/151/43 103/155/43 112/152/43
f 18/151/43 20/839/43 60/154/43
f 2/156/43 52/625/43 571/157/43
f 279/159/43 272/517/43 68/160/43
f 519/162/43 517/853/43 63/163/43
f 125/164/43 63/163/43 70/165/43
f 363/167/43 61/932/43 124/168/43
f 384/170/44 219/933/44 61/171/44
f 232/173/45 221/38/45 69/37/45
f 348/175/46 223/441/46 66/176/46
f 288/178/47 225/437/47 65/179/47
f 227/181/48 70/276/48 63/40/48
f 580/183/49 229/632/49 62/184/49
f 554/83/301 557/311/301 71/186/301
f 108/188/51 80/314/51 49/189/51
f 129/190/52 108/305/52 47/96/52
f 43/101/53 77/318/53 107/192/53
f 364/194/54 76/320/54 41/108/54
f 266/196/302 273/321/302 75/197/302
f 130/198/56 106/308/56 37/120/56
f 268/125/303 274/326/303 105/200/303
f 202/202/58 197/275/58 89/203/58
f 286/205/304 195/416/304 88/206/304
f 346/208/128 193/412/128 87/209/128
f 210/211/61 191/220/61 86/212/61
f 208/214/62 204/405/62 83/215/62
f 543/217/63 202/202/63 81/204/63
f 206/219/64 85/488/64 86/212/64
f 284/221/65 187/396/65 82/222/65
f 340/224/66 91/827/66 22/225/66
f 277/227/67 92/826/67 23/228/67
f 133/230/68 93/823/68 24/231/68
f 278/232/69 94/819/69 25/233/69
f 366/234/70 95/828/70 26/235/70
f 518/237/71 96/239/71 27/71/71
f 96/239/72 97/825/72 28/72/72
f 134/240/73 98/831/73 29/241/73
f 98/243/74 99/832/74 30/244/74
f 559/246/75 100/818/75 21/247/75
f 53/249/78 102/310/78 110/250/78
f 58/252/79 104/19/79 112/253/79
f 149/255/78 73/269/78 105/200/78
f 150/257/78 54/272/78 101/258/78
f 151/260/79 78/270/79 107/192/79
f 152/262/79 59/271/79 103/263/79
f 79/265/79 108/305/79 129/190/79
f 74/267/305 106/308/305 130/198/305
f 73/269/306 138/268/306 130/198/306
f 78/270/307 137/266/307 129/190/307
f 59/271/308 136/254/308 112/253/308
f 54/272/309 135/251/309 110/250/309
f 28/72/73 97/825/73 134/240/73
f 23/228/68 92/826/68 133/230/68
f 208/214/62 132/216/62 82/273/62
f 210/211/61 131/213/61 89/203/61
f 35/201/310 105/200/310 130/198/310
f 45/193/52 107/192/52 129/190/52
f 232/173/45 128/174/45 70/276/45
f 380/277/43 367/169/43 124/168/43
f 125/164/43 128/166/43 69/279/43
f 519/162/43 125/164/43 64/280/43
f 279/159/43 127/161/43 67/282/43
f 16/149/43 123/153/43 112/152/43
f 6/134/43 122/139/43 110/138/43
f 35/201/39 121/199/39 256/119/39
f 493/123/38 36/502/38 120/116/38
f 45/193/31 119/191/31 243/95/31
f 498/99/30 46/489/30 118/92/30
f 17/286/23 117/49/23 111/73/23
f 7/61/18 116/60/18 109/59/18
f 280/50/12 116/52/12 7/287/12
f 114/35/12 117/49/12 17/286/12
f 343/45/12 115/47/12 9/64/12
f 234/42/15 127/44/15 68/289/15
f 520/33/12 114/35/12 19/74/12
f 135/292/311 54/934/311 185/293/311
f 152/295/312 79/935/312 182/296/312
f 53/298/313 172/380/313 175/299/313
f 151/301/314 179/347/314 180/302/314
f 152/304/315 147/936/315 108/305/315
f 151/306/79 146/20/79 104/19/79
f 150/307/316 142/512/316 106/308/316
f 149/309/78 141/5/78 102/310/78
f 557/311/317 560/877/317 139/312/317
f 108/188/318 147/937/318 148/313/318
f 150/315/319 74/938/319 178/316/319
f 145/317/7 146/261/7 107/192/7
f 368/319/5 144/939/5 76/320/5
f 273/321/4 281/940/4 143/322/4
f 149/300/320 175/299/320 176/323/320
f 282/325/2 141/256/2 105/200/2
f 170/327/321 153/941/321 167/328/321
f 169/330/322 155/942/322 168/331/322
f 156/333/323 155/942/323 169/330/323
f 154/335/324 153/941/324 170/327/324
f 158/337/325 157/336/325 170/327/325
f 162/339/326 161/334/326 169/330/326
f 169/330/326 163/332/326 164/341/326
f 170/327/325 159/329/325 160/342/325
f 136/343/327 59/943/327 186/344/327
f 58/346/328 174/383/328 179/347/328
f 78/348/329 180/377/329 183/8/329
f 74/350/330 138/358/330 184/351/330
f 135/292/331 171/294/331 172/353/331
f 59/355/332 152/295/332 181/297/332
f 73/357/333 176/379/333 184/351/333
f 136/343/334 173/345/334 174/359/334
f 154/361/335 172/353/335 171/294/335
f 156/363/336 174/359/336 173/345/336
f 158/365/337 176/323/337 175/299/337
f 160/342/338 159/329/338 177/367/338
f 162/339/339 180/302/339 179/347/339
f 164/369/340 163/384/340 181/297/340
f 164/370/341 182/9/341 183/8/341
f 160/372/342 178/352/342 184/351/342
f 167/374/343 153/362/343 171/294/343
f 168/375/344 155/364/344 173/345/344
f 162/376/345 165/371/345 183/8/345
f 158/378/346 166/373/346 184/351/346
f 157/366/347 175/299/347 172/380/347
f 159/329/348 167/328/348 185/382/348
f 161/334/349 179/347/349 174/383/349
f 163/384/350 168/944/350 186/356/350
f 123/385/61 209/388/61 198/386/61
f 209/388/61 210/211/61 197/275/61
f 122/389/62 207/392/62 188/390/62
f 207/392/62 208/214/62 187/274/62
f 270/393/154 8/945/154 188/394/154
f 283/395/65 188/394/65 187/396/65
f 14/397/64 205/400/64 192/398/64
f 205/400/64 206/219/64 191/220/64
f 516/401/63 20/417/63 201/402/63
f 542/403/168 201/402/168 202/202/168
f 122/389/62 6/508/62 203/404/62
f 207/392/62 203/404/62 204/405/62
f 354/406/126 2/946/126 190/407/126
f 123/385/61 16/399/61 192/398/61
f 209/388/61 192/398/61 191/220/61
f 335/409/128 10/509/128 194/410/128
f 345/411/128 194/410/128 193/412/128
f 269/413/153 4/589/153 196/414/153
f 285/415/351 196/414/351 195/416/351
f 18/387/58 198/386/58 201/402/58
f 198/386/352 197/275/352 202/202/352
f 555/418/353 12/636/353 200/419/353
f 258/421/15 233/424/15 218/422/15
f 233/424/15 234/42/15 217/290/15
f 246/425/45 231/428/45 228/426/45
f 231/428/45 232/173/45 227/181/45
f 76/429/354 315/708/354 529/430/354
f 242/427/48 228/426/48 211/432/48
f 211/432/48 228/426/48 227/181/48
f 292/434/47 254/467/47 226/435/47
f 287/436/47 226/435/47 225/437/47
f 351/438/46 253/501/46 224/439/46
f 347/440/46 224/439/46 223/441/46
f 246/425/45 241/451/45 222/442/45
f 231/428/45 222/442/45 221/38/45
f 383/443/355 220/871/355 219/444/355
f 258/421/15 257/500/15 213/446/15
f 233/424/15 213/446/15 214/447/15
f 546/448/14 244/433/14 211/432/14
f 544/449/14 211/432/14 212/182/14
f 245/450/13 215/452/13 222/442/13
f 215/452/13 216/36/13 221/38/13
f 291/453/9 252/499/9 218/454/9
f 289/455/9 218/454/9 217/456/9
f 487/457/134 433/693/134 583/458/134
f 236/103/356 526/847/356 525/460/356
f 592/461/357 549/947/357 565/462/357
f 406/464/358 397/473/358 220/465/358
f 254/467/359 392/658/359 390/468/359
f 247/469/360 391/654/360 385/470/360
f 240/472/361 220/465/361 397/473/361
f 400/475/362 189/866/362 84/476/362
f 324/478/363 325/587/363 195/416/363
f 400/479/364 71/948/364 356/480/364
f 357/482/365 356/949/365 71/186/365
f 84/483/366 240/472/366 401/474/366
f 587/485/367 590/530/367 569/486/367
f 85/488/13 245/450/13 241/451/13
f 539/218/14 81/204/14 244/433/14
f 131/213/45 86/212/45 241/451/45
f 89/203/48 242/427/48 244/433/48
f 131/213/45 246/425/45 242/427/45
f 237/102/31 243/95/31 118/92/31
f 236/103/33 237/102/33 46/489/33
f 118/92/31 243/95/31 238/97/31
f 48/86/29 238/91/29 239/90/29
f 568/85/368 235/84/368 31/492/368
f 393/493/369 325/950/369 403/494/369
f 587/496/370 579/951/370 581/497/370
f 276/223/9 82/222/9 252/499/9
f 132/216/15 83/215/15 257/500/15
f 339/210/46 87/209/46 253/501/46
f 88/206/371 254/467/371 292/434/371
f 132/216/15 258/421/15 252/423/15
f 248/126/39 256/119/39 120/116/39
f 267/122/151 293/127/151 248/126/151
f 120/116/39 256/119/39 249/121/39
f 265/110/37 294/113/37 250/115/37
f 361/104/35 374/107/35 251/109/35
f 249/121/37 294/113/37 265/110/37
f 247/506/151 293/127/151 267/122/151
f 275/207/372 292/434/372 257/500/372
f 276/223/9 291/453/9 253/501/9
f 289/455/9 290/24/9 223/441/9
f 291/453/9 289/455/9 224/439/9
f 287/436/47 288/178/47 214/447/47
f 292/434/47 287/436/47 213/446/47
f 285/415/130 286/205/130 204/405/130
f 269/413/153 285/415/153 203/404/153
f 283/395/65 284/221/65 193/412/65
f 270/393/65 283/395/65 194/410/65
f 140/510/373 282/325/373 274/326/373
f 142/512/4 281/940/4 273/321/4
f 115/47/12 280/50/12 264/288/12
f 126/513/43 279/159/43 271/283/43
f 24/231/69 93/823/69 278/232/69
f 22/515/67 91/824/67 277/227/67
f 284/221/154 276/223/154 87/209/154
f 204/405/374 286/205/374 275/207/374
f 33/516/375 72/511/375 274/326/375
f 106/308/376 273/321/376 266/196/376
f 288/178/47 271/180/47 67/43/47
f 126/513/43 66/606/43 272/517/43
f 8/137/43 270/142/43 262/141/43
f 4/131/43 269/136/43 260/135/43
f 33/516/377 268/125/377 293/127/377
f 492/520/40 34/507/40 267/122/40
f 37/120/37 266/196/37 294/113/37
f 494/117/36 38/503/36 265/110/36
f 9/521/19 264/63/19 261/62/19
f 5/51/17 263/57/17 259/56/17
f 115/47/12 3/46/12 263/57/12
f 290/24/9 272/26/9 66/176/9
f 142/259/4 101/258/4 262/10/4
f 140/523/2 51/952/2 260/4/2
f 469/524/161 481/568/161 320/525/161
f 307/527/378 319/534/378 567/528/378
f 565/462/379 569/486/379 590/530/379
f 317/531/14 318/575/14 564/532/14
f 319/534/380 317/531/380 563/533/380
f 549/535/381 302/874/381 530/536/381
f 561/538/63 313/810/63 314/539/63
f 303/541/63 313/810/63 561/538/63
f 475/543/169 312/953/169 306/544/169
f 578/546/12 311/577/12 299/547/12
f 577/549/43 310/564/43 304/550/43
f 474/552/75 309/820/75 296/553/75
f 570/555/71 576/805/71 308/556/71
f 562/540/382 314/539/382 307/527/382
f 472/545/171 306/544/171 301/558/171
f 490/560/49 316/849/49 304/561/49
f 577/549/43 575/865/43 305/563/43
f 303/565/43 297/878/43 483/566/43
f 481/568/161 470/559/161 301/558/161
f 469/524/172 300/526/172 505/569/172
f 552/571/25 299/808/25 296/553/25
f 298/572/21 295/879/21 482/573/21
f 318/575/14 305/807/14 575/576/14
f 578/546/12 572/69/12 298/572/12
f 483/578/173 297/880/173 312/579/173
f 72/581/383 326/584/383 323/582/383
f 326/584/384 72/581/384 387/585/384
f 358/408/385 355/954/385 325/587/385
f 322/588/184 324/478/184 196/414/184
f 354/590/43 322/133/43 321/132/43
f 357/592/1 353/624/1 321/1/1
f 250/115/35 352/617/35 332/593/35
f 339/210/46 351/438/46 373/594/46
f 195/416/386 389/955/386 388/596/386
f 226/435/387 349/650/387 350/597/387
f 347/440/46 348/175/46 372/598/46
f 351/438/46 347/440/46 371/599/46
f 345/411/128 346/208/128 370/600/128
f 335/409/60 345/411/60 369/601/60
f 143/322/5 344/645/5 338/603/5
f 382/604/12 343/45/12 331/66/12
f 66/606/43 126/513/43 342/607/43
f 25/233/70 94/819/70 341/609/70
f 375/54/66 381/635/66 340/224/66
f 346/208/128 339/210/128 365/595/128
f 75/197/388 338/603/388 333/611/388
f 348/175/46 337/177/46 380/612/46
f 350/597/44 336/646/44 65/179/44
f 65/514/43 336/647/43 342/607/43
f 10/140/43 335/648/43 329/613/43
f 378/615/389 334/652/389 506/128/389
f 39/114/35 333/611/35 352/617/35
f 495/111/34 40/504/34 332/593/34
f 360/605/20 331/66/20 328/65/20
f 3/620/16 330/649/16 327/226/16
f 382/604/12 377/630/12 330/621/12
f 143/11/5 55/922/5 329/622/5
f 139/31/1 52/926/1 353/624/1
f 2/156/43 354/590/43 353/591/43
f 189/626/390 355/954/390 358/408/390
f 326/584/391 356/949/391 357/482/391
f 405/627/392 356/949/392 326/584/392
f 322/588/126 354/406/126 358/408/126
f 113/629/12 1/868/12 377/630/12
f 11/67/20 360/605/20 359/619/20
f 491/81/393 31/492/393 378/615/393
f 372/598/46 380/612/46 62/184/46
f 370/600/128 365/595/128 90/633/128
f 21/247/66 100/818/66 381/635/66
f 113/629/12 382/604/12 360/605/12
f 379/602/128 369/601/128 200/419/128
f 369/601/60 370/600/60 199/634/60
f 373/594/46 371/599/46 230/637/46
f 371/599/46 372/598/46 229/632/46
f 365/595/46 373/594/46 255/638/46
f 332/593/35 352/617/35 374/107/35
f 406/639/394 383/956/394 349/640/394
f 383/642/133 384/957/133 350/643/133
f 344/645/5 368/319/5 364/194/5
f 337/608/43 342/607/43 367/169/43
f 341/609/70 366/234/70 359/236/70
f 338/603/54 364/194/54 362/195/54
f 350/597/44 384/170/44 363/172/44
f 336/647/43 363/167/43 367/169/43
f 379/145/43 376/144/43 329/613/43
f 352/617/35 333/611/35 362/195/35
f 332/593/34 361/104/34 509/106/34
f 377/55/16 375/54/16 327/226/16
f 329/622/5 376/13/5 368/15/5
f 72/581/395 33/471/395 385/470/395
f 349/650/396 226/435/396 390/468/396
f 334/652/397 395/669/397 386/653/397
f 247/469/398 34/129/398 386/653/398
f 325/655/399 393/958/399 389/656/399
f 254/467/400 88/206/400 388/596/400
f 398/659/401 402/959/401 394/586/401
f 387/585/402 385/470/402 407/660/402
f 407/660/403 385/470/403 391/654/403
f 409/662/404 390/960/404 392/663/404
f 409/665/405 410/961/405 396/666/405
f 404/668/406 410/962/406 395/669/406
f 396/670/407 410/963/407 404/671/407
f 395/673/408 410/961/408 409/665/408
f 391/654/409 386/653/409 409/675/409
f 392/663/410 388/678/410 407/676/410
f 389/677/411 398/964/411 407/676/411
f 393/679/412 402/965/412 398/680/412
f 378/682/413 406/639/413 404/641/413
f 355/684/414 405/481/414 403/685/414
f 394/586/415 402/959/415 403/628/415
f 32/187/416 399/966/416 401/687/416
f 355/684/417 189/967/417 400/479/417
f 400/688/418 399/484/418 32/689/418
f 235/84/419 401/687/419 397/691/419
f 31/492/420 397/691/420 406/692/420
f 433/693/421 458/968/421 573/694/421
f 439/459/134 583/458/134 585/695/134
f 565/696/422 549/535/422 425/537/422
f 583/458/423 573/694/423 584/698/423
f 569/699/424 565/696/424 464/697/424
f 585/695/134 497/100/134 96/239/134
f 579/701/425 569/699/425 463/700/425
f 585/695/426 584/698/426 44/98/426
f 199/634/427 581/969/427 566/420/427
f 566/703/428 581/970/428 579/704/428
f 530/536/429 302/874/429 206/706/429
f 315/708/430 582/816/430 417/709/430
f 411/710/431 417/709/431 465/711/431
f 412/712/432 465/711/432 466/713/432
f 466/713/433 418/758/433 414/715/433
f 42/716/434 426/851/434 423/717/434
f 429/719/435 425/537/435 530/536/435
f 462/721/436 430/876/436 424/702/436
f 555/722/43 430/794/43 428/723/43
f 429/725/43 427/854/43 459/726/43
f 582/728/437 550/858/437 428/729/437
f 459/731/229 427/856/229 418/732/229
f 541/734/11 514/841/11 435/735/11
f 515/737/21 436/789/21 434/738/21
f 548/740/172 535/760/172 445/741/172
f 536/743/161 446/753/161 457/744/161
f 516/746/43 437/811/43 435/747/43
f 442/749/49 447/812/49 537/750/49
f 536/743/171 538/756/171 448/752/171
f 533/78/75 540/817/75 450/754/75
f 538/756/438 541/837/438 451/757/438
f 418/758/439 527/784/439 415/759/439
f 547/745/161 457/744/161 445/741/161
f 473/761/14 449/781/14 456/762/14
f 478/764/14 454/767/14 455/765/14
f 480/763/14 456/762/14 454/767/14
f 476/768/63 452/772/63 453/769/63
f 485/771/168 437/852/168 452/772/168
f 489/773/12 441/790/12 444/774/12
f 488/776/43 440/783/43 447/777/43
f 487/457/71 439/459/71 434/779/71
f 477/770/63 453/769/63 449/781/63
f 488/776/43 486/809/43 438/782/43
f 527/784/6 145/317/6 77/318/6
f 444/785/25 443/755/25 467/554/25
f 479/766/14 455/765/14 438/787/14
f 489/773/12 484/574/12 436/789/12
f 428/729/229 460/792/229 465/791/229
f 460/792/229 459/731/229 466/733/229
f 462/793/43 460/795/43 428/723/43
f 461/727/43 459/726/43 460/795/43
f 461/796/234 464/697/234 425/537/234
f 461/796/440 462/721/440 463/700/440
f 591/797/441 302/899/441 549/798/441
f 597/800/442 584/971/442 573/801/442
f 215/803/443 416/822/443 521/751/443
f 496/718/134 423/717/134 576/805/134
f 311/577/12 298/572/12 484/574/12
f 479/766/14 486/788/14 305/807/14
f 299/808/25 468/786/25 467/554/25
f 310/564/43 305/563/43 486/809/43
f 477/770/63 473/761/63 307/527/63
f 295/557/71 308/556/71 487/457/71
f 310/564/43 488/776/43 471/778/43
f 311/577/12 489/773/12 468/775/12
f 485/771/63 476/768/63 313/810/63
f 476/768/63 477/770/63 314/539/63
f 480/763/14 478/764/14 317/531/14
f 478/764/14 479/766/14 318/575/14
f 473/761/14 480/763/14 319/534/14
f 451/736/173 435/735/173 483/578/173
f 436/789/21 484/574/21 482/573/21
f 510/742/172 445/741/172 469/524/172
f 446/753/161 470/559/161 481/568/161
f 437/811/43 485/567/43 483/566/43
f 490/560/49 471/562/49 447/812/49
f 446/753/171 448/752/171 472/545/171
f 443/755/75 450/754/75 474/552/75
f 448/752/169 451/757/169 475/543/169
f 595/813/444 458/972/444 432/814/444
f 76/429/445 144/973/445 582/816/445
f 457/744/161 481/568/161 469/524/161
f 450/754/172 510/742/172 512/570/172
f 540/817/172 548/740/172 510/742/172
f 507/618/34 509/106/34 366/234/34
f 491/81/185 508/616/185 381/635/185
f 94/819/34 495/111/34 507/618/34
f 381/635/180 508/616/180 506/128/180
f 512/570/172 505/569/172 309/820/172
f 245/821/446 511/974/446 416/822/446
f 93/823/36 494/117/36 504/112/36
f 91/824/40 492/520/40 503/124/40
f 97/825/30 498/99/30 502/94/30
f 92/826/38 493/123/38 501/118/38
f 340/224/447 506/128/447 492/130/447
f 503/124/40 493/123/40 92/826/40
f 501/118/38 494/117/38 93/823/38
f 504/112/36 495/111/36 94/819/36
f 509/106/34 496/105/34 95/828/34
f 522/829/448 511/974/448 245/821/448
f 96/239/32 497/100/32 498/99/32
f 502/94/30 499/93/30 98/831/30
f 499/88/28 500/87/28 99/832/28
f 586/82/449 491/81/449 100/818/449
f 523/833/450 524/845/450 90/633/450
f 99/832/172 500/87/172 548/740/172
f 239/90/161 547/745/161 535/760/161
f 594/834/451 432/975/451 426/835/451
f 80/314/11 148/313/11 541/837/11
f 30/244/75 99/832/75 540/817/75
f 49/189/171 80/314/171 538/756/171
f 521/751/49 537/750/49 64/838/49
f 20/839/43 516/746/43 514/748/43
f 49/189/161 536/743/161 547/745/161
f 500/87/172 50/491/172 535/760/172
f 13/34/21 515/737/21 513/739/21
f 148/29/11 60/28/11 514/841/11
f 532/720/452 530/536/452 205/707/452
f 596/802/453 573/801/453 458/843/453
f 524/845/454 581/969/454 199/634/454
f 415/759/455 77/318/455 43/101/455
f 416/822/456 419/846/456 442/749/456
f 419/846/457 420/901/457 490/560/457
f 236/103/458 44/98/458 584/698/458
f 449/781/14 539/218/14 546/448/14
f 490/560/459 420/901/459 421/848/459
f 251/850/460 528/892/460 426/851/460
f 454/767/14 544/449/14 545/39/14
f 456/762/14 546/448/14 544/449/14
f 452/772/63 542/403/63 543/217/63
f 437/852/63 516/401/63 542/403/63
f 441/790/12 520/33/12 534/291/12
f 440/783/43 519/162/43 537/281/43
f 439/459/71 518/237/71 513/238/71
f 453/769/63 543/217/63 539/218/63
f 440/783/43 438/782/43 517/853/43
f 532/148/43 531/147/43 427/854/43
f 316/849/251 421/848/251 422/855/251
f 534/79/25 533/78/25 443/755/25
f 455/765/14 545/39/14 517/41/14
f 441/790/12 436/789/12 515/737/12
f 427/856/294 531/924/294 527/16/294
f 505/569/26 586/82/26 559/246/26
f 529/430/460 528/892/460 251/850/460
f 144/857/461 56/976/461 550/858/461
f 12/143/43 555/722/43 550/724/43
f 580/183/462 422/855/462 230/637/462
f 423/717/134 431/873/134 308/556/134
f 591/860/463 415/911/463 525/861/463
f 113/629/12 11/67/12 572/69/12
f 564/532/14 575/576/14 61/863/14
f 1/53/25 552/571/25 551/248/25
f 588/864/464 600/891/464 529/430/464
f 124/168/43 61/932/43 575/865/43
f 189/866/465 562/540/465 558/529/465
f 26/867/71 95/806/71 576/805/71
f 124/168/43 577/549/43 556/551/43
f 113/629/12 578/546/12 552/548/12
f 574/542/63 561/538/63 190/869/63
f 190/869/466 561/538/466 562/540/466
f 567/528/467 563/533/467 220/871/467
f 563/533/468 564/532/468 219/444/468
f 558/529/469 567/528/469 240/872/469
f 426/851/216 432/875/216 431/873/216
f 320/525/470 568/85/470 553/80/470
f 431/873/134 433/693/134 487/457/134
f 302/874/471 522/829/471 85/830/471
f 255/638/472 230/637/472 422/855/472
f 432/875/473 458/968/473 433/693/473
f 430/876/474 555/418/474 566/420/474
f 306/544/475 312/953/475 560/877/475
f 309/820/75 559/246/75 551/248/75
f 301/558/476 306/544/476 557/311/476
f 316/849/49 580/183/49 556/185/49
f 574/158/43 571/157/43 297/878/43
f 301/558/477 554/83/477 568/85/477
f 300/526/478 553/80/478 586/82/478
f 572/69/21 570/68/21 295/879/21
f 297/880/11 571/30/11 560/32/11
f 601/881/479 593/977/479 426/882/479
f 598/884/480 526/887/480 584/885/480
f 599/862/481 525/861/481 526/887/481
f 524/845/482 523/833/482 601/888/482
f 523/833/483 422/855/483 593/890/483
f 600/891/484 601/978/484 528/892/484
f 599/893/485 598/979/485 511/894/485
f 511/894/486 598/979/486 597/896/486
f 581/497/487 524/980/487 600/898/487
f 302/899/488 591/797/488 599/893/488
f 596/900/489 595/981/489 420/901/489
f 421/902/490 594/982/490 593/903/490
f 420/905/491 595/983/491 594/906/491
f 597/908/492 596/984/492 419/909/492
f 415/911/493 591/860/493 592/912/493
f 413/914/494 589/463/494 590/530/494
f 411/710/495 587/985/495 588/864/495
f 411/916/496 412/986/496 590/917/496
f 413/714/497 414/715/497 592/919/497
g cooking_pot_shot_handle_Mesh
v 0.185675 0.197242 0.001844
v 0.182973 0.197242 0.005778
v 0.179931 0.197242 0.007748
v 0.177784 0.197242 0.005008
v 0.177784 0.197242 -0.001321
v 0.179931 0.197242 -0.004061
v 0.182973 0.197242 -0.002090
v 0.164938 0.261952 0.001844
v 0.162537 0.259791 0.005778
v 0.159836 0.258176 0.007748
v 0.157929 0.256528 0.005008
v 0.157929 0.256528 -0.001321
v 0.159836 0.258176 -0.004061
v 0.162537 0.259791 -0.002090
v 0.113452 0.315923 0.001844
v 0.111802 0.312748 0.005778
v 0.109945 0.309755 0.007748
v 0.108634 0.307099 0.005008
v 0.108634 0.307099 -0.001321
v 0.109945 0.309755 -0.004061
v 0.111802 0.312748 -0.002090
v -0.112949 0.315923 0.001844
v -0.111299 0.312748 0.005778
v -0.109442 0.309755 0.007748
v -0.108131 0.307099 0.005008
v -0.108131 0.307099 -0.001321
v -0.109442 0.309755 -0.004061
v -0.111299 0.312748 -0.002090
v -0.164435 0.261952 0.001844
v -0.162035 0.259791 0.005778
v -0.159333 0.258177 0.007748
v -0.157426 0.256528 0.005008
v -0.157426 0.256528 -0.001321
v -0.159333 0.258177 -0.004061
v -0.162035 0.259791 -0.002090
v -0.185173 0.197242 0.001844
v -0.182470 0.197242 0.005778
v -0.179429 0.197242 0.007748
v -0.177281 0.197242 0.005008
v -0.177281 0.197242 -0.001321
v -0.179429 0.197242 -0.004061
v -0.182470 0.197242 -0.002090
v 0.032838 0.343643 0.001844
v -0.032336 0.343643 0.001844
v -0.032909 0.340234 0.005778
v 0.033412 0.340234 0.005778
v -0.033310 0.337159 0.007748
v 0.033812 0.337159 0.007748
v -0.034627 0.334472 0.005008
v 0.035130 0.334472 0.005008
v -0.034627 0.334472 -0.001321
v 0.035130 0.334472 -0.001321
v -0.033310 0.337159 -0.004061
v 0.033812 0.337159 -0.004061
v -0.032909 0.340234 -0.002090
v 0.033412 0.340234 -0.002090
v 0.185675 0.178785 0.001844
v 0.182973 0.178785 0.005778
v 0.179931 0.178785 0.007748
v 0.177784 0.178785 0.005008
v 0.177784 0.178785 -0.001321
v 0.179931 0.178785 -0.004061
v 0.182973 0.178785 -0.002090
v -0.185173 0.178785 0.001844
v -0.182470 0.178785 0.005778
v -0.179429 0.178785 0.007748
v -0.177281 0.178785 0.005008
v -0.177281 0.178785 -0.001321
v -0.179429 0.178785 -0.004061
v -0.182470 0.178785 -0.002090
vn 0.7959 0.2600 0.5468
vn 0.5353 0.1749 0.8263
vn -0.7611 -0.2549 0.5965
vn -0.9482 -0.3176 -0.0000
vn -0.7611 -0.2549 -0.5965
vn 0.5353 0.1749 -0.8263
vn 0.7959 0.2600 -0.5468
vn 0.5582 0.5348 0.6344
vn 0.3888 0.3761 0.8411
vn -0.5274 -0.5141 0.6764
vn -0.7161 -0.6980 -0.0000
vn -0.5274 -0.5141 -0.6764
vn 0.3888 0.3761 -0.8411
vn 0.5582 0.5348 -0.6344
vn -0.2574 0.7486 -0.6111
vn -0.1918 0.5470 0.8148
vn 0.2696 -0.7491 0.6051
vn 0.3490 -0.9371 -0.0000
vn 0.2696 -0.7491 -0.6051
vn -0.1918 0.5470 -0.8148
vn 0.2459 0.7012 0.6692
vn 0.1681 0.4671 0.8681
vn -0.2376 -0.6382 0.7323
vn -0.3490 -0.9371 -0.0000
vn -0.2376 -0.6382 -0.7323
vn 0.1681 0.4671 -0.8681
vn -0.2574 0.7486 0.6111
vn -0.5484 0.5232 0.6523
vn -0.3611 0.3460 0.8659
vn 0.5037 -0.4872 0.7133
vn 0.7161 -0.6980 -0.0000
vn 0.5037 -0.4872 -0.7133
vn -0.3611 0.3460 -0.8659
vn -0.5484 0.5232 -0.6523
vn -0.7623 0.2443 0.5993
vn -0.5128 0.1691 0.8417
vn 0.7238 -0.2387 0.6474
vn 0.9482 -0.3176 -0.0000
vn 0.7238 -0.2387 -0.6474
vn -0.5128 0.1691 -0.8417
vn -0.7623 0.2443 -0.5993
vn -0.0000 0.7558 0.6548
vn -0.0000 0.5395 0.8420
vn -0.0000 -0.7139 0.7002
vn -0.0000 -1.0000 -0.0000
vn -0.0000 -0.7139 -0.7002
vn -0.0000 0.5395 -0.8420
vn -0.0000 0.7558 -0.6548
vn 0.2459 0.7012 -0.6692
vn -0.5437 -0.0000 -0.8393
vn 0.5437 -0.0000 -0.8393
vn 0.7871 -0.0000 0.6169
vn -0.8242 -0.0000 -0.5663
vn -1.0000 -0.0000 -0.0000
vn 1.0000 -0.0000 -0.0000
vn 0.5437 -0.0000 0.8393
vn 0.8242 -0.0000 -0.5663
vn -0.8242 -0.0000 0.5663
vn -0.7871 -0.0000 -0.6169
vn 0.7871 -0.0000 -0.6169
vn -0.7871 -0.0000 0.6169
vn -0.5437 -0.0000 0.8393
vn 0.8242 -0.0000 0.5663
vn 0.7623 0.2443 0.5993
vn 0.5128 0.1691 0.8417
vn -0.7238 -0.2387 0.6474
vn -0.7238 -0.2387 -0.6474
vn 0.5128 0.1691 -0.8417
vn 0.7623 0.2443 -0.5993
vn 0.5484 0.5232 0.6523
vn 0.3611 0.3460 0.8659
vn -0.5037 -0.4872 0.7133
vn -0.5037 -0.4872 -0.7133
vn 0.3611 0.3460 -0.8659
vn 0.5484 0.5232 -0.6523
vn -0.2459 0.7012 -0.6692
vn -0.1681 0.4671 0.8681
vn 0.2376 -0.6382 0.7323
vn 0.2376 -0.6382 -0.7323
vn -0.1681 0.4671 -0.8681
vn 0.2574 0.7486 0.6111
vn 0.1918 0.5470 0.8148
vn -0.2696 -0.7491 0.6051
vn -0.2696 -0.7491 -0.6051
vn 0.1918 0.5470 -0.8148
vn -0.2459 0.7012 0.6692
vn -0.5582 0.5348 0.6344
vn -0.3888 0.3761 0.8411
vn 0.5274 -0.5141 0.6764
vn 0.5274 -0.5141 -0.6764
vn -0.3888 0.3761 -0.8411
vn -0.5582 0.5348 -0.6344
vn -0.7959 0.2600 0.5468
vn -0.5353 0.1749 0.8263
vn 0.7611 -0.2549 0.5965
vn 0.7611 -0.2549 -0.5965
vn -0.5353 0.1749 -0.8263
vn -0.7959 0.2600 -0.5468
vn 0.2574 0.7486 -0.6111
vt 0.575005 0.322621
vt 0.574452 0.320449
vt 0.575141 0.322544
vt 0.575242 0.322479
vt 0.562621 0.318920
vt 0.562529 0.321045
vt 0.562529 0.318946
vt 0.562316 0.318946
vt 0.562316 0.321045
vt 0.562224 0.318920
vt 0.567470 0.312195
vt 0.567078 0.314304
vt 0.567359 0.312154
vt 0.567210 0.312100
vt 0.574284 0.320461
vt 0.574518 0.318155
vt 0.574647 0.318193
vt 0.574574 0.320436
vt 0.562621 0.321074
vt 0.562529 0.323223
vt 0.562316 0.323223
vt 0.562224 0.321074
vt 0.567684 0.316354
vt 0.567200 0.314292
vt 0.567564 0.316417
vt 0.566911 0.314321
vt 0.575257 0.302716
vt 0.574888 0.305492
vt 0.575100 0.302646
vt 0.567334 0.317296
vt 0.567021 0.314666
vt 0.567132 0.314613
vt 0.573091 0.321121
vt 0.572999 0.318479
vt 0.573091 0.318404
vt 0.572999 0.321113
vt 0.572786 0.318479
vt 0.572694 0.321121
vt 0.572694 0.318404
vt 0.575368 0.302770
vt 0.575064 0.305490
vt 0.574347 0.318126
vt 0.575562 0.316152
vt 0.564778 0.311013
vt 0.566252 0.312775
vt 0.564686 0.311105
vt 0.573091 0.314286
vt 0.572999 0.316305
vt 0.572999 0.314360
vt 0.572786 0.316305
vt 0.572786 0.314360
vt 0.572694 0.314286
vt 0.576104 0.300656
vt 0.577509 0.298462
vt 0.577601 0.298561
vt 0.567508 0.317312
vt 0.567286 0.314562
vt 0.566731 0.319695
vt 0.566575 0.319641
vt 0.567200 0.317284
vt 0.576761 0.322774
vt 0.577410 0.324647
vt 0.577291 0.324687
vt 0.572999 0.323286
vt 0.572786 0.321113
vt 0.570915 0.320836
vt 0.570244 0.322766
vt 0.570795 0.320784
vt 0.575197 0.305472
vt 0.575790 0.307676
vt 0.575631 0.307713
vt 0.565331 0.321398
vt 0.565154 0.321200
vt 0.566466 0.319581
vt 0.577066 0.320772
vt 0.576882 0.322769
vt 0.570713 0.324748
vt 0.570367 0.322782
vt 0.570510 0.322728
vt 0.570460 0.324840
vt 0.577155 0.308924
vt 0.575899 0.307616
vt 0.576970 0.309083
vt 0.566539 0.312727
vt 0.566372 0.312746
vt 0.573091 0.316313
vt 0.575984 0.300627
vt 0.575814 0.300593
vt 0.577369 0.298361
vt 0.577528 0.309217
vt 0.577081 0.309013
vt 0.567684 0.311613
vt 0.577410 0.320253
vt 0.577172 0.320819
vt 0.569023 0.317846
vt 0.569155 0.317299
vt 0.569155 0.317878
vt 0.562529 0.318366
vt 0.570570 0.324802
vt 0.570915 0.325335
vt 0.570772 0.325389
vt 0.575461 0.323068
vt 0.567573 0.311572
vt 0.564758 0.321617
vt 0.565226 0.321298
vt 0.562316 0.318366
vt 0.570662 0.325427
vt 0.569524 0.317187
vt 0.569630 0.316602
vt 0.569630 0.317167
vt 0.564686 0.321519
vt 0.575325 0.323145
vt 0.562621 0.323291
vt 0.562224 0.323291
vt 0.567401 0.316473
vt 0.575430 0.316082
vt 0.572694 0.316313
vt 0.572786 0.323286
vt 0.577601 0.309129
vt 0.577305 0.320206
vt 0.569023 0.317266
vt 0.575562 0.323003
vt 0.567424 0.311518
vt 0.564864 0.321717
vt 0.562224 0.318341
vt 0.569524 0.316621
s 0
g cooking_pot_shot_handle_Material
usemtl Material
f 602/987/498 610/988/498 603/989/498
f 610/988/499 604/990/499 603/989/499
f 604/991/500 612/992/500 605/993/500
f 612/992/501 606/994/501 605/993/501
f 613/995/502 607/996/502 606/994/502
f 607/997/503 615/998/503 608/999/503
f 615/998/504 602/1000/504 608/999/504
f 609/1001/505 617/1002/505 610/988/505
f 610/988/506 618/1003/506 611/1004/506
f 611/1005/507 619/1006/507 612/992/507
f 619/1006/508 613/995/508 612/992/508
f 620/1007/509 614/1008/509 613/995/509
f 621/1009/510 615/998/510 614/1010/510
f 622/1011/511 609/1012/511 615/998/511
f 656/1013/512 623/1014/512 645/1015/512
f 624/1016/513 648/1017/513 646/1018/513
f 625/1019/514 650/1020/514 648/1021/514
f 626/1022/515 652/1023/515 650/1020/515
f 652/1023/516 628/1024/516 654/1025/516
f 654/1026/517 629/1027/517 656/1013/517
f 616/1028/518 647/1029/518 617/1002/518
f 617/1030/519 649/1031/519 618/1032/519
f 618/1033/520 651/1034/520 619/1035/520
f 619/1035/521 653/1036/521 620/1037/521
f 653/1036/522 621/1038/522 620/1037/522
f 655/1039/523 622/1040/523 621/1041/523
f 623/1042/524 646/1018/524 645/1043/524
f 630/1044/525 624/1016/525 623/1042/525
f 631/1045/526 625/1046/526 624/1016/526
f 632/1047/527 626/1048/527 625/1049/527
f 633/1050/528 627/1051/528 626/1022/528
f 627/1052/529 635/1053/529 628/1054/529
f 628/1055/530 636/1056/530 629/1027/530
f 629/1027/531 630/1057/531 623/1014/531
f 637/1058/532 631/1045/532 630/1044/532
f 631/1045/533 639/1059/533 632/1060/533
f 639/1061/534 633/1062/534 632/1047/534
f 640/1063/535 634/1064/535 633/1065/535
f 634/1064/536 642/1066/536 635/1053/536
f 642/1067/537 636/1056/537 635/1068/537
f 636/1056/538 637/1069/538 630/1057/538
f 646/1018/539 644/1070/539 645/1043/539
f 648/1017/540 647/1071/540 646/1018/540
f 650/1020/541 649/1072/541 648/1021/541
f 650/1020/542 653/1036/542 651/1034/542
f 654/1025/543 653/1036/543 652/1023/543
f 654/1026/544 657/1073/544 655/1039/544
f 657/1073/545 645/1015/545 644/1074/545
f 657/1073/546 616/1075/546 622/1040/546
f 642/1067/547 671/1076/547 643/1077/547
f 608/999/548 663/1078/548 607/997/548
f 639/1061/549 668/1079/549 640/1080/549
f 643/1081/550 665/1082/550 637/1083/550
f 606/994/551 661/1084/551 605/993/551
f 641/1085/552 668/1086/552 669/1087/552
f 604/990/553 659/1088/553 603/989/553
f 602/1000/554 664/1089/554 608/999/554
f 637/1058/555 666/1090/555 638/1091/555
f 607/996/556 662/1092/556 606/994/556
f 641/1085/557 670/1093/557 642/1066/557
f 605/1094/558 660/1095/558 604/1096/558
f 638/1091/559 667/1097/559 639/1059/559
f 603/989/560 658/1098/560 602/987/560
f 602/987/561 609/1001/561 610/988/561
f 610/988/562 611/1004/562 604/990/562
f 604/991/563 611/1005/563 612/992/563
f 612/992/501 613/995/501 606/994/501
f 613/995/564 614/1008/564 607/996/564
f 607/997/565 614/1010/565 615/998/565
f 615/998/566 609/1012/566 602/1000/566
f 609/1001/567 616/1028/567 617/1002/567
f 610/988/568 617/1002/568 618/1003/568
f 611/1005/569 618/1099/569 619/1006/569
f 619/1006/508 620/1007/508 613/995/508
f 620/1007/570 621/1100/570 614/1008/570
f 621/1009/571 622/1011/571 615/998/571
f 622/1011/572 616/1101/572 609/1012/572
f 656/1013/573 629/1027/573 623/1014/573
f 624/1016/574 625/1046/574 648/1017/574
f 625/1019/575 626/1022/575 650/1020/575
f 626/1022/515 627/1051/515 652/1023/515
f 652/1023/576 627/1051/576 628/1024/576
f 654/1026/577 628/1055/577 629/1027/577
f 616/1028/578 644/1102/578 647/1029/578
f 617/1030/579 647/1071/579 649/1031/579
f 618/1033/580 649/1072/580 651/1034/580
f 619/1035/521 651/1034/521 653/1036/521
f 653/1036/581 655/1103/581 621/1038/581
f 655/1039/582 657/1073/582 622/1040/582
f 623/1042/583 624/1016/583 646/1018/583
f 630/1044/584 631/1045/584 624/1016/584
f 631/1045/585 632/1060/585 625/1046/585
f 632/1047/586 633/1062/586 626/1048/586
f 633/1050/528 634/1104/528 627/1051/528
f 627/1052/587 634/1064/587 635/1053/587
f 628/1055/588 635/1068/588 636/1056/588
f 629/1027/589 636/1056/589 630/1057/589
f 637/1058/590 638/1091/590 631/1045/590
f 631/1045/591 638/1091/591 639/1059/591
f 639/1061/592 640/1080/592 633/1062/592
f 640/1063/535 641/1085/535 634/1064/535
f 634/1064/593 641/1085/593 642/1066/593
f 642/1067/594 643/1077/594 636/1056/594
f 636/1056/595 643/1077/595 637/1069/595
f 646/1018/539 647/1071/539 644/1070/539
f 648/1017/540 649/1031/540 647/1071/540
f 650/1020/541 651/1034/541 649/1072/541
f 650/1020/542 652/1023/542 653/1036/542
f 654/1025/543 655/1103/543 653/1036/543
f 654/1026/544 656/1013/544 657/1073/544
f 657/1073/545 656/1013/545 645/1015/545
f 657/1073/596 644/1074/596 616/1075/596
f 642/1067/547 670/1105/547 671/1076/547
f 608/999/548 664/1089/548 663/1078/548
f 639/1061/549 667/1106/549 668/1079/549
f 643/1081/550 671/1107/550 665/1082/550
f 606/994/551 662/1092/551 661/1084/551
f 641/1085/552 640/1063/552 668/1086/552
f 604/990/553 660/1108/553 659/1088/553
f 602/1000/554 658/1109/554 664/1089/554
f 637/1058/555 665/1110/555 666/1090/555
f 607/996/556 663/1111/556 662/1092/556
f 641/1085/557 669/1087/557 670/1093/557
f 605/1094/558 661/1112/558 660/1095/558
f 638/1091/559 666/1090/559 667/1097/559
f 603/989/560 659/1088/560 658/1098/560
