# Blender 4.2.0
# www.blender.org
mtllib crutch.mtl
g crutch_Mesh
v -0.005231 0.975881 -0.102958
v -0.003126 0.983733 -0.106685
v 0.002183 0.992621 -0.106087
v -0.000330 0.998172 -0.096952
v -0.004234 0.992651 -0.087200
v -0.004756 0.983067 -0.088672
v -0.007151 0.975296 -0.097493
v -0.023783 0.988623 -0.103685
v -0.019031 0.996301 -0.110790
v -0.009294 1.006471 -0.108272
v -0.009502 1.007897 -0.099163
v -0.015323 1.001344 -0.088604
v -0.019983 0.993032 -0.085553
v -0.026065 0.986350 -0.093218
v -0.031634 1.015942 -0.098463
v -0.026100 1.019663 -0.103112
v -0.015108 1.021762 -0.101163
v -0.013758 1.019500 -0.092742
v -0.018337 1.016217 -0.082022
v -0.025572 1.013224 -0.077925
v -0.034464 1.013002 -0.084341
v -0.033797 1.043081 -0.082350
v -0.027830 1.046680 -0.090600
v -0.017795 1.043246 -0.091405
v -0.015814 1.037324 -0.084358
v -0.022621 1.033981 -0.078349
v -0.030524 1.034154 -0.069779
v -0.034700 1.038316 -0.073012
v -0.025700 1.066471 -0.073151
v -0.020251 1.068343 -0.082353
v -0.011486 1.061665 -0.086620
v -0.010438 1.052629 -0.081289
v -0.016648 1.048831 -0.075346
v -0.024272 1.050349 -0.063686
v -0.026066 1.060230 -0.067790
v -0.011873 1.079740 -0.068293
v -0.008334 1.078363 -0.076810
v -0.002215 1.070380 -0.083408
v -0.004560 1.059924 -0.075600
v -0.010882 1.055838 -0.066962
v -0.012696 1.061198 -0.064135
v -0.013849 1.069877 -0.063250
v 0.009524 1.071819 -0.061884
v 0.009885 1.070668 -0.067155
v 0.007682 1.065578 -0.073934
v 0.001339 1.057908 -0.071374
v -0.003230 1.053666 -0.064357
v -0.001616 1.060265 -0.054782
v 0.003480 1.066787 -0.054284
v 0.014785 1.045485 -0.059768
v 0.018443 1.048528 -0.069638
v 0.014455 1.048898 -0.075493
v 0.005825 1.046319 -0.072924
v -0.000949 1.042730 -0.063866
v 0.001424 1.040666 -0.055892
v 0.008416 1.043267 -0.056093
v 0.010184 1.019124 -0.063779
v 0.009865 1.026530 -0.068692
v 0.005413 1.029530 -0.077915
v -0.000697 1.025850 -0.070938
v -0.002609 1.021065 -0.066816
v -0.003875 1.018931 -0.054993
v 0.004563 1.018746 -0.055537
v 0.019816 1.002959 -0.076408
v 0.016869 1.005610 -0.081725
v 0.006673 1.008125 -0.090368
v 0.005490 1.006452 -0.086171
v 0.000929 1.006969 -0.074965
v 0.006491 1.004327 -0.070061
v 0.014322 1.003748 -0.067285
v 0.019136 0.980471 -0.090187
v 0.018516 0.986209 -0.099100
v 0.012528 0.993690 -0.100270
v 0.005679 0.997282 -0.092817
v 0.004145 0.991668 -0.082476
v 0.008265 0.983170 -0.076935
v 0.014937 0.978186 -0.080366
v 0.002392 0.898145 -0.011334
v 0.002431 0.898920 -0.004824
v 0.004561 0.895791 0.001617
v 0.001679 0.887578 0.000585
v -0.000112 0.881727 -0.007406
v 0.001329 0.885262 -0.012469
v 0.001106 0.894226 -0.014302
v -0.013335 0.897303 -0.009401
v -0.011351 0.900496 -0.000921
v -0.006290 0.895156 0.006865
v -0.006739 0.887761 0.004189
v -0.009713 0.881712 -0.005272
v -0.011498 0.881810 -0.012561
v -0.014577 0.889952 -0.015321
v -0.027263 0.888514 -0.000561
v -0.024935 0.890196 0.005375
v -0.018702 0.886145 0.010196
v -0.017261 0.879943 0.006320
v -0.019327 0.873339 -0.001450
v -0.023001 0.872244 -0.007540
v -0.028437 0.878899 -0.008804
v -0.030886 0.868354 0.010577
v -0.027255 0.873321 0.017531
v -0.022112 0.873870 0.018753
v -0.019592 0.869671 0.013326
v -0.021155 0.866446 0.007261
v -0.026889 0.860486 0.001752
v -0.030664 0.862361 0.004078
v -0.029523 0.854749 0.022887
v -0.025935 0.860924 0.029058
v -0.020886 0.864189 0.028522
v -0.018443 0.862168 0.021685
v -0.019682 0.859931 0.016395
v -0.025481 0.851221 0.010573
v -0.028623 0.852151 0.017204
v -0.022118 0.846457 0.032792
v -0.019289 0.853073 0.036278
v -0.015887 0.858709 0.035077
v -0.015619 0.855429 0.025476
v -0.016893 0.851181 0.018974
v -0.019218 0.847845 0.020416
v -0.021689 0.845141 0.024680
v -0.007722 0.841909 0.032586
v -0.006857 0.846177 0.033978
v -0.005891 0.852583 0.032811
v -0.006696 0.852610 0.025348
v -0.007970 0.848363 0.018846
v -0.010012 0.839635 0.019505
v -0.009595 0.837543 0.024817
v 0.006620 0.843331 0.022370
v 0.007301 0.850425 0.028583
v 0.005603 0.855822 0.028142
v 0.002806 0.855456 0.021381
v 0.001015 0.849604 0.013390
v 0.002764 0.842869 0.011656
v 0.004612 0.841653 0.016729
v 0.017622 0.854150 0.008456
v 0.016009 0.856177 0.014427
v 0.012274 0.863008 0.018261
v 0.008561 0.859061 0.011696
v 0.008079 0.857211 0.006843
v 0.007536 0.848680 0.000799
v 0.013631 0.848368 0.003444
v 0.021864 0.871663 0.000435
v 0.019833 0.871825 0.004364
v 0.012339 0.872017 0.009371
v 0.011549 0.870842 0.005908
v 0.009483 0.864238 -0.001862
v 0.013325 0.864848 -0.005144
v 0.018999 0.865658 -0.006021
v 0.016937 0.886408 -0.008134
v 0.017173 0.891073 -0.000802
v 0.013730 0.889180 0.003919
v 0.009200 0.882155 0.002474
v 0.007410 0.876303 -0.005517
v 0.009374 0.875216 -0.012859
v 0.013614 0.879714 -0.014025
v 0.004104 1.065995 0.155618
v 0.003481 1.073182 0.150368
v 0.000385 1.075179 0.147568
v -0.001687 1.075492 0.147142
v -0.006054 1.074622 0.148400
v -0.009898 1.071324 0.153086
v -0.009276 1.062656 0.158121
v -0.006179 1.059248 0.157660
v -0.004107 1.058724 0.157583
v 0.000259 1.060243 0.157765
v 0.012440 0.160596 -0.006538
v 0.012998 0.163685 0.006222
v 0.007292 0.172174 -0.013529
v 0.000422 0.153095 -0.013745
v -0.012390 0.157268 -0.011478
v -0.017915 0.159821 -0.003077
v -0.017254 0.163361 0.006750
v -0.008887 0.163571 0.014061
v 0.000100 0.175322 0.014211
v 0.008945 0.162597 0.013706
v 0.003827 -0.003472 0.000956
v 0.003749 -0.003472 -0.002640
v 0.002141 -0.003472 -0.005025
v -0.000079 -0.003472 -0.005564
v -0.005465 -0.003472 -0.004890
v -0.007995 -0.003472 -0.001627
v -0.007092 -0.003472 0.002206
v -0.006026 -0.003472 0.005513
v -0.002236 -0.003472 0.005523
v 0.000907 -0.003472 0.004302
v 0.006347 0.324528 0.006406
v -0.000028 0.330693 0.012276
v -0.009167 0.328161 0.008586
v -0.015282 0.329765 0.002706
v -0.015870 0.332795 -0.005458
v -0.011172 0.335239 -0.012518
v -0.000593 0.334650 -0.015965
v 0.006087 0.342265 -0.008569
v 0.010265 0.333672 -0.008067
v 0.010881 0.328368 0.002196
v 0.013053 0.044114 -0.006120
v 0.005173 0.037780 -0.011358
v 0.000395 0.049709 -0.014189
v -0.009023 0.052655 -0.011736
v -0.014601 0.050921 -0.002956
v -0.012245 0.052744 0.007864
v -0.007046 0.048195 0.014111
v -0.003218 0.042350 0.015070
v 0.008694 0.050510 0.013921
v 0.011206 0.045074 0.005586
v 0.016983 0.957324 0.076488
v 0.013039 0.876410 0.010346
v 0.012992 0.634079 0.013539
v 0.011831 0.640144 0.000600
v 0.011181 0.882371 0.008910
v 0.014980 0.965475 0.071004
v 0.007942 0.638606 -0.005916
v 0.003558 0.888111 0.003374
v 0.004857 0.981799 0.064944
v -0.002248 0.647782 -0.006825
v -0.002079 0.880483 -0.003766
v -0.003275 0.968875 0.055751
v -0.012746 0.645474 -0.003350
v -0.013759 0.883741 0.004686
v -0.015467 0.959797 0.055823
v -0.017891 0.645043 0.004918
v -0.018989 0.873594 0.008742
v -0.023730 0.964285 0.070496
v -0.017160 0.642253 0.013610
v -0.019069 0.871925 0.013157
v -0.022859 0.971120 0.084485
v -0.013889 0.649212 0.021771
v -0.013097 0.863353 0.018399
v -0.016591 0.969864 0.089060
v 0.001247 0.633246 0.020348
v -0.000270 0.868635 0.028441
v 0.001775 0.951643 0.088113
v 0.004296 0.633255 0.017485
v 0.006458 0.870008 0.022293
v 0.010017 0.960249 0.085379
v 0.012896 0.841546 0.009096
v 0.011387 0.845372 -0.001491
v 0.005631 0.844783 -0.008466
v -0.002283 0.844725 -0.011866
v -0.013372 0.846980 -0.006044
v -0.018559 0.844704 0.000397
v -0.018234 0.844539 0.010819
v -0.013612 0.846184 0.018626
v 0.000369 0.843248 0.021989
v 0.005257 0.842986 0.017880
v 0.012096 0.499866 0.002388
v 0.011260 0.497280 -0.010355
v 0.006960 0.499890 -0.016695
v -0.001279 0.495028 -0.018276
v -0.012391 0.496874 -0.015413
v -0.017491 0.500316 -0.008017
v -0.016823 0.503354 0.000719
v -0.011359 0.508886 0.005939
v 0.000322 0.506880 0.008522
v 0.005894 0.500393 0.007777
v 0.006776 0.741515 -0.010755
v 0.011599 0.743163 -0.004206
v 0.012934 0.739455 0.007316
v -0.002275 0.745569 -0.013056
v -0.013069 0.746225 -0.008912
v -0.018235 0.745547 -0.000471
v -0.017707 0.744975 0.007464
v -0.013760 0.750224 0.014827
v 0.000799 0.740778 0.017272
v 0.004767 0.740389 0.013809
v 0.009914 1.058418 0.148256
v 0.010108 1.067810 0.140141
v 0.005348 1.074834 0.136315
v -0.002547 1.074844 0.133051
v -0.010561 1.068642 0.135797
v -0.015633 1.064011 0.142341
v -0.015826 1.053396 0.144568
v -0.011067 1.045364 0.148562
v -0.003172 1.047263 0.151437
v 0.004842 1.049758 0.150054
v 0.013837 1.032213 0.108700
v 0.005723 1.045149 0.103042
v -0.002903 1.038495 0.094935
v -0.013857 1.031280 0.096551
v -0.021095 1.031267 0.109188
v -0.020709 1.026403 0.123687
v -0.014746 1.022333 0.129708
v -0.000407 1.014059 0.127872
v 0.008342 1.019927 0.126224
v 0.014856 1.024580 0.116599
v 0.008994 0.010620 0.002831
v 0.003939 0.010620 0.008622
v -0.001282 0.010620 0.010650
v -0.009763 0.010620 0.010628
v -0.012033 0.010620 0.003582
v -0.013545 0.010620 -0.002833
v -0.008212 0.010620 -0.009711
v 0.000217 0.010620 -0.010766
v 0.005280 0.010620 -0.009536
v 0.008840 0.010620 -0.004257
v 0.003599 1.043400 -0.126115
v 0.003021 1.034103 -0.127519
v 0.000149 1.032807 -0.130695
v -0.001774 1.032323 -0.130778
v -0.005824 1.033728 -0.130578
v -0.009391 1.038984 -0.129783
v -0.008813 1.042514 -0.120665
v -0.005941 1.048316 -0.118363
v -0.004018 1.048531 -0.117920
v 0.000032 1.047875 -0.119180
v 0.011735 0.934813 -0.049604
v 0.011069 0.847144 0.002962
v 0.010310 0.848110 -0.003093
v 0.010249 0.934980 -0.056888
v 0.003558 0.845206 -0.010520
v 0.002742 0.937562 -0.070980
v -0.002079 0.835682 -0.006223
v -0.003290 0.926462 -0.067087
v -0.013759 0.844738 -0.005981
v -0.012332 0.922621 -0.061557
v -0.016848 0.844582 0.004945
v -0.018460 0.935903 -0.059851
v -0.015936 0.848015 0.008182
v -0.017815 0.940989 -0.051201
v -0.009964 0.849560 0.015235
v -0.013165 0.948994 -0.049101
v -0.000270 0.860861 0.017095
v 0.000456 0.940622 -0.038469
v 0.006457 0.857959 0.012538
v 0.006569 0.942649 -0.044852
v 0.008989 1.031382 -0.113833
v 0.009169 1.029698 -0.123799
v 0.004753 1.021965 -0.122546
v -0.002571 1.022334 -0.126257
v -0.010005 1.025757 -0.125346
v -0.014711 1.029711 -0.119570
v -0.014890 1.039932 -0.115664
v -0.010475 1.038361 -0.104144
v -0.003151 1.047379 -0.108325
v 0.004284 1.040295 -0.109944
v 0.011540 0.990142 -0.085038
v 0.004943 0.988778 -0.096089
v -0.002874 0.982728 -0.095261
v -0.012229 0.982431 -0.090104
v -0.018348 0.988594 -0.082873
v -0.018154 1.000969 -0.074591
v -0.012948 0.997121 -0.067666
v -0.001437 1.001249 -0.062833
v 0.006493 0.998017 -0.068318
v 0.012144 0.993655 -0.075776
v 0.002211 1.054383 -0.113117
v 0.001757 1.050144 -0.114817
v -0.000497 1.048718 -0.113780
v -0.002005 1.047684 -0.114177
v -0.005184 1.049300 -0.113619
v -0.007983 1.052610 -0.112621
v -0.007530 1.056737 -0.111773
v -0.005276 1.058719 -0.111161
v -0.003767 1.059837 -0.109120
v -0.000588 1.058137 -0.111322
v 0.014162 1.060766 0.030641
v 0.005906 1.066226 0.124150
v 0.005603 1.064762 0.124374
v 0.012436 1.053499 0.026955
v 0.000663 1.061961 0.122501
v 0.003717 1.044703 0.015713
v -0.001706 1.061408 0.124725
v -0.003289 1.044712 0.032843
v -0.009703 1.062445 0.124729
v -0.013791 1.045697 0.025517
v -0.011642 1.067056 0.124023
v -0.020910 1.053073 0.032006
v -0.011274 1.068578 0.123790
v -0.020160 1.063180 0.006667
v -0.006409 1.073055 0.123104
v -0.014760 1.067201 0.010504
v -0.000176 1.079145 0.119272
v 0.001061 1.071893 0.004979
v 0.002090 1.074124 0.120405
v 0.008161 1.066539 0.008228
v 0.006441 1.053872 -0.106035
v 0.006582 1.045968 -0.107284
v 0.003117 1.041767 -0.105313
v -0.002631 1.039462 -0.106818
v -0.008466 1.043732 -0.106513
v -0.012158 1.049204 -0.102694
v -0.012299 1.055584 -0.100269
v -0.008834 1.058544 -0.095741
v -0.003086 1.061394 -0.101114
v 0.002748 1.057407 -0.102772
v 0.006713 1.077907 0.114333
v 0.011448 1.065693 0.118379
v -0.000194 1.080258 0.107502
v -0.010147 1.073885 0.113889
v -0.016280 1.069742 0.117760
v -0.017216 1.064552 0.106812
v -0.014044 1.059908 0.113983
v -0.002052 1.056483 0.122047
v 0.003736 1.055509 0.117010
v 0.010668 1.061927 0.118956
v 0.016554 1.063517 0.074995
v 0.015031 1.056784 0.073222
v 0.005359 1.045888 0.069076
v -0.002556 1.046726 0.082635
v -0.016613 1.048413 0.074504
v -0.022866 1.059141 0.075773
v -0.021809 1.066840 0.067719
v -0.014604 1.072916 0.069389
v 0.001211 1.078892 0.065167
v 0.009921 1.073900 0.067850
v 0.010257 1.042291 -0.022437
v 0.003890 1.038215 -0.027712
v -0.002941 1.035293 -0.024550
v -0.011571 1.039389 -0.019334
v -0.017269 1.047475 -0.019034
v -0.016975 1.057826 -0.030627
v -0.012269 1.063174 -0.026917
v -0.001030 1.065937 -0.032892
v 0.005899 1.060747 -0.031443
v 0.011038 1.052873 -0.022426
v 0.009180 1.036865 -0.060487
v 0.003976 1.033494 -0.062379
v -0.002769 1.030188 -0.062118
v -0.010474 1.033717 -0.058955
v -0.015470 1.039436 -0.055572
v -0.015402 1.056238 -0.058340
v -0.011038 1.057417 -0.053500
v -0.002063 1.063768 -0.058798
v 0.004782 1.059450 -0.059321
v 0.009495 1.048491 -0.060870
v 0.008629 1.038543 -0.085468
v 0.004020 1.034425 -0.085272
v -0.002681 1.031437 -0.086014
v -0.009912 1.035675 -0.084255
v -0.014549 1.041703 -0.080352
v -0.014596 1.056218 -0.080103
v -0.010408 1.059840 -0.074920
v -0.002591 1.063347 -0.080821
v 0.004210 1.053885 -0.082164
v 0.008705 1.047284 -0.083723
v 0.006169 0.831455 -0.016135
v 0.006214 0.836432 -0.021811
v 0.008667 0.844356 -0.024091
v 0.005348 0.849796 -0.016265
v 0.003286 0.847459 -0.005101
v 0.004945 0.840402 -0.004230
v 0.004689 0.831931 -0.010494
v -0.011941 0.833758 -0.016903
v -0.009657 0.838560 -0.026167
v -0.003829 0.849339 -0.027589
v -0.004345 0.852741 -0.019196
v -0.007770 0.849297 -0.006732
v -0.009825 0.842981 -0.001203
v -0.013372 0.834349 -0.006050
v -0.027980 0.848094 -0.016184
v -0.025299 0.851882 -0.022194
v -0.018121 0.859129 -0.022437
v -0.016461 0.860586 -0.014142
v -0.018840 0.859017 -0.002505
v -0.023071 0.854646 0.003121
v -0.029332 0.848440 -0.001604
v -0.032152 0.873154 -0.007498
v -0.027971 0.875284 -0.017105
v -0.018924 0.876047 -0.018625
v -0.016023 0.874634 -0.010851
v -0.020945 0.871784 -0.003310
v -0.027549 0.871655 0.006035
v -0.031896 0.872204 0.002638
v -0.030582 0.894170 -0.005326
v -0.026450 0.894700 -0.015366
v -0.017733 0.891898 -0.019249
v -0.014920 0.887600 -0.012255
v -0.019250 0.884621 -0.004765
v -0.025927 0.886343 0.007176
v -0.029546 0.891304 0.001273
v -0.022055 0.909036 -0.005852
v -0.018797 0.906927 -0.014202
v -0.011977 0.901730 -0.019604
v -0.011668 0.896035 -0.009402
v -0.016038 0.893566 0.000742
v -0.018715 0.897370 0.002488
v -0.021560 0.903103 0.001520
v -0.005477 0.912362 -0.001800
v -0.004481 0.910267 -0.006526
v -0.003369 0.904336 -0.011113
v -0.004296 0.897925 -0.005390
v -0.005763 0.895627 0.003254
v -0.008114 0.902912 0.010219
v -0.007634 0.909070 0.007921
v 0.011038 0.902519 0.004849
v 0.011822 0.902376 -0.006010
v 0.009867 0.897844 -0.010291
v 0.006646 0.892337 -0.004772
v 0.004584 0.890000 0.006392
v 0.006598 0.893701 0.013494
v 0.008726 0.898981 0.010629
v 0.023707 0.882275 0.006298
v 0.021850 0.885826 -0.000035
v 0.017549 0.883850 -0.008836
v 0.013273 0.881268 -0.000402
v 0.012719 0.878537 0.004919
v 0.012093 0.879930 0.016878
v 0.019112 0.882435 0.015108
v 0.028592 0.861922 -0.002522
v 0.026253 0.865162 -0.005685
v 0.017623 0.869300 -0.009705
v 0.016714 0.867241 -0.006033
v 0.014335 0.865672 0.005605
v 0.018759 0.862392 0.007610
v 0.025294 0.861018 0.007592
v 0.022918 0.843231 -0.008549
v 0.023190 0.845918 -0.018189
v 0.019225 0.851418 -0.020204
v 0.014009 0.855589 -0.013076
v 0.011947 0.853253 -0.001912
v 0.014209 0.847802 0.004672
v 0.019092 0.843342 0.001719
v -0.000092 0.673514 -0.134618
v -0.000286 0.672724 -0.136662
v -0.001341 0.671862 -0.136826
v -0.002058 0.671643 -0.137319
v -0.003592 0.671927 -0.136569
v -0.004955 0.672613 -0.135080
v -0.004770 0.673666 -0.133352
v -0.003703 0.674130 -0.132455
v -0.002969 0.673799 -0.131396
v -0.001452 0.674065 -0.132712
v 0.006831 0.634466 -0.078216
v 0.006049 0.632940 -0.081823
v 0.001861 0.633108 -0.088661
v -0.001334 0.627676 -0.082414
v -0.006448 0.630162 -0.084778
v -0.009880 0.630726 -0.080115
v -0.009873 0.642308 -0.086203
v -0.007293 0.642657 -0.083552
v 0.000185 0.646319 -0.084105
v 0.003678 0.643460 -0.084588
v 0.002016 0.670920 -0.132489
v 0.002148 0.668786 -0.135675
v 0.000551 0.666674 -0.136510
v -0.002197 0.666368 -0.137812
v -0.005033 0.667567 -0.136211
v -0.006816 0.667953 -0.133041
v -0.006921 0.669177 -0.130007
v -0.005241 0.668601 -0.127491
v -0.002572 0.671502 -0.128240
v 0.000246 0.670871 -0.130182
v 0.005979 0.646388 -0.041860
v 0.010096 0.636658 -0.038597
v 0.000353 0.648114 -0.047370
v -0.007514 0.642731 -0.042218
v -0.012356 0.639241 -0.039097
v -0.012984 0.635034 -0.047926
v -0.010313 0.631368 -0.042143
v -0.000561 0.628901 -0.035639
v 0.004129 0.628258 -0.039701
v 0.009560 0.633603 -0.038132
v 0.010074 0.638984 -0.058559
v 0.009293 0.634963 -0.059610
v 0.003752 0.628324 -0.062071
v -0.000958 0.628678 -0.054024
v -0.009327 0.629425 -0.058850
v -0.013230 0.635676 -0.058096
v -0.012743 0.640262 -0.062876
v -0.008578 0.643996 -0.061885
v 0.000695 0.647828 -0.064391
v 0.005952 0.645023 -0.062799
v 0.004851 0.637959 -0.103732
v 0.001819 0.637236 -0.106865
v -0.001397 0.635209 -0.106128
v -0.005553 0.635734 -0.103015
v -0.008387 0.639060 -0.101167
v -0.008457 0.645975 -0.103947
v -0.006247 0.647552 -0.101216
v -0.000936 0.650173 -0.103196
v 0.002462 0.647737 -0.103677
v 0.005087 0.642514 -0.101477
v 0.004087 0.646067 -0.120709
v 0.001619 0.645133 -0.122351
v -0.001571 0.643638 -0.123112
v -0.005282 0.644116 -0.120917
v -0.007719 0.645454 -0.118061
v -0.007914 0.652927 -0.114775
v -0.005857 0.654120 -0.113622
v -0.001675 0.658188 -0.114088
v 0.001712 0.654768 -0.114329
v 0.004093 0.650841 -0.117820
v 0.003437 0.658728 -0.131176
v 0.001271 0.657251 -0.132560
v -0.001919 0.656440 -0.133853
v -0.005408 0.657097 -0.131789
v -0.007648 0.657621 -0.128397
v -0.007812 0.662262 -0.123211
v -0.005785 0.661681 -0.120248
v -0.002137 0.665012 -0.120939
v 0.001202 0.662501 -0.124704
v 0.003405 0.660964 -0.127533
v 0.004319 0.639386 -0.021240
v 0.007766 0.631651 -0.025069
v -0.000494 0.643618 -0.023435
v -0.007050 0.637300 -0.023361
v -0.011088 0.633333 -0.023450
v -0.011755 0.634386 -0.027369
v -0.009483 0.630407 -0.029941
v -0.001191 0.625175 -0.027658
v 0.002672 0.627209 -0.030560
v 0.007302 0.629538 -0.026575
v 0.003731 0.628159 -0.007696
v 0.006850 0.622771 -0.013562
v -0.000713 0.632510 -0.008146
v -0.006759 0.627041 -0.010091
v -0.010483 0.623651 -0.011429
v -0.011215 0.628481 -0.017227
v -0.009076 0.623268 -0.017987
v -0.001431 0.618035 -0.017825
v 0.002099 0.620744 -0.019691
v 0.006404 0.621447 -0.015546
v 0.003006 0.607291 -0.004529
v 0.005633 0.606283 -0.011497
v -0.000884 0.610656 -0.002643
v -0.006249 0.607612 -0.006664
v -0.009556 0.605791 -0.009253
v -0.010264 0.612158 -0.011072
v -0.008421 0.608755 -0.014229
v -0.001727 0.604246 -0.018127
v 0.001358 0.607812 -0.016880
v 0.005205 0.606298 -0.013585
v 0.002972 0.586944 -0.004776
v 0.005599 0.585936 -0.011744
v -0.000918 0.590308 -0.002889
v -0.006283 0.592046 -0.005426
v -0.009590 0.585443 -0.009499
v -0.010298 0.591811 -0.011318
v -0.008455 0.581151 -0.014640
v -0.001762 0.584558 -0.017054
v 0.001323 0.591422 -0.016467
v 0.005171 0.585950 -0.013502
v 0.002649 0.565017 -0.004381
v 0.005128 0.560768 -0.013593
v -0.001021 0.564893 -0.005239
v -0.006083 0.562022 -0.009033
v -0.009203 0.560304 -0.011476
v -0.009871 0.566311 -0.013192
v -0.008132 0.565574 -0.017819
v -0.001817 0.556170 -0.018768
v 0.001094 0.560232 -0.016693
v 0.004724 0.560782 -0.015069
v 0.002604 0.528504 -0.011094
v 0.005082 0.528813 -0.017729
v -0.001066 0.531284 -0.008746
v -0.006128 0.529182 -0.013014
v -0.009248 0.527956 -0.015738
v -0.009916 0.534180 -0.016287
v -0.008177 0.531590 -0.019819
v -0.001862 0.528484 -0.022895
v 0.001049 0.531189 -0.022443
v 0.004679 0.529199 -0.019661
v 0.000299 0.526171 -0.014034
v 0.002309 0.520723 -0.019020
v -0.000877 0.520669 -0.011898
v -0.004055 0.519811 -0.015558
v -0.006570 0.520209 -0.017866
v -0.006761 0.520364 -0.018647
v -0.005760 0.525994 -0.020509
v -0.001629 0.521359 -0.020987
v -0.000437 0.527321 -0.020312
v 0.002152 0.520873 -0.019771
v 0.001759 0.603684 -0.026539
v 0.000618 0.608462 -0.024301
v 0.001600 0.612070 -0.017468
v 0.000969 0.605694 -0.014805
v 0.001867 0.596693 -0.014453
v 0.001174 0.587234 -0.013443
v 0.001457 0.594874 -0.021895
v -0.009853 0.600311 -0.025448
v -0.010275 0.608242 -0.023895
v -0.007017 0.611883 -0.017137
v -0.005759 0.605949 -0.013548
v -0.005454 0.595543 -0.013706
v -0.004859 0.586763 -0.015722
v -0.008656 0.592023 -0.023260
v -0.020031 0.597702 -0.016358
v -0.019557 0.603202 -0.014902
v -0.013314 0.608062 -0.006493
v -0.012531 0.600300 -0.007836
v -0.011752 0.590964 -0.006915
v -0.011193 0.584079 -0.007758
v -0.018057 0.586648 -0.013698
v -0.021314 0.593187 0.001124
v -0.020570 0.601505 0.000930
v -0.016664 0.607501 0.001203
v -0.013753 0.598759 0.001622
v -0.013409 0.592536 0.001110
v -0.015971 0.584012 0.001562
v -0.019171 0.585644 0.002226
v -0.020184 0.594358 0.014995
v -0.019533 0.602801 0.013701
v -0.016132 0.607984 0.011156
v -0.013093 0.600559 0.009936
v -0.012793 0.595478 0.009124
v -0.014211 0.584907 0.010081
v -0.018210 0.589390 0.014283
v -0.015103 0.598433 0.024564
v -0.014640 0.605120 0.021850
v -0.012853 0.608298 0.017804
v -0.010600 0.600173 0.015874
v -0.009816 0.593179 0.015836
v -0.009786 0.585258 0.014497
v -0.013279 0.592416 0.022007
v -0.003896 0.599666 0.027616
v -0.004157 0.603152 0.025490
v -0.003829 0.607405 0.020392
v -0.003654 0.600938 0.017766
v -0.002870 0.593943 0.017728
v -0.003069 0.584921 0.015523
v -0.003325 0.591601 0.027112
v 0.007953 0.597455 0.022656
v 0.006341 0.605649 0.020746
v 0.004336 0.607840 0.018814
v 0.003448 0.602380 0.014441
v 0.004346 0.593379 0.014793
v 0.002728 0.584385 0.014393
v 0.007663 0.592238 0.021328
v 0.016504 0.597001 0.010094
v 0.014054 0.601660 0.011278
v 0.012833 0.607920 0.012369
v 0.008629 0.599417 0.008171
v 0.009350 0.595041 0.007307
v 0.011259 0.586214 0.010207
v 0.015312 0.589440 0.011615
v 0.018148 0.602321 -0.004380
v 0.016013 0.604488 -0.002868
v 0.011842 0.606926 -0.001941
v 0.009896 0.602769 -0.001729
v 0.010676 0.593433 -0.000808
v 0.011032 0.590245 -0.002002
v 0.017700 0.593350 -0.003253
v 0.013647 0.603314 -0.017467
v 0.011910 0.610813 -0.017364
v 0.007675 0.612013 -0.011824
v 0.006978 0.606012 -0.010428
v 0.007876 0.597011 -0.010076
v 0.008160 0.588886 -0.008770
v 0.012944 0.594226 -0.015657
v -0.010927 0.575653 0.023039
v -0.009496 0.578613 0.020541
v -0.009492 0.581438 0.013530
v -0.008500 0.578073 0.011793
v -0.009328 0.572978 0.012332
v -0.008509 0.567667 0.012511
v -0.009977 0.571117 0.019647
v 0.000579 0.573664 0.023920
v 0.001211 0.578363 0.021628
v -0.001021 0.581234 0.014382
v -0.001745 0.578252 0.011465
v -0.002066 0.572288 0.012723
v -0.002933 0.567055 0.015526
v -0.000283 0.569181 0.022600
v 0.011811 0.573007 0.016937
v 0.011553 0.576320 0.014886
v 0.006635 0.580115 0.005544
v 0.005681 0.575541 0.007571
v 0.005048 0.570314 0.007624
v 0.004382 0.566293 0.009110
v 0.010256 0.567007 0.015373
v 0.015530 0.572316 0.001024
v 0.014775 0.577064 0.000190
v 0.010995 0.580583 -0.001249
v 0.008208 0.575674 -0.001068
v 0.007799 0.572064 0.000059
v 0.010367 0.567199 0.000911
v 0.013590 0.568155 0.000527
v 0.016381 0.574519 -0.012413
v 0.015562 0.579216 -0.012204
v 0.011879 0.581955 -0.010814
v 0.008736 0.577623 -0.009241
v 0.008328 0.574632 -0.007950
v 0.009849 0.568669 -0.007503
v 0.014350 0.571631 -0.011452
v 0.012763 0.577974 -0.022615
v 0.011929 0.581510 -0.020840
v 0.009611 0.582912 -0.017591
v 0.007136 0.578090 -0.015163
v 0.006364 0.574097 -0.014458
v 0.006144 0.569421 -0.012318
v 0.010619 0.574282 -0.019767
v 0.002237 0.579187 -0.027135
v 0.002193 0.580944 -0.025468
v 0.001154 0.582824 -0.021146
v 0.000612 0.578841 -0.017964
v -0.000160 0.574849 -0.017260
v -0.000277 0.569445 -0.014147
v 0.001608 0.574528 -0.025842
v -0.010046 0.577564 -0.023761
v -0.008739 0.582016 -0.022639
v -0.007051 0.583027 -0.020782
v -0.006800 0.579412 -0.015913
v -0.007629 0.574317 -0.015373
v -0.006104 0.569104 -0.013785
v -0.009950 0.574430 -0.021886
v -0.020177 0.576063 -0.012930
v -0.017614 0.578819 -0.014243
v -0.016266 0.582500 -0.015807
v -0.012750 0.577113 -0.010327
v -0.013576 0.574527 -0.009120
v -0.015034 0.569825 -0.011150
v -0.018797 0.571886 -0.013381
v -0.023825 0.577549 -0.000007
v -0.021525 0.578921 -0.001396
v -0.017316 0.580352 -0.001991
v -0.015384 0.577968 -0.001475
v -0.016017 0.572741 -0.001421
v -0.016533 0.570793 0.000016
v -0.023228 0.572535 -0.000026
v -0.021270 0.576617 0.012896
v -0.019557 0.580891 0.012201
v -0.014635 0.582117 0.007376
v -0.013757 0.578826 0.006807
v -0.014586 0.573731 0.007347
v -0.014680 0.569231 0.006968
v -0.020327 0.571607 0.012275
v -0.010581 1.088780 0.091790
v -0.002009 1.014783 0.134090
v -0.004982 1.091624 0.099631
v -0.001803 1.014946 0.134341
v -0.002142 1.084143 0.087774
v -0.001707 1.014688 0.133905
v 0.003525 1.090560 0.093458
v -0.001502 1.014850 0.134156
v -0.009571 1.088662 0.098047
v -0.002579 1.016734 0.133598
v 0.002460 1.087778 0.088952
v -0.000864 1.016192 0.132547
v 0.000434 1.092808 0.097456
v -0.001176 1.017334 0.133525
v -0.007490 1.086532 0.087793
v -0.002531 1.016231 0.132438
v -0.001755 1.014816 0.134123
v -0.012824 1.089865 0.100176
v -0.006629 1.038390 0.125258
v -0.001897 1.039988 0.126672
v 0.001516 1.041272 0.125689
v 0.004246 1.038201 0.121593
v 0.003115 1.034927 0.118216
v -0.000533 1.032840 0.116140
v -0.003889 1.034075 0.118742
v -0.007041 1.037790 0.121563
v -0.001970 1.014884 0.134254
v -0.001691 1.016928 0.133782
v -0.001612 1.014930 0.134298
v -0.000848 1.017060 0.133017
v -0.001541 1.014748 0.133991
v -0.001666 1.015767 0.132439
v -0.001899 1.014703 0.133948
v -0.002732 1.016333 0.132950
v -0.010356 1.072032 0.102411
v -0.004972 1.070398 0.110458
v 0.003543 1.070093 0.104436
v -0.002053 1.068077 0.095286
v 0.002485 1.069012 0.098798
v -0.010320 1.070017 0.107494
v -0.006687 1.069675 0.097637
v 0.000013 1.071518 0.109939
v -0.009501 1.092397 0.095793
v -0.010511 1.092515 0.089537
v 0.000504 1.096543 0.095203
v -0.004911 1.095359 0.097378
v 0.002531 1.091513 0.086699
v 0.003596 1.094296 0.091205
v -0.007419 1.090268 0.085540
v -0.002071 1.087878 0.085521
v -0.003461 1.093213 0.090487
v -0.014561 1.088511 0.091474
v 0.002509 1.094536 0.100287
v -0.006113 1.093574 0.102942
v 0.005700 1.086567 0.086809
v 0.007462 1.090952 0.093983
v -0.009569 1.084805 0.084964
v -0.001375 1.082150 0.084403
v -0.005384 1.097374 0.100776
v -0.001255 1.085890 0.082156
v 0.007532 1.094688 0.091730
v 0.006015 1.090490 0.084863
v -0.012908 1.093485 0.097734
v -0.014364 1.091954 0.088726
v 0.002893 1.098164 0.097843
v -0.009808 1.088646 0.082899
v -0.010581 0.870418 0.045483
v -0.002009 0.853578 -0.038070
v -0.004982 0.862080 0.045714
v -0.001803 0.853289 -0.037995
v -0.002142 0.875690 0.042348
v -0.001707 0.853783 -0.038103
v 0.003525 0.868274 0.046648
v -0.001502 0.853495 -0.038027
v -0.009571 0.864516 0.043401
v -0.002579 0.853430 -0.036064
v 0.002460 0.873427 0.045427
v -0.000864 0.854599 -0.036247
v 0.000434 0.863772 0.047522
v -0.001176 0.853310 -0.035471
v -0.007490 0.874920 0.044610
v -0.002531 0.854690 -0.036176
v -0.001755 0.853537 -0.038049
v -0.012824 0.862117 0.043872
v -0.006629 0.854525 -0.012882
v -0.001897 0.852680 -0.011811
v 0.001516 0.853208 -0.010283
v 0.004246 0.858063 -0.011908
v 0.003115 0.862299 -0.013952
v -0.000533 0.864927 -0.015278
v -0.003889 0.862068 -0.014926
v -0.007041 0.858220 -0.012288
v -0.001970 0.853390 -0.038026
v -0.001691 0.853195 -0.035937
v -0.001612 0.853334 -0.037996
v -0.000848 0.853879 -0.035571
v -0.001541 0.853683 -0.038072
v -0.001666 0.854835 -0.036616
v -0.001899 0.853738 -0.038102
v -0.002732 0.854172 -0.036240
v -0.010356 0.865612 0.026243
v -0.004972 0.858489 0.022158
v 0.003543 0.864301 0.023765
v -0.002053 0.873621 0.024733
v 0.002485 0.869993 0.024515
v -0.010320 0.861423 0.022730
v -0.006687 0.870885 0.025510
v 0.000013 0.858630 0.023384
v -0.009501 0.865479 0.047656
v -0.010511 0.871379 0.049738
v 0.000504 0.864733 0.051777
v -0.004911 0.863042 0.049968
v 0.002531 0.874389 0.049682
v 0.003596 0.869236 0.050903
v -0.007419 0.875881 0.048864
v -0.002072 0.876652 0.046602
v -0.003461 0.870258 0.050101
v -0.014561 0.870802 0.045328
v 0.002509 0.860540 0.048271
v -0.006113 0.858324 0.046521
v 0.005700 0.875842 0.044952
v 0.007462 0.867652 0.046855
v -0.009569 0.878148 0.043862
v -0.001375 0.879517 0.041518
v -0.005384 0.859182 0.050810
v -0.001255 0.880472 0.045775
v 0.007532 0.868613 0.051110
v 0.006015 0.876454 0.049289
v -0.012908 0.863294 0.048077
v -0.014364 0.872326 0.049461
v 0.002893 0.861717 0.052484
v -0.009808 0.878898 0.048157
v -0.002768 0.993533 -0.044248
v -0.000664 0.991743 -0.052754
v 0.004645 0.994401 -0.061256
v 0.002133 1.004581 -0.064520
v -0.001771 1.012773 -0.056872
v -0.002293 1.009102 -0.047898
v -0.004688 0.998710 -0.042403
v -0.021321 0.995803 -0.056808
v -0.016569 0.990689 -0.065933
v -0.006831 0.995513 -0.075234
v -0.007040 1.004703 -0.074492
v -0.012861 1.013439 -0.065653
v -0.017520 1.014464 -0.056858
v -0.023603 1.005450 -0.052152
v -0.029171 1.007262 -0.082150
v -0.023638 1.003612 -0.086855
v -0.012645 1.005997 -0.088440
v -0.011296 1.013657 -0.084273
v -0.015875 1.023313 -0.078577
v -0.023109 1.026598 -0.074709
v -0.032001 1.020307 -0.075992
v -0.031334 1.029270 -0.104774
v -0.025367 1.022090 -0.110201
v -0.015333 1.020505 -0.107050
v -0.013352 1.025973 -0.099645
v -0.020159 1.031035 -0.094991
v -0.028061 1.039408 -0.093158
v -0.032238 1.037237 -0.097959
v -0.023237 1.043679 -0.125368
v -0.017788 1.035169 -0.129338
v -0.009023 1.029460 -0.123841
v -0.007976 1.032533 -0.113810
v -0.014185 1.037424 -0.108729
v -0.021810 1.049116 -0.107481
v -0.023604 1.047434 -0.118047
v -0.009410 1.051503 -0.137135
v -0.005871 1.042899 -0.137785
v 0.000247 1.034619 -0.131565
v -0.002097 1.039768 -0.119574
v -0.008419 1.047213 -0.113583
v -0.010233 1.051214 -0.118134
v -0.011386 1.054102 -0.126366
v 0.008990 1.055539 -0.129624
v 0.009805 1.050197 -0.129474
v 0.009525 1.042642 -0.125049
v 0.006023 1.043679 -0.115443
v 0.002986 1.049715 -0.108928
v 0.002162 1.060201 -0.114143
v 0.004810 1.061943 -0.121804
v 0.020528 1.053813 -0.106510
v 0.022260 1.044488 -0.111997
v 0.019119 1.038296 -0.110544
v 0.013468 1.039900 -0.103248
v 0.009564 1.048092 -0.095601
v 0.012264 1.056159 -0.094553
v 0.016445 1.056752 -0.100706
v 0.023225 1.041730 -0.077141
v 0.022906 1.038684 -0.085490
v 0.018454 1.030417 -0.090562
v 0.012344 1.036341 -0.085354
v 0.010432 1.039231 -0.079738
v 0.009166 1.050229 -0.074901
v 0.017604 1.049656 -0.074848
v 0.027150 1.025029 -0.056284
v 0.025944 1.021316 -0.061645
v 0.018377 1.015494 -0.071331
v 0.016440 1.019067 -0.069031
v 0.012397 1.030394 -0.067618
v 0.015919 1.033344 -0.061225
v 0.022467 1.034626 -0.056241
v 0.018166 1.005649 -0.043780
v 0.020136 0.999107 -0.051908
v 0.017805 1.001064 -0.061069
v 0.012929 1.010048 -0.064367
v 0.009025 1.018239 -0.056719
v 0.009157 1.020316 -0.045970
v 0.013225 1.014712 -0.040210
v -0.004924 0.105025 -0.024158
v 0.011477 0.090734 0.045210
v -0.009477 0.097950 -0.022783
v 0.011291 0.090489 0.045206
v -0.010816 0.109500 -0.019293
v 0.011244 0.090909 0.045319
v -0.016557 0.103206 -0.021163
v 0.011058 0.090664 0.045316
v -0.005154 0.100017 -0.022208
v 0.011375 0.090609 0.043442
v -0.015363 0.107579 -0.020480
v 0.010051 0.091601 0.044067
v -0.014322 0.099385 -0.022724
v 0.010085 0.090507 0.043357
v -0.007159 0.108846 -0.022596
v 0.011368 0.091678 0.043545
v 0.011268 0.090699 0.045263
v -0.002678 0.097981 -0.023491
v 0.008164 0.091538 0.023731
v 0.004073 0.089972 0.024191
v 0.000912 0.090421 0.023916
v -0.000824 0.094540 0.025979
v 0.000652 0.098135 0.027302
v 0.003945 0.100365 0.027349
v 0.006537 0.097940 0.026132
v 0.008330 0.094674 0.023140
v 0.011433 0.090575 0.045185
v 0.010628 0.090409 0.043588
v 0.011138 0.090528 0.045261
v 0.009850 0.090990 0.043529
v 0.011102 0.090824 0.045341
v 0.010797 0.091801 0.044139
v 0.011398 0.090870 0.045265
v 0.011547 0.091238 0.043540
v 0.000255 0.100947 -0.008671
v -0.002923 0.094902 -0.003897
v -0.010197 0.099835 -0.002813
v -0.005981 0.107744 -0.005149
v -0.009558 0.104665 -0.003709
v 0.001204 0.097392 -0.005845
v -0.002482 0.105422 -0.007062
v -0.007262 0.095022 -0.003491
v -0.006396 0.100834 -0.025598
v -0.006166 0.105842 -0.027549
v -0.015564 0.100202 -0.026115
v -0.010719 0.098766 -0.026174
v -0.016605 0.108396 -0.023871
v -0.017799 0.104022 -0.024554
v -0.008401 0.109662 -0.025988
v -0.012058 0.110316 -0.022685
v -0.011918 0.104890 -0.025877
v -0.001691 0.105352 -0.025142
v -0.016194 0.096643 -0.022746
v -0.008795 0.094762 -0.023745
v -0.017828 0.109629 -0.019197
v -0.019770 0.102679 -0.020232
v -0.005284 0.111586 -0.022576
v -0.011200 0.112748 -0.018415
v -0.010575 0.095490 -0.026980
v -0.012482 0.113558 -0.021794
v -0.021012 0.103494 -0.023623
v -0.019288 0.110148 -0.022586
v -0.003781 0.098980 -0.026885
v -0.003000 0.106645 -0.028400
v -0.017676 0.097641 -0.026017
v -0.006289 0.112223 -0.026086
v 0.001040 0.164669 0.028081
v -0.019893 0.150378 -0.040056
v 0.005493 0.157594 0.026409
v -0.019707 0.150133 -0.040065
v 0.006599 0.169144 0.022839
v -0.019668 0.150553 -0.040181
v 0.012450 0.162850 0.024326
v -0.019482 0.150308 -0.040190
v 0.001141 0.159661 0.026120
v -0.019675 0.150253 -0.038299
v 0.011214 0.167223 0.023724
v -0.018395 0.151245 -0.039009
v 0.010323 0.159029 0.026032
v -0.018382 0.150152 -0.038300
v 0.003167 0.168490 0.026376
v -0.019674 0.151322 -0.038403
v -0.019688 0.150343 -0.040123
v -0.001245 0.157625 0.027563
v -0.015173 0.151182 -0.018842
v -0.011121 0.149616 -0.019570
v -0.007949 0.150065 -0.019505
v -0.006352 0.154185 -0.021677
v -0.007912 0.157780 -0.022901
v -0.011201 0.160010 -0.022731
v -0.013708 0.157584 -0.021345
v -0.015299 0.154318 -0.018242
v -0.019848 0.150219 -0.040034
v -0.018939 0.150053 -0.038494
v -0.019558 0.150172 -0.040129
v -0.018159 0.150634 -0.038486
v -0.019527 0.150468 -0.040212
v -0.019144 0.151445 -0.039033
v -0.019817 0.150514 -0.040117
v -0.019853 0.150882 -0.038386
v -0.005147 0.160591 0.012969
v -0.002290 0.154546 0.007996
v 0.004896 0.159479 0.006435
v 0.000843 0.167388 0.009043
v 0.004317 0.164309 0.007371
v -0.006281 0.157036 0.010211
v -0.002522 0.165066 0.011183
v 0.002012 0.154666 0.007305
v 0.002603 0.160478 0.029421
v 0.002502 0.165486 0.031383
v 0.011785 0.159846 0.029334
v 0.006955 0.158410 0.029711
v 0.012676 0.168040 0.027026
v 0.013913 0.163666 0.027628
v 0.004630 0.169306 0.029678
v 0.008061 0.169960 0.026141
v 0.008132 0.164534 0.029336
v -0.002121 0.164996 0.029276
v 0.012193 0.156287 0.025930
v 0.004876 0.154406 0.027414
v 0.013590 0.169273 0.022281
v 0.015596 0.162323 0.023186
v 0.001295 0.171230 0.026479
v 0.006924 0.172392 0.021937
v 0.006864 0.155134 0.030525
v 0.008426 0.173202 0.025225
v 0.017058 0.163138 0.026488
v 0.015269 0.169792 0.025566
v 0.000079 0.158624 0.030877
v -0.000601 0.166289 0.032441
v 0.013886 0.157285 0.029096
v 0.002529 0.171867 0.029915
v -0.026626 0.191845 -0.009089
v 0.041753 0.177554 0.011038
v -0.027688 0.184770 -0.004453
v 0.041658 0.177309 0.011198
v -0.025321 0.196320 -0.001561
v 0.041733 0.177729 0.011295
v -0.029789 0.190026 0.002499
v 0.041638 0.177483 0.011454
v -0.025046 0.186837 -0.007923
v 0.040167 0.177429 0.010251
v -0.028604 0.194399 0.001801
v 0.040054 0.178421 0.011710
v -0.030038 0.186205 -0.000216
v 0.039455 0.177327 0.011329
v -0.026377 0.195666 -0.006374
v 0.040253 0.178498 0.010308
v 0.041696 0.177519 0.011246
v -0.024934 0.184801 -0.010710
v 0.021456 0.178358 0.003272
v 0.019827 0.176792 0.007054
v 0.018023 0.177241 0.009664
v 0.018954 0.181360 0.012194
v 0.020835 0.184955 0.011567
v 0.022508 0.187185 0.008730
v 0.022735 0.184759 0.005876
v 0.021024 0.181494 0.002836
v 0.041710 0.177395 0.011064
v 0.039924 0.177229 0.010972
v 0.041629 0.177348 0.011358
v 0.039487 0.177810 0.011618
v 0.041681 0.177643 0.011429
v 0.040487 0.178621 0.011098
v 0.041762 0.177690 0.011135
v 0.040338 0.178058 0.010150
v -0.010608 0.187767 -0.005913
v -0.008036 0.181722 -0.000787
v -0.010699 0.186654 0.006068
v -0.010639 0.194564 0.001248
v -0.011161 0.191485 0.005069
v -0.007683 0.184212 -0.005338
v -0.010567 0.192242 -0.002739
v -0.009833 0.181842 0.003182
v -0.028607 0.187654 -0.008525
v -0.030187 0.192661 -0.009691
v -0.033599 0.187021 -0.000818
v -0.031249 0.185586 -0.005055
v -0.032165 0.195216 0.001199
v -0.033350 0.190842 0.001897
v -0.029938 0.196482 -0.006976
v -0.028881 0.197136 -0.002163
v -0.031585 0.191709 -0.003866
v -0.025879 0.192171 -0.012385
v -0.030985 0.183463 0.001399
v -0.028186 0.181582 -0.005522
v -0.028712 0.196449 0.004578
v -0.030573 0.189499 0.005752
v -0.025430 0.198406 -0.007993
v -0.024748 0.199567 -0.000792
v -0.031878 0.182310 -0.005580
v -0.028318 0.200378 -0.001353
v -0.034134 0.190314 0.005150
v -0.032378 0.196968 0.004166
v -0.028429 0.185800 -0.011433
v -0.029358 0.193465 -0.012863
v -0.034559 0.184461 0.001066
v -0.028978 0.199042 -0.008859
v 0.022948 0.260866 -0.003303
v -0.043844 0.246575 0.021590
v 0.021018 0.253790 -0.007650
v -0.043864 0.246329 0.021406
v 0.017389 0.265340 -0.008544
v -0.043982 0.246749 0.021373
v 0.018530 0.259046 -0.014473
v -0.044002 0.246504 0.021188
v 0.020984 0.255858 -0.003288
v -0.042103 0.246450 0.021269
v 0.018002 0.263420 -0.013204
v -0.042887 0.247442 0.020034
v 0.020358 0.255226 -0.012450
v -0.042179 0.246348 0.019979
v 0.021121 0.264686 -0.005326
v -0.042206 0.247519 0.021275
v -0.043923 0.246540 0.021389
v 0.022565 0.253822 -0.000991
v -0.022944 0.247379 0.015635
v -0.023908 0.245813 0.011632
v -0.024028 0.246261 0.008461
v -0.026291 0.250381 0.006995
v -0.027421 0.253976 0.008624
v -0.027058 0.256206 0.011898
v -0.025528 0.253780 0.014318
v -0.022337 0.250515 0.015725
v -0.043825 0.246416 0.021544
v -0.042340 0.246250 0.020546
v -0.043937 0.246368 0.021260
v -0.042379 0.246831 0.019767
v -0.044021 0.246664 0.021235
v -0.042866 0.247642 0.020783
v -0.043909 0.246711 0.021518
v -0.042179 0.247079 0.021452
v 0.008225 0.256788 0.003760
v 0.003093 0.250743 0.001200
v 0.001113 0.255675 -0.005883
v 0.003955 0.263584 -0.001989
v 0.002082 0.260506 -0.005360
v 0.005539 0.253233 0.005053
v 0.006288 0.261263 0.001244
v 0.002151 0.250862 -0.003054
v 0.024195 0.256675 -0.004942
v 0.026159 0.261682 -0.004956
v 0.023568 0.256042 -0.014103
v 0.024228 0.254607 -0.009303
v 0.021212 0.264236 -0.014857
v 0.021741 0.259863 -0.016126
v 0.024332 0.265503 -0.006980
v 0.020600 0.266157 -0.010198
v 0.023785 0.260730 -0.010456
v 0.024326 0.261192 -0.000217
v 0.020147 0.252483 -0.014310
v 0.022058 0.250602 -0.007092
v 0.016422 0.265469 -0.015491
v 0.017208 0.258519 -0.017546
v 0.021334 0.267426 -0.003463
v 0.016470 0.268588 -0.008816
v 0.025047 0.251331 -0.009260
v 0.019664 0.269398 -0.010508
v 0.020418 0.259335 -0.019200
v 0.019603 0.265989 -0.017360
v 0.025796 0.254821 -0.002508
v 0.027397 0.262486 -0.001920
v 0.023208 0.253482 -0.016186
v 0.024692 0.268063 -0.004897
v -0.023099 0.223990 0.018791
v 0.024432 0.209699 -0.034328
v -0.019367 0.216915 0.021740
v 0.024536 0.209454 -0.034174
v -0.015739 0.228465 0.020843
v 0.024655 0.209874 -0.034200
v -0.013990 0.222171 0.026622
v 0.024759 0.209629 -0.034045
v -0.021367 0.218982 0.017865
v 0.023041 0.209574 -0.033234
v -0.014113 0.226545 0.025252
v 0.024310 0.210566 -0.032505
v -0.016549 0.218350 0.025681
v 0.023709 0.209473 -0.032127
v -0.020540 0.227811 0.019732
v 0.023129 0.210644 -0.033287
v 0.024596 0.209664 -0.034187
v -0.023836 0.216946 0.016567
v 0.008706 0.210503 -0.019329
v 0.011422 0.208937 -0.016235
v 0.013004 0.209386 -0.013485
v 0.015689 0.213506 -0.013240
v 0.015931 0.217101 -0.015208
v 0.014087 0.219331 -0.017937
v 0.011606 0.216905 -0.019367
v 0.008126 0.213639 -0.019127
v 0.024437 0.209540 -0.034278
v 0.023587 0.209374 -0.032704
v 0.024668 0.209493 -0.034079
v 0.023984 0.209955 -0.032033
v 0.024754 0.209789 -0.034095
v 0.023943 0.210767 -0.033158
v 0.024523 0.209835 -0.034295
v 0.023023 0.210204 -0.033431
v -0.013355 0.219912 0.005687
v -0.007621 0.213868 0.005565
v -0.002572 0.218800 0.010912
v -0.006899 0.226709 0.008789
v -0.003673 0.223630 0.010900
v -0.011579 0.216358 0.003292
v -0.010469 0.224388 0.007012
v -0.004807 0.213987 0.008892
v -0.023439 0.219800 0.020822
v -0.025171 0.224807 0.021749
v -0.018621 0.219167 0.028639
v -0.021439 0.217731 0.024698
v -0.016185 0.227361 0.028210
v -0.016062 0.222987 0.029580
v -0.022612 0.228627 0.022690
v -0.017811 0.229281 0.023801
v -0.020510 0.223855 0.025512
v -0.025755 0.224317 0.016701
v -0.015496 0.215608 0.027230
v -0.020547 0.213727 0.021731
v -0.011650 0.228594 0.026541
v -0.011389 0.221644 0.028726
v -0.021595 0.230551 0.018182
v -0.014799 0.231713 0.020656
v -0.022183 0.214455 0.025041
v -0.016838 0.232523 0.023640
v -0.013461 0.222459 0.031684
v -0.013596 0.229113 0.029676
v -0.025989 0.217945 0.019413
v -0.027680 0.225610 0.019638
v -0.017332 0.216606 0.030315
v -0.023900 0.231188 0.021014
v -0.026626 0.282155 -0.009089
v 0.041753 0.267864 0.011038
v -0.027688 0.275080 -0.004453
v 0.041658 0.267619 0.011198
v -0.025321 0.286629 -0.001561
v 0.041733 0.268038 0.011295
v -0.029789 0.280336 0.002499
v 0.041638 0.267793 0.011454
v -0.025046 0.277147 -0.007923
v 0.040167 0.267739 0.010251
v -0.028604 0.284709 0.001801
v 0.040054 0.268731 0.011710
v -0.030038 0.276515 -0.000216
v 0.039455 0.267637 0.011329
v -0.026377 0.285976 -0.006374
v 0.040253 0.268808 0.010308
v 0.041696 0.267829 0.011246
v -0.024934 0.275111 -0.010710
v 0.021456 0.268668 0.003272
v 0.019827 0.267102 0.007054
v 0.018023 0.267550 0.009664
v 0.018954 0.271670 0.012194
v 0.020835 0.275265 0.011567
v 0.022508 0.277495 0.008730
v 0.022735 0.275069 0.005876
v 0.021024 0.271804 0.002836
v 0.041710 0.267705 0.011064
v 0.039924 0.267539 0.010972
v 0.041629 0.267657 0.011358
v 0.039487 0.268120 0.011618
v 0.041681 0.267953 0.011429
v 0.040487 0.268931 0.011098
v 0.041762 0.268000 0.011135
v 0.040338 0.268368 0.010150
v -0.010608 0.278077 -0.005913
v -0.008036 0.272032 -0.000787
v -0.010699 0.276964 0.006068
v -0.010639 0.284874 0.001248
v -0.011161 0.281795 0.005069
v -0.007683 0.274522 -0.005338
v -0.010567 0.282552 -0.002739
v -0.009833 0.272151 0.003182
v -0.028607 0.277964 -0.008525
v -0.030187 0.282971 -0.009691
v -0.033599 0.277331 -0.000818
v -0.031249 0.275896 -0.005055
v -0.032165 0.285525 0.001199
v -0.033350 0.281152 0.001897
v -0.029938 0.286792 -0.006976
v -0.028881 0.287446 -0.002163
v -0.031585 0.282019 -0.003866
v -0.025879 0.282481 -0.012385
v -0.030985 0.273773 0.001399
v -0.028186 0.271891 -0.005522
v -0.028712 0.286759 0.004578
v -0.030573 0.279808 0.005752
v -0.025430 0.288715 -0.007993
v -0.024748 0.289877 -0.000792
v -0.031878 0.272620 -0.005580
v -0.028318 0.290687 -0.001353
v -0.034134 0.280624 0.005150
v -0.032378 0.287278 0.004166
v -0.028429 0.276110 -0.011433
v -0.029358 0.283774 -0.012863
v -0.034559 0.274771 0.001066
v -0.028978 0.289352 -0.008859
v -0.027141 0.142007 0.012035
v 0.033982 0.127716 -0.024637
v -0.024450 0.134932 0.015956
v 0.034035 0.127471 -0.024459
v -0.020719 0.146482 0.016173
v 0.034157 0.127891 -0.024449
v -0.020758 0.140188 0.022211
v 0.034210 0.127646 -0.024271
v -0.025213 0.136999 0.011662
v 0.032329 0.127591 -0.024004
v -0.020470 0.144561 0.020866
v 0.033325 0.128583 -0.022932
v -0.022924 0.136367 0.020555
v 0.032639 0.127490 -0.022749
v -0.024975 0.145828 0.013691
v 0.032429 0.128660 -0.024028
v 0.034096 0.127681 -0.024454
v -0.027187 0.134963 0.009692
v 0.014520 0.128520 -0.014965
v 0.016199 0.126954 -0.011206
v 0.016897 0.127403 -0.008110
v 0.019389 0.131523 -0.007082
v 0.020202 0.135118 -0.008890
v 0.019248 0.137348 -0.012042
v 0.017302 0.134922 -0.014143
v 0.013907 0.131656 -0.014943
v 0.033971 0.127557 -0.024588
v 0.032694 0.127391 -0.023336
v 0.034133 0.127510 -0.024330
v 0.032874 0.127972 -0.022577
v 0.034220 0.127806 -0.024320
v 0.033168 0.128783 -0.023665
v 0.034059 0.127852 -0.024578
v 0.032370 0.128220 -0.024197
v -0.013955 0.137929 0.002402
v -0.008442 0.131885 0.003982
v -0.005203 0.136817 0.010584
v -0.008707 0.144726 0.007275
v -0.006251 0.141647 0.010247
v -0.011551 0.134374 0.000640
v -0.011592 0.142404 0.004522
v -0.006739 0.132004 0.007992
v -0.028068 0.137816 0.013874
v -0.029996 0.142824 0.014247
v -0.025779 0.137184 0.022767
v -0.027304 0.135748 0.018168
v -0.023325 0.145378 0.023078
v -0.023613 0.141004 0.024422
v -0.027830 0.146644 0.015902
v -0.023573 0.147298 0.018385
v -0.026657 0.141872 0.019221
v -0.029060 0.142334 0.009253
v -0.022377 0.133625 0.022345
v -0.025574 0.131744 0.015598
v -0.018500 0.146611 0.022826
v -0.018896 0.139661 0.024990
v -0.025525 0.148568 0.011898
v -0.019765 0.149730 0.016273
v -0.028117 0.132472 0.018275
v -0.022596 0.150540 0.018519
v -0.021751 0.140476 0.027202
v -0.021286 0.147130 0.025245
v -0.030086 0.135962 0.011773
v -0.031768 0.143627 0.011488
v -0.025044 0.134623 0.024749
v -0.028565 0.149205 0.013920
v -0.024776 0.070585 -0.012398
v 0.039999 0.056294 0.017350
v -0.026493 0.063509 -0.007963
v 0.039882 0.056049 0.017495
v -0.024566 0.075059 -0.004761
v 0.039943 0.056468 0.017601
v -0.029572 0.068765 -0.001385
v 0.039826 0.056223 0.017746
v -0.023380 0.065577 -0.011017
v 0.038543 0.056169 0.016344
v -0.028299 0.073139 -0.001906
v 0.038221 0.057161 0.017771
v -0.029428 0.064945 -0.004107
v 0.037683 0.056067 0.017308
v -0.024920 0.074406 -0.009676
v 0.038620 0.057238 0.016412
v 0.039913 0.056259 0.017548
v -0.022868 0.063541 -0.013759
v 0.021029 0.057098 0.006747
v 0.018874 0.055532 0.010255
v 0.016713 0.055980 0.012578
v 0.017271 0.060100 0.015216
v 0.019222 0.063695 0.014867
v 0.021286 0.065925 0.012300
v 0.021921 0.063499 0.009507
v 0.020665 0.060234 0.006253
v 0.039953 0.056135 0.017369
v 0.038199 0.055969 0.017022
v 0.039831 0.056087 0.017649
v 0.037674 0.056550 0.017599
v 0.039872 0.056383 0.017727
v 0.038737 0.057361 0.017228
v 0.039994 0.056430 0.017447
v 0.038726 0.056798 0.016268
v -0.009381 0.066507 -0.006953
v -0.007573 0.060462 -0.001510
v -0.011194 0.065394 0.004891
v -0.010441 0.073304 0.000130
v -0.011507 0.070225 0.003836
v -0.006569 0.062952 -0.005962
v -0.009796 0.070982 -0.003805
v -0.009922 0.060581 0.002160
v -0.026817 0.066394 -0.012125
v -0.028214 0.071401 -0.013506
v -0.032865 0.065761 -0.005215
v -0.029931 0.064326 -0.009071
v -0.031737 0.073955 -0.003014
v -0.033009 0.069582 -0.002492
v -0.028357 0.075222 -0.010783
v -0.028004 0.075876 -0.005868
v -0.030434 0.070449 -0.007942
v -0.023563 0.070911 -0.015552
v -0.030597 0.062202 -0.002645
v -0.026832 0.060321 -0.009093
v -0.028805 0.075189 0.000827
v -0.030815 0.068238 0.001721
v -0.023750 0.077145 -0.011141
v -0.024110 0.078307 -0.003918
v -0.030478 0.061050 -0.009680
v -0.027563 0.079117 -0.004986
v -0.034253 0.069054 0.000614
v -0.032374 0.075708 -0.000108
v -0.026223 0.064540 -0.014977
v -0.026937 0.072204 -0.016525
v -0.034087 0.063201 -0.003489
v -0.027136 0.077782 -0.012509
vn -0.2187 -0.3699 -0.9029
vn 0.2065 -0.0577 -0.9767
vn 0.7723 0.6145 -0.1610
vn 0.4611 0.6802 0.5698
vn 0.0990 -0.1564 0.9827
vn -0.2510 -0.6915 0.6773
vn -0.5372 -0.7977 -0.2740
vn -0.7724 -0.1021 -0.6269
vn -0.0614 0.2948 -0.9536
vn 0.9283 0.3700 -0.0367
vn 0.8644 0.0397 0.5012
vn 0.6615 -0.0978 0.7436
vn -0.5043 -0.4117 0.7591
vn -0.9415 -0.2221 -0.2535
vn -0.7167 0.2548 -0.6491
vn 0.0799 0.4205 -0.9038
vn 0.9797 0.1659 -0.1125
vn 0.9249 -0.0692 0.3739
vn 0.5092 -0.0548 0.8589
vn -0.5260 -0.4137 0.7431
vn -0.9813 0.0343 -0.1895
vn -0.8089 0.4354 -0.3952
vn 0.0075 0.2490 -0.9685
vn 0.8747 -0.2207 -0.4314
vn 0.7090 -0.4023 0.5792
vn 0.6709 -0.3966 0.6266
vn -0.6380 -0.0430 0.7688
vn -0.9338 0.3472 0.0868
vn -0.6327 0.7413 -0.2239
vn -0.1017 0.4374 -0.8935
vn 0.8080 -0.2272 -0.5437
vn 0.6367 -0.7480 0.1872
vn 0.4292 -0.8161 0.3869
vn -0.2711 0.3268 0.9054
vn -0.6288 0.5276 0.5712
vn 0.3844 0.9231 0.0105
vn 0.6283 0.7217 -0.2905
vn 0.3757 -0.6071 -0.7002
vn -0.0861 -0.8748 -0.4767
vn -0.4042 -0.5300 0.7455
vn -0.6445 -0.1618 0.7473
vn -0.0902 0.4676 0.8793
vn 0.9800 0.1977 0.0239
vn 0.7751 0.3580 -0.5206
vn -0.3271 -0.0446 -0.9439
vn -0.7565 -0.2100 -0.6194
vn -0.9485 -0.1625 0.2719
vn 0.0006 -0.0766 0.9971
vn 0.7006 0.1951 0.6863
vn 0.9098 -0.3449 0.2309
vn 0.7721 -0.3246 -0.5464
vn -0.3489 0.2749 -0.8959
vn -0.8210 0.2101 -0.5308
vn -0.9555 0.0333 0.2930
vn 0.0215 0.0193 0.9996
vn 0.5437 -0.2182 0.8104
vn 0.9583 0.1854 0.2173
vn 0.8525 0.4505 -0.2650
vn -0.7874 0.2053 -0.5812
vn -0.9112 0.0093 -0.4118
vn -0.8789 -0.4441 -0.1743
vn 0.0300 -0.7074 0.7062
vn 0.8207 0.0923 0.5639
vn 0.8957 0.2123 -0.3907
vn 0.5967 0.6043 -0.5280
vn -0.9663 0.1377 -0.2175
vn -0.9263 -0.0099 -0.3765
vn -0.7036 -0.4268 0.5681
vn -0.3376 -0.3163 0.8865
vn 0.8212 -0.2442 0.5157
vn 0.4110 -0.7532 -0.5135
vn 0.4583 0.2326 -0.8578
vn 0.2763 0.9402 -0.1993
vn -0.1530 0.8778 0.4539
vn -0.6619 0.1571 0.7329
vn -0.3850 -0.8144 0.4342
vn 0.2257 -0.9657 -0.1282
vn -0.0675 0.9908 -0.1175
vn 0.1381 0.9081 0.3954
vn 0.4327 -0.2603 0.8631
vn 0.1273 -0.8136 0.5673
vn 0.2264 -0.8277 -0.5135
vn 0.1167 -0.1961 -0.9736
vn -0.1281 0.6251 -0.7699
vn -0.5963 0.7872 -0.1569
vn -0.3122 0.6765 0.6670
vn 0.4589 -0.3268 0.8262
vn 0.6083 -0.7416 0.2828
vn 0.6114 -0.7750 -0.1600
vn -0.1413 -0.3653 -0.9201
vn -0.6669 0.5325 -0.5213
vn -0.9111 0.3123 0.2689
vn -0.2178 0.5900 0.7774
vn 0.9329 -0.0081 0.3600
vn 0.9603 -0.2784 -0.0188
vn 0.7610 -0.5381 -0.3624
vn -0.4530 -0.5091 -0.7319
vn -0.9871 0.1551 -0.0403
vn -0.9201 0.2080 0.3318
vn -0.2379 0.6748 0.6986
vn 0.9269 0.3337 0.1721
vn 0.9746 -0.0754 -0.2109
vn 0.8102 -0.3349 -0.4811
vn -0.6152 -0.5907 -0.5222
vn -0.9915 -0.1106 0.0681
vn -0.8277 -0.0748 0.5561
vn -0.3096 0.6000 0.7377
vn 0.8695 0.4622 0.1741
vn 0.9268 0.2151 -0.3080
vn 0.6992 0.0122 -0.7148
vn -0.3984 -0.9152 -0.0604
vn -0.7796 -0.6070 0.1540
vn -0.0776 -0.4386 0.8953
vn 0.2520 0.0539 0.9662
vn 0.4559 0.8460 -0.2764
vn 0.2416 0.7901 -0.5634
vn -0.1161 -0.3250 -0.9386
vn -0.5400 -0.5333 -0.6512
vn -0.2966 -0.9450 0.1375
vn 0.5652 -0.3571 0.7437
vn 0.3211 0.1226 0.9391
vn -0.2592 0.9653 0.0315
vn -0.4206 0.7951 -0.4370
vn -0.5337 0.0612 -0.8435
vn 0.0577 -0.9273 -0.3698
vn 0.3612 -0.8474 0.3891
vn 0.8452 -0.3956 0.3592
vn 0.7597 0.2866 0.5838
vn -0.5720 0.7971 0.1935
vn -0.7784 0.5767 -0.2479
vn -0.8856 -0.1140 -0.4503
vn 0.2349 -0.9223 -0.3068
vn 0.6837 -0.7293 -0.0264
vn 0.9590 -0.0556 0.2780
vn 0.8953 0.3097 0.3203
vn -0.8944 0.3174 0.3152
vn -0.9691 0.2468 0.0021
vn -0.9913 0.1122 -0.0692
vn 0.3410 -0.4295 -0.8362
vn 0.8834 -0.4042 -0.2372
vn 0.8668 0.2374 0.4384
vn 0.5466 0.2129 0.8099
vn -0.9583 -0.1202 0.2594
vn -0.9481 -0.0688 0.3106
vn -0.5836 -0.3256 -0.7439
vn -0.0365 -0.6055 -0.7950
vn 0.8836 0.0754 -0.4621
vn 0.5111 0.7177 -0.4730
vn 0.3816 0.7277 0.5700
vn -0.2630 -0.0288 0.9644
vn -0.5714 -0.5959 0.5644
vn -0.5788 -0.8147 -0.0342
vn -0.1676 -0.0962 -0.9811
vn 0.5015 0.4177 -0.7576
vn 0.9985 0.0121 -0.0537
vn 0.1797 0.0299 -0.9833
vn 0.7289 0.0251 -0.6842
vn -0.3100 -0.0034 -0.9507
vn -0.8329 0.0025 -0.5534
vn -0.9970 0.0128 0.0765
vn -0.6893 0.0258 0.7240
vn -0.3770 0.0112 0.9261
vn 0.6824 0.0097 0.7309
vn 0.6679 0.0268 0.7438
vn 0.6265 0.2332 -0.7437
vn -0.5266 0.2331 -0.8175
vn 0.8535 0.1454 -0.5003
vn 0.6774 0.2239 -0.7007
vn 0.9991 -0.0149 -0.0400
vn 0.5536 -0.0001 -0.8328
vn 0.0794 -0.0174 -0.9967
vn -0.2508 0.0042 -0.9680
vn -0.8415 -0.0258 -0.5396
vn -0.9756 -0.0295 0.2174
vn -0.6575 -0.0222 0.7531
vn -0.0170 0.0002 0.9999
vn 0.0640 0.0048 0.9979
vn 0.8794 -0.0011 0.4760
vn -0.6919 0.0022 0.7220
vn -0.9968 -0.0084 0.0791
vn -0.8267 -0.0166 -0.5624
vn -0.2524 -0.0192 -0.9674
vn 0.2173 -0.0515 -0.9747
vn 0.8206 -0.0340 -0.5705
vn 0.9979 -0.0070 -0.0640
vn 0.6556 -0.0055 0.7550
vn 0.1560 0.0207 0.9875
vn -0.0000 -1.0000 -0.0000
vn -0.2123 0.0212 0.9770
vn 0.9118 -0.1590 0.3785
vn 0.3600 -0.1071 0.9268
vn -0.3323 -0.0632 0.9411
vn -0.7900 -0.0659 0.6095
vn -0.9730 -0.0248 0.2293
vn -0.8395 -0.0423 -0.5417
vn -0.1237 -0.0860 -0.9886
vn 0.2355 -0.0641 -0.9697
vn 0.6150 -0.1207 -0.7792
vn 0.9839 -0.0761 0.1615
vn 0.8525 -0.2787 0.4422
vn 0.6141 -0.4683 0.6353
vn 0.6249 0.0464 0.7794
vn 0.4675 -0.4903 0.7356
vn 0.6644 -0.4456 0.6000
vn 0.6586 0.0243 0.7521
vn -0.2411 -0.5890 0.7713
vn -0.4596 -0.5014 0.7330
vn -0.1221 0.0682 0.9902
vn -0.7729 -0.3714 0.5145
vn -0.5754 -0.4918 0.6534
vn -0.8903 0.0324 0.4541
vn -0.9994 0.0162 0.0320
vn -0.9844 -0.1259 0.1228
vn -0.9978 0.0002 0.0664
vn -0.8263 0.3057 -0.4730
vn -0.7778 0.3254 -0.5376
vn -0.8514 -0.0316 -0.5236
vn -0.4124 0.4485 -0.7929
vn -0.3838 0.5093 -0.7703
vn -0.3609 -0.0594 -0.9307
vn 0.3820 0.4724 -0.7943
vn 0.0735 0.5470 -0.8339
vn 0.2197 -0.0620 -0.9736
vn 0.8142 0.2910 -0.5024
vn 0.8076 0.3160 -0.4979
vn 0.8080 -0.0256 -0.5886
vn 0.9957 0.0579 -0.0724
vn 0.9742 0.1049 -0.2000
vn 0.9932 -0.0032 -0.1161
vn 0.0357 0.5039 0.8630
vn -0.7849 0.1660 -0.5969
vn -0.9997 -0.0086 -0.0215
vn -0.7205 -0.0808 0.6887
vn -0.5438 -0.2196 0.8100
vn 0.6835 -0.1636 0.7114
vn 0.8803 -0.0206 0.4739
vn 0.4172 -0.0612 0.9067
vn 0.6828 -0.0730 0.7269
vn -0.0253 -0.1125 0.9933
vn -0.9065 -0.0634 0.4174
vn -0.9967 -0.0099 0.0807
vn -0.8492 0.0447 -0.5261
vn -0.3283 0.0756 -0.9415
vn 0.1553 0.0748 -0.9850
vn 0.8543 0.0363 -0.5185
vn 0.9961 0.0028 -0.0881
vn 0.9903 0.0058 -0.1391
vn 0.7704 0.0185 -0.6373
vn 0.3946 0.0111 -0.9188
vn -0.4609 0.0239 -0.8871
vn -0.7814 0.0154 -0.6239
vn -0.9995 -0.0035 0.0312
vn -0.8586 -0.0190 0.5123
vn -0.2413 -0.0380 0.9697
vn 0.6421 -0.0326 0.7659
vn 0.7518 -0.0297 0.6587
vn 0.0805 0.5925 0.8015
vn 0.0040 -0.1303 0.9915
vn 0.0039 0.8161 0.5779
vn 0.8629 0.3201 0.3910
vn 0.7096 0.6406 0.2933
vn 0.0208 0.9987 -0.0472
vn -0.2750 0.9030 -0.3301
vn -0.7117 0.6962 -0.0940
vn -0.9204 0.0963 0.3790
vn -0.7656 -0.1417 0.6275
vn -0.0880 -0.4763 0.8748
vn 0.1538 -0.5409 0.8269
vn 0.6724 -0.1815 0.7176
vn 0.9966 0.0413 0.0715
vn 0.8540 0.3930 -0.3410
vn 0.2656 0.7209 -0.6401
vn -0.6238 0.5685 -0.5363
vn -0.8293 0.4598 -0.3175
vn -0.9918 0.0434 0.1206
vn -0.8292 -0.2404 0.5047
vn -0.1352 -0.6146 0.7772
vn 0.3091 -0.5712 0.7604
vn 0.7869 -0.3564 0.5037
vn 0.7080 -0.3418 0.6180
vn 0.3403 -0.3418 0.8760
vn -0.0024 -0.3418 0.9398
vn -0.8945 -0.3418 0.2882
vn -0.9147 -0.3418 0.2156
vn -0.7427 -0.3418 -0.5758
vn -0.1167 -0.3418 -0.9325
vn 0.2218 -0.3418 -0.9132
vn 0.7792 -0.3418 -0.5254
vn 0.9396 -0.3418 -0.0204
vn 0.8349 0.2158 0.5064
vn 0.8496 0.2951 0.4371
vn 0.6228 0.3060 0.7201
vn 0.5617 0.4636 0.6852
vn -0.4622 0.3210 0.8267
vn -0.3132 0.5088 0.8019
vn -0.6964 0.2610 0.6685
vn -0.7862 0.3176 0.5300
vn -0.9998 0.0022 0.0202
vn -0.9978 0.0199 0.0628
vn -0.8294 -0.2222 -0.5125
vn -0.8347 -0.3284 -0.4421
vn -0.4325 -0.4012 -0.8075
vn -0.2601 -0.5401 -0.8004
vn 0.2451 -0.4353 -0.8663
vn 0.4190 -0.4947 -0.7614
vn 0.8418 -0.2664 -0.4696
vn 0.8129 -0.3140 -0.4906
vn 0.9978 -0.0474 -0.0471
vn 0.9717 -0.1238 -0.2011
vn -0.2149 0.9153 -0.3407
vn 0.1779 0.2641 -0.9480
vn -0.1754 0.5209 -0.8354
vn 0.2079 0.6968 -0.6865
vn 0.6250 0.7715 -0.1191
vn 0.7629 -0.1489 -0.6291
vn 0.1438 -0.4175 -0.8972
vn -0.2026 -0.4608 -0.8640
vn -0.8143 -0.1502 -0.5606
vn -0.6765 0.2525 -0.6918
vn -0.5916 0.7368 0.3272
vn -0.1398 0.9816 0.1305
vn 0.6968 0.6775 0.2353
vn 0.8919 0.4497 0.0486
vn 0.9978 0.0664 0.0067
vn 0.6934 -0.4827 -0.5350
vn 0.3433 -0.5843 -0.7354
vn -0.3549 -0.5745 -0.7375
vn -0.8298 -0.3259 -0.4530
vn -0.9975 0.0094 -0.0703
vn -0.8066 0.4595 0.3718
vn -0.4051 0.6343 0.6584
vn 0.6412 0.5508 0.5344
vn 0.8916 0.3405 0.2985
vn 0.8872 0.4465 -0.1158
vn 0.8392 0.5437 0.0110
vn 0.6129 0.7747 -0.1557
vn 0.4999 0.8660 -0.0113
vn -0.3022 0.9441 -0.1318
vn -0.3630 0.9308 -0.0421
vn -0.6830 0.7125 -0.1606
vn -0.6505 0.7580 0.0486
vn -0.9954 -0.0577 -0.0767
vn -0.9558 0.2649 0.1278
vn -0.8160 -0.5766 0.0407
vn -0.8263 -0.5099 0.2393
vn -0.3487 -0.9252 0.1497
vn -0.2752 -0.9181 0.2852
vn 0.4416 -0.8871 0.1343
vn 0.2401 -0.9502 0.1988
vn 0.4535 -0.8812 0.1335
vn 0.7065 -0.6889 0.1622
vn 0.9969 -0.0736 -0.0273
vn 0.9611 -0.2489 0.1197
vn -0.1080 0.3621 -0.9259
vn -0.0856 0.2206 -0.9716
vn 0.0869 0.8452 -0.5273
vn 0.0106 0.3448 -0.9386
vn 0.8630 0.1058 -0.4940
vn 0.3779 -0.6300 -0.6784
vn 0.4222 -0.6222 -0.6593
vn -0.4261 -0.6061 -0.6716
vn -0.8539 -0.2627 -0.4492
vn -0.9213 0.1202 -0.3699
vn -0.5514 0.8259 -0.1178
vn -0.5279 0.8410 -0.1186
vn 0.4220 0.9024 -0.0876
vn 0.6638 0.6616 -0.3487
vn 0.6777 0.0470 0.7339
vn 0.5550 0.4475 0.7013
vn 0.2390 0.9667 0.0911
vn -0.5665 0.7679 0.2990
vn -0.3098 0.8522 0.4216
vn -0.7646 -0.5546 0.3283
vn -0.8588 -0.2973 0.4172
vn -0.0610 -0.4735 0.8787
vn 0.5811 -0.3489 0.7352
vn 0.2100 -0.7717 0.6003
vn 0.7187 -0.0425 0.6941
vn 0.0194 0.1454 0.9892
vn -0.0000 0.1513 0.9885
vn -0.4399 0.2024 0.8749
vn 0.9765 -0.2118 -0.0397
vn 0.7142 -0.6999 -0.0064
vn 0.0493 -0.9986 0.0207
vn -0.1261 -0.9909 0.0477
vn -0.7209 -0.6930 -0.0031
vn -0.9996 0.0056 -0.0273
vn -0.5660 0.8219 -0.0646
vn -0.3174 0.9420 -0.1088
vn 0.6260 0.7744 -0.0916
vn 0.8445 0.5280 -0.0901
vn 0.9993 -0.0279 -0.0243
vn 0.5095 -0.8524 0.1173
vn 0.4406 -0.8893 0.1222
vn -0.3710 -0.9204 0.1234
vn -0.7277 -0.6815 0.0774
vn -0.9984 -0.0052 -0.0564
vn -0.1903 0.9794 -0.0669
vn -0.5941 0.8032 -0.0436
vn 0.5262 0.8454 -0.0918
vn 0.9144 0.4011 -0.0553
vn 0.8187 0.5713 -0.0585
vn 0.7899 0.5910 -0.1638
vn -0.4140 0.9102 -0.0075
vn -0.6366 0.7708 -0.0243
vn -0.9993 -0.0026 -0.0370
vn -0.8104 -0.5825 -0.0631
vn -0.5135 -0.8568 -0.0467
vn 0.4111 -0.9104 -0.0461
vn 0.6653 -0.7460 -0.0291
vn 0.9997 -0.0042 -0.0223
vn 0.9953 0.0322 -0.0915
vn 0.6640 -0.6866 -0.2960
vn 0.4241 -0.8453 -0.3250
vn -0.5717 -0.7589 -0.3119
vn -0.8725 -0.4385 -0.2154
vn -0.9948 0.0164 -0.1009
vn -0.5752 0.8129 -0.0911
vn -0.4958 0.8655 -0.0712
vn 0.5802 0.8087 0.0971
vn 0.7400 0.6618 0.1203
vn -0.0675 -0.7499 -0.6581
vn 0.1381 -0.3131 -0.9396
vn 0.4327 0.8159 -0.3836
vn 0.1273 0.9658 0.2257
vn 0.2264 0.1717 0.9588
vn 0.1167 -0.5928 0.7968
vn -0.1281 -0.9905 0.0500
vn -0.5964 -0.6431 -0.4804
vn -0.3122 0.0436 -0.9490
vn 0.4589 0.8329 -0.3094
vn 0.6083 0.7062 0.3623
vn 0.6114 0.3992 0.6833
vn -0.1413 -0.4399 0.8869
vn -0.6669 -0.7437 -0.0474
vn -0.9111 -0.0089 -0.4120
vn -0.2179 0.1836 -0.9586
vn 0.9729 0.0937 -0.2112
vn 0.9603 0.1722 0.2195
vn 0.7610 0.0903 0.6424
vn -0.4530 -0.2038 0.8679
vn -0.9871 -0.1337 -0.0884
vn -0.9201 0.1077 -0.3766
vn -0.1634 -0.0266 -0.9862
vn 0.9231 -0.1181 -0.3660
vn 0.8450 -0.0513 0.5322
vn 0.8102 -0.1338 0.5707
vn -0.6152 0.0067 0.7884
vn -0.9915 0.1246 0.0367
vn -0.8277 0.4636 -0.3162
vn -0.3132 0.2823 -0.9068
vn 0.8695 -0.1797 -0.4601
vn 0.8299 -0.4766 0.2901
vn 0.6992 -0.5397 0.4689
vn -0.3984 0.5671 0.7209
vn -0.7796 0.5204 0.3483
vn -0.0777 0.9590 -0.2725
vn 0.2398 0.8329 -0.4987
vn 0.6048 -0.6875 -0.4021
vn 0.2988 -0.9488 -0.1022
vn -0.1161 -0.4806 0.8692
vn -0.5400 -0.1276 0.8319
vn -0.2966 0.7342 0.6108
vn 0.5652 0.7918 -0.2318
vn 0.3211 0.6163 -0.7191
vn -0.2592 -0.6220 -0.7388
vn -0.4206 -0.8566 -0.2990
vn -0.5337 -0.6681 0.5185
vn 0.0577 0.3451 0.9368
vn 0.3612 0.8560 0.3699
vn 0.8452 0.5316 0.0540
vn 0.7597 0.2425 -0.6034
vn -0.5720 -0.3891 -0.7221
vn -0.7784 -0.5700 -0.2631
vn -0.8856 -0.2586 0.3859
vn 0.2350 0.3886 0.8909
vn 0.6837 0.4680 0.5600
vn 0.9590 0.2438 -0.1445
vn 0.8953 0.0311 -0.4444
vn -0.8944 0.0221 -0.4467
vn -0.9691 -0.1635 -0.1849
vn -0.9913 -0.1265 -0.0371
vn 0.3410 -0.3346 0.8785
vn 0.8834 0.0939 0.4591
vn 0.8668 0.1672 -0.4697
vn 0.5466 0.4598 -0.6999
vn -0.9583 0.2733 -0.0841
vn -0.9481 0.2770 -0.1565
vn -0.5837 -0.3354 0.7395
vn -0.0365 -0.1863 0.9818
vn 0.8836 -0.3941 0.2529
vn 0.5111 -0.8316 -0.2174
vn 0.3816 -0.0628 -0.9222
vn -0.2629 0.7364 -0.6234
vn -0.5714 0.8181 0.0657
vn -0.5788 0.5193 0.6287
vn -0.1676 -0.6653 0.7275
vn 0.5015 -0.8427 0.1960
vn 0.8843 0.4644 0.0478
vn 0.8372 0.5457 -0.0366
vn 0.5898 0.7976 0.1264
vn 0.4719 0.8816 -0.0053
vn -0.3707 0.9059 0.2047
vn -0.3871 0.9217 -0.0233
vn -0.6581 0.7460 0.1016
vn -0.6763 0.7319 0.0837
vn -0.9950 -0.0458 -0.0889
vn -0.9897 0.1394 0.0328
vn -0.7988 -0.5633 -0.2113
vn -0.8488 -0.5285 -0.0128
vn -0.3274 -0.9008 -0.2853
vn -0.1486 -0.9832 0.1056
vn 0.4910 -0.8493 -0.1937
vn -0.0777 -0.9970 -0.0016
vn 0.4193 -0.8851 -0.2017
vn 0.7703 -0.6375 -0.0149
vn 0.9980 -0.0222 -0.0597
vn 0.9825 -0.1851 -0.0226
vn -0.1361 0.9215 -0.3638
vn -0.1118 0.8596 -0.4986
vn 0.0575 0.9635 0.2615
vn -0.0176 0.9227 -0.3852
vn 0.8494 0.4603 -0.2582
vn 0.3756 0.0808 -0.9233
vn 0.4202 0.0734 -0.9045
vn -0.4283 0.0676 -0.9011
vn -0.8581 0.1248 -0.4980
vn -0.9316 0.3248 -0.1633
vn -0.5708 0.6308 0.5256
vn -0.5478 0.6423 0.5361
vn 0.4011 0.6902 0.6023
vn 0.6420 0.7254 0.2482
vn 0.5449 0.7796 0.3086
vn -0.2051 -0.9767 -0.0630
vn -0.7405 0.6067 0.2891
vn 0.9573 -0.2747 0.0904
vn -0.4930 0.8581 0.1437
vn 0.1680 -0.8982 -0.4061
vn 0.9230 0.2811 0.2630
vn -0.8313 -0.5549 0.0322
vn -0.4504 0.8549 0.2573
vn 0.6968 -0.7166 0.0289
vn 0.9707 -0.2066 -0.1229
vn 0.2709 -0.9439 -0.1891
vn 0.7530 -0.6362 -0.1680
vn -0.4093 -0.9096 -0.0713
vn -0.2320 -0.9712 -0.0534
vn -0.9896 -0.0665 -0.1276
vn -0.1959 0.9787 0.0618
vn -0.4424 0.8950 -0.0570
vn 0.6252 0.7768 -0.0756
vn 0.9603 0.2527 -0.1184
vn 0.9992 0.0202 -0.0353
vn 0.5407 -0.7466 -0.3877
vn 0.4653 -0.7861 -0.4069
vn -0.3524 -0.8397 -0.4131
vn -0.7090 -0.6345 -0.3078
vn -0.9986 -0.0032 -0.0521
vn -0.6178 0.6754 0.4027
vn -0.5688 0.6435 0.5121
vn 0.6608 0.6253 0.4152
vn 0.9050 0.3815 0.1880
vn 0.8098 0.4339 0.3949
vn 0.7947 0.4560 0.4007
vn -0.4434 0.6199 0.6474
vn -0.6623 0.5063 0.5522
vn -0.9997 -0.0098 -0.0229
vn -0.7934 -0.3954 -0.4629
vn -0.4960 -0.5660 -0.6585
vn 0.4286 -0.5749 -0.6970
vn 0.6794 -0.4612 -0.5706
vn 0.9986 0.0479 -0.0207
vn 0.9921 0.1192 -0.0386
vn 0.6713 -0.2293 -0.7048
vn 0.4342 -0.3231 -0.8409
vn -0.5627 -0.3044 -0.7686
vn -0.8679 -0.1666 -0.4680
vn -0.9969 0.0548 -0.0566
vn -0.5938 0.6016 0.5343
vn -0.5151 0.6252 0.5864
vn 0.5653 0.4960 0.6591
vn 0.7286 0.3840 0.5672
vn 0.9311 0.2491 0.2663
vn -0.6164 0.6164 0.4901
vn -0.3771 -0.8007 -0.4654
vn 0.9825 -0.1791 -0.0515
vn -0.6141 0.6426 0.4581
vn -0.9000 -0.3958 -0.1826
vn 0.6490 -0.6684 -0.3634
vn 0.5584 0.6266 0.5437
vn 0.2747 0.7555 0.5947
vn 0.3012 -0.7751 -0.5554
vn 0.5102 0.1117 0.8528
vn 0.6968 -0.1902 -0.6916
vn -0.8031 -0.2506 -0.5405
vn -0.4725 0.2187 0.8538
vn 0.9743 -0.1030 -0.2003
vn -0.1537 -0.2542 -0.9549
vn -0.4480 0.1439 0.8824
vn 0.9343 -0.0244 0.3557
vn 0.3620 0.0126 -0.9321
vn -0.9405 -0.0074 0.3398
vn 0.2981 -0.0525 -0.9531
vn 0.9354 -0.0059 0.3535
vn -0.6363 0.0625 0.7689
vn -0.4963 0.0135 -0.8680
vn 0.9796 -0.0025 -0.2007
vn -0.5966 -0.0087 0.8025
vn -0.8600 0.0076 -0.5103
vn 0.6456 -0.0206 -0.7634
vn 0.4282 -0.0117 0.9036
vn -0.9352 -0.0027 0.3542
vn 0.6115 0.0012 -0.7913
vn -0.8360 0.0263 -0.5481
vn -0.4473 -0.0806 0.8907
vn 0.9646 -0.0007 -0.2639
vn -0.4112 0.1741 -0.8947
vn -0.6966 -0.0902 0.7118
vn 0.9604 -0.0383 0.2760
vn 0.5326 0.0500 -0.8449
vn -0.9666 -0.0349 0.2539
vn -0.2284 0.0209 0.9734
vn 0.9365 -0.0463 0.3476
vn -0.8952 -0.0570 0.4419
vn 0.0163 0.1474 -0.9889
vn -0.5797 -0.0973 0.8090
vn -0.0622 0.0587 -0.9963
vn -0.5664 -0.0848 0.8198
vn 0.9796 0.0276 -0.1991
vn 0.4412 -0.1628 0.8825
vn -0.9336 0.0357 -0.3565
vn 0.3790 0.1792 -0.9079
vn 0.9730 -0.1779 -0.1467
vn 0.5780 -0.7962 0.1788
vn 0.9445 -0.0779 0.3193
vn -0.6737 -0.3287 0.6619
vn -0.6528 -0.4021 0.6421
vn -0.8979 -0.1334 -0.4196
vn -0.9114 -0.3720 -0.1759
vn -0.3840 -0.2504 -0.8887
vn 0.6012 -0.5502 -0.5795
vn 0.1364 -0.0284 -0.9903
vn 0.9276 -0.2782 -0.2494
vn -0.6840 -0.5615 -0.4656
vn 0.9261 -0.2563 -0.2769
vn -0.9252 -0.3774 0.0394
vn -0.1947 0.3775 -0.9053
vn -0.0369 0.8859 -0.4624
vn 0.1845 0.3631 0.9133
vn 0.0939 0.0483 0.9944
vn 0.0856 0.0995 0.9914
vn 0.2956 -0.7136 -0.6351
vn 0.0527 -0.4671 -0.8826
vn -0.7191 0.0965 -0.6881
vn -0.5807 0.8000 -0.1511
vn 0.6656 0.4845 0.5676
vn 0.6412 0.0071 0.7673
vn 0.7612 -0.0957 0.6414
vn -0.0762 -0.8353 -0.5445
vn -0.5971 -0.2842 -0.7501
vn -0.9936 0.0996 -0.0529
vn -0.6470 0.7615 0.0402
vn 0.9873 0.0753 0.1398
vn 0.9782 0.0997 0.1824
vn 0.8897 0.0163 0.4562
vn -0.2877 -0.9543 -0.0803
vn -0.9713 -0.2032 -0.1238
vn -0.9932 0.0906 0.0733
vn -0.8381 0.5452 0.0183
vn 0.9413 0.3067 -0.1410
vn 0.9930 0.0631 -0.0994
vn 0.9423 -0.2919 -0.1639
vn -0.4170 -0.8910 0.1797
vn -0.9562 -0.2492 0.1537
vn -0.8977 0.1336 0.4198
vn -0.7116 0.6247 0.3215
vn 0.8527 0.4034 -0.3318
vn 0.9186 0.1148 -0.3783
vn 0.8813 -0.1586 -0.4451
vn -0.3997 -0.7908 0.4636
vn -0.7114 -0.3685 0.5984
vn -0.2391 0.3792 0.8939
vn -0.0899 0.8022 0.5903
vn 0.2902 0.2966 -0.9098
vn 0.2591 0.0343 -0.9652
vn 0.1571 0.1653 -0.9737
vn -0.1367 -0.7481 0.6494
vn -0.1922 -0.4326 0.8808
vn 0.4123 0.4967 0.7637
vn 0.1089 0.7598 0.6410
vn -0.1954 0.3644 -0.9105
vn -0.4167 -0.0417 -0.9081
vn -0.3512 0.2295 -0.9077
vn 0.3010 -0.8233 0.4812
vn 0.3810 -0.0308 0.9241
vn 0.7986 0.2812 0.5321
vn 0.3722 0.7817 0.5004
vn -0.4906 0.5919 -0.6395
vn -0.7901 -0.1025 -0.6044
vn -0.4582 0.1217 -0.8805
vn 0.4193 -0.7346 0.5335
vn 0.8090 -0.1869 0.5574
vn 0.8867 0.4141 0.2056
vn 0.9754 0.2045 -0.0817
vn -0.9023 0.4299 0.0326
vn -0.9818 -0.1352 -0.1337
vn -0.9717 -0.2291 -0.0576
vn 0.6546 -0.7142 -0.2480
vn 0.9837 -0.1302 0.1237
vn 0.6431 0.7479 -0.1644
vn 0.5272 0.8252 0.2025
vn -0.8125 0.4019 0.4223
vn -0.9614 -0.0537 0.2697
vn -0.8707 -0.2548 0.4206
vn 0.4225 -0.9063 0.0027
vn 0.9276 -0.0919 -0.3622
vn 0.4998 0.1276 -0.8567
vn 0.1213 0.9852 -0.1207
vn -0.5789 0.2478 0.7768
vn -0.5876 -0.0269 0.8087
vn -0.5890 0.1081 0.8008
vn 0.4296 -0.8333 -0.3478
vn 0.4578 -0.2077 -0.8645
vn 0.0496 0.6301 0.7749
vn -0.0153 0.9274 0.3738
vn 0.0992 0.4795 -0.8719
vn 0.0428 -0.1121 -0.9928
vn 0.0513 -0.0257 -0.9984
vn -0.2948 -0.8827 0.3661
vn -0.1651 -0.6127 0.7729
vn 0.5137 0.3193 0.7963
vn 0.3434 0.9045 0.2527
vn -0.5273 0.6561 -0.5399
vn -0.5021 -0.1525 -0.8512
vn -0.6504 -0.2722 -0.7092
vn -0.0002 -0.9577 0.2878
vn 0.4841 -0.3314 0.8098
vn 0.9546 0.2069 0.2141
vn 0.4263 0.8939 0.1387
vn -0.9573 0.0762 -0.2789
vn -0.9420 0.1108 -0.3169
vn -0.8000 -0.0869 -0.5936
vn 0.1334 -0.9910 -0.0122
vn 0.9260 -0.2998 0.2294
vn 0.9810 0.1718 0.0903
vn 0.6357 0.7527 0.1711
vn -0.8670 0.4945 0.0619
vn -0.9942 0.1024 -0.0328
vn -0.8820 -0.4704 -0.0278
vn 0.2598 -0.9484 -0.1817
vn 0.9074 -0.4155 -0.0630
vn 0.9450 0.1769 -0.2752
vn 0.5758 0.8138 -0.0778
vn -0.7388 0.6263 0.2491
vn -0.9345 0.2409 0.2621
vn -0.7944 -0.1587 0.5863
vn 0.2779 -0.8933 -0.3532
vn 0.6356 -0.6060 -0.4783
vn 0.3524 0.4849 -0.8005
vn 0.1237 0.9401 -0.3176
vn -0.3276 0.5536 0.7656
vn -0.3617 0.2293 0.9037
vn -0.2481 0.4128 0.8764
vn 0.1345 -0.8649 -0.4835
vn 0.3896 -0.6935 -0.6060
vn -0.1200 0.6816 -0.7218
vn 0.0050 0.9174 -0.3979
vn 0.0501 0.6192 0.7837
vn 0.2732 0.1156 0.9550
vn 0.0246 0.4986 0.8665
vn -0.1338 -0.9008 -0.4131
vn -0.2291 -0.2314 -0.9455
vn -0.7062 0.3608 -0.6091
vn -0.2183 0.9266 -0.3061
vn 0.2612 0.7814 0.5667
vn 0.6914 -0.0360 0.7215
vn 0.2908 0.3557 0.8882
vn -0.2072 -0.8597 -0.4669
vn -0.6371 -0.4099 -0.6527
vn -0.7652 0.5984 -0.2376
vn -0.9414 0.3366 -0.0192
vn 0.7461 0.6470 0.1573
vn 0.9413 -0.1627 0.2958
vn 0.9073 -0.3686 0.2021
vn -0.4319 -0.8964 -0.0998
vn -0.9173 -0.2716 -0.2911
vn -0.5319 0.8456 -0.0455
vn -0.3312 0.9400 -0.0823
vn 0.7811 0.5865 -0.2142
vn 0.9818 -0.1204 -0.1466
vn 0.9359 -0.3331 -0.1151
vn -0.2481 -0.9572 -0.1489
vn -0.9758 -0.1168 0.1848
vn -0.5516 0.3447 0.7596
vn -0.0762 0.9822 0.1719
vn 0.7478 0.3015 -0.5915
vn 0.6622 -0.1846 -0.7262
vn 0.6908 0.0464 -0.7215
vn -0.3166 -0.9447 0.0860
vn -0.5741 -0.2062 0.7924
vn -0.4675 0.3908 0.7929
vn 0.8406 0.2709 0.4691
vn 0.6135 -0.3824 -0.6909
vn -0.8194 -0.3382 -0.4628
vn -0.0186 0.8630 -0.5049
vn 0.0465 -0.8546 0.5173
vn 0.0457 -0.8548 0.5170
vn 0.0277 -0.8621 0.5060
vn 0.9824 -0.0783 -0.1694
vn -0.9922 -0.1183 -0.0399
vn 0.1469 -0.7482 0.6470
vn 0.0473 -0.8550 0.5164
vn 0.0469 -0.8552 0.5162
vn 0.2590 -0.7910 0.5543
vn -0.5230 -0.4647 -0.7145
vn -0.0111 0.4614 0.8871
vn -0.2565 0.3052 0.9171
vn 0.8541 0.0726 0.5150
vn 0.6280 -0.5525 -0.5480
vn -0.9078 -0.2967 -0.2966
vn -0.9831 -0.1281 0.1306
vn 0.9618 -0.2663 -0.0640
vn 0.2354 0.2883 0.9282
vn -0.3410 -0.6372 -0.6912
vn -0.4966 0.1403 0.8566
vn 0.8026 0.0458 0.5948
vn 0.4544 -0.7275 -0.5141
vn -0.8127 -0.5436 -0.2098
vn -0.9243 -0.1859 0.3334
vn 0.9558 -0.1534 0.2510
vn 0.2312 0.2519 0.9397
vn -0.1943 -0.7874 -0.5850
vn 0.2310 0.4887 0.8413
vn -0.2260 -0.4993 -0.8364
vn -0.9831 0.0885 0.1604
vn 0.9803 -0.0908 -0.1756
vn -0.8284 -0.3114 -0.4656
vn 0.5102 -0.3991 -0.7619
vn 0.8292 0.2648 0.4923
vn -0.5148 0.3894 0.7638
vn 0.3061 0.6902 -0.6557
vn -0.0753 0.8432 -0.5322
vn -0.4201 0.8376 -0.3493
vn -0.1032 0.9940 0.0354
vn -0.4357 0.7246 -0.5339
vn -0.3324 0.7903 -0.5147
vn -0.2471 -0.8577 0.4508
vn 0.2971 0.6702 -0.6801
vn -0.2187 -0.4974 -0.8395
vn -0.5437 0.4606 0.7016
vn 0.5345 -0.4096 -0.7393
vn 0.9826 -0.1092 -0.1504
vn 0.2161 0.4517 0.8656
vn -0.8265 -0.3056 -0.4728
vn -0.9784 0.1603 0.1309
vn 0.8254 0.2526 0.5049
vn 0.2891 0.9569 -0.0286
vn -0.0193 0.8629 -0.5049
vn 0.1981 -0.6942 0.6919
vn 0.0152 -0.8524 0.5227
vn -0.2150 0.9069 -0.3624
vn 0.0697 -0.9971 -0.0300
vn -0.0240 0.8532 -0.5211
vn -0.4674 -0.8757 0.1212
vn 0.8406 -0.5305 0.1093
vn 0.6135 0.7762 -0.1454
vn -0.8194 0.5457 -0.1752
vn -0.0186 0.2074 0.9781
vn 0.0466 -0.2215 -0.9740
vn 0.0460 -0.2216 -0.9741
vn 0.0276 -0.2087 -0.9776
vn 0.9824 0.1854 -0.0210
vn -0.9922 0.0751 -0.0998
vn 0.1469 -0.3784 -0.9139
vn 0.0475 -0.2208 -0.9742
vn 0.0476 -0.2207 -0.9742
vn 0.2590 -0.2769 -0.9254
vn -0.5230 0.8245 -0.2160
vn -0.0111 -0.9873 0.1585
vn -0.2567 -0.9665 0.0008
vn 0.8541 -0.5116 -0.0934
vn 0.6280 0.6941 -0.3518
vn -0.9077 0.3751 -0.1882
vn -0.9831 -0.0836 -0.1627
vn 0.9618 0.1446 -0.2326
vn 0.2354 -0.9717 -0.0187
vn -0.3407 0.8568 -0.3871
vn -0.4972 -0.8568 -0.1366
vn 0.8025 -0.5791 -0.1440
vn 0.4544 0.7171 -0.5285
vn -0.8126 0.3704 -0.4499
vn -0.9243 -0.2578 -0.2815
vn 0.9558 -0.1898 -0.2247
vn 0.2312 -0.9712 -0.0570
vn -0.1937 0.8034 -0.5631
vn 0.2310 -0.9524 0.1988
vn -0.2260 0.9511 -0.2104
vn -0.9831 -0.1801 0.0335
vn 0.9803 0.1952 -0.0309
vn -0.8284 0.5400 -0.1489
vn 0.5102 0.8488 -0.1388
vn 0.8292 -0.5507 0.0962
vn -0.5148 -0.8475 0.1290
vn 0.3061 0.4049 0.8616
vn -0.0753 0.2396 0.9680
vn -0.4200 0.0677 0.9050
vn -0.1032 -0.3467 0.9323
vn -0.4358 0.2785 0.8559
vn -0.3324 0.2396 0.9122
vn -0.2471 -0.1577 -0.9561
vn 0.2971 0.4344 0.8503
vn -0.2187 0.9535 -0.2076
vn -0.5437 -0.8109 0.2162
vn 0.5345 0.8307 -0.1559
vn 0.9826 0.1772 -0.0563
vn 0.2161 -0.9638 0.1561
vn -0.8265 0.5450 -0.1411
vn -0.9783 -0.1747 0.1109
vn 0.8254 -0.5588 0.0807
vn 0.2891 -0.2742 0.9172
vn -0.0193 0.2074 0.9781
vn 0.1981 -0.4380 -0.8769
vn 0.0152 -0.2276 -0.9736
vn -0.2150 0.0582 0.9749
vn 0.0697 0.3425 -0.9369
vn -0.0240 0.2258 0.9739
vn -0.2187 -0.9644 0.1488
vn 0.2065 -0.9632 -0.1721
vn 0.7723 -0.0130 -0.6352
vn 0.4611 0.7129 -0.5283
vn 0.0990 0.9190 0.3816
vn -0.2510 0.4971 0.8306
vn -0.5372 -0.4528 0.7116
vn -0.7724 -0.6334 -0.0472
vn -0.0614 -0.8583 -0.5094
vn 0.9283 0.0508 -0.3684
vn 0.8644 0.4966 0.0785
vn 0.6615 0.7001 0.2688
vn -0.5043 0.6419 0.5777
vn -0.9415 -0.2984 0.1567
vn -0.7167 -0.5717 -0.3994
vn 0.0799 -0.7805 -0.6200
vn 0.9797 -0.0706 -0.1876
vn 0.9249 0.3474 0.1546
vn 0.5092 0.8223 0.2540
vn -0.5260 0.6259 0.5758
vn -0.9813 -0.1763 -0.0776
vn -0.8089 -0.2825 -0.5157
vn 0.0075 -0.8835 -0.4684
vn 0.8747 -0.4710 0.1138
vn 0.7090 0.4692 0.5265
vn 0.6709 0.5166 0.5320
vn -0.6380 0.7375 0.2214
vn -0.9338 0.1655 -0.3173
vn -0.6327 -0.0445 -0.7731
vn -0.1017 -0.7666 -0.6341
vn 0.8080 -0.5817 0.0938
vn 0.6367 0.0073 0.7711
vn 0.4292 0.1855 0.8839
vn -0.2711 0.9567 -0.1062
vn -0.6288 0.6786 -0.3795
vn 0.3741 0.2220 -0.9004
vn 0.5345 -0.2184 -0.8165
vn 0.4014 -0.8105 0.4265
vn -0.0645 -0.6583 0.7500
vn -0.5689 0.4918 0.6592
vn -0.4861 0.8011 0.3492
vn -0.1081 0.9617 -0.2519
vn 0.8915 0.1236 -0.4358
vn 0.6870 -0.3860 -0.6157
vn -0.3690 -0.9288 -0.0343
vn -0.7304 -0.6361 0.2488
vn -0.8610 0.1707 0.4792
vn 0.0203 0.9734 0.2283
vn 0.6314 0.7304 -0.2606
vn 0.9846 0.1745 0.0142
vn 0.8727 -0.4721 -0.1246
vn -0.6068 -0.7323 -0.3090
vn -0.9358 -0.3298 -0.1244
vn -0.9450 0.3229 -0.0515
vn 0.2312 0.9408 0.2478
vn 0.7411 0.6422 0.1961
vn 0.9944 0.0811 -0.0676
vn 0.9080 -0.3328 -0.2546
vn -0.7881 -0.5111 -0.3431
vn -0.9203 -0.3718 -0.1219
vn -0.9885 -0.1395 0.0585
vn 0.0385 0.6382 0.7689
vn 0.8252 0.5249 0.2084
vn 0.9200 -0.3870 0.0612
vn 0.8289 -0.3456 -0.4398
vn -0.7798 -0.0201 -0.6258
vn -0.8266 -0.2309 -0.5133
vn -0.8491 0.4632 0.2539
vn -0.4809 0.7605 0.4364
vn 0.6182 0.2985 0.7271
vn 0.3765 -0.6750 0.6345
vn 0.4352 -0.8514 -0.2926
vn 0.1493 -0.2683 -0.9517
vn -0.2825 0.5792 -0.7647
vn -0.4437 0.8809 -0.1647
vn -0.5189 0.3999 0.7556
vn 0.1458 -0.2927 0.9450
vn 0.4018 -0.8757 -0.2679
vn -0.8299 -0.5305 0.1726
vn -0.5318 0.7762 0.3387
vn 0.8315 0.5458 -0.1034
vn -0.3034 0.2074 -0.9300
vn 0.2759 -0.2215 0.9353
vn 0.2759 -0.2217 0.9353
vn 0.2947 -0.2087 0.9325
vn -0.9211 0.1854 0.3423
vn 0.9700 0.0751 -0.2314
vn 0.1612 -0.3784 0.9115
vn 0.2747 -0.2209 0.9358
vn 0.2749 -0.2206 0.9358
vn 0.0591 -0.2769 0.9591
vn 0.5649 0.8245 0.0324
vn -0.0415 -0.9873 -0.1534
vn 0.2420 -0.9666 -0.0850
vn -0.7762 -0.5116 0.3685
vn -0.4777 0.6942 0.5384
vn 0.9192 0.3750 -0.1202
vn 0.9821 -0.0836 -0.1690
vn -0.8321 0.1446 0.5354
vn -0.2161 -0.9717 0.0949
vn 0.4490 0.8567 0.2537
vn 0.5139 -0.8572 -0.0339
vn -0.7109 -0.5789 0.3994
vn -0.2557 0.7171 0.6484
vn 0.9153 0.3704 0.1583
vn 0.9655 -0.2578 -0.0375
vn -0.8291 -0.1899 0.5259
vn -0.1994 -0.9713 0.1296
vn 0.3686 0.8032 0.4680
vn -0.2835 -0.9524 -0.1120
vn 0.2826 0.9511 0.1246
vn 0.9176 -0.1801 -0.3543
vn -0.9158 0.1952 0.3509
vn 0.8314 0.5400 -0.1313
vn -0.4364 0.8488 0.2985
vn -0.8148 -0.5507 0.1812
vn 0.4440 -0.8475 -0.2908
vn -0.5719 0.4050 -0.7134
vn -0.2466 0.2396 -0.9390
vn 0.0997 0.0677 -0.9927
vn -0.2085 -0.3467 -0.9145
vn 0.1307 0.2785 -0.9515
vn 0.0146 0.2396 -0.9708
vn 0.5472 -0.1577 0.8220
vn -0.5597 0.4344 -0.7057
vn 0.2747 0.9535 0.1244
vn 0.4427 -0.8109 -0.3827
vn -0.4537 0.8307 0.3227
vn -0.9097 0.1772 0.3756
vn -0.2554 -0.9638 -0.0765
vn 0.8270 0.5450 -0.1380
vn 0.8877 -0.1747 -0.4259
vn -0.8061 -0.5588 0.1947
vn -0.5741 -0.2742 -0.7715
vn -0.3028 0.2074 -0.9302
vn 0.1007 -0.4380 0.8933
vn 0.3052 -0.2276 0.9247
vn -0.1169 0.0582 -0.9914
vn 0.2948 -0.2087 0.9325
vn 0.2417 0.3425 0.9079
vn -0.2970 0.2258 -0.9278
vn -0.3833 -0.8757 0.2938
vn 0.8167 -0.5305 -0.2269
vn 0.5083 0.7762 -0.3729
vn -0.8229 0.5458 0.1580
vn 0.3640 0.2074 0.9080
vn -0.3369 -0.2215 -0.9151
vn -0.3369 -0.2216 -0.9151
vn -0.3555 -0.2087 -0.9111
vn 0.8966 0.1854 -0.4022
vn -0.9526 0.0751 0.2948
vn -0.2209 -0.3784 -0.8989
vn -0.3357 -0.2207 -0.9158
vn -0.3358 -0.2207 -0.9157
vn -0.1221 -0.2769 -0.9531
vn -0.5658 0.8245 0.0049
vn 0.0515 -0.9873 0.1503
vn -0.2360 -0.9665 0.1008
vn 0.7502 -0.5116 -0.4188
vn 0.4413 0.6942 -0.5687
vn -0.9093 0.3750 0.1804
vn -0.9688 -0.0836 0.2332
vn 0.7951 0.1446 -0.5890
vn 0.2098 -0.9716 -0.1091
vn -0.4647 0.8567 -0.2237
vn -0.5112 -0.8568 0.0678
vn 0.6831 -0.5789 -0.4453
vn 0.2124 0.7171 -0.6638
vn -0.9237 0.3704 -0.0977
vn -0.9609 -0.2579 0.1010
vn 0.7926 -0.1898 -0.5794
vn 0.1907 -0.9713 -0.1426
vn -0.3987 0.8032 -0.4426
vn 0.2903 -0.9524 0.0931
vn -0.2901 0.9511 -0.1057
vn -0.8923 -0.1801 0.4139
vn 0.8907 0.1952 -0.4105
vn -0.8209 0.5400 0.1857
vn 0.4158 0.8488 -0.3266
vn 0.8011 -0.5507 -0.2345
vn -0.4239 -0.8475 0.3194
vn 0.6177 0.4049 0.6742
vn 0.3079 0.2396 0.9208
vn -0.0342 0.0677 0.9971
vn 0.2683 -0.3467 0.8988
vn -0.0678 0.2785 0.9581
vn 0.0494 0.2396 0.9696
vn -0.6001 -0.1577 -0.7842
vn 0.6049 0.4344 0.6673
vn -0.2823 0.9535 -0.1060
vn -0.4165 -0.8109 0.4110
vn 0.4315 0.8307 -0.3518
vn 0.8830 0.1772 -0.4347
vn 0.2599 -0.9638 0.0595
vn -0.8161 0.5450 0.1921
vn -0.8578 -0.1747 0.4834
vn 0.7916 -0.5588 -0.2473
vn 0.6237 -0.2742 0.7320
vn 0.3633 0.2074 0.9083
vn -0.1593 -0.4380 -0.8847
vn -0.3654 -0.2276 -0.9026
vn 0.1820 0.0582 0.9816
vn -0.3010 0.3425 -0.8900
vn 0.3574 0.2259 0.9062
vn -0.0336 -0.8757 -0.4817
vn -0.2613 -0.5305 0.8064
vn 0.0306 0.7762 0.6297
vn 0.3222 0.5458 -0.7735
vn -0.9582 0.2074 -0.1973
vn 0.9491 -0.2216 0.2238
vn 0.9491 -0.2215 0.2239
vn 0.9560 -0.2087 0.2061
vn -0.1591 0.1854 0.9697
vn 0.2796 0.0751 -0.9572
vn 0.8716 -0.3784 0.3116
vn 0.9490 -0.2209 0.2251
vn 0.9490 -0.2208 0.2251
vn 0.8623 -0.2769 0.4239
vn 0.3080 0.8245 -0.4746
vn -0.1538 -0.9873 -0.0399
vn 0.0461 -0.9665 -0.2523
vn -0.0645 -0.5116 0.8568
vn 0.2310 0.6942 0.6818
vn 0.3511 0.3750 -0.8580
vn 0.3399 -0.0836 -0.9367
vn 0.0527 0.1446 0.9881
vn -0.0247 -0.9717 0.2349
vn 0.4429 0.8567 -0.2642
vn 0.2253 -0.8570 -0.4635
vn -0.0054 -0.5789 0.8154
vn 0.4364 0.7171 0.5434
vn 0.5910 0.3704 -0.7166
vn 0.4459 -0.2578 -0.8572
vn 0.0460 -0.1899 0.9807
vn 0.0137 -0.9712 0.2377
vn 0.5891 0.8033 -0.0880
vn -0.2378 -0.9524 0.1908
vn 0.2482 0.9511 -0.1837
vn 0.1470 -0.1801 -0.9726
vn -0.1490 0.1952 0.9694
vn 0.2979 0.5400 -0.7872
vn 0.0431 0.8488 0.5270
vn -0.2463 -0.5507 0.7975
vn -0.0326 -0.8475 -0.5298
vn -0.9030 0.4049 0.1433
vn -0.9378 0.2396 -0.2511
vn -0.8128 0.0677 -0.5785
vn -0.8977 -0.3467 -0.2721
vn -0.7617 0.2785 -0.5850
vn -0.8360 0.2396 -0.4937
vn 0.9851 -0.1577 -0.0680
vn -0.8903 0.4344 0.1365
vn 0.2441 0.9535 -0.1770
vn -0.1130 -0.8109 -0.5741
vn 0.0555 0.8307 0.5540
vn -0.1245 0.1772 0.9763
vn -0.1930 -0.9638 0.1839
vn 0.2900 0.5450 -0.7867
vn 0.0700 -0.1747 -0.9821
vn -0.2304 -0.5588 0.7967
vn -0.9546 -0.2742 0.1164
vn -0.9580 0.2074 -0.1980
vn 0.8258 -0.4380 0.3552
vn 0.9544 -0.2276 0.1931
vn -0.9191 0.0582 -0.3897
vn 0.9084 0.3425 0.2399
vn -0.9530 0.2258 -0.2018
vn 0.3157 -0.8757 0.3654
vn -0.2744 -0.5305 -0.8020
vn -0.4021 0.7762 -0.4856
vn 0.2060 0.5458 0.8122
vn 0.8851 0.2074 -0.4166
vn -0.8938 -0.2215 0.3899
vn -0.8938 -0.2215 0.3900
vn -0.8886 -0.2087 0.4083
vn -0.4541 0.1854 -0.8715
vn 0.3501 0.0751 0.9337
vn -0.8844 -0.3784 0.2732
vn -0.8944 -0.2208 0.3890
vn -0.8945 -0.2208 0.3888
vn -0.9443 -0.2769 0.1778
vn 0.0381 0.8245 0.5645
vn 0.1470 -0.9873 -0.0603
vn 0.1144 -0.9665 0.2297
vn -0.4621 -0.5116 -0.7244
vn -0.5936 0.6942 -0.4071
vn 0.2334 0.3750 0.8971
vn 0.2897 -0.0836 0.9535
vn -0.6346 0.1446 -0.7592
vn -0.1212 -0.9717 -0.2029
vn -0.1960 0.8567 0.4771
vn 0.0976 -0.8569 0.5061
vn -0.4846 -0.5790 -0.6557
vn -0.6751 0.7171 -0.1732
vn -0.0433 0.3705 0.9278
vn 0.1571 -0.2579 0.9533
vn -0.6249 -0.1899 -0.7573
vn -0.1536 -0.9712 -0.1823
vn -0.4191 0.8033 0.4231
vn 0.0759 -0.9524 -0.2952
vn -0.0885 0.9511 0.2958
vn 0.4656 -0.1801 0.8665
vn -0.4620 0.1952 -0.8651
vn 0.2336 0.5400 0.8086
vn -0.3505 0.8488 -0.3959
vn -0.2811 -0.5507 -0.7860
vn 0.3437 -0.8475 0.4044
vn 0.6368 0.4050 -0.6561
vn 0.9011 0.2396 -0.3614
vn 0.9974 0.0677 -0.0244
vn 0.8815 -0.3467 -0.3205
vn 0.9604 0.2785 0.0115
vn 0.9650 0.2396 -0.1061
vn -0.7477 -0.1577 0.6451
vn 0.6307 0.4344 -0.6430
vn -0.0893 0.9535 0.2880
vn 0.4347 -0.8109 0.3917
vn -0.3766 0.8307 -0.4101
vn -0.4858 0.1772 -0.8559
vn 0.0442 -0.9638 -0.2629
vn 0.2397 0.5450 0.8035
vn 0.5329 -0.1747 0.8279
vn -0.2933 -0.5588 -0.7757
vn 0.6942 -0.2742 -0.6655
vn 0.8854 0.2074 -0.4160
vn -0.8739 -0.4380 0.2109
vn -0.8796 -0.2276 0.4177
vn 0.9692 0.0582 -0.2392
vn -0.8708 0.3425 0.3526
vn 0.8837 0.2258 -0.4099
vn -0.4495 -0.8757 -0.1765
vn 0.6161 -0.5305 0.5821
vn 0.5819 0.7762 0.2426
vn -0.5603 0.5458 -0.6230
vn -0.5895 0.2074 0.7807
vn 0.6096 -0.2214 -0.7612
vn 0.6096 -0.2216 -0.7611
vn 0.5965 -0.2087 -0.7750
vn 0.8075 0.1854 0.5600
vn -0.7445 0.0751 -0.6634
vn 0.6556 -0.3784 -0.6535
vn 0.6107 -0.2209 -0.7604
vn 0.6106 -0.2207 -0.7606
vn 0.7530 -0.2769 -0.5969
vn -0.2964 0.8245 -0.4819
vn -0.1021 -0.9873 0.1218
vn -0.2081 -0.9665 -0.1500
vn 0.7461 -0.5116 0.4260
vn 0.7149 0.6942 0.0841
vn -0.6241 0.3751 -0.6854
vn -0.7001 -0.0836 -0.7091
vn 0.9150 0.1446 0.3766
vn 0.2015 -0.9717 0.1231
vn -0.0485 0.8567 -0.5135
vn -0.3219 -0.8570 -0.4025
vn 0.7341 -0.5789 0.3548
vn 0.6781 0.7171 -0.1609
vn -0.3934 0.3705 -0.8414
vn -0.5828 -0.2579 -0.7706
vn 0.9055 -0.1899 0.3794
vn 0.2208 -0.9712 0.0899
vn 0.1734 0.8033 -0.5698
vn 0.0702 -0.9524 0.2966
vn -0.0594 0.9511 -0.3030
vn -0.8153 -0.1801 -0.5502
vn 0.8116 0.1952 0.5507
vn -0.5831 0.5400 -0.6070
vn 0.4945 0.8488 0.1873
vn 0.6146 -0.5507 0.5648
vn -0.4925 -0.8475 -0.1980
vn -0.2582 0.4049 0.8771
vn -0.6294 0.2396 0.7393
vn -0.8714 0.0677 0.4858
vn -0.6310 -0.3467 0.6940
vn -0.8553 0.2785 0.4368
vn -0.8047 0.2396 0.5431
vn 0.3615 -0.1577 -0.9189
vn -0.2589 0.4344 0.8627
vn -0.0550 0.9535 -0.2965
vn -0.5670 -0.8109 -0.1443
vn 0.5242 0.8307 0.1877
vn 0.8283 0.1772 0.5315
vn 0.0832 -0.9638 0.2532
vn -0.5861 0.5450 -0.5996
vn -0.8570 -0.1747 -0.4848
vn 0.6207 -0.5588 0.5501
vn -0.3047 -0.2742 0.9121
vn -0.5900 0.2074 0.7803
vn 0.6753 -0.4381 -0.5934
vn 0.5841 -0.2276 -0.7791
vn -0.7465 0.0582 0.6628
vn 0.6066 0.3425 -0.7174
vn -0.5914 0.2259 0.7741
vn 0.9491 -0.2216 0.2240
vn 0.9492 -0.2214 0.2238
vn 0.9490 -0.2209 0.2250
vn 0.9490 -0.2210 0.2250
vn 0.0462 -0.9665 -0.2524
vn 0.4429 0.8567 -0.2643
vn -0.0054 -0.5790 0.8153
vn 0.4459 -0.2579 -0.8572
vn 0.5891 0.8033 -0.0878
vn -0.3771 -0.8757 -0.3016
vn 0.4162 -0.5305 0.7384
vn 0.4840 0.7762 0.4040
vn -0.3508 0.5458 -0.7610
vn -0.7941 0.2074 0.5712
vn 0.8077 -0.2214 -0.5465
vn 0.8075 -0.2216 -0.5467
vn 0.7991 -0.2087 -0.5638
vn 0.6056 0.1854 0.7739
vn -0.5148 0.0751 -0.8540
vn 0.8196 -0.3784 -0.4302
vn 0.8084 -0.2206 -0.5458
vn 0.8084 -0.2207 -0.5457
vn 0.8960 -0.2769 -0.3473
vn -0.1405 0.8245 -0.5481
vn -0.1335 -0.9873 0.0861
vn -0.1544 -0.9665 -0.2048
vn 0.5866 -0.5116 0.6278
vn 0.6580 0.6942 0.2919
vn -0.3934 0.3749 -0.8394
vn -0.4589 -0.0836 -0.8845
vn 0.7626 0.1446 0.6305
vn 0.1562 -0.9717 0.1774
vn 0.1056 0.8567 -0.5048
vn -0.1883 -0.8570 -0.4797
vn 0.5960 -0.5793 0.5560
vn 0.6953 0.7171 0.0469
vn -0.1269 0.3704 -0.9202
vn -0.3286 -0.2578 -0.9086
vn 0.7527 -0.1898 0.6305
vn 0.1842 -0.9712 0.1509
vn 0.3343 0.8033 -0.4929
vn -0.0207 -0.9524 0.3041
vn 0.0330 0.9511 -0.3070
vn -0.6160 -0.1801 -0.7669
vn 0.6122 0.1952 0.7662
vn -0.3773 0.5400 -0.7524
vn 0.4169 0.8488 0.3253
vn 0.4199 -0.5507 0.7214
vn -0.4118 -0.8475 -0.3348
vn -0.5063 0.4050 0.7614
vn -0.8200 0.2396 0.5199
vn -0.9762 0.0677 0.2061
vn -0.8082 -0.3467 0.4761
vn -0.9463 0.2785 0.1641
vn -0.9294 0.2396 0.2806
vn 0.6173 -0.1577 -0.7708
vn -0.5027 0.4344 0.7474
vn 0.0352 0.9534 -0.2995
vn -0.4989 -0.8109 -0.3057
vn 0.4451 0.8307 0.3344
vn 0.6339 0.1772 0.7528
vn 0.0046 -0.9638 0.2665
vn -0.3824 0.5450 -0.7462
vn -0.6751 -0.1747 -0.7167
vn 0.4300 -0.5588 0.7091
vn -0.5610 -0.2742 0.7811
vn -0.7945 0.2074 0.5707
vn 0.8207 -0.4380 -0.3669
vn 0.7885 -0.2276 -0.5713
vn -0.9092 0.0582 0.4122
vn 0.7918 0.3425 -0.5057
vn -0.7940 0.2259 0.5644
vn 0.0360 -0.8757 -0.4816
vn -0.3745 -0.5305 0.7604
vn -0.0602 0.7762 0.6276
vn 0.4300 0.5458 -0.7192
vn -0.9198 0.2074 -0.3330
vn 0.9070 -0.2216 0.3580
vn 0.9165 -0.2087 0.3414
vn -0.2969 0.1854 0.9367
vn 0.4143 0.0751 -0.9070
vn 0.8178 -0.3784 0.4337
vn 0.9068 -0.2207 0.3592
vn 0.9068 -0.2206 0.3592
vn 0.7924 -0.2769 0.5435
vn 0.3731 0.8245 -0.4254
vn -0.1464 -0.9873 -0.0616
vn 0.0819 -0.9666 -0.2430
vn -0.1870 -0.5116 0.8386
vn 0.1305 0.6941 0.7079
vn 0.4708 0.3750 -0.7986
vn 0.4710 -0.0836 -0.8781
vn -0.0899 0.1446 0.9854
vn -0.0582 -0.9717 0.2289
vn 0.4763 0.8567 -0.1980
vn 0.2895 -0.8571 -0.4261
vn -0.1225 -0.5790 0.8060
vn 0.3538 0.7171 0.6005
vn 0.6879 0.3705 -0.6241
vn 0.5645 -0.2578 -0.7842
vn -0.0955 -0.1899 0.9772
vn -0.0206 -0.9712 0.2372
vn 0.5957 0.8032 -0.0028
vn -0.2627 -0.9524 0.1546
vn 0.2720 0.9511 -0.1461
vn 0.2853 -0.1801 -0.9414
vn -0.2868 0.1952 0.9379
vn 0.4080 0.5400 -0.7362
vn -0.0331 0.8488 0.5277
vn -0.3584 -0.5507 0.7538
vn 0.0439 -0.8475 -0.5289
vn -0.9143 0.4049 0.0120
vn -0.8920 0.2396 -0.3833
vn -0.7212 0.0677 -0.6894
vn -0.8492 -0.3467 -0.3983
vn -0.6697 0.2785 -0.6884
vn -0.7563 0.2396 -0.6088
vn 0.9847 -0.1577 0.0744
vn -0.9007 0.4344 0.0071
vn 0.2670 0.9535 -0.1400
vn -0.0293 -0.8109 -0.5844
vn -0.0248 0.8307 0.5562
vn -0.2635 0.1772 0.9482
vn -0.2174 -0.9638 0.1542
vn 0.4000 0.5450 -0.7369
vn 0.2104 -0.1747 -0.9619
vn -0.3425 -0.5588 0.7553
vn -0.9614 -0.2742 -0.0221
vn -0.9196 0.2074 -0.3336
vn 0.7662 -0.4380 0.4702
vn 0.9167 -0.2276 0.3283
vn -0.8535 0.0582 -0.5178
vn 0.8644 0.3425 0.3680
vn -0.9141 0.2258 -0.3367
vn -0.2488 -0.5704 -0.7828
vn 0.2212 0.0295 -0.9748
vn 0.7346 0.6727 -0.0885
vn 0.4823 0.6000 0.6383
vn 0.1065 0.2895 0.9512
vn -0.2539 -0.6203 0.7422
vn -0.5309 -0.7967 -0.2888
vn -0.6607 0.0463 -0.7493
vn 0.0737 0.4434 -0.8933
vn 0.9284 0.3682 -0.0499
vn 0.9183 0.0110 0.3957
vn 0.5520 -0.2414 0.7982
vn -0.5230 -0.4241 0.7394
vn -0.9467 -0.2199 -0.2355
vn -0.8334 0.2315 -0.5018
vn 0.0722 0.4230 -0.9033
vn 0.9760 0.1785 -0.1243
vn 0.6607 0.0041 0.7506
vn 0.7313 -0.0901 0.6761
vn -0.7457 -0.2780 0.6055
vn -0.9962 0.0275 -0.0823
vn -0.8114 0.4332 -0.3924
vn -0.1411 0.3949 -0.9078
vn 0.8665 -0.1754 -0.4674
vn 0.7504 -0.3730 0.5457
vn 0.7089 -0.4711 0.5249
vn -0.7434 0.1369 0.6546
vn -0.9457 0.2420 0.2171
vn -0.5080 0.7918 -0.3391
vn -0.1127 0.5803 -0.8066
vn 0.6765 -0.5319 -0.5093
vn 0.6939 -0.6978 0.1778
vn 0.3527 -0.3403 0.8717
vn -0.2525 -0.1313 0.9586
vn -0.6458 0.4461 0.6196
vn 0.3868 0.9061 -0.1715
vn 0.5599 0.5650 -0.6060
vn 0.3558 -0.5472 -0.7576
vn 0.0542 -0.8698 -0.4905
vn -0.5147 -0.6629 0.5436
vn -0.4088 0.2524 0.8770
vn -0.1006 0.8646 0.4924
vn 0.8654 0.2886 0.4097
vn 0.7803 0.3644 -0.5084
vn -0.2896 0.0159 -0.9570
vn -0.7505 -0.1850 -0.6345
vn -0.9536 -0.1883 0.2350
vn 0.0469 -0.0493 0.9977
vn 0.4901 0.0359 0.8709
vn 0.9582 -0.1283 -0.2557
vn 0.8099 -0.3164 -0.4939
vn -0.7864 0.1937 -0.5865
vn -0.9452 0.1141 -0.3059
vn -0.9703 0.2340 -0.0617
vn 0.0649 0.0255 0.9976
vn 0.8230 -0.1167 0.5559
vn 0.7949 0.5886 -0.1471
vn 0.6462 0.4118 -0.6425
vn -0.9673 0.0826 -0.2398
vn -0.9262 0.0006 -0.3770
vn -0.6970 -0.4819 0.5309
vn -0.2842 -0.6990 0.6562
vn 0.8553 0.1150 0.5051
vn 0.9956 0.0929 -0.0094
vn 0.7172 0.4977 -0.4878
vn -0.6621 0.2224 -0.7156
vn -0.9916 0.0618 -0.1135
vn -0.9070 -0.1969 0.3722
vn 0.1191 -0.4500 0.8850
vn 0.9125 -0.2334 0.3359
vn 0.3389 -0.4760 -0.8115
vn 0.3418 -0.1417 -0.9290
vn 0.1779 0.8619 -0.4748
vn -0.1676 0.8851 0.4341
vn -0.4977 -0.1051 0.8609
vn -0.4309 -0.6159 0.6596
vn 0.2020 -0.9788 -0.0337
vn 0.0068 0.9353 -0.3538
vn 0.2256 0.8656 0.4471
vn 0.3645 -0.3364 0.8683
vn 0.1895 -0.8532 0.4859
vn -0.0014 -0.9999 -0.0131
vn 0.0851 -0.2908 -0.9530
vn -0.1235 0.6350 -0.7626
vn -0.6014 0.7989 0.0096
vn -0.1505 0.6524 0.7428
vn 0.4544 -0.3937 0.7991
vn 0.6904 -0.6315 0.3531
vn 0.5724 -0.7946 -0.2025
vn -0.1558 -0.3057 -0.9393
vn -0.6681 0.5296 -0.5226
vn -0.9154 0.3104 0.2562
vn -0.2450 0.5993 0.7621
vn 0.9210 0.0540 0.3858
vn 0.9546 -0.2821 -0.0959
vn 0.8039 -0.5368 -0.2561
vn -0.6120 -0.3558 -0.7063
vn -0.9938 0.0625 -0.0916
vn -0.9215 0.2072 0.3284
vn -0.3283 0.6242 0.7089
vn 0.9123 0.3423 0.2248
vn 0.9775 -0.0716 -0.1986
vn 0.8677 -0.3278 -0.3737
vn -0.7875 -0.5398 -0.2974
vn -0.9825 -0.1692 -0.0782
vn -0.7502 -0.0274 0.6606
vn -0.3985 0.4149 0.8179
vn 0.8189 0.5497 -0.1650
vn 0.9274 0.2030 -0.3143
vn 0.5456 -0.6227 -0.5608
vn -0.1590 -0.7895 -0.5928
vn -0.7791 -0.6241 0.0600
vn -0.0794 -0.2945 0.9523
vn 0.2529 0.1363 0.9578
vn 0.3007 0.9533 -0.0290
vn 0.2415 0.7901 -0.5634
vn -0.1362 -0.0429 -0.9898
vn -0.5083 -0.8141 -0.2808
vn -0.4597 -0.7223 0.5167
vn 0.4351 -0.6165 0.6563
vn 0.3267 0.1785 0.9281
vn -0.2644 0.9627 0.0573
vn -0.4001 0.7798 -0.4814
vn -0.5255 0.0816 -0.8469
vn 0.0832 -0.9618 -0.2609
vn 0.3523 -0.9239 0.1495
vn 0.8450 -0.3937 0.3620
vn 0.7919 0.0944 0.6033
vn -0.6399 0.7624 -0.0965
vn -0.7857 0.5999 -0.1507
vn -0.8137 0.3696 -0.4486
vn 0.1365 -0.8971 -0.4201
vn 0.7365 -0.6549 0.1690
vn 0.8882 -0.0047 0.4594
vn 0.5233 0.3668 0.7692
vn -0.9479 0.2971 0.1154
vn -0.9674 0.2493 0.0453
vn -0.6440 -0.0500 -0.7634
vn -0.0708 -0.4620 -0.8840
vn 0.9445 -0.2950 -0.1446
vn 0.9600 0.2211 -0.1715
vn 0.7230 0.2705 0.6357
vn -0.6538 0.2767 0.7043
vn -0.9501 -0.1085 0.2924
vn -0.8739 -0.4567 -0.1662
vn 0.2064 -0.4232 -0.8822
vn 0.8694 0.0033 -0.4942
vn 0.6377 0.7644 -0.0948
vn 0.3841 0.8740 0.2976
vn -0.2629 -0.0289 0.9644
vn -0.6643 -0.5108 -0.5457
vn -0.2118 -0.2008 -0.9565
vn 0.5003 0.4124 -0.7613
vn 0.9989 0.0117 -0.0465
vn 0.8091 0.0050 -0.5876
vn 0.0642 -0.0118 -0.9979
vn -0.1783 -0.0130 -0.9839
vn -0.8352 0.0023 -0.5499
vn -0.9980 0.0133 0.0623
vn -0.6581 0.0239 0.7525
vn -0.0600 0.0331 0.9977
vn 0.1237 0.0467 0.9912
vn 0.8766 0.0357 0.4799
vn 0.3854 0.2018 -0.9004
vn -0.4226 0.2025 -0.8834
vn 0.9900 0.0010 -0.1407
vn 0.7507 0.1827 -0.6349
vn 0.9878 0.0058 0.1554
vn 0.7870 -0.0224 -0.6166
vn 0.5163 0.0036 -0.8564
vn -0.1752 -0.0032 -0.9845
vn -0.8389 -0.0261 -0.5437
vn -0.9956 -0.0442 0.0829
vn -0.7728 -0.0121 0.6345
vn -0.2259 0.0119 0.9741
vn 0.0948 0.0017 0.9955
vn 0.9544 -0.0160 0.2981
vn -0.6928 0.0021 0.7211
vn -0.9976 -0.0081 0.0688
vn -0.8298 -0.0162 -0.5578
vn -0.3105 -0.0150 -0.9505
vn 0.7453 -0.0064 -0.6666
vn 0.0899 -0.0145 -0.9959
vn 0.9980 -0.0070 -0.0635
vn 0.6822 -0.0039 0.7312
vn 0.6753 -0.0040 0.7375
vn 0.0001 -1.0000 -0.0000
vn -0.3765 0.0090 0.9264
vn 0.7496 -0.1004 0.6543
vn 0.1976 -0.1522 0.9684
vn -0.0026 -0.1381 0.9904
vn -0.9511 0.0404 0.3064
vn -0.9758 -0.0270 0.2170
vn -0.7901 -0.0226 -0.6126
vn -0.2668 -0.0515 -0.9624
vn 0.3456 -0.0834 -0.9347
vn 0.8286 -0.0342 -0.5587
vn 0.9918 -0.1260 -0.0215
vn 0.6713 -0.3639 0.6457
vn 0.8931 -0.3100 0.3259
vn 0.4107 0.0295 0.9113
vn 0.6357 -0.3988 0.6609
vn 0.6498 -0.4542 0.6095
vn 0.6844 0.0220 0.7288
vn -0.4488 -0.4912 0.7465
vn -0.3728 -0.5356 0.7578
vn 0.1237 0.0289 0.9919
vn -0.5827 -0.4549 0.6735
vn -0.8409 -0.3181 0.4379
vn -0.9329 0.0166 0.3598
vn -0.9982 0.0047 0.0598
vn -0.9990 -0.0317 -0.0302
vn -0.9965 -0.0003 0.0837
vn -0.7786 0.3238 -0.5376
vn -0.8604 0.2709 -0.4317
vn -0.8479 -0.0313 -0.5292
vn -0.3541 0.4690 -0.8091
vn -0.4086 0.5060 -0.7596
vn -0.3032 -0.0535 -0.9514
vn 0.2033 0.4794 -0.8537
vn 0.2777 0.5391 -0.7951
vn 0.0473 -0.0464 -0.9978
vn 0.8006 0.3050 -0.5157
vn 0.7159 0.3966 -0.5746
vn 0.8600 -0.0142 -0.5100
vn 0.9778 0.1293 -0.1650
vn 0.9251 0.2123 -0.3149
vn 0.9958 -0.0049 -0.0916
vn 0.1074 0.2839 0.9528
vn -0.7955 0.1572 -0.5852
vn -0.9990 -0.0331 0.0307
vn -0.8630 0.0326 0.5041
vn -0.2299 0.0197 0.9730
vn 0.6312 -0.1522 0.7605
vn 0.7355 -0.1409 0.6627
vn 0.6512 -0.0672 0.7559
vn 0.0490 -0.0722 0.9962
vn -0.2296 -0.0890 0.9692
vn -0.6500 -0.0718 0.7565
vn -0.9968 -0.0099 0.0796
vn -0.8124 0.0452 -0.5813
vn -0.2378 0.0711 -0.9687
vn 0.1446 0.0756 -0.9866
vn 0.8340 0.0369 -0.5505
vn 0.9979 -0.0012 -0.0652
vn 0.9934 0.0024 -0.1143
vn 0.8023 0.0221 -0.5964
vn 0.2565 0.0243 -0.9662
vn -0.3578 0.0112 -0.9337
vn -0.8530 0.0018 -0.5219
vn -0.9978 -0.0075 0.0659
vn -0.8749 -0.0209 0.4838
vn -0.1944 -0.0459 0.9799
vn 0.6553 -0.0331 0.7547
vn 0.6213 -0.0134 0.7835
vn 0.0040 0.8162 0.5777
vn 0.0038 -0.1306 0.9914
vn 0.0044 0.8163 0.5776
vn 0.8761 0.3316 0.3501
vn 0.5760 0.8156 -0.0552
vn 0.1426 0.9892 0.0325
vn -0.6118 0.7910 0.0009
vn -0.7203 0.6901 -0.0699
vn -0.9116 0.1556 0.3806
vn -0.5248 -0.5631 0.6384
vn -0.1919 -0.4898 0.8505
vn 0.2830 -0.4352 0.8547
vn 0.6585 -0.2374 0.7142
vn 0.9903 0.1387 0.0063
vn 0.8566 0.3891 -0.3389
vn 0.0907 0.7203 -0.6877
vn -0.5087 0.6445 -0.5708
vn -0.7449 0.5133 -0.4261
vn -0.9897 0.1259 0.0686
vn -0.7725 -0.3238 0.5462
vn -0.2319 -0.5758 0.7841
vn 0.4654 -0.4862 0.7396
vn 0.8533 -0.2606 0.4516
vn -0.0025 -0.3418 0.9398
vn 0.8227 0.2262 0.5215
vn 0.9477 0.1588 0.2769
vn 0.6379 0.3042 0.7075
vn 0.6259 0.4419 0.6426
vn -0.4527 0.3203 0.8322
vn -0.6382 0.4439 0.6289
vn -0.7203 0.2485 0.6476
vn -0.7524 0.3437 0.5619
vn -0.9979 0.0276 0.0583
vn -0.9805 0.1020 0.1681
vn -0.7632 -0.2772 -0.5836
vn -0.9467 -0.1754 -0.2702
vn -0.3465 -0.4036 -0.8468
vn -0.4201 -0.5220 -0.7423
vn 0.2426 -0.4358 -0.8667
vn 0.2888 -0.5305 -0.7970
vn 0.8284 -0.2698 -0.4908
vn 0.7579 -0.3431 -0.5549
vn 0.9748 -0.0962 -0.2011
vn 0.9863 -0.0903 -0.1380
vn -0.3252 0.7096 -0.6251
vn 0.3198 0.1220 -0.9396
vn 0.1850 0.2820 -0.9414
vn -0.2334 0.9558 -0.1789
vn 0.9169 0.0033 -0.3992
vn 0.3103 -0.3222 -0.8944
vn 0.3874 -0.4431 -0.8084
vn -0.2817 -0.3769 -0.8824
vn -0.5403 -0.2449 -0.8050
vn -0.9069 0.4091 -0.1009
vn -0.6605 0.5357 -0.5260
vn -0.6894 0.6780 0.2549
vn 0.1892 0.9768 0.1001
vn 0.8307 0.5522 0.0709
vn 0.9975 0.0129 -0.0699
vn 0.8222 -0.3519 -0.4473
vn 0.3675 -0.5749 -0.7310
vn -0.3823 -0.5712 -0.7263
vn -0.8399 -0.3181 -0.4397
vn -0.9978 0.0468 -0.0465
vn -0.4297 0.6126 0.6634
vn -0.4830 0.5962 0.6413
vn 0.6115 0.5711 0.5476
vn 0.8211 0.4379 0.3660
vn 0.8830 0.4539 -0.1195
vn 0.9185 0.3854 0.0888
vn 0.6375 0.7563 -0.1468
vn 0.3696 0.9276 -0.0545
vn -0.3213 0.9390 -0.1224
vn -0.5234 0.8514 0.0339
vn -0.5335 0.8364 -0.1255
vn -0.5542 0.8323 0.0130
vn -0.9947 -0.0816 -0.0620
vn -0.9918 -0.0595 0.1131
vn -0.7073 -0.7064 0.0270
vn -0.9149 -0.3677 0.1666
vn -0.1808 -0.9751 0.1282
vn -0.4043 -0.8866 0.2247
vn 0.3718 -0.9157 0.1525
vn 0.0453 -0.9698 0.2395
vn 0.5977 -0.7871 0.1522
vn 0.6497 -0.7460 0.1459
vn 0.9754 -0.2191 -0.0248
vn 0.9753 -0.1828 0.1240
vn 0.0235 0.1988 -0.9798
vn -0.2021 0.3832 -0.9013
vn 0.0033 0.2915 -0.9566
vn -0.0904 -0.4881 -0.8681
vn 0.8576 0.0952 -0.5054
vn 0.2283 -0.7821 -0.5798
vn 0.5348 -0.5268 -0.6607
vn -0.4557 -0.5741 -0.6802
vn -0.6814 -0.3894 -0.6197
vn -0.9279 0.1702 -0.3318
vn -0.6212 0.7624 -0.1812
vn -0.4968 0.8615 -0.1048
vn 0.5116 0.8342 -0.2057
vn 0.6005 0.7819 -0.1676
vn 0.1444 0.2794 0.9493
vn 0.6228 0.5600 0.5464
vn 0.5776 0.4189 0.7007
vn -0.4994 0.8624 0.0824
vn -0.6181 0.7200 0.3156
vn -0.7142 0.2715 0.6452
vn -0.9359 -0.1398 0.3234
vn -0.4816 -0.7893 0.3809
vn 0.6773 -0.3875 0.6254
vn 0.2790 -0.5418 0.7928
vn 0.7186 -0.0425 0.6941
vn 0.3142 0.2541 0.9147
vn -0.4548 0.2260 0.8614
vn 0.9768 -0.2105 -0.0396
vn 0.7468 -0.6650 0.0053
vn -0.0356 -0.9985 0.0409
vn -0.1431 -0.9888 0.0421
vn -0.8619 -0.5061 0.0316
vn -0.9954 0.0787 -0.0554
vn -0.6330 0.7707 -0.0731
vn -0.3727 0.9237 -0.0887
vn 0.5212 0.8450 -0.1197
vn 0.8635 0.4983 -0.0775
vn 0.9968 -0.0736 -0.0316
vn 0.4685 -0.8764 0.1117
vn 0.4379 -0.8906 0.1230
vn -0.3644 -0.9232 0.1221
vn -0.8128 -0.5760 0.0867
vn -0.9988 -0.0215 -0.0445
vn -0.6697 0.7188 -0.1867
vn -0.3390 0.9161 -0.2141
vn 0.6066 0.7927 -0.0612
vn 0.8776 0.4710 -0.0889
vn 0.9055 0.4066 -0.1217
vn 0.5318 0.8464 -0.0289
vn -0.5445 0.8351 0.0785
vn -0.3561 0.9296 0.0947
vn -0.9993 -0.0021 -0.0373
vn -0.7750 -0.6261 -0.0861
vn -0.4418 -0.8936 -0.0789
vn 0.4388 -0.8979 -0.0357
vn 0.5596 -0.8260 -0.0679
vn 0.9991 -0.0281 -0.0331
vn 0.9959 0.0094 -0.0903
vn 0.6304 -0.7193 -0.2920
vn 0.4147 -0.8482 -0.3294
vn -0.5356 -0.7874 -0.3050
vn -0.8390 -0.4824 -0.2517
vn -0.9936 -0.0013 -0.1131
vn -0.5819 0.8078 -0.0943
vn -0.4634 0.8816 -0.0899
vn 0.8045 0.5891 -0.0763
vn 0.8300 0.5566 0.0363
vn 0.0068 -0.8885 -0.4589
vn 0.2256 -0.2464 -0.9425
vn 0.3645 0.8706 -0.3305
vn 0.1895 0.9318 0.3096
vn -0.0014 0.6589 0.7522
vn 0.0851 -0.5142 0.8535
vn -0.1235 -0.9916 0.0377
vn -0.6014 -0.5271 -0.6005
vn -0.1505 0.1161 -0.9818
vn 0.4544 0.8574 -0.2415
vn 0.6904 0.6848 0.2334
vn 0.5724 0.3808 0.7262
vn -0.1558 -0.4940 0.8554
vn -0.6681 -0.7427 -0.0443
vn -0.9154 -0.0171 -0.4022
vn -0.1791 0.2082 -0.9616
vn 0.9387 0.0506 -0.3411
vn 0.8527 -0.1442 0.5021
vn 0.8039 0.1685 0.5704
vn -0.6120 -0.2873 0.7368
vn -0.9938 -0.1099 0.0148
vn -0.9215 0.1057 -0.3737
vn -0.3742 0.1118 -0.9206
vn 0.9054 -0.0844 -0.4160
vn 0.8691 -0.0204 0.4942
vn 0.8677 -0.0587 0.4937
vn -0.7875 0.1398 0.6003
vn -0.9825 0.0550 0.1781
vn -0.7502 0.5096 -0.4213
vn -0.4775 0.2491 -0.8426
vn 0.8189 -0.4902 -0.2984
vn 0.8646 -0.4243 0.2692
vn 0.5457 -0.0006 0.8380
vn -0.1590 0.0870 0.9834
vn -0.7791 0.4619 0.4240
vn -0.0794 0.9051 -0.4178
vn 0.2529 0.6211 -0.7418
vn 0.4921 -0.6183 -0.6129
vn 0.2415 -0.9472 -0.2108
vn -0.1362 -0.7073 0.6937
vn -0.5083 0.3356 0.7931
vn -0.4597 0.8672 0.1916
vn 0.4351 0.9002 0.0196
vn 0.3267 0.5708 -0.7533
vn -0.2644 -0.6011 -0.7542
vn -0.4001 -0.8794 -0.2580
vn -0.5255 -0.6842 0.5056
vn 0.0831 0.4491 0.8896
vn 0.3523 0.7289 0.5870
vn 0.8450 0.5324 0.0507
vn 0.7919 0.3855 -0.4735
vn -0.6399 -0.5815 -0.5024
vn -0.7857 -0.5132 -0.3453
vn -0.8137 -0.5807 0.0251
vn 0.1365 0.2875 0.9480
vn 0.7365 0.5636 0.3740
vn 0.8882 0.3448 -0.3037
vn 0.5233 0.3267 -0.7870
vn -0.9478 -0.1129 -0.2981
vn -0.9674 -0.1330 -0.2157
vn -0.6441 -0.5342 0.5476
vn -0.0708 -0.3484 0.9347
vn 0.9445 0.0897 0.3160
vn 0.9600 -0.2754 -0.0497
vn 0.7230 0.2918 -0.6262
vn -0.6538 0.3387 -0.6767
vn -0.9501 0.2899 -0.1148
vn -0.8739 0.1818 0.4507
vn 0.2064 -0.3730 0.9046
vn 0.8694 -0.3696 0.3280
vn 0.6377 -0.5816 -0.5050
vn 0.3841 -0.3632 -0.8489
vn -0.6643 -0.0642 0.7447
vn -0.2118 -0.5770 0.7888
vn 0.5003 -0.8419 0.2024
vn 0.9289 0.3660 0.0570
vn 0.9144 0.4023 0.0459
vn 0.6387 0.7585 0.1293
vn 0.3472 0.9358 -0.0614
vn -0.4158 0.8825 0.2199
vn -0.5252 0.8469 0.0829
vn -0.3584 0.9049 0.2296
vn -0.5652 0.8238 0.0446
vn -0.9950 -0.0461 -0.0888
vn -0.9943 0.1050 0.0207
vn -0.5780 -0.7439 -0.3355
vn -0.8213 -0.5702 0.0179
vn -0.3057 -0.9063 -0.2919
vn -0.2560 -0.9665 0.0173
vn 0.7148 -0.6659 -0.2134
vn -0.1233 -0.9923 0.0147
vn 0.3352 -0.9142 -0.2277
vn 0.7082 -0.7040 -0.0534
vn 0.9744 -0.1796 -0.1352
vn 0.9841 -0.1761 -0.0234
vn -0.0025 0.8541 -0.5202
vn -0.2301 0.9149 -0.3316
vn -0.0241 0.8994 -0.4365
vn -0.0996 0.3020 -0.9481
vn 0.8440 0.4613 -0.2738
vn 0.2314 -0.0994 -0.9678
vn 0.5308 0.1427 -0.8354
vn -0.4588 0.0947 -0.8835
vn -0.6868 0.1690 -0.7069
vn -0.9384 0.3306 -0.1007
vn -0.6408 0.6319 0.4360
vn -0.5167 0.6471 0.5606
vn 0.4895 0.7332 0.4720
vn 0.5803 0.6724 0.4595
vn 0.1158 0.9755 0.1873
vn -0.4018 -0.8172 -0.4133
vn -0.9979 0.0222 0.0604
vn 0.9816 -0.1551 0.1116
vn -0.6757 0.7038 0.2193
vn -0.2616 -0.9533 -0.1511
vn 0.8697 0.4418 0.2200
vn -0.8629 -0.5049 0.0189
vn -0.6699 0.6750 0.3092
vn 0.5589 -0.8104 -0.1758
vn 0.9795 -0.1576 -0.1254
vn 0.7767 -0.6274 -0.0563
vn -0.0145 -0.9993 0.0355
vn -0.1097 -0.9933 0.0365
vn -0.8487 -0.5287 -0.0103
vn -0.9891 -0.0419 -0.1411
vn -0.6539 0.7518 -0.0852
vn -0.3990 0.9134 -0.0801
vn 0.4942 0.8619 -0.1134
vn 0.8721 0.4255 -0.2417
vn 0.9974 -0.0173 -0.0695
vn 0.5641 -0.7349 -0.3764
vn 0.4184 -0.8119 -0.4072
vn -0.3994 -0.8279 -0.3937
vn -0.8006 -0.5492 -0.2395
vn -0.9982 -0.0306 -0.0511
vn -0.7639 0.5800 0.2830
vn -0.2569 0.8574 0.4459
vn 0.5663 0.7057 0.4259
vn 0.8361 0.5076 0.2078
vn 0.9085 0.3552 0.2201
vn 0.6565 0.6199 0.4298
vn -0.4889 0.5776 0.6537
vn -0.6269 0.5169 0.5830
vn -0.9996 -0.0152 -0.0248
vn -0.7810 -0.4017 -0.4783
vn -0.4717 -0.5689 -0.6737
vn 0.4340 -0.5721 -0.6960
vn 0.6040 -0.4892 -0.6292
vn 0.9991 0.0210 -0.0366
vn 0.9932 0.1029 -0.0545
vn 0.6384 -0.2555 -0.7260
vn 0.4247 -0.3222 -0.8461
vn -0.5259 -0.3277 -0.7849
vn -0.8343 -0.1688 -0.5249
vn -0.9956 0.0518 -0.0779
vn -0.6005 0.6002 0.5283
vn -0.4834 0.6508 0.5855
vn 0.7902 0.4807 0.3802
vn 0.8189 0.3769 0.4329
vn 0.9221 0.2772 0.2699
vn -0.6782 0.5552 0.4813
vn -0.4730 -0.7074 -0.5252
vn 0.9751 -0.2063 -0.0816
vn -0.6721 0.5786 0.4621
vn -0.9192 -0.3511 -0.1784
vn 0.5569 -0.6906 -0.4613
vn 0.4019 0.7380 0.5420
vn -0.9082 0.3388 0.2457
vn 0.0714 -0.8589 -0.5071
vn 0.1385 0.2408 0.9606
vn 0.6087 -0.1490 -0.7793
vn -0.9134 -0.1402 -0.3821
vn -0.6375 0.1176 0.7615
vn 0.9829 -0.0925 -0.1593
vn -0.4880 0.0296 -0.8723
vn -0.6358 0.0608 0.7695
vn 0.8957 0.0361 0.4431
vn -0.3482 -0.1800 -0.9200
vn -0.9935 -0.0155 0.1125
vn 0.3982 -0.0240 -0.9170
vn 0.9354 -0.0058 0.3535
vn -0.7712 -0.0064 0.6366
vn -0.3156 -0.0511 -0.9475
vn 0.9717 0.0012 -0.2364
vn -0.4068 0.0733 0.9106
vn -0.8624 0.0086 -0.5061
vn 0.6065 -0.0043 -0.7950
vn 0.4016 0.0498 -0.9145
vn -0.9319 0.0539 -0.3588
vn -0.5587 -0.1026 0.8230
vn 0.9717 -0.0008 -0.2364
vn -0.0599 0.0603 -0.9964
vn -0.5898 -0.0723 0.8043
vn 0.9353 -0.0074 0.3537
vn 0.1743 0.0059 -0.9847
vn 0.3728 -0.0869 0.9238
vn 0.9579 -0.0531 0.2822
vn -0.9589 -0.0259 0.2824
vn 0.3945 0.1779 -0.9015
vn -0.6315 -0.1004 0.7688
vn -0.3784 0.1371 -0.9154
vn -0.6188 -0.0937 0.7799
vn 0.9641 0.0327 -0.2635
vn -0.2234 -0.1009 0.9695
vn -0.8885 0.0281 -0.4581
vn 0.6418 0.1095 -0.7590
vn 0.9647 -0.2445 -0.0984
vn 0.6852 -0.3378 0.6453
vn -0.1213 -0.7290 0.6737
vn -0.5638 -0.2443 0.7889
vn -0.5439 -0.3298 0.7716
vn -0.9203 -0.3602 0.1530
vn -0.7752 -0.0698 -0.6279
vn -0.4738 -0.0968 -0.8753
vn 0.8482 -0.1109 -0.5179
vn 0.3000 -0.5461 -0.7821
vn 0.3656 -0.9253 -0.1004
vn 0.5830 -0.4038 -0.7050
vn -0.9246 -0.3612 0.1210
vn -0.0404 0.1899 -0.9810
vn -0.0351 0.8868 -0.4609
vn 0.0215 0.5208 0.8534
vn 0.1834 -0.0095 0.9830
vn -0.3277 -0.2325 0.9157
vn 0.2872 -0.7116 -0.6412
vn 0.1922 -0.2244 -0.9553
vn -0.6801 0.2418 -0.6921
vn -0.5741 0.8175 -0.0462
vn 0.6723 -0.0599 0.7379
vn 0.6827 0.1279 0.7194
vn 0.7846 -0.0122 0.6199
vn -0.0458 -0.9350 -0.3516
vn -0.5976 -0.2868 -0.7487
vn -0.9949 0.0879 -0.0503
vn -0.7913 0.5295 -0.3058
vn 0.8643 0.3069 0.3986
vn 0.9899 0.0437 0.1350
vn 0.9320 -0.2672 0.2448
vn -0.4806 -0.8399 -0.2524
vn -0.9552 -0.2837 -0.0847
vn -0.9936 0.0876 0.0718
vn -0.8334 0.5525 0.0116
vn 0.9194 0.3874 -0.0679
vn 0.9928 0.0738 -0.0947
vn 0.9905 -0.1353 -0.0264
vn -0.5668 -0.7728 0.2854
vn -0.9186 -0.3804 0.1070
vn -0.8608 0.2414 0.4481
vn -0.6979 0.6798 0.2255
vn 0.8388 0.3346 -0.4295
vn 0.9219 0.1053 -0.3728
vn 0.6961 0.1223 -0.7075
vn -0.3822 -0.7512 0.5382
vn -0.6957 -0.4491 0.5606
vn -0.2791 0.4847 0.8290
vn -0.0765 0.7680 0.6358
vn 0.2053 0.3730 -0.9048
vn 0.2327 0.2260 -0.9459
vn -0.3087 -0.8270 0.4699
vn -0.4602 -0.0878 0.8834
vn 0.3404 0.2765 0.8987
vn 0.0977 0.7070 0.7005
vn -0.4351 0.6049 -0.6669
vn -0.3806 -0.0741 -0.9218
vn -0.1840 0.0768 -0.9799
vn 0.0774 -0.6868 0.7227
vn 0.4628 -0.2428 0.8526
vn 0.7974 0.2840 0.5325
vn 0.7837 0.0448 0.6195
vn -0.4824 0.5678 -0.6670
vn -0.8285 -0.0259 -0.5594
vn -0.7417 -0.3487 -0.5730
vn 0.4055 -0.7424 0.5333
vn 0.7857 0.0006 0.6186
vn 0.7755 0.5589 0.2935
vn 0.5289 0.8152 0.2362
vn -0.9048 0.4250 0.0281
vn -0.9825 -0.0977 -0.1588
vn -0.9871 -0.0538 -0.1507
vn 0.3883 -0.9046 -0.1756
vn 0.9944 -0.0372 0.0993
vn 0.9589 0.2245 -0.1735
vn 0.5166 0.8287 0.2154
vn -0.8580 0.2087 0.4693
vn -0.9537 -0.0839 0.2887
vn -0.9557 0.0138 0.2941
vn 0.5285 -0.8083 -0.2597
vn 0.9333 -0.1383 -0.3315
vn 0.5481 0.4585 -0.6996
vn 0.1111 0.8721 -0.4765
vn -0.6358 0.3502 0.6878
vn -0.5722 0.1284 0.8100
vn 0.3038 -0.7118 -0.6333
vn 0.5467 -0.4051 -0.7329
vn -0.0801 0.4457 0.8916
vn -0.0162 0.9278 0.3727
vn -0.0530 0.7048 -0.7074
vn -0.0420 -0.2040 -0.9781
vn 0.3741 -0.4853 -0.7903
vn -0.2898 -0.8813 0.3733
vn -0.3230 -0.2095 0.9229
vn 0.5450 0.4716 0.6932
vn 0.3510 0.9173 0.1879
vn -0.5202 -0.2529 -0.8158
vn -0.5703 0.0606 -0.8192
vn -0.6059 -0.1855 -0.7736
vn -0.0023 -0.9933 0.1154
vn 0.4845 -0.3361 0.8076
vn 0.9568 0.1907 0.2194
vn 0.5396 0.7422 0.3975
vn -0.7755 0.4230 -0.4686
vn -0.9596 0.0212 -0.2805
vn -0.7817 -0.4820 -0.3958
vn 0.2833 -0.9590 -0.0106
vn 0.8861 -0.4329 0.1655
vn 0.9817 0.1670 0.0913
vn 0.6281 0.7600 0.1671
vn -0.8077 0.5895 0.0100
vn -0.9921 0.1202 -0.0354
vn -0.9561 -0.2547 -0.1448
vn 0.3818 -0.8938 -0.2351
vn 0.8102 -0.5844 -0.0445
vn 0.8924 0.3522 -0.2820
vn 0.5237 0.8519 0.0059
vn -0.7601 0.5579 0.3332
vn -0.9351 0.2285 0.2708
vn -0.9474 0.1690 0.2719
vn 0.2774 -0.8724 -0.4025
vn 0.5880 -0.6796 -0.4386
vn 0.3628 0.6461 -0.6715
vn 0.1228 0.9205 -0.3709
vn -0.2461 0.6251 0.7407
vn -0.3616 0.2293 0.9037
vn -0.2985 0.4813 0.8242
vn 0.2175 -0.9075 -0.3594
vn 0.3483 -0.2940 -0.8901
vn -0.2898 0.3130 -0.9045
vn -0.0308 0.8894 -0.4562
vn 0.2197 0.7887 0.5742
vn 0.2402 0.0635 0.9686
vn 0.2075 0.3401 0.9172
vn 0.0143 -0.8324 -0.5540
vn -0.2767 -0.4995 -0.8209
vn -0.7045 0.3654 -0.6084
vn -0.6729 -0.0666 -0.7367
vn 0.2566 0.7665 0.5888
vn 0.7233 0.0885 0.6849
vn 0.6342 -0.4637 0.6187
vn -0.1979 -0.8634 -0.4641
vn -0.6649 -0.1405 -0.7336
vn -0.6050 0.7535 -0.2574
vn -0.3337 0.9363 -0.1090
vn 0.7495 0.6421 0.1610
vn 0.9544 -0.1127 0.2764
vn 0.9777 -0.1527 0.1445
vn -0.2518 -0.9665 0.0500
vn -0.9595 -0.1131 -0.2578
vn -0.8963 0.3928 0.2058
vn -0.3228 0.9422 -0.0898
vn 0.9025 0.2949 -0.3139
vn 0.9692 -0.1759 -0.1722
vn 0.9663 0.0015 -0.2573
vn -0.3733 -0.9275 0.0180
vn -0.9558 -0.2058 0.2099
vn -0.4725 0.6906 0.5475
vn -0.0994 0.9229 0.3719
vn 0.6344 0.4941 -0.5945
vn 0.6772 0.0799 -0.7314
vn -0.3011 -0.8813 0.3642
vn -0.6092 -0.5528 0.5686
vn -0.3844 0.4037 0.8302
vn 0.8817 0.2516 0.3991
vn 0.6126 -0.3827 -0.6916
vn -0.8172 -0.3401 -0.4653
vn -0.0266 0.8625 -0.5054
vn 0.0469 -0.8551 0.5163
vn 0.0467 -0.8547 0.5170
vn 0.0186 -0.8628 0.5051
vn 0.9687 -0.1007 -0.2269
vn -0.9917 -0.0491 0.1187
vn 0.3051 -0.7714 0.5585
vn 0.0482 -0.8549 0.5165
vn 0.0482 -0.8551 0.5162
vn 0.3205 -0.8946 0.3112
vn -0.6484 -0.4083 -0.6425
vn 0.0738 0.4750 0.8769
vn -0.3587 0.2721 0.8929
vn 0.8551 0.0715 0.5135
vn 0.4248 -0.6397 -0.6406
vn -0.8247 -0.3853 -0.4141
vn -0.9592 -0.0743 0.2728
vn 0.9845 -0.0972 0.1462
vn 0.1624 0.2905 0.9430
vn -0.6382 -0.4987 -0.5865
vn -0.2523 0.2758 0.9275
vn 0.8458 0.0244 0.5329
vn 0.5123 -0.6984 -0.4998
vn -0.7748 -0.5670 -0.2795
vn -0.9242 -0.1858 0.3338
vn 0.9164 -0.3990 0.0304
vn 0.2661 0.2509 0.9307
vn -0.3877 -0.7242 -0.5703
vn -0.0092 0.4544 0.8908
vn -0.5184 -0.3645 -0.7736
vn -0.9981 0.0547 0.0288
vn 0.9819 -0.0888 -0.1672
vn -0.8214 -0.3133 -0.4766
vn 0.6193 -0.3297 -0.7125
vn 0.8419 0.2605 0.4726
vn -0.4636 0.4152 0.7828
vn -0.2929 0.6095 -0.7367
vn -0.0796 0.8565 -0.5100
vn -0.3301 0.8793 -0.3434
vn -0.0182 0.8655 -0.5006
vn -0.1710 0.6862 -0.7070
vn -0.1279 0.7525 -0.6460
vn -0.3080 -0.6944 0.6504
vn 0.2381 0.8604 -0.4505
vn -0.2262 -0.4722 -0.8520
vn -0.5330 0.4938 0.6871
vn 0.5264 -0.4503 -0.7212
vn 0.9774 -0.1514 -0.1474
vn 0.2394 0.5248 0.8169
vn -0.8312 -0.3172 -0.4567
vn -0.9787 0.0986 0.1800
vn 0.8347 0.2727 0.4784
vn -0.1116 0.9825 -0.1489
vn 0.4384 -0.7265 0.5292
vn 0.0224 -0.8554 0.5174
vn -0.3743 0.7739 -0.5108
vn 0.0181 -0.8629 0.5051
vn -0.2262 -0.9546 0.1937
vn -0.0160 0.8547 -0.5189
vn -0.3844 -0.9151 0.1217
vn 0.8817 -0.4581 0.1131
vn 0.6126 0.7769 -0.1454
vn -0.8172 0.5487 -0.1762
vn -0.0266 0.2081 0.9778
vn 0.0466 -0.2211 -0.9741
vn 0.0471 -0.2216 -0.9740
vn 0.0186 -0.2076 -0.9780
vn 0.9687 0.2471 -0.0241
vn -0.9917 -0.0972 -0.0840
vn 0.3051 -0.2871 -0.9080
vn 0.0478 -0.2206 -0.9742
vn 0.0474 -0.2208 -0.9742
vn 0.3206 -0.0136 -0.9471
vn -0.6484 0.7384 -0.1851
vn 0.0739 -0.9819 0.1746
vn -0.3587 -0.9332 -0.0230
vn 0.8551 -0.5099 -0.0939
vn 0.4246 0.8095 -0.4054
vn -0.8247 0.5144 -0.2353
vn -0.9592 -0.2355 -0.1565
vn 0.9845 -0.1081 -0.1383
vn 0.1624 -0.9865 -0.0213
vn -0.6383 0.7137 -0.2886
vn -0.2523 -0.9672 -0.0304
vn 0.8458 -0.5134 -0.1447
vn 0.5123 0.6943 -0.5054
vn -0.7748 0.4439 -0.4501
vn -0.9241 -0.2583 -0.2815
vn 0.9163 0.0969 -0.3887
vn 0.2661 -0.9624 -0.0550
vn -0.3878 0.7693 -0.5077
vn -0.0092 -0.9885 0.1507
vn -0.5184 0.8490 -0.1023
vn -0.9981 -0.0445 0.0428
vn 0.9819 0.1867 -0.0316
vn -0.8214 0.5510 -0.1472
vn 0.6193 0.7801 -0.0885
vn 0.8419 -0.5306 0.0984
vn -0.4635 -0.8737 0.1475
vn -0.2929 0.5072 0.8105
vn -0.0795 0.2143 0.9735
vn -0.3301 0.0490 0.9427
vn -0.0182 0.2025 0.9791
vn -0.1710 0.4548 0.8740
vn -0.1278 0.3761 0.9177
vn -0.3080 -0.3985 -0.8639
vn 0.2381 0.1566 0.9585
vn -0.2261 0.9574 -0.1797
vn -0.5330 -0.8076 0.2522
vn 0.5264 0.8264 -0.2002
vn 0.9774 0.1876 -0.0973
vn 0.2394 -0.9406 0.2408
vn -0.8312 0.5334 -0.1572
vn -0.9787 -0.2019 0.0369
vn 0.8347 -0.5399 0.1081
vn -0.1117 -0.1682 0.9794
vn -0.0266 0.2080 0.9778
vn 0.4384 -0.2734 -0.8562
vn 0.0225 -0.2216 -0.9749
vn -0.3743 0.2411 0.8954
vn 0.0181 -0.2076 -0.9781
vn -0.2262 0.1169 -0.9670
vn -0.0160 0.2233 0.9746
vn -0.2488 -0.8944 0.3718
vn 0.2212 -0.9409 -0.2564
vn 0.7346 0.0711 -0.6748
vn 0.4823 0.7608 -0.4343
vn 0.1065 0.9925 -0.0592
vn -0.2539 0.5767 0.7765
vn -0.5309 -0.4669 0.7072
vn -0.6607 -0.7177 -0.2201
vn 0.0737 -0.7650 -0.6398
vn 0.9284 0.0375 -0.3697
vn 0.9183 0.3873 0.0817
vn 0.5520 0.7197 0.4212
vn -0.5229 0.6198 0.5851
vn -0.9467 -0.2804 0.1588
vn -0.8334 -0.4339 -0.3424
vn 0.0722 -0.7795 -0.6223
vn 0.9760 -0.0792 -0.2026
vn 0.6607 0.7308 0.1714
vn 0.7313 0.6363 0.2456
vn -0.7457 0.5238 0.4117
vn -0.9962 -0.0736 -0.0460
vn -0.8114 -0.2803 -0.5129
vn -0.1410 -0.7904 -0.5961
vn 0.8665 -0.4955 0.0613
vn 0.7504 0.4434 0.4902
vn 0.7089 0.4003 0.5807
vn -0.7434 0.6685 0.0198
vn -0.9457 0.2676 -0.1846
vn -0.5080 -0.1447 -0.8491
vn -0.1127 -0.6487 -0.7526
vn 0.6765 -0.6194 0.3983
vn 0.6939 0.0098 0.7200
vn 0.3527 0.7681 0.5345
vn -0.2526 0.9014 0.3517
vn -0.6458 0.7066 -0.2890
vn 0.3720 0.0306 -0.9277
vn 0.7260 -0.3674 -0.5814
vn 0.3304 -0.9180 0.2195
vn -0.1004 -0.7528 0.6506
vn -0.4197 0.3775 0.8254
vn -0.5833 0.8121 -0.0171
vn -0.1587 0.7206 -0.6749
vn 0.8015 0.4068 -0.4383
vn 0.6632 -0.4726 -0.5803
vn -0.3564 -0.9316 -0.0712
vn -0.7330 -0.6169 0.2867
vn -0.8614 0.2294 0.4532
vn 0.0905 0.9836 0.1563
vn 0.5129 0.8554 -0.0724
vn 0.9956 0.0688 -0.0631
vn 0.9041 -0.4069 -0.1304
vn -0.7576 -0.6294 -0.1728
vn -0.9291 -0.3421 -0.1402
vn -0.9938 -0.1110 -0.0076
vn 0.0628 0.9527 0.2974
vn 0.8257 0.5524 0.1146
vn 0.9788 -0.0241 -0.2035
vn 0.8226 -0.4046 -0.3995
vn -0.9092 -0.3272 -0.2576
vn -0.9407 -0.3225 -0.1053
vn -0.8813 0.0296 0.4717
vn -0.5679 0.5614 0.6019
vn 0.8846 0.4309 0.1786
vn 0.9427 -0.1082 0.3155
vn 0.8816 -0.3629 -0.3018
vn -0.4377 -0.5095 -0.7408
vn -0.8567 0.0690 -0.5113
vn -0.9150 0.3980 -0.0657
vn -0.1384 0.6592 0.7391
vn 0.7127 0.1160 0.6918
vn 0.3117 -0.9114 0.2689
vn 0.3356 -0.9383 -0.0838
vn 0.1493 -0.2682 -0.9517
vn -0.2824 0.5792 -0.7647
vn -0.7000 0.6743 0.2351
vn -0.5227 0.4895 0.6979
vn 0.1435 -0.2846 0.9479
vn 0.3232 -0.9151 -0.2411
vn -0.8700 -0.4581 0.1826
vn -0.5309 0.7769 0.3384
vn 0.8298 0.5487 -0.1018
vn -0.2958 0.2081 -0.9323
vn 0.2759 -0.2212 0.9354
vn 0.2754 -0.2218 0.9354
vn 0.3034 -0.2076 0.9300
vn -0.9071 0.2471 0.3407
vn 0.9643 -0.0972 -0.2462
vn 0.0098 -0.2871 0.9579
vn 0.2747 -0.2208 0.9358
vn 0.2748 -0.2206 0.9359
vn 0.0081 -0.0136 0.9999
vn 0.6733 0.7384 -0.0380
vn -0.1271 -0.9819 -0.1407
vn 0.3464 -0.9332 -0.0960
vn -0.7769 -0.5098 0.3694
vn -0.2683 0.8094 0.5224
vn 0.8562 0.5143 -0.0484
vn 0.9574 -0.2354 -0.1670
vn -0.8845 -0.1081 0.4538
vn -0.1464 -0.9865 0.0735
vn 0.6976 0.7137 0.0631
vn 0.2482 -0.9672 -0.0540
vn -0.7515 -0.5134 0.4144
vn -0.3183 0.6942 0.6456
vn 0.8796 0.4440 0.1709
vn 0.9654 -0.2583 -0.0374
vn -0.7381 0.0969 0.6677
vn -0.2333 -0.9624 0.1393
vn 0.5329 0.7693 0.3524
vn -0.0408 -0.9885 -0.1454
vn 0.5232 0.8490 -0.0735
vn 0.9287 -0.0445 -0.3680
vn -0.9171 0.1867 0.3522
vn 0.8242 0.5510 -0.1305
vn -0.5560 0.7801 0.2869
vn -0.8275 -0.5306 0.1834
vn 0.3895 -0.8737 -0.2915
vn 0.0107 0.5072 -0.8618
vn -0.2444 0.2143 -0.9457
vn 0.0024 0.0490 -0.9988
vn -0.3042 0.2026 -0.9308
vn -0.1253 0.4548 -0.8817
vn -0.1804 0.3761 -0.9088
vn 0.5745 -0.3985 0.7150
vn -0.5396 0.1566 -0.8273
vn 0.2726 0.9574 0.0956
vn 0.4207 -0.8076 -0.4132
vn -0.4315 0.8264 0.3618
vn -0.8913 0.1876 0.4127
vn -0.3051 -0.9406 -0.1489
vn 0.8367 0.5334 -0.1244
vn 0.9124 -0.2019 -0.3561
vn -0.8240 -0.5399 0.1718
vn -0.2160 -0.1682 -0.9618
vn -0.1331 -0.2734 0.9526
vn 0.2988 -0.2216 0.9282
vn 0.0597 0.2411 -0.9687
vn 0.3039 -0.2076 0.9298
vn 0.5311 0.1169 0.8392
vn -0.3048 0.2233 -0.9259
vn -0.3066 -0.9151 0.2619
vn 0.8561 -0.4581 -0.2394
vn 0.5075 0.7769 -0.3726
vn -0.8213 0.5487 0.1562
vn 0.3565 0.2081 0.9108
vn -0.3369 -0.2211 -0.9152
vn -0.3365 -0.2217 -0.9152
vn -0.3640 -0.2076 -0.9080
vn 0.8827 0.2470 -0.3997
vn -0.9460 -0.0972 0.3091
vn -0.0728 -0.2870 -0.9551
vn -0.3357 -0.2208 -0.9157
vn -0.3359 -0.2206 -0.9157
vn -0.0739 -0.0136 -0.9972
vn -0.6693 0.7384 0.0822
vn 0.1361 -0.9819 0.1320
vn -0.3393 -0.9332 0.1186
vn 0.7509 -0.5100 -0.4197
vn 0.2332 0.8095 -0.5389
vn -0.8512 0.5144 0.1047
vn -0.9443 -0.2355 0.2297
vn 0.8527 -0.1081 -0.5111
vn 0.1412 -0.9865 -0.0829
vn -0.7002 0.7137 -0.0170
vn -0.2442 -0.9672 0.0703
vn 0.7225 -0.5136 -0.4628
vn 0.2751 0.6942 -0.6651
vn -0.8889 0.4440 -0.1126
vn -0.9607 -0.2584 0.1009
vn 0.6926 0.0968 -0.7148
vn 0.2239 -0.9623 -0.1545
vn -0.5549 0.7694 -0.3165
vn 0.0503 -0.9885 0.1424
vn -0.5173 0.8490 0.1078
vn -0.9025 -0.0445 0.4284
vn 0.8919 0.1867 -0.4118
vn -0.8138 0.5510 0.1845
vn 0.5359 0.7801 -0.3229
vn 0.8137 -0.5306 -0.2375
vn -0.3694 -0.8737 0.3165
vn 0.0461 0.5072 0.8606
vn 0.3061 0.2143 0.9276
vn 0.0634 0.0490 0.9968
vn 0.3648 0.2025 0.9088
vn 0.1831 0.4549 0.8715
vn 0.2399 0.3761 0.8950
vn -0.6203 -0.3985 -0.6756
vn 0.5928 0.1566 0.7899
vn -0.2783 0.9574 -0.0774
vn -0.3926 -0.8076 0.4400
vn 0.4067 0.8264 -0.3895
vn 0.8622 0.1876 -0.4705
vn 0.3143 -0.9406 0.1285
vn -0.8267 0.5334 0.1792
vn -0.8870 -0.2019 0.4154
vn 0.8109 -0.5399 -0.2257
vn 0.2788 -0.1682 0.9455
vn 0.3565 0.2080 0.9108
vn 0.0701 -0.2734 -0.9593
vn -0.3592 -0.2216 -0.9065
vn 0.0042 0.2411 0.9705
vn -0.3645 -0.2076 -0.9078
vn -0.5852 0.1169 -0.8024
vn 0.3651 0.2233 0.9038
vn -0.0493 -0.9151 -0.4002
vn -0.2725 -0.4581 0.8461
vn 0.0308 0.7769 0.6288
vn 0.3228 0.5487 -0.7712
vn -0.9564 0.2081 -0.2051
vn 0.9492 -0.2210 0.2239
vn 0.9490 -0.2216 0.2242
vn 0.9581 -0.2076 0.1973
vn -0.1535 0.2470 0.9568
vn 0.2640 -0.0972 -0.9596
vn 0.8369 -0.2871 0.4661
vn 0.9490 -0.2207 0.2251
vn 0.9490 -0.2208 0.2250
vn 0.8725 -0.0136 0.4884
vn 0.3006 0.7384 -0.6036
vn -0.1852 -0.9819 0.0407
vn 0.0882 -0.9332 -0.3485
vn -0.0641 -0.5099 0.8579
vn 0.3208 0.8094 0.4919
vn 0.3822 0.5144 -0.7677
vn 0.3293 -0.2354 -0.9144
vn -0.0441 -0.1081 0.9932
vn -0.0087 -0.9865 0.1635
vn 0.4005 0.7137 -0.5747
vn 0.0760 -0.9672 -0.2424
vn -0.0125 -0.5135 0.8580
vn 0.4029 0.6941 0.5965
vn 0.5843 0.4439 -0.6794
vn 0.4458 -0.2583 -0.8570
vn 0.2142 0.0969 0.9720
vn 0.0054 -0.9623 0.2718
vn 0.5701 0.7694 -0.2882
vn -0.1465 -0.9885 -0.0366
vn 0.1955 0.8490 -0.4909
vn 0.1405 -0.0445 -0.9891
vn -0.1486 0.1867 0.9711
vn 0.2950 0.5510 -0.7806
vn -0.0263 0.7801 0.6251
vn -0.2508 -0.5306 0.8097
vn -0.0602 -0.8737 -0.4827
vn -0.7432 0.5072 -0.4363
vn -0.9425 0.2143 -0.2563
vn -0.8664 0.0490 -0.4970
vn -0.9592 0.2025 -0.1971
vn -0.8280 0.4548 -0.3280
vn -0.8788 0.3761 -0.2936
vn 0.9057 -0.3985 -0.1447
vn -0.9859 0.1566 0.0587
vn 0.2181 0.9574 -0.1894
vn -0.1504 -0.8076 -0.5702
vn 0.1005 0.8264 0.5541
vn -0.0832 0.1876 0.9787
vn -0.2805 -0.9406 0.1913
vn 0.3066 0.5334 -0.7884
vn 0.1428 -0.2019 -0.9689
vn -0.2590 -0.5400 0.8008
vn -0.9424 -0.1682 -0.2890
vn -0.9564 0.2080 -0.2051
vn 0.7615 -0.2734 0.5877
vn 0.9543 -0.2216 0.2005
vn -0.8118 0.2411 -0.5319
vn 0.9582 -0.2076 0.1968
vn 0.9921 0.1169 -0.0454
vn -0.9552 0.2233 -0.1940
vn 0.2794 -0.9151 0.2907
vn -0.2892 -0.4580 -0.8406
vn -0.4017 0.7769 -0.4848
vn 0.2041 0.5487 0.8107
vn 0.8883 0.2081 -0.4093
vn -0.8939 -0.2211 0.3899
vn -0.8939 -0.2216 0.3896
vn -0.8850 -0.2076 0.4166
vn -0.4508 0.2471 -0.8578
vn 0.3641 -0.0972 0.9263
vn -0.9492 -0.2871 0.1287
vn -0.8944 -0.2207 0.3890
vn -0.9911 -0.0136 0.1323
vn 0.1213 0.7384 0.6633
vn 0.1238 -0.9819 -0.1436
vn 0.1383 -0.9332 0.3318
vn -0.4631 -0.5099 -0.7250
vn -0.5516 0.8094 -0.2013
vn 0.1544 0.5144 0.8436
vn 0.2847 -0.2355 0.9292
vn -0.5602 -0.1081 -0.8213
vn -0.0911 -0.9865 -0.1361
vn 0.0241 0.7137 0.7000
vn 0.0845 -0.9672 0.2397
vn -0.5045 -0.5135 -0.6941
vn -0.6801 0.6942 -0.2356
vn -0.0602 0.4438 0.8941
vn 0.1571 -0.2584 0.9532
vn -0.7543 0.0968 -0.6494
vn -0.1674 -0.9623 -0.2144
vn -0.2834 0.7694 0.5725
vn 0.1392 -0.9885 -0.0585
vn 0.1379 0.8490 0.5101
vn 0.4806 -0.0445 0.8758
vn -0.4634 0.1867 -0.8663
vn 0.2319 0.5510 0.8016
vn -0.3538 0.7801 -0.5160
vn -0.2848 -0.5306 -0.7983
vn 0.3376 -0.8737 0.3502
vn 0.8564 0.5072 -0.0965
vn 0.9080 0.2143 -0.3600
vn 0.9914 0.0490 -0.1217
vn 0.8858 0.2025 -0.4174
vn 0.8593 0.4549 -0.2339
vn 0.8794 0.3761 -0.2920
vn -0.6380 -0.3985 0.6589
vn 0.7538 0.1566 -0.6382
vn -0.0610 0.9574 0.2824
vn 0.4623 -0.8076 0.3661
vn -0.4127 0.8264 -0.3832
vn -0.5202 0.1876 -0.8332
vn 0.1098 -0.9406 -0.3213
vn 0.2273 0.5334 0.8148
vn 0.4667 -0.2019 0.8611
vn -0.2729 -0.5400 -0.7962
vn 0.9275 -0.1682 -0.3338
vn 0.8884 0.2080 -0.4093
vn -0.9618 -0.2734 -0.0137
vn -0.8839 -0.2216 0.4118
vn 0.9686 0.2411 -0.0611
vn -0.8849 -0.2076 0.4171
vn -0.7667 0.1169 0.6312
vn 0.8808 0.2233 -0.4175
vn -0.3826 -0.9151 -0.1273
vn 0.6472 -0.4581 0.6093
vn 0.5812 0.7769 0.2421
vn -0.5579 0.5487 -0.6226
vn -0.5958 0.2081 0.7757
vn 0.6097 -0.2211 -0.7612
vn 0.6099 -0.2216 -0.7609
vn 0.5894 -0.2076 -0.7807
vn 0.7982 0.2471 0.5494
vn -0.7534 -0.0972 -0.6504
vn 0.7802 -0.2871 -0.5557
vn 0.6107 -0.2207 -0.7605
vn 0.6106 -0.2207 -0.7605
vn 0.8157 -0.0136 -0.5784
vn -0.4161 0.7384 -0.5306
vn -0.0427 -0.9819 0.1847
vn -0.2768 -0.9332 -0.2293
vn 0.7473 -0.5099 0.4261
vn 0.5819 0.8094 -0.0786
vn -0.5293 0.5144 -0.6748
vn -0.6845 -0.2355 -0.6900
vn 0.8781 -0.1081 0.4662
vn 0.1440 -0.9865 0.0781
vn -0.3471 0.7137 -0.6084
vn -0.1863 -0.9672 -0.1727
vn 0.7696 -0.5135 0.3796
vn 0.7117 0.6942 -0.1079
vn -0.3627 0.4440 -0.8193
vn -0.5827 -0.2582 -0.7705
vn 0.9698 0.0967 0.2238
vn 0.2477 -0.9624 0.1118
vn -0.0156 0.7694 -0.6386
vn -0.0959 -0.9885 0.1166
vn -0.3595 0.8490 -0.3873
vn -0.8330 -0.0445 -0.5515
vn 0.8133 0.1867 0.5510
vn -0.5784 0.5510 -0.6016
vn 0.5533 0.7801 0.2921
vn 0.6236 -0.5306 0.5740
vn -0.4618 -0.8737 -0.1528
vn -0.7131 0.5072 0.4840
vn -0.6361 0.2143 0.7412
vn -0.8208 0.0490 0.5691
vn -0.5897 0.2025 0.7818
vn -0.6517 0.4548 0.6070
vn -0.6424 0.3761 0.6677
vn 0.2581 -0.3985 -0.8801
vn -0.3702 0.1566 0.9157
vn -0.0775 0.9574 -0.2783
vn -0.5796 -0.8076 -0.1089
vn 0.5436 0.8264 0.1471
vn 0.8482 0.1876 0.4953
vn 0.0523 -0.9406 0.3355
vn -0.5804 0.5334 -0.6153
vn -0.8138 -0.2019 -0.5449
vn 0.6121 -0.5400 0.5777
vn -0.6656 -0.1682 0.7271
vn 0.8577 -0.2734 -0.4355
vn 0.5907 -0.2217 -0.7759
vn -0.8288 0.2411 0.5049
vn 0.5891 -0.2076 -0.7810
vn 0.3849 0.1169 -0.9155
vn -0.5853 0.2233 0.7795
vn 0.9492 -0.2210 0.2240
vn 0.9490 -0.2215 0.2244
vn 0.8368 -0.2870 0.4661
vn 0.9490 -0.2206 0.2251
vn 0.9490 -0.2209 0.2249
vn 0.3822 0.5143 -0.7677
vn 0.3293 -0.2355 -0.9144
vn -0.0441 -0.1082 0.9932
vn 0.0761 -0.9672 -0.2425
vn 0.4031 0.6942 0.5964
vn 0.5843 0.4439 -0.6793
vn 0.5701 0.7693 -0.2883
vn -0.8279 0.4549 -0.3280
vn -0.8118 0.2411 -0.5318
vn -0.3278 -0.9151 -0.2348
vn 0.4379 -0.4581 0.7736
vn 0.4835 0.7769 0.4032
vn -0.3487 0.5487 -0.7598
vn -0.7987 0.2081 0.5647
vn 0.8077 -0.2213 -0.5464
vn 0.8078 -0.2216 -0.5462
vn 0.7941 -0.2076 -0.5713
vn 0.5999 0.2471 0.7610
vn -0.5271 -0.0972 -0.8442
vn 0.9098 -0.2871 -0.2999
vn 0.8083 -0.2207 -0.5458
vn 0.9503 -0.0136 -0.3110
vn -0.2404 0.7384 -0.6300
vn -0.0955 -0.9819 0.1638
vn -0.1966 -0.9332 -0.3009
vn 0.5876 -0.5099 0.6282
vn 0.5791 0.8095 0.0971
vn -0.3059 0.5144 -0.8012
vn -0.4496 -0.2354 -0.8616
vn 0.7007 -0.1081 0.7052
vn 0.1144 -0.9865 0.1172
vn -0.1515 0.7137 -0.6839
vn -0.1268 -0.9672 -0.2201
vn 0.6227 -0.5135 0.5904
vn 0.7117 0.6943 0.1073
vn -0.1041 0.4437 -0.8901
vn -0.3285 -0.2584 -0.9085
vn 0.8601 0.0968 0.5008
vn 0.2038 -0.9623 0.1803
vn 0.1741 0.7694 -0.6146
vn -0.1261 -0.9885 0.0830
vn -0.2288 0.8490 -0.4763
vn -0.6324 -0.0445 -0.7733
vn 0.6138 0.1867 0.7671
vn -0.3744 0.5510 -0.7458
vn 0.4420 0.7801 0.4427
vn 0.4258 -0.5306 0.7329
vn -0.3959 -0.8737 -0.2827
vn -0.8244 0.5072 0.2513
vn -0.8270 0.2143 0.5198
vn -0.9525 0.0490 0.3007
vn -0.7947 0.2025 0.5722
vn -0.8021 0.4548 0.3869
vn -0.8113 0.3761 0.4476
vn 0.5070 -0.3985 -0.7643
vn -0.6246 0.1566 0.7651
vn 0.0084 0.9574 -0.2888
vn -0.5214 -0.8076 -0.2755
vn 0.4757 0.8264 0.3014
vn 0.6636 0.1876 0.7241
vn -0.0493 -0.9406 0.3359
vn -0.3723 0.5334 -0.7595
vn -0.6161 -0.2019 -0.7613
vn 0.4137 -0.5400 0.7330
vn -0.8510 -0.1682 0.4976
vn -0.7987 0.2080 0.5647
vn 0.9481 -0.2734 -0.1621
vn 0.7939 -0.2216 -0.5663
vn -0.9411 0.2411 0.2370
vn 0.7938 -0.2076 -0.5716
vn 0.6386 0.1169 -0.7606
vn -0.7898 0.2233 0.5713
vn 0.0087 -0.9151 -0.4031
vn -0.3913 -0.4581 0.7981
vn -0.0599 0.7769 0.6267
vn 0.4303 0.5488 -0.7167
vn -0.9170 0.2081 -0.3404
vn 0.9071 -0.2212 0.3581
vn 0.9069 -0.2217 0.3584
vn 0.9198 -0.2076 0.3329
vn -0.2895 0.2471 0.9247
vn 0.3992 -0.0972 -0.9117
vn 0.7611 -0.2870 0.5816
vn 0.9068 -0.2208 0.3591
vn 0.9068 -0.2207 0.3593
vn 0.7932 -0.0136 0.6088
vn 0.3843 0.7384 -0.5541
vn -0.1891 -0.9819 0.0136
vn 0.1374 -0.9332 -0.3321
vn -0.1868 -0.5099 0.8397
vn 0.2467 0.8094 0.5329
vn 0.4886 0.5144 -0.7048
vn 0.4574 -0.2354 -0.8576
vn -0.1865 -0.1081 0.9765
vn -0.0321 -0.9865 0.1606
vn 0.4789 0.7137 -0.5111
vn 0.1101 -0.9672 -0.2289
vn -0.1357 -0.5135 0.8473
vn 0.3130 0.6941 0.6483
vn 0.6759 0.4442 -0.5881
vn 0.5644 -0.2584 -0.7840
vn 0.0723 0.0968 0.9927
vn -0.0337 -0.9623 0.2697
vn 0.6057 0.7693 -0.2034
vn -0.1397 -0.9885 -0.0573
vn 0.2640 0.8490 -0.4577
vn 0.2813 -0.0445 -0.9586
vn -0.2866 0.1867 0.9397
vn 0.4042 0.5510 -0.7301
vn -0.1159 0.7801 0.6148
vn -0.3646 -0.5306 0.7652
vn 0.0098 -0.8737 -0.4864
vn -0.6728 0.5072 -0.5386
vn -0.8959 0.2143 -0.3892
vn -0.7859 0.0490 -0.6164
vn -0.9209 0.2025 -0.3329
vn -0.7722 0.4549 -0.4437
vn -0.8275 0.3761 -0.4169
vn 0.9171 -0.3985 -0.0130
vn -0.9841 0.1566 -0.0836
vn 0.2431 0.9574 -0.1561
vn -0.0669 -0.8076 -0.5859
vn 0.0198 0.8264 0.5628
vn -0.2231 0.1876 0.9566
vn -0.3051 -0.9406 0.1489
vn 0.4168 0.5334 -0.7361
vn 0.2806 -0.2019 -0.9383
vn -0.3715 -0.5399 0.7553
vn -0.8911 -0.1682 -0.4215
vn 0.6691 -0.2734 0.6911
vn 0.9156 -0.2216 0.3356
vn -0.7269 0.2411 -0.6430
vn 0.9200 -0.2076 0.3325
vn 0.9883 0.1169 0.0977
vn -0.9174 0.2233 -0.3293
vt 0.832088 0.364613
vt 0.829790 0.368224
vt 0.829790 0.364613
vt 0.832088 0.368224
vt 0.829790 0.371834
vt 0.832088 0.371834
vt 0.829790 0.375445
vt 0.829790 0.350170
vt 0.832088 0.353781
vt 0.829790 0.353781
vt 0.832088 0.357392
vt 0.829790 0.357392
vt 0.832088 0.361002
vt 0.829790 0.361002
vt 0.834386 0.364613
vt 0.834386 0.368224
vt 0.834386 0.371834
vt 0.832088 0.375445
vt 0.834386 0.350170
vt 0.832088 0.350170
vt 0.834386 0.357392
vt 0.834386 0.361002
vt 0.836684 0.368224
vt 0.836684 0.371834
vt 0.836684 0.375445
vt 0.834386 0.375445
vt 0.836684 0.350170
vt 0.834386 0.353781
vt 0.836684 0.353781
vt 0.836684 0.357392
vt 0.836684 0.364613
vt 0.838981 0.364613
vt 0.838981 0.371834
vt 0.838981 0.375445
vt 0.838981 0.353781
vt 0.838981 0.357392
vt 0.836684 0.361002
vt 0.838981 0.361002
vt 0.841279 0.364613
vt 0.838981 0.368224
vt 0.841279 0.371834
vt 0.841279 0.375445
vt 0.838981 0.350170
vt 0.841279 0.353781
vt 0.841279 0.357392
vt 0.841279 0.361002
vt 0.816004 0.364613
vt 0.818302 0.368224
vt 0.816004 0.368224
vt 0.818302 0.371834
vt 0.816004 0.371834
vt 0.816004 0.375445
vt 0.816004 0.350170
vt 0.818302 0.353781
vt 0.816004 0.353781
vt 0.816004 0.357392
vt 0.818302 0.357392
vt 0.816004 0.361002
vt 0.818302 0.364613
vt 0.820600 0.364613
vt 0.820600 0.368224
vt 0.820600 0.371834
vt 0.818302 0.375445
vt 0.820600 0.350170
vt 0.818302 0.350170
vt 0.820600 0.357392
vt 0.820600 0.361002
vt 0.818302 0.361002
vt 0.822897 0.368224
vt 0.822897 0.371834
vt 0.820600 0.375445
vt 0.822897 0.350170
vt 0.820600 0.353781
vt 0.822897 0.353781
vt 0.822897 0.361002
vt 0.822897 0.364613
vt 0.825195 0.368224
vt 0.825195 0.375445
vt 0.822897 0.375445
vt 0.825195 0.353781
vt 0.825195 0.357392
vt 0.822897 0.357392
vt 0.825195 0.361002
vt 0.827493 0.364613
vt 0.825195 0.364613
vt 0.827493 0.371834
vt 0.825195 0.371834
vt 0.827493 0.375445
vt 0.825195 0.350170
vt 0.827493 0.353781
vt 0.827493 0.357392
vt 0.827493 0.361002
vt 0.827493 0.368224
vt 0.827493 0.350170
vt 0.841279 0.350170
vt 0.295322 0.098898
vt 0.295418 0.100012
vt 0.295250 0.098873
vt 0.295357 0.099941
vt 0.295234 0.098816
vt 0.297392 0.093278
vt 0.297357 0.092197
vt 0.297395 0.092146
vt 0.297259 0.093375
vt 0.297284 0.092191
vt 0.304234 0.094686
vt 0.304359 0.093525
vt 0.304400 0.093516
vt 0.304190 0.094661
vt 0.304303 0.093537
vt 0.304129 0.094629
vt 0.304255 0.093542
vt 0.301907 0.082592
vt 0.301865 0.083604
vt 0.301848 0.082574
vt 0.301803 0.082619
vt 0.295348 0.098919
vt 0.295499 0.099979
vt 0.297437 0.088803
vt 0.297386 0.088565
vt 0.297418 0.088514
vt 0.297310 0.088787
vt 0.297302 0.088541
vt 0.294885 0.095281
vt 0.294834 0.095496
vt 0.294868 0.095243
vt 0.294783 0.095506
vt 0.294818 0.095210
vt 0.295599 0.100761
vt 0.295489 0.100824
vt 0.295527 0.100779
vt 0.297364 0.094171
vt 0.297345 0.093404
vt 0.297272 0.094071
vt 0.297336 0.094092
vt 0.304086 0.095378
vt 0.304136 0.095376
vt 0.304015 0.095356
vt 0.304070 0.094621
vt 0.301926 0.084447
vt 0.301926 0.083682
vt 0.301901 0.084486
vt 0.301807 0.083689
vt 0.295646 0.100717
vt 0.295544 0.099979
vt 0.304476 0.092396
vt 0.304439 0.092355
vt 0.304530 0.092424
vt 0.304567 0.092454
vt 0.297368 0.091130
vt 0.297293 0.091117
vt 0.297422 0.091098
vt 0.295090 0.097797
vt 0.295041 0.097786
vt 0.295171 0.097769
vt 0.301788 0.081451
vt 0.301770 0.082595
vt 0.301744 0.081458
vt 0.301825 0.081407
vt 0.295474 0.083667
vt 0.295518 0.083691
vt 0.295494 0.083689
vt 0.301900 0.081395
vt 0.295641 0.100985
vt 0.301853 0.084700
vt 0.301889 0.084699
vt 0.301945 0.084698
vt 0.304004 0.095638
vt 0.303963 0.095381
vt 0.304047 0.095644
vt 0.304084 0.095651
vt 0.297272 0.094350
vt 0.297329 0.094351
vt 0.297361 0.094351
vt 0.295564 0.100997
vt 0.295610 0.100990
vt 0.295292 0.094659
vt 0.295443 0.094207
vt 0.295501 0.094228
vt 0.294960 0.095312
vt 0.295246 0.094687
vt 0.301774 0.079856
vt 0.301731 0.080562
vt 0.301716 0.079866
vt 0.301850 0.077984
vt 0.301760 0.078363
vt 0.301791 0.077947
vt 0.301818 0.078418
vt 0.301754 0.078992
vt 0.301813 0.080563
vt 0.301802 0.079851
vt 0.301938 0.078295
vt 0.301945 0.077928
vt 0.301882 0.079037
vt 0.301912 0.080456
vt 0.301896 0.079789
vt 0.304165 0.088835
vt 0.304330 0.089240
vt 0.304114 0.088857
vt 0.304733 0.089957
vt 0.304370 0.089236
vt 0.304652 0.090798
vt 0.304468 0.091416
vt 0.304604 0.090757
vt 0.304263 0.088817
vt 0.304455 0.089294
vt 0.304579 0.091459
vt 0.304705 0.090802
vt 0.304334 0.088829
vt 0.304533 0.089338
vt 0.304763 0.089950
vt 0.304624 0.091464
vt 0.304752 0.090806
vt 0.297337 0.087970
vt 0.297239 0.087549
vt 0.297313 0.087502
vt 0.297255 0.088029
vt 0.297366 0.090113
vt 0.297306 0.089457
vt 0.297380 0.089463
vt 0.297384 0.087883
vt 0.297364 0.087457
vt 0.297438 0.089490
vt 0.295383 0.094164
vt 0.295134 0.094536
vt 0.295325 0.094083
vt 0.295200 0.094638
vt 0.295033 0.096846
vt 0.294862 0.096189
vt 0.294909 0.096172
vt 0.294988 0.096186
vt 0.301923 0.077647
vt 0.301832 0.077627
vt 0.301923 0.077592
vt 0.297263 0.088608
vt 0.304789 0.090148
vt 0.304722 0.090139
vt 0.304683 0.090009
vt 0.301797 0.079169
vt 0.301803 0.078998
vt 0.294908 0.095512
vt 0.301791 0.080565
vt 0.304519 0.091469
vt 0.297294 0.090127
vt 0.297432 0.090174
vt 0.294987 0.096862
vt 0.295123 0.096874
vt 0.297388 0.088803
vt 0.304825 0.090140
vt 0.304666 0.090122
vt 0.301888 0.079151
vt 0.301762 0.079173
vt 0.301707 0.079188
vt 0.301832 0.077581
vt 0.301888 0.077673
vt 0.301859 0.077663
vt 0.301300 0.104385
vt 0.301260 0.104395
vt 0.301235 0.104380
vt 0.295604 0.093854
vt 0.295612 0.093954
vt 0.295551 0.093900
vt 0.301274 0.104396
vt 0.301325 0.104464
vt 0.301286 0.104478
vt 0.301229 0.104484
vt 0.301184 0.104454
vt 0.301165 0.104404
vt 0.301220 0.104344
vt 0.303960 0.088565
vt 0.304072 0.088570
vt 0.304048 0.088638
vt 0.303955 0.088588
vt 0.304008 0.088687
vt 0.301902 0.077670
vt 0.301880 0.077752
vt 0.301825 0.077737
vt 0.301790 0.077681
vt 0.295514 0.093856
vt 0.301234 0.104699
vt 0.297231 0.087296
vt 0.297287 0.087256
vt 0.304111 0.088546
vt 0.301930 0.077766
vt 0.295625 0.094009
vt 0.301851 0.084797
vt 0.301872 0.084795
vt 0.301894 0.084794
vt 0.301919 0.084794
vt 0.303970 0.095729
vt 0.303993 0.095732
vt 0.304019 0.095736
vt 0.297266 0.094443
vt 0.297285 0.094444
vt 0.297321 0.094444
vt 0.297335 0.094444
vt 0.295563 0.101090
vt 0.295581 0.101088
vt 0.295604 0.101085
vt 0.295535 0.083683
vt 0.295495 0.083616
vt 0.295540 0.083668
vt 0.295540 0.083632
vt 0.295469 0.083645
vt 0.320041 0.113401
vt 0.320022 0.111920
vt 0.320279 0.111936
vt 0.320033 0.115961
vt 0.319796 0.113494
vt 0.320527 0.111944
vt 0.320217 0.113530
vt 0.319217 0.094757
vt 0.318752 0.093462
vt 0.319077 0.093489
vt 0.319100 0.097725
vt 0.318873 0.095072
vt 0.319240 0.093316
vt 0.319400 0.094900
vt 0.319982 0.105904
vt 0.319949 0.107333
vt 0.319685 0.105742
vt 0.320163 0.107334
vt 0.319942 0.110092
vt 0.320262 0.105938
vt 0.320423 0.107592
vt 0.320032 0.110126
vt 0.320589 0.107428
vt 0.320466 0.105856
vt 0.320521 0.110159
vt 0.313026 0.103850
vt 0.312963 0.102558
vt 0.313163 0.102426
vt 0.313051 0.106599
vt 0.312861 0.104132
vt 0.313437 0.102533
vt 0.313325 0.104081
vt 0.319702 0.113381
vt 0.319840 0.111852
vt 0.313437 0.104171
vt 0.313299 0.106630
vt 0.322122 0.086847
vt 0.322328 0.086589
vt 0.322328 0.086945
vt 0.327208 0.095378
vt 0.327324 0.095712
vt 0.327208 0.095728
vt 0.322032 0.086671
vt 0.322104 0.086592
vt 0.334100 0.095378
vt 0.334154 0.095516
vt 0.334100 0.095604
vt 0.319767 0.110325
vt 0.319869 0.110590
vt 0.319684 0.110476
vt 0.313098 0.101054
vt 0.313103 0.101384
vt 0.312992 0.101042
vt 0.312908 0.101322
vt 0.312947 0.101049
vt 0.320567 0.104333
vt 0.320444 0.104553
vt 0.320499 0.104310
vt 0.320380 0.104211
vt 0.320233 0.104547
vt 0.320175 0.104249
vt 0.320039 0.104376
vt 0.319190 0.091722
vt 0.319400 0.091939
vt 0.319175 0.092125
vt 0.319012 0.091875
vt 0.319144 0.091723
vt 0.320104 0.110168
vt 0.320325 0.110336
vt 0.320105 0.110463
vt 0.319885 0.110159
vt 0.313238 0.101204
vt 0.320589 0.104607
vt 0.322508 0.082215
vt 0.322215 0.081281
vt 0.322490 0.081036
vt 0.322578 0.085358
vt 0.322177 0.084167
vt 0.322529 0.083983
vt 0.322746 0.082134
vt 0.322719 0.081007
vt 0.322752 0.085164
vt 0.322783 0.083918
vt 0.326026 0.097448
vt 0.325631 0.098396
vt 0.325752 0.097274
vt 0.325963 0.100294
vt 0.325573 0.101423
vt 0.325544 0.100175
vt 0.326203 0.098437
vt 0.326209 0.097333
vt 0.326209 0.100238
vt 0.325884 0.101605
vt 0.317667 0.110722
vt 0.317320 0.111525
vt 0.317392 0.110415
vt 0.317600 0.114463
vt 0.317375 0.113325
vt 0.317566 0.113538
vt 0.317879 0.112021
vt 0.317940 0.110687
vt 0.317907 0.113466
vt 0.318070 0.112230
vt 0.318145 0.110519
vt 0.318167 0.113695
vt 0.317775 0.114657
vt 0.317782 0.091392
vt 0.317574 0.090185
vt 0.317766 0.090105
vt 0.317752 0.094386
vt 0.317550 0.093354
vt 0.317720 0.092964
vt 0.317950 0.090274
vt 0.318090 0.093115
vt 0.322109 0.082732
vt 0.321988 0.081255
vt 0.318233 0.093180
vt 0.317996 0.094462
vt 0.320138 0.095586
vt 0.319896 0.095622
vt 0.319904 0.095484
vt 0.320138 0.095463
vt 0.319980 0.095701
vt 0.319931 0.095717
vt 0.320054 0.095384
vt 0.320101 0.095378
vt 0.322565 0.078623
vt 0.322296 0.078773
vt 0.322480 0.078563
vt 0.318044 0.087589
vt 0.318122 0.087783
vt 0.317977 0.087830
vt 0.317998 0.087574
vt 0.317827 0.087775
vt 0.317618 0.107932
vt 0.317643 0.108146
vt 0.317536 0.107954
vt 0.317420 0.107994
vt 0.317470 0.108275
vt 0.317330 0.108032
vt 0.317322 0.108366
vt 0.325914 0.094962
vt 0.326114 0.095280
vt 0.325997 0.095416
vt 0.325866 0.095023
vt 0.325831 0.095261
vt 0.322774 0.078754
vt 0.322605 0.078934
vt 0.322690 0.078685
vt 0.322474 0.078829
vt 0.311491 0.089722
vt 0.311322 0.090090
vt 0.311285 0.090023
vt 0.311153 0.089745
vt 0.311469 0.089519
vt 0.322703 0.085507
vt 0.325599 0.101769
vt 0.325829 0.101875
vt 0.326002 0.101891
vt 0.326079 0.101715
vt 0.317665 0.114973
vt 0.317519 0.114799
vt 0.317805 0.114979
vt 0.318048 0.114880
vt 0.317942 0.114974
vt 0.311228 0.090178
vt 0.311095 0.090069
vt 0.317792 0.094555
vt 0.317933 0.094620
vt 0.311274 0.089866
vt 0.311095 0.089843
vt 0.311631 0.089896
vt 0.311489 0.090188
vt 0.311635 0.090071
vt 0.311612 0.090112
vt 0.318233 0.091870
vt 0.318081 0.091747
vt 0.317607 0.091887
vt 0.317320 0.093101
vt 0.317433 0.091661
vt 0.317620 0.112236
vt 0.326029 0.098554
vt 0.322239 0.082858
vt 0.322216 0.080142
vt 0.321957 0.080125
vt 0.317916 0.089146
vt 0.317760 0.089079
vt 0.317569 0.089073
vt 0.317983 0.109508
vt 0.318167 0.109403
vt 0.317785 0.109626
vt 0.317376 0.109598
vt 0.326084 0.096659
vt 0.326189 0.096515
vt 0.325794 0.096509
vt 0.322534 0.080215
vt 0.322737 0.080241
vt 0.322462 0.079530
vt 0.322246 0.079468
vt 0.322779 0.079594
vt 0.326018 0.096031
vt 0.325799 0.095860
vt 0.326160 0.095874
vt 0.317677 0.108907
vt 0.317329 0.108960
vt 0.317876 0.108773
vt 0.318074 0.108706
vt 0.317825 0.088408
vt 0.317643 0.088373
vt 0.317988 0.088414
vt 0.322053 0.079395
vt 0.317826 0.108122
vt 0.322783 0.078993
vt 0.828871 0.280282
vt 0.827697 0.282128
vt 0.827697 0.280282
vt 0.828871 0.283975
vt 0.827697 0.283975
vt 0.827697 0.285821
vt 0.827697 0.272896
vt 0.828871 0.274743
vt 0.827697 0.274743
vt 0.828871 0.276589
vt 0.827697 0.276589
vt 0.828871 0.278435
vt 0.827697 0.278435
vt 0.830046 0.280282
vt 0.828871 0.282128
vt 0.830046 0.283975
vt 0.828871 0.285821
vt 0.830046 0.272896
vt 0.828871 0.272896
vt 0.830046 0.274743
vt 0.830046 0.278435
vt 0.831221 0.280282
vt 0.830046 0.282128
vt 0.831221 0.282128
vt 0.831221 0.283975
vt 0.830046 0.285821
vt 0.831221 0.274743
vt 0.831221 0.276589
vt 0.830046 0.276589
vt 0.831221 0.278435
vt 0.832396 0.280282
vt 0.832396 0.283975
vt 0.832396 0.285821
vt 0.831221 0.285821
vt 0.831221 0.272896
vt 0.832396 0.274743
vt 0.832396 0.276589
vt 0.832396 0.278435
vt 0.833571 0.280282
vt 0.832396 0.282128
vt 0.833571 0.282128
vt 0.833571 0.285821
vt 0.832396 0.272896
vt 0.833571 0.274743
vt 0.833571 0.276589
vt 0.833571 0.278435
vt 0.820647 0.280282
vt 0.821822 0.282128
vt 0.820647 0.282128
vt 0.821822 0.283975
vt 0.820647 0.283975
vt 0.820647 0.285821
vt 0.821822 0.272896
vt 0.820647 0.274743
vt 0.820647 0.272896
vt 0.821822 0.274743
vt 0.820647 0.276589
vt 0.821822 0.276589
vt 0.820647 0.278435
vt 0.821822 0.280282
vt 0.822997 0.280282
vt 0.822997 0.282128
vt 0.822997 0.283975
vt 0.821822 0.285821
vt 0.822997 0.272896
vt 0.822997 0.276589
vt 0.822997 0.278435
vt 0.821822 0.278435
vt 0.824172 0.282128
vt 0.824172 0.283975
vt 0.822997 0.285821
vt 0.824172 0.272896
vt 0.822997 0.274743
vt 0.824172 0.276589
vt 0.824172 0.278435
vt 0.824172 0.280282
vt 0.825347 0.282128
vt 0.825347 0.283975
vt 0.824172 0.285821
vt 0.825347 0.272896
vt 0.824172 0.274743
vt 0.825347 0.274743
vt 0.825347 0.276589
vt 0.825347 0.278435
vt 0.825347 0.280282
vt 0.826522 0.282128
vt 0.826522 0.283975
vt 0.826522 0.285821
vt 0.825347 0.285821
vt 0.826522 0.274743
vt 0.826522 0.276589
vt 0.826522 0.278435
vt 0.826522 0.280282
vt 0.826522 0.272896
vt 0.310218 0.127879
vt 0.309371 0.127274
vt 0.309483 0.126940
vt 0.312346 0.129382
vt 0.311244 0.129092
vt 0.311300 0.128642
vt 0.310373 0.127762
vt 0.309620 0.126844
vt 0.316436 0.115311
vt 0.316190 0.114343
vt 0.316420 0.114337
vt 0.316767 0.112266
vt 0.316461 0.113185
vt 0.316471 0.112195
vt 0.316927 0.114426
vt 0.317009 0.113011
vt 0.316895 0.112083
vt 0.317178 0.114299
vt 0.316890 0.115509
vt 0.307688 0.127435
vt 0.306853 0.127870
vt 0.307548 0.126999
vt 0.305329 0.129719
vt 0.305823 0.128884
vt 0.305774 0.129289
vt 0.307290 0.128500
vt 0.307929 0.127520
vt 0.306087 0.129554
vt 0.311512 0.122214
vt 0.311144 0.120887
vt 0.311267 0.120715
vt 0.312035 0.123721
vt 0.311872 0.124329
vt 0.311589 0.123475
vt 0.311668 0.121707
vt 0.311444 0.120603
vt 0.312501 0.124487
vt 0.312104 0.123275
vt 0.311651 0.120739
vt 0.312540 0.123195
vt 0.309932 0.128488
vt 0.309091 0.127405
vt 0.312103 0.129972
vt 0.311045 0.129244
vt 0.314403 0.130128
vt 0.314161 0.130171
vt 0.314167 0.130031
vt 0.314401 0.130006
vt 0.314247 0.130246
vt 0.314194 0.130274
vt 0.314315 0.129931
vt 0.314363 0.129923
vt 0.309017 0.124516
vt 0.308772 0.124701
vt 0.308891 0.124476
vt 0.311538 0.118009
vt 0.311649 0.118143
vt 0.311517 0.118165
vt 0.311492 0.117991
vt 0.311364 0.118115
vt 0.308161 0.124476
vt 0.308241 0.124711
vt 0.308101 0.124492
vt 0.307993 0.124518
vt 0.308062 0.124818
vt 0.307873 0.124536
vt 0.307873 0.124879
vt 0.307823 0.124549
vt 0.307793 0.125005
vt 0.307794 0.124607
vt 0.307740 0.124839
vt 0.327615 0.130068
vt 0.327786 0.129922
vt 0.327707 0.130106
vt 0.309137 0.124564
vt 0.309006 0.124721
vt 0.316175 0.115563
vt 0.316531 0.116569
vt 0.316339 0.116578
vt 0.312371 0.124709
vt 0.312097 0.125014
vt 0.304761 0.129868
vt 0.304410 0.130558
vt 0.304275 0.130762
vt 0.312011 0.130136
vt 0.312568 0.130733
vt 0.312419 0.130776
vt 0.312568 0.125018
vt 0.312398 0.125250
vt 0.313068 0.130512
vt 0.305227 0.130120
vt 0.317172 0.115624
vt 0.316931 0.116452
vt 0.312889 0.124396
vt 0.310157 0.128553
vt 0.311971 0.122063
vt 0.311294 0.122037
vt 0.307020 0.128656
vt 0.316876 0.113160
vt 0.311364 0.128449
vt 0.308920 0.126246
vt 0.308600 0.126364
vt 0.311502 0.119592
vt 0.311342 0.119540
vt 0.311152 0.119556
vt 0.311031 0.119677
vt 0.308231 0.126469
vt 0.308438 0.126420
vt 0.307787 0.126245
vt 0.307705 0.126234
vt 0.316671 0.111713
vt 0.316416 0.111764
vt 0.309251 0.126194
vt 0.309415 0.126041
vt 0.309058 0.125425
vt 0.308851 0.125388
vt 0.309353 0.125451
vt 0.310911 0.130403
vt 0.311049 0.130218
vt 0.311040 0.130648
vt 0.307720 0.125617
vt 0.307817 0.125473
vt 0.308240 0.125488
vt 0.308438 0.125379
vt 0.308592 0.126356
vt 0.308591 0.125329
vt 0.311229 0.118611
vt 0.311414 0.118644
vt 0.311567 0.118668
vt 0.308592 0.125355
vt 0.308387 0.124705
vt 0.323209 0.129941
vt 0.323043 0.130190
vt 0.323043 0.129922
vt 0.309258 0.124859
vt 0.309124 0.124813
vt 0.313285 0.131571
vt 0.312780 0.131601
vt 0.303937 0.131585
vt 0.304153 0.130579
vt 0.304877 0.130983
vt 0.304430 0.131452
vt 0.304704 0.130645
vt 0.312638 0.131589
vt 0.303689 0.131404
vt 0.303971 0.130278
vt 0.304173 0.131236
vt 0.312896 0.125147
vt 0.312588 0.125793
vt 0.323967 0.125207
vt 0.323494 0.124771
vt 0.323712 0.124510
vt 0.304097 0.131692
vt 0.312401 0.125987
vt 0.323436 0.123427
vt 0.323669 0.123227
vt 0.312869 0.125979
vt 0.312323 0.126317
vt 0.304529 0.132249
vt 0.323251 0.124428
vt 0.312254 0.132471
vt 0.312158 0.132390
vt 0.304694 0.131707
vt 0.304824 0.132285
vt 0.323104 0.124215
vt 0.323259 0.123234
vt 0.312640 0.132692
vt 0.312085 0.126364
vt 0.304698 0.132621
vt 0.311974 0.126806
vt 0.311676 0.126983
vt 0.311848 0.133657
vt 0.311462 0.133436
vt 0.305083 0.133420
vt 0.304537 0.132637
vt 0.305241 0.132345
vt 0.305914 0.133572
vt 0.311382 0.133368
vt 0.323490 0.122178
vt 0.305330 0.133199
vt 0.311474 0.132994
vt 0.312083 0.132193
vt 0.323722 0.121978
vt 0.305499 0.133571
vt 0.312081 0.127105
vt 0.311287 0.127682
vt 0.306410 0.134329
vt 0.323273 0.122278
vt 0.323591 0.120618
vt 0.310412 0.134570
vt 0.310345 0.134513
vt 0.310641 0.129345
vt 0.311003 0.128741
vt 0.311022 0.129306
vt 0.306418 0.134696
vt 0.311028 0.134722
vt 0.311031 0.127698
vt 0.306570 0.134680
vt 0.323753 0.120631
vt 0.309310 0.136213
vt 0.308991 0.135941
vt 0.307801 0.135724
vt 0.308023 0.136039
vt 0.310712 0.128527
vt 0.310594 0.127726
vt 0.310737 0.127597
vt 0.307877 0.136089
vt 0.311088 0.127765
vt 0.307643 0.136158
vt 0.306176 0.134710
vt 0.308917 0.135849
vt 0.323738 0.118557
vt 0.323967 0.118393
vt 0.306670 0.134182
vt 0.308883 0.135648
vt 0.310269 0.134479
vt 0.309095 0.136212
vt 0.308592 0.136176
vt 0.308845 0.135916
vt 0.309551 0.136172
vt 0.308993 0.136558
vt 0.308203 0.136535
vt 0.308378 0.136431
vt 0.308447 0.136322
vt 0.308475 0.136284
vt 0.308352 0.135945
vt 0.308081 0.135707
vt 0.308402 0.135734
vt 0.308592 0.136145
vt 0.301250 0.130168
vt 0.301068 0.130127
vt 0.301143 0.129932
vt 0.301398 0.129923
vt 0.301398 0.130305
vt 0.308608 0.136244
vt 0.308637 0.136280
vt 0.299739 0.130031
vt 0.299578 0.130345
vt 0.299693 0.129922
vt 0.299482 0.130179
vt 0.299479 0.130130
vt 0.301681 0.130321
vt 0.301827 0.129922
vt 0.302067 0.130321
vt 0.829201 0.281662
vt 0.827278 0.284684
vt 0.827278 0.281662
vt 0.829201 0.287706
vt 0.827278 0.287706
vt 0.827278 0.290728
vt 0.827278 0.269574
vt 0.829201 0.272596
vt 0.827278 0.272596
vt 0.827278 0.275618
vt 0.829201 0.275618
vt 0.827278 0.278640
vt 0.831124 0.281662
vt 0.829201 0.284684
vt 0.831124 0.284684
vt 0.831124 0.287706
vt 0.829201 0.290728
vt 0.831124 0.269574
vt 0.829201 0.269574
vt 0.831124 0.275618
vt 0.831124 0.278640
vt 0.829201 0.278640
vt 0.833047 0.281662
vt 0.833047 0.284684
vt 0.833047 0.290728
vt 0.831124 0.290728
vt 0.833047 0.272596
vt 0.831124 0.272596
vt 0.833047 0.275618
vt 0.834970 0.281662
vt 0.834970 0.284684
vt 0.833047 0.287706
vt 0.834970 0.290728
vt 0.833047 0.269574
vt 0.834970 0.272596
vt 0.834970 0.275618
vt 0.833047 0.278640
vt 0.834970 0.278640
vt 0.836893 0.281662
vt 0.836893 0.287706
vt 0.834970 0.287706
vt 0.836893 0.290728
vt 0.834970 0.269574
vt 0.836893 0.272596
vt 0.836893 0.275618
vt 0.836893 0.278640
vt 0.815739 0.281662
vt 0.817662 0.284684
vt 0.815739 0.284684
vt 0.817662 0.287706
vt 0.815739 0.287706
vt 0.815739 0.290728
vt 0.817662 0.269574
vt 0.815739 0.272596
vt 0.815739 0.269574
vt 0.817662 0.275618
vt 0.815739 0.275618
vt 0.815739 0.278640
vt 0.817662 0.278640
vt 0.817662 0.281662
vt 0.819585 0.284684
vt 0.819585 0.287706
vt 0.817662 0.290728
vt 0.819585 0.269574
vt 0.817662 0.272596
vt 0.819585 0.275618
vt 0.819585 0.278640
vt 0.819585 0.281662
vt 0.821509 0.284684
vt 0.821509 0.287706
vt 0.819585 0.290728
vt 0.821509 0.269574
vt 0.819585 0.272596
vt 0.821509 0.275618
vt 0.821509 0.281662
vt 0.823432 0.284684
vt 0.823432 0.287706
vt 0.821509 0.290728
vt 0.823432 0.269574
vt 0.821509 0.272596
vt 0.823432 0.272596
vt 0.823432 0.278640
vt 0.821509 0.278640
vt 0.823432 0.281662
vt 0.825355 0.284684
vt 0.825355 0.287706
vt 0.825355 0.290728
vt 0.823432 0.290728
vt 0.825355 0.272596
vt 0.823432 0.275618
vt 0.825355 0.275618
vt 0.825355 0.281662
vt 0.825355 0.269574
vt 0.825355 0.278640
vt 0.572393 0.382881
vt 0.567333 0.386052
vt 0.567333 0.382881
vt 0.567333 0.389224
vt 0.572393 0.392395
vt 0.567333 0.392395
vt 0.567333 0.395567
vt 0.572393 0.398738
vt 0.567333 0.398738
vt 0.567333 0.401910
vt 0.572393 0.405081
vt 0.567332 0.405081
vt 0.559057 0.392395
vt 0.552390 0.392395
vt 0.579060 0.395567
vt 0.579403 0.395734
vt 0.579060 0.395793
vt 0.579403 0.395399
vt 0.579060 0.395340
vt 0.559057 0.389224
vt 0.572393 0.395567
vt 0.572393 0.379709
vt 0.567332 0.379709
vt 0.559057 0.382881
vt 0.559057 0.386052
vt 0.578718 0.395399
vt 0.578588 0.395567
vt 0.578718 0.395734
vt 0.572393 0.401910
vt 0.572393 0.389224
vt 0.580043 0.395094
vt 0.585728 0.395567
vt 0.580326 0.395567
vt 0.579060 0.394962
vt 0.579060 0.392395
vt 0.577794 0.395567
vt 0.580043 0.396039
vt 0.579060 0.398738
vt 0.579060 0.396171
vt 0.585728 0.398738
vt 0.578077 0.395094
vt 0.585728 0.392395
vt 0.578077 0.396039
vt 0.579532 0.395567
vt 0.559057 0.398738
vt 0.559057 0.401910
vt 0.559057 0.379709
vt 0.559057 0.395567
vt 0.559057 0.405081
vt 0.552390 0.395567
vt 0.552390 0.398738
vt 0.545722 0.392395
vt 0.545722 0.395567
vt 0.545722 0.398738
vt 0.828475 0.275922
vt 0.827300 0.277768
vt 0.827300 0.275922
vt 0.828475 0.277768
vt 0.827300 0.279615
vt 0.828475 0.279615
vt 0.827300 0.281461
vt 0.827300 0.268536
vt 0.828475 0.270383
vt 0.827300 0.270383
vt 0.828475 0.272229
vt 0.827300 0.272229
vt 0.828475 0.274076
vt 0.827300 0.274076
vt 0.829650 0.275922
vt 0.829650 0.277768
vt 0.829650 0.279615
vt 0.828475 0.281461
vt 0.829650 0.268536
vt 0.828475 0.268536
vt 0.829650 0.272229
vt 0.829650 0.274076
vt 0.830825 0.277768
vt 0.830825 0.279615
vt 0.830825 0.281461
vt 0.829650 0.281461
vt 0.830825 0.268536
vt 0.829650 0.270383
vt 0.830825 0.270383
vt 0.830825 0.272229
vt 0.830825 0.275922
vt 0.832000 0.275922
vt 0.832000 0.279615
vt 0.832000 0.281461
vt 0.832000 0.270383
vt 0.832000 0.272229
vt 0.830825 0.274076
vt 0.832000 0.274076
vt 0.833175 0.275922
vt 0.832000 0.277768
vt 0.833175 0.279615
vt 0.833175 0.281461
vt 0.832000 0.268536
vt 0.833175 0.270383
vt 0.833175 0.272229
vt 0.833175 0.274076
vt 0.820250 0.275922
vt 0.821425 0.277768
vt 0.820250 0.277768
vt 0.820250 0.279615
vt 0.821425 0.279615
vt 0.820250 0.281461
vt 0.821425 0.268536
vt 0.820250 0.270383
vt 0.820250 0.268536
vt 0.821425 0.272229
vt 0.820250 0.272229
vt 0.821425 0.274076
vt 0.820250 0.274076
vt 0.821425 0.275922
vt 0.822600 0.275922
vt 0.822600 0.277768
vt 0.822600 0.279615
vt 0.821425 0.281461
vt 0.822600 0.268536
vt 0.821425 0.270383
vt 0.822600 0.272229
vt 0.822600 0.274076
vt 0.823775 0.277768
vt 0.823775 0.279615
vt 0.822600 0.281461
vt 0.823775 0.268536
vt 0.822600 0.270383
vt 0.823775 0.272229
vt 0.823775 0.274076
vt 0.823775 0.275922
vt 0.824950 0.277768
vt 0.824950 0.279615
vt 0.824950 0.281461
vt 0.823775 0.281461
vt 0.824950 0.270383
vt 0.823775 0.270383
vt 0.824950 0.272229
vt 0.824950 0.274076
vt 0.826125 0.275922
vt 0.824950 0.275922
vt 0.826125 0.279615
vt 0.826125 0.281461
vt 0.824950 0.268536
vt 0.826125 0.270383
vt 0.826125 0.272229
vt 0.826125 0.274076
vt 0.826125 0.277768
vt 0.826125 0.268536
vt 0.572393 0.312347
vt 0.567333 0.315518
vt 0.567333 0.312347
vt 0.567333 0.318690
vt 0.572393 0.321861
vt 0.567333 0.321861
vt 0.567333 0.325033
vt 0.572393 0.328204
vt 0.567333 0.328204
vt 0.567333 0.331376
vt 0.572393 0.334547
vt 0.567332 0.334547
vt 0.559057 0.321861
vt 0.552390 0.321861
vt 0.579060 0.325033
vt 0.579403 0.325200
vt 0.579060 0.325259
vt 0.579403 0.324865
vt 0.579060 0.324806
vt 0.559057 0.318690
vt 0.572393 0.325033
vt 0.572393 0.309175
vt 0.567332 0.309175
vt 0.559057 0.312347
vt 0.559057 0.315518
vt 0.578718 0.324865
vt 0.578588 0.325033
vt 0.578718 0.325200
vt 0.572393 0.331376
vt 0.572393 0.318690
vt 0.580043 0.324560
vt 0.585728 0.325033
vt 0.580326 0.325033
vt 0.579060 0.324428
vt 0.579060 0.321861
vt 0.577794 0.325033
vt 0.580043 0.325505
vt 0.579060 0.328204
vt 0.579060 0.325637
vt 0.585728 0.328204
vt 0.578077 0.324560
vt 0.585728 0.321861
vt 0.578077 0.325505
vt 0.579532 0.325033
vt 0.559057 0.328204
vt 0.559057 0.331376
vt 0.559057 0.309175
vt 0.559057 0.325033
vt 0.559057 0.334547
vt 0.552390 0.325033
vt 0.552390 0.328204
vt 0.545722 0.321861
vt 0.545722 0.325033
vt 0.545722 0.328204
vt 0.841279 0.368224
vt 0.301821 0.084433
vt 0.303955 0.095631
vt 0.295525 0.101002
vt 0.304790 0.089887
vt 0.297270 0.088801
vt 0.294955 0.095494
vt 0.301894 0.077572
vt 0.295646 0.093897
vt 0.304001 0.088512
vt 0.301165 0.104737
vt 0.301816 0.084703
vt 0.297231 0.094349
vt 0.295472 0.083620
vt 0.295521 0.083613
vt 0.319684 0.116042
vt 0.320243 0.115963
vt 0.318793 0.097507
vt 0.319322 0.097665
vt 0.320272 0.109980
vt 0.312910 0.106851
vt 0.313376 0.106723
vt 0.327387 0.095493
vt 0.322024 0.086720
vt 0.334158 0.095467
vt 0.319322 0.091815
vt 0.320194 0.110169
vt 0.322220 0.085447
vt 0.317645 0.094529
vt 0.318077 0.094453
vt 0.320059 0.095682
vt 0.319984 0.095381
vt 0.318116 0.087563
vt 0.325992 0.094942
vt 0.311628 0.089638
vt 0.322552 0.085528
vt 0.317633 0.114971
vt 0.311252 0.089904
vt 0.833571 0.283975
vt 0.833571 0.272896
vt 0.314326 0.130224
vt 0.314248 0.129923
vt 0.311607 0.117988
vt 0.327608 0.129922
vt 0.317178 0.116371
vt 0.307380 0.127032
vt 0.310911 0.129923
vt 0.323264 0.130210
vt 0.323764 0.125461
vt 0.312521 0.126522
vt 0.323152 0.123119
vt 0.305955 0.133317
vt 0.311491 0.127739
vt 0.323424 0.120437
vt 0.310594 0.128778
vt 0.301234 0.130406
vt 0.299739 0.130569
vt 0.301781 0.129924
vt 0.836893 0.284684
vt 0.836893 0.269574
vt 0.572393 0.386052
vt 0.833175 0.277768
vt 0.833175 0.268536
vt 0.572393 0.315518
s 0
g crutch_Material
usemtl Material
f 8/1/1 2/2/1 1/3/1
f 9/4/2 3/5/2 2/2/2
f 10/6/3 4/7/3 3/5/3
f 4/8/4 12/9/4 5/10/4
f 5/10/5 13/11/5 6/12/5
f 6/12/6 14/13/6 7/14/6
f 7/14/7 8/1/7 1/3/7
f 15/15/8 9/4/8 8/1/8
f 16/16/9 10/6/9 9/4/9
f 17/17/10 11/18/10 10/6/10
f 18/19/11 12/9/11 11/20/11
f 12/9/12 20/21/12 13/11/12
f 13/11/13 21/22/13 14/13/13
f 14/13/14 15/15/14 8/1/14
f 15/15/15 23/23/15 16/16/15
f 16/16/16 24/24/16 17/17/16
f 17/17/17 25/25/17 18/26/17
f 25/27/18 19/28/18 18/19/18
f 26/29/19 20/21/19 19/28/19
f 27/30/20 21/22/20 20/21/20
f 21/22/21 22/31/21 15/15/21
f 29/32/22 23/23/22 22/31/22
f 23/23/23 31/33/23 24/24/23
f 24/24/24 32/34/24 25/25/24
f 25/27/25 33/35/25 26/29/25
f 33/35/26 27/30/26 26/29/26
f 34/36/27 28/37/27 27/30/27
f 35/38/28 22/31/28 28/37/28
f 36/39/29 30/40/29 29/32/29
f 30/40/30 38/41/30 31/33/30
f 31/33/31 39/42/31 32/34/31
f 32/43/32 40/44/32 33/35/32
f 40/44/33 34/36/33 33/35/33
f 41/45/34 35/38/34 34/36/34
f 42/46/35 29/32/35 35/38/35
f 36/47/36 44/48/36 37/49/36
f 37/49/37 45/50/37 38/51/37
f 45/50/38 39/52/38 38/51/38
f 39/53/39 47/54/39 40/55/39
f 47/54/40 41/56/40 40/55/40
f 48/57/41 42/58/41 41/56/41
f 42/58/42 43/59/42 36/47/42
f 50/60/43 44/48/43 43/59/43
f 51/61/44 45/50/44 44/48/44
f 52/62/45 46/63/45 45/50/45
f 53/64/46 47/54/46 46/65/46
f 47/54/47 55/66/47 48/57/47
f 48/57/48 56/67/48 49/68/48
f 49/68/49 50/60/49 43/59/49
f 50/60/50 58/69/50 51/61/50
f 58/69/51 52/62/51 51/61/51
f 59/70/52 53/71/52 52/62/52
f 60/72/53 54/73/53 53/64/53
f 61/74/54 55/66/54 54/73/54
f 55/66/55 63/75/55 56/67/55
f 56/67/56 57/76/56 50/60/56
f 57/76/57 65/77/57 58/69/57
f 65/77/58 59/70/58 58/69/58
f 59/70/59 67/78/59 60/79/59
f 60/72/60 68/80/60 61/74/60
f 61/74/61 69/81/61 62/82/61
f 69/81/62 63/75/62 62/82/62
f 70/83/63 57/76/63 63/75/63
f 71/84/64 65/77/64 64/85/64
f 65/77/65 73/86/65 66/87/65
f 66/87/66 74/88/66 67/78/66
f 67/89/67 75/90/67 68/80/67
f 75/90/68 69/81/68 68/80/68
f 76/91/69 70/83/69 69/81/69
f 77/92/70 64/85/70 70/83/70
f 1/3/71 72/93/71 71/84/71
f 72/93/72 3/5/72 73/86/72
f 73/86/73 4/7/73 74/88/73
f 74/94/74 5/10/74 75/90/74
f 75/90/75 6/12/75 76/91/75
f 6/12/76 77/92/76 76/91/76
f 7/14/77 71/84/77 77/92/77
f 85/1/78 79/2/78 78/3/78
f 79/2/79 87/6/79 80/5/79
f 87/6/80 81/7/80 80/5/80
f 81/8/81 89/9/81 82/10/81
f 82/10/82 90/11/82 83/12/82
f 83/12/83 91/13/83 84/14/83
f 84/14/84 85/1/84 78/3/84
f 92/15/85 86/4/85 85/1/85
f 86/4/86 94/17/86 87/6/86
f 94/17/87 88/18/87 87/6/87
f 95/19/88 89/9/88 88/20/88
f 96/28/89 90/11/89 89/9/89
f 90/11/90 98/22/90 91/13/90
f 91/13/91 92/15/91 85/1/91
f 99/31/92 93/16/92 92/15/92
f 100/23/93 94/17/93 93/16/93
f 101/24/94 95/26/94 94/17/94
f 95/19/95 103/29/95 96/28/95
f 96/28/96 104/30/96 97/21/96
f 97/21/97 105/37/97 98/22/97
f 98/22/98 99/31/98 92/15/98
f 106/32/99 100/23/99 99/31/99
f 100/23/100 108/33/100 101/24/100
f 101/24/101 109/34/101 102/25/101
f 102/27/102 110/35/102 103/29/102
f 103/29/103 111/36/103 104/30/103
f 111/36/104 105/37/104 104/30/104
f 112/38/105 99/31/105 105/37/105
f 113/39/106 107/40/106 106/32/106
f 107/40/107 115/41/107 108/33/107
f 108/33/108 116/42/108 109/34/108
f 116/95/109 110/35/109 109/43/109
f 117/44/110 111/36/110 110/35/110
f 118/45/111 112/38/111 111/36/111
f 119/46/112 106/32/112 112/38/112
f 113/47/113 121/48/113 114/49/113
f 114/49/114 122/50/114 115/51/114
f 122/50/115 116/52/115 115/51/115
f 123/65/116 117/55/116 116/53/116
f 124/54/117 118/56/117 117/55/117
f 125/57/118 119/58/118 118/56/118
f 119/58/119 120/59/119 113/47/119
f 127/60/120 121/48/120 120/59/120
f 128/61/121 122/50/121 121/48/121
f 129/62/122 123/63/122 122/50/122
f 130/64/123 124/54/123 123/65/123
f 124/54/124 132/66/124 125/57/124
f 125/57/125 133/67/125 126/68/125
f 126/68/126 127/60/126 120/59/126
f 127/60/127 135/69/127 128/61/127
f 135/69/128 129/62/128 128/61/128
f 136/70/129 130/71/129 129/62/129
f 137/72/130 131/73/130 130/64/130
f 131/73/131 139/82/131 132/66/131
f 132/66/132 140/75/132 133/67/132
f 133/67/133 134/76/133 127/60/133
f 134/76/134 142/77/134 135/69/134
f 135/69/135 143/87/135 136/70/135
f 143/87/136 137/79/136 136/70/136
f 144/89/137 138/74/137 137/72/137
f 145/80/138 139/82/138 138/74/138
f 146/81/139 140/75/139 139/82/139
f 147/83/140 134/76/140 140/75/140
f 141/85/141 149/93/141 142/77/141
f 142/77/142 150/86/142 143/87/142
f 143/87/143 151/88/143 144/78/143
f 144/89/144 152/90/144 145/80/144
f 152/90/145 146/81/145 145/80/145
f 153/91/146 147/83/146 146/81/146
f 154/92/147 141/85/147 147/83/147
f 148/84/148 79/2/148 149/93/148
f 149/93/149 80/5/149 150/86/149
f 150/86/150 81/7/150 151/88/150
f 151/94/151 82/10/151 152/90/151
f 82/10/152 153/91/152 152/90/152
f 83/12/153 154/92/153 153/91/153
f 84/14/154 148/84/154 154/92/154
f 194/96/155 165/97/155 193/98/155
f 193/98/156 167/99/156 192/100/156
f 167/101/157 191/102/157 192/103/157
f 191/102/158 169/104/158 190/105/158
f 169/106/159 189/107/159 190/108/159
f 170/109/160 188/110/160 189/107/160
f 171/111/161 187/112/161 188/110/161
f 187/113/162 173/114/162 186/115/162
f 173/114/163 185/116/163 186/115/163
f 185/117/164 166/118/164 194/96/164
f 237/119/165 215/120/165 212/121/165
f 215/120/166 239/122/166 218/123/166
f 206/124/167 236/125/167 209/126/167
f 209/126/168 237/127/168 212/128/168
f 204/129/169 165/97/169 166/118/169
f 196/130/170 165/97/170 195/131/170
f 196/132/171 168/133/171 167/101/171
f 198/134/172 168/133/172 197/135/172
f 199/136/173 169/106/173 198/137/173
f 200/138/174 170/109/174 199/136/174
f 200/138/175 172/139/175 171/111/175
f 201/140/176 173/114/176 172/141/176
f 202/142/177 174/143/177 173/114/177
f 203/144/178 166/118/178 174/145/178
f 251/146/179 187/112/179 252/147/179
f 189/107/180 251/146/180 250/148/180
f 249/149/181 189/107/181 250/148/181
f 248/150/182 190/105/182 249/151/182
f 192/103/183 248/150/183 247/152/183
f 246/153/184 192/100/184 247/154/184
f 245/155/185 193/98/185 246/153/185
f 254/156/186 194/157/186 245/158/186
f 186/115/187 254/156/187 253/159/187
f 184/160/188 176/161/188 175/162/188
f 252/163/189 186/115/189 253/159/189
f 286/164/190 204/129/190 203/144/190
f 286/165/191 202/142/191 287/166/191
f 288/167/192 202/142/192 201/140/192
f 289/168/193 201/169/193 200/138/193
f 289/168/194 199/136/194 290/170/194
f 291/171/195 199/136/195 198/137/195
f 291/172/196 197/135/196 292/173/196
f 292/173/197 196/132/197 293/174/197
f 294/175/198 196/130/198 195/131/198
f 285/176/199 195/131/199 204/129/199
f 234/177/200 284/178/200 283/179/200
f 233/180/201 205/181/201 234/177/201
f 264/182/202 207/183/202 257/184/202
f 282/185/203 234/186/203 283/187/203
f 231/188/204 233/189/204 234/186/204
f 229/190/205 264/182/205 263/191/205
f 228/192/206 282/185/206 281/193/206
f 227/194/207 231/188/207 228/192/207
f 226/195/208 263/191/208 262/196/208
f 280/197/209 228/198/209 281/199/209
f 224/200/210 228/198/210 225/201/210
f 261/202/211 226/203/211 262/204/211
f 279/205/212 225/201/212 280/197/212
f 222/206/213 224/200/213 225/201/213
f 220/207/214 261/202/214 260/208/214
f 278/209/215 222/206/215 279/205/215
f 219/210/216 221/211/216 222/206/216
f 217/212/217 260/208/217 259/213/217
f 216/214/218 278/215/218 277/216/218
f 216/214/219 218/123/219 219/217/219
f 214/218/220 259/219/220 258/220/220
f 213/221/221 277/216/221 276/222/221
f 212/121/222 216/214/222 213/221/222
f 255/223/223 214/218/223 258/220/223
f 275/224/224 213/225/224 276/226/224
f 210/227/225 212/128/225 213/225/225
f 208/228/226 255/229/226 256/230/226
f 284/178/227 210/227/227 275/224/227
f 205/181/228 209/126/228 210/227/228
f 257/231/229 208/228/229 256/230/229
f 161/232/230 155/233/230 160/234/230
f 239/122/231 221/235/231 218/123/231
f 240/236/232 224/200/232 221/211/232
f 241/237/233 227/238/233 224/200/233
f 227/194/234 243/239/234 230/240/234
f 243/239/235 233/189/235 230/240/235
f 233/180/236 235/241/236 206/124/236
f 254/156/237 207/183/237 232/242/237
f 253/159/238 232/242/238 229/190/238
f 252/163/239 229/190/239 226/195/239
f 223/243/240 252/147/240 226/203/240
f 220/207/241 251/146/241 223/243/241
f 217/212/242 250/148/242 220/207/242
f 214/218/243 249/151/243 217/244/243
f 211/245/244 248/150/244 214/218/244
f 246/153/245 211/246/245 208/228/245
f 207/247/246 246/153/246 208/228/246
f 235/241/247 256/230/247 236/125/247
f 256/230/248 237/127/248 236/125/248
f 237/119/249 258/220/249 238/248/249
f 238/248/250 259/219/250 239/122/250
f 259/213/251 240/236/251 239/249/251
f 260/208/252 241/237/252 240/236/252
f 241/237/253 262/204/253 242/250/253
f 262/196/254 243/239/254 242/251/254
f 263/191/255 244/252/255 243/239/255
f 264/182/256 235/253/256 244/252/256
f 156/254/257 160/234/257 155/233/257
f 161/232/258 163/255/258 164/256/258
f 156/257/259 158/258/259 159/259/259
f 156/260/260 265/261/260 266/262/260
f 157/263/261 266/264/261 267/265/261
f 158/258/262 267/265/262 268/266/262
f 158/258/263 269/267/263 159/259/263
f 159/259/264 270/268/264 160/269/264
f 161/270/265 270/271/265 271/272/265
f 162/273/266 271/272/266 272/274/266
f 162/275/267 273/276/267 163/255/267
f 163/255/268 274/277/268 164/256/268
f 164/256/269 265/278/269 155/233/269
f 265/261/270 275/224/270 266/262/270
f 266/262/271 276/226/271 267/279/271
f 276/280/272 268/266/272 267/265/272
f 277/216/273 269/281/273 268/282/273
f 269/283/274 279/205/274 270/271/274
f 279/205/275 271/272/275 270/271/275
f 280/197/276 272/274/276 271/272/276
f 281/193/277 273/276/277 272/284/277
f 273/276/278 283/187/278 274/277/278
f 274/285/279 284/178/279 265/261/279
f 175/286/280 286/165/280 184/287/280
f 184/287/281 287/166/281 183/288/281
f 182/289/282 287/166/282 288/167/282
f 182/290/283 289/168/283 181/291/283
f 180/292/284 289/168/284 290/170/284
f 180/293/285 291/172/285 179/294/285
f 179/294/286 292/173/286 178/295/286
f 177/296/287 292/173/287 293/174/287
f 177/297/288 294/175/288 176/298/288
f 175/299/289 294/175/289 285/176/289
f 177/300/188 181/301/188 178/302/188
f 181/301/188 179/303/188 178/302/188
f 183/304/188 177/300/188 176/161/188
f 324/305/290 344/306/290 343/307/290
f 323/308/291 305/309/291 324/305/291
f 342/310/292 324/305/292 343/307/292
f 322/311/293 323/308/293 324/305/293
f 320/312/294 342/313/294 341/314/294
f 319/315/295 322/316/295 320/312/295
f 340/317/296 320/312/296 341/314/296
f 318/318/297 319/315/297 320/312/297
f 339/319/298 318/320/298 340/321/298
f 316/322/299 317/323/299 318/320/299
f 338/324/300 316/322/300 339/319/300
f 314/325/301 315/326/301 316/322/301
f 312/327/302 338/324/302 337/328/302
f 311/329/303 314/325/303 312/327/303
f 310/330/304 337/331/304 336/332/304
f 309/333/305 312/334/305 310/330/305
f 335/335/306 310/330/306 336/332/306
f 308/336/307 309/333/307 310/330/307
f 344/306/308 308/337/308 335/338/308
f 305/339/309 307/340/309 308/336/309
f 301/341/310 295/342/310 300/343/310
f 295/344/311 299/345/311 300/346/311
f 301/341/312 303/347/312 304/348/312
f 296/349/313 298/350/313 299/351/313
f 296/352/314 325/353/314 326/354/314
f 296/355/315 327/356/315 297/357/315
f 297/357/316 328/358/316 298/359/316
f 298/360/317 329/361/317 299/362/317
f 300/363/318 329/361/318 330/364/318
f 301/365/319 330/364/319 331/366/319
f 302/367/320 331/368/320 332/369/320
f 302/367/321 333/370/321 303/371/321
f 304/372/322 333/373/322 334/374/322
f 295/375/323 334/374/323 325/353/323
f 325/353/324 335/338/324 326/354/324
f 335/335/325 327/356/325 326/376/325
f 336/332/326 328/358/326 327/356/326
f 337/328/327 329/361/327 328/377/327
f 338/324/328 330/364/328 329/361/328
f 330/364/329 340/321/329 331/366/329
f 340/317/330 332/369/330 331/368/330
f 332/369/331 342/313/331 333/370/331
f 342/310/332 334/374/332 333/373/332
f 343/307/333 325/353/333 334/374/333
f 374/378/334 414/379/334 413/380/334
f 385/381/335 395/382/335 404/383/335
f 372/384/336 413/380/336 412/385/336
f 387/386/337 404/383/337 403/387/337
f 411/388/338 372/389/338 412/390/338
f 402/391/339 387/392/339 403/393/339
f 368/394/340 411/388/340 410/395/340
f 401/396/341 388/397/341 402/391/341
f 409/398/342 368/399/342 410/400/342
f 390/401/343 401/402/343 400/403/343
f 364/404/344 409/398/344 408/405/344
f 399/406/345 390/401/345 400/403/345
f 362/407/346 408/405/346 407/408/346
f 398/409/347 391/410/347 399/406/347
f 360/411/348 407/412/348 406/413/348
f 393/414/349 398/415/349 397/416/349
f 405/417/350 360/411/350 406/413/350
f 396/418/351 393/414/351 397/416/351
f 414/379/352 358/419/352 405/420/352
f 395/421/353 394/422/353 396/418/353
f 350/423/354 354/424/354 345/425/354
f 345/425/355 349/426/355 350/423/355
f 354/424/356 352/427/356 353/428/356
f 349/426/357 347/429/357 348/430/357
f 345/431/358 376/432/358 346/433/358
f 347/434/359 376/435/359 377/436/359
f 348/437/360 377/436/360 378/438/360
f 348/439/361 379/440/361 349/441/361
f 350/442/362 379/440/362 380/443/362
f 351/444/363 380/443/363 381/445/363
f 352/446/364 381/447/364 382/448/364
f 353/449/365 382/448/365 383/450/365
f 353/451/366 384/452/366 354/453/366
f 354/453/367 375/454/367 345/431/367
f 373/455/368 361/456/368 359/457/368
f 373/455/369 386/458/369 385/459/369
f 371/460/370 385/381/370 387/386/370
f 371/461/371 388/397/371 369/462/371
f 367/463/372 388/397/372 389/464/372
f 365/465/373 389/466/373 390/401/373
f 365/465/374 391/410/374 363/467/374
f 363/467/375 392/468/375 361/469/375
f 359/457/376 392/470/376 393/471/376
f 359/472/377 394/422/377 357/473/377
f 356/474/378 394/475/378 386/458/378
f 361/456/379 369/476/379 363/477/379
f 363/477/380 367/478/380 365/479/380
f 359/457/381 356/474/381 373/455/381
f 355/480/382 396/418/382 358/481/382
f 358/481/383 397/416/383 360/411/383
f 397/416/384 362/482/384 360/411/384
f 362/482/385 399/483/385 364/484/385
f 399/406/386 366/485/386 364/404/386
f 366/485/387 401/402/387 368/399/387
f 401/396/388 370/486/388 368/394/388
f 370/486/389 403/393/389 372/389/389
f 403/387/390 374/378/390 372/384/390
f 404/383/391 355/487/391 374/378/391
f 424/488/392 405/420/392 415/489/392
f 415/490/393 406/413/393 416/491/393
f 406/413/394 417/492/394 416/491/394
f 407/408/395 418/493/395 417/494/395
f 408/405/396 419/495/396 418/493/396
f 419/495/397 410/400/397 420/496/397
f 410/395/398 421/497/398 420/498/398
f 421/497/399 412/390/399 422/499/399
f 412/385/400 423/500/400 422/501/400
f 413/380/401 424/488/401 423/500/401
f 433/502/402 424/488/402 434/503/402
f 432/504/403 423/500/403 433/502/403
f 431/505/404 422/499/404 432/506/404
f 420/498/405 431/505/405 430/507/405
f 429/508/406 420/496/406 430/509/406
f 418/493/407 429/508/407 428/510/407
f 417/494/408 428/510/408 427/511/408
f 426/512/409 417/492/409 427/513/409
f 425/514/410 416/491/410 426/512/410
f 434/503/411 415/489/411 425/515/411
f 434/503/412 376/432/412 375/454/412
f 425/514/413 377/436/413 376/435/413
f 377/436/414 427/513/414 378/438/414
f 378/516/415 428/510/415 379/440/415
f 428/510/416 380/443/416 379/440/416
f 429/508/417 381/445/417 380/443/417
f 430/507/418 382/448/418 381/447/418
f 382/448/419 432/506/419 383/450/419
f 383/517/420 433/502/420 384/452/420
f 384/452/421 434/503/421 375/454/421
f 442/518/422 436/519/422 435/520/422
f 436/519/423 444/521/423 437/522/423
f 444/521/424 438/523/424 437/522/424
f 438/524/425 446/525/425 439/526/425
f 439/526/426 447/527/426 440/528/426
f 440/528/427 448/529/427 441/530/427
f 441/530/428 442/518/428 435/520/428
f 449/531/429 443/532/429 442/518/429
f 443/532/430 451/533/430 444/521/430
f 451/533/431 445/534/431 444/521/431
f 452/535/432 446/525/432 445/536/432
f 453/537/433 447/527/433 446/525/433
f 447/527/434 455/538/434 448/529/434
f 448/529/435 449/531/435 442/518/435
f 456/539/436 450/540/436 449/531/436
f 457/541/437 451/533/437 450/540/437
f 458/542/438 452/543/438 451/533/438
f 452/535/439 460/544/439 453/537/439
f 453/537/440 461/545/440 454/546/440
f 454/546/441 462/547/441 455/538/441
f 455/538/442 456/539/442 449/531/442
f 463/548/443 457/541/443 456/539/443
f 457/541/444 465/549/444 458/542/444
f 458/542/445 466/550/445 459/551/445
f 459/552/446 467/553/446 460/544/446
f 460/544/447 468/554/447 461/545/447
f 468/554/448 462/547/448 461/545/448
f 469/555/449 456/539/449 462/547/449
f 470/556/450 464/557/450 463/548/450
f 471/558/451 465/549/451 464/557/451
f 465/549/452 473/559/452 466/550/452
f 466/560/453 474/561/453 467/553/453
f 474/561/454 468/554/454 467/553/454
f 475/562/455 469/555/455 468/554/455
f 476/563/456 463/548/456 469/555/456
f 470/564/457 478/565/457 471/566/457
f 471/566/458 479/567/458 472/568/458
f 479/567/459 473/569/459 472/568/459
f 480/570/460 474/571/460 473/572/460
f 481/573/461 475/574/461 474/571/461
f 482/575/462 476/576/462 475/574/462
f 476/576/463 477/577/463 470/564/463
f 484/578/464 478/565/464 477/577/464
f 485/579/465 479/567/465 478/565/465
f 486/580/466 480/581/466 479/567/466
f 487/582/467 481/573/467 480/570/467
f 481/573/468 489/583/468 482/575/468
f 482/575/469 490/584/469 483/585/469
f 483/585/470 484/578/470 477/577/470
f 484/578/471 492/586/471 485/579/471
f 492/586/472 486/580/472 485/579/472
f 493/587/473 487/588/473 486/580/473
f 494/589/474 488/590/474 487/582/474
f 488/590/475 496/591/475 489/583/475
f 489/583/476 497/592/476 490/584/476
f 490/584/477 491/593/477 484/578/477
f 491/593/478 499/594/478 492/586/478
f 492/586/479 500/595/479 493/587/479
f 500/595/480 494/596/480 493/587/480
f 501/597/481 495/598/481 494/589/481
f 502/599/482 496/591/482 495/598/482
f 503/600/483 497/592/483 496/591/483
f 504/601/484 491/593/484 497/592/484
f 498/602/485 506/603/485 499/594/485
f 499/594/486 507/604/486 500/595/486
f 500/595/487 508/605/487 501/606/487
f 501/597/488 509/607/488 502/599/488
f 509/607/489 503/600/489 502/599/489
f 510/608/490 504/601/490 503/600/490
f 511/609/491 498/602/491 504/601/491
f 505/610/492 436/519/492 506/603/492
f 506/603/493 437/522/493 507/604/493
f 507/604/494 438/523/494 508/605/494
f 508/611/495 439/526/495 509/607/495
f 439/526/496 510/608/496 509/607/496
f 440/528/497 511/609/497 510/608/497
f 441/530/498 505/610/498 511/609/498
f 531/612/499 571/613/499 570/614/499
f 542/615/500 552/616/500 561/617/500
f 530/618/501 570/614/501 569/619/501
f 544/620/502 561/621/502 560/622/502
f 568/623/503 530/624/503 569/625/503
f 559/626/504 544/620/504 560/622/504
f 528/627/505 568/623/505 567/628/505
f 558/629/506 545/630/506 559/626/506
f 566/631/507 528/632/507 567/633/507
f 547/634/508 558/635/508 557/636/508
f 526/637/509 566/631/509 565/638/509
f 556/639/510 547/634/510 557/636/510
f 525/640/511 565/641/511 564/642/511
f 555/643/512 548/644/512 556/645/512
f 524/646/513 564/642/513 563/647/513
f 550/648/514 555/643/514 554/649/514
f 562/650/515 524/646/515 563/647/515
f 553/651/516 550/648/516 554/649/516
f 571/613/517 523/652/517 562/653/517
f 543/654/518 553/655/518 552/616/518
f 517/656/519 521/657/519 512/658/519
f 512/658/520 516/659/520 517/656/520
f 521/657/521 519/660/521 520/661/521
f 516/659/522 514/662/522 515/663/522
f 512/664/523 533/665/523 513/666/523
f 514/667/524 533/668/524 534/669/524
f 515/670/525 534/669/525 535/671/525
f 515/672/526 536/673/526 516/674/526
f 517/675/527 536/673/527 537/676/527
f 518/677/528 537/676/528 538/678/528
f 519/679/529 538/678/529 539/680/529
f 520/681/530 539/680/530 540/682/530
f 520/683/531 541/684/531 521/685/531
f 521/686/532 532/687/532 512/664/532
f 542/688/533 594/689/533 592/690/533
f 549/691/534 598/692/534 548/644/534
f 546/693/535 597/694/535 596/695/535
f 551/696/536 593/697/536 601/698/536
f 545/630/537 594/689/537 544/620/537
f 549/691/538 600/699/538 599/700/538
f 543/654/539 592/701/539 593/697/539
f 548/702/540 597/694/540 547/634/540
f 546/703/541 595/704/541 545/630/541
f 551/705/542 600/699/542 550/648/542
f 522/706/543 553/655/543 523/652/543
f 523/707/544 554/649/544 524/646/544
f 554/649/545 525/640/545 524/646/545
f 525/640/546 556/645/546 526/708/546
f 556/639/547 527/709/547 526/637/547
f 527/709/548 558/635/548 528/632/548
f 558/629/549 529/710/549 528/627/549
f 529/710/550 560/622/550 530/624/550
f 560/711/551 531/612/551 530/618/551
f 561/617/552 522/706/552 531/612/552
f 581/712/553 562/653/553 572/713/553
f 572/714/554 563/647/554 573/715/554
f 563/647/555 574/716/555 573/715/555
f 564/642/556 575/717/556 574/716/556
f 565/638/557 576/718/557 575/719/557
f 576/718/558 567/633/558 577/720/558
f 567/633/559 578/721/559 577/720/559
f 578/722/560 569/625/560 579/723/560
f 569/619/561 580/724/561 579/725/561
f 570/614/562 581/712/562 580/724/562
f 590/726/563 581/712/563 591/727/563
f 579/725/564 590/726/564 589/728/564
f 588/729/565 579/730/565 589/731/565
f 577/720/566 588/732/566 587/733/566
f 586/734/567 577/720/567 587/733/567
f 575/719/568 586/734/568 585/735/568
f 574/736/569 585/735/569 584/737/569
f 573/715/570 584/738/570 583/739/570
f 582/740/571 573/715/571 583/739/571
f 581/712/572 582/741/572 591/727/572
f 591/727/573 533/665/573 532/687/573
f 582/740/574 534/669/574 533/668/574
f 534/669/575 584/738/575 535/671/575
f 535/742/576 585/735/576 536/673/576
f 585/735/577 537/676/577 536/673/577
f 586/734/578 538/678/578 537/676/578
f 587/733/579 539/680/579 538/678/579
f 539/743/580 589/744/580 540/745/580
f 540/746/581 590/726/581 541/747/581
f 541/747/582 591/727/582 532/687/582
f 593/697/583 602/748/583 603/749/583
f 596/695/584 605/750/584 595/751/584
f 599/752/585 608/753/585 598/754/585
f 593/697/586 611/755/586 601/698/586
f 595/751/587 604/756/587 594/757/587
f 598/754/588 607/758/588 597/694/588
f 601/759/589 610/760/589 600/699/589
f 592/761/590 604/762/590 602/763/590
f 596/695/591 607/758/591 606/764/591
f 599/700/592 610/760/592 609/765/592
f 602/763/593 614/766/593 612/767/593
f 611/768/594 620/769/594 610/760/594
f 608/753/595 617/770/595 607/758/595
f 605/771/596 614/766/596 604/762/596
f 611/755/597 613/772/597 621/773/597
f 609/774/598 618/775/598 608/753/598
f 606/776/599 615/777/599 605/771/599
f 603/749/600 612/778/600 613/772/600
f 609/765/601 620/769/601 619/779/601
f 606/764/602 617/770/602 616/780/602
f 619/779/603 630/781/603 629/782/603
f 613/772/604 622/783/604 623/784/604
f 616/780/605 625/785/605 615/786/605
f 619/787/606 628/788/606 618/775/606
f 613/772/607 631/789/607 621/773/607
f 615/777/608 624/790/608 614/766/608
f 618/775/609 627/791/609 617/770/609
f 621/773/610 630/792/610 620/793/610
f 612/767/611 624/790/611 622/794/611
f 616/780/612 627/791/612 626/795/612
f 631/796/613 640/797/613 630/781/613
f 628/788/614 637/798/614 627/791/614
f 625/799/615 634/800/615 624/790/615
f 631/789/616 633/801/616 641/802/616
f 629/803/617 638/804/617 628/805/617
f 626/795/618 635/806/618 625/785/618
f 623/784/619 632/807/619 633/801/619
f 629/782/620 640/797/620 639/808/620
f 626/795/621 637/798/621 636/809/621
f 622/794/622 634/800/622 632/810/622
f 633/801/623 642/811/623 643/812/623
f 636/809/624 647/813/624 646/814/624
f 639/815/625 650/816/625 649/817/625
f 636/809/626 645/818/626 635/806/626
f 639/815/627 648/819/627 638/804/627
f 635/806/628 644/820/628 634/821/628
f 641/802/629 643/812/629 651/822/629
f 632/810/630 644/823/630 642/824/630
f 638/825/631 647/813/631 637/798/631
f 641/802/632 650/826/632 640/827/632
f 652/828/633 659/829/633 660/830/633
f 652/828/634 643/812/634 642/811/634
f 652/828/635 644/831/635 654/832/635
f 654/833/636 645/818/636 655/834/636
f 655/834/637 646/814/637 656/835/637
f 657/836/638 646/814/638 647/813/638
f 658/837/639 647/813/639 648/838/639
f 658/837/640 649/839/640 659/840/640
f 660/841/641 649/842/641 650/843/641
f 660/841/642 651/844/642 661/845/642
f 661/846/643 643/812/643 653/847/643
f 659/848/644 655/849/644 658/850/644
f 658/850/645 656/851/645 657/852/645
f 660/853/646 653/854/646 652/855/646
f 669/1/647 663/2/647 662/3/647
f 663/2/648 671/6/648 664/5/648
f 664/5/649 672/18/649 665/7/649
f 665/8/650 673/9/650 666/10/650
f 673/9/651 667/12/651 666/10/651
f 674/11/652 668/14/652 667/12/652
f 668/14/653 669/1/653 662/3/653
f 669/1/654 677/16/654 670/4/654
f 677/16/655 671/6/655 670/4/655
f 678/17/656 672/18/656 671/6/656
f 679/19/657 673/9/657 672/20/657
f 680/28/658 674/11/658 673/9/658
f 674/11/659 682/22/659 675/13/659
f 675/13/660 676/15/660 669/1/660
f 676/15/661 684/23/661 677/16/661
f 684/23/662 678/17/662 677/16/662
f 678/17/663 686/25/663 679/26/663
f 679/19/664 687/29/664 680/28/664
f 680/28/665 688/30/665 681/21/665
f 681/21/666 689/37/666 682/22/666
f 682/22/667 683/31/667 676/15/667
f 690/32/668 684/23/668 683/31/668
f 684/23/669 692/33/669 685/24/669
f 685/24/670 693/34/670 686/25/670
f 686/27/671 694/35/671 687/29/671
f 687/29/672 695/36/672 688/30/672
f 695/36/673 689/37/673 688/30/673
f 696/38/674 683/31/674 689/37/674
f 697/39/675 691/40/675 690/32/675
f 691/40/676 699/41/676 692/33/676
f 692/33/677 700/42/677 693/34/677
f 700/95/678 694/35/678 693/43/678
f 701/44/679 695/36/679 694/35/679
f 702/45/680 696/38/680 695/36/680
f 703/46/681 690/32/681 696/38/681
f 697/47/682 705/48/682 698/49/682
f 698/49/683 706/50/683 699/51/683
f 706/50/684 700/52/684 699/51/684
f 707/65/685 701/55/685 700/53/685
f 701/55/686 709/57/686 702/56/686
f 709/57/687 703/58/687 702/56/687
f 703/58/688 704/59/688 697/47/688
f 711/60/689 705/48/689 704/59/689
f 712/61/690 706/50/690 705/48/690
f 713/62/691 707/63/691 706/50/691
f 714/64/692 708/54/692 707/65/692
f 715/73/693 709/57/693 708/54/693
f 709/57/694 717/67/694 710/68/694
f 710/68/695 711/60/695 704/59/695
f 711/60/696 719/69/696 712/61/696
f 712/61/697 720/70/697 713/62/697
f 720/70/698 714/71/698 713/62/698
f 721/72/699 715/73/699 714/64/699
f 715/73/700 723/82/700 716/66/700
f 723/82/701 717/67/701 716/66/701
f 717/67/702 718/76/702 711/60/702
f 718/76/703 726/77/703 719/69/703
f 719/69/704 727/87/704 720/70/704
f 727/87/705 721/79/705 720/70/705
f 721/72/706 729/80/706 722/74/706
f 722/74/707 730/81/707 723/82/707
f 730/81/708 724/75/708 723/82/708
f 731/83/709 718/76/709 724/75/709
f 732/84/710 726/77/710 725/85/710
f 726/77/711 734/86/711 727/87/711
f 727/87/712 735/88/712 728/78/712
f 728/89/713 736/90/713 729/80/713
f 729/80/714 737/91/714 730/81/714
f 737/91/715 731/83/715 730/81/715
f 738/92/716 725/85/716 731/83/716
f 732/84/717 663/2/717 733/93/717
f 733/93/718 664/5/718 734/86/718
f 734/86/719 665/7/719 735/88/719
f 735/94/720 666/10/720 736/90/720
f 666/10/721 737/91/721 736/90/721
f 667/12/722 738/92/722 737/91/722
f 668/14/723 732/84/723 738/92/723
f 746/856/724 740/857/724 739/858/724
f 740/857/725 748/859/725 741/860/725
f 748/859/726 742/861/726 741/860/726
f 742/862/727 750/863/727 743/864/727
f 750/863/728 744/865/728 743/864/728
f 751/866/729 745/867/729 744/865/729
f 745/867/730 746/856/730 739/858/730
f 753/868/731 747/869/731 746/856/731
f 754/870/732 748/859/732 747/869/732
f 755/871/733 749/872/733 748/859/733
f 756/873/734 750/863/734 749/874/734
f 750/863/735 758/875/735 751/866/735
f 751/866/736 759/876/736 752/877/736
f 752/877/737 753/868/737 746/856/737
f 760/878/738 754/870/738 753/868/738
f 761/879/739 755/871/739 754/870/739
f 755/871/740 763/880/740 756/881/740
f 756/873/741 764/882/741 757/883/741
f 757/883/742 765/884/742 758/875/742
f 765/884/743 759/876/743 758/875/743
f 759/876/744 760/878/744 753/868/744
f 767/885/745 761/879/745 760/878/745
f 768/886/746 762/887/746 761/879/746
f 762/887/747 770/888/747 763/880/747
f 763/889/748 771/890/748 764/882/748
f 764/882/749 772/891/749 765/884/749
f 772/891/750 766/892/750 765/884/750
f 773/893/751 760/878/751 766/892/751
f 774/894/752 768/886/752 767/885/752
f 768/886/753 776/895/753 769/896/753
f 769/896/754 777/897/754 770/888/754
f 770/898/755 778/899/755 771/890/755
f 771/890/756 779/900/756 772/891/756
f 779/900/757 773/893/757 772/891/757
f 780/901/758 767/885/758 773/893/758
f 774/902/759 782/903/759 775/904/759
f 775/904/760 783/905/760 776/906/760
f 783/905/761 777/907/761 776/906/761
f 784/908/762 778/909/762 777/910/762
f 778/909/763 786/911/763 779/912/763
f 786/911/764 780/913/764 779/912/764
f 787/914/765 774/902/765 780/913/765
f 781/915/766 789/916/766 782/903/766
f 782/903/767 790/917/767 783/905/767
f 790/917/768 784/918/768 783/905/768
f 791/919/769 785/920/769 784/908/769
f 785/920/770 793/921/770 786/911/770
f 786/911/771 794/922/771 787/914/771
f 787/914/772 788/923/772 781/915/772
f 788/923/773 796/924/773 789/916/773
f 789/916/774 797/925/774 790/917/774
f 797/925/775 791/926/775 790/917/775
f 798/927/776 792/928/776 791/919/776
f 792/928/777 800/929/777 793/921/777
f 800/929/778 794/922/778 793/921/778
f 794/922/779 795/930/779 788/923/779
f 795/930/780 803/931/780 796/924/780
f 796/924/781 804/932/781 797/925/781
f 804/932/782 798/933/782 797/925/782
f 805/934/783 799/935/783 798/927/783
f 806/936/784 800/929/784 799/935/784
f 800/929/785 808/937/785 801/938/785
f 808/937/786 795/930/786 801/938/786
f 802/939/787 810/940/787 803/931/787
f 803/931/788 811/941/788 804/932/788
f 804/932/789 812/942/789 805/943/789
f 805/934/790 813/944/790 806/936/790
f 813/944/791 807/945/791 806/936/791
f 814/946/792 808/937/792 807/945/792
f 808/937/793 809/947/793 802/939/793
f 809/947/794 740/857/794 810/940/794
f 810/940/795 741/860/795 811/941/795
f 741/860/796 812/942/796 811/941/796
f 742/862/797 813/944/797 812/948/797
f 743/864/798 814/946/798 813/944/798
f 744/865/799 815/949/799 814/946/799
f 745/867/800 809/947/800 815/949/800
f 834/950/801 851/951/801 855/952/801
f 857/953/802 837/954/802 852/955/802
f 854/956/803 839/957/803 853/958/803
f 856/959/804 841/960/804 850/961/804
f 863/962/805 880/963/805 876/962/805
f 832/964/806 817/965/806 848/966/806
f 819/967/807 832/964/807 844/968/807
f 822/962/808 868/969/808 828/969/808
f 852/955/809 838/970/809 854/956/809
f 841/971/810 855/952/810 850/972/810
f 824/973/811 869/974/811 833/973/811
f 823/975/812 832/964/812 846/976/812
f 832/964/813 821/977/813 846/976/813
f 818/974/814 868/969/814 869/974/814
f 853/958/815 840/978/815 856/959/815
f 851/951/816 836/979/816 857/953/816
f 843/980/817 834/981/817 825/982/817
f 829/983/818 837/954/818 836/984/818
f 827/985/819 839/957/819 838/970/819
f 849/986/820 840/987/820 831/988/820
f 849/986/821 834/981/821 841/989/821
f 845/990/822 838/970/822 837/954/822
f 829/983/823 835/991/823 843/980/823
f 831/988/824 839/957/824 847/992/824
f 819/967/825 825/982/825 842/993/825
f 823/975/826 829/983/826 844/968/826
f 846/976/827 847/992/827 827/985/827
f 848/966/828 849/986/828 831/988/828
f 817/965/829 825/982/829 849/986/829
f 823/975/830 827/985/830 845/990/830
f 844/968/831 843/980/831 819/967/831
f 848/966/832 847/992/832 821/977/832
f 818/974/833 857/953/833 828/969/833
f 820/994/834 856/959/834 830/995/834
f 850/972/835 824/973/835 816/996/835
f 822/962/836 854/956/836 826/997/836
f 856/959/837 816/998/837 830/995/837
f 854/956/838 820/994/838 826/997/838
f 828/969/839 852/955/839 822/962/839
f 824/973/840 851/951/840 818/974/840
f 866/999/841 865/994/841 864/1000/841
f 863/962/842 866/999/842 860/963/842
f 861/1001/843 866/999/843 858/1002/843
f 866/999/844 859/1003/844 858/1002/844
f 862/997/845 875/994/845 865/994/845
f 858/1002/846 874/1001/846 861/1001/846
f 820/994/847 872/995/847 873/994/847
f 865/994/848 881/1000/848 864/1000/848
f 872/995/849 875/994/849 873/994/849
f 869/974/850 878/973/850 833/973/850
f 870/997/851 875/994/851 877/997/851
f 871/962/852 877/997/852 876/962/852
f 868/969/853 874/974/853 869/974/853
f 872/995/854 879/998/854 881/995/854
f 867/996/855 878/973/855 879/996/855
f 871/962/856 880/969/856 868/969/856
f 859/1003/857 878/1002/857 858/1002/857
f 859/1003/858 881/1000/858 879/1003/858
f 826/997/859 873/994/859 870/997/859
f 826/997/860 871/962/860 822/962/860
f 860/963/861 874/1001/861 880/963/861
f 816/998/808 872/995/808 830/995/808
f 824/973/862 867/996/862 816/996/862
f 863/962/863 877/997/863 862/997/863
f 900/950/864 917/951/864 921/952/864
f 923/953/865 903/954/865 918/955/865
f 920/956/866 905/957/866 919/958/866
f 922/959/867 907/960/867 916/961/867
f 929/962/868 946/963/868 942/962/868
f 898/964/869 883/965/869 914/966/869
f 885/967/870 898/964/870 910/968/870
f 888/962/871 934/969/871 894/969/871
f 918/955/872 904/970/872 920/956/872
f 907/971/873 921/952/873 916/972/873
f 890/973/874 935/974/874 899/973/874
f 889/975/875 898/964/875 912/976/875
f 898/964/876 887/977/876 912/976/876
f 884/974/877 934/969/877 935/974/877
f 919/958/878 906/978/878 922/959/878
f 917/951/879 902/979/879 923/953/879
f 909/980/880 900/981/880 891/982/880
f 895/983/881 903/954/881 902/984/881
f 893/985/882 905/957/882 904/970/882
f 915/986/883 906/987/883 897/988/883
f 915/986/884 900/981/884 907/989/884
f 911/990/885 904/970/885 903/954/885
f 895/983/886 901/991/886 909/980/886
f 897/988/887 905/957/887 913/992/887
f 885/967/888 891/982/888 908/993/888
f 889/975/889 895/983/889 910/968/889
f 912/976/890 913/992/890 893/985/890
f 914/966/891 915/986/891 897/988/891
f 883/965/892 891/982/892 915/986/892
f 889/975/893 893/985/893 911/990/893
f 910/968/894 909/980/894 885/967/894
f 914/966/895 913/992/895 887/977/895
f 884/974/896 923/953/896 894/969/896
f 886/994/897 922/959/897 896/995/897
f 916/972/898 890/973/898 882/996/898
f 888/962/899 920/956/899 892/997/899
f 922/959/900 882/998/900 896/995/900
f 920/956/901 886/994/901 892/997/901
f 894/969/902 918/955/902 888/962/902
f 890/973/903 917/951/903 884/974/903
f 932/999/904 931/994/904 930/1000/904
f 929/962/905 932/999/905 926/963/905
f 927/1001/906 932/999/906 924/1002/906
f 932/999/907 925/1003/907 924/1002/907
f 928/997/908 941/994/908 931/994/908
f 924/1002/909 940/1001/909 927/1001/909
f 886/994/910 938/995/910 939/994/910
f 931/994/911 947/1000/911 930/1000/911
f 938/995/912 941/994/912 939/994/912
f 935/974/913 944/973/913 899/973/913
f 936/997/914 941/994/914 943/997/914
f 937/962/915 943/997/915 942/962/915
f 934/969/916 940/974/916 935/974/916
f 938/995/917 945/998/917 947/995/917
f 933/996/918 944/973/918 945/996/918
f 937/962/919 946/969/919 934/969/919
f 925/1003/920 944/1002/920 924/1002/920
f 925/1003/921 947/1000/921 945/1003/921
f 892/997/922 939/994/922 936/997/922
f 892/997/923 937/962/923 888/962/923
f 926/963/924 940/1001/924 946/963/924
f 882/998/871 938/995/871 896/995/871
f 890/973/925 933/996/925 882/996/925
f 929/962/926 943/997/926 928/997/926
f 955/1004/927 949/1005/927 948/1006/927
f 956/1007/928 950/1008/928 949/1005/928
f 957/1009/929 951/1010/929 950/1008/929
f 951/1011/930 959/1012/930 952/1013/930
f 952/1013/931 960/1014/931 953/1015/931
f 953/1015/932 961/1016/932 954/1017/932
f 954/1017/933 955/1004/933 948/1006/933
f 962/1018/934 956/1007/934 955/1004/934
f 963/1019/935 957/1009/935 956/1007/935
f 964/1020/936 958/1021/936 957/1009/936
f 965/1022/937 959/1012/937 958/1023/937
f 959/1012/938 967/1024/938 960/1014/938
f 960/1014/939 968/1025/939 961/1016/939
f 961/1016/940 962/1018/940 955/1004/940
f 962/1018/941 970/1026/941 963/1019/941
f 963/1019/942 971/1027/942 964/1020/942
f 964/1020/943 972/1028/943 965/1029/943
f 972/1030/944 966/1031/944 965/1022/944
f 973/1032/945 967/1024/945 966/1031/945
f 974/1033/946 968/1025/946 967/1024/946
f 968/1025/947 969/1034/947 962/1018/947
f 976/1035/948 970/1026/948 969/1034/948
f 970/1026/949 978/1036/949 971/1027/949
f 971/1027/950 979/1037/950 972/1028/950
f 972/1030/951 980/1038/951 973/1032/951
f 980/1038/952 974/1033/952 973/1032/952
f 981/1039/953 975/1040/953 974/1033/953
f 982/1041/954 969/1034/954 975/1040/954
f 983/1042/955 977/1043/955 976/1035/955
f 977/1043/956 985/1044/956 978/1036/956
f 978/1036/957 986/1045/957 979/1037/957
f 979/1046/958 987/1047/958 980/1038/958
f 987/1047/959 981/1039/959 980/1038/959
f 988/1048/960 982/1041/960 981/1039/960
f 989/1049/961 976/1035/961 982/1041/961
f 983/1050/962 991/1051/962 984/1052/962
f 991/1051/963 985/1053/963 984/1052/963
f 992/1054/964 986/1055/964 985/1053/964
f 993/1056/965 987/1057/965 986/1058/965
f 987/1057/966 995/1059/966 988/1060/966
f 988/1060/967 996/1061/967 989/1062/967
f 989/1062/968 990/1063/968 983/1050/968
f 997/1064/969 991/1051/969 990/1063/969
f 998/1065/970 992/1054/970 991/1051/970
f 999/1066/971 993/1067/971 992/1054/971
f 1000/1068/972 994/1069/972 993/1056/972
f 994/1069/973 1002/1070/973 995/1059/973
f 995/1059/974 1003/1071/974 996/1061/974
f 996/1061/975 997/1064/975 990/1063/975
f 997/1064/976 1005/1072/976 998/1065/976
f 1005/1072/977 999/1066/977 998/1065/977
f 1006/1073/978 1000/1074/978 999/1066/978
f 1007/1075/979 1001/1076/979 1000/1068/979
f 1001/1076/980 1009/1077/980 1002/1070/980
f 1002/1070/981 1010/1078/981 1003/1071/981
f 1003/1071/982 1004/1079/982 997/1064/982
f 1004/1079/983 1012/1080/983 1005/1072/983
f 1005/1072/984 1013/1081/984 1006/1073/984
f 1006/1073/985 1014/1082/985 1007/1083/985
f 1007/1075/986 1015/1084/986 1008/1085/986
f 1015/1084/987 1009/1077/987 1008/1085/987
f 1016/1086/988 1010/1078/988 1009/1077/988
f 1017/1087/989 1004/1079/989 1010/1078/989
f 1018/1088/990 1012/1080/990 1011/1089/990
f 1012/1080/991 1020/1090/991 1013/1081/991
f 1013/1081/992 1021/1091/992 1014/1082/992
f 1014/1092/993 1022/1093/993 1015/1084/993
f 1022/1093/994 1016/1086/994 1015/1084/994
f 1023/1094/995 1017/1087/995 1016/1086/995
f 1024/1095/996 1011/1089/996 1017/1087/996
f 948/1006/997 1019/1096/997 1018/1088/997
f 1019/1096/998 950/1008/998 1020/1090/998
f 1020/1090/999 951/1010/999 1021/1091/999
f 1021/1097/1000 952/1013/1000 1022/1093/1000
f 952/1013/1001 1023/1094/1001 1022/1093/1001
f 953/1015/1002 1024/1095/1002 1023/1094/1002
f 954/1017/1003 1018/1088/1003 1024/1095/1003
f 1043/950/1004 1060/951/1004 1064/952/1004
f 1066/953/1005 1046/954/1005 1061/955/1005
f 1063/956/1006 1048/957/1006 1062/958/1006
f 1065/959/1007 1050/960/1007 1059/961/1007
f 1072/962/1008 1089/963/1008 1085/962/1008
f 1041/964/1009 1026/965/1009 1057/966/1009
f 1028/967/1010 1041/964/1010 1053/968/1010
f 1031/962/1011 1077/969/1011 1037/969/1011
f 1061/955/1012 1047/970/1012 1063/956/1012
f 1050/971/1013 1064/952/1013 1059/972/1013
f 1033/973/1014 1078/974/1014 1042/973/1014
f 1032/975/1015 1041/964/1015 1055/976/1015
f 1041/964/1016 1030/977/1016 1055/976/1016
f 1027/974/1017 1077/969/1017 1078/974/1017
f 1062/958/1018 1049/978/1018 1065/959/1018
f 1060/951/1019 1045/979/1019 1066/953/1019
f 1052/980/1020 1043/981/1020 1034/982/1020
f 1038/983/1021 1046/954/1021 1045/984/1021
f 1036/985/1022 1048/957/1022 1047/970/1022
f 1058/986/1023 1049/987/1023 1040/988/1023
f 1058/986/1024 1043/981/1024 1050/989/1024
f 1054/990/1025 1047/970/1025 1046/954/1025
f 1038/983/1026 1044/991/1026 1052/980/1026
f 1040/988/1027 1048/957/1027 1056/992/1027
f 1028/967/1028 1034/982/1028 1051/993/1028
f 1032/975/1029 1038/983/1029 1053/968/1029
f 1055/976/1030 1056/992/1030 1036/985/1030
f 1057/966/1031 1058/986/1031 1040/988/1031
f 1026/965/1032 1034/982/1032 1058/986/1032
f 1032/975/1033 1036/985/1033 1054/990/1033
f 1053/968/1034 1052/980/1034 1028/967/1034
f 1057/966/1035 1056/992/1035 1030/977/1035
f 1027/974/1036 1066/953/1036 1037/969/1036
f 1029/994/1037 1065/959/1037 1039/995/1037
f 1059/972/1038 1033/973/1038 1025/996/1038
f 1031/962/1039 1063/956/1039 1035/997/1039
f 1065/959/1040 1025/998/1040 1039/995/1040
f 1063/956/1041 1029/994/1041 1035/997/1041
f 1037/969/1042 1061/955/1042 1031/962/1042
f 1033/973/1043 1060/951/1043 1027/974/1043
f 1075/999/1044 1074/994/1044 1073/1000/1044
f 1072/962/1045 1075/999/1045 1069/963/1045
f 1070/1001/1046 1075/999/1046 1067/1002/1046
f 1075/999/1047 1068/1003/1047 1067/1002/1047
f 1071/997/1048 1084/994/1048 1074/994/1048
f 1067/1002/1049 1083/1001/1049 1070/1001/1049
f 1029/994/1050 1081/995/1050 1082/994/1050
f 1074/994/1051 1090/1000/1051 1073/1000/1051
f 1081/995/1052 1084/994/1052 1082/994/1052
f 1078/974/1053 1087/973/1053 1042/973/1053
f 1079/997/1054 1084/994/1054 1086/997/1054
f 1080/962/1055 1086/997/1055 1085/962/1055
f 1077/969/1056 1083/974/1056 1078/974/1056
f 1081/995/1057 1088/998/1057 1090/995/1057
f 1076/996/1058 1087/973/1058 1088/996/1058
f 1080/962/1059 1089/969/1059 1077/969/1059
f 1068/1003/1060 1087/1002/1060 1067/1002/1060
f 1068/1003/1061 1090/1000/1061 1088/1003/1061
f 1035/997/1062 1082/994/1062 1079/997/1062
f 1035/997/1063 1080/962/1063 1031/962/1063
f 1069/963/1064 1083/1001/1064 1089/963/1064
f 1025/998/1065 1081/995/1065 1039/995/1065
f 1033/973/1066 1076/996/1066 1025/996/1066
f 1072/962/1067 1086/997/1067 1071/997/1067
f 1109/1098/1068 1126/1099/1068 1130/1100/1068
f 1132/1101/1069 1112/1102/1069 1127/1103/1069
f 1129/1104/1070 1114/1105/1070 1128/1106/1070
f 1131/1107/1071 1116/1108/1071 1125/1109/1071
f 1138/1110/1072 1155/1111/1072 1151/1110/1072
f 1107/1112/1073 1092/1113/1073 1123/1114/1073
f 1094/1115/1074 1107/1112/1074 1119/1116/1074
f 1097/1110/1075 1143/1117/1075 1103/1117/1075
f 1127/1103/1076 1113/1118/1076 1129/1104/1076
f 1116/1119/1077 1130/1100/1077 1125/1120/1077
f 1099/1121/1078 1144/1122/1078 1108/1121/1078
f 1098/1123/1079 1107/1112/1079 1121/1124/1079
f 1107/1112/1080 1096/1125/1080 1121/1124/1080
f 1093/1122/1081 1143/1117/1081 1144/1122/1081
f 1128/1106/1082 1115/1126/1082 1131/1107/1082
f 1126/1099/1083 1111/1127/1083 1132/1101/1083
f 1118/1128/1084 1109/1129/1084 1100/1130/1084
f 1104/1131/1085 1112/1102/1085 1111/1132/1085
f 1102/1133/1086 1114/1105/1086 1113/1118/1086
f 1124/1134/1087 1115/1135/1087 1106/1136/1087
f 1124/1134/1088 1109/1129/1088 1116/1137/1088
f 1120/1138/1089 1113/1118/1089 1112/1102/1089
f 1104/1131/1090 1110/1139/1090 1118/1128/1090
f 1106/1136/1091 1114/1105/1091 1122/1140/1091
f 1094/1115/1092 1100/1130/1092 1117/1141/1092
f 1098/1123/1093 1104/1131/1093 1119/1116/1093
f 1121/1124/1094 1122/1140/1094 1102/1133/1094
f 1123/1114/1095 1124/1134/1095 1106/1136/1095
f 1092/1113/1096 1100/1130/1096 1124/1134/1096
f 1098/1123/1097 1102/1133/1097 1120/1138/1097
f 1119/1116/1098 1118/1128/1098 1094/1115/1098
f 1123/1114/1099 1122/1140/1099 1096/1125/1099
f 1093/1122/1100 1132/1101/1100 1103/1117/1100
f 1095/1142/1101 1131/1107/1101 1105/1143/1101
f 1125/1120/1102 1099/1121/1102 1091/1144/1102
f 1097/1110/1103 1129/1104/1103 1101/1145/1103
f 1131/1107/1104 1091/1146/1104 1105/1143/1104
f 1129/1104/1105 1095/1142/1105 1101/1145/1105
f 1103/1117/1106 1127/1103/1106 1097/1110/1106
f 1099/1121/1107 1126/1099/1107 1093/1122/1107
f 1141/1147/1108 1140/1142/1108 1139/1148/1108
f 1138/1110/1109 1141/1147/1109 1135/1111/1109
f 1136/1149/1110 1141/1147/1110 1133/1150/1110
f 1141/1147/1111 1134/1151/1111 1133/1150/1111
f 1137/1145/1112 1150/1142/1112 1140/1142/1112
f 1133/1150/1113 1149/1149/1113 1136/1149/1113
f 1095/1142/1114 1147/1143/1114 1148/1142/1114
f 1140/1142/1115 1156/1148/1115 1139/1148/1115
f 1147/1143/1116 1150/1142/1116 1148/1142/1116
f 1144/1122/1117 1153/1121/1117 1108/1121/1117
f 1145/1145/1118 1150/1142/1118 1152/1145/1118
f 1146/1110/1119 1152/1145/1119 1151/1110/1119
f 1143/1117/1120 1149/1122/1120 1144/1122/1120
f 1147/1143/1121 1154/1146/1121 1156/1143/1121
f 1142/1144/1122 1153/1121/1122 1154/1144/1122
f 1146/1110/1123 1155/1117/1123 1143/1117/1123
f 1134/1151/1124 1153/1150/1124 1133/1150/1124
f 1134/1151/1125 1156/1148/1125 1154/1151/1125
f 1101/1145/1126 1148/1142/1126 1145/1145/1126
f 1101/1145/1127 1146/1110/1127 1097/1110/1127
f 1135/1111/1128 1149/1149/1128 1155/1111/1128
f 1091/1146/1075 1147/1143/1075 1105/1143/1075
f 1099/1121/1129 1142/1144/1129 1091/1144/1129
f 1138/1110/1130 1152/1145/1130 1137/1145/1130
f 1175/950/1131 1192/951/1131 1196/952/1131
f 1198/953/1132 1178/954/1132 1193/955/1132
f 1195/956/1133 1180/957/1133 1194/958/1133
f 1197/959/1134 1182/960/1134 1191/961/1134
f 1204/962/1135 1221/963/1135 1217/962/1135
f 1173/964/1136 1158/965/1136 1189/966/1136
f 1160/967/1137 1173/964/1137 1185/968/1137
f 1163/962/1138 1209/969/1138 1169/969/1138
f 1193/955/1139 1179/970/1139 1195/956/1139
f 1182/971/1140 1196/952/1140 1191/972/1140
f 1165/973/1141 1210/974/1141 1174/973/1141
f 1164/975/1142 1173/964/1142 1187/976/1142
f 1173/964/1143 1162/977/1143 1187/976/1143
f 1159/974/1144 1209/969/1144 1210/974/1144
f 1194/958/1145 1181/978/1145 1197/959/1145
f 1192/951/1146 1177/979/1146 1198/953/1146
f 1184/980/1147 1175/981/1147 1166/982/1147
f 1170/983/1148 1178/954/1148 1177/984/1148
f 1168/985/1149 1180/957/1149 1179/970/1149
f 1190/986/1150 1181/987/1150 1172/988/1150
f 1190/986/1151 1175/981/1151 1182/989/1151
f 1186/990/1152 1179/970/1152 1178/954/1152
f 1170/983/1153 1176/991/1153 1184/980/1153
f 1172/988/1154 1180/957/1154 1188/992/1154
f 1160/967/1155 1166/982/1155 1183/993/1155
f 1164/975/1156 1170/983/1156 1185/968/1156
f 1187/976/1157 1188/992/1157 1168/985/1157
f 1189/966/1158 1190/986/1158 1172/988/1158
f 1158/965/1159 1166/982/1159 1190/986/1159
f 1164/975/1160 1168/985/1160 1186/990/1160
f 1185/968/1161 1184/980/1161 1160/967/1161
f 1189/966/1162 1188/992/1162 1162/977/1162
f 1159/974/1163 1198/953/1163 1169/969/1163
f 1161/994/1164 1197/959/1164 1171/995/1164
f 1191/972/1165 1165/973/1165 1157/996/1165
f 1163/962/1166 1195/956/1166 1167/997/1166
f 1197/959/1167 1157/998/1167 1171/995/1167
f 1195/956/1168 1161/994/1168 1167/997/1168
f 1169/969/1169 1193/955/1169 1163/962/1169
f 1165/973/1170 1192/951/1170 1159/974/1170
f 1207/999/1171 1206/994/1171 1205/1000/1171
f 1204/962/1172 1207/999/1172 1201/963/1172
f 1202/1001/1173 1207/999/1173 1199/1002/1173
f 1207/999/1174 1200/1003/1174 1199/1002/1174
f 1203/997/1175 1216/994/1175 1206/994/1175
f 1199/1002/1176 1215/1001/1176 1202/1001/1176
f 1161/994/1177 1213/995/1177 1214/994/1177
f 1206/994/1178 1222/1000/1178 1205/1000/1178
f 1213/995/1179 1216/994/1179 1214/994/1179
f 1210/974/1180 1219/973/1180 1174/973/1180
f 1211/997/1181 1216/994/1181 1218/997/1181
f 1212/962/1182 1218/997/1182 1217/962/1182
f 1209/969/1183 1215/974/1183 1210/974/1183
f 1213/995/1184 1220/998/1184 1222/995/1184
f 1208/996/1185 1219/973/1185 1220/996/1185
f 1212/962/1186 1221/969/1186 1209/969/1186
f 1200/1003/1187 1219/1002/1187 1199/1002/1187
f 1200/1003/1188 1222/1000/1188 1220/1003/1188
f 1167/997/1189 1214/994/1189 1211/997/1189
f 1167/997/1190 1212/962/1190 1163/962/1190
f 1201/963/1191 1215/1001/1191 1221/963/1191
f 1157/998/1138 1213/995/1138 1171/995/1138
f 1165/973/1192 1208/996/1192 1157/996/1192
f 1204/962/1193 1218/997/1193 1203/997/1193
f 1241/950/1194 1258/951/1194 1262/952/1194
f 1264/953/1195 1244/954/1195 1259/955/1195
f 1261/956/1196 1246/957/1196 1260/958/1196
f 1263/959/1197 1248/960/1197 1257/961/1197
f 1270/962/1198 1287/963/1198 1283/962/1198
f 1239/964/1199 1224/965/1199 1255/966/1199
f 1226/967/1200 1239/964/1200 1251/968/1200
f 1229/962/1201 1275/969/1201 1235/969/1201
f 1259/955/1202 1245/970/1202 1261/956/1202
f 1248/971/1203 1262/952/1203 1257/972/1203
f 1231/973/1204 1276/974/1204 1240/973/1204
f 1230/975/1205 1239/964/1205 1253/976/1205
f 1239/964/1206 1228/977/1206 1253/976/1206
f 1225/974/1207 1275/969/1207 1276/974/1207
f 1260/958/1208 1247/978/1208 1263/959/1208
f 1258/951/1209 1243/979/1209 1264/953/1209
f 1250/980/1210 1241/981/1210 1232/982/1210
f 1236/983/1211 1244/954/1211 1243/984/1211
f 1234/985/1212 1246/957/1212 1245/970/1212
f 1256/986/1213 1247/987/1213 1238/988/1213
f 1256/986/1214 1241/981/1214 1248/989/1214
f 1252/990/1215 1245/970/1215 1244/954/1215
f 1236/983/1216 1242/991/1216 1250/980/1216
f 1238/988/1217 1246/957/1217 1254/992/1217
f 1226/967/1218 1232/982/1218 1249/993/1218
f 1230/975/1219 1236/983/1219 1251/968/1219
f 1253/976/1220 1254/992/1220 1234/985/1220
f 1255/966/1221 1256/986/1221 1238/988/1221
f 1224/965/1222 1232/982/1222 1256/986/1222
f 1230/975/1223 1234/985/1223 1252/990/1223
f 1251/968/1224 1250/980/1224 1226/967/1224
f 1255/966/1225 1254/992/1225 1228/977/1225
f 1225/974/1226 1264/953/1226 1235/969/1226
f 1227/994/1227 1263/959/1227 1237/995/1227
f 1257/972/1228 1231/973/1228 1223/996/1228
f 1229/962/1229 1261/956/1229 1233/997/1229
f 1263/959/1230 1223/998/1230 1237/995/1230
f 1261/956/1231 1227/994/1231 1233/997/1231
f 1235/969/1232 1259/955/1232 1229/962/1232
f 1231/973/1233 1258/951/1233 1225/974/1233
f 1273/999/1234 1272/994/1234 1271/1000/1234
f 1270/962/1235 1273/999/1235 1267/963/1235
f 1268/1001/1236 1273/999/1236 1265/1002/1236
f 1273/999/1237 1266/1003/1237 1265/1002/1237
f 1269/997/1238 1282/994/1238 1272/994/1238
f 1265/1002/1239 1281/1001/1239 1268/1001/1239
f 1227/994/1240 1279/995/1240 1280/994/1240
f 1272/994/1241 1288/1000/1241 1271/1000/1241
f 1279/995/1242 1282/994/1242 1280/994/1242
f 1276/974/1243 1285/973/1243 1240/973/1243
f 1277/997/1244 1282/994/1244 1284/997/1244
f 1278/962/1245 1284/997/1245 1283/962/1245
f 1275/969/1246 1281/974/1246 1276/974/1246
f 1279/995/1247 1286/998/1247 1288/995/1247
f 1274/996/1248 1285/973/1248 1286/996/1248
f 1278/962/1249 1287/969/1249 1275/969/1249
f 1266/1003/1250 1285/1002/1250 1265/1002/1250
f 1266/1003/1251 1288/1000/1251 1286/1003/1251
f 1233/997/1252 1280/994/1252 1277/997/1252
f 1233/997/1253 1278/962/1253 1229/962/1253
f 1267/963/1254 1281/1001/1254 1287/963/1254
f 1223/998/1201 1279/995/1201 1237/995/1201
f 1231/973/1255 1274/996/1255 1223/996/1255
f 1270/962/1256 1284/997/1256 1269/997/1256
f 1307/1098/1257 1324/1099/1257 1328/1100/1257
f 1330/1101/1258 1310/1102/1258 1325/1103/1258
f 1327/1104/1259 1312/1105/1259 1326/1106/1259
f 1329/1107/1260 1314/1108/1260 1323/1109/1260
f 1336/1110/1261 1353/1111/1261 1349/1110/1261
f 1305/1112/1262 1290/1113/1262 1321/1114/1262
f 1292/1115/1263 1305/1112/1263 1317/1116/1263
f 1295/1110/1264 1341/1117/1264 1301/1117/1264
f 1325/1103/1265 1311/1118/1265 1327/1104/1265
f 1314/1119/1266 1328/1100/1266 1323/1120/1266
f 1297/1121/1267 1342/1122/1267 1306/1121/1267
f 1296/1123/1268 1305/1112/1268 1319/1124/1268
f 1305/1112/1269 1294/1125/1269 1319/1124/1269
f 1291/1122/1270 1341/1117/1270 1342/1122/1270
f 1326/1106/1271 1313/1126/1271 1329/1107/1271
f 1324/1099/1272 1309/1127/1272 1330/1101/1272
f 1316/1128/1273 1307/1129/1273 1298/1130/1273
f 1302/1131/1274 1310/1102/1274 1309/1132/1274
f 1300/1133/1275 1312/1105/1275 1311/1118/1275
f 1322/1134/1276 1313/1135/1276 1304/1136/1276
f 1322/1134/1277 1307/1129/1277 1314/1137/1277
f 1318/1138/1278 1311/1118/1278 1310/1102/1278
f 1302/1131/1279 1308/1139/1279 1316/1128/1279
f 1304/1136/1280 1312/1105/1280 1320/1140/1280
f 1292/1115/1281 1298/1130/1281 1315/1141/1281
f 1296/1123/1282 1302/1131/1282 1317/1116/1282
f 1319/1124/1283 1320/1140/1283 1300/1133/1283
f 1321/1114/1284 1322/1134/1284 1304/1136/1284
f 1290/1113/1285 1298/1130/1285 1322/1134/1285
f 1296/1123/1286 1300/1133/1286 1318/1138/1286
f 1317/1116/1287 1316/1128/1287 1292/1115/1287
f 1321/1114/1288 1320/1140/1288 1294/1125/1288
f 1291/1122/1289 1330/1101/1289 1301/1117/1289
f 1293/1142/1290 1329/1107/1290 1303/1143/1290
f 1323/1120/1291 1297/1121/1291 1289/1144/1291
f 1295/1110/1292 1327/1104/1292 1299/1145/1292
f 1329/1107/1293 1289/1146/1293 1303/1143/1293
f 1327/1104/1294 1293/1142/1294 1299/1145/1294
f 1301/1117/1295 1325/1103/1295 1295/1110/1295
f 1297/1121/1296 1324/1099/1296 1291/1122/1296
f 1339/1147/1297 1338/1142/1297 1337/1148/1297
f 1336/1110/1298 1339/1147/1298 1333/1111/1298
f 1334/1149/1299 1339/1147/1299 1331/1150/1299
f 1339/1147/1300 1332/1151/1300 1331/1150/1300
f 1335/1145/1301 1348/1142/1301 1338/1142/1301
f 1331/1150/1302 1347/1149/1302 1334/1149/1302
f 1293/1142/1303 1345/1143/1303 1346/1142/1303
f 1338/1142/1304 1354/1148/1304 1337/1148/1304
f 1345/1143/1305 1348/1142/1305 1346/1142/1305
f 1342/1122/1306 1351/1121/1306 1306/1121/1306
f 1343/1145/1307 1348/1142/1307 1350/1145/1307
f 1344/1110/1308 1350/1145/1308 1349/1110/1308
f 1341/1117/1309 1347/1122/1309 1342/1122/1309
f 1345/1143/1310 1352/1146/1310 1354/1143/1310
f 1340/1144/1311 1351/1121/1311 1352/1144/1311
f 1344/1110/1312 1353/1117/1312 1341/1117/1312
f 1332/1151/1313 1351/1150/1313 1331/1150/1313
f 1332/1151/1314 1354/1148/1314 1352/1151/1314
f 1299/1145/1315 1346/1142/1315 1343/1145/1315
f 1299/1145/1316 1344/1110/1316 1295/1110/1316
f 1333/1111/1317 1347/1149/1317 1353/1111/1317
f 1289/1146/1264 1345/1143/1264 1303/1143/1264
f 1297/1121/1318 1340/1144/1318 1289/1144/1318
f 1336/1110/1319 1350/1145/1319 1335/1145/1319
f 1373/950/1131 1390/951/1131 1394/952/1131
f 1396/953/1132 1376/954/1132 1391/955/1132
f 1393/956/1133 1378/957/1133 1392/958/1133
f 1395/959/1134 1380/960/1134 1389/961/1134
f 1402/962/1135 1419/963/1135 1415/962/1135
f 1371/964/1320 1356/965/1320 1387/966/1320
f 1358/967/1321 1371/964/1321 1383/968/1321
f 1361/962/1138 1407/969/1138 1367/969/1138
f 1391/955/1139 1377/970/1139 1393/956/1139
f 1380/971/1140 1394/952/1140 1389/972/1140
f 1363/973/1141 1408/974/1141 1372/973/1141
f 1362/975/1322 1371/964/1322 1385/976/1322
f 1371/964/1323 1360/977/1323 1385/976/1323
f 1357/974/1144 1407/969/1144 1408/974/1144
f 1392/958/1145 1379/978/1145 1395/959/1145
f 1390/951/1146 1375/979/1146 1396/953/1146
f 1382/980/1324 1373/981/1324 1364/982/1324
f 1368/983/1148 1376/954/1148 1375/984/1148
f 1366/985/1149 1378/957/1149 1377/970/1149
f 1388/986/1150 1379/987/1150 1370/988/1150
f 1388/986/1151 1373/981/1151 1380/989/1151
f 1384/990/1152 1377/970/1152 1376/954/1152
f 1368/983/1153 1374/991/1153 1382/980/1153
f 1370/988/1325 1378/957/1325 1386/992/1325
f 1358/967/1155 1364/982/1155 1381/993/1155
f 1362/975/1326 1368/983/1326 1383/968/1326
f 1385/976/1157 1386/992/1157 1366/985/1157
f 1387/966/1158 1388/986/1158 1370/988/1158
f 1356/965/1327 1364/982/1327 1388/986/1327
f 1362/975/1160 1366/985/1160 1384/990/1160
f 1383/968/1161 1382/980/1161 1358/967/1161
f 1387/966/1328 1386/992/1328 1360/977/1328
f 1357/974/1163 1396/953/1163 1367/969/1163
f 1359/994/1164 1395/959/1164 1369/995/1164
f 1389/972/1165 1363/973/1165 1355/996/1165
f 1361/962/1166 1393/956/1166 1365/997/1166
f 1395/959/1167 1355/998/1167 1369/995/1167
f 1393/956/1168 1359/994/1168 1365/997/1168
f 1367/969/1169 1391/955/1169 1361/962/1169
f 1363/973/1170 1390/951/1170 1357/974/1170
f 1405/999/1171 1404/994/1171 1403/1000/1171
f 1402/962/1172 1405/999/1172 1399/963/1172
f 1400/1001/1173 1405/999/1173 1397/1002/1173
f 1405/999/1174 1398/1003/1174 1397/1002/1174
f 1401/997/1175 1414/994/1175 1404/994/1175
f 1397/1002/1176 1413/1001/1176 1400/1001/1176
f 1359/994/1177 1411/995/1177 1412/994/1177
f 1404/994/1178 1420/1000/1178 1403/1000/1178
f 1411/995/1179 1414/994/1179 1412/994/1179
f 1408/974/1180 1417/973/1180 1372/973/1180
f 1409/997/1181 1414/994/1181 1416/997/1181
f 1410/962/1182 1416/997/1182 1415/962/1182
f 1407/969/1183 1413/974/1183 1408/974/1183
f 1411/995/1184 1418/998/1184 1420/995/1184
f 1406/996/1185 1417/973/1185 1418/996/1185
f 1410/962/1186 1419/969/1186 1407/969/1186
f 1398/1003/1187 1417/1002/1187 1397/1002/1187
f 1398/1003/1188 1420/1000/1188 1418/1003/1188
f 1365/997/1189 1412/994/1189 1409/997/1189
f 1365/997/1190 1410/962/1190 1361/962/1190
f 1399/963/1191 1413/1001/1191 1419/963/1191
f 1355/998/1138 1411/995/1138 1369/995/1138
f 1363/973/1192 1406/996/1192 1355/996/1192
f 1402/962/1193 1416/997/1193 1401/997/1193
f 1439/950/1329 1456/951/1329 1460/952/1329
f 1462/953/1330 1442/954/1330 1457/955/1330
f 1459/956/1331 1444/957/1331 1458/958/1331
f 1461/959/1332 1446/960/1332 1455/961/1332
f 1468/962/1333 1485/963/1333 1481/962/1333
f 1437/964/1334 1422/965/1334 1453/966/1334
f 1424/967/1335 1437/964/1335 1449/968/1335
f 1427/962/1336 1473/969/1336 1433/969/1336
f 1457/955/1337 1443/970/1337 1459/956/1337
f 1446/971/1338 1460/952/1338 1455/972/1338
f 1429/973/1339 1474/974/1339 1438/973/1339
f 1428/975/1340 1437/964/1340 1451/976/1340
f 1437/964/1341 1426/977/1341 1451/976/1341
f 1423/974/1342 1473/969/1342 1474/974/1342
f 1458/958/1343 1445/978/1343 1461/959/1343
f 1456/951/1344 1441/979/1344 1462/953/1344
f 1448/980/1345 1439/981/1345 1430/982/1345
f 1434/983/1346 1442/954/1346 1441/984/1346
f 1432/985/1347 1444/957/1347 1443/970/1347
f 1454/986/1348 1445/987/1348 1436/988/1348
f 1454/986/1349 1439/981/1349 1446/989/1349
f 1450/990/1350 1443/970/1350 1442/954/1350
f 1434/983/1351 1440/991/1351 1448/980/1351
f 1436/988/1352 1444/957/1352 1452/992/1352
f 1424/967/1353 1430/982/1353 1447/993/1353
f 1428/975/1354 1434/983/1354 1449/968/1354
f 1451/976/1355 1452/992/1355 1432/985/1355
f 1453/966/1356 1454/986/1356 1436/988/1356
f 1422/965/1357 1430/982/1357 1454/986/1357
f 1428/975/1358 1432/985/1358 1450/990/1358
f 1449/968/1359 1448/980/1359 1424/967/1359
f 1453/966/1360 1452/992/1360 1426/977/1360
f 1423/974/1361 1462/953/1361 1433/969/1361
f 1425/994/1362 1461/959/1362 1435/995/1362
f 1455/972/1363 1429/973/1363 1421/996/1363
f 1427/962/1364 1459/956/1364 1431/997/1364
f 1461/959/1365 1421/998/1365 1435/995/1365
f 1459/956/1366 1425/994/1366 1431/997/1366
f 1433/969/1367 1457/955/1367 1427/962/1367
f 1429/973/1368 1456/951/1368 1423/974/1368
f 1471/999/1369 1470/994/1369 1469/1000/1369
f 1468/962/1370 1471/999/1370 1465/963/1370
f 1466/1001/1371 1471/999/1371 1463/1002/1371
f 1471/999/1372 1464/1003/1372 1463/1002/1372
f 1467/997/1373 1480/994/1373 1470/994/1373
f 1463/1002/1374 1479/1001/1374 1466/1001/1374
f 1425/994/1375 1477/995/1375 1478/994/1375
f 1470/994/1376 1486/1000/1376 1469/1000/1376
f 1477/995/1377 1480/994/1377 1478/994/1377
f 1474/974/1378 1483/973/1378 1438/973/1378
f 1475/997/1379 1480/994/1379 1482/997/1379
f 1476/962/1380 1482/997/1380 1481/962/1380
f 1473/969/1381 1479/974/1381 1474/974/1381
f 1477/995/1382 1484/998/1382 1486/995/1382
f 1472/996/1383 1483/973/1383 1484/996/1383
f 1476/962/1384 1485/969/1384 1473/969/1384
f 1464/1003/1385 1483/1002/1385 1463/1002/1385
f 1464/1003/1386 1486/1000/1386 1484/1003/1386
f 1431/997/1387 1478/994/1387 1475/997/1387
f 1431/997/1388 1476/962/1388 1427/962/1388
f 1465/963/1389 1479/1001/1389 1485/963/1389
f 1421/998/1336 1477/995/1336 1435/995/1336
f 1429/973/1390 1472/996/1390 1421/996/1390
f 1468/962/1391 1482/997/1391 1467/997/1391
f 1505/1098/1392 1522/1099/1392 1526/1100/1392
f 1528/1101/1393 1508/1102/1393 1523/1103/1393
f 1525/1104/1394 1510/1105/1394 1524/1106/1394
f 1527/1107/1395 1512/1108/1395 1521/1109/1395
f 1534/1110/1396 1551/1111/1396 1547/1110/1396
f 1503/1112/1397 1488/1113/1397 1519/1114/1397
f 1490/1115/1397 1503/1112/1397 1515/1116/1397
f 1493/1110/1398 1539/1117/1398 1499/1117/1398
f 1523/1103/1399 1509/1118/1399 1525/1104/1399
f 1512/1119/1400 1526/1100/1400 1521/1120/1400
f 1495/1121/1401 1540/1122/1401 1504/1121/1401
f 1494/1123/1402 1503/1112/1402 1517/1124/1402
f 1503/1112/1403 1492/1125/1403 1517/1124/1403
f 1489/1122/1404 1539/1117/1404 1540/1122/1404
f 1524/1106/1405 1511/1126/1405 1527/1107/1405
f 1522/1099/1406 1507/1127/1406 1528/1101/1406
f 1514/1128/1407 1505/1129/1407 1496/1130/1407
f 1500/1131/1408 1508/1102/1408 1507/1132/1408
f 1498/1133/1409 1510/1105/1409 1509/1118/1409
f 1520/1134/1410 1511/1135/1410 1502/1136/1410
f 1520/1134/1411 1505/1129/1411 1512/1137/1411
f 1516/1138/1412 1509/1118/1412 1508/1102/1412
f 1500/1131/1413 1506/1139/1413 1514/1128/1413
f 1502/1136/1414 1510/1105/1414 1518/1140/1414
f 1490/1115/1415 1496/1130/1415 1513/1141/1415
f 1494/1123/1416 1500/1131/1416 1515/1116/1416
f 1517/1124/1417 1518/1140/1417 1498/1133/1417
f 1519/1114/1418 1520/1134/1418 1502/1136/1418
f 1488/1113/1419 1496/1130/1419 1520/1134/1419
f 1494/1123/1420 1498/1133/1420 1516/1138/1420
f 1515/1116/1421 1514/1128/1421 1490/1115/1421
f 1519/1114/1422 1518/1140/1422 1492/1125/1422
f 1489/1122/1423 1528/1101/1423 1499/1117/1423
f 1491/1142/1424 1527/1107/1424 1501/1143/1424
f 1521/1120/1425 1495/1121/1425 1487/1144/1425
f 1493/1110/1426 1525/1104/1426 1497/1145/1426
f 1527/1107/1427 1487/1146/1427 1501/1143/1427
f 1525/1104/1428 1491/1142/1428 1497/1145/1428
f 1499/1117/1429 1523/1103/1429 1493/1110/1429
f 1495/1121/1430 1522/1099/1430 1489/1122/1430
f 1537/1147/1431 1536/1142/1431 1535/1148/1431
f 1534/1110/1432 1537/1147/1432 1531/1111/1432
f 1532/1149/1433 1537/1147/1433 1529/1150/1433
f 1537/1147/1434 1530/1151/1434 1529/1150/1434
f 1533/1145/1435 1546/1142/1435 1536/1142/1435
f 1529/1150/1436 1545/1149/1436 1532/1149/1436
f 1491/1142/1437 1543/1143/1437 1544/1142/1437
f 1536/1142/1438 1552/1148/1438 1535/1148/1438
f 1543/1143/1439 1546/1142/1439 1544/1142/1439
f 1540/1122/1440 1549/1121/1440 1504/1121/1440
f 1541/1145/1441 1546/1142/1441 1548/1145/1441
f 1542/1110/1442 1548/1145/1442 1547/1110/1442
f 1539/1117/1443 1545/1122/1443 1540/1122/1443
f 1543/1143/1444 1550/1146/1444 1552/1143/1444
f 1538/1144/1445 1549/1121/1445 1550/1144/1445
f 1542/1110/1446 1551/1117/1446 1539/1117/1446
f 1530/1151/1447 1549/1150/1447 1529/1150/1447
f 1530/1151/1448 1552/1148/1448 1550/1151/1448
f 1497/1145/1449 1544/1142/1449 1541/1145/1449
f 1497/1145/1450 1542/1110/1450 1493/1110/1450
f 1531/1111/1451 1545/1149/1451 1551/1111/1451
f 1487/1146/1398 1543/1143/1398 1501/1143/1398
f 1495/1121/1452 1538/1144/1452 1487/1144/1452
f 1534/1110/1453 1548/1145/1453 1533/1145/1453
f 8/1/1454 9/4/1454 2/2/1454
f 9/4/1455 10/6/1455 3/5/1455
f 10/6/1456 11/18/1456 4/7/1456
f 4/8/1457 11/20/1457 12/9/1457
f 5/10/1458 12/9/1458 13/11/1458
f 6/12/1459 13/11/1459 14/13/1459
f 7/14/1460 14/13/1460 8/1/1460
f 15/15/1461 16/16/1461 9/4/1461
f 16/16/1462 17/17/1462 10/6/1462
f 17/17/1463 18/26/1463 11/18/1463
f 18/19/1464 19/28/1464 12/9/1464
f 12/9/1465 19/28/1465 20/21/1465
f 13/11/1466 20/21/1466 21/22/1466
f 14/13/1467 21/22/1467 15/15/1467
f 15/15/1468 22/31/1468 23/23/1468
f 16/16/1469 23/23/1469 24/24/1469
f 17/17/1470 24/24/1470 25/25/1470
f 25/27/1471 26/29/1471 19/28/1471
f 26/29/1472 27/30/1472 20/21/1472
f 27/30/1473 28/37/1473 21/22/1473
f 21/22/1474 28/37/1474 22/31/1474
f 29/32/1475 30/40/1475 23/23/1475
f 23/23/1476 30/40/1476 31/33/1476
f 24/24/1477 31/33/1477 32/34/1477
f 25/27/1478 32/43/1478 33/35/1478
f 33/35/1479 34/36/1479 27/30/1479
f 34/36/1480 35/38/1480 28/37/1480
f 35/38/1481 29/32/1481 22/31/1481
f 36/39/1482 37/1152/1482 30/40/1482
f 30/40/1483 37/1152/1483 38/41/1483
f 31/33/1484 38/41/1484 39/42/1484
f 32/43/1485 39/95/1485 40/44/1485
f 40/44/1486 41/45/1486 34/36/1486
f 41/45/1487 42/46/1487 35/38/1487
f 42/46/1488 36/39/1488 29/32/1488
f 36/47/1489 43/59/1489 44/48/1489
f 37/49/1490 44/48/1490 45/50/1490
f 45/50/1491 46/63/1491 39/52/1491
f 39/53/1492 46/65/1492 47/54/1492
f 47/54/1493 48/57/1493 41/56/1493
f 48/57/1494 49/68/1494 42/58/1494
f 42/58/1495 49/68/1495 43/59/1495
f 50/60/1496 51/61/1496 44/48/1496
f 51/61/1497 52/62/1497 45/50/1497
f 52/62/1498 53/71/1498 46/63/1498
f 53/64/1499 54/73/1499 47/54/1499
f 47/54/1500 54/73/1500 55/66/1500
f 48/57/1501 55/66/1501 56/67/1501
f 49/68/1502 56/67/1502 50/60/1502
f 50/60/1503 57/76/1503 58/69/1503
f 58/69/1504 59/70/1504 52/62/1504
f 59/70/1505 60/79/1505 53/71/1505
f 60/72/1506 61/74/1506 54/73/1506
f 61/74/1507 62/82/1507 55/66/1507
f 55/66/1508 62/82/1508 63/75/1508
f 56/67/1509 63/75/1509 57/76/1509
f 57/76/1510 64/85/1510 65/77/1510
f 65/77/1511 66/87/1511 59/70/1511
f 59/70/1512 66/87/1512 67/78/1512
f 60/72/1513 67/89/1513 68/80/1513
f 61/74/1514 68/80/1514 69/81/1514
f 69/81/1515 70/83/1515 63/75/1515
f 70/83/1516 64/85/1516 57/76/1516
f 71/84/1517 72/93/1517 65/77/1517
f 65/77/1518 72/93/1518 73/86/1518
f 66/87/1519 73/86/1519 74/88/1519
f 67/89/1520 74/94/1520 75/90/1520
f 75/90/1521 76/91/1521 69/81/1521
f 76/91/1522 77/92/1522 70/83/1522
f 77/92/1523 71/84/1523 64/85/1523
f 1/3/1524 2/2/1524 72/93/1524
f 72/93/1525 2/2/1525 3/5/1525
f 73/86/1526 3/5/1526 4/7/1526
f 74/94/1527 4/8/1527 5/10/1527
f 75/90/1528 5/10/1528 6/12/1528
f 6/12/1529 7/14/1529 77/92/1529
f 7/14/1530 1/3/1530 71/84/1530
f 85/1/1531 86/4/1531 79/2/1531
f 79/2/1532 86/4/1532 87/6/1532
f 87/6/1533 88/18/1533 81/7/1533
f 81/8/1534 88/20/1534 89/9/1534
f 82/10/1535 89/9/1535 90/11/1535
f 83/12/1536 90/11/1536 91/13/1536
f 84/14/1537 91/13/1537 85/1/1537
f 92/15/1538 93/16/1538 86/4/1538
f 86/4/1539 93/16/1539 94/17/1539
f 94/17/1540 95/26/1540 88/18/1540
f 95/19/1541 96/28/1541 89/9/1541
f 96/28/1542 97/21/1542 90/11/1542
f 90/11/1543 97/21/1543 98/22/1543
f 91/13/1544 98/22/1544 92/15/1544
f 99/31/1545 100/23/1545 93/16/1545
f 100/23/1546 101/24/1546 94/17/1546
f 101/24/1547 102/25/1547 95/26/1547
f 95/19/1548 102/27/1548 103/29/1548
f 96/28/1549 103/29/1549 104/30/1549
f 97/21/1550 104/30/1550 105/37/1550
f 98/22/1551 105/37/1551 99/31/1551
f 106/32/1552 107/40/1552 100/23/1552
f 100/23/1553 107/40/1553 108/33/1553
f 101/24/1554 108/33/1554 109/34/1554
f 102/27/1555 109/43/1555 110/35/1555
f 103/29/1556 110/35/1556 111/36/1556
f 111/36/1557 112/38/1557 105/37/1557
f 112/38/1558 106/32/1558 99/31/1558
f 113/39/1559 114/1152/1559 107/40/1559
f 107/40/1560 114/1152/1560 115/41/1560
f 108/33/1561 115/41/1561 116/42/1561
f 116/95/1562 117/44/1562 110/35/1562
f 117/44/1563 118/45/1563 111/36/1563
f 118/45/1564 119/46/1564 112/38/1564
f 119/46/1565 113/39/1565 106/32/1565
f 113/47/1566 120/59/1566 121/48/1566
f 114/49/1567 121/48/1567 122/50/1567
f 122/50/1568 123/63/1568 116/52/1568
f 123/65/1569 124/54/1569 117/55/1569
f 124/54/1570 125/57/1570 118/56/1570
f 125/57/1571 126/68/1571 119/58/1571
f 119/58/1572 126/68/1572 120/59/1572
f 127/60/1573 128/61/1573 121/48/1573
f 128/61/1574 129/62/1574 122/50/1574
f 129/62/1575 130/71/1575 123/63/1575
f 130/64/1576 131/73/1576 124/54/1576
f 124/54/1577 131/73/1577 132/66/1577
f 125/57/1578 132/66/1578 133/67/1578
f 126/68/1579 133/67/1579 127/60/1579
f 127/60/1580 134/76/1580 135/69/1580
f 135/69/1581 136/70/1581 129/62/1581
f 136/70/1582 137/79/1582 130/71/1582
f 137/72/1583 138/74/1583 131/73/1583
f 131/73/1584 138/74/1584 139/82/1584
f 132/66/1585 139/82/1585 140/75/1585
f 133/67/1586 140/75/1586 134/76/1586
f 134/76/1587 141/85/1587 142/77/1587
f 135/69/1588 142/77/1588 143/87/1588
f 143/87/1589 144/78/1589 137/79/1589
f 144/89/1590 145/80/1590 138/74/1590
f 145/80/1591 146/81/1591 139/82/1591
f 146/81/1592 147/83/1592 140/75/1592
f 147/83/1593 141/85/1593 134/76/1593
f 141/85/1594 148/84/1594 149/93/1594
f 142/77/1595 149/93/1595 150/86/1595
f 143/87/1596 150/86/1596 151/88/1596
f 144/89/1597 151/94/1597 152/90/1597
f 152/90/1598 153/91/1598 146/81/1598
f 153/91/1599 154/92/1599 147/83/1599
f 154/92/1600 148/84/1600 141/85/1600
f 148/84/1601 78/3/1601 79/2/1601
f 149/93/1602 79/2/1602 80/5/1602
f 150/86/1603 80/5/1603 81/7/1603
f 151/94/151 81/8/151 82/10/151
f 82/10/1604 83/12/1604 153/91/1604
f 83/12/1605 84/14/1605 154/92/1605
f 84/14/1606 78/3/1606 148/84/1606
f 194/96/1607 166/118/1607 165/97/1607
f 193/98/1608 165/97/1608 167/99/1608
f 167/101/1609 168/133/1609 191/102/1609
f 191/102/1610 168/133/1610 169/104/1610
f 169/106/1611 170/109/1611 189/107/1611
f 170/109/1612 171/111/1612 188/110/1612
f 171/111/1613 172/139/1613 187/112/1613
f 187/113/1614 172/141/1614 173/114/1614
f 173/114/1615 174/143/1615 185/116/1615
f 185/117/1616 174/145/1616 166/118/1616
f 237/119/1617 238/248/1617 215/120/1617
f 215/120/1618 238/248/1618 239/122/1618
f 206/124/1619 235/241/1619 236/125/1619
f 209/126/1620 236/125/1620 237/127/1620
f 204/129/1621 195/131/1621 165/97/1621
f 196/130/1622 167/99/1622 165/97/1622
f 196/132/1623 197/135/1623 168/133/1623
f 198/134/1624 169/104/1624 168/133/1624
f 199/136/1625 170/109/1625 169/106/1625
f 200/138/1626 171/111/1626 170/109/1626
f 200/138/1627 201/169/1627 172/139/1627
f 201/140/1628 202/142/1628 173/114/1628
f 202/142/1629 203/1153/1629 174/143/1629
f 203/144/1630 204/129/1630 166/118/1630
f 251/146/1631 188/110/1631 187/112/1631
f 189/107/1632 188/110/1632 251/146/1632
f 249/149/1633 190/108/1633 189/107/1633
f 248/150/1634 191/102/1634 190/105/1634
f 192/103/1635 191/102/1635 248/150/1635
f 246/153/1636 193/98/1636 192/100/1636
f 245/155/1637 194/96/1637 193/98/1637
f 254/156/1638 185/116/1638 194/157/1638
f 186/115/1639 185/116/1639 254/156/1639
f 184/160/1640 183/304/1640 176/161/1640
f 252/163/1641 187/113/1641 186/115/1641
f 286/164/1642 285/176/1642 204/129/1642
f 286/165/1643 203/1153/1643 202/142/1643
f 288/167/1644 287/166/1644 202/142/1644
f 289/168/1645 288/1154/1645 201/169/1645
f 289/168/1646 200/138/1646 199/136/1646
f 291/171/1647 290/170/1647 199/136/1647
f 291/172/1648 198/134/1648 197/135/1648
f 292/173/1649 197/135/1649 196/132/1649
f 294/175/1650 293/1155/1650 196/130/1650
f 285/176/1651 294/175/1651 195/131/1651
f 234/177/1652 205/181/1652 284/178/1652
f 233/180/1653 206/124/1653 205/181/1653
f 264/182/1654 232/242/1654 207/183/1654
f 282/185/1655 231/188/1655 234/186/1655
f 231/188/1656 230/240/1656 233/189/1656
f 229/190/1657 232/242/1657 264/182/1657
f 228/192/1658 231/188/1658 282/185/1658
f 227/194/1659 230/240/1659 231/188/1659
f 226/195/1660 229/190/1660 263/191/1660
f 280/197/1661 225/201/1661 228/198/1661
f 224/200/1662 227/238/1662 228/198/1662
f 261/202/1663 223/243/1663 226/203/1663
f 279/205/1664 222/206/1664 225/201/1664
f 222/206/1665 221/211/1665 224/200/1665
f 220/207/1666 223/243/1666 261/202/1666
f 278/209/1667 219/210/1667 222/206/1667
f 219/210/1668 218/1156/1668 221/211/1668
f 217/212/1669 220/207/1669 260/208/1669
f 216/214/1670 219/217/1670 278/215/1670
f 216/214/1671 215/120/1671 218/123/1671
f 214/218/1672 217/244/1672 259/219/1672
f 213/221/1673 216/214/1673 277/216/1673
f 212/121/1674 215/120/1674 216/214/1674
f 255/223/1675 211/245/1675 214/218/1675
f 275/224/1676 210/227/1676 213/225/1676
f 210/227/1677 209/126/1677 212/128/1677
f 208/228/1678 211/246/1678 255/229/1678
f 284/178/1679 205/181/1679 210/227/1679
f 205/181/1680 206/124/1680 209/126/1680
f 257/231/1681 207/247/1681 208/228/1681
f 161/232/1682 164/256/1682 155/233/1682
f 239/122/1683 240/1157/1683 221/235/1683
f 240/236/1684 241/237/1684 224/200/1684
f 241/237/1685 242/250/1685 227/238/1685
f 227/194/1686 242/251/1686 243/239/1686
f 243/239/1687 244/252/1687 233/189/1687
f 233/180/1688 244/1158/1688 235/241/1688
f 254/156/1689 245/158/1689 207/183/1689
f 253/159/1690 254/156/1690 232/242/1690
f 252/163/1691 253/159/1691 229/190/1691
f 223/243/1692 251/146/1692 252/147/1692
f 220/207/1693 250/148/1693 251/146/1693
f 217/212/1694 249/149/1694 250/148/1694
f 214/218/1695 248/150/1695 249/151/1695
f 211/245/1696 247/152/1696 248/150/1696
f 246/153/1697 247/154/1697 211/246/1697
f 207/247/1698 245/155/1698 246/153/1698
f 235/241/1699 257/231/1699 256/230/1699
f 256/230/1700 255/229/1700 237/127/1700
f 237/119/1701 255/223/1701 258/220/1701
f 238/248/1702 258/220/1702 259/219/1702
f 259/213/1703 260/208/1703 240/236/1703
f 260/208/1704 261/202/1704 241/237/1704
f 241/237/1705 261/202/1705 262/204/1705
f 262/196/1706 263/191/1706 243/239/1706
f 263/191/1707 264/182/1707 244/252/1707
f 264/182/1708 257/184/1708 235/253/1708
f 156/254/1709 159/1159/1709 160/234/1709
f 161/232/1710 162/275/1710 163/255/1710
f 156/257/1711 157/263/1711 158/258/1711
f 156/260/1712 155/1160/1712 265/261/1712
f 157/263/1713 156/257/1713 266/264/1713
f 158/258/1714 157/263/1714 267/265/1714
f 158/258/1715 268/266/1715 269/267/1715
f 159/259/1716 269/267/1716 270/268/1716
f 161/270/1717 160/1161/1717 270/271/1717
f 162/273/1718 161/270/1718 271/272/1718
f 162/275/1719 272/284/1719 273/276/1719
f 163/255/1720 273/276/1720 274/277/1720
f 164/256/1721 274/277/1721 265/278/1721
f 265/261/1722 284/178/1722 275/224/1722
f 266/262/1723 275/224/1723 276/226/1723
f 276/280/1724 277/1162/1724 268/266/1724
f 277/216/1725 278/215/1725 269/281/1725
f 269/283/1726 278/209/1726 279/205/1726
f 279/205/1727 280/197/1727 271/272/1727
f 280/197/1728 281/199/1728 272/274/1728
f 281/193/1729 282/185/1729 273/276/1729
f 273/276/1730 282/185/1730 283/187/1730
f 274/285/1731 283/179/1731 284/178/1731
f 175/286/280 285/1163/280 286/165/280
f 184/287/281 286/165/281 287/166/281
f 182/289/1732 183/288/1732 287/166/1732
f 182/290/283 288/1154/283 289/168/283
f 180/292/284 181/291/284 289/168/284
f 180/293/285 290/1164/285 291/172/285
f 179/294/286 291/172/286 292/173/286
f 177/296/287 178/295/287 292/173/287
f 177/297/288 293/1155/288 294/175/288
f 175/299/289 176/298/289 294/175/289
f 177/300/188 182/1165/188 181/301/188
f 181/301/188 180/1166/188 179/303/188
f 183/304/188 182/1165/188 177/300/188
f 324/305/1733 305/309/1733 344/306/1733
f 323/308/1734 306/1167/1734 305/309/1734
f 342/310/1735 322/311/1735 324/305/1735
f 322/311/1736 321/1168/1736 323/308/1736
f 320/312/1737 322/316/1737 342/313/1737
f 319/315/1738 321/1169/1738 322/316/1738
f 340/317/1739 318/318/1739 320/312/1739
f 318/318/1740 317/1170/1740 319/315/1740
f 339/319/1741 316/322/1741 318/320/1741
f 316/322/1742 315/326/1742 317/323/1742
f 338/324/1743 314/325/1743 316/322/1743
f 314/325/1744 313/1171/1744 315/326/1744
f 312/327/1745 314/325/1745 338/324/1745
f 311/329/1746 313/1171/1746 314/325/1746
f 310/330/1747 312/334/1747 337/331/1747
f 309/333/1748 311/1172/1748 312/334/1748
f 335/335/1749 308/336/1749 310/330/1749
f 308/336/1750 307/340/1750 309/333/1750
f 344/306/1751 305/309/1751 308/337/1751
f 305/339/1752 306/1173/1752 307/340/1752
f 301/341/1753 304/348/1753 295/342/1753
f 295/344/1754 296/1174/1754 299/345/1754
f 301/341/1755 302/1175/1755 303/347/1755
f 296/349/1756 297/1176/1756 298/350/1756
f 296/352/1757 295/375/1757 325/353/1757
f 296/355/1758 326/376/1758 327/356/1758
f 297/357/1759 327/356/1759 328/358/1759
f 298/360/1760 328/377/1760 329/361/1760
f 300/363/1761 299/362/1761 329/361/1761
f 301/365/1762 300/363/1762 330/364/1762
f 302/367/1763 301/1177/1763 331/368/1763
f 302/367/1764 332/369/1764 333/370/1764
f 304/372/1765 303/1178/1765 333/373/1765
f 295/375/1766 304/372/1766 334/374/1766
f 325/353/1767 344/306/1767 335/338/1767
f 335/335/1768 336/332/1768 327/356/1768
f 336/332/1769 337/331/1769 328/358/1769
f 337/328/1770 338/324/1770 329/361/1770
f 338/324/1771 339/319/1771 330/364/1771
f 330/364/1772 339/319/1772 340/321/1772
f 340/317/1773 341/314/1773 332/369/1773
f 332/369/1774 341/314/1774 342/313/1774
f 342/310/1775 343/307/1775 334/374/1775
f 343/307/1776 344/306/1776 325/353/1776
f 374/378/1777 355/487/1777 414/379/1777
f 385/381/1778 386/1179/1778 395/382/1778
f 372/384/1779 374/378/1779 413/380/1779
f 387/386/1780 385/381/1780 404/383/1780
f 411/388/1781 370/486/1781 372/389/1781
f 402/391/1782 388/397/1782 387/392/1782
f 368/394/1783 370/486/1783 411/388/1783
f 401/396/1784 389/464/1784 388/397/1784
f 409/398/1785 366/485/1785 368/399/1785
f 390/401/1786 389/466/1786 401/402/1786
f 364/404/1787 366/485/1787 409/398/1787
f 399/406/1788 391/410/1788 390/401/1788
f 362/407/1789 364/404/1789 408/405/1789
f 398/409/1790 392/468/1790 391/410/1790
f 360/411/1791 362/482/1791 407/412/1791
f 393/414/1792 392/1180/1792 398/415/1792
f 405/417/1793 358/481/1793 360/411/1793
f 396/418/1794 394/422/1794 393/414/1794
f 414/379/1795 355/487/1795 358/419/1795
f 395/421/1796 386/1181/1796 394/422/1796
f 350/423/1797 351/1182/1797 354/424/1797
f 345/425/1798 346/1183/1798 349/426/1798
f 354/424/1799 351/1182/1799 352/427/1799
f 349/426/1800 346/1183/1800 347/429/1800
f 345/431/1801 375/454/1801 376/432/1801
f 347/434/1802 346/1184/1802 376/435/1802
f 348/437/1803 347/434/1803 377/436/1803
f 348/439/1804 378/516/1804 379/440/1804
f 350/442/1805 349/441/1805 379/440/1805
f 351/444/1806 350/442/1806 380/443/1806
f 352/446/1807 351/1185/1807 381/447/1807
f 353/449/1808 352/446/1808 382/448/1808
f 353/451/1809 383/517/1809 384/452/1809
f 354/453/1810 384/452/1810 375/454/1810
f 373/455/1811 371/1186/1811 361/456/1811
f 373/455/1812 356/474/1812 386/458/1812
f 371/460/1813 373/1187/1813 385/381/1813
f 371/461/1814 387/392/1814 388/397/1814
f 367/463/1815 369/462/1815 388/397/1815
f 365/465/1816 367/1188/1816 389/466/1816
f 365/465/1817 390/401/1817 391/410/1817
f 363/467/1818 391/410/1818 392/468/1818
f 359/457/1819 361/456/1819 392/470/1819
f 359/472/1820 393/414/1820 394/422/1820
f 356/474/1821 357/1189/1821 394/475/1821
f 361/456/1822 371/1186/1822 369/476/1822
f 363/477/380 369/476/380 367/478/380
f 359/457/1823 357/1189/1823 356/474/1823
f 355/480/1824 395/421/1824 396/418/1824
f 358/481/1825 396/418/1825 397/416/1825
f 397/416/1826 398/415/1826 362/482/1826
f 362/482/1827 398/415/1827 399/483/1827
f 399/406/1828 400/403/1828 366/485/1828
f 366/485/1829 400/403/1829 401/402/1829
f 401/396/1830 402/391/1830 370/486/1830
f 370/486/1831 402/391/1831 403/393/1831
f 403/387/1832 404/383/1832 374/378/1832
f 404/383/1833 395/382/1833 355/487/1833
f 424/488/1834 414/379/1834 405/420/1834
f 415/490/1835 405/417/1835 406/413/1835
f 406/413/1836 407/412/1836 417/492/1836
f 407/408/1837 408/405/1837 418/493/1837
f 408/405/1838 409/398/1838 419/495/1838
f 419/495/1839 409/398/1839 410/400/1839
f 410/395/1840 411/388/1840 421/497/1840
f 421/497/1841 411/388/1841 412/390/1841
f 412/385/1842 413/380/1842 423/500/1842
f 413/380/1843 414/379/1843 424/488/1843
f 433/502/1844 423/500/1844 424/488/1844
f 432/504/1845 422/501/1845 423/500/1845
f 431/505/1846 421/497/1846 422/499/1846
f 420/498/1847 421/497/1847 431/505/1847
f 429/508/1848 419/495/1848 420/496/1848
f 418/493/1849 419/495/1849 429/508/1849
f 417/494/1850 418/493/1850 428/510/1850
f 426/512/1851 416/491/1851 417/492/1851
f 425/514/1852 415/490/1852 416/491/1852
f 434/503/1853 424/488/1853 415/489/1853
f 434/503/1854 425/515/1854 376/432/1854
f 425/514/1855 426/512/1855 377/436/1855
f 377/436/1856 426/512/1856 427/513/1856
f 378/516/1857 427/511/1857 428/510/1857
f 428/510/1858 429/508/1858 380/443/1858
f 429/508/1859 430/509/1859 381/445/1859
f 430/507/1860 431/505/1860 382/448/1860
f 382/448/1861 431/505/1861 432/506/1861
f 383/517/1862 432/504/1862 433/502/1862
f 384/452/1863 433/502/1863 434/503/1863
f 442/518/1864 443/532/1864 436/519/1864
f 436/519/1865 443/532/1865 444/521/1865
f 444/521/1866 445/534/1866 438/523/1866
f 438/524/1867 445/536/1867 446/525/1867
f 439/526/1868 446/525/1868 447/527/1868
f 440/528/1869 447/527/1869 448/529/1869
f 441/530/1870 448/529/1870 442/518/1870
f 449/531/1871 450/540/1871 443/532/1871
f 443/532/1872 450/540/1872 451/533/1872
f 451/533/1873 452/543/1873 445/534/1873
f 452/535/1874 453/537/1874 446/525/1874
f 453/537/1875 454/546/1875 447/527/1875
f 447/527/1876 454/546/1876 455/538/1876
f 448/529/1877 455/538/1877 449/531/1877
f 456/539/1878 457/541/1878 450/540/1878
f 457/541/1879 458/542/1879 451/533/1879
f 458/542/1880 459/551/1880 452/543/1880
f 452/535/1881 459/552/1881 460/544/1881
f 453/537/1882 460/544/1882 461/545/1882
f 454/546/1883 461/545/1883 462/547/1883
f 455/538/1884 462/547/1884 456/539/1884
f 463/548/1885 464/557/1885 457/541/1885
f 457/541/1886 464/557/1886 465/549/1886
f 458/542/1887 465/549/1887 466/550/1887
f 459/552/1888 466/560/1888 467/553/1888
f 460/544/1889 467/553/1889 468/554/1889
f 468/554/1890 469/555/1890 462/547/1890
f 469/555/1891 463/548/1891 456/539/1891
f 470/556/1892 471/558/1892 464/557/1892
f 471/558/1893 472/1190/1893 465/549/1893
f 465/549/1894 472/1190/1894 473/559/1894
f 466/560/1895 473/1191/1895 474/561/1895
f 474/561/1896 475/562/1896 468/554/1896
f 475/562/1897 476/563/1897 469/555/1897
f 476/563/1898 470/556/1898 463/548/1898
f 470/564/1899 477/577/1899 478/565/1899
f 471/566/1900 478/565/1900 479/567/1900
f 479/567/1901 480/581/1901 473/569/1901
f 480/570/1902 481/573/1902 474/571/1902
f 481/573/1903 482/575/1903 475/574/1903
f 482/575/1904 483/585/1904 476/576/1904
f 476/576/1905 483/585/1905 477/577/1905
f 484/578/1906 485/579/1906 478/565/1906
f 485/579/1907 486/580/1907 479/567/1907
f 486/580/1908 487/588/1908 480/581/1908
f 487/582/1909 488/590/1909 481/573/1909
f 481/573/1910 488/590/1910 489/583/1910
f 482/575/1911 489/583/1911 490/584/1911
f 483/585/1912 490/584/1912 484/578/1912
f 484/578/1913 491/593/1913 492/586/1913
f 492/586/1914 493/587/1914 486/580/1914
f 493/587/1915 494/596/1915 487/588/1915
f 494/589/1916 495/598/1916 488/590/1916
f 488/590/1917 495/598/1917 496/591/1917
f 489/583/1918 496/591/1918 497/592/1918
f 490/584/1919 497/592/1919 491/593/1919
f 491/593/1920 498/602/1920 499/594/1920
f 492/586/1921 499/594/1921 500/595/1921
f 500/595/1922 501/606/1922 494/596/1922
f 501/597/1923 502/599/1923 495/598/1923
f 502/599/1924 503/600/1924 496/591/1924
f 503/600/1925 504/601/1925 497/592/1925
f 504/601/1926 498/602/1926 491/593/1926
f 498/602/1927 505/610/1927 506/603/1927
f 499/594/1928 506/603/1928 507/604/1928
f 500/595/1929 507/604/1929 508/605/1929
f 501/597/1930 508/611/1930 509/607/1930
f 509/607/1931 510/608/1931 503/600/1931
f 510/608/1932 511/609/1932 504/601/1932
f 511/609/1933 505/610/1933 498/602/1933
f 505/610/1934 435/520/1934 436/519/1934
f 506/603/1935 436/519/1935 437/522/1935
f 507/604/494 437/522/494 438/523/494
f 508/611/495 438/524/495 439/526/495
f 439/526/1936 440/528/1936 510/608/1936
f 440/528/1937 441/530/1937 511/609/1937
f 441/530/1938 435/520/1938 505/610/1938
f 531/612/1939 522/706/1939 571/613/1939
f 542/615/1940 543/654/1940 552/616/1940
f 530/618/1941 531/612/1941 570/614/1941
f 544/620/1942 542/688/1942 561/621/1942
f 568/623/1943 529/710/1943 530/624/1943
f 559/626/1944 545/630/1944 544/620/1944
f 528/627/1945 529/710/1945 568/623/1945
f 558/629/1946 546/703/1946 545/630/1946
f 566/631/1947 527/709/1947 528/632/1947
f 547/634/1948 546/693/1948 558/635/1948
f 526/637/1949 527/709/1949 566/631/1949
f 556/639/1950 548/702/1950 547/634/1950
f 525/640/1951 526/708/1951 565/641/1951
f 555/643/1952 549/691/1952 548/644/1952
f 524/646/1953 525/640/1953 564/642/1953
f 550/648/1954 549/691/1954 555/643/1954
f 562/650/1955 523/707/1955 524/646/1955
f 553/651/1956 551/705/1956 550/648/1956
f 571/613/1957 522/706/1957 523/652/1957
f 543/654/1958 551/696/1958 553/655/1958
f 517/656/1959 518/1192/1959 521/657/1959
f 512/658/1960 513/1193/1960 516/659/1960
f 521/657/1961 518/1192/1961 519/660/1961
f 516/659/1962 513/1193/1962 514/662/1962
f 512/664/1963 532/687/1963 533/665/1963
f 514/667/1964 513/1194/1964 533/668/1964
f 515/670/1965 514/667/1965 534/669/1965
f 515/672/1966 535/742/1966 536/673/1966
f 517/675/1967 516/674/1967 536/673/1967
f 518/677/1968 517/675/1968 537/676/1968
f 519/679/1969 518/677/1969 538/678/1969
f 520/681/1970 519/679/1970 539/680/1970
f 520/683/1971 540/1195/1971 541/684/1971
f 521/686/1972 541/747/1972 532/687/1972
f 542/688/1973 544/620/1973 594/689/1973
f 549/691/1974 599/700/1974 598/692/1974
f 546/693/1975 547/634/1975 597/694/1975
f 551/696/1976 543/654/1976 593/697/1976
f 545/630/1977 595/704/1977 594/689/1977
f 549/691/1978 550/648/1978 600/699/1978
f 543/654/1979 542/615/1979 592/701/1979
f 548/702/1980 598/754/1980 597/694/1980
f 546/703/1981 596/1196/1981 595/704/1981
f 551/705/1982 601/759/1982 600/699/1982
f 522/706/1983 552/616/1983 553/655/1983
f 523/707/1984 553/651/1984 554/649/1984
f 554/649/1985 555/643/1985 525/640/1985
f 525/640/1986 555/643/1986 556/645/1986
f 556/639/1987 557/636/1987 527/709/1987
f 527/709/1988 557/636/1988 558/635/1988
f 558/629/1989 559/626/1989 529/710/1989
f 529/710/1990 559/626/1990 560/622/1990
f 560/711/1991 561/617/1991 531/612/1991
f 561/617/1992 552/616/1992 522/706/1992
f 581/712/1993 571/613/1993 562/653/1993
f 572/714/1994 562/650/1994 563/647/1994
f 563/647/1995 564/642/1995 574/716/1995
f 564/642/1996 565/641/1996 575/717/1996
f 565/638/1997 566/631/1997 576/718/1997
f 576/718/1998 566/631/1998 567/633/1998
f 567/633/1999 568/1197/1999 578/721/1999
f 578/722/2000 568/623/2000 569/625/2000
f 569/619/2001 570/614/2001 580/724/2001
f 570/614/2002 571/613/2002 581/712/2002
f 590/726/2003 580/724/2003 581/712/2003
f 579/725/2004 580/724/2004 590/726/2004
f 588/729/2005 578/1198/2005 579/730/2005
f 577/720/2006 578/721/2006 588/732/2006
f 586/734/2007 576/718/2007 577/720/2007
f 575/719/2008 576/718/2008 586/734/2008
f 574/736/2009 575/719/2009 585/735/2009
f 573/715/2010 574/716/2010 584/738/2010
f 582/740/2011 572/714/2011 573/715/2011
f 581/712/2012 572/713/2012 582/741/2012
f 591/727/2013 582/741/2013 533/665/2013
f 582/740/2014 583/739/2014 534/669/2014
f 534/669/2015 583/739/2015 584/738/2015
f 535/742/2016 584/737/2016 585/735/2016
f 585/735/2017 586/734/2017 537/676/2017
f 586/734/2018 587/733/2018 538/678/2018
f 587/733/2019 588/732/2019 539/680/2019
f 539/743/2020 588/1199/2020 589/744/2020
f 540/746/2021 589/728/2021 590/726/2021
f 541/747/2022 590/726/2022 591/727/2022
f 593/697/2023 592/701/2023 602/748/2023
f 596/695/2024 606/764/2024 605/750/2024
f 599/752/2025 609/774/2025 608/753/2025
f 593/697/2026 603/749/2026 611/755/2026
f 595/751/2027 605/750/2027 604/756/2027
f 598/754/2028 608/753/2028 607/758/2028
f 601/759/2029 611/768/2029 610/760/2029
f 592/761/2030 594/1200/2030 604/762/2030
f 596/695/2031 597/694/2031 607/758/2031
f 599/700/2032 600/699/2032 610/760/2032
f 602/763/2033 604/762/2033 614/766/2033
f 611/768/2034 621/1201/2034 620/769/2034
f 608/753/2035 618/775/2035 617/770/2035
f 605/771/2036 615/777/2036 614/766/2036
f 611/755/2037 603/749/2037 613/772/2037
f 609/774/2038 619/787/2038 618/775/2038
f 606/776/2039 616/1202/2039 615/777/2039
f 603/749/2040 602/748/2040 612/778/2040
f 609/765/2041 610/760/2041 620/769/2041
f 606/764/2042 607/758/2042 617/770/2042
f 619/779/2043 620/769/2043 630/781/2043
f 613/772/2044 612/778/2044 622/783/2044
f 616/780/2045 626/795/2045 625/785/2045
f 619/787/2046 629/1203/2046 628/788/2046
f 613/772/2047 623/784/2047 631/789/2047
f 615/777/2048 625/799/2048 624/790/2048
f 618/775/2049 628/788/2049 627/791/2049
f 621/773/2050 631/789/2050 630/792/2050
f 612/767/611 614/766/611 624/790/611
f 616/780/612 617/770/612 627/791/612
f 631/796/2051 641/1204/2051 640/797/2051
f 628/788/2052 638/825/2052 637/798/2052
f 625/799/2053 635/1205/2053 634/800/2053
f 631/789/2054 623/784/2054 633/801/2054
f 629/803/2055 639/815/2055 638/804/2055
f 626/795/2056 636/809/2056 635/806/2056
f 623/784/2057 622/783/2057 632/807/2057
f 629/782/2058 630/781/2058 640/797/2058
f 626/795/621 627/791/621 637/798/621
f 622/794/2059 624/790/2059 634/800/2059
f 633/801/2060 632/807/2060 642/811/2060
f 636/809/2061 637/798/2061 647/813/2061
f 639/815/2062 640/1206/2062 650/816/2062
f 636/809/2063 646/814/2063 645/818/2063
f 639/815/2064 649/817/2064 648/819/2064
f 635/806/2065 645/818/2065 644/820/2065
f 641/802/2066 633/801/2066 643/812/2066
f 632/810/2067 634/800/2067 644/823/2067
f 638/825/2068 648/838/2068 647/813/2068
f 641/802/2069 651/822/2069 650/826/2069
f 652/828/2070 654/832/2070 659/829/2070
f 652/828/2071 653/847/2071 643/812/2071
f 652/828/2072 642/811/2072 644/831/2072
f 654/833/2073 644/820/2073 645/818/2073
f 655/834/2074 645/818/2074 646/814/2074
f 657/836/2075 656/835/2075 646/814/2075
f 658/837/2076 657/836/2076 647/813/2076
f 658/837/2077 648/838/2077 649/839/2077
f 660/841/2078 659/1207/2078 649/842/2078
f 660/841/2079 650/843/2079 651/844/2079
f 661/846/643 651/822/643 643/812/643
f 659/848/2080 654/1208/2080 655/849/2080
f 658/850/2081 655/849/2081 656/851/2081
f 660/853/2082 661/1209/2082 653/854/2082
f 669/1/2083 670/4/2083 663/2/2083
f 663/2/2084 670/4/2084 671/6/2084
f 664/5/2085 671/6/2085 672/18/2085
f 665/8/2086 672/20/2086 673/9/2086
f 673/9/2087 674/11/2087 667/12/2087
f 674/11/2088 675/13/2088 668/14/2088
f 668/14/2089 675/13/2089 669/1/2089
f 669/1/2090 676/15/2090 677/16/2090
f 677/16/2091 678/17/2091 671/6/2091
f 678/17/2092 679/26/2092 672/18/2092
f 679/19/2093 680/28/2093 673/9/2093
f 680/28/2094 681/21/2094 674/11/2094
f 674/11/2095 681/21/2095 682/22/2095
f 675/13/2096 682/22/2096 676/15/2096
f 676/15/2097 683/31/2097 684/23/2097
f 684/23/2098 685/24/2098 678/17/2098
f 678/17/2099 685/24/2099 686/25/2099
f 679/19/2100 686/27/2100 687/29/2100
f 680/28/2101 687/29/2101 688/30/2101
f 681/21/2102 688/30/2102 689/37/2102
f 682/22/2103 689/37/2103 683/31/2103
f 690/32/2104 691/40/2104 684/23/2104
f 684/23/2105 691/40/2105 692/33/2105
f 685/24/2106 692/33/2106 693/34/2106
f 686/27/2107 693/43/2107 694/35/2107
f 687/29/2108 694/35/2108 695/36/2108
f 695/36/2109 696/38/2109 689/37/2109
f 696/38/2110 690/32/2110 683/31/2110
f 697/39/2111 698/1152/2111 691/40/2111
f 691/40/2112 698/1152/2112 699/41/2112
f 692/33/2113 699/41/2113 700/42/2113
f 700/95/2114 701/44/2114 694/35/2114
f 701/44/2115 702/45/2115 695/36/2115
f 702/45/2116 703/46/2116 696/38/2116
f 703/46/2117 697/39/2117 690/32/2117
f 697/47/2118 704/59/2118 705/48/2118
f 698/49/2119 705/48/2119 706/50/2119
f 706/50/2120 707/63/2120 700/52/2120
f 707/65/685 708/54/685 701/55/685
f 701/55/2121 708/54/2121 709/57/2121
f 709/57/2122 710/68/2122 703/58/2122
f 703/58/2123 710/68/2123 704/59/2123
f 711/60/2124 712/61/2124 705/48/2124
f 712/61/2125 713/62/2125 706/50/2125
f 713/62/2126 714/71/2126 707/63/2126
f 714/64/2127 715/73/2127 708/54/2127
f 715/73/2128 716/66/2128 709/57/2128
f 709/57/2129 716/66/2129 717/67/2129
f 710/68/2130 717/67/2130 711/60/2130
f 711/60/2131 718/76/2131 719/69/2131
f 712/61/2132 719/69/2132 720/70/2132
f 720/70/2133 721/79/2133 714/71/2133
f 721/72/2134 722/74/2134 715/73/2134
f 715/73/2135 722/74/2135 723/82/2135
f 723/82/2136 724/75/2136 717/67/2136
f 717/67/2137 724/75/2137 718/76/2137
f 718/76/2138 725/85/2138 726/77/2138
f 719/69/2139 726/77/2139 727/87/2139
f 727/87/2140 728/78/2140 721/79/2140
f 721/72/2141 728/89/2141 729/80/2141
f 722/74/2142 729/80/2142 730/81/2142
f 730/81/2143 731/83/2143 724/75/2143
f 731/83/2144 725/85/2144 718/76/2144
f 732/84/2145 733/93/2145 726/77/2145
f 726/77/2146 733/93/2146 734/86/2146
f 727/87/2147 734/86/2147 735/88/2147
f 728/89/2148 735/94/2148 736/90/2148
f 729/80/2149 736/90/2149 737/91/2149
f 737/91/2150 738/92/2150 731/83/2150
f 738/92/2151 732/84/2151 725/85/2151
f 732/84/2152 662/3/2152 663/2/2152
f 733/93/2153 663/2/2153 664/5/2153
f 734/86/2154 664/5/2154 665/7/2154
f 735/94/720 665/8/720 666/10/720
f 666/10/2155 667/12/2155 737/91/2155
f 667/12/2156 668/14/2156 738/92/2156
f 668/14/2157 662/3/2157 732/84/2157
f 746/856/2158 747/869/2158 740/857/2158
f 740/857/2159 747/869/2159 748/859/2159
f 748/859/2160 749/872/2160 742/861/2160
f 742/862/2161 749/874/2161 750/863/2161
f 750/863/2162 751/866/2162 744/865/2162
f 751/866/2163 752/877/2163 745/867/2163
f 745/867/2164 752/877/2164 746/856/2164
f 753/868/2165 754/870/2165 747/869/2165
f 754/870/2166 755/871/2166 748/859/2166
f 755/871/2167 756/881/2167 749/872/2167
f 756/873/2168 757/883/2168 750/863/2168
f 750/863/2169 757/883/2169 758/875/2169
f 751/866/2170 758/875/2170 759/876/2170
f 752/877/2171 759/876/2171 753/868/2171
f 760/878/2172 761/879/2172 754/870/2172
f 761/879/2173 762/887/2173 755/871/2173
f 755/871/2174 762/887/2174 763/880/2174
f 756/873/2175 763/889/2175 764/882/2175
f 757/883/2176 764/882/2176 765/884/2176
f 765/884/2177 766/892/2177 759/876/2177
f 759/876/2178 766/892/2178 760/878/2178
f 767/885/2179 768/886/2179 761/879/2179
f 768/886/2180 769/896/2180 762/887/2180
f 762/887/2181 769/896/2181 770/888/2181
f 763/889/2182 770/898/2182 771/890/2182
f 764/882/2183 771/890/2183 772/891/2183
f 772/891/2184 773/893/2184 766/892/2184
f 773/893/2185 767/885/2185 760/878/2185
f 774/894/2186 775/1210/2186 768/886/2186
f 768/886/2187 775/1210/2187 776/895/2187
f 769/896/2188 776/895/2188 777/897/2188
f 770/898/2189 777/1211/2189 778/899/2189
f 771/890/2190 778/899/2190 779/900/2190
f 779/900/2191 780/901/2191 773/893/2191
f 780/901/2192 774/894/2192 767/885/2192
f 774/902/2193 781/915/2193 782/903/2193
f 775/904/2194 782/903/2194 783/905/2194
f 783/905/2195 784/918/2195 777/907/2195
f 784/908/2196 785/920/2196 778/909/2196
f 778/909/2197 785/920/2197 786/911/2197
f 786/911/2198 787/914/2198 780/913/2198
f 787/914/2199 781/915/2199 774/902/2199
f 781/915/2200 788/923/2200 789/916/2200
f 782/903/2201 789/916/2201 790/917/2201
f 790/917/2202 791/926/2202 784/918/2202
f 791/919/2203 792/928/2203 785/920/2203
f 785/920/2204 792/928/2204 793/921/2204
f 786/911/2205 793/921/2205 794/922/2205
f 787/914/2206 794/922/2206 788/923/2206
f 788/923/2207 795/930/2207 796/924/2207
f 789/916/2208 796/924/2208 797/925/2208
f 797/925/2209 798/933/2209 791/926/2209
f 798/927/2210 799/935/2210 792/928/2210
f 792/928/2211 799/935/2211 800/929/2211
f 800/929/2212 801/938/2212 794/922/2212
f 794/922/2213 801/938/2213 795/930/2213
f 795/930/2214 802/939/2214 803/931/2214
f 796/924/2215 803/931/2215 804/932/2215
f 804/932/2216 805/943/2216 798/933/2216
f 805/934/2217 806/936/2217 799/935/2217
f 806/936/2218 807/945/2218 800/929/2218
f 800/929/2219 807/945/2219 808/937/2219
f 808/937/2220 802/939/2220 795/930/2220
f 802/939/2221 809/947/2221 810/940/2221
f 803/931/2222 810/940/2222 811/941/2222
f 804/932/2223 811/941/2223 812/942/2223
f 805/934/2224 812/948/2224 813/944/2224
f 813/944/2225 814/946/2225 807/945/2225
f 814/946/2226 815/949/2226 808/937/2226
f 808/937/2227 815/949/2227 809/947/2227
f 809/947/2228 739/858/2228 740/857/2228
f 810/940/2229 740/857/2229 741/860/2229
f 741/860/2230 742/861/2230 812/942/2230
f 742/862/797 743/864/797 813/944/797
f 743/864/2231 744/865/2231 814/946/2231
f 744/865/2232 745/867/2232 815/949/2232
f 745/867/2233 739/858/2233 809/947/2233
f 834/950/2234 835/1212/2234 851/951/2234
f 857/953/2235 836/979/2235 837/954/2235
f 854/956/2236 838/970/2236 839/957/2236
f 856/959/2237 840/978/2237 841/960/2237
f 863/962/2238 860/963/2238 880/963/2238
f 832/964/2239 842/993/2239 817/965/2239
f 819/967/2240 842/993/2240 832/964/2240
f 822/962/2241 871/962/2241 868/969/2241
f 852/955/2242 837/954/2242 838/970/2242
f 841/971/2243 834/950/2243 855/952/2243
f 824/973/2244 818/974/2244 869/974/2244
f 823/975/2245 844/968/2245 832/964/2245
f 832/964/2246 848/966/2246 821/977/2246
f 818/974/2247 828/969/2247 868/969/2247
f 853/958/2248 839/957/2248 840/978/2248
f 851/951/2249 835/1212/2249 836/979/2249
f 843/980/2250 835/991/2250 834/981/2250
f 829/983/2251 845/990/2251 837/954/2251
f 827/985/2252 847/992/2252 839/957/2252
f 849/986/2253 841/989/2253 840/987/2253
f 849/986/2254 825/982/2254 834/981/2254
f 845/990/2255 827/985/2255 838/970/2255
f 829/983/2256 836/984/2256 835/991/2256
f 831/988/2257 840/987/2257 839/957/2257
f 819/967/2258 843/980/2258 825/982/2258
f 823/975/2259 845/990/2259 829/983/2259
f 846/976/2260 821/977/2260 847/992/2260
f 848/966/2261 817/965/2261 849/986/2261
f 817/965/2262 842/993/2262 825/982/2262
f 823/975/2263 846/976/2263 827/985/2263
f 844/968/2264 829/983/2264 843/980/2264
f 848/966/2265 831/988/2265 847/992/2265
f 818/974/2266 851/951/2266 857/953/2266
f 820/994/2267 853/958/2267 856/959/2267
f 850/972/2268 855/952/2268 824/973/2268
f 822/962/2269 852/955/2269 854/956/2269
f 856/959/2270 850/961/2270 816/998/2270
f 854/956/2271 853/958/2271 820/994/2271
f 828/969/2272 857/953/2272 852/955/2272
f 824/973/2273 855/952/2273 851/951/2273
f 866/999/2274 862/997/2274 865/994/2274
f 863/962/2275 862/997/2275 866/999/2275
f 861/1001/2276 860/963/2276 866/999/2276
f 866/999/2277 864/1000/2277 859/1003/2277
f 862/997/2278 877/997/2278 875/994/2278
f 858/1002/2279 878/1002/2279 874/1001/2279
f 820/994/2280 830/995/2280 872/995/2280
f 865/994/2281 875/994/2281 881/1000/2281
f 872/995/2282 881/995/2282 875/994/2282
f 869/974/2283 874/974/2283 878/973/2283
f 870/997/2284 873/994/2284 875/994/2284
f 871/962/2285 870/997/2285 877/997/2285
f 868/969/2286 880/969/2286 874/974/2286
f 872/995/2287 867/998/2287 879/998/2287
f 867/996/2288 833/973/2288 878/973/2288
f 871/962/2289 876/962/2289 880/969/2289
f 859/1003/2290 879/1003/2290 878/1002/2290
f 859/1003/2238 864/1000/2238 881/1000/2238
f 826/997/2291 820/994/2291 873/994/2291
f 826/997/2292 870/997/2292 871/962/2292
f 860/963/2293 861/1001/2293 874/1001/2293
f 816/998/2294 867/998/2294 872/995/2294
f 824/973/2295 833/973/2295 867/996/2295
f 863/962/2296 876/962/2296 877/997/2296
f 900/950/2297 901/1212/2297 917/951/2297
f 923/953/2298 902/979/2298 903/954/2298
f 920/956/2299 904/970/2299 905/957/2299
f 922/959/2300 906/978/2300 907/960/2300
f 929/962/2301 926/963/2301 946/963/2301
f 898/964/2302 908/993/2302 883/965/2302
f 885/967/2303 908/993/2303 898/964/2303
f 888/962/2304 937/962/2304 934/969/2304
f 918/955/2305 903/954/2305 904/970/2305
f 907/971/2306 900/950/2306 921/952/2306
f 890/973/2307 884/974/2307 935/974/2307
f 889/975/2308 910/968/2308 898/964/2308
f 898/964/2309 914/966/2309 887/977/2309
f 884/974/2310 894/969/2310 934/969/2310
f 919/958/2311 905/957/2311 906/978/2311
f 917/951/2312 901/1212/2312 902/979/2312
f 909/980/2313 901/991/2313 900/981/2313
f 895/983/2314 911/990/2314 903/954/2314
f 893/985/2315 913/992/2315 905/957/2315
f 915/986/2316 907/989/2316 906/987/2316
f 915/986/2317 891/982/2317 900/981/2317
f 911/990/2318 893/985/2318 904/970/2318
f 895/983/2319 902/984/2319 901/991/2319
f 897/988/2320 906/987/2320 905/957/2320
f 885/967/2321 909/980/2321 891/982/2321
f 889/975/2322 911/990/2322 895/983/2322
f 912/976/2323 887/977/2323 913/992/2323
f 914/966/2324 883/965/2324 915/986/2324
f 883/965/2325 908/993/2325 891/982/2325
f 889/975/2326 912/976/2326 893/985/2326
f 910/968/2327 895/983/2327 909/980/2327
f 914/966/2328 897/988/2328 913/992/2328
f 884/974/2329 917/951/2329 923/953/2329
f 886/994/2330 919/958/2330 922/959/2330
f 916/972/2331 921/952/2331 890/973/2331
f 888/962/2332 918/955/2332 920/956/2332
f 922/959/2333 916/961/2333 882/998/2333
f 920/956/2334 919/958/2334 886/994/2334
f 894/969/2335 923/953/2335 918/955/2335
f 890/973/2336 921/952/2336 917/951/2336
f 932/999/2337 928/997/2337 931/994/2337
f 929/962/2338 928/997/2338 932/999/2338
f 927/1001/2339 926/963/2339 932/999/2339
f 932/999/2340 930/1000/2340 925/1003/2340
f 928/997/2341 943/997/2341 941/994/2341
f 924/1002/2342 944/1002/2342 940/1001/2342
f 886/994/2343 896/995/2343 938/995/2343
f 931/994/2344 941/994/2344 947/1000/2344
f 938/995/2345 947/995/2345 941/994/2345
f 935/974/2346 940/974/2346 944/973/2346
f 936/997/2347 939/994/2347 941/994/2347
f 937/962/2348 936/997/2348 943/997/2348
f 934/969/2349 946/969/2349 940/974/2349
f 938/995/2350 933/998/2350 945/998/2350
f 933/996/2351 899/973/2351 944/973/2351
f 937/962/2352 942/962/2352 946/969/2352
f 925/1003/2353 945/1003/2353 944/1002/2353
f 925/1003/2354 930/1000/2354 947/1000/2354
f 892/997/2355 886/994/2355 939/994/2355
f 892/997/2356 936/997/2356 937/962/2356
f 926/963/2357 927/1001/2357 940/1001/2357
f 882/998/2358 933/998/2358 938/995/2358
f 890/973/2359 899/973/2359 933/996/2359
f 929/962/2360 942/962/2360 943/997/2360
f 955/1004/2361 956/1007/2361 949/1005/2361
f 956/1007/2362 957/1009/2362 950/1008/2362
f 957/1009/2363 958/1021/2363 951/1010/2363
f 951/1011/2364 958/1023/2364 959/1012/2364
f 952/1013/2365 959/1012/2365 960/1014/2365
f 953/1015/2366 960/1014/2366 961/1016/2366
f 954/1017/2367 961/1016/2367 955/1004/2367
f 962/1018/2368 963/1019/2368 956/1007/2368
f 963/1019/2369 964/1020/2369 957/1009/2369
f 964/1020/2370 965/1029/2370 958/1021/2370
f 965/1022/2371 966/1031/2371 959/1012/2371
f 959/1012/2372 966/1031/2372 967/1024/2372
f 960/1014/2373 967/1024/2373 968/1025/2373
f 961/1016/2374 968/1025/2374 962/1018/2374
f 962/1018/2375 969/1034/2375 970/1026/2375
f 963/1019/2376 970/1026/2376 971/1027/2376
f 964/1020/2377 971/1027/2377 972/1028/2377
f 972/1030/2378 973/1032/2378 966/1031/2378
f 973/1032/2379 974/1033/2379 967/1024/2379
f 974/1033/2380 975/1040/2380 968/1025/2380
f 968/1025/2381 975/1040/2381 969/1034/2381
f 976/1035/2382 977/1043/2382 970/1026/2382
f 970/1026/2383 977/1043/2383 978/1036/2383
f 971/1027/2384 978/1036/2384 979/1037/2384
f 972/1030/2385 979/1046/2385 980/1038/2385
f 980/1038/2386 981/1039/2386 974/1033/2386
f 981/1039/2387 982/1041/2387 975/1040/2387
f 982/1041/2388 976/1035/2388 969/1034/2388
f 983/1042/2389 984/1213/2389 977/1043/2389
f 977/1043/2390 984/1213/2390 985/1044/2390
f 978/1036/2391 985/1044/2391 986/1045/2391
f 979/1046/2392 986/1214/2392 987/1047/2392
f 987/1047/2393 988/1048/2393 981/1039/2393
f 988/1048/2394 989/1049/2394 982/1041/2394
f 989/1049/2395 983/1042/2395 976/1035/2395
f 983/1050/2396 990/1063/2396 991/1051/2396
f 991/1051/2397 992/1054/2397 985/1053/2397
f 992/1054/2398 993/1067/2398 986/1055/2398
f 993/1056/2399 994/1069/2399 987/1057/2399
f 987/1057/2400 994/1069/2400 995/1059/2400
f 988/1060/2401 995/1059/2401 996/1061/2401
f 989/1062/2402 996/1061/2402 990/1063/2402
f 997/1064/2403 998/1065/2403 991/1051/2403
f 998/1065/2404 999/1066/2404 992/1054/2404
f 999/1066/2405 1000/1074/2405 993/1067/2405
f 1000/1068/2406 1001/1076/2406 994/1069/2406
f 994/1069/2407 1001/1076/2407 1002/1070/2407
f 995/1059/2408 1002/1070/2408 1003/1071/2408
f 996/1061/2409 1003/1071/2409 997/1064/2409
f 997/1064/2410 1004/1079/2410 1005/1072/2410
f 1005/1072/2411 1006/1073/2411 999/1066/2411
f 1006/1073/2412 1007/1083/2412 1000/1074/2412
f 1007/1075/2413 1008/1085/2413 1001/1076/2413
f 1001/1076/2414 1008/1085/2414 1009/1077/2414
f 1002/1070/2415 1009/1077/2415 1010/1078/2415
f 1003/1071/2416 1010/1078/2416 1004/1079/2416
f 1004/1079/2417 1011/1089/2417 1012/1080/2417
f 1005/1072/2418 1012/1080/2418 1013/1081/2418
f 1006/1073/2419 1013/1081/2419 1014/1082/2419
f 1007/1075/2420 1014/1092/2420 1015/1084/2420
f 1015/1084/2421 1016/1086/2421 1009/1077/2421
f 1016/1086/2422 1017/1087/2422 1010/1078/2422
f 1017/1087/2423 1011/1089/2423 1004/1079/2423
f 1018/1088/2424 1019/1096/2424 1012/1080/2424
f 1012/1080/2425 1019/1096/2425 1020/1090/2425
f 1013/1081/2426 1020/1090/2426 1021/1091/2426
f 1014/1092/2427 1021/1097/2427 1022/1093/2427
f 1022/1093/2428 1023/1094/2428 1016/1086/2428
f 1023/1094/2429 1024/1095/2429 1017/1087/2429
f 1024/1095/2430 1018/1088/2430 1011/1089/2430
f 948/1006/2431 949/1005/2431 1019/1096/2431
f 1019/1096/2432 949/1005/2432 950/1008/2432
f 1020/1090/2433 950/1008/2433 951/1010/2433
f 1021/1097/2434 951/1011/2434 952/1013/2434
f 952/1013/2435 953/1015/2435 1023/1094/2435
f 953/1015/2436 954/1017/2436 1024/1095/2436
f 954/1017/2437 948/1006/2437 1018/1088/2437
f 1043/950/2438 1044/1212/2438 1060/951/2438
f 1066/953/2439 1045/979/2439 1046/954/2439
f 1063/956/2440 1047/970/2440 1048/957/2440
f 1065/959/2441 1049/978/2441 1050/960/2441
f 1072/962/2442 1069/963/2442 1089/963/2442
f 1041/964/2443 1051/993/2443 1026/965/2443
f 1028/967/2444 1051/993/2444 1041/964/2444
f 1031/962/2445 1080/962/2445 1077/969/2445
f 1061/955/2446 1046/954/2446 1047/970/2446
f 1050/971/2447 1043/950/2447 1064/952/2447
f 1033/973/2448 1027/974/2448 1078/974/2448
f 1032/975/2449 1053/968/2449 1041/964/2449
f 1041/964/2450 1057/966/2450 1030/977/2450
f 1027/974/2451 1037/969/2451 1077/969/2451
f 1062/958/2452 1048/957/2452 1049/978/2452
f 1060/951/2453 1044/1212/2453 1045/979/2453
f 1052/980/2454 1044/991/2454 1043/981/2454
f 1038/983/2455 1054/990/2455 1046/954/2455
f 1036/985/2456 1056/992/2456 1048/957/2456
f 1058/986/2457 1050/989/2457 1049/987/2457
f 1058/986/2458 1034/982/2458 1043/981/2458
f 1054/990/2459 1036/985/2459 1047/970/2459
f 1038/983/2460 1045/984/2460 1044/991/2460
f 1040/988/2461 1049/987/2461 1048/957/2461
f 1028/967/2462 1052/980/2462 1034/982/2462
f 1032/975/2463 1054/990/2463 1038/983/2463
f 1055/976/2464 1030/977/2464 1056/992/2464
f 1057/966/2465 1026/965/2465 1058/986/2465
f 1026/965/2466 1051/993/2466 1034/982/2466
f 1032/975/2467 1055/976/2467 1036/985/2467
f 1053/968/2468 1038/983/2468 1052/980/2468
f 1057/966/2469 1040/988/2469 1056/992/2469
f 1027/974/2470 1060/951/2470 1066/953/2470
f 1029/994/2471 1062/958/2471 1065/959/2471
f 1059/972/2472 1064/952/2472 1033/973/2472
f 1031/962/2473 1061/955/2473 1063/956/2473
f 1065/959/2474 1059/961/2474 1025/998/2474
f 1063/956/2475 1062/958/2475 1029/994/2475
f 1037/969/2476 1066/953/2476 1061/955/2476
f 1033/973/2477 1064/952/2477 1060/951/2477
f 1075/999/2478 1071/997/2478 1074/994/2478
f 1072/962/2479 1071/997/2479 1075/999/2479
f 1070/1001/2480 1069/963/2480 1075/999/2480
f 1075/999/2481 1073/1000/2481 1068/1003/2481
f 1071/997/2482 1086/997/2482 1084/994/2482
f 1067/1002/2483 1087/1002/2483 1083/1001/2483
f 1029/994/2484 1039/995/2484 1081/995/2484
f 1074/994/2485 1084/994/2485 1090/1000/2485
f 1081/995/2486 1090/995/2486 1084/994/2486
f 1078/974/2487 1083/974/2487 1087/973/2487
f 1079/997/2488 1082/994/2488 1084/994/2488
f 1080/962/2489 1079/997/2489 1086/997/2489
f 1077/969/2490 1089/969/2490 1083/974/2490
f 1081/995/2491 1076/998/2491 1088/998/2491
f 1076/996/2492 1042/973/2492 1087/973/2492
f 1080/962/2493 1085/962/2493 1089/969/2493
f 1068/1003/2494 1088/1003/2494 1087/1002/2494
f 1068/1003/2442 1073/1000/2442 1090/1000/2442
f 1035/997/2495 1029/994/2495 1082/994/2495
f 1035/997/2496 1079/997/2496 1080/962/2496
f 1069/963/2497 1070/1001/2497 1083/1001/2497
f 1025/998/2498 1076/998/2498 1081/995/2498
f 1033/973/2499 1042/973/2499 1076/996/2499
f 1072/962/2500 1085/962/2500 1086/997/2500
f 1109/1098/2501 1110/1215/2501 1126/1099/2501
f 1132/1101/2502 1111/1127/2502 1112/1102/2502
f 1129/1104/2503 1113/1118/2503 1114/1105/2503
f 1131/1107/2504 1115/1126/2504 1116/1108/2504
f 1138/1110/2505 1135/1111/2505 1155/1111/2505
f 1107/1112/2506 1117/1141/2506 1092/1113/2506
f 1094/1115/2507 1117/1141/2507 1107/1112/2507
f 1097/1110/2508 1146/1110/2508 1143/1117/2508
f 1127/1103/2509 1112/1102/2509 1113/1118/2509
f 1116/1119/2510 1109/1098/2510 1130/1100/2510
f 1099/1121/2511 1093/1122/2511 1144/1122/2511
f 1098/1123/2512 1119/1116/2512 1107/1112/2512
f 1107/1112/2513 1123/1114/2513 1096/1125/2513
f 1093/1122/2514 1103/1117/2514 1143/1117/2514
f 1128/1106/2515 1114/1105/2515 1115/1126/2515
f 1126/1099/2516 1110/1215/2516 1111/1127/2516
f 1118/1128/2517 1110/1139/2517 1109/1129/2517
f 1104/1131/2518 1120/1138/2518 1112/1102/2518
f 1102/1133/2519 1122/1140/2519 1114/1105/2519
f 1124/1134/2520 1116/1137/2520 1115/1135/2520
f 1124/1134/2521 1100/1130/2521 1109/1129/2521
f 1120/1138/2522 1102/1133/2522 1113/1118/2522
f 1104/1131/2523 1111/1132/2523 1110/1139/2523
f 1106/1136/2524 1115/1135/2524 1114/1105/2524
f 1094/1115/2525 1118/1128/2525 1100/1130/2525
f 1098/1123/2526 1120/1138/2526 1104/1131/2526
f 1121/1124/2527 1096/1125/2527 1122/1140/2527
f 1123/1114/2528 1092/1113/2528 1124/1134/2528
f 1092/1113/2529 1117/1141/2529 1100/1130/2529
f 1098/1123/2530 1121/1124/2530 1102/1133/2530
f 1119/1116/2531 1104/1131/2531 1118/1128/2531
f 1123/1114/2532 1106/1136/2532 1122/1140/2532
f 1093/1122/2533 1126/1099/2533 1132/1101/2533
f 1095/1142/2534 1128/1106/2534 1131/1107/2534
f 1125/1120/2535 1130/1100/2535 1099/1121/2535
f 1097/1110/2536 1127/1103/2536 1129/1104/2536
f 1131/1107/2537 1125/1109/2537 1091/1146/2537
f 1129/1104/2538 1128/1106/2538 1095/1142/2538
f 1103/1117/2539 1132/1101/2539 1127/1103/2539
f 1099/1121/2540 1130/1100/2540 1126/1099/2540
f 1141/1147/2541 1137/1145/2541 1140/1142/2541
f 1138/1110/2542 1137/1145/2542 1141/1147/2542
f 1136/1149/2543 1135/1111/2543 1141/1147/2543
f 1141/1147/2544 1139/1148/2544 1134/1151/2544
f 1137/1145/2545 1152/1145/2545 1150/1142/2545
f 1133/1150/2546 1153/1150/2546 1149/1149/2546
f 1095/1142/2547 1105/1143/2547 1147/1143/2547
f 1140/1142/2548 1150/1142/2548 1156/1148/2548
f 1147/1143/2549 1156/1143/2549 1150/1142/2549
f 1144/1122/2550 1149/1122/2550 1153/1121/2550
f 1145/1145/2551 1148/1142/2551 1150/1142/2551
f 1146/1110/2552 1145/1145/2552 1152/1145/2552
f 1143/1117/2553 1155/1117/2553 1149/1122/2553
f 1147/1143/2554 1142/1146/2554 1154/1146/2554
f 1142/1144/2555 1108/1121/2555 1153/1121/2555
f 1146/1110/2556 1151/1110/2556 1155/1117/2556
f 1134/1151/2557 1154/1151/2557 1153/1150/2557
f 1134/1151/2558 1139/1148/2558 1156/1148/2558
f 1101/1145/2559 1095/1142/2559 1148/1142/2559
f 1101/1145/2560 1145/1145/2560 1146/1110/2560
f 1135/1111/2561 1136/1149/2561 1149/1149/2561
f 1091/1146/2562 1142/1146/2562 1147/1143/2562
f 1099/1121/2563 1108/1121/2563 1142/1144/2563
f 1138/1110/2564 1151/1110/2564 1152/1145/2564
f 1175/950/2565 1176/1212/2565 1192/951/2565
f 1198/953/2566 1177/979/2566 1178/954/2566
f 1195/956/2567 1179/970/2567 1180/957/2567
f 1197/959/2568 1181/978/2568 1182/960/2568
f 1204/962/2569 1201/963/2569 1221/963/2569
f 1173/964/2570 1183/993/2570 1158/965/2570
f 1160/967/2571 1183/993/2571 1173/964/2571
f 1163/962/2572 1212/962/2572 1209/969/2572
f 1193/955/2573 1178/954/2573 1179/970/2573
f 1182/971/2574 1175/950/2574 1196/952/2574
f 1165/973/2575 1159/974/2575 1210/974/2575
f 1164/975/2576 1185/968/2576 1173/964/2576
f 1173/964/2577 1189/966/2577 1162/977/2577
f 1159/974/2578 1169/969/2578 1209/969/2578
f 1194/958/2579 1180/957/2579 1181/978/2579
f 1192/951/2580 1176/1212/2580 1177/979/2580
f 1184/980/2581 1176/991/2581 1175/981/2581
f 1170/983/2582 1186/990/2582 1178/954/2582
f 1168/985/2583 1188/992/2583 1180/957/2583
f 1190/986/2584 1182/989/2584 1181/987/2584
f 1190/986/2585 1166/982/2585 1175/981/2585
f 1186/990/2586 1168/985/2586 1179/970/2586
f 1170/983/2587 1177/984/2587 1176/991/2587
f 1172/988/2588 1181/987/2588 1180/957/2588
f 1160/967/2589 1184/980/2589 1166/982/2589
f 1164/975/2590 1186/990/2590 1170/983/2590
f 1187/976/2591 1162/977/2591 1188/992/2591
f 1189/966/2592 1158/965/2592 1190/986/2592
f 1158/965/2593 1183/993/2593 1166/982/2593
f 1164/975/2594 1187/976/2594 1168/985/2594
f 1185/968/2595 1170/983/2595 1184/980/2595
f 1189/966/2596 1172/988/2596 1188/992/2596
f 1159/974/2597 1192/951/2597 1198/953/2597
f 1161/994/2598 1194/958/2598 1197/959/2598
f 1191/972/2599 1196/952/2599 1165/973/2599
f 1163/962/2600 1193/955/2600 1195/956/2600
f 1197/959/2601 1191/961/2601 1157/998/2601
f 1195/956/2602 1194/958/2602 1161/994/2602
f 1169/969/2603 1198/953/2603 1193/955/2603
f 1165/973/2604 1196/952/2604 1192/951/2604
f 1207/999/2605 1203/997/2605 1206/994/2605
f 1204/962/2606 1203/997/2606 1207/999/2606
f 1202/1001/2607 1201/963/2607 1207/999/2607
f 1207/999/2608 1205/1000/2608 1200/1003/2608
f 1203/997/2609 1218/997/2609 1216/994/2609
f 1199/1002/2610 1219/1002/2610 1215/1001/2610
f 1161/994/2611 1171/995/2611 1213/995/2611
f 1206/994/2612 1216/994/2612 1222/1000/2612
f 1213/995/2613 1222/995/2613 1216/994/2613
f 1210/974/2614 1215/974/2614 1219/973/2614
f 1211/997/2615 1214/994/2615 1216/994/2615
f 1212/962/2616 1211/997/2616 1218/997/2616
f 1209/969/2617 1221/969/2617 1215/974/2617
f 1213/995/2618 1208/998/2618 1220/998/2618
f 1208/996/2619 1174/973/2619 1219/973/2619
f 1212/962/2620 1217/962/2620 1221/969/2620
f 1200/1003/2621 1220/1003/2621 1219/1002/2621
f 1200/1003/2622 1205/1000/2622 1222/1000/2622
f 1167/997/2623 1161/994/2623 1214/994/2623
f 1167/997/2624 1211/997/2624 1212/962/2624
f 1201/963/2625 1202/1001/2625 1215/1001/2625
f 1157/998/2626 1208/998/2626 1213/995/2626
f 1165/973/2627 1174/973/2627 1208/996/2627
f 1204/962/2628 1217/962/2628 1218/997/2628
f 1241/950/2629 1242/1212/2629 1258/951/2629
f 1264/953/2630 1243/979/2630 1244/954/2630
f 1261/956/2631 1245/970/2631 1246/957/2631
f 1263/959/2632 1247/978/2632 1248/960/2632
f 1270/962/2633 1267/963/2633 1287/963/2633
f 1239/964/2634 1249/993/2634 1224/965/2634
f 1226/967/2635 1249/993/2635 1239/964/2635
f 1229/962/2636 1278/962/2636 1275/969/2636
f 1259/955/2637 1244/954/2637 1245/970/2637
f 1248/971/2638 1241/950/2638 1262/952/2638
f 1231/973/2639 1225/974/2639 1276/974/2639
f 1230/975/2640 1251/968/2640 1239/964/2640
f 1239/964/2640 1255/966/2640 1228/977/2640
f 1225/974/2641 1235/969/2641 1275/969/2641
f 1260/958/2642 1246/957/2642 1247/978/2642
f 1258/951/2643 1242/1212/2643 1243/979/2643
f 1250/980/2644 1242/991/2644 1241/981/2644
f 1236/983/2645 1252/990/2645 1244/954/2645
f 1234/985/2646 1254/992/2646 1246/957/2646
f 1256/986/2647 1248/989/2647 1247/987/2647
f 1256/986/2648 1232/982/2648 1241/981/2648
f 1252/990/2649 1234/985/2649 1245/970/2649
f 1236/983/2650 1243/984/2650 1242/991/2650
f 1238/988/2651 1247/987/2651 1246/957/2651
f 1226/967/2652 1250/980/2652 1232/982/2652
f 1230/975/2653 1252/990/2653 1236/983/2653
f 1253/976/2654 1228/977/2654 1254/992/2654
f 1255/966/2655 1224/965/2655 1256/986/2655
f 1224/965/2656 1249/993/2656 1232/982/2656
f 1230/975/2657 1253/976/2657 1234/985/2657
f 1251/968/2658 1236/983/2658 1250/980/2658
f 1255/966/2659 1238/988/2659 1254/992/2659
f 1225/974/2660 1258/951/2660 1264/953/2660
f 1227/994/2661 1260/958/2661 1263/959/2661
f 1257/972/2662 1262/952/2662 1231/973/2662
f 1229/962/2663 1259/955/2663 1261/956/2663
f 1263/959/2664 1257/961/2664 1223/998/2664
f 1261/956/2665 1260/958/2665 1227/994/2665
f 1235/969/2666 1264/953/2666 1259/955/2666
f 1231/973/2667 1262/952/2667 1258/951/2667
f 1273/999/2668 1269/997/2668 1272/994/2668
f 1270/962/2669 1269/997/2669 1273/999/2669
f 1268/1001/2670 1267/963/2670 1273/999/2670
f 1273/999/2671 1271/1000/2671 1266/1003/2671
f 1269/997/2672 1284/997/2672 1282/994/2672
f 1265/1002/2673 1285/1002/2673 1281/1001/2673
f 1227/994/2674 1237/995/2674 1279/995/2674
f 1272/994/2675 1282/994/2675 1288/1000/2675
f 1279/995/2676 1288/995/2676 1282/994/2676
f 1276/974/2677 1281/974/2677 1285/973/2677
f 1277/997/2678 1280/994/2678 1282/994/2678
f 1278/962/2679 1277/997/2679 1284/997/2679
f 1275/969/2680 1287/969/2680 1281/974/2680
f 1279/995/2681 1274/998/2681 1286/998/2681
f 1274/996/2682 1240/973/2682 1285/973/2682
f 1278/962/2683 1283/962/2683 1287/969/2683
f 1266/1003/2684 1286/1003/2684 1285/1002/2684
f 1266/1003/2685 1271/1000/2685 1288/1000/2685
f 1233/997/2686 1227/994/2686 1280/994/2686
f 1233/997/2687 1277/997/2687 1278/962/2687
f 1267/963/2688 1268/1001/2688 1281/1001/2688
f 1223/998/2689 1274/998/2689 1279/995/2689
f 1231/973/2690 1240/973/2690 1274/996/2690
f 1270/962/2691 1283/962/2691 1284/997/2691
f 1307/1098/2692 1308/1215/2692 1324/1099/2692
f 1330/1101/2693 1309/1127/2693 1310/1102/2693
f 1327/1104/2694 1311/1118/2694 1312/1105/2694
f 1329/1107/2695 1313/1126/2695 1314/1108/2695
f 1336/1110/2696 1333/1111/2696 1353/1111/2696
f 1305/1112/2697 1315/1141/2697 1290/1113/2697
f 1292/1115/2698 1315/1141/2698 1305/1112/2698
f 1295/1110/2699 1344/1110/2699 1341/1117/2699
f 1325/1103/2700 1310/1102/2700 1311/1118/2700
f 1314/1119/2701 1307/1098/2701 1328/1100/2701
f 1297/1121/2702 1291/1122/2702 1342/1122/2702
f 1296/1123/2703 1317/1116/2703 1305/1112/2703
f 1305/1112/2704 1321/1114/2704 1294/1125/2704
f 1291/1122/2705 1301/1117/2705 1341/1117/2705
f 1326/1106/2706 1312/1105/2706 1313/1126/2706
f 1324/1099/2707 1308/1215/2707 1309/1127/2707
f 1316/1128/2708 1308/1139/2708 1307/1129/2708
f 1302/1131/2709 1318/1138/2709 1310/1102/2709
f 1300/1133/2710 1320/1140/2710 1312/1105/2710
f 1322/1134/2711 1314/1137/2711 1313/1135/2711
f 1322/1134/2712 1298/1130/2712 1307/1129/2712
f 1318/1138/2713 1300/1133/2713 1311/1118/2713
f 1302/1131/2714 1309/1132/2714 1308/1139/2714
f 1304/1136/2715 1313/1135/2715 1312/1105/2715
f 1292/1115/2716 1316/1128/2716 1298/1130/2716
f 1296/1123/2717 1318/1138/2717 1302/1131/2717
f 1319/1124/2718 1294/1125/2718 1320/1140/2718
f 1321/1114/2719 1290/1113/2719 1322/1134/2719
f 1290/1113/2720 1315/1141/2720 1298/1130/2720
f 1296/1123/2721 1319/1124/2721 1300/1133/2721
f 1317/1116/2722 1302/1131/2722 1316/1128/2722
f 1321/1114/2723 1304/1136/2723 1320/1140/2723
f 1291/1122/2724 1324/1099/2724 1330/1101/2724
f 1293/1142/2725 1326/1106/2725 1329/1107/2725
f 1323/1120/2726 1328/1100/2726 1297/1121/2726
f 1295/1110/2727 1325/1103/2727 1327/1104/2727
f 1329/1107/2728 1323/1109/2728 1289/1146/2728
f 1327/1104/2729 1326/1106/2729 1293/1142/2729
f 1301/1117/2730 1330/1101/2730 1325/1103/2730
f 1297/1121/2731 1328/1100/2731 1324/1099/2731
f 1339/1147/2732 1335/1145/2732 1338/1142/2732
f 1336/1110/2733 1335/1145/2733 1339/1147/2733
f 1334/1149/2734 1333/1111/2734 1339/1147/2734
f 1339/1147/2735 1337/1148/2735 1332/1151/2735
f 1335/1145/2736 1350/1145/2736 1348/1142/2736
f 1331/1150/2737 1351/1150/2737 1347/1149/2737
f 1293/1142/2738 1303/1143/2738 1345/1143/2738
f 1338/1142/2739 1348/1142/2739 1354/1148/2739
f 1345/1143/2740 1354/1143/2740 1348/1142/2740
f 1342/1122/2741 1347/1122/2741 1351/1121/2741
f 1343/1145/2742 1346/1142/2742 1348/1142/2742
f 1344/1110/2743 1343/1145/2743 1350/1145/2743
f 1341/1117/2744 1353/1117/2744 1347/1122/2744
f 1345/1143/2745 1340/1146/2745 1352/1146/2745
f 1340/1144/2746 1306/1121/2746 1351/1121/2746
f 1344/1110/2747 1349/1110/2747 1353/1117/2747
f 1332/1151/2748 1352/1151/2748 1351/1150/2748
f 1332/1151/2696 1337/1148/2696 1354/1148/2696
f 1299/1145/2749 1293/1142/2749 1346/1142/2749
f 1299/1145/2750 1343/1145/2750 1344/1110/2750
f 1333/1111/2751 1334/1149/2751 1347/1149/2751
f 1289/1146/2752 1340/1146/2752 1345/1143/2752
f 1297/1121/2753 1306/1121/2753 1340/1144/2753
f 1336/1110/2754 1349/1110/2754 1350/1145/2754
f 1373/950/2565 1374/1212/2565 1390/951/2565
f 1396/953/2566 1375/979/2566 1376/954/2566
f 1393/956/2567 1377/970/2567 1378/957/2567
f 1395/959/2568 1379/978/2568 1380/960/2568
f 1402/962/2569 1399/963/2569 1419/963/2569
f 1371/964/2755 1381/993/2755 1356/965/2755
f 1358/967/2756 1381/993/2756 1371/964/2756
f 1361/962/2572 1410/962/2572 1407/969/2572
f 1391/955/2573 1376/954/2573 1377/970/2573
f 1380/971/2574 1373/950/2574 1394/952/2574
f 1363/973/2757 1357/974/2757 1408/974/2757
f 1362/975/2758 1383/968/2758 1371/964/2758
f 1371/964/2759 1387/966/2759 1360/977/2759
f 1357/974/2578 1367/969/2578 1407/969/2578
f 1392/958/2579 1378/957/2579 1379/978/2579
f 1390/951/2580 1374/1212/2580 1375/979/2580
f 1382/980/2581 1374/991/2581 1373/981/2581
f 1368/983/2582 1384/990/2582 1376/954/2582
f 1366/985/2583 1386/992/2583 1378/957/2583
f 1388/986/2760 1380/989/2760 1379/987/2760
f 1388/986/2761 1364/982/2761 1373/981/2761
f 1384/990/2762 1366/985/2762 1377/970/2762
f 1368/983/2587 1375/984/2587 1374/991/2587
f 1370/988/2588 1379/987/2588 1378/957/2588
f 1358/967/2763 1382/980/2763 1364/982/2763
f 1362/975/2590 1384/990/2590 1368/983/2590
f 1385/976/2764 1360/977/2764 1386/992/2764
f 1387/966/2765 1356/965/2765 1388/986/2765
f 1356/965/2593 1381/993/2593 1364/982/2593
f 1362/975/2594 1385/976/2594 1366/985/2594
f 1383/968/2595 1368/983/2595 1382/980/2595
f 1387/966/2766 1370/988/2766 1386/992/2766
f 1357/974/2597 1390/951/2597 1396/953/2597
f 1359/994/2598 1392/958/2598 1395/959/2598
f 1389/972/2599 1394/952/2599 1363/973/2599
f 1361/962/2600 1391/955/2600 1393/956/2600
f 1395/959/2601 1389/961/2601 1355/998/2601
f 1393/956/2602 1392/958/2602 1359/994/2602
f 1367/969/2603 1396/953/2603 1391/955/2603
f 1363/973/2604 1394/952/2604 1390/951/2604
f 1405/999/2605 1401/997/2605 1404/994/2605
f 1402/962/2606 1401/997/2606 1405/999/2606
f 1400/1001/2607 1399/963/2607 1405/999/2607
f 1405/999/2608 1403/1000/2608 1398/1003/2608
f 1401/997/2767 1416/997/2767 1414/994/2767
f 1397/1002/2610 1417/1002/2610 1413/1001/2610
f 1359/994/2611 1369/995/2611 1411/995/2611
f 1404/994/2612 1414/994/2612 1420/1000/2612
f 1411/995/2613 1420/995/2613 1414/994/2613
f 1408/974/2614 1413/974/2614 1417/973/2614
f 1409/997/2615 1412/994/2615 1414/994/2615
f 1410/962/2616 1409/997/2616 1416/997/2616
f 1407/969/2617 1419/969/2617 1413/974/2617
f 1411/995/2618 1406/998/2618 1418/998/2618
f 1406/996/2619 1372/973/2619 1417/973/2619
f 1410/962/2620 1415/962/2620 1419/969/2620
f 1398/1003/2621 1418/1003/2621 1417/1002/2621
f 1398/1003/2622 1403/1000/2622 1420/1000/2622
f 1365/997/2623 1359/994/2623 1412/994/2623
f 1365/997/2624 1409/997/2624 1410/962/2624
f 1399/963/2768 1400/1001/2768 1413/1001/2768
f 1355/998/2626 1406/998/2626 1411/995/2626
f 1363/973/2627 1372/973/2627 1406/996/2627
f 1402/962/2628 1415/962/2628 1416/997/2628
f 1439/950/2769 1440/1212/2769 1456/951/2769
f 1462/953/2770 1441/979/2770 1442/954/2770
f 1459/956/2771 1443/970/2771 1444/957/2771
f 1461/959/2772 1445/978/2772 1446/960/2772
f 1468/962/2773 1465/963/2773 1485/963/2773
f 1437/964/2774 1447/993/2774 1422/965/2774
f 1424/967/2775 1447/993/2775 1437/964/2775
f 1427/962/2776 1476/962/2776 1473/969/2776
f 1457/955/2777 1442/954/2777 1443/970/2777
f 1446/971/2778 1439/950/2778 1460/952/2778
f 1429/973/2779 1423/974/2779 1474/974/2779
f 1428/975/2780 1449/968/2780 1437/964/2780
f 1437/964/1341 1453/966/1341 1426/977/1341
f 1423/974/2781 1433/969/2781 1473/969/2781
f 1458/958/2782 1444/957/2782 1445/978/2782
f 1456/951/2783 1440/1212/2783 1441/979/2783
f 1448/980/2784 1440/991/2784 1439/981/2784
f 1434/983/2785 1450/990/2785 1442/954/2785
f 1432/985/2786 1452/992/2786 1444/957/2786
f 1454/986/2787 1446/989/2787 1445/987/2787
f 1454/986/2788 1430/982/2788 1439/981/2788
f 1450/990/2789 1432/985/2789 1443/970/2789
f 1434/983/2790 1441/984/2790 1440/991/2790
f 1436/988/2791 1445/987/2791 1444/957/2791
f 1424/967/2792 1448/980/2792 1430/982/2792
f 1428/975/2793 1450/990/2793 1434/983/2793
f 1451/976/2794 1426/977/2794 1452/992/2794
f 1453/966/2795 1422/965/2795 1454/986/2795
f 1422/965/2796 1447/993/2796 1430/982/2796
f 1428/975/2797 1451/976/2797 1432/985/2797
f 1449/968/2798 1434/983/2798 1448/980/2798
f 1453/966/2799 1436/988/2799 1452/992/2799
f 1423/974/2800 1456/951/2800 1462/953/2800
f 1425/994/2801 1458/958/2801 1461/959/2801
f 1455/972/2802 1460/952/2802 1429/973/2802
f 1427/962/2803 1457/955/2803 1459/956/2803
f 1461/959/2804 1455/961/2804 1421/998/2804
f 1459/956/2805 1458/958/2805 1425/994/2805
f 1433/969/2806 1462/953/2806 1457/955/2806
f 1429/973/2807 1460/952/2807 1456/951/2807
f 1471/999/2808 1467/997/2808 1470/994/2808
f 1468/962/2809 1467/997/2809 1471/999/2809
f 1466/1001/2810 1465/963/2810 1471/999/2810
f 1471/999/2811 1469/1000/2811 1464/1003/2811
f 1467/997/2812 1482/997/2812 1480/994/2812
f 1463/1002/2813 1483/1002/2813 1479/1001/2813
f 1425/994/2814 1435/995/2814 1477/995/2814
f 1470/994/2815 1480/994/2815 1486/1000/2815
f 1477/995/2816 1486/995/2816 1480/994/2816
f 1474/974/2817 1479/974/2817 1483/973/2817
f 1475/997/2818 1478/994/2818 1480/994/2818
f 1476/962/2819 1475/997/2819 1482/997/2819
f 1473/969/2820 1485/969/2820 1479/974/2820
f 1477/995/2821 1472/998/2821 1484/998/2821
f 1472/996/2822 1438/973/2822 1483/973/2822
f 1476/962/2823 1481/962/2823 1485/969/2823
f 1464/1003/2824 1484/1003/2824 1483/1002/2824
f 1464/1003/2825 1469/1000/2825 1486/1000/2825
f 1431/997/2826 1425/994/2826 1478/994/2826
f 1431/997/2827 1475/997/2827 1476/962/2827
f 1465/963/2828 1466/1001/2828 1479/1001/2828
f 1421/998/2829 1472/998/2829 1477/995/2829
f 1429/973/2830 1438/973/2830 1472/996/2830
f 1468/962/2831 1481/962/2831 1482/997/2831
f 1505/1098/2832 1506/1215/2832 1522/1099/2832
f 1528/1101/2833 1507/1127/2833 1508/1102/2833
f 1525/1104/2834 1509/1118/2834 1510/1105/2834
f 1527/1107/2835 1511/1126/2835 1512/1108/2835
f 1534/1110/2836 1531/1111/2836 1551/1111/2836
f 1503/1112/2837 1513/1141/2837 1488/1113/2837
f 1490/1115/2838 1513/1141/2838 1503/1112/2838
f 1493/1110/2839 1542/1110/2839 1539/1117/2839
f 1523/1103/2840 1508/1102/2840 1509/1118/2840
f 1512/1119/2841 1505/1098/2841 1526/1100/2841
f 1495/1121/2842 1489/1122/2842 1540/1122/2842
f 1494/1123/2843 1515/1116/2843 1503/1112/2843
f 1503/1112/2844 1519/1114/2844 1492/1125/2844
f 1489/1122/2845 1499/1117/2845 1539/1117/2845
f 1524/1106/2846 1510/1105/2846 1511/1126/2846
f 1522/1099/2847 1506/1215/2847 1507/1127/2847
f 1514/1128/2848 1506/1139/2848 1505/1129/2848
f 1500/1131/2849 1516/1138/2849 1508/1102/2849
f 1498/1133/2850 1518/1140/2850 1510/1105/2850
f 1520/1134/2851 1512/1137/2851 1511/1135/2851
f 1520/1134/2852 1496/1130/2852 1505/1129/2852
f 1516/1138/2853 1498/1133/2853 1509/1118/2853
f 1500/1131/2854 1507/1132/2854 1506/1139/2854
f 1502/1136/2855 1511/1135/2855 1510/1105/2855
f 1490/1115/2856 1514/1128/2856 1496/1130/2856
f 1494/1123/2857 1516/1138/2857 1500/1131/2857
f 1517/1124/2858 1492/1125/2858 1518/1140/2858
f 1519/1114/2859 1488/1113/2859 1520/1134/2859
f 1488/1113/2860 1513/1141/2860 1496/1130/2860
f 1494/1123/2861 1517/1124/2861 1498/1133/2861
f 1515/1116/2862 1500/1131/2862 1514/1128/2862
f 1519/1114/2863 1502/1136/2863 1518/1140/2863
f 1489/1122/2864 1522/1099/2864 1528/1101/2864
f 1491/1142/2865 1524/1106/2865 1527/1107/2865
f 1521/1120/2866 1526/1100/2866 1495/1121/2866
f 1493/1110/2867 1523/1103/2867 1525/1104/2867
f 1527/1107/2868 1521/1109/2868 1487/1146/2868
f 1525/1104/2869 1524/1106/2869 1491/1142/2869
f 1499/1117/2870 1528/1101/2870 1523/1103/2870
f 1495/1121/2871 1526/1100/2871 1522/1099/2871
f 1537/1147/2872 1533/1145/2872 1536/1142/2872
f 1534/1110/2873 1533/1145/2873 1537/1147/2873
f 1532/1149/2874 1531/1111/2874 1537/1147/2874
f 1537/1147/2875 1535/1148/2875 1530/1151/2875
f 1533/1145/2876 1548/1145/2876 1546/1142/2876
f 1529/1150/2877 1549/1150/2877 1545/1149/2877
f 1491/1142/2878 1501/1143/2878 1543/1143/2878
f 1536/1142/2879 1546/1142/2879 1552/1148/2879
f 1543/1143/2880 1552/1143/2880 1546/1142/2880
f 1540/1122/2881 1545/1122/2881 1549/1121/2881
f 1541/1145/2882 1544/1142/2882 1546/1142/2882
f 1542/1110/2883 1541/1145/2883 1548/1145/2883
f 1539/1117/2884 1551/1117/2884 1545/1122/2884
f 1543/1143/2885 1538/1146/2885 1550/1146/2885
f 1538/1144/2886 1504/1121/2886 1549/1121/2886
f 1542/1110/2887 1547/1110/2887 1551/1117/2887
f 1530/1151/2888 1550/1151/2888 1549/1150/2888
f 1530/1151/2836 1535/1148/2836 1552/1148/2836
f 1497/1145/2889 1491/1142/2889 1544/1142/2889
f 1497/1145/2890 1541/1145/2890 1542/1110/2890
f 1531/1111/2891 1532/1149/2891 1545/1149/2891
f 1487/1146/2892 1538/1146/2892 1543/1143/2892
f 1495/1121/2893 1504/1121/2893 1538/1144/2893
f 1534/1110/2894 1547/1110/2894 1548/1145/2894
