# Blender 4.2.0
# www.blender.org
mtllib tree_3_c.mtl
g trunk_3_c_Mesh
v -0.128673 0.073028 0.480068
v -0.035398 0.684885 0.512901
v -0.569206 0.033035 -0.007652
v -0.335496 0.684885 0.081490
v 0.608835 0.078913 0.091815
v 0.309719 0.720194 0.185357
v 0.081664 0.008006 -0.480313
v 0.068469 0.684885 -0.177414
v -0.308298 0.073028 -0.328210
v -0.209655 0.684885 -0.125791
v 0.486996 0.115045 0.766733
v 0.142253 0.720868 0.463609
v -0.512733 0.031788 0.350261
v -0.283873 0.684885 0.387061
v 0.517081 0.075970 -0.228022
v 0.258096 0.720194 -0.051574
v -0.282435 1.089991 0.352244
v -0.438131 1.082635 -0.084285
v 0.099358 0.999756 0.230634
v -0.025443 0.999756 -0.205895
v -0.268090 1.051289 -0.218323
v -0.044132 1.029221 0.366243
v -0.448788 1.095278 0.206167
v 0.110015 0.987114 -0.059818
v 0.286716 2.082586 -0.647646
v 0.506083 1.283220 -0.144298
v 0.524564 1.947239 -0.533903
v 0.445860 1.985683 -0.694878
v 0.570867 1.441601 -0.105266
v 0.278371 2.130319 -0.507796
v 0.427360 2.383499 -0.634195
v 0.655258 2.370177 -0.487578
v 0.568692 2.359688 -0.695693
v 0.492504 2.424704 -0.496865
v 0.401515 2.539963 -0.508774
v 0.582486 2.525336 -0.444853
v 0.507305 2.541238 -0.554170
v 0.395905 2.533648 -0.400841
v 0.248920 1.669675 -0.578430
v 0.062909 1.701104 -0.681397
v 0.460124 1.555215 -0.127148
v -0.103003 1.760764 -0.564812
v 0.403793 1.491898 -0.207503
v 0.162822 1.834546 -0.446747
v -0.105967 -0.000922 0.453140
v -0.546464 -0.000922 0.016613
v 0.578533 0.003013 0.059585
v 0.095156 -0.000922 -0.430186
v -0.294727 -0.000922 -0.268087
v 0.262587 -0.000922 0.487993
v -0.499661 -0.000922 0.310001
v 0.331377 -0.000922 -0.344867
v -0.127797 -0.000922 0.040925
v -0.006171 0.277558 0.528216
v -0.562180 0.135585 -0.020656
v 0.210675 0.222195 -0.406659
v 0.623134 0.300400 0.033626
v 0.240280 0.389971 0.552578
v -0.249850 0.335736 -0.269706
v 0.331523 0.205742 -0.375511
v -0.505256 0.140004 0.336063
v -0.027463 0.497142 0.535045
v -0.495605 0.314992 0.102754
v 0.094361 0.497142 -0.265286
v 0.564378 0.536111 0.081307
v 0.234656 0.543399 0.508340
v -0.204127 0.497142 -0.204740
v 0.517599 0.505969 -0.117691
v -0.462637 0.314636 0.248221
v 0.047963 1.389734 -0.506852
v -0.147446 1.588060 0.057872
v 0.164989 1.389827 -0.325671
v 0.207753 1.464660 -0.122808
v -0.167364 1.497582 -0.518730
v 0.125007 1.541954 0.036071
v -0.329842 1.586252 -0.388418
v -0.336314 1.599609 -0.195692
v -0.422143 0.287434 -0.061938
v -0.478171 0.073028 -0.048397
v -0.352671 0.287434 0.340560
v -0.408485 0.073028 0.355087
v -0.472779 -0.000922 0.005374
v -0.418362 -0.000922 0.316456
v -0.344885 0.497142 0.076511
v -0.300955 0.497142 0.278132
v -0.845403 0.029855 0.159318
v -0.742481 0.029113 0.279028
v -0.742182 0.061398 0.279376
v -0.844840 0.059354 0.159972
v -0.804469 -0.000922 0.163780
v -0.718384 -0.000922 0.240331
v -0.809937 0.097006 0.200569
v -0.765005 0.096837 0.252831
v 0.142303 0.325650 -0.318678
v 0.011539 0.073028 -0.397896
v 0.024902 -0.000922 -0.358538
v 0.537938 0.320362 -0.198499
v 0.380142 0.021382 -0.340438
v 0.478569 0.003013 -0.195560
v 0.303994 0.027669 -0.829083
v 0.229046 0.025900 -0.800522
v 0.256648 0.075812 -0.813366
v 0.254806 -0.000922 -0.787693
v 0.284692 0.075344 -0.819403
v 0.294057 -0.000922 -0.798455
v -0.616044 -0.000922 0.073053
v -0.592642 -0.000922 0.284449
v -0.656172 0.031445 0.061350
v -0.652659 0.097470 0.055279
v -0.619372 0.205999 0.143754
v -0.602888 0.205737 0.250948
v -0.624197 0.100701 0.312372
v -0.627936 0.030450 0.319242
v -0.931275 0.035216 0.279812
v -0.849712 0.034771 0.327727
v -0.849475 0.054116 0.327867
v -0.930830 0.052891 0.280074
v -0.906240 -0.000922 0.281878
v -0.854152 -0.000922 0.313300
v -0.903169 0.075452 0.296323
v -0.867562 0.075351 0.317241
v -0.970596 0.040653 0.417874
v -0.940461 0.040510 0.422006
v -0.940374 0.046730 0.422018
v -0.970431 0.046336 0.417896
v -0.948679 -0.000922 0.385658
v -0.928456 -0.000922 0.388567
v -0.960212 0.053591 0.419298
v -0.947056 0.053558 0.421101
v 0.372461 -0.000922 -0.515053
v 0.400904 0.023120 -0.525025
v 0.361290 0.149262 -0.541014
v 0.280667 0.157822 -0.559683
v 0.194530 0.015173 -0.594962
v 0.217876 -0.000922 -0.595315
v 0.141338 0.031951 -0.983702
v 0.119015 0.031375 -0.970129
v 0.127099 0.047633 -0.975873
v 0.132558 -0.000922 -0.961963
v 0.135726 0.047480 -0.979462
v 0.145516 -0.000922 -0.965467
v 0.467813 0.091673 0.447027
v 0.504675 0.021210 0.453336
v 0.205163 0.041478 0.622025
v 0.474570 -0.000922 0.460989
v 0.381066 0.169000 0.662023
v 0.406437 -0.000922 0.655374
v 0.230032 -0.000922 0.608643
v 0.240920 0.104081 0.569776
v 0.501463 0.063981 0.751870
v 0.376342 0.038888 1.042861
v 0.402135 0.053751 0.784817
v 0.479731 0.020860 0.736219
v 0.459047 0.137216 0.780801
v 0.447779 0.020860 0.746848
v 0.425548 0.020860 0.775395
v 0.408555 0.106126 0.792590
v 0.464557 0.067880 0.951224
v 0.474119 0.040959 0.951697
v 0.977866 0.073139 -0.277962
v 0.425457 0.035566 0.920232
v 0.462727 0.018160 0.942052
v 0.449684 0.079569 0.944329
v 0.447504 0.018160 0.934179
v 0.441295 0.018160 0.928838
v 0.426167 0.063178 0.926310
v 0.379807 0.027899 1.045305
v 0.373966 0.028055 1.035874
v 0.365925 0.025697 1.022148
v 0.389725 0.018392 1.021276
v 0.371748 0.043660 1.036787
v 0.385076 0.018392 1.017675
v 0.380161 0.018392 1.013012
v 0.365402 0.036969 1.024558
v 0.998148 0.061792 -0.265121
v 0.967999 0.043236 -0.256180
v 0.952622 0.061270 -0.302663
v 0.962583 0.074652 -0.288807
v 0.948135 0.043236 -0.276811
v 0.658238 0.081914 -0.199598
v 0.648147 0.019568 -0.155845
v 0.683258 0.214096 -0.128024
v 0.735413 -0.000063 0.024864
v 0.770004 0.064704 0.046237
v 0.733566 0.184978 -0.026572
v 0.780040 0.069001 -0.205762
v 0.799453 0.158242 -0.140682
v 0.884044 -0.004250 -0.091009
v 0.873845 0.127135 -0.081471
v 0.780797 0.018654 -0.174677
v 0.931199 0.047931 -0.073048
v 0.431126 0.196036 0.324162
v 0.271889 0.256851 0.616817
v 0.415957 0.001046 0.375648
v 0.442407 0.050061 0.356411
v 0.038245 0.057253 0.551046
v 0.117374 0.190819 0.548996
v 0.334512 -0.000922 0.571683
v 0.073562 -0.000922 0.539760
v -0.070769 0.684885 -0.151570
v -0.148582 0.073028 -0.363009
v 0.246719 0.720194 0.323493
v -0.114512 1.030711 -0.212117
v 0.027523 1.014507 0.298524
v 0.510638 1.961324 -0.658007
v 0.522907 1.373106 -0.062314
v 0.639269 2.347798 -0.664983
v 0.570731 2.518723 -0.519631
v 0.409284 1.541818 -0.128617
v 0.126782 1.694361 -0.669664
v 0.420360 0.001043 0.274060
v -0.135115 -0.000922 -0.313255
v 0.175003 0.001043 -0.077168
v 0.393714 0.345454 0.441241
v -0.054022 0.330699 -0.294161
v 0.383061 0.545588 0.362731
v -0.055072 0.497142 -0.234975
v -0.088489 1.447400 -0.512799
v 0.156414 1.512537 -0.050237
v 0.440461 -0.000922 0.558304
v 0.458209 0.121128 0.550085
v 0.463735 0.020860 0.741540
v 0.473004 0.126145 0.773776
v 0.455106 0.018160 0.938111
v 0.457111 0.073732 0.947772
v 0.376883 0.027977 1.040584
v 0.387397 0.018392 1.019473
v 0.374042 0.041277 1.039820
v 0.375183 0.000061 0.473790
v 0.416253 0.234437 0.460846
v 0.401515 2.590924 -0.488260
v 0.584282 2.599601 -0.391045
v 0.507305 2.597325 -0.533220
v 0.374545 2.591983 -0.388513
v 0.576324 2.568947 -0.499919
v 0.587344 2.642986 -0.340959
v 0.580241 2.765409 -0.431776
v 0.401719 2.868637 -0.512462
v 0.270381 2.855184 -0.529712
v 0.256249 2.855770 -0.410766
v 0.649490 2.862779 -0.300770
v 0.641030 2.874055 -0.328237
v 0.562790 2.943036 -0.359725
v 0.659497 2.949154 -0.301545
v 0.612896 2.928116 -0.391966
v 0.510000 2.781413 -0.469462
v 0.324929 2.707333 -0.346119
v 0.283472 2.779397 -0.509183
v 0.606798 2.967350 -0.316017
v 0.378819 2.539689 -0.455875
v 0.397038 2.388607 -0.562533
v 0.258885 2.111026 -0.579961
v 0.042286 0.993435 -0.132856
v -0.443459 1.088956 0.060941
v 0.163283 0.702539 -0.114494
v -0.309684 0.684885 0.234276
v 0.490685 2.818449 -0.318312
v 0.428839 2.819801 -0.423136
v 0.467684 2.840031 -0.405989
v -0.098845 1.823196 -0.473287
v 0.251736 0.001046 -0.277049
v -0.445570 -0.000922 0.160915
v -0.211262 -0.000922 -0.113581
v 0.340120 0.323006 -0.258589
v 0.305980 0.501556 -0.191489
v -0.322920 0.497142 0.177322
v 0.107907 1.362612 -0.436151
v -0.333078 1.592931 -0.292055
v -0.523063 -0.000922 0.163307
v -0.479121 0.314814 0.175488
v -0.761427 -0.000922 0.202056
v -0.787471 0.096921 0.226700
v 0.213266 -0.000922 -0.387526
v 0.271099 0.213969 -0.391085
v 0.274431 -0.000922 -0.793074
v 0.270670 0.075578 -0.816384
v -0.604343 -0.000922 0.178751
v -0.611130 0.205868 0.197351
v -0.880196 -0.000922 0.297589
v -0.885365 0.075402 0.306782
v -0.955528 0.040582 0.419940
v -0.955402 0.046533 0.419957
v -0.938568 -0.000922 0.387113
v -0.953634 0.053574 0.420200
v 0.295168 -0.000922 -0.555184
v 0.320979 0.153542 -0.550348
v 0.130176 0.031663 -0.976915
v 0.139037 -0.000922 -0.963715
v 0.131412 0.047556 -0.977667
v 0.019944 0.000061 -0.195211
v 0.378819 2.584671 -0.435731
v 0.294199 2.790892 -0.466205
v 0.276379 2.838974 -0.466992
v 0.449207 2.812181 -0.374992
v 0.326765 2.779503 -0.322004
v 0.424601 2.857287 -0.454676
v 0.290097 2.857750 -0.492805
v 0.304250 2.818390 -0.420216
v 0.606145 2.807486 -0.298078
v 0.592302 2.787695 -0.324990
v 0.624797 2.851914 -0.349568
v 0.603040 2.821826 -0.372827
v 0.583293 2.883561 -0.373288
v 0.579911 2.818125 -0.436793
v 0.527957 2.949645 -0.423866
v 0.480107 2.970903 -0.521976
v 0.497107 2.852222 -0.318307
v 0.490056 2.835357 -0.348913
v 0.651533 2.905046 -0.296376
v 0.406504 1.565368 -0.060869
v 0.576721 1.367067 -0.049679
v 0.427477 2.401639 -0.482332
v 0.345331 2.098135 -0.488360
v -0.103979 1.789021 -0.350763
v 0.449246 2.551848 -0.400989
v 0.446690 2.614735 -0.404392
v 0.299356 2.784307 -0.433300
v 0.317366 2.748769 -0.336736
v 0.286221 2.850314 -0.379326
v 0.248536 1.729265 -0.070938
v -0.055700 1.529079 -0.239554
v -0.002434 1.697226 -0.044233
v 0.526361 2.812084 -0.279494
v 0.520632 2.787155 -0.273602
v 0.430190 1.609934 -0.248089
v 0.292540 1.716878 -0.517574
v 0.489026 2.765306 -0.268248
v 0.539257 2.553256 -0.373313
v 0.465631 2.742861 -0.285606
v 0.512341 2.724968 -0.307306
v 0.512562 2.622884 -0.336117
v 0.547374 2.429576 -0.472007
v 0.551352 1.409172 -0.189109
v 0.487159 2.121007 -0.484862
v 0.433393 2.622848 -0.578460
v 0.569902 2.728751 -0.429120
v 0.524240 2.624209 -0.660061
v 0.712062 2.728786 -0.498014
v 0.510669 2.377834 -0.494694
v 0.607755 2.554051 -0.350533
v 0.601517 2.379195 -0.576294
v 0.749914 2.554086 -0.419427
v 0.576212 2.533874 -0.642032
v 0.761687 2.620429 -0.473127
v 0.446383 2.531928 -0.525418
v 0.558530 2.620379 -0.374671
v 0.464879 2.639644 -0.634508
v 0.632259 2.756138 -0.481552
v 0.570030 2.362399 -0.520246
v 0.687558 2.526699 -0.366995
v 0.883590 2.911832 -0.279958
v 0.511297 2.532901 -0.583725
v 0.644502 2.774503 -0.317446
v 0.753406 2.761031 -0.418186
v 0.688124 2.680461 -0.257348
v 0.797028 2.666989 -0.358088
v 0.792111 2.709317 -0.416080
v 0.636479 2.728569 -0.272115
v 0.687746 2.793348 -0.383352
v 0.753783 2.648144 -0.292181
v 1.423230 3.216862 -0.319223
v 0.947940 2.848984 -0.349026
v 0.894192 2.833412 -0.198723
v 0.958541 2.770564 -0.267791
v 0.967046 2.796290 -0.323227
v 0.875085 2.886106 -0.224522
v 0.913491 2.897233 -0.331920
v 0.928641 2.785164 -0.215829
v 1.452592 3.150200 -0.378105
v 1.412246 3.152611 -0.251961
v 1.441607 3.085950 -0.310843
v 1.453399 3.103774 -0.357107
v 1.411439 3.199038 -0.272960
v 1.440268 3.197315 -0.363095
v 1.424570 3.105496 -0.266972
v 1.818457 3.326068 -0.257453
v 1.846033 3.306288 -0.303326
v 1.846711 3.289031 -0.224499
v 1.874287 3.269251 -0.270372
v 1.866076 3.283525 -0.296691
v 1.826668 3.311793 -0.231134
v 1.826183 3.324124 -0.287460
v 1.866561 3.271195 -0.240365
v 2.228556 3.336077 -0.133505
v 2.041608 3.372238 -0.181222
v 2.050975 3.362873 -0.216946
v 2.045552 3.335847 -0.170647
v 2.054919 3.326481 -0.206371
v 2.054956 3.342667 -0.219323
v 2.041570 3.356052 -0.168270
v 2.045445 3.375362 -0.201352
v 2.051081 3.323357 -0.186241
v 2.233642 3.329502 -0.154373
v 2.222512 3.315064 -0.128358
v 2.227598 3.308489 -0.149226
v 2.231711 3.317585 -0.156277
v 2.224443 3.326981 -0.126455
v 2.232396 3.337298 -0.145044
v 2.223758 3.307269 -0.137688
v 2.299198 3.383072 -0.074175
v 2.305389 3.385597 -0.085429
v 2.308890 3.375010 -0.070651
v 2.315081 3.377534 -0.081906
v 2.311563 3.382107 -0.086082
v 2.302716 3.378500 -0.069999
v 2.300214 3.386065 -0.080558
v 2.314065 3.374542 -0.075523
v 2.307139 3.380303 -0.078040
v 1.675182 3.235301 -0.373358
v 1.673505 3.273577 -0.381017
v 1.664615 3.221568 -0.304118
v 1.671412 3.214239 -0.341203
v 1.658716 3.254358 -0.284116
v 1.667606 3.306368 -0.361016
v 1.660809 3.313697 -0.323930
v 1.657039 3.292635 -0.291776
v 1.108576 2.929295 -0.242307
v 1.137252 2.886872 -0.222380
v 1.135425 2.954009 -0.339818
v 1.108402 2.956627 -0.291242
v 1.203505 2.879038 -0.338921
v 1.203679 2.851706 -0.289986
v 1.176655 2.854324 -0.241409
v 1.174828 2.921461 -0.358847
v 0.325694 2.052523 -0.511827
v 0.332040 2.057009 -0.585481
v 0.267674 2.085140 -0.500319
v 0.258640 2.103258 -0.540984
v 0.206798 1.746424 -0.499716
v 0.216521 1.819830 -0.694271
v 0.094273 1.809684 -0.477397
v 0.074167 1.909526 -0.607972
v 0.230818 2.050720 -0.495560
v 0.201137 2.061793 -0.559822
v 0.313733 2.004107 -0.512006
v 0.361816 1.974796 -0.707078
v 0.303425 2.077481 -0.496599
v 0.308843 2.094098 -0.555472
v 0.137461 1.761279 -0.506930
v 0.119155 1.837597 -0.666174
v 0.220376 2.542577 -1.096767
v 0.272276 2.027414 -0.503783
v 0.390007 2.241498 -0.958942
v 0.249030 2.322968 -0.772923
v 0.241715 2.108828 -1.033809
v 0.100737 2.190300 -0.847791
v 0.155878 2.263216 -0.754480
v 0.354947 2.151837 -1.024725
v 0.358775 2.318584 -0.846980
v 0.131969 2.113213 -0.959752
v -0.313990 2.537996 -1.993304
v 0.113333 2.652347 -0.955230
v 0.046095 2.444002 -1.189177
v -0.060947 2.553772 -1.047640
v 0.003228 2.626609 -0.971069
v 0.156200 2.469739 -1.173337
v 0.204245 2.618610 -1.006173
v -0.044816 2.477739 -1.138234
v -0.389288 2.603776 -1.854624
v -0.275411 2.396597 -1.905287
v -0.350708 2.462377 -1.766607
v -0.386152 2.547189 -1.780863
v -0.278545 2.453184 -1.979048
v -0.359915 2.601222 -1.942847
v -0.304783 2.399150 -1.817064
v -1.269632 2.443059 -1.916710
v -1.282669 2.535680 -1.870350
v -1.287027 2.395039 -1.825663
v -1.300064 2.487660 -1.779304
v -1.294163 2.531541 -1.814880
v -1.275532 2.399178 -1.881132
v -1.272418 2.499672 -1.913063
v -1.297278 2.431047 -1.782950
v -1.861312 2.714024 -2.189362
v -1.685548 2.472063 -2.033181
v -1.662394 2.527338 -2.016974
v -1.731696 2.479409 -1.992308
v -1.708542 2.534684 -1.976101
v -1.680501 2.542870 -1.993060
v -1.713589 2.463877 -2.016222
v -1.664070 2.498124 -2.033845
v -1.730020 2.508622 -1.975436
v -1.851607 2.738348 -2.180887
v -1.875254 2.711371 -2.165778
v -1.865549 2.735694 -2.157305
v -1.856496 2.742239 -2.167278
v -1.870365 2.707479 -2.179388
v -1.853468 2.726755 -2.190185
v -1.873393 2.722964 -2.156482
v -1.910488 2.856974 -2.181908
v -1.896804 2.850595 -2.176491
v -1.918241 2.851221 -2.169097
v -1.904556 2.844842 -2.163681
v -1.897744 2.846350 -2.168924
v -1.917301 2.855465 -2.176665
v -1.901983 2.855018 -2.181948
v -1.913061 2.846797 -2.163641
v -1.907522 2.850907 -2.172794
v -0.028620 2.698512 -1.552690
v -0.016055 2.650295 -1.517739
v 0.014692 2.905586 -1.622485
v 0.029712 2.871153 -1.622790
v -0.064543 2.929865 -1.505909
v -0.136214 2.795257 -1.550485
v -0.062179 2.705482 -1.557435
v -0.010087 2.930716 -1.545498
v -0.851242 2.610290 -1.930475
v -0.815091 2.652291 -1.988590
v -0.812114 2.486023 -1.932611
v -0.836470 2.545943 -1.905559
v -0.792303 2.466743 -1.998079
v -0.827251 2.621371 -2.060559
v -0.778586 2.576875 -2.084824
v -0.788123 2.497106 -2.062694
v -0.755788 2.597339 -1.899769
v -0.707991 2.468194 -1.908896
v -0.686218 2.452346 -1.979035
v -0.683539 2.488091 -2.045527
v -0.753110 2.633084 -1.966261
v -0.736774 2.528792 -1.877041
v -0.693942 2.610505 -2.013921
v -0.702554 2.556638 -2.068256
v -0.859665 3.194366 -2.210515
v -0.890601 3.199005 -2.200926
v -0.841661 3.175754 -2.239435
v -0.911600 3.167760 -2.198382
v -0.849409 3.132267 -2.236137
v -0.889545 3.137577 -2.213763
v -0.831891 2.945668 -2.074239
v -0.806215 2.999185 -2.039154
v -0.899594 2.956889 -2.052433
v -0.890504 3.028126 -1.974643
v -0.930336 2.995350 -2.013253
v -0.836698 3.015272 -1.983869
v -0.915808 3.441203 -2.345026
v -0.921334 3.444600 -2.334003
v -0.919703 3.433079 -2.357236
v -0.927459 3.433583 -2.326345
v -0.922481 3.416632 -2.352597
v -0.926898 3.420756 -2.335555
v 0.144502 2.698268 -1.324836
v 0.256849 2.885513 -1.310328
v 0.040364 2.845292 -1.253034
v 0.040611 2.781581 -1.312797
v 0.087835 2.677993 -1.367614
v 0.221148 2.846592 -1.327265
v 0.070218 2.912268 -1.239248
v 0.168882 2.931695 -1.244717
v 0.008961 2.685240 -1.397137
v 0.120605 2.810498 -1.442240
v 0.001227 2.883188 -1.356737
v 0.044377 2.764637 -1.573926
v 0.069452 2.685134 -1.461025
v -0.012068 2.667417 -1.457833
v -0.015407 2.755655 -1.359113
v -0.008715 2.706838 -1.365369
v 0.124060 2.777958 -1.473923
v 0.002803 2.788298 -1.716466
v -0.025602 2.821534 -1.353448
v -0.141149 2.943627 -1.577157
v -0.041195 2.924831 -1.718409
v -0.061498 2.945277 -1.600580
v 0.254953 2.813691 -1.313950
v 0.287819 2.870797 -1.275526
v 0.185516 2.926928 -1.199045
v 0.044760 2.900355 -1.191094
v 0.075943 2.854689 -1.353336
v 0.001232 2.904802 -1.523896
v 0.120422 2.832422 -1.369844
v 0.190521 2.876914 -1.294887
v 0.143852 2.900645 -1.321286
v 0.031880 2.892023 -1.587142
v 0.090309 2.812110 -1.454674
v 0.012567 2.860092 -1.364444
v 0.029020 2.880410 -1.589443
v -0.016039 2.894384 -1.496219
v 0.187091 2.843561 -1.330243
v 0.109995 2.887245 -1.290612
v -0.079343 2.848450 -1.464461
v 0.008126 2.687690 -1.499481
v -0.072968 2.758171 -1.455610
v -0.038952 2.699772 -1.461174
v 0.046861 2.791545 -1.551670
v -0.035759 2.868629 -1.435825
v 0.023440 2.846060 -1.441971
v 0.046600 2.831602 -1.458663
v 0.034793 2.801600 -1.502988
v -0.010542 2.843947 -1.434989
v 0.060204 3.010490 -1.479941
v 0.051555 3.010921 -1.476997
v 0.064031 3.003004 -1.479065
v 0.057725 3.001167 -1.475622
v 0.109398 3.048417 -1.244840
v 0.093527 3.044158 -1.243098
v 0.107532 3.047468 -1.250061
v 0.096416 3.044391 -1.248829
v 0.145345 2.979541 -1.227934
v 0.151108 2.977889 -1.212111
v 0.102341 2.968682 -1.209356
v 0.111161 2.972810 -1.226040
v 0.011716 2.892756 -1.547001
v -0.026955 2.927750 -1.694718
v 0.012154 2.819618 -1.695330
v 0.013808 2.841869 -1.567365
v 0.101687 2.909448 -1.614282
v 0.094679 2.914978 -1.628691
v 0.100803 2.900939 -1.628816
v 0.100521 2.904713 -1.615220
v 0.452432 2.478462 -0.602175
v 0.160611 2.436489 -0.555481
v 0.491770 2.468977 -0.492723
v 0.281770 2.436094 -0.393186
v 0.409477 2.223972 -0.610029
v 0.125303 2.257050 -0.509105
v 0.448815 2.214487 -0.500577
v 0.246462 2.256654 -0.346810
v 0.479067 2.371198 -0.470541
v 0.297509 2.286565 -0.351255
v 0.422849 2.384753 -0.626957
v 0.121564 2.354820 -0.560081
v 0.486344 2.494032 -0.550807
v 0.232457 2.477426 -0.482644
v 0.414903 2.198916 -0.551944
v 0.174617 2.215717 -0.419647
v -0.227143 2.775409 -0.219521
v 0.450958 2.377976 -0.548749
v -0.023991 2.646094 -0.449555
v 0.140995 2.671824 -0.319225
v -0.085962 2.524405 -0.347650
v 0.079024 2.550135 -0.217321
v 0.153221 2.612533 -0.250081
v -0.048474 2.557986 -0.435242
v 0.074356 2.692194 -0.411022
v -0.019323 2.504035 -0.255854
v -0.266953 3.052875 0.439931
v -0.104075 2.791066 -0.116494
v -0.287398 2.656022 -0.129402
v -0.164330 2.671679 -0.026375
v -0.107799 2.734731 -0.049331
v -0.283674 2.712356 -0.196565
v -0.152682 2.808851 -0.187342
v -0.238791 2.638237 -0.058554
v -0.211351 2.998742 0.548176
v -0.337046 2.941362 0.420169
v -0.281445 2.887229 0.528414
v -0.234469 2.931372 0.561518
v -0.313928 3.008732 0.406827
v -0.224114 3.049733 0.498294
v -0.324284 2.890372 0.470051
v -0.585884 3.376255 0.644292
v -0.551567 3.411899 0.708600
v -0.654386 3.365974 0.686545
v -0.620069 3.401618 0.750853
v -0.578456 3.414405 0.743523
v -0.627498 3.363468 0.651622
v -0.554029 3.396282 0.667381
v -0.651925 3.381590 0.727764
v -1.000628 3.792618 0.805409
v -0.812152 3.629885 0.679272
v -0.776125 3.648582 0.715157
v -0.837065 3.602273 0.718670
v -0.801038 3.620969 0.754555
v -0.780852 3.638787 0.742555
v -0.832338 3.612067 0.691272
v -0.788793 3.645156 0.688762
v -0.824396 3.605698 0.745065
v -0.979616 3.802271 0.827444
v -1.008481 3.767715 0.823806
v -0.987468 3.777368 0.845841
v -0.979034 3.791890 0.841370
v -1.009062 3.778096 0.809881
v -0.988437 3.802787 0.812480
v -0.999660 3.767200 0.838770
v -1.107801 3.882397 0.759284
v -1.097141 3.896077 0.766044
v -1.120448 3.885702 0.772537
v -1.109788 3.899383 0.779296
v -1.101177 3.900665 0.774120
v -1.116411 3.881114 0.764460
v -1.099758 3.888527 0.759821
v -1.117831 3.893252 0.778759
v -1.108794 3.890890 0.769290
v -0.372869 3.195719 0.730086
v -0.352556 3.226066 0.688214
v -0.455657 3.143893 0.702500
v -0.415771 3.161819 0.735222
v -0.468418 3.153534 0.649608
v -0.365316 3.235707 0.635322
v -0.390453 3.190086 0.604710
v -0.448105 3.183881 0.607736
v -0.223697 2.940770 0.059930
v -0.223358 2.866025 0.082682
v -0.095476 3.009675 0.086953
v -0.169954 2.999584 0.062196
v -0.043574 2.887713 0.143253
v -0.097317 2.828899 0.140988
v -0.171795 2.818808 0.116230
v -0.043913 2.962458 0.120501
v -0.408346 3.278162 0.693929
v -0.473044 3.229043 0.739604
v -0.418220 3.280722 0.644310
v -0.478645 3.262946 0.628407
v -0.430503 3.257025 0.733853
v -0.510678 3.210528 0.709583
v -0.520552 3.213089 0.659963
v -0.498395 3.234226 0.620039
v -0.542244 3.329384 0.537927
v -0.526451 3.311787 0.510248
v -0.501136 3.317740 0.496816
v -0.479656 3.332320 0.512742
v -0.497755 3.348169 0.538584
v -0.529475 3.341207 0.542798
v -0.614959 3.457751 0.463634
v -0.616789 3.443524 0.442159
v -0.606023 3.445229 0.424485
v -0.586216 3.453799 0.425513
v -0.586572 3.466974 0.446812
v -0.604651 3.464994 0.461266
v -0.696867 3.525993 0.323708
v -0.684532 3.510022 0.319763
v -0.668586 3.510095 0.315401
v -0.658956 3.523462 0.320352
v -0.672311 3.537874 0.323772
v -0.690366 3.533861 0.323601
vn -0.9762 0.0432 0.2127
vn -0.1825 0.3960 -0.8999
vn 0.5767 0.7767 -0.2532
vn 0.0506 0.2688 0.9619
vn -0.2775 0.7830 -0.5567
vn -0.1791 -0.1916 -0.9650
vn 0.0461 0.3924 0.9186
vn -0.7619 -0.4163 -0.4961
vn 0.5682 0.5758 0.5878
vn -0.8828 0.1598 -0.4418
vn -0.0000 -1.0000 -0.0000
vn -0.9464 -0.3222 -0.0207
vn -0.6254 -0.2833 -0.7271
vn -0.1747 -0.5713 -0.8019
vn 0.2623 0.5602 -0.7857
vn -0.6441 -0.3392 0.6856
vn -0.1731 0.1871 -0.9670
vn 0.3215 -0.4254 -0.8460
vn 0.5238 0.1651 -0.8357
vn -0.6572 0.0669 0.7508
vn 0.7993 0.6009 0.0032
vn 0.6394 0.5239 0.5627
vn 0.3749 -0.1413 -0.9162
vn -0.6329 0.7734 -0.0358
vn -0.8376 -0.4334 0.3326
vn -0.8464 -0.3715 0.3816
vn -0.2585 0.5380 -0.8023
vn -0.3786 0.1223 -0.9174
vn -0.8914 0.4359 0.1242
vn 0.3852 0.6826 -0.6210
vn 0.2851 -0.6949 0.6601
vn 0.9331 0.2733 0.2336
vn -0.6101 0.7694 0.1890
vn 0.0860 -0.5865 -0.8053
vn -0.5755 -0.0024 -0.8178
vn 0.0064 -1.0000 -0.0045
vn 0.0049 -1.0000 0.0019
vn -0.3708 -0.4162 0.8302
vn -0.5141 0.8539 0.0811
vn 0.9154 0.2472 -0.3175
vn 0.2411 0.5370 0.8084
vn -0.4022 0.1657 0.9004
vn 0.7909 -0.5538 -0.2604
vn -0.8397 0.1872 -0.5098
vn 0.7847 0.5359 0.3116
vn 0.6797 -0.5550 -0.4796
vn -0.4025 -0.4853 -0.7762
vn -0.2016 0.3212 -0.9253
vn -0.4690 -0.0561 -0.8814
vn -0.4766 -0.0735 0.8761
vn 0.2702 0.4091 -0.8716
vn -0.7442 0.4199 -0.5195
vn 0.6148 0.2392 0.7516
vn -0.0808 -0.0388 0.9960
vn 0.9182 0.2384 -0.3165
vn -0.1127 0.2665 -0.9572
vn -0.6901 -0.2904 -0.6629
vn 0.5723 -0.5789 -0.5808
vn -0.0453 -0.5827 -0.8114
vn 0.0746 0.4923 0.8672
vn 0.9799 -0.1947 0.0444
vn -0.9820 0.1831 -0.0457
vn -0.6549 0.5549 0.5131
vn 0.6883 0.2881 0.6657
vn -0.3730 -0.0915 -0.9233
vn -0.1252 0.0995 0.9871
vn -0.1173 -0.6282 -0.7692
vn 0.1470 -0.4733 0.8685
vn -0.7223 0.5534 -0.4148
vn -0.5462 0.3599 0.7564
vn -0.7490 0.6400 0.1713
vn -0.7075 -0.5176 -0.4812
vn -0.5058 0.8045 -0.3113
vn -0.1257 0.9858 0.1112
vn -0.5292 0.6277 -0.5709
vn -0.3667 -0.5918 -0.7179
vn -0.3312 -0.0071 0.9435
vn -0.3670 0.3946 0.8424
vn -0.1907 -0.8174 0.5436
vn -0.3708 0.4472 -0.8140
vn -0.6530 -0.7563 0.0411
vn 0.6300 0.0184 -0.7764
vn -0.0074 -0.9998 0.0204
vn 0.4126 -0.8256 -0.3850
vn 0.2175 0.6951 -0.6853
vn 0.6317 0.4082 -0.6590
vn 0.6525 -0.3025 -0.6948
vn -0.8815 0.4555 -0.1242
vn -0.0428 0.9609 -0.2735
vn -0.5653 -0.8177 -0.1085
vn -0.1621 -0.7910 0.5900
vn -0.3299 0.5255 0.7842
vn -0.2597 0.1077 0.9597
vn -0.4221 -0.7217 -0.5486
vn -0.6645 0.5750 -0.4774
vn -0.6281 -0.0554 -0.7762
vn -0.6238 0.7755 0.0978
vn 0.6669 -0.3491 0.6584
vn 0.4948 0.6874 0.5316
vn 0.4130 -0.0116 0.9107
vn 0.2627 0.6811 0.6835
vn 0.3778 -0.6026 0.7030
vn -0.8135 0.0284 -0.5809
vn -0.1089 -0.6437 0.7575
vn -0.1358 -0.0000 0.9907
vn -0.9611 0.0283 -0.2748
vn -0.0803 0.9867 0.1415
vn -0.5812 0.8038 -0.1267
vn -0.9229 -0.2918 -0.2513
vn 0.7201 -0.0115 0.6938
vn -0.1719 -0.9768 -0.1277
vn 0.2024 0.9350 -0.2914
vn -0.6243 0.5210 -0.5821
vn 0.6577 -0.7503 0.0669
vn 0.9599 0.2685 0.0810
vn -0.2370 -0.4194 -0.8763
vn -0.5199 0.0451 -0.8531
vn -0.7085 0.5206 0.4764
vn -0.0397 0.9897 -0.1376
vn -0.7288 -0.4554 0.5113
vn -0.0493 -0.9813 0.1859
vn -0.7991 0.0087 0.6011
vn 0.8867 0.4589 -0.0562
vn -0.3829 0.7982 0.4650
vn 0.8223 0.3934 -0.4112
vn -0.0104 -0.9999 -0.0036
vn -0.4878 -0.1651 0.8572
vn -0.3906 -0.3981 0.8300
vn -0.0046 -0.9999 -0.0139
vn -0.8051 -0.5901 0.0594
vn 0.5042 0.8131 0.2910
vn 0.8811 -0.4682 0.0666
vn 0.6001 -0.7983 0.0519
vn 0.4722 0.8800 -0.0510
vn -0.5245 -0.5203 0.6739
vn 0.0377 -0.9929 0.1132
vn -0.0015 -1.0000 0.0017
vn -0.8566 0.0696 -0.5112
vn 0.6340 0.3530 0.6880
vn -0.5594 0.8143 -0.1553
vn -0.6638 0.7165 0.2146
vn 0.9284 0.3327 0.1654
vn -0.9823 0.0966 0.1604
vn 0.0166 -0.9997 -0.0193
vn -0.3787 -0.8991 0.2196
vn -0.2728 -0.9087 0.3159
vn -0.8416 -0.1500 0.5188
vn -0.8416 -0.1499 0.5188
vn 0.6146 -0.5474 0.5680
vn 0.2195 0.8409 0.4946
vn -0.6136 -0.6668 -0.4230
vn -0.0013 -1.0000 0.0017
vn 0.4016 -0.7824 -0.4761
vn 0.6141 0.2510 -0.7482
vn 0.5476 -0.8264 0.1312
vn 0.4190 0.9066 -0.0502
vn 0.7720 0.5854 0.2478
vn 0.0076 -0.9621 -0.2727
vn -0.0393 -0.9952 -0.0892
vn 0.6005 0.1667 0.7820
vn 0.6336 0.7553 -0.1676
vn 0.2150 -0.4077 0.8874
vn 0.2435 -0.4987 -0.8319
vn 0.1585 0.4468 -0.8805
vn -0.1213 -0.9853 -0.1200
vn 0.4915 0.5551 0.6710
vn 0.4365 0.8987 0.0415
vn 0.4271 -0.6143 0.6635
vn -0.1205 -0.5571 -0.8216
vn 0.0211 0.5861 -0.8100
vn -0.3886 -0.4183 0.8210
vn -0.4846 0.2842 0.8273
vn 0.0270 -0.9996 0.0012
vn 0.8232 0.1824 0.5377
vn 0.8522 -0.2885 0.4365
vn 0.7270 0.2598 0.6356
vn -0.1101 0.0805 0.9907
vn 0.8492 -0.1772 0.4975
vn 0.0079 -0.9999 -0.0068
vn -0.0014 -1.0000 0.0018
vn 0.2299 0.8422 0.4877
vn -0.3627 -0.9081 0.2096
vn 0.0673 -0.9770 0.2022
vn 0.8081 0.5820 -0.0910
vn 0.5142 0.8139 0.2706
vn -0.0048 -0.9999 -0.0144
vn 0.6938 0.2139 0.6876
vn -0.1482 -0.5866 -0.7962
vn -0.1037 0.3965 -0.9121
vn 0.8707 0.1206 0.4767
vn -0.2058 0.2561 -0.9445
vn 0.9407 0.3391 0.0071
vn 0.0036 -1.0000 -0.0019
vn 0.0048 -1.0000 -0.0042
vn 0.4468 -0.5089 -0.7358
vn 0.2065 -0.9007 0.3821
vn 0.8713 0.4575 -0.1774
vn -0.2422 -0.1538 0.9580
vn 0.9558 -0.2899 -0.0496
vn 0.6295 0.5529 0.5459
vn 0.7132 -0.6830 -0.1575
vn -0.2093 -0.6397 -0.7396
vn 0.6388 0.6637 0.3892
vn -0.1806 -0.1419 -0.9733
vn -0.1834 0.3863 -0.9040
vn -0.3763 0.3242 -0.8679
vn 0.9959 0.0360 -0.0829
vn 0.5310 0.2577 -0.8072
vn -0.9512 -0.1261 0.2815
vn 0.9977 0.0077 -0.0677
vn 0.5025 0.2764 -0.8192
vn 0.1727 -0.0012 -0.9850
vn -0.9264 -0.3696 0.0712
vn -0.2706 -0.6366 0.7221
vn 0.9406 -0.0263 -0.3386
vn 0.9386 -0.3434 -0.0343
vn -0.8666 -0.4691 -0.1701
vn 0.1962 -0.4871 -0.8510
vn -0.8931 -0.3259 0.3101
vn 0.1502 -0.2342 -0.9605
vn -0.0311 0.0400 0.9987
vn -0.0324 0.8869 -0.4608
vn -0.6653 0.5934 0.4531
vn -0.1021 -0.6225 0.7759
vn -0.5790 0.7743 0.2555
vn -0.6080 0.7357 0.2986
vn -0.0574 0.9751 0.2142
vn 0.5700 0.1412 0.8094
vn 0.6122 0.7905 -0.0169
vn -0.8159 -0.4743 0.3305
vn -0.9080 0.1565 -0.3887
vn -0.0405 0.9894 -0.1393
vn -0.5182 -0.0441 -0.8541
vn -0.4695 -0.3964 -0.7890
vn 0.2040 0.9322 -0.2989
vn -0.0819 0.9861 0.1442
vn -0.1090 -0.6432 0.7579
vn -0.6056 0.7835 0.1392
vn -0.0493 0.9517 -0.3030
vn 0.2213 0.6804 -0.6986
vn -0.1326 0.9842 0.1172
vn -0.7469 0.6426 0.1708
vn -0.9819 0.1835 -0.0457
vn 0.6175 -0.4903 -0.6150
vn 0.2731 0.3837 -0.8821
vn -0.5548 0.8274 0.0873
vn 0.0017 -1.0000 0.0061
vn -0.7289 0.5806 -0.3629
vn -0.7836 0.3879 -0.4852
vn -0.9037 0.1668 -0.3943
vn -0.6296 0.6548 -0.4181
vn 0.5018 0.2529 -0.8272
vn 0.2742 0.5076 -0.8168
vn -0.9655 -0.2592 -0.0241
vn -0.9771 0.0043 0.2129
vn -0.2131 0.6148 0.7593
vn -0.0074 0.9872 0.1594
vn 0.2262 0.9362 -0.2691
vn -0.3196 -0.3283 0.8888
vn 0.1899 -0.2343 -0.9534
vn 0.8629 0.3742 -0.3397
vn 0.8810 -0.2755 -0.3845
vn 0.8726 -0.4787 -0.0969
vn 0.4398 -0.5797 -0.6859
vn 0.5891 0.1825 -0.7872
vn -0.6731 0.3131 0.6700
vn 0.6949 0.6014 -0.3943
vn -0.9750 0.1854 0.1225
vn -0.6865 0.6475 0.3310
vn -0.1155 0.0218 0.9931
vn 0.8883 -0.2083 -0.4093
vn 0.9303 0.0571 -0.3622
vn 0.5652 0.5213 0.6394
vn -0.2561 0.0501 0.9653
vn 0.3277 0.0665 0.9424
vn 0.3510 -0.4847 0.8012
vn 0.0321 0.4798 0.8768
vn 0.0653 -0.1834 0.9809
vn 0.1246 0.2710 0.9545
vn -0.9735 -0.2020 0.1072
vn -0.7157 0.0719 0.6947
vn -0.2248 0.5321 0.8163
vn -0.0126 -0.0747 0.9971
vn -0.3238 -0.2648 0.9083
vn -0.7201 0.0083 0.6938
vn 0.4802 0.8377 0.2602
vn 0.0812 0.2116 0.9740
vn 0.3189 -0.2365 0.9178
vn 0.4193 -0.7870 0.4526
vn 0.2995 -0.1148 0.9472
vn 0.2398 -0.7410 0.6272
vn 0.6825 -0.4396 0.5839
vn -0.0095 -0.2696 0.9629
vn 0.3067 -0.1968 0.9312
vn 0.7054 -0.7075 0.0431
vn 0.7559 -0.4127 0.5083
vn 0.3729 0.8377 -0.3990
vn -0.1299 0.2100 -0.9690
vn -0.7212 -0.0755 -0.6886
vn -0.0590 -0.3157 -0.9470
vn -0.4558 0.7110 0.5355
vn -0.7948 0.4944 0.3520
vn -0.7107 0.5816 0.3957
vn 0.9772 -0.0721 -0.1996
vn -0.2440 -0.6282 0.7388
vn 0.4399 0.6178 -0.6518
vn -0.0375 0.8144 -0.5791
vn 0.7875 -0.1274 -0.6030
vn 0.1386 -0.6717 0.7277
vn -0.8370 0.1815 0.5162
vn -0.6115 -0.3921 -0.6873
vn 0.9389 -0.3013 -0.1665
vn -0.8077 0.4796 0.3430
vn -0.6562 -0.5374 -0.5297
vn -0.7148 -0.1626 0.6801
vn 0.5841 0.1780 -0.7919
vn -0.4476 -0.5354 -0.7163
vn 0.1901 0.8722 -0.4508
vn 0.7247 0.1790 -0.6654
vn 0.7050 -0.6829 0.1914
vn -0.5629 0.8236 -0.0694
vn 0.5367 -0.2060 -0.8182
vn 0.5709 -0.8084 0.1434
vn 0.6180 -0.7450 -0.2509
vn -0.5102 0.8074 0.2964
vn 0.6451 -0.6237 0.4414
vn -0.4555 0.8867 -0.0786
vn 0.0984 -0.6303 0.7701
vn -0.5386 -0.3419 0.7701
vn 0.6319 -0.6757 -0.3797
vn -0.6238 0.7694 0.1374
vn -0.2617 0.3940 0.8811
vn -0.5604 0.6535 -0.5088
vn 0.1691 -0.5430 0.8225
vn 0.1329 0.4141 -0.9005
vn -0.3008 0.8589 -0.4144
vn -0.2287 0.0528 0.9721
vn 0.1510 0.7455 -0.6492
vn -0.1641 -0.5350 0.8287
vn 0.3620 0.0473 -0.9310
vn 0.2026 -0.9725 0.1152
vn 0.6706 -0.6205 0.4065
vn 0.2027 -0.3008 -0.9319
vn 0.3074 -0.2149 0.9270
vn -0.2584 0.2349 -0.9370
vn -0.1847 0.9765 -0.1108
vn 0.0421 0.7870 -0.6155
vn -0.0353 -0.6859 0.7268
vn 0.3263 0.1736 -0.9292
vn -0.0183 0.9802 -0.1971
vn -0.3487 0.1692 0.9218
vn -0.2766 0.8184 0.5037
vn 0.3893 -0.7533 -0.5300
vn 0.3340 0.7448 -0.5777
vn -0.2272 -0.7978 0.5585
vn 0.3462 0.0930 -0.9335
vn -0.0575 -0.9906 -0.1239
vn -0.2859 0.0275 0.9579
vn -0.3413 0.7775 0.5282
vn 0.4288 -0.5650 -0.7049
vn 0.2956 -0.9509 -0.0913
vn 0.6761 -0.7027 -0.2218
vn 0.6728 -0.1450 -0.7255
vn -0.7085 0.6037 0.3654
vn -0.2232 -0.5459 0.8076
vn 0.1444 0.9733 0.1786
vn -0.2442 -0.1606 0.9563
vn -0.0782 0.6230 0.7783
vn 0.1763 -0.6516 -0.7378
vn 0.4776 0.7639 0.4340
vn 0.4776 0.7639 0.4341
vn 0.4776 0.7638 0.4341
vn 0.6533 0.0150 -0.7570
vn 0.3144 -0.8534 0.4158
vn 0.0144 0.7682 -0.6400
vn -0.5266 0.8458 -0.0857
vn 0.4537 -0.8642 -0.2173
vn -0.3201 0.8093 0.4926
vn 0.0003 0.1962 0.9806
vn -0.4170 0.8741 -0.2492
vn 0.4382 -0.7455 0.5023
vn 0.1734 -0.4034 -0.8985
vn 0.2981 -0.4574 0.8378
vn -0.1587 0.2618 -0.9520
vn -0.1530 0.3541 -0.9226
vn 0.1456 -0.2367 0.9606
vn 0.0730 -0.3832 -0.9208
vn 0.2841 -0.8680 0.4073
vn -0.2497 0.9495 -0.1901
vn -0.0121 0.4361 0.8998
vn -0.1478 0.8632 0.4827
vn 0.2609 -0.8903 -0.3732
vn 0.1728 0.9437 0.2822
vn -0.7528 0.4618 0.4690
vn -0.1603 -0.9208 -0.3554
vn 0.9685 -0.2395 0.0688
vn 0.1795 -0.0276 0.9834
vn -0.7451 0.4725 0.4706
vn 0.9791 0.0750 0.1890
vn 0.2804 -0.3051 0.9101
vn 0.9173 -0.3854 -0.0996
vn -0.5839 0.6854 0.4351
vn -0.1178 -0.0688 0.9906
vn 0.3134 0.6959 0.6462
vn -0.5730 0.4993 0.6499
vn -0.7874 -0.5863 -0.1905
vn 0.7919 0.5648 0.2323
vn -0.1270 0.4679 0.8746
vn -0.9062 -0.4212 0.0372
vn -0.7702 0.0081 0.6378
vn 0.7194 0.0901 -0.6887
vn -0.9745 -0.1409 -0.1748
vn 0.8938 0.2681 0.3595
vn -0.4334 -0.6702 -0.6026
vn 0.3470 -0.8160 -0.4623
vn -0.6053 -0.1207 0.7868
vn 0.5993 0.1173 -0.7919
vn 0.8809 -0.3567 -0.3111
vn 0.4715 0.1395 -0.8708
vn -0.4707 -0.5821 -0.6631
vn 0.5527 0.5662 0.6115
vn 0.9095 0.3836 -0.1600
vn 0.1937 -0.3135 -0.9296
vn -0.3346 0.6794 -0.6530
vn 0.2506 -0.9055 0.3425
vn -0.1649 0.9855 0.0394
vn 0.3119 -0.2828 0.9071
vn -0.0252 -0.6347 0.7724
vn -0.8703 0.3722 0.3225
vn 0.5192 -0.8316 0.1969
vn -0.6072 0.7586 -0.2363
vn 0.2936 0.0758 -0.9529
vn 0.2143 0.7715 -0.5990
vn -0.3871 -0.4444 0.8079
vn 0.2158 0.8854 -0.4117
vn -0.3252 0.0448 -0.9446
vn 0.0240 -0.9054 -0.4239
vn -0.2587 -0.2294 -0.9383
vn 0.1349 0.6130 0.7785
vn 0.7930 0.2986 -0.5311
vn -0.8715 -0.2068 0.4447
vn 0.7209 0.6902 0.0616
vn -0.4437 0.3863 0.8087
vn -0.1158 -0.9884 -0.0978
vn 0.1671 -0.6344 -0.7547
vn -0.0611 0.9347 0.3501
vn -0.3412 0.3039 0.8895
vn 0.0072 0.0600 0.9982
vn 0.6210 0.2650 0.7376
vn -0.5801 -0.1579 -0.7991
vn -0.9180 -0.2861 -0.2745
vn 0.3772 -0.2892 -0.8798
vn -0.7672 -0.6152 -0.1813
vn -0.2893 -0.6586 -0.6947
vn 0.1823 0.7331 0.6553
vn 0.1964 0.8445 0.4982
vn 0.1965 0.8445 0.4982
vn 0.9054 0.3622 0.2217
vn -0.7921 -0.2301 0.5654
vn 0.8042 0.3429 -0.4854
vn 0.0109 0.0682 -0.9976
vn 0.4230 0.6821 0.5965
vn -0.7608 -0.6089 0.2247
vn -0.1909 0.8161 -0.5454
vn -0.8437 -0.5080 0.1735
vn 0.4449 0.4724 -0.7608
vn 0.7812 -0.2199 -0.5842
vn 0.5921 -0.7491 -0.2971
vn -0.8329 -0.0046 0.5534
vn -0.2264 0.2494 0.9416
vn 0.1328 -0.2797 -0.9509
vn -0.0081 -0.9048 -0.4257
vn -0.4458 -0.6101 -0.6550
vn -0.2738 -0.5462 0.7916
vn -0.0324 0.8809 0.4722
vn -0.1623 -0.9721 0.1693
vn 0.9244 -0.1898 -0.3309
vn 0.1560 0.9535 -0.2581
vn -0.1318 -0.9912 -0.0152
vn -0.0888 0.7885 0.6086
vn -0.2695 -0.7126 0.6477
vn 0.1696 0.6863 -0.7073
vn 0.0018 -0.8808 -0.4734
vn 0.1701 -0.2673 -0.9485
vn -0.2667 0.0503 0.9625
vn -0.7979 -0.3239 -0.5084
vn 0.9446 0.0372 -0.3260
vn -0.7793 0.4959 0.3830
vn 0.8150 0.4920 0.3062
vn -0.8710 -0.2994 -0.3895
vn 0.2820 0.7657 0.5781
vn 0.1684 -0.0028 0.9857
vn -0.5083 -0.0889 -0.8566
vn 0.8806 0.2121 0.4238
vn -0.9163 -0.2878 0.2785
vn 0.6763 0.1485 -0.7215
vn 0.2279 0.0608 -0.9718
vn -0.9608 0.1328 -0.2434
vn -0.8651 0.1479 -0.4792
vn 0.3319 -0.3076 -0.8918
vn -0.4463 0.3664 0.8165
vn -0.9361 -0.3093 -0.1678
vn 0.8864 0.3013 0.3515
vn -0.8428 0.4733 0.2561
vn 0.6185 -0.5378 -0.5729
vn 0.6389 -0.4021 -0.6558
vn 0.8940 -0.4302 -0.1254
vn -0.9567 0.1154 -0.2672
vn -0.2528 0.6291 0.7350
vn -0.5577 -0.4382 -0.7050
vn 0.5578 0.4643 0.6880
vn -0.8038 -0.1733 0.5691
vn 0.6759 -0.6074 -0.4174
vn 0.4334 -0.8881 -0.1532
vn 0.8603 0.4984 -0.1072
vn -0.5755 -0.1811 0.7975
vn -0.2556 0.5732 -0.7785
vn -0.2464 -0.8597 0.4474
vn -0.0644 0.9668 -0.2472
vn 0.6768 0.4311 -0.5967
vn -0.6265 0.4411 0.6427
vn 0.3269 0.9434 -0.0557
vn -0.0911 0.9116 -0.4009
vn 0.8030 0.2934 -0.5188
vn 0.3962 0.0358 -0.9175
vn 0.8777 0.3896 -0.2790
vn 0.4507 0.8923 -0.0238
vn 0.5354 0.6177 -0.5760
vn -0.6014 0.7895 -0.1226
vn 0.6554 0.6866 0.3146
vn 0.0812 0.7729 0.6293
vn 0.9459 0.0888 -0.3121
vn 0.2851 0.6833 -0.6722
vn 0.1630 0.8368 -0.5228
vn -0.0103 0.5822 -0.8130
vn 0.8201 0.5656 0.0865
vn 0.5954 0.6577 -0.4614
vn 0.3920 -0.8843 0.2536
vn 0.6571 0.6589 -0.3661
vn 0.4576 0.7542 0.4710
vn 0.1629 0.9479 -0.2739
vn 0.4082 0.8443 -0.3471
vn -0.0999 0.9765 -0.1908
vn 0.3462 0.8916 -0.2919
vn -0.8591 0.3914 0.3297
vn 0.9524 -0.0871 -0.2922
vn -0.8477 -0.1743 0.5011
vn 0.7127 -0.4892 -0.5027
vn 0.1851 -0.9159 -0.3561
vn -0.9365 -0.1678 0.3079
vn -0.7209 -0.5564 0.4132
vn 0.3190 0.3272 0.8895
vn -0.5298 0.5199 0.6701
vn 0.3546 -0.8080 0.4705
vn 0.5494 0.1855 -0.8147
vn -0.2739 0.9587 -0.0764
vn -0.0090 0.4072 0.9133
vn -0.8430 -0.3130 -0.4376
vn 0.0075 -0.3060 -0.9520
vn -0.1082 0.2812 -0.9535
vn -0.7711 0.5792 -0.2644
vn 0.0069 0.2527 0.9675
vn 0.8309 0.4967 -0.2508
vn 0.3712 0.9129 0.1698
vn 0.8486 0.3735 -0.3747
vn 0.9055 -0.1251 0.4056
vn 0.9182 -0.3921 0.0563
vn 0.9124 0.3988 -0.0918
vn -0.0746 -0.0236 -0.9969
vn 0.4070 -0.2730 0.8717
vn -0.0775 0.9176 0.3898
vn 0.0452 0.9188 0.3921
vn 0.6121 -0.2612 0.7464
vn -0.2349 -0.9003 -0.3664
vn -0.1933 0.3074 -0.9317
vn 0.9318 -0.1138 -0.3448
vn 0.2412 -0.2733 0.9312
vn -0.4994 -0.0020 -0.8664
vn 0.8397 -0.2645 -0.4742
vn -0.2078 -0.0853 -0.9744
vn 0.4038 0.1522 0.9021
vn 0.9338 -0.2885 -0.2117
vn 0.8137 0.5473 -0.1957
vn 0.8462 0.2246 0.4832
vn 0.0140 -0.9594 0.2816
vn -0.1209 0.9693 -0.2140
vn 0.6533 0.5618 0.5075
vn 0.0817 -0.7795 0.6211
vn 0.5449 -0.1914 0.8163
vn -0.7213 0.0888 -0.6869
vn -0.3471 -0.6288 0.6958
vn 0.4193 0.5496 -0.7225
vn -0.6442 -0.6980 0.3128
vn -0.7948 -0.3692 -0.4817
vn 0.6654 -0.6238 0.4101
vn -0.5606 0.7878 -0.2551
vn -0.9685 -0.0765 -0.2369
vn 0.1428 0.9884 -0.0516
vn -0.4439 -0.8873 0.1254
vn 0.4045 0.9133 -0.0482
vn -0.1522 0.8045 -0.5741
vn -0.7677 -0.4154 -0.4878
vn 0.6325 0.7110 -0.3072
vn -0.7379 -0.6655 0.1125
vn 0.6591 0.5910 0.4650
vn -0.3657 -0.3917 0.8443
vn 0.0581 -0.9733 0.2219
vn 0.8791 -0.2177 0.4240
vn -0.6556 -0.7533 -0.0527
vn 0.8279 0.4841 0.2831
vn 0.3545 0.4068 -0.8419
vn 0.6596 0.6368 -0.3992
vn -0.7420 -0.6111 0.2758
vn 0.6962 0.6295 0.3451
vn 0.1407 0.3502 -0.9260
vn -0.6318 -0.4829 -0.6063
vn 0.0898 0.2212 -0.9711
vn 0.1533 0.0663 0.9860
vn 0.4873 0.8341 -0.2585
vn -0.5282 -0.7720 0.3537
vn 0.6766 0.6036 0.4217
vn -0.0425 -0.5355 0.8435
vn -0.7036 -0.4990 -0.5059
vn -0.1690 -0.0149 -0.9855
vn 0.3220 0.2502 0.9131
vn -0.2233 -0.2447 0.9435
vn -0.2367 0.2278 0.9445
vn 0.3049 0.6731 0.6738
vn 0.1080 -0.3493 -0.9308
vn -0.7028 -0.7095 0.0518
vn -0.0476 0.5787 -0.8141
vn -0.7546 -0.5657 -0.3324
vn -0.5341 0.0362 -0.8447
vn 0.4492 0.0141 0.8933
vn -0.4588 0.6544 -0.6010
vn -0.4588 0.6544 -0.6011
vn -0.4587 0.6544 -0.6011
vn 0.3697 0.7523 0.5453
vn -0.6578 -0.3300 0.6770
vn 0.6902 0.6122 -0.3858
vn 0.4636 0.0589 -0.8841
vn 0.0017 -0.6011 0.7992
vn -0.1607 0.6959 -0.6999
vn -0.7642 0.1374 -0.6302
vn -0.0411 0.5723 -0.8190
vn -0.6040 -0.6856 0.4064
vn 0.6910 -0.0952 0.7166
vn -0.9079 -0.3863 -0.1626
vn 0.8830 0.4220 0.2054
vn 0.7376 0.4442 -0.5085
vn -0.8259 -0.2556 0.5025
vn 0.9633 -0.2294 -0.1390
vn 0.0022 -0.6959 0.7181
vn 0.0921 0.7942 -0.6007
vn -0.9816 0.0515 0.1837
vn -0.6795 0.6351 -0.3674
vn 0.7644 -0.5937 0.2516
vn 0.1133 0.0318 0.9930
vn 0.0273 -0.6314 -0.7750
vn -0.6185 -0.4625 -0.6353
vn 0.7450 0.0365 -0.6661
vn -0.4221 -0.4332 0.7963
vn 0.5767 0.5026 0.6440
vn 0.6805 0.7321 -0.0307
vn -0.8019 -0.5919 -0.0813
vn 0.6099 -0.0336 -0.7918
vn -0.7131 -0.6454 -0.2737
vn 0.6526 0.7577 -0.0076
vn -0.0652 0.7169 0.6941
vn -0.6823 0.2714 0.6789
vn -0.1887 0.8262 0.5308
vn -0.1206 -0.8821 -0.4554
vn -0.5052 0.1997 0.8396
vn 0.8588 0.4419 -0.2590
vn -0.2468 -0.6238 -0.7416
vn 0.4217 0.6633 0.6183
vn -0.2632 0.0902 -0.9605
vn 0.0769 0.2971 -0.9517
vn 0.3244 -0.6697 -0.6680
vn -0.7770 -0.6228 0.0917
vn -0.6091 0.5116 0.6060
vn 0.7173 0.6891 -0.1028
vn -0.9859 0.0190 0.1665
vn -0.1682 0.3884 -0.9060
vn 0.5491 0.8272 -0.1196
vn 0.2420 0.1237 0.9624
vn -0.3464 0.6008 -0.7205
vn 0.0065 -0.2439 -0.9698
vn 0.1721 0.3897 0.9047
vn -0.7398 -0.5009 -0.4491
vn 0.6981 0.4941 0.5181
vn -0.8534 0.0564 -0.5181
vn -0.9383 -0.3072 0.1585
vn -0.7833 -0.4003 -0.4756
vn -0.2374 -0.4895 -0.8391
vn 0.3853 0.5558 -0.7366
vn -0.4501 0.0858 0.8888
vn -0.4557 0.3401 -0.8226
vn 0.1498 -0.2469 -0.9574
vn 0.7308 0.1579 -0.6640
vn -0.4504 0.0780 0.8894
vn 0.8614 0.4721 -0.1877
vn 0.7742 0.5254 0.3531
vn 0.4464 -0.1485 -0.8824
vn -0.6095 0.7699 0.1892
vn -0.8409 -0.2702 0.4688
vn -0.9003 -0.3633 0.2397
vn -0.3336 0.5555 -0.7617
vn -0.2034 0.1384 -0.9693
vn -0.8577 0.4476 0.2528
vn 0.5326 0.6250 -0.5707
vn 0.3240 -0.8095 0.4897
vn -0.4331 0.8262 0.3602
vn -0.7067 0.6199 -0.3409
vn -0.6594 0.7482 -0.0740
vn -0.2186 -0.4462 -0.8678
vn -0.6208 0.0146 -0.7839
vn 0.0056 -1.0000 -0.0022
vn 0.0076 -1.0000 0.0029
vn -0.3689 -0.3912 0.8431
vn -0.3895 0.8569 0.3376
vn 0.8716 0.4081 -0.2717
vn -0.3626 0.2287 0.9035
vn -0.4731 0.0768 0.8776
vn 0.6018 -0.7811 -0.1665
vn -0.7678 0.2972 -0.5676
vn 0.4972 0.7958 0.3458
vn 0.4274 -0.7539 -0.4990
vn -0.3561 -0.7363 -0.5754
vn -0.1074 0.3477 -0.9314
vn -0.4598 0.0284 -0.8876
vn -0.6388 0.3600 0.6800
vn 0.2967 0.3851 -0.8739
vn -0.7584 0.5300 -0.3795
vn 0.6651 0.3031 0.6824
vn 0.0486 0.2784 0.9592
vn 0.9233 0.2827 -0.2599
vn -0.1878 0.3280 -0.9258
vn -0.6239 -0.3013 -0.7211
vn 0.4914 -0.5882 -0.6423
vn -0.2555 -0.4995 -0.8278
vn 0.1527 0.4990 0.8531
vn 0.9686 -0.2147 -0.1250
vn -0.9820 0.1839 -0.0440
vn -0.5498 0.5304 0.6453
vn 0.8543 0.1733 0.4900
vn -0.3011 0.0185 -0.9534
vn -0.0995 0.1362 0.9857
vn -0.0995 -0.5899 -0.8013
vn -0.0492 -0.7830 0.6201
vn -0.7291 0.5433 -0.4161
vn -0.4893 0.4843 0.7253
vn -0.7516 0.6390 0.1638
vn -0.5090 -0.7406 -0.4386
vn -0.4878 0.8179 -0.3052
vn -0.0812 0.9864 0.1430
vn -0.3918 0.8178 -0.4216
vn -0.3283 -0.6536 -0.6819
vn -0.3011 0.1087 0.9474
vn -0.3436 0.5250 0.7786
vn -0.1772 -0.8279 0.5322
vn -0.4145 0.5091 -0.7543
vn -0.6382 -0.4484 -0.6258
vn 0.6381 0.0384 -0.7690
vn -0.0012 -0.9996 0.0276
vn 0.6456 -0.5680 -0.5106
vn 0.2635 0.7201 -0.6419
vn 0.6390 0.3930 -0.6613
vn 0.5359 -0.6969 -0.4766
vn -0.8422 0.5313 -0.0920
vn 0.1684 0.9402 -0.2960
vn -0.6759 -0.7214 -0.1511
vn -0.1460 -0.8038 0.5767
vn -0.3634 0.4879 0.7937
vn -0.2384 0.1425 0.9606
vn -0.4506 -0.6988 -0.5555
vn -0.6503 0.5898 -0.4788
vn -0.6206 -0.0390 -0.7831
vn -0.6267 0.7658 0.1439
vn 0.6667 -0.3415 0.6625
vn 0.5559 0.6186 0.5553
vn 0.4126 -0.0136 0.9108
vn 0.3164 0.6261 0.7127
vn 0.3641 -0.3876 0.8469
vn -0.8134 0.0291 -0.5810
vn -0.1070 -0.6436 0.7578
vn -0.9611 0.0289 -0.2749
vn -0.0203 0.9859 0.1659
vn -0.5632 0.8171 -0.1230
vn -0.7715 -0.5525 -0.3155
vn 0.7199 -0.0138 0.6939
vn -0.4886 -0.6972 -0.5246
vn 0.1675 0.9419 -0.2913
vn -0.6351 0.5640 -0.5278
vn 0.4065 -0.9084 0.0981
vn 0.9443 0.3104 0.1091
vn -0.4477 -0.4766 -0.7566
vn -0.3843 -0.0138 -0.9231
vn -0.7111 0.5161 0.4774
vn -0.0171 0.9876 -0.1560
vn -0.8230 -0.2118 0.5271
vn 0.1879 -0.9712 0.1463
vn -0.4758 0.7077 0.5223
vn 0.9529 0.2929 -0.0786
vn -0.6008 0.6634 0.4460
vn 0.9612 0.0134 -0.2756
vn -0.0118 -0.9998 -0.0149
vn -0.3110 -0.2215 0.9242
vn -0.3567 -0.4650 0.8103
vn 0.0065 -0.9999 -0.0126
vn -0.7540 -0.6536 0.0659
vn 0.6790 0.6793 0.2784
vn 0.8810 -0.4684 0.0666
vn 0.8789 -0.4708 0.0769
vn 0.5652 0.8104 -0.1542
vn -0.5055 -0.5502 0.6646
vn 0.2090 -0.9752 0.0733
vn -0.0015 -1.0000 0.0016
vn -0.8616 0.1302 -0.4907
vn 0.6581 0.2463 0.7115
vn -0.5194 0.8493 -0.0947
vn -0.4391 0.8370 0.3266
vn 0.9596 0.2214 0.1733
vn -0.9857 -0.0117 0.1682
vn -0.0185 -0.9997 -0.0144
vn -0.2540 -0.9099 0.3280
vn -0.2797 -0.9137 0.2947
vn 0.5810 -0.6458 0.4953
vn 0.3283 0.7536 0.5695
vn -0.5653 -0.7165 -0.4086
vn -0.0010 -1.0000 0.0020
vn 0.3987 -0.8328 -0.3839
vn 0.5646 0.3525 -0.7463
vn 0.7046 -0.6915 0.1593
vn 0.2064 0.9659 -0.1561
vn 0.3803 0.9035 0.1977
vn 0.0918 -0.9919 -0.0884
vn 0.1068 -0.9934 -0.0418
vn 0.2711 0.5572 0.7849
vn 0.6813 0.7202 -0.1311
vn 0.1851 -0.4458 0.8758
vn 0.1838 -0.5844 -0.7904
vn 0.4739 0.0656 -0.8781
vn -0.0208 -0.9950 -0.0981
vn 0.5550 0.4745 0.6832
vn 0.3827 0.9239 0.0045
vn 0.5216 -0.5054 0.6874
vn -0.0984 -0.5239 -0.8461
vn 0.1224 0.4546 -0.8823
vn -0.3980 -0.4016 0.8248
vn -0.1249 0.0593 0.9904
vn 0.0133 -0.9999 0.0006
vn 0.8137 0.0980 0.5730
vn 0.7628 -0.4858 0.4268
vn 0.6053 0.4579 0.6511
vn -0.3899 0.0168 0.9207
vn 0.9772 0.2069 0.0482
vn 0.0083 -1.0000 -0.0030
vn 0.3315 0.7553 0.5654
vn -0.2344 -0.9238 0.3027
vn 0.2407 -0.9669 0.0844
vn 0.6025 0.7961 -0.0577
vn 0.6779 0.6845 0.2681
vn 0.0069 -0.9999 -0.0134
vn -0.0013 -0.9999 -0.0106
vn 0.9394 -0.0030 0.3429
vn -0.2037 -0.5645 -0.7999
vn 0.8183 0.2471 0.5189
vn -0.1110 0.2944 -0.9492
vn 0.9402 0.3405 -0.0097
vn 0.0064 -1.0000 -0.0001
vn -0.1459 -0.4367 -0.8877
vn 0.2086 -0.9211 0.3287
vn 0.8733 0.4673 -0.1377
vn -0.8461 -0.5133 0.1437
vn 0.9386 -0.3149 -0.1411
vn 0.6738 0.5442 0.4998
vn 0.4161 -0.5673 -0.7106
vn 0.7092 0.6265 0.3234
vn 0.0093 -0.1713 -0.9852
vn -0.1690 0.3778 -0.9103
vn -0.3848 0.3447 -0.8562
vn 0.9873 -0.0508 -0.1507
vn 0.5119 0.3006 -0.8048
vn -0.9407 -0.3375 -0.0329
vn 0.9972 0.0060 -0.0746
vn 0.5069 0.2734 -0.8175
vn -0.3879 0.3067 -0.8692
vn -0.9289 -0.3694 -0.0269
vn -0.2225 -0.6170 0.7549
vn 0.4567 -0.0814 -0.8859
vn 0.9939 -0.0222 -0.1076
vn -0.9353 -0.3454 0.0775
vn 0.2602 0.9646 -0.0419
vn -0.9863 -0.1557 0.0541
vn 0.1691 -0.2589 -0.9510
vn -0.4155 0.0432 0.9086
vn 0.3950 0.8288 -0.3964
vn -0.5917 0.4360 0.6781
vn -0.6937 -0.1970 0.6928
vn -0.2142 0.8406 0.4975
vn -0.5499 0.7572 0.3525
vn -0.0998 0.9949 -0.0158
vn 0.2431 0.4194 0.8747
vn 0.5253 0.7675 -0.3676
vn -0.8241 -0.3977 -0.4034
vn -0.9121 0.1676 -0.3741
vn -0.0172 0.9875 -0.1567
vn -0.2369 -0.4194 -0.8763
vn 0.1697 0.9379 -0.3027
vn -0.0217 0.9841 0.1763
vn -0.1070 -0.6433 0.7581
vn 0.1704 0.9364 -0.3067
vn 0.2695 0.6700 -0.6917
vn 0.0026 -0.9999 0.0169
vn -0.0888 0.9838 0.1558
vn -0.7500 0.6409 0.1634
vn -0.9819 0.1842 -0.0440
vn 0.8435 -0.4225 -0.3317
vn 0.3006 0.3591 -0.8835
vn -0.4394 0.8137 0.3804
vn 0.0064 -1.0000 0.0062
vn -0.7269 0.6830 -0.0717
vn -0.8194 0.4315 -0.3774
vn -0.9067 0.1647 -0.3882
vn -0.6271 0.5917 -0.5065
vn 0.7194 0.2585 -0.6447
vn 0.4425 0.4295 -0.7873
vn -0.9555 -0.2471 0.1614
vn -0.9860 -0.0069 0.1666
vn -0.5539 0.4985 0.6668
vn 0.0012 0.8792 0.4765
vn 0.2048 0.8133 -0.5447
vn -0.3222 -0.3457 0.8813
vn 0.4861 -0.1613 -0.8589
vn 0.8274 0.3685 -0.4238
vn 0.7565 -0.6051 -0.2481
vn 0.8546 -0.4939 -0.1605
vn 0.6203 0.2586 -0.7405
vn 0.8963 0.2841 -0.3405
vn -0.0531 0.8010 0.5962
vn 0.8526 0.5219 0.0251
vn -0.6291 0.6748 0.3858
vn -0.8287 0.5486 -0.1114
vn -0.2040 0.1752 0.9632
vn 0.9538 -0.0149 -0.2999
vn 0.6182 0.6789 0.3961
vn 0.2462 -0.0858 0.9654
vn -0.1535 0.2569 0.9542
vn 0.1689 -0.4882 0.8562
vn 0.1591 0.5534 0.8176
vn 0.2831 0.3282 0.9012
vn 0.1962 0.0609 0.9787
vn -0.6681 -0.6440 -0.3726
vn -0.8598 -0.5100 -0.0273
vn -0.8262 -0.0172 0.5631
vn -0.2254 0.5269 0.8195
vn 0.3869 -0.1236 0.9138
vn -0.0432 -0.8145 0.5786
vn -0.2421 -0.5277 0.8142
vn 0.6896 0.6800 0.2491
vn 0.2135 -0.1112 0.9706
vn 0.3133 -0.2004 0.9283
vn 0.3991 -0.8245 0.4011
vn 0.3524 -0.1910 0.9161
vn 0.1340 -0.2689 0.9538
vn 0.5464 -0.2219 0.8076
vn 0.6947 -0.4203 0.5838
vn 0.1087 -0.0626 0.9921
vn 0.2715 -0.2068 0.9400
vn 0.5818 -0.7895 0.1954
vn 0.5803 0.7924 -0.1880
vn -0.4128 0.2361 -0.8797
vn -0.0574 -0.3131 -0.9480
vn -0.2132 0.1516 0.9652
vn -0.7203 0.5313 0.4459
vn 0.8665 -0.4118 -0.2820
vn 0.3780 0.8399 -0.3895
vn 0.1284 0.7588 -0.6385
vn 0.6942 -0.5232 -0.4942
vn -0.0686 -0.6538 0.7536
vn -0.8016 0.3334 0.4963
vn -0.4492 -0.4435 -0.7756
vn 0.9577 -0.1877 -0.2182
vn -0.8834 0.2811 0.3749
vn -0.5862 -0.4691 -0.6605
vn -0.6908 -0.2684 0.6714
vn 0.6381 0.1175 -0.7609
vn 0.2063 0.8707 -0.4465
vn 0.6799 0.4865 -0.5487
vn -0.7164 -0.4464 -0.5362
vn 0.5813 -0.7582 0.2953
vn -0.4862 0.8647 -0.1265
vn 0.2656 0.1601 -0.9507
vn 0.3123 -0.8525 0.4192
vn 0.5845 -0.6310 -0.5101
vn -0.5329 0.6397 0.5539
vn 0.7751 -0.5191 0.3602
vn -0.4644 0.8841 -0.0519
vn -0.0035 -0.5231 0.8523
vn -0.6145 -0.1762 0.7690
vn 0.6592 -0.7426 -0.1181
vn -0.5880 0.7052 0.3960
vn -0.1952 0.3058 0.9319
vn -0.6098 0.6972 -0.3768
vn -0.0933 -0.3912 0.9156
vn -0.1078 0.6193 -0.7777
vn -0.4883 0.8697 -0.0717
vn -0.4388 0.2618 0.8596
vn 0.3054 0.5353 -0.7875
vn -0.0545 -0.6969 0.7151
vn 0.4303 -0.1590 -0.8886
vn 0.1820 -0.9578 0.2226
vn 0.6269 -0.5916 0.5070
vn 0.2632 -0.3938 -0.8807
vn 0.2925 -0.1934 0.9365
vn -0.2567 0.2318 -0.9383
vn -0.2358 0.9661 0.1050
vn 0.1005 0.7214 -0.6852
vn 0.0335 -0.7742 0.6320
vn 0.3738 0.0593 -0.9256
vn -0.0460 0.9960 -0.0764
vn -0.3040 0.0101 0.9526
vn -0.2781 0.8053 0.5236
vn 0.3894 -0.7907 -0.4723
vn 0.3182 0.7918 -0.5213
vn -0.2405 -0.7605 0.6032
vn 0.3477 0.1768 -0.9208
vn -0.0490 -0.9855 -0.1623
vn -0.2235 -0.1572 0.9619
vn -0.3363 0.5889 0.7350
vn 0.4435 -0.7226 -0.5303
vn 0.2579 -0.9576 0.1285
vn 0.5667 -0.8176 0.1021
vn 0.7486 -0.5831 -0.3156
vn -0.6494 0.1760 0.7398
vn -0.5311 -0.0490 0.8459
vn 0.1498 0.9768 0.1532
vn -0.2436 -0.1144 0.9631
vn -0.0759 0.6321 0.7712
vn 0.1864 -0.6141 -0.7669
vn 0.4777 0.7638 0.4341
vn 0.2589 0.5996 -0.7573
vn 0.1173 -0.7543 0.6459
vn -0.2760 0.8837 -0.3781
vn -0.6647 0.7116 0.2277
vn 0.4279 -0.7783 -0.4596
vn -0.3253 0.9072 0.2666
vn -0.0508 0.4108 0.9103
vn -0.3375 0.8042 -0.4893
vn 0.4968 -0.8296 0.2550
vn 0.0940 -0.1914 -0.9770
vn 0.2572 -0.2316 0.9382
vn -0.2217 0.4784 -0.8497
vn -0.1023 0.2667 -0.9583
vn 0.1849 -0.3195 0.9294
vn 0.0920 -0.4108 -0.9071
vn 0.3245 -0.9175 0.2300
vn -0.1994 0.9075 -0.3697
vn -0.0047 0.4225 0.9063
vn -0.1372 0.9064 0.3996
vn 0.2633 -0.8418 -0.4711
vn 0.2635 0.9016 0.3431
vn -0.7548 0.4923 0.4335
vn -0.2730 -0.8794 -0.3901
vn 0.9708 -0.0030 0.2397
vn -0.0956 0.0367 0.9947
vn -0.9018 0.1780 0.3938
vn 0.9535 -0.2539 -0.1621
vn 0.1697 -0.0456 0.9845
vn 0.7130 -0.6459 0.2728
vn -0.6185 0.6751 0.4020
vn 0.1697 -0.0456 0.9844
vn 0.4293 0.6785 0.5961
vn -0.3081 0.6843 0.6610
vn 0.3849 -0.2056 0.8998
vn -0.8927 -0.4136 -0.1788
vn 0.8789 0.4655 0.1041
vn -0.2216 0.4008 0.8890
vn -0.9302 -0.3454 0.1243
vn -0.8465 -0.0392 0.5309
vn 0.7520 0.1727 -0.6362
vn -0.8898 -0.2448 -0.3852
vn 0.9742 0.1019 0.2016
vn -0.3146 -0.6851 -0.6570
vn 0.6190 -0.6202 -0.4819
vn -0.7255 0.0983 0.6812
vn 0.8125 -0.5626 -0.1526
vn 0.8614 -0.1312 -0.4906
vn 0.1136 0.6688 -0.7347
vn -0.5527 -0.5671 -0.6107
vn 0.4677 0.5901 0.6581
vn 0.8829 0.4639 -0.0731
vn 0.2060 -0.3100 -0.9281
vn -0.3470 0.8815 -0.3201
vn 0.2819 -0.6991 0.6571
vn -0.0654 0.8276 0.5575
vn 0.2682 -0.0488 0.9621
vn -0.3401 -0.3481 0.8736
vn -0.2131 0.7065 -0.6748
vn -0.6922 -0.0613 0.7191
vn -0.6114 0.7585 -0.2255
vn 0.2478 -0.2282 -0.9416
vn 0.2581 0.4720 -0.8430
vn -0.3761 -0.7509 0.5428
vn -0.0469 0.9968 0.0647
vn -0.3511 0.1222 -0.9283
vn 0.1270 -0.9908 -0.0476
vn -0.1673 -0.6072 -0.7767
vn 0.1672 0.3892 0.9059
vn 0.7870 0.2740 -0.5527
vn -0.8727 -0.2124 0.4396
vn 0.7093 0.7001 0.0824
vn -0.4816 0.3487 0.8041
vn -0.2995 -0.8877 0.3498
vn 0.0007 -0.9010 -0.4338
vn -0.3124 0.6233 0.7169
vn -0.4401 -0.0793 0.8945
vn 0.0197 0.0653 0.9977
vn 0.5598 0.2344 0.7948
vn -0.6589 -0.1956 -0.7264
vn -0.9241 -0.2899 -0.2490
vn 0.3526 -0.3131 -0.8818
vn -0.8014 -0.5859 -0.1203
vn -0.2491 -0.6445 -0.7229
vn 0.1870 0.7348 0.6520
vn 0.1965 0.8445 0.4981
vn 0.8877 0.3456 0.3041
vn -0.8464 -0.2438 0.4734
vn 0.7638 0.3247 -0.5578
vn -0.1207 0.0102 -0.9926
vn 0.4246 0.7276 0.5388
vn -0.8115 -0.5613 0.1625
vn -0.4990 0.8476 -0.1806
vn -0.7382 -0.6279 0.2467
vn 0.1638 0.9309 -0.3266
vn 0.8089 -0.5773 0.1112
vn 0.5019 -0.7118 -0.4914
vn -0.8506 0.0655 0.5218
vn -0.2555 0.2975 0.9199
vn 0.1321 -0.2788 -0.9512
vn -0.0342 -0.8797 -0.4743
vn -0.3320 -0.6179 -0.7127
vn -0.3166 -0.4942 0.8096
vn 0.0324 0.8004 0.5986
vn -0.2124 -0.9529 0.2164
vn 0.9144 -0.2129 -0.3444
vn 0.0317 0.9993 -0.0184
vn -0.2011 -0.9671 0.1561
vn -0.0733 0.8797 0.4699
vn -0.3156 -0.5546 0.7699
vn 0.1693 0.6869 -0.7067
vn 0.0016 -0.7934 -0.6087
vn 0.1526 -0.1015 -0.9831
vn -0.2686 0.2352 0.9341
vn -0.9985 -0.0532 0.0133
vn 0.8719 0.3962 0.2878
vn -0.7442 0.5329 0.4028
vn 0.8587 0.4502 0.2449
vn -0.8184 -0.3769 -0.4338
vn 0.2927 0.7645 0.5744
vn -0.3477 -0.0329 0.9370
vn -0.8497 -0.1711 -0.4987
vn 0.6627 0.2375 0.7102
vn -0.6200 -0.1530 0.7695
vn 0.8649 0.2812 -0.4158
vn -0.3091 -0.0174 -0.9509
vn -0.9592 0.0860 -0.2694
vn -0.7369 0.6471 -0.1956
vn 0.6001 -0.1663 -0.7825
vn 0.1918 0.4860 0.8526
vn -0.4862 -0.3986 -0.7776
vn 0.3236 0.5084 0.7980
vn -0.9920 0.1208 -0.0370
vn 0.8477 -0.2622 -0.4610
vn 0.2513 -0.6149 -0.7475
vn 0.9857 0.0089 0.1680
vn -0.9603 0.1890 -0.2054
vn -0.0858 0.6740 0.7337
vn -0.8286 -0.0849 -0.5533
vn 0.6798 0.4182 0.6025
vn -0.6247 -0.5611 0.5431
vn 0.7742 -0.5079 -0.3777
vn -0.0680 -0.9957 -0.0627
vn 0.8614 0.4894 0.1357
vn -0.2747 -0.6584 0.7008
vn -0.0048 0.7276 -0.6859
vn -0.1327 -0.5102 0.8498
vn 0.2070 0.8981 -0.3880
vn 0.6282 0.5760 -0.5231
vn -0.5616 0.4542 0.6916
vn 0.0641 0.9851 -0.1599
vn -0.1282 0.9197 -0.3712
vn 0.7241 0.2241 -0.6523
vn 0.7498 0.0136 -0.6615
vn 0.8574 0.3564 -0.3712
vn 0.4409 0.8950 -0.0672
vn 0.6343 0.3791 -0.6737
vn -0.8345 0.3842 0.3949
vn 0.8173 0.5715 0.0729
vn 0.3085 0.8107 0.4977
vn 0.9638 0.1322 -0.2315
vn -0.0307 0.9745 -0.2224
vn -0.4944 0.8517 -0.1737
vn 0.5857 0.3267 -0.7417
vn 0.8458 0.5237 -0.1020
vn -0.2545 0.5965 -0.7612
vn 0.7395 0.5098 -0.4397
vn 0.6090 0.6382 0.4710
vn -0.0077 0.9789 -0.2041
vn 0.3740 0.7188 -0.5861
vn 0.1119 0.9805 -0.1618
vn 0.3399 0.8944 -0.2907
vn -0.6016 0.6592 0.4511
vn 0.9720 0.0900 -0.2172
vn -0.9019 -0.0214 0.4314
vn 0.3400 -0.7317 -0.5908
vn 0.2155 -0.9546 0.2056
vn -0.7575 -0.4831 0.4392
vn -0.5549 -0.7983 0.2340
vn 0.3882 0.3004 0.8712
vn -0.2343 -0.0111 0.9721
vn 0.4452 -0.8091 0.3837
vn 0.7204 -0.0675 -0.6903
vn -0.2678 0.9587 -0.0960
vn -0.0255 0.4083 0.9125
vn -0.8031 -0.3188 -0.5034
vn -0.0205 -0.3071 -0.9514
vn 0.2137 0.9617 0.1719
vn 0.8501 0.3099 -0.4259
vn 0.8515 -0.2955 0.4331
vn 0.9442 -0.3119 0.1062
vn 0.8735 -0.1217 -0.4715
vn -0.0746 -0.0237 -0.9969
vn 0.0453 0.9161 0.3983
vn 0.4067 -0.5905 0.6971
vn -0.2303 -0.9255 -0.3007
vn -0.2292 0.1636 -0.9595
vn 0.9662 -0.1915 -0.1728
vn 0.4545 -0.0743 0.8877
vn -0.3800 0.2321 -0.8954
vn 0.9169 -0.1978 -0.3467
vn -0.3453 -0.4442 -0.8267
vn 0.4298 0.2855 0.8566
vn 0.6894 0.6279 -0.3611
vn 0.8657 0.4452 0.2287
vn 0.8454 -0.1611 -0.5093
vn 0.1422 -0.9162 0.3747
vn -0.1865 0.9235 -0.3351
vn 0.6544 0.6273 0.4222
vn 0.1122 -0.7673 0.6314
vn 0.5345 -0.2051 0.8199
vn -0.5982 0.2604 -0.7579
vn -0.1282 -0.4606 0.8783
vn 0.0935 0.5135 -0.8530
vn -0.7794 -0.6086 0.1485
vn -0.7915 -0.3061 -0.5289
vn 0.5194 -0.7925 0.3198
vn -0.6964 0.6482 -0.3081
vn -0.9028 0.2390 -0.3575
vn -0.0803 0.9839 -0.1594
vn -0.4579 -0.8842 0.0922
vn 0.3914 0.9167 -0.0807
vn -0.1217 0.8155 -0.5659
vn -0.7725 -0.4648 -0.4327
vn 0.6369 0.7660 -0.0872
vn -0.7250 -0.6286 0.2814
vn 0.5740 0.5479 0.6086
vn -0.4311 -0.4193 0.7990
vn -0.1663 -0.9837 0.0691
vn 0.9285 0.1120 0.3540
vn -0.8405 -0.4715 -0.2669
vn 0.6264 0.7700 0.1209
vn 0.1870 0.2960 -0.9367
vn 0.6825 0.6691 -0.2942
vn -0.7059 -0.5752 0.4134
vn 0.6512 0.6052 0.4579
vn 0.3341 0.4335 -0.8369
vn -0.6940 -0.5211 -0.4969
vn -0.1885 0.0513 -0.9807
vn 0.1078 0.0403 0.9934
vn 0.4535 0.8297 -0.3253
vn -0.5546 -0.7761 0.3002
vn 0.6797 0.6456 0.3481
vn -0.0119 -0.5146 0.8574
vn -0.7682 -0.5492 -0.3289
vn -0.3857 -0.1733 -0.9062
vn 0.1345 0.1256 0.9829
vn -0.3996 -0.3440 0.8497
vn -0.4909 -0.0171 0.8710
vn -0.1660 0.3770 0.9112
vn -0.3223 -0.6424 -0.6953
vn -0.5087 -0.7003 -0.5008
vn -0.0273 0.5925 -0.8051
vn -0.7526 -0.5426 -0.3731
vn -0.5272 0.0450 -0.8485
vn 0.4768 0.0508 0.8775
vn -0.4587 0.6545 -0.6010
vn -0.4588 0.6545 -0.6010
vn 0.6523 0.7513 -0.1007
vn -0.7523 -0.5024 0.4262
vn 0.6128 0.3652 -0.7008
vn 0.2279 -0.2158 -0.9495
vn 0.3782 -0.3488 0.8575
vn -0.1129 0.7104 -0.6947
vn -0.8850 -0.0469 -0.4633
vn 0.4871 0.8151 -0.3137
vn -0.2758 -0.6607 0.6981
vn 0.8254 0.1839 0.5337
vn -0.8400 -0.5322 0.1057
vn 0.7691 0.6353 -0.0697
vn 0.8021 0.3896 -0.4525
vn -0.7101 -0.3357 0.6190
vn 0.9768 -0.0582 -0.2059
vn -0.1413 -0.6927 0.7073
vn -0.0909 0.7882 -0.6087
vn -0.9759 0.1907 0.1058
vn -0.7600 0.5634 -0.3240
vn 0.7023 -0.6527 0.2843
vn 0.0961 0.0292 0.9949
vn -0.2173 -0.6724 -0.7076
vn -0.6484 -0.4625 -0.6047
vn 0.6347 -0.0977 -0.7666
vn -0.4477 -0.4324 0.7826
vn -0.7657 -0.6395 0.0682
vn -0.8942 -0.3343 0.2976
vn 0.2004 -0.3535 -0.9137
vn -0.8419 -0.5182 -0.1509
vn 0.6477 0.7619 -0.0036
vn -0.3659 0.6350 0.6804
vn -0.6100 0.3702 0.7006
vn 0.2036 0.9030 0.3784
vn -0.3428 -0.8919 -0.2949
vn -0.1411 0.4833 0.8640
vn 0.7197 0.6896 0.0811
vn -0.6185 -0.6513 -0.4396
vn -0.0252 0.5992 0.8002
vn -0.1598 0.1187 -0.9800
vn -0.0535 0.2816 -0.9581
vn 0.7357 -0.3062 -0.6041
vn -0.8676 -0.3773 0.3239
vn -0.3694 0.7184 0.5894
vn 0.8417 0.4654 -0.2739
vt 0.322286 0.222007
vt 0.323090 0.219993
vt 0.323550 0.222006
vt 0.338938 0.219564
vt 0.339477 0.217190
vt 0.340703 0.218743
vt 0.296013 0.215798
vt 0.300797 0.215941
vt 0.299447 0.218175
vt 0.305409 0.208258
vt 0.306032 0.211894
vt 0.303320 0.209809
vt 0.798504 0.438846
vt 0.798228 0.437000
vt 0.798504 0.436997
vt 0.838455 0.457428
vt 0.837885 0.452782
vt 0.840096 0.456675
vt 0.809429 0.448596
vt 0.811636 0.444348
vt 0.814720 0.444986
vt 0.838280 0.465762
vt 0.840810 0.464737
vt 0.838706 0.466799
vt 0.304464 0.207022
vt 0.301896 0.208270
vt 0.325738 0.218747
vt 0.327135 0.220533
vt 0.823940 0.451675
vt 0.824954 0.450689
vt 0.827140 0.450645
vt 0.823434 0.458780
vt 0.822874 0.455478
vt 0.824720 0.455272
vt 0.833808 0.454272
vt 0.835970 0.453229
vt 0.844066 0.461928
vt 0.842695 0.463801
vt 0.842174 0.462820
vt 0.296740 0.218175
vt 0.310248 0.210675
vt 0.309642 0.212229
vt 0.334435 0.203702
vt 0.335210 0.198621
vt 0.337565 0.198747
vt 0.335222 0.203537
vt 0.338449 0.198888
vt 0.805433 0.440883
vt 0.807317 0.437497
vt 0.806426 0.440838
vt 0.812511 0.449405
vt 0.816926 0.445182
vt 0.799979 0.451937
vt 0.795535 0.453373
vt 0.796743 0.449857
vt 0.799927 0.450036
vt 0.796202 0.448717
vt 0.840713 0.437618
vt 0.839447 0.432784
vt 0.840339 0.432732
vt 0.327721 0.205548
vt 0.327606 0.199557
vt 0.328552 0.199784
vt 0.799719 0.436997
vt 0.798504 0.438123
vt 0.798537 0.436997
vt 0.829012 0.434423
vt 0.828370 0.433383
vt 0.830042 0.434651
vt 0.830965 0.434370
vt 0.829642 0.432276
vt 0.831831 0.433492
vt 0.839828 0.437477
vt 0.837661 0.433448
vt 0.829870 0.438287
vt 0.830815 0.438514
vt 0.798906 0.463014
vt 0.799853 0.460736
vt 0.799858 0.463264
vt 0.779962 0.462810
vt 0.779367 0.465289
vt 0.779148 0.461937
vt 0.784318 0.457516
vt 0.781800 0.460689
vt 0.779826 0.459857
vt 0.828125 0.448665
vt 0.828511 0.444867
vt 0.829984 0.444278
vt 0.836152 0.446693
vt 0.836698 0.442432
vt 0.837486 0.442268
vt 0.834975 0.446473
vt 0.834446 0.443064
vt 0.829271 0.458300
vt 0.823853 0.458882
vt 0.824539 0.455564
vt 0.832152 0.455318
vt 0.829688 0.450682
vt 0.834046 0.450584
vt 0.835196 0.452232
vt 0.829452 0.461015
vt 0.831704 0.458831
vt 0.810735 0.456372
vt 0.806689 0.455905
vt 0.807295 0.455383
vt 0.825510 0.465866
vt 0.824650 0.468355
vt 0.824837 0.465893
vt 0.800939 0.454737
vt 0.799020 0.458146
vt 0.799441 0.454391
vt 0.804973 0.453087
vt 0.803035 0.454501
vt 0.803054 0.453399
vt 0.811265 0.453742
vt 0.800003 0.458250
vt 0.799501 0.458453
vt 0.827985 0.463257
vt 0.831831 0.464234
vt 0.828256 0.465916
vt 0.806921 0.464535
vt 0.806718 0.462032
vt 0.807900 0.463439
vt 0.802820 0.449425
vt 0.802341 0.450840
vt 0.802166 0.449696
vt 0.805313 0.460972
vt 0.805637 0.463210
vt 0.804579 0.461069
vt 0.842029 0.459857
vt 0.836381 0.467536
vt 0.834015 0.468541
vt 0.836099 0.466763
vt 0.808295 0.450624
vt 0.806892 0.452775
vt 0.846722 0.458301
vt 0.847922 0.456112
vt 0.849072 0.457699
vt 0.829399 0.459264
vt 0.830549 0.461171
vt 0.802825 0.449406
vt 0.805583 0.448539
vt 0.804619 0.450324
vt 0.808280 0.442980
vt 0.806050 0.445229
vt 0.805912 0.442175
vt 0.842966 0.457473
vt 0.844373 0.458903
vt 0.836944 0.451175
vt 0.837937 0.449854
vt 0.838642 0.450065
vt 0.333707 0.214499
vt 0.330357 0.208102
vt 0.332711 0.207743
vt 0.336825 0.214014
vt 0.336624 0.208350
vt 0.337656 0.214107
vt 0.333889 0.207963
vt 0.335622 0.214052
vt 0.309372 0.205618
vt 0.314106 0.198895
vt 0.312457 0.206255
vt 0.306009 0.199092
vt 0.307614 0.193025
vt 0.309479 0.200340
vt 0.322456 0.216542
vt 0.324632 0.210043
vt 0.325862 0.209934
vt 0.320611 0.216747
vt 0.321513 0.209195
vt 0.308597 0.192880
vt 0.310220 0.200593
vt 0.836981 0.465583
vt 0.837401 0.466806
vt 0.812238 0.456125
vt 0.836083 0.451789
vt 0.836347 0.453879
vt 0.837835 0.467187
vt 0.834952 0.449644
vt 0.833706 0.450091
vt 0.825829 0.463768
vt 0.827749 0.465920
vt 0.812842 0.453643
vt 0.811906 0.450960
vt 0.824006 0.463764
vt 0.824549 0.460737
vt 0.824917 0.463766
vt 0.834153 0.468866
vt 0.833585 0.470043
vt 0.833112 0.469749
vt 0.825555 0.469056
vt 0.823786 0.469530
vt 0.824973 0.468475
vt 0.807109 0.429560
vt 0.807442 0.428052
vt 0.807539 0.429502
vt 0.826848 0.467095
vt 0.834787 0.469039
vt 0.813092 0.457885
vt 0.814641 0.458017
vt 0.814473 0.458356
vt 0.813436 0.457096
vt 0.815141 0.457649
vt 0.836456 0.449386
vt 0.836241 0.450019
vt 0.785790 0.422258
vt 0.782809 0.422718
vt 0.786088 0.420871
vt 0.845416 0.462214
vt 0.845213 0.461949
vt 0.799650 0.452236
vt 0.801644 0.450793
vt 0.801911 0.452620
vt 0.828892 0.462227
vt 0.830492 0.462086
vt 0.802713 0.450832
vt 0.802218 0.452868
vt 0.807365 0.435567
vt 0.809548 0.436166
vt 0.807349 0.437391
vt 0.805616 0.430223
vt 0.806733 0.427820
vt 0.806879 0.427859
vt 0.799376 0.460476
vt 0.798906 0.460540
vt 0.784120 0.425256
vt 0.785815 0.427736
vt 0.785072 0.427749
vt 0.806148 0.433686
vt 0.805788 0.430228
vt 0.831553 0.464507
vt 0.831957 0.467090
vt 0.830440 0.464458
vt 0.831818 0.464355
vt 0.832156 0.466923
vt 0.835025 0.450223
vt 0.813865 0.455587
vt 0.811720 0.457369
vt 0.837013 0.467763
vt 0.839508 0.448327
vt 0.839580 0.447019
vt 0.839705 0.446982
vt 0.804537 0.423186
vt 0.804000 0.423935
vt 0.804061 0.423050
vt 0.816085 0.458753
vt 0.816575 0.459953
vt 0.815745 0.458924
vt 0.815644 0.459127
vt 0.838001 0.449238
vt 0.839121 0.448285
vt 0.825626 0.469365
vt 0.824031 0.469940
vt 0.839715 0.446456
vt 0.839830 0.446944
vt 0.816720 0.460093
vt 0.816926 0.460107
vt 0.816897 0.460168
vt 0.816751 0.460030
vt 0.816845 0.459980
vt 0.824072 0.470126
vt 0.822297 0.470516
vt 0.807192 0.428004
vt 0.807903 0.426536
vt 0.822266 0.470369
vt 0.833084 0.470710
vt 0.832621 0.470498
vt 0.816543 0.460019
vt 0.832515 0.462438
vt 0.832091 0.461945
vt 0.806653 0.435906
vt 0.782898 0.423913
vt 0.786088 0.424324
vt 0.828297 0.462407
vt 0.829328 0.464409
vt 0.829045 0.464644
vt 0.785202 0.423989
vt 0.785357 0.424446
vt 0.785271 0.424446
vt 0.785285 0.423794
vt 0.785357 0.423970
vt 0.785058 0.429897
vt 0.784818 0.429882
vt 0.806934 0.427872
vt 0.834444 0.468332
vt 0.832517 0.466896
vt 0.834509 0.468277
vt 0.822656 0.451096
vt 0.821785 0.449784
vt 0.774326 0.467025
vt 0.774442 0.464452
vt 0.775004 0.464202
vt 0.803479 0.450555
vt 0.803480 0.454491
vt 0.802675 0.450748
vt 0.775775 0.465653
vt 0.775718 0.464246
vt 0.823993 0.453021
vt 0.822908 0.453702
vt 0.822782 0.452397
vt 0.803428 0.451843
vt 0.801623 0.452361
vt 0.804470 0.455301
vt 0.805165 0.454942
vt 0.821366 0.450527
vt 0.820570 0.448070
vt 0.821523 0.450379
vt 0.821006 0.448094
vt 0.821998 0.449506
vt 0.807968 0.460573
vt 0.807834 0.458441
vt 0.807948 0.458396
vt 0.802997 0.456919
vt 0.802877 0.454318
vt 0.825160 0.450344
vt 0.820679 0.448075
vt 0.821038 0.446805
vt 0.820780 0.448103
vt 0.774357 0.462656
vt 0.773295 0.461586
vt 0.773400 0.461523
vt 0.806278 0.447832
vt 0.806425 0.449198
vt 0.806278 0.449221
vt 0.774650 0.462378
vt 0.773484 0.461350
vt 0.803634 0.456983
vt 0.803316 0.457028
vt 0.820985 0.446495
vt 0.820919 0.446769
vt 0.820926 0.446456
vt 0.821152 0.446613
vt 0.820956 0.446777
vt 0.773468 0.461319
vt 0.773343 0.461406
vt 0.773351 0.461347
vt 0.802920 0.457854
vt 0.806739 0.447848
vt 0.806528 0.449210
vt 0.806476 0.449204
vt 0.783854 0.442839
vt 0.784155 0.443725
vt 0.784037 0.443893
vt 0.820883 0.446761
vt 0.820710 0.464795
vt 0.821358 0.464687
vt 0.821440 0.464984
vt 0.778284 0.440856
vt 0.778148 0.440484
vt 0.778284 0.440318
vt 0.801093 0.440845
vt 0.800812 0.438572
vt 0.801093 0.438451
vt 0.791631 0.471361
vt 0.789271 0.473148
vt 0.790693 0.470495
vt 0.791895 0.472372
vt 0.789447 0.473307
vt 0.822758 0.462646
vt 0.821017 0.464555
vt 0.821117 0.462266
vt 0.824197 0.461717
vt 0.822220 0.460128
vt 0.804683 0.460138
vt 0.802627 0.461480
vt 0.801791 0.459886
vt 0.792401 0.467356
vt 0.790543 0.468851
vt 0.789271 0.466841
vt 0.805031 0.461865
vt 0.804322 0.462188
vt 0.805003 0.457683
vt 0.804259 0.459386
vt 0.803922 0.457340
vt 0.806504 0.459340
vt 0.805210 0.459410
vt 0.802765 0.463345
vt 0.791948 0.469322
vt 0.821687 0.459978
vt 0.820460 0.462240
vt 0.806116 0.460940
vt 0.824046 0.454369
vt 0.803287 0.446194
vt 0.804604 0.448845
vt 0.802239 0.445838
vt 0.801938 0.450535
vt 0.825223 0.452255
vt 0.806514 0.450134
vt 0.806620 0.447802
vt 0.773453 0.461287
vt 0.773360 0.461288
vt 0.820866 0.446418
vt 0.821680 0.450233
vt 0.808188 0.460661
vt 0.808188 0.464766
vt 0.808062 0.458351
vt 0.309695 0.192989
vt 0.310958 0.200844
vt 0.335783 0.208002
vt 0.839440 0.459115
vt 0.839691 0.460809
vt 0.808938 0.445521
vt 0.840287 0.463709
vt 0.805181 0.450526
vt 0.833949 0.456652
vt 0.838047 0.446733
vt 0.839049 0.442397
vt 0.778506 0.465051
vt 0.778129 0.461287
vt 0.789736 0.443798
vt 0.788877 0.442231
vt 0.789801 0.441934
vt 0.778431 0.466627
vt 0.778129 0.467267
vt 0.790201 0.449421
vt 0.787570 0.444559
vt 0.807673 0.446989
vt 0.810859 0.443782
vt 0.287933 0.214832
vt 0.286341 0.210862
vt 0.287938 0.210691
vt 0.297716 0.213206
vt 0.300060 0.211826
vt 0.839089 0.452744
vt 0.841741 0.455920
vt 0.337177 0.220384
vt 0.337832 0.217944
vt 0.800560 0.463028
vt 0.802124 0.462980
vt 0.801900 0.463527
vt 0.788992 0.441549
vt 0.790275 0.440877
vt 0.802623 0.463807
vt 0.802364 0.464260
vt 0.827694 0.433410
vt 0.828020 0.432947
vt 0.789318 0.438943
vt 0.790786 0.440208
vt 0.803471 0.461899
vt 0.802908 0.461186
vt 0.800759 0.462536
vt 0.800521 0.459709
vt 0.827541 0.431452
vt 0.827941 0.431369
vt 0.803777 0.438397
vt 0.804700 0.436997
vt 0.804541 0.438500
vt 0.789114 0.438306
vt 0.789919 0.438047
vt 0.790600 0.438371
vt 0.827843 0.430997
vt 0.827093 0.431058
vt 0.793600 0.426437
vt 0.794254 0.427332
vt 0.793600 0.427643
vt 0.828504 0.431498
vt 0.802318 0.459453
vt 0.800850 0.458747
vt 0.788028 0.449532
vt 0.789929 0.446436
vt 0.789430 0.450700
vt 0.801998 0.423943
vt 0.801402 0.423105
vt 0.802172 0.423242
vt 0.784942 0.464257
vt 0.784463 0.462570
vt 0.785641 0.462595
vt 0.770278 0.453803
vt 0.771330 0.452597
vt 0.771606 0.455028
vt 0.828132 0.430661
vt 0.828597 0.430772
vt 0.784381 0.464175
vt 0.784023 0.464632
vt 0.783679 0.464119
vt 0.789250 0.429386
vt 0.789848 0.428227
vt 0.789848 0.429922
vt 0.789639 0.454727
vt 0.789592 0.460152
vt 0.787645 0.454699
vt 0.790800 0.462475
vt 0.790351 0.463083
vt 0.790010 0.462440
vt 0.828676 0.432633
vt 0.829043 0.433131
vt 0.834137 0.459363
vt 0.835747 0.457987
vt 0.834378 0.468387
vt 0.831758 0.467257
vt 0.805960 0.430232
vt 0.806989 0.427884
vt 0.785169 0.423797
vt 0.785047 0.424008
vt 0.785186 0.424446
vt 0.806620 0.433473
vt 0.808077 0.435227
vt 0.807969 0.426581
vt 0.807692 0.428100
vt 0.816690 0.459915
vt 0.839529 0.446513
vt 0.839347 0.450275
vt 0.839894 0.448368
vt 0.824164 0.465920
vt 0.837646 0.452331
vt 0.837142 0.453355
vt 0.805150 0.438615
vt 0.832522 0.460742
vt 0.807969 0.429444
vt 0.825814 0.460736
vt 0.324302 0.216337
vt 0.327091 0.209826
vt 0.305053 0.198767
vt 0.304800 0.193003
vt 0.845444 0.456792
vt 0.824327 0.468234
vt 0.829355 0.448557
vt 0.831270 0.444811
vt 0.831737 0.438500
vt 0.329473 0.199770
vt 0.329006 0.206081
vt 0.808272 0.437822
vt 0.807420 0.440793
vt 0.294034 0.218175
vt 0.294720 0.216189
vt 0.825353 0.458723
vt 0.826565 0.455067
vt 0.321021 0.222009
vt 0.321171 0.220050
vt 0.791633 0.465671
vt 0.791107 0.465380
vt 0.791633 0.463748
vt 0.789696 0.464415
vt 0.790125 0.464935
vt 0.790995 0.462998
vt 0.790582 0.465682
vt 0.789739 0.463154
vt 0.790779 0.464708
vt 0.790528 0.464886
vt 0.803764 0.458795
vt 0.788886 0.436763
vt 0.787570 0.436854
vt 0.790741 0.437258
vt 0.790143 0.437570
vt 0.790362 0.437207
vt 0.790892 0.438028
vt 0.793990 0.428260
vt 0.789733 0.437330
vt 0.790677 0.462578
vt 0.790010 0.462370
vt 0.790304 0.462219
vt 0.795220 0.465808
vt 0.795657 0.463901
vt 0.796309 0.465633
vt 0.783320 0.464323
vt 0.783268 0.463923
vt 0.783683 0.462452
vt 0.783117 0.461923
vt 0.791545 0.460152
vt 0.791042 0.462404
vt 0.790506 0.436172
vt 0.790684 0.436721
vt 0.789401 0.436762
vt 0.780869 0.439780
vt 0.781605 0.437421
vt 0.781605 0.440673
vt 0.790455 0.447168
vt 0.790406 0.450746
vt 0.287375 0.215996
vt 0.288143 0.212016
vt 0.289761 0.218677
vt 0.790987 0.445898
vt 0.813037 0.436474
vt 0.812816 0.433314
vt 0.815476 0.435186
vt 0.792025 0.446061
vt 0.791450 0.446439
vt 0.770768 0.455687
vt 0.770733 0.454613
vt 0.826405 0.431846
vt 0.826614 0.432206
vt 0.826716 0.430948
vt 0.791992 0.464915
vt 0.287166 0.211969
vt 0.285382 0.215969
vt 0.285765 0.210802
vt 0.771807 0.453071
vt 0.771807 0.455076
vt 0.790603 0.445058
vt 0.791423 0.445278
vt 0.794046 0.463670
vt 0.796309 0.463035
vt 0.790586 0.460519
vt 0.790082 0.461215
vt 0.789837 0.462831
vt 0.805075 0.463389
vt 0.804755 0.461942
vt 0.805075 0.461727
vt 0.781528 0.464355
vt 0.781187 0.465622
vt 0.780059 0.465044
vt 0.780209 0.466022
vt 0.779826 0.465160
vt 0.790589 0.441503
vt 0.789473 0.445065
vt 0.789308 0.446129
vt 0.787795 0.445919
vt 0.786629 0.450780
vt 0.284366 0.212050
vt 0.285694 0.216458
vt 0.780431 0.470402
vt 0.783017 0.474275
vt 0.779403 0.474275
vt 0.781033 0.464355
vt 0.782558 0.464067
vt 0.800521 0.454301
vt 0.801319 0.450554
vt 0.803272 0.453144
vt 0.802358 0.456275
vt 0.803922 0.455816
vt 0.802299 0.458447
vt 0.800521 0.458747
vt 0.791042 0.460383
vt 0.785641 0.464245
vt 0.809306 0.470414
vt 0.807816 0.469277
vt 0.808989 0.469277
vt 0.779607 0.466703
vt 0.784907 0.462811
vt 0.783974 0.459195
vt 0.841062 0.463604
vt 0.844164 0.467511
vt 0.843100 0.468328
vt 0.781254 0.466326
vt 0.784657 0.461744
vt 0.784531 0.467284
vt 0.781267 0.461252
vt 0.785254 0.458040
vt 0.782339 0.462025
vt 0.838049 0.460909
vt 0.841711 0.464076
vt 0.839713 0.464731
vt 0.796895 0.460191
vt 0.796198 0.463735
vt 0.795150 0.460471
vt 0.783047 0.461260
vt 0.783984 0.459180
vt 0.840199 0.459716
vt 0.837502 0.457633
vt 0.838752 0.457262
vt 0.795357 0.458333
vt 0.796502 0.457661
vt 0.836681 0.460996
vt 0.837109 0.465771
vt 0.780854 0.460825
vt 0.779406 0.466081
vt 0.797799 0.457942
vt 0.842298 0.462391
vt 0.839698 0.461668
vt 0.841135 0.460878
vt 0.782593 0.459252
vt 0.798640 0.463344
vt 0.798640 0.459912
vt 0.780216 0.460856
vt 0.784048 0.456961
vt 0.840030 0.464435
vt 0.842172 0.468526
vt 0.782151 0.454853
vt 0.783364 0.455008
vt 0.784366 0.453791
vt 0.786464 0.449707
vt 0.785666 0.454358
vt 0.784405 0.454936
vt 0.837868 0.452072
vt 0.839025 0.452050
vt 0.782866 0.455913
vt 0.787084 0.455048
vt 0.836498 0.457514
vt 0.783146 0.450971
vt 0.781630 0.445000
vt 0.784174 0.450861
vt 0.838974 0.448666
vt 0.840622 0.441360
vt 0.841526 0.441332
vt 0.837868 0.448651
vt 0.839717 0.441817
vt 0.841271 0.452529
vt 0.840692 0.446072
vt 0.841700 0.446187
vt 0.787446 0.449807
vt 0.839811 0.456735
vt 0.840881 0.456436
vt 0.838623 0.456810
vt 0.843201 0.441777
vt 0.842617 0.438054
vt 0.843216 0.437890
vt 0.782034 0.433525
vt 0.782247 0.429324
vt 0.782680 0.433241
vt 0.779809 0.440610
vt 0.780511 0.436822
vt 0.781039 0.436772
vt 0.781095 0.429255
vt 0.781666 0.429213
vt 0.783347 0.444706
vt 0.783830 0.438533
vt 0.784397 0.444898
vt 0.782112 0.451016
vt 0.780840 0.445041
vt 0.785326 0.445209
vt 0.784571 0.438266
vt 0.842533 0.446270
vt 0.842246 0.452092
vt 0.842083 0.437950
vt 0.842720 0.433176
vt 0.843132 0.433248
vt 0.781724 0.425144
vt 0.781810 0.432606
vt 0.782104 0.432821
vt 0.841816 0.441396
vt 0.842503 0.441594
vt 0.840619 0.437546
vt 0.839912 0.434206
vt 0.841217 0.437106
vt 0.840530 0.434324
vt 0.841968 0.437024
vt 0.780511 0.440628
vt 0.781627 0.436599
vt 0.843932 0.429479
vt 0.844164 0.429561
vt 0.781319 0.425238
vt 0.780653 0.421989
vt 0.784042 0.430002
vt 0.784186 0.430191
vt 0.780216 0.422068
vt 0.780427 0.422084
vt 0.839458 0.434209
vt 0.838725 0.430371
vt 0.839127 0.430252
vt 0.782509 0.432902
vt 0.780985 0.425252
vt 0.781090 0.419581
vt 0.781178 0.419590
vt 0.784390 0.430293
vt 0.784518 0.427700
vt 0.784657 0.427671
vt 0.837075 0.428109
vt 0.836687 0.425980
vt 0.837284 0.427988
vt 0.836498 0.425939
vt 0.836553 0.425965
vt 0.842421 0.433099
vt 0.838499 0.430615
vt 0.843137 0.427416
vt 0.842981 0.427519
vt 0.842999 0.427440
vt 0.843100 0.427347
vt 0.843222 0.427293
vt 0.843294 0.427313
vt 0.843175 0.427485
vt 0.843276 0.427392
vt 0.781307 0.419651
vt 0.836820 0.425977
vt 0.837466 0.428014
vt 0.782806 0.438636
vt 0.779876 0.444674
vt 0.785234 0.449585
vt 0.840286 0.452626
vt 0.836748 0.452343
vt 0.782465 0.466481
vt 0.783541 0.467030
vt 0.783170 0.467367
vt 0.775656 0.472439
vt 0.779304 0.469965
vt 0.780759 0.472632
vt 0.792277 0.450063
vt 0.795073 0.447441
vt 0.793273 0.450496
vt 0.782281 0.468197
vt 0.781540 0.466734
vt 0.782547 0.467632
vt 0.803222 0.459556
vt 0.802338 0.464787
vt 0.802338 0.459650
vt 0.775731 0.471128
vt 0.774498 0.465177
vt 0.808944 0.455943
vt 0.812302 0.450060
vt 0.810483 0.457248
vt 0.802483 0.458743
vt 0.803089 0.458477
vt 0.805295 0.456587
vt 0.809804 0.458747
vt 0.804883 0.460265
vt 0.774564 0.471735
vt 0.774781 0.472530
vt 0.803720 0.458611
vt 0.781991 0.460593
vt 0.783235 0.466262
vt 0.772828 0.466776
vt 0.804738 0.464531
vt 0.804107 0.459461
vt 0.791107 0.449531
vt 0.793291 0.447262
vt 0.806972 0.447047
vt 0.808975 0.441046
vt 0.808975 0.447547
vt 0.793162 0.439987
vt 0.792660 0.432384
vt 0.795159 0.440112
vt 0.768176 0.460393
vt 0.769920 0.458975
vt 0.812914 0.443905
vt 0.814941 0.444948
vt 0.779869 0.460364
vt 0.797531 0.439650
vt 0.808606 0.449089
vt 0.810313 0.449441
vt 0.766641 0.449383
vt 0.772840 0.444749
vt 0.773930 0.445672
vt 0.814257 0.432053
vt 0.805429 0.428800
vt 0.806385 0.427820
vt 0.813267 0.435241
vt 0.804883 0.430424
vt 0.802824 0.426557
vt 0.803453 0.435141
vt 0.801064 0.426327
vt 0.794666 0.432567
vt 0.781683 0.453727
vt 0.783541 0.453400
vt 0.779716 0.453731
vt 0.804010 0.424299
vt 0.804145 0.432755
vt 0.803104 0.432872
vt 0.805332 0.440210
vt 0.805868 0.449316
vt 0.804732 0.439752
vt 0.775742 0.438047
vt 0.780599 0.435536
vt 0.780759 0.436316
vt 0.806568 0.440459
vt 0.806666 0.449465
vt 0.807315 0.427093
vt 0.803549 0.432640
vt 0.802105 0.431955
vt 0.764252 0.448241
vt 0.771945 0.443314
vt 0.806259 0.426633
vt 0.801704 0.431189
vt 0.802091 0.434850
vt 0.799279 0.425539
vt 0.792061 0.438659
vt 0.789442 0.434276
vt 0.792971 0.438416
vt 0.804798 0.440013
vt 0.809224 0.456217
vt 0.808665 0.456324
vt 0.802351 0.433031
vt 0.804253 0.440310
vt 0.807662 0.439850
vt 0.799933 0.439672
vt 0.799992 0.438760
vt 0.806831 0.442870
vt 0.799262 0.440474
vt 0.807849 0.442146
vt 0.808468 0.440858
vt 0.808357 0.448880
vt 0.807696 0.449279
vt 0.789972 0.434420
vt 0.791256 0.429448
vt 0.791482 0.429556
vt 0.801571 0.456334
vt 0.799466 0.451175
vt 0.802065 0.456190
vt 0.804607 0.433715
vt 0.803840 0.428011
vt 0.804113 0.428023
vt 0.800963 0.456395
vt 0.799260 0.451283
vt 0.798348 0.440680
vt 0.796043 0.435273
vt 0.796633 0.435301
vt 0.798300 0.463271
vt 0.800594 0.456342
vt 0.799207 0.463496
vt 0.792316 0.465913
vt 0.792523 0.463748
vt 0.792523 0.466094
vt 0.792095 0.465872
vt 0.792386 0.463824
vt 0.797291 0.429335
vt 0.796800 0.426671
vt 0.796958 0.426681
vt 0.797029 0.429408
vt 0.796674 0.426763
vt 0.790985 0.429485
vt 0.795535 0.434977
vt 0.804320 0.428127
vt 0.805075 0.433748
vt 0.804900 0.425983
vt 0.804805 0.425798
vt 0.804938 0.425808
vt 0.805049 0.425923
vt 0.805075 0.426072
vt 0.804996 0.426167
vt 0.804751 0.426042
vt 0.804862 0.426157
vt 0.797560 0.450260
vt 0.797531 0.450110
vt 0.792971 0.428671
vt 0.792954 0.428813
vt 0.806685 0.428171
vt 0.806876 0.430118
vt 0.806747 0.430025
vt 0.808229 0.460990
vt 0.807037 0.461072
vt 0.807282 0.460464
vt 0.797731 0.443681
vt 0.798853 0.444071
vt 0.798163 0.444326
vt 0.846123 0.455843
vt 0.846100 0.457443
vt 0.844870 0.457170
vt 0.797020 0.442671
vt 0.798508 0.442679
vt 0.845265 0.459519
vt 0.845675 0.459662
vt 0.813646 0.436356
vt 0.812771 0.436207
vt 0.814854 0.434754
vt 0.765281 0.450975
vt 0.766707 0.451584
vt 0.807182 0.438826
vt 0.805949 0.438855
vt 0.809099 0.441875
vt 0.808841 0.443222
vt 0.808609 0.434578
vt 0.810326 0.430451
vt 0.811102 0.430771
vt 0.804669 0.438516
vt 0.774544 0.438247
vt 0.775147 0.439422
vt 0.806613 0.443915
vt 0.807802 0.444051
vt 0.807703 0.433915
vt 0.805456 0.430073
vt 0.805792 0.429344
vt 0.800676 0.440715
vt 0.799279 0.441073
vt 0.810001 0.448717
vt 0.811563 0.448626
vt 0.801740 0.441647
vt 0.812686 0.447385
vt 0.812671 0.445680
vt 0.805161 0.432856
vt 0.809925 0.429853
vt 0.812269 0.425110
vt 0.787031 0.461646
vt 0.786238 0.456500
vt 0.786435 0.456510
vt 0.802065 0.460034
vt 0.804303 0.455801
vt 0.803228 0.460269
vt 0.788458 0.466304
vt 0.789659 0.466279
vt 0.806713 0.433234
vt 0.807526 0.433935
vt 0.787462 0.461415
vt 0.790311 0.465747
vt 0.763381 0.443731
vt 0.762416 0.437132
vt 0.763354 0.436697
vt 0.787586 0.472663
vt 0.803578 0.465780
vt 0.804816 0.465637
vt 0.806367 0.439926
vt 0.806584 0.434480
vt 0.791396 0.454425
vt 0.790160 0.458846
vt 0.790160 0.453761
vt 0.812686 0.424881
vt 0.812168 0.424939
vt 0.804567 0.450110
vt 0.804517 0.450420
vt 0.804474 0.450165
vt 0.805136 0.424717
vt 0.805214 0.424410
vt 0.803895 0.455246
vt 0.812547 0.425140
vt 0.786670 0.456506
vt 0.764304 0.455328
vt 0.815748 0.439768
vt 0.818571 0.439635
vt 0.814752 0.438952
vt 0.816372 0.445845
vt 0.819916 0.440018
vt 0.791107 0.432090
vt 0.794195 0.426130
vt 0.766824 0.461488
vt 0.763358 0.456076
vt 0.795960 0.427265
vt 0.781750 0.447316
vt 0.765259 0.453297
vt 0.766254 0.453602
vt 0.816186 0.436664
vt 0.814307 0.437280
vt 0.806577 0.460849
vt 0.806147 0.458139
vt 0.799116 0.442306
vt 0.800123 0.442547
vt 0.800314 0.443443
vt 0.848292 0.456817
vt 0.847327 0.456586
vt 0.848316 0.455858
vt 0.798853 0.444538
vt 0.800074 0.444019
vt 0.848286 0.459589
vt 0.847877 0.457294
vt 0.848459 0.461822
vt 0.848889 0.460166
vt 0.848848 0.462324
vt 0.763825 0.450085
vt 0.764580 0.451710
vt 0.800910 0.425900
vt 0.799319 0.424410
vt 0.786611 0.446542
vt 0.785569 0.443435
vt 0.785693 0.443324
vt 0.814919 0.432226
vt 0.815999 0.430880
vt 0.816270 0.431314
vt 0.819727 0.439205
vt 0.818733 0.439038
vt 0.782187 0.446070
vt 0.782869 0.444776
vt 0.782326 0.446310
vt 0.781349 0.446622
vt 0.779261 0.447693
vt 0.779227 0.446921
vt 0.848889 0.456546
vt 0.762952 0.455496
vt 0.806229 0.462881
vt 0.806804 0.462959
vt 0.807348 0.461573
vt 0.807223 0.463027
vt 0.798544 0.465083
vt 0.799376 0.463496
vt 0.799376 0.465551
vt 0.847425 0.458632
vt 0.846483 0.458811
vt 0.846749 0.457234
vt 0.781417 0.464181
vt 0.782386 0.463568
vt 0.781952 0.464941
vt 0.816186 0.433144
vt 0.817366 0.433348
vt 0.816466 0.433627
vt 0.807790 0.462728
vt 0.807763 0.464009
vt 0.847975 0.460080
vt 0.847259 0.460490
vt 0.846669 0.460472
vt 0.846153 0.460835
vt 0.764022 0.453197
vt 0.813327 0.437095
vt 0.767379 0.452066
vt 0.766999 0.453788
vt 0.797700 0.444641
vt 0.772710 0.462886
vt 0.772801 0.462738
vt 0.772913 0.462862
vt 0.761514 0.451181
vt 0.772182 0.464561
vt 0.772913 0.465416
vt 0.807810 0.455908
vt 0.808492 0.458106
vt 0.808377 0.458096
vt 0.782965 0.465439
vt 0.782882 0.465192
vt 0.782964 0.465234
vt 0.786634 0.463221
vt 0.787951 0.462696
vt 0.787931 0.463000
vt 0.804819 0.438380
vt 0.804850 0.437010
vt 0.804963 0.436991
vt 0.805124 0.437008
vt 0.805288 0.438487
vt 0.844831 0.455998
vt 0.845265 0.455538
vt 0.761753 0.455983
vt 0.761613 0.455782
vt 0.785641 0.461923
vt 0.785641 0.464552
vt 0.806041 0.459554
vt 0.805994 0.460267
vt 0.816594 0.432844
vt 0.805870 0.460339
vt 0.805779 0.461030
vt 0.815822 0.434191
vt 0.792878 0.423433
vt 0.793113 0.423661
vt 0.792878 0.423710
vt 0.804000 0.424004
vt 0.803428 0.423198
vt 0.803661 0.423050
vt 0.784169 0.431655
vt 0.783973 0.430313
vt 0.784053 0.430270
vt 0.783446 0.427771
vt 0.783759 0.426901
vt 0.784213 0.427794
vt 0.786107 0.462374
vt 0.787153 0.466384
vt 0.786107 0.466262
vt 0.809449 0.464598
vt 0.808464 0.468372
vt 0.805919 0.466841
vt 0.843636 0.479144
vt 0.845942 0.475532
vt 0.844707 0.479384
vt 0.784269 0.464993
vt 0.781878 0.460488
vt 0.785876 0.464207
vt 0.800809 0.462753
vt 0.799571 0.464542
vt 0.799279 0.462596
vt 0.808336 0.457916
vt 0.810457 0.464225
vt 0.780942 0.455688
vt 0.782525 0.455072
vt 0.799831 0.461604
vt 0.800902 0.461624
vt 0.781758 0.466587
vt 0.780280 0.460916
vt 0.807333 0.463008
vt 0.804296 0.466072
vt 0.801971 0.461824
vt 0.772241 0.468605
vt 0.772816 0.463712
vt 0.774265 0.468674
vt 0.774296 0.463861
vt 0.775859 0.470241
vt 0.801712 0.464761
vt 0.802338 0.462910
vt 0.842448 0.474864
vt 0.842669 0.478696
vt 0.800907 0.458539
vt 0.773006 0.457916
vt 0.774296 0.457899
vt 0.809992 0.457377
vt 0.809714 0.452105
vt 0.810938 0.451700
vt 0.808114 0.452304
vt 0.781451 0.449771
vt 0.811660 0.464204
vt 0.784175 0.455714
vt 0.783059 0.460673
vt 0.845019 0.468546
vt 0.847105 0.468683
vt 0.847350 0.474788
vt 0.848287 0.469481
vt 0.805660 0.450202
vt 0.809248 0.444545
vt 0.807103 0.450157
vt 0.784500 0.446707
vt 0.782026 0.443086
vt 0.783090 0.443071
vt 0.844082 0.458711
vt 0.840966 0.452766
vt 0.844895 0.457995
vt 0.774960 0.453256
vt 0.778502 0.447572
vt 0.779789 0.447423
vt 0.846481 0.463052
vt 0.771399 0.457956
vt 0.782671 0.450260
vt 0.847802 0.463065
vt 0.779825 0.440921
vt 0.777458 0.438373
vt 0.778017 0.437789
vt 0.839486 0.445402
vt 0.842087 0.442461
vt 0.840328 0.445803
vt 0.780343 0.440573
vt 0.778288 0.437156
vt 0.841050 0.441626
vt 0.841551 0.441854
vt 0.841859 0.459633
vt 0.839371 0.453527
vt 0.842826 0.459395
vt 0.806900 0.444109
vt 0.808171 0.444461
vt 0.840548 0.453290
vt 0.776192 0.453982
vt 0.780937 0.447668
vt 0.801791 0.454910
vt 0.802635 0.448717
vt 0.802376 0.454952
vt 0.774293 0.432901
vt 0.774787 0.432712
vt 0.844724 0.437592
vt 0.775212 0.432513
vt 0.801698 0.457779
vt 0.802635 0.458236
vt 0.842352 0.443082
vt 0.840858 0.446135
vt 0.801102 0.457939
vt 0.806892 0.436848
vt 0.805353 0.433376
vt 0.806015 0.432920
vt 0.773490 0.427851
vt 0.773799 0.427789
vt 0.844241 0.437380
vt 0.845729 0.432958
vt 0.774072 0.427782
vt 0.805264 0.427996
vt 0.804801 0.423281
vt 0.805066 0.423279
vt 0.845152 0.437792
vt 0.801078 0.454526
vt 0.802174 0.448663
vt 0.804296 0.428222
vt 0.804808 0.428074
vt 0.806599 0.432871
vt 0.785236 0.464675
vt 0.785051 0.461601
vt 0.785236 0.461580
vt 0.784945 0.464777
vt 0.784918 0.461604
vt 0.801220 0.443747
vt 0.801523 0.441377
vt 0.801531 0.443682
vt 0.846007 0.432966
vt 0.848231 0.431053
vt 0.848287 0.431229
vt 0.801794 0.443673
vt 0.801647 0.448591
vt 0.804485 0.423261
vt 0.801589 0.441213
vt 0.801381 0.441265
vt 0.801364 0.441121
vt 0.801475 0.441031
vt 0.801654 0.441049
vt 0.801813 0.441305
vt 0.801796 0.441162
vt 0.771354 0.425979
vt 0.848163 0.430914
vt 0.771294 0.426154
vt 0.801702 0.441396
vt 0.807234 0.438378
vt 0.783208 0.439062
vt 0.780760 0.443486
vt 0.782466 0.438331
vt 0.779122 0.443071
vt 0.779562 0.442436
vt 0.838102 0.453318
vt 0.838682 0.446784
vt 0.806255 0.438604
vt 0.839643 0.447105
vt 0.780529 0.442141
vt 0.844883 0.462948
vt 0.776948 0.454676
vt 0.808006 0.449446
vt 0.773967 0.452934
vt 0.783060 0.446659
vt 0.806002 0.437138
vt 0.784121 0.436560
vt 0.781682 0.438215
vt 0.782593 0.437007
vt 0.776146 0.441411
vt 0.838821 0.445170
vt 0.805483 0.438810
vt 0.809966 0.437828
vt 0.809883 0.434822
vt 0.810627 0.437892
vt 0.785334 0.434148
vt 0.784524 0.436614
vt 0.809912 0.440155
vt 0.810840 0.441099
vt 0.778972 0.441297
vt 0.776286 0.440787
vt 0.807548 0.438529
vt 0.806758 0.436376
vt 0.807277 0.436210
vt 0.807598 0.436152
vt 0.808174 0.438535
vt 0.806772 0.433261
vt 0.806801 0.430195
vt 0.807097 0.430069
vt 0.810180 0.434738
vt 0.810697 0.432095
vt 0.810840 0.432226
vt 0.807003 0.433269
vt 0.773198 0.439798
vt 0.773445 0.439418
vt 0.783713 0.436222
vt 0.784993 0.433980
vt 0.806502 0.433225
vt 0.785351 0.432629
vt 0.785617 0.432257
vt 0.785542 0.432866
vt 0.785876 0.432457
vt 0.785828 0.432821
vt 0.810420 0.431836
vt 0.807283 0.430090
vt 0.770570 0.439319
vt 0.770422 0.438982
vt 0.307165 0.209866
vt 0.797110 0.438852
vt 0.821516 0.458836
vt 0.836968 0.458948
vt 0.844586 0.462863
vt 0.332183 0.204334
vt 0.806361 0.437173
vt 0.798277 0.454528
vt 0.326248 0.206136
vt 0.799978 0.438537
vt 0.837473 0.437351
vt 0.780424 0.465472
vt 0.780311 0.457286
vt 0.826895 0.448773
vt 0.832621 0.446832
vt 0.826382 0.461289
vt 0.810525 0.457022
vt 0.801310 0.454787
vt 0.805033 0.462625
vt 0.805974 0.463250
vt 0.804159 0.447000
vt 0.841201 0.458295
vt 0.331544 0.215542
vt 0.310774 0.197744
vt 0.318827 0.215827
vt 0.837892 0.463078
vt 0.823285 0.460739
vt 0.798906 0.449237
vt 0.805150 0.430149
vt 0.805676 0.433900
vt 0.804537 0.424289
vt 0.838983 0.448094
vt 0.839901 0.446399
vt 0.816767 0.459948
vt 0.822309 0.470576
vt 0.807836 0.426491
vt 0.785227 0.423796
vt 0.834702 0.468255
vt 0.773295 0.466564
vt 0.804106 0.454610
vt 0.802548 0.454743
vt 0.820460 0.448066
vt 0.807748 0.460486
vt 0.774085 0.462812
vt 0.803041 0.458139
vt 0.806859 0.447894
vt 0.784155 0.442745
vt 0.778131 0.440639
vt 0.800311 0.440672
vt 0.789661 0.473564
vt 0.805458 0.459886
vt 0.807805 0.457340
vt 0.803621 0.464221
vt 0.808938 0.448909
vt 0.803924 0.451823
vt 0.788604 0.449592
vt 0.806728 0.445752
vt 0.286642 0.215026
vt 0.297664 0.211306
vt 0.336192 0.218697
vt 0.827408 0.432978
vt 0.803495 0.436997
vt 0.788755 0.438994
vt 0.793693 0.426917
vt 0.801402 0.424375
vt 0.770841 0.452723
vt 0.827305 0.431083
vt 0.784607 0.464651
vt 0.789463 0.427866
vt 0.792025 0.457407
vt 0.303268 0.192880
vt 0.293427 0.216580
vt 0.319252 0.220106
vt 0.791293 0.466050
vt 0.789696 0.462374
vt 0.803764 0.461311
vt 0.793761 0.428323
vt 0.791992 0.460728
vt 0.780936 0.437750
vt 0.816370 0.437625
vt 0.810110 0.434191
vt 0.826156 0.431481
vt 0.789956 0.445401
vt 0.795641 0.460492
vt 0.804674 0.463456
vt 0.781528 0.466137
vt 0.790847 0.440608
vt 0.781461 0.470136
vt 0.779826 0.464117
vt 0.807674 0.471038
vt 0.797495 0.464016
vt 0.781592 0.459157
vt 0.838542 0.462010
vt 0.836933 0.448707
vt 0.779130 0.440234
vt 0.781312 0.433667
vt 0.836965 0.428311
vt 0.843741 0.429462
vt 0.843053 0.427539
vt 0.784442 0.427734
vt 0.778976 0.466524
vt 0.803563 0.465047
vt 0.771064 0.467032
vt 0.791680 0.446652
vt 0.806963 0.441128
vt 0.777458 0.460210
vt 0.805136 0.435278
vt 0.811476 0.443336
vt 0.805377 0.424619
vt 0.774754 0.437267
vt 0.809224 0.428032
vt 0.763556 0.448569
vt 0.788841 0.434304
vt 0.805377 0.440083
vt 0.807704 0.440368
vt 0.804011 0.433896
vt 0.798985 0.451282
vt 0.797531 0.462571
vt 0.792245 0.463847
vt 0.796792 0.429363
vt 0.804725 0.425893
vt 0.806876 0.428113
vt 0.797129 0.441031
vt 0.805738 0.442676
vt 0.786341 0.461825
vt 0.762416 0.444224
vt 0.786238 0.473069
vt 0.805136 0.440269
vt 0.791052 0.459825
vt 0.804816 0.450134
vt 0.793253 0.425748
vt 0.761735 0.457066
vt 0.814047 0.438066
vt 0.798853 0.441031
vt 0.785569 0.447622
vt 0.782811 0.444717
vt 0.798523 0.463638
vt 0.781417 0.461557
vt 0.817252 0.433151
vt 0.808229 0.463884
vt 0.847753 0.461367
vt 0.815391 0.434945
vt 0.797020 0.444502
vt 0.772655 0.462769
vt 0.761622 0.451302
vt 0.808492 0.454779
vt 0.782882 0.465486
vt 0.786634 0.462310
vt 0.804483 0.438487
vt 0.793115 0.423603
vt 0.803428 0.424369
vt 0.783973 0.431760
vt 0.783446 0.426892
vt 0.787921 0.463190
vt 0.843912 0.475541
vt 0.800640 0.464741
vt 0.806528 0.458420
vt 0.778768 0.461865
vt 0.770715 0.463763
vt 0.799279 0.458477
vt 0.779846 0.449621
vt 0.804515 0.449519
vt 0.845425 0.432883
vt 0.784648 0.464657
vt 0.771217 0.426286
vt 0.837953 0.446550
vt 0.770422 0.457996
vt 0.781926 0.436769
vt 0.775791 0.441551
vt 0.805349 0.437458
vt 0.809434 0.434924
vt 0.806502 0.439099
vt 0.784797 0.433773
vt 0.785431 0.432258
s 0
g trunk_3_c_Material
usemtl Material
f 266/1/1 4/2/1 84/3/1
f 217/4/2 8/5/2 64/6/2
f 16/7/3 65/8/3 68/9/3
f 12/10/4 62/11/4 66/12/4
f 186/13/5 178/14/5 177/15/5
f 10/16/6 203/17/6 200/18/6
f 2/19/7 22/20/7 17/21/7
f 79/22/8 49/23/8 82/24/8
f 202/25/9 66/12/9 216/26/9
f 84/3/10 10/27/10 67/28/10
f 198/29/11 148/30/11 199/31/11
f 256/32/12 23/33/12 254/34/12
f 10/16/13 18/35/13 21/36/13
f 95/37/14 212/38/14 201/39/14
f 265/40/15 16/7/15 68/9/15
f 62/11/16 14/41/16 85/42/16
f 40/43/17 25/44/17 28/45/17
f 210/46/18 28/45/18 205/47/18
f 8/48/19 253/49/19 255/50/19
f 14/51/20 17/21/20 23/52/20
f 6/53/21 24/54/21 19/55/21
f 202/56/22 19/55/22 204/57/22
f 205/58/23 33/59/23 207/60/23
f 260/61/24 30/62/24 252/63/24
f 43/64/25 206/65/25 209/66/25
f 312/67/26 250/68/26 251/69/26
f 31/70/27 37/71/27 33/72/27
f 28/73/28 31/74/28 33/59/28
f 30/75/29 251/69/29 252/76/29
f 33/77/30 208/78/30 207/79/30
f 73/80/31 209/81/31 219/82/31
f 71/83/32 321/84/32 314/85/32
f 268/86/33 314/87/33 260/88/33
f 218/89/34 40/90/34 210/91/34
f 74/92/35 42/93/35 40/90/35
f 213/94/36 47/95/36 211/96/36
f 53/97/11 45/98/11 83/99/11
f 262/100/11 53/97/11 83/99/11
f 261/101/37 213/94/37 290/102/37
f 81/103/38 45/104/38 1/105/38
f 110/106/39 272/107/39 278/108/39
f 131/109/40 104/110/40 132/111/40
f 197/112/41 144/113/41 149/114/41
f 1/105/42 80/115/42 81/103/42
f 131/109/43 105/116/43 100/117/43
f 78/118/44 9/119/44 79/120/44
f 230/121/45 146/122/45 221/123/45
f 195/124/46 145/125/46 194/126/46
f 186/127/47 179/128/47 190/129/47
f 215/130/48 95/37/48 201/39/48
f 108/131/49 89/132/49 109/133/49
f 62/134/50 80/115/50 54/135/50
f 264/136/51 68/137/51 97/138/51
f 78/118/52 67/139/52 59/140/52
f 214/141/53 66/142/53 58/143/53
f 58/143/54 62/134/54 54/135/54
f 68/144/55 57/145/55 97/146/55
f 215/130/56 64/147/56 94/148/56
f 277/149/11 91/150/11 271/151/11
f 21/152/57 76/153/57 74/154/57
f 20/155/58 267/156/58 253/157/58
f 21/152/59 218/158/59 203/159/59
f 22/160/60 71/161/60 17/162/60
f 24/163/61 73/164/61 19/165/61
f 254/166/62 77/167/62 268/168/62
f 23/169/63 71/170/63 77/167/63
f 19/165/64 219/171/64 204/172/64
f 55/173/65 79/22/65 3/174/65
f 61/175/66 81/103/66 80/115/66
f 269/176/11 82/177/11 262/100/11
f 3/174/67 82/24/67 46/178/67
f 13/179/68 83/99/68 81/180/68
f 63/181/69 78/118/69 55/182/69
f 69/183/70 80/115/70 85/184/70
f 69/185/71 266/186/71 270/187/71
f 86/188/72 118/189/72 114/190/72
f 89/191/73 120/192/73 92/193/73
f 92/194/74 280/195/74 272/196/74
f 109/197/75 92/193/75 110/106/75
f 108/131/76 90/198/76 86/188/76
f 113/199/77 88/200/77 87/201/77
f 112/202/78 93/203/78 88/200/78
f 113/204/79 91/150/79 107/205/79
f 56/206/80 95/207/80 94/208/80
f 48/209/81 95/37/81 7/210/81
f 60/211/82 15/212/82 98/213/82
f 52/214/83 261/101/83 273/215/83
f 98/213/84 99/216/84 52/217/84
f 274/218/85 94/219/85 264/220/85
f 104/221/86 136/222/86 140/223/86
f 100/117/87 141/224/87 136/225/87
f 134/226/88 102/227/88 101/228/88
f 286/229/89 104/221/89 276/230/89
f 135/231/11 275/232/11 285/233/11
f 134/234/90 103/235/90 135/231/90
f 13/179/91 107/205/91 51/236/91
f 61/175/92 111/237/92 112/202/92
f 13/238/93 112/202/93 113/199/93
f 3/174/94 106/239/94 108/131/94
f 55/182/95 110/106/95 63/181/95
f 269/176/11 107/205/11 277/149/11
f 3/174/96 109/133/96 55/173/96
f 270/187/97 110/106/97 278/108/97
f 279/240/11 127/241/11 283/242/11
f 115/243/98 127/244/98 119/245/98
f 121/246/99 124/247/99 116/248/99
f 87/201/100 116/248/100 115/249/100
f 93/203/101 116/248/101 88/200/101
f 87/250/102 119/251/102 91/150/102
f 271/151/11 119/251/11 279/240/11
f 86/252/103 117/253/103 89/191/103
f 281/254/104 126/255/104 283/242/104
f 281/256/105 125/257/105 122/258/105
f 282/259/105 128/260/105 125/257/105
f 114/261/106 125/262/106 117/253/106
f 120/263/107 284/264/107 280/195/107
f 117/253/108 128/265/108 120/192/108
f 114/190/109 126/266/109 122/267/109
f 115/249/110 124/247/110 123/268/110
f 7/269/111 135/231/111 48/270/111
f 273/215/11 135/231/11 285/233/11
f 60/271/112 286/229/112 274/218/112
f 7/272/113 133/273/113 134/226/113
f 98/274/114 130/275/114 131/276/114
f 98/213/115 132/111/115 60/211/115
f 287/277/116 141/278/116 288/279/116
f 287/277/117 140/280/117 136/281/117
f 101/228/118 138/282/118 137/283/118
f 276/230/119 140/223/119 289/284/119
f 103/235/11 288/285/11 275/232/11
f 101/286/120 139/287/120 103/235/120
f 147/288/121 156/289/121 148/30/121
f 149/290/122 152/291/122 157/292/122
f 142/293/123 150/294/123 143/295/123
f 146/296/124 157/292/124 154/297/124
f 195/124/125 142/293/125 143/295/125
f 229/298/126 145/299/126 220/300/126
f 193/301/127 149/114/127 146/302/127
f 199/303/128 144/113/128 196/304/128
f 153/305/129 224/306/129 222/307/129
f 156/289/130 161/308/130 152/309/130
f 223/310/131 163/311/131 225/312/131
f 150/294/132 162/313/132 153/314/132
f 143/295/133 153/314/133 145/125/133
f 146/122/134 223/310/134 221/123/134
f 148/30/135 152/309/135 144/315/135
f 220/300/136 153/305/136 222/307/136
f 164/316/137 173/317/137 165/318/137
f 166/319/138 169/320/138 174/321/138
f 159/322/139 151/323/139 167/324/139
f 163/325/140 174/321/140 171/326/140
f 154/297/141 166/319/141 163/325/141
f 150/294/142 158/327/142 159/328/142
f 152/291/143 166/319/143 157/292/143
f 156/289/144 164/316/144 165/318/144
f 168/329/145 227/330/145 226/331/145
f 169/332/146 172/333/146 168/329/146
f 228/334/147 168/335/147 226/336/147
f 168/335/148 174/321/148 169/320/148
f 159/328/149 170/337/149 162/313/149
f 225/338/150 171/339/150 228/340/150
f 161/341/151 173/342/151 169/343/151
f 224/306/152 170/344/152 227/330/152
f 175/345/153 179/346/153 177/347/153
f 177/348/154 160/349/154 175/350/154
f 191/351/155 176/352/155 175/353/155
f 189/354/156 178/355/156 187/356/156
f 191/357/157 160/358/157 189/354/157
f 190/359/158 176/360/158 188/361/158
f 47/95/159 181/362/159 183/363/159
f 5/364/160 185/365/160 57/366/160
f 57/367/161 182/368/161 97/369/161
f 5/364/162 183/370/162 184/371/162
f 15/372/163 181/373/163 99/374/163
f 15/372/164 182/375/164 180/376/164
f 183/363/165 190/359/165 188/361/165
f 184/371/166 189/377/166 185/365/166
f 185/378/167 187/356/167 182/368/167
f 184/379/168 188/361/168 191/380/168
f 180/376/169 190/129/169 181/373/169
f 180/376/170 187/381/170 186/127/170
f 45/104/171 196/304/171 1/105/171
f 58/143/172 197/112/172 193/301/172
f 211/96/173 194/382/173 229/298/173
f 5/383/174 192/384/174 195/124/174
f 47/385/175 195/124/175 194/126/175
f 214/141/176 193/301/176 230/386/176
f 54/135/177 196/304/177 197/112/177
f 50/387/11 199/31/11 45/98/11
f 214/388/178 192/384/178 57/145/178
f 50/387/179 229/298/179 198/29/179
f 164/316/180 227/330/180 172/333/180
f 158/389/181 228/340/181 151/323/181
f 151/390/147 226/336/147 167/391/147
f 226/331/182 170/344/182 167/392/182
f 147/288/183 222/307/183 155/393/183
f 221/123/184 11/394/184 142/395/184
f 11/394/185 225/312/185 158/396/185
f 222/307/186 164/316/186 155/393/186
f 198/29/11 220/300/11 147/288/11
f 204/172/187 75/397/187 22/398/187
f 203/159/188 70/399/188 20/155/188
f 67/400/189 215/130/189 59/401/189
f 65/402/190 214/388/190 57/145/190
f 59/401/191 201/39/191 9/403/191
f 230/404/192 142/293/192 192/384/192
f 290/102/193 53/97/193 263/405/193
f 213/94/194 50/387/194 53/97/194
f 70/406/195 210/91/195 39/407/195
f 219/82/196 310/408/196 75/409/196
f 32/410/197 208/411/197 36/412/197
f 310/408/198 206/413/198 311/414/198
f 27/415/199 207/416/199 32/410/199
f 12/417/200 204/418/200 22/20/200
f 39/419/201 205/420/201 27/421/201
f 9/403/202 212/38/202 49/23/202
f 6/422/203 216/423/203 65/8/203
f 200/18/204 20/424/204 8/425/204
f 67/426/205 200/427/205 217/4/205
f 35/428/206 233/429/206 37/430/206
f 36/412/207 235/431/207 232/432/207
f 37/430/208 235/433/208 208/434/208
f 38/435/209 291/436/209 250/68/209
f 232/432/210 237/437/210 236/438/210
f 237/439/211 233/429/211 246/440/211
f 246/440/212 231/441/212 248/442/212
f 291/436/213 317/443/213 292/444/213
f 332/445/214 315/446/214 34/447/214
f 237/437/215 304/448/215 302/449/215
f 300/450/216 237/437/216 302/449/216
f 293/451/217 317/443/217 240/452/217
f 305/453/218 245/454/218 303/455/218
f 293/451/219 248/456/219 292/444/219
f 238/457/220 248/442/220 239/458/220
f 334/459/221 34/460/221 313/461/221
f 249/462/222 245/463/222 243/464/222
f 296/465/223 305/466/223 306/467/223
f 316/468/224 330/469/224 247/470/224
f 293/451/225 297/471/225 239/472/225
f 259/473/226 294/474/226 308/475/226
f 238/476/227 297/477/227 296/478/227
f 44/479/228 321/480/228 326/481/228
f 240/482/229 298/483/229 293/484/229
f 231/485/230 292/444/230 248/456/230
f 250/68/231 231/485/231 35/486/231
f 212/487/11 263/405/11 49/488/11
f 275/232/11 141/489/11 105/490/11
f 102/491/232 289/284/232 138/492/232
f 138/493/233 287/277/233 137/494/233
f 287/277/234 139/495/234 137/494/234
f 274/218/235 133/496/235 56/497/235
f 273/215/11 130/275/11 52/214/11
f 280/195/236 129/498/236 121/499/236
f 129/500/105 282/259/105 124/247/105
f 123/268/105 282/259/105 281/256/105
f 123/501/237 283/242/237 127/241/237
f 90/502/11 279/240/11 118/503/11
f 118/503/11 283/242/11 126/255/11
f 270/187/238 111/504/238 69/185/238
f 269/176/11 106/505/11 46/506/11
f 285/233/11 105/490/11 130/275/11
f 133/496/239 276/230/239 102/491/239
f 60/271/240 264/220/240 97/507/240
f 273/215/11 96/508/11 48/270/11
f 272/196/241 121/499/241 93/509/241
f 270/187/242 84/510/242 63/181/242
f 51/236/11 262/100/11 83/99/11
f 18/511/243 268/168/243 76/512/243
f 253/513/244 72/514/244 24/163/244
f 106/505/11 271/151/11 90/502/11
f 94/148/245 265/515/245 264/136/245
f 278/108/246 93/516/246 111/504/246
f 96/508/247 290/102/247 212/487/247
f 82/177/11 263/405/11 262/100/11
f 76/517/248 260/88/248 42/518/248
f 252/76/249 31/70/249 25/519/249
f 251/69/250 35/486/250 31/70/250
f 260/61/251 25/520/251 42/521/251
f 255/50/252 24/522/252 16/523/252
f 64/524/253 255/525/253 265/40/253
f 4/526/254 254/34/254 18/527/254
f 85/528/255 256/529/255 266/1/255
f 258/530/256 296/531/256 297/532/256
f 258/533/257 298/483/257 294/534/257
f 294/534/258 319/535/258 257/536/258
f 329/537/259 295/538/259 318/539/259
f 306/540/260 246/440/260 238/457/260
f 305/541/261 304/448/261 306/542/261
f 241/543/262 301/544/262 242/545/262
f 300/450/263 301/544/263 299/546/263
f 242/547/264 303/455/264 245/454/264
f 302/449/265 303/548/265 301/544/265
f 257/549/266 324/550/266 323/551/266
f 333/552/267 41/553/267 29/554/267
f 308/475/268 257/555/268 307/556/268
f 243/557/269 307/556/269 249/558/269
f 244/559/270 307/560/270 257/549/270
f 244/561/271 309/562/271 245/563/271
f 309/562/272 242/545/272 245/563/272
f 29/564/273 310/565/273 311/566/273
f 313/461/274 312/567/274 30/568/274
f 44/569/275 30/570/275 314/571/275
f 315/572/276 312/567/276 34/460/276
f 75/573/277 320/574/277 322/575/277
f 315/572/278 234/576/278 38/577/278
f 316/468/279 317/578/279 234/579/279
f 318/580/280 317/443/280 247/581/280
f 318/580/281 319/582/281 240/452/281
f 295/538/282 324/550/282 319/583/282
f 313/584/283 326/585/283 334/586/283
f 247/470/284 329/587/284 318/588/284
f 315/572/285 331/589/285 316/590/285
f 325/591/286 310/592/286 41/553/286
f 241/593/287 323/551/287 324/550/287
f 299/594/288 324/550/288 327/595/288
f 300/596/289 327/597/289 329/598/289
f 300/599/290 330/600/290 236/601/290
f 236/601/291 331/602/291 232/603/291
f 232/432/292 328/604/292 36/412/292
f 36/605/293 332/606/293 32/607/293
f 32/607/294 334/459/294 27/608/294
f 27/609/295 326/585/295 39/610/295
f 39/611/296 321/612/296 70/613/296
f 267/614/297 321/84/297 72/615/297
f 73/616/298 322/617/298 320/618/298
f 43/619/299 320/618/299 325/620/299
f 43/619/300 333/621/300 26/622/300
f 309/623/301 257/549/301 323/551/301
f 308/475/302 305/466/302 259/473/302
f 296/465/303 306/467/303 238/624/303
f 311/625/304 333/626/304 29/627/304
f 206/413/305 26/628/305 311/414/305
f 73/629/306 321/84/306 322/630/306
f 348/631/307 337/632/307 347/633/307
f 343/634/308 342/635/308 341/636/308
f 349/637/309 340/638/309 339/639/309
f 346/640/310 335/641/310 345/642/310
f 352/643/311 339/644/311 345/645/311
f 344/646/312 356/647/312 342/635/312
f 336/648/313 358/649/313 353/650/313
f 352/643/314 335/651/314 347/652/314
f 340/653/315 345/642/315 339/654/315
f 338/655/316 343/634/316 337/656/316
f 337/657/317 352/643/317 347/652/317
f 338/658/318 359/659/318 354/660/318
f 338/655/319 357/661/319 344/646/319
f 341/662/311 352/643/311 343/663/311
f 341/664/320 350/665/320 349/637/320
f 336/666/321 347/633/321 335/667/321
f 357/661/322 362/668/322 365/669/322
f 356/670/323 368/671/323 360/672/323
f 356/647/324 365/669/324 364/673/324
f 353/650/325 366/674/325 351/675/325
f 342/676/326 360/672/326 350/665/326
f 336/666/327 359/659/327 348/631/327
f 340/638/328 360/672/328 355/677/328
f 346/640/329 355/678/329 358/649/329
f 421/679/330 371/680/330 422/681/330
f 420/682/331 373/683/331 361/684/331
f 417/685/332 370/686/332 373/683/332
f 419/687/333 361/688/333 374/689/333
f 360/672/334 363/690/334 355/677/334
f 354/660/335 367/691/335 362/692/335
f 359/659/336 351/693/336 367/691/336
f 355/678/337 366/674/337 358/649/337
f 410/694/338 382/695/338 377/696/338
f 411/697/339 378/698/339 413/699/339
f 409/700/340 377/701/340 380/702/340
f 411/697/341 379/703/341 383/704/341
f 422/705/342 375/706/342 423/707/342
f 424/708/343 372/709/343 421/679/343
f 418/710/344 375/706/344 370/711/344
f 419/687/345 369/712/345 424/713/345
f 376/714/346 391/715/346 382/695/346
f 377/696/347 391/715/347 386/716/347
f 383/704/348 387/717/348 378/698/348
f 380/702/349 386/718/349 389/719/349
f 415/720/350 382/695/350 414/721/350
f 413/722/351 381/723/351 416/724/351
f 416/724/352 376/725/352 415/726/352
f 412/727/353 380/702/353 379/728/353
f 386/716/354 398/729/354 393/730/354
f 392/731/355 394/732/355 387/717/355
f 389/719/356 393/733/356 396/734/356
f 392/731/357 395/735/357 399/736/357
f 378/737/358 390/738/358 381/723/358
f 381/723/359 385/739/359 376/725/359
f 379/728/360 389/719/360 388/740/360
f 383/704/361 388/741/361 392/731/361
f 399/736/362 403/742/362 407/743/362
f 395/744/363 404/745/363 403/746/363
f 397/747/364 400/748/364 384/749/364
f 397/747/365 402/750/365 405/751/365
f 385/752/366 398/729/366 391/715/366
f 387/753/367 397/747/367 390/738/367
f 390/738/368 384/749/368 385/739/368
f 388/740/369 396/734/369 395/744/369
f 408/754/370 400/755/370 405/756/370
f 408/754/371 402/757/371 407/758/371
f 403/759/371 408/754/371 407/758/371
f 401/760/372 408/754/372 404/761/372
f 393/733/373 404/745/373 396/734/373
f 394/732/374 407/743/374 402/762/374
f 398/729/375 401/760/375 393/730/375
f 384/749/376 406/763/376 398/764/376
f 372/709/377 412/727/377 371/680/377
f 361/684/378 416/724/378 415/726/378
f 373/683/379 413/722/379 416/724/379
f 374/689/380 415/720/380 414/721/380
f 371/765/381 411/697/381 375/706/381
f 369/766/382 409/700/382 372/709/382
f 370/711/383 411/697/383 413/699/383
f 374/689/384 410/694/384 369/712/384
f 362/692/385 419/687/385 424/713/385
f 368/671/386 418/710/386 363/690/386
f 365/669/387 424/708/387 421/679/387
f 364/767/388 423/707/388 368/671/388
f 367/691/389 420/768/389 419/687/389
f 363/769/390 417/685/390 366/674/390
f 351/675/391 417/685/391 420/682/391
f 365/669/392 422/681/392 364/673/392
f 438/770/393 427/771/393 437/772/393
f 433/773/394 432/774/394 431/775/394
f 439/776/395 430/777/395 429/778/395
f 435/779/396 426/780/396 425/781/396
f 442/782/397 429/783/397 435/784/397
f 434/785/398 446/786/398 432/774/398
f 436/787/399 443/788/399 426/789/399
f 442/782/400 425/790/400 437/791/400
f 430/792/401 435/793/401 429/794/401
f 428/795/402 433/773/402 427/796/402
f 427/797/403 442/782/403 437/791/403
f 438/770/404 444/798/404 428/799/404
f 428/795/405 447/800/405 434/785/405
f 431/801/397 442/782/397 433/802/397
f 431/803/406 440/804/406 439/776/406
f 425/781/407 438/770/407 437/772/407
f 444/805/408 455/806/408 447/807/408
f 446/808/409 458/809/409 450/810/409
f 446/786/410 455/811/410 454/812/410
f 443/788/411 456/813/411 441/814/411
f 440/804/412 446/808/412 450/810/412
f 426/780/413 449/815/413 438/770/413
f 430/777/414 450/810/414 445/816/414
f 436/787/415 445/817/415 448/818/415
f 504/819/416 462/820/416 461/821/416
f 558/822/417 463/823/417 451/824/417
f 499/825/418 460/826/418 463/823/418
f 558/827/419 464/828/419 561/829/419
f 450/810/420 453/830/420 445/816/420
f 444/798/421 457/831/421 452/832/421
f 449/815/422 441/833/422 457/831/422
f 445/817/423 456/813/423 448/818/423
f 508/834/424 472/835/424 467/836/424
f 509/837/425 468/838/425 511/839/425
f 507/840/426 467/841/426 470/842/426
f 510/843/427 473/844/427 509/837/427
f 505/845/428 461/846/428 465/847/428
f 560/848/429 459/849/429 462/820/429
f 500/850/430 465/847/430 460/851/430
f 561/829/431 459/852/431 562/853/431
f 466/854/432 481/855/432 472/856/432
f 472/835/433 476/857/433 467/836/433
f 468/838/434 482/858/434 477/859/434
f 470/860/435 476/857/435 479/861/435
f 512/862/436 466/863/436 472/864/436
f 511/865/437 471/866/437 514/867/437
f 514/867/438 466/863/438 513/868/438
f 510/843/439 470/869/439 469/870/439
f 476/871/440 488/872/440 483/873/440
f 482/874/441 484/875/441 477/876/441
f 479/877/442 483/878/442 486/879/442
f 478/880/443 489/881/443 482/874/443
f 468/882/444 480/883/444 471/866/444
f 471/866/445 475/884/445 466/863/445
f 469/885/446 479/886/446 478/880/446
f 473/887/447 478/880/447 482/874/447
f 485/888/448 497/889/448 489/890/448
f 486/891/449 493/892/449 485/888/449
f 474/893/450 495/894/450 490/895/450
f 487/896/451 492/897/451 495/894/451
f 481/855/452 474/898/452 488/872/452
f 477/899/453 487/896/453 480/883/453
f 475/884/454 487/896/454 474/893/454
f 479/877/455 485/900/455 478/901/455
f 498/902/456 490/903/456 495/904/456
f 498/902/457 492/905/457 497/906/457
f 493/907/456 498/902/456 497/906/456
f 491/908/457 498/902/457 494/909/457
f 483/878/458 494/909/458 486/879/458
f 484/875/459 497/910/459 492/911/459
f 483/873/460 496/912/460 491/913/460
f 488/914/461 490/915/461 496/916/461
f 503/917/462 568/918/462 506/919/462
f 582/920/463 500/921/463 554/922/463
f 548/923/464 578/924/464 547/925/464
f 581/926/465 505/927/465 582/920/465
f 551/928/466 578/924/466 574/929/466
f 580/930/467 500/931/467 499/825/467
f 552/932/468 499/825/468 558/822/468
f 579/933/469 504/819/469 581/934/469
f 515/935/470 510/843/470 520/936/470
f 522/937/471 514/867/471 513/868/471
f 518/938/472 511/865/472 514/867/472
f 529/939/473 528/940/473 527/941/473
f 520/936/474 509/837/474 516/942/474
f 519/943/475 507/840/475 515/944/475
f 516/945/476 511/865/476 517/946/476
f 530/947/477 527/948/477 525/949/477
f 459/852/478 521/950/478 519/951/478
f 465/952/479 517/946/479 460/953/479
f 459/849/480 515/944/480 462/820/480
f 461/846/481 516/942/481 465/847/481
f 464/828/482 522/954/482 521/950/482
f 463/955/483 517/946/483 518/938/483
f 451/956/484 518/938/484 522/937/484
f 462/957/485 520/936/485 461/846/485
f 526/958/486 540/959/486 528/940/486
f 523/960/487 537/961/487 535/962/487
f 532/963/488 526/964/488 533/965/488
f 530/966/489 523/960/489 534/967/489
f 533/968/490 528/940/490 531/969/490
f 534/967/491 524/970/491 532/971/491
f 508/972/492 534/973/492 532/974/492
f 512/862/493 531/969/493 513/868/493
f 519/975/494 530/966/494 534/967/494
f 508/976/495 533/965/495 512/977/495
f 521/978/496 529/979/496 530/947/496
f 513/980/497 529/981/497 522/982/497
f 537/983/498 540/959/498 538/984/498
f 535/985/499 538/986/499 536/987/499
f 525/949/500 539/988/500 537/989/500
f 524/990/501 538/986/501 526/964/501
f 527/941/502 540/959/502 539/991/502
f 524/970/503 535/962/503 536/992/503
f 455/811/504 543/993/504 454/812/504
f 441/814/505 541/994/505 563/995/505
f 456/813/506 545/996/506 541/994/506
f 457/997/507 563/995/507 564/998/507
f 454/999/508 544/1000/508 458/809/508
f 452/1001/509 566/1002/509 455/811/509
f 458/809/510 545/1003/510 453/830/510
f 457/831/511 565/1004/511 452/832/511
f 543/993/512 559/1005/512 555/1006/512
f 541/994/513 557/1007/513 563/995/513
f 545/996/514 553/1008/514 541/994/514
f 506/919/515 601/1009/515 602/1010/515
f 544/1011/516 555/1012/516 556/1013/516
f 546/1014/517 570/1015/517 542/1016/517
f 545/1017/518 556/1013/518 549/1018/518
f 550/1019/519 577/1020/519 546/1014/519
f 583/1021/520 557/1022/520 552/1023/520
f 503/1024/521 579/933/521 584/1025/521
f 602/1026/522 562/853/522 506/1027/522
f 562/1028/523 590/1029/523 589/1030/523
f 603/1031/524 561/1032/524 602/1033/524
f 542/1034/525 563/995/525 546/1035/525
f 597/1036/526 593/1037/526 598/1038/526
f 548/1039/527 564/1040/527 542/1041/527
f 550/1019/528 563/1042/528 557/1022/528
f 547/1043/529 559/1005/529 566/1002/529
f 586/1044/530 568/918/530 585/1045/530
f 585/1045/531 576/1046/531 588/1047/531
f 587/1048/532 601/1049/532 586/1050/532
f 577/1020/533 569/1051/533 570/1015/533
f 578/924/534 567/1052/534 574/929/534
f 571/1053/535 569/1051/535 567/1052/535
f 583/1054/536 604/1055/536 587/1056/536
f 548/923/537 570/1015/537 571/1053/537
f 502/1057/538 608/1058/538 575/1059/538
f 584/1060/539 574/1061/539 588/1047/539
f 584/1060/540 576/1046/540 503/917/540
f 583/1021/541 573/1062/541 550/1019/541
f 573/1062/542 586/1063/542 569/1051/542
f 574/929/543 585/1064/543 588/1065/543
f 567/1052/544 586/1063/544 585/1064/544
f 584/1025/545 559/1005/545 551/1066/545
f 603/1031/546 552/932/546 558/822/546
f 559/1005/547 581/934/547 555/1006/547
f 553/1008/548 552/932/548 557/1007/548
f 553/1008/549 554/1067/549 580/930/549
f 555/1006/550 582/1068/550 556/1069/550
f 549/1070/551 582/920/551 554/922/551
f 592/1071/552 589/1072/552 590/1073/552
f 503/1024/553 590/1074/553 560/848/553
f 506/1075/554 592/1071/554 503/1076/554
f 506/1077/555 589/1078/555 591/1079/555
f 596/1080/556 593/1081/556 595/1082/556
f 599/1083/557 593/1084/557 594/1085/557
f 600/1086/558 594/1087/558 596/1088/558
f 600/1086/559 595/1089/559 597/1090/559
f 548/923/560 600/1091/560 597/1092/560
f 547/1043/561 599/1093/561 600/1094/561
f 565/1095/562 599/1083/562 566/1096/562
f 548/1039/563 598/1038/563 565/1004/563
f 501/1097/564 601/1009/564 572/1098/564
f 502/1057/565 602/1033/565 501/1099/565
f 575/1100/566 601/1009/566 604/1101/566
f 502/1057/567 604/1102/567 603/1031/567
f 606/1103/568 608/1104/568 607/1105/568
f 502/1106/569 606/1107/569 607/1108/569
f 572/1109/570 608/1110/570 605/1111/570
f 572/1112/571 606/1113/571 501/1114/571
f 622/1115/572 611/1116/572 621/1117/572
f 618/1118/573 615/1119/573 617/1120/573
f 623/1121/574 614/1122/574 613/1123/574
f 619/1124/575 610/1125/575 609/1126/575
f 626/1127/576 613/1128/576 619/1129/576
f 618/1118/577 630/1130/577 616/1131/577
f 610/1125/578 632/1132/578 627/1133/578
f 626/1127/579 609/1134/579 621/1135/579
f 613/1136/580 620/1137/580 619/1124/580
f 612/1138/581 617/1120/581 611/1139/581
f 611/1140/582 626/1127/582 621/1135/582
f 622/1141/583 628/1142/583 612/1143/583
f 612/1143/584 631/1144/584 618/1145/584
f 615/1146/576 626/1127/576 617/1147/576
f 616/1148/585 623/1121/585 615/1149/585
f 609/1134/586 622/1150/586 621/1135/586
f 631/1144/587 636/1151/587 639/1152/587
f 634/1153/588 638/1154/588 642/1155/588
f 630/1130/589 639/1156/589 638/1154/589
f 632/1132/590 625/1157/590 627/1133/590
f 616/1131/591 634/1153/591 624/1158/591
f 610/1125/592 633/1159/592 622/1160/592
f 614/1122/593 634/1161/593 629/1162/593
f 620/1163/594 629/1162/594 632/1164/594
f 695/1165/595 645/1166/595 696/1167/595
f 694/1168/596 647/1169/596 635/1170/596
f 692/1171/597 647/1172/597 691/1173/597
f 693/1174/598 635/1175/598 648/1176/598
f 634/1161/599 637/1177/599 629/1162/599
f 628/1142/600 641/1178/600 636/1151/600
f 627/1133/601 641/1179/601 633/1159/601
f 629/1162/602 640/1180/602 632/1164/602
f 699/1181/603 656/1182/603 651/1183/603
f 704/1184/604 652/1185/604 705/1186/604
f 703/1187/605 651/1183/605 654/1188/605
f 704/1184/606 653/1189/606 657/1190/606
f 696/1191/607 649/1192/607 697/1193/607
f 695/1165/608 643/1194/608 646/1195/608
f 697/1193/609 644/1196/609 692/1171/609
f 698/1197/610 648/1176/610 643/1198/610
f 650/1199/611 665/1200/611 656/1201/611
f 651/1183/612 665/1202/612 660/1203/612
f 657/1190/613 661/1204/613 652/1185/613
f 654/1188/614 660/1203/614 663/1205/614
f 702/1206/615 656/1201/615 701/1207/615
f 705/1186/616 655/1208/616 706/1209/616
f 706/1210/617 650/1199/617 702/1206/617
f 700/1211/618 654/1212/618 653/1213/618
f 660/1203/619 672/1214/619 667/1215/619
f 666/1216/620 668/1217/620 661/1204/620
f 663/1205/621 667/1215/621 670/1218/621
f 666/1219/622 669/1220/622 673/1221/622
f 652/1185/623 664/1222/623 655/1208/623
f 655/1223/624 659/1224/624 650/1199/624
f 653/1213/625 663/1225/625 662/1226/625
f 657/1227/626 662/1226/626 666/1219/626
f 673/1228/627 677/1229/627 681/1230/627
f 669/1231/628 678/1232/628 677/1229/628
f 671/1233/629 674/1234/629 658/1235/629
f 671/1236/630 676/1237/630 679/1238/630
f 659/1224/631 672/1239/631 665/1200/631
f 661/1204/632 671/1236/632 664/1222/632
f 664/1240/633 658/1235/633 659/1224/633
f 662/1226/634 670/1241/634 669/1220/634
f 682/1242/635 674/1234/635 679/1243/635
f 682/1242/636 676/1244/636 681/1245/636
f 677/1246/637 682/1242/637 681/1245/637
f 675/1247/635 682/1242/635 678/1248/635
f 667/1215/638 678/1249/638 670/1218/638
f 668/1217/639 681/1250/639 676/1237/639
f 672/1214/640 675/1251/640 667/1215/640
f 658/1235/641 680/1252/641 672/1239/641
f 646/1195/642 686/1253/642 645/1166/642
f 647/1169/643 689/1254/643 635/1170/643
f 644/1255/644 690/1256/644 647/1169/644
f 648/1176/645 689/1257/645 688/1258/645
f 645/1259/646 685/1260/646 649/1192/646
f 643/1194/647 683/1261/647 646/1195/647
f 649/1192/648 687/1262/648 644/1196/648
f 648/1176/649 684/1263/649 643/1198/649
f 636/1151/650 693/1174/650 698/1197/650
f 642/1264/651 692/1171/651 637/1177/651
f 636/1151/652 695/1265/652 639/1152/652
f 638/1154/653 697/1266/653 642/1155/653
f 641/1178/654 694/1267/654 693/1174/654
f 640/1180/655 692/1171/655 691/1173/655
f 625/1157/656 691/1268/656 694/1168/656
f 639/1156/657 696/1167/657 638/1154/657
f 686/1253/658 703/1269/658 700/1211/658
f 690/1256/659 709/1270/659 689/1254/659
f 687/1271/660 706/1272/660 690/1256/660
f 689/1257/661 710/1273/661 688/1258/661
f 685/1260/662 700/1274/662 704/1184/662
f 684/1275/663 703/1269/663 683/1261/663
f 687/1262/604 704/1184/604 705/1186/604
f 688/1258/664 699/1181/664 684/1263/664
f 707/1276/665 714/1277/665 708/1278/665
f 709/1270/666 716/1279/666 710/1280/666
f 706/1281/667 708/1278/667 690/1282/667
f 701/1283/668 710/1273/668 711/1284/668
f 702/1285/669 711/1286/669 712/1287/669
f 702/1285/670 707/1288/670 706/1289/670
f 718/1290/671 723/1291/671 724/1292/671
f 715/1293/672 720/1294/672 721/1295/672
f 712/1287/673 713/1296/673 707/1288/673
f 711/1284/674 716/1297/674 717/1298/674
f 708/1299/675 715/1300/675 709/1270/675
f 712/1287/676 717/1301/676 718/1290/676
f 720/1302/677 724/1303/677 721/1304/677
f 721/1304/678 723/1305/678 722/1306/678
f 715/1300/679 722/1306/679 716/1279/679
f 714/1277/680 719/1307/680 720/1294/680
f 713/1296/681 724/1292/681 719/1308/681
f 717/1298/682 722/1309/682 723/1310/682
f 266/1/683 256/529/683 4/2/683
f 217/4/684 200/427/684 8/5/684
f 16/7/685 6/422/685 65/8/685
f 12/10/686 2/1311/686 62/11/686
f 186/13/687 187/1312/687 178/14/687
f 10/16/688 21/36/688 203/17/688
f 2/19/689 12/417/689 22/20/689
f 79/22/690 9/403/690 49/23/690
f 202/25/691 12/10/691 66/12/691
f 84/3/692 4/2/692 10/27/692
f 198/29/11 147/288/11 148/30/11
f 256/32/693 14/1313/693 23/33/693
f 10/16/694 4/1314/694 18/35/694
f 95/37/695 96/1315/695 212/38/695
f 265/40/696 255/525/696 16/7/696
f 62/11/697 2/1311/697 14/41/697
f 40/43/698 42/1316/698 25/44/698
f 210/46/699 40/43/699 28/45/699
f 8/48/700 20/1317/700 253/49/700
f 14/51/701 2/19/701 17/21/701
f 6/53/702 16/1318/702 24/54/702
f 202/56/703 6/53/703 19/55/703
f 205/58/704 28/73/704 33/59/704
f 260/61/705 314/1319/705 30/62/705
f 43/64/706 26/1320/706 206/65/706
f 312/67/707 38/435/707 250/68/707
f 31/70/708 35/486/708 37/71/708
f 28/73/709 25/1321/709 31/74/709
f 30/75/710 312/67/710 251/69/710
f 33/77/711 37/225/711 208/78/711
f 73/80/712 43/1322/712 209/81/712
f 314/85/713 77/1323/713 71/83/713
f 71/83/714 322/630/714 321/84/714
f 268/86/715 77/1324/715 314/87/715
f 218/89/716 74/92/716 40/90/716
f 74/92/717 76/1325/717 42/93/717
f 213/94/718 99/1326/718 47/95/718
f 53/97/11 50/387/11 45/98/11
f 262/100/11 263/405/11 53/97/11
f 261/101/719 99/1326/719 213/94/719
f 81/103/720 83/1327/720 45/104/720
f 110/106/721 92/193/721 272/107/721
f 131/109/722 100/117/722 104/110/722
f 197/112/723 196/304/723 144/113/723
f 1/105/724 54/135/724 80/115/724
f 131/109/725 130/1328/725 105/116/725
f 78/118/726 59/140/726 9/119/726
f 230/121/727 193/1329/727 146/122/727
f 195/124/728 143/295/728 145/125/728
f 186/127/729 177/1330/729 179/128/729
f 215/130/730 94/148/730 95/37/730
f 108/131/731 86/188/731 89/132/731
f 62/134/732 85/184/732 80/115/732
f 264/136/733 265/515/733 68/137/733
f 78/118/734 84/510/734 67/139/734
f 214/141/735 216/1331/735 66/142/735
f 58/143/736 66/142/736 62/134/736
f 68/144/737 65/402/737 57/145/737
f 215/130/738 217/1332/738 64/147/738
f 277/149/11 107/205/11 91/150/11
f 21/152/739 18/1333/739 76/153/739
f 20/155/740 70/399/740 267/156/740
f 21/152/741 74/154/741 218/158/741
f 22/160/742 75/1334/742 71/161/742
f 24/163/743 72/514/743 73/164/743
f 254/166/744 23/169/744 77/167/744
f 23/169/745 17/1335/745 71/170/745
f 19/165/746 73/164/746 219/171/746
f 55/173/747 78/1336/747 79/22/747
f 61/175/748 13/238/748 81/103/748
f 269/176/11 46/506/11 82/177/11
f 3/174/749 79/22/749 82/24/749
f 13/179/750 51/236/750 83/99/750
f 63/181/751 84/510/751 78/118/751
f 69/183/752 61/175/752 80/115/752
f 69/185/753 85/1337/753 266/186/753
f 86/188/754 90/198/754 118/189/754
f 89/191/755 117/253/755 120/192/755
f 92/194/756 120/263/756 280/195/756
f 109/197/757 89/191/757 92/193/757
f 108/131/758 106/239/758 90/198/758
f 113/199/759 112/202/759 88/200/759
f 112/202/760 111/237/760 93/203/760
f 113/204/761 87/250/761 91/150/761
f 56/206/762 7/272/762 95/207/762
f 48/209/763 96/1315/763 95/37/763
f 60/211/764 97/1338/764 15/212/764
f 52/214/765 99/1326/765 261/101/765
f 98/213/766 15/212/766 99/216/766
f 274/218/767 56/497/767 94/219/767
f 104/221/768 100/1339/768 136/222/768
f 100/117/769 105/116/769 141/224/769
f 134/226/770 133/273/770 102/227/770
f 286/229/771 132/1340/771 104/221/771
f 135/231/11 103/235/11 275/232/11
f 134/234/772 101/286/772 103/235/772
f 13/179/773 113/204/773 107/205/773
f 61/175/774 69/183/774 111/237/774
f 13/238/775 61/175/775 112/202/775
f 3/174/776 46/178/776 106/239/776
f 55/182/777 109/197/777 110/106/777
f 269/176/11 51/236/11 107/205/11
f 3/174/778 108/131/778 109/133/778
f 270/187/779 63/181/779 110/106/779
f 279/240/11 119/251/11 127/241/11
f 115/243/780 123/1341/780 127/244/780
f 121/246/781 129/500/781 124/247/781
f 87/201/782 88/200/782 116/248/782
f 93/203/783 121/246/783 116/248/783
f 87/250/784 115/1342/784 119/251/784
f 271/151/11 91/150/11 119/251/11
f 86/252/785 114/261/785 117/253/785
f 281/254/786 122/1343/786 126/255/786
f 281/256/105 282/259/105 125/257/105
f 282/259/105 284/1344/105 128/260/105
f 114/261/787 122/1345/787 125/262/787
f 120/263/788 128/1346/788 284/264/788
f 117/253/789 125/262/789 128/265/789
f 114/190/790 118/189/790 126/266/790
f 115/249/791 116/248/791 124/247/791
f 7/269/792 134/234/792 135/231/792
f 273/215/11 48/270/11 135/231/11
f 60/271/793 132/1340/793 286/229/793
f 7/272/794 56/206/794 133/273/794
f 98/274/795 52/214/795 130/275/795
f 98/213/796 131/109/796 132/111/796
f 287/277/797 136/281/797 141/278/797
f 287/277/798 289/1347/798 140/280/798
f 101/228/799 102/227/799 138/282/799
f 276/230/800 104/221/800 140/223/800
f 103/235/11 139/287/11 288/285/11
f 101/286/801 137/1348/801 139/287/801
f 147/288/802 155/393/802 156/289/802
f 149/290/803 144/1349/803 152/291/803
f 142/293/804 11/1350/804 150/294/804
f 146/296/805 149/290/805 157/292/805
f 195/124/806 192/384/806 142/293/806
f 229/298/807 194/382/807 145/299/807
f 193/301/808 197/112/808 149/114/808
f 199/303/809 148/1351/809 144/113/809
f 153/305/810 162/1352/810 224/306/810
f 156/289/811 165/318/811 161/308/811
f 223/310/812 154/1353/812 163/311/812
f 150/294/813 159/328/813 162/313/813
f 143/295/814 150/294/814 153/314/814
f 146/122/815 154/1353/815 223/310/815
f 148/30/816 156/289/816 152/309/816
f 220/300/817 145/299/817 153/305/817
f 164/316/818 172/333/818 173/317/818
f 166/319/819 161/1354/819 169/320/819
f 159/322/820 158/389/820 151/323/820
f 163/325/821 166/319/821 174/321/821
f 154/297/822 157/292/822 166/319/822
f 150/294/823 11/1350/823 158/327/823
f 152/291/824 161/1354/824 166/319/824
f 156/289/825 155/393/825 164/316/825
f 168/329/826 172/333/826 227/330/826
f 169/332/827 173/317/827 172/333/827
f 228/334/148 171/326/148 168/335/148
f 168/335/147 171/326/147 174/321/147
f 159/328/828 167/1355/828 170/337/828
f 225/338/829 163/1356/829 171/339/829
f 161/341/830 165/1357/830 173/342/830
f 224/306/831 162/1352/831 170/344/831
f 175/345/832 176/360/832 179/346/832
f 177/348/833 178/1358/833 160/349/833
f 191/351/834 188/1359/834 176/352/834
f 189/354/835 160/358/835 178/355/835
f 191/357/836 175/1360/836 160/358/836
f 190/359/837 179/346/837 176/360/837
f 47/95/838 99/1326/838 181/362/838
f 5/364/839 184/371/839 185/365/839
f 57/367/840 185/378/840 182/368/840
f 5/364/841 47/1361/841 183/370/841
f 15/372/842 180/376/842 181/373/842
f 15/372/843 97/1362/843 182/375/843
f 183/363/844 181/362/844 190/359/844
f 184/371/845 191/1363/845 189/377/845
f 185/378/846 189/354/846 187/356/846
f 184/379/847 183/363/847 188/361/847
f 180/376/848 186/127/848 190/129/848
f 180/376/849 182/375/849 187/381/849
f 45/104/850 199/303/850 196/304/850
f 58/143/851 54/135/851 197/112/851
f 211/96/852 47/95/852 194/382/852
f 5/383/853 57/145/853 192/384/853
f 47/385/854 5/383/854 195/124/854
f 214/141/855 58/143/855 193/301/855
f 54/135/856 1/105/856 196/304/856
f 50/387/11 198/29/11 199/31/11
f 214/388/857 230/404/857 192/384/857
f 50/387/858 211/96/858 229/298/858
f 164/316/831 224/306/831 227/330/831
f 158/389/859 225/338/859 228/340/859
f 151/390/148 228/334/148 226/336/148
f 226/331/860 227/330/860 170/344/860
f 147/288/861 220/300/861 222/307/861
f 221/123/862 223/310/862 11/394/862
f 11/394/863 223/310/863 225/312/863
f 222/307/864 224/306/864 164/316/864
f 198/29/865 229/298/865 220/300/865
f 204/172/866 219/171/866 75/397/866
f 203/159/867 218/158/867 70/399/867
f 67/400/738 217/1332/738 215/130/738
f 65/402/868 216/1364/868 214/388/868
f 59/401/869 215/130/869 201/39/869
f 230/404/870 221/1365/870 142/293/870
f 290/102/871 213/94/871 53/97/871
f 213/94/36 211/96/36 50/387/36
f 70/406/872 218/89/872 210/91/872
f 219/82/873 209/81/873 310/408/873
f 32/410/874 207/416/874 208/411/874
f 310/408/875 209/81/875 206/413/875
f 27/415/876 205/1366/876 207/416/876
f 12/417/877 202/1367/877 204/418/877
f 39/419/878 210/1368/878 205/420/878
f 9/403/14 201/39/14 212/38/14
f 6/422/879 202/1369/879 216/423/879
f 200/18/880 203/17/880 20/424/880
f 67/426/881 10/1370/881 200/427/881
f 35/428/882 231/441/882 233/429/882
f 36/412/883 208/411/883 235/431/883
f 37/430/884 233/429/884 235/433/884
f 38/435/885 234/1371/885 291/436/885
f 232/432/886 235/431/886 237/437/886
f 237/439/887 235/433/887 233/429/887
f 246/440/888 233/429/888 231/441/888
f 291/436/889 234/1371/889 317/443/889
f 332/445/890 328/1372/890 315/446/890
f 237/437/891 246/1373/891 304/448/891
f 300/450/892 236/438/892 237/437/892
f 293/451/893 292/444/893 317/443/893
f 305/453/894 243/1374/894 245/454/894
f 293/451/895 239/472/895 248/456/895
f 238/457/896 246/440/896 248/442/896
f 334/459/897 332/606/897 34/460/897
f 249/462/898 244/1375/898 245/463/898
f 296/465/899 259/473/899 305/466/899
f 316/468/900 331/1376/900 330/469/900
f 293/451/901 298/1377/901 297/471/901
f 259/473/902 258/1378/902 294/474/902
f 238/476/903 239/1379/903 297/477/903
f 44/479/904 314/1380/904 321/480/904
f 240/482/905 319/535/905 298/483/905
f 231/485/906 291/436/906 292/444/906
f 250/68/907 291/436/907 231/485/907
f 212/487/37 290/102/37 263/405/37
f 275/232/11 288/285/11 141/489/11
f 102/491/908 276/230/908 289/284/908
f 138/493/798 289/1347/798 287/277/798
f 287/277/909 288/279/909 139/495/909
f 274/218/910 286/229/910 133/496/910
f 273/215/11 285/233/11 130/275/11
f 280/195/911 284/264/911 129/498/911
f 129/500/105 284/1344/105 282/259/105
f 123/268/105 124/247/105 282/259/105
f 123/501/912 281/254/912 283/242/912
f 90/502/11 271/151/11 279/240/11
f 118/503/11 279/240/11 283/242/11
f 270/187/97 278/108/97 111/504/97
f 269/176/11 277/149/11 106/505/11
f 285/233/11 275/232/11 105/490/11
f 133/496/913 286/229/913 276/230/913
f 60/271/914 274/218/914 264/220/914
f 273/215/915 261/101/915 96/508/915
f 272/196/916 280/195/916 121/499/916
f 270/187/917 266/186/917 84/510/917
f 51/236/11 269/176/11 262/100/11
f 18/511/918 254/166/918 268/168/918
f 253/513/919 267/1381/919 72/514/919
f 106/505/11 277/149/11 271/151/11
f 94/148/920 64/147/920 265/515/920
f 278/108/921 272/107/921 93/516/921
f 96/508/922 261/101/922 290/102/922
f 82/177/11 49/488/11 263/405/11
f 76/517/923 268/86/923 260/88/923
f 252/76/924 251/69/924 31/70/924
f 251/69/925 250/68/925 35/486/925
f 260/61/926 252/63/926 25/520/926
f 255/50/927 253/49/927 24/522/927
f 64/524/928 8/1382/928 255/525/928
f 4/526/929 256/32/929 254/34/929
f 85/528/930 14/1383/930 256/529/930
f 258/530/931 259/1384/931 296/531/931
f 258/533/932 297/1385/932 298/483/932
f 294/534/933 298/483/933 319/535/933
f 329/537/934 327/595/934 295/538/934
f 306/540/935 304/1386/935 246/440/935
f 305/541/936 303/548/936 304/448/936
f 241/543/937 299/546/937 301/544/937
f 300/450/938 302/449/938 301/544/938
f 242/547/939 301/1387/939 303/455/939
f 302/449/940 304/448/940 303/548/940
f 257/549/941 319/583/941 324/550/941
f 333/552/942 325/591/942 41/553/942
f 308/475/943 294/474/943 257/555/943
f 243/557/944 308/475/944 307/556/944
f 244/559/945 249/1388/945 307/560/945
f 309/562/946 241/543/946 242/545/946
f 29/564/947 41/1389/947 310/565/947
f 313/461/948 34/460/948 312/567/948
f 44/569/949 313/584/949 30/570/949
f 315/572/950 38/577/950 312/567/950
f 322/575/951 71/1390/951 75/573/951
f 75/573/952 310/1391/952 320/574/952
f 315/572/953 316/590/953 234/576/953
f 316/468/954 247/470/954 317/578/954
f 318/580/955 240/452/955 317/443/955
f 318/580/956 295/1392/956 319/582/956
f 295/538/957 327/595/957 324/550/957
f 313/584/958 44/569/958 326/585/958
f 247/470/959 330/469/959 329/587/959
f 315/572/960 328/1393/960 331/589/960
f 325/591/961 320/1394/961 310/592/961
f 241/593/962 309/623/962 323/551/962
f 299/594/963 241/593/963 324/550/963
f 300/596/964 299/1395/964 327/597/964
f 300/599/965 329/1396/965 330/600/965
f 236/601/966 330/600/966 331/602/966
f 232/432/967 331/1397/967 328/604/967
f 36/605/968 328/1393/968 332/606/968
f 32/607/969 332/606/969 334/459/969
f 27/609/970 334/586/970 326/585/970
f 39/611/971 326/1398/971 321/612/971
f 267/614/972 70/1399/972 321/84/972
f 43/619/973 73/616/973 320/618/973
f 43/619/974 325/620/974 333/621/974
f 309/623/975 244/559/975 257/549/975
f 308/475/976 243/557/976 305/466/976
f 311/625/977 26/1400/977 333/626/977
f 73/629/978 72/615/978 321/84/978
f 348/631/979 338/658/979 337/632/979
f 343/634/980 344/646/980 342/635/980
f 349/637/981 350/665/981 340/638/981
f 346/640/982 336/648/982 335/641/982
f 352/643/983 349/1401/983 339/644/983
f 344/646/984 357/661/984 356/647/984
f 336/648/985 346/640/985 358/649/985
f 352/643/986 345/645/986 335/651/986
f 340/653/987 346/640/987 345/642/987
f 338/655/988 344/646/988 343/634/988
f 337/657/986 343/663/986 352/643/986
f 338/658/989 348/631/989 359/659/989
f 338/655/990 354/1402/990 357/661/990
f 341/662/991 349/1401/991 352/643/991
f 341/664/992 342/676/992 350/665/992
f 336/666/993 348/631/993 347/633/993
f 357/661/994 354/1402/994 362/668/994
f 356/670/995 364/767/995 368/671/995
f 356/647/996 357/661/996 365/669/996
f 353/650/997 358/649/997 366/674/997
f 342/676/998 356/670/998 360/672/998
f 336/666/999 353/1403/999 359/659/999
f 340/638/1000 350/665/1000 360/672/1000
f 346/640/1001 340/653/1001 355/678/1001
f 421/679/1002 372/709/1002 371/680/1002
f 420/682/1003 417/685/1003 373/683/1003
f 417/685/1004 418/1404/1004 370/686/1004
f 419/687/1005 420/768/1005 361/688/1005
f 360/672/1006 368/671/1006 363/690/1006
f 354/660/1007 359/659/1007 367/691/1007
f 359/659/1008 353/1403/1008 351/693/1008
f 355/678/1009 363/769/1009 366/674/1009
f 410/694/1010 414/721/1010 382/695/1010
f 411/697/1011 383/704/1011 378/698/1011
f 409/700/1012 410/1405/1012 377/701/1012
f 411/697/1013 412/1406/1013 379/703/1013
f 422/705/1014 371/765/1014 375/706/1014
f 424/708/1015 369/766/1015 372/709/1015
f 418/710/1016 423/707/1016 375/706/1016
f 419/687/1017 374/689/1017 369/712/1017
f 376/714/1018 385/752/1018 391/715/1018
f 377/696/1019 382/695/1019 391/715/1019
f 383/704/1020 392/731/1020 387/717/1020
f 380/702/1021 377/701/1021 386/718/1021
f 415/720/1022 376/714/1022 382/695/1022
f 413/722/1023 378/737/1023 381/723/1023
f 416/724/1024 381/723/1024 376/725/1024
f 412/727/1025 409/700/1025 380/702/1025
f 386/716/1026 391/715/1026 398/729/1026
f 392/731/1027 399/736/1027 394/732/1027
f 389/719/1028 386/718/1028 393/733/1028
f 392/731/1029 388/741/1029 395/735/1029
f 378/737/1030 387/753/1030 390/738/1030
f 381/723/1031 390/738/1031 385/739/1031
f 379/728/1032 380/702/1032 389/719/1032
f 383/704/1033 379/703/1033 388/741/1033
f 399/736/1034 395/735/1034 403/742/1034
f 395/744/1035 396/734/1035 404/745/1035
f 397/747/1036 405/751/1036 400/748/1036
f 397/747/1037 394/1407/1037 402/750/1037
f 385/752/1038 384/1408/1038 398/729/1038
f 387/753/1039 394/1407/1039 397/747/1039
f 390/738/1040 397/747/1040 384/749/1040
f 388/740/1041 389/719/1041 396/734/1041
f 408/754/1042 406/1409/1042 400/755/1042
f 408/754/372 405/756/372 402/757/372
f 403/759/370 404/761/370 408/754/370
f 401/760/1042 406/1409/1042 408/754/1042
f 393/733/1043 401/1410/1043 404/745/1043
f 394/732/1044 399/736/1044 407/743/1044
f 398/729/1045 406/1409/1045 401/760/1045
f 384/749/1046 400/748/1046 406/763/1046
f 372/709/1047 409/700/1047 412/727/1047
f 361/684/1048 373/683/1048 416/724/1048
f 373/683/1049 370/686/1049 413/722/1049
f 374/689/1050 361/688/1050 415/720/1050
f 371/765/1051 412/1406/1051 411/697/1051
f 369/766/1052 410/1405/1052 409/700/1052
f 370/711/1053 375/706/1053 411/697/1053
f 374/689/1054 414/721/1054 410/694/1054
f 362/692/1055 367/691/1055 419/687/1055
f 368/671/1056 423/707/1056 418/710/1056
f 365/669/1057 362/668/1057 424/708/1057
f 364/767/1058 422/705/1058 423/707/1058
f 367/691/1059 351/693/1059 420/768/1059
f 363/769/1060 418/1404/1060 417/685/1060
f 351/675/1061 366/674/1061 417/685/1061
f 365/669/1062 421/679/1062 422/681/1062
f 438/770/1063 428/799/1063 427/771/1063
f 433/773/1064 434/785/1064 432/774/1064
f 439/776/1065 440/804/1065 430/777/1065
f 435/779/1066 436/1411/1066 426/780/1066
f 442/782/1067 439/1412/1067 429/783/1067
f 434/785/1068 447/800/1068 446/786/1068
f 436/787/1069 448/818/1069 443/788/1069
f 442/782/1070 435/784/1070 425/790/1070
f 430/792/1071 436/787/1071 435/793/1071
f 428/795/1072 434/785/1072 433/773/1072
f 427/797/1073 433/802/1073 442/782/1073
f 438/770/1074 449/815/1074 444/798/1074
f 428/795/1075 444/1413/1075 447/800/1075
f 431/801/1076 439/1412/1076 442/782/1076
f 431/803/1077 432/1414/1077 440/804/1077
f 425/781/1078 426/780/1078 438/770/1078
f 444/805/1079 452/1415/1079 455/806/1079
f 446/808/1080 454/999/1080 458/809/1080
f 446/786/1081 447/800/1081 455/811/1081
f 443/788/1082 448/818/1082 456/813/1082
f 440/804/1083 432/1414/1083 446/808/1083
f 426/780/1084 443/1416/1084 449/815/1084
f 430/777/1085 440/804/1085 450/810/1085
f 436/787/1086 430/792/1086 445/817/1086
f 504/819/1087 560/848/1087 462/820/1087
f 558/822/1088 499/825/1088 463/823/1088
f 499/825/1089 500/931/1089 460/826/1089
f 558/827/1090 451/1417/1090 464/828/1090
f 450/810/1091 458/809/1091 453/830/1091
f 444/798/1092 449/815/1092 457/831/1092
f 449/815/1093 443/1416/1093 441/833/1093
f 445/817/1094 453/1418/1094 456/813/1094
f 508/834/1095 512/1419/1095 472/835/1095
f 509/837/1096 473/844/1096 468/838/1096
f 507/840/1097 508/1420/1097 467/841/1097
f 510/843/1098 469/870/1098 473/844/1098
f 505/845/1099 504/1421/1099 461/846/1099
f 560/848/1100 562/1422/1100 459/849/1100
f 500/850/1101 505/845/1101 465/847/1101
f 561/829/1102 464/828/1102 459/852/1102
f 466/854/1103 475/1423/1103 481/855/1103
f 472/835/1104 481/1424/1104 476/857/1104
f 468/838/1105 473/844/1105 482/858/1105
f 470/860/1106 467/836/1106 476/857/1106
f 512/862/1107 513/868/1107 466/863/1107
f 511/865/1108 468/882/1108 471/866/1108
f 514/867/1109 471/866/1109 466/863/1109
f 510/843/1110 507/1425/1110 470/869/1110
f 476/871/1111 481/855/1111 488/872/1111
f 482/874/1112 489/881/1112 484/875/1112
f 479/877/1113 476/1426/1113 483/878/1113
f 478/880/1114 485/1427/1114 489/881/1114
f 468/882/1115 477/899/1115 480/883/1115
f 471/866/1116 480/883/1116 475/884/1116
f 469/885/1117 470/1428/1117 479/886/1117
f 473/887/1118 469/885/1118 478/880/1118
f 485/888/1119 493/892/1119 497/889/1119
f 486/891/1120 494/1429/1120 493/892/1120
f 474/893/1121 487/896/1121 495/894/1121
f 487/896/1122 484/1430/1122 492/897/1122
f 481/855/1123 475/1423/1123 474/898/1123
f 477/899/1124 484/1430/1124 487/896/1124
f 475/884/1125 480/883/1125 487/896/1125
f 479/877/1126 486/879/1126 485/900/1126
f 498/902/457 496/1431/457 490/903/457
f 498/902/1127 495/904/1127 492/905/1127
f 493/907/457 494/909/457 498/902/457
f 491/908/457 496/1431/457 498/902/457
f 483/878/1128 491/908/1128 494/909/1128
f 484/875/1129 489/881/1129 497/910/1129
f 483/873/1130 488/872/1130 496/912/1130
f 488/914/1131 474/1432/1131 490/915/1131
f 503/917/1132 576/1046/1132 568/918/1132
f 582/920/1133 505/927/1133 500/921/1133
f 548/923/1134 571/1053/1134 578/924/1134
f 581/926/1135 504/1433/1135 505/927/1135
f 551/928/1136 547/925/1136 578/924/1136
f 580/930/1137 554/1067/1137 500/931/1137
f 552/932/1138 580/930/1138 499/825/1138
f 579/933/1139 560/848/1139 504/819/1139
f 515/935/1140 507/1425/1140 510/843/1140
f 522/937/1141 518/938/1141 514/867/1141
f 518/938/1142 517/946/1142 511/865/1142
f 529/939/1143 531/969/1143 528/940/1143
f 520/936/1144 510/843/1144 509/837/1144
f 519/943/1145 508/1420/1145 507/840/1145
f 516/945/1146 509/1434/1146 511/865/1146
f 530/947/1147 529/979/1147 527/948/1147
f 459/852/1148 464/828/1148 521/950/1148
f 465/952/1149 516/945/1149 517/946/1149
f 459/849/1150 519/943/1150 515/944/1150
f 461/846/1151 520/936/1151 516/942/1151
f 464/828/1152 451/1417/1152 522/954/1152
f 463/955/1153 460/953/1153 517/946/1153
f 451/956/1154 463/955/1154 518/938/1154
f 462/957/1155 515/935/1155 520/936/1155
f 526/958/1156 538/984/1156 540/959/1156
f 523/960/1157 525/1435/1157 537/961/1157
f 532/963/1158 524/990/1158 526/964/1158
f 530/966/1159 525/1435/1159 523/960/1159
f 533/968/1160 526/958/1160 528/940/1160
f 534/967/1161 523/960/1161 524/970/1161
f 508/972/1162 519/1436/1162 534/973/1162
f 512/862/1163 533/968/1163 531/969/1163
f 519/975/1164 521/1437/1164 530/966/1164
f 508/976/1165 532/963/1165 533/965/1165
f 521/978/1166 522/1438/1166 529/979/1166
f 513/980/1167 531/1439/1167 529/981/1167
f 537/983/1168 539/991/1168 540/959/1168
f 535/985/1169 537/1440/1169 538/986/1169
f 525/949/1170 527/948/1170 539/988/1170
f 524/990/1171 536/987/1171 538/986/1171
f 527/941/1172 528/940/1172 540/959/1172
f 524/970/1173 523/960/1173 535/962/1173
f 455/811/1174 566/1002/1174 543/993/1174
f 441/814/1175 456/813/1175 541/994/1175
f 456/813/1176 453/1418/1176 545/996/1176
f 457/997/1177 441/814/1177 563/995/1177
f 454/999/1178 543/1441/1178 544/1000/1178
f 452/1001/1179 565/1442/1179 566/1002/1179
f 458/809/1180 544/1000/1180 545/1003/1180
f 457/831/1181 564/1040/1181 565/1004/1181
f 543/993/1182 566/1002/1182 559/1005/1182
f 541/994/1183 553/1008/1183 557/1007/1183
f 545/996/1184 549/1443/1184 553/1008/1184
f 506/919/1185 568/918/1185 601/1009/1185
f 544/1011/1186 543/1444/1186 555/1012/1186
f 546/1014/1187 577/1020/1187 570/1015/1187
f 545/1017/1188 544/1011/1188 556/1013/1188
f 550/1019/1189 573/1062/1189 577/1020/1189
f 583/1021/1190 550/1019/1190 557/1022/1190
f 503/1024/1191 560/848/1191 579/933/1191
f 602/1026/1192 561/829/1192 562/853/1192
f 562/1028/1193 560/1445/1193 590/1029/1193
f 603/1031/1194 558/822/1194 561/1032/1194
f 542/1034/1195 564/998/1195 563/995/1195
f 597/1036/1196 595/1446/1196 593/1037/1196
f 548/1039/1197 565/1004/1197 564/1040/1197
f 550/1019/1198 546/1014/1198 563/1042/1198
f 547/1043/1199 551/1066/1199 559/1005/1199
f 586/1044/1200 601/1009/1200 568/918/1200
f 585/1045/1201 568/918/1201 576/1046/1201
f 587/1048/1202 604/1447/1202 601/1049/1202
f 577/1020/1203 573/1062/1203 569/1051/1203
f 578/924/1204 571/1053/1204 567/1052/1204
f 571/1053/1205 570/1015/1205 569/1051/1205
f 583/1054/1206 603/1448/1206 604/1055/1206
f 548/923/1207 542/1016/1207 570/1015/1207
f 502/1057/538 607/1449/538 608/1058/538
f 584/1060/1208 551/1450/1208 574/1061/1208
f 584/1060/1209 588/1047/1209 576/1046/1209
f 583/1021/1210 587/1451/1210 573/1062/1210
f 573/1062/1211 587/1451/1211 586/1063/1211
f 574/929/1212 567/1052/1212 585/1064/1212
f 567/1052/1213 569/1051/1213 586/1063/1213
f 584/1025/1214 579/933/1214 559/1005/1214
f 603/1031/1215 583/1452/1215 552/932/1215
f 559/1005/1216 579/933/1216 581/934/1216
f 553/1008/1217 580/930/1217 552/932/1217
f 553/1008/1218 549/1443/1218 554/1067/1218
f 555/1006/1219 581/934/1219 582/1068/1219
f 549/1070/1220 556/1453/1220 582/920/1220
f 592/1071/1221 591/1454/1221 589/1072/1221
f 503/1024/1222 592/1455/1222 590/1074/1222
f 506/1075/1223 591/1454/1223 592/1071/1223
f 506/1077/1224 562/1456/1224 589/1078/1224
f 596/1080/1225 594/1457/1225 593/1081/1225
f 599/1083/1226 598/1458/1226 593/1084/1226
f 600/1086/1227 599/1459/1227 594/1087/1227
f 600/1086/1228 596/1088/1228 595/1089/1228
f 548/923/560 547/925/560 600/1091/560
f 547/1043/561 566/1002/561 599/1093/561
f 565/1095/562 598/1458/562 599/1083/562
f 548/1039/563 597/1036/563 598/1038/563
f 501/1097/1229 602/1010/1229 601/1009/1229
f 502/1057/1230 603/1031/1230 602/1033/1230
f 575/1100/1231 572/1098/1231 601/1009/1231
f 502/1057/1232 575/1059/1232 604/1102/1232
f 606/1103/1233 605/1460/1233 608/1104/1233
f 502/1106/1234 501/1461/1234 606/1107/1234
f 572/1109/570 575/1462/570 608/1110/570
f 572/1112/571 605/1463/571 606/1113/571
f 622/1115/1235 612/1464/1235 611/1116/1235
f 618/1118/1236 616/1131/1236 615/1119/1236
f 623/1121/1237 624/1465/1237 614/1122/1237
f 619/1124/1238 620/1137/1238 610/1125/1238
f 626/1127/1239 623/1466/1239 613/1128/1239
f 618/1118/1240 631/1467/1240 630/1130/1240
f 610/1125/1241 620/1137/1241 632/1132/1241
f 626/1127/1242 619/1129/1242 609/1134/1242
f 613/1136/1243 614/1468/1243 620/1137/1243
f 612/1138/1244 618/1118/1244 617/1120/1244
f 611/1140/1242 617/1147/1242 626/1127/1242
f 622/1141/1245 633/1469/1245 628/1142/1245
f 612/1143/1246 628/1142/1246 631/1144/1246
f 615/1146/1247 623/1466/1247 626/1127/1247
f 616/1148/1248 624/1465/1248 623/1121/1248
f 609/1134/1249 610/1470/1249 622/1150/1249
f 631/1144/1250 628/1142/1250 636/1151/1250
f 634/1153/1251 630/1130/1251 638/1154/1251
f 630/1130/1252 631/1467/1252 639/1156/1252
f 632/1132/1253 640/1471/1253 625/1157/1253
f 616/1131/1254 630/1130/1254 634/1153/1254
f 610/1125/1255 627/1133/1255 633/1159/1255
f 614/1122/1256 624/1465/1256 634/1161/1256
f 620/1163/1257 614/1122/1257 629/1162/1257
f 695/1165/1258 646/1195/1258 645/1166/1258
f 694/1168/1259 691/1268/1259 647/1169/1259
f 692/1171/1260 644/1196/1260 647/1172/1260
f 693/1174/1261 694/1267/1261 635/1175/1261
f 634/1161/1262 642/1264/1262 637/1177/1262
f 628/1142/1263 633/1469/1263 641/1178/1263
f 627/1133/1264 625/1157/1264 641/1179/1264
f 629/1162/1265 637/1177/1265 640/1180/1265
f 699/1181/1266 701/1283/1266 656/1182/1266
f 704/1184/1267 657/1190/1267 652/1185/1267
f 703/1187/1268 699/1181/1268 651/1183/1268
f 704/1184/1269 700/1274/1269 653/1189/1269
f 696/1191/1270 645/1259/1270 649/1192/1270
f 695/1165/1271 698/1472/1271 643/1194/1271
f 697/1193/1272 649/1192/1272 644/1196/1272
f 698/1197/1273 693/1174/1273 648/1176/1273
f 650/1199/1274 659/1224/1274 665/1200/1274
f 651/1183/1275 656/1182/1275 665/1202/1275
f 657/1190/1276 666/1216/1276 661/1204/1276
f 654/1188/1277 651/1183/1277 660/1203/1277
f 702/1206/1278 650/1199/1278 656/1201/1278
f 705/1186/1279 652/1185/1279 655/1208/1279
f 706/1210/1280 655/1223/1280 650/1199/1280
f 700/1211/1281 703/1269/1281 654/1212/1281
f 660/1203/1282 665/1202/1282 672/1214/1282
f 666/1216/1283 673/1473/1283 668/1217/1283
f 663/1205/1284 660/1203/1284 667/1215/1284
f 666/1219/1285 662/1226/1285 669/1220/1285
f 652/1185/1286 661/1204/1286 664/1222/1286
f 655/1223/1287 664/1240/1287 659/1224/1287
f 653/1213/1288 654/1212/1288 663/1225/1288
f 657/1227/1289 653/1213/1289 662/1226/1289
f 673/1228/1290 669/1231/1290 677/1229/1290
f 669/1231/1291 670/1474/1291 678/1232/1291
f 671/1233/1292 679/1243/1292 674/1234/1292
f 671/1236/1293 668/1217/1293 676/1237/1293
f 659/1224/1294 658/1235/1294 672/1239/1294
f 661/1204/1295 668/1217/1295 671/1236/1295
f 664/1240/1296 671/1233/1296 658/1235/1296
f 662/1226/1297 663/1225/1297 670/1241/1297
f 682/1242/1298 680/1252/1298 674/1234/1298
f 682/1242/1299 679/1243/1299 676/1244/1299
f 677/1246/636 678/1248/636 682/1242/636
f 675/1247/636 680/1252/636 682/1242/636
f 667/1215/1300 675/1251/1300 678/1249/1300
f 668/1217/1301 673/1473/1301 681/1250/1301
f 672/1214/1302 680/1475/1302 675/1251/1302
f 658/1235/1303 674/1234/1303 680/1252/1303
f 646/1195/1304 683/1261/1304 686/1253/1304
f 647/1169/1305 690/1256/1305 689/1254/1305
f 644/1255/1306 687/1271/1306 690/1256/1306
f 648/1176/1307 635/1175/1307 689/1257/1307
f 645/1259/1308 686/1476/1308 685/1260/1308
f 643/1194/1309 684/1275/1309 683/1261/1309
f 649/1192/1310 685/1260/1310 687/1262/1310
f 648/1176/1311 688/1258/1311 684/1263/1311
f 636/1151/1312 641/1178/1312 693/1174/1312
f 642/1264/1313 697/1193/1313 692/1171/1313
f 636/1151/1314 698/1197/1314 695/1265/1314
f 638/1154/1315 696/1167/1315 697/1266/1315
f 641/1178/1316 625/1477/1316 694/1267/1316
f 640/1180/1317 637/1177/1317 692/1171/1317
f 625/1157/1318 640/1471/1318 691/1268/1318
f 639/1156/1319 695/1165/1319 696/1167/1319
f 686/1253/1320 683/1261/1320 703/1269/1320
f 690/1256/1321 708/1299/1321 709/1270/1321
f 687/1271/1322 705/1478/1322 706/1272/1322
f 689/1257/1323 709/1479/1323 710/1273/1323
f 685/1260/1324 686/1476/1324 700/1274/1324
f 684/1275/1268 699/1480/1268 703/1269/1268
f 687/1262/1325 685/1260/1325 704/1184/1325
f 688/1258/1266 701/1283/1266 699/1181/1266
f 707/1276/1326 713/1481/1326 714/1277/1326
f 709/1270/1327 715/1300/1327 716/1279/1327
f 706/1281/1328 707/1276/1328 708/1278/1328
f 701/1283/1329 688/1258/1329 710/1273/1329
f 702/1285/1330 701/1482/1330 711/1286/1330
f 702/1285/1331 712/1287/1331 707/1288/1331
f 718/1290/1332 717/1301/1332 723/1291/1332
f 715/1293/1333 714/1277/1333 720/1294/1333
f 712/1287/1334 718/1290/1334 713/1296/1334
f 711/1284/1335 710/1273/1335 716/1297/1335
f 708/1299/1336 714/1483/1336 715/1300/1336
f 712/1287/1337 711/1286/1337 717/1301/1337
f 720/1302/1338 719/1484/1338 724/1303/1338
f 721/1304/1339 724/1303/1339 723/1305/1339
f 715/1300/1340 721/1304/1340 722/1306/1340
f 714/1277/1341 713/1481/1341 719/1307/1341
f 713/1296/1342 718/1290/1342 724/1292/1342
f 717/1298/1343 716/1297/1343 722/1309/1343
g crown_3_c_Mesh
v 0.948342 2.988258 -0.703146
v 0.643678 3.781309 -0.640116
v 0.529294 2.912544 -0.344976
v 0.414352 3.735518 -0.459856
v 0.481024 3.139564 -1.439135
v 0.420298 3.840436 -0.909280
v -0.164997 3.047993 -0.957150
v 0.190972 3.794645 -0.729020
v -0.001136 2.922230 -0.527463
v 0.218156 3.719877 -0.477168
v 0.907634 3.079984 -1.141628
v 0.743116 3.814034 -0.844093
v 0.906016 2.907320 -0.399973
v 0.766131 3.706096 -0.379687
v 0.071608 3.171256 -1.314437
v 0.121964 3.834528 -0.975484
v 0.478924 3.796350 -0.667770
v 0.678817 3.570285 -0.197435
v 1.094563 3.183778 -0.666105
v 1.202229 3.298315 -0.589627
v 1.223150 3.516912 -0.584824
v 0.524596 3.403248 -0.030059
v 0.457541 3.139153 -0.006569
v 0.473865 3.050072 -0.180356
v -0.322483 3.545398 -0.815267
v -0.402547 3.387489 -0.946028
v -0.267248 3.215977 -1.003376
v 0.471326 3.715230 -1.487807
v 0.428929 3.548182 -1.576745
v 0.433718 3.315540 -1.570574
v 0.992821 3.654635 -1.191466
v 1.006640 3.452201 -1.247403
v 0.968725 3.319399 -1.235852
v -0.104172 3.429919 -0.339440
v -0.124051 3.240784 -0.328446
v -0.062265 3.048025 -0.449098
v -0.109392 3.642096 -1.444532
v -0.149748 3.515069 -1.475320
v -0.071213 3.328209 -1.388700
v 0.954273 3.398226 -0.050758
v 0.998284 3.211194 -0.091991
v 0.906621 3.058823 -0.247311
v 0.838492 3.606757 -0.194795
v 0.442585 3.560397 -0.130702
v -0.013435 3.629600 -0.361869
v -0.186533 3.735756 -0.819716
v -0.001553 3.829110 -1.207014
v 0.424106 3.818607 -1.308288
v 0.865630 3.777213 -1.058983
v 1.023472 3.700110 -0.582093
v 0.563508 3.732864 -0.438025
v 0.413050 3.692418 -0.345780
v 0.255997 3.755764 -0.557757
v 0.072648 3.782519 -0.755949
v 0.260180 3.829572 -0.873922
v 0.407628 3.834054 -1.022630
v 0.578653 3.820190 -0.811379
v 0.762512 3.762196 -0.620472
v 0.786839 2.942759 -0.809368
v 0.426293 2.870768 -0.525963
v 0.525962 3.048749 -1.369011
v 0.011267 2.912522 -0.898281
v 0.149586 2.868645 -0.670062
v 0.788569 2.959592 -1.198143
v 0.678031 2.887847 -0.581553
v 0.124014 2.901940 -1.203965
v 0.406190 2.827251 -0.863956
v -0.061286 3.113971 -1.118773
v 0.636105 2.882635 -0.313044
v -0.094043 3.782433 -1.013365
v 0.336573 3.777220 -0.619915
v -0.205723 3.277371 -1.144132
v -0.373996 3.485875 -1.183443
v -0.194162 3.663847 -1.200904
v 0.621642 3.043450 -0.201367
v 0.740403 3.184258 0.005426
v 0.725398 3.380806 -0.036141
v 0.535049 3.700695 -0.372721
v 0.125380 3.809131 -0.866355
v 0.498197 3.735426 -0.481890
v 0.225576 3.812109 -0.801471
v 0.085979 2.876390 -1.018958
v 0.567986 2.875803 -0.537624
v 0.305418 2.879615 -0.696823
v 0.906268 2.949838 -0.522492
v 0.238457 3.837544 -1.271054
v 0.467651 3.815388 -0.774377
v 0.991798 3.659912 -0.411962
v 0.224028 3.134024 -1.419769
v 1.076569 3.107512 -0.522790
v 1.207250 3.302722 -0.343976
v 1.100578 3.455053 -0.328191
v 0.147286 3.352415 -1.519172
v 0.110103 3.551060 -1.611429
v 0.137744 3.713328 -1.503031
v 0.300111 3.844020 -1.003701
v 0.763383 3.743288 -0.539343
v 0.336048 3.829725 -0.889282
v 0.637631 3.766549 -0.577255
v 0.732435 2.915303 -0.695461
v 0.644649 2.782727 -1.042915
v 0.368344 2.907396 -1.306513
v 0.210492 2.895173 -0.396627
v 0.944598 3.713201 -0.826169
v 0.175732 3.575031 -0.218436
v 0.984598 3.047477 -0.888464
v 0.495810 3.772529 -0.588643
v 0.206193 3.099235 -0.304029
v 0.132248 3.196436 -0.089400
v 0.145129 3.351520 -0.140524
v 1.023686 3.237713 -1.006116
v 1.163334 3.444713 -0.940124
v 1.107986 3.585773 -0.888145
v 0.712968 3.791821 -0.750963
v 0.292394 3.707844 -0.420374
v 0.611166 3.800749 -0.725748
v 0.335174 3.745641 -0.508807
v 0.249700 2.879610 -0.576248
v 0.784218 2.968013 -0.917829
v 0.554499 2.920545 -0.730404
v 0.428154 2.903614 -0.666664
v 0.415492 3.759085 -0.548725
v 0.657352 2.873672 -0.821181
v 0.553488 3.786639 -0.657195
v -0.064524 3.706157 -0.615063
v 0.699891 3.100821 -1.363350
v -0.088036 2.974191 -0.756341
v 0.696884 3.807796 -1.139030
v 0.344531 3.801968 -0.725463
v 0.755137 3.322367 -1.412183
v 0.745570 3.491246 -1.455121
v 0.722147 3.696112 -1.388264
v -0.181303 3.116073 -0.671178
v -0.346412 3.316634 -0.638298
v -0.233906 3.482890 -0.541049
v 0.035611 3.767260 -0.693120
v 0.542767 3.836872 -0.956048
v 0.223484 3.775205 -0.643388
v 0.499476 3.830313 -0.860329
v 0.711160 3.022083 -1.255417
v 0.148454 2.878357 -0.774367
v 0.286917 2.817383 -1.064332
v 0.229056 2.872042 -0.849275
v 0.275659 3.801913 -0.742151
v 0.478699 2.825042 -1.176324
v 0.419070 3.822218 -0.819163
v -0.262205 2.788911 -1.315060
v 0.006804 3.461859 -1.641320
v -0.578315 2.824225 -1.863918
v -0.157039 3.471611 -1.935422
v 0.272401 2.608140 -1.496227
v 0.202054 3.393720 -1.752353
v -0.139282 2.625201 -2.295986
v 0.038212 3.403472 -2.046455
v -0.489330 2.721567 -2.307559
v -0.167367 3.436010 -2.119266
v 0.058786 2.700560 -1.228804
v 0.171218 3.421665 -1.464061
v -0.511847 2.829721 -1.475751
v -0.197300 3.504914 -1.624878
v 0.177146 2.584704 -1.904880
v 0.221818 3.339912 -2.016228
v 0.019286 3.451021 -1.790688
v -0.389436 3.450369 -1.781093
v -0.193119 2.980720 -1.188766
v -0.189148 3.115283 -1.115070
v -0.097787 3.304564 -1.098010
v -0.589846 3.358331 -1.996286
v -0.724042 3.137199 -2.069125
v -0.639238 2.998013 -1.983874
v -0.048874 3.117980 -2.510055
v -0.031165 2.928545 -2.535141
v -0.053226 2.772318 -2.379771
v 0.557020 3.075743 -1.472867
v 0.544649 2.897175 -1.477825
v 0.417045 2.742692 -1.548969
v 0.366114 3.176855 -1.082673
v 0.320145 2.985054 -1.045804
v 0.231414 2.873864 -1.133602
v -0.412888 3.214858 -2.485424
v -0.502661 3.056591 -2.507912
v -0.495448 2.852765 -2.398832
v 0.449001 2.982794 -2.054280
v 0.413204 2.860086 -2.080530
v 0.261792 2.767290 -2.079787
v -0.542998 3.381063 -1.570203
v -0.590257 3.210277 -1.509892
v -0.553967 3.015456 -1.536570
v -0.362928 3.495255 -1.627087
v -0.459245 3.447755 -2.037185
v -0.304944 3.383549 -2.389567
v 0.046174 3.289104 -2.377289
v 0.371331 3.239011 -2.044638
v 0.471814 3.226721 -1.590523
v 0.315512 3.320155 -1.259598
v -0.037771 3.445161 -1.294436
v -0.161435 3.489546 -1.798996
v -0.255179 3.477400 -1.981584
v -0.092754 3.439527 -2.050785
v 0.042356 3.373566 -2.150783
v 0.159864 3.384731 -1.921998
v 0.277506 3.345014 -1.719753
v 0.137769 3.425805 -1.636991
v -0.005505 3.462539 -1.533413
v -0.220341 2.697588 -1.429773
v -0.477935 2.712922 -1.892159
v 0.143519 2.580358 -1.557074
v -0.144196 2.596757 -2.079458
v -0.355485 2.653035 -2.101862
v 0.016842 2.631055 -1.432046
v -0.411603 2.727055 -1.625444
v 0.020299 2.576328 -1.871054
v -0.195652 2.651691 -1.748249
v 0.061868 2.613736 -2.070168
v -0.604768 2.819338 -1.772500
v 0.208753 3.264058 -2.210963
v -0.033725 3.441101 -1.947949
v 0.098603 2.751546 -2.203061
v 0.178858 2.925967 -2.413994
v 0.281251 3.085257 -2.233320
v -0.615504 2.996491 -1.831802
v -0.690497 3.202864 -1.799080
v -0.579013 3.353214 -1.798458
v -0.223033 3.484249 -1.852326
v 0.135047 3.359285 -2.055955
v -0.134948 3.470093 -1.845159
v 0.099038 3.394102 -1.984226
v -0.063723 2.595997 -1.902095
v -0.456260 2.724303 -1.749779
v -0.286259 2.657084 -1.910890
v -0.408141 2.820204 -1.427264
v 0.439631 3.194082 -1.762024
v 0.100957 3.426548 -1.759560
v -0.176276 3.471861 -1.392348
v 0.242258 2.587121 -1.736620
v -0.327142 2.967871 -1.262529
v -0.358478 3.211015 -1.207480
v -0.313245 3.337758 -1.318433
v 0.345056 2.731793 -1.802182
v 0.544486 2.860931 -1.774164
v 0.540042 3.041499 -1.791231
v 0.259884 3.351855 -1.831870
v -0.070158 3.476784 -1.564570
v 0.176756 3.385264 -1.842135
v -0.043878 3.472260 -1.671998
v -0.315972 2.712321 -1.527608
v -0.104317 2.645891 -1.587265
v 0.081661 2.581171 -1.691531
v -0.575241 2.764446 -2.153387
v 0.131972 3.358922 -1.274580
v -0.413170 3.405925 -2.262051
v -0.104627 2.773087 -1.206800
v -0.044772 3.461638 -1.805445
v -0.553426 2.972065 -2.195525
v -0.667937 3.128724 -2.353034
v -0.565183 3.242521 -2.321246
v 0.061668 2.894079 -1.123408
v 0.114887 3.105906 -1.015041
v 0.134163 3.240710 -1.090341
v 0.094282 3.435068 -1.530114
v -0.206199 3.452953 -2.069482
v 0.072287 3.443832 -1.639156
v -0.124896 3.455569 -1.993103
v -0.453233 2.687422 -2.044038
v -0.134034 2.678407 -1.389537
v -0.303628 2.689373 -1.686846
v -0.365514 2.688536 -1.834846
v -0.084834 3.458603 -1.899274
v -0.210509 2.679309 -1.556608
v 0.013757 3.452735 -1.722300
v -0.099588 3.350100 -2.339483
v 0.197078 2.639859 -1.409031
v -0.314306 2.673384 -2.301773
v 0.370888 3.302673 -1.392200
v 0.051182 3.423429 -1.898575
v 0.314841 2.799327 -1.319627
v 0.460894 2.919709 -1.217692
v 0.499498 3.116870 -1.268240
v -0.286767 2.835137 -2.399526
v -0.271787 2.987580 -2.601948
v -0.259926 3.174237 -2.532096
v -0.011006 3.381026 -2.211582
v 0.243050 3.383151 -1.614713
v -0.027271 3.421499 -2.048620
v 0.169912 3.409762 -1.694672
v 0.036096 2.615683 -1.513652
v -0.273915 2.634136 -2.070128
v -0.087676 2.614009 -1.809651
v -0.180796 2.624073 -1.939889
v 0.057283 3.411597 -1.958944
v -0.025790 2.614846 -1.661652
v 0.131248 3.411733 -1.789114
v -0.648563 2.729684 -2.228130
v -1.039664 3.574590 -2.242448
v -0.903354 2.752887 -1.667640
v -1.184543 3.577681 -1.949351
v -1.419825 2.643861 -2.724454
v -1.369079 3.544521 -2.404963
v -1.849981 2.648151 -1.963402
v -1.513958 3.547612 -2.111866
v -1.488545 2.690017 -1.586803
v -1.378600 3.550259 -1.866806
v -0.900655 2.685102 -2.605717
v -1.027597 3.546584 -2.491694
v -0.559581 2.740310 -1.899500
v -0.808785 3.582161 -2.035074
v -1.762609 2.632069 -2.457873
v -1.682352 3.508867 -2.322001
v -1.212005 3.576977 -2.193327
v -0.801835 3.495255 -1.783483
v -0.522610 2.951014 -2.318018
v -0.406299 3.098781 -2.329647
v -0.417536 3.330573 -2.395975
v -0.860593 3.368926 -1.505000
v -0.876060 3.097084 -1.377133
v -0.914086 2.948429 -1.524022
v -2.005930 3.243899 -1.876510
v -2.109987 3.033990 -1.917279
v -1.975236 2.839230 -1.988822
v -1.524996 3.229588 -2.939990
v -1.575015 3.024484 -2.956946
v -1.573910 2.829596 -2.824684
v -0.896530 3.275090 -2.895063
v -0.873992 3.044911 -2.898158
v -0.914623 2.908254 -2.790515
v -1.592681 3.280633 -1.501108
v -1.578802 3.084870 -1.428586
v -1.536450 2.845520 -1.518472
v -2.058637 3.150418 -2.599123
v -2.090234 3.005995 -2.573382
v -1.970745 2.870689 -2.436736
v -0.452341 3.368989 -1.730099
v -0.397253 3.160531 -1.738163
v -0.522895 2.948273 -1.798030
v -0.651960 3.538859 -1.868055
v -1.002892 3.499610 -1.604039
v -1.544079 3.485794 -1.621474
v -1.905212 3.446266 -1.999119
v -1.890758 3.425781 -2.479207
v -1.516804 3.394236 -2.776790
v -0.986841 3.442662 -2.743008
v -0.637506 3.518374 -2.348144
v -1.031433 3.586015 -1.999890
v -1.134992 3.568799 -1.829225
v -1.378732 3.563275 -1.970966
v -1.636976 3.522977 -2.076875
v -1.508551 3.539948 -2.291483
v -1.424316 3.501256 -2.503916
v -1.174890 3.558927 -2.383348
v -0.914215 3.564089 -2.275866
v -0.838998 2.643456 -2.237792
v -1.066777 2.648315 -1.776986
v -1.366270 2.591972 -2.572867
v -1.627135 2.597061 -2.055777
v -1.425746 2.621449 -1.822221
v -1.094901 2.614511 -2.488873
v -0.847500 2.655506 -1.955397
v -1.576180 2.588991 -2.314886
v -1.211840 2.622248 -2.135141
v -1.813804 2.656039 -2.265482
v -0.783121 2.734633 -1.680684
v -1.897985 3.436023 -2.239163
v -1.328188 3.568204 -2.074331
v -1.945225 2.830887 -2.221648
v -2.189448 3.062318 -2.182148
v -2.049450 3.248735 -2.334717
v -0.778319 2.938870 -1.613173
v -0.604748 3.156175 -1.514631
v -0.665347 3.348990 -1.601225
v -1.028724 3.572283 -1.915688
v -1.632855 3.517138 -2.213732
v -1.111993 3.572877 -2.010482
v -1.511255 3.543779 -2.201675
v -1.520172 2.597425 -2.213053
v -0.935045 2.653822 -1.857634
v -1.291960 2.623958 -1.973055
v -0.613334 2.745852 -2.026915
v -1.675565 3.364882 -2.676843
v -1.267152 3.562613 -2.293665
v -0.596030 3.529603 -2.161362
v -1.649135 2.633779 -2.595145
v -0.472805 2.916161 -2.153073
v -0.306851 3.182019 -2.101768
v -0.427113 3.344146 -2.077855
v -1.772454 2.823865 -2.645727
v -1.897220 3.007561 -2.836848
v -1.853195 3.213449 -2.793113
v -1.522467 3.514783 -2.437053
v -0.879028 3.570162 -2.194565
v -1.441163 3.537312 -2.342552
v -1.018883 3.578993 -2.176185
v -0.843249 2.649481 -2.096595
v -1.134302 2.620356 -2.297330
v -1.446447 2.591800 -2.452732
v -1.229029 2.709269 -1.557916
v -0.810431 3.451970 -2.543827
v -1.297203 3.479538 -1.562245
v -0.694399 2.733717 -2.436720
v -1.161358 3.577694 -2.120262
v -1.228392 2.953133 -1.525306
v -1.231487 3.121763 -1.314423
v -1.262503 3.268734 -1.411931
v -0.731232 2.897101 -2.619326
v -0.602158 3.139557 -2.681953
v -0.657033 3.302831 -2.645519
v -1.017248 3.552155 -2.383222
v -1.282951 3.557822 -1.845694
v -1.107277 3.566758 -2.312898
v -1.281638 3.570478 -1.960159
v -1.258398 2.636631 -1.741768
v -0.887445 2.635271 -2.345774
v -1.029670 2.638877 -2.045269
v -1.124549 2.637934 -1.919623
v -1.221498 3.574086 -2.040211
v -0.987485 2.635010 -2.196911
v -1.134317 3.572227 -2.216580
v -1.703347 3.483932 -1.856781
v -1.244484 2.657997 -2.679713
v -1.669263 2.669084 -1.775102
v -1.185730 3.444531 -2.745664
v -1.365198 3.560712 -2.184523
v -1.215209 2.855125 -2.808907
v -1.212963 3.012321 -2.979021
v -1.240925 3.248276 -2.961684
v -1.747187 2.866473 -1.732696
v -1.925559 3.059403 -1.634589
v -1.804399 3.268279 -1.643353
v -1.646100 3.525984 -1.995575
v -1.268240 3.529243 -2.507047
v -1.446345 3.555443 -2.041416
v -1.271984 3.551724 -2.394155
v -1.204252 2.607506 -2.476305
v -1.478381 2.613354 -1.921730
v -1.394010 2.605620 -2.225014
v -1.436196 2.609487 -2.073372
v -1.438263 3.553409 -2.167058
v -1.299131 2.606563 -2.350660
v -1.332541 3.554132 -2.314372
v 1.266378 3.096581 0.086109
v 1.409783 3.889633 -0.189985
v 1.253054 3.020867 -0.464990
v 1.414709 3.843843 -0.481635
v 2.132202 3.247888 0.188168
v 1.759550 3.948760 -0.193361
v 2.166100 3.156316 -0.617128
v 1.764475 3.902969 -0.485012
v 1.729391 3.030553 -0.761235
v 1.551969 3.828200 -0.622887
v 1.632179 3.188308 0.331289
v 1.505235 3.922358 0.015887
v 1.057938 3.015644 -0.138074
v 1.130495 3.814420 -0.259379
v 2.293890 3.279580 -0.208100
v 1.999200 3.942852 -0.382977
v 1.535221 3.904673 -0.300322
v 1.044242 3.678609 -0.442136
v 1.145357 3.292101 0.176146
v 1.018082 3.406639 0.211386
v 1.001153 3.625236 0.224582
v 1.011756 3.511572 -0.667399
v 1.035859 3.247478 -0.734236
v 1.160353 3.158396 -0.611886
v 2.155449 3.653722 -0.828835
v 2.307406 3.495813 -0.808404
v 2.266493 3.324301 -0.667263
v 2.176075 3.823553 0.211366
v 2.271820 3.656505 0.234616
v 2.264010 3.423863 0.234436
v 1.617068 3.762959 0.428821
v 1.651733 3.560524 0.474845
v 1.666705 3.427722 0.438145
v 1.648585 3.538243 -0.959829
v 1.652604 3.349108 -0.982188
v 1.707190 3.156349 -0.858111
v 2.509039 3.750420 -0.266379
v 2.558391 3.623393 -0.278248
v 2.441636 3.436533 -0.272005
v 0.756612 3.506549 -0.321057
v 0.760817 3.319518 -0.260895
v 0.939145 3.167147 -0.233961
v 0.941412 3.715080 -0.319950
v 1.141582 3.668721 -0.667487
v 1.608711 3.737924 -0.875293
v 2.073092 3.844080 -0.720577
v 2.256744 3.937434 -0.332648
v 2.066636 3.926931 0.061434
v 1.594587 3.885537 0.246547
v 1.125064 3.808433 0.067978
v 1.303633 3.841188 -0.379722
v 1.327048 3.800741 -0.554646
v 1.590594 3.864088 -0.542671
v 1.860045 3.890843 -0.559792
v 1.833186 3.937896 -0.339874
v 1.855467 3.942378 -0.131646
v 1.583665 3.928514 -0.132326
v 1.319543 3.870520 -0.110210
v 1.450705 3.051083 0.027883
v 1.458448 2.979092 -0.430649
v 2.049446 3.157073 0.178764
v 2.009186 3.020846 -0.517567
v 1.744866 2.976969 -0.554325
v 1.751164 3.067916 0.274608
v 1.342678 2.996171 -0.200303
v 2.175126 3.010264 -0.237176
v 1.733299 2.935575 -0.232911
v 2.226003 3.222295 -0.434675
v 1.160872 2.990958 -0.402296
v 2.164919 3.890757 -0.526613
v 1.587949 3.885544 -0.440940
v 2.336837 3.385695 -0.530701
v 2.473536 3.594199 -0.636409
v 2.373575 3.772171 -0.485900
v 1.083378 3.151774 -0.484002
v 0.848022 3.292583 -0.522406
v 0.889734 3.489130 -0.507808
v 1.270942 3.809019 -0.443014
v 1.912398 3.917455 -0.449206
v 1.378879 3.843750 -0.402694
v 1.798831 3.920433 -0.412443
v 2.055633 2.984714 -0.383449
v 1.378061 2.984127 -0.313385
v 1.667267 2.987939 -0.416564
v 1.152810 3.058161 -0.060549
v 2.154931 3.945868 -0.106066
v 1.625026 3.923711 -0.241779
v 1.013094 3.768236 -0.063971
v 2.279388 3.242348 -0.023393
v 1.045554 3.215836 0.071733
v 0.824375 3.411046 0.060234
v 0.879460 3.563377 -0.032470
v 2.404927 3.460738 -0.020178
v 2.499954 3.659384 0.009212
v 2.398429 3.821652 -0.037767
v 1.908646 3.952344 -0.226988
v 1.256065 3.851612 -0.160741
v 1.797215 3.938049 -0.271331
v 1.364842 3.874872 -0.234351
v 1.396691 3.023627 -0.086210
v 1.721600 2.891051 0.065002
v 2.100454 3.015719 0.017061
v 1.494336 3.003497 -0.679666
v 1.364164 3.821525 0.160853
v 1.378061 3.683355 -0.819096
v 1.387236 3.155801 0.231197
v 1.463189 3.880853 -0.337166
v 1.425225 3.207559 -0.741446
v 1.305421 3.304760 -0.934268
v 1.336945 3.459843 -0.892009
v 1.453821 3.346037 0.335773
v 1.314493 3.553037 0.402440
v 1.309110 3.694098 0.326701
v 1.452028 3.900145 -0.066278
v 1.461061 3.816167 -0.601151
v 1.496724 3.909073 -0.161155
v 1.502651 3.853965 -0.512153
v 1.608912 2.987934 -0.535884
v 1.536486 3.076337 0.094307
v 1.536102 3.028869 -0.202170
v 1.566407 3.011938 -0.340399
v 1.482920 3.867409 -0.424660
v 1.541595 2.981996 -0.065097
v 1.479956 3.894963 -0.249161
v 1.837346 3.814480 -0.755112
v 1.935278 3.209145 0.310098
v 1.961767 3.082515 -0.684179
v 1.763182 3.916120 0.166182
v 1.664795 3.910291 -0.368149
v 1.938285 3.430691 0.383772
v 1.977628 3.599569 0.403452
v 1.940555 3.804435 0.343086
v 1.954579 3.224397 -0.810273
v 2.033287 3.424958 -0.959092
v 1.886845 3.591214 -0.933207
v 1.834688 3.875584 -0.628175
v 1.718527 3.945195 -0.068850
v 1.677535 3.883529 -0.513841
v 1.671607 3.938637 -0.162843
v 1.844447 3.130407 0.250716
v 1.826484 2.986681 -0.489368
v 1.964001 2.925707 -0.198954
v 1.833713 2.980366 -0.379570
v 1.721209 3.910237 -0.411036
v 1.929821 2.933365 0.020487
v 1.690426 3.930542 -0.251192
v -0.632032 3.340415 0.816670
v -0.608984 4.055143 0.353685
v -1.104765 3.294116 0.526842
v -0.853957 4.021376 0.192351
v -0.050765 3.201202 0.164208
v -0.410961 3.998720 0.064812
v -0.708748 3.134422 -0.305511
v -0.655935 3.964953 -0.096522
v -1.088103 3.161396 -0.018006
v -0.898688 3.967826 0.007503
v -0.215742 3.300184 0.651076
v -0.382793 4.047542 0.390359
v -0.944287 3.339441 0.869134
v -0.831911 4.076459 0.549451
v -0.280039 3.194319 -0.198506
v -0.437976 3.923297 -0.230150
v -0.628253 4.033244 0.188506
v -1.056544 3.982689 0.543876
v -0.581530 3.560880 0.915794
v -0.596523 3.708831 1.007692
v -0.547726 3.920586 0.975692
v -1.293658 3.843707 0.479370
v -1.392137 3.588648 0.485770
v -1.244687 3.459656 0.480969
v -0.779785 3.616529 -0.539760
v -0.715495 3.417478 -0.608242
v -0.659422 3.262979 -0.453332
v 0.115874 3.730842 0.004311
v 0.150272 3.541117 -0.016515
v 0.095757 3.323534 0.045684
v -0.020436 3.844996 0.580363
v -0.007939 3.640566 0.628859
v -0.058446 3.511509 0.628069
v -1.183947 3.675294 -0.192477
v -1.240800 3.495914 -0.162829
v -1.151881 3.291251 -0.087088
v -0.110352 3.572811 -0.513667
v -0.120890 3.437211 -0.528301
v -0.218862 3.297736 -0.388532
v -1.149570 3.907786 0.879630
v -1.138601 3.727186 0.956319
v -1.053640 3.524645 0.869703
v -1.004355 4.045600 0.685834
v -1.190050 3.950634 0.340148
v -1.093409 3.873807 -0.160790
v -0.694757 3.818979 -0.458996
v -0.259669 3.833417 -0.400502
v -0.042885 3.869572 -0.022019
v -0.154672 3.975159 0.462920
v -0.569267 4.060039 0.744328
v -0.831164 4.050696 0.338474
v -0.969893 4.011580 0.228898
v -0.804795 3.986293 0.015084
v -0.668133 3.925600 -0.211305
v -0.493152 3.970356 -0.074637
v -0.310466 3.959477 0.027259
v -0.460123 4.033803 0.242078
v -0.596586 4.063036 0.474750
v -0.590220 3.240310 0.650336
v -0.975366 3.187222 0.396686
v -0.122502 3.142258 0.245223
v -0.741154 3.052917 -0.092924
v -0.922672 3.097819 0.102465
v -0.223947 3.150178 0.554664
v -0.846146 3.231816 0.615928
v -0.425664 2.978827 -0.057660
v -0.675808 3.050101 0.307246
v -0.513585 3.170610 -0.262698
v -1.109664 3.293072 0.642158
v -0.477213 3.826198 -0.429749
v -0.718661 4.003558 0.070757
v -0.497045 3.293224 -0.444073
v -0.464765 3.450561 -0.662105
v -0.357431 3.645341 -0.540206
v -1.183246 3.473263 0.616480
v -1.310708 3.683643 0.743712
v -1.233999 3.855625 0.672142
v -0.907269 4.033192 0.335149
v -0.544104 3.929716 -0.194631
v -0.808887 4.029797 0.265925
v -0.574543 3.967655 -0.085580
v -0.614648 2.998672 -0.042882
v -0.921904 3.213361 0.525902
v -0.849722 3.127894 0.239920
v -0.820921 3.346192 0.829716
v -0.127878 3.865489 -0.192225
v -0.528148 4.020137 0.147740
v -0.745689 4.063059 0.765059
v -0.145295 3.156703 -0.071453
v -0.736744 3.524811 0.951672
v -0.822919 3.781074 1.070257
v -0.836026 3.911018 0.936932
v -0.028092 3.322824 -0.220222
v 0.089788 3.479078 -0.325309
v 0.031908 3.667046 -0.312536
v -0.357450 3.955444 -0.071704
v -0.675979 4.067493 0.499593
v -0.456582 3.979451 -0.007021
v -0.672493 4.057327 0.366641
v -0.718183 3.236063 0.633132
v -0.448847 3.000361 0.499304
v -0.257381 2.998294 0.146165
v -1.153804 3.208281 0.218895
v -0.362201 3.991978 0.608470
v -1.183357 3.894214 0.064660
v -0.436020 3.352031 0.792010
v -0.702147 4.035282 0.229115
v -1.197311 3.425930 0.187748
v -1.397937 3.563787 0.146202
v -1.313097 3.698759 0.108579
v -0.273953 3.506604 0.754579
v -0.249867 3.744709 0.851691
v -0.284081 3.882791 0.778028
v -0.483165 4.046776 0.389713
v -0.932435 3.984849 0.093833
v -0.534554 4.044473 0.297882
v -0.829376 4.003835 0.103718
v -0.978360 3.151215 0.216446
v -0.484513 3.234076 0.615759
v -0.736637 3.200614 0.456178
v -0.836678 3.180129 0.356758
v -0.765762 4.019558 0.166416
v -0.632053 3.149266 0.542446
v -0.618350 4.039877 0.263498
v -0.856023 3.868114 -0.288046
v -0.065586 3.223226 0.397537
v -0.889164 3.132877 -0.167158
v -0.122956 3.952940 0.277668
v -0.612677 3.999476 0.046948
v 0.043864 3.429048 0.384237
v 0.117475 3.575420 0.324137
v 0.092517 3.783472 0.268641
v -0.965220 3.274240 -0.268716
v -1.000972 3.444360 -0.464541
v -1.022740 3.647763 -0.375609
v -0.740799 3.921930 -0.227376
v -0.332284 4.003787 0.169612
v -0.730365 3.975624 -0.040719
v -0.435542 4.016262 0.153445
v -0.179801 3.180213 0.453043
v -0.823751 3.078277 0.074041
v -0.526236 2.965270 0.149431
v -0.731722 3.065784 0.133390
v -0.617323 3.982919 -0.021799
v -0.364076 2.975127 0.301049
v -0.499191 4.005925 0.089671
v -1.098189 3.014441 -0.794796
v -1.138938 3.681113 -0.994816
v -0.971191 2.976262 -1.220400
v -1.053816 3.654488 -1.244110
v -0.583578 3.167809 -0.555557
v -0.897207 3.749797 -0.919612
v -0.352079 3.112381 -1.141380
v -0.812085 3.723172 -1.168906
v -0.599373 3.017422 -1.352340
v -0.916217 3.654674 -1.334516
v -0.916862 3.090221 -0.566379
v -1.127397 3.705895 -0.796537
v -1.168448 2.951744 -1.008257
v -1.308235 3.605919 -1.116544
v -0.381445 3.170983 -0.787162
v -0.675568 3.765606 -1.028677
v -1.024077 3.704685 -1.061681
v -1.296748 3.496160 -1.291511
v -1.292913 3.161862 -0.731561
v -1.418341 3.247349 -0.731429
v -1.480610 3.425410 -0.726739
v -1.229149 3.365390 -1.490527
v -1.138752 3.152343 -1.539171
v -1.059559 3.081821 -1.404636
v -0.390769 3.553460 -1.373387
v -0.251870 3.431725 -1.319476
v -0.279575 3.283360 -1.204998
v -0.668072 3.655954 -0.475725
v -0.568662 3.523396 -0.431946
v -0.513975 3.360849 -0.495876
v -1.113840 3.566247 -0.413857
v -1.056741 3.400300 -0.363792
v -0.990755 3.290998 -0.426949
v -0.701266 3.434442 -1.598929
v -0.652402 3.280172 -1.614799
v -0.602137 3.120448 -1.493193
v -0.293520 3.632463 -0.810841
v -0.227657 3.531404 -0.808270
v -0.272798 3.388727 -0.867158
v -1.498244 3.333971 -1.249932
v -1.469999 3.178412 -1.194770
v -1.314770 3.062495 -1.129386
v -1.409152 3.515747 -1.210021
v -1.168625 3.501872 -1.463373
v -0.793675 3.593040 -1.537770
v -0.517815 3.701103 -1.301272
v -0.500098 3.774041 -0.927210
v -0.732623 3.740089 -0.630790
v -1.111504 3.672308 -0.577395
v -1.391435 3.588686 -0.835959
v -1.158842 3.642218 -1.181417
v -1.090180 3.616757 -1.326153
v -0.915629 3.683412 -1.257237
v -0.721814 3.721423 -1.211553
v -0.805457 3.750461 -1.028956
v -0.841497 3.747778 -0.844783
v -1.035394 3.720872 -0.906485
v -1.219894 3.657330 -0.946262
v -0.957299 2.992382 -0.801898
v -0.837717 2.954978 -1.152115
v -0.607673 3.101057 -0.642469
v -0.470168 3.059704 -1.036185
v -0.609190 3.003490 -1.170144
v -0.783019 3.057447 -0.663302
v -0.966611 2.954046 -0.998505
v -0.488814 3.089805 -0.849859
v -0.725398 2.995399 -0.920559
v -0.364492 3.162126 -0.930570
v -1.038968 2.947549 -1.190416
v -0.508957 3.737572 -1.114241
v -0.947166 3.697149 -1.170560
v -0.287202 3.315706 -1.020054
v -0.194802 3.515713 -1.135269
v -0.342358 3.650628 -1.030601
v -1.145406 3.067291 -1.311849
v -1.336680 3.170872 -1.399814
v -1.352070 3.334129 -1.380406
v -1.160087 3.616251 -1.242840
v -0.716764 3.742215 -1.104920
v -1.099192 3.649467 -1.184250
v -0.808771 3.736816 -1.098931
v -0.529393 3.069034 -0.912638
v -0.916529 2.950722 -1.078196
v -0.683336 2.982243 -1.043746
v -1.132165 2.985250 -0.930016
v -0.619304 3.729280 -0.728260
v -0.977454 3.723309 -0.991293
v -1.431540 3.554110 -0.974245
v -0.445812 3.176762 -0.676565
v -1.323261 3.097353 -0.842935
v -1.522512 3.245433 -0.905257
v -1.492350 3.377079 -0.974602
v -0.384377 3.359079 -0.665021
v -0.348443 3.547076 -0.574523
v -0.445184 3.676248 -0.639965
v -0.781621 3.762501 -0.914974
v -1.249432 3.640025 -1.003819
v -0.848429 3.746015 -0.978081
v -1.157443 3.668048 -1.042942
v -0.961955 2.973214 -0.900201
v -0.765828 3.008873 -0.797656
v -0.563395 3.093750 -0.736630
v -0.764389 2.982882 -1.336664
v -1.243763 3.609704 -0.702276
v -0.963029 3.532975 -1.540711
v -1.063120 3.059316 -0.659557
v -1.062134 3.682355 -1.109325
v -0.846189 3.142096 -1.457045
v -0.906381 3.222138 -1.651278
v -0.927093 3.349748 -1.609821
v -1.120119 3.217942 -0.525318
v -1.281790 3.377518 -0.502063
v -1.297225 3.495829 -0.570298
v -1.141000 3.687624 -0.878960
v -0.984891 3.638795 -1.336155
v -1.087166 3.700993 -0.950651
v -0.984723 3.668950 -1.250673
v -0.718811 2.972605 -1.202824
v -0.921165 3.013120 -0.733825
v -0.844848 2.961459 -0.957720
v -0.791593 2.955114 -1.057716
v -1.023428 3.675653 -1.179999
v -0.863551 2.977621 -0.846975
v -1.074650 3.691674 -1.029988
v -0.673880 3.664578 -1.383774
v -0.696380 3.140959 -0.562424
v -0.475726 3.064901 -1.246860
v -0.976057 3.710013 -0.608935
v -0.914662 3.719197 -1.090907
v -0.767826 3.311185 -0.452924
v -0.811285 3.453621 -0.352247
v -0.867120 3.621953 -0.415230
v -0.455271 3.213423 -1.368297
v -0.398351 3.363386 -1.510059
v -0.546430 3.490592 -1.522974
v -0.720107 3.709949 -1.275925
v -0.956818 3.739957 -0.821660
v -0.863857 3.703292 -1.213071
v -0.966301 3.735334 -0.913049
v -0.714772 3.068555 -0.687029
v -0.570857 3.023540 -1.108511
v -0.605949 3.029338 -0.883398
v -0.587246 3.013176 -0.994143
v -0.863205 3.723952 -1.115093
v -0.659203 3.035684 -0.783402
v -0.929190 3.733004 -0.984734
v 0.224871 3.207684 0.353550
v 0.493561 3.851046 0.356919
v 0.438252 3.205333 -0.037842
v 0.626456 3.841267 0.128128
v 0.673845 3.070278 0.707279
v 0.713258 3.791093 0.487095
v 1.016711 3.039895 0.176834
v 0.846153 3.781313 0.258304
v 0.818947 3.106735 -0.089806
v 0.772936 3.800005 0.065297
v 0.352240 3.149122 0.620279
v 0.459444 3.827574 0.552743
v 0.196805 3.226460 0.122699
v 0.348200 3.883263 0.192707
v 0.916854 3.032247 0.522864
v 0.945140 3.730829 0.424902
v 0.622312 3.835411 0.319526
v 0.364464 3.817428 -0.002724
v 0.090619 3.408812 0.425477
v 0.011571 3.538285 0.430784
v 0.022068 3.720652 0.478086
v 0.429065 3.713660 -0.217984
v 0.442237 3.497286 -0.312513
v 0.449491 3.373717 -0.194096
v 1.211060 3.490859 0.083373
v 1.273791 3.312762 0.120322
v 1.162472 3.171368 0.179483
v 0.760901 3.519202 0.913886
v 0.787309 3.350811 0.931714
v 0.791958 3.197367 0.832052
v 0.315380 3.621519 0.873549
v 0.290036 3.440925 0.880544
v 0.324510 3.329147 0.799259
v 0.952184 3.566989 -0.214335
v 0.941778 3.413592 -0.267248
v 0.893356 3.226920 -0.192180
v 1.174698 3.403879 0.651940
v 1.194373 3.286060 0.634941
v 1.116661 3.192387 0.529831
v 0.113660 3.754159 -0.044305
v 0.065272 3.594181 -0.034078
v 0.141558 3.411772 0.018030
v 0.250160 3.866909 0.061658
v 0.526669 3.801650 -0.142098
v 0.913370 3.733912 -0.124539
v 1.134466 3.660987 0.174637
v 1.076353 3.641449 0.551198
v 0.777296 3.652523 0.782558
v 0.401590 3.746753 0.751552
v 0.192047 3.847370 0.438219
v 0.511799 3.863396 0.166542
v 0.602248 3.840583 0.033839
v 0.763348 3.809300 0.146660
v 0.937037 3.749222 0.232209
v 0.824411 3.774004 0.399189
v 0.741618 3.749952 0.565900
v 0.576367 3.823060 0.468564
v 0.399733 3.855485 0.382486
v 0.343358 3.128577 0.363032
v 0.530054 3.114839 0.041619
v 0.650915 3.039782 0.601759
v 0.863783 3.023615 0.241126
v 0.755698 3.061822 0.075929
v 0.484762 3.081885 0.540910
v 0.373902 3.138846 0.165113
v 0.808148 3.020345 0.422414
v 0.582122 3.054575 0.289661
v 0.967360 3.046193 0.388007
v 0.359276 3.203488 -0.029091
v 1.105410 3.651218 0.362917
v 0.717106 3.817475 0.227226
v 1.117820 3.165562 0.361915
v 1.306091 3.324334 0.327845
v 1.197725 3.485598 0.442653
v 0.342836 3.379430 -0.124941
v 0.236080 3.571246 -0.207782
v 0.278573 3.717276 -0.143469
v 0.517556 3.853604 0.100818
v 0.920471 3.743652 0.339554
v 0.568155 3.844427 0.175650
v 0.835282 3.777658 0.328746
v 0.781367 3.032470 0.350616
v 0.438604 3.130340 0.097206
v 0.647791 3.049743 0.176606
v 0.220382 3.224243 0.212141
v 0.900037 3.613589 0.705893
v 0.651583 3.817233 0.398822
v 0.180932 3.862486 0.291334
v 0.832051 3.042843 0.618281
v 0.069613 3.387961 0.296595
v -0.034422 3.617095 0.249829
v 0.060575 3.733599 0.228567
v 0.951923 3.173831 0.693249
v 1.029961 3.304868 0.840094
v 1.010509 3.473520 0.801304
v 0.819214 3.751104 0.513878
v 0.382627 3.864799 0.318413
v 0.770888 3.778447 0.438814
v 0.485274 3.857377 0.304761
v 0.358630 3.133711 0.264072
v 0.518095 3.059035 0.402807
v 0.712892 3.033236 0.518116
v 0.655478 3.144907 -0.111935
v 0.294640 3.774574 0.594089
v 0.741498 3.755342 -0.172475
v 0.236221 3.204413 0.499816
v 0.593084 3.842003 0.261914
v 0.675430 3.344579 -0.191088
v 0.704751 3.480359 -0.359791
v 0.723156 3.592942 -0.286183
v 0.209020 3.341161 0.664105
v 0.119451 3.546710 0.707352
v 0.168724 3.671085 0.675817
v 0.462826 3.834161 0.467551
v 0.706550 3.816226 0.047959
v 0.534964 3.837053 0.412742
v 0.694902 3.825284 0.137394
v 0.655783 3.088952 0.018314
v 0.364755 3.117280 0.439086
v 0.473560 3.084200 0.225336
v 0.545433 3.075782 0.137935
v 0.643993 3.833643 0.199654
v 0.433089 3.084049 0.331343
v 0.564024 3.839528 0.337328
v 1.004755 3.713442 0.060969
v 0.565641 3.097095 0.674643
v 0.917829 3.073315 0.043514
v 0.544338 3.727417 0.754923
v 0.732643 3.806556 0.313983
v 0.536693 3.255316 0.816770
v 0.524487 3.378781 0.946846
v 0.555344 3.563539 0.928607
v 1.024667 3.219408 -0.023319
v 1.169864 3.355051 -0.102970
v 1.089958 3.533622 -0.101193
v 0.951659 3.751466 0.168495
v 0.630220 3.788481 0.566737
v 0.804750 3.795307 0.202482
v 0.644812 3.807076 0.477830
v 0.555841 3.066806 0.532891
v 0.780528 3.050272 0.146073
v 0.690683 3.024950 0.353986
v 0.731154 3.025101 0.247979
v 0.786580 3.793286 0.300934
v 0.618810 3.033368 0.441387
v 0.696225 3.803452 0.415660
v 0.431608 3.323642 -1.390176
v 0.135169 4.276842 -1.088316
v 0.822905 3.414000 -0.829024
v 0.333773 4.314384 -0.782952
v -0.479864 3.202849 -0.922171
v -0.207063 4.237565 -0.860906
v 0.005259 3.297898 -0.077017
v -0.008460 4.275106 -0.555542
v 0.570641 3.370807 -0.214847
v 0.304131 4.298330 -0.547174
v -0.072061 3.244095 -1.357965
v -0.095437 4.220189 -1.238996
v 0.797434 3.365647 -1.290421
v 0.465782 4.298704 -1.193662
v -0.418760 3.227487 -0.440125
v -0.303840 4.216202 -0.509465
v 0.083732 4.289971 -0.894738
v 0.717562 4.226854 -1.050909
v 0.401692 3.557354 -1.579825
v 0.446611 3.717214 -1.710039
v 0.360215 3.969363 -1.755075
v 0.960402 4.115858 -0.826547
v 1.093473 3.826093 -0.717766
v 0.941046 3.646804 -0.752698
v -0.042125 3.975900 0.075438
v -0.126028 3.741094 0.169052
v -0.104121 3.512420 0.014113
v -0.788093 3.837667 -0.989223
v -0.818580 3.608876 -0.934518
v -0.677215 3.404824 -0.845264
v -0.389059 3.872739 -1.572415
v -0.363018 3.615052 -1.577733
v -0.273231 3.474795 -1.466837
v 0.552069 4.041305 -0.112550
v 0.643399 3.829866 -0.069385
v 0.598019 3.552598 -0.142248
v -0.759937 3.800767 -0.276013
v -0.743134 3.643333 -0.219626
v -0.534096 3.502357 -0.246558
v 0.977379 4.080209 -1.347188
v 1.015720 3.845196 -1.388371
v 0.901301 3.606545 -1.284616
v 0.718880 4.262165 -1.246574
v 0.774788 4.256192 -0.755975
v 0.449811 4.256410 -0.243727
v -0.116567 4.185991 -0.106966
v -0.568120 4.114458 -0.391372
v -0.638161 4.037385 -0.917583
v -0.306317 4.077759 -1.412486
v 0.267327 4.190632 -1.530980
v 0.372109 4.313684 -0.959664
v 0.478117 4.314957 -0.761875
v 0.203070 4.302384 -0.607109
v -0.043399 4.255103 -0.415331
v -0.177402 4.248343 -0.661948
v -0.330658 4.181156 -0.860402
v -0.076361 4.249564 -1.036749
v 0.175472 4.257749 -1.227208
v 0.319570 3.232640 -1.205513
v 0.631814 3.291663 -0.725420
v -0.299990 3.158502 -0.883727
v 0.047410 3.224497 -0.339898
v 0.385148 3.268688 -0.403337
v -0.065832 3.183359 -1.099164
v 0.585180 3.274718 -1.038221
v -0.171853 3.187834 -0.535178
v 0.206664 3.231276 -0.786699
v -0.264850 3.275184 -0.283682
v 0.880346 3.388476 -0.950736
v -0.342343 4.150225 -0.249169
v 0.132294 4.295874 -0.714745
v -0.310079 3.478765 -0.146084
v -0.427887 3.748623 0.093202
v -0.507553 3.936659 -0.142745
v 0.933632 3.622831 -0.933186
v 1.112237 3.869456 -1.061564
v 0.980901 4.077694 -1.067492
v 0.455517 4.306745 -0.913467
v -0.172121 4.234711 -0.496406
v 0.316827 4.300557 -0.887071
v -0.092931 4.261724 -0.608745
v -0.042608 3.205668 -0.532049
v 0.629207 3.285472 -0.898392
v 0.316494 3.252037 -0.617830
v 0.643921 3.360753 -1.311323
v -0.630783 4.019792 -0.705772
v -0.043169 4.265646 -0.897382
v 0.469687 4.220584 -1.465933
v -0.485933 3.211960 -0.627313
v 0.591062 3.533464 -1.531542
v 0.716528 3.829726 -1.683185
v 0.659426 4.016763 -1.566620
v -0.618313 3.422786 -0.552230
v -0.886095 3.612416 -0.554905
v -0.833358 3.844964 -0.588724
v -0.323444 4.206107 -0.729073
v 0.273259 4.271558 -1.215485
v -0.187780 4.238110 -0.755564
v 0.210395 4.287742 -1.071114
v 0.452375 3.253679 -1.121867
v 0.095273 3.210383 -0.953127
v -0.230365 3.172953 -0.738431
v 0.745314 3.386844 -0.449847
v -0.014817 4.102483 -1.470171
v 0.648200 4.247458 -0.447351
v 0.204735 3.308656 -1.464589
v 0.182815 4.296484 -0.902145
v 0.759910 3.662011 -0.451191
v 0.948926 3.871320 -0.341973
v 0.827221 4.026396 -0.378955
v -0.003203 3.473670 -1.545496
v -0.006627 3.733576 -1.724364
v -0.014422 3.921051 -1.663745
v 0.014300 4.236964 -1.187918
v 0.378530 4.305814 -0.627894
v 0.029404 4.263203 -1.062533
v 0.268422 4.308384 -0.695031
v 0.556991 3.288324 -0.520052
v 0.188721 3.214221 -1.219427
v 0.395922 3.252996 -0.912460
v 0.462495 3.267613 -0.749825
v 0.225618 4.302434 -0.798588
v 0.274604 3.232097 -1.038718
v 0.106109 4.279844 -0.982339
v 0.132875 4.235808 -0.223609
v -0.337692 3.217477 -1.066739
v 0.287950 3.334352 -0.145932
v -0.422631 4.085962 -1.222654
v 0.005807 4.277638 -0.740976
v -0.458911 3.423358 -1.183680
v -0.632086 3.581473 -1.294645
v -0.647947 3.847205 -1.276487
v 0.270333 3.561206 -0.062426
v 0.249154 3.791908 0.149712
v 0.295312 4.020037 0.011637
v 0.029287 4.266916 -0.360704
v -0.246458 4.207037 -1.014646
v 0.097305 4.288745 -0.581325
v -0.141712 4.243565 -0.948827
v -0.115741 3.180321 -0.986209
v 0.260041 3.251354 -0.408423
v 0.017405 3.209555 -0.660939
v 0.138723 3.230454 -0.534681
v -0.018646 4.273595 -0.660158
v -0.049168 3.194938 -0.823574
v -0.099827 4.256209 -0.845496
v 0.491741 3.299519 -1.455948
v 0.831406 3.766565 -1.793835
v 0.856162 3.065546 -1.592767
v 1.027778 3.641979 -1.857231
v 0.758683 3.645489 -1.017529
v 0.964684 3.891978 -1.627461
v 1.300472 3.329410 -1.164860
v 1.161056 3.767392 -1.690856
v 1.229162 3.094046 -1.421684
v 1.171347 3.619728 -1.816509
v 0.496718 3.515571 -1.228274
v 0.727787 3.879557 -1.694836
v 0.561990 3.120496 -1.602052
v 0.771004 3.624348 -1.935961
v 1.061998 3.561184 -1.007612
v 1.178868 3.885911 -1.548715
v 0.953403 3.771680 -1.763547
v 0.849081 3.453430 -1.979469
v 0.411623 3.427367 -1.578924
v 0.356800 3.482393 -1.687110
v 0.369132 3.626287 -1.785124
v 0.971443 3.261492 -1.992638
v 0.992798 3.071865 -1.887135
v 0.941561 3.084596 -1.745063
v 1.504158 3.588555 -1.471027
v 1.524022 3.529447 -1.314577
v 1.391122 3.452678 -1.223078
v 0.818085 4.046758 -1.226669
v 0.815010 3.968479 -1.096445
v 0.838104 3.809604 -1.038490
v 0.463636 3.938203 -1.444767
v 0.418908 3.828817 -1.326480
v 0.465489 3.716782 -1.279343
v 1.400642 3.342625 -1.739345
v 1.393733 3.211873 -1.663594
v 1.303631 3.139452 -1.515567
v 1.254759 3.925303 -1.152588
v 1.264437 3.850207 -1.075127
v 1.225906 3.696726 -1.084213
v 0.642745 3.307911 -2.029335
v 0.579473 3.205665 -1.930182
v 0.604878 3.158940 -1.759665
v 0.733382 3.491753 -2.015661
v 1.037046 3.397368 -1.987797
v 1.353490 3.491735 -1.821058
v 1.424534 3.728673 -1.565206
v 1.234588 3.963382 -1.389995
v 0.895380 4.038153 -1.374600
v 0.596272 3.953402 -1.562475
v 0.543437 3.726462 -1.840449
v 0.918193 3.645845 -1.887333
v 1.041574 3.567708 -1.908603
v 1.134377 3.679334 -1.786944
v 1.244672 3.758820 -1.655071
v 1.089991 3.855205 -1.625303
v 0.955368 3.932059 -1.553904
v 0.858086 3.854623 -1.697747
v 0.742329 3.757559 -1.811996
v 0.591156 3.296660 -1.352353
v 0.899891 3.100787 -1.452024
v 0.776166 3.534351 -1.057974
v 1.125722 3.315278 -1.168133
v 1.094950 3.172441 -1.320118
v 0.647523 3.455631 -1.176345
v 0.702885 3.158600 -1.455416
v 0.997702 3.436019 -1.087389
v 0.850293 3.297310 -1.271402
v 1.167418 3.482169 -1.073435
v 0.776782 3.043347 -1.612431
v 1.329561 3.846027 -1.477601
v 1.066239 3.726166 -1.767663
v 1.285412 3.563342 -1.145472
v 1.476866 3.692225 -1.214435
v 1.360445 3.833646 -1.300668
v 0.825682 3.102917 -1.747112
v 0.786565 3.123985 -1.947466
v 0.815888 3.268525 -2.003475
v 0.946098 3.595726 -1.910247
v 1.190525 3.825727 -1.605124
v 0.960877 3.658844 -1.853759
v 1.125524 3.811298 -1.658080
v 1.003079 3.378113 -1.143472
v 0.791564 3.122437 -1.464001
v 0.958889 3.228413 -1.306461
v 0.547567 3.197671 -1.545142
v 1.023991 4.000071 -1.348934
v 0.947290 3.825912 -1.705047
v 0.589500 3.628672 -1.923701
v 0.943066 3.613262 -0.992531
v 0.438549 3.317932 -1.632137
v 0.392769 3.387169 -1.839842
v 0.494995 3.470763 -1.901225
v 1.023064 3.748670 -1.041943
v 1.050814 3.953566 -1.038246
v 1.067549 4.019466 -1.176582
v 1.040902 3.920653 -1.556820
v 0.752254 3.712638 -1.853720
v 1.030214 3.868784 -1.625062
v 0.844163 3.731038 -1.825312
v 0.647020 3.227630 -1.403884
v 0.743185 3.366613 -1.235478
v 0.868944 3.486145 -1.077300
v 1.086703 3.044125 -1.515616
v 0.565731 3.825448 -1.687241
v 1.226571 3.416493 -1.908353
v 0.442173 3.416360 -1.372012
v 0.950287 3.725874 -1.803885
v 1.130292 3.140783 -1.658158
v 1.232618 3.111444 -1.821749
v 1.234144 3.235231 -1.857693
v 0.417676 3.592502 -1.385288
v 0.348585 3.715648 -1.530046
v 0.416384 3.782245 -1.614946
v 0.762657 3.824654 -1.738784
v 1.122795 3.596169 -1.855049
v 0.844746 3.810594 -1.745791
v 1.081077 3.660656 -1.822087
v 1.026447 3.109768 -1.403849
v 0.578987 3.356558 -1.296388
v 0.776589 3.227955 -1.363409
v 0.880139 3.179053 -1.380090
v 1.015682 3.693265 -1.812986
v 0.694359 3.296919 -1.320114
v 0.897516 3.768234 -1.774838
v 1.361276 3.638810 -1.692477
v 0.671962 3.599324 -1.090443
v 1.264817 3.211728 -1.293272
v 0.714869 3.989389 -1.506242
v 1.046476 3.785582 -1.714532
v 0.632073 3.752510 -1.159275
v 0.587966 3.912721 -1.184672
v 0.642002 4.018398 -1.309517
v 1.353123 3.295049 -1.392056
v 1.521840 3.364718 -1.479536
v 1.473151 3.445897 -1.622908
v 1.280784 3.719992 -1.682604
v 0.864206 3.920210 -1.612018
v 1.147717 3.723363 -1.738901
v 0.911385 3.873300 -1.662604
v 0.716899 3.464469 -1.146033
v 1.088458 3.228738 -1.265985
v 0.923998 3.366665 -1.179396
v 1.006228 3.297701 -1.222690
v 1.095861 3.785606 -1.696049
v 0.820448 3.415567 -1.162714
v 0.977716 3.843701 -1.674723
vn 0.0962 0.6588 0.7461
vn -0.6797 0.6365 0.3646
vn 0.0177 0.8685 -0.4955
vn 0.6727 0.7346 -0.0887
vn -0.7767 -0.5823 -0.2401
vn 0.0169 0.9764 0.2152
vn -0.0143 0.9860 0.1659
vn -0.3008 -0.9461 0.1200
vn 0.3824 0.8571 -0.3453
vn -0.5171 0.3440 0.7837
vn 0.2836 -0.9543 -0.0945
vn -0.0550 0.9730 0.2240
vn 0.0050 0.9446 0.3282
vn -0.0560 -0.4746 -0.8784
vn -0.6296 0.7233 -0.2836
vn 0.6081 0.6512 0.4541
vn 0.6583 -0.7115 -0.2456
vn 0.6575 -0.6986 0.2822
vn 0.6400 0.3789 0.6684
vn -0.5736 -0.5945 -0.5636
vn -0.6380 -0.6048 -0.4766
vn -0.6529 0.6166 -0.4400
vn -0.4685 -0.6198 0.6296
vn -0.3021 -0.5735 0.7615
vn -0.6252 0.2907 0.7243
vn 0.6434 -0.4169 -0.6420
vn 0.6159 -0.2411 -0.7501
vn 0.6257 0.2472 -0.7399
vn 0.8034 -0.5946 -0.0328
vn 0.8376 -0.4849 -0.2515
vn 0.9849 -0.0910 -0.1473
vn -0.0468 -0.6058 -0.7942
vn -0.1803 -0.0298 -0.9832
vn 0.0957 0.5416 -0.8352
vn -0.8053 -0.5855 0.0935
vn -0.7714 -0.6363 0.0082
vn -0.9315 0.2785 0.2340
vn -0.3769 -0.5510 0.7446
vn 0.0253 -0.8887 0.4579
vn -0.0586 0.1032 0.9929
vn 0.1148 0.8398 0.5307
vn -0.3055 0.8995 0.3122
vn 0.0846 0.9955 -0.0436
vn 0.3440 0.9354 0.0817
vn -0.2053 0.8679 0.4522
vn 0.1365 0.9897 -0.0423
vn 0.2254 0.9497 0.2174
vn -0.2657 0.9371 0.2264
vn 0.0745 0.9573 0.2794
vn -0.1092 0.9596 0.2593
vn 0.1076 0.9901 0.0899
vn 0.1285 0.9765 0.1729
vn -0.1122 0.9322 0.3442
vn 0.0663 0.9930 0.0980
vn 0.0922 0.9555 0.2803
vn -0.1385 0.9758 0.1691
vn 0.3239 -0.6558 -0.6819
vn 0.6904 -0.6823 0.2403
vn 0.2821 -0.9049 0.3188
vn -0.2401 -0.9543 0.1780
vn 0.3872 -0.8959 -0.2179
vn -0.3619 -0.9206 0.1468
vn 0.5103 -0.6685 -0.5410
vn -0.1576 -0.9862 0.0510
vn -0.1620 -0.9825 -0.0915
vn 0.1724 -0.9818 0.0796
vn -0.0078 0.8984 0.4392
vn -0.2078 0.9689 0.1343
vn -0.1980 0.8291 0.5229
vn 0.3617 -0.1187 0.9247
vn 0.1277 -0.8524 0.5071
vn 0.2800 -0.6820 0.6757
vn -0.9097 0.4108 0.0609
vn -0.7497 -0.4205 -0.5111
vn -0.5989 -0.5298 -0.6006
vn -0.8113 0.5772 -0.0927
vn -0.0346 0.9661 0.2558
vn -0.0647 0.9714 0.2285
vn 0.0894 -0.9960 -0.0054
vn -0.3857 -0.7408 -0.5499
vn 0.0089 0.5716 0.8205
vn 0.0692 -0.8523 0.5185
vn -0.1973 -0.8954 -0.3991
vn 0.1158 0.9644 0.2376
vn -0.0373 0.9944 0.0992
vn 0.1949 0.9557 0.2206
vn -0.0362 0.9993 -0.0041
vn -0.4725 0.3465 -0.8104
vn -0.3956 -0.5179 -0.7585
vn -0.5721 -0.4977 -0.6519
vn 0.9953 -0.0948 -0.0186
vn 0.7792 -0.5886 -0.2154
vn 0.6794 -0.7338 0.0022
vn 0.6900 0.5559 0.4635
vn -0.5849 -0.4026 -0.7041
vn 0.3167 -0.9454 -0.0766
vn -0.0332 0.9820 0.1858
vn 0.0234 0.9751 0.2204
vn -0.3459 0.8071 -0.4785
vn 0.1045 0.9809 0.1641
vn 0.0159 -0.9737 -0.2271
vn -0.0456 0.9611 0.2726
vn 0.0184 -0.9765 0.2149
vn 0.7030 -0.7104 0.0323
vn 0.4699 -0.8827 0.0117
vn -0.0978 0.9313 0.3508
vn 0.0873 0.9623 0.2578
vn -0.1289 0.8372 0.5316
vn 0.4385 0.8935 0.0969
vn 0.8777 0.1824 -0.4431
vn 0.9040 -0.2858 -0.3179
vn 0.8732 -0.3732 -0.3134
vn -0.1801 0.3214 0.9296
vn -0.3059 -0.9025 0.3033
vn -0.0595 -0.7758 0.6281
vn -0.0340 0.9588 0.2820
vn -0.3060 0.3950 0.8662
vn 0.0281 0.9771 0.2111
vn 0.6502 0.7560 -0.0752
vn 0.0315 0.9857 0.1654
vn -0.2144 -0.9758 -0.0429
vn -0.0511 0.9762 0.2109
vn 0.0540 -0.9942 -0.0932
vn 0.1884 -0.5401 -0.8202
vn -0.3862 -0.9203 -0.0623
vn -0.2292 -0.9597 0.1625
vn 0.2851 -0.7528 -0.5934
vn 0.0073 0.9983 -0.0570
vn -0.2375 0.9239 0.2999
vn 0.0704 0.9963 -0.0498
vn -0.2013 0.9256 0.3205
vn -0.7791 0.1751 0.6020
vn -0.8339 -0.4590 0.3063
vn -0.7789 -0.6069 0.1580
vn 0.3901 0.3536 -0.8501
vn 0.4366 -0.1984 -0.8775
vn 0.2717 -0.2713 -0.9234
vn 0.2393 0.8673 -0.4365
vn -0.0776 0.9774 0.1965
vn -0.7231 0.3924 0.5684
vn -0.5531 0.8315 0.0518
vn 0.2411 0.6083 -0.7562
vn 0.8967 0.4325 -0.0943
vn 0.2095 0.8241 0.5263
vn -0.1477 -0.9660 -0.2123
vn 0.2671 0.9599 -0.0852
vn 0.3396 0.9329 -0.1196
vn -0.5080 -0.8397 -0.1919
vn 0.7119 0.6313 0.3077
vn -0.4907 0.6618 -0.5667
vn -0.5033 -0.7786 0.3748
vn 0.2875 0.9450 -0.1562
vn 0.1313 0.9874 -0.0880
vn 0.0313 -0.9993 -0.0204
vn 0.7742 0.2565 -0.5786
vn -0.3624 0.8053 0.4692
vn -0.3995 0.2022 0.8942
vn -0.7685 -0.2339 0.5955
vn -0.6160 0.6318 0.4706
vn 0.5179 -0.7047 -0.4850
vn 0.4308 -0.7691 -0.4721
vn 0.8233 0.1038 -0.5581
vn -0.8743 -0.0066 -0.4853
vn -0.9708 -0.1389 -0.1954
vn -0.4141 0.5718 -0.7082
vn 0.4640 -0.6685 0.5812
vn 0.3368 -0.8121 0.4765
vn 0.7614 -0.0584 0.6457
vn -0.5598 -0.3055 0.7702
vn -0.3606 -0.4398 0.8225
vn -0.3101 0.0642 0.9485
vn 0.6769 -0.7358 -0.0206
vn 0.5515 -0.8253 -0.1213
vn 0.9997 0.0243 -0.0035
vn -0.1094 -0.5004 -0.8589
vn -0.1255 -0.6906 -0.7122
vn 0.2990 0.1527 -0.9420
vn -0.9472 -0.1519 -0.2822
vn -0.9232 -0.3578 0.1405
vn -0.8515 0.5239 -0.0216
vn -0.2004 0.9797 -0.0021
vn 0.2651 0.8791 -0.3962
vn 0.6716 0.7384 -0.0605
vn 0.4250 0.8827 0.2004
vn 0.0496 0.9567 -0.2869
vn 0.5062 0.8621 0.0210
vn 0.1574 0.9796 0.1250
vn 0.3572 0.8620 -0.3597
vn 0.1604 0.9868 -0.0227
vn 0.3482 0.9173 -0.1931
vn 0.3864 0.9018 -0.1938
vn 0.2646 0.9641 0.0241
vn 0.1460 0.9711 -0.1887
vn 0.3830 0.9227 -0.0432
vn 0.2113 0.9774 0.0105
vn 0.3275 0.9041 -0.2744
vn -0.2672 -0.9565 0.1171
vn -0.4026 -0.7847 0.4714
vn -0.2600 -0.9585 -0.1171
vn 0.0236 -0.9814 0.1904
vn -0.5059 -0.8615 -0.0423
vn 0.3833 0.8918 -0.2404
vn -0.0081 0.9959 -0.0896
vn 0.4434 0.8423 -0.3066
vn -0.0524 0.9611 -0.2711
vn -0.7773 0.5753 0.2547
vn -0.9071 -0.3633 0.2124
vn -0.9467 -0.1163 0.3005
vn 0.4947 0.1594 -0.8543
vn 0.4391 -0.7673 -0.4674
vn 0.5501 -0.6510 -0.5230
vn 0.6397 0.2168 -0.7374
vn 0.2401 0.9615 -0.1336
vn 0.2860 0.9438 -0.1654
vn -0.5412 -0.8172 0.1981
vn 0.0872 -0.9880 -0.1278
vn -0.4531 0.8907 -0.0372
vn 0.2071 0.9782 0.0175
vn 0.4249 0.8935 -0.1456
vn 0.1275 0.9878 0.0890
vn 0.5304 0.8319 -0.1634
vn 0.9042 -0.1810 -0.3869
vn 0.5041 -0.8246 -0.2566
vn 0.7227 -0.6361 -0.2705
vn -0.4213 0.1223 0.8986
vn -0.4032 -0.4304 0.8076
vn -0.6083 -0.4187 0.6744
vn -0.3559 0.8080 0.4696
vn 0.0551 -0.9984 0.0081
vn -0.4906 -0.7601 0.4261
vn 0.3296 0.9335 -0.1413
vn 0.2578 0.9630 -0.0784
vn 0.8853 0.2823 -0.3694
vn 0.2873 0.9578 -0.0008
vn 0.2240 0.9640 -0.1433
vn -0.7437 -0.6685 -0.0087
vn -0.1884 -0.9167 0.3524
vn 0.1812 0.9834 -0.0115
vn -0.0575 0.9531 -0.2971
vn 0.1675 0.9250 0.3410
vn 0.2227 0.1323 0.9659
vn -0.0007 -0.4553 0.8903
vn -0.0931 -0.4752 0.8750
vn -0.7098 0.6858 -0.1607
vn -0.7601 -0.6063 -0.2338
vn -0.9530 -0.2985 0.0515
vn 0.1903 0.9737 -0.1256
vn -0.6417 0.7057 -0.3002
vn 0.2670 0.9608 -0.0744
vn 0.1979 0.7886 0.5822
vn 0.3203 0.9444 -0.0741
vn 0.3016 0.9411 -0.1531
vn 0.0290 -0.9311 0.3637
vn -0.2578 -0.9544 -0.1503
vn 0.5243 0.8497 0.0559
vn 0.1858 0.9500 -0.2512
vn 0.5689 0.8151 -0.1093
vn 0.2231 0.9294 -0.2939
vn -0.2606 0.3529 -0.8987
vn -0.0691 -0.7944 -0.6034
vn 0.9440 -0.1046 0.3130
vn 0.5881 -0.6843 0.4311
vn 0.4310 -0.6620 0.6131
vn 0.7863 0.6099 0.0984
vn 0.3293 0.9269 -0.1801
vn -0.1097 0.5432 -0.8324
vn 0.3057 0.8412 0.4461
vn -0.5787 0.6944 0.4276
vn -0.2903 0.7733 -0.5637
vn 0.4778 0.6961 -0.5359
vn -0.2265 -0.9525 0.2034
vn -0.0437 0.9967 -0.0689
vn -0.0959 0.9901 -0.1027
vn -0.0821 -0.8780 0.4715
vn 0.0842 0.6941 -0.7149
vn -0.1999 0.5468 0.8130
vn 0.3730 -0.9265 0.0508
vn -0.1069 0.9938 -0.0317
vn -0.0010 0.9990 0.0443
vn -0.1383 -0.9859 -0.0937
vn -0.8017 0.5688 -0.1836
vn 0.6509 0.7592 -0.0070
vn 0.6195 -0.7282 -0.2930
vn 0.8220 -0.5450 0.1653
vn 0.7974 0.5574 0.2312
vn -0.7534 -0.6465 -0.1199
vn -0.6913 -0.7207 -0.0514
vn -0.8635 0.4198 -0.2794
vn -0.0697 -0.4192 0.9052
vn 0.1351 -0.3273 0.9352
vn -0.3198 0.4760 0.8192
vn 0.2164 -0.5574 -0.8015
vn 0.1690 -0.7250 -0.6677
vn 0.2287 0.0355 -0.9729
vn 0.8180 -0.5428 -0.1903
vn 0.7479 -0.5084 -0.4269
vn 0.8648 -0.0989 -0.4922
vn -0.3501 -0.6529 -0.6717
vn -0.4094 -0.7765 -0.4791
vn -0.3489 0.2655 -0.8987
vn -0.6407 -0.3944 0.6587
vn -0.4872 -0.7094 0.5093
vn -0.8101 0.3043 0.5012
vn 0.0551 -0.3145 0.9476
vn 0.3561 -0.7013 0.6175
vn 0.3501 0.3823 0.8551
vn 0.2047 0.9569 0.2062
vn -0.2921 0.9421 0.1650
vn -0.1769 0.8814 -0.4380
vn 0.2117 0.9281 -0.3063
vn -0.1326 0.9571 0.2577
vn -0.0453 0.9364 -0.3481
vn 0.1568 0.9773 -0.1426
vn -0.2975 0.9526 0.0632
vn 0.0410 0.9987 -0.0298
vn -0.1403 0.9898 0.0246
vn -0.1723 0.9813 -0.0857
vn 0.0425 0.9877 -0.1506
vn -0.1021 0.9889 0.1082
vn -0.0507 0.9792 -0.1967
vn 0.0583 0.9977 -0.0356
vn -0.2092 0.9767 -0.0480
vn 0.0690 -0.9966 0.0446
vn 0.4080 -0.9058 -0.1144
vn -0.1037 -0.9670 0.2326
vn 0.0336 -0.9684 -0.2470
vn 0.0286 -0.9312 0.3633
vn 0.0423 0.9863 0.1595
vn -0.2879 0.9564 -0.0495
vn -0.0889 0.9407 0.3274
vn 0.7213 0.1646 0.6728
vn 0.4633 -0.6454 0.6073
vn 0.6385 -0.4255 0.6413
vn -0.8760 0.3754 0.3029
vn -0.6918 -0.7193 -0.0634
vn -0.8076 -0.5790 -0.1118
vn -0.8696 0.4859 0.0877
vn -0.0729 0.9973 -0.0098
vn -0.1138 0.9932 -0.0234
vn 0.2367 -0.9470 0.2173
vn -0.2446 -0.9681 -0.0546
vn 0.2701 0.7780 0.5672
vn 0.0606 0.9945 -0.0851
vn -0.1475 0.9769 -0.1548
vn 0.1287 0.9832 -0.1292
vn -0.0842 0.9228 -0.3760
vn -0.8049 0.0711 -0.5892
vn -0.5249 -0.7881 -0.3214
vn -0.6374 -0.5556 -0.5338
vn 0.9230 -0.0638 -0.3795
vn 0.7242 -0.5972 -0.3449
vn 0.7407 -0.6675 -0.0760
vn 0.7407 0.6718 -0.0064
vn -0.1333 -0.9835 -0.1225
vn 0.4098 -0.9107 0.0512
vn -0.1044 0.9916 -0.0765
vn -0.0352 0.9972 -0.0665
vn -0.6390 0.5995 -0.4820
vn 0.0155 0.9886 -0.1501
vn -0.0752 0.9971 0.0108
vn 0.2616 -0.8623 0.4337
vn 0.2296 -0.9537 -0.1945
vn -0.0856 0.9904 0.1085
vn 0.0429 0.9975 -0.0553
vn -0.0216 0.9520 0.3052
vn 0.3131 0.8945 -0.3191
vn 0.6059 0.0700 -0.7924
vn 0.5151 -0.6196 -0.5922
vn 0.6099 -0.5255 -0.5932
vn 0.1810 0.5699 0.8015
vn -0.0134 -0.7011 0.7130
vn 0.3322 -0.5464 0.7688
vn -0.0599 0.9981 0.0151
vn 0.0263 0.6218 0.7827
vn -0.0351 0.9964 -0.0771
vn 0.4591 0.7198 -0.5206
vn -0.0531 0.9912 -0.1212
vn -0.1093 0.9930 -0.0457
vn 0.1685 -0.9128 -0.3720
vn -0.1410 -0.9600 0.2420
vn -0.1738 0.9342 -0.3115
vn -0.2375 0.9639 0.1207
vn -0.1114 0.9374 -0.3299
vn -0.1949 0.9729 0.1242
vn -0.5007 0.3241 0.8027
vn -0.6825 -0.3597 0.6362
vn -0.6108 -0.4686 0.6383
vn -0.0574 0.0961 -0.9937
vn 0.0761 -0.5596 -0.8252
vn 0.2473 -0.5565 -0.7932
vn -0.1000 0.7030 -0.7042
vn -0.1406 0.9889 -0.0482
vn -0.4959 0.5238 0.6926
vn -0.6395 0.6588 -0.3963
vn 0.1461 0.6365 -0.7573
vn 0.3732 0.8685 0.3264
vn -0.3558 0.7346 0.5778
vn 0.6765 -0.5823 -0.4509
vn -0.1776 0.9764 -0.1227
vn -0.1196 0.9860 -0.1158
vn 0.0968 -0.9461 -0.3091
vn 0.0265 0.8571 0.5145
vn -0.2815 0.3440 -0.8958
vn -0.1057 -0.9543 0.2797
vn -0.1390 0.9730 -0.1841
vn -0.2577 0.9446 -0.2033
vn 0.7167 -0.4746 0.5110
vn 0.6174 0.7233 -0.3093
vn -0.7360 0.6512 0.1851
vn -0.2251 -0.7115 0.6656
vn -0.6339 -0.6986 0.3319
vn -0.9224 0.3789 0.0746
vn 0.7992 -0.5945 -0.0892
vn 0.7724 -0.6048 -0.1941
vn 0.7533 0.6166 -0.2287
vn -0.1926 -0.6198 -0.7607
vn -0.4000 -0.5735 -0.7150
vn -0.1672 0.2907 -0.9421
vn 0.0919 -0.4169 0.9043
vn 0.1931 -0.2411 0.9511
vn 0.1790 0.2472 0.9523
vn -0.4816 -0.5946 0.6438
vn -0.3336 -0.4849 0.8085
vn -0.5074 -0.0910 0.8569
vn 0.6456 -0.6058 0.4650
vn 0.8764 -0.0298 0.4807
vn 0.5874 0.5416 0.6014
vn 0.4358 -0.5855 -0.6836
vn 0.4805 -0.6364 -0.6035
vn 0.4064 0.2785 -0.8702
vn -0.3397 -0.5510 -0.7623
vn -0.3711 -0.8887 -0.2694
vn -0.7332 0.1032 -0.6721
vn -0.4840 0.8398 -0.2459
vn -0.0494 0.8995 -0.4340
vn -0.0196 0.9955 0.0931
vn -0.2805 0.9354 0.2153
vn -0.2212 0.8679 -0.4447
vn -0.0533 0.9897 0.1326
vn -0.3109 0.9497 0.0377
vn -0.0079 0.9371 -0.3490
vn -0.2637 0.9573 -0.1186
vn -0.1322 0.9596 -0.2484
vn -0.1377 0.9901 0.0267
vn -0.2152 0.9765 -0.0095
vn -0.1961 0.9322 -0.3042
vn -0.1179 0.9930 -0.0104
vn -0.2756 0.9555 -0.1054
vn -0.0437 0.9758 -0.2141
vn 0.3245 -0.6558 0.6816
vn -0.6222 -0.6823 0.3839
vn -0.4253 -0.9049 0.0176
vn 0.0135 -0.9543 -0.2985
vn -0.0753 -0.8959 0.4379
vn 0.1145 -0.9206 -0.3733
vn 0.0975 -0.6685 0.7373
vn 0.0599 -0.9862 -0.1545
vn 0.1732 -0.9825 -0.0679
vn -0.1706 -0.9818 0.0835
vn -0.3357 0.8984 -0.2832
vn 0.0270 0.9689 -0.2460
vn -0.2806 0.8291 -0.4836
vn -0.9455 -0.1187 -0.3031
vn -0.4739 -0.8524 -0.2210
vn -0.7008 -0.6820 -0.2093
vn 0.5270 0.4108 -0.7440
vn 0.8696 -0.4205 -0.2589
vn 0.8438 -0.5298 -0.0855
vn 0.5839 0.5772 -0.5708
vn -0.1765 0.9661 -0.1883
vn -0.1364 0.9714 -0.1944
vn -0.0522 -0.9960 0.0727
vn 0.6700 -0.7408 0.0479
vn -0.6420 0.5716 -0.5109
vn -0.4459 -0.8523 -0.2736
vn 0.4341 -0.8954 0.0989
vn -0.2574 0.9644 -0.0601
vn -0.0534 0.9944 -0.0915
vn -0.2942 0.9557 0.0119
vn 0.0260 0.9993 -0.0255
vn 0.9268 0.3465 0.1450
vn 0.8380 -0.5179 0.1719
vn 0.8667 -0.4977 -0.0323
vn -0.6138 -0.0948 0.7838
vn -0.3247 -0.5886 0.7403
vn -0.4305 -0.7338 0.5256
vn -0.7950 0.5559 0.2426
vn 0.9153 -0.4026 -0.0093
vn -0.1405 -0.9454 0.2940
vn -0.1232 0.9820 -0.1430
vn -0.1857 0.9751 -0.1210
vn 0.5894 0.8071 0.0337
vn -0.1932 0.9809 -0.0226
vn 0.1661 -0.9737 0.1557
vn -0.1826 0.9611 -0.2074
vn -0.1783 -0.9765 -0.1214
vn -0.4688 -0.7104 0.5249
vn -0.3056 -0.8827 0.3571
vn -0.2104 0.9313 -0.2972
vn -0.2550 0.9623 -0.0950
vn -0.3310 0.8372 -0.4355
vn -0.3520 0.8935 0.2790
vn -0.2103 0.1824 0.9605
vn -0.3240 -0.2858 0.9019
vn -0.3081 -0.3732 0.8751
vn -0.6074 0.3214 -0.7265
vn -0.0422 -0.9025 -0.4287
vn -0.4497 -0.7758 -0.4426
vn -0.1972 0.9588 -0.2044
vn -0.4787 0.3950 -0.7841
vn -0.1815 0.9771 -0.1115
vn -0.3520 0.7560 0.5518
vn -0.1482 0.9857 -0.0800
vn 0.1685 -0.9758 -0.1392
vn -0.1313 0.9762 -0.1727
vn 0.0382 -0.9942 0.1007
vn 0.5173 -0.5401 0.6638
vn 0.2921 -0.9203 -0.2602
vn 0.0186 -0.9597 -0.2803
vn 0.2803 -0.7528 0.5956
vn 0.0396 0.9983 0.0416
vn -0.0827 0.9239 -0.3735
vn -0.0058 0.9963 0.0860
vn -0.1216 0.9256 -0.3584
vn 0.0248 0.1751 -0.9842
vn 0.2887 -0.4591 -0.8402
vn 0.3691 -0.6069 -0.7039
vn 0.4132 0.3536 0.8392
vn 0.4050 -0.1984 0.8925
vn 0.5447 -0.2713 0.7935
vn 0.1875 0.8673 0.4611
vn -0.1034 0.9774 -0.1842
vn 0.0155 0.3924 -0.9196
vn -0.5247 0.8441 0.1102
vn -0.4015 0.5841 -0.7054
vn 0.6540 0.6892 -0.3121
vn 0.4381 0.7873 0.4338
vn -0.1295 -0.7513 -0.6472
vn 0.0150 0.9856 -0.1684
vn 0.0539 0.9758 -0.2119
vn -0.4040 -0.9144 -0.0254
vn 0.6185 0.7827 0.0696
vn -0.8074 0.4502 -0.3814
vn -0.0346 -0.8795 0.4746
vn -0.0149 0.9723 -0.2332
vn -0.1005 0.9843 -0.1448
vn 0.6995 -0.6990 -0.1486
vn 0.2357 0.4976 -0.8348
vn -0.1043 0.8458 0.5233
vn 0.2682 -0.6262 0.7321
vn -0.2208 -0.4698 0.8547
vn -0.3534 0.6523 0.6705
vn 0.2287 -0.8160 -0.5308
vn 0.1266 -0.8132 -0.5681
vn 0.3515 0.3498 -0.8684
vn -0.8573 -0.4954 -0.1397
vn -0.9215 -0.3866 0.0371
vn -0.7951 0.3648 -0.4844
vn 0.6967 -0.4585 0.5518
vn 0.8271 -0.3265 0.4575
vn 0.9258 0.1399 0.3511
vn 0.1377 -0.4322 0.8912
vn 0.3751 -0.3824 0.8444
vn 0.4062 0.0443 0.9127
vn 0.5955 -0.7985 -0.0881
vn 0.8566 -0.3284 -0.3981
vn 0.9228 0.3005 -0.2411
vn -0.4493 -0.6680 -0.5933
vn -0.3709 -0.7335 -0.5695
vn -0.4309 0.1660 -0.8870
vn -0.9228 -0.3829 -0.0427
vn -0.6107 -0.7111 0.3483
vn -0.9198 0.3591 0.1581
vn -0.2796 0.9596 0.0322
vn -0.1864 0.8835 -0.4298
vn 0.2801 0.9445 -0.1715
vn 0.2264 0.9670 0.1171
vn -0.2942 0.9093 -0.2943
vn 0.2928 0.9485 -0.1210
vn 0.0684 0.9971 0.0346
vn -0.0866 0.9025 -0.4220
vn -0.0320 0.9950 -0.0943
vn -0.0666 0.9599 -0.2724
vn 0.1613 0.9800 -0.1165
vn 0.0872 0.9935 -0.0737
vn -0.1524 0.9566 -0.2482
vn 0.1422 0.9778 -0.1541
vn -0.0280 0.9966 -0.0769
vn 0.0124 0.9455 -0.3255
vn 0.5887 -0.7509 0.2994
vn -0.1687 -0.4601 0.8717
vn -0.4095 -0.7200 0.5604
vn -0.4419 -0.8958 0.0476
vn 0.1233 -0.8401 0.5283
vn -0.4413 -0.8936 -0.0826
vn 0.5093 -0.6920 0.5116
vn -0.3064 -0.9464 0.1023
vn -0.1741 -0.9827 0.0631
vn -0.2354 -0.8772 0.4184
vn -0.2176 0.9687 -0.1191
vn 0.0230 0.9174 -0.3974
vn -0.3663 0.8931 -0.2611
vn -0.7810 0.2033 0.5906
vn -0.6187 -0.6456 0.4477
vn -0.6944 -0.4118 0.5901
vn -0.2346 0.2476 -0.9400
vn 0.1657 -0.6676 -0.7258
vn 0.2697 -0.7694 -0.5791
vn -0.0269 0.3801 -0.9245
vn -0.0400 0.9780 -0.2047
vn -0.0223 0.9703 -0.2408
vn -0.1836 -0.9283 0.3234
vn 0.2395 -0.9182 -0.3155
vn -0.6384 0.7668 0.0670
vn -0.6465 -0.6525 0.3954
vn 0.1209 -0.9905 -0.0649
vn 0.0206 0.9975 -0.0671
vn 0.1111 0.9615 -0.2515
vn 0.0577 0.9983 0.0053
vn 0.2087 0.9381 -0.2765
vn 0.6911 0.0242 -0.7223
vn 0.4790 -0.7660 -0.4287
vn 0.3323 -0.7484 -0.5740
vn 0.2885 0.0777 0.9543
vn 0.3020 -0.4807 0.8232
vn 0.0388 -0.5759 0.8166
vn -0.1097 0.7724 0.6256
vn 0.3976 -0.6750 -0.6215
vn -0.0397 -0.8605 0.5079
vn 0.0290 0.9742 -0.2240
vn 0.0118 0.9869 -0.1608
vn 0.5184 0.5728 -0.6350
vn 0.0893 0.9910 -0.0994
vn 0.0062 -0.9806 0.1958
vn -0.0600 0.9759 -0.2098
vn -0.4054 -0.8618 0.3048
vn 0.0227 -0.5414 0.8404
vn -0.0635 -0.7504 0.6579
vn -0.1545 0.9601 -0.2329
vn -0.0070 0.9960 -0.0886
vn -0.3524 0.9151 -0.1960
vn 0.2309 0.9479 0.2197
vn 0.7093 0.2035 0.6749
vn 0.4994 -0.2006 0.8429
vn 0.4673 -0.2875 0.8361
vn -0.8494 0.5272 -0.0241
vn -0.5668 -0.8239 0.0032
vn -0.7698 -0.5725 0.2822
vn -0.0659 0.9784 -0.1961
vn -0.8113 0.5577 -0.1755
vn 0.0223 0.9870 -0.1590
vn 0.4236 0.8074 0.4107
vn 0.0677 0.9833 -0.1689
vn -0.2333 -0.9721 0.0240
vn -0.0009 0.9724 -0.2333
vn -0.1118 -0.9567 0.2687
vn 0.7027 -0.7027 0.1110
vn -0.2536 -0.9547 -0.1556
vn -0.4255 -0.9033 0.0554
vn 0.4739 -0.8251 0.3077
vn 0.2705 0.9302 -0.2481
vn -0.1497 0.9150 -0.3746
vn 0.2819 0.9412 -0.1865
vn -0.1579 0.9285 -0.3361
vn -0.7512 0.1953 -0.6305
vn -0.6287 -0.4951 -0.5997
vn -0.5062 -0.6660 -0.5479
vn 0.9825 0.1696 0.0775
vn 0.9025 -0.3520 0.2481
vn 0.8812 -0.4622 0.0996
vn 0.6637 0.7426 -0.0892
vn 0.0050 0.9650 -0.2620
vn -0.6567 0.4014 -0.6384
vn -0.6377 0.5263 -0.5624
vn 0.3758 0.6473 -0.6631
vn 0.1353 0.9442 0.3003
vn -0.5932 0.7126 0.3746
vn 0.4891 -0.8718 -0.0277
vn -0.2399 0.9591 -0.1505
vn -0.1791 0.9759 -0.1245
vn 0.2717 -0.9236 -0.2703
vn -0.1891 0.8495 0.4925
vn -0.0747 0.3206 -0.9443
vn -0.1031 -0.9754 0.1951
vn -0.1801 0.9644 -0.1935
vn -0.3033 0.9186 -0.2532
vn 0.4545 -0.8458 0.2793
vn 0.5885 0.8059 -0.0642
vn -0.8923 0.4486 -0.0511
vn -0.2695 -0.8337 0.4820
vn -0.6103 -0.7884 0.0778
vn -0.9723 0.1157 -0.2032
vn 0.9055 -0.4033 0.1320
vn 0.9230 -0.3737 0.0915
vn 0.6875 0.7254 0.0343
vn 0.1118 -0.8010 -0.5881
vn -0.1682 -0.6301 -0.7581
vn 0.0633 0.3176 -0.9461
vn 0.1015 -0.5077 0.8555
vn 0.1455 -0.5411 0.8283
vn -0.1128 0.3152 0.9423
vn -0.4741 -0.7916 0.3856
vn -0.5170 -0.6111 0.5993
vn -0.7481 -0.2775 0.6028
vn 0.6124 -0.4266 0.6656
vn 0.7230 -0.4069 0.5582
vn 0.3749 0.6268 0.6831
vn 0.6593 -0.5283 -0.5350
vn 0.6829 -0.5219 -0.5112
vn 0.6312 0.4361 -0.6415
vn -0.0065 -0.7149 -0.6992
vn -0.2213 -0.9112 -0.3474
vn -0.5784 -0.0597 -0.8136
vn -0.5088 0.7502 -0.4224
vn -0.0087 0.9204 -0.3909
vn -0.0181 0.9815 0.1904
vn -0.4492 0.8841 0.1286
vn -0.1886 0.8639 -0.4671
vn -0.1771 0.9767 0.1215
vn -0.4324 0.9005 -0.0469
vn 0.0080 0.9548 -0.2972
vn -0.3351 0.9255 -0.1764
vn -0.1227 0.9765 -0.1773
vn -0.1021 0.9836 -0.1488
vn -0.3137 0.9477 -0.0588
vn -0.2057 0.9230 -0.3252
vn -0.2073 0.9779 -0.0279
vn -0.3322 0.9368 -0.1101
vn -0.0697 0.9797 -0.1877
vn 0.2891 -0.8427 0.4541
vn 0.1193 -0.9284 0.3520
vn 0.2177 -0.9599 0.1769
vn 0.5117 -0.8336 0.2081
vn -0.1208 -0.9299 0.3474
vn 0.3584 -0.9330 -0.0325
vn 0.2931 -0.8448 0.4476
vn 0.1902 -0.9718 -0.1394
vn 0.3588 -0.9328 -0.0331
vn 0.2425 -0.9701 0.0047
vn -0.3639 0.8606 -0.3564
vn 0.0133 0.9813 -0.1920
vn -0.2401 0.8152 -0.5271
vn -0.8385 -0.0143 -0.5447
vn -0.3286 -0.8856 -0.3283
vn -0.4214 -0.8627 -0.2797
vn 0.6782 0.5664 -0.4683
vn 0.9242 -0.3679 0.1025
vn 0.9150 -0.3772 0.1429
vn 0.6504 0.7017 -0.2908
vn -0.2194 0.9527 -0.2105
vn -0.1742 0.9638 -0.2021
vn 0.0099 -0.9995 0.0301
vn 0.5552 -0.8016 0.2218
vn -0.5982 0.4402 -0.6696
vn 0.2177 -0.9599 0.1768
vn 0.4000 -0.8763 0.2686
vn -0.3453 0.9308 -0.1199
vn -0.1153 0.9901 -0.0805
vn -0.4066 0.9113 -0.0653
vn -0.0414 0.9991 -0.0114
vn 0.7753 0.5146 0.3661
vn 0.8191 -0.4203 0.3905
vn 0.8158 -0.3060 0.4908
vn -0.8171 -0.2987 0.4930
vn -0.4757 -0.6987 0.5343
vn -0.3845 -0.8777 0.2861
vn -0.8894 0.4547 -0.0465
vn 0.4531 -0.8368 0.3074
vn -0.1420 -0.9703 0.1959
vn -0.1750 0.9730 -0.1505
vn -0.2492 0.9565 -0.1517
vn 0.4741 0.8572 0.2012
vn -0.2859 0.9562 -0.0636
vn -0.0044 -0.9815 0.1916
vn -0.2203 0.9478 -0.2304
vn 0.0379 -0.9991 -0.0171
vn -0.0670 -0.9823 -0.1751
vn 0.0788 -0.9063 0.4153
vn 0.0386 -0.9971 0.0659
vn -0.0610 -0.9791 0.1938
vn -0.2232 0.9194 -0.3239
vn -0.3325 0.9308 -0.1515
vn -0.3103 0.8087 -0.4997
vn -0.5452 0.8218 0.1655
vn -0.5275 0.0738 0.8464
vn -0.2481 -0.5926 0.7664
vn -0.2885 -0.6768 0.6773
vn -0.4740 0.2015 -0.8571
vn 0.1143 -0.8507 -0.5132
vn -0.3462 -0.6725 -0.6541
vn -0.2371 0.9432 -0.2327
vn -0.3330 0.3239 -0.8856
vn -0.2474 0.9585 -0.1415
vn -0.6158 0.6650 0.4225
vn -0.2203 0.9702 -0.1013
vn -0.1752 0.9679 -0.1804
vn 0.3772 -0.9238 0.0660
vn 0.1564 -0.8038 0.5740
vn 0.3942 -0.9177 -0.0489
vn 0.2699 -0.8940 0.3577
vn -0.0541 0.9963 0.0672
vn -0.0629 0.9356 -0.3474
vn -0.1138 0.9891 0.0934
vn -0.1088 0.9312 -0.3480
vn 0.2970 0.2523 -0.9209
vn 0.7000 -0.6126 -0.3670
vn 0.1710 0.4222 0.8902
vn 0.2151 -0.2939 0.9313
vn 0.0715 -0.5182 0.8523
vn -0.0046 0.8781 0.4784
vn -0.1418 0.9731 -0.1813
vn 0.2455 0.4700 -0.8479
vn -0.2150 0.8529 -0.4757
vn 0.7559 0.5394 -0.3710
vn 0.3937 0.7090 0.5851
vn -0.3591 0.8071 0.4687
vn 0.1132 -0.9719 -0.2064
vn 0.1887 0.9764 0.1048
vn 0.2419 0.9595 0.1441
vn -0.0333 -0.8738 -0.4851
vn 0.0186 0.7278 0.6855
vn 0.3099 0.5053 -0.8054
vn -0.5109 -0.8508 -0.1230
vn 0.2554 0.9639 0.0756
vn 0.1452 0.9893 -0.0141
vn 0.0091 -0.9964 0.0847
vn 0.8419 0.4648 0.2741
vn -0.6083 0.7916 -0.0587
vn -0.6827 -0.7124 0.1623
vn -0.8583 -0.4427 -0.2595
vn -0.7631 0.5650 -0.3136
vn 0.6151 -0.7740 0.1503
vn 0.6527 -0.7474 0.1239
vn 0.8727 0.3311 0.3588
vn -0.0429 -0.6323 -0.7735
vn -0.1808 -0.3262 -0.9278
vn 0.4316 0.4431 -0.7857
vn -0.3325 -0.6632 0.6706
vn -0.2987 -0.7060 0.6421
vn -0.2365 0.1345 0.9623
vn -0.8221 -0.5670 0.0511
vn -0.8502 -0.4334 0.2990
vn -0.9304 -0.0409 0.3642
vn 0.2021 -0.7753 0.5983
vn 0.3367 -0.7844 0.5210
vn 0.3830 0.2488 0.8896
vn 0.5304 -0.6415 -0.5542
vn 0.5473 -0.6510 -0.5261
vn 0.8969 0.2387 -0.3723
vn -0.0853 -0.4828 -0.8716
vn -0.4447 -0.6332 -0.6335
vn -0.3148 0.3638 -0.8766
vn -0.0545 0.9650 -0.2565
vn 0.4441 0.8908 -0.0957
vn 0.3015 0.8307 0.4680
vn -0.1005 0.9449 0.3114
vn 0.2841 0.9348 -0.2132
vn 0.1774 0.9095 0.3761
vn -0.0320 0.9876 0.1538
vn 0.4465 0.8948 0.0054
vn 0.0988 0.9936 0.0551
vn 0.3064 0.9463 0.1036
vn 0.3196 0.9378 0.1359
vn 0.0942 0.9799 0.1757
vn 0.2528 0.9653 -0.0648
vn 0.1915 0.9539 0.2309
vn 0.0876 0.9887 0.1212
vn 0.3574 0.9282 0.1033
vn -0.1836 -0.9573 0.2235
vn -0.3386 -0.9380 0.0745
vn -0.2158 -0.9728 -0.0838
vn 0.0837 -0.9960 0.0305
vn -0.5508 -0.8341 0.0310
vn -0.0244 -0.9679 -0.2501
vn -0.1790 -0.9595 0.2174
vn -0.1591 -0.9072 -0.3894
vn -0.0238 -0.9678 -0.2506
vn -0.1511 -0.9577 -0.2449
vn 0.0976 0.9856 -0.1383
vn 0.4327 0.8944 0.1132
vn 0.2364 0.9266 -0.2925
vn -0.6011 0.4621 -0.6521
vn -0.5353 -0.5679 -0.6252
vn -0.6221 -0.5174 -0.5876
vn 0.9407 0.2975 -0.1630
vn 0.6530 -0.7451 0.1361
vn 0.6304 -0.7574 0.1699
vn 0.9190 0.3923 0.0399
vn 0.2207 0.9741 0.0497
vn 0.2627 0.9625 0.0682
vn -0.3751 -0.8876 -0.2672
vn 0.1306 -0.9896 0.0600
vn -0.1834 0.7819 -0.5958
vn -0.0477 -0.9972 0.0568
vn 0.0764 0.9912 0.1082
vn 0.2919 0.9353 0.2000
vn -0.0001 0.9896 0.1439
vn 0.3420 0.8971 0.2796
vn 0.7815 0.0407 0.6226
vn 0.4622 -0.8038 0.3746
vn 0.4751 -0.7224 0.5025
vn -0.9699 -0.0073 0.2433
vn -0.8289 -0.5150 0.2184
vn -0.7482 -0.6613 -0.0537
vn -0.6047 0.7948 -0.0521
vn 0.0037 -0.9935 0.1137
vn -0.5437 -0.8296 -0.1270
vn 0.2515 0.9605 0.1194
vn 0.1798 0.9785 0.1014
vn 0.6880 0.5056 0.5206
vn 0.1234 0.9762 0.1782
vn -0.4248 -0.8983 -0.1122
vn 0.2235 0.9743 0.0294
vn -0.3374 -0.8899 -0.3070
vn -0.3813 -0.7974 -0.4676
vn -0.3833 -0.9138 0.1341
vn -0.3585 -0.9052 -0.2282
vn -0.4746 -0.8722 -0.1185
vn 0.2355 0.9695 -0.0675
vn 0.0963 0.9921 0.0805
vn 0.1643 0.9459 -0.2799
vn -0.2190 0.9245 0.3121
vn -0.6688 0.1223 0.7334
vn -0.6501 -0.5678 0.5050
vn -0.6934 -0.6061 0.3897
vn -0.1124 0.5566 -0.8232
vn -0.0797 -0.6921 -0.7174
vn -0.3826 -0.3072 -0.8713
vn 0.2075 0.9780 0.0231
vn 0.0664 0.6084 -0.7908
vn 0.1795 0.9774 0.1119
vn -0.4100 0.7654 0.4960
vn 0.1970 0.9677 0.1575
vn 0.2575 0.9621 0.0897
vn -0.0310 -0.9879 -0.1517
vn -0.3190 -0.8898 0.3265
vn 0.0175 -0.9667 -0.2553
vn -0.1938 -0.9743 0.1144
vn 0.3085 0.8843 0.3506
vn 0.3901 0.9189 -0.0590
vn 0.2457 0.8986 0.3636
vn 0.3479 0.9351 -0.0682
vn 0.6073 0.2792 -0.7438
vn 0.4893 -0.7672 -0.4146
vn 0.0694 0.1158 0.9908
vn -0.1720 -0.5402 0.8238
vn -0.3622 -0.6587 0.6595
vn 0.1966 0.6757 0.7105
vn 0.2893 0.9524 0.0958
vn 0.6237 0.4778 -0.6186
vn 0.4860 0.8687 -0.0962
vn 0.0281 0.7463 0.6651
vn -0.6800 0.7276 -0.0901
vn -0.2596 0.6312 -0.7309
vn 0.1186 -0.9236 0.3646
vn -0.1438 0.9873 -0.0674
vn -0.1990 0.9792 -0.0392
vn 0.4175 -0.8295 0.3710
vn -0.6137 0.6245 -0.4830
vn 0.5612 0.6231 0.5448
vn 0.2918 -0.9285 -0.2297
vn -0.1439 0.9896 0.0060
vn -0.0251 0.9986 -0.0470
vn -0.0893 -0.9860 0.1408
vn -0.6021 0.5727 0.5563
vn 0.2785 0.7365 -0.6165
vn 0.1102 -0.7691 -0.6296
vn 0.5952 -0.5513 -0.5846
vn 0.5702 0.5528 -0.6077
vn -0.4467 -0.6328 0.6324
vn -0.3516 -0.7023 0.6190
vn -0.7065 0.4176 0.5714
vn 0.7672 -0.3342 0.5475
vn 0.8916 -0.2458 0.3802
vn 0.5098 0.5565 0.6560
vn -0.5422 -0.6331 -0.5525
vn -0.4412 -0.7865 -0.4322
vn -0.7201 -0.0585 -0.6914
vn 0.2881 -0.5809 -0.7613
vn 0.0472 -0.5659 -0.8231
vn 0.0251 -0.1674 -0.9856
vn -0.7139 -0.7002 0.0069
vn -0.5712 -0.8043 0.1641
vn -0.9656 0.1937 -0.1735
vn 0.2629 -0.3152 0.9119
vn 0.2327 -0.6466 0.7264
vn -0.0024 0.3711 0.9286
vn 0.8607 -0.2297 0.4544
vn 0.7553 -0.6530 0.0557
vn 0.8882 0.4473 0.1049
vn 0.2214 0.9652 -0.1390
vn -0.0665 0.9610 0.2683
vn -0.5212 0.8432 -0.1316
vn -0.2129 0.8904 -0.4023
vn 0.0935 0.9798 0.1770
vn -0.3803 0.9023 -0.2031
vn -0.1035 0.9557 -0.2757
vn -0.1572 0.9626 0.2207
vn -0.0671 0.9904 -0.1206
vn -0.1124 0.9916 0.0635
vn -0.2228 0.9742 0.0357
vn -0.1693 0.9686 -0.1823
vn -0.0212 0.9971 0.0729
vn -0.2559 0.9586 -0.1248
vn -0.0632 0.9884 -0.1383
vn -0.2090 0.9740 0.0869
vn 0.1358 -0.9902 0.0334
vn 0.1667 -0.9237 -0.3449
vn 0.2072 -0.9389 0.2749
vn -0.1341 -0.9872 -0.0858
vn 0.3846 -0.8953 0.2248
vn 0.0966 0.9950 -0.0250
vn -0.2492 0.9560 0.1551
vn 0.1766 0.9684 0.1760
vn 0.9348 0.2035 -0.2912
vn 0.7977 -0.6014 -0.0455
vn 0.9024 -0.3844 -0.1944
vn -0.2105 0.4260 0.8799
vn -0.3623 -0.7019 0.6132
vn -0.4717 -0.5633 0.6784
vn -0.3988 0.5166 0.7577
vn -0.1080 0.9941 -0.0125
vn -0.1403 0.9900 0.0161
vn 0.3664 -0.9301 -0.0269
vn -0.1110 -0.9617 0.2507
vn 0.5756 0.8177 0.0001
vn -0.1043 0.9807 -0.1651
vn -0.2692 0.9629 -0.0202
vn -0.1067 0.9636 -0.2452
vn -0.4233 0.8873 -0.1828
vn -0.9205 0.0410 0.3887
vn -0.4941 -0.7984 0.3440
vn -0.7483 -0.5827 0.3169
vn 0.1493 -0.1241 -0.9810
vn 0.1110 -0.6462 -0.7550
vn 0.3544 -0.6926 -0.6283
vn 0.3303 0.6470 -0.6872
vn -0.1115 -0.9863 0.1218
vn 0.3100 -0.9139 -0.2623
vn -0.1809 0.9833 -0.0187
vn -0.1374 0.9878 -0.0735
vn -0.7769 0.5719 0.2632
vn -0.1827 0.9703 -0.1588
vn -0.0915 0.9958 -0.0001
vn 0.5594 -0.8270 0.0552
vn 0.0100 -0.9734 -0.2287
vn -0.0125 0.9982 0.0588
vn -0.0880 0.9869 -0.1350
vn 0.1912 0.9758 0.1060
vn -0.1700 0.8529 -0.4936
vn -0.3751 -0.0188 -0.9268
vn -0.2064 -0.6848 -0.6989
vn -0.1648 -0.5938 -0.7875
vn 0.7442 0.6341 0.2099
vn 0.6487 -0.6336 0.4216
vn 0.8632 -0.4846 0.1419
vn -0.0800 0.9967 -0.0111
vn 0.6459 0.6885 0.3298
vn -0.1464 0.9861 -0.0789
vn -0.2575 0.6568 -0.7088
vn -0.1931 0.9774 -0.0854
vn -0.1571 0.9876 0.0010
vn -0.1760 -0.9470 -0.2689
vn 0.1958 -0.9300 0.3112
vn -0.4143 0.9071 -0.0740
vn -0.0779 0.9772 0.1974
vn -0.3985 0.9069 -0.1371
vn -0.0538 0.9853 0.1619
vn 0.4129 0.4090 0.8138
vn 0.2201 -0.2815 0.9340
vn 0.2653 -0.3918 0.8810
vn -0.8877 0.0082 -0.4603
vn -0.6340 -0.6333 -0.4437
vn -0.5194 -0.6323 -0.5748
vn -0.6991 0.6395 -0.3198
vn -0.1750 0.9842 0.0269
vn 0.3084 0.5978 0.7399
vn 0.0742 0.1153 -0.9906
vn 0.8288 0.3134 -0.4636
vn 0.1363 0.9800 -0.1447
vn -0.5468 0.6874 -0.4781
vn 0.1269 -0.6840 0.7184
vn 0.1810 0.6995 -0.6913
vn 0.2109 0.7360 -0.6433
vn 0.1332 -0.8801 0.4557
vn -0.2779 0.9413 -0.1916
vn 0.6446 -0.1807 -0.7429
vn -0.4664 -0.7396 0.4852
vn 0.2533 0.6903 -0.6777
vn 0.1943 0.6051 -0.7720
vn -0.0904 -0.5155 0.8521
vn 0.6973 0.7146 0.0554
vn -0.4355 0.2784 -0.8561
vn -0.8044 -0.4426 0.3963
vn -0.7177 -0.6925 -0.0727
vn -0.4792 -0.0570 -0.8758
vn 0.4799 -0.0870 0.8730
vn 0.4484 -0.2000 0.8711
vn 0.6748 0.6993 0.2359
vn 0.3993 -0.9086 -0.1227
vn 0.2424 -0.9215 -0.3033
vn 0.7461 -0.1941 -0.6368
vn -0.6564 0.1603 0.7372
vn -0.5801 -0.0307 0.8140
vn -0.6444 0.6673 0.3734
vn -0.8855 -0.4523 0.1067
vn -0.9393 -0.2459 0.2391
vn -0.9957 0.0248 -0.0889
vn -0.1023 0.1746 0.9793
vn 0.0122 -0.0197 0.9997
vn -0.0477 0.9040 0.4249
vn 0.8023 -0.5341 0.2667
vn 0.6552 -0.6203 0.4313
vn 0.9921 0.0820 -0.0950
vn 0.3226 -0.9034 -0.2825
vn -0.1566 -0.9871 0.0320
vn 0.1364 -0.4699 -0.8721
vn 0.0767 0.3934 -0.9162
vn 0.4976 0.5726 -0.6516
vn 0.1124 0.9313 -0.3466
vn -0.1648 0.7495 -0.6411
vn 0.4006 0.4655 -0.7892
vn 0.0461 0.8646 -0.5004
vn -0.0335 0.6774 -0.7349
vn 0.4575 0.6537 -0.6029
vn 0.1236 0.6455 -0.7537
vn 0.3077 0.6574 -0.6879
vn 0.2846 0.7412 -0.6080
vn 0.0660 0.7264 -0.6841
vn 0.3113 0.5844 -0.7494
vn 0.1266 0.7834 -0.6084
vn 0.0847 0.6887 -0.7201
vn 0.3334 0.7222 -0.6060
vn -0.2143 -0.6897 0.6916
vn -0.5694 -0.6200 0.5398
vn 0.0288 -0.7542 0.6560
vn -0.3092 -0.4487 0.8385
vn -0.0236 -0.8675 0.4968
vn 0.2052 0.4991 -0.8419
vn 0.3982 0.7335 -0.5509
vn 0.3902 0.3905 -0.8338
vn -0.2885 -0.5685 -0.7704
vn -0.2427 -0.9686 -0.0545
vn -0.3347 -0.8905 -0.3083
vn 0.9581 0.2859 -0.0136
vn 0.4436 -0.1904 0.8758
vn 0.5383 -0.0351 0.8421
vn 0.8660 0.4998 0.0115
vn 0.2336 0.6661 -0.7083
vn 0.2630 0.6861 -0.6783
vn -0.2757 -0.8322 0.4811
vn 0.0240 -0.4979 0.8669
vn 0.1479 0.0007 -0.9890
vn 0.0807 0.6771 -0.7315
vn 0.2307 0.7807 -0.5807
vn -0.0015 0.6804 -0.7329
vn 0.2396 0.8367 -0.4925
vn 0.4300 0.6745 0.6002
vn 0.1777 -0.1026 0.9787
vn 0.2166 0.2192 0.9513
vn -0.9788 -0.0513 -0.1985
vn -0.8946 -0.3532 0.2737
vn -0.7895 -0.5877 0.1769
vn -0.5236 0.1953 -0.8293
vn -0.1072 -0.4946 0.8625
vn -0.4952 -0.7402 0.4548
vn 0.2305 0.7206 -0.6540
vn 0.1746 0.6955 -0.6970
vn 0.4359 0.8937 0.1063
vn 0.0904 0.7350 -0.6720
vn 0.2449 0.6518 -0.7178
vn -0.1850 -0.9382 0.2924
vn -0.4578 -0.5395 0.7066
vn 0.2970 0.5799 -0.7586
vn 0.1103 0.6629 -0.7406
vn 0.3217 0.3921 -0.8618
vn -0.2661 0.7048 -0.6576
vn -0.8965 0.4381 0.0661
vn -0.8397 -0.1270 0.5280
vn -0.9071 -0.0953 0.4100
vn 0.2945 -0.2698 -0.9168
vn 0.2119 -0.9636 0.1628
vn -0.0425 -0.9882 -0.1474
vn 0.2334 0.6445 -0.7282
vn 0.4354 -0.1788 -0.8823
vn 0.1696 0.7026 -0.6910
vn -0.5189 0.6971 -0.4947
vn 0.1648 0.7370 -0.6555
vn 0.2490 0.7007 -0.6686
vn -0.4771 -0.3659 0.7991
vn 0.0673 -0.7448 0.6639
vn 0.1757 0.8736 -0.4538
vn 0.4328 0.6015 -0.6714
vn 0.1130 0.8712 -0.4777
vn 0.3983 0.5917 -0.7009
vn 0.8772 -0.2239 -0.4247
vn 0.8335 -0.4810 0.2720
vn -0.3785 0.7972 0.4703
vn -0.5379 0.2188 0.8141
vn -0.6809 0.1453 0.7178
vn -0.1060 0.9879 -0.1129
vn 0.2749 0.7095 -0.6489
vn 0.8545 -0.0144 -0.5193
vn 0.1944 0.5989 0.7768
vn -0.7025 0.5132 0.4930
vn -0.0044 0.8824 -0.4706
vn 0.5746 0.8060 -0.1424
vn -0.7090 -0.3813 -0.5932
vn 0.0140 0.9731 0.2298
vn 0.0164 0.9841 0.1770
vn 0.0510 -0.9791 0.1970
vn 0.3541 0.8310 -0.4290
vn -0.5113 0.3219 0.7968
vn 0.3230 -0.8943 -0.3097
vn -0.0555 0.9730 0.2240
vn -0.1829 0.9274 0.3264
vn 0.1678 -0.5491 -0.8187
vn -0.6481 0.7506 -0.1286
vn 0.6094 0.5551 0.5661
vn 0.8018 -0.4258 0.4194
vn 0.6574 -0.6942 0.2930
vn 0.8716 0.0993 0.4800
vn -0.5458 -0.7084 -0.4475
vn -0.6475 -0.5272 -0.5502
vn -0.8714 0.3581 -0.3352
vn -0.3795 -0.3889 0.8395
vn -0.3965 -0.8799 0.2619
vn -0.5988 0.1091 0.7934
vn 0.6023 -0.3121 -0.7348
vn 0.5988 -0.1653 -0.7837
vn 0.5896 0.3107 -0.7455
vn 0.9095 -0.3372 -0.2431
vn 0.7873 -0.5330 -0.3100
vn 0.8726 0.4286 -0.2340
vn -0.2141 -0.4660 -0.8585
vn 0.0953 -0.4046 -0.9095
vn 0.0378 0.4621 -0.8860
vn -0.8606 -0.5043 0.0710
vn -0.7850 -0.6195 0.0006
vn -0.8567 0.3687 0.3608
vn 0.0588 -0.7563 0.6516
vn 0.1138 -0.8504 0.5137
vn 0.0531 0.2105 0.9762
vn 0.0561 0.8543 0.5167
vn -0.2039 0.9721 0.1159
vn 0.0917 0.9946 -0.0485
vn 0.2347 0.9718 -0.0237
vn -0.1058 0.8750 0.4725
vn 0.2021 0.9780 -0.0524
vn 0.2376 0.8914 0.3859
vn -0.2514 0.9614 0.1116
vn 0.0146 0.9353 0.3535
vn -0.1361 0.9781 0.1574
vn -0.1355 0.9899 -0.0406
vn -0.1058 0.9259 0.3626
vn 0.0571 0.9933 0.1004
vn 0.0635 0.9722 0.2254
vn -0.1334 0.9643 0.2286
vn 0.3174 -0.6565 -0.6843
vn 0.7883 -0.6145 0.0307
vn 0.0962 -0.9318 0.3500
vn -0.3164 -0.9287 -0.1933
vn 0.3906 -0.8963 -0.2100
vn -0.5938 -0.8018 -0.0671
vn 0.5242 -0.1229 -0.8426
vn -0.1175 -0.9641 0.2381
vn -0.2143 -0.9642 0.1560
vn 0.0762 -0.9965 0.0352
vn -0.2054 0.9105 0.3590
vn -0.2079 0.9689 0.1343
vn -0.0007 0.8020 0.5973
vn 0.0464 0.2101 0.9766
vn 0.2965 -0.7634 0.5739
vn 0.1616 -0.5531 0.8173
vn -0.7041 0.7099 -0.0163
vn -0.6979 -0.6281 -0.3442
vn -0.5954 -0.6078 -0.5254
vn 0.0685 0.9641 0.2565
vn -0.0682 0.9670 0.2454
vn 0.1078 -0.9942 -0.0025
vn -0.7539 -0.5893 -0.2903
vn -0.1540 0.6183 0.7708
vn 0.1071 -0.9220 0.3720
vn -0.1418 -0.9114 -0.3864
vn 0.1114 0.9681 0.2244
vn 0.0217 0.9929 0.1172
vn 0.1996 0.9447 0.2604
vn -0.0550 0.9984 -0.0115
vn -0.3404 0.5617 -0.7541
vn -0.3655 -0.4475 -0.8162
vn -0.3417 -0.6376 -0.6905
vn 0.7452 0.4731 0.4700
vn 0.8340 -0.5518 -0.0071
vn 0.8025 -0.5626 -0.1986
vn 0.6497 0.7038 0.2873
vn -0.3059 -0.5743 -0.7594
vn 0.3135 -0.9411 -0.1271
vn -0.0359 0.9831 0.1794
vn 0.0211 0.9691 0.2457
vn -0.1431 0.8970 -0.4182
vn 0.0866 0.9589 0.2702
vn -0.0991 -0.9255 0.3656
vn -0.0253 0.9617 0.2730
vn -0.0700 -0.9950 0.0709
vn 0.3878 -0.8920 -0.2324
vn 0.4751 -0.8544 -0.2104
vn -0.1779 0.8662 0.4669
vn 0.3982 0.8548 0.3328
vn 0.8082 -0.4107 -0.4221
vn 0.8730 -0.3546 -0.3349
vn -0.2959 0.1589 0.9419
vn -0.2602 -0.8689 0.4210
vn -0.4446 -0.3779 0.8121
vn -0.0154 0.9565 0.2912
vn -0.2752 0.3498 0.8955
vn 0.0245 0.9749 0.2213
vn 0.6167 0.7872 0.0073
vn -0.0542 0.9840 0.1695
vn 0.0509 -0.9985 0.0189
vn -0.0464 0.9702 0.2379
vn -0.0219 -0.9979 0.0606
vn 0.2496 -0.7697 -0.5876
vn -0.3797 -0.9215 -0.0817
vn -0.2268 -0.9568 0.1821
vn 0.1756 -0.5381 -0.8244
vn -0.1219 0.9429 0.3099
vn 0.0402 0.9915 -0.1237
vn -0.2352 0.8886 0.3938
vn -0.8205 0.1187 0.5592
vn -0.6960 -0.6296 0.3453
vn -0.7957 -0.5478 0.2586
vn 0.3701 0.3262 -0.8699
vn 0.3558 -0.0175 -0.9344
vn 0.3963 -0.4787 -0.7835
vn -0.0519 0.9761 0.2110
vn 0.2659 0.8895 -0.3716
vn 0.0028 0.9802 0.1982
vn -0.6948 0.6375 0.3330
vn -0.4614 0.8795 0.1168
vn 0.0424 0.5976 -0.8007
vn 0.7847 0.5651 -0.2548
vn 0.2992 0.7303 0.6141
vn 0.0133 -0.9832 -0.1819
vn 0.2506 0.9642 -0.0871
vn 0.3133 0.9455 -0.0884
vn -0.7118 -0.6833 0.1630
vn 0.7281 0.6497 0.2184
vn -0.5204 0.6486 -0.5555
vn -0.2729 -0.8688 0.4131
vn 0.2877 0.9448 -0.1566
vn 0.2092 0.9383 -0.2754
vn 0.1818 -0.9813 0.0630
vn 0.6938 0.3594 -0.6241
vn -0.4830 0.7460 0.4584
vn -0.7678 -0.2411 0.5936
vn -0.7730 -0.2252 0.5930
vn -0.6387 0.4073 0.6529
vn 0.4876 -0.6699 -0.5599
vn 0.4591 -0.7530 -0.4714
vn 0.7118 -0.0579 -0.7000
vn -0.9696 -0.1687 -0.1775
vn -0.6025 -0.7403 -0.2982
vn -0.6188 0.4431 -0.6487
vn 0.4603 -0.7334 0.5003
vn 0.3573 -0.7376 0.5730
vn 0.8106 -0.0086 0.5855
vn -0.3100 -0.2126 0.9267
vn -0.3003 -0.3736 0.8777
vn 0.1016 0.4740 0.8746
vn 0.7581 -0.6242 -0.1887
vn 0.7502 -0.6564 0.0799
vn 0.9966 -0.0678 -0.0459
vn -0.0522 -0.4710 -0.8806
vn -0.0283 -0.7975 -0.6027
vn 0.1855 0.3340 -0.9241
vn -0.9607 -0.2349 0.1476
vn -0.8868 -0.4116 0.2102
vn -0.8020 0.5944 0.0593
vn -0.1521 0.9879 0.0314
vn 0.4618 0.8336 -0.3030
vn 0.6216 0.7398 -0.2574
vn 0.2607 0.9597 0.1050
vn -0.0135 0.9829 -0.1839
vn 0.4862 0.8693 0.0885
vn -0.0595 0.9875 0.1458
vn 0.4787 0.8068 -0.3464
vn 0.0943 0.9926 -0.0761
vn 0.2644 0.9298 -0.2560
vn 0.5530 0.8324 -0.0361
vn 0.1493 0.9657 -0.2122
vn 0.3845 0.9217 -0.0523
vn 0.1943 0.9798 -0.0465
vn 0.3501 0.9141 -0.2046
vn -0.3971 -0.7831 0.4785
vn -0.2832 -0.9500 -0.1312
vn 0.0050 -0.9465 0.3227
vn -0.3675 -0.9274 -0.0698
vn 0.1750 0.9392 -0.2954
vn -0.2249 0.9723 -0.0629
vn -0.9467 0.3017 0.1126
vn -0.9208 -0.2160 0.3247
vn -0.9790 0.0088 0.2035
vn 0.6150 0.3851 -0.6881
vn 0.3585 -0.6832 -0.6361
vn 0.5493 -0.6324 -0.5463
vn 0.1920 0.9809 -0.0305
vn 0.2668 0.9490 -0.1677
vn -0.5495 -0.8073 0.2152
vn 0.0839 -0.9956 -0.0423
vn -0.5616 0.8153 -0.1410
vn 0.1970 0.9804 0.0069
vn 0.3807 0.9206 -0.0867
vn 0.1561 0.9799 0.1242
vn 0.6686 0.7424 -0.0435
vn 0.9455 -0.0075 -0.3256
vn 0.5514 -0.8007 -0.2341
vn 0.7255 -0.6208 -0.2970
vn -0.4788 0.6688 0.5687
vn -0.5691 -0.2506 0.7831
vn -0.4146 -0.3916 0.8215
vn -0.3251 0.6890 0.6477
vn 0.0370 -0.9993 -0.0000
vn 0.3299 0.9349 -0.1306
vn 0.2278 0.9705 -0.0788
vn 0.8206 0.5609 -0.1092
vn 0.1660 0.9861 -0.0113
vn 0.2147 0.9689 -0.1230
vn -0.6215 -0.7685 0.1521
vn -0.3023 -0.8256 0.4764
vn -0.0446 0.9805 -0.1915
vn -0.0889 0.9509 0.2965
vn -0.1793 -0.5175 0.8367
vn -0.0042 -0.4782 0.8782
vn -0.7852 0.5621 -0.2599
vn -0.7365 -0.6647 -0.1257
vn -0.9256 0.0206 -0.3778
vn -0.5998 0.7555 -0.2634
vn 0.2563 0.9635 -0.0773
vn 0.1327 0.8349 0.5341
vn 0.3517 0.9226 -0.1587
vn 0.2671 0.9525 -0.1466
vn -0.1310 -0.9026 0.4102
vn -0.1735 -0.9755 -0.1350
vn 0.4827 0.8620 -0.1546
vn 0.2660 0.9414 -0.2073
vn 0.5662 0.8238 -0.0274
vn 0.1388 0.9363 -0.3225
vn -0.2187 0.2578 -0.9411
vn -0.4481 -0.4341 -0.7815
vn -0.0510 -0.5719 -0.8187
vn 0.9561 -0.0741 0.2837
vn 0.5141 -0.8244 0.2369
vn 0.6910 -0.5672 0.4480
vn 0.3018 0.9409 -0.1539
vn 0.7909 0.5853 0.1783
vn 0.2940 0.9505 -0.1005
vn 0.2809 0.5807 -0.7641
vn 0.4161 0.7919 0.4470
vn -0.5273 0.6166 0.5846
vn -0.4958 0.6237 -0.6043
vn 0.3519 0.7468 -0.5644
vn -0.2615 -0.9639 0.0505
vn -0.0396 0.9978 -0.0539
vn -0.0620 0.9926 -0.1046
vn 0.2846 -0.8687 0.4055
vn 0.0159 0.7380 -0.6746
vn -0.1852 0.5295 0.8278
vn 0.3088 -0.9356 -0.1710
vn -0.1073 0.9937 -0.0315
vn -0.1753 0.9770 0.1217
vn -0.1183 -0.9515 -0.2839
vn -0.7638 0.6435 -0.0505
vn 0.7087 0.6964 0.1132
vn 0.9566 -0.2454 0.1572
vn 0.8253 -0.5374 0.1734
vn 0.9660 0.2533 0.0520
vn -0.8012 -0.5983 -0.0157
vn -0.7069 -0.7030 -0.0780
vn -0.9776 0.2063 -0.0427
vn 0.0682 -0.1324 0.9888
vn -0.1210 -0.7761 0.6189
vn -0.2359 0.3228 0.9166
vn 0.1571 -0.6240 -0.7654
vn 0.2356 -0.6436 -0.7282
vn 0.1821 0.0935 -0.9788
vn 0.7951 -0.3634 -0.4855
vn 0.6853 -0.5746 -0.4475
vn 0.6504 0.3670 -0.6650
vn -0.5585 -0.5317 -0.6367
vn -0.2684 -0.5420 -0.7964
vn -0.4094 0.1739 -0.8956
vn -0.6778 -0.3589 0.6417
vn -0.6357 -0.6124 0.4698
vn -0.7041 0.4321 0.5635
vn 0.4452 -0.5140 0.7332
vn 0.4532 -0.6423 0.6182
vn 0.4270 0.4787 0.7672
vn 0.1421 0.9665 0.2136
vn -0.2925 0.9538 -0.0681
vn -0.3248 0.9127 -0.2479
vn 0.0578 0.9287 -0.3662
vn -0.0315 0.9717 0.2341
vn 0.0138 0.9248 -0.3802
vn 0.2493 0.9683 0.0170
vn -0.3369 0.9402 -0.0503
vn 0.0204 0.9977 0.0653
vn -0.2124 0.9754 -0.0599
vn -0.1080 0.9316 -0.3470
vn 0.0426 0.9877 -0.1506
vn -0.0871 0.9885 0.1236
vn -0.0584 0.9798 -0.1910
vn 0.0051 0.9970 -0.0772
vn -0.1770 0.9842 0.0057
vn 0.4146 -0.9035 -0.1086
vn -0.1265 -0.9652 0.2287
vn 0.1437 -0.9345 -0.3256
vn -0.0421 -0.9622 0.2690
vn -0.1797 0.9700 0.1640
vn 0.1318 0.9381 0.3204
vn 0.4212 0.4784 0.7705
vn 0.6260 -0.5315 0.5707
vn 0.5711 -0.2697 0.7753
vn -0.7648 0.6393 0.0794
vn -0.7802 -0.6021 0.1697
vn -0.8278 -0.5542 -0.0868
vn 0.0244 0.9985 -0.0494
vn -0.1090 0.9940 -0.0059
vn 0.2549 -0.9434 0.2120
vn -0.1736 -0.9774 -0.1203
vn 0.0921 0.8091 0.5804
vn 0.0502 0.9941 -0.0960
vn -0.0842 0.9832 -0.1619
vn 0.1519 0.9840 -0.0929
vn -0.2947 0.8835 -0.3641
vn -0.7027 0.2884 -0.6504
vn -0.5232 -0.7588 -0.3878
vn -0.6685 -0.5376 -0.5139
vn 0.8031 0.5959 -0.0012
vn 0.8489 -0.4932 -0.1903
vn 0.7483 -0.5662 -0.3456
vn 0.6151 0.7670 -0.1827
vn -0.1143 -0.9852 -0.1277
vn 0.3848 -0.9230 0.0068
vn -0.1099 0.9906 -0.0814
vn -0.0254 0.9988 -0.0416
vn -0.2944 0.7749 -0.5594
vn 0.0481 0.9979 -0.0431
vn -0.0560 0.9984 0.0029
vn 0.1207 -0.9297 0.3480
vn 0.3721 -0.9079 -0.1930
vn -0.1002 0.9603 0.2602
vn 0.3811 0.9208 -0.0836
vn 0.6402 -0.4930 -0.5891
vn 0.5743 -0.5005 -0.6478
vn 0.1046 0.4184 0.9022
vn 0.0560 -0.7794 0.6240
vn -0.0060 -0.1325 0.9912
vn -0.0380 0.9991 0.0165
vn 0.0744 0.5871 0.8061
vn -0.0338 0.9972 -0.0661
vn 0.4577 0.7718 -0.4414
vn -0.1314 0.9878 -0.0831
vn -0.0923 0.9955 -0.0221
vn 0.2557 -0.9252 -0.2803
vn -0.1589 -0.9737 0.1633
vn -0.0508 0.9792 -0.1967
vn -0.1277 0.9887 0.0789
vn -0.1706 0.9085 -0.3815
vn -0.1892 0.9587 0.2124
vn -0.5494 0.2557 0.7955
vn -0.3473 -0.6599 0.6662
vn -0.6728 -0.3994 0.6228
vn -0.0801 0.0636 -0.9948
vn -0.0659 -0.7324 -0.6777
vn 0.0701 -0.4281 -0.9010
vn -0.1101 0.9929 -0.0452
vn -0.0508 0.7456 -0.6644
vn -0.0650 0.9947 -0.0793
vn -0.6061 0.6847 0.4048
vn -0.7252 0.5989 -0.3395
vn 0.0610 0.5132 -0.8561
vn 0.3678 0.8824 0.2936
vn -0.2522 0.8060 0.5356
vn 0.9076 -0.3813 -0.1755
vn -0.1871 0.9731 -0.1342
vn -0.1476 0.9841 -0.0990
vn -0.1850 -0.9791 -0.0848
vn 0.1092 0.8310 0.5454
vn -0.2953 0.3219 -0.8996
vn 0.0363 -0.8943 0.4460
vn -0.1387 0.9730 -0.1844
vn -0.1378 0.9274 -0.3478
vn 0.5291 -0.5491 0.6469
vn 0.5088 0.7506 -0.4215
vn -0.8237 0.5551 0.1154
vn -0.8313 -0.4258 0.3572
vn -0.6422 -0.6942 0.3250
vn -0.9225 0.0993 0.3731
vn 0.6916 -0.7084 -0.1410
vn 0.8355 -0.5272 -0.1550
vn 0.8100 0.3581 -0.4644
vn -0.4116 -0.3889 -0.8242
vn 0.0471 -0.8799 -0.4728
vn -0.2375 0.1091 -0.9652
vn 0.1898 -0.3121 0.9309
vn 0.2299 -0.1653 0.9591
vn 0.2061 0.3107 0.9279
vn -0.3855 -0.3372 0.8589
vn -0.2564 -0.5330 0.8063
vn -0.3693 0.4286 0.8246
vn 0.8010 -0.4660 0.3758
vn 0.6453 -0.4046 0.6480
vn 0.6634 0.4621 0.5885
vn 0.4881 -0.5043 -0.7123
vn 0.4950 -0.6195 -0.6093
vn 0.2609 0.3687 -0.8922
vn -0.5425 -0.7563 -0.3657
vn -0.4703 -0.8504 -0.2359
vn -0.7907 0.2105 -0.5749
vn -0.4362 0.8543 -0.2826
vn 0.0388 0.9721 -0.2313
vn -0.0203 0.9946 0.1018
vn -0.1297 0.9718 0.1970
vn -0.2997 0.8750 -0.3803
vn -0.0869 0.9780 0.1898
vn -0.4493 0.8914 -0.0593
vn 0.0721 0.9614 -0.2655
vn -0.2835 0.9353 -0.2118
vn -0.0362 0.9781 -0.2048
vn 0.1170 0.9899 -0.0795
vn -0.2145 0.9259 -0.3110
vn -0.1139 0.9933 -0.0190
vn -0.2149 0.9722 -0.0930
vn -0.0931 0.9643 -0.2478
vn 0.3305 -0.6565 0.6781
vn -0.5214 -0.6145 0.5921
vn -0.3322 -0.9318 -0.1463
vn 0.3496 -0.9287 -0.1234
vn -0.0837 -0.8963 0.4355
vn 0.4268 -0.8018 -0.4183
vn 0.3227 -0.1229 0.9385
vn -0.1105 -0.9641 -0.2414
vn 0.0143 -0.9642 -0.2647
vn -0.0754 -0.9965 0.0369
vn -0.1488 0.9105 -0.3859
vn -0.4628 0.8020 -0.3776
vn -0.7868 0.2101 -0.5804
vn -0.6323 -0.7634 -0.1322
vn -0.7360 -0.5531 -0.3905
vn 0.4570 0.7099 -0.5359
vn 0.7075 -0.6281 -0.3240
vn 0.7833 -0.6078 -0.1302
vn -0.2422 0.9641 -0.1088
vn -0.1473 0.9670 -0.2078
vn -0.0661 -0.9942 0.0852
vn 0.7011 -0.5893 -0.4015
vn -0.5007 0.6183 -0.6059
vn -0.3561 -0.9220 -0.1518
vn 0.3892 -0.9114 0.1339
vn -0.2444 0.9681 -0.0552
vn -0.1046 0.9929 -0.0571
vn -0.3279 0.9447 -0.0095
vn 0.0436 0.9984 -0.0354
vn 0.7997 0.5617 0.2119
vn 0.8638 -0.4475 0.2316
vn 0.7512 -0.6376 0.1708
vn -0.8349 0.4731 0.2814
vn -0.5208 -0.5518 0.6514
vn -0.3525 -0.5626 0.7478
vn -0.6329 0.7038 0.3226
vn 0.7821 -0.5743 0.2420
vn -0.0992 -0.9411 0.3234
vn -0.1165 0.9831 -0.1411
vn -0.2039 0.9691 -0.1387
vn 0.4147 0.8970 0.1529
vn -0.2642 0.9589 -0.1034
vn -0.2211 -0.9255 -0.3076
vn -0.1958 0.9617 -0.1919
vn -0.0108 -0.9950 -0.0991
vn -0.0645 -0.8920 0.4475
vn -0.1366 -0.8544 0.5013
vn -0.2499 0.8662 -0.4327
vn -0.5095 0.8548 0.0988
vn -0.1827 -0.4107 0.8933
vn -0.2912 -0.3546 0.8885
vn -0.5439 0.1589 -0.8240
vn -0.1623 -0.8689 -0.4675
vn -0.3493 -0.3779 -0.8574
vn -0.2162 0.9565 -0.1957
vn -0.5209 0.3498 -0.7787
vn -0.1871 0.9749 -0.1207
vn -0.3949 0.7872 0.4737
vn -0.0973 0.9840 -0.1491
vn -0.0468 -0.9985 0.0276
vn -0.1552 0.9702 -0.1861
vn -0.0331 -0.9979 -0.0552
vn 0.2982 -0.7697 0.5644
vn 0.3030 -0.9215 -0.2429
vn 0.0019 -0.9568 -0.2909
vn 0.5286 -0.5381 0.6565
vn -0.1635 0.9429 -0.2902
vn 0.0705 0.9915 0.1093
vn -0.1570 0.8886 -0.4310
vn 0.0841 0.1187 -0.9894
vn 0.1714 -0.6296 -0.7578
vn 0.3016 -0.5478 -0.7804
vn 0.4411 0.3262 0.8361
vn 0.5002 -0.0175 0.8657
vn 0.3576 -0.4787 0.8019
vn -0.1309 0.9761 -0.1734
vn 0.1205 0.8895 0.4408
vn -0.1555 0.9802 -0.1229
vn 0.1803 0.6375 -0.7491
vn -0.5375 0.8129 0.2243
vn -0.5544 0.4987 -0.6663
vn 0.6273 0.7053 -0.3302
vn 0.4748 0.8232 0.3113
vn 0.2626 -0.6460 -0.7168
vn -0.0001 0.9860 -0.1669
vn 0.0522 0.9823 -0.1799
vn -0.3797 -0.8636 0.3318
vn 0.6825 0.7303 0.0293
vn -0.8226 0.4338 -0.3675
vn 0.1902 -0.8748 0.4456
vn -0.0150 0.9722 -0.2336
vn -0.1576 0.9350 -0.3177
vn 0.6934 -0.7144 0.0942
vn 0.0918 0.5626 -0.8216
vn -0.2290 0.7857 0.5747
vn -0.2475 -0.1491 0.9573
vn -0.2300 -0.4626 0.8562
vn -0.1703 0.3764 0.9107
vn 0.1041 -0.8873 -0.4494
vn 0.2091 -0.7616 -0.6134
vn 0.1341 0.0960 -0.9863
vn -0.9770 -0.2041 -0.0615
vn -0.5499 -0.8296 -0.0974
vn -0.8910 0.2164 -0.3991
vn 0.7935 -0.3919 0.4655
vn 0.8697 -0.2670 0.4150
vn 0.9342 0.1922 0.3006
vn 0.4202 -0.2279 0.8784
vn 0.4045 -0.4526 0.7947
vn 0.5661 0.4928 0.6608
vn 0.6365 -0.7128 -0.2945
vn 0.7879 -0.6151 -0.0308
vn 0.9360 0.2014 -0.2886
vn -0.4270 -0.6069 -0.6703
vn -0.3641 -0.7220 -0.5883
vn -0.5075 0.2990 -0.8081
vn -0.7528 -0.5271 0.3943
vn -0.6285 -0.6443 0.4357
vn -0.8483 0.4754 0.2331
vn -0.2806 0.9594 -0.0297
vn 0.0419 0.9161 -0.3988
vn 0.2865 0.9436 -0.1657
vn 0.3004 0.9536 -0.0198
vn -0.2824 0.9387 -0.1976
vn 0.3189 0.9460 -0.0589
vn -0.0976 0.9901 0.1006
vn 0.0297 0.8965 -0.4420
vn -0.1233 0.9841 -0.1275
vn 0.0245 0.9449 -0.3265
vn 0.2116 0.9020 -0.3763
vn -0.1691 0.9569 -0.2363
vn 0.1375 0.9771 -0.1622
vn 0.0183 0.9925 -0.1211
vn -0.0441 0.9518 -0.3036
vn 0.5888 -0.7533 0.2930
vn 0.0698 -0.4363 0.8971
vn -0.4987 -0.7692 0.3995
vn -0.1129 -0.9864 -0.1194
vn 0.1168 -0.8377 0.5335
vn -0.2844 -0.8799 -0.3807
vn 0.9120 -0.2559 0.3206
vn -0.4641 -0.8674 0.1796
vn -0.4161 -0.9067 0.0689
vn -0.2253 -0.9199 0.3209
vn -0.1982 0.9240 -0.3270
vn -0.3836 0.9221 -0.0513
vn -0.8508 0.4740 0.2270
vn -0.6123 -0.5138 0.6009
vn -0.8332 -0.2716 0.4816
vn -0.0381 0.5451 -0.8375
vn -0.0193 -0.8094 -0.5869
vn 0.1838 -0.8220 -0.5389
vn -0.0110 0.9942 -0.1071
vn -0.0400 0.9702 -0.2389
vn -0.1805 -0.9226 0.3410
vn -0.0775 -0.7677 -0.6361
vn -0.6297 0.7691 -0.1093
vn -0.5140 -0.7520 0.4127
vn 0.1218 -0.9925 -0.0058
vn 0.0324 0.9966 -0.0754
vn 0.1113 0.9752 -0.1914
vn 0.0197 0.9996 0.0219
vn 0.2099 0.9319 -0.2958
vn 0.7238 0.2661 -0.6366
vn 0.5567 -0.7100 -0.4313
vn 0.4055 -0.8514 -0.3328
vn -0.1174 0.7054 0.6990
vn 0.1320 -0.3794 0.9158
vn 0.2988 -0.4474 0.8429
vn 0.0746 0.8571 0.5097
vn 0.4939 -0.8041 -0.3309
vn 0.0073 -0.8708 0.4916
vn 0.0344 0.9730 -0.2283
vn -0.0137 0.9878 -0.1554
vn 0.5410 0.7095 -0.4516
vn -0.0195 0.9961 -0.0855
vn -0.5692 -0.7927 0.2182
vn -0.0543 0.9801 -0.1907
vn -0.3012 -0.9341 0.1916
vn 0.1378 -0.8402 0.5244
vn 0.1509 -0.7836 0.6027
vn -0.3003 0.9164 -0.2646
vn -0.0090 0.9688 0.2477
vn 0.5414 -0.3639 0.7579
vn 0.4913 -0.2757 0.8262
vn -0.9298 0.3567 -0.0907
vn -0.6558 -0.7521 0.0663
vn -0.9682 -0.2124 -0.1320
vn -0.0695 0.9820 -0.1757
vn -0.8393 0.5282 -0.1286
vn 0.0113 0.9871 -0.1595
vn 0.3437 0.8537 0.3914
vn 0.0384 0.9680 -0.2481
vn -0.2180 -0.9307 0.2937
vn -0.0259 0.9749 -0.2210
vn -0.2780 -0.9314 0.2351
vn 0.4544 -0.8457 0.2798
vn -0.2339 -0.9600 -0.1539
vn -0.4424 -0.8947 0.0616
vn 0.7033 -0.7042 0.0974
vn 0.1423 0.9778 -0.1541
vn -0.1211 0.9557 -0.2682
vn 0.3408 0.9112 -0.2314
vn -0.2441 0.9076 -0.3415
vn -0.7357 0.1231 -0.6661
vn -0.6614 -0.6218 -0.4195
vn -0.5922 -0.5854 -0.5537
vn 0.9890 0.1348 0.0606
vn 0.9709 -0.2105 0.1147
vn 0.7427 -0.5985 0.3004
vn -0.0012 0.9722 -0.2341
vn 0.6159 0.7860 -0.0541
vn 0.0276 0.9820 -0.1867
vn -0.3762 0.5738 -0.7275
vn -0.7308 0.4296 -0.5305
vn 0.2005 0.6974 -0.6881
vn 0.3618 0.8742 0.3237
vn -0.5589 0.6498 0.5152
vn 0.5548 -0.8238 0.1165
vn -0.2468 0.9550 -0.1643
vn -0.2142 0.9696 -0.1185
vn -0.0829 -0.9859 -0.1452
vn -0.1067 0.8349 0.5400
vn -0.1020 0.3335 -0.9372
vn -0.0087 -0.9177 0.3971
vn -0.1797 0.9645 -0.1937
vn -0.1294 0.9299 -0.3442
vn 0.4538 -0.7630 0.4602
vn 0.5266 0.8294 -0.1867
vn -0.9362 0.3219 -0.1413
vn -0.6401 -0.7647 0.0741
vn -0.6156 -0.7849 0.0700
vn -0.9856 -0.1625 0.0465
vn 0.9115 -0.3980 0.1042
vn 0.9336 -0.3409 0.1102
vn 0.8311 0.5381 -0.1402
vn -0.1675 -0.6479 -0.7431
vn 0.2595 -0.8619 -0.4356
vn 0.0086 0.1050 -0.9944
vn 0.1453 -0.5277 0.8369
vn 0.0610 -0.4715 0.8798
vn -0.0558 0.2707 0.9610
vn -0.4766 -0.6614 0.5792
vn -0.4384 -0.6443 0.6267
vn -0.6832 0.2959 0.6676
vn 0.7577 -0.2923 0.5836
vn 0.5487 -0.1396 0.8243
vn 0.4543 0.5675 0.6867
vn 0.6900 -0.4906 -0.5322
vn 0.7244 -0.5984 -0.3422
vn 0.4889 0.4963 -0.7174
vn -0.2626 -0.8862 -0.3818
vn -0.3221 -0.8835 -0.3400
vn -0.6706 0.0249 -0.7414
vn -0.5148 0.7790 -0.3579
vn 0.0211 0.9844 -0.1749
vn 0.0875 0.9961 -0.0087
vn -0.2777 0.9476 0.1578
vn -0.2942 0.8508 -0.4354
vn -0.2290 0.9596 0.1637
vn -0.5542 0.8117 -0.1847
vn 0.0651 0.9788 -0.1939
vn -0.3288 0.9049 -0.2704
vn -0.1182 0.9500 -0.2891
vn -0.1130 0.9874 0.1107
vn -0.2235 0.9141 -0.3383
vn -0.2006 0.9791 -0.0345
vn -0.3024 0.9376 -0.1718
vn -0.1121 0.9654 -0.2356
vn 0.1188 -0.9288 0.3510
vn 0.4594 -0.8882 -0.0031
vn -0.1285 -0.9308 0.3422
vn 0.3826 -0.9233 -0.0329
vn 0.1811 -0.8283 0.5302
vn 0.2866 -0.9563 -0.0577
vn 0.4387 -0.8555 0.2749
vn 0.2718 -0.9623 -0.0023
vn -0.1294 0.9143 -0.3839
vn -0.4698 0.7336 -0.4910
vn -0.6211 -0.3597 -0.6963
vn -0.4915 -0.8214 -0.2894
vn -0.4267 -0.8024 -0.4172
vn 0.5189 0.8004 -0.3002
vn 0.9420 -0.2967 -0.1566
vn 0.9289 -0.3564 0.1006
vn -0.3144 0.9357 -0.1599
vn -0.1820 0.9588 -0.2182
vn -0.0078 -0.9993 0.0368
vn 0.4936 -0.8169 0.2983
vn -0.4290 0.5427 -0.7221
vn 0.3763 -0.8836 0.2787
vn -0.3325 0.9366 -0.1109
vn -0.1798 0.9815 -0.0661
vn -0.4375 0.8940 -0.0967
vn -0.0314 0.9790 0.2015
vn 0.6319 0.6703 0.3891
vn 0.8149 -0.3704 0.4459
vn 0.8594 -0.2690 0.4349
vn -0.9745 0.2245 0.0024
vn -0.6252 -0.6804 0.3822
vn -0.3903 -0.7466 0.5388
vn -0.9287 0.3186 0.1897
vn 0.4344 -0.8436 0.3155
vn -0.1096 -0.9656 0.2360
vn -0.1684 0.9748 -0.1464
vn -0.2638 0.9487 -0.1743
vn 0.1381 0.9453 0.2954
vn -0.3401 0.9263 -0.1625
vn -0.0310 -0.9898 0.1392
vn -0.2392 0.9456 -0.2207
vn 0.1221 -0.9908 -0.0582
vn 0.0997 -0.9889 -0.1099
vn -0.0755 -0.9050 0.4187
vn 0.0227 -0.9969 0.0753
vn -0.0083 -0.9553 0.2955
vn -0.2234 0.8558 -0.4666
vn -0.6628 0.7467 -0.0562
vn -0.4075 -0.5220 0.7493
vn -0.2309 -0.6109 0.7573
vn -0.3641 0.0577 -0.9296
vn 0.0806 -0.9125 -0.4010
vn 0.1065 -0.8398 -0.5323
vn -0.2603 0.9374 -0.2314
vn -0.3743 0.2621 -0.8895
vn -0.2507 0.9561 -0.1518
vn -0.6424 0.6895 0.3347
vn -0.1455 0.9784 -0.1471
vn -0.1970 0.9596 -0.2010
vn 0.3245 -0.9451 -0.0391
vn 0.0570 -0.8669 0.4953
vn 0.4302 -0.9024 0.0260
vn 0.1716 -0.8980 0.4052
vn -0.1747 0.9378 -0.3001
vn -0.0399 0.9899 0.1357
vn -0.1238 0.8946 -0.4294
vn 0.3682 0.2098 -0.9058
vn 0.4617 -0.4408 -0.7698
vn 0.7134 -0.5589 -0.4228
vn 0.2029 0.4015 0.8931
vn 0.3927 -0.4479 0.8032
vn 0.2238 -0.3606 0.9055
vn -0.1745 0.9679 -0.1809
vn -0.0703 0.8926 0.4453
vn -0.2158 0.9659 -0.1431
vn 0.3368 0.7262 -0.5993
vn -0.3425 0.8020 -0.4894
vn 0.6262 0.6645 -0.4079
vn 0.5618 0.5445 0.6229
vn -0.3904 0.7086 0.5878
vn 0.1504 -0.9876 -0.0458
vn 0.1848 0.9787 0.0894
vn 0.2068 0.9680 0.1422
vn -0.4049 -0.7998 -0.4431
vn 0.0732 0.6696 0.7391
vn 0.2886 0.5271 -0.7993
vn -0.4603 -0.8822 0.0995
vn 0.2558 0.9638 0.0755
vn 0.3282 0.9421 -0.0684
vn -0.0093 -0.9601 0.2795
vn 0.8290 0.5371 0.1558
vn -0.6704 0.7177 -0.1882
vn -0.8749 -0.4081 -0.2608
vn -0.8597 -0.4357 -0.2667
vn -0.9471 0.2760 -0.1635
vn 0.6299 -0.7663 0.1268
vn 0.6694 -0.7270 0.1529
vn 0.9768 0.1397 0.1620
vn -0.1910 -0.3452 -0.9189
vn 0.0238 -0.7808 -0.6243
vn 0.3162 0.2901 -0.9032
vn -0.2962 -0.6960 0.6542
vn -0.3613 -0.6187 0.6976
vn -0.2077 0.0670 0.9759
vn -0.8278 -0.4909 0.2716
vn -0.8004 -0.5021 0.3275
vn -0.6749 0.4210 0.6061
vn 0.4036 -0.7039 0.5845
vn 0.2107 -0.5280 0.8227
vn 0.4302 0.1615 0.8882
vn 0.5710 -0.6223 -0.5354
vn 0.5096 -0.7704 -0.3831
vn 0.8141 0.3687 -0.4487
vn -0.4626 -0.5863 -0.6650
vn -0.5256 -0.5666 -0.6346
vn -0.3842 0.4635 -0.7985
vn -0.0665 0.9799 -0.1883
vn 0.4362 0.8902 0.1314
vn 0.4545 0.8380 0.3020
vn 0.0675 0.9203 0.3854
vn 0.1770 0.9628 -0.2043
vn 0.1136 0.9084 0.4023
vn -0.1359 0.9905 -0.0219
vn 0.4782 0.8701 0.1190
vn 0.1220 0.9918 -0.0385
vn 0.3307 0.9437 -0.0087
vn 0.2412 0.8932 0.3795
vn 0.0943 0.9799 0.1757
vn 0.2372 0.9679 -0.0826
vn 0.1997 0.9534 0.2262
vn 0.1310 0.9890 0.0682
vn 0.3274 0.9437 0.0471
vn -0.3389 -0.9380 0.0734
vn 0.0740 -0.9784 -0.1928
vn -0.5565 -0.8305 0.0246
vn 0.0008 -0.9699 -0.2437
vn -0.2944 -0.9131 0.2819
vn -0.0899 -0.9521 -0.2923
vn -0.0073 -0.9971 0.0752
vn -0.1203 -0.9622 -0.2444
vn 0.3330 0.9364 -0.1103
vn -0.0076 0.9475 -0.3198
vn -0.4972 0.0953 -0.8624
vn -0.6661 -0.4488 -0.5958
vn -0.5670 -0.4343 -0.7000
vn 0.8420 0.5380 0.0391
vn 0.7657 -0.6378 -0.0836
vn 0.6619 -0.7366 0.1386
vn 0.1164 0.9902 0.0770
vn 0.2582 0.9648 0.0503
vn -0.3926 -0.8811 -0.2637
vn 0.0496 -0.9918 0.1175
vn 0.0193 0.8090 -0.5875
vn -0.0741 -0.9954 0.0603
vn 0.0875 0.9889 0.1204
vn 0.2276 0.9529 0.2006
vn -0.0254 0.9942 0.1042
vn 0.2858 0.8320 0.4755
vn 0.7067 0.2350 0.6673
vn 0.4622 -0.7694 0.4409
vn 0.5427 -0.6975 0.4679
vn -0.7798 0.6198 -0.0882
vn -0.9134 -0.4032 0.0566
vn -0.7724 -0.5950 0.2222
vn -0.7546 0.6445 0.1234
vn -0.0176 -0.9931 0.1162
vn -0.5241 -0.8477 -0.0826
vn 0.2569 0.9583 0.1249
vn 0.1701 0.9825 0.0754
vn 0.3979 0.7098 0.5813
vn 0.0908 0.9936 0.0676
vn -0.4373 -0.8835 -0.1682
vn 0.2033 0.9785 0.0348
vn -0.2486 -0.9108 -0.3296
vn -0.2537 -0.8890 -0.3813
vn -0.5205 -0.8464 0.1128
vn -0.3751 -0.9001 -0.2218
vn -0.4466 -0.8947 -0.0073
vn 0.2500 0.9427 -0.2207
vn -0.2914 0.9546 0.0622
vn -0.7602 -0.4331 0.4842
vn -0.6393 -0.5895 0.4939
vn -0.0494 0.3973 -0.9163
vn -0.1631 -0.7545 -0.6356
vn -0.0773 -0.6754 -0.7334
vn 0.1844 0.9827 0.0189
vn 0.0076 0.5730 -0.8195
vn 0.1784 0.9788 0.1009
vn -0.4006 0.8162 0.4163
vn 0.2787 0.9517 0.1289
vn 0.2406 0.9685 0.0643
vn -0.0572 -0.9624 -0.2655
vn -0.4095 -0.8860 0.2176
vn 0.0349 -0.9841 -0.1744
vn -0.2952 -0.9448 0.1421
vn 0.2790 0.9597 -0.0318
vn 0.3001 0.8586 0.4156
vn 0.3428 0.9260 -0.1582
vn 0.6504 0.2079 -0.7306
vn 0.4518 -0.4312 -0.7810
vn 0.5365 -0.7146 -0.4490
vn 0.0890 0.0831 0.9926
vn -0.0378 -0.7265 0.6861
vn -0.1824 -0.5973 0.7810
vn 0.2583 0.9619 0.0893
vn 0.1528 0.7236 0.6731
vn 0.2107 0.9704 0.1177
vn 0.7337 0.6126 -0.2938
vn 0.5461 0.8165 -0.1872
vn 0.1939 0.6814 0.7057
vn -0.8104 0.5809 0.0765
vn -0.3514 0.6827 -0.6406
vn -0.0297 -0.9476 0.3181
vn -0.1289 0.9896 -0.0634
vn -0.1835 0.9806 -0.0695
vn 0.5474 -0.8366 0.0217
vn -0.6167 0.6738 -0.4070
vn 0.5825 0.6068 0.5409
vn 0.0694 -0.9557 -0.2861
vn -0.1440 0.9896 0.0064
vn -0.0462 0.9886 0.1436
vn -0.2443 -0.9694 0.0249
vn -0.4732 0.6580 0.5858
vn 0.4150 0.6832 -0.6009
vn 0.6382 -0.2577 -0.7255
vn 0.6034 -0.5431 -0.5839
vn 0.5215 0.2291 -0.8219
vn -0.3847 -0.5740 0.7229
vn -0.3835 -0.6867 0.6176
vn -0.5482 0.2295 0.8042
vn 0.8913 -0.0451 0.4511
vn 0.5177 -0.7137 0.4718
vn 0.6457 0.4104 0.6439
vn -0.5374 -0.6944 -0.4785
vn -0.4642 -0.7128 -0.5257
vn -0.7526 0.0001 -0.6584
vn 0.0119 -0.4281 -0.9036
vn 0.0017 -0.6318 -0.7751
vn -0.2617 0.2871 -0.9215
vn -0.7978 -0.5705 0.1953
vn -0.7861 -0.6033 -0.1342
vn -0.9880 0.1045 -0.1136
vn 0.2272 -0.2804 0.9326
vn 0.1171 -0.5494 0.8273
vn 0.0971 0.5009 0.8600
vn 0.8882 -0.4588 0.0244
vn 0.8016 -0.5970 -0.0315
vn 0.8459 0.5332 -0.0125
vn 0.1952 0.9773 -0.0820
vn -0.2673 0.9519 0.1499
vn -0.4355 0.8957 0.0896
vn -0.3428 0.8901 -0.3003
vn 0.1239 0.9893 0.0772
vn -0.3770 0.8862 -0.2693
vn 0.0811 0.9584 -0.2738
vn -0.2738 0.9412 0.1980
vn 0.0040 0.9985 -0.0547
vn -0.2208 0.9717 0.0836
vn -0.4111 0.8994 -0.1483
vn -0.0002 0.9977 0.0679
vn -0.2550 0.9600 -0.1154
vn -0.1261 0.9855 -0.1136
vn -0.1470 0.9854 0.0858
vn 0.1749 -0.9211 -0.3478
vn 0.1921 -0.9368 0.2924
vn -0.1475 -0.9637 -0.2226
vn 0.2696 -0.9326 0.2400
vn -0.0118 0.9855 0.1692
vn 0.2833 0.9589 -0.0171
vn 0.8459 0.5333 -0.0059
vn 0.8421 -0.4959 -0.2119
vn 0.9733 -0.2153 -0.0796
vn -0.3621 0.6655 0.6527
vn -0.2148 -0.5619 0.7989
vn -0.4621 -0.5358 0.7067
vn -0.0925 0.9889 -0.1163
vn -0.1229 0.9922 0.0208
vn 0.3710 -0.9275 -0.0455
vn -0.1306 -0.9789 0.1571
vn 0.4942 0.8549 0.1576
vn -0.1190 0.9797 -0.1616
vn -0.2434 0.9667 -0.0787
vn -0.0638 0.9670 -0.2468
vn -0.5180 0.8553 0.0069
vn -0.9345 0.2489 0.2546
vn -0.5521 -0.7753 0.3069
vn -0.7482 -0.5621 0.3525
vn 0.3713 0.5701 -0.7329
vn 0.3006 -0.5324 -0.7913
vn 0.1207 -0.6161 -0.7783
vn 0.1090 0.7296 -0.6752
vn -0.1062 -0.9890 0.1030
vn 0.2599 -0.9293 -0.2624
vn -0.1879 0.9820 -0.0165
vn -0.1112 0.9914 -0.0694
vn -0.6785 0.7297 -0.0845
vn -0.0749 0.9882 -0.1334
vn -0.0885 0.9959 -0.0206
vn 0.4183 -0.8978 0.1378
vn 0.0811 -0.9319 -0.3536
vn 0.1120 0.9823 0.1503
vn 0.0650 0.8982 -0.4347
vn -0.1479 -0.5620 -0.8138
vn -0.2314 -0.5729 -0.7863
vn 0.8011 0.4945 0.3372
vn 0.6127 -0.7215 0.3225
vn 0.8555 -0.0429 0.5161
vn -0.0678 0.9973 -0.0293
vn 0.6927 0.6546 0.3027
vn -0.1364 0.9878 -0.0745
vn -0.1935 0.7156 -0.6711
vn -0.2002 0.9798 0.0014
vn -0.1283 0.9917 -0.0018
vn -0.0520 -0.9536 -0.2966
vn 0.1200 -0.9502 0.2877
vn -0.0593 0.9950 0.0802
vn -0.4711 0.8751 -0.1103
vn 0.0257 0.9789 0.2027
vn 0.3861 0.3417 0.8568
vn 0.4356 -0.5873 0.6822
vn 0.2160 -0.3225 0.9216
vn -0.8982 -0.0236 -0.4390
vn -0.5691 -0.7880 -0.2347
vn -0.7104 -0.5090 -0.4861
vn -0.1571 0.9876 0.0019
vn -0.6426 0.6842 -0.3450
vn -0.1635 0.9851 -0.0543
vn -0.0048 0.7353 0.6777
vn -0.0294 0.0498 -0.9983
vn 0.8463 0.1344 -0.5155
vn 0.2675 0.9599 0.0839
vn -0.4399 0.7821 -0.4413
vn 0.0868 -0.5668 0.8193
vn 0.1843 0.6880 -0.7019
vn 0.1804 0.7285 -0.6608
vn -0.2188 -0.9284 0.3004
vn -0.1904 0.9586 -0.2119
vn 0.6348 -0.2072 -0.7444
vn -0.5139 -0.5693 0.6417
vn 0.2537 0.6903 -0.6776
vn 0.3805 0.5900 -0.7121
vn -0.1871 -0.3618 0.9133
vn 0.7433 0.6637 -0.0833
vn -0.4384 0.1360 -0.8884
vn -0.7729 -0.5352 -0.3409
vn -0.7151 -0.6940 -0.0836
vn -0.7443 -0.1665 -0.6467
vn 0.5744 -0.1159 0.8103
vn 0.4519 -0.1653 0.8766
vn 0.8367 0.4417 0.3237
vn 0.3603 -0.8196 -0.4456
vn 0.2529 -0.9124 0.3218
vn 0.6873 -0.3910 -0.6122
vn -0.5965 0.1092 0.7951
vn -0.6550 0.0450 0.7543
vn -0.5936 0.7224 0.3546
vn -0.9823 -0.1262 0.1383
vn -0.9086 -0.2548 0.3309
vn -0.8188 0.5181 -0.2475
vn 0.1108 0.2823 0.9529
vn -0.2096 0.3081 0.9280
vn -0.0096 0.8571 0.5150
vn 0.8322 -0.4862 0.2664
vn 0.5497 -0.5947 0.5866
vn 0.9572 0.0861 -0.2763
vn -0.1493 -0.9674 -0.2047
vn -0.2288 -0.9718 -0.0575
vn 0.0480 -0.3693 -0.9281
vn 0.1372 0.4146 -0.8996
vn 0.3933 0.7464 -0.5368
vn 0.3324 0.8562 -0.3954
vn -0.0550 0.8423 -0.5362
vn 0.3021 0.4595 -0.8352
vn -0.0228 0.8632 -0.5043
vn -0.0450 0.5240 -0.8505
vn 0.4378 0.7378 -0.5138
vn 0.1844 0.5820 -0.7920
vn 0.3305 0.7308 -0.5972
vn 0.1013 0.8789 -0.4661
vn 0.3049 0.5682 -0.7643
vn 0.1361 0.7821 -0.6081
vn 0.1461 0.6621 -0.7350
vn 0.3306 0.6787 -0.6558
vn -0.5720 -0.6246 0.5317
vn 0.0476 -0.7429 0.6677
vn -0.4375 -0.4054 0.8026
vn -0.0087 -0.7971 0.6038
vn 0.4024 0.5564 -0.7270
vn 0.1889 0.3224 -0.9276
vn 0.0543 -0.3703 -0.9273
vn -0.3739 -0.9072 -0.1929
vn -0.1946 -0.8690 -0.4550
vn 0.8057 0.5741 -0.1462
vn 0.6443 -0.2566 0.7205
vn 0.5700 -0.0314 0.8211
vn 0.1295 0.6650 -0.7355
vn 0.2668 0.6725 -0.6904
vn -0.2933 -0.8313 0.4722
vn -0.0695 -0.4791 0.8750
vn 0.3177 0.0658 -0.9459
vn 0.0850 0.6881 -0.7206
vn 0.1726 0.7710 -0.6130
vn -0.0057 0.6467 -0.7627
vn 0.0945 0.9325 -0.3486
vn 0.3590 0.8250 0.4364
vn 0.1519 -0.0384 0.9876
vn 0.2537 0.2249 0.9408
vn -0.5842 0.1257 -0.8018
vn -0.9014 -0.4295 0.0555
vn -0.9095 -0.3400 0.2391
vn -0.4857 0.4226 -0.7652
vn -0.1267 -0.4981 0.8578
vn -0.4962 -0.7098 0.4999
vn 0.2329 0.7252 -0.6479
vn 0.1774 0.6753 -0.7159
vn 0.1421 0.9790 -0.1461
vn 0.1112 0.6525 -0.7496
vn 0.2245 0.6523 -0.7239
vn -0.1117 -0.8820 0.4578
vn -0.5749 -0.5550 0.6012
vn 0.3733 0.4554 -0.8082
vn -0.2137 0.5242 -0.8244
vn -0.9258 -0.0868 0.3680
vn -0.8983 -0.0281 0.4384
vn 0.3823 -0.4160 -0.8251
vn 0.0960 -0.9676 0.2336
vn 0.4294 -0.8030 -0.4132
vn 0.2147 0.6372 -0.7402
vn 0.3959 -0.2318 -0.8886
vn 0.1735 0.6948 -0.6980
vn -0.4713 0.6708 -0.5726
vn 0.2508 0.7312 -0.6344
vn 0.2450 0.6799 -0.6911
vn -0.5154 -0.4677 0.7181
vn 0.0453 -0.6897 0.7227
vn 0.3208 0.6135 -0.7216
vn 0.1369 0.9064 -0.3996
vn 0.4309 0.5172 -0.7395
vn 0.9056 -0.2474 -0.3445
vn 0.4989 -0.8049 0.3212
vn 0.7710 -0.5280 0.3562
vn -0.3637 0.7827 0.5051
vn -0.3714 0.0448 0.9274
vn -0.5441 0.3601 0.7578
vn 0.2498 0.7005 -0.6685
vn -0.1247 0.9739 -0.1898
vn 0.1948 0.7125 -0.6741
vn 0.8395 0.3317 -0.4303
vt 0.411281 0.725184
vt 0.419844 0.721223
vt 0.419527 0.727157
vt 0.463446 0.672850
vt 0.452470 0.674760
vt 0.453865 0.667930
vt 0.434713 0.668162
vt 0.438699 0.675914
vt 0.433244 0.677853
vt 0.447137 0.696888
vt 0.456488 0.693777
vt 0.455351 0.700514
vt 0.461974 0.708716
vt 0.459076 0.714720
vt 0.456088 0.713868
vt 0.456951 0.679684
vt 0.456934 0.682331
vt 0.454615 0.681307
vt 0.454013 0.677070
vt 0.451319 0.677940
vt 0.452983 0.675632
vt 0.434900 0.715579
vt 0.439274 0.718853
vt 0.433192 0.718349
vt 0.433820 0.675241
vt 0.440883 0.667449
vt 0.440881 0.676280
vt 0.413541 0.710468
vt 0.418952 0.702710
vt 0.422539 0.710273
vt 0.437447 0.728574
vt 0.439825 0.722559
vt 0.442625 0.725415
vt 0.459284 0.673413
vt 0.456151 0.673544
vt 0.456059 0.671545
vt 0.462402 0.678293
vt 0.459286 0.678062
vt 0.460916 0.675784
vt 0.464842 0.725807
vt 0.459751 0.720074
vt 0.465973 0.718587
vt 0.454613 0.687478
vt 0.462970 0.690560
vt 0.452412 0.695189
vt 0.411820 0.737832
vt 0.409159 0.729738
vt 0.417542 0.733787
vt 0.412766 0.679988
vt 0.421322 0.674249
vt 0.420827 0.677718
vt 0.402378 0.676728
vt 0.414549 0.670033
vt 0.398235 0.674984
vt 0.406451 0.666913
vt 0.440157 0.685834
vt 0.435902 0.692886
vt 0.435327 0.687543
vt 0.430903 0.678255
vt 0.427973 0.687836
vt 0.425238 0.682513
vt 0.446905 0.695085
vt 0.446044 0.684183
vt 0.461191 0.674702
vt 0.455988 0.666614
vt 0.459505 0.668517
vt 0.448529 0.727746
vt 0.441623 0.720337
vt 0.444954 0.720665
vt 0.425957 0.702710
vt 0.428708 0.710382
vt 0.464001 0.678361
vt 0.455099 0.668915
vt 0.464001 0.669570
vt 0.456301 0.676810
vt 0.449789 0.667245
vt 0.450001 0.675895
vt 0.419326 0.689064
vt 0.410982 0.684286
vt 0.420392 0.683358
vt 0.402940 0.692998
vt 0.412918 0.692964
vt 0.396478 0.683806
vt 0.404697 0.683571
vt 0.463970 0.689284
vt 0.456290 0.686188
vt 0.464001 0.682820
vt 0.456251 0.692010
vt 0.448590 0.685426
vt 0.440828 0.692945
vt 0.448556 0.694301
vt 0.440609 0.671889
vt 0.433192 0.679268
vt 0.434516 0.673722
vt 0.443025 0.710097
vt 0.452187 0.705550
vt 0.448074 0.713500
vt 0.445399 0.668674
vt 0.444368 0.676854
vt 0.456617 0.686665
vt 0.460112 0.684076
vt 0.461191 0.687224
vt 0.418687 0.665071
vt 0.415865 0.657528
vt 0.420330 0.662584
vt 0.426936 0.728205
vt 0.429918 0.720077
vt 0.405520 0.720550
vt 0.413581 0.718326
vt 0.458880 0.664725
vt 0.456477 0.658452
vt 0.461757 0.662103
vt 0.447112 0.675288
vt 0.439994 0.671029
vt 0.448275 0.672105
vt 0.456835 0.685880
vt 0.449819 0.691474
vt 0.453301 0.684320
vt 0.405405 0.711212
vt 0.406042 0.713429
vt 0.450404 0.685107
vt 0.442075 0.683864
vt 0.448277 0.679189
vt 0.463859 0.686212
vt 0.461648 0.693019
vt 0.459204 0.685982
vt 0.450123 0.666964
vt 0.450281 0.660953
vt 0.453296 0.667166
vt 0.463524 0.675848
vt 0.465389 0.679515
vt 0.456930 0.669115
vt 0.459249 0.670139
vt 0.451411 0.673196
vt 0.462546 0.673505
vt 0.464151 0.670224
vt 0.465387 0.672431
vt 0.452296 0.680283
vt 0.463307 0.680196
vt 0.458808 0.682215
vt 0.452294 0.670986
vt 0.454612 0.670050
vt 0.455262 0.721082
vt 0.460878 0.724068
vt 0.456260 0.725484
vt 0.451476 0.723404
vt 0.448414 0.729398
vt 0.447029 0.724435
vt 0.443640 0.716197
vt 0.449451 0.718639
vt 0.444638 0.720599
vt 0.454263 0.716680
vt 0.451873 0.712844
vt 0.425189 0.684250
vt 0.425238 0.687278
vt 0.449637 0.702095
vt 0.454645 0.708598
vt 0.449483 0.709009
vt 0.453919 0.734087
vt 0.461059 0.728513
vt 0.442847 0.702095
vt 0.442219 0.709975
vt 0.438006 0.706831
vt 0.447470 0.713824
vt 0.456829 0.665740
vt 0.404035 0.727283
vt 0.423588 0.735637
vt 0.410190 0.660846
vt 0.425238 0.668324
vt 0.439004 0.679403
vt 0.461114 0.677220
vt 0.433975 0.727207
vt 0.456426 0.702095
vt 0.444084 0.663453
vt 0.449961 0.702095
vt 0.432281 0.689836
vt 0.425238 0.695697
vt 0.463942 0.692730
vt 0.463563 0.697201
vt 0.465043 0.713576
vt 0.442114 0.731810
vt 0.445425 0.728270
vt 0.457392 0.700019
vt 0.457065 0.677469
vt 0.461568 0.671162
vt 0.439794 0.714580
vt 0.454723 0.727965
vt 0.466877 0.676002
vt 0.406743 0.717016
vt 0.443456 0.688908
vt 0.447218 0.660712
vt 0.407470 0.699631
vt 0.413252 0.697620
vt 0.421940 0.694074
vt 0.452187 0.735172
vt 0.442618 0.729645
vt 0.457060 0.682288
vt 0.438923 0.693261
vt 0.446597 0.708133
vt 0.450340 0.675597
vt 0.468881 0.663916
vt 0.448215 0.662386
vt 0.435841 0.668176
vt 0.440866 0.683822
vt 0.434718 0.685223
vt 0.463672 0.666109
vt 0.455387 0.663648
vt 0.434433 0.670048
vt 0.442446 0.691665
vt 0.454828 0.674435
vt 0.448343 0.702903
vt 0.448478 0.737410
vt 0.440578 0.665747
vt 0.435705 0.688250
vt 0.444268 0.684289
vt 0.443951 0.690223
vt 0.424013 0.666256
vt 0.431261 0.675546
vt 0.422618 0.673086
vt 0.404357 0.671029
vt 0.397608 0.677853
vt 0.399076 0.668162
vt 0.414183 0.691474
vt 0.419715 0.700514
vt 0.411501 0.696888
vt 0.458700 0.708394
vt 0.455802 0.714398
vt 0.452814 0.713546
vt 0.421314 0.679684
vt 0.421298 0.682331
vt 0.418979 0.681307
vt 0.418376 0.677070
vt 0.415682 0.677940
vt 0.417346 0.675632
vt 0.431626 0.715257
vt 0.436000 0.718531
vt 0.429918 0.718027
vt 0.429918 0.679175
vt 0.436982 0.671384
vt 0.436980 0.680214
vt 0.446963 0.673339
vt 0.435499 0.667812
vt 0.443376 0.665776
vt 0.434173 0.728252
vt 0.436552 0.722237
vt 0.439351 0.725093
vt 0.423648 0.673413
vt 0.420514 0.673544
vt 0.420422 0.671545
vt 0.426765 0.678293
vt 0.423649 0.678062
vt 0.425279 0.675784
vt 0.462699 0.718265
vt 0.457605 0.723746
vt 0.456477 0.719752
vt 0.424761 0.685804
vt 0.433118 0.688886
vt 0.422560 0.693515
vt 0.436244 0.700898
vt 0.433583 0.692804
vt 0.441967 0.696853
vt 0.448350 0.680034
vt 0.456907 0.674295
vt 0.456412 0.677764
vt 0.437963 0.676774
vt 0.450133 0.670079
vt 0.433820 0.675030
vt 0.442035 0.666959
vt 0.405474 0.685869
vt 0.412594 0.689990
vt 0.406050 0.691212
vt 0.429773 0.694818
vt 0.426843 0.704399
vt 0.424108 0.699076
vt 0.417052 0.693411
vt 0.416192 0.682509
vt 0.458549 0.710991
vt 0.453347 0.702903
vt 0.456863 0.704806
vt 0.437965 0.727746
vt 0.431059 0.720337
vt 0.434390 0.720665
vt 0.450382 0.665776
vt 0.453132 0.673448
vt 0.452400 0.680744
vt 0.460100 0.673504
vt 0.460099 0.682295
vt 0.446100 0.679829
vt 0.451198 0.672849
vt 0.445887 0.671179
vt 0.454911 0.689110
vt 0.446567 0.684332
vt 0.455976 0.683404
vt 0.438525 0.693044
vt 0.448503 0.693010
vt 0.432062 0.683852
vt 0.440282 0.683617
vt 0.460069 0.693218
vt 0.452389 0.690122
vt 0.460100 0.686754
vt 0.444655 0.698236
vt 0.452350 0.695944
vt 0.436926 0.696879
vt 0.444689 0.689360
vt 0.410757 0.670215
vt 0.403340 0.677594
vt 0.404664 0.672048
vt 0.437509 0.713500
vt 0.437779 0.702903
vt 0.441623 0.705550
vt 0.415547 0.667000
vt 0.414516 0.675180
vt 0.453975 0.722955
vt 0.457471 0.720366
vt 0.458549 0.723514
vt 0.454271 0.665117
vt 0.451450 0.657574
vt 0.455915 0.662630
vt 0.451360 0.691271
vt 0.454342 0.683143
vt 0.431167 0.680082
vt 0.429944 0.683616
vt 0.423243 0.664725
vt 0.420840 0.658452
vt 0.426121 0.662103
vt 0.411475 0.675288
vt 0.412638 0.672105
vt 0.421198 0.685880
vt 0.417665 0.684320
vt 0.429829 0.674278
vt 0.437966 0.673534
vt 0.430466 0.676495
vt 0.414767 0.685107
vt 0.406438 0.683864
vt 0.412641 0.679189
vt 0.428223 0.686212
vt 0.426011 0.693019
vt 0.423567 0.685982
vt 0.414486 0.666964
vt 0.414644 0.660953
vt 0.417659 0.667166
vt 0.427887 0.675848
vt 0.429752 0.679515
vt 0.423612 0.670139
vt 0.421192 0.665740
vt 0.414704 0.675597
vt 0.415774 0.673196
vt 0.426909 0.673505
vt 0.428514 0.670224
vt 0.429750 0.672431
vt 0.416660 0.680283
vt 0.423171 0.682215
vt 0.416657 0.670986
vt 0.418975 0.670050
vt 0.452986 0.725163
vt 0.451988 0.720760
vt 0.448202 0.723082
vt 0.445140 0.729076
vt 0.443755 0.724113
vt 0.440366 0.715875
vt 0.446177 0.718318
vt 0.441364 0.720278
vt 0.450989 0.716358
vt 0.448599 0.712523
vt 0.460774 0.684295
vt 0.460822 0.687324
vt 0.446363 0.701773
vt 0.451371 0.708276
vt 0.446209 0.708687
vt 0.457785 0.728191
vt 0.451449 0.727643
vt 0.439573 0.701773
vt 0.438945 0.709653
vt 0.434732 0.706509
vt 0.444196 0.713502
vt 0.421293 0.669115
vt 0.427670 0.680196
vt 0.428460 0.690349
vt 0.448012 0.698703
vt 0.445775 0.660892
vt 0.460822 0.668370
vt 0.409151 0.677729
vt 0.410305 0.684160
vt 0.430701 0.726885
vt 0.453152 0.701773
vt 0.420851 0.693777
vt 0.408447 0.663453
vt 0.420109 0.700421
vt 0.431151 0.706399
vt 0.424108 0.712260
vt 0.460040 0.696664
vt 0.427926 0.697201
vt 0.461769 0.713254
vt 0.438840 0.731489
vt 0.442151 0.727948
vt 0.427540 0.698345
vt 0.421428 0.677469
vt 0.425931 0.671162
vt 0.436520 0.714259
vt 0.450645 0.733765
vt 0.431240 0.676002
vt 0.438006 0.681392
vt 0.407819 0.688908
vt 0.443317 0.664646
vt 0.443055 0.699677
vt 0.448837 0.697666
vt 0.457525 0.694120
vt 0.437914 0.737410
vt 0.441623 0.735172
vt 0.452187 0.710724
vt 0.403286 0.693261
vt 0.443323 0.707811
vt 0.461568 0.725486
vt 0.403062 0.675914
vt 0.433244 0.663916
vt 0.418363 0.660712
vt 0.432461 0.710097
vt 0.405989 0.666502
vt 0.436965 0.687756
vt 0.399081 0.685223
vt 0.433820 0.664435
vt 0.425535 0.661974
vt 0.411075 0.704746
vt 0.462042 0.683890
vt 0.404164 0.734010
vt 0.399965 0.665274
vt 0.398180 0.690890
vt 0.468881 0.688776
vt 0.430251 0.698983
vt 0.454239 0.697839
vt 0.463672 0.695961
vt 0.447106 0.734927
vt 0.440850 0.661993
vt 0.433594 0.671176
vt 0.430531 0.673982
vt 0.432190 0.682216
vt 0.428589 0.697076
vt 0.435550 0.665320
vt 0.432054 0.729645
vt 0.433765 0.690936
vt 0.454418 0.718578
vt 0.433244 0.688776
vt 0.429121 0.715546
vt 0.450337 0.701773
vt 0.433820 0.694287
vt 0.443832 0.734606
vt 0.436948 0.665927
vt 0.410725 0.664073
s 0
g crown_3_c_Material
usemtl Material
f 742/1485/1344 746/1486/1344 801/1487/1344
f 849/1488/1345 749/1489/1345 859/1490/1345
f 819/1491/1346 772/1492/1346 752/1493/1346
f 837/1494/1347 774/1495/1347 745/1496/1347
f 792/1497/1348 790/1498/1348 806/1499/1348
f 848/1500/1349 726/1501/1349 840/1502/1349
f 811/1503/1350 863/1504/1350 870/1505/1350
f 727/1506/1351 807/1507/1351 793/1508/1351
f 852/1509/1352 755/1510/1352 856/1511/1352
f 829/1512/1353 758/1513/1353 834/1514/1353
f 809/1515/1354 789/1516/1354 824/1517/1354
f 795/1518/1355 853/1519/1355 868/1520/1355
f 804/1521/1356 831/1522/1356 846/1523/1356
f 729/1524/1357 826/1525/1357 813/1526/1357
f 798/1527/1358 771/1528/1358 761/1529/1358
f 816/1530/1359 767/1531/1359 764/1532/1359
f 814/1533/1360 737/1534/1360 809/1535/1360
f 815/1536/1361 766/1537/1361 814/1533/1361
f 816/1538/1362 765/1539/1362 815/1536/1362
f 796/1540/1363 739/1541/1363 792/1542/1363
f 797/1543/1364 763/1544/1364 796/1545/1364
f 798/1527/1365 762/1546/1365 797/1547/1365
f 827/1548/1366 760/1549/1366 733/1550/1366
f 832/1551/1367 759/1552/1367 760/1553/1367
f 834/1514/1368 759/1554/1368 833/1555/1368
f 850/1556/1369 757/1557/1369 735/1558/1369
f 854/1559/1370 756/1560/1370 757/1557/1370
f 855/1561/1371 755/1510/1371 756/1560/1371
f 830/1562/1372 743/1563/1372 725/1564/1372
f 836/1565/1373 743/1563/1373 835/1566/1373
f 836/1565/1374 745/1567/1374 744/1568/1374
f 813/1569/1375 754/1570/1375 729/1571/1375
f 817/1572/1376 753/1573/1376 754/1570/1376
f 819/1574/1377 753/1573/1377 818/1575/1377
f 857/1576/1378 731/1577/1378 851/1578/1378
f 858/1579/1379 751/1580/1379 857/1581/1379
f 858/1582/1380 749/1489/1380 750/1583/1380
f 799/1584/1381 727/1585/1381 793/1586/1381
f 799/1587/1382 747/1588/1382 748/1589/1382
f 800/1590/1383 746/1486/1383 747/1591/1383
f 802/1592/1384 768/1593/1384 742/1485/1384
f 860/1594/1385 770/1595/1385 849/1596/1385
f 780/1597/1386 810/1598/1386 820/1599/1386
f 782/1600/1387 828/1601/1387 838/1602/1387
f 734/1603/1388 829/1512/1388 839/1604/1388
f 736/1605/1389 852/1606/1389 861/1607/1389
f 738/1608/1390 812/1609/1390 821/1610/1390
f 740/1611/1391 794/1612/1391 803/1613/1391
f 728/1614/1392 802/1615/1392 804/1521/1392
f 732/1616/1393 860/1594/1393 862/1617/1393
f 822/1618/1394 780/1597/1394 820/1599/1394
f 726/1501/1395 838/1602/1395 840/1502/1395
f 841/1619/1396 734/1620/1396 839/1621/1396
f 781/1622/1397 861/1607/1397 863/1504/1397
f 775/1623/1398 821/1610/1398 823/1624/1398
f 779/1625/1399 803/1613/1399 805/1626/1399
f 869/1627/1400 785/1628/1400 864/1629/1400
f 825/1630/1401 843/1631/1401 847/1632/1401
f 845/1633/1402 791/1634/1402 844/1635/1402
f 806/1499/1403 866/1636/1403 867/1637/1403
f 830/1562/1404 783/1638/1404 843/1639/1404
f 851/1640/1405 786/1641/1405 865/1642/1405
f 735/1643/1406 864/1629/1406 850/1644/1406
f 733/1645/1407 842/1646/1407 827/1647/1407
f 786/1641/1408 867/1637/1408 865/1642/1408
f 842/1646/1409 808/1648/1409 845/1633/1409
f 732/1616/1399 803/1613/1399 778/1649/1399
f 775/1623/1410 802/1615/1410 738/1608/1410
f 778/1649/1411 794/1612/1411 770/1595/1411
f 738/1650/1412 742/1485/1412 767/1531/1412
f 764/1532/1413 800/1590/1413 765/1651/1413
f 766/1537/1414 800/1652/1414 799/1587/1414
f 766/1537/1415 793/1653/1415 737/1534/1415
f 749/1489/1416 797/1547/1416 750/1583/1416
f 750/1583/1417 796/1540/1417 751/1654/1417
f 751/1654/1418 792/1542/1418 731/1577/1418
f 770/1655/1419 798/1527/1419 749/1489/1419
f 728/1614/1420 846/1523/1420 841/1619/1420
f 862/1617/1421 795/1518/1421 868/1520/1421
f 793/1508/1422 789/1516/1422 737/1656/1422
f 792/1497/1423 786/1641/1423 731/1657/1423
f 767/1531/1424 801/1487/1424 764/1532/1424
f 791/1634/1425 847/1632/1425 844/1635/1425
f 866/1636/1426 826/1525/1426 869/1627/1426
f 823/1624/1427 782/1600/1427 726/1501/1427
f 779/1625/1428 820/1599/1428 740/1611/1428
f 821/1610/1429 774/1495/1429 782/1600/1429
f 740/1611/1430 810/1598/1430 771/1658/1430
f 761/1529/1431 818/1659/1431 762/1546/1431
f 762/1660/1432 817/1661/1432 763/1544/1432
f 739/1662/1433 817/1572/1433 813/1569/1433
f 745/1567/1434 815/1536/1434 744/1568/1434
f 744/1568/1435 814/1533/1435 743/1563/1435
f 725/1564/1436 814/1533/1436 809/1535/1436
f 745/1496/1437 812/1609/1437 816/1663/1437
f 813/1526/1438 790/1498/1438 739/1664/1438
f 725/1665/1439 824/1517/1439 783/1666/1439
f 853/1519/1440 811/1503/1440 870/1505/1440
f 831/1522/1441 823/1624/1441 848/1500/1441
f 771/1528/1442 819/1667/1442 761/1529/1442
f 741/1668/1443 848/1500/1443 811/1503/1443
f 844/1635/1444 824/1517/1444 789/1516/1444
f 841/1619/1445 795/1518/1445 777/1669/1445
f 784/1670/1444 845/1633/1444 807/1507/1444
f 827/1647/1446 784/1670/1446 727/1506/1446
f 735/1643/1447 843/1631/1447 788/1671/1447
f 807/1507/1444 844/1635/1444 789/1516/1444
f 847/1632/1448 783/1666/1448 824/1517/1448
f 728/1614/1449 839/1621/1449 776/1672/1449
f 781/1622/1450 838/1602/1450 736/1605/1450
f 776/1673/1451 829/1512/1451 768/1593/1451
f 736/1605/1452 828/1601/1452 773/1674/1452
f 755/1510/1453 836/1675/1453 756/1560/1453
f 756/1676/1454 835/1566/1454 757/1677/1454
f 735/1678/1455 835/1566/1455 830/1562/1455
f 747/1591/1456 834/1514/1456 833/1555/1456
f 748/1679/1457 833/1680/1457 832/1551/1457
f 748/1681/1458 827/1548/1458 727/1585/1458
f 846/1523/1459 741/1668/1459 795/1518/1459
f 768/1593/1460 834/1514/1460 746/1486/1460
f 811/1503/1461 840/1502/1461 781/1622/1461
f 773/1674/1462 837/1494/1462 755/1682/1462
f 853/1519/1463 822/1618/1463 779/1625/1463
f 791/1634/1464 869/1627/1464 825/1630/1464
f 732/1616/1465 868/1520/1465 805/1626/1465
f 865/1642/1466 808/1648/1466 787/1683/1466
f 850/1644/1467 785/1628/1467 729/1524/1467
f 851/1640/1468 787/1683/1468 733/1645/1468
f 867/1637/1469 791/1634/1469 808/1648/1469
f 869/1627/1470 788/1671/1470 825/1630/1470
f 730/1684/1471 861/1607/1471 780/1597/1471
f 862/1617/1472 734/1620/1472 777/1669/1472
f 780/1597/1473 852/1606/1473 772/1492/1473
f 734/1620/1474 849/1596/1474 769/1685/1474
f 759/1686/1475 859/1490/1475 858/1582/1475
f 759/1552/1476 857/1581/1476 760/1553/1476
f 733/1687/1477 857/1576/1477 851/1578/1477
f 752/1688/1478 855/1561/1478 753/1573/1478
f 754/1570/1479 855/1561/1479 854/1559/1479
f 729/1571/1480 854/1559/1480 850/1556/1480
f 868/1520/1465 779/1625/1465 805/1626/1465
f 772/1492/1481 856/1689/1481 752/1493/1481
f 870/1505/1482 730/1684/1482 822/1618/1482
f 769/1690/1483 859/1490/1483 758/1691/1483
f 947/1487/1484 914/1593/1484 892/1486/1484
f 995/1488/1485 895/1489/1485 1005/1490/1485
f 965/1491/1486 918/1492/1486 898/1493/1486
f 974/1601/1487 891/1496/1487 983/1494/1487
f 938/1497/1488 936/1498/1488 952/1499/1488
f 994/1500/1489 872/1501/1489 986/1502/1489
f 957/1503/1490 1009/1504/1490 1016/1505/1490
f 873/1506/1491 953/1507/1491 939/1508/1491
f 1002/1511/1492 919/1692/1492 901/1510/1492
f 975/1512/1493 904/1513/1493 980/1514/1493
f 955/1515/1494 935/1516/1494 970/1517/1494
f 941/1518/1495 999/1519/1495 1014/1520/1495
f 950/1521/1496 977/1522/1496 992/1523/1496
f 959/1526/1497 931/1628/1497 972/1525/1497
f 944/1527/1498 917/1528/1498 907/1529/1498
f 962/1530/1499 913/1531/1499 910/1532/1499
f 955/1535/1500 912/1537/1500 883/1534/1500
f 961/1536/1501 912/1537/1501 960/1533/1501
f 962/1538/1502 911/1539/1502 961/1536/1502
f 938/1542/1503 909/1693/1503 885/1541/1503
f 943/1543/1504 909/1544/1504 942/1545/1504
f 944/1527/1505 908/1546/1505 943/1547/1505
f 978/1694/1506 879/1550/1506 973/1548/1506
f 978/1551/1507 905/1552/1507 906/1553/1507
f 980/1514/1508 905/1554/1508 979/1555/1508
f 1000/1559/1509 881/1558/1509 996/1556/1509
f 1001/1561/1510 903/1557/1510 1000/1559/1510
f 1001/1561/1511 901/1510/1511 902/1560/1511
f 976/1562/1512 889/1563/1512 871/1564/1512
f 981/1566/1513 890/1568/1513 889/1563/1513
f 982/1565/1514 891/1567/1514 890/1568/1514
f 959/1569/1515 900/1570/1515 875/1571/1515
f 964/1575/1516 900/1570/1516 963/1572/1516
f 965/1574/1517 899/1573/1517 964/1575/1517
f 1003/1576/1518 877/1577/1518 997/1578/1518
f 1003/1581/1519 896/1695/1519 897/1580/1519
f 1004/1582/1520 895/1489/1520 896/1583/1520
f 945/1584/1521 873/1585/1521 939/1586/1521
f 946/1652/1522 894/1589/1522 945/1587/1522
f 946/1590/1523 892/1486/1523 893/1591/1523
f 922/1673/1524 888/1485/1524 948/1592/1524
f 1006/1594/1525 916/1595/1525 995/1596/1525
f 926/1597/1526 956/1598/1526 966/1599/1526
f 984/1602/1527 920/1495/1527 974/1601/1527
f 880/1603/1528 975/1512/1528 985/1604/1528
f 882/1605/1529 998/1606/1529 1007/1607/1529
f 884/1608/1530 958/1609/1530 967/1610/1530
f 886/1611/1531 940/1612/1531 949/1613/1531
f 874/1614/1532 948/1615/1532 950/1521/1532
f 1008/1617/1533 924/1649/1533 1006/1594/1533
f 876/1684/1534 966/1599/1534 968/1618/1534
f 986/1502/1535 928/1600/1535 984/1602/1535
f 923/1669/1536 985/1621/1536 987/1619/1536
f 927/1622/1537 1007/1607/1537 1009/1504/1537
f 969/1624/1538 884/1608/1538 967/1610/1538
f 951/1626/1539 886/1611/1539 949/1613/1539
f 972/1525/1540 1010/1629/1540 1015/1627/1540
f 971/1630/1540 989/1631/1540 993/1632/1540
f 991/1633/1540 937/1634/1540 990/1635/1540
f 952/1499/1540 1012/1636/1540 1013/1637/1540
f 871/1564/1541 989/1639/1541 976/1562/1541
f 877/1657/1542 1011/1642/1542 997/1640/1542
f 996/1644/1543 934/1671/1543 1010/1629/1543
f 879/1645/1544 988/1646/1544 973/1647/1544
f 932/1641/1540 1013/1637/1540 1011/1642/1540
f 988/1646/1540 954/1648/1540 991/1633/1540
f 878/1616/1545 949/1613/1545 924/1649/1545
f 921/1623/1546 948/1615/1546 884/1608/1546
f 924/1649/1547 940/1612/1547 916/1595/1547
f 884/1650/1548 888/1485/1548 913/1531/1548
f 911/1651/1549 947/1487/1549 946/1590/1549
f 912/1537/1550 946/1652/1550 945/1587/1550
f 912/1537/1551 939/1653/1551 883/1534/1551
f 895/1489/1552 943/1547/1552 896/1583/1552
f 897/1654/1553 943/1547/1553 942/1540/1553
f 877/1577/1554 942/1540/1554 938/1542/1554
f 916/1655/1555 944/1527/1555 895/1489/1555
f 874/1614/1556 992/1523/1556 987/1619/1556
f 1008/1617/1557 941/1518/1557 1014/1520/1557
f 939/1508/1558 935/1516/1558 883/1656/1558
f 938/1497/1559 932/1641/1559 877/1657/1559
f 910/1532/1560 888/1485/1560 947/1487/1560
f 937/1634/1540 993/1632/1540 990/1635/1540
f 1012/1636/1540 972/1525/1540 1015/1627/1540
f 872/1501/1561 967/1610/1561 928/1600/1561
f 925/1625/1562 966/1599/1562 886/1611/1562
f 928/1600/1563 958/1609/1563 920/1495/1563
f 966/1599/1564 917/1658/1564 886/1611/1564
f 907/1529/1565 964/1659/1565 908/1546/1565
f 908/1660/1566 963/1661/1566 909/1544/1566
f 885/1662/1567 963/1572/1567 959/1569/1567
f 891/1567/1568 961/1536/1568 890/1568/1568
f 890/1568/1569 960/1533/1569 889/1563/1569
f 871/1564/1570 960/1533/1570 955/1535/1570
f 920/1495/1571 962/1663/1571 891/1496/1571
f 885/1664/1572 972/1525/1572 936/1498/1572
f 955/1515/1573 929/1666/1573 871/1665/1573
f 887/1668/1574 1016/1505/1574 999/1519/1574
f 977/1522/1575 969/1624/1575 994/1500/1575
f 917/1528/1576 965/1667/1576 907/1529/1576
f 887/1668/1577 994/1500/1577 957/1503/1577
f 990/1635/1540 970/1517/1540 935/1516/1540
f 987/1619/1578 941/1518/1578 923/1669/1578
f 930/1670/1540 991/1633/1540 953/1507/1540
f 873/1506/1579 988/1646/1579 930/1670/1579
f 881/1643/1580 989/1631/1580 934/1671/1580
f 953/1507/1540 990/1635/1540 935/1516/1540
f 993/1632/1540 929/1666/1540 970/1517/1540
f 987/1619/1536 922/1672/1536 874/1614/1536
f 927/1622/1581 984/1602/1581 882/1605/1581
f 985/1604/1582 914/1593/1582 922/1673/1582
f 882/1605/1583 974/1601/1583 919/1674/1583
f 901/1510/1584 982/1675/1584 902/1560/1584
f 903/1677/1585 982/1565/1585 981/1566/1585
f 881/1678/1586 981/1566/1586 976/1562/1586
f 893/1591/1587 980/1514/1587 979/1555/1587
f 893/1696/1588 978/1551/1588 894/1679/1588
f 894/1681/1589 973/1548/1589 873/1585/1589
f 941/1518/1590 977/1522/1590 887/1668/1590
f 892/1486/1591 975/1512/1591 980/1514/1591
f 957/1503/1592 986/1502/1592 927/1622/1592
f 919/1674/1593 983/1494/1593 901/1682/1593
f 999/1519/1594 968/1618/1594 925/1625/1594
f 937/1634/1540 1015/1627/1540 971/1630/1540
f 878/1616/1595 1014/1520/1595 951/1626/1595
f 1011/1642/1540 954/1648/1540 933/1683/1540
f 996/1644/1596 931/1628/1596 875/1524/1596
f 997/1640/1597 933/1683/1597 879/1645/1597
f 1013/1637/1540 937/1634/1540 954/1648/1540
f 971/1630/1540 1010/1629/1540 934/1671/1540
f 1009/1504/1598 926/1597/1598 876/1684/1598
f 923/1669/1599 1006/1594/1599 880/1620/1599
f 1007/1607/1600 918/1492/1600 926/1597/1600
f 880/1620/1601 995/1596/1601 915/1685/1601
f 905/1686/1602 1005/1490/1602 1004/1582/1602
f 906/1553/1603 1004/1579/1603 1003/1581/1603
f 879/1687/1518 1003/1576/1518 997/1578/1518
f 899/1573/1604 1002/1511/1604 1001/1561/1604
f 899/1573/1605 1000/1559/1605 900/1570/1605
f 875/1571/1606 1000/1559/1606 996/1556/1606
f 1014/1520/1595 925/1625/1595 951/1626/1595
f 898/1493/1607 998/1606/1607 1002/1689/1607
f 1016/1505/1608 876/1684/1608 968/1618/1608
f 915/1690/1609 1005/1490/1609 904/1691/1609
f 1034/1485/1610 1038/1486/1610 1093/1487/1610
f 1141/1488/1611 1041/1489/1611 1151/1490/1611
f 1102/1598/1612 1044/1493/1612 1111/1491/1612
f 1129/1494/1613 1066/1495/1613 1037/1496/1613
f 1084/1497/1614 1082/1498/1614 1098/1499/1614
f 1140/1500/1615 1018/1501/1615 1132/1502/1615
f 1103/1503/1616 1155/1504/1616 1162/1505/1616
f 1019/1506/1617 1099/1507/1617 1085/1508/1617
f 1148/1511/1618 1065/1692/1618 1047/1510/1618
f 1121/1512/1619 1050/1513/1619 1126/1514/1619
f 1101/1515/1620 1081/1516/1620 1116/1517/1620
f 1087/1518/1621 1145/1519/1621 1160/1520/1621
f 1096/1521/1622 1123/1522/1622 1138/1523/1622
f 1105/1526/1623 1077/1628/1623 1118/1525/1623
f 1090/1527/1624 1063/1528/1624 1053/1529/1624
f 1108/1530/1625 1059/1531/1625 1056/1532/1625
f 1106/1533/1626 1029/1534/1626 1101/1535/1626
f 1107/1536/1627 1058/1537/1627 1106/1533/1627
f 1108/1538/1628 1057/1539/1628 1107/1536/1628
f 1084/1542/1629 1055/1693/1629 1031/1541/1629
f 1089/1543/1630 1055/1544/1630 1088/1545/1630
f 1090/1527/1631 1054/1546/1631 1089/1547/1631
f 1119/1548/1632 1052/1549/1632 1025/1550/1632
f 1124/1551/1633 1051/1552/1633 1052/1553/1633
f 1126/1514/1634 1051/1554/1634 1125/1555/1634
f 1146/1559/1635 1027/1558/1635 1142/1556/1635
f 1147/1561/1636 1049/1557/1636 1146/1559/1636
f 1147/1561/1637 1047/1510/1637 1048/1560/1637
f 1122/1562/1638 1035/1563/1638 1017/1564/1638
f 1128/1565/1639 1035/1563/1639 1127/1566/1639
f 1128/1565/1640 1037/1567/1640 1036/1568/1640
f 1105/1569/1641 1046/1570/1641 1021/1571/1641
f 1110/1575/1642 1046/1570/1642 1109/1572/1642
f 1111/1574/1643 1045/1573/1643 1110/1575/1643
f 1149/1576/1644 1023/1577/1644 1143/1578/1644
f 1150/1579/1645 1043/1580/1645 1149/1581/1645
f 1150/1582/1646 1041/1489/1646 1042/1583/1646
f 1091/1584/1647 1019/1585/1647 1085/1586/1647
f 1091/1587/1648 1039/1588/1648 1040/1589/1648
f 1092/1590/1649 1038/1486/1649 1039/1591/1649
f 1094/1592/1650 1060/1593/1650 1034/1485/1650
f 1152/1594/1651 1062/1595/1651 1141/1596/1651
f 1072/1597/1652 1102/1598/1652 1112/1599/1652
f 1074/1600/1653 1120/1601/1653 1130/1602/1653
f 1026/1603/1654 1121/1512/1654 1131/1604/1654
f 1028/1605/1655 1144/1606/1655 1153/1607/1655
f 1030/1608/1656 1104/1609/1656 1113/1610/1656
f 1032/1611/1657 1086/1612/1657 1095/1613/1657
f 1020/1614/1658 1094/1615/1658 1096/1521/1658
f 1024/1616/1659 1152/1594/1659 1154/1617/1659
f 1022/1684/1660 1112/1599/1660 1114/1618/1660
f 1018/1501/1661 1130/1602/1661 1132/1502/1661
f 1133/1619/1662 1026/1620/1662 1131/1621/1662
f 1073/1622/1663 1153/1607/1663 1155/1504/1663
f 1067/1623/1664 1113/1610/1664 1115/1624/1664
f 1071/1625/1665 1095/1613/1665 1097/1626/1665
f 1161/1627/1666 1077/1628/1666 1156/1629/1666
f 1117/1630/1666 1135/1631/1666 1139/1632/1666
f 1137/1633/1666 1083/1634/1666 1136/1635/1666
f 1098/1499/1666 1158/1636/1666 1159/1637/1666
f 1122/1562/1667 1075/1638/1667 1135/1639/1667
f 1143/1640/1668 1078/1641/1668 1157/1642/1668
f 1142/1644/1669 1080/1671/1669 1156/1629/1669
f 1025/1645/1670 1134/1646/1670 1119/1647/1670
f 1078/1641/1666 1159/1637/1666 1157/1642/1666
f 1134/1646/1666 1100/1648/1666 1137/1633/1666
f 1024/1616/1665 1095/1613/1665 1070/1649/1665
f 1067/1623/1671 1094/1615/1671 1030/1608/1671
f 1070/1649/1672 1086/1612/1672 1062/1595/1672
f 1030/1650/1673 1034/1485/1673 1059/1531/1673
f 1056/1532/1674 1092/1590/1674 1057/1651/1674
f 1058/1537/1675 1092/1652/1675 1091/1587/1675
f 1058/1537/1676 1085/1653/1676 1029/1534/1676
f 1041/1489/1677 1089/1547/1677 1042/1583/1677
f 1043/1654/1678 1089/1547/1678 1088/1540/1678
f 1023/1577/1679 1088/1540/1679 1084/1542/1679
f 1062/1655/1680 1090/1527/1680 1041/1489/1680
f 1020/1614/1681 1138/1523/1681 1133/1619/1681
f 1154/1617/1682 1087/1518/1682 1160/1520/1682
f 1085/1508/1683 1081/1516/1683 1029/1656/1683
f 1084/1497/1684 1078/1641/1684 1023/1657/1684
f 1059/1531/1685 1093/1487/1685 1056/1532/1685
f 1083/1634/1666 1139/1632/1666 1136/1635/1666
f 1158/1636/1666 1118/1525/1666 1161/1627/1666
f 1115/1624/1686 1074/1600/1686 1018/1501/1686
f 1071/1625/1687 1112/1599/1687 1032/1611/1687
f 1113/1610/1688 1066/1495/1688 1074/1600/1688
f 1032/1611/1689 1102/1598/1689 1063/1658/1689
f 1053/1529/1690 1110/1659/1690 1054/1546/1690
f 1054/1660/1691 1109/1661/1691 1055/1544/1691
f 1031/1662/1692 1109/1572/1692 1105/1569/1692
f 1037/1567/1693 1107/1536/1693 1036/1568/1693
f 1036/1568/1694 1106/1533/1694 1035/1563/1694
f 1017/1564/1695 1106/1533/1695 1101/1535/1695
f 1037/1496/1696 1104/1609/1696 1108/1663/1696
f 1105/1526/1697 1082/1498/1697 1031/1664/1697
f 1017/1665/1698 1116/1517/1698 1075/1666/1698
f 1145/1519/1699 1103/1503/1699 1162/1505/1699
f 1123/1522/1700 1115/1624/1700 1140/1500/1700
f 1063/1528/1701 1111/1667/1701 1053/1529/1701
f 1033/1668/1702 1140/1500/1702 1103/1503/1702
f 1136/1635/1666 1116/1517/1666 1081/1516/1666
f 1133/1619/1703 1087/1518/1703 1069/1669/1703
f 1076/1670/1666 1137/1633/1666 1099/1507/1666
f 1119/1647/1704 1076/1670/1704 1019/1506/1704
f 1027/1643/1705 1135/1631/1705 1080/1671/1705
f 1099/1507/1666 1136/1635/1666 1081/1516/1666
f 1139/1632/1666 1075/1666/1666 1116/1517/1666
f 1020/1614/1706 1131/1621/1706 1068/1672/1706
f 1073/1622/1707 1130/1602/1707 1028/1605/1707
f 1068/1673/1708 1121/1512/1708 1060/1593/1708
f 1028/1605/1709 1120/1601/1709 1065/1674/1709
f 1047/1510/1710 1128/1675/1710 1048/1560/1710
f 1048/1676/1711 1127/1566/1711 1049/1677/1711
f 1027/1678/1712 1127/1566/1712 1122/1562/1712
f 1039/1591/1713 1126/1514/1713 1125/1555/1713
f 1039/1696/1714 1124/1551/1714 1040/1679/1714
f 1040/1681/1715 1119/1548/1715 1019/1585/1715
f 1138/1523/1716 1033/1668/1716 1087/1518/1716
f 1060/1593/1717 1126/1514/1717 1038/1486/1717
f 1103/1503/1718 1132/1502/1718 1073/1622/1718
f 1065/1674/1719 1129/1494/1719 1047/1682/1719
f 1145/1519/1720 1114/1618/1720 1071/1625/1720
f 1083/1634/1666 1161/1627/1666 1117/1630/1666
f 1024/1616/1721 1160/1520/1721 1097/1626/1721
f 1157/1642/1666 1100/1648/1666 1079/1683/1666
f 1142/1644/1722 1077/1628/1722 1021/1524/1722
f 1143/1640/1723 1079/1683/1723 1025/1645/1723
f 1159/1637/1666 1083/1634/1666 1100/1648/1666
f 1117/1630/1666 1156/1629/1666 1080/1671/1666
f 1022/1684/1724 1153/1607/1724 1072/1597/1724
f 1154/1617/1725 1026/1620/1725 1069/1669/1725
f 1072/1597/1726 1144/1606/1726 1064/1492/1726
f 1026/1620/1727 1141/1596/1727 1061/1685/1727
f 1051/1686/1728 1151/1490/1728 1150/1582/1728
f 1051/1552/1729 1149/1581/1729 1052/1553/1729
f 1052/1697/1730 1143/1578/1730 1025/1687/1730
f 1044/1688/1731 1147/1561/1731 1045/1573/1731
f 1045/1573/1732 1146/1559/1732 1046/1570/1732
f 1021/1571/1733 1146/1559/1733 1142/1556/1733
f 1160/1520/1721 1071/1625/1721 1097/1626/1721
f 1064/1492/1734 1148/1689/1734 1044/1493/1734
f 1162/1505/1735 1022/1684/1735 1114/1618/1735
f 1061/1690/1736 1151/1490/1736 1050/1691/1736
f 1180/1485/1737 1184/1486/1737 1239/1487/1737
f 1287/1488/1738 1187/1489/1738 1297/1490/1738
f 1257/1491/1739 1210/1492/1739 1190/1493/1739
f 1275/1494/1740 1212/1495/1740 1183/1496/1740
f 1230/1497/1741 1228/1498/1741 1244/1499/1741
f 1286/1500/1742 1164/1501/1742 1278/1502/1742
f 1249/1503/1743 1301/1504/1743 1308/1505/1743
f 1165/1506/1744 1245/1507/1744 1231/1508/1744
f 1290/1509/1745 1193/1510/1745 1294/1511/1745
f 1267/1512/1746 1196/1513/1746 1272/1514/1746
f 1247/1515/1747 1227/1516/1747 1262/1517/1747
f 1233/1518/1748 1291/1519/1748 1306/1520/1748
f 1242/1521/1749 1269/1522/1749 1284/1523/1749
f 1167/1524/1750 1264/1525/1750 1251/1526/1750
f 1236/1527/1751 1209/1528/1751 1199/1529/1751
f 1254/1530/1752 1205/1531/1752 1202/1532/1752
f 1252/1533/1753 1175/1534/1753 1247/1535/1753
f 1253/1536/1754 1204/1537/1754 1252/1533/1754
f 1254/1538/1755 1203/1539/1755 1253/1536/1755
f 1234/1540/1756 1177/1541/1756 1230/1542/1756
f 1235/1543/1757 1201/1544/1757 1234/1545/1757
f 1236/1527/1758 1200/1546/1758 1235/1547/1758
f 1265/1548/1759 1198/1549/1759 1171/1550/1759
f 1270/1551/1760 1197/1552/1760 1198/1553/1760
f 1272/1514/1761 1197/1554/1761 1271/1555/1761
f 1288/1556/1762 1195/1557/1762 1173/1558/1762
f 1292/1559/1763 1194/1560/1763 1195/1557/1763
f 1293/1561/1764 1193/1510/1764 1194/1560/1764
f 1268/1562/1765 1181/1563/1765 1163/1564/1765
f 1274/1565/1766 1181/1563/1766 1273/1566/1766
f 1274/1565/1767 1183/1567/1767 1182/1568/1767
f 1251/1569/1768 1192/1570/1768 1167/1571/1768
f 1255/1572/1769 1191/1573/1769 1192/1570/1769
f 1257/1574/1770 1191/1573/1770 1256/1575/1770
f 1295/1576/1771 1169/1577/1771 1289/1578/1771
f 1296/1579/1772 1189/1580/1772 1295/1581/1772
f 1296/1582/1773 1187/1489/1773 1188/1583/1773
f 1237/1584/1774 1165/1585/1774 1231/1586/1774
f 1237/1587/1775 1185/1588/1775 1186/1589/1775
f 1238/1590/1776 1184/1486/1776 1185/1591/1776
f 1240/1592/1777 1206/1593/1777 1180/1485/1777
f 1298/1594/1778 1208/1595/1778 1287/1596/1778
f 1218/1597/1779 1248/1598/1779 1258/1599/1779
f 1220/1600/1780 1266/1601/1780 1276/1602/1780
f 1172/1603/1781 1267/1512/1781 1277/1604/1781
f 1174/1605/1782 1290/1606/1782 1299/1607/1782
f 1176/1608/1783 1250/1609/1783 1259/1610/1783
f 1178/1611/1784 1232/1612/1784 1241/1613/1784
f 1166/1614/1785 1240/1615/1785 1242/1521/1785
f 1170/1616/1786 1298/1594/1786 1300/1617/1786
f 1260/1618/1787 1218/1597/1787 1258/1599/1787
f 1164/1501/1788 1276/1602/1788 1278/1502/1788
f 1279/1619/1789 1172/1620/1789 1277/1621/1789
f 1219/1622/1790 1299/1607/1790 1301/1504/1790
f 1213/1623/1791 1259/1610/1791 1261/1624/1791
f 1217/1625/1792 1241/1613/1792 1243/1626/1792
f 1307/1627/1793 1223/1628/1793 1302/1629/1793
f 1263/1630/1794 1281/1631/1794 1285/1632/1794
f 1283/1633/1795 1229/1634/1795 1282/1635/1795
f 1244/1499/1796 1304/1636/1796 1305/1637/1796
f 1268/1562/1797 1221/1638/1797 1281/1639/1797
f 1289/1640/1798 1224/1641/1798 1303/1642/1798
f 1173/1643/1799 1302/1629/1799 1288/1644/1799
f 1171/1645/1800 1280/1646/1800 1265/1647/1800
f 1224/1641/1801 1305/1637/1801 1303/1642/1801
f 1280/1646/1802 1246/1648/1802 1283/1633/1802
f 1170/1616/1792 1241/1613/1792 1216/1649/1792
f 1213/1623/1803 1240/1615/1803 1176/1608/1803
f 1216/1649/1804 1232/1612/1804 1208/1595/1804
f 1176/1650/1805 1180/1485/1805 1205/1531/1805
f 1202/1532/1806 1238/1590/1806 1203/1651/1806
f 1204/1537/1807 1238/1652/1807 1237/1587/1807
f 1204/1537/1808 1231/1653/1808 1175/1534/1808
f 1187/1489/1809 1235/1547/1809 1188/1583/1809
f 1188/1583/1810 1234/1540/1810 1189/1654/1810
f 1189/1654/1811 1230/1542/1811 1169/1577/1811
f 1208/1655/1812 1236/1527/1812 1187/1489/1812
f 1166/1614/1813 1284/1523/1813 1279/1619/1813
f 1300/1617/1814 1233/1518/1814 1306/1520/1814
f 1231/1508/1815 1227/1516/1815 1175/1656/1815
f 1230/1497/1816 1224/1641/1816 1169/1657/1816
f 1205/1531/1817 1239/1487/1817 1202/1532/1817
f 1229/1634/1818 1285/1632/1818 1282/1635/1818
f 1304/1636/1819 1264/1525/1819 1307/1627/1819
f 1261/1624/1820 1220/1600/1820 1164/1501/1820
f 1217/1625/1821 1258/1599/1821 1178/1611/1821
f 1259/1610/1822 1212/1495/1822 1220/1600/1822
f 1178/1611/1823 1248/1598/1823 1209/1658/1823
f 1199/1529/1824 1256/1659/1824 1200/1546/1824
f 1200/1660/1825 1255/1661/1825 1201/1544/1825
f 1177/1662/1826 1255/1572/1826 1251/1569/1826
f 1183/1567/1827 1253/1536/1827 1182/1568/1827
f 1182/1568/1828 1252/1533/1828 1181/1563/1828
f 1163/1564/1829 1252/1533/1829 1247/1535/1829
f 1183/1496/1830 1250/1609/1830 1254/1663/1830
f 1251/1526/1831 1228/1498/1831 1177/1664/1831
f 1163/1665/1832 1262/1517/1832 1221/1666/1832
f 1291/1519/1833 1249/1503/1833 1308/1505/1833
f 1269/1522/1834 1261/1624/1834 1286/1500/1834
f 1209/1528/1835 1257/1667/1835 1199/1529/1835
f 1179/1668/1836 1286/1500/1836 1249/1503/1836
f 1282/1635/1837 1262/1517/1837 1227/1516/1837
f 1279/1619/1838 1233/1518/1838 1215/1669/1838
f 1222/1670/1837 1283/1633/1837 1245/1507/1837
f 1265/1647/1839 1222/1670/1839 1165/1506/1839
f 1173/1643/1840 1281/1631/1840 1226/1671/1840
f 1245/1507/1837 1282/1635/1837 1227/1516/1837
f 1285/1632/1841 1221/1666/1841 1262/1517/1841
f 1166/1614/1842 1277/1621/1842 1214/1672/1842
f 1219/1622/1843 1276/1602/1843 1174/1605/1843
f 1214/1673/1844 1267/1512/1844 1206/1593/1844
f 1174/1605/1845 1266/1601/1845 1211/1674/1845
f 1193/1510/1846 1274/1675/1846 1194/1560/1846
f 1194/1676/1847 1273/1566/1847 1195/1677/1847
f 1173/1678/1848 1273/1566/1848 1268/1562/1848
f 1185/1591/1849 1272/1514/1849 1271/1555/1849
f 1186/1679/1850 1271/1680/1850 1270/1551/1850
f 1186/1681/1851 1265/1548/1851 1165/1585/1851
f 1284/1523/1852 1179/1668/1852 1233/1518/1852
f 1206/1593/1853 1272/1514/1853 1184/1486/1853
f 1249/1503/1854 1278/1502/1854 1219/1622/1854
f 1211/1674/1855 1275/1494/1855 1193/1682/1855
f 1291/1519/1856 1260/1618/1856 1217/1625/1856
f 1229/1634/1857 1307/1627/1857 1263/1630/1857
f 1170/1616/1858 1306/1520/1858 1243/1626/1858
f 1303/1642/1859 1246/1648/1859 1225/1683/1859
f 1288/1644/1860 1223/1628/1860 1167/1524/1860
f 1289/1640/1861 1225/1683/1861 1171/1645/1861
f 1305/1637/1862 1229/1634/1862 1246/1648/1862
f 1307/1627/1863 1226/1671/1863 1263/1630/1863
f 1168/1684/1864 1299/1607/1864 1218/1597/1864
f 1300/1617/1865 1172/1620/1865 1215/1669/1865
f 1218/1597/1866 1290/1606/1866 1210/1492/1866
f 1172/1620/1867 1287/1596/1867 1207/1685/1867
f 1197/1686/1868 1297/1490/1868 1296/1582/1868
f 1197/1552/1869 1295/1581/1869 1198/1553/1869
f 1171/1687/1870 1295/1576/1870 1289/1578/1870
f 1190/1688/1871 1293/1561/1871 1191/1573/1871
f 1192/1570/1872 1293/1561/1872 1292/1559/1872
f 1167/1571/1873 1292/1559/1873 1288/1556/1873
f 1306/1520/1858 1217/1625/1858 1243/1626/1858
f 1210/1492/1874 1294/1689/1874 1190/1493/1874
f 1308/1505/1875 1168/1684/1875 1260/1618/1875
f 1207/1690/1876 1297/1490/1876 1196/1691/1876
f 1326/1485/1877 1330/1486/1877 1385/1487/1877
f 1433/1488/1878 1333/1489/1878 1443/1490/1878
f 1403/1491/1879 1356/1492/1879 1336/1493/1879
f 1421/1494/1880 1358/1495/1880 1329/1496/1880
f 1376/1497/1881 1374/1498/1881 1390/1499/1881
f 1432/1500/1882 1310/1501/1882 1424/1502/1882
f 1395/1503/1883 1447/1504/1883 1454/1505/1883
f 1311/1506/1884 1391/1507/1884 1377/1508/1884
f 1436/1509/1885 1339/1510/1885 1440/1511/1885
f 1413/1512/1886 1342/1513/1886 1418/1514/1886
f 1393/1515/1887 1373/1516/1887 1408/1517/1887
f 1379/1518/1888 1437/1519/1888 1452/1520/1888
f 1388/1521/1889 1415/1522/1889 1430/1523/1889
f 1313/1524/1890 1410/1525/1890 1397/1526/1890
f 1382/1527/1891 1355/1528/1891 1345/1529/1891
f 1400/1530/1892 1351/1531/1892 1348/1532/1892
f 1398/1533/1893 1321/1534/1893 1393/1535/1893
f 1399/1536/1894 1350/1537/1894 1398/1533/1894
f 1400/1538/1895 1349/1539/1895 1399/1536/1895
f 1380/1540/1896 1323/1541/1896 1376/1542/1896
f 1381/1543/1897 1347/1544/1897 1380/1545/1897
f 1382/1527/1898 1346/1546/1898 1381/1547/1898
f 1411/1548/1899 1344/1549/1899 1317/1550/1899
f 1416/1551/1900 1343/1552/1900 1344/1553/1900
f 1418/1514/1901 1343/1554/1901 1417/1555/1901
f 1434/1556/1902 1341/1557/1902 1319/1558/1902
f 1438/1559/1903 1340/1560/1903 1341/1557/1903
f 1439/1561/1904 1339/1510/1904 1340/1560/1904
f 1414/1562/1905 1327/1563/1905 1309/1564/1905
f 1420/1565/1906 1327/1563/1906 1419/1566/1906
f 1420/1565/1907 1329/1567/1907 1328/1568/1907
f 1397/1569/1908 1338/1570/1908 1313/1571/1908
f 1401/1572/1909 1337/1573/1909 1338/1570/1909
f 1403/1574/1910 1337/1573/1910 1402/1575/1910
f 1441/1576/1911 1315/1577/1911 1435/1578/1911
f 1442/1579/1912 1335/1580/1912 1441/1581/1912
f 1442/1582/1913 1333/1489/1913 1334/1583/1913
f 1383/1584/1914 1311/1585/1914 1377/1586/1914
f 1383/1587/1915 1331/1588/1915 1332/1589/1915
f 1384/1590/1916 1330/1486/1916 1331/1591/1916
f 1386/1592/1917 1352/1593/1917 1326/1485/1917
f 1444/1594/1918 1354/1595/1918 1433/1596/1918
f 1364/1597/1919 1394/1598/1919 1404/1599/1919
f 1366/1600/1920 1412/1601/1920 1422/1602/1920
f 1318/1603/1921 1413/1512/1921 1423/1604/1921
f 1320/1605/1922 1436/1606/1922 1445/1607/1922
f 1322/1608/1923 1396/1609/1923 1405/1610/1923
f 1324/1611/1924 1378/1612/1924 1387/1613/1924
f 1312/1614/1925 1386/1615/1925 1388/1521/1925
f 1316/1616/1926 1444/1594/1926 1446/1617/1926
f 1406/1618/1927 1364/1597/1927 1404/1599/1927
f 1310/1501/1928 1422/1602/1928 1424/1502/1928
f 1425/1619/1929 1318/1620/1929 1423/1621/1929
f 1365/1622/1930 1445/1607/1930 1447/1504/1930
f 1359/1623/1931 1405/1610/1931 1407/1624/1931
f 1363/1625/1932 1387/1613/1932 1389/1626/1932
f 1453/1627/1933 1369/1628/1933 1448/1629/1933
f 1409/1630/1934 1427/1631/1934 1431/1632/1934
f 1429/1633/1935 1375/1634/1935 1428/1635/1935
f 1390/1499/1936 1450/1636/1936 1451/1637/1936
f 1414/1562/1937 1367/1638/1937 1427/1639/1937
f 1435/1640/1938 1370/1641/1938 1449/1642/1938
f 1319/1643/1939 1448/1629/1939 1434/1644/1939
f 1317/1645/1940 1426/1646/1940 1411/1647/1940
f 1370/1641/1941 1451/1637/1941 1449/1642/1941
f 1426/1646/1942 1392/1648/1942 1429/1633/1942
f 1316/1616/1932 1387/1613/1932 1362/1649/1932
f 1359/1623/1943 1386/1615/1943 1322/1608/1943
f 1362/1649/1944 1378/1612/1944 1354/1595/1944
f 1322/1650/1945 1326/1485/1945 1351/1531/1945
f 1348/1532/1946 1384/1590/1946 1349/1651/1946
f 1350/1537/1947 1384/1652/1947 1383/1587/1947
f 1350/1537/1948 1377/1653/1948 1321/1534/1948
f 1333/1489/1949 1381/1547/1949 1334/1583/1949
f 1334/1583/1950 1380/1540/1950 1335/1654/1950
f 1335/1654/1951 1376/1542/1951 1315/1577/1951
f 1354/1655/1952 1382/1527/1952 1333/1489/1952
f 1312/1614/1953 1430/1523/1953 1425/1619/1953
f 1446/1617/1954 1379/1518/1954 1452/1520/1954
f 1377/1508/1955 1373/1516/1955 1321/1656/1955
f 1376/1497/1956 1370/1641/1956 1315/1657/1956
f 1351/1531/1957 1385/1487/1957 1348/1532/1957
f 1375/1634/1958 1431/1632/1958 1428/1635/1958
f 1450/1636/1959 1410/1525/1959 1453/1627/1959
f 1407/1624/1960 1366/1600/1960 1310/1501/1960
f 1363/1625/1961 1404/1599/1961 1324/1611/1961
f 1405/1610/1962 1358/1495/1962 1366/1600/1962
f 1324/1611/1963 1394/1598/1963 1355/1658/1963
f 1345/1529/1964 1402/1659/1964 1346/1546/1964
f 1346/1660/1965 1401/1661/1965 1347/1544/1965
f 1323/1662/1966 1401/1572/1966 1397/1569/1966
f 1329/1567/1967 1399/1536/1967 1328/1568/1967
f 1328/1568/1968 1398/1533/1968 1327/1563/1968
f 1309/1564/1969 1398/1533/1969 1393/1535/1969
f 1329/1496/1970 1396/1609/1970 1400/1663/1970
f 1397/1526/1971 1374/1498/1971 1323/1664/1971
f 1309/1665/1972 1408/1517/1972 1367/1666/1972
f 1437/1519/1973 1395/1503/1973 1454/1505/1973
f 1415/1522/1974 1407/1624/1974 1432/1500/1974
f 1355/1528/1975 1403/1667/1975 1345/1529/1975
f 1325/1668/1976 1432/1500/1976 1395/1503/1976
f 1428/1635/1977 1408/1517/1977 1373/1516/1977
f 1425/1619/1978 1379/1518/1978 1361/1669/1978
f 1368/1670/1977 1429/1633/1977 1391/1507/1977
f 1411/1647/1979 1368/1670/1979 1311/1506/1979
f 1319/1643/1980 1427/1631/1980 1372/1671/1980
f 1391/1507/1977 1428/1635/1977 1373/1516/1977
f 1431/1632/1981 1367/1666/1981 1408/1517/1981
f 1312/1614/1982 1423/1621/1982 1360/1672/1982
f 1365/1622/1983 1422/1602/1983 1320/1605/1983
f 1360/1673/1984 1413/1512/1984 1352/1593/1984
f 1320/1605/1985 1412/1601/1985 1357/1674/1985
f 1339/1510/1986 1420/1675/1986 1340/1560/1986
f 1340/1676/1987 1419/1566/1987 1341/1677/1987
f 1319/1678/1988 1419/1566/1988 1414/1562/1988
f 1331/1591/1989 1418/1514/1989 1417/1555/1989
f 1332/1679/1990 1417/1680/1990 1416/1551/1990
f 1332/1681/1991 1411/1548/1991 1311/1585/1991
f 1430/1523/1992 1325/1668/1992 1379/1518/1992
f 1352/1593/1993 1418/1514/1993 1330/1486/1993
f 1395/1503/1994 1424/1502/1994 1365/1622/1994
f 1357/1674/1995 1421/1494/1995 1339/1682/1995
f 1437/1519/1996 1406/1618/1996 1363/1625/1996
f 1375/1634/1997 1453/1627/1997 1409/1630/1997
f 1316/1616/1998 1452/1520/1998 1389/1626/1998
f 1449/1642/1999 1392/1648/1999 1371/1683/1999
f 1434/1644/2000 1369/1628/2000 1313/1524/2000
f 1435/1640/2001 1371/1683/2001 1317/1645/2001
f 1451/1637/2002 1375/1634/2002 1392/1648/2002
f 1453/1627/2003 1372/1671/2003 1409/1630/2003
f 1314/1684/2004 1445/1607/2004 1364/1597/2004
f 1446/1617/2005 1318/1620/2005 1361/1669/2005
f 1364/1597/2006 1436/1606/2006 1356/1492/2006
f 1318/1620/2007 1433/1596/2007 1353/1685/2007
f 1343/1686/2008 1443/1490/2008 1442/1582/2008
f 1343/1552/2009 1441/1581/2009 1344/1553/2009
f 1317/1687/2010 1441/1576/2010 1435/1578/2010
f 1336/1688/2011 1439/1561/2011 1337/1573/2011
f 1338/1570/2012 1439/1561/2012 1438/1559/2012
f 1313/1571/2013 1438/1559/2013 1434/1556/2013
f 1452/1520/1998 1363/1625/1998 1389/1626/1998
f 1356/1492/2014 1440/1689/2014 1336/1493/2014
f 1454/1505/2015 1314/1684/2015 1406/1618/2015
f 1353/1690/2016 1443/1490/2016 1342/1691/2016
f 1472/1698/2017 1476/1699/2017 1531/1700/2017
f 1589/1701/2018 1500/1702/2018 1479/1703/2018
f 1540/1704/2019 1482/1705/2019 1549/1706/2019
f 1558/1707/2020 1475/1708/2020 1567/1709/2020
f 1522/1710/2021 1520/1711/2021 1536/1712/2021
f 1578/1713/2022 1456/1714/2022 1570/1715/2022
f 1541/1716/2023 1593/1717/2023 1600/1718/2023
f 1457/1719/2024 1537/1720/2024 1523/1721/2024
f 1582/1722/2025 1485/1723/2025 1586/1724/2025
f 1564/1725/2026 1499/1726/2026 1488/1727/2026
f 1539/1728/2027 1519/1729/2027 1554/1730/2027
f 1525/1731/2028 1583/1732/2028 1598/1733/2028
f 1534/1734/2029 1561/1735/2029 1576/1736/2029
f 1543/1737/2030 1515/1738/2030 1556/1739/2030
f 1528/1740/2031 1501/1741/2031 1491/1742/2031
f 1546/1743/2032 1497/1744/2032 1494/1745/2032
f 1544/1746/2033 1467/1747/2033 1539/1748/2033
f 1545/1749/2034 1496/1750/2034 1544/1746/2034
f 1546/1751/2035 1495/1752/2035 1545/1749/2035
f 1522/1753/2036 1493/1754/2036 1469/1755/2036
f 1527/1756/2037 1493/1757/2037 1526/1758/2037
f 1528/1740/2038 1492/1759/2038 1527/1760/2038
f 1557/1761/2039 1490/1762/2039 1463/1763/2039
f 1562/1764/2040 1489/1765/2040 1490/1766/2040
f 1564/1725/2041 1489/1767/2041 1563/1768/2041
f 1584/1769/2042 1465/1770/2042 1580/1771/2042
f 1585/1772/2043 1487/1773/2043 1584/1769/2043
f 1586/1724/2044 1486/1774/2044 1585/1772/2044
f 1560/1775/2045 1473/1776/2045 1455/1777/2045
f 1566/1778/2046 1473/1776/2046 1565/1779/2046
f 1566/1778/2047 1475/1780/2047 1474/1781/2047
f 1543/1782/2048 1484/1783/2048 1459/1784/2048
f 1548/1785/2049 1484/1783/2049 1547/1786/2049
f 1549/1787/2050 1483/1788/2050 1548/1785/2050
f 1587/1789/2051 1461/1790/2051 1581/1791/2051
f 1587/1792/2052 1480/1793/2052 1481/1794/2052
f 1588/1795/2053 1479/1703/2053 1480/1796/2053
f 1529/1797/2054 1457/1798/2054 1523/1799/2054
f 1529/1800/2055 1477/1801/2055 1478/1802/2055
f 1530/1803/2056 1476/1699/2056 1477/1804/2056
f 1506/1805/2057 1472/1698/2057 1532/1806/2057
f 1590/1807/2058 1500/1808/2058 1579/1809/2058
f 1510/1810/2059 1540/1704/2059 1550/1811/2059
f 1512/1812/2060 1558/1707/2060 1568/1813/2060
f 1464/1814/2061 1559/1815/2061 1569/1816/2061
f 1466/1817/2062 1582/1818/2062 1591/1819/2062
f 1468/1820/2063 1542/1821/2063 1551/1822/2063
f 1470/1823/2064 1524/1824/2064 1533/1825/2064
f 1458/1826/2065 1532/1827/2065 1534/1734/2065
f 1592/1828/2066 1508/1829/2066 1590/1807/2066
f 1460/1830/2067 1550/1811/2067 1552/1831/2067
f 1456/1714/2068 1568/1813/2068 1570/1715/2068
f 1571/1832/2069 1464/1833/2069 1569/1834/2069
f 1511/1835/2070 1591/1819/2070 1593/1717/2070
f 1553/1836/2071 1468/1820/2071 1551/1822/2071
f 1509/1837/2072 1533/1825/2072 1535/1838/2072
f 1556/1739/2073 1594/1839/2073 1599/1840/2073
f 1555/1841/2074 1573/1842/2074 1577/1843/2074
f 1575/1844/2075 1521/1845/2075 1574/1846/2075
f 1536/1712/2076 1596/1847/2076 1597/1848/2076
f 1560/1775/2077 1513/1849/2077 1573/1850/2077
f 1581/1851/2078 1516/1852/2078 1595/1853/2078
f 1580/1854/2079 1518/1855/2079 1594/1839/2079
f 1463/1856/2080 1572/1857/2080 1557/1858/2080
f 1516/1852/2081 1597/1848/2081 1595/1853/2081
f 1572/1857/2082 1538/1859/2082 1575/1844/2082
f 1462/1860/2072 1533/1825/2072 1508/1829/2072
f 1505/1861/2083 1532/1827/2083 1468/1820/2083
f 1508/1829/2084 1524/1824/2084 1500/1808/2084
f 1468/1862/2085 1472/1698/2085 1497/1744/2085
f 1495/1863/2086 1531/1700/2086 1530/1803/2086
f 1496/1750/2087 1530/1864/2087 1529/1800/2087
f 1496/1750/2088 1523/1865/2088 1467/1747/2088
f 1479/1703/2089 1527/1760/2089 1480/1796/2089
f 1481/1866/2090 1527/1760/2090 1526/1867/2090
f 1461/1790/2091 1526/1867/2091 1522/1753/2091
f 1500/1702/2092 1528/1740/2092 1479/1703/2092
f 1458/1826/2093 1576/1736/2093 1571/1832/2093
f 1592/1828/2094 1525/1731/2094 1598/1733/2094
f 1523/1721/2095 1519/1729/2095 1467/1868/2095
f 1522/1710/2096 1516/1852/2096 1461/1869/2096
f 1497/1744/2097 1531/1700/2097 1494/1745/2097
f 1521/1845/2098 1577/1843/2098 1574/1846/2098
f 1596/1847/2099 1556/1739/2099 1599/1840/2099
f 1553/1836/2100 1512/1812/2100 1456/1714/2100
f 1509/1837/2101 1550/1811/2101 1470/1823/2101
f 1551/1822/2102 1504/1870/2102 1512/1812/2102
f 1550/1811/2103 1501/1871/2103 1470/1823/2103
f 1491/1742/2104 1548/1872/2104 1492/1759/2104
f 1492/1873/2105 1547/1874/2105 1493/1757/2105
f 1469/1875/2106 1547/1786/2106 1543/1782/2106
f 1475/1780/2107 1545/1749/2107 1474/1781/2107
f 1474/1781/2108 1544/1746/2108 1473/1776/2108
f 1455/1777/2109 1544/1746/2109 1539/1748/2109
f 1504/1870/2110 1546/1876/2110 1475/1708/2110
f 1543/1737/2111 1520/1711/2111 1469/1877/2111
f 1455/1878/2112 1554/1730/2112 1513/1879/2112
f 1583/1732/2113 1541/1716/2113 1600/1718/2113
f 1561/1735/2114 1553/1836/2114 1578/1713/2114
f 1501/1741/2115 1549/1880/2115 1491/1742/2115
f 1471/1881/2116 1578/1713/2116 1541/1716/2116
f 1574/1846/2117 1554/1730/2117 1519/1729/2117
f 1571/1832/2118 1525/1731/2118 1507/1882/2118
f 1514/1883/2119 1575/1844/2119 1537/1720/2119
f 1557/1858/2120 1514/1883/2120 1457/1719/2120
f 1465/1884/2121 1573/1842/2121 1518/1855/2121
f 1537/1720/2122 1574/1846/2122 1519/1729/2122
f 1577/1843/2123 1513/1879/2123 1554/1730/2123
f 1458/1826/2124 1569/1834/2124 1506/1885/2124
f 1511/1835/2125 1568/1813/2125 1466/1817/2125
f 1506/1805/2126 1559/1815/2126 1498/1886/2126
f 1466/1817/2127 1558/1707/2127 1503/1887/2127
f 1485/1723/2128 1566/1888/2128 1486/1774/2128
f 1486/1889/2129 1565/1779/2129 1487/1890/2129
f 1465/1891/2130 1565/1779/2130 1560/1775/2130
f 1477/1804/2131 1564/1725/2131 1563/1768/2131
f 1477/1892/2132 1562/1764/2132 1478/1893/2132
f 1457/1798/2133 1562/1894/2133 1557/1761/2133
f 1576/1736/2134 1471/1881/2134 1525/1731/2134
f 1498/1886/2135 1564/1725/2135 1476/1699/2135
f 1541/1716/2136 1570/1715/2136 1511/1835/2136
f 1503/1887/2137 1567/1709/2137 1485/1895/2137
f 1583/1732/2138 1552/1831/2138 1509/1837/2138
f 1521/1845/2098 1599/1840/2098 1555/1841/2098
f 1462/1860/2139 1598/1733/2139 1535/1838/2139
f 1595/1853/2140 1538/1859/2140 1517/1896/2140
f 1580/1854/2141 1515/1738/2141 1459/1897/2141
f 1581/1851/2142 1517/1896/2142 1463/1856/2142
f 1597/1848/2075 1521/1845/2075 1538/1859/2075
f 1555/1841/2143 1594/1839/2143 1518/1855/2143
f 1460/1830/2144 1591/1819/2144 1510/1810/2144
f 1592/1828/2145 1464/1833/2145 1507/1882/2145
f 1510/1810/2146 1582/1818/2146 1502/1898/2146
f 1464/1833/2147 1579/1809/2147 1499/1899/2147
f 1489/1900/2148 1589/1701/2148 1588/1795/2148
f 1490/1766/2149 1588/1901/2149 1587/1792/2149
f 1463/1902/2051 1587/1789/2051 1581/1791/2051
f 1482/1903/2150 1585/1772/2150 1483/1788/2150
f 1483/1788/2151 1584/1769/2151 1484/1783/2151
f 1459/1784/2152 1584/1769/2152 1580/1771/2152
f 1598/1733/2139 1509/1837/2139 1535/1838/2139
f 1502/1898/2153 1586/1904/2153 1482/1705/2153
f 1600/1718/2154 1460/1830/2154 1552/1831/2154
f 1499/1905/2155 1589/1701/2155 1488/1906/2155
f 1618/1698/2156 1622/1699/2156 1677/1700/2156
f 1735/1701/2157 1646/1702/2157 1625/1703/2157
f 1686/1704/2158 1628/1705/2158 1695/1706/2158
f 1704/1707/2159 1621/1708/2159 1713/1709/2159
f 1668/1710/2160 1666/1711/2160 1682/1712/2160
f 1724/1713/2161 1602/1714/2161 1716/1715/2161
f 1687/1716/2162 1739/1717/2162 1746/1718/2162
f 1603/1719/2163 1683/1720/2163 1669/1721/2163
f 1728/1722/2164 1631/1723/2164 1732/1724/2164
f 1710/1725/2165 1645/1726/2165 1634/1727/2165
f 1685/1728/2166 1665/1729/2166 1700/1730/2166
f 1671/1731/2167 1729/1732/2167 1744/1733/2167
f 1680/1734/2168 1707/1735/2168 1722/1736/2168
f 1689/1737/2169 1661/1738/2169 1702/1739/2169
f 1674/1740/2170 1647/1741/2170 1637/1742/2170
f 1692/1743/2171 1643/1744/2171 1640/1745/2171
f 1690/1746/2172 1613/1747/2172 1685/1748/2172
f 1691/1749/2173 1642/1750/2173 1690/1746/2173
f 1692/1751/2174 1641/1752/2174 1691/1749/2174
f 1668/1753/2175 1639/1754/2175 1615/1755/2175
f 1673/1756/2176 1639/1757/2176 1672/1758/2176
f 1674/1740/2177 1638/1759/2177 1673/1760/2177
f 1703/1761/2178 1636/1762/2178 1609/1763/2178
f 1708/1764/2179 1635/1765/2179 1636/1766/2179
f 1710/1725/2180 1635/1767/2180 1709/1768/2180
f 1730/1769/2181 1611/1770/2181 1726/1771/2181
f 1731/1772/2182 1633/1773/2182 1730/1769/2182
f 1732/1724/2183 1632/1774/2183 1731/1772/2183
f 1706/1775/2184 1619/1776/2184 1601/1777/2184
f 1712/1778/2185 1619/1776/2185 1711/1779/2185
f 1712/1778/2186 1621/1780/2186 1620/1781/2186
f 1689/1782/2187 1630/1783/2187 1605/1784/2187
f 1694/1785/2188 1630/1783/2188 1693/1786/2188
f 1695/1787/2189 1629/1788/2189 1694/1785/2189
f 1733/1789/2190 1607/1790/2190 1727/1791/2190
f 1733/1792/2191 1626/1793/2191 1627/1794/2191
f 1734/1795/2192 1625/1703/2192 1626/1796/2192
f 1675/1797/2193 1603/1798/2193 1669/1799/2193
f 1675/1800/2194 1623/1801/2194 1624/1802/2194
f 1676/1803/2195 1622/1699/2195 1623/1804/2195
f 1652/1805/2196 1618/1698/2196 1678/1806/2196
f 1736/1807/2197 1646/1808/2197 1725/1809/2197
f 1656/1810/2198 1686/1704/2198 1696/1811/2198
f 1658/1812/2199 1704/1707/2199 1714/1813/2199
f 1610/1814/2200 1705/1815/2200 1715/1816/2200
f 1612/1817/2201 1728/1818/2201 1737/1819/2201
f 1614/1820/2202 1688/1821/2202 1697/1822/2202
f 1616/1823/2203 1670/1824/2203 1679/1825/2203
f 1604/1826/2204 1678/1827/2204 1680/1734/2204
f 1738/1828/2205 1654/1829/2205 1736/1807/2205
f 1606/1830/2206 1696/1811/2206 1698/1831/2206
f 1602/1714/2207 1714/1813/2207 1716/1715/2207
f 1717/1832/2208 1610/1833/2208 1715/1834/2208
f 1657/1835/2209 1737/1819/2209 1739/1717/2209
f 1699/1836/2210 1614/1820/2210 1697/1822/2210
f 1655/1837/2211 1679/1825/2211 1681/1838/2211
f 1702/1739/2212 1740/1839/2212 1745/1840/2212
f 1701/1841/2213 1719/1842/2213 1723/1843/2213
f 1721/1844/2214 1667/1845/2214 1720/1846/2214
f 1682/1712/2215 1742/1847/2215 1743/1848/2215
f 1706/1775/2216 1659/1849/2216 1719/1850/2216
f 1727/1851/2217 1662/1852/2217 1741/1853/2217
f 1726/1854/2218 1664/1855/2218 1740/1839/2218
f 1609/1856/2219 1718/1857/2219 1703/1858/2219
f 1662/1852/2220 1743/1848/2220 1741/1853/2220
f 1718/1857/2221 1684/1859/2221 1721/1844/2221
f 1608/1860/2211 1679/1825/2211 1654/1829/2211
f 1651/1861/2222 1678/1827/2222 1614/1820/2222
f 1654/1829/2223 1670/1824/2223 1646/1808/2223
f 1614/1862/2224 1618/1698/2224 1643/1744/2224
f 1641/1863/2225 1677/1700/2225 1676/1803/2225
f 1642/1750/2226 1676/1864/2226 1675/1800/2226
f 1642/1750/2227 1669/1865/2227 1613/1747/2227
f 1625/1703/2228 1673/1760/2228 1626/1796/2228
f 1627/1866/2229 1673/1760/2229 1672/1867/2229
f 1607/1790/2230 1672/1867/2230 1668/1753/2230
f 1646/1702/2231 1674/1740/2231 1625/1703/2231
f 1604/1826/2232 1722/1736/2232 1717/1832/2232
f 1738/1828/2233 1671/1731/2233 1744/1733/2233
f 1669/1721/2234 1665/1729/2234 1613/1868/2234
f 1668/1710/2235 1662/1852/2235 1607/1869/2235
f 1643/1744/2236 1677/1700/2236 1640/1745/2236
f 1667/1845/2214 1723/1843/2214 1720/1846/2214
f 1742/1847/2237 1702/1739/2237 1745/1840/2237
f 1699/1836/2238 1658/1812/2238 1602/1714/2238
f 1655/1837/2239 1696/1811/2239 1616/1823/2239
f 1697/1822/2240 1650/1870/2240 1658/1812/2240
f 1696/1811/2241 1647/1871/2241 1616/1823/2241
f 1637/1742/2242 1694/1872/2242 1638/1759/2242
f 1638/1873/2243 1693/1874/2243 1639/1757/2243
f 1615/1875/2244 1693/1786/2244 1689/1782/2244
f 1621/1780/2245 1691/1749/2245 1620/1781/2245
f 1620/1781/2246 1690/1746/2246 1619/1776/2246
f 1601/1777/2247 1690/1746/2247 1685/1748/2247
f 1650/1870/2248 1692/1876/2248 1621/1708/2248
f 1689/1737/2249 1666/1711/2249 1615/1877/2249
f 1601/1878/2250 1700/1730/2250 1659/1879/2250
f 1729/1732/2251 1687/1716/2251 1746/1718/2251
f 1707/1735/2252 1699/1836/2252 1724/1713/2252
f 1647/1741/2253 1695/1880/2253 1637/1742/2253
f 1617/1881/2254 1724/1713/2254 1687/1716/2254
f 1720/1846/2255 1700/1730/2255 1665/1729/2255
f 1717/1832/2256 1671/1731/2256 1653/1882/2256
f 1660/1883/2257 1721/1844/2257 1683/1720/2257
f 1703/1858/2258 1660/1883/2258 1603/1719/2258
f 1611/1884/2259 1719/1842/2259 1664/1855/2259
f 1683/1720/2260 1720/1846/2260 1665/1729/2260
f 1723/1843/2261 1659/1879/2261 1700/1730/2261
f 1604/1826/2262 1715/1834/2262 1652/1885/2262
f 1657/1835/2263 1714/1813/2263 1612/1817/2263
f 1652/1805/2264 1705/1815/2264 1644/1886/2264
f 1612/1817/2265 1704/1707/2265 1649/1887/2265
f 1631/1723/2266 1712/1888/2266 1632/1774/2266
f 1632/1889/2267 1711/1779/2267 1633/1890/2267
f 1611/1891/2268 1711/1779/2268 1706/1775/2268
f 1623/1804/2269 1710/1725/2269 1709/1768/2269
f 1623/1892/2270 1708/1764/2270 1624/1893/2270
f 1603/1798/2271 1708/1894/2271 1703/1761/2271
f 1722/1736/2272 1617/1881/2272 1671/1731/2272
f 1644/1886/2273 1710/1725/2273 1622/1699/2273
f 1687/1716/2274 1716/1715/2274 1657/1835/2274
f 1649/1887/2275 1713/1709/2275 1631/1895/2275
f 1729/1732/2276 1698/1831/2276 1655/1837/2276
f 1667/1845/2214 1745/1840/2214 1701/1841/2214
f 1608/1860/2277 1744/1733/2277 1681/1838/2277
f 1741/1853/2278 1684/1859/2278 1663/1896/2278
f 1726/1854/2279 1661/1738/2279 1605/1897/2279
f 1727/1851/2280 1663/1896/2280 1609/1856/2280
f 1743/1848/2214 1667/1845/2214 1684/1859/2214
f 1701/1841/2281 1740/1839/2281 1664/1855/2281
f 1606/1830/2282 1737/1819/2282 1656/1810/2282
f 1738/1828/2283 1610/1833/2283 1653/1882/2283
f 1656/1810/2284 1728/1818/2284 1648/1898/2284
f 1610/1833/2285 1725/1809/2285 1645/1899/2285
f 1635/1900/2286 1735/1701/2286 1734/1795/2286
f 1636/1766/2287 1734/1901/2287 1733/1792/2287
f 1609/1902/2190 1733/1789/2190 1727/1791/2190
f 1628/1903/2288 1731/1772/2288 1629/1788/2288
f 1629/1788/2289 1730/1769/2289 1630/1783/2289
f 1605/1784/2290 1730/1769/2290 1726/1771/2290
f 1744/1733/2277 1655/1837/2277 1681/1838/2277
f 1648/1898/2291 1732/1904/2291 1628/1705/2291
f 1746/1718/2292 1606/1830/2292 1698/1831/2292
f 1645/1905/2293 1735/1701/2293 1634/1906/2293
f 1764/1485/2294 1768/1486/2294 1823/1487/2294
f 1871/1488/2295 1771/1489/2295 1881/1490/2295
f 1832/1598/2296 1774/1493/2296 1841/1491/2296
f 1859/1494/2297 1796/1495/2297 1767/1496/2297
f 1814/1497/2298 1812/1498/2298 1828/1499/2298
f 1870/1500/2299 1748/1501/2299 1862/1502/2299
f 1833/1503/2300 1885/1504/2300 1892/1505/2300
f 1749/1506/2301 1829/1507/2301 1815/1508/2301
f 1878/1511/2302 1795/1692/2302 1777/1510/2302
f 1851/1512/2303 1780/1513/2303 1856/1514/2303
f 1831/1515/2304 1811/1516/2304 1846/1517/2304
f 1817/1518/2305 1875/1519/2305 1890/1520/2305
f 1826/1521/2306 1853/1522/2306 1868/1523/2306
f 1835/1526/2307 1807/1628/2307 1848/1525/2307
f 1820/1527/2308 1793/1528/2308 1783/1529/2308
f 1838/1530/2309 1789/1531/2309 1786/1532/2309
f 1836/1533/2310 1759/1534/2310 1831/1535/2310
f 1837/1536/2311 1788/1537/2311 1836/1533/2311
f 1838/1538/2312 1787/1539/2312 1837/1536/2312
f 1814/1542/2313 1785/1693/2313 1761/1541/2313
f 1819/1543/2314 1785/1544/2314 1818/1545/2314
f 1820/1527/2315 1784/1546/2315 1819/1547/2315
f 1849/1548/2316 1782/1549/2316 1755/1550/2316
f 1854/1551/2317 1781/1552/2317 1782/1553/2317
f 1856/1514/2318 1781/1554/2318 1855/1555/2318
f 1876/1559/2319 1757/1558/2319 1872/1556/2319
f 1877/1561/2320 1779/1557/2320 1876/1559/2320
f 1877/1561/2321 1777/1510/2321 1778/1560/2321
f 1852/1562/2322 1765/1563/2322 1747/1564/2322
f 1858/1565/2323 1765/1563/2323 1857/1566/2323
f 1858/1565/2324 1767/1567/2324 1766/1568/2324
f 1835/1569/2325 1776/1570/2325 1751/1571/2325
f 1840/1575/2326 1776/1570/2326 1839/1572/2326
f 1841/1574/2327 1775/1573/2327 1840/1575/2327
f 1879/1576/2328 1753/1577/2328 1873/1578/2328
f 1880/1579/2329 1773/1580/2329 1879/1581/2329
f 1880/1582/2330 1771/1489/2330 1772/1583/2330
f 1821/1584/2331 1749/1585/2331 1815/1586/2331
f 1821/1587/2332 1769/1588/2332 1770/1589/2332
f 1822/1590/2333 1768/1486/2333 1769/1591/2333
f 1824/1592/2334 1790/1593/2334 1764/1485/2334
f 1882/1594/2335 1792/1595/2335 1871/1596/2335
f 1802/1597/2336 1832/1598/2336 1842/1599/2336
f 1804/1600/2337 1850/1601/2337 1860/1602/2337
f 1756/1603/2338 1851/1512/2338 1861/1604/2338
f 1758/1605/2339 1874/1606/2339 1883/1607/2339
f 1760/1608/2340 1834/1609/2340 1843/1610/2340
f 1762/1611/2341 1816/1612/2341 1825/1613/2341
f 1750/1614/2342 1824/1615/2342 1826/1521/2342
f 1754/1616/2343 1882/1594/2343 1884/1617/2343
f 1752/1684/2344 1842/1599/2344 1844/1618/2344
f 1748/1501/2345 1860/1602/2345 1862/1502/2345
f 1863/1619/2346 1756/1620/2346 1861/1621/2346
f 1803/1622/2347 1883/1607/2347 1885/1504/2347
f 1797/1623/2348 1843/1610/2348 1845/1624/2348
f 1801/1625/2349 1825/1613/2349 1827/1626/2349
f 1891/1627/2350 1807/1628/2350 1886/1629/2350
f 1847/1630/2350 1865/1631/2350 1869/1632/2350
f 1867/1633/2350 1813/1634/2350 1866/1635/2350
f 1828/1499/2350 1888/1636/2350 1889/1637/2350
f 1852/1562/2351 1805/1638/2351 1865/1639/2351
f 1873/1640/2352 1808/1641/2352 1887/1642/2352
f 1872/1644/2353 1810/1671/2353 1886/1629/2353
f 1755/1645/2354 1864/1646/2354 1849/1647/2354
f 1808/1641/2350 1889/1637/2350 1887/1642/2350
f 1864/1646/2350 1830/1648/2350 1867/1633/2350
f 1754/1616/2349 1825/1613/2349 1800/1649/2349
f 1797/1623/2355 1824/1615/2355 1760/1608/2355
f 1800/1649/2356 1816/1612/2356 1792/1595/2356
f 1760/1650/2357 1764/1485/2357 1789/1531/2357
f 1786/1532/2358 1822/1590/2358 1787/1651/2358
f 1788/1537/2359 1822/1652/2359 1821/1587/2359
f 1788/1537/2360 1815/1653/2360 1759/1534/2360
f 1771/1489/2361 1819/1547/2361 1772/1583/2361
f 1773/1654/2362 1819/1547/2362 1818/1540/2362
f 1753/1577/2363 1818/1540/2363 1814/1542/2363
f 1792/1655/2364 1820/1527/2364 1771/1489/2364
f 1750/1614/2365 1868/1523/2365 1863/1619/2365
f 1884/1617/2366 1817/1518/2366 1890/1520/2366
f 1815/1508/2367 1811/1516/2367 1759/1656/2367
f 1814/1497/2368 1808/1641/2368 1753/1657/2368
f 1789/1531/2369 1823/1487/2369 1786/1532/2369
f 1813/1634/2350 1869/1632/2350 1866/1635/2350
f 1888/1636/2350 1848/1525/2350 1891/1627/2350
f 1845/1624/2370 1804/1600/2370 1748/1501/2370
f 1801/1625/2371 1842/1599/2371 1762/1611/2371
f 1843/1610/2372 1796/1495/2372 1804/1600/2372
f 1762/1611/2373 1832/1598/2373 1793/1658/2373
f 1783/1529/2374 1840/1659/2374 1784/1546/2374
f 1784/1660/2375 1839/1661/2375 1785/1544/2375
f 1761/1662/2376 1839/1572/2376 1835/1569/2376
f 1767/1567/2377 1837/1536/2377 1766/1568/2377
f 1766/1568/2378 1836/1533/2378 1765/1563/2378
f 1747/1564/2379 1836/1533/2379 1831/1535/2379
f 1767/1496/2380 1834/1609/2380 1838/1663/2380
f 1835/1526/2381 1812/1498/2381 1761/1664/2381
f 1747/1665/2382 1846/1517/2382 1805/1666/2382
f 1875/1519/2383 1833/1503/2383 1892/1505/2383
f 1853/1522/2384 1845/1624/2384 1870/1500/2384
f 1793/1528/2385 1841/1667/2385 1783/1529/2385
f 1763/1668/2386 1870/1500/2386 1833/1503/2386
f 1866/1635/2350 1846/1517/2350 1811/1516/2350
f 1863/1619/2387 1817/1518/2387 1799/1669/2387
f 1806/1670/2350 1867/1633/2350 1829/1507/2350
f 1849/1647/2388 1806/1670/2388 1749/1506/2388
f 1757/1643/2389 1865/1631/2389 1810/1671/2389
f 1829/1507/2350 1866/1635/2350 1811/1516/2350
f 1869/1632/2350 1805/1666/2350 1846/1517/2350
f 1750/1614/2390 1861/1621/2390 1798/1672/2390
f 1803/1622/2391 1860/1602/2391 1758/1605/2391
f 1798/1673/2392 1851/1512/2392 1790/1593/2392
f 1758/1605/2393 1850/1601/2393 1795/1674/2393
f 1777/1510/2394 1858/1675/2394 1778/1560/2394
f 1778/1676/2395 1857/1566/2395 1779/1677/2395
f 1757/1678/2396 1857/1566/2396 1852/1562/2396
f 1769/1591/2397 1856/1514/2397 1855/1555/2397
f 1769/1696/2398 1854/1551/2398 1770/1679/2398
f 1770/1681/2399 1849/1548/2399 1749/1585/2399
f 1868/1523/2400 1763/1668/2400 1817/1518/2400
f 1790/1593/2401 1856/1514/2401 1768/1486/2401
f 1833/1503/2402 1862/1502/2402 1803/1622/2402
f 1795/1674/2403 1859/1494/2403 1777/1682/2403
f 1875/1519/2404 1844/1618/2404 1801/1625/2404
f 1813/1634/2350 1891/1627/2350 1847/1630/2350
f 1754/1616/2405 1890/1520/2405 1827/1626/2405
f 1887/1642/2350 1830/1648/2350 1809/1683/2350
f 1872/1644/2406 1807/1628/2406 1751/1524/2406
f 1873/1640/2407 1809/1683/2407 1755/1645/2407
f 1889/1637/2350 1813/1634/2350 1830/1648/2350
f 1847/1630/2350 1886/1629/2350 1810/1671/2350
f 1752/1684/2408 1883/1607/2408 1802/1597/2408
f 1884/1617/2409 1756/1620/2409 1799/1669/2409
f 1802/1597/2410 1874/1606/2410 1794/1492/2410
f 1756/1620/2411 1871/1596/2411 1791/1685/2411
f 1781/1686/2412 1881/1490/2412 1880/1582/2412
f 1781/1552/2413 1879/1581/2413 1782/1553/2413
f 1782/1697/2414 1873/1578/2414 1755/1687/2414
f 1774/1688/2415 1877/1561/2415 1775/1573/2415
f 1775/1573/2416 1876/1559/2416 1776/1570/2416
f 1751/1571/2417 1876/1559/2417 1872/1556/2417
f 1890/1520/2405 1801/1625/2405 1827/1626/2405
f 1794/1492/2418 1878/1689/2418 1774/1493/2418
f 1892/1505/2419 1752/1684/2419 1844/1618/2419
f 1791/1690/2420 1881/1490/2420 1780/1691/2420
f 1910/1485/2421 1914/1486/2421 1969/1487/2421
f 2017/1488/2422 1917/1489/2422 2027/1490/2422
f 1978/1598/2423 1920/1493/2423 1987/1491/2423
f 2005/1494/2424 1942/1495/2424 1913/1496/2424
f 1960/1497/2425 1958/1498/2425 1974/1499/2425
f 2016/1500/2426 1894/1501/2426 2008/1502/2426
f 1979/1503/2427 2031/1504/2427 2038/1505/2427
f 1895/1506/2428 1975/1507/2428 1961/1508/2428
f 2024/1511/2429 1941/1692/2429 1923/1510/2429
f 1997/1512/2430 1926/1513/2430 2002/1514/2430
f 1977/1515/2431 1957/1516/2431 1992/1517/2431
f 1963/1518/2432 2021/1519/2432 2036/1520/2432
f 1972/1521/2433 1999/1522/2433 2014/1523/2433
f 1981/1526/2434 1953/1628/2434 1994/1525/2434
f 1966/1527/2435 1939/1528/2435 1929/1529/2435
f 1984/1530/2436 1935/1531/2436 1932/1532/2436
f 1982/1533/2437 1905/1534/2437 1977/1535/2437
f 1983/1536/2438 1934/1537/2438 1982/1533/2438
f 1984/1538/2439 1933/1539/2439 1983/1536/2439
f 1960/1542/2440 1931/1693/2440 1907/1541/2440
f 1965/1543/2441 1931/1544/2441 1964/1545/2441
f 1966/1527/2442 1930/1546/2442 1965/1547/2442
f 1995/1548/2443 1928/1549/2443 1901/1550/2443
f 2000/1551/2444 1927/1552/2444 1928/1553/2444
f 2002/1514/2445 1927/1554/2445 2001/1555/2445
f 2022/1559/2446 1903/1558/2446 2018/1556/2446
f 2023/1561/2447 1925/1557/2447 2022/1559/2447
f 2023/1561/2448 1923/1510/2448 1924/1560/2448
f 1998/1562/2449 1911/1563/2449 1893/1564/2449
f 2004/1565/2450 1911/1563/2450 2003/1566/2450
f 2004/1565/2451 1913/1567/2451 1912/1568/2451
f 1981/1569/2452 1922/1570/2452 1897/1571/2452
f 1986/1575/2453 1922/1570/2453 1985/1572/2453
f 1987/1574/2454 1921/1573/2454 1986/1575/2454
f 2025/1576/2455 1899/1577/2455 2019/1578/2455
f 2025/1581/2456 1918/1695/2456 1919/1580/2456
f 2026/1582/2457 1917/1489/2457 1918/1583/2457
f 1967/1584/2458 1895/1585/2458 1961/1586/2458
f 1967/1587/2459 1915/1588/2459 1916/1589/2459
f 1968/1590/2460 1914/1486/2460 1915/1591/2460
f 1970/1592/2461 1936/1593/2461 1910/1485/2461
f 2028/1594/2462 1938/1595/2462 2017/1596/2462
f 1948/1597/2463 1978/1598/2463 1988/1599/2463
f 1950/1600/2464 1996/1601/2464 2006/1602/2464
f 1902/1603/2465 1997/1512/2465 2007/1604/2465
f 1904/1605/2466 2020/1606/2466 2029/1607/2466
f 1906/1608/2467 1980/1609/2467 1989/1610/2467
f 1908/1611/2468 1962/1612/2468 1971/1613/2468
f 1896/1614/2469 1970/1615/2469 1972/1521/2469
f 1900/1616/2470 2028/1594/2470 2030/1617/2470
f 1898/1684/2471 1988/1599/2471 1990/1618/2471
f 1894/1501/2472 2006/1602/2472 2008/1502/2472
f 2009/1619/2473 1902/1620/2473 2007/1621/2473
f 1949/1622/2474 2029/1607/2474 2031/1504/2474
f 1991/1624/2475 1906/1608/2475 1989/1610/2475
f 1947/1625/2476 1971/1613/2476 1973/1626/2476
f 2037/1627/2477 1953/1628/2477 2032/1629/2477
f 1993/1630/2477 2011/1631/2477 2015/1632/2477
f 2013/1633/2477 1959/1634/2477 2012/1635/2477
f 1974/1499/2477 2034/1636/2477 2035/1637/2477
f 1998/1562/2478 1951/1638/2478 2011/1639/2478
f 2019/1640/2479 1954/1641/2479 2033/1642/2479
f 2018/1644/2480 1956/1671/2480 2032/1629/2480
f 1901/1645/2481 2010/1646/2481 1995/1647/2481
f 1954/1641/2477 2035/1637/2477 2033/1642/2477
f 2010/1646/2477 1976/1648/2477 2013/1633/2477
f 1900/1616/2476 1971/1613/2476 1946/1649/2476
f 1943/1623/2482 1970/1615/2482 1906/1608/2482
f 1946/1649/2483 1962/1612/2483 1938/1595/2483
f 1906/1650/2484 1910/1485/2484 1935/1531/2484
f 1932/1532/2485 1968/1590/2485 1933/1651/2485
f 1934/1537/2486 1968/1652/2486 1967/1587/2486
f 1934/1537/2487 1961/1653/2487 1905/1534/2487
f 1917/1489/2488 1965/1547/2488 1918/1583/2488
f 1919/1654/2489 1965/1547/2489 1964/1540/2489
f 1899/1577/2490 1964/1540/2490 1960/1542/2490
f 1938/1655/2491 1966/1527/2491 1917/1489/2491
f 1896/1614/2492 2014/1523/2492 2009/1619/2492
f 2030/1617/2493 1963/1518/2493 2036/1520/2493
f 1961/1508/2494 1957/1516/2494 1905/1656/2494
f 1960/1497/2495 1954/1641/2495 1899/1657/2495
f 1935/1531/2496 1969/1487/2496 1932/1532/2496
f 1959/1634/2477 2015/1632/2477 2012/1635/2477
f 2034/1636/2477 1994/1525/2477 2037/1627/2477
f 1991/1624/2497 1950/1600/2497 1894/1501/2497
f 1947/1625/2498 1988/1599/2498 1908/1611/2498
f 1989/1610/2499 1942/1495/2499 1950/1600/2499
f 1988/1599/2500 1939/1658/2500 1908/1611/2500
f 1929/1529/2501 1986/1659/2501 1930/1546/2501
f 1930/1660/2502 1985/1661/2502 1931/1544/2502
f 1907/1662/2503 1985/1572/2503 1981/1569/2503
f 1913/1567/2504 1983/1536/2504 1912/1568/2504
f 1912/1568/2505 1982/1533/2505 1911/1563/2505
f 1893/1564/2506 1982/1533/2506 1977/1535/2506
f 1913/1496/2507 1980/1609/2507 1984/1663/2507
f 1981/1526/2508 1958/1498/2508 1907/1664/2508
f 1893/1665/2509 1992/1517/2509 1951/1666/2509
f 2021/1519/2510 1979/1503/2510 2038/1505/2510
f 1999/1522/2511 1991/1624/2511 2016/1500/2511
f 1939/1528/2512 1987/1667/2512 1929/1529/2512
f 1909/1668/2513 2016/1500/2513 1979/1503/2513
f 2012/1635/2477 1992/1517/2477 1957/1516/2477
f 2009/1619/2514 1963/1518/2514 1945/1669/2514
f 1952/1670/2477 2013/1633/2477 1975/1507/2477
f 1995/1647/2515 1952/1670/2515 1895/1506/2515
f 1903/1643/2516 2011/1631/2516 1956/1671/2516
f 1975/1507/2477 2012/1635/2477 1957/1516/2477
f 2015/1632/2477 1951/1666/2477 1992/1517/2477
f 1896/1614/2517 2007/1621/2517 1944/1672/2517
f 1949/1622/2518 2006/1602/2518 1904/1605/2518
f 1944/1673/2519 1997/1512/2519 1936/1593/2519
f 1904/1605/2520 1996/1601/2520 1941/1674/2520
f 1923/1510/2521 2004/1675/2521 1924/1560/2521
f 1924/1676/2522 2003/1566/2522 1925/1677/2522
f 1903/1678/2523 2003/1566/2523 1998/1562/2523
f 1915/1591/2524 2002/1514/2524 2001/1555/2524
f 1915/1696/2525 2000/1551/2525 1916/1679/2525
f 1916/1681/2526 1995/1548/2526 1895/1585/2526
f 2014/1523/2527 1909/1668/2527 1963/1518/2527
f 1936/1593/2528 2002/1514/2528 1914/1486/2528
f 1979/1503/2529 2008/1502/2529 1949/1622/2529
f 1941/1674/2530 2005/1494/2530 1923/1682/2530
f 2021/1519/2531 1990/1618/2531 1947/1625/2531
f 1959/1634/2477 2037/1627/2477 1993/1630/2477
f 1900/1616/2532 2036/1520/2532 1973/1626/2532
f 2033/1642/2477 1976/1648/2477 1955/1683/2477
f 2018/1644/2533 1953/1628/2533 1897/1524/2533
f 2019/1640/2534 1955/1683/2534 1901/1645/2534
f 2035/1637/2477 1959/1634/2477 1976/1648/2477
f 1993/1630/2477 2032/1629/2477 1956/1671/2477
f 1898/1684/2535 2029/1607/2535 1948/1597/2535
f 2030/1617/2536 1902/1620/2536 1945/1669/2536
f 1948/1597/2537 2020/1606/2537 1940/1492/2537
f 1902/1620/2538 2017/1596/2538 1937/1685/2538
f 1927/1686/2539 2027/1490/2539 2026/1582/2539
f 1927/1552/2540 2025/1581/2540 1928/1553/2540
f 1901/1687/2455 2025/1576/2455 2019/1578/2455
f 1920/1688/2541 2023/1561/2541 1921/1573/2541
f 1921/1573/2542 2022/1559/2542 1922/1570/2542
f 1897/1571/2543 2022/1559/2543 2018/1556/2543
f 2036/1520/2532 1947/1625/2532 1973/1626/2532
f 1940/1492/2544 2024/1689/2544 1920/1493/2544
f 2038/1505/2545 1898/1684/2545 1990/1618/2545
f 1937/1690/2546 2027/1490/2546 1926/1691/2546
f 742/1485/2547 768/1593/2547 746/1486/2547
f 849/1488/2548 770/1655/2548 749/1489/2548
f 819/1491/2549 810/1598/2549 772/1492/2549
f 837/1494/2550 828/1601/2550 774/1495/2550
f 792/1497/2551 739/1664/2551 790/1498/2551
f 848/1500/2552 823/1624/2552 726/1501/2552
f 811/1503/2553 781/1622/2553 863/1504/2553
f 727/1506/2554 784/1670/2554 807/1507/2554
f 852/1509/2555 773/1692/2555 755/1510/2555
f 829/1512/2556 769/1907/2556 758/1513/2556
f 809/1515/2557 737/1656/2557 789/1516/2557
f 795/1518/2558 741/1668/2558 853/1519/2558
f 804/1521/2559 775/1623/2559 831/1522/2559
f 729/1524/2560 785/1628/2560 826/1525/2560
f 798/1527/2561 794/1908/2561 771/1528/2561
f 816/1530/2562 812/1909/2562 767/1531/2562
f 814/1533/2563 766/1537/2563 737/1534/2563
f 815/1536/2564 765/1539/2564 766/1537/2564
f 816/1538/2565 764/1910/2565 765/1539/2565
f 796/1540/2566 763/1693/2566 739/1541/2566
f 797/1543/2567 762/1660/2567 763/1544/2567
f 798/1527/2568 761/1529/2568 762/1546/2568
f 827/1548/2569 832/1694/2569 760/1549/2569
f 832/1551/2570 833/1680/2570 759/1552/2570
f 834/1514/2571 758/1513/2571 759/1554/2571
f 850/1556/2572 854/1559/2572 757/1557/2572
f 854/1559/2573 855/1561/2573 756/1560/2573
f 855/1561/2574 856/1511/2574 755/1510/2574
f 830/1562/2575 835/1566/2575 743/1563/2575
f 836/1565/2576 744/1568/2576 743/1563/2576
f 836/1565/2577 837/1911/2577 745/1567/2577
f 813/1569/2578 817/1572/2578 754/1570/2578
f 817/1572/2579 818/1575/2579 753/1573/2579
f 819/1574/2580 752/1688/2580 753/1573/2580
f 857/1576/2581 751/1654/2581 731/1577/2581
f 858/1579/2582 750/1695/2582 751/1580/2582
f 858/1582/2583 859/1490/2583 749/1489/2583
f 799/1584/2584 748/1681/2584 727/1585/2584
f 799/1587/2585 800/1652/2585 747/1588/2585
f 800/1590/2586 801/1487/2586 746/1486/2586
f 802/1592/2587 776/1673/2587 768/1593/2587
f 860/1594/2588 778/1649/2588 770/1595/2588
f 780/1597/2589 772/1492/2589 810/1598/2589
f 782/1600/2590 774/1495/2590 828/1601/2590
f 734/1603/2591 769/1907/2591 829/1512/2591
f 736/1605/2592 773/1674/2592 852/1606/2592
f 738/1608/2593 767/1912/2593 812/1609/2593
f 740/1611/2594 771/1658/2594 794/1612/2594
f 728/1614/2595 776/1672/2595 802/1615/2595
f 732/1616/2596 778/1649/2596 860/1594/2596
f 822/1618/2597 730/1684/2597 780/1597/2597
f 726/1501/1395 782/1600/1395 838/1602/1395
f 841/1619/2598 777/1669/2598 734/1620/2598
f 781/1622/2599 736/1605/2599 861/1607/2599
f 775/1623/2600 738/1608/2600 821/1610/2600
f 779/1625/2601 740/1611/2601 803/1613/2601
f 869/1627/2602 826/1525/2602 785/1628/2602
f 825/1630/2603 788/1671/2603 843/1631/2603
f 845/1633/2604 808/1648/2604 791/1634/2604
f 806/1499/2605 790/1498/2605 866/1636/2605
f 830/1562/2606 725/1564/2606 783/1638/2606
f 851/1640/2607 731/1657/2607 786/1641/2607
f 735/1643/2608 788/1671/2608 864/1629/2608
f 733/1645/2609 787/1683/2609 842/1646/2609
f 786/1641/2610 806/1499/2610 867/1637/2610
f 842/1646/2611 787/1683/2611 808/1648/2611
f 732/1616/1399 805/1626/1399 803/1613/1399
f 775/1623/2612 804/1521/2612 802/1615/2612
f 778/1649/2613 803/1613/2613 794/1612/2613
f 738/1650/2614 802/1592/2614 742/1485/2614
f 764/1532/2615 801/1487/2615 800/1590/2615
f 766/1537/2616 765/1539/2616 800/1652/2616
f 766/1537/2617 799/1587/2617 793/1653/2617
f 749/1489/2618 798/1527/2618 797/1547/2618
f 750/1583/2619 797/1547/2619 796/1540/2619
f 751/1654/2620 796/1540/2620 792/1542/2620
f 770/1655/2561 794/1908/2561 798/1527/2561
f 728/1614/2621 804/1521/2621 846/1523/2621
f 862/1617/2622 777/1669/2622 795/1518/2622
f 793/1508/2623 807/1507/2623 789/1516/2623
f 792/1497/2624 806/1499/2624 786/1641/2624
f 767/1531/2625 742/1485/2625 801/1487/2625
f 791/1634/2626 825/1630/2626 847/1632/2626
f 866/1636/2627 790/1498/2627 826/1525/2627
f 823/1624/2628 821/1610/2628 782/1600/2628
f 779/1625/2629 822/1618/2629 820/1599/2629
f 821/1610/2630 812/1609/2630 774/1495/2630
f 740/1611/2631 820/1599/2631 810/1598/2631
f 761/1529/2632 819/1667/2632 818/1659/2632
f 762/1660/2633 818/1913/2633 817/1661/2633
f 739/1662/2634 763/1914/2634 817/1572/2634
f 745/1567/2635 816/1538/2635 815/1536/2635
f 744/1568/2636 815/1536/2636 814/1533/2636
f 725/1564/2637 743/1563/2637 814/1533/2637
f 745/1496/2638 774/1495/2638 812/1609/2638
f 813/1526/2639 826/1525/2639 790/1498/2639
f 725/1665/2640 809/1515/2640 824/1517/2640
f 853/1519/2641 741/1668/2641 811/1503/2641
f 831/1522/2642 775/1623/2642 823/1624/2642
f 771/1528/2643 810/1915/2643 819/1667/2643
f 741/1668/2644 831/1522/2644 848/1500/2644
f 844/1635/2645 847/1632/2645 824/1517/2645
f 841/1619/2646 846/1523/2646 795/1518/2646
f 784/1670/1444 842/1646/1444 845/1633/1444
f 827/1647/2647 842/1646/2647 784/1670/2647
f 735/1643/2648 830/1916/2648 843/1631/2648
f 807/1507/1444 845/1633/1444 844/1635/1444
f 847/1632/2649 843/1631/2649 783/1666/2649
f 728/1614/1449 841/1619/1449 839/1621/1449
f 781/1622/1395 840/1502/1395 838/1602/1395
f 776/1673/2650 839/1604/2650 829/1512/2650
f 736/1605/2651 838/1602/2651 828/1601/2651
f 755/1510/2577 837/1917/2577 836/1675/2577
f 756/1676/2652 836/1565/2652 835/1566/2652
f 735/1678/2653 757/1677/2653 835/1566/2653
f 747/1591/2654 746/1486/2654 834/1514/2654
f 748/1679/2655 747/1696/2655 833/1680/2655
f 748/1681/2656 832/1694/2656 827/1548/2656
f 846/1523/2657 831/1522/2657 741/1668/2657
f 768/1593/2658 829/1512/2658 834/1514/2658
f 811/1503/2659 848/1500/2659 840/1502/2659
f 773/1674/2660 828/1601/2660 837/1494/2660
f 853/1519/2661 870/1505/2661 822/1618/2661
f 791/1634/2662 866/1636/2662 869/1627/2662
f 732/1616/2663 862/1617/2663 868/1520/2663
f 865/1642/2664 867/1637/2664 808/1648/2664
f 850/1644/2665 864/1629/2665 785/1628/2665
f 851/1640/2666 865/1642/2666 787/1683/2666
f 867/1637/2667 866/1636/2667 791/1634/2667
f 869/1627/2668 864/1629/2668 788/1671/2668
f 730/1684/1397 863/1504/1397 861/1607/1397
f 862/1617/2669 860/1594/2669 734/1620/2669
f 780/1597/2670 861/1607/2670 852/1606/2670
f 734/1620/2671 860/1594/2671 849/1596/2671
f 759/1686/2672 758/1691/2672 859/1490/2672
f 759/1552/2673 858/1579/2673 857/1581/2673
f 733/1687/2674 760/1697/2674 857/1576/2674
f 752/1688/2675 856/1511/2675 855/1561/2675
f 754/1570/2676 753/1573/2676 855/1561/2676
f 729/1571/2677 754/1570/2677 854/1559/2677
f 868/1520/2678 853/1519/2678 779/1625/2678
f 772/1492/2679 852/1606/2679 856/1689/2679
f 870/1505/2680 863/1504/2680 730/1684/2680
f 769/1690/2681 849/1488/2681 859/1490/2681
f 947/1487/2682 888/1485/2682 914/1593/2682
f 995/1488/2683 916/1655/2683 895/1489/2683
f 965/1491/2684 956/1598/2684 918/1492/2684
f 974/1601/2685 920/1495/2685 891/1496/2685
f 938/1497/2686 885/1664/2686 936/1498/2686
f 994/1500/2687 969/1624/2687 872/1501/2687
f 957/1503/2688 927/1622/2688 1009/1504/2688
f 873/1506/2689 930/1670/2689 953/1507/2689
f 1002/1511/2690 998/1509/2690 919/1692/2690
f 975/1512/2691 915/1907/2691 904/1513/2691
f 955/1515/2692 883/1656/2692 935/1516/2692
f 941/1518/2693 887/1668/2693 999/1519/2693
f 950/1521/2694 921/1623/2694 977/1522/2694
f 959/1526/2695 875/1524/2695 931/1628/2695
f 944/1527/2696 940/1908/2696 917/1528/2696
f 962/1530/2697 958/1909/2697 913/1531/2697
f 955/1535/2698 960/1533/2698 912/1537/2698
f 961/1536/2699 911/1539/2699 912/1537/2699
f 962/1538/2700 910/1910/2700 911/1539/2700
f 938/1542/2701 942/1540/2701 909/1693/2701
f 943/1543/2702 908/1660/2702 909/1544/2702
f 944/1527/2703 907/1529/2703 908/1546/2703
f 978/1694/2704 906/1549/2704 879/1550/2704
f 978/1551/2705 979/1680/2705 905/1552/2705
f 980/1514/2706 904/1513/2706 905/1554/2706
f 1000/1559/2707 903/1557/2707 881/1558/2707
f 1001/1561/2708 902/1560/2708 903/1557/2708
f 1001/1561/2709 1002/1511/2709 901/1510/2709
f 976/1562/2710 981/1566/2710 889/1563/2710
f 981/1566/2711 982/1565/2711 890/1568/2711
f 982/1565/2712 983/1911/2712 891/1567/2712
f 959/1569/2713 963/1572/2713 900/1570/2713
f 964/1575/2714 899/1573/2714 900/1570/2714
f 965/1574/2715 898/1688/2715 899/1573/2715
f 1003/1576/2716 897/1654/2716 877/1577/2716
f 1003/1581/2717 1004/1579/2717 896/1695/2717
f 1004/1582/2718 1005/1490/2718 895/1489/2718
f 945/1584/2719 894/1681/2719 873/1585/2719
f 946/1652/2720 893/1588/2720 894/1589/2720
f 946/1590/2721 947/1487/2721 892/1486/2721
f 922/1673/2722 914/1593/2722 888/1485/2722
f 1006/1594/2723 924/1649/2723 916/1595/2723
f 926/1597/2724 918/1492/2724 956/1598/2724
f 984/1602/2725 928/1600/2725 920/1495/2725
f 880/1603/2726 915/1907/2726 975/1512/2726
f 882/1605/2727 919/1674/2727 998/1606/2727
f 884/1608/2728 913/1912/2728 958/1609/2728
f 886/1611/2729 917/1658/2729 940/1612/2729
f 874/1614/2730 922/1672/2730 948/1615/2730
f 1008/1617/2731 878/1616/2731 924/1649/2731
f 876/1684/2732 926/1597/2732 966/1599/2732
f 986/1502/1535 872/1501/1535 928/1600/1535
f 923/1669/2733 880/1620/2733 985/1621/2733
f 927/1622/2734 882/1605/2734 1007/1607/2734
f 969/1624/2735 921/1623/2735 884/1608/2735
f 951/1626/2736 925/1625/2736 886/1611/2736
f 972/1525/1540 931/1628/1540 1010/1629/1540
f 971/1630/1540 934/1671/1540 989/1631/1540
f 991/1633/1540 954/1648/1540 937/1634/1540
f 952/1499/1540 936/1498/1540 1012/1636/1540
f 871/1564/2737 929/1638/2737 989/1639/2737
f 877/1657/2738 932/1641/2738 1011/1642/2738
f 996/1644/2739 881/1643/2739 934/1671/2739
f 879/1645/2740 933/1683/2740 988/1646/2740
f 932/1641/1540 952/1499/1540 1013/1637/1540
f 988/1646/1540 933/1683/1540 954/1648/1540
f 878/1616/1545 951/1626/1545 949/1613/1545
f 921/1623/2741 950/1521/2741 948/1615/2741
f 924/1649/1547 949/1613/1547 940/1612/1547
f 884/1650/2742 948/1592/2742 888/1485/2742
f 911/1651/2743 910/1532/2743 947/1487/2743
f 912/1537/2744 911/1539/2744 946/1652/2744
f 912/1537/2745 945/1587/2745 939/1653/2745
f 895/1489/2746 944/1527/2746 943/1547/2746
f 897/1654/2747 896/1583/2747 943/1547/2747
f 877/1577/2748 897/1654/2748 942/1540/2748
f 916/1655/2696 940/1908/2696 944/1527/2696
f 874/1614/2749 950/1521/2749 992/1523/2749
f 1008/1617/2750 923/1669/2750 941/1518/2750
f 939/1508/2751 953/1507/2751 935/1516/2751
f 938/1497/2752 952/1499/2752 932/1641/2752
f 910/1532/2753 913/1531/2753 888/1485/2753
f 937/1634/1540 971/1630/1540 993/1632/1540
f 1012/1636/1540 936/1498/1540 972/1525/1540
f 872/1501/2754 969/1624/2754 967/1610/2754
f 925/1625/2755 968/1618/2755 966/1599/2755
f 928/1600/2756 967/1610/2756 958/1609/2756
f 966/1599/2757 956/1598/2757 917/1658/2757
f 907/1529/2758 965/1667/2758 964/1659/2758
f 908/1660/2759 964/1913/2759 963/1661/2759
f 885/1662/2760 909/1914/2760 963/1572/2760
f 891/1567/2761 962/1538/2761 961/1536/2761
f 890/1568/2762 961/1536/2762 960/1533/2762
f 871/1564/2763 889/1563/2763 960/1533/2763
f 920/1495/2764 958/1609/2764 962/1663/2764
f 885/1664/2765 959/1526/2765 972/1525/2765
f 955/1515/1494 970/1517/1494 929/1666/1494
f 887/1668/2766 957/1503/2766 1016/1505/2766
f 977/1522/2767 921/1623/2767 969/1624/2767
f 917/1528/2768 956/1915/2768 965/1667/2768
f 887/1668/2769 977/1522/2769 994/1500/2769
f 990/1635/1540 993/1632/1540 970/1517/1540
f 987/1619/2770 992/1523/2770 941/1518/2770
f 930/1670/1540 988/1646/1540 991/1633/1540
f 873/1506/2771 973/1647/2771 988/1646/2771
f 881/1643/2772 976/1916/2772 989/1631/2772
f 953/1507/1540 991/1633/1540 990/1635/1540
f 993/1632/1540 989/1631/1540 929/1666/1540
f 987/1619/1536 985/1621/1536 922/1672/1536
f 927/1622/1535 986/1502/1535 984/1602/1535
f 985/1604/2773 975/1512/2773 914/1593/2773
f 882/1605/2774 984/1602/2774 974/1601/2774
f 901/1510/2712 983/1917/2712 982/1675/2712
f 903/1677/2775 902/1676/2775 982/1565/2775
f 881/1678/2776 903/1677/2776 981/1566/2776
f 893/1591/2777 892/1486/2777 980/1514/2777
f 893/1696/2778 979/1680/2778 978/1551/2778
f 894/1681/2779 978/1694/2779 973/1548/2779
f 941/1518/2770 992/1523/2770 977/1522/2770
f 892/1486/2780 914/1593/2780 975/1512/2780
f 957/1503/2781 994/1500/2781 986/1502/2781
f 919/1674/2782 974/1601/2782 983/1494/2782
f 999/1519/2783 1016/1505/2783 968/1618/2783
f 937/1634/1540 1012/1636/1540 1015/1627/1540
f 878/1616/2784 1008/1617/2784 1014/1520/2784
f 1011/1642/1540 1013/1637/1540 954/1648/1540
f 996/1644/2785 1010/1629/2785 931/1628/2785
f 997/1640/2786 1011/1642/2786 933/1683/2786
f 1013/1637/1540 1012/1636/1540 937/1634/1540
f 971/1630/1540 1015/1627/1540 1010/1629/1540
f 1009/1504/2787 1007/1607/2787 926/1597/2787
f 923/1669/2788 1008/1617/2788 1006/1594/2788
f 1007/1607/2789 998/1606/2789 918/1492/2789
f 880/1620/2790 1006/1594/2790 995/1596/2790
f 905/1686/2791 904/1691/2791 1005/1490/2791
f 906/1553/2792 905/1552/2792 1004/1579/2792
f 879/1687/2793 906/1697/2793 1003/1576/2793
f 899/1573/2794 898/1688/2794 1002/1511/2794
f 899/1573/2795 1001/1561/2795 1000/1559/2795
f 875/1571/2796 900/1570/2796 1000/1559/2796
f 1014/1520/2797 999/1519/2797 925/1625/2797
f 898/1493/2798 918/1492/2798 998/1606/2798
f 1016/1505/2799 1009/1504/2799 876/1684/2799
f 915/1690/2800 995/1488/2800 1005/1490/2800
f 1034/1485/2801 1060/1593/2801 1038/1486/2801
f 1141/1488/2802 1062/1655/2802 1041/1489/2802
f 1102/1598/2803 1064/1492/2803 1044/1493/2803
f 1129/1494/2804 1120/1601/2804 1066/1495/2804
f 1084/1497/2805 1031/1664/2805 1082/1498/2805
f 1140/1500/2806 1115/1624/2806 1018/1501/2806
f 1103/1503/2807 1073/1622/2807 1155/1504/2807
f 1019/1506/2808 1076/1670/2808 1099/1507/2808
f 1148/1511/2809 1144/1509/2809 1065/1692/2809
f 1121/1512/2810 1061/1907/2810 1050/1513/2810
f 1101/1515/2811 1029/1656/2811 1081/1516/2811
f 1087/1518/2812 1033/1668/2812 1145/1519/2812
f 1096/1521/2813 1067/1623/2813 1123/1522/2813
f 1105/1526/2814 1021/1524/2814 1077/1628/2814
f 1090/1527/2815 1086/1908/2815 1063/1528/2815
f 1108/1530/2816 1104/1909/2816 1059/1531/2816
f 1106/1533/2817 1058/1537/2817 1029/1534/2817
f 1107/1536/2818 1057/1539/2818 1058/1537/2818
f 1108/1538/2819 1056/1910/2819 1057/1539/2819
f 1084/1542/2820 1088/1540/2820 1055/1693/2820
f 1089/1543/2821 1054/1660/2821 1055/1544/2821
f 1090/1527/2822 1053/1529/2822 1054/1546/2822
f 1119/1548/2823 1124/1694/2823 1052/1549/2823
f 1124/1551/2824 1125/1680/2824 1051/1552/2824
f 1126/1514/2825 1050/1513/2825 1051/1554/2825
f 1146/1559/2826 1049/1557/2826 1027/1558/2826
f 1147/1561/2827 1048/1560/2827 1049/1557/2827
f 1147/1561/2828 1148/1511/2828 1047/1510/2828
f 1122/1562/2829 1127/1566/2829 1035/1563/2829
f 1128/1565/2830 1036/1568/2830 1035/1563/2830
f 1128/1565/2831 1129/1911/2831 1037/1567/2831
f 1105/1569/2832 1109/1572/2832 1046/1570/2832
f 1110/1575/2833 1045/1573/2833 1046/1570/2833
f 1111/1574/2834 1044/1688/2834 1045/1573/2834
f 1149/1576/2835 1043/1654/2835 1023/1577/2835
f 1150/1579/2836 1042/1695/2836 1043/1580/2836
f 1150/1582/2837 1151/1490/2837 1041/1489/2837
f 1091/1584/2838 1040/1681/2838 1019/1585/2838
f 1091/1587/2839 1092/1652/2839 1039/1588/2839
f 1092/1590/2840 1093/1487/2840 1038/1486/2840
f 1094/1592/2841 1068/1673/2841 1060/1593/2841
f 1152/1594/2842 1070/1649/2842 1062/1595/2842
f 1072/1597/2843 1064/1492/2843 1102/1598/2843
f 1074/1600/2844 1066/1495/2844 1120/1601/2844
f 1026/1603/2845 1061/1907/2845 1121/1512/2845
f 1028/1605/2846 1065/1674/2846 1144/1606/2846
f 1030/1608/2847 1059/1912/2847 1104/1609/2847
f 1032/1611/2848 1063/1658/2848 1086/1612/2848
f 1020/1614/2849 1068/1672/2849 1094/1615/2849
f 1024/1616/2850 1070/1649/2850 1152/1594/2850
f 1022/1684/2851 1072/1597/2851 1112/1599/2851
f 1018/1501/2852 1074/1600/2852 1130/1602/2852
f 1133/1619/2853 1069/1669/2853 1026/1620/2853
f 1073/1622/2854 1028/1605/2854 1153/1607/2854
f 1067/1623/2855 1030/1608/2855 1113/1610/2855
f 1071/1625/2856 1032/1611/2856 1095/1613/2856
f 1161/1627/1666 1118/1525/1666 1077/1628/1666
f 1117/1630/1666 1080/1671/1666 1135/1631/1666
f 1137/1633/1666 1100/1648/1666 1083/1634/1666
f 1098/1499/1666 1082/1498/1666 1158/1636/1666
f 1122/1562/2857 1017/1564/2857 1075/1638/2857
f 1143/1640/2858 1023/1657/2858 1078/1641/2858
f 1142/1644/2859 1027/1643/2859 1080/1671/2859
f 1025/1645/2860 1079/1683/2860 1134/1646/2860
f 1078/1641/1666 1098/1499/1666 1159/1637/1666
f 1134/1646/1666 1079/1683/1666 1100/1648/1666
f 1024/1616/1665 1097/1626/1665 1095/1613/1665
f 1067/1623/2861 1096/1521/2861 1094/1615/2861
f 1070/1649/1672 1095/1613/1672 1086/1612/1672
f 1030/1650/2862 1094/1592/2862 1034/1485/2862
f 1056/1532/2863 1093/1487/2863 1092/1590/2863
f 1058/1537/2864 1057/1539/2864 1092/1652/2864
f 1058/1537/2865 1091/1587/2865 1085/1653/2865
f 1041/1489/2866 1090/1527/2866 1089/1547/2866
f 1043/1654/2867 1042/1583/2867 1089/1547/2867
f 1023/1577/2868 1043/1654/2868 1088/1540/2868
f 1062/1655/2815 1086/1908/2815 1090/1527/2815
f 1020/1614/2869 1096/1521/2869 1138/1523/2869
f 1154/1617/2870 1069/1669/2870 1087/1518/2870
f 1085/1508/2871 1099/1507/2871 1081/1516/2871
f 1084/1497/2872 1098/1499/2872 1078/1641/2872
f 1059/1531/2873 1034/1485/2873 1093/1487/2873
f 1083/1634/1666 1117/1630/1666 1139/1632/1666
f 1158/1636/1666 1082/1498/1666 1118/1525/1666
f 1115/1624/2874 1113/1610/2874 1074/1600/2874
f 1071/1625/2875 1114/1618/2875 1112/1599/2875
f 1113/1610/2876 1104/1609/2876 1066/1495/2876
f 1032/1611/2877 1112/1599/2877 1102/1598/2877
f 1053/1529/2878 1111/1667/2878 1110/1659/2878
f 1054/1660/2879 1110/1913/2879 1109/1661/2879
f 1031/1662/2880 1055/1914/2880 1109/1572/2880
f 1037/1567/2881 1108/1538/2881 1107/1536/2881
f 1036/1568/2882 1107/1536/2882 1106/1533/2882
f 1017/1564/2883 1035/1563/2883 1106/1533/2883
f 1037/1496/2884 1066/1495/2884 1104/1609/2884
f 1105/1526/2885 1118/1525/2885 1082/1498/2885
f 1017/1665/2886 1101/1515/2886 1116/1517/2886
f 1145/1519/2887 1033/1668/2887 1103/1503/2887
f 1123/1522/2888 1067/1623/2888 1115/1624/2888
f 1063/1528/2889 1102/1915/2889 1111/1667/2889
f 1033/1668/2890 1123/1522/2890 1140/1500/2890
f 1136/1635/1666 1139/1632/1666 1116/1517/1666
f 1133/1619/2891 1138/1523/2891 1087/1518/2891
f 1076/1670/1666 1134/1646/1666 1137/1633/1666
f 1119/1647/2892 1134/1646/2892 1076/1670/2892
f 1027/1643/2893 1122/1916/2893 1135/1631/2893
f 1099/1507/1666 1137/1633/1666 1136/1635/1666
f 1139/1632/1666 1135/1631/1666 1075/1666/1666
f 1020/1614/1706 1133/1619/1706 1131/1621/1706
f 1073/1622/1661 1132/1502/1661 1130/1602/1661
f 1068/1673/2894 1131/1604/2894 1121/1512/2894
f 1028/1605/2895 1130/1602/2895 1120/1601/2895
f 1047/1510/2831 1129/1917/2831 1128/1675/2831
f 1048/1676/2896 1128/1565/2896 1127/1566/2896
f 1027/1678/2897 1049/1677/2897 1127/1566/2897
f 1039/1591/2898 1038/1486/2898 1126/1514/2898
f 1039/1696/2899 1125/1680/2899 1124/1551/2899
f 1040/1681/2900 1124/1694/2900 1119/1548/2900
f 1138/1523/2901 1123/1522/2901 1033/1668/2901
f 1060/1593/2902 1121/1512/2902 1126/1514/2902
f 1103/1503/2903 1140/1500/2903 1132/1502/2903
f 1065/1674/2904 1120/1601/2904 1129/1494/2904
f 1145/1519/2905 1162/1505/2905 1114/1618/2905
f 1083/1634/1666 1158/1636/1666 1161/1627/1666
f 1024/1616/2906 1154/1617/2906 1160/1520/2906
f 1157/1642/1666 1159/1637/1666 1100/1648/1666
f 1142/1644/2907 1156/1629/2907 1077/1628/2907
f 1143/1640/2908 1157/1642/2908 1079/1683/2908
f 1159/1637/1666 1158/1636/1666 1083/1634/1666
f 1117/1630/1666 1161/1627/1666 1156/1629/1666
f 1022/1684/2909 1155/1504/2909 1153/1607/2909
f 1154/1617/2910 1152/1594/2910 1026/1620/2910
f 1072/1597/2911 1153/1607/2911 1144/1606/2911
f 1026/1620/2912 1152/1594/2912 1141/1596/2912
f 1051/1686/2913 1050/1691/2913 1151/1490/2913
f 1051/1552/2914 1150/1579/2914 1149/1581/2914
f 1052/1697/2915 1149/1576/2915 1143/1578/2915
f 1044/1688/2916 1148/1511/2916 1147/1561/2916
f 1045/1573/2917 1147/1561/2917 1146/1559/2917
f 1021/1571/2918 1046/1570/2918 1146/1559/2918
f 1160/1520/2919 1145/1519/2919 1071/1625/2919
f 1064/1492/2920 1144/1606/2920 1148/1689/2920
f 1162/1505/2921 1155/1504/2921 1022/1684/2921
f 1061/1690/2922 1141/1488/2922 1151/1490/2922
f 1180/1485/2923 1206/1593/2923 1184/1486/2923
f 1287/1488/2924 1208/1655/2924 1187/1489/2924
f 1257/1491/2925 1248/1598/2925 1210/1492/2925
f 1275/1494/2926 1266/1601/2926 1212/1495/2926
f 1230/1497/2927 1177/1664/2927 1228/1498/2927
f 1286/1500/2928 1261/1624/2928 1164/1501/2928
f 1249/1503/2929 1219/1622/2929 1301/1504/2929
f 1165/1506/2930 1222/1670/2930 1245/1507/2930
f 1290/1509/2931 1211/1692/2931 1193/1510/2931
f 1267/1512/2932 1207/1907/2932 1196/1513/2932
f 1247/1515/2933 1175/1656/2933 1227/1516/2933
f 1233/1518/2934 1179/1668/2934 1291/1519/2934
f 1242/1521/2935 1213/1623/2935 1269/1522/2935
f 1167/1524/2936 1223/1628/2936 1264/1525/2936
f 1236/1527/2937 1232/1908/2937 1209/1528/2937
f 1254/1530/2938 1250/1909/2938 1205/1531/2938
f 1252/1533/2939 1204/1537/2939 1175/1534/2939
f 1253/1536/2940 1203/1539/2940 1204/1537/2940
f 1254/1538/2941 1202/1910/2941 1203/1539/2941
f 1234/1540/2942 1201/1693/2942 1177/1541/2942
f 1235/1543/2943 1200/1660/2943 1201/1544/2943
f 1236/1527/2944 1199/1529/2944 1200/1546/2944
f 1265/1548/2945 1270/1694/2945 1198/1549/2945
f 1270/1551/2946 1271/1680/2946 1197/1552/2946
f 1272/1514/2947 1196/1513/2947 1197/1554/2947
f 1288/1556/2948 1292/1559/2948 1195/1557/2948
f 1292/1559/2949 1293/1561/2949 1194/1560/2949
f 1293/1561/2950 1294/1511/2950 1193/1510/2950
f 1268/1562/2951 1273/1566/2951 1181/1563/2951
f 1274/1565/2952 1182/1568/2952 1181/1563/2952
f 1274/1565/2953 1275/1911/2953 1183/1567/2953
f 1251/1569/2954 1255/1572/2954 1192/1570/2954
f 1255/1572/2955 1256/1575/2955 1191/1573/2955
f 1257/1574/2956 1190/1688/2956 1191/1573/2956
f 1295/1576/2957 1189/1654/2957 1169/1577/2957
f 1296/1579/2958 1188/1695/2958 1189/1580/2958
f 1296/1582/2959 1297/1490/2959 1187/1489/2959
f 1237/1584/2960 1186/1681/2960 1165/1585/2960
f 1237/1587/2961 1238/1652/2961 1185/1588/2961
f 1238/1590/2962 1239/1487/2962 1184/1486/2962
f 1240/1592/2963 1214/1673/2963 1206/1593/2963
f 1298/1594/2964 1216/1649/2964 1208/1595/2964
f 1218/1597/2965 1210/1492/2965 1248/1598/2965
f 1220/1600/2966 1212/1495/2966 1266/1601/2966
f 1172/1603/2967 1207/1907/2967 1267/1512/2967
f 1174/1605/2968 1211/1674/2968 1290/1606/2968
f 1176/1608/2969 1205/1912/2969 1250/1609/2969
f 1178/1611/2970 1209/1658/2970 1232/1612/2970
f 1166/1614/2971 1214/1672/2971 1240/1615/2971
f 1170/1616/2972 1216/1649/2972 1298/1594/2972
f 1260/1618/2973 1168/1684/2973 1218/1597/2973
f 1164/1501/1788 1220/1600/1788 1276/1602/1788
f 1279/1619/2974 1215/1669/2974 1172/1620/2974
f 1219/1622/2975 1174/1605/2975 1299/1607/2975
f 1213/1623/2976 1176/1608/2976 1259/1610/2976
f 1217/1625/2977 1178/1611/2977 1241/1613/2977
f 1307/1627/2978 1264/1525/2978 1223/1628/2978
f 1263/1630/2979 1226/1671/2979 1281/1631/2979
f 1283/1633/2980 1246/1648/2980 1229/1634/2980
f 1244/1499/2981 1228/1498/2981 1304/1636/2981
f 1268/1562/2982 1163/1564/2982 1221/1638/2982
f 1289/1640/2983 1169/1657/2983 1224/1641/2983
f 1173/1643/2984 1226/1671/2984 1302/1629/2984
f 1171/1645/2985 1225/1683/2985 1280/1646/2985
f 1224/1641/2986 1244/1499/2986 1305/1637/2986
f 1280/1646/2987 1225/1683/2987 1246/1648/2987
f 1170/1616/1792 1243/1626/1792 1241/1613/1792
f 1213/1623/2988 1242/1521/2988 1240/1615/2988
f 1216/1649/1804 1241/1613/1804 1232/1612/1804
f 1176/1650/2989 1240/1592/2989 1180/1485/2989
f 1202/1532/2990 1239/1487/2990 1238/1590/2990
f 1204/1537/2991 1203/1539/2991 1238/1652/2991
f 1204/1537/2992 1237/1587/2992 1231/1653/2992
f 1187/1489/2993 1236/1527/2993 1235/1547/2993
f 1188/1583/2994 1235/1547/2994 1234/1540/2994
f 1189/1654/2995 1234/1540/2995 1230/1542/2995
f 1208/1655/2937 1232/1908/2937 1236/1527/2937
f 1166/1614/2996 1242/1521/2996 1284/1523/2996
f 1300/1617/2997 1215/1669/2997 1233/1518/2997
f 1231/1508/2998 1245/1507/2998 1227/1516/2998
f 1230/1497/2999 1244/1499/2999 1224/1641/2999
f 1205/1531/3000 1180/1485/3000 1239/1487/3000
f 1229/1634/3001 1263/1630/3001 1285/1632/3001
f 1304/1636/3002 1228/1498/3002 1264/1525/3002
f 1261/1624/3003 1259/1610/3003 1220/1600/3003
f 1217/1625/3004 1260/1618/3004 1258/1599/3004
f 1259/1610/3005 1250/1609/3005 1212/1495/3005
f 1178/1611/3006 1258/1599/3006 1248/1598/3006
f 1199/1529/3007 1257/1667/3007 1256/1659/3007
f 1200/1660/3008 1256/1913/3008 1255/1661/3008
f 1177/1662/3009 1201/1914/3009 1255/1572/3009
f 1183/1567/3010 1254/1538/3010 1253/1536/3010
f 1182/1568/3011 1253/1536/3011 1252/1533/3011
f 1163/1564/3012 1181/1563/3012 1252/1533/3012
f 1183/1496/3013 1212/1495/3013 1250/1609/3013
f 1251/1526/3014 1264/1525/3014 1228/1498/3014
f 1163/1665/3015 1247/1515/3015 1262/1517/3015
f 1291/1519/3016 1179/1668/3016 1249/1503/3016
f 1269/1522/3017 1213/1623/3017 1261/1624/3017
f 1209/1528/3018 1248/1915/3018 1257/1667/3018
f 1179/1668/3019 1269/1522/3019 1286/1500/3019
f 1282/1635/3020 1285/1632/3020 1262/1517/3020
f 1279/1619/3021 1284/1523/3021 1233/1518/3021
f 1222/1670/1837 1280/1646/1837 1283/1633/1837
f 1265/1647/3022 1280/1646/3022 1222/1670/3022
f 1173/1643/3023 1268/1916/3023 1281/1631/3023
f 1245/1507/1837 1283/1633/1837 1282/1635/1837
f 1285/1632/3024 1281/1631/3024 1221/1666/3024
f 1166/1614/1842 1279/1619/1842 1277/1621/1842
f 1219/1622/1788 1278/1502/1788 1276/1602/1788
f 1214/1673/3025 1277/1604/3025 1267/1512/3025
f 1174/1605/3026 1276/1602/3026 1266/1601/3026
f 1193/1510/2953 1275/1917/2953 1274/1675/2953
f 1194/1676/3027 1274/1565/3027 1273/1566/3027
f 1173/1678/3028 1195/1677/3028 1273/1566/3028
f 1185/1591/3029 1184/1486/3029 1272/1514/3029
f 1186/1679/3030 1185/1696/3030 1271/1680/3030
f 1186/1681/3031 1270/1694/3031 1265/1548/3031
f 1284/1523/3032 1269/1522/3032 1179/1668/3032
f 1206/1593/3033 1267/1512/3033 1272/1514/3033
f 1249/1503/3034 1286/1500/3034 1278/1502/3034
f 1211/1674/3035 1266/1601/3035 1275/1494/3035
f 1291/1519/3036 1308/1505/3036 1260/1618/3036
f 1229/1634/3037 1304/1636/3037 1307/1627/3037
f 1170/1616/3038 1300/1617/3038 1306/1520/3038
f 1303/1642/3039 1305/1637/3039 1246/1648/3039
f 1288/1644/3040 1302/1629/3040 1223/1628/3040
f 1289/1640/3041 1303/1642/3041 1225/1683/3041
f 1305/1637/3042 1304/1636/3042 1229/1634/3042
f 1307/1627/3043 1302/1629/3043 1226/1671/3043
f 1168/1684/1790 1301/1504/1790 1299/1607/1790
f 1300/1617/3044 1298/1594/3044 1172/1620/3044
f 1218/1597/3045 1299/1607/3045 1290/1606/3045
f 1172/1620/3046 1298/1594/3046 1287/1596/3046
f 1197/1686/3047 1196/1691/3047 1297/1490/3047
f 1197/1552/3048 1296/1579/3048 1295/1581/3048
f 1171/1687/3049 1198/1697/3049 1295/1576/3049
f 1190/1688/3050 1294/1511/3050 1293/1561/3050
f 1192/1570/3051 1191/1573/3051 1293/1561/3051
f 1167/1571/3052 1192/1570/3052 1292/1559/3052
f 1306/1520/3053 1291/1519/3053 1217/1625/3053
f 1210/1492/3054 1290/1606/3054 1294/1689/3054
f 1308/1505/3055 1301/1504/3055 1168/1684/3055
f 1207/1690/3056 1287/1488/3056 1297/1490/3056
f 1326/1485/3057 1352/1593/3057 1330/1486/3057
f 1433/1488/3058 1354/1655/3058 1333/1489/3058
f 1403/1491/3059 1394/1598/3059 1356/1492/3059
f 1421/1494/3060 1412/1601/3060 1358/1495/3060
f 1376/1497/3061 1323/1664/3061 1374/1498/3061
f 1432/1500/3062 1407/1624/3062 1310/1501/3062
f 1395/1503/3063 1365/1622/3063 1447/1504/3063
f 1311/1506/3064 1368/1670/3064 1391/1507/3064
f 1436/1509/3065 1357/1692/3065 1339/1510/3065
f 1413/1512/3066 1353/1907/3066 1342/1513/3066
f 1393/1515/3067 1321/1656/3067 1373/1516/3067
f 1379/1518/3068 1325/1668/3068 1437/1519/3068
f 1388/1521/3069 1359/1623/3069 1415/1522/3069
f 1313/1524/3070 1369/1628/3070 1410/1525/3070
f 1382/1527/3071 1378/1908/3071 1355/1528/3071
f 1400/1530/3072 1396/1909/3072 1351/1531/3072
f 1398/1533/3073 1350/1537/3073 1321/1534/3073
f 1399/1536/3074 1349/1539/3074 1350/1537/3074
f 1400/1538/3075 1348/1910/3075 1349/1539/3075
f 1380/1540/3076 1347/1693/3076 1323/1541/3076
f 1381/1543/3077 1346/1660/3077 1347/1544/3077
f 1382/1527/3078 1345/1529/3078 1346/1546/3078
f 1411/1548/3079 1416/1694/3079 1344/1549/3079
f 1416/1551/3080 1417/1680/3080 1343/1552/3080
f 1418/1514/3081 1342/1513/3081 1343/1554/3081
f 1434/1556/3082 1438/1559/3082 1341/1557/3082
f 1438/1559/3083 1439/1561/3083 1340/1560/3083
f 1439/1561/3084 1440/1511/3084 1339/1510/3084
f 1414/1562/3085 1419/1566/3085 1327/1563/3085
f 1420/1565/3086 1328/1568/3086 1327/1563/3086
f 1420/1565/3087 1421/1911/3087 1329/1567/3087
f 1397/1569/3088 1401/1572/3088 1338/1570/3088
f 1401/1572/3089 1402/1575/3089 1337/1573/3089
f 1403/1574/3090 1336/1688/3090 1337/1573/3090
f 1441/1576/3091 1335/1654/3091 1315/1577/3091
f 1442/1579/3092 1334/1695/3092 1335/1580/3092
f 1442/1582/3093 1443/1490/3093 1333/1489/3093
f 1383/1584/3094 1332/1681/3094 1311/1585/3094
f 1383/1587/3095 1384/1652/3095 1331/1588/3095
f 1384/1590/3096 1385/1487/3096 1330/1486/3096
f 1386/1592/3097 1360/1673/3097 1352/1593/3097
f 1444/1594/3098 1362/1649/3098 1354/1595/3098
f 1364/1597/3099 1356/1492/3099 1394/1598/3099
f 1366/1600/3100 1358/1495/3100 1412/1601/3100
f 1318/1603/3101 1353/1907/3101 1413/1512/3101
f 1320/1605/3102 1357/1674/3102 1436/1606/3102
f 1322/1608/3103 1351/1912/3103 1396/1609/3103
f 1324/1611/3104 1355/1658/3104 1378/1612/3104
f 1312/1614/3105 1360/1672/3105 1386/1615/3105
f 1316/1616/3106 1362/1649/3106 1444/1594/3106
f 1406/1618/3107 1314/1684/3107 1364/1597/3107
f 1310/1501/1928 1366/1600/1928 1422/1602/1928
f 1425/1619/3108 1361/1669/3108 1318/1620/3108
f 1365/1622/3109 1320/1605/3109 1445/1607/3109
f 1359/1623/3110 1322/1608/3110 1405/1610/3110
f 1363/1625/3111 1324/1611/3111 1387/1613/3111
f 1453/1627/3112 1410/1525/3112 1369/1628/3112
f 1409/1630/3113 1372/1671/3113 1427/1631/3113
f 1429/1633/3114 1392/1648/3114 1375/1634/3114
f 1390/1499/3115 1374/1498/3115 1450/1636/3115
f 1414/1562/3116 1309/1564/3116 1367/1638/3116
f 1435/1640/3117 1315/1657/3117 1370/1641/3117
f 1319/1643/3118 1372/1671/3118 1448/1629/3118
f 1317/1645/3119 1371/1683/3119 1426/1646/3119
f 1370/1641/3120 1390/1499/3120 1451/1637/3120
f 1426/1646/3121 1371/1683/3121 1392/1648/3121
f 1316/1616/1932 1389/1626/1932 1387/1613/1932
f 1359/1623/3122 1388/1521/3122 1386/1615/3122
f 1362/1649/1944 1387/1613/1944 1378/1612/1944
f 1322/1650/3123 1386/1592/3123 1326/1485/3123
f 1348/1532/3124 1385/1487/3124 1384/1590/3124
f 1350/1537/3125 1349/1539/3125 1384/1652/3125
f 1350/1537/3126 1383/1587/3126 1377/1653/3126
f 1333/1489/3127 1382/1527/3127 1381/1547/3127
f 1334/1583/3128 1381/1547/3128 1380/1540/3128
f 1335/1654/3129 1380/1540/3129 1376/1542/3129
f 1354/1655/3071 1378/1908/3071 1382/1527/3071
f 1312/1614/3130 1388/1521/3130 1430/1523/3130
f 1446/1617/3131 1361/1669/3131 1379/1518/3131
f 1377/1508/3132 1391/1507/3132 1373/1516/3132
f 1376/1497/3133 1390/1499/3133 1370/1641/3133
f 1351/1531/3134 1326/1485/3134 1385/1487/3134
f 1375/1634/3135 1409/1630/3135 1431/1632/3135
f 1450/1636/3136 1374/1498/3136 1410/1525/3136
f 1407/1624/3137 1405/1610/3137 1366/1600/3137
f 1363/1625/3138 1406/1618/3138 1404/1599/3138
f 1405/1610/3139 1396/1609/3139 1358/1495/3139
f 1324/1611/3140 1404/1599/3140 1394/1598/3140
f 1345/1529/3141 1403/1667/3141 1402/1659/3141
f 1346/1660/3142 1402/1913/3142 1401/1661/3142
f 1323/1662/3143 1347/1914/3143 1401/1572/3143
f 1329/1567/3144 1400/1538/3144 1399/1536/3144
f 1328/1568/3145 1399/1536/3145 1398/1533/3145
f 1309/1564/3146 1327/1563/3146 1398/1533/3146
f 1329/1496/3147 1358/1495/3147 1396/1609/3147
f 1397/1526/3148 1410/1525/3148 1374/1498/3148
f 1309/1665/3149 1393/1515/3149 1408/1517/3149
f 1437/1519/3150 1325/1668/3150 1395/1503/3150
f 1415/1522/3151 1359/1623/3151 1407/1624/3151
f 1355/1528/3152 1394/1915/3152 1403/1667/3152
f 1325/1668/3153 1415/1522/3153 1432/1500/3153
f 1428/1635/3154 1431/1632/3154 1408/1517/3154
f 1425/1619/3155 1430/1523/3155 1379/1518/3155
f 1368/1670/1977 1426/1646/1977 1429/1633/1977
f 1411/1647/3156 1426/1646/3156 1368/1670/3156
f 1319/1643/3157 1414/1916/3157 1427/1631/3157
f 1391/1507/1977 1429/1633/1977 1428/1635/1977
f 1431/1632/3158 1427/1631/3158 1367/1666/3158
f 1312/1614/1982 1425/1619/1982 1423/1621/1982
f 1365/1622/1928 1424/1502/1928 1422/1602/1928
f 1360/1673/3159 1423/1604/3159 1413/1512/3159
f 1320/1605/3160 1422/1602/3160 1412/1601/3160
f 1339/1510/3087 1421/1917/3087 1420/1675/3087
f 1340/1676/3161 1420/1565/3161 1419/1566/3161
f 1319/1678/3162 1341/1677/3162 1419/1566/3162
f 1331/1591/3163 1330/1486/3163 1418/1514/3163
f 1332/1679/3164 1331/1696/3164 1417/1680/3164
f 1332/1681/3165 1416/1694/3165 1411/1548/3165
f 1430/1523/3166 1415/1522/3166 1325/1668/3166
f 1352/1593/3167 1413/1512/3167 1418/1514/3167
f 1395/1503/3168 1432/1500/3168 1424/1502/3168
f 1357/1674/3169 1412/1601/3169 1421/1494/3169
f 1437/1519/3170 1454/1505/3170 1406/1618/3170
f 1375/1634/3171 1450/1636/3171 1453/1627/3171
f 1316/1616/3172 1446/1617/3172 1452/1520/3172
f 1449/1642/3173 1451/1637/3173 1392/1648/3173
f 1434/1644/3174 1448/1629/3174 1369/1628/3174
f 1435/1640/3175 1449/1642/3175 1371/1683/3175
f 1451/1637/3176 1450/1636/3176 1375/1634/3176
f 1453/1627/3177 1448/1629/3177 1372/1671/3177
f 1314/1684/3178 1447/1504/3178 1445/1607/3178
f 1446/1617/3179 1444/1594/3179 1318/1620/3179
f 1364/1597/3180 1445/1607/3180 1436/1606/3180
f 1318/1620/3181 1444/1594/3181 1433/1596/3181
f 1343/1686/3182 1342/1691/3182 1443/1490/3182
f 1343/1552/3183 1442/1579/3183 1441/1581/3183
f 1317/1687/3184 1344/1697/3184 1441/1576/3184
f 1336/1688/3185 1440/1511/3185 1439/1561/3185
f 1338/1570/3186 1337/1573/3186 1439/1561/3186
f 1313/1571/3187 1338/1570/3187 1438/1559/3187
f 1452/1520/3188 1437/1519/3188 1363/1625/3188
f 1356/1492/3189 1436/1606/3189 1440/1689/3189
f 1454/1505/3190 1447/1504/3190 1314/1684/3190
f 1353/1690/3191 1433/1488/3191 1443/1490/3191
f 1472/1698/3192 1498/1886/3192 1476/1699/3192
f 1589/1701/3193 1579/1918/3193 1500/1702/3193
f 1540/1704/3194 1502/1898/3194 1482/1705/3194
f 1558/1707/3195 1504/1870/3195 1475/1708/3195
f 1522/1710/3196 1469/1877/3196 1520/1711/3196
f 1578/1713/3197 1553/1836/3197 1456/1714/3197
f 1541/1716/3198 1511/1835/3198 1593/1717/3198
f 1457/1719/3199 1514/1883/3199 1537/1720/3199
f 1582/1722/3200 1503/1919/3200 1485/1723/3200
f 1564/1725/3201 1559/1815/3201 1499/1726/3201
f 1539/1728/3202 1467/1868/3202 1519/1729/3202
f 1525/1731/3203 1471/1881/3203 1583/1732/3203
f 1534/1734/3204 1505/1861/3204 1561/1735/3204
f 1543/1737/3205 1459/1897/3205 1515/1738/3205
f 1528/1740/3206 1524/1920/3206 1501/1741/3206
f 1546/1743/3207 1542/1921/3207 1497/1744/3207
f 1544/1746/3208 1496/1750/3208 1467/1747/3208
f 1545/1749/3209 1495/1752/3209 1496/1750/3209
f 1546/1751/3210 1494/1922/3210 1495/1752/3210
f 1522/1753/3211 1526/1867/3211 1493/1754/3211
f 1527/1756/3212 1492/1873/3212 1493/1757/3212
f 1528/1740/3213 1491/1742/3213 1492/1759/3213
f 1557/1761/3214 1562/1894/3214 1490/1762/3214
f 1562/1764/3215 1563/1923/3215 1489/1765/3215
f 1564/1725/3216 1488/1727/3216 1489/1767/3216
f 1584/1769/3217 1487/1773/3217 1465/1770/3217
f 1585/1772/3218 1486/1774/3218 1487/1773/3218
f 1586/1724/3219 1485/1723/3219 1486/1774/3219
f 1560/1775/3220 1565/1779/3220 1473/1776/3220
f 1566/1778/3221 1474/1781/3221 1473/1776/3221
f 1566/1778/3222 1567/1924/3222 1475/1780/3222
f 1543/1782/3223 1547/1786/3223 1484/1783/3223
f 1548/1785/3224 1483/1788/3224 1484/1783/3224
f 1549/1787/3225 1482/1903/3225 1483/1788/3225
f 1587/1789/3226 1481/1866/3226 1461/1790/3226
f 1587/1792/3227 1588/1901/3227 1480/1793/3227
f 1588/1795/3228 1589/1701/3228 1479/1703/3228
f 1529/1797/3229 1478/1925/3229 1457/1798/3229
f 1529/1800/3230 1530/1864/3230 1477/1801/3230
f 1530/1803/3231 1531/1700/3231 1476/1699/3231
f 1506/1805/3232 1498/1886/3232 1472/1698/3232
f 1590/1807/3233 1508/1829/3233 1500/1808/3233
f 1510/1810/3234 1502/1898/3234 1540/1704/3234
f 1512/1812/3235 1504/1870/3235 1558/1707/3235
f 1464/1814/3236 1499/1726/3236 1559/1815/3236
f 1466/1817/3237 1503/1887/3237 1582/1818/3237
f 1468/1820/3238 1497/1926/3238 1542/1821/3238
f 1470/1823/3239 1501/1871/3239 1524/1824/3239
f 1458/1826/3240 1506/1885/3240 1532/1827/3240
f 1592/1828/3241 1462/1860/3241 1508/1829/3241
f 1460/1830/3242 1510/1810/3242 1550/1811/3242
f 1456/1714/2068 1512/1812/2068 1568/1813/2068
f 1571/1832/3243 1507/1882/3243 1464/1833/3243
f 1511/1835/3244 1466/1817/3244 1591/1819/3244
f 1553/1836/3245 1505/1861/3245 1468/1820/3245
f 1509/1837/3246 1470/1823/3246 1533/1825/3246
f 1556/1739/2075 1515/1738/2075 1594/1839/2075
f 1555/1841/3247 1518/1855/3247 1573/1842/3247
f 1575/1844/2075 1538/1859/2075 1521/1845/2075
f 1536/1712/3248 1520/1711/3248 1596/1847/3248
f 1560/1775/3249 1455/1777/3249 1513/1849/3249
f 1581/1851/3250 1461/1869/3250 1516/1852/3250
f 1580/1854/3251 1465/1884/3251 1518/1855/3251
f 1463/1856/3252 1517/1896/3252 1572/1857/3252
f 1516/1852/3253 1536/1712/3253 1597/1848/3253
f 1572/1857/3254 1517/1896/3254 1538/1859/3254
f 1462/1860/2072 1535/1838/2072 1533/1825/2072
f 1505/1861/3255 1534/1734/3255 1532/1827/3255
f 1508/1829/2084 1533/1825/2084 1524/1824/2084
f 1468/1862/3256 1532/1806/3256 1472/1698/3256
f 1495/1863/3257 1494/1745/3257 1531/1700/3257
f 1496/1750/3258 1495/1752/3258 1530/1864/3258
f 1496/1750/3259 1529/1800/3259 1523/1865/3259
f 1479/1703/3260 1528/1740/3260 1527/1760/3260
f 1481/1866/3261 1480/1796/3261 1527/1760/3261
f 1461/1790/3262 1481/1866/3262 1526/1867/3262
f 1500/1702/3206 1524/1920/3206 1528/1740/3206
f 1458/1826/3263 1534/1734/3263 1576/1736/3263
f 1592/1828/3264 1507/1882/3264 1525/1731/3264
f 1523/1721/3265 1537/1720/3265 1519/1729/3265
f 1522/1710/3266 1536/1712/3266 1516/1852/3266
f 1497/1744/3267 1472/1698/3267 1531/1700/3267
f 1521/1845/2098 1555/1841/2098 1577/1843/2098
f 1596/1847/3268 1520/1711/3268 1556/1739/3268
f 1553/1836/3269 1551/1822/3269 1512/1812/3269
f 1509/1837/3270 1552/1831/3270 1550/1811/3270
f 1551/1822/3271 1542/1821/3271 1504/1870/3271
f 1550/1811/3272 1540/1704/3272 1501/1871/3272
f 1491/1742/3273 1549/1880/3273 1548/1872/3273
f 1492/1873/3274 1548/1927/3274 1547/1874/3274
f 1469/1875/3275 1493/1928/3275 1547/1786/3275
f 1475/1780/3276 1546/1751/3276 1545/1749/3276
f 1474/1781/3277 1545/1749/3277 1544/1746/3277
f 1455/1777/3278 1473/1776/3278 1544/1746/3278
f 1504/1870/3279 1542/1821/3279 1546/1876/3279
f 1543/1737/3280 1556/1739/3280 1520/1711/3280
f 1455/1878/3281 1539/1728/3281 1554/1730/3281
f 1583/1732/3282 1471/1881/3282 1541/1716/3282
f 1561/1735/3283 1505/1861/3283 1553/1836/3283
f 1501/1741/3284 1540/1929/3284 1549/1880/3284
f 1471/1881/3285 1561/1735/3285 1578/1713/3285
f 1574/1846/3286 1577/1843/3286 1554/1730/3286
f 1571/1832/3287 1576/1736/3287 1525/1731/3287
f 1514/1883/3288 1572/1857/3288 1575/1844/3288
f 1557/1858/3289 1572/1857/3289 1514/1883/3289
f 1465/1884/3290 1560/1930/3290 1573/1842/3290
f 1537/1720/3291 1575/1844/3291 1574/1846/3291
f 1577/1843/3292 1573/1842/3292 1513/1879/3292
f 1458/1826/2124 1571/1832/2124 1569/1834/2124
f 1511/1835/2068 1570/1715/2068 1568/1813/2068
f 1506/1805/3293 1569/1816/3293 1559/1815/3293
f 1466/1817/3294 1568/1813/3294 1558/1707/3294
f 1485/1723/3222 1567/1931/3222 1566/1888/3222
f 1486/1889/3295 1566/1778/3295 1565/1779/3295
f 1465/1891/3296 1487/1890/3296 1565/1779/3296
f 1477/1804/3297 1476/1699/3297 1564/1725/3297
f 1477/1892/3298 1563/1923/3298 1562/1764/3298
f 1457/1798/3299 1478/1925/3299 1562/1894/3299
f 1576/1736/3300 1561/1735/3300 1471/1881/3300
f 1498/1886/3301 1559/1815/3301 1564/1725/3301
f 1541/1716/3302 1578/1713/3302 1570/1715/3302
f 1503/1887/3303 1558/1707/3303 1567/1709/3303
f 1583/1732/3304 1600/1718/3304 1552/1831/3304
f 1521/1845/2075 1596/1847/2075 1599/1840/2075
f 1462/1860/3305 1592/1828/3305 1598/1733/3305
f 1595/1853/3306 1597/1848/3306 1538/1859/3306
f 1580/1854/3307 1594/1839/3307 1515/1738/3307
f 1581/1851/3308 1595/1853/3308 1517/1896/3308
f 1597/1848/2098 1596/1847/2098 1521/1845/2098
f 1555/1841/3309 1599/1840/3309 1594/1839/3309
f 1460/1830/2070 1593/1717/2070 1591/1819/2070
f 1592/1828/3310 1590/1807/3310 1464/1833/3310
f 1510/1810/3311 1591/1819/3311 1582/1818/3311
f 1464/1833/3312 1590/1807/3312 1579/1809/3312
f 1489/1900/3313 1488/1906/3313 1589/1701/3313
f 1490/1766/3314 1489/1765/3314 1588/1901/3314
f 1463/1902/3315 1490/1932/3315 1587/1789/3315
f 1482/1903/3316 1586/1724/3316 1585/1772/3316
f 1483/1788/3317 1585/1772/3317 1584/1769/3317
f 1459/1784/3318 1484/1783/3318 1584/1769/3318
f 1598/1733/3319 1583/1732/3319 1509/1837/3319
f 1502/1898/3320 1582/1818/3320 1586/1904/3320
f 1600/1718/3321 1593/1717/3321 1460/1830/3321
f 1499/1905/3322 1579/1918/3322 1589/1701/3322
f 1618/1698/3323 1644/1886/3323 1622/1699/3323
f 1735/1701/3324 1725/1918/3324 1646/1702/3324
f 1686/1704/3325 1648/1898/3325 1628/1705/3325
f 1704/1707/3326 1650/1870/3326 1621/1708/3326
f 1668/1710/3327 1615/1877/3327 1666/1711/3327
f 1724/1713/3328 1699/1836/3328 1602/1714/3328
f 1687/1716/3329 1657/1835/3329 1739/1717/3329
f 1603/1719/3330 1660/1883/3330 1683/1720/3330
f 1728/1722/3331 1649/1919/3331 1631/1723/3331
f 1710/1725/3332 1705/1815/3332 1645/1726/3332
f 1685/1728/3333 1613/1868/3333 1665/1729/3333
f 1671/1731/3334 1617/1881/3334 1729/1732/3334
f 1680/1734/3335 1651/1861/3335 1707/1735/3335
f 1689/1737/3336 1605/1897/3336 1661/1738/3336
f 1674/1740/3337 1670/1920/3337 1647/1741/3337
f 1692/1743/3338 1688/1921/3338 1643/1744/3338
f 1690/1746/3339 1642/1750/3339 1613/1747/3339
f 1691/1749/3340 1641/1752/3340 1642/1750/3340
f 1692/1751/3341 1640/1922/3341 1641/1752/3341
f 1668/1753/3342 1672/1867/3342 1639/1754/3342
f 1673/1756/3343 1638/1873/3343 1639/1757/3343
f 1674/1740/3344 1637/1742/3344 1638/1759/3344
f 1703/1761/3345 1708/1894/3345 1636/1762/3345
f 1708/1764/3346 1709/1923/3346 1635/1765/3346
f 1710/1725/3347 1634/1727/3347 1635/1767/3347
f 1730/1769/3348 1633/1773/3348 1611/1770/3348
f 1731/1772/3349 1632/1774/3349 1633/1773/3349
f 1732/1724/3350 1631/1723/3350 1632/1774/3350
f 1706/1775/3351 1711/1779/3351 1619/1776/3351
f 1712/1778/3352 1620/1781/3352 1619/1776/3352
f 1712/1778/3353 1713/1924/3353 1621/1780/3353
f 1689/1782/3354 1693/1786/3354 1630/1783/3354
f 1694/1785/3355 1629/1788/3355 1630/1783/3355
f 1695/1787/3356 1628/1903/3356 1629/1788/3356
f 1733/1789/3357 1627/1866/3357 1607/1790/3357
f 1733/1792/3358 1734/1901/3358 1626/1793/3358
f 1734/1795/3359 1735/1701/3359 1625/1703/3359
f 1675/1797/3360 1624/1925/3360 1603/1798/3360
f 1675/1800/3361 1676/1864/3361 1623/1801/3361
f 1676/1803/3362 1677/1700/3362 1622/1699/3362
f 1652/1805/3363 1644/1886/3363 1618/1698/3363
f 1736/1807/3364 1654/1829/3364 1646/1808/3364
f 1656/1810/3365 1648/1898/3365 1686/1704/3365
f 1658/1812/3366 1650/1870/3366 1704/1707/3366
f 1610/1814/3367 1645/1726/3367 1705/1815/3367
f 1612/1817/3368 1649/1887/3368 1728/1818/3368
f 1614/1820/3369 1643/1926/3369 1688/1821/3369
f 1616/1823/3370 1647/1871/3370 1670/1824/3370
f 1604/1826/3371 1652/1885/3371 1678/1827/3371
f 1738/1828/3372 1608/1860/3372 1654/1829/3372
f 1606/1830/3373 1656/1810/3373 1696/1811/3373
f 1602/1714/3374 1658/1812/3374 1714/1813/3374
f 1717/1832/3375 1653/1882/3375 1610/1833/3375
f 1657/1835/3376 1612/1817/3376 1737/1819/3376
f 1699/1836/3377 1651/1861/3377 1614/1820/3377
f 1655/1837/3378 1616/1823/3378 1679/1825/3378
f 1702/1739/2214 1661/1738/2214 1740/1839/2214
f 1701/1841/3379 1664/1855/3379 1719/1842/3379
f 1721/1844/2214 1684/1859/2214 1667/1845/2214
f 1682/1712/3380 1666/1711/3380 1742/1847/3380
f 1706/1775/3381 1601/1777/3381 1659/1849/3381
f 1727/1851/3382 1607/1869/3382 1662/1852/3382
f 1726/1854/3383 1611/1884/3383 1664/1855/3383
f 1609/1856/3384 1663/1896/3384 1718/1857/3384
f 1662/1852/3385 1682/1712/3385 1743/1848/3385
f 1718/1857/3386 1663/1896/3386 1684/1859/3386
f 1608/1860/2211 1681/1838/2211 1679/1825/2211
f 1651/1861/3387 1680/1734/3387 1678/1827/3387
f 1654/1829/2223 1679/1825/2223 1670/1824/2223
f 1614/1862/3388 1678/1806/3388 1618/1698/3388
f 1641/1863/3389 1640/1745/3389 1677/1700/3389
f 1642/1750/3390 1641/1752/3390 1676/1864/3390
f 1642/1750/3391 1675/1800/3391 1669/1865/3391
f 1625/1703/3392 1674/1740/3392 1673/1760/3392
f 1627/1866/3393 1626/1796/3393 1673/1760/3393
f 1607/1790/3394 1627/1866/3394 1672/1867/3394
f 1646/1702/3337 1670/1920/3337 1674/1740/3337
f 1604/1826/3395 1680/1734/3395 1722/1736/3395
f 1738/1828/3396 1653/1882/3396 1671/1731/3396
f 1669/1721/3397 1683/1720/3397 1665/1729/3397
f 1668/1710/3398 1682/1712/3398 1662/1852/3398
f 1643/1744/3399 1618/1698/3399 1677/1700/3399
f 1667/1845/2214 1701/1841/2214 1723/1843/2214
f 1742/1847/3400 1666/1711/3400 1702/1739/3400
f 1699/1836/3401 1697/1822/3401 1658/1812/3401
f 1655/1837/3402 1698/1831/3402 1696/1811/3402
f 1697/1822/3403 1688/1821/3403 1650/1870/3403
f 1696/1811/3404 1686/1704/3404 1647/1871/3404
f 1637/1742/3405 1695/1880/3405 1694/1872/3405
f 1638/1873/3406 1694/1927/3406 1693/1874/3406
f 1615/1875/3407 1639/1928/3407 1693/1786/3407
f 1621/1780/3408 1692/1751/3408 1691/1749/3408
f 1620/1781/3409 1691/1749/3409 1690/1746/3409
f 1601/1777/3410 1619/1776/3410 1690/1746/3410
f 1650/1870/3411 1688/1821/3411 1692/1876/3411
f 1689/1737/3412 1702/1739/3412 1666/1711/3412
f 1601/1878/3413 1685/1728/3413 1700/1730/3413
f 1729/1732/3414 1617/1881/3414 1687/1716/3414
f 1707/1735/3415 1651/1861/3415 1699/1836/3415
f 1647/1741/3416 1686/1929/3416 1695/1880/3416
f 1617/1881/3417 1707/1735/3417 1724/1713/3417
f 1720/1846/3418 1723/1843/3418 1700/1730/3418
f 1717/1832/3419 1722/1736/3419 1671/1731/3419
f 1660/1883/3420 1718/1857/3420 1721/1844/3420
f 1703/1858/3421 1718/1857/3421 1660/1883/3421
f 1611/1884/3422 1706/1930/3422 1719/1842/3422
f 1683/1720/3423 1721/1844/3423 1720/1846/3423
f 1723/1843/3424 1719/1842/3424 1659/1879/3424
f 1604/1826/2262 1717/1832/2262 1715/1834/2262
f 1657/1835/2207 1716/1715/2207 1714/1813/2207
f 1652/1805/3425 1715/1816/3425 1705/1815/3425
f 1612/1817/3426 1714/1813/3426 1704/1707/3426
f 1631/1723/3353 1713/1931/3353 1712/1888/3353
f 1632/1889/3427 1712/1778/3427 1711/1779/3427
f 1611/1891/3428 1633/1890/3428 1711/1779/3428
f 1623/1804/3429 1622/1699/3429 1710/1725/3429
f 1623/1892/3430 1709/1923/3430 1708/1764/3430
f 1603/1798/3431 1624/1925/3431 1708/1894/3431
f 1722/1736/3432 1707/1735/3432 1617/1881/3432
f 1644/1886/3433 1705/1815/3433 1710/1725/3433
f 1687/1716/3434 1724/1713/3434 1716/1715/3434
f 1649/1887/3435 1704/1707/3435 1713/1709/3435
f 1729/1732/3436 1746/1718/3436 1698/1831/3436
f 1667/1845/2214 1742/1847/2214 1745/1840/2214
f 1608/1860/3437 1738/1828/3437 1744/1733/3437
f 1741/1853/3438 1743/1848/3438 1684/1859/3438
f 1726/1854/3439 1740/1839/3439 1661/1738/3439
f 1727/1851/3440 1741/1853/3440 1663/1896/3440
f 1743/1848/2214 1742/1847/2214 1667/1845/2214
f 1701/1841/3441 1745/1840/3441 1740/1839/3441
f 1606/1830/2209 1739/1717/2209 1737/1819/2209
f 1738/1828/3442 1736/1807/3442 1610/1833/3442
f 1656/1810/3443 1737/1819/3443 1728/1818/3443
f 1610/1833/3444 1736/1807/3444 1725/1809/3444
f 1635/1900/3445 1634/1906/3445 1735/1701/3445
f 1636/1766/3446 1635/1765/3446 1734/1901/3446
f 1609/1902/3447 1636/1932/3447 1733/1789/3447
f 1628/1903/3448 1732/1724/3448 1731/1772/3448
f 1629/1788/3449 1731/1772/3449 1730/1769/3449
f 1605/1784/3450 1630/1783/3450 1730/1769/3450
f 1744/1733/3451 1729/1732/3451 1655/1837/3451
f 1648/1898/3452 1728/1818/3452 1732/1904/3452
f 1746/1718/3453 1739/1717/3453 1606/1830/3453
f 1645/1905/3454 1725/1918/3454 1735/1701/3454
f 1764/1485/3455 1790/1593/3455 1768/1486/3455
f 1871/1488/3456 1792/1655/3456 1771/1489/3456
f 1832/1598/3457 1794/1492/3457 1774/1493/3457
f 1859/1494/3458 1850/1601/3458 1796/1495/3458
f 1814/1497/3459 1761/1664/3459 1812/1498/3459
f 1870/1500/3460 1845/1624/3460 1748/1501/3460
f 1833/1503/3461 1803/1622/3461 1885/1504/3461
f 1749/1506/3462 1806/1670/3462 1829/1507/3462
f 1878/1511/3463 1874/1509/3463 1795/1692/3463
f 1851/1512/3464 1791/1907/3464 1780/1513/3464
f 1831/1515/3465 1759/1656/3465 1811/1516/3465
f 1817/1518/3466 1763/1668/3466 1875/1519/3466
f 1826/1521/3467 1797/1623/3467 1853/1522/3467
f 1835/1526/3468 1751/1524/3468 1807/1628/3468
f 1820/1527/3469 1816/1908/3469 1793/1528/3469
f 1838/1530/3470 1834/1909/3470 1789/1531/3470
f 1836/1533/3471 1788/1537/3471 1759/1534/3471
f 1837/1536/3472 1787/1539/3472 1788/1537/3472
f 1838/1538/3473 1786/1910/3473 1787/1539/3473
f 1814/1542/3474 1818/1540/3474 1785/1693/3474
f 1819/1543/3475 1784/1660/3475 1785/1544/3475
f 1820/1527/3476 1783/1529/3476 1784/1546/3476
f 1849/1548/3477 1854/1694/3477 1782/1549/3477
f 1854/1551/3478 1855/1680/3478 1781/1552/3478
f 1856/1514/3479 1780/1513/3479 1781/1554/3479
f 1876/1559/3480 1779/1557/3480 1757/1558/3480
f 1877/1561/3481 1778/1560/3481 1779/1557/3481
f 1877/1561/3482 1878/1511/3482 1777/1510/3482
f 1852/1562/3483 1857/1566/3483 1765/1563/3483
f 1858/1565/3484 1766/1568/3484 1765/1563/3484
f 1858/1565/3485 1859/1911/3485 1767/1567/3485
f 1835/1569/3486 1839/1572/3486 1776/1570/3486
f 1840/1575/3487 1775/1573/3487 1776/1570/3487
f 1841/1574/3488 1774/1688/3488 1775/1573/3488
f 1879/1576/3489 1773/1654/3489 1753/1577/3489
f 1880/1579/3490 1772/1695/3490 1773/1580/3490
f 1880/1582/3491 1881/1490/3491 1771/1489/3491
f 1821/1584/3492 1770/1681/3492 1749/1585/3492
f 1821/1587/3493 1822/1652/3493 1769/1588/3493
f 1822/1590/3494 1823/1487/3494 1768/1486/3494
f 1824/1592/3495 1798/1673/3495 1790/1593/3495
f 1882/1594/3496 1800/1649/3496 1792/1595/3496
f 1802/1597/3497 1794/1492/3497 1832/1598/3497
f 1804/1600/3498 1796/1495/3498 1850/1601/3498
f 1756/1603/3499 1791/1907/3499 1851/1512/3499
f 1758/1605/3500 1795/1674/3500 1874/1606/3500
f 1760/1608/3501 1789/1912/3501 1834/1609/3501
f 1762/1611/3502 1793/1658/3502 1816/1612/3502
f 1750/1614/3503 1798/1672/3503 1824/1615/3503
f 1754/1616/3504 1800/1649/3504 1882/1594/3504
f 1752/1684/3505 1802/1597/3505 1842/1599/3505
f 1748/1501/2345 1804/1600/2345 1860/1602/2345
f 1863/1619/3506 1799/1669/3506 1756/1620/3506
f 1803/1622/3507 1758/1605/3507 1883/1607/3507
f 1797/1623/3508 1760/1608/3508 1843/1610/3508
f 1801/1625/3509 1762/1611/3509 1825/1613/3509
f 1891/1627/2350 1848/1525/2350 1807/1628/2350
f 1847/1630/2350 1810/1671/2350 1865/1631/2350
f 1867/1633/2350 1830/1648/2350 1813/1634/2350
f 1828/1499/2350 1812/1498/2350 1888/1636/2350
f 1852/1562/3510 1747/1564/3510 1805/1638/3510
f 1873/1640/3511 1753/1657/3511 1808/1641/3511
f 1872/1644/3512 1757/1643/3512 1810/1671/3512
f 1755/1645/3513 1809/1683/3513 1864/1646/3513
f 1808/1641/2350 1828/1499/2350 1889/1637/2350
f 1864/1646/2350 1809/1683/2350 1830/1648/2350
f 1754/1616/2349 1827/1626/2349 1825/1613/2349
f 1797/1623/3514 1826/1521/3514 1824/1615/3514
f 1800/1649/2356 1825/1613/2356 1816/1612/2356
f 1760/1650/3515 1824/1592/3515 1764/1485/3515
f 1786/1532/3516 1823/1487/3516 1822/1590/3516
f 1788/1537/3517 1787/1539/3517 1822/1652/3517
f 1788/1537/3518 1821/1587/3518 1815/1653/3518
f 1771/1489/3519 1820/1527/3519 1819/1547/3519
f 1773/1654/3520 1772/1583/3520 1819/1547/3520
f 1753/1577/3521 1773/1654/3521 1818/1540/3521
f 1792/1655/3469 1816/1908/3469 1820/1527/3469
f 1750/1614/3522 1826/1521/3522 1868/1523/3522
f 1884/1617/3523 1799/1669/3523 1817/1518/3523
f 1815/1508/3524 1829/1507/3524 1811/1516/3524
f 1814/1497/3525 1828/1499/3525 1808/1641/3525
f 1789/1531/3526 1764/1485/3526 1823/1487/3526
f 1813/1634/2350 1847/1630/2350 1869/1632/2350
f 1888/1636/2350 1812/1498/2350 1848/1525/2350
f 1845/1624/3527 1843/1610/3527 1804/1600/3527
f 1801/1625/3528 1844/1618/3528 1842/1599/3528
f 1843/1610/3529 1834/1609/3529 1796/1495/3529
f 1762/1611/3530 1842/1599/3530 1832/1598/3530
f 1783/1529/3531 1841/1667/3531 1840/1659/3531
f 1784/1660/3532 1840/1913/3532 1839/1661/3532
f 1761/1662/3533 1785/1914/3533 1839/1572/3533
f 1767/1567/3534 1838/1538/3534 1837/1536/3534
f 1766/1568/3535 1837/1536/3535 1836/1533/3535
f 1747/1564/3536 1765/1563/3536 1836/1533/3536
f 1767/1496/3537 1796/1495/3537 1834/1609/3537
f 1835/1526/3538 1848/1525/3538 1812/1498/3538
f 1747/1665/3539 1831/1515/3539 1846/1517/3539
f 1875/1519/3540 1763/1668/3540 1833/1503/3540
f 1853/1522/3541 1797/1623/3541 1845/1624/3541
f 1793/1528/3542 1832/1915/3542 1841/1667/3542
f 1763/1668/3543 1853/1522/3543 1870/1500/3543
f 1866/1635/2350 1869/1632/2350 1846/1517/2350
f 1863/1619/3544 1868/1523/3544 1817/1518/3544
f 1806/1670/2350 1864/1646/2350 1867/1633/2350
f 1849/1647/3545 1864/1646/3545 1806/1670/3545
f 1757/1643/3546 1852/1916/3546 1865/1631/3546
f 1829/1507/2350 1867/1633/2350 1866/1635/2350
f 1869/1632/2350 1865/1631/2350 1805/1666/2350
f 1750/1614/2390 1863/1619/2390 1861/1621/2390
f 1803/1622/2345 1862/1502/2345 1860/1602/2345
f 1798/1673/3547 1861/1604/3547 1851/1512/3547
f 1758/1605/3548 1860/1602/3548 1850/1601/3548
f 1777/1510/3485 1859/1917/3485 1858/1675/3485
f 1778/1676/3549 1858/1565/3549 1857/1566/3549
f 1757/1678/3550 1779/1677/3550 1857/1566/3550
f 1769/1591/3551 1768/1486/3551 1856/1514/3551
f 1769/1696/3552 1855/1680/3552 1854/1551/3552
f 1770/1681/3553 1854/1694/3553 1849/1548/3553
f 1868/1523/3554 1853/1522/3554 1763/1668/3554
f 1790/1593/3555 1851/1512/3555 1856/1514/3555
f 1833/1503/3556 1870/1500/3556 1862/1502/3556
f 1795/1674/3557 1850/1601/3557 1859/1494/3557
f 1875/1519/3558 1892/1505/3558 1844/1618/3558
f 1813/1634/2350 1888/1636/2350 1891/1627/2350
f 1754/1616/3559 1884/1617/3559 1890/1520/3559
f 1887/1642/2350 1889/1637/2350 1830/1648/2350
f 1872/1644/3560 1886/1629/3560 1807/1628/3560
f 1873/1640/3561 1887/1642/3561 1809/1683/3561
f 1889/1637/2350 1888/1636/2350 1813/1634/2350
f 1847/1630/2350 1891/1627/2350 1886/1629/2350
f 1752/1684/2347 1885/1504/2347 1883/1607/2347
f 1884/1617/3562 1882/1594/3562 1756/1620/3562
f 1802/1597/3563 1883/1607/3563 1874/1606/3563
f 1756/1620/3564 1882/1594/3564 1871/1596/3564
f 1781/1686/3565 1780/1691/3565 1881/1490/3565
f 1781/1552/3566 1880/1579/3566 1879/1581/3566
f 1782/1697/3567 1879/1576/3567 1873/1578/3567
f 1774/1688/3568 1878/1511/3568 1877/1561/3568
f 1775/1573/3569 1877/1561/3569 1876/1559/3569
f 1751/1571/3570 1776/1570/3570 1876/1559/3570
f 1890/1520/3571 1875/1519/3571 1801/1625/3571
f 1794/1492/3572 1874/1606/3572 1878/1689/3572
f 1892/1505/3573 1885/1504/3573 1752/1684/3573
f 1791/1690/3574 1871/1488/3574 1881/1490/3574
f 1910/1485/3575 1936/1593/3575 1914/1486/3575
f 2017/1488/3576 1938/1655/3576 1917/1489/3576
f 1978/1598/3577 1940/1492/3577 1920/1493/3577
f 2005/1494/3578 1996/1601/3578 1942/1495/3578
f 1960/1497/3579 1907/1664/3579 1958/1498/3579
f 2016/1500/3580 1991/1624/3580 1894/1501/3580
f 1979/1503/3581 1949/1622/3581 2031/1504/3581
f 1895/1506/3582 1952/1670/3582 1975/1507/3582
f 2024/1511/3583 2020/1509/3583 1941/1692/3583
f 1997/1512/3584 1937/1907/3584 1926/1513/3584
f 1977/1515/3585 1905/1656/3585 1957/1516/3585
f 1963/1518/3586 1909/1668/3586 2021/1519/3586
f 1972/1521/3587 1943/1623/3587 1999/1522/3587
f 1981/1526/3588 1897/1524/3588 1953/1628/3588
f 1966/1527/3589 1962/1908/3589 1939/1528/3589
f 1984/1530/3590 1980/1909/3590 1935/1531/3590
f 1982/1533/3591 1934/1537/3591 1905/1534/3591
f 1983/1536/3592 1933/1539/3592 1934/1537/3592
f 1984/1538/3593 1932/1910/3593 1933/1539/3593
f 1960/1542/3594 1964/1540/3594 1931/1693/3594
f 1965/1543/3595 1930/1660/3595 1931/1544/3595
f 1966/1527/3596 1929/1529/3596 1930/1546/3596
f 1995/1548/3597 2000/1694/3597 1928/1549/3597
f 2000/1551/3598 2001/1680/3598 1927/1552/3598
f 2002/1514/3599 1926/1513/3599 1927/1554/3599
f 2022/1559/3600 1925/1557/3600 1903/1558/3600
f 2023/1561/3601 1924/1560/3601 1925/1557/3601
f 2023/1561/3602 2024/1511/3602 1923/1510/3602
f 1998/1562/3603 2003/1566/3603 1911/1563/3603
f 2004/1565/3604 1912/1568/3604 1911/1563/3604
f 2004/1565/3605 2005/1911/3605 1913/1567/3605
f 1981/1569/3606 1985/1572/3606 1922/1570/3606
f 1986/1575/3607 1921/1573/3607 1922/1570/3607
f 1987/1574/3608 1920/1688/3608 1921/1573/3608
f 2025/1576/3609 1919/1654/3609 1899/1577/3609
f 2025/1581/3610 2026/1579/3610 1918/1695/3610
f 2026/1582/3611 2027/1490/3611 1917/1489/3611
f 1967/1584/3612 1916/1681/3612 1895/1585/3612
f 1967/1587/3613 1968/1652/3613 1915/1588/3613
f 1968/1590/3614 1969/1487/3614 1914/1486/3614
f 1970/1592/3615 1944/1673/3615 1936/1593/3615
f 2028/1594/3616 1946/1649/3616 1938/1595/3616
f 1948/1597/3617 1940/1492/3617 1978/1598/3617
f 1950/1600/3618 1942/1495/3618 1996/1601/3618
f 1902/1603/3619 1937/1907/3619 1997/1512/3619
f 1904/1605/3620 1941/1674/3620 2020/1606/3620
f 1906/1608/3621 1935/1912/3621 1980/1609/3621
f 1908/1611/3622 1939/1658/3622 1962/1612/3622
f 1896/1614/3623 1944/1672/3623 1970/1615/3623
f 1900/1616/3624 1946/1649/3624 2028/1594/3624
f 1898/1684/3625 1948/1597/3625 1988/1599/3625
f 1894/1501/2472 1950/1600/2472 2006/1602/2472
f 2009/1619/3626 1945/1669/3626 1902/1620/3626
f 1949/1622/3627 1904/1605/3627 2029/1607/3627
f 1991/1624/3628 1943/1623/3628 1906/1608/3628
f 1947/1625/3629 1908/1611/3629 1971/1613/3629
f 2037/1627/2477 1994/1525/2477 1953/1628/2477
f 1993/1630/2477 1956/1671/2477 2011/1631/2477
f 2013/1633/2477 1976/1648/2477 1959/1634/2477
f 1974/1499/2477 1958/1498/2477 2034/1636/2477
f 1998/1562/3630 1893/1564/3630 1951/1638/3630
f 2019/1640/3631 1899/1657/3631 1954/1641/3631
f 2018/1644/3632 1903/1643/3632 1956/1671/3632
f 1901/1645/3633 1955/1683/3633 2010/1646/3633
f 1954/1641/2477 1974/1499/2477 2035/1637/2477
f 2010/1646/2477 1955/1683/2477 1976/1648/2477
f 1900/1616/2476 1973/1626/2476 1971/1613/2476
f 1943/1623/3634 1972/1521/3634 1970/1615/3634
f 1946/1649/2483 1971/1613/2483 1962/1612/2483
f 1906/1650/3635 1970/1592/3635 1910/1485/3635
f 1932/1532/3636 1969/1487/3636 1968/1590/3636
f 1934/1537/3637 1933/1539/3637 1968/1652/3637
f 1934/1537/3638 1967/1587/3638 1961/1653/3638
f 1917/1489/3639 1966/1527/3639 1965/1547/3639
f 1919/1654/3640 1918/1583/3640 1965/1547/3640
f 1899/1577/3641 1919/1654/3641 1964/1540/3641
f 1938/1655/3589 1962/1908/3589 1966/1527/3589
f 1896/1614/3642 1972/1521/3642 2014/1523/3642
f 2030/1617/3643 1945/1669/3643 1963/1518/3643
f 1961/1508/3644 1975/1507/3644 1957/1516/3644
f 1960/1497/3645 1974/1499/3645 1954/1641/3645
f 1935/1531/3646 1910/1485/3646 1969/1487/3646
f 1959/1634/2477 1993/1630/2477 2015/1632/2477
f 2034/1636/2477 1958/1498/2477 1994/1525/2477
f 1991/1624/3647 1989/1610/3647 1950/1600/3647
f 1947/1625/3648 1990/1618/3648 1988/1599/3648
f 1989/1610/3649 1980/1609/3649 1942/1495/3649
f 1988/1599/3650 1978/1598/3650 1939/1658/3650
f 1929/1529/3651 1987/1667/3651 1986/1659/3651
f 1930/1660/3652 1986/1913/3652 1985/1661/3652
f 1907/1662/3653 1931/1914/3653 1985/1572/3653
f 1913/1567/3654 1984/1538/3654 1983/1536/3654
f 1912/1568/3655 1983/1536/3655 1982/1533/3655
f 1893/1564/3656 1911/1563/3656 1982/1533/3656
f 1913/1496/3657 1942/1495/3657 1980/1609/3657
f 1981/1526/3658 1994/1525/3658 1958/1498/3658
f 1893/1665/3659 1977/1515/3659 1992/1517/3659
f 2021/1519/3660 1909/1668/3660 1979/1503/3660
f 1999/1522/3661 1943/1623/3661 1991/1624/3661
f 1939/1528/3662 1978/1915/3662 1987/1667/3662
f 1909/1668/3663 1999/1522/3663 2016/1500/3663
f 2012/1635/2477 2015/1632/2477 1992/1517/2477
f 2009/1619/3664 2014/1523/3664 1963/1518/3664
f 1952/1670/2477 2010/1646/2477 2013/1633/2477
f 1995/1647/3665 2010/1646/3665 1952/1670/3665
f 1903/1643/3666 1998/1916/3666 2011/1631/3666
f 1975/1507/2477 2013/1633/2477 2012/1635/2477
f 2015/1632/2477 2011/1631/2477 1951/1666/2477
f 1896/1614/2517 2009/1619/2517 2007/1621/2517
f 1949/1622/2472 2008/1502/2472 2006/1602/2472
f 1944/1673/3667 2007/1604/3667 1997/1512/3667
f 1904/1605/3668 2006/1602/3668 1996/1601/3668
f 1923/1510/3605 2005/1917/3605 2004/1675/3605
f 1924/1676/3669 2004/1565/3669 2003/1566/3669
f 1903/1678/3670 1925/1677/3670 2003/1566/3670
f 1915/1591/3671 1914/1486/3671 2002/1514/3671
f 1915/1696/3672 2001/1680/3672 2000/1551/3672
f 1916/1681/3673 2000/1694/3673 1995/1548/3673
f 2014/1523/3674 1999/1522/3674 1909/1668/3674
f 1936/1593/3675 1997/1512/3675 2002/1514/3675
f 1979/1503/3676 2016/1500/3676 2008/1502/3676
f 1941/1674/3677 1996/1601/3677 2005/1494/3677
f 2021/1519/3678 2038/1505/3678 1990/1618/3678
f 1959/1634/2477 2034/1636/2477 2037/1627/2477
f 1900/1616/3679 2030/1617/3679 2036/1520/3679
f 2033/1642/2477 2035/1637/2477 1976/1648/2477
f 2018/1644/3680 2032/1629/3680 1953/1628/3680
f 2019/1640/3681 2033/1642/3681 1955/1683/3681
f 2035/1637/2477 2034/1636/2477 1959/1634/2477
f 1993/1630/2477 2037/1627/2477 2032/1629/2477
f 1898/1684/2474 2031/1504/2474 2029/1607/2474
f 2030/1617/3682 2028/1594/3682 1902/1620/3682
f 1948/1597/3683 2029/1607/3683 2020/1606/3683
f 1902/1620/3684 2028/1594/3684 2017/1596/3684
f 1927/1686/3685 1926/1691/3685 2027/1490/3685
f 1927/1552/3686 2026/1579/3686 2025/1581/3686
f 1901/1687/3687 1928/1697/3687 2025/1576/3687
f 1920/1688/3688 2024/1511/3688 2023/1561/3688
f 1921/1573/3689 2023/1561/3689 2022/1559/3689
f 1897/1571/3690 1922/1570/3690 2022/1559/3690
f 2036/1520/3691 2021/1519/3691 1947/1625/3691
f 1940/1492/3692 2020/1606/3692 2024/1689/3692
f 2038/1505/3693 2031/1504/3693 1898/1684/3693
f 1937/1690/3694 2017/1488/3694 2027/1490/3694
