# Blender 4.2.0
# www.blender.org
mtllib tree_1_a.mtl
g trunk_1_a_Mesh
v 0.423797 0.072967 -0.209681
v 0.379196 0.684824 -0.297936
v 0.404221 0.032973 0.447249
v 0.297225 0.684824 0.221155
v -0.377246 0.078851 -0.439871
v -0.096603 0.720132 -0.300371
v -0.392706 0.007945 0.337946
v -0.173545 0.684824 0.128446
v -0.005961 0.072967 0.498052
v 0.062934 0.684824 0.283676
v 0.177809 0.114983 -0.842702
v 0.216852 0.720806 -0.385310
v 0.611172 0.031727 0.149823
v 0.471450 0.684824 -0.035135
v -0.532378 0.075909 -0.145510
v -0.223323 0.720132 -0.093626
v 0.572018 2.096349 -0.065081
v 0.484175 0.983428 -0.028037
v 0.315425 1.146206 0.371812
v 0.115882 1.008867 -0.208065
v -0.070597 1.182432 0.167745
v 0.105560 1.200295 0.341921
v 0.308136 0.956070 -0.198152
v 0.507533 1.029071 0.187395
v -0.076226 1.126001 -0.023647
v 0.529951 2.334396 -0.216962
v 0.367524 2.094556 0.138577
v 0.347977 2.011711 -0.284207
v 0.143483 2.009917 -0.080549
v 0.198280 2.044351 0.062525
v 0.490519 2.046915 -0.228519
v 0.512108 2.110393 0.079391
v 0.203393 1.995874 -0.225020
v 0.339999 2.391639 -0.010060
v 0.320861 2.347670 -0.412595
v 0.130909 2.404913 -0.205693
v 0.194701 2.410557 -0.063487
v 0.466158 2.328752 -0.359168
v 0.479833 2.360169 -0.071540
v 0.181027 2.379139 -0.351115
v 0.741101 2.625892 -0.216560
v 0.572621 2.676665 -0.033045
v 0.566289 2.681775 -0.392511
v 0.397808 2.732547 -0.208997
v 0.449068 2.715498 -0.081650
v 0.689841 2.642941 -0.343907
v 0.694365 2.639289 -0.087054
v 0.444544 2.719150 -0.338503
v 0.554037 3.079859 -0.081790
v 0.637772 3.577273 -0.581990
v 0.635809 3.577864 -0.404113
v 0.475297 3.504858 -0.583541
v 0.473334 3.505449 -0.405664
v 0.554151 3.541783 -0.366727
v 0.556956 3.540938 -0.620927
v 0.671648 3.593105 -0.492718
v 0.439458 3.489617 -0.494936
v 0.717674 3.060709 -0.324504
v 0.617930 3.060605 -0.393915
v 0.499002 3.066281 -0.369610
v 0.454293 3.079755 -0.151201
v 0.429734 3.074213 -0.270083
v 0.672965 3.074183 -0.106095
v 0.742234 3.066251 -0.205622
v 0.256821 1.767243 0.153236
v 0.387161 1.809715 0.294290
v 0.773419 1.767786 0.024950
v 0.573682 1.671149 -0.147239
v 0.267641 1.719045 -0.027106
v 0.620055 1.851382 0.321012
v 0.410185 1.683646 -0.142826
v 0.762599 1.815983 0.205292
v 0.270220 4.009861 -0.627288
v 0.266490 3.942804 -0.562049
v 0.215166 3.968876 -0.503523
v 0.164780 3.867287 -0.536033
v 0.129624 3.847288 -0.593609
v 0.138110 3.859692 -0.662347
v 0.183243 3.895821 -0.702455
v 0.239819 3.935209 -0.688363
v 0.326772 4.600542 -0.878312
v 0.388771 -0.000983 -0.205959
v 0.404600 -0.000983 0.413995
v -0.377682 0.002952 -0.395636
v -0.367751 -0.000983 0.292427
v 0.025855 -0.000983 0.445263
v 0.146871 -0.000983 -0.486193
v 0.573873 -0.000983 0.169835
v -0.479206 -0.000983 0.067355
v 0.119233 -0.000983 0.106686
v 0.368699 0.277497 -0.329218
v 0.390149 0.135524 0.451772
v -0.434850 0.222134 0.195495
v -0.427840 0.300338 -0.407766
v 0.207671 0.389909 -0.517372
v -0.007658 0.335675 0.415372
v -0.500520 0.205681 0.089372
v 0.595948 0.139942 0.154895
v 0.388793 0.497081 -0.319411
v 0.427509 0.314931 0.316618
v -0.253050 0.497081 0.173953
v -0.352430 0.536050 -0.401518
v 0.181114 0.543338 -0.481549
v 0.004303 0.497081 0.336835
v -0.456392 0.505908 -0.225505
v 0.504391 0.314575 0.188803
v 0.222261 4.314551 -0.682470
v 0.229038 4.367296 -0.659490
v 0.207364 4.420221 -0.668732
v 0.168782 4.441552 -0.706315
v 0.136151 4.420668 -0.749387
v 0.129374 4.367922 -0.772367
v 0.151048 4.314998 -0.763125
v 0.189630 4.293668 -0.725542
v 0.205805 4.258213 -0.575897
v 0.312763 4.618260 -0.867267
v 0.288749 4.620756 -0.860247
v 0.268631 4.605741 -0.861676
v 0.263705 4.582649 -0.870320
v 0.277714 4.564931 -0.881364
v 0.301728 4.562435 -0.888385
v 0.321846 4.577450 -0.886957
v 0.062942 4.231122 -0.568670
v 0.104273 4.250146 -0.527985
v 0.163426 4.261600 -0.530073
v 0.065177 4.215558 -0.629913
v 0.208040 4.242650 -0.637140
v 0.166710 4.223625 -0.677825
v 0.107556 4.212171 -0.675737
v 0.292181 4.513608 -0.770266
v 0.315818 4.504860 -0.739896
v 0.343514 4.426190 -0.785946
v 0.319876 4.434938 -0.816315
v 0.283197 4.497402 -0.805111
v 0.340674 4.475118 -0.732472
v 0.295020 4.464681 -0.823740
v 0.352498 4.442396 -0.751101
v 0.318231 4.744891 -1.068031
v 0.307723 4.758183 -1.059747
v 0.289709 4.760054 -1.054480
v 0.274619 4.748791 -1.055552
v 0.270923 4.731470 -1.062036
v 0.281432 4.718179 -1.070321
v 0.299445 4.716307 -1.075587
v 0.314536 4.727570 -1.074516
v 0.294577 4.738181 -1.065034
v 0.181026 1.578314 0.240811
v 0.612651 1.243322 0.118024
v 0.144109 1.536988 0.055772
v 0.236837 1.433838 -0.078858
v 0.355212 1.523916 0.398413
v 0.399883 1.330800 -0.088700
v 0.549751 1.409642 0.416805
v 0.642479 1.306492 0.282175
v 0.085810 4.066074 -0.578346
v 0.123378 4.078380 -0.525717
v 0.091854 4.078096 -0.644510
v 0.135910 4.106382 -0.685769
v 0.225017 4.135073 -0.557262
v 0.180616 4.068872 -0.525199
v 0.235088 4.119487 -0.622111
v 0.193494 4.134790 -0.676055
v 0.542224 4.028615 -0.487072
v 0.557098 3.985172 -0.426924
v 0.507521 4.022203 -0.395864
v 0.491949 4.091819 -0.464477
v 0.488488 4.051502 -0.415598
v 0.509007 4.063408 -0.498594
v 0.677314 4.197997 -0.391517
v 0.711311 4.173985 -0.373431
v 0.692482 4.181739 -0.337245
v 0.651201 4.220554 -0.354929
v 0.672279 4.194792 -0.336484
v 0.652302 4.210479 -0.381591
v 0.871612 4.325706 -0.375892
v 0.887058 4.295106 -0.369871
v 0.886377 4.304077 -0.339326
v 0.872390 4.347157 -0.343849
v 0.879225 4.320382 -0.334471
v 0.863256 4.342638 -0.363204
v 0.978546 4.487727 -0.347649
v 0.994243 4.477330 -0.339070
v 0.985221 4.480610 -0.322753
v 0.965973 4.497640 -0.331234
v 0.975809 4.486245 -0.322603
v 0.966869 4.493038 -0.343364
v 1.136108 4.527499 -0.362063
v 1.145100 4.521543 -0.357148
v 1.139932 4.523422 -0.347801
v 1.128906 4.533176 -0.352659
v 1.134540 4.526649 -0.347715
v 1.129419 4.530541 -0.359608
v 0.260500 0.287373 0.384650
v 0.310313 0.072967 0.413654
v 0.488925 0.287373 0.046045
v 0.539266 0.072967 0.074189
v 0.343636 -0.000983 0.371109
v 0.519658 -0.000983 0.108908
v 0.300556 0.497081 0.231247
v 0.408390 0.497081 0.055313
v 0.719140 0.029794 0.517886
v 0.727703 0.029052 0.360248
v 0.727728 0.061336 0.359790
v 0.719187 0.059293 0.517025
v 0.692683 -0.000983 0.486336
v 0.683528 -0.000983 0.371501
v 0.722091 0.096944 0.463565
v 0.725829 0.096776 0.394746
v -0.324607 0.325589 0.179310
v -0.285049 0.072967 0.326991
v -0.267455 -0.000983 0.289335
v -0.527000 0.320300 -0.181255
v -0.511339 0.021320 0.030407
v -0.482113 0.002952 -0.142287
v -0.794569 0.027607 0.435813
v -0.720704 0.025839 0.467070
v -0.749516 0.075750 0.457236
v -0.730418 -0.000983 0.439981
v -0.773936 0.075282 0.442185
v -0.766198 -0.000983 0.420583
v 0.493885 -0.000983 0.421413
v 0.623302 -0.000983 0.252631
v 0.514750 0.031384 0.457633
v 0.508012 0.097408 0.459584
v 0.545219 0.205937 0.372684
v 0.607510 0.205676 0.283903
v 0.665403 0.100639 0.254315
v 0.672857 0.030389 0.251944
v 0.864517 0.035154 0.490347
v 0.838807 0.034710 0.399311
v 0.838733 0.054055 0.399047
v 0.864377 0.052830 0.489849
v 0.847877 -0.000983 0.471529
v 0.832027 -0.000983 0.412798
v 0.855658 0.075391 0.458977
v 0.844434 0.075290 0.419234
v 0.988452 0.040592 0.417908
v 0.969560 0.040449 0.394069
v 0.969505 0.046669 0.394000
v 0.988348 0.046275 0.417778
v 0.950336 -0.000983 0.425992
v 0.937752 -0.000983 0.409897
v 0.981942 0.053529 0.409693
v 0.973694 0.053497 0.399286
v -0.626646 -0.000983 0.161761
v -0.654078 0.023059 0.149272
v -0.636551 0.149201 0.188230
v -0.591279 0.157761 0.257505
v -0.553522 0.015111 0.342585
v -0.570617 -0.000983 0.326682
v -0.784175 0.031890 0.659992
v -0.758669 0.031314 0.665645
v -0.768479 0.047571 0.664195
v -0.762792 -0.000983 0.650378
v -0.777190 0.047419 0.660815
v -0.774571 -0.000983 0.643938
v -0.029613 0.091612 -0.598661
v -0.051855 0.021149 -0.628727
v 0.281083 0.041417 -0.543194
v -0.024828 -0.000983 -0.613416
v 0.181799 0.168939 -0.693807
v 0.158885 -0.000983 -0.706568
v 0.253872 -0.000983 -0.550747
v 0.219113 0.104019 -0.530228
v 0.157080 0.063920 -0.841987
v 0.448788 0.038827 -0.965426
v 0.251577 0.053690 -0.797022
v 0.161935 0.020798 -0.815648
v 0.207719 0.137155 -0.833512
v 0.192353 0.020798 -0.801206
v 0.228158 0.020798 -0.806426
v 0.252324 0.106065 -0.807076
v 0.321693 0.067819 -0.960337
v 0.315118 0.040898 -0.967296
v -0.899536 0.073078 -0.428374
v 0.328466 0.035504 -0.910906
v 0.316665 0.018099 -0.952450
v 0.327656 0.079508 -0.945067
v 0.322205 0.018099 -0.936232
v 0.322990 0.018099 -0.928080
v 0.332159 0.063117 -0.915784
v 0.447979 0.027838 -0.969589
v 0.445668 0.027994 -0.958739
v 0.441972 0.025636 -0.943267
v 0.424190 0.018331 -0.959109
v 0.447900 0.043598 -0.957863
v 0.425053 0.018331 -0.953292
v 0.425373 0.018331 -0.946524
v 0.444017 0.036907 -0.944644
v -0.905288 0.061730 -0.451680
v -0.877339 0.043175 -0.437267
v -0.898410 0.061209 -0.393073
v -0.896011 0.074591 -0.409968
v -0.877280 0.043175 -0.408628
v -0.614593 0.081852 -0.263722
v -0.577028 0.019507 -0.288319
v -0.583116 0.214035 -0.332700
v -0.514948 -0.000125 -0.479151
v -0.525123 0.064643 -0.518519
v -0.549214 0.184916 -0.440746
v -0.706776 0.068940 -0.343572
v -0.675746 0.158181 -0.403982
v -0.702425 -0.004311 -0.498383
v -0.688462 0.127074 -0.498208
v -0.685808 0.018592 -0.366534
v -0.724031 0.047870 -0.543983
v -0.088168 0.195975 -0.484586
v 0.229316 0.256789 -0.585616
v -0.041585 0.000984 -0.511251
v -0.073991 0.050000 -0.515672
v 0.352440 0.057192 -0.376438
v 0.293906 0.190758 -0.429723
v 0.152878 -0.000983 -0.596380
v 0.319138 -0.000983 -0.392734
v -0.055156 0.684824 0.206159
v -0.145328 0.072967 0.412630
v 0.044473 0.720132 -0.356475
v -0.002049 1.200416 0.230259
v 0.212131 0.982435 -0.203102
v 0.170916 2.027156 -0.008921
v 0.419338 2.029335 -0.256328
v 0.162845 2.407738 -0.134500
v 0.393602 2.338199 -0.385848
v 0.423471 2.724012 -0.145243
v 0.628143 2.662333 -0.368178
v 0.513794 3.523639 -0.386171
v 0.516178 3.522921 -0.602258
v 0.558541 3.063440 -0.381778
v 0.504228 3.079807 -0.116452
v 0.503502 1.682134 -0.136927
v 0.349843 1.802787 0.241165
v 0.190005 3.918145 -0.519758
v 0.160705 3.877779 -0.682427
v -0.115073 0.000982 -0.440972
v -0.120614 -0.000983 0.367398
v -0.181060 0.000982 -0.017643
v 0.019867 0.345393 -0.543201
v -0.165932 0.330638 0.297490
v -0.026781 0.545527 -0.479160
v -0.124211 0.497081 0.255497
v 0.188098 4.430873 -0.687499
v 0.140225 4.341427 -0.767740
v 0.278703 4.613257 -0.860960
v 0.289736 4.563681 -0.884879
v 0.086394 4.213863 -0.652854
v 0.133887 4.255880 -0.529030
v 0.307464 4.449790 -0.820023
v 0.304015 4.509228 -0.755062
v 0.282173 4.754429 -1.055015
v 0.290450 4.717241 -1.072957
v 0.282765 4.734830 -1.063537
v 0.283465 1.536622 0.339542
v 0.318463 1.382254 -0.083785
v 0.152033 4.073620 -0.525457
v 0.113910 4.092257 -0.665165
v 0.067145 -0.000983 -0.660051
v 0.048645 0.121067 -0.666402
v 0.177163 0.020798 -0.808418
v 0.192783 0.126083 -0.838101
v 0.319438 0.018099 -0.944331
v 0.324678 0.073671 -0.952692
v 0.446822 0.027916 -0.964157
v 0.424622 0.018331 -0.956197
v 0.448343 0.041216 -0.961640
v 0.055769 -0.000001 -0.553869
v 0.017167 0.234376 -0.572951
v 0.513664 3.025335 -0.040426
v 0.755402 3.073947 0.005295
v 0.541610 3.018474 -0.171408
v 0.834537 3.050139 -0.147232
v 0.553407 2.732350 -0.015233
v 0.780582 2.865995 0.051128
v 0.581353 2.725489 -0.146215
v 0.859717 2.842187 -0.101399
v 0.568426 2.906787 -0.188629
v 0.857847 2.918839 -0.156833
v 0.528489 2.916591 -0.001445
v 0.744756 2.952863 0.061140
v 0.511489 3.045254 -0.110585
v 0.785160 3.096390 -0.081419
v 0.583528 2.705570 -0.076056
v 0.829958 2.819744 -0.014685
v 1.172776 3.158147 -0.062666
v 0.548457 2.911689 -0.095037
v 0.902108 3.082210 0.057091
v 0.929030 3.058646 -0.102529
v 0.946428 2.960996 0.082738
v 0.973350 2.937432 -0.076882
v 0.946987 2.993923 -0.125451
v 0.908512 3.027597 0.102659
v 0.904573 3.103080 -0.029394
v 0.970885 2.916562 0.009603
v 1.706132 3.347258 -0.443445
v 1.165438 3.088277 -0.165493
v 1.206816 3.057948 0.002989
v 1.199478 2.988078 -0.099838
v 1.180884 3.023187 -0.154727
v 1.191370 3.123038 -0.007778
v 1.161804 3.144709 -0.128165
v 1.210450 3.001516 -0.034339
v 1.673960 3.280499 -0.514770
v 1.717658 3.270096 -0.376421
v 1.685486 3.203336 -0.447746
v 1.672821 3.227595 -0.496560
v 1.718798 3.322999 -0.394631
v 1.687573 3.330433 -0.493487
v 1.704045 3.220161 -0.397704
v 2.045781 3.348958 -0.630600
v 2.034919 3.329546 -0.689179
v 2.078389 3.296654 -0.619313
v 2.067526 3.277242 -0.677892
v 2.048892 3.299229 -0.696103
v 2.064415 3.326971 -0.612389
v 2.033354 3.350474 -0.662310
v 2.079953 3.275727 -0.646182
v 2.349897 3.231039 -0.741062
v 2.172448 3.325987 -0.663834
v 2.155563 3.320334 -0.701695
v 2.170771 3.284755 -0.656930
v 2.153887 3.279102 -0.694791
v 2.151102 3.298505 -0.706366
v 2.175232 3.306584 -0.652260
v 2.164364 3.332006 -0.684246
v 2.161970 3.273083 -0.674380
v 2.339355 3.226675 -0.762931
v 2.341236 3.209550 -0.732599
v 2.330693 3.205186 -0.754468
v 2.332763 3.214994 -0.763392
v 2.347828 3.221230 -0.732139
v 2.346485 3.233467 -0.753812
v 2.334106 3.202757 -0.741718
v 2.461506 3.251304 -0.733411
v 2.460688 3.254446 -0.747415
v 2.469389 3.239681 -0.736479
v 2.468571 3.242823 -0.750483
v 2.464454 3.249309 -0.751953
v 2.465623 3.244819 -0.731941
v 2.459406 3.255369 -0.739755
v 2.470671 3.238759 -0.744139
v 2.465039 3.247064 -0.741947
v 1.893905 3.311820 -0.653156
v 1.899902 3.353913 -0.658912
v 1.923008 3.287299 -0.584635
v 1.903738 3.284700 -0.622064
v 1.940631 3.319596 -0.563018
v 1.917525 3.386209 -0.637294
v 1.936795 3.388808 -0.599866
v 1.946628 3.361689 -0.568774
v 1.393520 3.111652 -0.173242
v 1.416790 3.055986 -0.173845
v 1.364457 3.148756 -0.277408
v 1.372012 3.149482 -0.216772
v 1.399386 3.052245 -0.320228
v 1.420895 3.014416 -0.276698
v 1.428449 3.015142 -0.216062
v 1.376116 3.107912 -0.319625
v 0.566713 2.943279 -0.277119
v 0.473303 3.011572 -0.192011
v 0.664535 2.915325 -0.194588
v 0.641760 2.960849 -0.122680
v 0.412144 2.591349 -0.211727
v 0.327619 2.724645 -0.075998
v 0.509966 2.563395 -0.129196
v 0.496077 2.673923 -0.006667
v 0.653772 2.822427 -0.164510
v 0.606726 2.852590 -0.037289
v 0.513976 2.862375 -0.282453
v 0.365986 2.925076 -0.136369
v 0.633836 2.941870 -0.253183
v 0.575377 3.015050 -0.179608
v 0.442843 2.564805 -0.153132
v 0.394002 2.670444 -0.019070
v 0.530512 3.402316 0.352928
v 0.583874 2.842401 -0.223482
v 0.362534 3.230324 0.068987
v 0.591092 3.136132 0.071147
v 0.281802 3.077934 0.193312
v 0.510359 2.983742 0.195472
v 0.599046 3.032227 0.112719
v 0.273684 3.170783 0.115421
v 0.498412 3.224789 0.038007
v 0.374481 2.989278 0.226452
v 0.467400 4.169729 1.143965
v 0.735442 3.365200 0.365817
v 0.470044 3.266234 0.515579
v 0.674974 3.229119 0.528468
v 0.749174 3.289196 0.449908
v 0.456312 3.342238 0.431488
v 0.645950 3.412953 0.324477
v 0.559536 3.218481 0.556919
v 0.601869 4.064204 1.147384
v 0.365500 4.041465 1.192892
v 0.499970 3.935940 1.196311
v 0.579768 3.977433 1.172581
v 0.387601 4.128236 1.167695
v 0.556496 4.144484 1.135177
v 0.410873 3.961185 1.205099
v 1.013888 4.168436 1.937364
v 1.102814 4.152097 1.885180
v 1.015741 4.069769 1.971414
v 1.104668 4.053431 1.919231
v 1.122819 4.099259 1.891010
v 0.995736 4.122607 1.965584
v 1.057953 4.181435 1.903966
v 1.060602 4.040432 1.952628
v 1.501097 4.566831 2.256355
v 1.260128 4.330694 2.254272
v 1.290696 4.328661 2.200276
v 1.305863 4.298627 2.281370
v 1.336431 4.296595 2.227373
v 1.320122 4.312192 2.202240
v 1.276437 4.315096 2.279406
v 1.265600 4.336556 2.221460
v 1.330959 4.290732 2.260185
v 1.515233 4.564707 2.232833
v 1.514578 4.545046 2.266422
v 1.528714 4.542923 2.242900
v 1.525006 4.553360 2.232820
v 1.504805 4.556394 2.266435
v 1.505273 4.570443 2.242434
v 1.524538 4.539312 2.256821
v 1.638046 4.605682 2.204936
v 1.626442 4.597282 2.197719
v 1.642335 4.592634 2.213223
v 1.630730 4.584236 2.206006
v 1.626096 4.588957 2.200314
v 1.642680 4.600960 2.210628
v 1.631324 4.604281 2.199550
v 1.637452 4.585636 2.211393
v 1.634389 4.594958 2.205471
v 0.539923 3.778832 0.683378
v 0.497401 3.646774 0.720100
v 0.633537 3.864226 0.621136
v 0.568099 3.835902 0.641776
v 0.726808 3.792270 0.673603
v 0.698632 3.735200 0.715204
v 0.633193 3.706876 0.735845
v 0.698872 3.845305 0.634937
v 0.871943 4.186096 1.509876
v 0.863475 4.249729 1.461633
v 0.756387 4.148558 1.556943
v 0.822968 4.142435 1.535851
v 0.711270 4.203366 1.560233
v 0.827874 4.310709 1.497652
v 0.758235 4.316073 1.489993
v 0.712318 4.273172 1.544719
v 0.811978 4.143270 1.440651
v 0.685475 4.110102 1.484732
v 0.640305 4.170138 1.484841
v 0.645674 4.243426 1.467340
v 0.817347 4.216558 1.423150
v 0.756677 4.100055 1.466166
v 0.750469 4.249388 1.396102
v 0.700975 4.286641 1.441826
v 1.222987 4.620732 1.182008
v 1.248340 4.616122 1.202171
v 1.189946 4.641100 1.182549
v 1.239328 4.606937 1.237641
v 1.163988 4.626327 1.215259
v 1.199206 4.610680 1.240844
v 1.063363 4.416934 1.301086
v 1.096486 4.396154 1.244293
v 1.119857 4.406369 1.344465
v 1.188438 4.351686 1.285175
v 1.178229 4.383218 1.340431
v 1.142988 4.351238 1.252318
v 1.399389 4.825249 1.085939
v 1.408456 4.816290 1.086993
v 1.392389 4.834962 1.095261
v 1.406420 4.806479 1.097815
v 1.383447 4.826126 1.107168
v 1.394079 4.811527 1.106293
v 0.485800 2.619171 -0.276913
v 0.225315 2.772123 -0.317859
v 0.462427 2.575221 -0.128468
v 0.256863 2.713575 -0.126557
v 0.342983 2.323904 -0.388462
v 0.116188 2.552344 -0.367460
v 0.319610 2.279954 -0.240018
v 0.147736 2.493797 -0.176159
v 0.397021 2.456922 -0.139162
v 0.208700 2.565338 -0.118131
v 0.430421 2.519729 -0.351302
v 0.163615 2.649007 -0.391516
v 0.500207 2.616005 -0.193013
v 0.266185 2.777714 -0.215676
v 0.305203 2.283119 -0.323917
v 0.106866 2.488206 -0.278342
v -0.154558 3.196707 -0.086530
v 0.413721 2.488325 -0.245232
v 0.082135 3.023871 -0.244683
v 0.172552 2.976617 -0.059049
v -0.050478 2.924169 -0.205871
v 0.039939 2.876915 -0.020237
v 0.135444 2.910996 -0.006487
v 0.029616 2.949630 -0.261925
v 0.162123 3.027754 -0.161803
v -0.040050 2.873032 -0.103116
v -0.398501 3.409870 0.552613
v -0.090689 3.157658 0.056303
v -0.279865 3.099574 -0.057054
v -0.215995 3.060524 0.085780
v -0.139639 3.100714 0.101685
v -0.230914 3.156518 -0.102436
v -0.095740 3.198022 -0.021437
v -0.274813 3.059210 0.020687
v -0.414428 3.329904 0.657925
v -0.481572 3.333393 0.481978
v -0.497499 3.253426 0.587290
v -0.459381 3.274509 0.645201
v -0.436620 3.388788 0.494702
v -0.388642 3.386294 0.620423
v -0.507358 3.277003 0.519480
v -0.666432 3.806932 0.689032
v -0.655255 3.821908 0.767990
v -0.746245 3.818334 0.698167
v -0.735069 3.833311 0.777125
v -0.692764 3.830823 0.789497
v -0.708736 3.809420 0.676659
v -0.643720 3.811974 0.726551
v -0.757780 3.828269 0.739605
v -0.970029 4.328739 0.771950
v -0.801152 4.120909 0.693189
v -0.780904 4.122070 0.743427
v -0.847631 4.100750 0.712387
v -0.827383 4.101911 0.762626
v -0.799800 4.112239 0.763805
v -0.828735 4.110580 0.692010
v -0.781056 4.125814 0.714189
v -0.847479 4.097006 0.741626
v -0.959067 4.328155 0.801946
v -0.991979 4.306813 0.779545
v -0.981017 4.306229 0.809541
v -0.967690 4.317067 0.812178
v -0.983356 4.317901 0.769313
v -0.959839 4.333151 0.785319
v -0.991207 4.301817 0.796172
v -1.015013 4.454865 0.710776
v -1.004976 4.463117 0.724104
v -1.030646 4.461315 0.718554
v -1.020609 4.469568 0.731882
v -1.010639 4.468113 0.730852
v -1.024983 4.456319 0.711806
v -1.006641 4.457607 0.715771
v -1.028981 4.466825 0.726887
v -1.017811 4.462216 0.721329
v -0.575036 3.554826 0.804873
v -0.530593 3.579405 0.782345
v -0.648257 3.539039 0.736387
v -0.623559 3.538373 0.785095
v -0.633066 3.557309 0.686499
v -0.515402 3.597675 0.732458
v -0.536468 3.567119 0.684783
v -0.588623 3.581887 0.663972
v -0.226878 3.324068 0.203294
v -0.258145 3.252526 0.206227
v -0.109844 3.339370 0.292668
v -0.165209 3.359079 0.239678
v -0.125623 3.202399 0.334238
v -0.187292 3.167388 0.297854
v -0.242657 3.187096 0.244864
v -0.094356 3.273941 0.331305
v -0.565541 3.647388 0.778321
v -0.654819 3.621056 0.782861
v -0.551374 3.657751 0.730802
v -0.600898 3.664465 0.689300
v -0.608040 3.632199 0.800563
v -0.678961 3.620121 0.737290
v -0.664795 3.630484 0.689770
v -0.622295 3.645673 0.667529
v -0.596040 3.757157 0.599688
v -0.575505 3.737590 0.576870
v -0.546349 3.735181 0.575950
v -0.530882 3.739547 0.601821
v -0.553075 3.758487 0.621705
v -0.583914 3.763091 0.611700
v -0.588203 3.909187 0.535578
v -0.584414 3.898554 0.512350
v -0.566992 3.897829 0.501076
v -0.548127 3.898547 0.511583
v -0.554000 3.909009 0.533571
v -0.576306 3.912404 0.539105
v -0.576647 4.014568 0.395197
v -0.569025 3.995642 0.392646
v -0.553522 3.990345 0.394867
v -0.543656 3.998840 0.406112
v -0.552364 4.016732 0.407438
v -0.568803 4.019536 0.399434
vn 0.8518 0.0432 0.5221
vn -0.4911 0.3960 0.7759
vn -0.5915 0.7767 -0.2164
vn 0.6292 0.2688 -0.7293
vn -0.1850 0.7830 0.5939
vn -0.5487 0.0174 0.8359
vn 0.6001 0.4099 -0.6869
vn 0.2066 -0.4163 0.8854
vn -0.0033 0.5758 -0.8176
vn 0.3314 0.1598 0.9299
vn -0.0000 -1.0000 -0.0000
vn 0.5735 -0.2746 0.7718
vn -0.1649 -0.0973 0.9815
vn -0.4289 -0.5713 0.6997
vn -0.7331 0.5602 0.3856
vn 0.9394 -0.3392 -0.0491
vn -0.4716 0.3977 0.7870
vn -0.8517 -0.4209 -0.3123
vn -0.8802 -0.2572 0.3990
vn 0.6014 0.1538 -0.7840
vn -0.9227 0.2908 0.2531
vn 0.9943 -0.0400 -0.0993
vn -0.6675 0.6221 -0.4092
vn 0.1612 0.4193 -0.8934
vn -0.9082 0.1137 0.4029
vn 0.9023 -0.1070 -0.4176
vn 0.4125 -0.3228 -0.8518
vn 0.8863 0.3179 0.3366
vn -0.3027 -0.4250 -0.8531
vn 0.1981 0.7115 0.6742
vn 0.6940 0.6851 0.2212
vn 0.0549 -0.3128 -0.9482
vn 0.3524 -0.2141 0.9110
vn -0.3142 0.2852 -0.9055
vn -0.2946 0.2998 0.9074
vn -0.7408 0.5863 -0.3280
vn -0.9423 -0.1529 -0.2977
vn -0.2926 0.3086 0.9051
vn -0.4419 -0.3511 -0.8255
vn 0.2959 0.4492 0.8430
vn -0.9281 0.1938 0.3178
vn -0.5431 0.4446 0.7123
vn 0.5441 -0.3054 -0.7815
vn -0.2066 -0.4387 -0.8746
vn 0.7501 -0.5566 0.3572
vn 0.3123 -0.1751 -0.9337
vn 0.7510 -0.5435 -0.3750
vn -0.7303 0.6121 0.3033
vn 0.5740 0.7361 0.3588
vn -0.6849 -0.6976 -0.2104
vn 0.6910 0.6498 0.3165
vn -0.6905 -0.4397 0.5743
vn 0.1952 0.5149 0.8348
vn -0.8841 -0.2426 -0.3993
vn 0.7787 0.3611 0.5132
vn 0.9789 0.0204 -0.2032
vn 0.9402 -0.0109 0.3404
vn 0.4202 0.0603 0.9054
vn -0.4099 -0.0174 -0.9120
vn -0.3376 0.0976 0.9362
vn 0.3750 0.0337 -0.9264
vn 0.9247 -0.0440 -0.3781
vn -0.9052 0.1741 0.3877
vn -0.9394 0.0267 -0.3418
vn 0.0583 -0.2090 -0.9762
vn 0.9706 -0.2115 0.1148
vn 0.6386 0.0647 0.7668
vn -0.5855 0.2055 -0.7841
vn 0.7028 -0.3275 -0.6315
vn -0.7798 0.3787 0.4984
vn -0.8502 0.4936 -0.1829
vn -0.1689 0.3540 0.9199
vn -0.9557 0.2118 -0.2042
vn 0.6593 0.3830 0.6470
vn -0.7610 0.5769 0.2968
vn -0.2709 0.6909 0.6703
vn 0.7249 0.5764 -0.3773
vn -0.2188 -0.4183 -0.8816
vn 0.3756 0.1455 -0.9153
vn -0.4464 -0.0642 0.8925
vn -0.0077 -1.0000 -0.0012
vn 0.0030 -1.0000 -0.0056
vn 0.8423 -0.4162 -0.3426
vn 0.4609 0.8274 0.3209
vn -0.8805 0.2472 -0.4044
vn 0.3855 0.5370 -0.7503
vn 0.9135 0.1657 -0.3716
vn -0.7511 -0.5538 -0.3595
vn 0.2533 0.1872 0.9491
vn -0.3507 0.5359 -0.7680
vn -0.8225 -0.5550 -0.1242
vn -0.2467 -0.4853 0.8388
vn -0.4949 0.3212 0.8074
vn -0.2715 -0.0561 0.9608
vn 0.9503 -0.0735 -0.3025
vn -0.7983 0.4091 0.4421
vn 0.1776 0.4199 0.8900
vn 0.0764 0.2392 -0.9680
vn 0.7476 -0.0388 -0.6630
vn -0.8818 0.2384 -0.4070
vn -0.5812 0.2665 0.7689
vn 0.2619 0.7239 0.6382
vn -0.9655 -0.0224 0.2593
vn -0.4728 0.5695 0.6724
vn 0.6984 -0.3256 -0.6374
vn 0.9852 -0.1568 0.0693
vn 0.8099 -0.4190 -0.4105
vn -0.6105 -0.3721 -0.6992
vn 0.0836 -0.5796 -0.8106
vn -0.2567 -0.7482 -0.6118
vn 0.9762 -0.1493 -0.1575
vn 0.8302 0.4610 0.3134
vn -0.8276 -0.4279 -0.3633
vn -0.9540 -0.2551 -0.1573
vn 0.8301 0.4594 0.3159
vn 0.9489 -0.0891 -0.3027
vn -0.3679 -0.5027 -0.7823
vn -0.0297 -0.0289 -0.9991
vn -0.6565 -0.0725 -0.7508
vn 0.8017 0.1042 -0.5886
vn 0.9881 0.1537 -0.0030
vn 0.0309 0.0227 0.9993
vn -0.7891 -0.1443 0.5970
vn 0.5159 0.0676 0.8540
vn -0.9768 -0.1767 -0.1213
vn -0.1516 -0.2299 -0.9613
vn 0.7279 -0.6740 0.1258
vn 0.6547 -0.1812 0.7338
vn -0.4771 0.4018 -0.7816
vn 0.4194 -0.7318 -0.5372
vn -0.2917 0.8345 0.4674
vn -0.4798 0.8753 -0.0609
vn 0.2439 0.4218 0.8733
vn -0.2223 0.3831 -0.8966
vn -0.2223 0.3831 -0.8965
vn 0.5265 -0.6536 -0.5437
vn -0.5443 0.6830 0.4871
vn -0.9802 0.1727 0.0972
vn 0.2471 0.7868 0.5655
vn -0.1542 -0.0532 0.9866
vn -0.8655 0.4868 -0.1181
vn -0.6716 0.3598 0.6476
vn 0.7061 0.0480 -0.7065
vn -0.5096 0.3798 -0.7721
vn 0.4551 -0.5273 0.7175
vn 0.8985 -0.4390 0.0057
vn 0.1194 0.2546 -0.9596
vn -0.9727 -0.1958 -0.1244
vn 0.0126 -0.9092 0.4161
vn -0.8038 -0.2001 0.5603
vn -0.4329 -0.0728 0.8985
vn -0.0938 0.7713 0.6295
vn 0.7969 0.2807 -0.5349
vn -0.6528 -0.0818 -0.7531
vn 0.1226 0.0894 -0.9884
vn 0.4195 -0.0866 -0.9036
vn -0.0696 0.5317 -0.8441
vn 0.3819 -0.7018 -0.6013
vn -0.3295 0.0899 0.9399
vn 0.2761 0.9434 -0.1839
vn 0.4468 0.1336 -0.8846
vn 0.4879 -0.7662 0.4181
vn 0.0132 -0.0378 0.9992
vn -0.7269 0.5541 0.4056
vn -0.5230 0.2156 0.8246
vn 0.5099 -0.7476 0.4256
vn -0.1751 0.7118 -0.6803
vn -0.4800 0.2274 0.8473
vn 0.3173 -0.0264 -0.9480
vn -0.4810 0.8134 -0.3272
vn -0.2583 0.4945 -0.8299
vn 0.1138 -0.1362 -0.9841
vn -0.2053 0.2765 0.9389
vn -0.2437 0.9007 -0.3596
vn 0.3018 -0.8886 0.3455
vn -0.0200 -0.0598 0.9980
vn 0.7354 -0.4586 0.4988
vn -0.8108 0.5243 0.2602
vn -0.4068 0.4107 -0.8160
vn 0.5118 0.8518 0.1117
vn 0.5723 0.8182 -0.0556
vn -0.1742 0.3574 -0.9176
vn 0.0692 -0.5707 -0.8182
vn -0.0229 0.5910 0.8063
vn 0.1134 0.1635 0.9800
vn -0.3698 -0.0915 0.9246
vn 0.7736 0.0995 -0.6259
vn -0.4477 -0.6282 0.6364
vn 0.4950 -0.4733 -0.7287
vn 0.2343 0.5534 0.7993
vn 0.9178 0.3599 -0.1680
vn 0.6573 0.6426 0.3936
vn 0.1776 -0.5176 0.8370
vn 0.1496 0.8045 0.5748
vn 0.1768 0.9842 0.0072
vn -0.0131 0.6277 0.7783
vn -0.2322 -0.5918 0.7719
vn 0.8921 -0.0071 -0.4518
vn 0.8479 0.3946 -0.3540
vn 0.5139 -0.8174 -0.2604
vn -0.2957 0.4472 0.8441
vn 0.4997 -0.7563 0.4223
vn -0.9921 0.0184 0.1244
vn -0.5642 -0.8256 -0.0077
vn -0.6433 0.6804 0.3511
vn -0.9121 0.4082 0.0385
vn -0.9518 -0.3025 0.0499
vn 0.5503 0.4555 0.6998
vn -0.1741 0.9517 0.2529
vn 0.3330 -0.8177 0.4696
vn 0.5254 -0.7910 -0.3136
vn 0.7809 0.5255 -0.3378
vn 0.8516 0.1077 -0.5130
vn -0.0750 -0.7217 0.6881
vn 0.1492 0.5750 0.8045
vn -0.0839 -0.0554 0.9949
vn 0.5335 0.7835 0.3187
vn -0.0257 -0.3491 -0.9367
vn 0.0108 0.6874 -0.7262
vn 0.3322 -0.0116 -0.9431
vn 0.2834 0.6811 -0.6751
vn 0.2138 -0.6026 -0.7689
vn 0.1851 0.0284 0.9823
vn 0.6032 -0.6432 -0.4716
vn 0.7837 -0.0000 -0.6211
vn 0.5035 0.0283 0.8635
vn 0.1590 0.9861 -0.0474
vn 0.3318 0.8038 0.4937
vn 0.4922 -0.2918 0.8202
vn -0.0396 -0.0115 -0.9992
vn 0.0357 -0.9768 0.2111
vn -0.3541 0.9322 0.0746
vn 0.0478 0.5210 0.8522
vn -0.4284 -0.7503 -0.5035
vn -0.6368 0.2685 -0.7228
vn -0.2072 -0.3964 0.8944
vn -0.2171 -0.0441 0.9752
vn 0.8411 0.5206 0.1465
vn -0.0672 0.9894 0.1286
vn 0.8799 -0.4554 0.1354
vn 0.1642 -0.9813 -0.1001
vn 0.9928 0.0087 0.1192
vn -0.6789 0.4589 -0.5731
vn 0.5982 0.7982 -0.0706
vn -0.8781 0.3934 -0.2723
vn 0.0050 -0.9999 0.0098
vn 0.9454 -0.1651 -0.2812
vn 0.8564 -0.3981 -0.3288
vn -0.0063 -0.9999 0.0133
vn 0.6223 -0.5901 0.5144
vn -0.1625 0.8131 -0.5590
vn -0.5898 -0.4682 -0.6579
vn -0.3972 -0.7983 -0.4528
vn -0.3761 0.8800 -0.2900
vn 0.8450 -0.5203 -0.1234
vn 0.0512 -0.9929 -0.1078
vn 0.0022 -1.0000 -0.0002
vn 0.2645 0.0696 0.9619
vn 0.0186 0.3530 -0.9354
vn 0.2963 0.8143 0.4992
vn 0.6276 0.7165 0.3045
vn -0.5557 0.3327 -0.7619
vn 0.8200 0.0966 0.5641
vn -0.0253 -0.9997 0.0024
vn 0.4253 -0.8991 0.1036
vn 0.4156 -0.9087 -0.0392
vn 0.9666 -0.1500 0.2080
vn 0.9666 -0.1499 0.2080
vn -0.0505 -0.5474 -0.8353
vn 0.1839 0.8409 -0.5089
vn 0.1502 -0.6668 0.7300
vn 0.0022 -1.0000 -0.0003
vn -0.6193 -0.7824 0.0657
vn -0.9611 0.2510 0.1150
vn -0.3044 -0.8264 -0.4737
vn -0.3372 0.9066 -0.2538
vn -0.3857 0.5854 -0.7132
vn -0.1942 -0.9621 0.1916
vn -0.0334 -0.9952 0.0915
vn 0.1078 0.1667 -0.9801
vn -0.5733 0.7553 -0.3175
vn 0.4590 -0.4077 -0.7894
vn -0.7515 -0.4987 0.4319
vn -0.7238 0.4468 0.5258
vn 0.0045 -0.9853 0.1706
vn 0.1096 0.5551 -0.8245
vn -0.2864 0.8987 -0.3321
vn 0.1510 -0.6143 -0.7745
vn -0.4817 -0.5571 0.6765
vn -0.5758 0.5861 0.5700
vn 0.8487 -0.4183 -0.3236
vn 0.9223 0.2842 -0.2618
vn -0.0187 -0.9996 -0.0196
vn -0.2221 0.1824 -0.9578
vn -0.3130 -0.2885 -0.9049
vn -0.0849 0.2598 -0.9619
vn 0.7651 0.0805 -0.6388
vn -0.2686 -0.1772 -0.9468
vn -0.0104 -0.9999 -0.0006
vn 0.1716 0.8422 -0.5112
vn 0.4068 -0.9081 0.0997
vn 0.0914 -0.9770 -0.1925
vn -0.6463 0.5820 -0.4936
vn -0.1839 0.8139 -0.5512
vn -0.0065 -0.9999 0.0137
vn -0.6508 -0.0865 -0.7543
vn -0.3623 -0.1163 0.9248
vn 0.1186 0.2515 -0.9606
vn -0.6835 0.3127 0.6595
vn -0.5443 0.6829 0.4871
vn -0.2224 0.3830 -0.8966
vn -0.1488 0.7866 0.5992
vn -0.1426 -0.2266 -0.9635
vn 0.0320 0.0168 0.9993
vn -0.6448 -0.1010 -0.7577
vn -0.3594 -0.4975 -0.7895
vn -0.2566 -0.7482 -0.6118
vn -0.7206 -0.2461 -0.6482
vn -0.4666 0.5600 0.6846
vn -0.5564 0.3965 0.7302
vn -0.2985 0.1206 -0.9467
vn -0.5051 0.2561 0.8242
vn -0.6741 0.3391 -0.6562
vn -0.0064 -1.0000 -0.0003
vn -0.4495 -0.0622 0.8911
vn -0.2137 -0.4269 -0.8787
vn -0.2564 0.7037 0.6626
vn -0.6847 0.5141 0.5165
vn -0.1583 -0.0883 -0.9834
vn -0.9202 0.0861 0.3819
vn 0.3516 -0.0514 -0.9347
vn -0.7365 0.6031 0.3064
vn 0.3118 -0.1766 -0.9336
vn -0.2062 -0.4394 -0.8743
vn -0.5435 0.4485 0.7096
vn -0.1784 -0.2456 -0.9528
vn 0.4148 -0.3529 -0.8387
vn -0.9094 0.0991 0.4040
vn 0.1960 0.5628 -0.8030
vn -0.9253 -0.0737 0.3721
vn -0.3608 -0.6397 0.6787
vn -0.1917 0.6637 -0.7230
vn -0.5481 0.0475 0.8350
vn -0.4933 0.3863 0.7794
vn -0.1178 0.8860 -0.4484
vn 0.2388 -0.2050 -0.9492
vn 0.3205 -0.7981 0.5101
vn -0.3101 0.2831 0.9076
vn -0.9726 -0.1165 -0.2014
vn 0.5501 -0.4805 -0.6830
vn -0.2980 0.5907 0.7498
vn -0.9613 -0.2716 -0.0473
vn -0.2228 -0.1027 0.9694
vn 0.0632 0.1669 -0.9840
vn -0.9026 -0.2872 -0.3206
vn 0.1477 0.8664 -0.4770
vn 0.2434 0.1136 -0.9632
vn 0.4581 -0.8513 -0.2559
vn -0.2389 0.9322 0.2721
vn -0.0992 -0.1853 -0.9777
vn 0.2908 -0.9320 -0.2166
vn 0.1254 -0.8159 -0.5644
vn 0.0018 0.8427 0.5384
vn 0.5683 -0.8227 -0.0179
vn -0.1423 0.9690 0.2020
vn 0.3249 -0.7562 0.5681
vn -0.0873 -0.3308 0.9397
vn 0.0843 -0.7311 -0.6770
vn -0.1863 0.8597 0.4756
vn 0.4024 0.2902 0.8683
vn -0.5315 0.8427 -0.0862
vn 0.4343 -0.6980 0.5693
vn -0.2802 0.5170 -0.8088
vn -0.2176 0.9627 -0.1610
vn 0.3804 -0.0595 0.9229
vn 0.0047 0.7891 -0.6143
vn 0.2063 -0.6195 0.7574
vn -0.2581 0.1005 -0.9609
vn -0.0799 -0.9967 -0.0163
vn 0.5695 -0.8197 -0.0611
vn -0.4498 -0.1786 -0.8751
vn 0.6949 -0.4339 0.5735
vn -0.6566 0.4433 -0.6102
vn 0.1384 0.9903 -0.0069
vn -0.0035 0.7888 -0.6146
vn 0.1497 -0.7758 0.6130
vn -0.0957 0.2269 -0.9692
vn 0.2505 0.9483 -0.1948
vn 0.3656 0.0748 0.9278
vn 0.4188 0.7458 0.5181
vn -0.2488 -0.7341 -0.6318
vn 0.1519 0.7321 -0.6640
vn -0.0948 -0.8047 0.5861
vn -0.2255 0.1651 -0.9602
vn -0.3997 -0.9142 -0.0671
vn 0.3273 -0.0645 0.9427
vn 0.2925 0.7447 0.5999
vn -0.1529 -0.5224 -0.8389
vn -0.1134 -0.9643 -0.2395
vn 0.1991 -0.7939 -0.5746
vn 0.0760 -0.1744 -0.9817
vn -0.1726 0.6825 0.7102
vn 0.1201 -0.6063 0.7861
vn 0.4929 0.8680 0.0608
vn 0.2980 -0.2576 0.9192
vn 0.5538 0.4838 0.6777
vn -0.4631 -0.5410 -0.7020
vn 0.8343 0.5464 0.0739
vn 0.8343 0.5464 0.0738
vn 0.8343 0.5463 0.0739
vn 0.0894 -0.0112 -0.9959
vn 0.2306 -0.9607 0.1543
vn -0.1247 0.8400 -0.5281
vn -0.2134 0.9476 0.2376
vn -0.0179 -0.8972 -0.4412
vn 0.2598 0.7669 0.5868
vn 0.6047 0.0227 0.7961
vn -0.2113 0.9766 0.0410
vn 0.4063 -0.9010 0.1523
vn -0.4835 -0.2756 -0.8308
vn 0.5679 -0.6489 0.5065
vn -0.5797 0.4481 -0.6805
vn -0.5323 0.5302 -0.6600
vn 0.5816 -0.4224 0.6952
vn -0.5682 -0.2290 -0.7904
vn 0.1980 -0.9662 0.1651
vn -0.0264 0.9996 -0.0087
vn 0.6191 0.2690 0.7378
vn 0.4038 0.7799 0.4782
vn -0.2625 -0.8508 -0.4553
vn 0.7368 0.6711 -0.0820
vn 0.8084 -0.3885 0.4421
vn -0.7751 -0.6193 0.1255
vn -0.4707 0.3600 -0.8055
vn 0.5243 -0.3940 -0.7549
vn 0.7594 -0.3797 0.5284
vn -0.6593 0.4145 -0.6273
vn 0.2991 -0.4078 -0.8627
vn -0.7780 0.1320 -0.6142
vn 0.9513 -0.0105 0.3080
vn 0.6543 -0.4985 -0.5686
vn 0.7496 0.5764 -0.3253
vn 0.9658 -0.1407 0.2179
vn -0.2148 -0.8036 0.5550
vn 0.2268 0.7747 -0.5903
vn 0.9305 -0.0724 -0.3591
vn 0.0875 -0.8408 0.5342
vn 0.7137 -0.6839 0.1511
vn -0.6646 0.7449 -0.0580
vn 0.1552 -0.5968 0.7873
vn 0.0580 0.7290 -0.6821
vn -0.6737 -0.5013 0.5430
vn -0.9662 -0.2098 -0.1494
vn 0.5118 -0.6971 0.5022
vn -0.9199 0.2154 -0.3276
vn -0.9175 0.1239 -0.3780
vn -0.4714 0.7427 -0.4756
vn -0.6425 -0.4361 0.6301
vn 0.5675 0.4918 -0.6603
vn -0.1945 0.8628 -0.4666
vn -0.8912 0.2433 0.3829
vn 0.5164 0.8510 -0.0957
vn -0.7181 -0.6111 0.3332
vn 0.8325 0.2613 -0.4885
vn -0.1403 -0.9772 -0.1592
vn -0.2165 -0.8976 0.3839
vn 0.9338 -0.1426 0.3281
vn -0.8704 -0.4693 0.1489
vn 0.3252 0.8903 -0.3188
vn -0.4000 0.8991 -0.1777
vn 0.2580 0.7691 -0.5848
vn 0.1477 -0.8567 0.4943
vn 0.3938 0.6230 -0.6759
vn -0.0357 0.9463 0.3213
vn -0.7966 0.1425 0.5874
vn -0.2752 0.8551 0.4394
vn 0.5861 -0.5803 -0.5654
vn -0.4270 0.5093 -0.7472
vn 0.5180 -0.3926 0.7600
vn 0.0731 0.0641 -0.9953
vn 0.7889 -0.6141 0.0218
vn -0.6769 -0.1775 0.7143
vn -0.7826 0.5204 0.3417
vn 0.8199 -0.0600 -0.5693
vn 0.6883 -0.7253 -0.0148
vn 0.3251 -0.9345 -0.1449
vn 0.0186 -0.6912 -0.7225
vn 0.0165 0.7761 0.6304
vn 0.2831 0.2747 0.9189
vn -0.6972 0.7165 -0.0232
vn -0.0239 0.0762 0.9968
vn -0.4995 0.5034 0.7050
vn 0.6090 -0.4335 -0.6642
vn 0.6365 -0.2534 -0.7284
vn 0.6365 -0.2535 -0.7284
vn 0.6365 -0.2535 -0.7285
vn -0.2349 -0.2013 -0.9509
vn 0.4863 -0.5225 0.7004
vn -0.3887 0.4773 -0.7881
vn -0.2427 0.9688 0.0510
vn 0.5589 0.4375 -0.7045
vn -0.5442 -0.3665 0.7547
vn 0.9927 0.0829 -0.0872
vn 0.2544 -0.3663 0.8951
vn -0.4466 0.4829 -0.7532
vn -0.9528 0.2664 -0.1454
vn -0.9268 0.2605 -0.2704
vn 0.7912 -0.2439 0.5608
vn 0.5922 -0.8023 -0.0754
vn -0.5587 0.8122 0.1679
vn -0.7768 0.1477 0.6122
vn -0.3555 0.4956 0.7924
vn -0.0016 -0.8820 0.4712
vn 0.7978 -0.1947 -0.5706
vn -0.5597 -0.4224 0.7130
vn -0.8075 0.1654 -0.5661
vn 0.5246 0.5023 -0.6874
vn -0.6454 -0.2553 0.7200
vn 0.8045 -0.3453 -0.4833
vn -0.1668 -0.7929 0.5861
vn 0.1927 0.8525 -0.4860
vn -0.7791 0.1990 0.5945
vn -0.5722 0.8096 0.1310
vn 0.4780 -0.8750 0.0774
vn 0.1139 0.4743 0.8730
vn -0.6532 0.2236 -0.7234
vn 0.9556 -0.1425 0.2579
vn -0.0599 -0.2353 -0.9701
vn 0.2113 0.3756 0.9024
vn 0.5487 -0.3610 -0.7541
vn 0.1756 -0.9573 -0.2298
vn 0.0058 0.8432 0.5376
vn -0.2711 -0.4342 -0.8591
vn 0.4392 -0.2528 0.8621
vn -0.5185 0.6599 -0.5438
vn -0.3755 0.9196 -0.1155
vn 0.6241 0.3692 0.6886
vn 0.5082 0.5883 0.6290
vn -0.6858 0.7273 0.0247
vn 0.7783 -0.6269 0.0354
vn 0.3080 0.1682 0.9364
vn -0.2304 -0.3403 -0.9117
vn 0.4292 0.6287 0.6485
vn -0.1937 -0.4204 0.8864
vn -0.6155 -0.4518 -0.6458
vn 0.3733 0.4134 -0.8305
vn 0.9113 -0.4111 0.0218
vn -0.3030 -0.4311 0.8499
vn -0.0442 0.2556 -0.9658
vn 0.8466 -0.5062 -0.1645
vn 0.0670 0.1571 -0.9853
vn 0.0449 -0.1145 0.9924
vn 0.8042 -0.5858 0.1005
vn 0.9360 0.2320 0.2649
vn 0.5719 -0.1399 0.8083
vn -0.7050 -0.7028 0.0946
vn 0.5716 0.8178 -0.0673
vn 0.4944 0.2406 0.8353
vn -0.4284 -0.8085 0.4035
vn 0.0493 -0.4471 0.8932
vn -0.2857 0.4039 -0.8690
vn -0.8109 -0.4690 0.3500
vn 0.8329 0.4234 -0.3563
vn -0.9230 -0.3736 -0.0923
vn -0.5891 0.0839 -0.8037
vn 0.2057 -0.8557 0.4748
vn -0.1374 0.9564 -0.2577
vn -0.7416 0.2995 -0.6003
vn 0.4291 0.8707 0.2403
vn -0.6885 -0.6747 -0.2659
vn 0.6285 0.7063 0.3259
vn 0.3550 0.8530 -0.3826
vn -0.5582 -0.0652 -0.8272
vn 0.8781 0.4593 0.1343
vn -0.8689 -0.3617 -0.3379
vn 0.5264 0.2695 0.8064
vn -0.7953 -0.3070 0.5227
vn -0.3288 -0.9444 -0.0077
vn 0.4985 -0.5571 0.6642
vn -0.7516 -0.4582 -0.4746
vn 0.7192 0.1255 0.6833
vn 0.7891 0.3248 -0.5213
vn 0.9202 0.3889 0.0450
vn -0.9285 -0.3242 -0.1807
vn 0.6218 0.3024 0.7225
vn 0.6280 0.3569 -0.6916
vn -0.4099 -0.1664 -0.8968
vn 0.5673 0.2595 -0.7816
vn -0.2842 -0.0816 0.9553
vn 0.7686 0.6216 0.1511
vn -0.8273 -0.5577 -0.0671
vn 0.5640 0.2787 0.7773
vn -0.5615 -0.5570 0.6119
vn -0.5198 -0.1644 -0.8383
vn 0.2854 0.1350 -0.9488
vn -0.0557 0.0347 0.9978
vn -0.6755 -0.2307 0.7003
vn -0.5511 0.2126 0.8069
vn 0.1569 0.4548 0.8766
vn 0.4005 -0.2802 -0.8724
vn -0.8251 -0.4098 -0.3890
vn 0.4845 0.6270 -0.6100
vn -0.6587 -0.2233 -0.7185
vn -0.0723 0.3016 -0.9507
vn -0.0068 -0.2286 0.9735
vn 0.0628 0.8267 -0.5592
vn 0.0630 0.8266 -0.5592
vn 0.0628 0.8266 -0.5592
vn 0.2914 0.5164 0.8052
vn -0.9524 -0.1294 0.2759
vn 0.9332 0.3538 0.0630
vn 0.8002 -0.0337 -0.5988
vn -0.5234 -0.6299 0.5738
vn 0.3718 0.7664 -0.5238
vn -0.3332 0.4595 -0.8233
vn 0.4903 0.6191 -0.6135
vn -0.8901 -0.4548 -0.0287
vn 0.2451 -0.4015 0.8824
vn -0.8121 -0.0166 -0.5833
vn 0.7823 0.0549 0.6204
vn 0.9791 0.1916 -0.0680
vn -0.9972 0.0159 0.0730
vn 0.8144 -0.5482 0.1906
vn -0.5146 -0.7109 0.4794
vn 0.5715 0.7576 -0.3153
vn -0.9009 0.3856 -0.1994
vn -0.2333 0.8675 -0.4394
vn 0.3683 -0.8493 0.3781
vn -0.3313 -0.0999 0.9382
vn 0.1821 -0.5269 -0.8302
vn -0.3799 -0.1497 -0.9128
vn 0.9371 -0.1755 -0.3016
vn -0.8342 -0.3209 0.4485
vn 0.3521 0.2011 0.9141
vn 0.8033 0.4369 0.4046
vn -0.8169 -0.2530 -0.5183
vn 0.8573 -0.1806 -0.4821
vn -0.6722 -0.3175 -0.6689
vn 0.7768 0.4686 0.4206
vn -0.1540 0.6272 0.7635
vn -0.8007 0.4376 0.4092
vn -0.1558 0.7878 0.5959
vn -0.1565 -0.7348 -0.6599
vn -0.7414 0.2928 0.6038
vn 0.9718 0.1235 0.2008
vn -0.0635 -0.4240 -0.9034
vn 0.2779 0.4085 0.8694
vn 0.2247 0.2644 -0.9379
vn 0.5697 0.3330 -0.7514
vn 0.3767 -0.6792 -0.6299
vn -0.8808 -0.3060 -0.3614
vn -0.6372 0.6406 0.4285
vn 0.8540 0.3901 0.3443
vn 0.8270 -0.0069 0.5622
vn -0.5057 0.3884 0.7703
vn -0.4791 0.8272 -0.2937
vn 0.4914 0.1237 -0.8621
vn -0.2486 0.6008 0.7598
vn -0.7199 -0.0189 0.6938
vn 0.5010 0.4114 -0.7614
vn 0.2231 -0.5009 0.8362
vn -0.1453 0.4941 -0.8572
vn 0.2574 0.0564 0.9647
vn 0.7541 -0.4104 0.5127
vn 0.2452 -0.3097 0.9187
vn -0.4093 -0.4895 0.7700
vn -0.8642 0.4295 0.2620
vn 0.9401 0.0858 -0.3300
vn -0.1822 0.4619 0.8680
vn -0.9218 -0.3847 0.0475
vn -0.8107 -0.0798 0.5799
vn 0.8794 0.0936 -0.4668
vn -0.9783 0.2049 -0.0316
vn 0.9431 -0.0323 -0.3311
vn -0.5415 0.3296 -0.7734
vn -0.3212 0.4946 -0.8076
vn -0.9369 0.1056 0.3334
vn 0.9086 -0.1084 -0.4033
vn 0.2897 -0.3212 -0.9016
vn 0.9105 0.3244 0.2563
vn -0.6040 -0.5515 -0.5753
vn 0.5571 0.6787 0.4786
vn 0.8596 0.5041 -0.0832
vn 0.4100 -0.2943 -0.8633
vn 0.3414 -0.2115 0.9158
vn -0.3300 0.2891 -0.8986
vn -0.2687 0.2933 0.9175
vn -0.7266 0.5884 -0.3547
vn -0.9188 -0.1455 -0.3669
vn -0.4692 0.3600 0.8064
vn -0.3304 -0.3123 -0.8907
vn 0.4401 0.5054 0.7422
vn -0.9684 0.1585 0.1927
vn -0.5099 0.4517 0.7321
vn 0.5220 -0.3094 -0.7948
vn -0.2000 -0.4383 -0.8763
vn 0.7635 -0.5535 0.3328
vn 0.3190 -0.1784 -0.9308
vn 0.7772 -0.5374 -0.3273
vn -0.7041 0.6091 0.3650
vn 0.4220 0.6200 0.6614
vn -0.6467 -0.6638 -0.3757
vn 0.1547 0.5201 0.8400
vn -0.7666 -0.5159 0.3824
vn 0.1606 0.5114 0.8442
vn -0.8001 -0.2710 -0.5352
vn 0.8527 0.3334 0.4022
vn 0.9363 -0.0297 -0.3500
vn 0.9793 0.0025 -0.2024
vn 0.8215 0.0652 0.5665
vn -0.8155 0.0765 -0.5737
vn 0.2044 0.1268 0.9706
vn -0.1991 0.0235 -0.9797
vn 0.5712 0.0001 -0.8208
vn -0.5637 0.1627 0.8098
vn -0.9727 0.1258 0.1951
vn -0.1510 -0.1456 -0.9778
vn 0.9517 -0.3018 -0.0568
vn 0.7854 -0.0928 0.6120
vn -0.7301 0.1976 -0.6542
vn 0.5460 -0.4050 -0.7334
vn -0.5605 0.3381 0.7560
vn -0.9091 0.4067 0.0905
vn 0.0294 0.2074 0.9778
vn -0.9570 0.2707 -0.1037
vn 0.7049 0.3307 0.6275
vn -0.6809 0.6088 0.4071
vn -0.1040 0.6707 0.7344
vn 0.5460 0.3860 -0.7436
vn -0.3264 -0.4897 -0.8085
vn 0.2296 0.0183 -0.9731
vn -0.4185 -0.0415 0.9073
vn -0.0056 -1.0000 -0.0023
vn -0.0035 -1.0000 -0.0074
vn 0.8498 -0.3912 -0.3533
vn 0.5148 0.8569 0.0259
vn -0.8172 0.4081 -0.4071
vn 0.8870 0.2287 -0.4012
vn 0.9489 0.0768 -0.3060
vn -0.5496 -0.7811 -0.2964
vn 0.1614 0.2972 0.9411
vn -0.1195 0.7958 -0.5937
vn -0.6538 -0.7539 0.0644
vn -0.1412 -0.7363 0.6618
vn -0.5672 0.3477 0.7466
vn -0.2824 0.0284 0.9589
vn 0.9317 0.3600 -0.0487
vn -0.8285 0.3591 0.4297
vn 0.2847 0.5300 0.7988
vn -0.0078 0.3031 -0.9529
vn 0.6288 0.2784 -0.7260
vn -0.8463 0.2827 -0.4515
vn -0.5052 0.3280 0.7982
vn 0.5778 0.6164 0.5350
vn -0.9428 0.0800 0.3236
vn -0.6085 0.4988 0.6172
vn 0.3700 -0.4167 -0.8304
vn 0.9862 -0.1486 0.0737
vn 0.7026 -0.5431 -0.4598
vn -0.7122 -0.2953 -0.6368
vn 0.2747 -0.6875 -0.6722
vn -0.2566 -0.7482 -0.6119
vn -0.8294 -0.4465 -0.3358
vn 0.9540 0.2662 0.1380
vn 0.9705 -0.0214 -0.2403
vn -0.2895 -0.5141 -0.8074
vn 0.1063 0.1221 -0.9868
vn -0.7349 -0.0710 -0.6744
vn 0.6467 0.1802 -0.7412
vn 0.9696 0.2247 0.0966
vn -0.0049 0.0248 0.9997
vn -0.6842 -0.0665 0.7262
vn 0.7252 0.2123 0.6550
vn -0.9905 -0.1372 -0.0013
vn -0.1039 -0.3218 -0.9411
vn 0.6265 -0.7730 -0.0998
vn 0.6875 -0.3625 0.6293
vn -0.4714 0.3015 -0.8288
vn 0.2758 -0.6865 -0.6728
vn -0.1854 0.7607 0.6221
vn -0.5741 0.7889 -0.2189
vn 0.3145 0.2868 0.9049
vn -0.2224 0.3831 -0.8966
vn 0.5264 -0.6537 -0.5437
vn -0.9802 0.1728 0.0972
vn -0.1268 -0.0564 0.9903
vn -0.8471 0.5290 0.0508
vn -0.5706 0.3072 0.7616
vn 0.6909 0.0416 -0.7217
vn -0.5519 0.4335 -0.7123
vn 0.4414 -0.4748 0.7614
vn 0.8973 -0.4414 -0.0038
vn 0.1071 0.2612 -0.9593
vn -0.9710 -0.1838 -0.1530
vn -0.1786 -0.7616 0.6229
vn -0.7796 -0.1822 0.5991
vn 0.0279 0.2209 0.9749
vn -0.2515 0.5533 0.7941
vn 0.7464 0.2121 -0.6308
vn -0.6305 -0.0704 -0.7730
vn 0.1643 0.1146 -0.9797
vn 0.8004 -0.3742 -0.4682
vn 0.4950 0.1919 -0.8474
vn 0.3813 -0.6555 -0.6519
vn -0.3788 0.3350 0.8627
vn 0.3082 0.8011 -0.5131
vn 0.4348 0.1810 -0.8821
vn 0.5465 -0.8002 0.2472
vn 0.1499 -0.2212 0.9636
vn -0.5077 0.1868 0.8411
vn -0.1105 -0.2274 0.9675
vn 0.2251 -0.4314 0.8736
vn -0.4437 0.8321 -0.3327
vn -0.4412 0.1942 0.8761
vn 0.4155 -0.1170 -0.9020
vn -0.4977 0.8667 0.0325
vn -0.1651 0.3896 -0.9061
vn 0.2723 -0.3025 -0.9134
vn -0.2592 0.4130 0.8731
vn -0.2437 0.9007 -0.3597
vn 0.1960 -0.1999 0.9600
vn 0.8362 -0.5209 0.1716
vn -0.8103 0.5256 -0.2592
vn -0.2189 0.2743 -0.9364
vn 0.6101 0.7404 0.2822
vn 0.2923 0.9011 -0.3202
vn -0.4425 0.0185 0.8966
vn 0.7540 0.1362 -0.6426
vn -0.4828 -0.5899 0.6472
vn 0.4647 -0.7829 -0.4135
vn 0.2383 0.5433 0.8050
vn 0.8552 0.4843 -0.1849
vn 0.6558 0.6390 0.4020
vn 0.0638 -0.7406 0.6689
vn 0.1408 0.8179 0.5579
vn 0.1576 0.9864 -0.0470
vn -0.0089 0.8178 0.5755
vn -0.2349 -0.6536 0.7194
vn 0.8730 0.1087 -0.4754
vn 0.7869 0.5250 -0.3242
vn 0.4962 -0.8279 -0.2615
vn -0.2229 0.5091 0.8314
vn 0.0275 -0.4484 0.8934
vn -0.9928 0.0384 0.1134
vn 0.0200 -0.9996 -0.0190
vn -0.8193 -0.5680 -0.0782
vn -0.6345 0.7201 0.2810
vn -0.9189 0.3930 0.0351
vn -0.7167 -0.6969 -0.0269
vn 0.5442 0.5313 0.6493
vn -0.3264 0.9402 0.0971
vn 0.3832 -0.7214 0.5768
vn 0.5045 -0.8038 -0.3153
vn 0.8116 0.4879 -0.3213
vn 0.8370 0.1425 -0.5284
vn -0.0592 -0.6988 0.7129
vn 0.1380 0.5898 0.7957
vn -0.0940 -0.0390 0.9948
vn 0.5303 0.7629 0.3698
vn -0.0227 -0.3415 -0.9396
vn -0.0169 0.6186 -0.7856
vn 0.3326 -0.0136 -0.9430
vn 0.2648 0.6261 -0.7334
vn 0.3233 -0.3876 -0.8633
vn 0.1850 0.0291 0.9823
vn 0.6017 -0.6436 -0.4730
vn 0.5035 0.0289 0.8635
vn 0.1294 0.9859 -0.1057
vn 0.3214 0.8171 0.4785
vn 0.3385 -0.5525 0.7617
vn -0.0393 -0.0138 -0.9991
vn -0.0104 -0.6972 0.7168
vn -0.3225 0.9419 0.0944
vn 0.0932 0.5640 0.8205
vn -0.2255 -0.9084 -0.3522
vn -0.6061 0.3104 -0.7323
vn -0.4170 -0.4943 0.7627
vn -0.3612 0.1134 0.9256
vn 0.8437 0.5161 0.1476
vn -0.0956 0.9876 0.1244
vn 0.9588 -0.2118 0.1892
vn -0.0344 -0.9712 -0.2357
vn 0.7049 0.7077 -0.0477
vn -0.7422 0.2929 -0.6028
vn 0.7423 0.6634 0.0940
vn -0.8845 0.0134 -0.4663
vn -0.0018 -0.9998 0.0190
vn 0.8641 -0.2215 -0.4519
vn 0.8183 -0.4650 -0.3380
vn -0.0134 -0.9999 0.0046
vn 0.5898 -0.6536 0.4743
vn -0.2975 0.6793 -0.6708
vn -0.5898 -0.4684 -0.6578
vn -0.5811 -0.4708 -0.6638
vn -0.5147 0.8104 -0.2799
vn 0.8249 -0.5502 -0.1298
vn -0.1002 -0.9752 -0.1975
vn 0.0022 -1.0000 -0.0001
vn 0.2823 0.1302 0.9505
vn 0.0174 0.2463 -0.9690
vn 0.3094 0.8493 0.4278
vn 0.5430 0.8370 0.0681
vn -0.5727 0.2214 -0.7893
vn 0.8279 -0.0117 0.5608
vn 0.0034 -0.9997 0.0232
vn 0.4104 -0.9099 -0.0609
vn 0.4059 -0.9137 -0.0192
vn -0.0766 -0.6458 -0.7596
vn 0.1571 0.7536 -0.6383
vn 0.1253 -0.7165 0.6862
vn 0.0021 -1.0000 -0.0007
vn -0.5535 -0.8328 0.0011
vn -0.9240 0.3525 0.1480
vn -0.3983 -0.6915 -0.6026
vn -0.2571 0.9659 -0.0302
vn -0.1376 0.9035 -0.4059
vn -0.1274 -0.9919 0.0003
vn -0.1060 -0.9934 -0.0437
vn 0.3475 0.5572 -0.7541
vn -0.5825 0.7202 -0.3769
vn 0.4725 -0.4458 -0.7602
vn -0.6797 -0.5844 0.4433
vn -0.9498 0.0656 0.3059
vn -0.0529 -0.9950 0.0852
vn 0.0723 0.4745 -0.8773
vn -0.2731 0.9239 -0.2681
vn 0.0992 -0.5054 -0.8572
vn -0.5146 -0.5239 0.6788
vn -0.6990 0.4546 0.5521
vn 0.8581 -0.4016 -0.3199
vn 0.7756 0.0593 -0.6284
vn -0.0092 -0.9999 -0.0096
vn -0.1908 0.0980 -0.9767
vn -0.2552 -0.4858 -0.8360
vn 0.0137 0.4579 -0.8889
vn 0.9187 0.0168 -0.3947
vn -0.6720 0.2069 -0.7111
vn -0.0081 -1.0000 -0.0036
vn 0.1521 0.7553 -0.6375
vn 0.3787 -0.9238 -0.0562
vn -0.1153 -0.9669 -0.2275
vn -0.4748 0.7961 -0.3753
vn -0.3038 0.6845 -0.6627
vn -0.0143 -0.9999 0.0049
vn -0.0064 -0.9999 0.0086
vn -0.6283 -0.0748 -0.7744
vn -0.0031 0.0359 0.9994
vn 0.1054 0.2585 -0.9602
vn -0.6075 0.2735 0.7458
vn -0.2222 0.3831 -0.8966
vn -0.0925 -0.3132 -0.9452
vn -0.0059 0.0190 0.9998
vn -0.7342 -0.0981 -0.6718
vn -0.2900 -0.5073 -0.8115
vn -0.6193 0.4810 0.6206
vn -0.2315 0.2471 -0.9409
vn -0.5769 0.2944 0.7620
vn -0.6853 0.3405 -0.6437
vn -0.0047 -1.0000 -0.0044
vn -0.4200 -0.0376 0.9068
vn -0.3168 -0.4995 -0.8064
vn -0.1073 0.6854 0.7202
vn -0.5426 0.4069 0.7348
vn -0.1224 -0.0994 -0.9875
vn -0.5701 0.0631 0.8191
vn -0.2029 -0.0683 -0.9768
vn -0.7118 0.5990 0.3667
vn 0.3188 -0.1799 -0.9306
vn -0.2000 -0.4388 -0.8760
vn -0.5090 0.4550 0.7307
vn 0.4003 -0.2097 -0.8921
vn 0.2826 -0.3508 -0.8928
vn -0.9371 0.0913 0.3369
vn -0.1383 0.5643 -0.8139
vn -0.7116 0.1873 0.6771
vn -0.2880 0.6265 -0.7243
vn -0.6785 0.0356 0.7337
vn -0.5081 0.3778 0.7740
vn -0.0379 0.8040 -0.5935
vn 0.1128 -0.5805 -0.8064
vn 0.1790 -0.7368 0.6520
vn -0.2499 0.4236 0.8707
vn -0.9105 -0.1888 -0.3678
vn 0.5686 -0.3674 -0.7360
vn -0.3964 0.4130 0.8199
vn -0.9602 -0.2006 -0.1944
vn -0.2395 -0.2081 0.9483
vn 0.1050 0.0911 -0.9903
vn 0.1622 0.8605 -0.4830
vn 0.3626 0.3989 -0.8423
vn -0.9854 -0.1693 -0.0175
vn 0.3983 -0.9119 -0.0993
vn -0.1992 0.9631 0.1809
vn -0.2784 0.2511 -0.9271
vn 0.2311 -0.9600 0.1582
vn -0.0126 -0.6553 -0.7553
vn 0.0797 0.6441 0.7608
vn 0.6541 -0.7393 -0.1598
vn -0.1351 0.9641 0.2288
vn 0.3225 -0.6435 0.6942
vn -0.0991 -0.1542 0.9831
vn 0.2324 -0.8456 -0.4805
vn -0.0325 0.7464 0.6647
vn 0.4570 0.1816 0.8707
vn -0.4835 0.8739 0.0498
vn 0.3261 -0.5068 0.7980
vn -0.3396 0.7491 -0.5687
vn -0.1688 0.9592 0.2267
vn 0.2145 0.2087 0.9542
vn -0.0067 0.5588 -0.8293
vn 0.1827 -0.7705 0.6108
vn -0.2346 -0.0988 -0.9671
vn -0.0185 -0.9967 0.0788
vn 0.6000 -0.7987 0.0460
vn -0.4010 -0.2904 -0.8688
vn 0.6948 -0.4114 0.5899
vn -0.6569 0.4400 -0.6123
vn 0.2239 0.9553 0.1930
vn 0.0221 0.8258 -0.5635
vn 0.1440 -0.8546 0.4990
vn -0.0876 0.1833 -0.9792
vn 0.3220 0.9433 -0.0811
vn 0.3722 -0.0402 0.9273
vn 0.4101 0.7623 0.5007
vn -0.2281 -0.7683 -0.5980
vn 0.1847 0.7713 -0.6091
vn -0.0694 -0.7733 0.6302
vn -0.1930 0.2428 -0.9507
vn -0.4131 -0.9048 -0.1032
vn 0.3348 -0.2621 0.9051
vn 0.3725 0.5143 0.7725
vn -0.0785 -0.6745 -0.7341
vn 0.0113 -0.9986 -0.0521
vn 0.2618 -0.9328 -0.2477
vn 0.2375 -0.6806 -0.6931
vn -0.0409 0.1961 0.9797
vn 0.0454 -0.0649 0.9969
vn 0.4839 0.8743 0.0370
vn 0.3156 -0.2145 0.9243
vn 0.5542 0.4931 0.6706
vn -0.4607 -0.5025 -0.7316
vn -0.0487 0.6410 -0.7660
vn 0.2344 -0.8585 0.4562
vn -0.1708 0.9744 -0.1460
vn -0.1843 0.7988 0.5727
vn -0.1486 -0.7680 -0.6229
vn 0.1577 0.9000 0.4063
vn 0.5875 0.2520 0.7689
vn -0.3038 0.9314 -0.2005
vn 0.2894 -0.9536 -0.0828
vn -0.5279 -0.0408 -0.8483
vn 0.6573 -0.4400 0.6119
vn -0.5091 0.6531 -0.5607
vn -0.5380 0.4407 -0.7186
vn 0.5708 -0.5057 0.6469
vn -0.5538 -0.2621 -0.7903
vn 0.1161 -0.9932 -0.0026
vn -0.0997 0.9779 -0.1839
vn 0.6246 0.2531 0.7388
vn 0.3781 0.8327 0.4046
vn -0.3013 -0.7884 -0.5363
vn 0.7160 0.6697 -0.1972
vn 0.8080 -0.4316 0.4011
vn -0.7290 -0.6412 0.2396
vn -0.6108 0.2820 -0.7398
vn 0.6667 -0.4826 -0.5679
vn 0.7313 -0.4185 0.5386
vn -0.6274 0.4298 -0.6494
vn 0.5585 -0.3134 -0.7681
vn -0.7160 -0.0721 -0.6944
vn 0.9357 -0.0252 0.3520
vn 0.7106 0.6151 -0.3416
vn 0.9817 0.1306 0.1385
vn 0.3042 -0.3763 -0.8751
vn -0.0555 -0.7445 0.6653
vn 0.0449 0.8026 -0.5948
vn 0.9315 -0.1809 -0.3156
vn 0.2034 -0.8335 0.5137
vn 0.6407 -0.7210 0.2642
vn -0.5882 0.8030 -0.0958
vn -0.0832 -0.5418 0.8364
vn -0.1223 0.7345 -0.6675
vn -0.7636 -0.4226 0.4881
vn -0.9529 0.0957 -0.2877
vn 0.9168 -0.2013 0.3449
vn -0.5016 0.6190 -0.6043
vn -0.8991 0.1784 -0.3997
vn 0.1855 0.8351 -0.5179
vn -0.5676 -0.4927 0.6596
vn 0.6455 0.4420 -0.6228
vn -0.0748 0.8719 -0.4839
vn -0.8925 0.2524 0.3739
vn 0.7669 0.5928 -0.2457
vn -0.4970 -0.8550 0.1484
vn 0.8039 -0.2877 -0.5206
vn 0.0733 -0.9583 -0.2763
vn 0.4720 -0.7273 0.4983
vn 0.8917 0.4520 -0.0243
vn 0.2813 -0.7815 0.5568
vn 0.8717 0.4733 -0.1274
vn -0.5899 0.8062 0.0456
vn -0.0575 0.9113 -0.4077
vn -0.1586 -0.6929 0.7033
vn 0.7746 0.2282 -0.5898
vn 0.0415 0.9556 0.2916
vn -0.8151 -0.2510 0.5220
vn -0.5613 0.5836 0.5868
vn 0.4393 -0.7690 -0.4644
vn -0.4474 0.5235 -0.7251
vn 0.5132 -0.3893 0.7649
vn 0.0934 0.0483 -0.9945
vn 0.7837 -0.6165 0.0751
vn -0.3612 -0.5560 0.7486
vn -0.7818 0.1556 0.6038
vn 0.8539 -0.4725 -0.2181
vn 0.4717 -0.8293 0.2996
vn 0.3210 -0.9338 -0.1579
vn 0.0506 -0.7480 -0.6617
vn 0.0588 0.7042 0.7076
vn 0.2914 0.2499 0.9234
vn -0.6999 0.7141 0.0109
vn 0.0361 0.0300 0.9989
vn -0.5223 0.5302 0.6679
vn 0.6064 -0.4304 -0.6686
vn -0.2125 -0.2827 -0.9354
vn 0.4837 -0.4332 0.7605
vn -0.3975 0.5453 -0.7380
vn -0.2017 0.9611 0.1889
vn 0.3190 0.5267 -0.7879
vn 0.0463 -0.3498 0.9357
vn 0.9144 0.2487 -0.3195
vn 0.4115 -0.3324 0.8486
vn -0.2471 0.5520 -0.7964
vn -0.9883 -0.0106 0.1519
vn -0.7987 0.4081 -0.4422
vn 0.8996 -0.1434 0.4125
vn 0.6392 -0.7648 -0.0805
vn -0.5577 0.8129 0.1679
vn -0.7561 0.2039 0.6219
vn -0.4484 0.5367 0.7148
vn 0.0681 -0.8799 0.4703
vn 0.7350 -0.3448 -0.5838
vn -0.5011 -0.4566 0.7352
vn -0.8221 0.1726 -0.5426
vn 0.7039 0.2999 -0.6439
vn -0.5356 -0.4044 0.7413
vn 0.8217 -0.1886 -0.5378
vn 0.0120 -0.8594 0.5112
vn 0.1935 0.8522 -0.4862
vn -0.7539 0.3529 0.5541
vn -0.4503 0.8917 0.0450
vn 0.6059 -0.7949 -0.0331
vn 0.5854 0.0754 0.8072
vn -0.1704 -0.2511 -0.9528
vn 0.9664 -0.1544 0.2056
vn -0.1352 -0.1934 -0.9718
vn 0.1094 0.3902 0.9142
vn 0.5401 -0.3589 -0.7612
vn 0.4604 -0.8661 0.1947
vn 0.2604 0.5141 0.8173
vn -0.0352 -0.6772 -0.7350
vn 0.4940 -0.7127 0.4980
vn -0.4514 0.3871 -0.8040
vn -0.0928 0.9328 0.3481
vn 0.5816 0.3805 0.7190
vn 0.8739 0.4475 0.1900
vn -0.7182 0.6358 -0.2827
vn 0.4794 -0.6932 -0.5382
vn -0.2112 0.6772 0.7049
vn 0.3982 -0.6483 -0.6489
vn 0.4357 0.7083 0.5554
vn -0.1996 -0.5091 0.8373
vn -0.6401 -0.5903 -0.4918
vn 0.3106 0.3685 -0.8762
vn 0.8426 -0.5109 0.1704
vn -0.0253 -0.3121 0.9497
vn 0.1554 0.4487 -0.8801
vn 0.8753 -0.4835 -0.0053
vn 0.0236 -0.2523 -0.9674
vn 0.0390 0.0441 0.9983
vn 0.9262 0.3664 0.0884
vn 0.7641 0.0806 0.6401
vn 0.8966 -0.4092 -0.1694
vn -0.6926 -0.6500 0.3126
vn 0.5191 0.8166 -0.2523
vn 0.5518 0.3086 0.7748
vn -0.4035 -0.8091 0.4273
vn 0.0349 -0.4564 0.8891
vn -0.1003 0.5251 -0.8451
vn -0.6367 -0.4376 0.6350
vn 0.6028 0.5190 -0.6061
vn -0.9345 -0.2352 -0.2670
vn -0.5863 0.0872 -0.8054
vn 0.0726 -0.9516 0.2986
vn -0.2699 0.8805 -0.3898
vn -0.5417 0.5795 -0.6089
vn 0.2855 0.9567 0.0575
vn -0.6849 -0.6639 -0.3002
vn 0.6327 0.7170 0.2926
vn 0.3805 0.8514 -0.3610
vn -0.6007 -0.1142 -0.7913
vn 0.8009 0.4891 0.3454
vn -0.9217 -0.3471 -0.1733
vn 0.3784 0.2473 0.8920
vn -0.8390 -0.3050 0.4507
vn -0.4554 -0.8594 -0.2326
vn 0.6663 -0.2626 0.6979
vn -0.7334 -0.1107 -0.6707
vn 0.7016 0.4781 0.5284
vn 0.6564 0.2909 -0.6961
vn 0.9028 0.4012 0.1551
vn -0.9480 -0.3162 -0.0356
vn 0.5269 0.2861 0.8003
vn 0.7773 0.3566 -0.5184
vn -0.5219 -0.1891 -0.8318
vn 0.2858 0.2031 -0.9365
vn -0.3336 -0.0900 0.9384
vn 0.7680 0.6357 0.0774
vn -0.8275 -0.5472 -0.1260
vn 0.6111 0.3231 0.7226
vn -0.5356 -0.5499 0.6409
vn -0.6671 -0.2034 -0.7167
vn 0.0205 0.0591 -0.9980
vn -0.2817 -0.0196 0.9593
vn -0.8128 -0.2510 0.5257
vn -0.8056 0.0836 0.5865
vn -0.4333 0.3286 0.8392
vn -0.1534 -0.4181 -0.8953
vn -0.4142 -0.4220 -0.8064
vn 0.5018 0.6317 -0.5909
vn -0.6324 -0.1990 -0.7486
vn -0.0623 0.3076 -0.9495
vn 0.0342 -0.2031 0.9786
vn 0.0629 0.8267 -0.5592
vn 0.0629 0.8266 -0.5592
vn 0.8157 0.4711 0.3357
vn -0.9722 -0.2330 -0.0249
vn 0.9347 0.1805 -0.3061
vn 0.5492 -0.1979 -0.8119
vn -0.1560 -0.5367 0.8292
vn 0.4143 0.7622 -0.4974
vn -0.5624 0.3170 -0.7637
vn 0.7872 0.6089 0.0973
vn -0.7321 -0.5761 0.3634
vn 0.5203 -0.1746 0.8359
vn -0.9144 -0.2004 -0.3518
vn 0.8680 0.3186 0.3810
vn 0.9936 0.1126 -0.0061
vn -0.9730 -0.1106 0.2027
vn 0.9046 -0.3881 0.1762
vn -0.6309 -0.6552 0.4155
vn 0.4176 0.8188 -0.3939
vn -0.8216 0.5197 -0.2341
vn -0.3415 0.8261 -0.4482
vn 0.2841 -0.8846 0.3697
vn -0.3475 -0.0963 0.9327
vn -0.0674 -0.4828 -0.8731
vn -0.4188 -0.1415 -0.8970
vn 0.8488 -0.2513 -0.4651
vn -0.8497 -0.3097 0.4266
vn -0.8656 -0.3235 -0.3821
vn -0.9879 -0.0143 -0.1546
vn 0.4704 -0.3190 -0.8228
vn -0.7990 -0.1639 -0.5785
vn 0.7721 0.4740 0.4233
vn -0.4274 0.6609 0.6169
vn -0.7203 0.5013 0.4795
vn 0.2671 0.7311 0.6278
vn -0.4190 -0.6781 -0.6039
vn -0.3608 0.4226 0.8314
vn 0.7752 0.3733 0.5096
vn -0.5205 -0.3424 -0.7822
vn -0.2007 0.4941 0.8459
vn 0.3294 0.2552 -0.9090
vn 0.4571 0.3661 -0.8106
vn 0.8032 -0.4959 -0.3301
vn -0.9892 -0.0661 -0.1311
vn -0.3664 0.7477 0.5538
vn 0.9705 0.1529 0.1865
vt 0.320775 0.091708
vt 0.322997 0.089364
vt 0.322954 0.091765
vt 0.260577 0.075262
vt 0.262201 0.072816
vt 0.262296 0.075125
vt 0.318334 0.065930
vt 0.320958 0.069265
vt 0.318334 0.069573
vt 0.347658 0.089465
vt 0.349741 0.092395
vt 0.346429 0.091758
vt 0.313817 0.074118
vt 0.313682 0.076660
vt 0.313451 0.076619
vt 0.258985 0.073067
vt 0.259714 0.066427
vt 0.260591 0.072942
vt 0.349870 0.089982
vt 0.350230 0.086422
vt 0.353352 0.086095
vt 0.323668 0.097215
vt 0.327128 0.098239
vt 0.323034 0.098145
vt 0.276926 0.083843
vt 0.278676 0.085533
vt 0.277027 0.085468
vt 0.326057 0.089435
vt 0.326962 0.091859
vt 0.272489 0.068574
vt 0.273474 0.067556
vt 0.275657 0.067454
vt 0.320473 0.084904
vt 0.323715 0.083486
vt 0.326022 0.082844
vt 0.261022 0.080499
vt 0.259576 0.081615
vt 0.259190 0.080647
vt 0.264964 0.072311
vt 0.268012 0.074794
vt 0.353168 0.089901
vt 0.353495 0.092208
vt 0.256224 0.059073
vt 0.257927 0.055420
vt 0.259866 0.055881
vt 0.260598 0.060098
vt 0.261820 0.056260
vt 0.263055 0.056500
vt 0.257054 0.059121
vt 0.260842 0.056070
vt 0.352988 0.077440
vt 0.353772 0.071970
vt 0.356332 0.076244
vt 0.263043 0.067294
vt 0.355614 0.085413
vt 0.273388 0.083849
vt 0.276692 0.081133
vt 0.275511 0.083826
vt 0.277421 0.081408
vt 0.261094 0.051208
vt 0.262086 0.051210
vt 0.351515 0.072635
vt 0.351967 0.068986
vt 0.349772 0.073023
vt 0.349195 0.068940
vt 0.350645 0.072829
vt 0.318722 0.071201
vt 0.319843 0.067851
vt 0.320182 0.071061
vt 0.278680 0.074759
vt 0.277512 0.071709
vt 0.278972 0.071574
vt 0.320111 0.074384
vt 0.322173 0.071310
vt 0.357968 0.075526
vt 0.354647 0.071675
vt 0.351645 0.077174
vt 0.352492 0.077250
vt 0.319059 0.063787
vt 0.321805 0.067495
vt 0.279471 0.068325
vt 0.280056 0.064817
vt 0.281306 0.065187
vt 0.320256 0.063314
vt 0.323225 0.067281
vt 0.278037 0.068009
vt 0.278984 0.064710
vt 0.276852 0.067786
vt 0.259595 0.051603
vt 0.261556 0.042995
vt 0.262558 0.037544
vt 0.263772 0.037709
vt 0.259376 0.043004
vt 0.261597 0.037166
vt 0.262077 0.037355
vt 0.351038 0.059869
vt 0.349420 0.053389
vt 0.352548 0.059895
vt 0.281202 0.061538
vt 0.281662 0.057251
vt 0.282087 0.057082
vt 0.318488 0.068143
vt 0.317345 0.064224
vt 0.350604 0.064670
vt 0.351361 0.064945
vt 0.352115 0.065219
vt 0.353769 0.065401
vt 0.260394 0.047453
vt 0.315773 0.051969
vt 0.320240 0.047591
vt 0.316651 0.052188
vt 0.318794 0.059463
vt 0.319675 0.063632
vt 0.318794 0.063721
vt 0.317788 0.052676
vt 0.321153 0.047281
vt 0.265760 0.032606
vt 0.266632 0.032823
vt 0.317627 0.058667
vt 0.319142 0.058629
vt 0.280667 0.061501
vt 0.280898 0.057410
vt 0.316295 0.058734
vt 0.350562 0.053161
vt 0.353895 0.059777
vt 0.354613 0.065131
vt 0.281660 0.065392
vt 0.259530 0.047590
vt 0.261260 0.047317
vt 0.262411 0.047535
vt 0.277625 0.077636
vt 0.279382 0.074795
vt 0.357673 0.081909
vt 0.321298 0.080066
vt 0.317831 0.074781
vt 0.276957 0.077126
vt 0.276929 0.074418
vt 0.355847 0.082783
vt 0.256521 0.062444
vt 0.260552 0.062289
vt 0.258636 0.059475
vt 0.323505 0.078652
vt 0.322674 0.074973
vt 0.267218 0.025604
vt 0.267738 0.021620
vt 0.268064 0.022285
vt 0.332235 0.068572
vt 0.331541 0.065095
vt 0.332013 0.064567
vt 0.266543 0.025404
vt 0.267043 0.021389
vt 0.332522 0.068785
vt 0.332185 0.064496
vt 0.345882 0.047658
vt 0.279740 0.053593
vt 0.348361 0.053822
vt 0.345037 0.048623
vt 0.265027 0.031365
vt 0.265393 0.031985
vt 0.278013 0.075091
vt 0.272616 0.075822
vt 0.273203 0.072468
vt 0.280805 0.072017
vt 0.278205 0.067424
vt 0.282560 0.067210
vt 0.284956 0.070461
vt 0.281334 0.077458
vt 0.282907 0.076029
vt 0.354774 0.097694
vt 0.350814 0.098690
vt 0.351077 0.097771
vt 0.302812 0.063580
vt 0.303451 0.061532
vt 0.304175 0.063416
vt 0.292280 0.075106
vt 0.291222 0.078382
vt 0.290687 0.074983
vt 0.347872 0.096302
vt 0.346673 0.098260
vt 0.346274 0.097414
vt 0.354083 0.094941
vt 0.292215 0.078280
vt 0.291795 0.078634
vt 0.324162 0.094482
vt 0.327798 0.097311
vt 0.316304 0.072935
vt 0.315236 0.070722
vt 0.316624 0.071881
vt 0.296059 0.052140
vt 0.295658 0.053128
vt 0.295362 0.052139
vt 0.323927 0.061336
vt 0.324505 0.059760
vt 0.324505 0.061798
vt 0.260462 0.077340
vt 0.321502 0.097701
vt 0.319438 0.097302
vt 0.321611 0.096859
vt 0.349471 0.095190
vt 0.262779 0.077236
vt 0.268064 0.077085
vt 0.327464 0.093939
vt 0.277734 0.087377
vt 0.279073 0.086997
vt 0.346307 0.093752
vt 0.272264 0.085816
vt 0.273472 0.087744
vt 0.271460 0.087586
vt 0.286209 0.068871
vt 0.286427 0.066374
vt 0.287849 0.066760
vt 0.329245 0.062081
vt 0.329288 0.060494
vt 0.329588 0.060599
vt 0.298001 0.061155
vt 0.298094 0.059608
vt 0.298440 0.060931
vt 0.297901 0.061385
vt 0.297555 0.059540
vt 0.297668 0.059536
vt 0.312474 0.065526
vt 0.313305 0.063821
vt 0.312734 0.065957
vt 0.345638 0.041968
vt 0.345079 0.039856
vt 0.345358 0.039175
vt 0.345071 0.042201
vt 0.344390 0.040125
vt 0.278552 0.048558
vt 0.280016 0.045949
vt 0.280075 0.046206
vt 0.343848 0.042546
vt 0.344330 0.042439
vt 0.323729 0.036609
vt 0.323808 0.039947
vt 0.323690 0.039927
vt 0.313605 0.063706
vt 0.312667 0.059836
vt 0.312893 0.059750
vt 0.313771 0.063531
vt 0.313017 0.059618
vt 0.298440 0.055620
vt 0.298307 0.059726
vt 0.282810 0.044753
vt 0.283184 0.044088
vt 0.283003 0.045064
vt 0.328857 0.062320
vt 0.328991 0.060606
vt 0.313177 0.066101
vt 0.283298 0.044102
vt 0.283080 0.045210
vt 0.279973 0.051144
vt 0.278843 0.048573
vt 0.279320 0.048475
vt 0.278999 0.051672
vt 0.279286 0.051536
vt 0.344768 0.046040
vt 0.345636 0.046233
vt 0.346172 0.045994
vt 0.329767 0.072740
vt 0.265794 0.029872
vt 0.266622 0.029989
vt 0.329177 0.071598
vt 0.329440 0.072655
vt 0.267313 0.029841
vt 0.312660 0.077386
vt 0.311853 0.073526
vt 0.312316 0.073555
vt 0.328466 0.062599
vt 0.279946 0.045452
vt 0.311999 0.077611
vt 0.311390 0.073683
vt 0.321884 0.038185
vt 0.320970 0.034508
vt 0.321215 0.034508
vt 0.322222 0.038223
vt 0.321892 0.034371
vt 0.322917 0.038276
vt 0.303882 0.038653
vt 0.303982 0.038948
vt 0.303776 0.038939
vt 0.303705 0.038849
vt 0.303758 0.038586
vt 0.303886 0.038363
vt 0.304131 0.038547
vt 0.303989 0.038367
vt 0.312474 0.059829
vt 0.297961 0.055478
vt 0.297782 0.059532
vt 0.298280 0.055531
vt 0.323111 0.050732
vt 0.323343 0.047223
vt 0.323421 0.050700
vt 0.260850 0.066583
vt 0.257795 0.066543
vt 0.352066 0.081641
vt 0.274181 0.080016
vt 0.319480 0.081338
vt 0.348507 0.085630
vt 0.351424 0.080929
vt 0.349370 0.086027
vt 0.267336 0.032673
vt 0.288687 0.075987
vt 0.289329 0.072265
vt 0.289638 0.076260
vt 0.328637 0.073693
vt 0.328552 0.074368
vt 0.318927 0.051238
vt 0.318254 0.047569
vt 0.318912 0.047696
vt 0.344186 0.046371
vt 0.350231 0.048050
vt 0.351595 0.045392
vt 0.352056 0.045711
vt 0.349530 0.047518
vt 0.351478 0.045212
vt 0.288084 0.072345
vt 0.288708 0.071872
vt 0.322653 0.058503
vt 0.322621 0.055655
vt 0.324025 0.058527
vt 0.319352 0.047681
vt 0.319722 0.051427
vt 0.349139 0.047059
vt 0.306126 0.077515
vt 0.306588 0.075221
vt 0.306588 0.077755
vt 0.307216 0.063354
vt 0.306941 0.060573
vt 0.307504 0.063406
vt 0.324025 0.053383
vt 0.323251 0.055992
vt 0.322152 0.055454
vt 0.323598 0.053169
vt 0.315231 0.074849
vt 0.314352 0.072007
vt 0.314750 0.072142
vt 0.318791 0.045267
vt 0.288067 0.070337
vt 0.287811 0.068433
vt 0.288010 0.068347
vt 0.353395 0.043879
vt 0.354791 0.042003
vt 0.353583 0.044276
vt 0.318482 0.045148
vt 0.319679 0.042507
vt 0.292526 0.057948
vt 0.292345 0.055449
vt 0.292625 0.055456
vt 0.307843 0.063278
vt 0.307206 0.060353
vt 0.299259 0.078136
vt 0.299194 0.076011
vt 0.299279 0.076001
vt 0.317486 0.041915
vt 0.317674 0.040039
vt 0.317674 0.042060
vt 0.307561 0.058296
vt 0.307690 0.058324
vt 0.306717 0.060643
vt 0.307397 0.058190
vt 0.288110 0.068452
vt 0.288303 0.070486
vt 0.291712 0.053418
vt 0.299220 0.075822
vt 0.299118 0.075958
vt 0.299110 0.075895
vt 0.299299 0.075919
vt 0.292438 0.051824
vt 0.292526 0.051784
vt 0.291885 0.053434
vt 0.292625 0.051793
vt 0.306742 0.056525
vt 0.307843 0.058269
vt 0.306655 0.056556
vt 0.289778 0.074741
vt 0.290778 0.075396
vt 0.289871 0.076060
vt 0.356029 0.096833
vt 0.283527 0.066821
vt 0.291137 0.076354
vt 0.290281 0.076469
vt 0.356106 0.098226
vt 0.354938 0.098607
vt 0.321866 0.094075
vt 0.322956 0.096401
vt 0.355582 0.094528
vt 0.320300 0.094039
vt 0.319434 0.097679
vt 0.317681 0.098031
vt 0.317596 0.097568
vt 0.301977 0.060908
vt 0.303459 0.059709
vt 0.302656 0.061159
vt 0.303839 0.060075
vt 0.301441 0.063586
vt 0.286743 0.068763
vt 0.288350 0.066566
vt 0.357607 0.098229
vt 0.359105 0.097811
vt 0.359109 0.098223
vt 0.357568 0.097326
vt 0.359425 0.097339
vt 0.284950 0.065973
vt 0.284737 0.066584
vt 0.308971 0.063092
vt 0.307033 0.062075
vt 0.310263 0.061693
vt 0.306108 0.062879
vt 0.306232 0.063406
vt 0.314402 0.070904
vt 0.316252 0.068167
vt 0.316799 0.070278
vt 0.277749 0.079046
vt 0.280938 0.078678
vt 0.317205 0.068561
vt 0.317067 0.070904
vt 0.324034 0.062542
vt 0.321383 0.062542
vt 0.325585 0.059333
vt 0.306288 0.075013
vt 0.305749 0.072678
vt 0.305939 0.072617
vt 0.305701 0.075237
vt 0.305320 0.072813
vt 0.306367 0.065304
vt 0.307203 0.068173
vt 0.306558 0.067903
vt 0.324295 0.065030
vt 0.325585 0.068218
vt 0.325223 0.068273
vt 0.280475 0.081266
vt 0.280761 0.084024
vt 0.278249 0.081227
vt 0.280744 0.081123
vt 0.281149 0.083678
vt 0.283455 0.066273
vt 0.357363 0.095933
vt 0.286142 0.070047
vt 0.320754 0.095448
vt 0.285735 0.069913
vt 0.322737 0.097708
vt 0.302925 0.065126
vt 0.304813 0.065034
vt 0.288340 0.064829
vt 0.287986 0.063482
vt 0.288234 0.063400
vt 0.320254 0.048586
vt 0.319856 0.049589
vt 0.319782 0.048458
vt 0.304813 0.058853
vt 0.303998 0.060283
vt 0.360422 0.097955
vt 0.360425 0.098201
vt 0.360495 0.098645
vt 0.358841 0.098572
vt 0.287565 0.064766
vt 0.317601 0.097342
vt 0.304147 0.038574
vt 0.304386 0.039035
vt 0.304131 0.039087
vt 0.304511 0.038423
vt 0.304527 0.038494
vt 0.304131 0.038496
vt 0.304364 0.038359
vt 0.315775 0.097382
vt 0.304789 0.058767
vt 0.303127 0.059448
vt 0.304721 0.058611
vt 0.316247 0.097997
vt 0.315773 0.097455
vt 0.320500 0.049983
vt 0.320421 0.049990
vt 0.281381 0.079171
vt 0.322709 0.063434
vt 0.308195 0.065259
vt 0.277171 0.079264
vt 0.277986 0.081494
vt 0.292623 0.072765
vt 0.290269 0.072754
vt 0.305307 0.072667
vt 0.305715 0.072455
vt 0.307187 0.039131
vt 0.307391 0.038976
vt 0.307391 0.039244
vt 0.316187 0.048804
vt 0.316608 0.050285
vt 0.316396 0.050383
vt 0.324544 0.070834
vt 0.324425 0.070830
vt 0.283413 0.085090
vt 0.315977 0.050203
vt 0.315835 0.048464
vt 0.271188 0.068025
vt 0.270291 0.066752
vt 0.343993 0.098219
vt 0.343904 0.097557
vt 0.277637 0.089780
vt 0.280429 0.090026
vt 0.277623 0.090441
vt 0.315181 0.069136
vt 0.315808 0.069046
vt 0.276834 0.090188
vt 0.272581 0.069925
vt 0.271517 0.070638
vt 0.271352 0.069330
vt 0.345834 0.095501
vt 0.344393 0.096649
vt 0.348435 0.098745
vt 0.348875 0.098016
vt 0.269894 0.067509
vt 0.269025 0.065059
vt 0.270047 0.067357
vt 0.294832 0.073024
vt 0.294217 0.074639
vt 0.294370 0.073135
vt 0.316015 0.069099
vt 0.315180 0.067185
vt 0.315265 0.067125
vt 0.282284 0.090472
vt 0.280322 0.090446
vt 0.277751 0.090663
vt 0.346369 0.098787
vt 0.269134 0.065061
vt 0.269455 0.063775
vt 0.269235 0.065087
vt 0.293857 0.074616
vt 0.293965 0.076116
vt 0.293817 0.076110
vt 0.282354 0.090250
vt 0.283396 0.090299
vt 0.283412 0.090403
vt 0.313911 0.066583
vt 0.313939 0.066400
vt 0.314972 0.067515
vt 0.282369 0.089995
vt 0.293705 0.073026
vt 0.269398 0.063474
vt 0.269336 0.063742
vt 0.269338 0.063437
vt 0.269568 0.063587
vt 0.269373 0.063750
vt 0.293728 0.076231
vt 0.293904 0.076229
vt 0.293894 0.076269
vt 0.283167 0.090491
vt 0.313959 0.066359
vt 0.269470 0.065088
vt 0.269299 0.063735
vt 0.269679 0.081903
vt 0.270313 0.081759
vt 0.270414 0.082074
vt 0.292134 0.046311
vt 0.292278 0.046708
vt 0.292134 0.047006
vt 0.269347 0.079329
vt 0.269968 0.081636
vt 0.315808 0.074612
vt 0.314812 0.073953
vt 0.307238 0.072728
vt 0.306288 0.075263
vt 0.306288 0.072455
vt 0.271640 0.079648
vt 0.269976 0.079287
vt 0.273051 0.078677
vt 0.271017 0.077113
vt 0.294927 0.070851
vt 0.293276 0.072098
vt 0.292063 0.070567
vt 0.316281 0.070904
vt 0.314513 0.072446
vt 0.313172 0.070904
vt 0.295645 0.072511
vt 0.294777 0.072856
vt 0.317076 0.066331
vt 0.314634 0.065699
vt 0.316240 0.066331
vt 0.293709 0.073907
vt 0.315901 0.072626
vt 0.307715 0.039508
vt 0.308559 0.041520
vt 0.307871 0.041415
vt 0.317101 0.064772
vt 0.315362 0.064348
vt 0.316428 0.064866
vt 0.272674 0.071280
vt 0.274036 0.089865
vt 0.276559 0.088796
vt 0.273789 0.090602
vt 0.277063 0.090665
vt 0.279610 0.088259
vt 0.277871 0.088431
vt 0.273789 0.069122
vt 0.315350 0.067066
vt 0.313979 0.066318
vt 0.293752 0.076263
vt 0.293884 0.076310
vt 0.269278 0.063400
vt 0.270199 0.067205
vt 0.278622 0.089498
vt 0.280598 0.089542
vt 0.316223 0.069152
vt 0.280027 0.053421
vt 0.279572 0.051401
vt 0.330094 0.072825
vt 0.328466 0.075045
vt 0.258241 0.061804
vt 0.298046 0.055475
vt 0.303783 0.038359
vt 0.303634 0.038518
vt 0.303634 0.038759
vt 0.321460 0.034508
vt 0.283157 0.045356
vt 0.280134 0.046462
vt 0.332809 0.069000
vt 0.283412 0.044115
vt 0.323572 0.036582
vt 0.323572 0.039907
vt 0.258863 0.075398
vt 0.258152 0.077444
vt 0.274041 0.085508
vt 0.257362 0.080795
vt 0.284477 0.074604
vt 0.282510 0.056914
vt 0.321183 0.041406
vt 0.278290 0.078144
vt 0.279990 0.074912
vt 0.260077 0.042952
vt 0.281735 0.061575
vt 0.282013 0.065597
vt 0.263080 0.051211
vt 0.350065 0.069093
vt 0.279793 0.071282
vt 0.278440 0.083867
vt 0.278149 0.081681
vt 0.257787 0.081770
vt 0.315231 0.073576
vt 0.318333 0.077483
vt 0.317269 0.078300
vt 0.290221 0.077793
vt 0.293624 0.073210
vt 0.293497 0.078750
vt 0.278722 0.077835
vt 0.282710 0.074623
vt 0.279795 0.078608
vt 0.312925 0.070735
vt 0.316587 0.073902
vt 0.314590 0.074557
vt 0.274345 0.081991
vt 0.273648 0.085535
vt 0.272600 0.082270
vt 0.292013 0.072727
vt 0.292950 0.070646
vt 0.315075 0.069542
vt 0.312379 0.067459
vt 0.313628 0.067088
vt 0.272807 0.080133
vt 0.273951 0.079460
vt 0.311558 0.070822
vt 0.311985 0.075597
vt 0.289821 0.072292
vt 0.288373 0.077548
vt 0.275249 0.079741
vt 0.316467 0.072363
vt 0.313866 0.071640
vt 0.315303 0.070850
vt 0.291559 0.070718
vt 0.276090 0.085143
vt 0.276090 0.081711
vt 0.277671 0.077439
vt 0.281503 0.073545
vt 0.314198 0.074407
vt 0.316341 0.078498
vt 0.291117 0.066319
vt 0.292331 0.066474
vt 0.281822 0.070374
vt 0.283919 0.066290
vt 0.283121 0.070942
vt 0.293372 0.066403
vt 0.312745 0.061898
vt 0.313902 0.061876
vt 0.280321 0.072496
vt 0.284539 0.071631
vt 0.311375 0.067340
vt 0.292113 0.062437
vt 0.290596 0.056466
vt 0.293141 0.062328
vt 0.313850 0.058493
vt 0.315498 0.051186
vt 0.316402 0.051158
vt 0.312745 0.058477
vt 0.314593 0.051643
vt 0.315440 0.062501
vt 0.314861 0.056044
vt 0.315869 0.056159
vt 0.284901 0.066390
vt 0.313979 0.066707
vt 0.315049 0.066408
vt 0.312791 0.066782
vt 0.317369 0.051748
vt 0.316785 0.048026
vt 0.317384 0.047862
vt 0.279489 0.050108
vt 0.279703 0.045908
vt 0.280136 0.049824
vt 0.288775 0.052077
vt 0.289477 0.048289
vt 0.290005 0.048239
vt 0.278550 0.045839
vt 0.279121 0.045797
vt 0.280803 0.061290
vt 0.281285 0.055116
vt 0.281853 0.061481
vt 0.291078 0.062483
vt 0.289806 0.056508
vt 0.282782 0.061793
vt 0.282026 0.054849
vt 0.316701 0.056242
vt 0.316415 0.062064
vt 0.316252 0.047922
vt 0.316888 0.043148
vt 0.317301 0.043220
vt 0.279179 0.041728
vt 0.290777 0.044073
vt 0.291070 0.044288
vt 0.315985 0.051367
vt 0.316672 0.051566
vt 0.315496 0.047372
vt 0.314789 0.044032
vt 0.316093 0.046932
vt 0.315406 0.044150
vt 0.316844 0.046850
vt 0.289477 0.052094
vt 0.290593 0.048066
vt 0.318101 0.039451
vt 0.318333 0.039533
vt 0.278775 0.041821
vt 0.278109 0.038573
vt 0.293008 0.041469
vt 0.293153 0.041658
vt 0.277671 0.038652
vt 0.277882 0.038668
vt 0.314334 0.044035
vt 0.313601 0.040197
vt 0.314004 0.040078
vt 0.291476 0.044369
vt 0.278440 0.041835
vt 0.278546 0.036164
vt 0.278634 0.036173
vt 0.293357 0.041760
vt 0.293484 0.039166
vt 0.293624 0.039137
vt 0.311951 0.037935
vt 0.311563 0.035807
vt 0.312160 0.037815
vt 0.311375 0.035765
vt 0.311429 0.035791
vt 0.316590 0.043071
vt 0.313376 0.040441
vt 0.317306 0.037388
vt 0.317149 0.037491
vt 0.317167 0.037412
vt 0.317268 0.037319
vt 0.317391 0.037265
vt 0.317462 0.037285
vt 0.317344 0.037457
vt 0.317445 0.037363
vt 0.278763 0.036234
vt 0.311696 0.035803
vt 0.312343 0.037840
vt 0.280261 0.055220
vt 0.288842 0.056141
vt 0.282690 0.066169
vt 0.314455 0.062598
vt 0.311624 0.062169
vt 0.268351 0.077647
vt 0.270428 0.078968
vt 0.269284 0.079525
vt 0.272588 0.074547
vt 0.277527 0.074502
vt 0.277191 0.077519
vt 0.340135 0.088406
vt 0.343307 0.086279
vt 0.341083 0.089058
vt 0.311326 0.067556
vt 0.312306 0.064439
vt 0.312871 0.066827
vt 0.303836 0.065501
vt 0.303151 0.071055
vt 0.302121 0.065666
vt 0.274165 0.072548
vt 0.276357 0.067791
vt 0.309701 0.064126
vt 0.312231 0.057845
vt 0.302407 0.063930
vt 0.303586 0.063391
vt 0.306064 0.065352
vt 0.306064 0.069128
vt 0.271716 0.072071
vt 0.271164 0.073597
vt 0.304807 0.063700
vt 0.269280 0.072629
vt 0.270231 0.077416
vt 0.274015 0.068244
vt 0.305550 0.070824
vt 0.305550 0.065336
vt 0.339102 0.087695
vt 0.341550 0.085746
vt 0.268220 0.079882
vt 0.272714 0.065336
vt 0.270817 0.073211
vt 0.342800 0.078635
vt 0.343529 0.070919
vt 0.344632 0.079006
vt 0.273501 0.061005
vt 0.275769 0.060795
vt 0.312933 0.062418
vt 0.315014 0.067943
vt 0.312752 0.067738
vt 0.266984 0.077907
vt 0.266889 0.072132
vt 0.347066 0.078996
vt 0.308365 0.057445
vt 0.310240 0.057446
vt 0.272262 0.051493
vt 0.276005 0.042511
vt 0.277527 0.042660
vt 0.325853 0.049731
vt 0.324327 0.038685
vt 0.327222 0.049488
vt 0.321383 0.039647
vt 0.322839 0.038779
vt 0.266142 0.056386
vt 0.266678 0.045725
vt 0.266512 0.056336
vt 0.345474 0.071465
vt 0.269077 0.065779
vt 0.271058 0.065691
vt 0.310909 0.063807
vt 0.310896 0.068848
vt 0.346855 0.071779
vt 0.348543 0.079001
vt 0.301860 0.074175
vt 0.302536 0.065361
vt 0.303470 0.065251
vt 0.347969 0.045982
vt 0.341950 0.039865
vt 0.349219 0.045589
vt 0.302698 0.073358
vt 0.304440 0.064995
vt 0.318293 0.061095
vt 0.323861 0.054744
vt 0.318358 0.062021
vt 0.347535 0.062533
vt 0.350362 0.054713
vt 0.351857 0.054859
vt 0.270909 0.051222
vt 0.274584 0.041616
vt 0.348774 0.064265
vt 0.353463 0.054380
vt 0.268208 0.046447
vt 0.267658 0.056326
vt 0.274105 0.059908
vt 0.278343 0.054932
vt 0.275053 0.060322
vt 0.300872 0.058408
vt 0.339102 0.031614
vt 0.339464 0.031402
vt 0.301374 0.058108
vt 0.273088 0.069038
vt 0.342863 0.039460
vt 0.350073 0.044986
vt 0.270725 0.068607
vt 0.271927 0.069549
vt 0.322383 0.053881
vt 0.323367 0.054189
vt 0.319572 0.052336
vt 0.318333 0.047084
vt 0.318590 0.047049
vt 0.305707 0.066731
vt 0.304273 0.061335
vt 0.306284 0.066669
vt 0.321930 0.047525
vt 0.318264 0.042970
vt 0.318450 0.042859
vt 0.305139 0.066668
vt 0.304023 0.061408
vt 0.340070 0.031421
vt 0.273464 0.059250
vt 0.278105 0.054377
vt 0.322418 0.047151
vt 0.303163 0.073093
vt 0.318711 0.042774
vt 0.317788 0.041007
vt 0.318895 0.042763
vt 0.317758 0.041162
vt 0.283466 0.054567
vt 0.286261 0.054824
vt 0.286223 0.054971
vt 0.304372 0.061182
vt 0.302269 0.059986
vt 0.302231 0.059842
vt 0.283605 0.054800
vt 0.339763 0.027417
vt 0.283444 0.054317
vt 0.317583 0.041057
vt 0.317409 0.040953
vt 0.317539 0.040858
vt 0.317695 0.040883
vt 0.317471 0.041232
vt 0.317628 0.041257
vt 0.302281 0.060137
vt 0.319519 0.045362
vt 0.319572 0.045501
vt 0.286117 0.055086
vt 0.268888 0.056361
vt 0.273463 0.051520
vt 0.277385 0.060376
vt 0.326834 0.059333
vt 0.328392 0.049504
vt 0.323039 0.058577
vt 0.323570 0.051048
vt 0.325296 0.058844
vt 0.274841 0.037538
vt 0.275793 0.036471
vt 0.276149 0.037741
vt 0.270950 0.070461
vt 0.350931 0.046750
vt 0.278396 0.071775
vt 0.281931 0.073275
vt 0.281483 0.073974
vt 0.347732 0.047722
vt 0.348767 0.047804
vt 0.349258 0.062658
vt 0.351128 0.062371
vt 0.350135 0.063700
vt 0.350090 0.047394
vt 0.319470 0.061530
vt 0.317172 0.057718
vt 0.317502 0.056972
vt 0.270137 0.040673
vt 0.271557 0.040631
vt 0.345364 0.067411
vt 0.346290 0.068848
vt 0.269477 0.039606
vt 0.354258 0.053579
vt 0.267330 0.075888
vt 0.269684 0.070051
vt 0.282623 0.073104
vt 0.286787 0.075760
vt 0.317891 0.056921
vt 0.316918 0.051810
vt 0.317188 0.051776
vt 0.318334 0.052924
vt 0.321006 0.048963
vt 0.319469 0.053222
vt 0.348314 0.056680
vt 0.346674 0.052074
vt 0.349339 0.056680
vt 0.280095 0.070336
vt 0.279178 0.070703
vt 0.347216 0.051813
vt 0.350185 0.056094
vt 0.349850 0.061631
vt 0.320094 0.059183
vt 0.321457 0.059201
vt 0.318090 0.068048
vt 0.318353 0.062129
vt 0.287135 0.069379
vt 0.287369 0.069715
vt 0.287135 0.069824
vt 0.292595 0.036797
vt 0.292749 0.037151
vt 0.292630 0.037029
vt 0.316844 0.052120
vt 0.320663 0.048405
vt 0.321457 0.043538
vt 0.286671 0.075888
vt 0.345364 0.047092
vt 0.345560 0.047094
vt 0.343274 0.091509
vt 0.343497 0.087455
vt 0.344701 0.091207
vt 0.264757 0.082011
vt 0.268464 0.079129
vt 0.268025 0.084290
vt 0.299732 0.077734
vt 0.299869 0.082902
vt 0.298438 0.082584
vt 0.261636 0.081691
vt 0.261088 0.075699
vt 0.263774 0.080534
vt 0.289392 0.068148
vt 0.287622 0.071764
vt 0.287622 0.067762
vt 0.266593 0.078442
vt 0.265953 0.071706
vt 0.260088 0.070836
vt 0.261664 0.070223
vt 0.288584 0.065497
vt 0.290042 0.065216
vt 0.257129 0.077993
vt 0.258290 0.083812
vt 0.262669 0.080810
vt 0.291061 0.066038
vt 0.341473 0.087386
vt 0.342048 0.082493
vt 0.343528 0.082642
vt 0.345091 0.089022
vt 0.290099 0.072305
vt 0.291161 0.068534
vt 0.297133 0.081980
vt 0.341935 0.092035
vt 0.342238 0.076697
vt 0.343528 0.076680
vt 0.267663 0.071257
vt 0.267716 0.066045
vt 0.268982 0.065704
vt 0.266109 0.066126
vt 0.260507 0.064645
vt 0.269693 0.079152
vt 0.263315 0.070708
vt 0.262261 0.075684
vt 0.301760 0.077723
vt 0.300932 0.069609
vt 0.303022 0.069747
vt 0.258635 0.077139
vt 0.258918 0.070183
vt 0.263753 0.063941
vt 0.267649 0.058683
vt 0.265200 0.063992
vt 0.263487 0.060986
vt 0.260937 0.056827
vt 0.261995 0.056709
vt 0.260918 0.061714
vt 0.262048 0.060990
vt 0.344192 0.072037
vt 0.347734 0.066353
vt 0.349021 0.066204
vt 0.302413 0.064126
vt 0.340631 0.076737
vt 0.261727 0.065009
vt 0.303724 0.064133
vt 0.304192 0.070538
vt 0.349057 0.059702
vt 0.346690 0.057155
vt 0.347249 0.056570
vt 0.295396 0.046479
vt 0.297996 0.043536
vt 0.296238 0.046879
vt 0.349575 0.059354
vt 0.347520 0.055937
vt 0.296952 0.042699
vt 0.297458 0.042929
vt 0.297751 0.060692
vt 0.295293 0.054605
vt 0.298728 0.060458
vt 0.265329 0.058095
vt 0.266568 0.058542
vt 0.296464 0.054365
vt 0.299983 0.059774
vt 0.345424 0.072763
vt 0.350169 0.066450
vt 0.294917 0.077566
vt 0.295714 0.072793
vt 0.295714 0.077728
vt 0.343524 0.051682
vt 0.344019 0.051493
vt 0.300628 0.038664
vt 0.344444 0.051294
vt 0.262019 0.050351
vt 0.262948 0.047590
vt 0.262907 0.050821
vt 0.260739 0.050188
vt 0.261698 0.047125
vt 0.261412 0.050483
vt 0.262373 0.047559
vt 0.265818 0.050880
vt 0.264546 0.047283
vt 0.265241 0.046872
vt 0.342722 0.046632
vt 0.343031 0.046570
vt 0.300143 0.038451
vt 0.301636 0.034033
vt 0.343303 0.046564
vt 0.264872 0.041861
vt 0.264741 0.037133
vt 0.265008 0.037145
vt 0.301052 0.038862
vt 0.298256 0.044154
vt 0.263321 0.041491
vt 0.263888 0.042022
vt 0.264408 0.041913
vt 0.265836 0.046850
vt 0.330978 0.081371
vt 0.330792 0.078297
vt 0.330978 0.078276
vt 0.330686 0.081473
vt 0.330659 0.078300
vt 0.262808 0.036409
vt 0.263332 0.034256
vt 0.263124 0.036378
vt 0.301912 0.034040
vt 0.304137 0.032126
vt 0.304192 0.032302
vt 0.263385 0.036372
vt 0.263774 0.041554
vt 0.262803 0.041361
vt 0.264428 0.037089
vt 0.263411 0.034081
vt 0.263201 0.034127
vt 0.263196 0.033970
vt 0.263314 0.033877
vt 0.263491 0.033906
vt 0.263627 0.034191
vt 0.263622 0.034035
vt 0.340586 0.044760
vt 0.304067 0.031987
vt 0.340526 0.044936
vt 0.313038 0.064238
vt 0.313340 0.061724
vt 0.313340 0.064348
vt 0.266043 0.052442
vt 0.262051 0.052480
vt 0.259675 0.057224
vt 0.261301 0.051791
vt 0.348353 0.061852
vt 0.348794 0.061217
vt 0.294020 0.054396
vt 0.294593 0.047862
vt 0.265049 0.052600
vt 0.295553 0.048181
vt 0.349761 0.060922
vt 0.300812 0.064022
vt 0.323577 0.058621
vt 0.322261 0.062479
vt 0.322152 0.058527
vt 0.266166 0.063324
vt 0.343199 0.071716
vt 0.300786 0.059052
vt 0.264908 0.051110
vt 0.317103 0.046463
vt 0.318029 0.043269
vt 0.317772 0.046947
vt 0.260511 0.051613
vt 0.318534 0.043513
vt 0.318835 0.047068
vt 0.294725 0.046244
vt 0.264275 0.052735
vt 0.318788 0.057690
vt 0.318704 0.054688
vt 0.319448 0.057755
vt 0.318835 0.040174
vt 0.318736 0.060010
vt 0.319661 0.060957
vt 0.348204 0.060078
vt 0.345378 0.060193
vt 0.345517 0.059568
vt 0.319884 0.060807
vt 0.319094 0.058653
vt 0.319613 0.058487
vt 0.319934 0.058429
vt 0.320511 0.060812
vt 0.319108 0.055538
vt 0.319137 0.052472
vt 0.319433 0.052346
vt 0.319000 0.054607
vt 0.319521 0.051965
vt 0.319661 0.052098
vt 0.319339 0.055547
vt 0.342430 0.058579
vt 0.342677 0.058199
vt 0.318835 0.047052
vt 0.319339 0.044723
vt 0.319339 0.047234
vt 0.318838 0.055502
vt 0.302800 0.038763
vt 0.303014 0.038359
vt 0.303021 0.038970
vt 0.303295 0.038510
vt 0.303295 0.038873
vt 0.318502 0.040052
vt 0.318642 0.037519
vt 0.319244 0.051706
vt 0.319619 0.052368
vt 0.339802 0.058100
vt 0.339654 0.057764
vt 0.319623 0.089277
vt 0.321385 0.065556
vt 0.261369 0.081459
vt 0.254437 0.058787
vt 0.348322 0.068786
vt 0.276255 0.071597
vt 0.258677 0.043057
vt 0.316117 0.064362
vt 0.319875 0.046722
vt 0.320002 0.059657
vt 0.279581 0.061434
vt 0.275499 0.076152
vt 0.255421 0.062682
vt 0.331552 0.068299
vt 0.265821 0.025206
vt 0.279452 0.053766
vt 0.344422 0.049097
vt 0.275214 0.078173
vt 0.292623 0.074954
vt 0.313965 0.071525
vt 0.296059 0.053337
vt 0.324329 0.059400
vt 0.297801 0.061615
vt 0.313048 0.063812
vt 0.278260 0.048542
vt 0.343704 0.039848
vt 0.323886 0.036636
vt 0.283015 0.043918
vt 0.331219 0.065687
vt 0.311390 0.077914
vt 0.321548 0.038148
vt 0.304131 0.038788
vt 0.297876 0.055481
vt 0.323111 0.047247
vt 0.350781 0.080216
vt 0.318254 0.051706
vt 0.287902 0.076260
vt 0.306197 0.075214
vt 0.323386 0.053114
vt 0.314352 0.074854
vt 0.287811 0.070609
vt 0.354576 0.041865
vt 0.319494 0.042306
vt 0.292182 0.058091
vt 0.299110 0.078154
vt 0.317566 0.039955
vt 0.306518 0.060604
vt 0.291558 0.053487
vt 0.306581 0.056540
vt 0.291137 0.072585
vt 0.355981 0.098609
vt 0.319568 0.098074
vt 0.286490 0.065782
vt 0.306081 0.061693
vt 0.313172 0.067678
vt 0.305307 0.075242
vt 0.325186 0.064457
vt 0.281524 0.083667
vt 0.360664 0.097677
vt 0.304198 0.038393
vt 0.304656 0.058498
vt 0.320500 0.048566
vt 0.307191 0.039048
vt 0.316836 0.048464
vt 0.283542 0.084977
vt 0.313911 0.072455
vt 0.268915 0.065057
vt 0.294425 0.074720
vt 0.343704 0.098629
vt 0.293705 0.076199
vt 0.292298 0.046480
vt 0.313878 0.076795
vt 0.306445 0.075189
vt 0.295921 0.070567
vt 0.294609 0.074782
vt 0.308559 0.039688
vt 0.280691 0.089440
vt 0.320970 0.041084
vt 0.279383 0.071428
vt 0.274945 0.085815
vt 0.290558 0.070624
vt 0.312711 0.071982
vt 0.311809 0.058533
vt 0.288097 0.051701
vt 0.278767 0.050250
vt 0.311841 0.038137
vt 0.317909 0.039434
vt 0.317221 0.037511
vt 0.293408 0.039200
vt 0.304371 0.071363
vt 0.272540 0.067232
vt 0.340133 0.084914
vt 0.342159 0.070456
vt 0.315014 0.062021
vt 0.265343 0.071674
vt 0.265343 0.045344
vt 0.300431 0.073910
vt 0.341057 0.040170
vt 0.347034 0.062074
vt 0.270209 0.050857
vt 0.300431 0.058304
vt 0.317379 0.060272
vt 0.319024 0.052513
vt 0.321635 0.047951
vt 0.303766 0.061353
vt 0.278225 0.053781
vt 0.302231 0.072719
vt 0.339495 0.027487
vt 0.317379 0.041107
vt 0.321383 0.058704
vt 0.274540 0.036253
vt 0.347053 0.045916
vt 0.265652 0.075641
vt 0.287006 0.075808
vt 0.346133 0.052228
vt 0.347924 0.063077
vt 0.316844 0.068480
vt 0.287436 0.069483
vt 0.292749 0.036575
vt 0.321448 0.043293
vt 0.288640 0.072585
vt 0.264117 0.072076
vt 0.264615 0.076677
vt 0.339947 0.082544
vt 0.298255 0.077052
vt 0.339946 0.087952
vt 0.258899 0.064501
vt 0.262669 0.063164
vt 0.295178 0.072754
vt 0.261323 0.046528
vt 0.301331 0.033958
vt 0.330389 0.081352
vt 0.263509 0.034285
vt 0.340449 0.045067
vt 0.313166 0.061693
vt 0.293858 0.047625
vt 0.323577 0.063065
vt 0.339654 0.076778
vt 0.317742 0.043226
vt 0.264244 0.051368
vt 0.318254 0.054791
vt 0.318838 0.061376
vt 0.319072 0.044573
vt 0.302831 0.038388
vt 0.318326 0.037506
s 0
g trunk_1_a_Material
usemtl Material
f 200/1/1 4/2/1 199/3/1
f 340/4/2 8/5/2 101/6/2
f 16/7/3 102/8/3 105/9/3
f 12/10/4 99/11/4 103/12/4
f 301/13/5 293/14/5 292/15/5
f 10/16/6 318/17/6 315/18/6
f 2/19/7 23/20/7 18/21/7
f 194/22/8 86/23/8 197/24/8
f 317/25/9 103/26/9 339/27/9
f 199/3/10 10/28/10 104/29/10
f 313/30/11 263/31/11 314/32/11
f 4/2/12 24/33/12 19/34/12
f 10/28/13 19/34/13 22/35/13
f 210/36/14 335/37/14 316/38/14
f 101/6/15 16/39/15 105/40/15
f 99/11/16 14/41/16 200/42/16
f 66/43/17 27/44/17 30/45/17
f 69/46/18 29/47/18 33/48/18
f 331/49/19 30/45/19 320/50/19
f 68/51/20 17/52/20 67/53/20
f 8/5/21 25/54/21 16/39/21
f 14/41/22 18/21/22 24/55/22
f 16/56/23 20/57/23 6/58/23
f 317/25/24 20/57/24 319/59/24
f 320/50/25 37/60/25 322/61/25
f 31/62/26 26/63/26 17/52/26
f 28/64/27 323/65/27 321/66/27
f 17/67/28 39/68/28 32/69/28
f 71/70/29 33/71/29 28/72/29
f 70/73/30 32/69/30 27/74/30
f 72/75/31 17/52/31 32/76/31
f 71/77/32 321/66/32 330/78/32
f 39/68/33 42/79/33 34/80/33
f 35/81/34 48/82/34 43/83/34
f 34/80/35 45/84/35 37/85/35
f 40/86/36 44/87/36 48/82/36
f 33/71/37 36/88/37 40/86/37
f 30/45/38 34/89/38 37/60/38
f 28/72/39 40/86/39 35/81/39
f 32/69/40 34/80/40 27/74/40
f 62/90/41 53/91/41 57/92/41
f 329/93/42 54/94/42 326/95/42
f 59/96/43 50/97/43 58/98/43
f 328/99/44 52/100/44 327/101/44
f 26/102/45 47/103/45 39/68/45
f 323/65/46 43/104/46 325/105/46
f 26/63/47 46/106/47 41/107/47
f 37/60/48 324/108/48 322/61/48
f 56/109/49 74/110/49 51/111/49
f 52/112/50 77/113/50 78/114/50
f 54/115/51 74/110/51 75/116/51
f 57/92/52 76/117/52 77/118/52
f 63/119/53 54/115/53 49/120/53
f 60/121/54 57/122/54 52/100/54
f 64/123/55 51/111/55 63/119/55
f 58/98/56 56/124/56 64/125/56
f 41/107/57 64/125/57 47/126/57
f 47/103/58 63/119/58 42/79/58
f 48/82/59 60/121/59 43/83/59
f 42/79/60 49/120/60 45/84/60
f 43/83/61 328/99/61 325/127/61
f 46/106/62 58/98/62 41/107/62
f 45/128/63 329/93/63 324/108/63
f 44/129/64 62/90/64 48/130/64
f 353/131/65 71/70/65 330/132/65
f 154/133/66 67/53/66 72/75/66
f 153/134/67 72/135/67 70/73/67
f 150/136/68 69/137/68 71/70/68
f 148/138/69 68/51/69 67/53/69
f 352/139/70 66/43/70 331/49/70
f 149/140/71 65/141/71 69/46/71
f 151/142/72 70/73/72 66/143/72
f 126/144/73 111/145/73 112/146/73
f 125/147/74 108/148/74 109/149/74
f 123/150/75 110/151/75 111/145/75
f 346/152/76 109/149/76 341/153/76
f 50/97/77 73/154/77 56/124/77
f 52/100/78 333/155/78 327/101/78
f 55/156/79 80/157/79 50/97/79
f 326/95/80 75/158/80 332/159/80
f 336/160/81 84/161/81 334/162/81
f 90/163/11 82/164/11 198/165/11
f 197/166/11 90/163/11 198/165/11
f 211/167/82 336/160/82 335/168/82
f 196/169/83 82/170/83 1/171/83
f 225/172/84 208/173/84 226/174/84
f 246/175/85 219/176/85 247/177/85
f 312/178/86 259/179/86 264/180/86
f 1/171/87 195/181/87 196/169/87
f 246/175/88 220/182/88 215/183/88
f 193/184/89 9/185/89 194/22/89
f 366/186/90 261/187/90 357/188/90
f 310/189/91 260/190/91 309/191/91
f 301/192/92 294/193/92 305/194/92
f 338/195/93 210/36/93 316/38/93
f 223/196/94 204/197/94 224/198/94
f 99/11/95 195/181/95 91/199/95
f 209/200/96 105/40/96 212/201/96
f 193/184/97 104/29/97 96/202/97
f 337/203/98 103/26/98 95/204/98
f 95/205/99 99/11/99 91/199/99
f 105/206/100 94/207/100 212/208/100
f 338/195/101 101/6/101 209/200/101
f 221/209/11 206/210/11 205/211/11
f 131/212/102 116/213/102 117/214/102
f 130/215/103 119/216/103 134/217/103
f 348/218/104 117/219/104 343/220/104
f 133/221/105 122/222/105 132/223/105
f 115/224/106 107/225/106 108/226/106
f 127/227/107 114/228/107 107/225/107
f 345/229/108 112/230/108 342/231/108
f 129/232/109 114/228/109 128/233/109
f 344/234/110 143/235/110 350/236/110
f 81/237/111 145/238/111 138/239/111
f 116/240/112 138/239/112 139/241/112
f 119/216/113 143/242/113 120/243/113
f 134/244/114 120/245/114 136/246/114
f 135/247/115 81/248/115 116/213/115
f 137/249/116 122/222/116 81/237/116
f 136/246/117 344/250/117 347/251/117
f 162/252/118 129/253/118 128/254/118
f 157/255/119 345/229/119 355/256/119
f 162/257/120 127/227/120 161/258/120
f 159/259/121 127/227/121 115/224/121
f 354/260/122 125/147/122 346/152/122
f 156/261/123 123/150/123 155/262/123
f 159/263/124 125/147/124 160/264/124
f 155/262/125 126/144/125 157/265/125
f 112/230/126 347/251/126 342/231/126
f 107/266/127 132/267/127 137/268/127
f 108/148/128 137/269/128 135/247/128
f 111/270/129 136/246/129 112/230/129
f 114/271/130 133/272/130 132/267/130
f 341/273/131 131/274/131 348/275/131
f 110/276/132 134/277/132 111/278/132
f 109/149/133 135/247/133 131/212/133
f 146/279/134 145/280/134 144/281/134
f 146/279/134 350/282/134 351/283/134
f 349/284/134 146/279/134 351/283/134
f 139/285/135 146/279/135 140/286/135
f 122/222/136 144/287/136 145/238/136
f 117/219/137 349/288/137 343/220/137
f 118/289/138 142/290/138 119/216/138
f 116/291/139 140/292/139 117/293/139
f 19/34/140 151/142/140 22/35/140
f 21/294/141 149/140/141 25/54/141
f 22/295/142 352/139/142 318/17/142
f 18/21/143 152/296/143 148/138/143
f 25/297/144 150/136/144 20/57/144
f 19/34/145 154/298/145 153/134/145
f 24/55/146 148/138/146 154/133/146
f 20/299/147 353/300/147 319/301/147
f 78/302/148 155/262/148 157/265/148
f 74/303/149 165/304/149 75/305/149
f 76/117/150 155/262/150 77/118/150
f 75/306/151 354/260/151 332/307/151
f 159/308/152 167/309/152 166/310/152
f 73/154/153 162/257/153 161/258/153
f 333/155/154 157/255/154 355/256/154
f 80/157/155 158/311/155 162/257/155
f 164/312/156 169/313/156 170/314/156
f 163/315/157 174/316/157 169/313/157
f 74/303/158 163/317/158 164/318/158
f 75/319/159 167/320/159 160/321/159
f 159/308/160 168/322/160 161/323/160
f 73/154/161 168/324/161 163/315/161
f 170/325/162 177/326/162 171/327/162
f 171/328/163 179/329/163 173/330/163
f 167/320/164 172/331/164 166/332/164
f 165/333/165 173/334/165 167/320/165
f 165/335/166 170/336/166 171/337/166
f 166/310/167 174/338/167 168/322/167
f 178/339/168 185/340/168 184/341/168
f 175/342/169 182/343/169 176/344/169
f 172/345/170 180/346/170 174/338/170
f 169/347/171 180/348/171 175/349/171
f 170/314/172 175/342/172 176/344/172
f 172/350/173 179/329/173 178/351/173
f 186/352/174 190/353/174 192/354/174
f 182/355/175 189/356/175 183/357/175
f 179/329/176 183/358/176 185/359/176
f 177/360/177 182/361/177 183/358/177
f 178/339/178 186/362/178 180/363/178
f 180/348/179 181/364/179 175/349/179
f 188/365/180 191/366/180 189/367/180
f 187/368/181 190/353/181 188/365/181
f 181/364/182 192/369/182 187/370/182
f 182/371/183 187/370/183 188/372/183
f 185/359/184 190/373/184 184/374/184
f 183/358/185 191/375/185 185/359/185
f 92/376/186 194/377/186 3/378/186
f 98/379/187 196/169/187 195/181/187
f 88/380/11 197/166/11 198/165/11
f 3/378/188 197/381/188 83/382/188
f 13/383/189 198/384/189 196/169/189
f 100/385/190 193/184/190 92/386/190
f 106/387/191 195/181/191 200/42/191
f 106/388/192 199/3/192 100/385/192
f 201/389/193 233/390/193 229/391/193
f 204/392/194 235/393/194 207/394/194
f 207/394/195 236/395/195 208/173/195
f 224/396/196 207/394/196 225/172/196
f 223/397/197 205/211/197 201/398/197
f 228/399/198 203/400/198 202/401/198
f 227/402/199 208/403/199 203/400/199
f 228/404/200 206/210/200 222/405/200
f 93/406/201 210/407/201 209/408/201
f 85/409/202 210/407/202 7/410/202
f 97/411/203 15/412/203 213/413/203
f 89/414/11 211/167/11 85/415/11
f 213/413/204 214/416/204 89/417/204
f 97/418/205 209/419/205 212/420/205
f 219/421/206 251/422/206 255/423/206
f 215/424/207 256/425/207 251/422/207
f 249/426/208 217/427/208 216/428/208
f 248/429/209 219/430/209 217/431/209
f 250/432/11 220/433/11 245/434/11
f 249/435/210 218/436/210 250/432/210
f 13/437/211 222/405/211 88/380/211
f 98/379/212 226/438/212 227/402/212
f 13/383/213 227/402/213 228/399/213
f 3/439/214 221/209/214 223/397/214
f 92/386/215 225/440/215 100/385/215
f 88/380/11 221/209/11 83/441/11
f 3/442/216 224/198/216 92/386/216
f 100/443/217 226/174/217 106/444/217
f 233/445/11 242/446/11 241/447/11
f 230/448/218 242/449/218 234/450/218
f 236/395/219 239/451/219 231/452/219
f 202/401/220 231/453/220 230/454/220
f 208/403/221 231/453/221 203/400/221
f 202/401/222 234/455/222 206/456/222
f 205/211/11 234/457/11 233/445/11
f 201/389/223 232/458/223 204/197/223
f 238/459/224 241/460/224 242/461/224
f 238/459/225 240/462/225 237/463/225
f 239/464/225 243/465/225 240/462/225
f 229/391/226 240/466/226 232/458/226
f 235/393/227 244/467/227 236/395/227
f 232/468/228 243/469/228 235/393/228
f 229/391/229 241/470/229 237/471/229
f 230/448/230 239/472/230 238/473/230
f 7/474/231 250/432/231 85/415/231
f 89/414/11 250/432/11 245/434/11
f 97/418/232 248/429/232 93/475/232
f 7/410/233 248/476/233 249/426/233
f 213/477/234 245/434/234 246/478/234
f 213/479/235 247/177/235 97/480/235
f 251/422/236 254/481/236 252/482/236
f 253/483/237 251/484/237 252/485/237
f 216/486/238 253/487/238 252/488/238
f 217/431/239 255/489/239 253/490/239
f 218/436/11 256/491/11 220/433/11
f 216/486/240 254/492/240 218/493/240
f 262/494/241 271/495/241 263/31/241
f 264/180/242 267/496/242 272/497/242
f 257/498/243 265/499/243 258/500/243
f 261/187/244 272/501/244 269/502/244
f 310/503/245 257/498/245 258/500/245
f 365/504/246 260/505/246 356/506/246
f 308/507/247 264/180/247 261/508/247
f 314/509/248 259/179/248 311/510/248
f 268/511/249 360/512/249 358/513/249
f 271/514/250 276/515/250 267/516/250
f 359/517/251 278/518/251 361/519/251
f 265/499/252 277/520/252 268/521/252
f 258/500/253 268/521/253 260/522/253
f 261/187/254 359/517/254 357/188/254
f 263/523/255 267/496/255 259/179/255
f 356/506/256 268/511/256 358/513/256
f 279/524/257 288/525/257 280/526/257
f 281/527/258 284/528/258 289/529/258
f 274/530/259 266/531/259 282/532/259
f 278/518/260 289/533/260 286/534/260
f 269/502/261 281/535/261 278/518/261
f 265/499/262 273/536/262 274/530/262
f 267/516/263 281/527/263 272/537/263
f 271/495/264 279/524/264 280/526/264
f 283/538/265 363/539/265 362/540/265
f 284/541/266 287/542/266 283/538/266
f 364/543/267 283/544/267 362/545/267
f 283/544/268 289/529/268 284/528/268
f 274/530/269 285/546/269 277/520/269
f 361/519/270 286/534/270 364/547/270
f 276/548/271 288/525/271 284/541/271
f 360/512/272 285/549/272 363/539/272
f 290/550/273 294/551/273 292/552/273
f 292/553/274 275/554/274 290/555/274
f 306/556/275 291/557/275 290/550/275
f 304/558/276 293/14/276 302/559/276
f 306/560/277 275/561/277 304/562/277
f 305/563/278 291/557/278 303/564/278
f 84/161/279 296/565/279 298/566/279
f 5/567/280 300/568/280 94/569/280
f 94/570/281 297/571/281 212/572/281
f 5/567/282 298/573/282 299/574/282
f 15/412/283 296/575/283 214/416/283
f 15/412/284 297/576/284 295/577/284
f 298/566/285 305/563/285 303/564/285
f 299/574/286 304/578/286 300/568/286
f 300/579/287 302/559/287 297/571/287
f 299/580/288 303/581/288 306/582/288
f 295/577/289 305/583/289 296/575/289
f 295/577/290 302/584/290 301/585/290
f 82/170/291 311/510/291 1/171/291
f 95/205/292 312/178/292 308/507/292
f 334/162/293 309/586/293 365/504/293
f 5/587/294 307/588/294 310/503/294
f 84/589/295 310/503/295 309/590/295
f 337/203/296 308/591/296 366/592/296
f 91/199/297 311/510/297 312/178/297
f 87/593/11 314/32/11 82/164/11
f 337/203/298 307/588/298 94/207/298
f 87/593/299 365/504/299 313/30/299
f 279/524/272 363/539/272 287/542/272
f 273/594/300 364/547/300 266/595/300
f 266/596/267 362/545/267 282/597/267
f 362/540/301 285/549/301 282/598/301
f 262/494/302 358/513/302 270/599/302
f 357/600/303 11/601/303 257/498/303
f 11/602/304 361/519/304 273/594/304
f 358/513/305 279/524/305 270/599/305
f 313/30/11 356/506/11 262/494/11
f 79/603/306 355/256/306 158/604/306
f 332/307/307 156/605/307 76/606/307
f 319/301/308 152/296/308 23/20/308
f 318/17/309 147/607/309 21/294/309
f 343/220/310 141/608/310 118/289/310
f 141/609/311 351/283/311 142/610/311
f 351/283/134 143/611/134 142/610/134
f 341/273/312 130/612/312 110/276/312
f 342/231/313 133/613/313 113/614/313
f 156/605/314 346/152/314 124/615/314
f 355/256/315 129/253/315 158/604/315
f 347/251/316 121/616/316 133/613/316
f 121/617/317 350/236/317 144/618/317
f 345/229/318 113/614/318 129/253/318
f 130/215/319 343/220/319 118/289/319
f 104/619/320 338/195/320 96/620/320
f 102/621/321 337/203/321 94/207/321
f 96/620/322 316/38/322 9/622/322
f 366/592/323 257/498/323 307/588/323
f 335/168/11 90/163/11 86/623/11
f 336/160/324 87/593/324 90/163/324
f 53/91/325 332/159/325 76/117/325
f 327/101/326 79/603/326 55/624/326
f 124/625/327 341/273/327 110/276/327
f 147/607/328 331/49/328 65/141/328
f 152/626/329 330/132/329 68/627/329
f 324/108/330 61/628/330 44/129/330
f 325/127/331 59/629/331 46/630/331
f 322/61/332 44/129/332 36/631/332
f 38/632/333 325/105/333 46/106/333
f 59/629/334 327/101/334 55/624/334
f 61/628/335 326/95/335 53/91/335
f 330/132/336 31/633/336 68/627/336
f 321/66/337 38/632/337 31/62/337
f 29/47/338 322/61/338 36/631/338
f 12/634/339 319/59/339 23/635/339
f 65/141/340 320/50/340 29/47/340
f 9/622/341 335/37/341 86/636/341
f 6/58/342 339/27/342 102/621/342
f 315/18/343 21/294/343 8/5/343
f 104/619/344 315/18/344 340/4/344
f 380/637/345 369/638/345 379/639/345
f 375/640/346 374/641/346 373/642/346
f 381/643/347 372/644/347 371/645/347
f 378/646/348 367/647/348 377/648/348
f 384/649/349 371/650/349 377/651/349
f 376/652/350 388/653/350 374/641/350
f 368/654/351 390/655/351 385/656/351
f 384/649/352 367/657/352 379/658/352
f 372/659/353 377/648/353 371/660/353
f 370/661/354 375/640/354 369/662/354
f 369/663/355 384/649/355 379/658/355
f 370/664/356 391/665/356 386/666/356
f 370/661/357 389/667/357 376/652/357
f 373/668/349 384/649/349 375/669/349
f 373/670/358 382/671/358 381/643/358
f 368/672/359 379/639/359 367/673/359
f 389/667/360 394/674/360 397/675/360
f 388/676/361 400/677/361 392/678/361
f 388/653/362 397/675/362 396/679/362
f 385/656/363 398/680/363 383/681/363
f 374/682/364 392/678/364 382/671/364
f 368/672/365 391/665/365 380/637/365
f 372/644/366 392/678/366 387/683/366
f 378/646/367 387/684/367 390/655/367
f 453/685/368 403/686/368 454/687/368
f 452/688/369 405/689/369 393/690/369
f 449/691/370 402/692/370 405/689/370
f 451/693/371 393/694/371 406/695/371
f 392/678/372 395/696/372 387/683/372
f 386/666/373 399/697/373 394/698/373
f 391/665/374 383/699/374 399/697/374
f 387/684/375 398/680/375 390/655/375
f 442/700/376 414/701/376 409/702/376
f 443/703/377 410/704/377 445/705/377
f 441/706/378 409/707/378 412/708/378
f 443/703/379 411/709/379 415/710/379
f 454/711/380 407/712/380 455/713/380
f 456/714/381 404/715/381 453/685/381
f 450/716/382 407/712/382 402/717/382
f 451/693/383 401/718/383 456/719/383
f 408/720/384 423/721/384 414/701/384
f 414/701/385 418/722/385 409/702/385
f 415/710/386 419/723/386 410/704/386
f 412/708/387 418/724/387 421/725/387
f 447/726/388 414/701/388 446/727/388
f 445/728/389 413/729/389 448/730/389
f 448/730/390 408/731/390 447/732/390
f 444/733/391 412/708/391 411/734/391
f 418/722/392 430/735/392 425/736/392
f 424/737/393 426/738/393 419/723/393
f 421/725/394 425/739/394 428/740/394
f 424/737/395 427/741/395 431/742/395
f 410/743/396 422/744/396 413/729/396
f 413/729/397 417/745/397 408/731/397
f 411/734/398 421/725/398 420/746/398
f 415/710/399 420/747/399 424/737/399
f 431/742/400 435/748/400 439/749/400
f 427/750/401 436/751/401 435/752/401
f 429/753/402 432/754/402 416/755/402
f 429/753/403 434/756/403 437/757/403
f 417/758/404 430/735/404 423/721/404
f 419/759/405 429/753/405 422/744/405
f 422/744/406 416/755/406 417/745/406
f 420/746/407 428/740/407 427/750/407
f 440/760/408 432/761/408 437/762/408
f 440/760/409 434/763/409 439/764/409
f 435/765/410 440/760/410 439/764/410
f 433/766/410 440/760/410 436/767/410
f 425/739/411 436/751/411 428/740/411
f 426/738/412 439/749/412 434/768/412
f 430/735/413 433/766/413 425/736/413
f 416/755/414 438/769/414 430/770/414
f 404/715/415 444/733/415 403/686/415
f 393/690/416 448/730/416 447/732/416
f 405/689/417 445/728/417 448/730/417
f 406/695/418 447/726/418 446/727/418
f 403/771/419 443/703/419 407/712/419
f 401/772/420 441/706/420 404/715/420
f 402/717/421 443/703/421 445/705/421
f 406/695/422 442/700/422 401/718/422
f 394/698/423 451/693/423 456/719/423
f 400/677/424 450/716/424 395/696/424
f 397/675/425 456/714/425 453/685/425
f 396/773/426 455/713/426 400/677/426
f 399/697/427 452/774/427 451/693/427
f 395/775/428 449/691/428 398/680/428
f 383/681/429 449/691/429 452/688/429
f 397/675/430 454/687/430 396/679/430
f 470/776/431 459/777/431 469/778/431
f 465/779/432 464/780/432 463/781/432
f 471/782/433 462/783/433 461/784/433
f 467/785/434 458/786/434 457/787/434
f 474/788/435 461/789/435 467/790/435
f 466/791/436 478/792/436 464/780/436
f 468/793/437 475/794/437 458/786/437
f 474/788/438 457/795/438 469/796/438
f 462/797/439 467/785/439 461/798/439
f 460/799/440 465/779/440 459/800/440
f 459/801/441 474/788/441 469/796/441
f 470/776/442 476/802/442 460/803/442
f 460/799/443 479/804/443 466/791/443
f 463/805/435 474/788/435 465/806/435
f 463/807/444 472/808/444 471/782/444
f 457/809/445 470/776/445 469/778/445
f 476/802/446 487/810/446 479/811/446
f 478/812/447 490/813/447 482/814/447
f 478/792/448 487/815/448 486/816/448
f 475/817/449 488/818/449 473/819/449
f 472/808/450 478/812/450 482/814/450
f 458/820/451 481/821/451 470/776/451
f 462/783/452 482/814/452 477/822/452
f 468/793/453 477/823/453 480/824/453
f 536/825/454 494/826/454 493/827/454
f 531/828/455 483/829/455 534/830/455
f 531/828/456 492/831/456 495/832/456
f 534/833/457 496/834/457 533/835/457
f 482/814/458 485/836/458 477/822/458
f 476/802/459 489/837/459 484/838/459
f 481/839/460 473/819/460 489/840/460
f 477/822/461 488/841/461 480/842/461
f 540/843/462 504/844/462 499/845/462
f 541/846/463 500/847/463 543/848/463
f 539/849/464 499/845/464 502/850/464
f 542/851/465 505/852/465 541/853/465
f 537/854/466 493/855/466 497/856/466
f 535/857/467 491/858/467 494/826/467
f 532/859/468 497/856/468 492/860/468
f 533/835/469 491/861/469 538/862/469
f 498/863/470 513/864/470 504/865/470
f 504/844/471 508/866/471 499/845/471
f 500/847/472 514/867/472 509/868/472
f 502/850/473 508/866/473 511/869/473
f 544/870/474 498/863/474 504/865/474
f 543/848/475 503/871/475 546/872/475
f 546/873/476 498/863/476 545/874/476
f 542/851/477 502/875/477 501/876/477
f 508/877/478 520/878/478 515/879/478
f 514/880/479 516/881/479 509/882/479
f 511/883/480 515/884/480 518/885/480
f 510/886/481 521/887/481 514/880/481
f 500/847/482 512/888/482 503/871/482
f 503/889/483 507/890/483 498/863/483
f 501/876/484 511/883/484 510/891/484
f 505/892/485 510/886/485 514/880/485
f 517/893/486 529/894/486 521/895/486
f 518/885/487 525/896/487 517/893/487
f 506/897/488 527/898/488 522/899/488
f 519/900/489 524/901/489 527/902/489
f 513/864/490 506/897/490 520/903/490
f 509/868/491 519/904/491 512/888/491
f 507/890/492 519/905/492 506/897/492
f 511/883/493 517/893/493 510/891/493
f 530/906/494 522/907/494 527/908/494
f 530/906/495 524/909/495 529/894/495
f 525/896/496 530/906/496 529/894/496
f 523/910/496 530/906/496 526/911/496
f 515/884/497 526/911/497 518/885/497
f 516/881/498 529/912/498 524/901/498
f 515/879/499 528/913/499 523/914/499
f 520/903/500 522/899/500 528/915/500
f 489/837/501 538/862/501 484/838/501
f 490/813/502 532/859/502 485/836/502
f 484/838/503 535/916/503 487/810/503
f 486/816/504 537/917/504 490/918/504
f 489/919/505 534/830/505 533/920/505
f 488/921/506 532/922/506 531/828/506
f 473/923/507 531/828/507 534/830/507
f 487/815/508 536/825/508 486/816/508
f 547/924/509 542/925/509 552/926/509
f 554/927/510 546/873/510 545/874/510
f 550/928/511 543/848/511 546/872/511
f 561/929/512 560/930/512 559/931/512
f 552/932/513 541/846/513 548/933/513
f 551/934/514 539/935/514 547/936/514
f 548/933/515 543/848/515 549/937/515
f 562/938/516 559/939/516 557/940/516
f 491/861/517 553/941/517 551/942/517
f 497/856/518 549/937/518 492/860/518
f 491/943/519 547/936/519 494/944/519
f 493/855/520 548/933/520 497/856/520
f 496/834/521 554/945/521 553/941/521
f 495/946/522 549/937/522 550/928/522
f 483/947/523 550/948/523 554/927/523
f 494/826/524 552/926/524 493/827/524
f 558/949/525 572/950/525 560/930/525
f 555/951/526 569/952/526 567/953/526
f 564/954/527 558/955/527 565/956/527
f 562/957/528 555/958/528 566/959/528
f 565/960/529 560/930/529 563/961/529
f 566/959/530 556/962/530 564/963/530
f 540/964/531 566/959/531 564/963/531
f 544/870/532 563/961/532 545/874/532
f 551/934/533 562/957/533 566/959/533
f 540/965/534 565/956/534 544/966/534
f 553/967/535 561/968/535 562/938/535
f 545/874/536 561/929/536 554/927/536
f 569/969/537 572/970/537 570/971/537
f 567/972/538 570/973/538 568/974/538
f 557/940/539 571/975/539 569/952/539
f 556/976/540 570/977/540 558/955/540
f 559/931/541 572/950/541 571/978/541
f 556/962/542 567/979/542 568/980/542
f 585/981/543 576/982/543 575/983/543
f 581/984/544 580/985/544 579/986/544
f 588/987/545 577/988/545 587/989/545
f 583/990/546 574/991/546 573/992/546
f 590/993/547 577/994/547 583/995/547
f 582/996/548 594/997/548 580/985/548
f 574/991/549 596/998/549 591/999/549
f 590/993/550 573/1000/550 585/1001/550
f 578/1002/551 583/990/551 577/1003/551
f 575/1004/552 582/996/552 581/984/552
f 575/1005/553 590/993/553 585/1001/553
f 586/1006/554 592/1007/554 576/982/554
f 576/982/555 595/1008/555 582/1009/555
f 579/1010/547 590/993/547 581/1011/547
f 579/1012/556 588/987/556 587/989/556
f 573/1013/557 586/1006/557 585/981/557
f 595/1008/558 600/1014/558 603/1015/558
f 598/1016/559 602/1017/559 606/1018/559
f 594/997/560 603/1019/560 602/1017/560
f 596/998/561 589/1020/561 591/999/561
f 580/985/562 598/1016/562 588/1021/562
f 574/991/563 597/1022/563 586/1023/563
f 578/1024/564 598/1025/564 593/1026/564
f 584/1027/565 593/1028/565 596/998/565
f 659/1029/566 609/1030/566 660/1031/566
f 658/1032/567 611/1033/567 599/1034/567
f 656/1035/568 611/1033/568 655/1036/568
f 657/1037/569 599/1038/569 612/1039/569
f 598/1025/570 601/1040/570 593/1026/570
f 592/1007/571 605/1041/571 600/1014/571
f 591/999/572 605/1042/572 597/1022/572
f 593/1026/573 604/1043/573 596/1044/573
f 663/1045/574 620/1046/574 615/1047/574
f 668/1048/575 616/1049/575 669/1050/575
f 667/1051/576 615/1047/576 618/1052/576
f 668/1048/577 617/1053/577 621/1054/577
f 660/1055/578 613/1056/578 661/1057/578
f 659/1029/579 607/1058/579 610/1059/579
f 661/1057/580 608/1060/580 656/1061/580
f 662/1062/581 612/1039/581 607/1063/581
f 614/1064/582 629/1065/582 620/1066/582
f 615/1047/583 629/1067/583 624/1068/583
f 621/1054/584 625/1069/584 616/1049/584
f 618/1052/585 624/1068/585 627/1070/585
f 666/1071/586 620/1072/586 665/1073/586
f 669/1074/587 619/1075/587 670/1076/587
f 670/1076/588 614/1077/588 666/1071/588
f 664/1078/589 618/1079/589 617/1080/589
f 624/1068/590 636/1081/590 631/1082/590
f 630/1083/591 632/1084/591 625/1069/591
f 627/1070/592 631/1082/592 634/1085/592
f 630/1086/593 633/1087/593 637/1088/593
f 616/1049/594 628/1089/594 619/1090/594
f 619/1075/595 623/1091/595 614/1077/595
f 617/1080/596 627/1092/596 626/1093/596
f 621/1094/597 626/1093/597 630/1086/597
f 637/1095/598 641/1096/598 645/1097/598
f 633/1098/599 642/1099/599 641/1096/599
f 635/1100/600 638/1101/600 622/1102/600
f 635/1103/601 640/1104/601 643/1105/601
f 623/1091/602 636/1106/602 629/1107/602
f 625/1069/603 635/1103/603 628/1089/603
f 628/1108/604 622/1102/604 623/1091/604
f 626/1093/605 634/1109/605 633/1087/605
f 646/1110/606 638/1101/606 643/1111/606
f 646/1110/607 640/1112/607 645/1113/607
f 641/1114/607 646/1110/607 645/1113/607
f 639/1115/608 646/1110/608 642/1116/608
f 631/1082/609 642/1117/609 634/1085/609
f 632/1084/610 645/1118/610 640/1104/610
f 636/1081/611 639/1119/611 631/1082/611
f 622/1120/612 644/1121/612 636/1122/612
f 610/1059/613 650/1123/613 609/1030/613
f 611/1033/614 653/1124/614 599/1034/614
f 608/1125/615 654/1126/615 611/1033/615
f 612/1039/616 653/1127/616 652/1128/616
f 609/1129/617 649/1130/617 613/1056/617
f 607/1058/618 647/1131/618 610/1059/618
f 613/1056/619 651/1132/619 608/1060/619
f 612/1039/620 648/1133/620 607/1063/620
f 600/1014/621 657/1037/621 662/1062/621
f 606/1134/622 656/1061/622 601/1040/622
f 600/1135/623 659/1136/623 603/1137/623
f 602/1017/624 661/1138/624 606/1018/624
f 605/1041/625 658/1139/625 657/1037/625
f 604/1043/626 656/1061/626 655/1140/626
f 589/1020/627 655/1036/627 658/1032/627
f 603/1019/628 660/1031/628 602/1017/628
f 650/1123/629 667/1141/629 664/1078/629
f 654/1142/630 673/1143/630 653/1144/630
f 651/1145/631 670/1076/631 654/1126/631
f 653/1144/632 674/1146/632 652/1147/632
f 649/1130/633 664/1148/633 668/1048/633
f 648/1149/634 667/1141/634 647/1131/634
f 651/1132/575 668/1048/575 669/1050/575
f 652/1128/635 663/1045/635 648/1133/635
f 671/1150/636 678/1151/636 672/1152/636
f 673/1143/637 680/1153/637 674/1146/637
f 670/1154/638 672/1152/638 654/1155/638
f 665/1156/639 674/1157/639 675/1158/639
f 666/1159/640 675/1160/640 676/1161/640
f 666/1159/641 671/1162/641 670/1163/641
f 682/1164/642 687/1165/642 688/1166/642
f 679/1167/643 684/1168/643 685/1169/643
f 676/1161/644 677/1170/644 671/1162/644
f 675/1158/645 680/1171/645 681/1172/645
f 672/1173/646 679/1174/646 673/1175/646
f 676/1161/647 681/1176/647 682/1164/647
f 684/1177/648 688/1178/648 685/1179/648
f 685/1179/649 687/1180/649 686/1181/649
f 679/1182/650 686/1183/650 680/1153/650
f 678/1151/651 683/1184/651 684/1168/651
f 677/1170/652 688/1166/652 683/1185/652
f 681/1172/653 686/1186/653 687/1187/653
f 200/1/654 14/1188/654 4/2/654
f 340/4/655 315/18/655 8/5/655
f 16/7/656 6/1189/656 102/8/656
f 12/10/657 2/19/657 99/11/657
f 301/13/658 302/559/658 293/14/658
f 10/16/659 22/295/659 318/17/659
f 2/19/660 12/10/660 23/20/660
f 194/22/661 9/185/661 86/23/661
f 317/25/662 12/634/662 103/26/662
f 199/3/663 4/2/663 10/28/663
f 313/30/11 262/494/11 263/31/11
f 4/2/664 14/1188/664 24/33/664
f 10/28/665 4/2/665 19/34/665
f 210/36/666 211/1190/666 335/37/666
f 101/6/667 8/5/667 16/39/667
f 99/11/668 2/19/668 14/41/668
f 66/43/669 70/1191/669 27/44/669
f 69/46/670 65/141/670 29/47/670
f 331/49/671 66/43/671 30/45/671
f 68/51/672 31/62/672 17/52/672
f 8/5/673 21/294/673 25/54/673
f 14/41/674 2/19/674 18/21/674
f 16/56/675 25/297/675 20/57/675
f 317/25/676 6/58/676 20/57/676
f 320/50/677 30/45/677 37/60/677
f 31/62/678 38/632/678 26/63/678
f 28/64/679 35/1192/679 323/65/679
f 17/67/680 26/102/680 39/68/680
f 71/70/681 69/137/681 33/71/681
f 70/73/682 72/135/682 32/69/682
f 72/75/683 67/53/683 17/52/683
f 71/77/684 28/64/684 321/66/684
f 39/68/685 47/103/685 42/79/685
f 35/81/686 40/86/686 48/82/686
f 34/80/687 42/79/687 45/84/687
f 40/86/688 36/88/688 44/87/688
f 33/71/689 29/1193/689 36/88/689
f 30/45/690 27/44/690 34/89/690
f 28/72/691 33/71/691 40/86/691
f 32/69/692 39/68/692 34/80/692
f 62/90/693 61/628/693 53/91/693
f 329/93/694 49/1194/694 54/94/694
f 59/96/695 55/156/695 50/97/695
f 328/99/696 60/121/696 52/100/696
f 26/102/697 41/1195/697 47/103/697
f 323/65/698 35/1192/698 43/104/698
f 26/63/699 38/632/699 46/106/699
f 37/60/700 45/128/700 324/108/700
f 56/109/701 73/1196/701 74/110/701
f 52/112/702 57/1197/702 77/113/702
f 54/115/703 51/111/703 74/110/703
f 57/92/704 53/91/704 76/117/704
f 63/119/705 51/111/705 54/115/705
f 60/121/706 62/1198/706 57/122/706
f 64/123/707 56/109/707 51/111/707
f 58/98/708 50/97/708 56/124/708
f 41/107/709 58/98/709 64/125/709
f 47/103/710 64/123/710 63/119/710
f 48/82/711 62/1198/711 60/121/711
f 42/79/712 63/119/712 49/120/712
f 43/83/713 60/121/713 328/99/713
f 46/106/714 59/96/714 58/98/714
f 45/128/715 49/1194/715 329/93/715
f 44/129/716 61/628/716 62/90/716
f 353/131/717 150/136/717 71/70/717
f 154/133/718 148/138/718 67/53/718
f 153/134/719 154/298/719 72/135/719
f 150/136/720 149/1199/720 69/137/720
f 148/138/721 152/296/721 68/51/721
f 352/139/722 151/1200/722 66/43/722
f 149/140/723 147/607/723 65/141/723
f 151/142/724 153/134/724 70/73/724
f 126/144/725 123/150/725 111/145/725
f 125/147/726 115/1201/726 108/148/726
f 123/150/727 124/1202/727 110/151/727
f 346/152/728 125/147/728 109/149/728
f 50/97/729 80/157/729 73/154/729
f 52/100/730 78/1203/730 333/155/730
f 55/156/731 79/1204/731 80/157/731
f 326/95/732 54/94/732 75/158/732
f 336/160/733 214/1205/733 84/161/733
f 90/163/11 87/593/11 82/164/11
f 197/166/11 86/623/11 90/163/11
f 211/167/734 214/1205/734 336/160/734
f 196/169/735 198/384/735 82/170/735
f 225/172/736 207/394/736 208/173/736
f 246/175/737 215/183/737 219/176/737
f 312/178/738 311/510/738 259/179/738
f 1/171/739 91/199/739 195/181/739
f 246/175/740 245/1206/740 220/182/740
f 193/184/741 96/202/741 9/185/741
f 366/186/742 308/1207/742 261/187/742
f 310/189/743 258/1208/743 260/190/743
f 301/192/744 292/1209/744 294/193/744
f 338/195/745 209/200/745 210/36/745
f 223/196/746 201/389/746 204/197/746
f 99/11/747 200/42/747 195/181/747
f 209/200/748 101/6/748 105/40/748
f 193/184/749 199/3/749 104/29/749
f 337/203/750 339/27/750 103/26/750
f 95/205/751 103/12/751 99/11/751
f 105/206/752 102/621/752 94/207/752
f 338/195/753 340/4/753 101/6/753
f 221/209/11 222/405/11 206/210/11
f 131/212/754 135/247/754 116/213/754
f 130/215/755 118/289/755 119/216/755
f 348/218/756 131/1210/756 117/219/756
f 133/221/757 121/1211/757 122/222/757
f 115/224/758 127/227/758 107/225/758
f 127/227/759 128/233/759 114/228/759
f 345/229/760 126/1212/760 112/230/760
f 129/232/761 113/1213/761 114/228/761
f 344/234/762 120/1214/762 143/235/762
f 81/237/111 122/222/111 145/238/111
f 116/240/112 81/237/112 138/239/112
f 119/216/113 142/290/113 143/242/113
f 134/244/763 119/1215/763 120/245/763
f 135/247/764 137/269/764 81/248/764
f 137/249/765 132/223/765 122/222/765
f 136/246/766 120/245/766 344/250/766
f 162/252/767 158/604/767 129/253/767
f 157/255/768 126/1212/768 345/229/768
f 162/257/769 128/233/769 127/227/769
f 159/259/770 161/258/770 127/227/770
f 354/260/771 160/264/771 125/147/771
f 156/261/772 124/1202/772 123/150/772
f 159/263/773 115/1201/773 125/147/773
f 155/262/774 123/150/774 126/144/774
f 112/230/775 136/246/775 347/251/775
f 107/266/776 114/271/776 132/267/776
f 108/148/777 107/1216/777 137/269/777
f 111/270/778 134/244/778 136/246/778
f 114/271/779 113/1217/779 133/272/779
f 341/273/780 109/1218/780 131/274/780
f 110/276/781 130/612/781 134/277/781
f 109/149/782 108/148/782 135/247/782
f 146/279/134 138/1219/134 145/280/134
f 146/279/783 144/281/783 350/282/783
f 349/284/135 140/286/135 146/279/135
f 139/285/134 138/1219/134 146/279/134
f 122/222/784 121/1211/784 144/287/784
f 117/219/137 140/1220/137 349/288/137
f 118/289/785 141/608/785 142/290/785
f 116/291/139 139/1221/139 140/292/139
f 19/34/786 153/134/786 151/142/786
f 21/294/787 147/607/787 149/140/787
f 22/295/788 151/1200/788 352/139/788
f 18/21/789 23/20/789 152/296/789
f 25/297/790 149/1199/790 150/136/790
f 19/34/791 24/33/791 154/298/791
f 24/55/792 18/21/792 148/138/792
f 20/299/793 150/1222/793 353/300/793
f 78/302/794 77/118/794 155/262/794
f 74/303/795 164/318/795 165/304/795
f 76/117/796 156/261/796 155/262/796
f 75/306/797 160/264/797 354/260/797
f 159/308/798 160/1223/798 167/309/798
f 73/154/799 80/157/799 162/257/799
f 333/155/800 78/1203/800 157/255/800
f 80/157/801 79/1204/801 158/311/801
f 164/312/802 163/315/802 169/313/802
f 163/315/803 168/324/803 174/316/803
f 74/303/804 73/1224/804 163/317/804
f 75/319/805 165/333/805 167/320/805
f 159/308/806 166/310/806 168/322/806
f 73/154/807 161/258/807 168/324/807
f 170/325/808 176/1225/808 177/326/808
f 171/328/809 177/360/809 179/329/809
f 167/320/810 173/334/810 172/331/810
f 165/333/811 171/1226/811 173/334/811
f 165/335/812 164/1227/812 170/336/812
f 166/310/813 172/345/813 174/338/813
f 178/339/814 179/1228/814 185/340/814
f 175/342/815 181/1229/815 182/343/815
f 172/345/816 178/1230/816 180/346/816
f 169/347/817 174/1231/817 180/348/817
f 170/314/818 169/313/818 175/342/818
f 172/350/819 173/330/819 179/329/819
f 186/352/820 184/1232/820 190/353/820
f 182/355/175 188/1233/175 189/356/175
f 179/329/821 177/360/821 183/358/821
f 177/360/822 176/1234/822 182/361/822
f 178/339/823 184/341/823 186/362/823
f 180/348/824 186/1235/824 181/364/824
f 188/365/825 190/353/825 191/366/825
f 187/368/826 192/354/826 190/353/826
f 181/364/182 186/1235/182 192/369/182
f 182/371/183 181/364/183 187/370/183
f 185/359/184 191/375/184 190/373/184
f 183/358/185 189/1236/185 191/375/185
f 92/376/827 193/1237/827 194/377/827
f 98/379/828 13/383/828 196/169/828
f 88/380/11 83/441/11 197/166/11
f 3/378/829 194/377/829 197/381/829
f 13/383/830 88/1238/830 198/384/830
f 100/385/831 199/3/831 193/184/831
f 106/387/832 98/379/832 195/181/832
f 106/388/833 200/1/833 199/3/833
f 201/389/834 205/1239/834 233/390/834
f 204/392/835 232/468/835 235/393/835
f 207/394/836 235/393/836 236/395/836
f 224/396/837 204/392/837 207/394/837
f 223/397/838 221/209/838 205/211/838
f 228/399/839 227/402/839 203/400/839
f 227/402/840 226/438/840 208/403/840
f 228/404/841 202/1240/841 206/210/841
f 93/406/842 7/410/842 210/407/842
f 85/409/843 211/1241/843 210/407/843
f 97/411/844 212/1242/844 15/412/844
f 89/414/845 214/1205/845 211/167/845
f 213/413/846 15/412/846 214/416/846
f 97/418/847 93/475/847 209/419/847
f 219/421/848 215/424/848 251/422/848
f 215/424/849 220/1243/849 256/425/849
f 249/426/850 248/476/850 217/427/850
f 248/429/851 247/1244/851 219/430/851
f 250/432/11 218/436/11 220/433/11
f 249/435/852 216/1245/852 218/436/852
f 13/437/853 228/404/853 222/405/853
f 98/379/854 106/387/854 226/438/854
f 13/383/855 98/379/855 227/402/855
f 3/439/856 83/441/856 221/209/856
f 92/386/857 224/198/857 225/440/857
f 88/380/11 222/405/11 221/209/11
f 3/442/858 223/196/858 224/198/858
f 100/443/859 225/172/859 226/174/859
f 233/445/11 234/457/11 242/446/11
f 230/448/860 238/473/860 242/449/860
f 236/395/861 244/467/861 239/451/861
f 202/401/862 203/400/862 231/453/862
f 208/403/863 236/1246/863 231/453/863
f 202/401/864 230/454/864 234/455/864
f 205/211/11 206/210/11 234/457/11
f 201/389/865 229/391/865 232/458/865
f 238/459/866 237/463/866 241/460/866
f 238/459/225 239/464/225 240/462/225
f 239/464/225 244/1247/225 243/465/225
f 229/391/867 237/471/867 240/466/867
f 235/393/868 243/469/868 244/467/868
f 232/468/869 240/1248/869 243/469/869
f 229/391/870 233/390/870 241/470/870
f 230/448/871 231/1249/871 239/472/871
f 7/474/872 249/435/872 250/432/872
f 89/414/11 85/415/11 250/432/11
f 97/418/873 247/1244/873 248/429/873
f 7/410/874 93/406/874 248/476/874
f 213/477/875 89/414/875 245/434/875
f 213/479/876 246/175/876 247/177/876
f 251/422/877 256/425/877 254/481/877
f 253/483/878 255/1250/878 251/484/878
f 216/486/879 217/1251/879 253/487/879
f 217/431/880 219/430/880 255/489/880
f 218/436/11 254/1252/11 256/491/11
f 216/486/881 252/488/881 254/492/881
f 262/494/882 270/599/882 271/495/882
f 264/180/883 259/179/883 267/496/883
f 257/498/884 11/601/884 265/499/884
f 261/187/885 264/1253/885 272/501/885
f 310/503/886 307/588/886 257/498/886
f 365/504/887 309/586/887 260/505/887
f 308/507/888 312/178/888 264/180/888
f 314/509/889 263/523/889 259/179/889
f 268/511/890 277/1254/890 360/512/890
f 271/514/891 280/1255/891 276/515/891
f 359/517/892 269/502/892 278/518/892
f 265/499/893 274/530/893 277/520/893
f 258/500/894 265/499/894 268/521/894
f 261/187/895 269/502/895 359/517/895
f 263/523/896 271/1256/896 267/496/896
f 356/506/897 260/505/897 268/511/897
f 279/524/898 287/542/898 288/525/898
f 281/527/899 276/515/899 284/528/899
f 274/530/900 273/536/900 266/531/900
f 278/518/901 281/535/901 289/533/901
f 269/502/902 272/501/902 281/535/902
f 265/499/903 11/601/903 273/536/903
f 267/516/904 276/515/904 281/527/904
f 271/495/905 270/599/905 279/524/905
f 283/538/906 287/542/906 363/539/906
f 284/541/907 288/525/907 287/542/907
f 364/543/268 286/1257/268 283/544/268
f 283/544/268 286/1257/268 289/529/268
f 274/530/908 282/532/908 285/546/908
f 361/519/909 278/518/909 286/534/909
f 276/548/910 280/526/910 288/525/910
f 360/512/911 277/1254/911 285/549/911
f 290/550/912 291/557/912 294/551/912
f 292/553/913 293/1258/913 275/554/913
f 306/556/914 303/564/914 291/557/914
f 304/558/915 275/1259/915 293/14/915
f 306/560/916 290/1260/916 275/561/916
f 305/563/917 294/551/917 291/557/917
f 84/161/918 214/1205/918 296/565/918
f 5/567/919 299/574/919 300/568/919
f 94/570/920 300/579/920 297/571/920
f 5/567/921 84/1261/921 298/573/921
f 15/412/922 295/577/922 296/575/922
f 15/412/923 212/1242/923 297/576/923
f 298/566/924 296/565/924 305/563/924
f 299/574/925 306/1262/925 304/578/925
f 300/579/926 304/558/926 302/559/926
f 299/580/927 298/1263/927 303/581/927
f 295/577/928 301/585/928 305/583/928
f 295/577/929 297/576/929 302/584/929
f 82/170/930 314/509/930 311/510/930
f 95/205/931 91/199/931 312/178/931
f 334/162/932 84/161/932 309/586/932
f 5/587/933 94/207/933 307/588/933
f 84/589/934 5/587/934 310/503/934
f 337/203/935 95/204/935 308/591/935
f 91/199/936 1/171/936 311/510/936
f 87/593/11 313/30/11 314/32/11
f 337/203/937 366/592/937 307/588/937
f 87/593/938 334/162/938 365/504/938
f 279/524/911 360/512/911 363/539/911
f 273/594/939 361/519/939 364/547/939
f 266/596/268 364/543/268 362/545/268
f 362/540/940 363/539/940 285/549/940
f 262/494/941 356/506/941 358/513/941
f 357/600/942 359/1264/942 11/601/942
f 11/602/943 359/517/943 361/519/943
f 358/513/944 360/512/944 279/524/944
f 313/30/945 365/504/945 356/506/945
f 79/603/946 333/155/946 355/256/946
f 332/307/947 354/260/947 156/605/947
f 319/301/948 353/300/948 152/296/948
f 318/17/949 352/139/949 147/607/949
f 343/220/137 349/288/137 141/608/137
f 141/609/950 349/284/950 351/283/950
f 351/283/134 350/282/134 143/611/134
f 341/273/131 348/275/131 130/612/131
f 342/231/951 347/251/951 133/613/951
f 156/605/952 354/260/952 346/152/952
f 355/256/953 345/229/953 129/253/953
f 347/251/954 344/250/954 121/616/954
f 121/617/762 344/234/762 350/236/762
f 345/229/108 342/231/108 113/614/108
f 130/215/955 348/218/955 343/220/955
f 104/619/753 340/4/753 338/195/753
f 102/621/956 339/27/956 337/203/956
f 96/620/957 338/195/957 316/38/957
f 366/592/958 357/600/958 257/498/958
f 335/168/959 336/160/959 90/163/959
f 336/160/81 334/162/81 87/593/81
f 53/91/960 326/95/960 332/159/960
f 327/101/961 333/155/961 79/603/961
f 124/625/962 346/1265/962 341/273/962
f 147/607/963 352/139/963 331/49/963
f 152/626/964 353/131/964 330/132/964
f 324/108/965 329/93/965 61/628/965
f 325/127/966 328/99/966 59/629/966
f 322/61/967 324/108/967 44/129/967
f 38/632/968 323/65/968 325/105/968
f 59/629/969 328/99/969 327/101/969
f 61/628/970 329/93/970 326/95/970
f 330/132/971 321/1266/971 31/633/971
f 321/66/972 323/65/972 38/632/972
f 29/47/973 320/50/973 322/61/973
f 12/634/974 317/25/974 319/59/974
f 65/141/975 331/49/975 320/50/975
f 9/622/14 316/38/14 335/37/14
f 6/58/976 317/25/976 339/27/976
f 315/18/977 318/17/977 21/294/977
f 104/619/978 10/16/978 315/18/978
f 380/637/979 370/664/979 369/638/979
f 375/640/980 376/652/980 374/641/980
f 381/643/981 382/671/981 372/644/981
f 378/646/982 368/654/982 367/647/982
f 384/649/983 381/1267/983 371/650/983
f 376/652/984 389/667/984 388/653/984
f 368/654/985 378/646/985 390/655/985
f 384/649/986 377/651/986 367/657/986
f 372/659/987 378/646/987 377/648/987
f 370/661/988 376/652/988 375/640/988
f 369/663/986 375/669/986 384/649/986
f 370/664/989 380/637/989 391/665/989
f 370/661/990 386/1268/990 389/667/990
f 373/668/991 381/1267/991 384/649/991
f 373/670/992 374/682/992 382/671/992
f 368/672/993 380/637/993 379/639/993
f 389/667/994 386/1268/994 394/674/994
f 388/676/995 396/773/995 400/677/995
f 388/653/996 389/667/996 397/675/996
f 385/656/997 390/655/997 398/680/997
f 374/682/998 388/676/998 392/678/998
f 368/672/999 385/1269/999 391/665/999
f 372/644/1000 382/671/1000 392/678/1000
f 378/646/1001 372/659/1001 387/684/1001
f 453/685/1002 404/715/1002 403/686/1002
f 452/688/1003 449/691/1003 405/689/1003
f 449/691/1004 450/1270/1004 402/692/1004
f 451/693/1005 452/774/1005 393/694/1005
f 392/678/1006 400/677/1006 395/696/1006
f 386/666/1007 391/665/1007 399/697/1007
f 391/665/1008 385/1269/1008 383/699/1008
f 387/684/1009 395/775/1009 398/680/1009
f 442/700/1010 446/727/1010 414/701/1010
f 443/703/1011 415/710/1011 410/704/1011
f 441/706/1012 442/1271/1012 409/707/1012
f 443/703/1013 444/1272/1013 411/709/1013
f 454/711/1014 403/771/1014 407/712/1014
f 456/714/1015 401/772/1015 404/715/1015
f 450/716/1016 455/713/1016 407/712/1016
f 451/693/1017 406/695/1017 401/718/1017
f 408/720/1018 417/758/1018 423/721/1018
f 414/701/1019 423/721/1019 418/722/1019
f 415/710/1020 424/737/1020 419/723/1020
f 412/708/1021 409/707/1021 418/724/1021
f 447/726/1022 408/720/1022 414/701/1022
f 445/728/1023 410/743/1023 413/729/1023
f 448/730/1024 413/729/1024 408/731/1024
f 444/733/1025 441/706/1025 412/708/1025
f 418/722/1026 423/721/1026 430/735/1026
f 424/737/1027 431/742/1027 426/738/1027
f 421/725/1028 418/724/1028 425/739/1028
f 424/737/1029 420/747/1029 427/741/1029
f 410/743/1030 419/759/1030 422/744/1030
f 413/729/1031 422/744/1031 417/745/1031
f 411/734/1032 412/708/1032 421/725/1032
f 415/710/1033 411/709/1033 420/747/1033
f 431/742/1034 427/741/1034 435/748/1034
f 427/750/1035 428/740/1035 436/751/1035
f 429/753/1036 437/757/1036 432/754/1036
f 429/753/1037 426/1273/1037 434/756/1037
f 417/758/1038 416/1274/1038 430/735/1038
f 419/759/1039 426/1273/1039 429/753/1039
f 422/744/1040 429/753/1040 416/755/1040
f 420/746/1041 421/725/1041 428/740/1041
f 440/760/408 438/1275/408 432/761/408
f 440/760/410 437/762/410 434/763/410
f 435/765/408 436/767/408 440/760/408
f 433/766/409 438/1275/409 440/760/409
f 425/739/1042 433/1276/1042 436/751/1042
f 426/738/1043 431/742/1043 439/749/1043
f 430/735/1044 438/1275/1044 433/766/1044
f 416/755/1045 432/754/1045 438/769/1045
f 404/715/1046 441/706/1046 444/733/1046
f 393/690/1047 405/689/1047 448/730/1047
f 405/689/1048 402/692/1048 445/728/1048
f 406/695/1049 393/694/1049 447/726/1049
f 403/771/1050 444/1272/1050 443/703/1050
f 401/772/1051 442/1271/1051 441/706/1051
f 402/717/1052 407/712/1052 443/703/1052
f 406/695/1053 446/727/1053 442/700/1053
f 394/698/1054 399/697/1054 451/693/1054
f 400/677/1055 455/713/1055 450/716/1055
f 397/675/1056 394/674/1056 456/714/1056
f 396/773/1057 454/711/1057 455/713/1057
f 399/697/1058 383/699/1058 452/774/1058
f 395/775/1059 450/1270/1059 449/691/1059
f 383/681/1060 398/680/1060 449/691/1060
f 397/675/1061 453/685/1061 454/687/1061
f 470/776/1062 460/803/1062 459/777/1062
f 465/779/1063 466/791/1063 464/780/1063
f 471/782/1064 472/808/1064 462/783/1064
f 467/785/1065 468/793/1065 458/786/1065
f 474/788/1066 471/1277/1066 461/789/1066
f 466/791/1067 479/804/1067 478/792/1067
f 468/793/1068 480/824/1068 475/794/1068
f 474/788/1069 467/790/1069 457/795/1069
f 462/797/1070 468/793/1070 467/785/1070
f 460/799/1071 466/791/1071 465/779/1071
f 459/801/1069 465/806/1069 474/788/1069
f 470/776/1072 481/821/1072 476/802/1072
f 460/799/1073 476/1278/1073 479/804/1073
f 463/805/1074 471/1277/1074 474/788/1074
f 463/807/1075 464/1279/1075 472/808/1075
f 457/809/1076 458/820/1076 470/776/1076
f 476/802/1077 484/838/1077 487/810/1077
f 478/812/1078 486/1280/1078 490/813/1078
f 478/792/1079 479/804/1079 487/815/1079
f 475/817/1080 480/1281/1080 488/818/1080
f 472/808/1081 464/1279/1081 478/812/1081
f 458/820/1082 475/1282/1082 481/821/1082
f 462/783/1083 472/808/1083 482/814/1083
f 468/793/1084 462/797/1084 477/823/1084
f 536/825/1085 535/857/1085 494/826/1085
f 531/828/1086 495/832/1086 483/829/1086
f 531/828/1087 532/922/1087 492/831/1087
f 534/833/1088 483/1283/1088 496/834/1088
f 482/814/1089 490/813/1089 485/836/1089
f 476/802/1090 481/821/1090 489/837/1090
f 481/839/1091 475/817/1091 473/819/1091
f 477/822/1092 485/836/1092 488/841/1092
f 540/843/1093 544/1284/1093 504/844/1093
f 541/846/1094 505/1285/1094 500/847/1094
f 539/849/1095 540/843/1095 499/845/1095
f 542/851/1096 501/876/1096 505/852/1096
f 537/854/1097 536/1286/1097 493/855/1097
f 535/857/1098 538/1287/1098 491/858/1098
f 532/859/1099 537/854/1099 497/856/1099
f 533/835/1100 496/834/1100 491/861/1100
f 498/863/1101 507/890/1101 513/864/1101
f 504/844/1102 513/1288/1102 508/866/1102
f 500/847/1103 505/1285/1103 514/867/1103
f 502/850/1104 499/845/1104 508/866/1104
f 544/870/1105 545/874/1105 498/863/1105
f 543/848/1106 500/847/1106 503/871/1106
f 546/873/1107 503/889/1107 498/863/1107
f 542/851/1108 539/1289/1108 502/875/1108
f 508/877/1109 513/1290/1109 520/878/1109
f 514/880/1110 521/887/1110 516/881/1110
f 511/883/1111 508/1291/1111 515/884/1111
f 510/886/1112 517/1292/1112 521/887/1112
f 500/847/1113 509/868/1113 512/888/1113
f 503/889/1114 512/1293/1114 507/890/1114
f 501/876/1115 502/875/1115 511/883/1115
f 505/892/1116 501/1294/1116 510/886/1116
f 517/893/1117 525/896/1117 529/894/1117
f 518/885/1118 526/911/1118 525/896/1118
f 506/897/1119 519/905/1119 527/898/1119
f 519/900/1120 516/881/1120 524/901/1120
f 513/864/1121 507/890/1121 506/897/1121
f 509/868/1122 516/1295/1122 519/904/1122
f 507/890/1123 512/1293/1123 519/905/1123
f 511/883/1124 518/885/1124 517/893/1124
f 530/906/494 528/1296/494 522/907/494
f 530/906/495 527/908/495 524/909/495
f 525/896/496 526/911/496 530/906/496
f 523/910/494 528/1296/494 530/906/494
f 515/884/1125 523/910/1125 526/911/1125
f 516/881/1126 521/887/1126 529/912/1126
f 515/879/1127 520/878/1127 528/913/1127
f 520/903/1128 506/897/1128 522/899/1128
f 489/837/1129 533/835/1129 538/862/1129
f 490/813/1130 537/854/1130 532/859/1130
f 484/838/1131 538/862/1131 535/916/1131
f 486/816/1132 536/825/1132 537/917/1132
f 489/919/1133 473/923/1133 534/830/1133
f 488/921/1134 485/1297/1134 532/922/1134
f 473/923/1135 488/921/1135 531/828/1135
f 487/815/1136 535/857/1136 536/825/1136
f 547/924/1137 539/1298/1137 542/925/1137
f 554/927/1138 550/948/1138 546/873/1138
f 550/928/1139 549/937/1139 543/848/1139
f 561/929/1140 563/961/1140 560/930/1140
f 552/932/1141 542/1299/1141 541/846/1141
f 551/934/1142 540/964/1142 539/935/1142
f 548/933/1143 541/846/1143 543/848/1143
f 562/938/1144 561/968/1144 559/939/1144
f 491/861/1145 496/834/1145 553/941/1145
f 497/856/1146 548/933/1146 549/937/1146
f 491/943/1147 551/934/1147 547/936/1147
f 493/855/1148 552/932/1148 548/933/1148
f 496/834/1149 483/1283/1149 554/945/1149
f 495/946/1150 492/860/1150 549/937/1150
f 483/947/1151 495/1300/1151 550/948/1151
f 494/826/1152 547/924/1152 552/926/1152
f 558/949/1153 570/1301/1153 572/950/1153
f 555/951/1154 557/940/1154 569/952/1154
f 564/954/1155 556/976/1155 558/955/1155
f 562/957/1156 557/1302/1156 555/958/1156
f 565/960/1157 558/949/1157 560/930/1157
f 566/959/1158 555/958/1158 556/962/1158
f 540/964/1159 551/934/1159 566/959/1159
f 544/870/1160 565/960/1160 563/961/1160
f 551/934/1161 553/1303/1161 562/957/1161
f 540/965/1162 564/954/1162 565/956/1162
f 553/967/1163 554/1304/1163 561/968/1163
f 545/874/1164 563/961/1164 561/929/1164
f 569/969/1165 571/1305/1165 572/970/1165
f 567/972/1166 569/1306/1166 570/973/1166
f 557/940/1167 559/939/1167 571/975/1167
f 556/976/1168 568/1307/1168 570/977/1168
f 559/931/1169 560/930/1169 572/950/1169
f 556/962/1170 555/958/1170 567/979/1170
f 585/981/1171 586/1006/1171 576/982/1171
f 581/984/1172 582/996/1172 580/985/1172
f 588/987/1173 578/1024/1173 577/988/1173
f 583/990/1174 584/1027/1174 574/991/1174
f 590/993/1175 587/1308/1175 577/994/1175
f 582/996/1176 595/1309/1176 594/997/1176
f 574/991/1177 584/1027/1177 596/998/1177
f 590/993/1178 583/995/1178 573/1000/1178
f 578/1002/1179 584/1027/1179 583/990/1179
f 575/1004/1180 576/1310/1180 582/996/1180
f 575/1005/1178 581/1011/1178 590/993/1178
f 586/1006/1181 597/1311/1181 592/1007/1181
f 576/982/1182 592/1007/1182 595/1008/1182
f 579/1010/1183 587/1308/1183 590/993/1183
f 579/1012/1184 580/1312/1184 588/987/1184
f 573/1013/1185 574/1313/1185 586/1006/1185
f 595/1008/1186 592/1007/1186 600/1014/1186
f 598/1016/1187 594/997/1187 602/1017/1187
f 594/997/1188 595/1309/1188 603/1019/1188
f 596/998/1189 604/1314/1189 589/1020/1189
f 580/985/1190 594/997/1190 598/1016/1190
f 574/991/1191 591/999/1191 597/1022/1191
f 578/1024/1192 588/987/1192 598/1025/1192
f 584/1027/1193 578/1002/1193 593/1028/1193
f 659/1029/1194 610/1059/1194 609/1030/1194
f 658/1032/1195 655/1036/1195 611/1033/1195
f 656/1035/1196 608/1125/1196 611/1033/1196
f 657/1037/1197 658/1139/1197 599/1038/1197
f 598/1025/1198 606/1134/1198 601/1040/1198
f 592/1007/1199 597/1311/1199 605/1041/1199
f 591/999/1200 589/1020/1200 605/1042/1200
f 593/1026/1201 601/1040/1201 604/1043/1201
f 663/1045/1202 665/1156/1202 620/1046/1202
f 668/1048/1203 621/1054/1203 616/1049/1203
f 667/1051/1204 663/1045/1204 615/1047/1204
f 668/1048/1205 664/1148/1205 617/1053/1205
f 660/1055/1206 609/1129/1206 613/1056/1206
f 659/1029/1207 662/1315/1207 607/1058/1207
f 661/1057/1208 613/1056/1208 608/1060/1208
f 662/1062/1209 657/1037/1209 612/1039/1209
f 614/1064/1210 623/1316/1210 629/1065/1210
f 615/1047/1211 620/1046/1211 629/1067/1211
f 621/1054/1212 630/1083/1212 625/1069/1212
f 618/1052/1213 615/1047/1213 624/1068/1213
f 666/1071/1214 614/1077/1214 620/1072/1214
f 669/1074/1215 616/1317/1215 619/1075/1215
f 670/1076/1216 619/1075/1216 614/1077/1216
f 664/1078/1217 667/1141/1217 618/1079/1217
f 624/1068/1218 629/1067/1218 636/1081/1218
f 630/1083/1219 637/1318/1219 632/1084/1219
f 627/1070/1220 624/1068/1220 631/1082/1220
f 630/1086/1221 626/1093/1221 633/1087/1221
f 616/1049/1222 625/1069/1222 628/1089/1222
f 619/1075/1223 628/1108/1223 623/1091/1223
f 617/1080/1224 618/1079/1224 627/1092/1224
f 621/1094/1225 617/1080/1225 626/1093/1225
f 637/1095/1226 633/1098/1226 641/1096/1226
f 633/1098/1227 634/1319/1227 642/1099/1227
f 635/1100/1228 643/1111/1228 638/1101/1228
f 635/1103/1229 632/1084/1229 640/1104/1229
f 623/1091/1230 622/1102/1230 636/1106/1230
f 625/1069/1231 632/1084/1231 635/1103/1231
f 628/1108/1232 635/1100/1232 622/1102/1232
f 626/1093/1233 627/1092/1233 634/1109/1233
f 646/1110/1234 644/1320/1234 638/1101/1234
f 646/1110/1234 643/1111/1234 640/1112/1234
f 641/1114/1235 642/1116/1235 646/1110/1235
f 639/1115/608 644/1320/608 646/1110/608
f 631/1082/1236 639/1119/1236 642/1117/1236
f 632/1084/1237 637/1318/1237 645/1118/1237
f 636/1081/1238 644/1321/1238 639/1119/1238
f 622/1120/1239 638/1322/1239 644/1121/1239
f 610/1059/1240 647/1131/1240 650/1123/1240
f 611/1033/1241 654/1126/1241 653/1124/1241
f 608/1125/1242 651/1145/1242 654/1126/1242
f 612/1039/1243 599/1038/1243 653/1127/1243
f 609/1129/1244 650/1323/1244 649/1130/1244
f 607/1058/1245 648/1149/1245 647/1131/1245
f 613/1056/1246 649/1130/1246 651/1132/1246
f 612/1039/1247 652/1128/1247 648/1133/1247
f 600/1014/1248 605/1041/1248 657/1037/1248
f 606/1134/1249 661/1057/1249 656/1061/1249
f 600/1135/1250 662/1324/1250 659/1136/1250
f 602/1017/1251 660/1031/1251 661/1138/1251
f 605/1041/1252 589/1325/1252 658/1139/1252
f 604/1043/1253 601/1040/1253 656/1061/1253
f 589/1020/1254 604/1314/1254 655/1036/1254
f 603/1019/1255 659/1029/1255 660/1031/1255
f 650/1123/1256 647/1131/1256 667/1141/1256
f 654/1142/1257 672/1326/1257 673/1143/1257
f 651/1145/1258 669/1074/1258 670/1076/1258
f 653/1144/1259 673/1143/1259 674/1146/1259
f 649/1130/1260 650/1323/1260 664/1148/1260
f 648/1149/1204 663/1327/1204 667/1141/1204
f 651/1132/1261 649/1130/1261 668/1048/1261
f 652/1128/1202 665/1156/1202 663/1045/1202
f 671/1150/1262 677/1328/1262 678/1151/1262
f 673/1143/1263 679/1182/1263 680/1153/1263
f 670/1154/1264 671/1150/1264 672/1152/1264
f 665/1156/1265 652/1128/1265 674/1157/1265
f 666/1159/1266 665/1329/1266 675/1160/1266
f 666/1159/1267 676/1161/1267 671/1162/1267
f 682/1164/1268 681/1176/1268 687/1165/1268
f 679/1167/1269 678/1151/1269 684/1168/1269
f 676/1161/1270 682/1164/1270 677/1170/1270
f 675/1158/1271 674/1157/1271 680/1171/1271
f 672/1173/1272 678/1330/1272 679/1174/1272
f 676/1161/1273 675/1160/1273 681/1176/1273
f 684/1177/1274 683/1331/1274 688/1178/1274
f 685/1179/1275 688/1178/1275 687/1180/1275
f 679/1182/1276 685/1332/1276 686/1183/1276
f 678/1151/1277 677/1328/1277 683/1184/1277
f 677/1170/1278 682/1164/1278 688/1166/1278
f 681/1172/1279 680/1171/1279 686/1186/1279
g crown_1_a_Mesh
v -0.650973 4.282035 -0.646699
v -0.704911 4.772805 -0.759945
v -0.311686 4.371207 -0.811205
v -0.521723 4.818517 -0.841593
v -0.606574 4.446550 -0.290173
v -0.664423 4.846842 -0.627654
v -0.112203 4.578335 -0.490717
v -0.481236 4.892555 -0.709302
v -0.066677 4.504253 -0.711920
v -0.413288 4.860528 -0.827950
v -0.732709 4.324908 -0.445972
v -0.818450 4.752852 -0.662820
v -0.530599 4.267654 -0.789274
v -0.687176 4.716249 -0.884425
v -0.366801 4.539308 -0.319620
v -0.514467 4.917784 -0.588852
v -0.625418 4.821881 -0.744986
v -0.554765 4.678824 -0.959585
v -0.780858 4.346660 -0.689071
v -0.855875 4.381739 -0.741743
v -0.931473 4.489076 -0.768386
v -0.379805 4.641916 -1.022761
v -0.258442 4.524669 -1.004579
v -0.282640 4.465242 -0.907915
v -0.145130 4.893077 -0.630291
v -0.085410 4.825584 -0.546100
v -0.122445 4.699060 -0.500822
v -0.794296 4.738068 -0.324536
v -0.742509 4.658327 -0.260954
v -0.640757 4.571569 -0.265462
v -0.991807 4.587254 -0.475237
v -0.952444 4.476461 -0.425278
v -0.860441 4.427204 -0.425868
v -0.116294 4.802449 -0.860035
v -0.046262 4.710854 -0.844554
v -0.051744 4.589099 -0.763975
v -0.442594 4.853677 -0.328647
v -0.389886 4.797129 -0.298649
v -0.337928 4.705071 -0.341819
v -0.619659 4.526546 -1.018939
v -0.597966 4.416623 -0.978540
v -0.539426 4.353677 -0.882439
v -0.652856 4.656239 -0.967538
v -0.405805 4.738714 -0.988078
v -0.231204 4.880442 -0.872104
v -0.277805 4.955487 -0.651111
v -0.500598 4.934665 -0.470044
v -0.755989 4.813191 -0.425126
v -0.926552 4.690519 -0.553001
v -0.875649 4.635416 -0.786472
v -0.597733 4.779557 -0.854725
v -0.480700 4.802796 -0.894100
v -0.464203 4.864838 -0.792061
v -0.419003 4.915619 -0.692506
v -0.564591 4.884765 -0.641558
v -0.682816 4.840764 -0.569873
v -0.721944 4.800522 -0.677185
v -0.759853 4.733136 -0.769680
v -0.574100 4.294887 -0.585757
v -0.286093 4.366755 -0.714123
v -0.543293 4.410690 -0.345262
v -0.218283 4.492614 -0.488189
v -0.182158 4.452191 -0.620538
v -0.599275 4.347899 -0.435109
v -0.443049 4.307135 -0.692263
v -0.353489 4.470909 -0.399629
v -0.398269 4.389022 -0.545946
v -0.265743 4.567252 -0.386910
v -0.353836 4.329766 -0.825726
v -0.389202 4.945076 -0.560578
v -0.529886 4.851602 -0.764551
v -0.238466 4.683383 -0.417896
v -0.187595 4.856057 -0.438199
v -0.343845 4.899987 -0.451862
v -0.367013 4.422297 -0.899095
v -0.424626 4.475013 -1.020208
v -0.485035 4.577849 -1.020581
v -0.556766 4.773902 -0.883506
v -0.482514 4.909684 -0.640890
v -0.573121 4.795495 -0.831914
v -0.522913 4.888659 -0.675430
v -0.326713 4.460997 -0.450582
v -0.368349 4.331895 -0.711167
v -0.296964 4.414301 -0.591098
v -0.572901 4.282895 -0.732449
v -0.650817 4.844927 -0.424462
v -0.650544 4.828886 -0.693389
v -0.805299 4.632093 -0.866919
v -0.468413 4.506833 -0.291069
v -0.713720 4.319776 -0.752348
v -0.800859 4.395893 -0.865565
v -0.783845 4.502873 -0.888366
v -0.490741 4.626181 -0.291934
v -0.576320 4.740810 -0.238589
v -0.613881 4.822970 -0.311169
v -0.622090 4.874854 -0.578680
v -0.735172 4.727534 -0.808335
v -0.610069 4.864300 -0.635123
v -0.682057 4.770154 -0.789773
v -0.508574 4.301011 -0.639010
v -0.498725 4.364365 -0.500207
v -0.460999 4.434470 -0.374312
v -0.143548 4.442349 -0.778114
v -0.894881 4.649548 -0.664129
v -0.284477 4.810891 -0.941240
v -0.733173 4.293142 -0.560787
v -0.608563 4.809481 -0.782365
v -0.179813 4.553475 -0.846804
v -0.116515 4.634250 -0.963894
v -0.182188 4.707982 -0.955402
v -0.839759 4.374585 -0.523189
v -0.962490 4.448381 -0.581232
v -0.961640 4.538165 -0.621812
v -0.772831 4.754255 -0.706622
v -0.436874 4.838089 -0.856360
v -0.713427 4.786663 -0.718565
v -0.492963 4.841678 -0.816827
v -0.203682 4.414503 -0.686936
v -0.606287 4.302742 -0.534052
v -0.420659 4.348078 -0.619105
v -0.330768 4.375623 -0.647146
v -0.550763 4.825579 -0.799596
v -0.504074 4.332376 -0.569902
v -0.660995 4.798072 -0.750465
v -0.286858 4.919530 -0.752582
v -0.647069 4.405635 -0.344571
v -0.089440 4.541294 -0.601318
v -0.862106 4.745820 -0.513386
v -0.567041 4.856604 -0.714428
v -0.757963 4.485136 -0.347692
v -0.870447 4.553257 -0.321000
v -0.902625 4.668384 -0.376545
v -0.085324 4.652985 -0.647490
v -0.021115 4.791049 -0.693692
v -0.109234 4.852606 -0.762518
v -0.378959 4.920765 -0.721751
v -0.741982 4.810667 -0.605825
v -0.472720 4.878696 -0.750682
v -0.693183 4.823682 -0.652420
v -0.555662 4.374876 -0.416706
v -0.209049 4.461369 -0.571193
v -0.375879 4.429965 -0.472788
v -0.292464 4.445667 -0.521991
v -0.533152 4.873580 -0.704909
v -0.465771 4.402421 -0.444747
v -0.636632 4.842623 -0.670860
v -0.136554 3.789462 -0.781907
v -0.200720 4.349277 -1.291422
v 0.321630 3.786093 -0.988617
v 0.046554 4.352064 -1.391453
v -0.078254 4.430339 -0.393718
v -0.146682 4.609389 -1.150594
v 0.588991 4.472035 -0.642214
v 0.100593 4.612175 -1.250625
v 0.651263 4.125933 -0.884824
v 0.192508 4.444518 -1.375589
v -0.247651 4.062455 -0.554629
v -0.354334 4.411681 -1.171095
v 0.026200 3.628444 -0.939435
v -0.176469 4.132158 -1.419543
v 0.245087 4.567622 -0.440739
v 0.055141 4.777846 -1.110078
v -0.093511 4.448537 -1.285634
v 0.001418 4.016140 -1.465236
v -0.309464 3.812438 -0.916513
v -0.409075 3.790851 -1.031578
v -0.508693 3.900843 -1.161010
v 0.236278 3.921210 -1.484489
v 0.397244 3.795084 -1.348797
v 0.362938 3.815485 -1.180155
v 0.550755 4.756131 -1.060879
v 0.629055 4.764691 -0.883572
v 0.577085 4.630173 -0.742344
v -0.325586 4.774597 -0.688602
v -0.257895 4.741359 -0.533132
v -0.122573 4.629791 -0.454605
v -0.591220 4.359515 -0.839491
v -0.540507 4.264940 -0.684267
v -0.417767 4.209357 -0.628702
v 0.590484 4.374274 -1.307821
v 0.682974 4.273159 -1.206041
v 0.673049 4.190169 -1.011829
v 0.148002 4.990875 -0.689506
v 0.217603 4.952942 -0.596200
v 0.286434 4.782367 -0.579330
v -0.087235 3.723075 -1.457135
v -0.060119 3.616132 -1.319964
v 0.016542 3.644322 -1.129675
v -0.130436 3.959291 -1.484227
v 0.202431 4.093182 -1.510079
v 0.437550 4.452666 -1.406301
v 0.373851 4.799722 -1.164908
v 0.072781 4.937470 -0.954630
v -0.272085 4.774323 -0.870137
v -0.501391 4.429142 -1.002563
v -0.431506 4.097040 -1.273950
v -0.055855 4.269762 -1.400897
v 0.101905 4.277449 -1.443036
v 0.123891 4.482687 -1.341394
v 0.184252 4.673824 -1.228433
v -0.012048 4.663712 -1.171952
v -0.172036 4.662691 -1.071155
v -0.224018 4.478766 -1.200652
v -0.274908 4.273202 -1.290602
v -0.033848 3.888591 -0.688230
v 0.354916 3.892972 -0.845498
v 0.006698 4.327880 -0.429519
v 0.445403 4.336158 -0.604900
v 0.494641 4.136053 -0.750617
v -0.068401 4.128874 -0.523370
v 0.143246 3.807565 -0.811918
v 0.262781 4.382945 -0.500401
v 0.203013 4.095255 -0.656160
v 0.381766 4.548036 -0.528487
v 0.264629 3.704202 -0.990078
v 0.223316 4.868596 -1.059769
v 0.035292 4.484177 -1.310149
v 0.420347 4.682289 -0.645158
v 0.491290 4.912526 -0.780616
v 0.282417 4.934134 -0.867655
v 0.249026 3.750838 -1.158589
v 0.173717 3.680201 -1.376045
v 0.094146 3.815780 -1.462466
v -0.000677 4.236058 -1.426762
v 0.098427 4.713092 -1.168491
v -0.022836 4.321966 -1.374556
v 0.044272 4.637944 -1.211289
v 0.299084 4.316003 -0.557311
v 0.244021 3.833540 -0.837113
v 0.339759 4.096797 -0.711478
v -0.030918 3.707020 -0.881875
v -0.130524 4.837105 -0.865830
v -0.127648 4.512349 -1.225421
v -0.336345 4.013371 -1.365572
v 0.107995 4.537185 -0.403394
v -0.219124 3.714134 -0.968897
v -0.333793 3.680756 -1.198826
v -0.309196 3.809567 -1.300345
v 0.079760 4.701790 -0.492747
v -0.033960 4.910346 -0.519362
v -0.082437 4.939214 -0.685480
v -0.089980 4.710968 -1.092274
v -0.241480 4.225842 -1.334052
v -0.073426 4.634558 -1.159871
v -0.169791 4.315720 -1.325189
v 0.054698 3.848078 -0.750074
v 0.067409 4.095394 -0.600258
v 0.117752 4.342301 -0.466188
v 0.547909 3.951367 -0.951723
v -0.458354 4.251372 -1.119717
v 0.365778 4.267777 -1.466254
v -0.247560 3.888385 -0.691010
v -0.070693 4.391703 -1.324499
v 0.501547 4.025877 -1.132254
v 0.588830 4.019133 -1.334421
v 0.501688 4.122556 -1.389707
v -0.389781 4.028801 -0.721396
v -0.552800 4.048336 -0.882242
v -0.549957 4.130179 -1.000251
v -0.292660 4.371864 -1.221442
v 0.160830 4.376975 -1.404894
v -0.212369 4.414021 -1.246037
v 0.085223 4.417375 -1.366423
v 0.465898 4.004556 -0.821224
v -0.077449 3.952587 -0.630164
v 0.173129 3.951410 -0.734039
v 0.294420 3.973532 -0.770093
v 0.007265 4.404539 -1.345461
v 0.060483 3.970896 -0.675458
v -0.141531 4.402863 -1.285268
v 0.362222 4.633307 -1.282061
v -0.132620 4.304672 -0.450124
v 0.620127 4.298984 -0.763519
v -0.414532 4.562480 -0.970731
v -0.014998 4.541546 -1.253483
v -0.280234 4.395901 -0.536343
v -0.430450 4.504225 -0.573950
v -0.471404 4.599835 -0.738145
v 0.627724 4.406133 -0.903642
v 0.716329 4.560374 -1.047584
v 0.599682 4.556056 -1.206449
v 0.238351 4.654761 -1.262652
v -0.251487 4.570052 -1.114141
v 0.112242 4.547431 -1.296009
v -0.185350 4.544078 -1.175623
v -0.009684 4.194856 -0.506172
v 0.458190 4.200129 -0.695443
v 0.232897 4.239100 -0.578280
v 0.345544 4.219615 -0.636861
v 0.030619 4.581796 -1.243947
v 0.111606 4.216978 -0.542226
v -0.109014 4.559383 -1.200526
v 1.821880 3.612679 -0.823981
v 2.361054 3.261962 -1.011752
v 1.771380 3.327421 -0.639932
v 2.333773 3.115343 -0.907233
v 2.140524 3.810315 -0.564474
v 2.488023 3.321254 -0.895437
v 2.084415 3.426708 -0.270130
v 2.460741 3.174634 -0.790918
v 1.899896 3.267725 -0.368729
v 2.359222 3.072640 -0.805482
v 1.971743 3.781950 -0.767901
v 2.405890 3.387497 -1.046232
v 1.717628 3.465735 -0.809593
v 2.242055 3.182949 -1.072459
v 2.173307 3.665628 -0.379665
v 2.545917 3.271952 -0.742921
v 2.402854 3.224766 -0.936151
v 2.134280 3.102185 -0.998795
v 1.914538 3.578483 -0.978098
v 1.954413 3.536160 -1.085840
v 2.088443 3.476147 -1.185786
v 2.020565 3.019066 -0.878694
v 1.859650 3.064287 -0.741862
v 1.834938 3.185600 -0.690935
v 2.403560 3.144778 -0.434196
v 2.342461 3.235967 -0.314870
v 2.223196 3.354558 -0.301616
v 2.514763 3.674371 -0.794403
v 2.433485 3.757181 -0.694574
v 2.304231 3.772054 -0.594648
v 2.332978 3.686840 -1.055118
v 2.213629 3.778826 -0.971728
v 2.131981 3.779125 -0.882755
v 2.200910 2.992486 -0.551512
v 2.082240 3.035989 -0.466132
v 1.973996 3.172719 -0.401187
v 2.554426 3.506417 -0.494354
v 2.486662 3.547821 -0.419305
v 2.349273 3.547232 -0.389739
v 1.951545 3.154604 -1.077968
v 1.834128 3.243099 -1.017092
v 1.783275 3.342175 -0.891381
v 2.130859 3.136020 -1.089849
v 2.153281 3.002437 -0.891149
v 2.316982 2.972218 -0.673379
v 2.502820 3.130801 -0.576016
v 2.608336 3.358993 -0.652433
v 2.552422 3.537047 -0.837244
v 2.405100 3.545557 -1.061827
v 2.236375 3.364212 -1.166267
v 2.303504 3.147505 -0.979750
v 2.284160 3.067921 -0.903590
v 2.391706 3.115153 -0.827807
v 2.477643 3.158274 -0.726341
v 2.500219 3.260009 -0.819509
v 2.508441 3.378663 -0.872303
v 2.430090 3.321443 -0.974863
v 2.325733 3.291349 -1.062863
v 1.840349 3.635032 -0.715108
v 1.797457 3.404518 -0.550783
v 2.060666 3.765439 -0.539899
v 2.013973 3.506487 -0.353265
v 1.905752 3.406668 -0.404732
v 1.967444 3.740225 -0.643021
v 1.778283 3.500806 -0.670157
v 2.059141 3.631962 -0.412862
v 1.918712 3.566384 -0.541510
v 2.152712 3.564455 -0.337357
v 1.728753 3.350079 -0.682492
v 2.555578 3.244897 -0.614225
v 2.404456 3.164495 -0.866877
v 2.268090 3.466458 -0.348458
v 2.447008 3.339551 -0.338271
v 2.533855 3.348558 -0.494192
v 1.810847 3.240892 -0.755690
v 1.839799 3.126070 -0.896124
v 1.974879 3.086370 -0.964063
v 2.274868 3.114585 -0.961442
v 2.507722 3.223324 -0.748125
v 2.324422 3.150930 -0.944178
v 2.480480 3.217322 -0.805213
v 2.020636 3.586732 -0.421778
v 1.779888 3.449795 -0.618614
v 1.903625 3.485302 -0.483710
v 1.768711 3.517434 -0.811418
v 2.561735 3.489984 -0.745878
v 2.437804 3.271671 -0.924940
v 2.182467 3.277962 -1.156568
v 2.173632 3.736747 -0.448019
v 1.840870 3.520640 -0.956709
v 1.907849 3.408043 -1.121470
v 2.018525 3.324941 -1.135150
v 2.317622 3.676620 -0.484012
v 2.494049 3.682988 -0.539959
v 2.570858 3.587171 -0.633319
v 2.528508 3.335038 -0.827762
v 2.297592 3.254727 -1.065928
v 2.491003 3.289752 -0.853621
v 2.340274 3.231689 -1.010891
v 1.809316 3.567919 -0.692632
v 1.934527 3.647376 -0.598227
v 2.055160 3.704226 -0.488215
v 1.822474 3.267977 -0.474875
v 2.305725 3.465235 -1.102936
v 2.223310 2.967442 -0.759223
v 1.890084 3.702647 -0.841690
v 2.369391 3.195212 -0.944554
v 1.934060 3.159106 -0.568141
v 1.965221 2.997575 -0.600263
v 2.071402 2.982912 -0.663259
v 2.027398 3.720031 -0.922987
v 2.122674 3.665497 -1.082384
v 2.210710 3.581493 -1.120452
v 2.378334 3.336670 -1.034756
v 2.328301 3.067777 -0.843073
v 2.395572 3.291703 -0.993308
v 2.362739 3.115248 -0.867520
v 1.841731 3.377544 -0.464130
v 1.878192 3.683580 -0.710308
v 1.848497 3.533595 -0.605834
v 1.845748 3.468982 -0.547090
v 2.366066 3.155230 -0.906037
v 1.871557 3.607692 -0.645971
v 2.382482 3.243457 -0.968931
v 2.423789 3.067535 -0.648026
v 2.082463 3.798537 -0.632499
v 1.992156 3.347216 -0.319429
v 2.467740 3.530060 -0.983981
v 2.439682 3.214705 -0.867265
v 2.202726 3.783844 -0.744897
v 2.321877 3.801052 -0.837173
v 2.442171 3.699902 -0.918396
v 2.102552 3.245479 -0.361118
v 2.227668 3.111962 -0.351931
v 2.295392 3.045156 -0.485782
v 2.461596 3.119272 -0.710560
v 2.475075 3.381846 -0.946131
v 2.426224 3.144894 -0.809362
v 2.459056 3.321348 -0.935150
v 1.994426 3.728399 -0.594673
v 1.942807 3.450978 -0.396911
v 1.988927 3.599173 -0.477186
v 1.965867 3.525076 -0.437049
v 2.454154 3.203676 -0.832412
v 1.991677 3.663786 -0.535930
v 2.458884 3.279135 -0.898939
v -1.205670 4.198457 0.401262
v -0.914943 4.989402 0.316359
v -0.854455 4.182176 -0.144437
v -0.695115 5.037477 0.025047
v -0.714287 4.187988 0.867437
v -0.681453 4.981029 0.496539
v -0.169353 4.144262 0.126590
v -0.473968 5.015388 0.194775
v -0.361973 4.138884 -0.230341
v -0.518722 4.993155 -0.037895
v -1.101193 4.197763 0.761723
v -0.980259 4.967518 0.587413
v -1.191371 4.178145 0.086719
v -1.037184 4.954784 0.150945
v -0.368770 4.167233 0.604699
v -0.408916 4.941947 0.412816
v -0.738444 5.038209 0.277510
v -0.975841 4.855836 -0.084356
v -1.333279 4.400578 0.474437
v -1.431725 4.530474 0.477513
v -1.442993 4.744734 0.524309
v -0.854127 4.721465 -0.344089
v -0.804776 4.467065 -0.447706
v -0.810740 4.346664 -0.296719
v -0.028810 4.678232 -0.003164
v 0.046864 4.496314 0.048840
v -0.077723 4.322433 0.134528
v -0.693571 4.735932 1.030058
v -0.655178 4.554556 1.060017
v -0.618981 4.368443 0.947001
v -1.187723 4.751862 0.997333
v -1.203724 4.544341 1.017363
v -1.141151 4.414024 0.922896
v -0.263340 4.666578 -0.357445
v -0.253033 4.484126 -0.412727
v -0.307556 4.274776 -0.308223
v -0.174299 4.654987 0.696637
v -0.140320 4.524071 0.681613
v -0.198924 4.387167 0.562679
v -1.241283 4.726062 -0.118931
v -1.285033 4.537377 -0.094980
v -1.196969 4.355639 -0.024931
v -1.119032 4.896875 -0.002975
v -0.767285 4.851913 -0.261449
v -0.320659 4.920751 -0.272560
v -0.144449 4.866828 0.102262
v -0.281416 4.887138 0.565279
v -0.659555 4.870395 0.861599
v -1.077458 4.893207 0.837222
v -1.256000 4.917186 0.460042
v -0.856769 4.978347 0.131289
v -0.705003 4.998494 -0.070019
v -0.546034 5.013376 0.061234
v -0.365585 4.994549 0.160248
v -0.525741 4.987770 0.398635
v -0.663892 4.941210 0.593762
v -0.817773 5.036242 0.462174
v -1.015180 4.961781 0.381277
v -1.053978 4.128159 0.412595
v -0.750329 4.102609 -0.035427
v -0.717028 4.127121 0.726707
v -0.372053 4.098301 0.223875
v -0.473187 4.094321 0.002133
v -0.913538 4.131322 0.650312
v -0.973411 4.116212 0.140241
v -0.480713 4.110485 0.474497
v -0.718122 4.082706 0.298561
v -0.277576 4.174808 0.417025
v -0.954310 4.162746 -0.127969
v -0.212932 4.876984 0.333771
v -0.613781 5.024540 0.161285
v -0.162662 4.332933 0.359462
v 0.041097 4.546127 0.299531
v -0.113760 4.721494 0.435745
v -0.943108 4.340745 -0.207421
v -1.059655 4.522237 -0.313944
v -1.036040 4.704773 -0.245950
v -0.838219 4.960260 0.002841
v -0.362117 4.977560 0.317836
v -0.775941 4.984254 0.065392
v -0.499590 5.019188 0.281390
v -0.499212 4.107849 0.377280
v -0.877420 4.109681 0.044530
v -0.620255 4.104361 0.149780
v -1.181558 4.195363 0.207557
v -0.505378 4.841216 0.764228
v -0.720171 5.035360 0.373737
v -1.240624 4.910617 0.280696
v -0.495947 4.176136 0.738930
v -1.329727 4.354067 0.319567
v -1.453126 4.583342 0.254766
v -1.352235 4.731276 0.217502
v -0.412445 4.355404 0.771155
v -0.364467 4.540456 0.938826
v -0.391044 4.720552 0.882953
v -0.567650 4.951243 0.526410
v -1.022279 4.959407 0.303501
v -0.602619 4.982673 0.438865
v -0.914371 4.987244 0.252836
v -1.013695 4.122185 0.276418
v -0.806504 4.089025 0.453918
v -0.621127 4.119872 0.609555
v -0.563328 4.145033 -0.253817
v -1.167310 4.879319 0.649044
v -0.519450 4.840432 -0.306578
v -1.223440 4.220681 0.600366
v -0.760061 5.031167 0.208369
v -0.558413 4.361663 -0.302681
v -0.502898 4.496194 -0.517482
v -0.505341 4.637390 -0.435060
v -1.243679 4.383787 0.763236
v -1.366935 4.602574 0.808771
v -1.315358 4.748298 0.760821
v -0.960271 4.963314 0.483027
v -0.590204 4.994988 -0.056634
v -0.861572 5.029395 0.379352
v -0.621368 5.015677 0.052450
v -0.586890 4.095724 -0.072601
v -1.043171 4.131264 0.515867
v -0.850237 4.114780 0.223805
v -0.741063 4.106886 0.101094
v -0.690714 5.023422 0.130410
v -0.923782 4.122261 0.370688
v -0.806933 5.033201 0.301886
v -0.254138 4.943704 -0.049838
v -0.843747 4.191097 0.827261
v -0.265663 4.141573 -0.051875
v -0.918257 4.901853 0.835299
v -0.612756 5.028060 0.266880
v -0.903597 4.377944 0.937832
v -0.951911 4.533138 1.089999
v -0.927896 4.744874 1.055752
v -0.194425 4.318271 -0.108521
v -0.027790 4.489817 -0.220549
v -0.130164 4.674273 -0.224518
v -0.337016 4.990920 0.081726
v -0.790562 4.961341 0.598160
v -0.510001 5.014382 0.128004
v -0.742439 5.033941 0.470957
v -0.822235 4.127706 0.636356
v -0.456797 4.096956 0.097167
v -0.603887 4.111917 0.390933
v -0.530342 4.104436 0.244050
v -0.549345 5.022543 0.249033
v -0.713061 4.119811 0.513645
v -0.672904 5.031643 0.392814
v 0.091780 4.089609 -0.489897
v -0.512782 3.887702 -0.577277
v -0.142601 4.473500 -0.088084
v -0.622285 4.127022 -0.420361
v 0.075521 3.611656 -0.201700
v -0.554546 3.695449 -0.445718
v -0.282366 4.057858 0.339689
v -0.672051 3.895644 -0.208723
v -0.299166 4.390556 0.266563
v -0.705830 4.152781 -0.114488
v 0.179662 3.752224 -0.490074
v -0.439768 3.719978 -0.674387
v 0.024711 4.333753 -0.314487
v -0.504202 4.068550 -0.628470
v -0.147943 3.739279 0.099698
v -0.584913 3.661085 -0.226388
v -0.597189 3.886055 -0.475376
v -0.502697 4.252972 -0.502656
v -0.033942 3.999943 -0.716918
v -0.103884 3.994369 -0.792514
v -0.170266 3.910421 -0.904140
v -0.499063 4.449298 -0.315409
v -0.363716 4.563563 -0.164159
v -0.287048 4.529227 -0.107445
v -0.617604 4.024388 0.237749
v -0.573947 4.006193 0.364842
v -0.432456 3.996695 0.336549
v -0.273968 3.360554 -0.463705
v -0.214946 3.375216 -0.352416
v -0.134782 3.457795 -0.252651
v -0.130260 3.527109 -0.801430
v -0.066193 3.529228 -0.735209
v -0.003118 3.592109 -0.665498
v -0.627294 4.340635 0.132941
v -0.519476 4.413495 0.219787
v -0.427103 4.415062 0.269064
v -0.430107 3.516997 0.003222
v -0.355041 3.544632 0.080031
v -0.299648 3.629900 0.182925
v -0.350166 4.360611 -0.638035
v -0.207269 4.385763 -0.602620
v -0.170417 4.405811 -0.464426
v -0.474287 4.214544 -0.636510
v -0.593264 4.343694 -0.317823
v -0.715226 4.243951 -0.011790
v -0.700402 3.927054 0.056284
v -0.550225 3.519941 -0.193377
v -0.407300 3.457818 -0.458439
v -0.312762 3.563437 -0.763167
v -0.356300 3.886557 -0.829791
v -0.554388 3.997418 -0.550460
v -0.631103 4.210563 -0.332487
v -0.695219 4.086073 -0.215122
v -0.664362 3.909392 -0.153407
v -0.621887 3.720711 -0.278412
v -0.507756 3.650907 -0.438001
v -0.499872 3.727600 -0.600083
v -0.468178 3.886304 -0.658588
v 0.142026 4.095055 -0.354211
v -0.070371 4.376509 0.005464
v 0.107968 3.701965 -0.169114
v -0.147590 4.034351 0.189727
v -0.162934 4.236908 0.158590
v 0.186275 3.810636 -0.341741
v 0.046960 4.283238 -0.198831
v -0.021607 3.855232 0.104905
v 0.120301 4.043197 -0.070635
v -0.188493 3.842205 0.210305
v -0.096555 4.486830 -0.159249
v -0.641409 3.763060 -0.040356
v -0.645865 3.950251 -0.358658
v -0.367232 3.833029 0.223493
v -0.480806 3.799260 0.215237
v -0.544086 3.691410 0.070662
v -0.255100 4.493050 -0.236699
v -0.303457 4.506865 -0.393567
v -0.418063 4.416874 -0.458428
v -0.555495 4.174660 -0.483248
v -0.646897 3.801699 -0.161204
v -0.583823 4.091439 -0.494484
v -0.641279 3.820386 -0.262753
v -0.102499 3.976248 0.148928
v -0.044606 4.340301 -0.114005
v -0.017557 4.148586 0.029378
v 0.069947 4.238078 -0.389577
v -0.449893 3.503950 -0.318162
v -0.580776 3.808977 -0.479242
v -0.392526 4.021578 -0.782525
v -0.055708 3.676099 -0.059336
v -0.035348 4.132672 -0.665041
v -0.077987 4.145344 -0.757298
v -0.254923 4.126500 -0.783087
v -0.181852 3.498524 -0.031792
v -0.252262 3.393780 -0.135798
v -0.376594 3.409918 -0.212562
v -0.527461 3.559914 -0.388613
v -0.480425 3.947773 -0.648176
v -0.579725 3.695824 -0.370075
v -0.524387 3.936558 -0.564107
v 0.076316 4.185279 -0.305333
v 0.153452 3.956671 -0.238106
v 0.060317 3.775689 -0.070384
v -0.250306 4.454504 0.116220
v -0.317004 3.729462 -0.787183
v -0.662787 4.326268 -0.126678
v 0.086056 3.897266 -0.552954
v -0.583072 3.947347 -0.487342
v -0.397492 4.500631 0.158745
v -0.480202 4.545910 0.055138
v -0.557114 4.457996 -0.015542
v 0.013670 3.749956 -0.699518
v -0.102610 3.713885 -0.835457
v -0.166169 3.699791 -0.865141
v -0.463629 3.796229 -0.638790
v -0.653808 4.169837 -0.258017
v -0.509797 3.828592 -0.564285
v -0.669310 4.108434 -0.290780
v -0.120712 4.370250 0.139381
v 0.221372 3.996003 -0.360617
v 0.053297 4.187573 -0.116946
v -0.046890 4.263616 -0.016245
v -0.612807 3.993894 -0.417013
v 0.144237 4.083530 -0.233967
v -0.570097 3.883235 -0.527342
v -0.703625 4.054955 -0.014486
v 0.091054 3.620323 -0.311401
v -0.290766 4.224207 0.303126
v -0.362630 3.528657 -0.651533
v -0.630295 3.838737 -0.360153
v -0.061157 3.528689 -0.470237
v -0.113098 3.420803 -0.563447
v -0.210401 3.390359 -0.640515
v -0.447725 4.220020 0.297908
v -0.546115 4.216377 0.343565
v -0.642019 4.208546 0.200858
v -0.685714 3.963884 -0.116717
v -0.452825 3.621316 -0.605504
v -0.690014 3.979053 -0.191077
v -0.538320 3.743418 -0.505051
v 0.142709 3.788263 -0.241770
v -0.149221 4.156105 0.151145
v 0.092604 3.948074 0.004551
v -0.012502 4.051838 0.080959
v -0.670179 3.918839 -0.278009
v 0.066441 3.874045 -0.121020
v -0.601309 3.769003 -0.405477
v 0.779274 3.491391 -0.664576
v 0.216721 3.616088 -1.060973
v 0.656177 3.786107 -0.502320
v 0.151349 3.768060 -0.967354
v 0.476079 3.173018 -0.482211
v 0.084246 3.507961 -0.977954
v 0.284114 3.564484 -0.221353
v 0.018873 3.659933 -0.884336
v 0.425601 3.791642 -0.281382
v 0.077976 3.798787 -0.879923
v 0.687545 3.268237 -0.634572
v 0.234694 3.477232 -1.093388
v 0.814221 3.674607 -0.636265
v 0.315892 3.739880 -1.093917
v 0.329732 3.298953 -0.327577
v -0.038226 3.531973 -0.851200
v 0.139220 3.635091 -1.003788
v 0.359269 3.860421 -0.997680
v 0.733143 3.488089 -0.849957
v 0.716692 3.513458 -0.974122
v 0.604906 3.518425 -1.121965
v 0.391678 3.985431 -0.853972
v 0.510125 4.005300 -0.663152
v 0.561539 3.897874 -0.590068
v -0.059281 3.710218 -0.517548
v -0.008839 3.646092 -0.369282
v 0.140538 3.579031 -0.304475
v 0.159490 3.156194 -0.842499
v 0.231719 3.108248 -0.708298
v 0.322090 3.144943 -0.567558
v 0.417400 3.217383 -1.042412
v 0.533379 3.175781 -0.911524
v 0.578395 3.207647 -0.798185
v 0.107554 3.938197 -0.589634
v 0.203929 3.943105 -0.463006
v 0.332824 3.853972 -0.348248
v -0.040423 3.301437 -0.578925
v 0.012087 3.288163 -0.478558
v 0.127548 3.343264 -0.406795
v 0.572515 3.882788 -1.012810
v 0.692928 3.843867 -0.905219
v 0.734854 3.768031 -0.752837
v 0.405589 3.829452 -1.082464
v 0.268266 3.948741 -0.909501
v 0.034517 3.912028 -0.748654
v -0.107913 3.684736 -0.690305
v -0.092601 3.422829 -0.770265
v 0.087494 3.273893 -0.913587
v 0.300346 3.325068 -1.088945
v 0.420901 3.567546 -1.162424
v 0.215382 3.749317 -1.025689
v 0.177555 3.833541 -0.954255
v 0.071809 3.744921 -0.906795
v -0.024320 3.668770 -0.827746
v 0.024602 3.561944 -0.914252
v 0.079552 3.444356 -0.954282
v 0.163786 3.531100 -1.038514
v 0.277174 3.601957 -1.096917
v 0.734482 3.462087 -0.559862
v 0.631704 3.701017 -0.412675
v 0.523898 3.247997 -0.438720
v 0.406399 3.515804 -0.271822
v 0.484771 3.655354 -0.301555
v 0.634003 3.309770 -0.514924
v 0.725475 3.616144 -0.512828
v 0.432432 3.376963 -0.329188
v 0.578954 3.496554 -0.421008
v 0.296197 3.404629 -0.291911
v 0.717907 3.781344 -0.528379
v -0.100257 3.553782 -0.730285
v 0.091848 3.692372 -0.943260
v 0.157435 3.453355 -0.350827
v -0.057428 3.504634 -0.411981
v -0.081323 3.461958 -0.591982
v 0.626073 3.854326 -0.639772
v 0.603129 3.954119 -0.801878
v 0.487369 3.938952 -0.915874
v 0.222999 3.792410 -1.002792
v -0.019955 3.594110 -0.850540
v 0.185679 3.737567 -0.996572
v 0.021738 3.610939 -0.899294
v 0.453510 3.435957 -0.331680
v 0.687520 3.664551 -0.468687
v 0.542802 3.580596 -0.369236
v 0.787681 3.604407 -0.647491
v 0.030688 3.315282 -0.831964
v 0.121257 3.575887 -0.997715
v 0.434338 3.672185 -1.146825
v 0.379134 3.230433 -0.386446
v 0.771468 3.573132 -0.813145
v 0.722736 3.655740 -1.010823
v 0.594760 3.691971 -1.068981
v 0.236846 3.231323 -0.474147
v 0.096702 3.155211 -0.583386
v 0.021482 3.217465 -0.711418
v 0.029854 3.478317 -0.921871
v 0.290078 3.648501 -1.095769
v 0.055655 3.537027 -0.941437
v 0.223987 3.653564 -1.057436
v 0.729978 3.539116 -0.536345
v 0.614044 3.412305 -0.471946
v 0.488541 3.309077 -0.393500
v 0.531900 3.822565 -0.362314
v 0.374543 3.442249 -1.108757
v 0.146987 3.954195 -0.805095
v 0.756851 3.377506 -0.692068
v 0.161440 3.676950 -1.005391
v 0.419934 3.883585 -0.502659
v 0.341151 4.027191 -0.564137
v 0.259611 3.999337 -0.661176
v 0.665079 3.306410 -0.812880
v 0.610636 3.321713 -1.006819
v 0.511153 3.367904 -1.082188
v 0.236840 3.537202 -1.079805
v 0.116951 3.815911 -0.908113
v 0.190254 3.573594 -1.049743
v 0.111579 3.756490 -0.937074
v 0.552113 3.709132 -0.344059
v 0.716638 3.400168 -0.560823
v 0.652214 3.556349 -0.466918
v 0.610696 3.619588 -0.415994
v 0.136509 3.716720 -0.971233
v 0.672542 3.475814 -0.504562
v 0.175847 3.625273 -1.027567
v -0.035543 3.777476 -0.744866
v 0.547408 3.207716 -0.532942
v 0.354858 3.678063 -0.251367
v 0.211248 3.314835 -1.033308
v 0.078756 3.629910 -0.948333
v 0.469486 3.174468 -0.683205
v 0.397915 3.110803 -0.809265
v 0.276886 3.160866 -0.939440
v 0.229449 3.732487 -0.339451
v 0.061592 3.811546 -0.385733
v 0.019158 3.849560 -0.547389
v -0.029663 3.712734 -0.812007
v 0.135903 3.454816 -1.016550
v 0.045341 3.702427 -0.895565
v 0.124016 3.519531 -1.008234
v 0.588730 3.310280 -0.476946
v 0.465038 3.597829 -0.299809
v 0.505693 3.436758 -0.375098
v 0.485365 3.517294 -0.337454
v 0.049724 3.634674 -0.919722
v 0.547211 3.373519 -0.426022
v 0.096130 3.560207 -0.977611
v 0.836712 4.306417 1.246843
v 1.214577 5.006690 1.551078
v 1.373213 4.168011 1.195556
v 1.497887 4.925227 1.534343
v 0.764161 4.271162 2.128009
v 1.229238 4.984998 1.904856
v 1.551152 4.075379 2.109285
v 1.512548 4.903536 1.888120
v 1.673195 4.033900 1.650284
v 1.637358 4.861847 1.659115
v 0.609305 4.343403 1.633179
v 1.015680 5.042399 1.659385
v 1.046344 4.247172 1.017059
v 1.270728 4.988023 1.259576
v 1.162870 4.216498 2.277069
v 1.418995 4.902082 2.129663
v 1.327240 4.979446 1.672321
v 1.433464 4.853464 1.138353
v 0.771466 4.533695 1.175652
v 0.750010 4.677312 1.078321
v 0.765030 4.894048 1.110658
v 1.634870 4.671404 1.060959
v 1.667226 4.402442 1.023456
v 1.535689 4.303558 1.129871
v 1.825309 4.532381 2.200567
v 1.786213 4.348193 2.314542
v 1.623648 4.209045 2.242285
v 0.816098 4.820660 2.298915
v 0.772435 4.640592 2.356202
v 0.742433 4.417439 2.297161
v 0.586789 4.914347 1.749291
v 0.515326 4.716587 1.740126
v 0.534690 4.580316 1.723925
v 1.934947 4.518196 1.675986
v 1.932688 4.331701 1.637222
v 1.785294 4.148488 1.652664
v 1.283827 4.616178 2.588519
v 1.279678 4.480852 2.608070
v 1.248089 4.327178 2.453236
v 1.288136 4.766624 0.824771
v 1.204329 4.592334 0.789881
v 1.159777 4.408391 0.931033
v 1.315954 4.926898 1.050991
v 1.656649 4.794189 1.222205
v 1.876543 4.730620 1.684576
v 1.741734 4.748254 2.166626
v 1.371088 4.845325 2.381407
v 0.976990 4.926574 2.209252
v 0.783144 5.015318 1.747344
v 0.945308 5.023969 1.265772
v 1.395329 4.960181 1.429503
v 1.563786 4.894184 1.436535
v 1.562868 4.897804 1.707826
v 1.586128 4.861129 1.975644
v 1.373876 4.939853 1.968478
v 1.168223 4.964960 1.999329
v 1.164257 5.012421 1.731373
v 1.132059 5.018322 1.462038
v 0.890490 4.213898 1.414130
v 1.335909 4.085823 1.387818
v 0.760869 4.200769 2.026924
v 1.433263 3.991934 1.930329
v 1.461264 4.004240 1.661618
v 0.651177 4.193332 1.720298
v 1.108509 4.156800 1.287792
v 1.155613 3.979198 2.100668
v 1.137093 4.006599 1.653774
v 1.379406 4.148306 2.189384
v 1.306216 4.167529 1.101569
v 1.556411 4.796789 2.274016
v 1.464746 4.931728 1.713972
v 1.496921 4.269518 2.329750
v 1.630143 4.427333 2.504911
v 1.502886 4.640410 2.452729
v 1.407224 4.330245 1.058402
v 1.461056 4.514378 0.858673
v 1.472448 4.696823 0.943336
v 1.453581 4.928582 1.388059
v 1.480469 4.888800 2.036871
v 1.419227 4.942942 1.502497
v 1.443212 4.921694 1.928299
v 1.296091 3.963191 1.972852
v 1.219447 4.123228 1.315185
v 1.325275 4.049294 1.593815
v 0.975969 4.276593 1.121942
v 1.146448 4.904349 2.292923
v 1.272596 4.984958 1.766333
v 1.069768 4.993888 1.142611
v 0.974757 4.206620 2.261935
v 0.864083 4.469430 1.057451
v 0.898424 4.706301 0.884616
v 1.010630 4.829726 0.968338
v 1.001139 4.389975 2.432669
v 0.998694 4.564323 2.570330
v 1.065206 4.738130 2.505424
v 1.264605 4.950869 2.049623
v 1.179051 5.008025 1.394024
v 1.305557 4.956549 1.936141
v 1.256187 4.997008 1.502285
v 0.999499 4.185349 1.350961
v 0.835817 4.003054 1.644192
v 0.903450 4.032681 2.039057
v 1.586354 4.070548 1.418439
v 0.857417 4.994503 1.505299
v 1.811346 4.736545 1.449950
v 0.701779 4.354517 1.383384
v 1.359936 4.968012 1.595420
v 1.673289 4.275654 1.393780
v 1.875800 4.372612 1.290973
v 1.854293 4.520685 1.357625
v 0.623398 4.536421 1.494412
v 0.582618 4.776008 1.407004
v 0.675909 4.904197 1.429974
v 1.093719 5.022689 1.599410
v 1.613297 4.873290 1.568718
v 1.189417 5.009555 1.641225
v 1.530378 4.911516 1.621084
v 1.442974 4.047606 1.532277
v 0.828793 4.227295 1.505904
v 1.116617 4.144804 1.483435
v 1.251804 4.104535 1.503814
v 1.445157 4.939764 1.608252
v 0.974696 4.115227 1.483791
v 1.274677 4.988784 1.618323
v 1.769678 4.768230 1.929002
v 0.636187 4.292959 1.932319
v 1.605947 4.041559 1.891231
v 0.868551 4.997130 1.915252
v 1.396578 4.947428 1.797176
v 0.591832 4.515558 1.987103
v 0.594580 4.672419 2.063540
v 0.680552 4.871293 2.070334
v 1.749256 4.164715 1.910653
v 1.923588 4.322518 2.025859
v 1.917899 4.519269 1.920917
v 1.651693 4.843601 1.944886
v 1.104889 5.006161 1.868964
v 1.537708 4.900670 1.797973
v 1.196747 4.998709 1.818115
v 0.683929 4.229865 1.824078
v 1.398969 4.003366 1.745841
v 1.104563 3.949532 1.877736
v 1.289358 4.009229 1.755787
v 1.439686 4.929418 1.850459
v 0.887612 3.991758 1.854709
v 1.283498 4.975731 1.831206
v 2.043965 3.385239 -0.743195
v 1.952456 4.026615 -1.000844
v 1.644800 3.482715 -0.570306
v 1.711164 4.075904 -0.903627
v 1.874496 3.199686 -1.274638
v 1.845540 3.952448 -1.228605
v 1.286330 3.308532 -1.069536
v 1.604248 4.001737 -1.131388
v 1.296739 3.421052 -0.750309
v 1.551354 4.058467 -0.939175
v 2.090480 3.276551 -1.020358
v 2.090535 3.958197 -1.128573
v 1.933253 3.453163 -0.549385
v 1.975757 4.085798 -0.788505
v 1.567633 3.218190 -1.275630
v 1.615475 3.921477 -1.314512
v 1.826288 4.027403 -1.048811
v 1.835598 4.066154 -0.637635
v 2.228792 3.556956 -0.744542
v 2.317784 3.677051 -0.718126
v 2.370826 3.844629 -0.786751
v 1.638786 4.016893 -0.495803
v 1.533039 3.828135 -0.400331
v 1.574587 3.681989 -0.479449
v 1.160918 3.779767 -1.179461
v 1.100790 3.601986 -1.221851
v 1.197348 3.444588 -1.179577
v 2.010139 3.595813 -1.551193
v 1.969066 3.429558 -1.557763
v 1.878512 3.302672 -1.461850
v 2.355391 3.677746 -1.260209
v 2.346386 3.498935 -1.224843
v 2.250852 3.410291 -1.167350
v 1.202747 3.904588 -0.799838
v 1.151626 3.766454 -0.730958
v 1.199822 3.565214 -0.733386
v 1.509082 3.566537 -1.586244
v 1.462011 3.456838 -1.568701
v 1.443947 3.384410 -1.426258
v 1.996693 3.998854 -0.442306
v 2.011490 3.838010 -0.398155
v 1.948858 3.653470 -0.460045
v 1.972526 4.093166 -0.624223
v 1.622923 4.091475 -0.627004
v 1.316812 4.044744 -0.868967
v 1.306144 3.920461 -1.226944
v 1.570459 3.814253 -1.480743
v 1.944160 3.755731 -1.477958
v 2.238542 3.831889 -1.236018
v 2.236842 3.986958 -0.878023
v 1.828039 4.082051 -0.866024
v 1.674437 4.094757 -0.815464
v 1.608606 4.048850 -0.997725
v 1.511511 3.981736 -1.162542
v 1.703138 3.962000 -1.226343
v 1.862208 3.896584 -1.301464
v 1.948097 3.979502 -1.134507
v 2.042133 4.019648 -0.963610
v 1.941909 3.313224 -0.812371
v 1.602935 3.382467 -0.675797
v 1.824680 3.192101 -1.174384
v 1.441539 3.269263 -1.023125
v 1.436045 3.336720 -0.833779
v 1.927133 3.236681 -1.030863
v 1.802985 3.369047 -0.678975
v 1.591659 3.222451 -1.129160
v 1.697323 3.271781 -0.891916
v 1.450897 3.264761 -1.203968
v 1.711726 3.474258 -0.528276
v 1.438301 3.867357 -1.353844
v 1.694002 4.036131 -1.032961
v 1.339043 3.395710 -1.292902
v 1.199964 3.569035 -1.404395
v 1.382442 3.693969 -1.449376
v 1.700305 3.665804 -0.468336
v 1.770483 3.864512 -0.365170
v 1.801752 3.994857 -0.461601
v 1.782937 4.087479 -0.817187
v 1.586859 3.951459 -1.234891
v 1.785627 4.064932 -0.905101
v 1.653693 3.981868 -1.178866
v 1.572572 3.248615 -1.058659
v 1.710483 3.379731 -0.664869
v 1.578090 3.296137 -0.843877
v 1.967085 3.432526 -0.632993
v 1.795281 3.742218 -1.488498
v 1.846734 3.993830 -1.125817
v 2.161677 4.033663 -0.759296
v 1.692558 3.202223 -1.299019
v 2.165444 3.564067 -0.628684
v 2.261600 3.791232 -0.560400
v 2.195684 3.915005 -0.618577
v 1.666516 3.320182 -1.449201
v 1.715790 3.419709 -1.629452
v 1.739072 3.591295 -1.610927
v 1.770707 3.913905 -1.308964
v 2.019481 4.041936 -0.904662
v 1.769420 3.954318 -1.224805
v 1.929353 4.043878 -0.956150
v 1.872447 3.341136 -0.745673
v 1.815248 3.247141 -0.940983
v 1.725392 3.208029 -1.146662
v 1.419208 3.453359 -0.637942
v 2.234818 3.887587 -1.051923
v 1.427597 4.065993 -0.729066
v 2.120748 3.350213 -0.863239
v 1.816482 4.044882 -0.987043
v 1.393367 3.666457 -0.616651
v 1.295622 3.837849 -0.522700
v 1.345194 3.932142 -0.606863
v 2.264114 3.445136 -0.993113
v 2.397692 3.630199 -1.000294
v 2.363109 3.761187 -1.023480
v 2.038813 3.983751 -1.065452
v 1.596294 4.074144 -0.887160
v 1.950277 4.003059 -1.067676
v 1.659885 4.062377 -0.950676
v 1.485581 3.369964 -0.731409
v 1.967894 3.286598 -0.882979
v 1.750154 3.308430 -0.779369
v 1.640525 3.323963 -0.754555
v 1.738184 4.053629 -0.968859
v 1.844501 3.282297 -0.836738
v 1.883379 4.023971 -1.027359
v 1.350670 3.989034 -1.066282
v 1.945232 3.226577 -1.186514
v 1.291535 3.364792 -0.909923
v 2.124745 3.820847 -1.323714
v 1.730979 4.007143 -1.108326
v 2.080823 3.347219 -1.301110
v 2.189778 3.437718 -1.411796
v 2.188576 3.623410 -1.442407
v 1.194834 3.528200 -0.944143
v 1.058495 3.686579 -0.990543
v 1.155066 3.855187 -0.967714
v 1.462829 3.998959 -1.122395
v 1.957350 3.927240 -1.238991
v 1.606427 4.025293 -1.064556
v 1.896819 3.965975 -1.181556
v 1.863749 3.228035 -1.066241
v 1.455797 3.311367 -0.901876
v 1.644490 3.235132 -1.004462
v 1.550143 3.261266 -0.947093
v 1.678438 4.000352 -1.129513
v 1.754120 3.219599 -1.029276
v 1.819044 3.979341 -1.164413
v 1.517768 3.246616 -0.878476
v 1.623777 3.030916 -1.052419
v 1.715274 3.194031 -0.779854
v 1.729843 3.006655 -1.000684
v 1.591112 3.369149 -1.060606
v 1.666978 3.076026 -1.119835
v 1.879958 3.310322 -0.931373
v 1.773045 3.051765 -1.068101
v 1.879912 3.236842 -0.813138
v 1.797626 3.016683 -0.997889
v 1.490214 3.314674 -0.985026
v 1.561003 3.065154 -1.104207
v 1.573956 3.202894 -0.795134
v 1.615577 2.993013 -0.981590
v 1.740118 3.363386 -1.033497
v 1.764540 3.095215 -1.128216
v 1.678582 3.034852 -1.059601
v 1.672567 2.990038 -0.909646
v 1.467937 3.186276 -0.919849
v 1.438140 3.138897 -0.932950
v 1.428352 3.080943 -0.984929
v 1.751841 2.999126 -0.832379
v 1.782408 3.063323 -0.762908
v 1.754869 3.123606 -0.777915
v 1.947863 3.140827 -1.019107
v 1.961257 3.210809 -1.007247
v 1.907847 3.266063 -0.979684
v 1.574150 3.232313 -1.211054
v 1.579777 3.295240 -1.188770
v 1.608313 3.336167 -1.128343
v 1.428413 3.178323 -1.141619
v 1.418863 3.242684 -1.104674
v 1.452770 3.272155 -1.063226
v 1.934512 3.065947 -0.894914
v 1.945613 3.112853 -0.846756
v 1.910310 3.188072 -0.826292
v 1.787618 3.248627 -1.176587
v 1.799650 3.288649 -1.151846
v 1.800467 3.305370 -1.087098
v 1.596193 2.999954 -0.841262
v 1.577624 3.056814 -0.805368
v 1.591831 3.130774 -0.799811
v 1.615568 2.978183 -0.920034
v 1.765620 2.980960 -0.890163
v 1.896529 3.017953 -0.948953
v 1.896283 3.090866 -1.067755
v 1.778031 3.147823 -1.173561
v 1.613252 3.167445 -1.197883
v 1.489519 3.119507 -1.141816
v 1.497316 3.035141 -1.025841
v 1.679655 3.000939 -0.997493
v 1.745951 2.993316 -0.966472
v 1.773027 3.024274 -1.023865
v 1.811784 3.062057 -1.069206
v 1.728802 3.073075 -1.107687
v 1.656614 3.102201 -1.141779
v 1.623794 3.058408 -1.096655
v 1.584319 3.030286 -1.045309
v 1.561869 3.283107 -0.887501
v 1.728626 3.244964 -0.806164
v 1.613119 3.364377 -1.012141
v 1.801555 3.321982 -0.921367
v 1.807194 3.278170 -0.850193
v 1.565616 3.333250 -0.967740
v 1.631426 3.249604 -0.825264
v 1.726989 3.349388 -0.974393
v 1.679208 3.299496 -0.899828
v 1.799071 3.338704 -0.998286
v 1.681867 3.193696 -0.767416
v 1.837157 3.119344 -1.120658
v 1.735842 3.031153 -1.043090
v 1.844773 3.291909 -1.028822
v 1.918416 3.236024 -1.080890
v 1.849662 3.191570 -1.129856
v 1.699570 3.128147 -0.782689
v 1.682667 3.045806 -0.775081
v 1.679849 3.003952 -0.830937
v 1.698845 2.995564 -0.975729
v 1.778074 3.078294 -1.099368
v 1.697084 3.010457 -1.006386
v 1.750923 3.062420 -1.087894
v 1.737365 3.332743 -0.946366
v 1.676569 3.244542 -0.811715
v 1.737864 3.286080 -0.871219
v 1.557117 3.218213 -0.830952
v 1.676331 3.174103 -1.187076
v 1.668265 3.052969 -1.086284
v 1.531597 3.009342 -0.980224
v 1.679083 3.371224 -1.053415
v 1.494298 3.175440 -0.871316
v 1.468717 3.084872 -0.882822
v 1.506709 3.043201 -0.914818
v 1.700481 3.329859 -1.107160
v 1.688676 3.305607 -1.192416
v 1.690936 3.239904 -1.209288
v 1.697258 3.096779 -1.138786
v 1.594975 3.017733 -1.023834
v 1.699760 3.075469 -1.111948
v 1.634428 3.021296 -1.035663
v 1.596647 3.266355 -0.856383
v 1.621170 3.313125 -0.928705
v 1.661770 3.356040 -0.992902
v 1.822201 3.213297 -0.782159
v 1.493004 3.085136 -1.078866
v 1.848852 2.999090 -0.908411
v 1.479593 3.270695 -0.931909
v 1.683338 3.023820 -1.037574
v 1.833179 3.140521 -0.811975
v 1.886515 3.070010 -0.789630
v 1.873071 3.040643 -0.837858
v 1.447560 3.246219 -1.002846
v 1.403734 3.176753 -1.040857
v 1.428383 3.129632 -1.063274
v 1.584332 3.051233 -1.079014
v 1.778854 3.006739 -0.984134
v 1.623785 3.044662 -1.074537
v 1.751435 3.015465 -1.012274
v 1.784744 3.255509 -0.816414
v 1.548142 3.299912 -0.916186
v 1.655317 3.274550 -0.862546
v 1.708945 3.266681 -0.843466
v 1.717387 3.019642 -1.024925
v 1.608600 3.289634 -0.892411
v 1.653562 3.034241 -1.056056
v 1.880258 3.053134 -1.019555
v 1.558143 3.350189 -1.034044
v 1.879936 3.273582 -0.872256
v 1.538619 3.130725 -1.163624
v 1.718741 3.047342 -1.071188
v 1.522777 3.306545 -1.090915
v 1.483867 3.280220 -1.153921
v 1.498245 3.212990 -1.189045
v 1.912239 3.217462 -0.900952
v 1.982853 3.162365 -0.926708
v 1.953371 3.097052 -0.948009
v 1.833471 3.052927 -1.051920
v 1.617249 3.085604 -1.130381
v 1.773036 3.038019 -1.045983
v 1.645386 3.067217 -1.108245
v 1.595842 3.340179 -0.975271
v 1.796534 3.294274 -0.877382
v 1.703098 3.324442 -0.937111
v 1.749816 3.309358 -0.907246
v 1.741060 3.051734 -1.073731
v 1.649470 3.332310 -0.956191
v 1.679558 3.061385 -1.096623
v 1.407855 3.728284 -0.647502
v 1.164851 4.281453 -1.013784
v 1.218373 4.064984 -0.251325
v 1.055320 4.453597 -0.802491
v 0.748072 3.521317 -0.950754
v 0.885285 4.222565 -1.110730
v 0.418847 3.973119 -0.399451
v 0.775753 4.394709 -0.899437
v 0.732890 4.145444 -0.154971
v 0.895524 4.505090 -0.727812
v 1.183621 3.539492 -0.893658
v 1.164026 4.134318 -1.180370
v 1.492890 3.892691 -0.418588
v 1.362566 4.362840 -0.873118
v 0.473203 3.696716 -0.748168
v 0.626494 4.284923 -1.029882
v 1.024672 4.330818 -0.976284
v 1.368294 4.439421 -0.655763
v 1.529592 3.798815 -0.809569
v 1.638993 3.866661 -0.883769
v 1.649443 3.973625 -1.030796
v 1.317036 4.514723 -0.400907
v 1.282810 4.418880 -0.192072
v 1.232663 4.258412 -0.232484
v 0.349393 4.397540 -0.590637
v 0.242518 4.263577 -0.527434
v 0.332841 4.091588 -0.497445
v 0.709655 3.776923 -1.355089
v 0.648535 3.651074 -1.277966
v 0.635368 3.601721 -1.099432
v 1.233256 3.745251 -1.354794
v 1.230007 3.601939 -1.258374
v 1.187142 3.580447 -1.121709
v 0.705607 4.559370 -0.345816
v 0.700935 4.476976 -0.209916
v 0.710318 4.280737 -0.172058
v 0.273587 3.975045 -1.066601
v 0.234763 3.905405 -0.985396
v 0.324908 3.878733 -0.831682
v 1.646097 4.345096 -0.570032
v 1.671555 4.208051 -0.487153
v 1.546049 4.065639 -0.436188
v 1.493145 4.402421 -0.737995
v 1.208887 4.561010 -0.525269
v 0.761088 4.614548 -0.521228
v 0.447481 4.443051 -0.767470
v 0.441807 4.180968 -1.102573
v 0.737260 3.959358 -1.309304
v 1.179610 3.936594 -1.316320
v 1.487471 4.140338 -1.073097
v 1.180619 4.412481 -0.845244
v 1.099227 4.503768 -0.713652
v 0.893248 4.459182 -0.807968
v 0.673206 4.414030 -0.861386
v 0.773630 4.296655 -1.024811
v 0.832462 4.152632 -1.161857
v 1.047356 4.216980 -1.105252
v 1.266138 4.241444 -1.035634
v 1.242489 3.696251 -0.613583
v 1.070284 3.966895 -0.281389
v 0.792246 3.561280 -0.820962
v 0.594636 3.865450 -0.447934
v 0.770491 3.974352 -0.295191
v 1.020714 3.582693 -0.775843
v 1.245826 3.850413 -0.416471
v 0.627413 3.720150 -0.630921
v 0.936620 3.785281 -0.523696
v 0.439553 3.817189 -0.619776
v 1.315296 4.031502 -0.255153
v 0.444644 4.312010 -0.935021
v 0.931991 4.402174 -0.885064
v 0.349191 3.962435 -0.661093
v 0.171081 4.154323 -0.727664
v 0.299053 4.169609 -0.919844
v 1.340724 4.188849 -0.294834
v 1.507459 4.347993 -0.321225
v 1.472898 4.427462 -0.465017
v 1.184300 4.447317 -0.779116
v 0.671588 4.339319 -0.956912
v 1.112653 4.409642 -0.845597
v 0.774692 4.345682 -0.962124
v 0.677679 3.770470 -0.562755
v 1.176719 3.911331 -0.344059
v 0.876048 3.880479 -0.406848
v 1.444968 3.837294 -0.511124
v 0.606933 4.014049 -1.222027
v 0.974605 4.277581 -1.040844
v 1.528795 4.238101 -0.945047
v 0.562389 3.612022 -0.849377
v 1.572719 3.856434 -0.677476
v 1.736218 4.021459 -0.758429
v 1.653202 4.147289 -0.808748
v 0.477064 3.716650 -0.964992
v 0.385362 3.745063 -1.178424
v 0.442490 3.885994 -1.236600
v 0.755044 4.208158 -1.117903
v 1.298355 4.282468 -0.980742
v 0.827243 4.259878 -1.061547
v 1.184550 4.315595 -0.968655
v 1.244158 3.773332 -0.515027
v 0.995044 3.690259 -0.640487
v 0.730082 3.633694 -0.733331
v 0.949485 4.137980 -0.147650
v 1.332340 4.021930 -1.181203
v 0.965849 4.609025 -0.480964
v 1.363668 3.629035 -0.797647
v 1.068854 4.362337 -0.925284
v 0.974083 4.301744 -0.229288
v 0.994319 4.512672 -0.150865
v 0.979451 4.554998 -0.283314
v 1.342781 3.638084 -0.997959
v 1.469971 3.735014 -1.149668
v 1.441349 3.859438 -1.192795
v 1.176615 4.192320 -1.105327
v 0.975740 4.508023 -0.717825
v 1.106104 4.249217 -1.059518
v 0.974284 4.456389 -0.805230
v 0.912438 4.003124 -0.247408
v 1.198278 3.641916 -0.686405
v 1.091223 3.817847 -0.470083
v 1.017052 3.894566 -0.377889
v 1.021569 4.409363 -0.865257
v 1.120675 3.731708 -0.577785
v 1.087479 4.305777 -0.992401
v 0.622007 4.512806 -0.685744
v 0.895342 3.529976 -0.928238
v 0.575869 4.059282 -0.277211
v 1.015819 3.962394 -1.315140
v 0.897196 4.345618 -0.959989
v 0.933853 3.578284 -1.106135
v 0.944991 3.584936 -1.295604
v 0.944780 3.739791 -1.384210
v 0.531669 4.210372 -0.330297
v 0.406096 4.400683 -0.339633
v 0.525352 4.506213 -0.438180
v 0.668621 4.459009 -0.804309
v 0.963604 4.147451 -1.179194
v 0.834501 4.426946 -0.853703
v 0.966320 4.219773 -1.107991
v 0.930360 3.599277 -0.761696
v 0.723113 3.924994 -0.361905
v 0.782016 3.752716 -0.577309
v 0.752565 3.838855 -0.469607
v 0.836872 4.359799 -0.942917
v 0.856188 3.675996 -0.669502
v 0.919251 4.270342 -1.050738
v -0.248554 3.878934 0.285515
v 0.343680 5.188422 -0.047283
v 0.325470 3.642518 -0.336607
v 0.657283 5.051619 -0.364288
v 0.484081 4.037211 1.160224
v 0.679662 5.240967 0.262418
v 1.365529 3.678919 0.354731
v 0.993265 5.104164 -0.054587
v 1.087083 3.534292 -0.231573
v 0.934033 4.977507 -0.393777
v -0.107935 4.014662 0.842921
v 0.213016 5.271570 0.268318
v -0.211107 3.724296 -0.146489
v 0.148443 5.083729 -0.370846
v 1.031885 3.900780 0.940869
v 1.104948 5.159891 0.271379
v 0.582032 5.175474 -0.058658
v 0.241568 4.823930 -0.631795
v -0.418346 4.254586 0.237312
v -0.550354 4.479319 0.136862
v -0.536288 4.865544 0.093850
v 0.424054 4.493795 -0.884915
v 0.465950 4.016849 -0.887221
v 0.428539 3.867296 -0.615731
v 1.676516 4.547334 -0.032733
v 1.761651 4.254164 0.162100
v 1.535628 3.988077 0.317133
v 0.594316 5.041167 1.132122
v 0.623041 4.740626 1.279689
v 0.656026 4.377542 1.225048
v -0.167278 5.057212 0.870850
v -0.226478 4.708061 0.994312
v -0.144764 4.447911 0.949802
v 1.331939 4.393019 -0.629735
v 1.321973 4.058255 -0.614789
v 1.197783 3.738188 -0.386260
v 1.406018 4.773963 0.914325
v 1.438626 4.543075 0.971272
v 1.332870 4.262564 0.844416
v -0.188672 4.588239 -0.728596
v -0.288107 4.273028 -0.620392
v -0.184799 3.987007 -0.394762
v 0.021356 4.925779 -0.595944
v 0.574692 4.749336 -0.794764
v 1.243323 4.763283 -0.609584
v 1.521218 4.911976 -0.023374
v 1.284852 5.123380 0.568718
v 0.678496 5.208187 0.840606
v 0.035720 5.239069 0.619772
v -0.215009 5.137184 -0.003851
v 0.443771 5.082497 -0.351507
v 0.647994 4.974881 -0.520120
v 0.889089 5.050054 -0.273944
v 1.159986 5.054953 -0.048177
v 0.904832 5.183258 0.166936
v 0.698887 5.228044 0.422683
v 0.447856 5.242533 0.172074
v 0.170105 5.183351 -0.037047
v -0.025309 3.762037 0.399586
v 0.467736 3.546955 -0.098808
v 0.478382 3.879016 0.988475
v 1.038201 3.637365 0.430927
v 0.893842 3.546377 0.074759
v 0.178911 3.857611 0.795359
v 0.113725 3.637686 0.051308
v 0.856933 3.753917 0.736381
v 0.485329 3.695801 0.393844
v 1.185531 3.842191 0.708071
v 0.166587 3.615600 -0.345442
v 1.403035 5.017677 0.272673
v 0.779954 5.107469 -0.165290
v 1.392379 4.091909 0.596759
v 1.745914 4.435210 0.492297
v 1.525885 4.788909 0.535561
v 0.217123 3.891393 -0.541077
v 0.071768 4.163177 -0.830451
v 0.133587 4.502845 -0.813135
v 0.476429 5.018852 -0.447370
v 1.092606 5.115216 0.120608
v 0.538288 5.071794 -0.308120
v 0.949049 5.143711 0.056174
v 0.833560 3.712436 0.591481
v 0.267131 3.589824 -0.041610
v 0.658755 3.620148 0.218537
v -0.200257 3.799856 0.021271
v 0.918579 5.120622 0.780774
v 0.604234 5.207148 0.087423
v -0.181658 5.057615 -0.249604
v 0.828242 3.967447 1.074427
v -0.411159 4.115682 0.041028
v -0.561947 4.485513 -0.215202
v -0.379666 4.725462 -0.298487
v 0.984488 4.287751 1.067476
v 1.078606 4.669619 1.235708
v 1.069520 4.958073 1.056809
v 0.853661 5.219451 0.362145
v 0.163302 5.149692 -0.149617
v 0.797105 5.201876 0.211143
v 0.347963 5.160539 -0.136450
v 0.044208 3.699862 0.225447
v 0.315068 3.771353 0.570123
v 0.632797 3.821760 0.865337
v 0.777295 3.536384 -0.352309
v -0.094711 5.143792 0.320978
v 0.959726 4.711869 -0.749657
v -0.284277 3.992943 0.550735
v 0.551466 5.137106 -0.162721
v 0.822465 3.890251 -0.525937
v 0.942717 4.039707 -0.874480
v 0.956672 4.313844 -0.827278
v -0.299144 4.335402 0.694321
v -0.457890 4.729183 0.600414
v -0.351783 4.961378 0.482350
v 0.249480 5.224579 0.130088
v 0.824614 4.973688 -0.451285
v 0.395768 5.215477 0.062396
v 0.773186 5.050837 -0.319116
v 0.722199 3.520607 -0.079956
v -0.014143 3.806645 0.549658
v 0.299527 3.666744 0.222576
v 0.474743 3.606234 0.097394
v 0.662326 5.093971 -0.240919
v 0.178055 3.735658 0.397300
v 0.473617 5.176292 -0.050163
v 1.337000 4.887344 -0.275802
v 0.286249 4.027560 1.047292
v 1.226306 3.606606 0.061579
v 0.284022 5.252847 0.679447
v 0.775884 5.153697 -0.016209
v 0.216856 4.391027 1.088191
v 0.157829 4.715874 1.208655
v 0.230965 5.066842 1.066238
v 1.368362 3.888705 -0.075808
v 1.660748 4.140658 -0.249605
v 1.531798 4.456528 -0.388452
v 1.208321 5.018773 -0.146263
v 0.505476 5.264614 0.366060
v 0.941177 5.077108 -0.164266
v 0.563759 5.241750 0.217246
v 0.320699 3.845878 0.815478
v 0.914074 3.587030 0.215666
v 0.671131 3.724859 0.565112
v 0.792602 3.655945 0.390390
v 0.874357 5.137280 -0.012377
v 0.495915 3.785369 0.690296
v 0.675792 5.207911 0.136198
v 2.036941 3.590037 -0.427037
v 2.125954 4.146459 -0.147805
v 1.804874 3.535027 0.003923
v 1.994121 4.118414 0.076216
v 1.616065 4.026366 -0.717122
v 1.941012 4.320628 -0.234838
v 1.239765 3.974436 -0.130537
v 1.809178 4.292584 -0.010817
v 1.415221 3.726420 0.107617
v 1.853724 4.161717 0.148064
v 1.926570 3.791303 -0.678805
v 2.161318 4.205204 -0.333374
v 2.043551 3.456558 -0.201653
v 2.235874 3.989430 -0.024705
v 1.363272 4.082544 -0.494221
v 1.725479 4.409963 -0.151872
v 2.015246 4.204641 -0.093298
v 2.167723 3.869203 0.126957
v 2.211463 3.666610 -0.440068
v 2.339891 3.689352 -0.418161
v 2.431974 3.820955 -0.396290
v 2.040686 3.750117 0.293425
v 1.907619 3.592370 0.306329
v 1.850748 3.585185 0.163499
v 1.359726 4.286745 0.121581
v 1.223107 4.246436 0.043208
v 1.241141 4.122514 -0.078977
v 1.809891 4.405826 -0.687199
v 1.704004 4.337762 -0.753343
v 1.609646 4.207077 -0.716769
v 2.199449 4.149639 -0.711904
v 2.125602 4.035398 -0.783601
v 2.032138 3.956522 -0.742837
v 1.564669 4.015035 0.351650
v 1.486979 3.896972 0.344351
v 1.435088 3.796913 0.206473
v 1.404654 4.488150 -0.410271
v 1.326418 4.427116 -0.430631
v 1.325561 4.272864 -0.386740
v 2.322043 3.648364 0.089155
v 2.276904 3.531994 0.016661
v 2.129336 3.505523 -0.073494
v 2.287961 3.852466 0.063287
v 2.020164 3.900233 0.277286
v 1.691089 4.125957 0.320958
v 1.516871 4.375242 0.082712
v 1.592466 4.507450 -0.264008
v 1.852333 4.427839 -0.524882
v 2.185313 4.217689 -0.545686
v 2.363557 3.984674 -0.283432
v 2.097543 4.073648 0.025961
v 2.001933 4.056624 0.152997
v 1.874823 4.199792 0.078285
v 1.720105 4.322037 0.020371
v 1.837461 4.342048 -0.140537
v 1.906556 4.354328 -0.311213
v 2.060309 4.239250 -0.236907
v 2.202829 4.099360 -0.188380
v 1.890613 3.633168 -0.437849
v 1.683345 3.589077 -0.085645
v 1.604968 3.933463 -0.631080
v 1.369069 3.886025 -0.235379
v 1.463547 3.741025 -0.085617
v 1.764232 3.804302 -0.595273
v 1.846147 3.555402 -0.233903
v 1.437045 3.940673 -0.426424
v 1.641596 3.748038 -0.330164
v 1.311607 4.055824 -0.345654
v 1.872470 3.480285 -0.023938
v 1.554668 4.441346 -0.090648
v 1.923284 4.212678 0.001095
v 1.292286 4.177727 -0.249210
v 1.227200 4.374212 -0.126848
v 1.406612 4.448142 -0.195881
v 1.942879 3.551341 0.082682
v 2.115273 3.548157 0.196313
v 2.165839 3.688765 0.197994
v 2.080831 4.040304 0.081146
v 1.741655 4.359724 -0.078468
v 2.045569 4.104619 0.023586
v 1.823320 4.317316 -0.075677
v 1.458213 3.889762 -0.358240
v 1.777474 3.561230 -0.155622
v 1.568691 3.732529 -0.206278
v 2.033063 3.520814 -0.284090
v 1.729785 4.450116 -0.445217
v 1.992100 4.252007 -0.162248
v 2.363807 3.915004 -0.152813
v 1.453745 4.078019 -0.603280
v 2.202534 3.578996 -0.339214
v 2.396229 3.615840 -0.243973
v 2.381882 3.733351 -0.166544
v 1.459826 4.232570 -0.569999
v 1.484460 4.428021 -0.637700
v 1.582863 4.490718 -0.551745
v 1.842103 4.381092 -0.249156
v 2.213728 4.062403 -0.133080
v 1.885057 4.328316 -0.184854
v 2.129863 4.119393 -0.102016
v 1.868379 3.594285 -0.335876
v 1.712889 3.764575 -0.453889
v 1.537837 3.930018 -0.537371
v 1.574652 3.617665 0.104852
v 2.264309 4.086797 -0.421829
v 1.828430 4.001446 0.333603
v 2.043284 3.675253 -0.568136
v 2.034708 4.161279 -0.047090
v 1.663116 3.719408 0.198814
v 1.692851 3.733312 0.397227
v 1.745452 3.843822 0.374572
v 2.111886 3.821916 -0.645486
v 2.292119 3.898502 -0.633455
v 2.315711 3.985297 -0.554096
v 2.152812 4.170062 -0.256270
v 1.911036 4.118629 0.154573
v 2.093132 4.192854 -0.192356
v 1.934472 4.159103 0.077250
v 1.557793 3.653148 -0.042919
v 1.875059 3.682918 -0.511143
v 1.743871 3.651720 -0.282033
v 1.666718 3.652384 -0.183026
v 1.984590 4.160191 0.015080
v 1.791440 3.678916 -0.394963
v 2.063920 4.177067 -0.119723
v 1.630901 4.264201 0.171847
v 1.720290 3.945645 -0.700843
v 1.327493 3.850428 -0.011460
v 2.066447 4.302681 -0.524963
v 1.915238 4.258635 -0.074827
v 1.833355 4.063689 -0.737967
v 1.921227 4.187297 -0.812626
v 1.991791 4.302083 -0.728584
v 1.349282 3.960715 0.084604
v 1.300098 4.093899 0.229859
v 1.454349 4.141805 0.271042
v 1.703099 4.302232 0.079692
v 2.011898 4.302767 -0.322583
v 1.842001 4.246188 0.033734
v 2.000661 4.279939 -0.235872
v 1.693627 3.843026 -0.576308
v 1.444182 3.789963 -0.152435
v 1.539320 3.844356 -0.378294
v 1.491751 3.817159 -0.265364
v 1.865649 4.280515 -0.056514
v 1.616474 3.843691 -0.477301
v 1.952632 4.281872 -0.172094
v 1.372376 4.131405 0.225205
v 1.866716 4.084800 1.108521
v 1.167858 3.694017 0.415637
v 1.746712 3.857722 1.207939
v 1.009810 4.589595 0.591485
v 1.708557 4.239990 1.272079
v 0.668614 4.003823 0.878432
v 1.588552 4.012913 1.371497
v 0.814711 3.672919 0.713924
v 1.614545 3.806468 1.304034
v 1.278085 4.456307 0.323354
v 1.893494 4.287593 1.069595
v 1.367406 3.859841 0.194562
v 1.950306 3.902057 0.987238
v 0.784946 4.398139 0.794525
v 1.510957 4.196919 1.431832
v 1.775223 4.056128 1.213583
v 1.839400 3.707492 0.926113
v 1.629363 4.173832 0.318949
v 1.808351 4.161095 0.364583
v 2.002157 4.192373 0.547958
v 1.659515 3.499399 0.874149
v 1.409375 3.424221 0.677954
v 1.295890 3.559698 0.579198
v 1.059230 3.885078 1.434846
v 0.845089 3.945374 1.331764
v 0.766163 4.013533 1.098909
v 1.470118 4.712212 1.098000
v 1.282314 4.749355 0.967872
v 1.101900 4.661967 0.821708
v 1.808542 4.630905 0.765973
v 1.633729 4.654668 0.574383
v 1.484233 4.584062 0.496816
v 1.226888 3.552296 1.235886
v 1.062486 3.512298 1.079111
v 0.905155 3.605610 0.865248
v 1.083740 4.479894 1.363983
v 0.946704 4.475458 1.271761
v 0.872071 4.371004 1.102385
v 1.899867 3.654360 0.625269
v 1.759541 3.677878 0.431178
v 1.536204 3.755187 0.338176
v 1.963276 3.761636 0.868412
v 1.712608 3.575485 1.054874
v 1.438019 3.625873 1.361297
v 1.294147 3.957370 1.527394
v 1.368502 4.345246 1.483488
v 1.579021 4.563942 1.227324
v 1.873264 4.497693 0.954956
v 2.037631 4.149513 0.824506
v 1.837668 3.887720 1.122413
v 1.742936 3.758615 1.176853
v 1.643212 3.889109 1.309947
v 1.501923 3.995105 1.426094
v 1.616371 4.158031 1.355069
v 1.663596 4.327556 1.266987
v 1.812056 4.208603 1.170069
v 1.925807 4.104652 1.025354
v 1.210460 4.160011 0.269885
v 1.021789 3.802999 0.426189
v 0.967676 4.469128 0.526030
v 0.753073 4.068887 0.704236
v 0.831195 3.865297 0.614361
v 1.104868 4.381694 0.387532
v 1.166723 3.931856 0.295711
v 0.816868 4.275145 0.657508
v 0.991796 4.103500 0.476609
v 0.745562 4.244081 0.850988
v 1.214544 3.698557 0.330360
v 1.331324 4.151309 1.505441
v 1.690139 3.968632 1.279870
v 0.814836 4.199996 1.065341
v 0.875165 4.161107 1.389576
v 1.121732 4.256573 1.445485
v 1.370556 3.623692 0.488431
v 1.614824 3.511628 0.558769
v 1.756294 3.566273 0.740127
v 1.813176 3.821063 1.113620
v 1.523119 4.105676 1.413578
v 1.789214 3.902758 1.159122
v 1.602462 4.085472 1.363283
v 0.833492 4.188649 0.635293
v 1.105188 3.858917 0.349804
v 0.925432 3.977924 0.531588
v 1.367681 3.965421 0.225231
v 1.459629 4.496578 1.301904
v 1.753959 4.141949 1.230760
v 2.034531 3.995241 0.816451
v 0.866167 4.501231 0.723616
v 1.596850 4.041164 0.269431
v 1.884946 3.962856 0.379913
v 1.952888 3.935356 0.577051
v 0.968260 4.531186 0.941162
v 1.089005 4.675093 1.148887
v 1.269815 4.616684 1.284232
v 1.614555 4.278694 1.337828
v 1.933854 4.036278 1.012703
v 1.656330 4.195080 1.311373
v 1.868943 4.029637 1.102425
v 1.188592 4.045934 0.282798
v 1.056758 4.229345 0.423000
v 0.907085 4.377540 0.577878
v 0.953028 3.630972 0.577597
v 1.932875 4.324900 0.866674
v 1.544153 3.562817 1.213879
v 1.389500 4.302022 0.246749
v 1.787982 3.993918 1.187370
v 1.145182 3.580581 0.767375
v 1.243428 3.394233 0.908354
v 1.364235 3.460284 1.036397
v 1.535596 4.435390 0.387451
v 1.806472 4.453567 0.496830
v 1.905350 4.411639 0.656965
v 1.884160 4.198982 1.072250
v 1.664077 3.782531 1.254578
v 1.839386 4.146702 1.139295
v 1.694962 3.873415 1.258943
v 0.911834 3.788164 0.531112
v 1.198834 4.250947 0.287600
v 1.079260 4.017678 0.386160
v 1.009844 3.922676 0.446269
v 1.741472 3.933667 1.223157
v 1.123376 4.137506 0.352214
v 1.813684 4.070311 1.163333
v 1.399187 3.825928 1.443805
v 1.099773 4.540820 0.501278
v 0.741663 3.838371 0.796178
v 1.777323 4.512503 1.073100
v 1.685090 4.060542 1.291316
v 1.296423 4.623553 0.631459
v 1.454566 4.744941 0.744927
v 1.628899 4.709484 0.944755
v 0.855782 3.789754 0.996507
v 0.907111 3.703193 1.254645
v 1.137486 3.681801 1.344865
v 1.485670 3.929898 1.437092
v 1.763653 4.317227 1.196870
v 1.615882 3.951011 1.340722
v 1.760307 4.224297 1.221074
v 1.043163 4.379328 0.446840
v 0.816100 3.949668 0.634951
v 0.904332 4.189323 0.567059
v 0.860216 4.069496 0.601005
v 1.640153 4.051914 1.329282
v 0.973748 4.284326 0.506949
v 1.718513 4.163695 1.261753
v -0.486237 3.457389 -0.765834
v -0.646290 4.375837 -0.685136
v -0.076225 3.660492 -0.213503
v -0.449805 4.551206 -0.375220
v -1.159415 3.437654 -0.439296
v -0.923778 4.373538 -0.514070
v -0.627464 3.706119 0.385209
v -0.709432 4.534400 -0.208558
v -0.185725 3.748777 0.322771
v -0.451864 4.560854 -0.162805
v -0.894186 3.387467 -0.790914
v -0.890240 4.268212 -0.841301
v -0.170474 3.520340 -0.632184
v -0.422841 4.354393 -0.737264
v -1.032796 3.561861 0.006879
v -0.945336 4.415834 -0.199680
v -0.687614 4.477108 -0.509593
v -0.194204 4.325003 -0.561208
v -0.471751 3.617378 -1.049599
v -0.522960 3.735205 -1.120120
v -0.599801 3.945617 -1.213348
v 0.039879 4.278388 -0.305256
v 0.164912 4.049090 -0.141320
v 0.033694 3.882387 -0.165014
v -0.639173 4.332199 0.410057
v -0.694097 4.144894 0.522271
v -0.701709 3.911962 0.419774
v -1.419859 3.975920 -0.643663
v -1.437159 3.786416 -0.560940
v -1.370514 3.624850 -0.401928
v -1.185216 3.889084 -1.130602
v -1.165840 3.662351 -1.090723
v -1.086605 3.532077 -0.981301
v -0.181811 4.358085 0.306687
v -0.101047 4.183046 0.392340
v -0.150990 3.923896 0.363876
v -1.283848 4.094506 0.019899
v -1.261820 3.968585 0.099058
v -1.121750 3.875080 0.244349
v -0.028927 4.137457 -0.774612
v -0.005061 3.923206 -0.769603
v -0.083399 3.734249 -0.651554
v -0.223999 4.314682 -0.746077
v -0.100415 4.413780 -0.287852
v -0.284554 4.590164 0.141596
v -0.728186 4.476897 0.199221
v -1.143604 4.347888 -0.110455
v -1.284776 4.168252 -0.589919
v -1.091166 4.103774 -1.005747
v -0.639417 4.185673 -1.055753
v -0.481193 4.425095 -0.557040
v -0.343273 4.532518 -0.339044
v -0.544162 4.550360 -0.231919
v -0.715914 4.545974 -0.081479
v -0.890036 4.441135 -0.325265
v -1.023114 4.310650 -0.519400
v -0.841491 4.409483 -0.654729
v -0.666222 4.307383 -0.800282
v -0.549153 3.415020 -0.596938
v -0.216909 3.572440 -0.124477
v -1.006120 3.409367 -0.372893
v -0.634931 3.586842 0.161587
v -0.368053 3.616872 0.141511
v -0.848304 3.388924 -0.543079
v -0.304798 3.490906 -0.414782
v -0.845723 3.510437 -0.040899
v -0.565155 3.326714 -0.206421
v -0.881665 3.638840 0.163252
v -0.048569 3.613211 -0.313322
v -0.935894 4.412392 0.044383
v -0.619253 4.520951 -0.339023
v -0.896023 3.845784 0.250751
v -0.953439 4.131311 0.411158
v -1.055319 4.245295 0.154067
v -0.001107 3.823163 -0.327642
v 0.125956 4.014803 -0.460958
v 0.018302 4.194342 -0.517307
v -0.355936 4.443398 -0.486782
v -0.874177 4.488315 -0.129555
v -0.448798 4.466596 -0.454340
v -0.787143 4.510267 -0.266489
v -0.739245 3.528525 -0.023603
v -0.246501 3.530462 -0.282418
v -0.458395 3.556043 -0.061655
v -0.299600 3.509513 -0.671092
v -1.245219 4.197639 -0.391922
v -0.792123 4.453464 -0.525091
v -0.463157 4.228468 -0.973854
v -1.117590 3.507802 -0.171234
v -0.281380 3.607856 -0.963710
v -0.297040 3.843269 -1.077426
v -0.324534 4.031103 -1.008149
v -1.259594 3.716597 -0.081776
v -1.432267 3.868720 -0.222499
v -1.393408 4.066236 -0.283698
v -0.996269 4.360353 -0.402026
v -0.584174 4.323320 -0.778669
v -0.898206 4.407993 -0.415026
v -0.581873 4.390066 -0.661051
v -0.426976 3.452963 -0.505859
v -0.686944 3.273292 -0.352578
v -0.925965 3.453673 -0.232687
v -0.079793 3.715647 0.128108
v -0.861349 4.117309 -1.023614
v -0.155239 4.469520 -0.020428
v -0.684004 3.425402 -0.861995
v -0.607571 4.482626 -0.504178
v -0.066851 3.956864 0.084756
v 0.106258 4.166080 0.176642
v 0.001340 4.292580 0.101624
v -0.853949 3.533454 -1.060442
v -0.896548 3.740262 -1.196483
v -0.892509 3.917351 -1.171975
v -0.792147 4.295223 -0.782483
v -0.403669 4.551406 -0.228060
v -0.738469 4.413704 -0.666620
v -0.504528 4.537966 -0.304749
v -0.245667 3.611830 0.054339
v -0.658659 3.394122 -0.624242
v -0.440029 3.349717 -0.321311
v -0.359624 3.543858 -0.165642
v -0.556050 4.510296 -0.404464
v -0.559551 3.303060 -0.449942
v -0.683213 4.450045 -0.585294
v -0.541154 4.571963 0.120959
v -1.065779 3.421929 -0.555170
v -0.406594 3.727448 0.353990
v -1.156336 4.149432 -0.848573
v -0.727137 4.497674 -0.377066
v -1.223932 3.563821 -0.734229
v -1.341570 3.688944 -0.861785
v -1.350535 3.925582 -0.889819
v -0.406803 3.943763 0.391861
v -0.389516 4.190558 0.546572
v -0.372600 4.362101 0.389617
v -0.647640 4.568869 -0.023568
v -0.978467 4.301950 -0.653700
v -0.626797 4.542380 -0.220238
v -0.881124 4.421878 -0.581899
v -0.871302 3.409415 -0.445707
v -0.471449 3.598869 0.122894
v -0.710492 3.359483 -0.134369
v -0.590971 3.552212 -0.005738
v -0.734375 4.510850 -0.305593
v -0.790897 3.311413 -0.290038
v -0.830362 4.455358 -0.483586
v -0.556257 4.298384 1.229432
v -0.302399 4.976739 1.294907
v -0.281168 4.354004 0.790670
v -0.148983 4.999455 1.066064
v -0.021225 4.254911 1.690001
v -0.067340 4.965334 1.451359
v 0.419296 4.314053 1.099682
v 0.086076 4.988050 1.222515
v 0.188602 4.341650 0.766132
v 0.014966 4.992549 1.012154
v -0.410543 4.262434 1.555599
v -0.345027 4.943995 1.497013
v -0.580090 4.315165 0.954404
v -0.453310 4.978095 1.108422
v 0.283171 4.276186 1.497085
v 0.189806 4.958807 1.405710
v -0.161702 4.990394 1.267592
v -0.418588 4.920532 0.899621
v -0.679345 4.459578 1.300080
v -0.779804 4.567367 1.305291
v -0.793553 4.745445 1.367156
v -0.326782 4.837160 0.672547
v -0.281391 4.632004 0.561167
v -0.263894 4.512542 0.679751
v 0.518713 4.789575 1.057649
v 0.605863 4.630623 1.092556
v 0.502216 4.468637 1.135359
v -0.002987 4.707281 1.891218
v 0.045214 4.549983 1.902784
v 0.073953 4.403888 1.788836
v -0.487825 4.708872 1.809193
v -0.492658 4.528541 1.803308
v -0.438237 4.429061 1.714292
v 0.247868 4.810196 0.721084
v 0.258375 4.660231 0.655013
v 0.226530 4.468064 0.718364
v 0.463993 4.690067 1.649738
v 0.500384 4.580657 1.626802
v 0.434316 4.474346 1.502231
v -0.675601 4.804770 0.826341
v -0.707668 4.639272 0.822741
v -0.606275 4.478930 0.874799
v -0.549398 4.942437 0.958939
v -0.237463 4.942725 0.767922
v 0.181569 4.961950 0.821919
v 0.411747 4.936109 1.156370
v 0.334565 4.899548 1.547292
v 0.004077 4.841540 1.761977
v -0.405917 4.850529 1.696458
v -0.626580 4.905876 1.349861
v -0.275540 4.995166 1.096279
v -0.170201 4.994700 0.963894
v -0.000235 4.998375 1.097723
v 0.187997 4.977321 1.202306
v 0.057200 4.974371 1.368773
v -0.035771 4.930749 1.535108
v -0.216089 4.966414 1.419700
v -0.403988 4.960084 1.312621
v -0.404662 4.241755 1.248934
v -0.163460 4.277469 0.889147
v -0.038706 4.217798 1.560546
v 0.236070 4.257890 1.157194
v 0.110784 4.275071 0.951979
v -0.239192 4.223399 1.472390
v -0.359262 4.263261 1.018987
v 0.160699 4.238032 1.365065
v -0.099282 4.250647 1.192026
v 0.348495 4.305663 1.344257
v -0.375412 4.332458 0.791882
v 0.373157 4.917828 1.351831
v -0.054255 4.995075 1.178644
v 0.446816 4.450839 1.323282
v 0.628989 4.646215 1.315878
v 0.488211 4.776886 1.435719
v -0.381348 4.493733 0.742303
v -0.514879 4.656878 0.655212
v -0.490869 4.806621 0.736168
v -0.265092 4.987815 1.026819
v 0.165995 4.966898 1.313745
v -0.213650 4.989085 1.110532
v 0.071638 4.981211 1.295644
v 0.130917 4.245615 1.277883
v -0.277448 4.270952 0.945486
v -0.014441 4.263209 1.065473
v -0.556434 4.317261 1.062748
v 0.143131 4.831849 1.691162
v -0.132043 4.978213 1.353314
v -0.633350 4.919963 1.194372
v 0.175677 4.265414 1.600972
v -0.693015 4.436471 1.160480
v -0.829996 4.635839 1.114004
v -0.742410 4.769672 1.108121
v 0.253631 4.418077 1.657053
v 0.313428 4.560055 1.827980
v 0.273585 4.719407 1.794982
v 0.049102 4.949590 1.488108
v -0.420321 4.966166 1.243705
v -0.002171 4.966394 1.405458
v -0.309541 4.981719 1.239308
v -0.381962 4.252508 1.133960
v -0.182120 4.238084 1.318850
v 0.040423 4.227169 1.468248
v -0.010186 4.343093 0.723823
v -0.515732 4.855984 1.520764
v -0.001699 4.945535 0.754988
v -0.550018 4.295506 1.403525
v -0.190899 4.991096 1.204107
v -0.020022 4.533966 0.704254
v 0.002253 4.673928 0.536974
v 0.004355 4.785908 0.623318
v -0.556225 4.417061 1.560371
v -0.679132 4.595625 1.609114
v -0.640689 4.727159 1.588174
v -0.338225 4.952217 1.407705
v -0.056865 4.993877 0.988016
v -0.259244 4.971577 1.357304
v -0.074609 4.998916 1.081893
v -0.008919 4.280705 0.874219
v -0.381632 4.233682 1.340590
v -0.229272 4.256954 1.105507
v -0.137901 4.266787 1.009770
v -0.132754 4.995006 1.143000
v -0.283043 4.245296 1.226270
v -0.225072 4.981336 1.280705
v 0.272583 4.959819 1.026102
v -0.152073 4.257805 1.640820
v 0.303949 4.327851 0.932907
v -0.251792 4.863149 1.713439
v -0.040463 4.986800 1.271280
v -0.204126 4.404046 1.750074
v -0.238613 4.519090 1.893623
v -0.227901 4.704805 1.888433
v 0.359200 4.487457 0.909793
v 0.500573 4.651591 0.848449
v 0.393261 4.806725 0.852749
v 0.206284 4.983531 1.136587
v -0.159126 4.943527 1.526911
v 0.042921 4.993213 1.160119
v -0.141714 4.965874 1.435529
v -0.152034 4.224672 1.470019
v 0.138250 4.267654 1.037020
v 0.030708 4.244339 1.278546
v 0.084479 4.255997 1.157783
v 0.019190 4.985987 1.262204
v -0.060663 4.234506 1.374283
v -0.083626 4.974473 1.374850
v 0.509380 3.975575 1.811367
v 0.412212 4.466345 1.890689
v 0.268904 4.064748 1.520938
v 0.289340 4.512058 1.732176
v 0.845119 4.140091 1.683451
v 0.531078 4.540383 1.819901
v 0.532754 4.271876 1.250958
v 0.408206 4.586095 1.661388
v 0.307071 4.197793 1.259346
v 0.276803 4.554069 1.623608
v 0.723787 4.018449 1.843019
v 0.533552 4.446393 1.977872
v 0.342268 3.961195 1.728354
v 0.287085 4.409791 1.903068
v 0.759491 4.232849 1.457561
v 0.533103 4.611324 1.665019
v 0.407836 4.515422 1.809920
v 0.182591 4.372365 1.792331
v 0.499114 4.040200 1.947602
v 0.465795 4.075280 2.032993
v 0.457895 4.182617 2.112759
v 0.079617 4.335456 1.637416
v 0.068415 4.218210 1.515211
v 0.168060 4.158782 1.515726
v 0.405015 4.586618 1.316135
v 0.472588 4.519125 1.238106
v 0.525375 4.392600 1.263310
v 0.856386 4.431609 1.873959
v 0.905827 4.351868 1.808536
v 0.877250 4.265110 1.710776
v 0.756982 4.280795 2.101643
v 0.796146 4.170001 2.051528
v 0.773692 4.120745 1.962305
v 0.175005 4.495990 1.342765
v 0.173387 4.404394 1.271061
v 0.252958 4.282639 1.257221
v 0.768750 4.547218 1.533325
v 0.785351 4.490669 1.474995
v 0.731063 4.398612 1.434795
v 0.140374 4.220086 1.869479
v 0.174455 4.110163 1.838800
v 0.253876 4.047217 1.759085
v 0.198195 4.349779 1.889498
v 0.119489 4.432255 1.654421
v 0.190611 4.573983 1.457248
v 0.416347 4.649028 1.449955
v 0.645204 4.628205 1.623293
v 0.749572 4.506732 1.860674
v 0.665930 4.384060 2.056755
v 0.427052 4.328957 2.062837
v 0.294661 4.473098 1.809128
v 0.228583 4.496337 1.704817
v 0.323770 4.558378 1.664526
v 0.409720 4.609160 1.596946
v 0.493830 4.578305 1.726240
v 0.591576 4.534304 1.824025
v 0.496648 4.494062 1.887551
v 0.415823 4.426677 1.946371
v 0.550291 3.988427 1.722205
v 0.357113 4.060296 1.472991
v 0.776560 4.104231 1.635086
v 0.560439 4.186154 1.353394
v 0.423295 4.145732 1.349781
v 0.702605 4.041440 1.710831
v 0.415674 4.000675 1.620245
v 0.678612 4.164450 1.463659
v 0.547143 4.082563 1.541952
v 0.670098 4.260793 1.375405
v 0.264823 4.023307 1.565332
v 0.530775 4.638617 1.536624
v 0.366112 4.545143 1.721782
v 0.633514 4.376924 1.356280
v 0.601695 4.549598 1.311697
v 0.625584 4.593528 1.466713
v 0.196694 4.115838 1.595580
v 0.092758 4.168554 1.680344
v 0.106762 4.271390 1.739108
v 0.256964 4.467443 1.776181
v 0.474959 4.603224 1.646359
v 0.310964 4.489035 1.779797
v 0.451018 4.582200 1.693814
v 0.622753 4.154538 1.449769
v 0.379547 4.025435 1.552184
v 0.479194 4.107841 1.454292
v 0.407523 3.976435 1.755928
v 0.725204 4.538468 1.758361
v 0.463928 4.522427 1.822054
v 0.332182 4.325634 2.013639
v 0.811389 4.200374 1.549467
v 0.421685 4.013317 1.897439
v 0.332441 4.089434 2.009004
v 0.306248 4.196414 1.997900
v 0.815859 4.319721 1.571360
v 0.888027 4.434350 1.641797
v 0.826462 4.516511 1.695541
v 0.568579 4.568395 1.767136
v 0.372407 4.421075 1.931592
v 0.510896 4.557840 1.768882
v 0.377804 4.463695 1.875585
v 0.482983 3.994551 1.671225
v 0.615461 4.057905 1.628648
v 0.728772 4.128011 1.562063
v 0.261058 4.135890 1.349754
v 0.550458 4.343089 2.052422
v 0.136129 4.504432 1.525435
v 0.612377 3.986683 1.870776
v 0.367521 4.503021 1.802438
v 0.202964 4.247015 1.401315
v 0.074179 4.327791 1.367680
v 0.098046 4.401523 1.429449
v 0.674245 4.068126 1.965362
v 0.647055 4.141922 2.098376
v 0.607438 4.231706 2.107201
v 0.480157 4.447796 1.943980
v 0.254817 4.531630 1.653273
v 0.454430 4.480204 1.889120
v 0.306555 4.535218 1.698351
v 0.363921 4.108044 1.386478
v 0.608168 3.996283 1.741172
v 0.481408 4.041619 1.581098
v 0.432794 4.069164 1.500455
v 0.337038 4.519120 1.750395
v 0.549038 4.025917 1.650418
v 0.410975 4.491612 1.845779
v 0.319940 4.613071 1.482880
v 0.801912 4.099176 1.735721
v 0.419912 4.234835 1.255153
v 0.689081 4.439361 1.984736
v 0.423634 4.550145 1.745951
v 0.825254 4.178676 1.844175
v 0.877932 4.246797 1.947085
v 0.831633 4.361925 1.991549
v 0.374087 4.346525 1.262135
v 0.313940 4.484590 1.210757
v 0.268046 4.546146 1.312716
v 0.371791 4.614305 1.565007
v 0.570726 4.504207 1.890044
v 0.365988 4.572237 1.662957
v 0.513863 4.517222 1.853726
v 0.710107 4.068416 1.664092
v 0.477620 4.154910 1.364165
v 0.612877 4.123506 1.502805
v 0.545248 4.139208 1.433485
v 0.424820 4.567121 1.710770
v 0.661492 4.095961 1.583449
v 0.482502 4.536164 1.803183
v 0.498203 4.090058 -0.579657
v 0.040556 4.428002 -0.880738
v 0.453601 4.330820 -0.358877
v 0.015554 4.550140 -0.758013
v 0.147394 3.844868 -0.486410
v -0.105477 4.346507 -0.829383
v 0.061417 4.160196 -0.152016
v -0.130478 4.468645 -0.706658
v 0.242979 4.335537 -0.153899
v -0.045140 4.572145 -0.670457
v 0.362765 3.913772 -0.605085
v 0.024600 4.313160 -0.944384
v 0.571844 4.231262 -0.510496
v 0.159115 4.518382 -0.882725
v 0.042311 3.948864 -0.313296
v -0.212648 4.364684 -0.706972
v -0.025625 4.448455 -0.822732
v 0.223204 4.587247 -0.769168
v 0.462338 4.144043 -0.743115
v 0.457701 4.200336 -0.846275
v 0.364262 4.267658 -0.972189
v 0.277093 4.650783 -0.612079
v 0.380977 4.592460 -0.442184
v 0.398834 4.470431 -0.405750
v -0.199687 4.439365 -0.366635
v -0.174814 4.335948 -0.252867
v -0.060062 4.227223 -0.217142
v -0.126433 3.994693 -0.798895
v -0.077911 3.903412 -0.694333
v 0.006616 3.878509 -0.563682
v 0.123646 4.035287 -0.969694
v 0.212657 3.939873 -0.867997
v 0.256609 3.928377 -0.761261
v 0.004978 4.612381 -0.379863
v 0.087744 4.562396 -0.269775
v 0.177464 4.427314 -0.194554
v -0.278005 4.100923 -0.522672
v -0.237697 4.052303 -0.438839
v -0.124306 4.054241 -0.365601
v 0.418487 4.559546 -0.784342
v 0.512817 4.471137 -0.702771
v 0.527212 4.358718 -0.587959
v 0.259716 4.570794 -0.853513
v 0.160491 4.662439 -0.666114
v -0.061064 4.646690 -0.524700
v -0.243441 4.471873 -0.524306
v -0.289454 4.264322 -0.660387
v -0.160204 4.129882 -0.830319
v 0.046677 4.166527 -0.980299
v 0.213703 4.363243 -0.989594
v 0.069865 4.533387 -0.816512
v 0.053967 4.596618 -0.731124
v -0.062550 4.534246 -0.707362
v -0.168567 4.472430 -0.652865
v -0.147694 4.390993 -0.757570
v -0.125500 4.287434 -0.823971
v -0.027373 4.362401 -0.880035
v 0.092066 4.410496 -0.918141
v 0.448105 4.049736 -0.492604
v 0.408798 4.241761 -0.299655
v 0.206297 3.886815 -0.430990
v 0.160134 4.102117 -0.212940
v 0.263850 4.210093 -0.207474
v 0.321230 3.932334 -0.486998
v 0.475171 4.171822 -0.412559
v 0.152140 3.991550 -0.298959
v 0.313655 4.081686 -0.355759
v 0.036459 4.038251 -0.254438
v 0.508156 4.318568 -0.385251
v -0.266448 4.368098 -0.592346
v -0.056054 4.493634 -0.753337
v -0.073401 4.127342 -0.289839
v -0.250207 4.237206 -0.323986
v -0.275830 4.250957 -0.493170
v 0.447427 4.430236 -0.462750
v 0.455896 4.561025 -0.580907
v 0.353066 4.603717 -0.681677
v 0.086133 4.562723 -0.785841
v -0.181684 4.413264 -0.691657
v 0.039754 4.523186 -0.792606
v -0.139086 4.429819 -0.732114
v 0.184953 4.037560 -0.287309
v 0.451526 4.211242 -0.360195
v 0.299829 4.149230 -0.287891
v 0.531956 4.180370 -0.536880
v -0.203460 4.158504 -0.745841
v -0.055834 4.400642 -0.831369
v 0.249985 4.445575 -0.950376
v 0.071823 3.893194 -0.384069
v 0.515408 4.198489 -0.690800
v 0.498017 4.329513 -0.843831
v 0.394751 4.405187 -0.882019
v -0.051607 3.949383 -0.456670
v -0.190724 3.944623 -0.567452
v -0.238704 4.047307 -0.662912
v -0.162635 4.320203 -0.785166
v 0.114544 4.446909 -0.906064
v -0.125148 4.369075 -0.788873
v 0.055794 4.457415 -0.868593
v 0.461638 4.110779 -0.452582
v 0.326463 4.014011 -0.422904
v 0.187935 3.936178 -0.374627
v 0.347358 4.356778 -0.221589
v 0.141057 4.253931 -0.971430
v 0.050687 4.670012 -0.568127
v 0.452121 4.004902 -0.631387
v 0.004107 4.479339 -0.814568
v 0.266824 4.470166 -0.327002
v 0.232865 4.626713 -0.343278
v 0.156891 4.646262 -0.433334
v 0.357549 3.995823 -0.752838
v 0.318987 4.069788 -0.918995
v 0.243954 4.151472 -0.970942
v 0.040309 4.360512 -0.917605
v -0.005543 4.584508 -0.692531
v 0.006591 4.395202 -0.880386
v -0.023498 4.542193 -0.732687
v 0.337811 4.250581 -0.234142
v 0.417582 4.001316 -0.508146
v 0.394413 4.126754 -0.384159
v 0.370907 4.178010 -0.321999
v -0.009695 4.510766 -0.773628
v 0.394560 4.062460 -0.438105
v 0.005349 4.437270 -0.847477
v -0.155380 4.547433 -0.552198
v 0.220631 3.870150 -0.525216
v 0.152198 4.247867 -0.152957
v -0.036700 4.165141 -0.930492
v -0.082352 4.444641 -0.772819
v 0.148289 3.897403 -0.663877
v 0.073598 3.891182 -0.788832
v -0.017914 3.994842 -0.887634
v 0.056486 4.345876 -0.213245
v -0.072430 4.464645 -0.228962
v -0.095958 4.547173 -0.361320
v -0.163381 4.507353 -0.627875
v -0.070958 4.298419 -0.878476
v -0.096514 4.501446 -0.707010
v -0.066425 4.354454 -0.854709
v 0.279910 3.934104 -0.451680
v 0.232604 4.165204 -0.219468
v 0.232898 4.036618 -0.327359
v 0.232751 4.100911 -0.273414
v -0.107931 4.448513 -0.745303
v 0.256404 3.985361 -0.389520
v -0.082525 4.388231 -0.816575
vn -0.1928 0.2847 -0.9390
vn 0.3367 0.9221 -0.1908
vn -0.4087 0.7990 0.4411
vn -0.8626 0.3988 -0.3111
vn 0.6284 -0.6322 0.4532
vn -0.4042 0.8391 -0.3642
vn -0.3882 0.8737 -0.2930
vn 0.6799 -0.7265 0.0996
vn -0.7640 0.6193 0.1813
vn 0.3967 0.5002 -0.7697
vn 0.1584 -0.9840 0.0817
vn -0.3426 0.8753 -0.3413
vn -0.3659 0.7938 -0.4858
vn 0.4117 -0.6693 0.6185
vn 0.1435 0.8830 0.4469
vn -0.6286 0.1421 -0.7646
vn -0.7444 -0.5243 -0.4135
vn -0.1705 -0.8735 -0.4560
vn -0.4749 -0.1106 -0.8731
vn 0.5511 0.0157 0.8343
vn 0.5943 -0.0810 0.8001
vn 0.1719 0.7932 0.5842
vn 0.7625 -0.4305 -0.4829
vn 0.5676 -0.4720 -0.6746
vn 0.5240 0.5424 -0.6567
vn -0.3972 -0.5245 0.7531
vn -0.2082 -0.6353 0.7437
vn -0.7859 -0.0004 0.6183
vn -0.3695 -0.8984 -0.2374
vn -0.4246 -0.9054 0.0017
vn -0.7593 -0.5983 -0.2559
vn 0.0813 -0.1718 0.9818
vn 0.2544 -0.2454 0.9354
vn -0.3618 0.5189 0.7746
vn 0.9813 0.0416 0.1880
vn 0.9410 -0.1710 0.2919
vn 0.6661 0.7364 0.1179
vn 0.6367 -0.4214 -0.6458
vn 0.3478 -0.7878 -0.5083
vn 0.1065 -0.0438 -0.9933
vn -0.3260 0.5864 -0.7415
vn -0.0961 0.9409 -0.3248
vn -0.4790 0.8741 0.0804
vn -0.6764 0.7119 -0.1886
vn -0.1488 0.8324 -0.5339
vn -0.5409 0.8326 -0.1188
vn -0.5603 0.6915 -0.4560
vn -0.1537 0.9577 -0.2434
vn -0.4336 0.7740 -0.4614
vn -0.3201 0.9054 -0.2790
vn -0.3266 0.9141 -0.2405
vn -0.5013 0.7841 -0.3658
vn -0.2751 0.8406 -0.4666
vn -0.4664 0.8481 -0.2515
vn -0.4765 0.7748 -0.4155
vn -0.2804 0.9299 -0.2381
vn 0.3746 -0.8532 0.3629
vn 0.0397 -0.9854 0.1654
vn 0.5791 -0.7297 0.3636
vn 0.2190 -0.7662 0.6042
vn 0.5591 -0.8206 0.1181
vn 0.3746 -0.8532 0.3628
vn -0.3200 0.7335 -0.5997
vn -0.2232 0.9609 -0.1641
vn -0.1292 0.7779 -0.6150
vn -0.1944 -0.1177 -0.9738
vn 0.2805 -0.8241 -0.4921
vn 0.1144 -0.7245 -0.6798
vn 0.5270 0.8052 0.2717
vn 0.5867 -0.0781 0.8061
vn 0.5533 0.0910 0.8280
vn 0.3510 0.8655 0.3574
vn -0.3527 0.8519 -0.3871
vn -0.3334 0.8786 -0.3420
vn 0.3437 -0.9364 0.0709
vn 0.4845 -0.5803 0.6547
vn -0.1710 0.4202 -0.8912
vn -0.4815 0.7698 -0.4190
vn -0.3793 0.9024 -0.2046
vn -0.5218 0.7016 -0.4852
vn -0.3762 0.9224 -0.0872
vn 0.1054 0.5409 0.8344
vn 0.3950 -0.1978 0.8971
vn 0.2539 0.0545 0.9657
vn -0.7081 -0.5936 -0.3825
vn -0.4016 -0.9150 -0.0374
vn -0.2199 -0.9527 -0.2097
vn -0.6321 0.1471 -0.7608
vn 0.3777 -0.6718 0.6372
vn 0.1009 -0.9915 0.0819
vn -0.3686 0.8773 -0.3073
vn -0.4082 0.8332 -0.3730
vn -0.0981 0.8457 0.5246
vn -0.4847 0.8037 -0.3451
vn -0.3395 0.8507 -0.4013
vn 0.4101 -0.8997 -0.1494
vn 0.1232 -0.9061 0.4048
vn -0.4492 0.7759 -0.4430
vn -0.1012 0.7826 -0.6143
vn -0.7309 0.5459 -0.4096
vn -0.9512 -0.2870 0.1130
vn -0.5891 -0.7565 0.2838
vn -0.5397 -0.8108 0.2265
vn 0.1137 0.2130 -0.9704
vn 0.7091 -0.6659 -0.2318
vn 0.4130 -0.7118 -0.5681
vn -0.3474 0.8319 -0.4327
vn 0.2040 0.3296 -0.9218
vn -0.4141 0.8341 -0.3646
vn -0.8922 0.3398 -0.2974
vn -0.4262 0.8485 -0.3136
vn -0.3486 0.8780 -0.3280
vn 0.0435 -0.8137 0.5796
vn 0.6058 -0.7085 0.3620
vn -0.5725 0.8142 -0.0966
vn -0.2251 0.8769 -0.4247
vn -0.4306 0.9014 -0.0460
vn -0.1920 0.9029 -0.3847
vn 0.7164 0.5595 -0.4168
vn 0.9694 0.1037 0.2226
vn -0.5724 0.2508 0.7807
vn -0.3065 -0.4042 0.8618
vn -0.4154 -0.5511 0.7237
vn -0.6056 0.7560 0.2485
vn -0.3288 0.8958 -0.2990
vn 0.5403 0.7317 -0.4155
vn -0.1069 -0.0632 -0.9923
vn 0.4133 0.5997 -0.6853
vn -0.5311 0.7902 -0.3058
vn -0.9054 0.1221 -0.4066
vn 0.5984 -0.3053 0.7408
vn -0.3617 0.4906 -0.7927
vn -0.3568 0.5435 -0.7598
vn 0.6998 -0.4963 0.5139
vn -0.8260 0.5116 -0.2366
vn 0.5501 0.0765 -0.8316
vn 0.1438 -0.7208 0.6781
vn -0.2976 0.5260 -0.7967
vn -0.2993 0.4123 -0.8605
vn 0.3334 -0.2740 0.9021
vn 0.1092 0.9680 -0.2260
vn -0.6161 -0.2001 -0.7618
vn -0.3212 -0.7004 0.6374
vn -0.1423 -0.9670 0.2113
vn -0.4465 -0.4997 -0.7422
vn 0.5374 0.3818 0.7519
vn 0.5807 0.2724 0.7672
vn 0.1194 0.9920 -0.0402
vn 0.8720 -0.4805 -0.0934
vn 0.7520 -0.6192 -0.2262
vn 0.6443 0.1411 -0.7516
vn -0.5468 -0.0990 0.8314
vn -0.3623 -0.1852 0.9135
vn -0.8829 0.2132 0.4184
vn -0.4133 -0.8226 0.3905
vn -0.5676 -0.6575 0.4954
vn -0.8187 -0.5509 0.1619
vn -0.1046 0.2690 0.9574
vn 0.1169 0.1882 0.9752
vn -0.5860 0.7520 0.3017
vn 0.9881 0.0913 0.1234
vn 0.8946 -0.1097 0.4332
vn 0.7269 0.5911 -0.3495
vn 0.8011 -0.5536 -0.2274
vn 0.5122 -0.8340 0.2051
vn 0.3356 -0.4576 -0.8234
vn -0.2740 0.1632 -0.9478
vn -0.0280 0.5767 -0.8165
vn -0.5331 0.6950 -0.4826
vn -0.6610 0.3474 -0.6652
vn -0.0495 0.4170 -0.9076
vn -0.5547 0.5761 -0.6003
vn -0.5218 0.3485 -0.7787
vn -0.1065 0.6258 -0.7727
vn -0.3790 0.4072 -0.8310
vn -0.2348 0.5293 -0.8153
vn -0.2989 0.5951 -0.7459
vn -0.4687 0.4489 -0.7607
vn -0.1915 0.4649 -0.8644
vn -0.4500 0.5392 -0.7119
vn -0.3926 0.3950 -0.8306
vn -0.2483 0.6083 -0.7539
vn 0.3293 -0.5015 0.8000
vn -0.0089 -0.6753 0.7375
vn 0.5582 -0.4227 0.7139
vn 0.1157 -0.3457 0.9312
vn 0.5738 -0.5664 0.5915
vn -0.2482 0.6083 -0.7539
vn -0.2305 0.3262 -0.9168
vn -0.1995 0.6640 -0.7206
vn -0.0146 0.3470 -0.9377
vn 0.0649 -0.7807 -0.6215
vn 0.4269 -0.8931 0.1423
vn 0.2833 -0.9544 -0.0940
vn 0.5874 0.7533 -0.2958
vn 0.5713 0.2783 0.7721
vn 0.5508 0.4516 0.7019
vn 0.3820 0.8805 -0.2807
vn -0.3007 0.4913 -0.8174
vn -0.2873 0.5281 -0.7991
vn 0.3530 -0.6846 0.6377
vn 0.4158 -0.1955 0.8882
vn 0.0266 -0.1091 -0.9937
vn -0.4307 0.4114 -0.8033
vn -0.3640 0.6003 -0.7121
vn -0.4981 0.3686 -0.7849
vn -0.5503 0.6130 -0.5670
vn -0.0337 0.9168 0.3979
vn 0.3049 0.2148 0.9278
vn 0.1262 0.4899 0.8626
vn -0.7759 -0.6276 0.0639
vn -0.4621 -0.7087 0.5330
vn -0.2417 -0.8584 0.4525
vn -0.6357 -0.3108 -0.7066
vn 0.3079 -0.2657 0.9136
vn 0.1187 -0.7442 0.6574
vn -0.3326 0.5407 -0.7726
vn -0.3648 0.4830 -0.7960
vn -0.2190 0.9667 -0.1326
vn -0.4538 0.4710 -0.7565
vn -0.2836 0.4849 -0.8273
vn 0.4769 -0.7538 0.4520
vn 0.0436 -0.5193 0.8535
vn -0.2008 0.4519 -0.8692
vn -0.3992 0.4153 -0.8174
vn -0.0723 0.3059 -0.9493
vn -0.7152 0.2556 -0.6505
vn -0.9631 -0.1496 0.2235
vn -0.5295 -0.4509 0.7185
vn -0.6137 -0.4871 0.6213
vn 0.3246 -0.2185 -0.9203
vn 0.7880 -0.5714 0.2294
vn 0.5895 -0.8078 0.0032
vn -0.2890 0.4712 -0.8333
vn 0.3778 -0.0631 -0.9237
vn -0.3727 0.4868 -0.7901
vn -0.8914 0.1415 -0.4306
vn -0.3949 0.5166 -0.7597
vn -0.3067 0.5332 -0.7884
vn -0.0726 -0.3821 0.9213
vn 0.5835 -0.3931 0.7106
vn -0.4555 0.6652 -0.5917
vn -0.0992 0.5591 -0.8231
vn -0.5049 0.6231 -0.5973
vn -0.1229 0.5271 -0.8409
vn 0.7816 0.2293 -0.5801
vn 0.9822 0.1491 0.1139
vn 0.9808 0.0432 0.1901
vn -0.7622 0.4799 0.4345
vn -0.4873 0.0234 0.8729
vn -0.5576 -0.1270 0.8203
vn -0.7196 0.6609 -0.2131
vn -0.2901 0.5579 -0.7776
vn 0.6279 0.3546 -0.6928
vn -0.0518 -0.7975 -0.6010
vn 0.5499 -0.7676 0.3293
vn 0.9551 0.1817 -0.2343
vn 0.2967 0.2305 -0.9268
vn -0.4904 0.2531 0.8340
vn 0.6944 -0.4656 -0.5487
vn 0.7588 -0.4259 -0.4929
vn -0.7231 -0.0694 0.6872
vn 0.7022 0.3868 -0.5978
vn -0.0274 -0.9928 0.1167
vn -0.8869 0.4479 0.1128
vn 0.7241 -0.5116 -0.4625
vn 0.5772 -0.5909 -0.5636
vn -0.3996 0.6121 0.6824
vn 0.9015 -0.1171 0.4166
vn -0.0927 -0.2839 -0.9544
vn -0.3899 0.3552 -0.8496
vn -0.8870 0.1234 -0.4449
vn -0.3805 -0.3671 -0.8488
vn 0.2700 0.3242 0.9066
vn 0.1669 0.3105 0.9358
vn 0.8728 0.0235 0.4875
vn -0.6219 -0.6395 0.4521
vn -0.7095 -0.6681 0.2242
vn 0.0202 -0.9657 0.2589
vn 0.0043 0.9921 -0.1251
vn -0.1214 0.9922 0.0283
vn 0.3510 0.8366 -0.4206
vn -0.7218 0.4425 -0.5322
vn -0.5407 0.6425 -0.5430
vn -0.3652 0.4962 -0.7877
vn 0.2813 0.8454 0.4541
vn 0.1729 0.7561 0.6312
vn 0.7785 0.6277 -0.0037
vn -0.0831 -0.4538 0.8872
vn -0.1921 -0.2977 0.9351
vn 0.4283 -0.5987 0.6768
vn -0.6599 -0.6922 0.2924
vn -0.9572 -0.2536 0.1396
vn -0.4699 -0.8387 -0.2754
vn 0.2421 -0.6900 -0.6821
vn 0.6994 -0.6978 -0.1545
vn 0.9168 0.0143 -0.3991
vn 0.5503 -0.1269 -0.8253
vn 0.5108 -0.7992 -0.3168
vn 0.8153 -0.1051 -0.5694
vn 0.5366 -0.3451 -0.7700
vn 0.7825 -0.5949 -0.1838
vn 0.5890 -0.5024 -0.6330
vn 0.7771 -0.4830 -0.4035
vn 0.8060 -0.4438 -0.3918
vn 0.6603 -0.3563 -0.6611
vn 0.6169 -0.6646 -0.4215
vn 0.7689 -0.3055 -0.5616
vn 0.6225 -0.4217 -0.6593
vn 0.8078 -0.4855 -0.3344
vn -0.7011 0.4958 0.5125
vn -0.7894 0.6136 0.0176
vn -0.6377 0.2427 0.7311
vn -0.4383 0.7856 0.4367
vn -0.8050 0.0839 0.5873
vn 0.4440 -0.6984 -0.5613
vn 0.8522 -0.4706 -0.2287
vn 0.4104 -0.8497 -0.3312
vn -0.6716 -0.5480 -0.4987
vn -0.9674 -0.2532 0.0076
vn -0.9143 -0.3362 -0.2259
vn 0.5999 -0.4572 0.6566
vn 0.1740 0.3200 0.9313
vn 0.3247 0.2799 0.9034
vn 0.7609 -0.3204 0.5642
vn 0.6812 -0.5365 -0.4981
vn 0.7241 -0.5212 -0.4517
vn -0.9058 0.2710 0.3259
vn -0.3144 0.5377 0.7823
vn -0.0258 -0.8599 -0.5098
vn 0.6048 -0.4342 -0.6676
vn 0.8250 -0.3591 -0.4363
vn 0.5596 -0.3678 -0.7427
vn 0.8929 -0.2537 -0.3719
vn 0.7799 0.3926 0.4876
vn 0.1647 0.6068 0.7776
vn 0.4249 0.6263 0.6536
vn -0.4350 0.3845 -0.8142
vn -0.6247 0.6200 -0.4747
vn -0.8220 0.4062 -0.3993
vn -0.1909 -0.2312 -0.9540
vn -0.3825 0.6412 0.6653
vn -0.8977 0.4361 0.0628
vn 0.7503 -0.4580 -0.4768
vn 0.6853 -0.4679 -0.5581
vn 0.9698 0.1427 0.1976
vn 0.6862 -0.3603 -0.6319
vn 0.6687 -0.5600 -0.4891
vn -0.9565 -0.0133 0.2913
vn -0.6372 0.7373 0.2244
vn 0.6029 -0.6647 -0.4413
vn 0.6039 -0.4724 -0.6420
vn 0.3743 -0.8276 -0.4182
vn 0.4394 -0.0860 -0.8942
vn 0.0241 0.6884 -0.7249
vn -0.3623 0.8696 -0.3354
vn -0.3725 0.8081 -0.4563
vn -0.2701 -0.9329 -0.2381
vn -0.7587 -0.3775 0.5310
vn -0.8900 -0.4408 0.1167
vn 0.6523 -0.5643 -0.5060
vn -0.1355 -0.9818 -0.1328
vn 0.6917 -0.4551 -0.5607
vn 0.3172 0.2059 -0.9257
vn 0.7333 -0.4018 -0.5484
vn 0.7351 -0.4950 -0.4632
vn -0.4280 0.8783 0.2132
vn -0.6023 0.2239 0.7662
vn 0.8980 -0.1532 -0.4125
vn 0.7045 -0.6664 -0.2439
vn 0.8614 -0.1305 -0.4909
vn 0.6740 -0.6759 -0.2983
vn 0.0817 -0.8746 0.4779
vn -0.0265 -0.4459 0.8947
vn -0.1296 -0.4096 0.9030
vn 0.5684 0.7982 -0.1993
vn 0.1147 0.9934 0.0005
vn -0.0218 0.9881 -0.1525
vn 0.8358 0.3588 -0.4155
vn 0.7608 -0.4911 -0.4242
vn 0.2380 -0.8957 0.3756
vn -0.3690 0.7436 -0.5576
vn 0.7435 0.5694 -0.3506
vn 0.3407 0.7000 0.6276
vn -0.5177 0.8128 0.2671
vn 0.2940 -0.9553 -0.0300
vn -0.3921 0.8900 -0.2328
vn 0.0664 0.9973 0.0298
vn 0.1248 -0.9313 -0.3421
vn -0.1163 0.7830 0.6111
vn 0.1992 0.5339 -0.8218
vn -0.3743 -0.9246 -0.0702
vn 0.0771 0.9964 -0.0340
vn -0.2138 0.9350 -0.2830
vn 0.1993 -0.9544 0.2222
vn 0.7793 0.5397 0.3184
vn -0.7035 0.6681 -0.2424
vn -0.9968 0.0179 0.0784
vn -0.7979 -0.5170 -0.3099
vn -0.7907 0.4293 -0.4364
vn 0.7718 -0.5284 0.3537
vn 0.7308 -0.6156 0.2947
vn 0.8177 0.4025 0.4115
vn 0.0832 -0.5204 -0.8499
vn -0.1608 -0.4070 -0.8992
vn 0.3596 0.4750 -0.8031
vn -0.2197 -0.5480 0.8071
vn -0.1516 -0.7157 0.6818
vn -0.2707 0.1131 0.9560
vn -0.8482 -0.5295 -0.0166
vn -0.7774 -0.5941 0.2067
vn -0.9725 -0.0973 0.2114
vn 0.4052 -0.5394 0.7381
vn 0.4637 -0.6579 0.5934
vn 0.3773 0.3247 0.8673
vn 0.7879 -0.4518 -0.4184
vn 0.6887 -0.6509 -0.3195
vn 0.9155 0.3062 -0.2611
vn -0.0721 -0.4027 -0.9125
vn -0.4085 -0.6427 -0.6481
vn -0.3983 0.2787 -0.8739
vn -0.3533 0.8285 -0.4345
vn 0.5385 0.8418 0.0371
vn 0.1689 0.9106 0.3771
vn -0.1688 0.9482 0.2692
vn 0.1502 0.8593 -0.4889
vn 0.0172 0.9676 0.2520
vn -0.2172 0.9761 -0.0084
vn 0.4473 0.7424 0.4987
vn -0.3056 0.9502 -0.0602
vn 0.1353 0.9908 0.0034
vn 0.1771 0.9467 0.2691
vn -0.3928 0.8980 0.1984
vn 0.0501 0.9838 -0.1723
vn -0.0301 0.8730 0.4868
vn -0.2519 0.9678 -0.0047
vn 0.1611 0.8954 0.4151
vn -0.0344 -0.9988 0.0336
vn -0.2013 -0.9739 -0.1052
vn -0.1817 -0.9784 -0.0987
vn -0.4194 -0.9056 0.0637
vn 0.1696 -0.9825 -0.0767
vn 0.0108 -0.9486 0.3162
vn 0.0011 -0.9650 -0.2624
vn 0.2185 0.9707 0.0998
vn -0.1448 0.9767 -0.1584
vn 0.5195 0.8465 0.1165
vn 0.0517 0.9253 -0.3756
vn -0.6927 0.0695 -0.7178
vn -0.4678 -0.6512 -0.5976
vn -0.6208 -0.4313 -0.6546
vn 0.9273 0.3708 -0.0523
vn 0.7299 -0.6121 0.3042
vn 0.8135 -0.4631 0.3518
vn 0.8752 0.4677 0.1233
vn 0.2407 0.9633 0.1184
vn 0.0847 0.9956 -0.0396
vn -0.2271 -0.9567 -0.1822
vn 0.3125 -0.9256 0.2138
vn -0.2896 0.7506 -0.5938
vn -0.2067 -0.9769 -0.0538
vn -0.2686 0.9632 -0.0049
vn 0.3043 0.8849 0.3527
vn -0.1985 0.9787 -0.0529
vn 0.1904 0.9637 0.1872
vn 0.7522 0.1209 0.6478
vn 0.5706 -0.6640 0.4832
vn 0.6462 -0.4160 0.6398
vn -0.9944 -0.0696 0.0790
vn -0.7846 -0.5985 0.1617
vn -0.7572 -0.6477 -0.0839
vn -0.7014 0.6722 -0.2370
vn 0.1831 -0.9491 0.2563
vn -0.4139 -0.9065 -0.0827
vn 0.0753 0.9971 0.0076
vn -0.3167 0.9315 -0.1790
vn 0.6239 0.5826 0.5208
vn -0.0585 0.9975 0.0406
vn 0.0402 0.9957 -0.0839
vn -0.2606 -0.8813 -0.3943
vn -0.2147 -0.9544 0.2075
vn 0.0730 0.9201 -0.3849
vn -0.4664 0.8757 -0.1246
vn 0.0965 0.7749 -0.6247
vn -0.3910 0.9126 0.1193
vn -0.7653 0.1200 0.6323
vn -0.6845 -0.4967 0.5336
vn -0.7045 -0.5433 0.4566
vn -0.2411 0.4862 -0.8400
vn 0.0318 -0.7821 -0.6224
vn -0.3496 -0.5848 -0.7320
vn 0.0113 0.9944 -0.1048
vn -0.0930 0.5278 -0.8443
vn -0.0444 0.9973 -0.0590
vn -0.5642 0.7719 0.2929
vn 0.2230 0.8183 0.5298
vn 0.1497 -0.9808 0.1250
vn 0.0802 0.9966 -0.0200
vn -0.1444 -0.9072 0.3952
vn 0.1982 -0.9758 -0.0922
vn 0.0901 -0.9923 -0.0852
vn -0.0071 -0.9784 0.2068
vn 0.1589 0.9234 0.3495
vn 0.1214 0.9786 -0.1662
vn 0.1604 0.9549 0.2499
vn 0.1749 0.9727 -0.1525
vn 0.6096 0.3228 -0.7240
vn 0.8300 -0.4067 -0.3816
vn 0.0860 0.1801 0.9799
vn -0.0449 -0.5249 0.8500
vn -0.2592 -0.5520 0.7925
vn 0.0412 0.9628 0.2672
vn 0.0945 0.8090 0.5802
vn 0.3028 0.8465 0.4380
vn 0.6459 0.3689 -0.6684
vn -0.6422 0.5842 -0.4962
vn -0.9469 -0.0624 0.3154
vn -0.5894 -0.8035 -0.0829
vn -0.4786 -0.1689 -0.8617
vn 0.5308 0.0470 0.8462
vn -0.6354 -0.1962 -0.7468
vn -0.8260 -0.3663 -0.4284
vn 0.7218 0.4247 0.5465
vn -0.2777 -0.6594 -0.6987
vn -0.8088 0.5828 0.0783
vn 0.9329 0.3327 0.1380
vn -0.9351 -0.1261 -0.3311
vn -0.9263 -0.0235 -0.3761
vn 0.5260 -0.5399 0.6571
vn -0.6836 -0.6047 0.4086
vn -0.4201 0.3483 -0.8380
vn 0.5992 0.6501 -0.4673
vn 0.7580 0.5857 -0.2871
vn 0.0602 0.5628 -0.8244
vn 0.6506 -0.4221 0.6313
vn -0.0119 -0.1996 0.9798
vn -0.4863 -0.5849 0.6492
vn 0.3842 0.7980 0.4643
vn -0.2982 0.7913 0.5338
vn -0.8167 0.5290 0.2307
vn 0.6558 -0.7251 -0.2101
vn 0.8624 -0.4972 0.0949
vn 0.5206 -0.7790 -0.3496
vn 0.8397 0.1464 -0.5229
vn 0.7276 0.0913 -0.6799
vn 0.8252 0.0891 -0.5578
vn 0.3502 -0.6889 0.6347
vn 0.6536 -0.7072 0.2697
vn -0.1627 -0.9851 0.0564
vn -0.0381 0.2127 0.9764
vn 0.4083 0.1827 0.8944
vn -0.9269 0.1572 0.3409
vn -0.0392 0.9864 0.1594
vn 0.4806 0.8681 -0.1242
vn -0.3816 0.8690 -0.3150
vn -0.7760 0.4030 -0.4852
vn -0.9915 -0.0811 -0.1015
vn -0.6231 -0.7792 0.0671
vn -0.7408 -0.3421 -0.5781
vn -0.9272 0.2082 -0.3113
vn -0.6868 -0.3528 -0.6355
vn -0.8175 -0.0676 -0.5720
vn -0.9250 -0.3721 -0.0770
vn -0.7614 0.3342 -0.5555
vn -0.9350 -0.3541 -0.0182
vn -0.7346 -0.1938 -0.6502
vn -0.8682 -0.1480 -0.4737
vn -0.9148 0.3439 -0.2116
vn -0.8796 -0.3744 -0.2936
vn -0.8277 -0.3019 -0.4731
vn -0.9804 -0.1771 -0.0868
vn 0.8651 0.0699 0.4967
vn 0.8672 0.0468 0.4958
vn 0.7830 0.3914 0.4834
vn 0.6282 0.0653 0.7753
vn 0.7574 0.1829 -0.6268
vn 0.7585 0.1762 0.6274
vn 0.8729 -0.3900 0.2931
vn 0.4216 0.7770 0.4675
vn 0.5870 0.2517 0.7695
vn 0.8313 -0.1879 0.5231
vn -0.9694 -0.1700 0.1770
vn -0.8561 0.0388 -0.5154
vn -0.9551 -0.2597 -0.1423
vn -0.8889 0.1585 -0.4298
vn -0.2793 0.7696 -0.5743
vn 0.5664 0.8177 -0.1026
vn 0.5424 0.7701 -0.3357
vn -0.8263 -0.5230 0.2090
vn 0.0993 -0.5385 0.8368
vn 0.0891 -0.4836 0.8707
vn -0.7076 -0.4355 0.5564
vn -0.9338 -0.0753 -0.3497
vn -0.9826 -0.0849 -0.1654
vn 0.6443 0.7386 0.1986
vn 0.7345 -0.0842 0.6733
vn -0.7445 0.5029 -0.4390
vn 0.8486 0.4711 0.2407
vn 0.9833 -0.1279 -0.1295
vn -0.8736 -0.0932 -0.4776
vn -0.7586 -0.6265 -0.1789
vn -0.8366 -0.0331 -0.5468
vn -0.9479 -0.2718 -0.1662
vn -0.1972 -0.8452 0.4968
vn 0.1597 -0.8006 0.5775
vn 0.7069 -0.4131 0.5741
vn 0.1196 0.2060 -0.9712
vn 0.9038 0.1640 -0.3952
vn 0.7788 0.4258 -0.4606
vn -0.3865 0.3309 -0.8609
vn 0.5461 -0.6203 0.5631
vn 0.8716 0.3559 -0.3371
vn -0.9250 -0.1606 -0.3445
vn -0.7578 0.2281 -0.6114
vn -0.4899 -0.8232 0.2870
vn -0.8783 -0.1645 -0.4490
vn 0.9792 0.1655 0.1176
vn -0.9460 -0.0011 -0.3243
vn 0.9724 0.1720 0.1576
vn 0.5485 0.7550 0.3593
vn 0.8603 0.4601 -0.2195
vn 0.7400 0.4650 0.4860
vn 0.8179 0.5740 0.0400
vn -0.9263 0.2223 -0.3043
vn -0.7738 0.0526 -0.6313
vn -0.9493 0.2845 -0.1338
vn -0.6662 -0.1234 -0.7355
vn 0.7036 -0.2268 -0.6734
vn 0.7697 -0.2117 -0.6023
vn 0.7617 0.2288 -0.6062
vn -0.6106 0.7466 -0.2642
vn 0.2565 0.9440 0.2078
vn 0.3185 0.9136 0.2529
vn -0.8966 0.1032 -0.4307
vn -0.7020 0.6948 -0.1561
vn -0.7758 0.1417 -0.6148
vn -0.2618 -0.3815 -0.8865
vn -0.8697 -0.3978 -0.2920
vn 0.8505 -0.3793 0.3643
vn -0.9466 -0.2973 -0.1251
vn 0.6797 0.0479 0.7320
vn 0.9240 -0.3687 0.1017
vn 0.7286 0.1819 0.6604
vn 0.7121 0.3589 0.6034
vn 0.9201 -0.0671 0.3859
vn -0.4803 -0.6132 -0.6271
vn -0.9938 -0.1054 -0.0349
vn -0.8762 -0.4335 -0.2107
vn -0.9975 -0.0607 -0.0374
vn -0.7663 0.4127 0.4923
vn -0.4655 0.1774 0.8671
vn 0.3243 -0.9447 -0.0475
vn 0.7106 -0.7035 0.0113
vn 0.5873 -0.8091 0.0192
vn -0.9756 -0.1676 -0.1416
vn -0.6183 -0.7078 -0.3416
vn -0.8716 -0.3965 -0.2882
vn -0.8919 0.2814 0.3539
vn -0.0510 0.7592 -0.6489
vn -0.8647 0.4990 0.0574
vn -0.6955 -0.5310 -0.4840
vn 0.1202 -0.3229 -0.9388
vn 0.2541 -0.0500 0.9659
vn -0.6010 0.1678 -0.7815
vn -0.6608 0.1063 -0.7430
vn 0.3881 0.3374 0.8577
vn -0.2835 -0.6232 -0.7289
vn -0.3728 0.9279 0.0007
vn 0.9026 -0.0766 0.4236
vn -0.6712 0.1987 -0.7142
vn -0.5390 0.3284 -0.7757
vn 0.3531 -0.4160 0.8380
vn -0.9650 -0.2367 0.1130
vn 0.2837 0.3011 -0.9104
vn 0.7418 -0.1770 -0.6469
vn 0.9637 0.2254 -0.1434
vn 0.4719 0.4872 -0.7348
vn -0.4091 -0.4057 0.8173
vn -0.3332 -0.3538 0.8739
vn -0.9117 -0.3559 0.2054
vn 0.1684 0.8266 0.5370
vn 0.3076 0.8873 0.3437
vn -0.4501 0.8842 0.1244
vn 0.3954 -0.9185 -0.0018
vn 0.4564 -0.8712 0.1809
vn 0.1301 -0.9058 -0.4032
vn 0.9624 -0.1322 -0.2371
vn 0.8797 -0.3862 -0.2774
vn 0.7514 -0.3169 -0.5788
vn -0.0855 -0.8903 0.4472
vn -0.0796 -0.7671 0.6366
vn -0.4532 -0.8769 -0.1601
vn -0.3753 0.4482 0.8113
vn -0.2388 0.3452 0.9076
vn -0.8083 0.3881 0.4428
vn 0.2336 0.8904 0.3907
vn 0.7016 0.5987 0.3864
vn 0.1959 0.9554 -0.2211
vn -0.2435 0.5480 -0.8002
vn -0.8155 0.3792 -0.4371
vn -0.6699 -0.3612 -0.6487
vn -0.2637 -0.0896 -0.9604
vn -0.6352 0.5454 -0.5469
vn -0.5697 -0.2116 -0.7942
vn -0.3484 0.1173 -0.9300
vn -0.8417 0.2525 -0.4773
vn -0.4950 0.2422 -0.8344
vn -0.7262 0.1518 -0.6705
vn -0.7410 0.1046 -0.6634
vn -0.4955 0.0801 -0.8649
vn -0.6459 0.3809 -0.6616
vn -0.6042 -0.0086 -0.7968
vn -0.4868 0.1549 -0.8597
vn -0.7760 0.1422 -0.6145
vn 0.6293 -0.1930 0.7528
vn 0.9077 -0.2666 0.3241
vn 0.4122 0.0161 0.9109
vn 0.5284 -0.5609 0.6374
vn 0.5472 0.2272 0.8056
vn -0.4620 0.4785 -0.7468
vn -0.8433 0.1112 -0.5258
vn -0.5609 0.6303 -0.5367
vn 0.5492 0.7642 -0.3381
vn 0.7529 0.6027 0.2644
vn 0.7511 0.6600 0.0176
vn -0.9008 0.1919 0.3895
vn -0.3344 -0.3654 0.8687
vn -0.4720 -0.3856 0.7928
vn -0.9627 0.0044 0.2704
vn -0.6313 0.2382 -0.7381
vn -0.6782 0.2075 -0.7050
vn 0.7869 0.0935 0.6100
vn 0.2196 -0.3800 0.8985
vn -0.1256 0.8066 -0.5776
vn -0.4731 0.1732 -0.8638
vn -0.7128 0.0191 -0.7011
vn -0.3854 0.1294 -0.9136
vn -0.7547 -0.1044 -0.6478
vn -0.6967 -0.6618 0.2770
vn -0.1733 -0.6265 0.7599
vn -0.3545 -0.7432 0.5675
vn 0.7805 -0.1870 -0.5965
vn 0.9233 -0.3336 -0.1905
vn 0.9944 -0.0610 -0.0858
vn 0.3887 0.2897 -0.8746
vn 0.3542 -0.4493 0.8202
vn 0.9238 -0.0614 0.3780
vn -0.6702 0.1392 -0.7290
vn -0.5908 0.1734 -0.7879
vn -0.8607 -0.5022 -0.0839
vn -0.5291 0.0738 -0.8454
vn -0.6317 0.2647 -0.7286
vn 0.7395 0.3758 0.5585
vn 0.7530 -0.4397 0.4896
vn -0.6273 0.3863 -0.6762
vn -0.4944 0.2088 -0.8438
vn -0.4935 0.6240 -0.6059
vn -0.1298 -0.0848 -0.9879
vn 0.4600 -0.6432 -0.6121
vn 0.7393 -0.6648 -0.1067
vn 0.7646 -0.6037 -0.2256
vn -0.0250 0.9663 -0.2563
vn 0.3577 0.6362 0.6835
vn 0.5823 0.7463 0.3225
vn -0.6135 0.2749 -0.7403
vn -0.1943 0.9598 -0.2023
vn -0.5910 0.1592 -0.7908
vn 0.0930 -0.3081 -0.9468
vn -0.6121 0.0939 -0.7852
vn -0.6746 0.1792 -0.7161
vn 0.6244 -0.6497 0.4336
vn 0.3633 0.0199 0.9315
vn -0.7097 -0.1991 -0.6757
vn -0.7801 0.3485 -0.5196
vn -0.6444 -0.2058 -0.7365
vn -0.7393 0.3691 -0.5632
vn -0.5410 0.7759 0.3245
vn -0.4245 0.4193 0.8025
vn -0.3237 0.4250 0.8453
vn -0.1450 -0.9539 -0.2628
vn 0.2590 -0.9622 0.0845
vn 0.4255 -0.9047 -0.0205
vn -0.4690 -0.6488 -0.5992
vn -0.7082 0.1656 -0.6863
vn -0.6528 0.7362 0.1787
vn 0.4715 0.7312 -0.4930
vn 0.8348 0.4888 0.2535
vn -0.2074 0.7962 0.5684
vn -0.4816 0.8614 -0.1618
vn 0.3788 -0.7704 0.5128
vn 0.2461 0.9685 0.0379
vn 0.2412 0.9656 0.0968
vn 0.1851 -0.9745 -0.1269
vn -0.3990 0.8862 0.2354
vn 0.9298 0.2848 -0.2333
vn -0.4019 -0.8641 -0.3030
vn 0.3069 0.9490 0.0724
vn 0.3210 0.9457 -0.0503
vn -0.5606 -0.5562 0.6135
vn 0.4067 0.5224 0.7494
vn -0.1069 0.8174 -0.5660
vn -0.7544 -0.5550 -0.3505
vn -0.4261 -0.4921 -0.7591
vn -0.0346 0.5824 -0.8122
vn 0.0199 -0.7649 0.6439
vn 0.1223 -0.7818 0.6114
vn 0.3145 0.3988 0.8614
vn 0.6721 -0.6501 -0.3545
vn 0.6305 -0.5531 -0.5445
vn 0.9700 0.2019 -0.1355
vn -0.9496 -0.3116 0.0328
vn -0.9722 -0.1586 0.1721
vn -0.9104 0.3166 0.2663
vn -0.7204 -0.3871 -0.5755
vn -0.8678 -0.2939 -0.4006
vn -0.8667 0.1318 -0.4810
vn -0.5327 -0.6728 0.5134
vn -0.4713 -0.1658 0.8662
vn -0.5201 0.4663 0.7156
vn 0.6066 -0.7483 0.2685
vn 0.5211 -0.7976 0.3040
vn 0.9031 0.0704 0.4235
vn 0.6810 -0.5508 -0.4826
vn 0.1483 -0.8091 -0.5686
vn 0.6721 0.1810 -0.7180
vn 0.3474 0.8899 -0.2957
vn 0.5462 0.8269 0.1337
vn 0.0362 0.9782 0.2046
vn -0.0953 0.9937 -0.0582
vn 0.5509 0.8336 -0.0411
vn -0.0039 0.9851 0.1720
vn 0.0823 0.9924 -0.0916
vn 0.4672 0.8644 0.1858
vn 0.2387 0.9698 -0.0500
vn 0.3691 0.9265 0.0736
vn 0.1002 0.9913 0.0858
vn 0.1335 0.9910 0.0058
vn 0.4202 0.9074 0.0030
vn 0.1376 0.9850 0.1042
vn 0.2252 0.9724 -0.0615
vn 0.3381 0.9266 0.1647
vn -0.7573 -0.6223 0.1980
vn -0.4754 -0.4725 -0.7421
vn -0.1390 -0.7771 -0.6138
vn 0.1727 -0.9624 -0.2095
vn -0.5509 -0.7949 -0.2543
vn 0.2523 -0.9618 -0.1065
vn -0.8165 -0.5768 -0.0239
vn 0.0262 -0.9858 -0.1657
vn -0.0580 -0.9970 -0.0510
vn -0.2116 -0.9005 -0.3800
vn 0.3935 0.9086 -0.1397
vn 0.3695 0.9001 0.2309
vn 0.5839 0.8045 -0.1091
vn 0.2752 0.0597 -0.9595
vn 0.1039 -0.7450 -0.6589
vn 0.1120 -0.5280 -0.8418
vn 0.7964 0.1869 0.5752
vn 0.2114 -0.6335 0.7443
vn 0.0250 -0.7119 0.7018
vn 0.6468 0.3564 0.6743
vn 0.3098 0.9502 0.0342
vn 0.3170 0.9455 0.0742
vn -0.2015 -0.9421 -0.2682
vn -0.1363 -0.8604 0.4910
vn 0.5739 0.6333 -0.5192
vn 0.1563 -0.7577 -0.6336
vn -0.2093 -0.9506 0.2290
vn 0.1817 0.9825 -0.0400
vn 0.2189 0.9619 0.1641
vn 0.1087 0.9912 -0.0749
vn 0.1549 0.9570 0.2452
vn -0.0892 0.1451 0.9854
vn -0.2287 -0.6672 0.7089
vn -0.0233 -0.6795 0.7333
vn -0.7959 0.1429 -0.5884
vn -0.8136 -0.4045 -0.4176
vn -0.6206 -0.5477 -0.5611
vn -0.1770 0.7457 -0.6424
vn -0.0333 -0.5956 0.8026
vn -0.4153 -0.8460 -0.3344
vn 0.2676 0.9592 0.0915
vn 0.2442 0.9693 0.0298
vn 0.0772 0.6522 0.7541
vn 0.1473 0.9887 0.0276
vn -0.2786 -0.9592 -0.0473
vn 0.3281 0.9443 0.0264
vn -0.0078 -0.9189 -0.3943
vn -0.6173 -0.5167 -0.5933
vn -0.4715 -0.7405 -0.4789
vn 0.4130 0.9107 -0.0108
vn 0.2160 0.9756 -0.0396
vn 0.5366 0.8296 -0.1545
vn -0.1647 0.9771 -0.1346
vn -0.9310 0.3423 -0.1270
vn -0.9346 -0.0919 -0.3436
vn -0.9192 -0.1834 -0.3485
vn 0.7555 0.3570 -0.5493
vn 0.3079 -0.9160 -0.2574
vn 0.3338 -0.7039 -0.6270
vn 0.3246 0.9458 0.0117
vn 0.8235 0.3922 -0.4099
vn 0.2350 0.9714 0.0347
vn -0.4530 0.8780 -0.1544
vn 0.2053 0.9762 0.0704
vn 0.0136 -0.9983 -0.0569
vn 0.2962 0.9517 0.0810
vn -0.2280 -0.9571 -0.1786
vn -0.7227 -0.5559 0.4107
vn 0.1420 -0.9873 0.0710
vn 0.1540 -0.9666 -0.2049
vn -0.6851 -0.7168 0.1301
vn 0.0883 0.9613 0.2609
vn 0.4890 0.8654 0.1090
vn 0.0435 0.9750 0.2179
vn 0.4738 0.8777 0.0721
vn 0.9988 0.0419 0.0244
vn 0.7767 -0.6125 0.1470
vn 0.6233 -0.7565 0.1980
vn -0.7820 0.3530 0.5136
vn -0.9064 -0.1721 0.3858
vn -0.8162 -0.2862 0.5019
vn -0.3431 0.8534 0.3925
vn 0.3081 0.9452 0.1080
vn 0.9628 0.2620 0.0659
vn 0.0446 0.9229 0.3824
vn -0.7146 0.6525 -0.2522
vn 0.1655 0.5834 -0.7952
vn 0.7067 0.6597 -0.2556
vn -0.3887 -0.8932 0.2262
vn 0.0922 0.9382 -0.3337
vn 0.0705 0.9162 -0.3945
vn -0.4200 -0.7445 0.5190
vn 0.5232 0.5569 -0.6451
vn -0.6264 0.6893 0.3640
vn 0.1734 -0.8311 0.5284
vn 0.0202 0.9364 -0.3503
vn 0.0586 0.9745 -0.2164
vn -0.1396 -0.9879 0.0677
vn -0.4152 0.4416 -0.7953
vn 0.5886 0.7470 0.3091
vn 0.5022 -0.7701 0.3933
vn 0.4407 -0.4243 0.7910
vn 0.5185 0.5740 0.6338
vn -0.5367 -0.7499 -0.3869
vn -0.5770 -0.7159 -0.3932
vn -0.4140 0.2945 -0.8613
vn -0.5384 -0.4459 0.7150
vn -0.4651 -0.1220 0.8768
vn -0.7219 0.6317 0.2826
vn 0.5357 -0.8143 -0.2234
vn 0.4845 -0.8477 -0.2162
vn 0.7784 -0.0972 -0.6202
vn 0.5728 -0.6123 0.5450
vn 0.7656 -0.5390 0.3512
vn 0.9390 -0.1763 0.2952
vn 0.0522 -0.8755 -0.4805
vn -0.1009 -0.8590 -0.5019
vn 0.2693 0.0672 -0.9607
vn -0.8616 -0.4693 0.1935
vn -0.8599 -0.4838 0.1626
vn -0.8812 0.3686 -0.2959
vn -0.5356 -0.2811 0.7963
vn -0.1401 -0.5019 0.8535
vn -0.2031 0.5302 0.8232
vn 0.0682 0.9929 0.0979
vn -0.2426 0.9147 -0.3232
vn 0.1912 0.7223 -0.6646
vn 0.4358 0.8443 -0.3118
vn -0.1780 0.9741 -0.1398
vn 0.2489 0.8120 -0.5279
vn 0.2967 0.9249 -0.2376
vn -0.1841 0.8962 -0.4037
vn 0.1367 0.9605 -0.2422
vn -0.0065 0.9161 -0.4009
vn 0.0005 0.9015 -0.4329
vn 0.2090 0.9201 -0.3311
vn -0.0603 0.9689 -0.2399
vn 0.1603 0.8884 -0.4302
vn 0.1836 0.9405 -0.2860
vn -0.0502 0.9017 -0.4295
vn 0.1010 -0.9922 0.0731
vn 0.1385 -0.9496 0.2813
vn -0.0578 -0.9410 0.3336
vn -0.2302 -0.9711 0.0638
vn 0.2987 -0.8515 0.4310
vn -0.3056 -0.8878 0.3442
vn 0.0934 -0.9928 0.0753
vn -0.2707 -0.8058 0.5267
vn -0.3063 -0.8875 0.3442
vn -0.2010 -0.8866 0.4167
vn -0.0502 0.9016 -0.4296
vn 0.0221 0.9957 -0.0902
vn -0.1097 0.8710 -0.4788
vn -0.1888 0.9809 -0.0477
vn 0.1725 0.5588 0.8112
vn -0.0519 -0.4457 0.8937
vn 0.0478 -0.4100 0.9108
vn -0.7814 0.3819 -0.4935
vn -0.5695 -0.7163 -0.4031
vn -0.5341 -0.7372 -0.4138
vn -0.6273 0.4278 -0.6508
vn 0.0341 0.9500 -0.3103
vn 0.0099 0.9371 -0.3489
vn -0.0252 -0.8268 0.5620
vn -0.2484 -0.9686 0.0113
vn -0.0642 0.8824 0.4660
vn -0.0578 -0.9410 0.3335
vn -0.1115 -0.9859 0.1245
vn 0.1852 0.9451 -0.2693
vn 0.0597 0.8832 -0.4653
vn 0.2661 0.9310 -0.2498
vn 0.0603 0.8313 -0.5525
vn -0.2397 -0.0522 -0.9694
vn -0.2895 -0.8379 -0.4627
vn -0.2093 -0.7863 -0.5813
vn 0.9049 -0.1191 0.4086
vn 0.6864 -0.5992 0.4121
vn 0.4356 -0.6763 0.5941
vn 0.5902 0.7489 0.3013
vn -0.1178 -0.9919 0.0482
vn 0.2008 -0.8116 0.5487
vn 0.0486 0.9231 -0.3814
vn 0.0976 0.9404 -0.3259
vn -0.1413 0.4173 -0.8977
vn 0.1869 0.9177 -0.3505
vn 0.1034 -0.8746 0.4737
vn 0.0200 0.9549 -0.2963
vn -0.0787 -0.8179 0.5700
vn -0.1221 -0.6948 0.7087
vn 0.2133 -0.9420 0.2592
vn -0.0185 -0.8516 0.5239
vn 0.1436 -0.8507 0.5056
vn -0.0476 0.9725 -0.2278
vn 0.1534 0.9533 -0.2602
vn -0.1212 0.9925 -0.0158
vn 0.5256 0.8172 -0.2366
vn 0.9810 -0.0840 -0.1750
vn 0.7052 -0.7036 0.0870
vn 0.6642 -0.7178 0.2086
vn -0.2955 0.7179 0.6303
vn -0.4873 -0.5188 0.7024
vn -0.2695 -0.1280 0.9545
vn 0.0295 0.9589 -0.2821
vn -0.4074 0.7719 0.4880
vn 0.1038 0.9370 -0.3337
vn 0.7552 0.6101 -0.2397
vn 0.1152 0.9184 -0.3785
vn 0.0265 0.9317 -0.3623
vn -0.2460 -0.9295 0.2747
vn 0.2806 -0.9575 0.0670
vn -0.3414 -0.8829 0.3223
vn 0.0415 -0.9852 0.1664
vn 0.1262 0.8010 -0.5853
vn -0.1733 0.9306 -0.3224
vn 0.1858 0.8083 -0.5588
vn -0.1426 0.9459 -0.2915
vn -0.8653 0.4733 0.1648
vn -0.7699 -0.6252 0.1280
vn 0.5513 -0.1035 -0.8279
vn 0.5224 -0.7191 -0.4582
vn 0.5534 -0.8093 -0.1972
vn 0.3883 0.5113 -0.7667
vn 0.0034 0.9228 -0.3852
vn -0.7680 0.6398 0.0299
vn -0.0584 -0.9562 0.2867
vn 0.7268 -0.5583 -0.4000
vn 0.0268 -0.1834 -0.9827
vn -0.5801 -0.6917 -0.4301
vn 0.2670 0.8687 0.4171
vn 0.0303 -0.8490 -0.5276
vn 0.0624 -0.8063 -0.5882
vn 0.2595 0.6496 0.7146
vn -0.3774 -0.3893 -0.8403
vn 0.5671 -0.7800 0.2647
vn -0.3221 0.6353 0.7019
vn 0.1022 -0.8337 -0.5426
vn 0.0398 -0.9120 -0.4083
vn 0.0624 0.9637 0.2597
vn 0.5534 -0.0775 -0.8293
vn -0.5056 -0.8555 0.1121
vn -0.9133 -0.2474 0.3236
vn -0.5729 0.0579 0.8176
vn -0.4917 -0.7661 0.4139
vn 0.5134 0.8061 -0.2945
vn 0.5050 0.8420 -0.1895
vn 0.5394 0.0882 -0.8374
vn 0.4579 0.0459 0.8878
vn 0.2618 -0.1370 0.9553
vn 0.7019 -0.6783 0.2174
vn -0.5793 0.7796 -0.2380
vn -0.4651 0.8815 -0.0811
vn -0.6783 0.2875 -0.6762
vn -0.7549 0.1937 0.6266
vn -0.8009 0.3745 0.4671
vn -0.9575 -0.0853 0.2754
vn 0.0143 0.9004 -0.4348
vn 0.1311 0.9486 -0.2880
vn -0.0559 0.2465 -0.9675
vn 0.8893 0.3883 0.2417
vn 0.7561 0.5749 0.3127
vn 0.9372 -0.1241 -0.3260
vn 0.3474 -0.1228 0.9297
vn -0.0768 0.1073 0.9913
vn 0.0494 -0.7443 0.6660
vn -0.0289 -0.9951 -0.0947
vn 0.3508 -0.7904 -0.5021
vn -0.0085 -0.5313 -0.8471
vn -0.2654 -0.7122 -0.6499
vn 0.2482 -0.9137 -0.3218
vn -0.0874 -0.6851 -0.7232
vn -0.1790 -0.8847 -0.4304
vn 0.3099 -0.7495 -0.5850
vn -0.0286 -0.8998 -0.4354
vn 0.1377 -0.7940 -0.5921
vn 0.1370 -0.7695 -0.6238
vn -0.0813 -0.8465 -0.5261
vn 0.1424 -0.8977 -0.4170
vn -0.0176 -0.7800 -0.6255
vn -0.0650 -0.8748 -0.4802
vn 0.1853 -0.7638 -0.6183
vn -0.0631 0.8477 0.5268
vn -0.0630 0.8477 0.5268
vn -0.4254 0.6716 0.6066
vn 0.1755 0.8361 0.5197
vn -0.1535 0.9531 0.2608
vn 0.1091 0.6829 0.7223
vn 0.0491 -0.9587 -0.2801
vn 0.2521 -0.7060 -0.6618
vn 0.2379 -0.9443 -0.2275
vn -0.2503 -0.7687 0.5886
vn -0.1529 0.1220 0.9807
vn -0.2569 -0.1258 0.9582
vn 0.8507 -0.0746 -0.5204
vn 0.4998 0.8432 -0.1981
vn 0.5505 0.7613 -0.3426
vn 0.7259 -0.0848 -0.6825
vn 0.0812 -0.8606 -0.5028
vn 0.1118 -0.8336 -0.5409
vn -0.1366 0.6502 0.7474
vn 0.1694 0.9642 0.2041
vn 0.0259 -0.9848 0.1717
vn -0.0719 -0.8762 -0.4765
vn 0.0859 -0.7485 -0.6576
vn -0.1410 -0.9034 -0.4049
vn 0.1009 -0.6643 -0.7406
vn 0.3679 0.4065 -0.8363
vn 0.2766 0.9296 -0.2436
vn 0.2727 0.8119 -0.5162
vn -0.9132 -0.1756 0.3678
vn -0.7862 0.3545 0.5062
vn -0.6479 0.2847 0.7066
vn -0.5062 -0.8560 0.1050
vn 0.0318 0.9710 0.2370
vn -0.3764 0.6242 0.6847
vn 0.0810 -0.8145 -0.5745
vn 0.0237 -0.8540 -0.5198
vn 0.3246 -0.0592 -0.9440
vn -0.0569 -0.8361 -0.5457
vn 0.0919 -0.8678 -0.4883
vn -0.0660 0.4715 0.8794
vn -0.3087 0.8430 0.4405
vn -0.0410 -0.8901 -0.4539
vn 0.2648 -0.9388 -0.2203
vn -0.3970 -0.8146 -0.4228
vn -0.9712 -0.0075 -0.2380
vn -0.8691 0.4772 0.1300
vn -0.8525 0.4735 0.2216
vn 0.1774 -0.8618 0.4753
vn 0.3059 0.3592 0.8817
vn 0.0151 0.0360 0.9992
vn 0.0753 -0.8850 -0.4595
vn 0.3131 -0.8614 0.3999
vn 0.0192 -0.8492 -0.5278
vn -0.6336 -0.6570 -0.4085
vn 0.0165 -0.8193 -0.5731
vn 0.0985 -0.8261 -0.5548
vn -0.3312 0.9125 0.2402
vn 0.2090 0.8306 0.5163
vn -0.1234 -0.6658 -0.7359
vn 0.2046 -0.8703 -0.4480
vn 0.0440 -0.6344 -0.7718
vn 0.2469 -0.8434 -0.4772
vn 0.8853 -0.4444 0.1372
vn 0.9089 0.3795 0.1729
vn -0.3677 0.3395 -0.8658
vn -0.4400 0.8262 -0.3518
vn -0.6086 0.7655 -0.2090
vn -0.1717 -0.3668 -0.9143
vn 0.1251 -0.8072 -0.5769
vn 0.8112 -0.5823 -0.0530
vn 0.4244 0.8880 -0.1770
vn -0.4274 0.8927 -0.1431
vn -0.2312 0.3980 -0.8878
vn 0.4944 0.2708 -0.8260
vn -0.2952 -0.6517 0.6987
vn 0.0681 0.7721 -0.6318
vn 0.0179 0.7566 -0.6536
vn -0.1335 -0.4853 0.8641
vn 0.0948 0.2217 -0.9705
vn -0.0454 0.9628 0.2663
vn 0.2330 -0.7679 0.5967
vn 0.0151 0.7947 -0.6068
vn 0.1170 0.8244 -0.5537
vn -0.2451 -0.8255 0.5083
vn -0.7039 0.4842 -0.5198
vn 0.6983 0.5613 -0.4443
vn 0.4683 -0.8437 0.2626
vn 0.7265 -0.4774 0.4942
vn 0.8515 0.5042 -0.1439
vn -0.8031 -0.5249 0.2820
vn -0.7403 -0.5559 0.3781
vn -0.8000 0.3205 -0.5072
vn -0.0294 0.1204 0.9923
vn 0.1931 0.1948 0.9616
vn -0.1773 0.9315 0.3176
vn 0.0618 -0.9665 -0.2491
vn 0.0064 -0.9994 -0.0347
vn 0.1402 -0.5549 -0.8200
vn 0.7032 -0.6706 0.2363
vn 0.6315 -0.7746 0.0346
vn 0.8287 -0.4790 -0.2896
vn -0.4821 -0.8698 -0.1049
vn -0.5205 -0.8466 0.1109
vn -0.4087 -0.2017 -0.8901
vn -0.6397 0.0814 0.7643
vn -0.5761 -0.1629 0.8010
vn -0.7343 0.6602 0.1576
vn 0.1160 0.2252 0.9674
vn 0.3091 -0.3220 0.8949
vn 0.4868 0.7609 0.4290
vn 0.3137 0.8549 -0.4133
vn -0.1391 0.8801 -0.4540
vn -0.0997 0.5284 -0.8431
vn 0.2712 0.5874 -0.7625
vn 0.0151 0.9200 -0.3917
vn 0.0345 0.5980 -0.8008
vn 0.2391 0.7042 -0.6685
vn -0.1515 0.8351 -0.5289
vn 0.1475 0.7839 -0.6032
vn -0.0099 0.8233 -0.5676
vn -0.0496 0.7667 -0.6401
vn 0.1367 0.7185 -0.6820
vn 0.0319 0.8603 -0.5088
vn 0.0482 0.6998 -0.7127
vn 0.1489 0.7477 -0.6472
vn -0.0795 0.7859 -0.6133
vn -0.0479 -0.7864 0.6159
vn 0.2537 -0.8427 0.4748
vn -0.1824 -0.6598 0.7290
vn -0.1043 -0.9102 0.4007
vn -0.0475 -0.5856 0.8092
vn 0.1655 0.8687 -0.4668
vn -0.1524 0.7797 -0.6073
vn 0.0595 0.9410 -0.3331
vn 0.7973 0.4139 0.4394
vn 0.4163 -0.2935 0.8605
vn 0.6236 -0.1130 0.7735
vn -0.7920 0.6085 -0.0495
vn -0.7416 -0.5606 0.3683
vn -0.8529 -0.4606 0.2459
vn -0.7700 0.5737 -0.2794
vn 0.0477 0.8042 -0.5924
vn 0.0096 0.7991 -0.6012
vn 0.1235 -0.6861 0.7170
vn -0.3356 -0.7835 0.5230
vn 0.4019 0.9141 -0.0540
vn 0.1594 0.7526 -0.6389
vn -0.0344 0.7278 -0.6850
vn 0.2155 0.7173 -0.6626
vn -0.0945 0.6778 -0.7292
vn -0.8360 -0.1496 -0.5280
vn -0.6104 -0.7591 0.2262
vn -0.7303 -0.6789 -0.0754
vn 0.8962 -0.3867 -0.2176
vn 0.5931 -0.7908 0.1513
vn 0.6086 -0.6923 0.3877
vn 0.7825 0.4840 -0.3918
vn -0.2432 -0.8386 0.4875
vn 0.2686 -0.7610 0.5906
vn 0.0129 0.7711 -0.6365
vn 0.0760 0.7728 -0.6301
vn -0.5732 0.3379 -0.7465
vn 0.1127 0.7220 -0.6827
vn 0.0476 0.8144 -0.5783
vn 0.1785 -0.5246 0.8324
vn 0.0786 -0.8959 0.4372
vn 0.0468 0.8597 -0.5086
vn 0.1467 0.7706 -0.6202
vn 0.1193 0.9285 -0.3516
vn 0.3618 0.5474 -0.7546
vn 0.5668 -0.4687 -0.6775
vn 0.3684 -0.9292 -0.0306
vn 0.4814 -0.8719 -0.0896
vn 0.3316 0.9088 0.2532
vn -0.0275 -0.2360 0.9714
vn 0.3299 -0.1156 0.9369
vn 0.0617 0.8156 -0.5753
vn 0.1840 0.9627 0.1984
vn 0.0750 0.7671 -0.6371
vn 0.4780 0.3000 -0.8255
vn 0.0543 0.7442 -0.6657
vn 0.0115 0.7876 -0.6161
vn 0.0118 -0.9568 0.2906
vn -0.2147 -0.6469 0.7317
vn -0.0778 0.6260 -0.7759
vn -0.0910 0.8653 -0.4930
vn -0.0232 0.6136 -0.7893
vn -0.0514 0.8682 -0.4935
vn -0.3927 0.8244 0.4076
vn -0.6825 0.1068 0.7230
vn -0.1547 -0.4605 -0.8741
vn -0.0814 -0.9591 -0.2711
vn 0.0938 -0.9657 -0.2419
vn -0.0793 0.2539 -0.9640
vn -0.0170 0.7868 -0.6170
vn -0.3597 0.9166 0.1745
vn -0.1878 0.5301 -0.8268
vn 0.7735 0.4629 -0.4329
vn 0.2193 0.8884 0.4033
vn -0.6233 0.7749 0.1049
vn 0.2708 -0.9361 0.2243
vn 0.0833 0.9576 -0.2758
vn 0.1364 0.9670 -0.2152
vn 0.1730 -0.9749 -0.1399
vn -0.2358 0.8676 0.4378
vn 0.4308 0.1695 -0.8864
vn -0.4648 -0.8762 0.1273
vn 0.1684 0.9428 -0.2878
vn 0.0617 0.9084 -0.4136
vn 0.0905 -0.8548 0.5110
vn 0.7932 0.5446 0.2725
vn -0.6496 0.5918 -0.4773
vn -0.9936 0.1124 0.0136
vn -0.8122 -0.5176 -0.2691
vn -0.7030 0.3123 -0.6389
vn 0.6999 -0.4302 0.5702
vn 0.6678 -0.5282 0.5244
vn 0.7960 0.4449 0.4104
vn 0.2656 -0.6701 -0.6931
vn 0.0574 -0.5948 -0.8018
vn 0.5576 0.1132 -0.8224
vn -0.4477 -0.1839 0.8751
vn -0.3821 -0.3816 0.8417
vn -0.4593 0.3643 0.8101
vn -0.9125 -0.4058 0.0515
vn -0.9096 -0.2976 0.2899
vn -0.9844 0.0545 0.1670
vn 0.1807 -0.2713 0.9454
vn 0.2858 -0.4445 0.8490
vn 0.1624 0.5238 0.8363
vn 0.8089 -0.5307 -0.2532
vn 0.7164 -0.6852 -0.1317
vn 0.9591 0.1034 -0.2636
vn 0.1441 -0.5900 -0.7945
vn -0.2684 -0.8277 -0.4929
vn -0.1455 -0.0080 -0.9893
vn -0.0923 0.7408 -0.6654
vn 0.4317 0.8113 -0.3942
vn 0.1350 0.9688 0.2078
vn -0.2806 0.9544 -0.1021
vn 0.2689 0.7811 -0.5636
vn 0.0091 0.9990 0.0439
vn -0.1743 0.9468 -0.2706
vn 0.4132 0.8634 -0.2896
vn -0.0077 0.9358 -0.3524
vn 0.2225 0.9452 -0.2390
vn 0.2309 0.9527 -0.1974
vn -0.0415 0.9745 -0.2207
vn 0.1982 0.8781 -0.4354
vn 0.0572 0.9899 -0.1297
vn -0.0361 0.9583 -0.2833
vn 0.2839 0.9333 -0.2199
vn -0.1198 -0.9492 0.2911
vn -0.5449 -0.7918 0.2759
vn 0.1358 -0.9792 0.1507
vn -0.1499 -0.7889 0.5960
vn 0.0146 -0.9984 -0.0549
vn 0.0391 0.8386 -0.5434
vn 0.3727 0.9110 -0.1765
vn 0.2327 0.7295 -0.6432
vn -0.5279 -0.1220 -0.8405
vn -0.3737 -0.7624 -0.5283
vn -0.5059 -0.5652 -0.6516
vn 0.9702 0.2290 -0.0793
vn 0.6648 -0.5220 0.5344
vn 0.7462 -0.3720 0.5520
vn 0.9180 0.3889 0.0780
vn 0.1336 0.9356 -0.3267
vn 0.1787 0.9391 -0.2934
vn -0.2678 -0.9633 0.0179
vn 0.2227 -0.8368 0.5001
vn -0.1216 0.4277 -0.8957
vn -0.0455 0.9528 -0.3001
vn 0.1830 0.9741 -0.1326
vn -0.1378 0.9512 -0.2761
vn 0.2250 0.9742 -0.0165
vn 0.6298 0.2687 0.7288
vn 0.4401 -0.5025 0.7442
vn 0.4844 -0.2179 0.8473
vn -0.9986 0.0401 0.0336
vn -0.8793 -0.4033 0.2532
vn -0.8311 -0.5559 0.0145
vn -0.7264 0.5021 -0.4693
vn 0.0773 -0.8400 0.5371
vn -0.5030 -0.8578 0.1055
vn 0.1535 0.9585 -0.2402
vn 0.0737 0.9566 -0.2820
vn 0.5687 0.6697 0.4777
vn -0.0091 0.9775 -0.2106
vn 0.1417 0.9269 -0.3475
vn -0.2299 -0.9428 -0.2414
vn -0.3677 -0.8100 0.4569
vn 0.1787 0.8784 -0.4432
vn -0.0166 0.9453 -0.3257
vn 0.1487 0.7444 -0.6510
vn -0.3978 0.9100 -0.1165
vn -0.8117 0.3122 0.4936
vn -0.7354 -0.3321 0.5906
vn -0.8204 -0.2510 0.5138
vn 0.0182 0.1688 -0.9855
vn 0.1558 -0.8741 -0.4600
vn -0.1938 -0.7279 -0.6577
vn 0.1245 0.9251 -0.3588
vn 0.1813 0.2304 -0.9561
vn 0.0708 0.9601 -0.2705
vn -0.6009 0.7943 0.0895
vn 0.0805 0.9736 -0.2138
vn 0.1676 0.9477 -0.2715
vn -0.3343 -0.6877 0.6445
vn 0.1820 -0.9713 0.1531
vn 0.1687 0.9839 0.0591
vn 0.3595 0.8519 -0.3809
vn 0.0915 0.9945 0.0517
vn 0.3112 0.8590 -0.4066
vn 0.7331 0.0003 -0.6801
vn 0.8427 -0.4885 -0.2262
vn 0.7758 -0.5903 -0.2228
vn -0.1587 0.4229 0.8922
vn -0.2980 -0.1685 0.9396
vn -0.4800 -0.1881 0.8569
vn -0.0275 0.8708 0.4909
vn 0.2039 0.9455 -0.2539
vn 0.7253 0.2093 -0.6559
vn 0.6638 0.2680 0.6983
vn -0.0757 0.6914 0.7185
vn 0.3125 0.9473 -0.0699
vn 0.8700 0.4688 -0.1527
vn -0.7362 -0.6316 -0.2430
vn 0.5420 0.7491 0.3808
vn 0.5055 0.7856 0.3568
vn -0.6337 -0.7733 -0.0182
vn 0.5844 0.7672 -0.2644
vn 0.0776 0.2123 0.9741
vn -0.2684 -0.8792 -0.3938
vn 0.4909 0.7674 0.4125
vn 0.5605 0.6860 0.4639
vn -0.6488 -0.5852 -0.4863
vn -0.2384 0.9543 0.1803
vn 0.9393 0.1928 0.2839
vn 0.0675 -0.7827 -0.6187
vn 0.2713 -0.9443 -0.1864
vn 0.9166 -0.1358 0.3760
vn -0.9444 -0.0015 -0.3287
vn -0.9431 -0.1190 -0.3105
vn -0.3668 0.9294 0.0421
vn -0.4538 -0.6799 0.5760
vn -0.2317 -0.7438 0.6270
vn -0.0661 0.2305 0.9708
vn -0.0725 -0.2353 -0.9692
vn -0.2270 -0.3802 -0.8966
vn 0.3605 0.3174 -0.8771
vn 0.3225 -0.8166 -0.4787
vn 0.3290 -0.6697 -0.6658
vn 0.7201 -0.4110 -0.5590
vn -0.5781 -0.0189 -0.8157
vn -0.7048 -0.1513 -0.6931
vn 0.0134 0.8005 -0.5992
vn -0.8776 -0.2044 0.4337
vn -0.9011 -0.3638 0.2359
vn -0.5338 0.5334 0.6561
vn -0.2925 -0.6953 0.6565
vn -0.2307 -0.9629 0.1403
vn 0.4052 -0.2703 0.8734
vn 0.6706 0.4897 0.5572
vn 0.3102 0.7682 0.5601
vn 0.4362 0.8974 0.0660
vn 0.7294 0.6660 0.1562
vn 0.4226 0.6566 0.6248
vn 0.5482 0.8233 0.1474
vn 0.6877 0.6595 0.3036
vn 0.3231 0.8126 0.4850
vn 0.5992 0.6907 0.4047
vn 0.4586 0.7626 0.4562
vn 0.4443 0.8150 0.3721
vn 0.6102 0.7292 0.3098
vn 0.4762 0.7115 0.5167
vn 0.5445 0.7911 0.2788
vn 0.6118 0.7084 0.3520
vn 0.4112 0.8183 0.4017
vn -0.5210 -0.7535 -0.4009
vn -0.5210 -0.7536 -0.4009
vn -0.2130 -0.8288 -0.5174
vn -0.6563 -0.7167 -0.2358
vn -0.5003 -0.6126 -0.6119
vn -0.5601 -0.8178 -0.1325
vn 0.5726 0.6133 0.5440
vn 0.3448 0.8496 0.3991
vn 0.4385 0.5979 0.6710
vn 0.5784 -0.5811 0.5726
vn -0.1164 -0.9819 0.1491
vn 0.1451 -0.9527 0.2669
vn -0.5000 0.6981 0.5125
vn -0.9409 -0.1128 -0.3193
vn -0.9541 0.0776 -0.2893
vn -0.3836 0.8449 0.3729
vn 0.5144 0.7433 0.4277
vn 0.4848 0.7677 0.4190
vn -0.3968 -0.8789 -0.2647
vn -0.7222 -0.5317 -0.4424
vn 0.5943 0.1980 0.7795
vn 0.6182 0.6987 0.3602
vn 0.4683 0.8249 0.3165
vn 0.6681 0.6728 0.3179
vn 0.4251 0.8695 0.2516
vn -0.5047 0.7743 -0.3818
vn -0.8129 -0.1552 -0.5614
vn -0.7555 0.1662 -0.6337
vn 0.7673 -0.4631 -0.4436
vn 0.2382 -0.7435 -0.6248
vn 0.1667 -0.8892 -0.4261
vn 0.9675 0.0781 0.2407
vn -0.6408 -0.5758 -0.5077
vn -0.2336 -0.8905 -0.3905
vn 0.4970 0.7813 0.3777
vn 0.5481 0.7440 0.3822
vn -0.0588 0.9967 -0.0560
vn 0.5910 0.7437 0.3125
vn 0.5103 0.7369 0.4434
vn -0.3633 -0.9292 -0.0678
vn -0.3579 -0.7302 -0.5820
vn 0.4887 0.7033 0.5163
vn 0.6031 0.6986 0.3849
vn 0.4949 0.5753 0.6512
vn 0.7929 0.5965 0.1247
vn 0.6792 0.0214 -0.7337
vn 0.0967 -0.5450 -0.8328
vn 0.2344 -0.5370 -0.8103
vn 0.3912 0.0025 0.9203
vn -0.5312 -0.8089 0.2522
vn -0.1811 -0.9221 0.3419
vn 0.5213 0.7277 0.4459
vn 0.3042 0.1428 0.9418
vn 0.5491 0.7475 0.3739
vn 0.8631 0.4889 -0.1267
vn 0.5390 0.7706 0.3401
vn 0.4904 0.7733 0.4018
vn -0.3621 -0.6097 -0.7051
vn -0.6818 -0.6966 -0.2232
vn 0.4481 0.8749 0.1839
vn 0.3655 0.7662 0.5286
vn 0.4976 0.8512 0.1666
vn 0.4002 0.7469 0.5310
vn -0.3177 0.2329 0.9191
vn -0.8886 -0.1407 0.4365
vn 0.1579 0.5508 -0.8196
vn -0.1824 -0.1407 -0.9731
vn -0.0484 -0.2572 -0.9652
vn 0.4413 0.8666 -0.2329
vn 0.4663 0.7886 0.4008
vn -0.1590 0.4275 0.8899
vn 0.7198 -0.6687 0.1861
vn -0.0992 -0.4344 0.8952
vn 0.3391 0.6376 0.6917
vn 0.9042 0.4242 -0.0502
vn -0.9301 -0.0871 -0.3568
vn 0.7218 -0.0252 0.6917
vn 0.6701 0.0356 0.7414
vn -0.7646 -0.4676 -0.4435
vn 0.6174 0.7268 0.3009
vn 0.0609 -0.8898 0.4523
vn -0.3239 -0.0449 -0.9450
vn 0.6508 -0.0585 0.7570
vn 0.7411 -0.1896 0.6440
vn -0.8336 0.2830 -0.4743
vn -0.2480 0.2946 0.9229
vn 0.9648 -0.2094 -0.1592
vn 0.7032 0.1966 -0.6832
vn 0.2766 -0.2797 -0.9194
vn 0.8337 -0.4293 -0.3472
vn -0.8989 0.3338 0.2838
vn -0.9403 0.2698 0.2073
vn -0.3465 0.3973 0.8497
vn -0.4182 -0.8961 -0.1486
vn -0.2048 -0.9434 -0.2610
vn -0.0750 -0.8556 0.5121
vn -0.0561 0.8789 -0.4737
vn -0.2242 0.8052 -0.5489
vn 0.3113 0.9353 -0.1680
vn 0.3289 0.0857 -0.9405
vn 0.3308 0.3483 -0.8771
vn 0.6214 0.3261 -0.7124
vn -0.5510 0.8335 -0.0416
vn -0.7235 0.6880 -0.0561
vn 0.0082 0.9220 0.3870
vn -0.7934 -0.5131 0.3275
vn -0.8845 -0.4334 0.1729
vn -0.4857 -0.3757 0.7893
vn -0.2593 -0.9465 -0.1923
vn -0.2344 -0.6932 -0.6816
vn 0.3477 -0.9337 -0.0855
vn 0.8236 -0.4267 0.3736
vn 0.3811 -0.2597 0.8873
vn 0.5236 0.4875 0.6987
vn 0.9080 0.2253 0.3532
vn 0.5286 -0.4247 0.7350
vn 0.6954 0.3494 0.6280
vn 0.8915 0.0234 0.4524
vn 0.4036 -0.1275 0.9060
vn 0.7945 -0.1006 0.5989
vn 0.5962 -0.0132 0.8027
vn 0.5821 0.0338 0.8124
vn 0.8063 0.0636 0.5881
vn 0.6222 -0.2471 0.7428
vn 0.7168 0.1515 0.6806
vn 0.8106 -0.0117 0.5855
vn 0.5342 -0.0067 0.8454
vn -0.6931 0.0515 -0.7190
vn -0.2465 0.1549 -0.9567
vn -0.8505 -0.1580 -0.5017
vn -0.6319 0.4372 -0.6400
vn -0.7074 -0.3645 -0.6056
vn 0.7382 -0.3475 0.5782
vn 0.4355 0.0184 0.9000
vn 0.5365 -0.5157 0.6680
vn 0.4820 -0.7575 -0.4403
vn -0.1077 -0.6863 -0.7193
vn 0.1422 -0.7129 -0.6867
vn -0.4656 -0.1679 0.8689
vn -0.9366 0.2819 0.2081
vn -0.8796 0.3217 0.3504
vn -0.3761 0.0368 0.9259
vn 0.6834 -0.0978 0.7235
vn 0.6420 -0.0678 0.7637
vn -0.5020 -0.2269 -0.8346
vn -0.9046 0.2503 -0.3451
vn 0.6463 -0.7186 0.2568
vn 0.8182 -0.0304 0.5741
vn 0.6131 0.1208 0.7807
vn 0.8725 0.0123 0.4885
vn 0.5418 0.2398 0.8056
vn -0.4269 0.6748 0.6019
vn -0.8401 0.5412 0.0364
vn -0.6839 0.6939 0.2254
vn 0.6568 0.1975 -0.7278
vn 0.2558 0.2824 -0.9246
vn 0.1912 -0.0056 -0.9815
vn 0.9401 -0.2106 -0.2679
vn -0.8197 0.3180 -0.4765
vn -0.2748 -0.0560 -0.9599
vn 0.6589 0.0021 0.7522
vn 0.7300 -0.0307 0.6828
vn -0.0715 0.5732 0.8163
vn 0.7825 0.0701 0.6187
vn 0.6769 -0.1251 0.7253
vn -0.4250 -0.4964 -0.7570
vn -0.4468 0.3180 -0.8362
vn 0.6394 -0.2522 0.7263
vn 0.8000 -0.0664 0.5962
vn 0.6118 -0.5062 0.6078
vn 0.9509 0.2137 0.2238
vn 0.5845 0.6755 -0.4496
vn 0.1151 0.6141 -0.7808
vn 0.2421 0.5661 -0.7880
vn 0.3585 -0.9233 0.1380
vn -0.5627 -0.7400 -0.3685
vn -0.1684 -0.8223 -0.5435
vn 0.6917 -0.1352 0.7094
vn 0.2852 -0.9105 0.2995
vn 0.7311 -0.0163 0.6820
vn 0.9107 0.4126 -0.0211
vn 0.7159 0.0492 0.6964
vn 0.6501 -0.0387 0.7589
vn -0.4297 0.5425 -0.7219
vn -0.8759 -0.1605 -0.4551
vn 0.5639 0.3335 0.7555
vn 0.4632 -0.2221 0.8580
vn 0.6305 0.3425 0.6965
vn 0.5131 -0.2403 0.8240
vn -0.2950 -0.7657 0.5716
vn -0.7935 -0.4797 0.3745
vn -0.8237 -0.4982 0.2707
vn 0.1360 0.9870 0.0855
vn -0.1618 0.9221 -0.3516
vn -0.0327 0.8652 -0.5004
vn 0.4654 0.7507 0.4688
vn 0.6154 -0.0263 0.7878
vn -0.1682 -0.7001 0.6939
vn 0.5417 0.7611 -0.3568
vn -0.0387 0.7756 0.6301
vn -0.8033 0.5890 -0.0887
vn -0.1684 0.6041 -0.7789
vn 0.0553 -0.8408 0.5386
vn 0.2316 0.8198 -0.5237
vn -0.1958 0.9547 -0.2240
vn 0.4011 -0.7799 0.4805
vn -0.6293 0.5779 -0.5197
vn 0.6016 0.7399 0.3009
vn 0.3375 -0.9393 -0.0614
vn -0.1413 0.9709 -0.1933
vn 0.2045 0.9109 -0.3584
vn -0.1405 -0.9181 0.3705
vn -0.6608 0.5987 0.4527
vn 0.3887 0.5472 -0.7412
vn 0.1703 -0.9372 -0.3044
vn 0.8013 -0.5186 -0.2983
vn 0.6335 0.3477 -0.6912
vn -0.3850 -0.6245 0.6795
vn -0.0895 -0.5014 0.8605
vn -0.7407 0.4543 0.4950
vn 0.8226 -0.2794 0.4952
vn 0.9426 -0.2101 0.2593
vn 0.5330 0.7126 0.4562
vn -0.4895 -0.8402 -0.2335
vn -0.5849 -0.7793 -0.2250
vn -0.7911 -0.1709 -0.5874
vn 0.3502 -0.8235 -0.4464
vn 0.1276 -0.4680 -0.8745
vn 0.1838 -0.3413 -0.9218
vn -0.6062 -0.7412 0.2885
vn -0.7677 -0.4943 0.4077
vn -0.9825 0.1838 -0.0305
vn 0.1540 -0.1702 0.9733
vn 0.1292 -0.4029 0.9061
vn -0.1470 0.5397 0.8289
vn 0.9211 -0.1848 0.3427
vn 0.8391 -0.5436 0.0184
vn 0.9094 0.3870 -0.1523
vn 0.4107 0.8163 -0.4060
vn -0.3566 0.9020 0.2434
vn -0.5399 0.8123 -0.2205
vn -0.3202 0.8039 -0.5012
vn 0.2679 0.9616 0.0587
vn -0.3768 0.8645 -0.3327
vn -0.0518 0.8852 -0.4623
vn -0.7312 0.6812 0.0379
vn 0.0324 0.8546 -0.5183
vn -0.1965 0.9688 -0.1513
vn -0.4492 0.8734 -0.1879
vn -0.1644 0.7267 -0.6670
vn -0.0027 0.9856 -0.1692
vn -0.5607 0.7101 -0.4259
vn -0.0410 0.8693 -0.4925
vn -0.5696 0.7874 -0.2358
vn -0.7339 -0.6776 -0.0475
vn -0.1044 -0.9046 -0.4132
vn 0.5791 -0.6424 0.5020
vn -0.0129 -0.5496 0.8354
vn 0.2289 -0.9617 -0.1509
vn 0.1485 -0.8813 0.4487
vn -0.1570 -0.9732 0.1677
vn 0.3791 -0.8558 0.3520
vn 0.1260 -0.9644 0.2327
vn -0.3130 0.9443 -0.1020
vn 0.0585 0.9356 -0.3481
vn -0.4229 0.8840 0.1991
vn 0.1915 0.9778 -0.0854
vn 0.9066 0.0914 -0.4120
vn 0.8163 -0.5756 -0.0494
vn 0.8940 -0.3847 -0.2297
vn -0.3520 0.5548 0.7538
vn -0.4633 -0.5030 0.7296
vn -0.5596 -0.3554 0.7487
vn -0.5075 0.5954 0.6229
vn -0.3374 0.9375 -0.0858
vn -0.1389 0.9730 -0.1844
vn 0.3897 -0.9135 0.1171
vn -0.1793 -0.8655 0.4677
vn 0.5442 0.7926 -0.2751
vn 0.2673 -0.9585 0.0993
vn -0.5268 -0.6965 0.4872
vn -0.0340 0.8616 -0.5064
vn -0.5645 0.8213 -0.0831
vn -0.0184 0.9019 -0.4316
vn -0.3816 0.9114 -0.1539
vn -0.8921 0.1181 0.4362
vn -0.7763 -0.3721 0.5089
vn -0.6145 -0.6245 0.4821
vn 0.3093 -0.2885 -0.9061
vn 0.3634 -0.3855 -0.8481
vn 0.3846 -0.8820 -0.2725
vn 0.3824 0.5504 -0.7422
vn -0.1664 -0.9244 0.3432
vn 0.3611 -0.9273 -0.0981
vn -0.1788 0.9615 -0.2087
vn 0.1481 0.8622 -0.4845
vn -0.7944 0.5603 0.2345
vn -0.1591 0.9267 -0.3405
vn 0.5242 -0.7585 -0.3872
vn -0.0817 0.9742 -0.2102
vn 0.5857 -0.7992 0.1351
vn 0.0277 -0.9996 0.0007
vn 0.6893 -0.7190 -0.0887
vn 0.5638 -0.6758 -0.4748
vn 0.1928 0.9793 -0.0618
vn 0.1622 0.7658 -0.6223
vn 0.4247 0.9020 0.0776
vn -0.0948 0.7595 -0.6436
vn -0.3107 -0.1903 -0.9313
vn -0.2252 -0.7033 -0.6743
vn -0.0025 -0.8791 -0.4766
vn 0.7897 0.6085 -0.0782
vn 0.6711 -0.5917 0.4466
vn 0.8857 -0.4569 0.0830
vn -0.0515 0.9720 -0.2292
vn 0.7323 0.6795 0.0457
vn -0.0731 0.9526 -0.2953
vn -0.1687 0.5497 -0.8181
vn -0.6867 0.7000 -0.1960
vn -0.0292 -0.9307 0.3645
vn -0.1553 0.9684 -0.1951
vn -0.1774 -0.9841 -0.0098
vn 0.1511 -0.8654 0.4778
vn 0.3234 -0.6082 0.7250
vn -0.6022 -0.7980 0.0257
vn -0.5127 0.8288 -0.2241
vn -0.0342 0.9939 -0.1053
vn -0.4265 0.8823 -0.1990
vn -0.0658 0.9960 -0.0597
vn 0.3891 0.6007 0.6984
vn 0.0981 -0.1273 0.9870
vn -0.9559 -0.0397 -0.2909
vn -0.7881 -0.5651 -0.2439
vn -0.4645 -0.8464 -0.2605
vn -0.3990 0.8613 -0.3146
vn -0.6835 0.6531 -0.3260
vn -0.6365 0.7646 -0.1016
vn 0.3179 0.6390 0.7004
vn -0.3261 0.8371 -0.4392
vn 0.5698 0.7711 -0.2843
vn 0.1787 0.7713 0.6108
vn -0.5890 0.6629 0.4622
vn 0.3142 -0.9305 -0.1883
vn -0.0390 0.9933 0.1092
vn 0.0098 0.9887 0.1495
vn 0.1913 -0.8630 -0.4676
vn -0.2043 0.6792 0.7050
vn 0.2369 0.6235 -0.7450
vn -0.2913 -0.9454 -0.1459
vn 0.0265 0.9960 0.0850
vn -0.0714 0.9974 -0.0041
vn 0.2028 -0.9764 0.0747
vn 0.7233 0.6075 0.3283
vn -0.6972 0.7128 -0.0765
vn -0.5901 -0.7943 0.1442
vn -0.7468 -0.5863 -0.3139
vn -0.7968 0.5070 -0.3287
vn 0.7737 -0.5957 0.2158
vn 0.7269 -0.6725 0.1391
vn 0.7832 0.4581 0.4205
vn 0.1884 -0.3961 -0.8987
vn -0.0281 -0.3088 -0.9507
vn 0.3706 0.5628 -0.7389
vn -0.2521 -0.6352 0.7301
vn -0.1744 -0.7884 0.5899
vn -0.3356 -0.0217 0.9417
vn -0.7908 -0.6118 0.0182
vn -0.7600 -0.5947 0.2623
vn -0.9277 -0.1844 0.3246
vn 0.3382 -0.6607 0.6701
vn 0.4190 -0.7651 0.4889
vn 0.2508 0.2560 0.9336
vn 0.7591 -0.3429 -0.5534
vn 0.6780 -0.5597 -0.4765
vn 0.8553 0.3954 -0.3349
vn 0.0544 -0.2916 -0.9550
vn -0.2446 -0.7009 -0.6700
vn -0.3051 0.4014 -0.8636
vn -0.2559 0.9474 -0.1923
vn 0.2307 0.9705 -0.0698
vn 0.0692 0.8766 0.4763
vn -0.3081 0.9067 0.2881
vn 0.0800 0.9796 -0.1843
vn -0.0573 0.9269 0.3709
vn -0.2414 0.9598 0.1435
vn 0.2257 0.9738 0.0273
vn -0.1190 0.9912 0.0581
vn 0.0646 0.9972 0.0379
vn 0.0871 0.9854 0.1463
vn -0.1303 0.9766 0.1709
vn 0.0343 0.9983 -0.0471
vn -0.0418 0.9723 0.2298
vn -0.1334 0.9839 0.1193
vn 0.1269 0.9850 0.1172
vn 0.0121 -0.9958 -0.0907
vn -0.3435 -0.9392 0.0036
vn 0.1965 -0.9514 -0.2373
vn 0.0195 -0.9815 0.1904
vn 0.0747 -0.9209 -0.3826
vn -0.1030 0.9874 -0.1200
vn 0.2056 0.9698 0.1313
vn 0.0443 0.9650 -0.2587
vn -0.6566 0.1433 -0.7405
vn -0.3539 -0.6491 -0.6733
vn -0.5365 -0.4368 -0.7221
vn 0.8813 0.4562 -0.1231
vn 0.7259 -0.6711 0.1504
vn 0.8222 -0.5250 0.2200
vn 0.8313 0.5492 0.0855
vn -0.0053 0.9983 0.0589
vn 0.0340 0.9963 0.0784
vn -0.1415 -0.9497 -0.2793
vn 0.3089 -0.9494 0.0568
vn -0.2774 0.7862 -0.5522
vn -0.1428 0.9840 0.1065
vn 0.0571 0.9767 0.2067
vn -0.2129 0.9676 0.1358
vn 0.1069 0.9514 0.2889
vn 0.7240 0.0977 0.6828
vn 0.5438 -0.7586 0.3590
vn 0.6165 -0.5290 0.5831
vn -0.9685 -0.1450 0.2022
vn -0.7150 -0.6751 0.1818
vn -0.6877 -0.7215 -0.0810
vn -0.7787 0.6200 -0.0958
vn 0.1952 -0.9756 0.1008
vn -0.3286 -0.9321 -0.1521
vn 0.0203 0.9918 0.1265
vn -0.0472 0.9933 0.1055
vn 0.5362 0.6144 0.5788
vn -0.1037 0.9791 0.1750
vn -0.0013 0.9992 0.0399
vn -0.1542 -0.8609 -0.4848
vn -0.1707 -0.9794 0.1080
vn 0.0179 0.9986 -0.0502
vn -0.1230 0.9890 0.0817
vn -0.0252 0.9684 -0.2482
vn -0.4083 0.8681 0.2822
vn -0.7219 -0.0032 0.6920
vn -0.5335 -0.7071 0.4641
vn -0.6415 -0.6184 0.4539
vn -0.1560 0.6050 -0.7808
vn 0.1321 -0.6885 -0.7131
vn -0.2217 -0.5427 -0.8102
vn -0.0160 0.9993 0.0333
vn -0.0058 0.6731 -0.7396
vn -0.0481 0.9922 0.1154
vn -0.5692 0.6877 0.4506
vn -0.0339 0.9866 0.1597
vn 0.0278 0.9947 0.0985
vn -0.1297 -0.9484 0.2894
vn 0.2338 -0.9423 -0.2397
vn 0.0727 0.9312 0.3571
vn 0.1708 0.9846 -0.0367
vn 0.0095 0.9312 0.3645
vn 0.1284 0.9906 -0.0469
vn 0.5760 0.4179 -0.7025
vn 0.7971 -0.3041 -0.5216
vn -0.0389 0.0614 0.9974
vn -0.1082 -0.6245 0.7735
vn -0.2836 -0.6367 0.7171
vn 0.0277 0.9947 0.0985
vn -0.0166 0.6939 0.7199
vn 0.0586 0.9926 0.1061
vn 0.5363 0.6170 -0.5759
vn -0.8662 0.2847 0.4106
vn -0.2654 0.9221 -0.2817
vn 0.5256 0.7990 0.2921
vn -0.0970 0.3988 0.9119
vn 0.2908 -0.6322 -0.7182
vn -0.2576 0.8391 0.4792
vn -0.1923 0.8737 0.4468
vn -0.0649 -0.7265 -0.6841
vn 0.3578 0.6193 0.6989
vn -0.8419 0.5003 -0.2023
vn 0.0417 -0.9840 -0.1733
vn -0.2500 0.8753 0.4139
vn -0.3848 0.7938 0.4709
vn 0.5028 -0.6693 -0.5470
vn 0.3999 0.8830 -0.2457
vn -0.5932 0.1421 0.7924
vn -0.2246 -0.5243 0.8214
vn -0.4024 -0.8735 0.2740
vn -0.7351 -0.1106 0.6689
vn 0.6792 0.0157 -0.7337
vn 0.6358 -0.0810 -0.7676
vn 0.5265 0.7932 -0.3059
vn -0.6504 -0.4305 -0.6258
vn -0.7902 -0.4720 -0.3909
vn -0.7624 0.5424 -0.3528
vn 0.8259 -0.5245 0.2067
vn 0.7719 -0.6353 0.0254
vn 0.7875 -0.0004 0.6163
vn -0.1427 -0.8984 0.4154
vn 0.1026 -0.9054 0.4120
vn -0.0680 -0.5983 0.7984
vn 0.9343 -0.1718 -0.3125
vn 0.8481 -0.2454 -0.4696
vn 0.8384 0.5188 0.1672
vn -0.0507 0.0416 -0.9978
vn 0.0597 -0.1710 -0.9835
vn -0.0439 0.7365 -0.6751
vn -0.7787 -0.4214 -0.4649
vn -0.5765 -0.7878 -0.2169
vn -0.9902 -0.0438 0.1328
vn -0.6427 0.5865 0.4930
vn -0.2926 0.9409 0.1706
vn 0.1920 0.8741 0.4462
vn -0.0223 0.7119 0.7019
vn -0.4832 0.8324 0.2715
vn 0.0132 0.8326 0.5537
vn -0.3096 0.6915 0.6526
vn -0.1999 0.9577 0.2072
vn -0.3450 0.7740 0.5309
vn -0.1949 0.9054 0.3773
vn -0.1559 0.9140 0.3744
vn -0.2361 0.7841 0.5739
vn -0.3878 0.8406 0.3782
vn -0.1334 0.8481 0.5128
vn -0.2902 0.7748 0.5616
vn -0.1645 0.9299 0.3290
vn 0.2633 -0.8532 -0.4502
vn 0.1512 -0.9854 -0.0779
vn 0.2154 -0.7297 -0.6490
vn 0.5348 -0.7662 -0.3564
vn -0.0182 -0.8206 -0.5712
vn -0.1646 0.9299 0.3290
vn -0.5063 0.7335 0.4535
vn -0.1063 0.9609 0.2558
vn -0.5666 0.7778 0.2718
vn -0.8996 -0.1177 0.4204
vn -0.5447 -0.8241 -0.1554
vn -0.6875 -0.7245 0.0506
vn 0.1386 0.8052 -0.5765
vn 0.6434 -0.0781 -0.7615
vn 0.6727 0.0910 -0.7343
vn 0.2637 0.8655 -0.4260
vn -0.2922 0.8519 0.4346
vn -0.2529 0.8786 0.4052
vn -0.0128 -0.9364 -0.3507
vn 0.5207 -0.5803 -0.6263
vn -0.8249 0.4202 0.3780
vn 0.2634 -0.8532 -0.4502
vn -0.2925 0.7698 0.5674
vn -0.1085 0.9024 0.4171
vn -0.3472 0.7016 0.6222
vn 0.0048 0.9224 0.3861
vn 0.7854 0.5409 -0.3008
vn 0.7775 -0.1978 -0.5970
vn 0.8776 0.0545 -0.4763
vn -0.2031 -0.5936 0.7787
vn 0.0592 -0.9150 0.3990
vn -0.1514 -0.9527 0.2635
vn -0.5887 0.1471 0.7949
vn 0.5290 -0.6718 -0.5184
vn 0.0555 -0.9915 -0.1174
vn -0.2108 0.8773 0.4311
vn -0.2652 0.8332 0.4852
vn 0.5329 0.8457 -0.0295
vn -0.2200 0.8037 0.5529
vn -0.3091 0.8507 0.4252
vn -0.2426 -0.8997 -0.3628
vn 0.3639 -0.9061 -0.2159
vn -0.3234 0.7759 0.5416
vn -0.5726 0.7826 0.2444
vn -0.2240 0.5459 0.8073
vn 0.3359 -0.2870 0.8971
vn 0.4158 -0.7565 0.5047
vn 0.3484 -0.8108 0.4703
vn -0.9696 0.2130 0.1204
vn -0.3938 -0.6659 -0.6337
vn -0.6500 -0.7118 -0.2660
vn -0.3376 0.8319 0.4404
vn -0.9439 0.3296 0.0211
vn -0.2556 0.8340 0.4889
vn -0.0767 0.3398 0.9374
vn -0.2032 0.8485 0.4886
vn -0.2357 0.8780 0.4167
vn 0.5527 -0.8137 -0.1801
vn 0.2075 -0.7085 -0.6745
vn 0.0423 0.8142 0.5790
vn -0.3589 0.8769 0.3196
vn 0.0578 0.9014 0.4292
vn -0.3280 0.9029 0.2780
vn -0.5752 0.5595 -0.5967
vn -0.0143 0.1037 -0.9945
vn 0.8944 0.2508 0.3703
vn 0.9099 -0.4042 0.0928
vn 0.8017 -0.5511 0.2314
vn -0.2357 0.8780 0.4166
vn 0.3854 0.7560 0.5291
vn -0.2122 0.8958 0.3905
vn -0.5321 0.7317 -0.4260
vn 0.1690 0.8922 -0.4188
vn -0.7082 0.6705 0.2214
vn -0.7917 -0.1836 -0.5826
vn 0.0653 -0.0783 -0.9948
vn 0.1990 -0.3715 0.9068
vn -0.5099 0.5206 -0.6848
vn -0.5849 0.4686 -0.6620
vn 0.4320 -0.0174 0.9017
vn -0.4092 -0.3094 -0.8584
vn -0.1206 0.9570 0.2637
vn 0.8371 -0.4174 0.3536
vn -0.5721 0.5493 -0.6091
vn -0.4088 0.6521 -0.6384
vn 0.2046 -0.7024 0.6818
vn -0.9967 -0.0015 0.0811
vn 0.3831 0.4511 -0.8060
vn 0.6930 -0.1814 -0.6978
vn 0.9936 -0.0005 -0.1133
vn 0.6067 0.5282 -0.5940
vn -0.5280 -0.4909 0.6930
vn -0.4433 -0.4776 0.7586
vn -0.9792 -0.1508 0.1360
vn 0.3572 0.5795 0.7326
vn 0.5139 0.6519 0.5576
vn -0.2109 0.9032 0.3740
vn 0.1449 -0.9538 -0.2631
vn 0.2097 -0.9747 -0.0768
vn -0.0940 -0.7658 -0.6362
vn 0.9034 -0.3069 -0.2996
vn 0.7594 -0.5104 -0.4035
vn 0.6638 -0.3320 -0.6701
vn -0.3277 -0.9245 0.1946
vn -0.2968 -0.8625 0.4098
vn -0.6582 -0.6541 -0.3728
vn -0.2749 0.2945 0.9152
vn -0.1730 0.1379 0.9752
vn -0.6957 0.4493 0.5605
vn 0.4417 0.6611 0.6065
vn 0.8185 0.2710 0.5066
vn 0.4433 0.8957 0.0364
vn -0.0660 0.7865 -0.6140
vn -0.6745 0.6795 -0.2886
vn -0.7175 0.0118 -0.6965
vn -0.2444 0.2430 -0.9387
vn -0.4537 0.8168 -0.3563
vn -0.5771 0.1639 -0.8001
vn -0.2739 0.4486 -0.8507
vn -0.7310 0.5795 -0.3603
vn -0.3866 0.5767 -0.7197
vn -0.6387 0.5082 -0.5777
vn -0.6655 0.4662 -0.5829
vn -0.4278 0.4345 -0.7926
vn -0.5025 0.6977 -0.5106
vn -0.5580 0.3619 -0.7468
vn -0.4002 0.5003 -0.7678
vn -0.6913 0.4971 -0.5244
vn 0.5318 -0.5436 0.6494
vn 0.5317 -0.5437 0.6494
vn 0.5318 -0.5437 0.6494
vn 0.7964 -0.5684 0.2067
vn 0.3706 -0.3361 0.8658
vn 0.3434 -0.8280 0.4433
vn 0.5591 -0.1467 0.8160
vn -0.6913 0.4971 -0.5245
vn -0.2968 0.7638 -0.5731
vn -0.7673 0.4618 -0.4449
vn -0.3604 0.8738 -0.3265
vn 0.7391 0.6588 -0.1407
vn 0.8733 0.2943 0.3884
vn 0.8948 0.4143 0.1662
vn -0.8338 0.3054 0.4599
vn -0.4473 -0.4865 0.7505
vn -0.5827 -0.4495 0.6771
vn -0.9378 0.1794 0.2972
vn -0.5225 0.5821 -0.6230
vn -0.5768 0.5568 -0.5977
vn 0.7627 -0.2799 0.5830
vn 0.0828 -0.6508 0.7547
vn 0.1068 0.9362 -0.3348
vn -0.3822 0.5149 -0.7674
vn -0.6590 0.3898 -0.6433
vn -0.3071 0.4650 -0.8303
vn -0.7331 0.2717 -0.6235
vn -0.8530 -0.5092 0.1148
vn -0.3553 -0.7411 0.5697
vn -0.5536 -0.7510 0.3599
vn 0.7261 -0.2143 -0.6534
vn 0.8120 -0.4962 -0.3073
vn 0.9474 -0.2897 -0.1360
vn 0.4803 0.4040 -0.7785
vn 0.1976 -0.7287 0.6556
vn 0.8630 -0.3965 0.3130
vn -0.5859 0.4978 -0.6395
vn -0.4984 0.5250 -0.6899
vn -0.9577 -0.2218 -0.1836
vn -0.4625 0.4321 -0.7742
vn -0.5165 0.6043 -0.6067
vn 0.7916 0.0081 0.6110
vn 0.5966 -0.7337 0.3252
vn -0.4826 0.7019 -0.5239
vn -0.3942 0.5480 -0.7377
vn -0.2946 0.8691 -0.3973
vn -0.1130 0.2203 -0.9689
vn 0.2995 -0.5509 -0.7790
vn 0.5461 -0.7787 -0.3088
vn 0.5904 -0.6966 -0.4077
vn 0.2340 0.9722 0.0137
vn 0.4858 0.3146 0.8155
vn 0.7435 0.4559 0.4892
vn -0.4958 0.6122 -0.6159
vn 0.0670 0.9953 0.0702
vn -0.5022 0.5126 -0.6965
vn 0.0431 -0.0553 -0.9975
vn -0.5395 0.4559 -0.7078
vn -0.5804 0.5326 -0.6161
vn 0.4203 -0.8804 0.2197
vn 0.3236 -0.3256 0.8884
vn 0.5317 -0.5436 0.6494
vn -0.7132 0.1797 -0.6775
vn -0.6453 0.6641 -0.3776
vn -0.6497 0.1729 -0.7402
vn -0.5991 0.6844 -0.4155
vn -0.3335 0.7722 0.5408
vn -0.3295 0.2828 0.9008
vn -0.2322 0.2506 0.9398
vn -0.3769 -0.7773 -0.5037
vn -0.0010 -0.9824 -0.1866
vn 0.1782 -0.9438 -0.2785
vn -0.5994 -0.3203 -0.7336
vn -0.6173 0.5206 -0.5898
vn -0.4466 0.8033 0.3939
vn -0.3037 0.3302 -0.8937
vn 0.4436 0.8316 -0.3342
vn -0.2797 0.9214 0.2698
vn -0.9258 0.3305 -0.1837
vn 0.5555 -0.5841 0.5918
vn -0.3985 0.8350 -0.3795
vn -0.4116 0.8533 -0.3200
vn 0.3819 -0.9132 -0.1425
vn -0.7023 0.6883 0.1816
vn 0.4025 0.4716 -0.7846
vn 0.0797 -0.9463 0.3132
vn -0.3422 0.8755 -0.3411
vn -0.2072 0.8927 -0.4002
vn 0.2783 -0.6269 0.7277
vn 0.1698 0.9334 0.3163
vn -0.5553 0.0456 -0.8304
vn -0.1660 -0.8770 -0.4509
vn -0.1703 -0.8687 -0.4652
vn -0.5408 -0.3821 -0.7493
vn 0.6152 0.0651 0.7857
vn 0.5779 -0.0557 0.8142
vn 0.4102 0.6954 0.5901
vn 0.5752 -0.2860 -0.7664
vn 0.7623 -0.6464 -0.0338
vn 0.5927 0.3289 -0.7353
vn -0.3021 -0.5326 0.7906
vn -0.3271 -0.6196 0.7135
vn -0.7736 0.0867 0.6278
vn -0.6247 -0.7755 -0.0913
vn -0.5188 -0.8548 0.0103
vn -0.9814 -0.0712 -0.1781
vn 0.1605 0.0372 0.9863
vn -0.0680 -0.1311 0.9890
vn -0.2860 0.4769 0.8311
vn 0.9716 0.1004 0.2144
vn 0.8630 -0.2555 0.4358
vn 0.6101 0.7887 -0.0758
vn 0.3057 -0.7269 -0.6150
vn 0.2945 -0.8452 -0.4459
vn -0.0136 -0.0116 -0.9998
vn -0.3759 0.5983 -0.7076
vn -0.2294 0.9625 -0.1447
vn -0.2889 0.9567 0.0362
vn -0.5693 0.7371 -0.3640
vn -0.2289 0.7688 -0.5971
vn -0.5954 0.7917 -0.1367
vn -0.5096 0.5838 -0.6320
vn -0.1862 0.9755 -0.1169
vn -0.3659 0.7735 -0.5175
vn -0.2401 0.9045 -0.3524
vn -0.4958 0.8659 -0.0667
vn -0.2532 0.8503 -0.4614
vn -0.4585 0.8528 -0.2500
vn -0.4213 0.7977 -0.4315
vn -0.2739 0.9105 -0.3099
vn 0.0308 -0.9852 0.1689
vn 0.5959 -0.7274 0.3401
vn 0.0942 -0.8161 0.5702
vn 0.5618 -0.7843 0.2631
vn -0.1779 0.8864 -0.4274
vn -0.2599 0.6000 -0.7566
vn 0.1117 -0.3233 -0.9397
vn 0.1242 -0.7937 -0.5955
vn 0.1625 -0.5987 -0.7843
vn 0.2439 0.9408 0.2352
vn 0.7300 0.0306 0.6827
vn 0.5671 0.1164 0.8154
vn -0.4351 0.7891 -0.4336
vn -0.3268 0.8739 -0.3599
vn 0.3275 -0.9430 0.0590
vn 0.4120 -0.6306 0.6578
vn -0.0089 0.3665 -0.9304
vn -0.4697 0.7719 -0.4284
vn -0.4266 0.8683 -0.2532
vn -0.5592 0.6915 -0.4572
vn -0.4943 0.8660 0.0760
vn -0.0395 0.6514 0.7577
vn 0.3481 -0.1692 0.9220
vn 0.2712 0.0812 0.9591
vn -0.6256 -0.0662 -0.7774
vn -0.4012 -0.8728 -0.2780
vn -0.4262 -0.9020 -0.0691
vn -0.7530 -0.0158 -0.6578
vn 0.3915 -0.6769 0.6233
vn -0.3676 0.8808 -0.2986
vn -0.4005 0.8240 -0.4007
vn -0.4194 0.8559 0.3026
vn -0.4453 0.7704 -0.4564
vn -0.3562 0.8392 -0.4109
vn 0.4869 -0.8717 0.0549
vn 0.0167 -0.9637 0.2666
vn -0.2104 0.7559 -0.6199
vn -0.6200 0.4667 -0.6307
vn -0.4628 -0.8667 0.1859
vn -0.5688 -0.7680 0.2944
vn 0.2773 0.1396 -0.9506
vn 0.6328 -0.7536 -0.1778
vn 0.6405 -0.2416 -0.7290
vn 0.1372 0.3666 -0.9202
vn -0.4089 0.8322 -0.3744
vn -0.8505 0.3663 -0.3774
vn -0.3538 0.8929 -0.2786
vn -0.3469 0.8655 -0.3613
vn 0.0466 -0.8962 0.4412
vn 0.5728 -0.6911 0.4407
vn -0.3791 0.9144 -0.1416
vn -0.2885 0.8885 -0.3569
vn -0.5046 0.8618 -0.0512
vn -0.1401 0.8800 -0.4538
vn 0.7755 0.5368 -0.3322
vn 0.9128 -0.4036 0.0624
vn 0.9610 0.0006 0.2767
vn -0.5406 0.2382 0.8069
vn -0.0560 -0.4431 0.8947
vn -0.4028 -0.2822 0.8707
vn -0.3479 0.8784 -0.3277
vn -0.6651 0.6972 0.2674
vn -0.3962 0.8536 -0.3382
vn 0.3418 0.9286 -0.1445
vn -0.1503 -0.1744 -0.9731
vn 0.5313 0.4625 -0.7098
vn -0.3995 0.9090 -0.1191
vn -0.8751 0.2574 -0.4099
vn 0.5042 -0.2214 0.8347
vn -0.3529 0.4819 -0.8021
vn -0.3777 0.5178 -0.7676
vn 0.4448 -0.7641 0.4672
vn -0.7723 0.5700 -0.2804
vn 0.5591 0.0513 -0.8275
vn 0.0121 -0.5852 0.8108
vn -0.2973 0.5263 -0.7966
vn -0.1369 0.5139 -0.8468
vn 0.1652 -0.2005 0.9657
vn 0.1655 0.9167 -0.3636
vn -0.5348 -0.3214 -0.7815
vn -0.3224 -0.9445 -0.0625
vn -0.1404 -0.9697 0.2002
vn -0.5748 -0.6966 -0.4294
vn 0.6274 0.4002 0.6680
vn 0.5629 0.3032 0.7689
vn 0.4347 0.8996 0.0415
vn 0.7647 -0.5023 -0.4037
vn 0.7999 -0.4791 0.3613
vn 0.7241 -0.0313 -0.6890
vn -0.4644 -0.0937 0.8807
vn -0.4723 -0.1805 0.8627
vn -0.8813 0.2783 0.3819
vn -0.6870 -0.6105 0.3942
vn -0.5270 -0.6269 0.5738
vn -0.9891 -0.1085 -0.0991
vn -0.0039 0.4766 0.8791
vn -0.2820 0.2995 0.9115
vn -0.5199 0.7605 0.3890
vn 0.9836 0.1434 0.1096
vn 0.9135 0.0682 0.4011
vn 0.6738 0.5353 -0.5093
vn 0.4893 -0.8716 -0.0282
vn 0.4397 -0.8878 0.1361
vn 0.1938 -0.4439 -0.8749
vn -0.2372 0.2153 -0.9473
vn -0.2104 0.6741 -0.7081
vn -0.3167 0.7536 -0.5761
vn -0.6226 0.4963 -0.6050
vn -0.1279 0.3505 -0.9278
vn -0.6079 0.5359 -0.5859
vn -0.4472 0.2065 -0.8702
vn -0.1677 0.6972 -0.6969
vn -0.2944 0.3860 -0.8743
vn -0.2552 0.6149 -0.7461
vn -0.5179 0.6247 -0.5844
vn -0.4687 0.4489 -0.7608
vn -0.1877 0.4464 -0.8749
vn -0.4417 0.5435 -0.7138
vn -0.3950 0.4544 -0.7984
vn -0.2273 0.5641 -0.7938
vn -0.0089 -0.6819 0.7313
vn 0.5671 -0.4019 0.7189
vn -0.0162 -0.3896 0.9208
vn 0.5507 -0.4851 0.6793
vn -0.0998 0.4978 -0.8615
vn -0.1401 0.1693 -0.9755
vn 0.1995 -0.4407 -0.8752
vn 0.2715 -0.9619 0.0331
vn 0.3710 -0.8856 -0.2794
vn 0.2669 0.8646 -0.4258
vn 0.7592 0.3084 0.5731
vn 0.5728 0.4689 0.6724
vn -0.3849 0.4284 -0.8175
vn -0.2768 0.5177 -0.8096
vn 0.3378 -0.6958 0.6338
vn 0.3296 -0.2312 0.9154
vn 0.1240 0.0437 -0.9913
vn -0.4332 0.4239 -0.7954
vn -0.4063 0.5545 -0.7263
vn -0.4833 0.3357 -0.8085
vn -0.4125 0.7624 -0.4986
vn -0.2093 0.9513 0.2264
vn 0.2434 0.2522 0.9366
vn 0.1526 0.5150 0.8435
vn -0.6406 -0.3961 -0.6578
vn -0.4469 -0.8263 0.3428
vn -0.4863 -0.7147 0.5027
vn -0.7337 -0.0983 -0.6723
vn 0.2940 -0.2798 0.9139
vn 0.1024 -0.7116 0.6951
vn -0.3331 0.5467 -0.7682
vn -0.3516 0.4659 -0.8120
vn -0.5260 0.7926 -0.3085
vn -0.3928 0.4064 -0.8249
vn -0.3006 0.4730 -0.8282
vn 0.5111 -0.6345 0.5798
vn -0.0487 -0.6160 0.7862
vn -0.2008 0.4520 -0.8692
vn -0.0664 0.3911 -0.9179
vn -0.5808 0.1187 -0.8053
vn -0.6381 -0.4994 0.5860
vn -0.6444 -0.4259 0.6351
vn 0.4943 -0.2612 -0.8291
vn 0.7079 -0.6263 0.3265
vn 0.8072 -0.4430 -0.3901
vn -0.3003 0.4533 -0.8392
vn 0.3808 -0.1264 -0.9160
vn -0.3653 0.4817 -0.7966
vn -0.8473 0.1337 -0.5141
vn -0.3216 0.5637 -0.7608
vn -0.2988 0.5111 -0.8059
vn -0.0460 -0.4945 0.8680
vn 0.5376 -0.3534 0.7656
vn -0.1998 0.4971 -0.8444
vn -0.5023 0.6791 -0.5352
vn -0.0537 0.4816 -0.8748
vn 0.8256 0.2424 -0.5095
vn 0.9216 -0.2640 0.2845
vn 0.9799 0.1294 0.1521
vn -0.7396 0.4848 0.4668
vn -0.2385 0.0064 0.9711
vn -0.5860 0.1147 0.8022
vn -0.3060 0.5336 -0.7885
vn -0.7304 0.6235 -0.2787
vn -0.3575 0.5112 -0.7816
vn 0.4141 0.6267 -0.6601
vn -0.1541 -0.7382 -0.6568
vn 0.3735 -0.8606 0.3462
vn 0.9664 0.2548 0.0328
vn 0.4465 0.2348 -0.8634
vn -0.3656 0.4215 0.8299
vn 0.6813 -0.4833 -0.5498
vn 0.7316 -0.4229 -0.5347
vn -0.9643 0.0211 0.2638
vn 0.7667 0.3284 -0.5516
vn -0.0537 -0.9920 0.1138
vn -0.7030 0.6992 0.1299
vn 0.7243 -0.5118 -0.4620
vn 0.6623 -0.6753 -0.3245
vn -0.2636 0.7799 0.5676
vn 0.8771 -0.2734 0.3948
vn -0.2190 -0.3487 -0.9113
vn -0.8896 0.1264 -0.4390
vn -0.8869 0.1130 -0.4478
vn -0.5095 -0.0871 -0.8561
vn 0.2689 0.2101 0.9400
vn 0.1978 0.3225 0.9257
vn 0.7132 -0.0922 0.6949
vn -0.5904 -0.7807 0.2049
vn -0.6870 -0.2669 0.6758
vn -0.1582 -0.9512 0.2648
vn -0.0050 0.9995 -0.0316
vn -0.0932 0.9917 -0.0888
vn 0.4114 0.8158 -0.4065
vn -0.4579 0.6150 -0.6419
vn -0.5309 0.7033 -0.4728
vn 0.0666 0.4689 -0.8807
vn 0.4347 0.7073 0.5575
vn 0.3336 0.8942 0.2984
vn 0.7600 0.6444 0.0842
vn -0.0321 -0.4510 0.8919
vn -0.1924 -0.1132 0.9748
vn 0.3984 -0.7241 0.5630
vn -0.9135 -0.4067 -0.0074
vn -0.9641 -0.2650 0.0179
vn -0.4379 -0.8050 -0.4003
vn 0.2998 -0.7184 -0.6277
vn 0.8650 -0.4476 -0.2267
vn 0.9531 -0.2183 -0.2096
vn 0.7285 -0.0731 -0.6811
vn 0.4481 -0.7749 -0.4458
vn 0.7720 -0.0586 -0.6329
vn 0.3352 -0.4978 -0.7999
vn 0.8739 -0.4583 -0.1620
vn 0.5407 -0.6102 -0.5790
vn 0.7116 -0.6139 -0.3418
vn 0.8627 -0.1077 -0.4941
vn 0.5918 -0.6797 -0.4333
vn 0.7729 -0.3131 -0.5519
vn 0.6244 -0.4960 -0.6035
vn 0.7514 -0.5514 -0.3624
vn -0.7958 0.6054 0.0107
vn -0.6120 0.2437 0.7524
vn -0.4550 0.8492 0.2681
vn -0.7141 0.2037 0.6698
vn 0.6300 -0.7157 -0.3015
vn 0.2188 -0.8007 -0.5577
vn -0.4363 -0.8085 -0.3950
vn -0.9505 -0.2444 -0.1919
vn -0.8430 -0.4989 -0.2011
vn 0.8128 -0.3931 0.4300
vn 0.1650 0.0559 0.9847
vn 0.3345 0.2465 0.9096
vn 0.6183 -0.4820 -0.6208
vn 0.7084 -0.5415 -0.4527
vn -0.9130 0.2754 0.3010
vn -0.3420 0.6264 0.7004
vn -0.1193 -0.9321 -0.3419
vn 0.6219 -0.4227 -0.6592
vn 0.7806 -0.3512 -0.5171
vn 0.5134 -0.4059 -0.7561
vn 0.9085 0.0256 -0.4171
vn 0.8667 0.3799 0.3232
vn 0.2098 0.6447 0.7351
vn 0.4399 0.5966 0.6712
vn -0.2631 -0.1948 -0.9449
vn -0.7071 0.4160 -0.5718
vn -0.6189 0.6013 -0.5055
vn 0.0315 -0.1311 -0.9909
vn -0.3980 0.6515 0.6459
vn -0.8651 0.4942 0.0857
vn 0.7576 -0.4519 -0.4710
vn 0.6605 -0.4968 -0.5630
vn 0.9571 0.1765 -0.2299
vn 0.5908 -0.4858 -0.6442
vn 0.6576 -0.5503 -0.5145
vn -0.8717 0.1063 0.4784
vn -0.7132 0.7000 0.0370
vn 0.6029 -0.6646 -0.4413
vn 0.4828 -0.8010 -0.3540
vn 0.2495 -0.3400 -0.9067
vn -0.3767 0.7840 -0.4934
vn -0.3044 0.8420 -0.4454
vn -0.3317 -0.9400 -0.0795
vn -0.8288 -0.2586 0.4961
vn -0.5469 -0.7923 0.2705
vn 0.6319 -0.5644 -0.5313
vn -0.1954 -0.9687 -0.1532
vn 0.6838 -0.4683 -0.5596
vn 0.3051 0.1068 -0.9463
vn 0.7751 -0.4493 -0.4441
vn 0.7058 -0.5228 -0.4780
vn -0.5751 0.8038 0.1519
vn -0.5454 0.3193 0.7750
vn 0.6608 -0.6344 -0.4011
vn 0.9086 -0.0606 -0.4133
vn 0.5941 -0.7583 -0.2682
vn 0.0861 -0.8342 0.5447
vn -0.4495 -0.3651 0.8153
vn -0.0448 -0.4200 0.9064
vn 0.5668 0.8071 -0.1656
vn 0.0564 0.9658 0.2530
vn 0.2150 0.9742 -0.0688
vn 0.7354 -0.4955 -0.4622
vn 0.8168 0.3107 -0.4862
vn 0.7194 -0.4540 -0.5258
vn 0.5749 -0.7381 0.3531
vn -0.4707 0.6740 -0.5693
vn 0.7601 0.6023 -0.2437
vn 0.4170 0.8069 0.4185
vn -0.5422 0.7378 0.4022
vn 0.3311 -0.9355 0.1231
vn -0.3796 0.9245 -0.0348
vn 0.0281 0.9994 0.0210
vn -0.2840 -0.8832 -0.3733
vn -0.0373 0.8148 0.5786
vn 0.0314 0.3230 -0.9459
vn -0.3057 -0.9388 0.1586
vn 0.0776 0.9964 -0.0340
vn -0.2871 0.9192 -0.2697
vn 0.1791 -0.9043 0.3876
vn 0.7622 0.6162 0.1984
vn -0.7378 0.5805 -0.3444
vn -0.7941 -0.5237 -0.3084
vn -0.7996 -0.5098 -0.3173
vn -0.9339 0.1771 -0.3107
vn 0.8223 -0.4960 0.2791
vn 0.7404 -0.5926 0.3173
vn 0.9386 0.2124 0.2719
vn -0.0966 -0.2169 -0.9714
vn 0.1652 -0.8545 -0.4925
vn 0.2597 0.2934 -0.9200
vn -0.1415 -0.6082 0.7810
vn -0.2386 -0.6425 0.7282
vn -0.2112 0.1794 0.9608
vn -0.8944 -0.3668 0.2562
vn -0.8134 -0.5147 0.2711
vn -0.8000 0.4231 0.4254
vn 0.5800 -0.3979 0.7108
vn 0.3265 -0.4434 0.8347
vn 0.4347 0.2356 0.8692
vn 0.8260 -0.4074 -0.3896
vn 0.6524 -0.7401 -0.1629
vn 0.8123 0.4426 -0.3798
vn -0.4553 -0.5367 -0.7104
vn -0.4477 -0.6904 -0.5682
vn -0.4682 0.3610 -0.8065
vn -0.4616 0.7704 -0.4397
vn 0.5239 0.8381 0.1519
vn 0.3231 0.9162 0.2370
vn -0.1591 0.9847 0.0710
vn -0.2579 0.8403 -0.4769
vn -0.0490 0.9624 0.2672
vn -0.3177 0.9307 -0.1812
vn 0.3351 0.9404 0.0579
vn -0.6153 0.7498 -0.2435
vn 0.1572 0.9825 -0.0996
vn 0.1496 0.9242 0.3515
vn -0.3944 0.8895 -0.2306
vn 0.0724 0.9810 -0.1802
vn 0.0012 0.8760 0.4823
vn -0.1432 0.9798 -0.1396
vn 0.3142 0.8971 0.3105
vn -0.1397 -0.9809 0.1351
vn 0.0296 -0.9917 -0.1249
vn -0.4238 -0.9029 0.0715
vn 0.1719 -0.9795 -0.1046
vn -0.1152 -0.9264 0.3584
vn 0.0852 -0.9853 -0.1481
vn 0.2797 0.9592 0.0407
vn -0.2054 0.9646 -0.1655
vn 0.5516 0.8305 0.0774
vn -0.3497 0.8276 -0.4392
vn -0.4633 0.3614 -0.8092
vn -0.6111 -0.5246 -0.5927
vn -0.5675 -0.3056 -0.7646
vn 0.7802 0.6190 0.0900
vn 0.8347 -0.5361 0.1257
vn 0.8318 -0.4427 0.3348
vn -0.4970 0.8572 0.1351
vn 0.0789 0.9952 -0.0576
vn -0.2469 -0.9517 -0.1827
vn 0.2374 -0.9373 0.2551
vn -0.2246 0.6522 -0.7240
vn -0.2164 -0.9727 -0.0835
vn -0.2651 0.9636 -0.0351
vn 0.0954 0.9484 0.3024
vn -0.2171 0.9761 -0.0100
vn 0.1523 0.9116 0.3819
vn 0.6720 0.3081 0.6734
vn 0.5655 -0.6295 0.5329
vn 0.6705 -0.3982 0.6260
vn -0.8262 0.4964 -0.2662
vn -0.8766 -0.4802 -0.0298
vn -0.8101 -0.5663 0.1515
vn -0.8307 0.5492 -0.0913
vn 0.1836 -0.9539 0.2372
vn -0.3878 -0.9211 -0.0336
vn 0.0817 0.9966 0.0140
vn -0.3255 0.9192 -0.2215
vn 0.3002 0.7982 0.5222
vn -0.0977 0.9927 -0.0706
vn 0.0186 0.9964 -0.0824
vn -0.1025 -0.9564 -0.2736
vn -0.3787 -0.9121 0.1573
vn 0.3129 0.9455 -0.0899
vn -0.4320 0.8884 0.1550
vn -0.0588 0.8415 -0.5370
vn -0.4561 0.8814 -0.1228
vn -0.6985 -0.6084 0.3767
vn -0.6714 -0.5186 0.5294
vn -0.1578 0.3461 -0.9248
vn -0.0432 -0.8416 -0.5383
vn -0.0100 -0.2198 -0.9755
vn -0.1187 0.5866 -0.8012
vn -0.0414 0.9989 0.0199
vn -0.5565 0.8048 0.2063
vn 0.2802 0.9540 0.1067
vn 0.1764 -0.9597 0.2187
vn 0.0604 0.9970 -0.0476
vn -0.2459 -0.9278 0.2804
vn 0.2193 -0.9756 -0.0108
vn 0.1498 -0.9808 0.1249
vn 0.3938 0.7263 0.5635
vn 0.1139 0.9905 -0.0764
vn 0.0869 0.9542 0.2862
vn 0.1681 0.9567 -0.2375
vn 0.6771 0.2482 -0.6928
vn 0.4402 -0.7500 -0.4937
vn 0.7913 -0.5101 -0.3372
vn 0.1133 0.1461 0.9828
vn 0.1222 -0.6752 0.7274
vn -0.0425 -0.3842 0.9223
vn 0.0808 0.9965 -0.0209
vn 0.0308 0.7781 0.6273
vn 0.4910 0.7663 0.4144
vn 0.7837 0.5490 -0.2906
vn -0.6603 0.4937 -0.5659
vn -0.9277 0.1626 0.3361
vn -0.7736 -0.6331 -0.0267
vn -0.3157 -0.3211 -0.8929
vn 0.4763 -0.5498 0.6862
vn -0.6582 0.0462 -0.7514
vn -0.8531 -0.4458 -0.2710
vn 0.8049 0.5934 -0.0063
vn -0.5761 -0.6712 -0.4665
vn -0.7907 0.6076 0.0745
vn 0.9446 0.3259 -0.0394
vn -0.9383 -0.1267 -0.3216
vn -0.9021 -0.0260 -0.4306
vn 0.5452 -0.4509 0.7067
vn -0.7813 -0.5150 0.3526
vn -0.3564 0.4631 -0.8115
vn 0.5982 0.6450 -0.4755
vn 0.7634 0.5857 -0.2724
vn 0.1069 0.5547 -0.8251
vn 0.0812 -0.1692 0.9822
vn -0.4151 -0.5781 0.7025
vn -0.4757 -0.5699 0.6700
vn 0.1578 0.7593 0.6313
vn -0.2763 0.7800 0.5614
vn -0.6688 0.7036 0.2400
vn 0.6782 -0.7339 -0.0368
vn 0.7821 -0.6008 -0.1657
vn 0.4664 -0.7750 -0.4264
vn 0.8358 0.1219 -0.5353
vn 0.7418 0.1048 -0.6624
vn 0.4460 -0.1546 -0.8816
vn 0.8044 -0.5297 0.2691
vn 0.5965 -0.7844 0.1700
vn -0.0679 -0.9838 0.1656
vn -0.0874 0.1640 0.9826
vn 0.2002 0.0724 0.9771
vn -0.8300 0.0017 0.5577
vn 0.3741 0.9130 -0.1631
vn 0.5047 0.8596 -0.0799
vn -0.4054 0.8149 -0.4143
vn -0.7979 0.2853 -0.5310
vn -0.9503 -0.2782 -0.1399
vn -0.6388 -0.2555 -0.7257
vn -0.8262 -0.1604 -0.5401
vn -0.9375 0.2133 -0.2751
vn -0.7960 -0.3775 -0.4732
vn -0.7842 0.1272 -0.6073
vn -0.9529 -0.2676 -0.1427
vn -0.7623 0.4292 -0.4845
vn -0.9500 -0.2454 0.1931
vn -0.6547 -0.7249 -0.2143
vn -0.9081 0.2985 -0.2937
vn -0.7555 -0.3049 -0.5799
vn -0.8113 -0.0649 -0.5811
vn -0.8870 -0.4462 0.1190
vn 0.9268 0.1247 0.3542
vn 0.8841 -0.1215 0.4512
vn 0.7254 0.4913 0.4821
vn 0.5604 0.0745 0.8249
vn 0.7358 0.6086 -0.2969
vn 0.7432 0.2111 0.6349
vn 0.8949 -0.4273 0.1284
vn 0.5743 -0.0643 0.8161
vn 0.6305 -0.0544 0.7743
vn 0.7325 0.4041 0.5479
vn -0.9451 -0.3082 -0.1090
vn -0.7829 0.3371 -0.5228
vn -0.9872 -0.1596 -0.0062
vn -0.8219 0.4770 -0.3114
vn -0.0847 0.9413 -0.3269
vn 0.4962 0.8306 -0.2528
vn 0.1799 0.9391 -0.2928
vn -0.6425 -0.4523 0.6186
vn 0.1297 -0.5420 0.8303
vn 0.1887 -0.5061 0.8416
vn -0.7854 -0.4986 0.3667
vn -0.8994 -0.0749 -0.4307
vn -0.9537 -0.0302 -0.2993
vn 0.8710 0.3978 0.2882
vn 0.6325 -0.0519 0.7729
vn -0.7215 0.6097 -0.3282
vn 0.9848 0.0663 0.1607
vn 0.7647 -0.3720 0.5262
vn -0.8786 -0.0819 -0.4704
vn -0.9322 -0.3426 -0.1165
vn -0.8179 -0.0662 -0.5715
vn -0.4243 -0.8761 -0.2288
vn -0.3311 -0.8754 0.3523
vn 0.2018 -0.7551 0.6238
vn 0.6528 -0.4319 0.6224
vn 0.4503 0.5641 -0.6921
vn 0.7324 0.0330 -0.6801
vn 0.8145 0.2187 -0.5374
vn -0.2112 0.2720 -0.9388
vn 0.5752 -0.6096 0.5455
vn 0.8420 0.4835 0.2394
vn -0.9234 -0.1796 -0.3391
vn -0.7843 -0.2604 -0.5630
vn -0.5313 -0.7815 -0.3271
vn -0.8787 0.1118 -0.4642
vn 0.7979 0.5959 0.0902
vn -0.8880 0.0638 -0.4554
vn 0.5018 0.8345 0.2276
vn 0.8471 -0.2101 -0.4881
vn 0.7745 0.4888 0.4015
vn 0.7811 0.6228 0.0453
vn -0.9449 0.3037 -0.1220
vn -0.8204 0.1177 -0.5595
vn -0.9243 0.2129 -0.3168
vn -0.6764 0.1270 -0.7255
vn 0.4528 -0.2242 -0.8630
vn 0.7988 -0.1576 -0.5806
vn 0.7670 -0.2121 -0.6056
vn -0.5504 0.8246 -0.1305
vn 0.2623 0.9407 0.2150
vn 0.3534 0.9032 0.2437
vn -0.8850 0.1158 -0.4509
vn -0.7280 0.6541 -0.2052
vn -0.6892 -0.3215 -0.6494
vn -0.4760 -0.1378 -0.8686
vn -0.9416 -0.2344 -0.2416
vn 0.9546 -0.2968 -0.0239
vn -0.9773 -0.1913 -0.0905
vn 0.6376 0.3881 0.6655
vn 0.9447 -0.3202 0.0714
vn 0.7446 0.0652 0.6643
vn 0.7299 0.2803 0.6235
vn 0.8223 -0.0648 0.5654
vn -0.8735 -0.4399 -0.2087
vn -0.9980 -0.0373 0.0501
vn -0.7506 -0.5450 -0.3736
vn -0.9913 -0.1046 -0.0805
vn -0.7221 0.3783 0.5792
vn 0.3594 0.4609 0.8114
vn 0.0464 0.1413 0.9889
vn 0.3279 -0.9438 -0.0412
vn 0.7727 -0.5850 0.2465
vn 0.5698 -0.8185 -0.0739
vn -0.9396 -0.3010 -0.1627
vn -0.5511 -0.7340 -0.3968
vn -0.8416 -0.2837 -0.4595
vn -0.9468 -0.0626 0.3155
vn 0.0779 0.7434 -0.6643
vn -0.7493 0.6522 0.1147
vn -0.7644 -0.6039 -0.2257
vn -0.0297 -0.3843 -0.9227
vn 0.2071 -0.2532 0.9450
vn -0.5956 0.1891 -0.7807
vn -0.6226 0.1140 -0.7742
vn 0.7675 0.3470 0.5389
vn -0.3759 -0.5939 -0.7113
vn -0.3485 0.9373 0.0058
vn 0.8271 -0.3791 0.4151
vn -0.6716 0.1987 -0.7137
vn -0.7205 0.3732 -0.5844
vn 0.3315 -0.6226 0.7089
vn -0.9933 -0.0828 0.0810
vn 0.3571 0.4090 -0.8398
vn 0.9651 0.2236 -0.1367
vn 0.9608 0.2350 -0.1474
vn 0.6884 0.2775 -0.6701
vn -0.4601 -0.2999 0.8357
vn -0.3526 -0.3767 0.8566
vn -0.8802 -0.1888 0.4355
vn 0.1688 0.9460 0.2767
vn 0.2887 0.5063 0.8126
vn -0.2906 0.9388 0.1848
vn 0.3763 -0.9221 0.0904
vn 0.4690 -0.8811 0.0614
vn 0.0651 -0.9096 -0.4104
vn 0.8289 -0.3920 -0.3990
vn 0.8707 -0.4464 -0.2066
vn 0.3932 -0.4559 -0.7984
vn -0.3029 -0.8215 0.4832
vn -0.0639 -0.9549 0.2900
vn -0.4591 -0.8857 -0.0693
vn -0.4205 0.4262 0.8009
vn -0.1844 0.1747 0.9672
vn -0.7911 0.5158 0.3289
vn 0.6550 0.7241 0.2160
vn 0.7424 0.6123 0.2718
vn 0.2201 0.9125 -0.3449
vn -0.3217 0.5522 -0.7692
vn -0.8469 0.0850 -0.5250
vn -0.8465 -0.1606 -0.5076
vn -0.4464 -0.2076 -0.8704
vn -0.5302 0.5473 -0.6476
vn -0.4947 -0.2378 -0.8359
vn -0.2178 0.3353 -0.9166
vn -0.8792 0.0913 -0.4675
vn -0.5090 0.3601 -0.7818
vn -0.7359 0.2976 -0.6082
vn -0.6362 -0.2274 -0.7372
vn -0.6256 0.4044 -0.6671
vn -0.6135 -0.0031 -0.7897
vn -0.5331 0.2227 -0.8162
vn -0.7416 0.2248 -0.6321
vn 0.9125 -0.2566 0.3185
vn 0.3833 0.0053 0.9236
vn 0.6200 -0.6126 0.4901
vn 0.4846 0.0815 0.8709
vn -0.7142 0.4227 -0.5579
vn -0.3030 0.6588 -0.6886
vn 0.2157 0.9151 -0.3408
vn 0.8051 0.5888 0.0715
vn 0.6218 0.7832 0.0005
vn -0.9915 0.0523 0.1192
vn -0.4393 -0.1179 0.8906
vn -0.4947 -0.3585 0.7917
vn -0.5172 0.2121 -0.8291
vn -0.6715 0.2323 -0.7037
vn 0.8028 0.0922 0.5891
vn 0.3021 -0.4512 0.8397
vn -0.1236 0.9084 -0.3993
vn -0.4866 0.1561 -0.8596
vn -0.6451 0.0291 -0.7635
vn -0.3545 0.1822 -0.9171
vn -0.6527 -0.3684 -0.6620
vn -0.7248 -0.6825 0.0939
vn -0.1855 -0.6785 0.7108
vn -0.3839 -0.7215 0.5762
vn 0.4621 0.2836 -0.8403
vn 0.9527 -0.1133 -0.2822
vn 0.9212 -0.3184 -0.2236
vn 0.2420 0.1126 -0.9637
vn 0.3777 -0.4529 0.8076
vn 0.9089 -0.1276 0.3969
vn -0.6762 0.1308 -0.7250
vn -0.5779 0.2096 -0.7887
vn -0.7005 -0.5270 -0.4812
vn -0.4870 0.2262 -0.8436
vn -0.6104 0.2600 -0.7482
vn 0.6486 0.2322 0.7249
vn 0.8660 -0.3755 0.3302
vn -0.6273 0.3863 -0.6763
vn -0.5994 0.5579 -0.5741
vn -0.0514 0.2224 -0.9736
vn 0.7715 -0.5797 -0.2623
vn 0.7138 -0.6610 -0.2314
vn -0.0244 0.9958 -0.0885
vn 0.4734 0.5532 0.6855
vn 0.1055 0.9400 0.3245
vn -0.5875 0.2828 -0.7581
vn -0.1305 0.9706 -0.2023
vn -0.5892 0.1743 -0.7890
vn 0.0743 -0.2118 -0.9745
vn -0.6993 0.1216 -0.7045
vn -0.6543 0.2161 -0.7247
vn 0.7459 -0.5246 0.4104
vn 0.3452 -0.0901 0.9342
vn -0.6799 0.3361 -0.6518
vn -0.6852 -0.2888 -0.6686
vn -0.7089 0.4757 -0.5208
vn -0.5516 0.7366 0.3913
vn 0.0005 0.5060 0.8625
vn -0.4028 0.4023 0.8221
vn -0.1511 -0.9616 -0.2293
vn 0.2193 -0.9153 0.3378
vn 0.1864 -0.9824 -0.0132
vn -0.6754 0.1795 -0.7153
vn -0.4471 -0.5968 -0.6663
vn -0.6259 0.1474 -0.7658
vn -0.8835 0.4622 0.0760
vn 0.4066 0.6996 -0.5876
vn 0.9159 0.3765 0.1394
vn -0.1731 0.8068 0.5649
vn -0.4294 0.9019 -0.0466
vn 0.1342 -0.5938 0.7933
vn 0.2570 0.9660 0.0275
vn 0.2239 0.9721 0.0698
vn -0.0446 -0.9154 -0.4000
vn -0.4321 0.8463 0.3115
vn 0.9305 0.2660 -0.2518
vn -0.5576 -0.8174 -0.1448
vn 0.3073 0.9488 0.0727
vn 0.4634 0.8843 0.0571
vn -0.7070 -0.5694 0.4195
vn 0.5204 0.5593 0.6453
vn -0.0512 0.7356 -0.6755
vn -0.4180 -0.1810 -0.8903
vn -0.4188 -0.4868 -0.7666
vn -0.3668 0.3490 -0.8624
vn 0.0554 -0.8573 0.5118
vn 0.0942 -0.7161 0.6916
vn 0.5153 0.1071 0.8503
vn 0.7626 -0.3857 -0.5194
vn 0.3555 -0.9196 -0.1671
vn 0.9687 0.0392 -0.2451
vn -0.9614 -0.2291 0.1524
vn -0.9699 -0.0927 0.2250
vn -0.8777 0.3690 0.3058
vn -0.8993 -0.1332 -0.4166
vn -0.8711 -0.3580 -0.3362
vn -0.7660 0.5992 -0.2328
vn -0.4246 -0.5835 0.6923
vn -0.6881 -0.4556 0.5648
vn -0.5168 0.3708 0.7716
vn 0.6462 -0.6851 0.3363
vn 0.5291 -0.7852 0.3216
vn 0.9351 0.1875 0.3008
vn 0.2591 -0.6547 -0.7101
vn 0.1190 -0.7458 -0.6555
vn 0.5890 0.3096 -0.7465
vn 0.3862 0.8887 -0.2473
vn 0.3555 0.9024 0.2436
vn 0.0276 0.9786 0.2041
vn -0.0710 0.9928 0.0961
vn 0.4872 0.8659 -0.1135
vn -0.0626 0.9883 0.1389
vn 0.1694 0.9551 -0.2432
vn 0.3884 0.8803 0.2724
vn 0.3281 0.9414 -0.0778
vn 0.3293 0.9283 0.1729
vn 0.2081 0.9209 0.3297
vn 0.4259 0.9046 -0.0165
vn 0.1462 0.9834 0.1078
vn 0.2157 0.9765 0.0018
vn 0.3695 0.9224 0.1127
vn -0.7538 -0.6248 0.2035
vn -0.6720 -0.4038 -0.6207
vn 0.0210 -0.8444 -0.5354
vn 0.0059 -0.9914 0.1306
vn -0.5487 -0.7937 -0.2626
vn 0.3155 -0.9225 0.2224
vn -0.9431 -0.0750 0.3240
vn 0.1135 -0.9371 -0.3302
vn 0.1379 -0.9680 -0.2096
vn -0.1663 -0.9418 -0.2922
vn 0.4989 0.8657 0.0411
vn 0.4733 0.8323 -0.2885
vn 0.5944 0.3076 -0.7430
vn 0.0257 -0.6125 -0.7901
vn 0.3080 -0.4179 -0.8547
vn 0.6280 0.5174 0.5813
vn 0.2474 -0.8059 0.5379
vn 0.0587 -0.7793 0.6239
vn 0.2301 0.9728 -0.0272
vn 0.3296 0.9421 0.0620
vn -0.2138 -0.9356 -0.2809
vn 0.3292 -0.7765 0.5372
vn 0.6755 0.6349 -0.3749
vn 0.0275 -0.8302 -0.5568
vn -0.2466 -0.9517 0.1831
vn 0.1775 0.9838 -0.0263
vn 0.1840 0.9761 0.1153
vn 0.1282 0.9855 -0.1111
vn 0.1648 0.9509 0.2618
vn -0.1291 0.3899 0.9118
vn -0.2785 -0.5976 0.7519
vn -0.2440 -0.7636 0.5978
vn -0.2265 0.6794 -0.6980
vn -0.7227 -0.3359 -0.6040
vn -0.8180 -0.3722 -0.4386
vn -0.2355 0.8622 -0.4485
vn -0.3061 -0.7005 0.6446
vn -0.4434 -0.8474 -0.2921
vn 0.2658 0.9590 0.0983
vn 0.2608 0.9653 0.0101
vn -0.0313 0.7930 0.6084
vn 0.2238 0.9734 -0.0496
vn 0.1830 -0.8831 -0.4320
vn 0.3127 0.9498 0.0143
vn -0.0306 -0.9717 -0.2344
vn -0.5598 -0.7924 -0.2425
vn -0.6090 -0.7332 -0.3024
vn 0.5385 0.8398 -0.0690
vn 0.0073 0.9528 -0.3036
vn -0.9408 -0.2454 -0.2338
vn -0.9299 -0.1675 -0.3274
vn 0.8319 0.1736 -0.5271
vn 0.3495 -0.8614 -0.3685
vn 0.7976 -0.3931 -0.4574
vn 0.3156 0.9489 -0.0069
vn 0.8119 0.3586 -0.4607
vn 0.2438 0.9694 0.0285
vn -0.3720 0.9081 -0.1922
vn 0.2741 0.9546 0.1169
vn -0.1570 -0.9513 -0.2652
vn 0.3084 0.9496 0.0559
vn -0.0747 -0.9640 -0.2550
vn -0.6561 -0.7411 0.1426
vn 0.1248 -0.9888 0.0821
vn 0.1647 -0.9613 -0.2210
vn -0.7151 -0.5574 0.4219
vn 0.4080 0.9122 0.0378
vn 0.0207 0.9562 0.2921
vn 0.5407 0.8408 0.0266
vn 0.9972 -0.0265 0.0695
vn 0.6717 -0.7408 -0.0018
vn 0.7061 -0.6937 0.1423
vn -0.7822 0.3199 0.5347
vn -0.8554 -0.0219 0.5175
vn -0.8533 -0.4437 0.2741
vn 0.2969 0.9514 0.0814
vn -0.3207 0.8874 0.3312
vn 0.2471 0.9671 0.0603
vn 0.8271 0.4831 0.2873
vn 0.1274 0.8688 0.4785
vn -0.6114 0.7747 -0.1612
vn 0.0255 0.4249 -0.9049
vn 0.7835 0.5355 -0.3151
vn -0.3261 -0.9419 0.0809
vn 0.0866 0.9436 -0.3197
vn 0.0985 0.9227 -0.3726
vn -0.0895 -0.7040 0.7045
vn 0.5011 0.4916 -0.7122
vn -0.6021 0.7079 0.3693
vn 0.2591 -0.9081 0.3290
vn 0.0198 0.9364 -0.3504
vn -0.1259 0.9516 -0.2803
vn -0.0036 -0.9970 -0.0772
vn -0.4616 0.5375 -0.7057
vn 0.5475 0.7003 0.4582
vn 0.4593 -0.3914 0.7974
vn 0.4388 -0.4160 0.7964
vn 0.6988 0.2484 0.6708
vn -0.5608 -0.7362 -0.3788
vn -0.5692 -0.7015 -0.4289
vn -0.6469 0.1583 -0.7460
vn -0.4552 -0.1430 0.8788
vn -0.5300 -0.6196 0.5789
vn -0.7285 0.5020 0.4661
vn 0.4915 -0.8404 -0.2284
vn 0.5825 -0.7788 -0.2329
vn 0.7514 -0.1642 -0.6390
vn 0.7213 -0.5875 0.3668
vn 0.7307 -0.6092 0.3081
vn 0.9653 0.2347 -0.1142
vn -0.1013 -0.7908 -0.6036
vn 0.2231 -0.6841 -0.6944
vn 0.2154 -0.0146 -0.9764
vn -0.8789 -0.4524 0.1513
vn -0.7678 -0.6341 0.0915
vn -0.8374 0.5072 -0.2038
vn -0.1360 -0.4503 0.8825
vn -0.0648 -0.4417 0.8948
vn -0.0842 0.6056 0.7913
vn 0.1205 0.9914 0.0502
vn -0.1025 0.8631 -0.4945
vn -0.0257 0.7755 -0.6308
vn 0.3428 0.8139 -0.4691
vn -0.0835 0.9929 -0.0847
vn 0.3144 0.8013 -0.5089
vn 0.2753 0.9606 -0.0377
vn -0.1466 0.8489 -0.5079
vn 0.0629 0.9810 -0.1836
vn -0.0924 0.9400 -0.3283
vn 0.1978 0.7992 -0.5675
vn -0.0581 0.9745 -0.2169
vn 0.1510 0.8894 -0.4315
vn 0.1183 0.9551 -0.2716
vn -0.0569 0.9274 -0.3697
vn 0.1381 -0.9493 0.2824
vn -0.3511 -0.9049 0.2408
vn 0.3000 -0.8469 0.4390
vn -0.3220 -0.8896 0.3240
vn 0.2307 -0.9689 0.0897
vn -0.2761 -0.8669 0.4151
vn -0.1325 -0.9875 0.0853
vn -0.2257 -0.8892 0.3980
vn -0.0501 0.9016 -0.4296
vn -0.1556 0.9557 -0.2499
vn -0.0093 0.9927 0.1206
vn -0.1004 0.2548 0.9618
vn 0.0901 -0.3440 0.9346
vn -0.0467 -0.3009 0.9525
vn -0.5405 0.5651 -0.6233
vn -0.7681 -0.5563 -0.3169
vn -0.5736 -0.7081 -0.4117
vn 0.1351 0.9534 -0.2696
vn 0.0033 0.9431 -0.3325
vn -0.0082 -0.8222 0.5691
vn -0.1512 -0.9884 0.0168
vn -0.2137 0.9191 0.3311
vn -0.0884 -0.9865 0.1378
vn 0.1832 0.9408 -0.2853
vn 0.1138 0.8963 -0.4287
vn 0.2635 0.9428 -0.2041
vn 0.2082 0.7210 -0.6610
vn -0.1189 0.1225 -0.9853
vn -0.2441 -0.8192 -0.5190
vn -0.2783 -0.7504 -0.5995
vn 0.6746 0.5762 0.4615
vn 0.6778 -0.4594 0.5740
vn 0.6295 -0.6746 0.3856
vn 0.7842 0.5547 0.2782
vn -0.0994 -0.9933 0.0593
vn 0.2081 -0.8378 0.5047
vn 0.0471 0.9202 -0.3887
vn 0.0906 0.9495 -0.3003
vn 0.1601 0.5852 -0.7949
vn 0.1504 0.9573 -0.2470
vn 0.0829 -0.8484 0.5228
vn 0.0399 0.9566 -0.2886
vn -0.1657 -0.8279 0.5359
vn -0.1882 -0.7954 0.5760
vn 0.3209 -0.8798 0.3507
vn -0.0007 -0.8490 0.5284
vn 0.1831 -0.8957 0.4051
vn 0.2090 0.9201 -0.3312
vn -0.1543 0.9814 -0.1140
vn 0.4406 0.8977 -0.0024
vn 0.8042 -0.5746 0.1521
vn 0.6862 -0.7216 0.0921
vn -0.4291 0.5874 0.6861
vn -0.3849 -0.6027 0.6990
vn -0.4956 -0.4988 0.7110
vn 0.0460 0.9631 -0.2652
vn -0.3847 0.7402 0.5514
vn 0.0984 0.9407 -0.3246
vn 0.7101 0.6778 -0.1907
vn 0.0311 0.9141 -0.4043
vn 0.0260 0.9425 -0.3331
vn -0.2878 -0.8810 0.3756
vn 0.2882 -0.9350 0.2066
vn -0.3105 -0.9168 0.2513
vn 0.1430 -0.9686 0.2031
vn -0.0625 0.9577 -0.2809
vn 0.1664 0.7611 -0.6269
vn -0.1934 0.9568 -0.2173
vn -0.9044 0.4036 0.1381
vn -0.8950 -0.2190 0.3885
vn -0.8176 -0.5635 0.1183
vn 0.5309 -0.1345 -0.8367
vn 0.3016 -0.8618 -0.4078
vn 0.4949 -0.7658 -0.4107
vn 0.0257 0.9317 -0.3624
vn 0.4095 0.5636 -0.7174
vn 0.0814 0.9308 -0.3563
vn -0.6382 0.7053 -0.3086
vn -0.1336 -0.9737 0.1845
vn 0.7750 -0.5964 -0.2092
vn 0.1940 -0.3522 -0.9156
vn -0.6649 -0.5697 -0.4831
vn 0.2288 0.9347 0.2722
vn 0.0330 -0.8575 -0.5134
vn 0.0315 -0.8232 -0.5669
vn -0.0970 0.4767 0.8737
vn -0.2905 -0.4098 -0.8647
vn 0.5583 -0.7751 0.2960
vn -0.3681 0.7797 0.5065
vn 0.1027 -0.8336 -0.5428
vn 0.2284 -0.8544 -0.4667
vn -0.0326 0.9931 0.1126
vn 0.5971 -0.2022 -0.7762
vn -0.4880 -0.8370 0.2476
vn -0.5704 0.0651 0.8188
vn -0.5707 0.0480 0.8198
vn -0.6749 -0.5387 0.5043
vn 0.5919 0.7576 -0.2750
vn 0.5028 0.8354 -0.2221
vn 0.7035 0.2085 -0.6794
vn 0.3540 -0.3083 0.8830
vn 0.3667 0.5215 0.7704
vn 0.6599 -0.6086 0.4407
vn -0.4983 0.8392 -0.2177
vn -0.5633 0.8174 -0.1204
vn -0.6261 0.2517 -0.7380
vn -0.9185 0.1773 0.3536
vn -0.8600 0.3293 0.3898
vn -0.9031 -0.3645 -0.2269
vn 0.1827 0.8129 -0.5529
vn -0.0980 0.8449 -0.5259
vn -0.0075 0.3344 -0.9424
vn 0.9091 0.3753 0.1810
vn 0.6509 0.7149 0.2554
vn 0.9078 -0.3221 -0.2687
vn -0.0878 -0.0219 0.9959
vn -0.1494 0.1741 0.9733
vn -0.0415 -0.7986 0.6005
vn -0.0664 -0.9875 -0.1428
vn 0.2479 -0.6930 -0.6770
vn 0.1970 -0.5607 -0.8043
vn -0.1633 -0.8379 -0.5208
vn 0.1462 -0.9515 -0.2708
vn -0.1551 -0.6919 -0.7051
vn -0.1894 -0.9546 -0.2300
vn 0.2928 -0.6662 -0.6859
vn 0.0295 -0.9265 -0.3751
vn 0.2061 -0.8311 -0.5165
vn -0.0307 -0.6492 -0.7600
vn 0.1664 -0.8929 -0.4185
vn -0.0083 -0.7792 -0.6267
vn -0.0059 -0.8852 -0.4651
vn 0.1801 -0.8092 -0.5592
vn -0.4330 0.6719 0.6009
vn 0.1908 0.8206 0.5387
vn -0.2878 0.9196 0.2674
vn 0.1320 0.7803 0.6113
vn 0.2506 -0.8651 -0.4346
vn 0.0354 -0.9970 -0.0693
vn -0.0764 -0.5500 0.8317
vn -0.2788 -0.0186 0.9602
vn -0.1577 -0.2643 0.9515
vn 0.6641 -0.2515 -0.7041
vn 0.6745 0.7240 -0.1445
vn 0.5744 0.7412 -0.3474
vn -0.0222 -0.8860 -0.4632
vn 0.1150 -0.8437 -0.5243
vn -0.1542 0.6399 0.7529
vn 0.0819 0.9744 0.2092
vn 0.1425 -0.9445 0.2961
vn -0.0606 -0.8818 -0.4677
vn 0.0270 -0.7816 -0.6231
vn -0.1781 -0.8855 -0.4292
vn -0.0259 -0.5345 -0.8447
vn 0.2903 0.2474 -0.9244
vn 0.2494 0.9218 -0.2968
vn 0.3004 0.7968 -0.5243
vn -0.6014 -0.7531 0.2667
vn -0.7717 0.1391 0.6206
vn -0.8025 0.3156 0.5063
vn -0.6872 -0.7181 0.1103
vn 0.0411 0.9663 0.2542
vn 0.0838 -0.8091 -0.5817
vn 0.0255 -0.8692 -0.4938
vn 0.0408 -0.3277 -0.9439
vn -0.0405 -0.8969 -0.4404
vn 0.0715 -0.8738 -0.4810
vn 0.0199 0.6406 0.7676
vn -0.4330 0.7349 0.5219
vn 0.1559 -0.9580 -0.2408
vn -0.3418 -0.9200 -0.1918
vn -0.8121 0.4913 0.3150
vn -0.8563 0.4972 0.1397
vn 0.2875 -0.7632 0.5787
vn 0.1986 0.4294 0.8810
vn 0.4334 -0.2849 0.8550
vn 0.2716 -0.8977 0.3470
vn 0.0227 -0.8548 -0.5185
vn -0.5863 -0.7242 -0.3630
vn 0.1021 -0.7959 -0.5968
vn 0.0934 -0.8456 -0.5255
vn -0.3707 0.8466 0.3819
vn 0.1899 0.8756 0.4441
vn 0.0933 -0.7044 -0.7036
vn 0.1557 -0.8390 -0.5214
vn -0.0400 -0.6369 -0.7699
vn 0.2803 -0.8728 -0.3996
vn 0.9288 -0.3487 0.1256
vn 0.6161 0.5083 0.6017
vn 0.8542 0.4759 0.2094
vn -0.3450 0.3756 -0.8602
vn -0.2367 0.9398 -0.2465
vn -0.4672 0.7424 -0.4801
vn 0.0993 -0.8259 -0.5549
vn -0.2514 -0.3359 -0.9077
vn 0.0448 -0.8338 -0.5502
vn 0.7355 -0.5234 -0.4303
vn 0.5237 0.8399 -0.1428
vn -0.3815 0.9240 0.0262
vn -0.4499 0.2808 -0.8478
vn 0.3716 0.3117 -0.8745
vn -0.3410 -0.7285 0.5942
vn 0.0733 0.7797 -0.6219
vn 0.0481 0.7540 -0.6551
vn 0.1955 -0.5451 0.8153
vn 0.0380 0.2850 -0.9578
vn -0.0314 0.9562 0.2909
vn 0.1546 -0.8809 0.4473
vn 0.0147 0.7948 -0.6067
vn -0.0337 0.8674 -0.4964
vn -0.2433 -0.9006 0.3601
vn -0.6434 0.6083 -0.4648
vn 0.7610 0.5656 -0.3178
vn 0.9151 -0.2490 0.3171
vn 0.7318 -0.4674 0.4960
vn 0.9876 0.1341 -0.0817
vn -0.8407 -0.4291 0.3302
vn -0.7567 -0.5536 0.3477
vn -0.9372 0.2797 -0.2082
vn 0.1602 0.4210 0.8928
vn -0.1471 -0.3323 0.9316
vn -0.1035 0.8521 0.5130
vn -0.0025 -0.9842 -0.1768
vn 0.0761 -0.9884 -0.1316
vn 0.0974 -0.4942 -0.8639
vn 0.7075 -0.6988 -0.1053
vn 0.5545 -0.8301 0.0585
vn 0.6480 -0.1121 -0.7534
vn -0.6673 -0.7263 -0.1648
vn -0.4130 -0.8695 -0.2708
vn -0.4816 -0.2759 -0.8318
vn -0.6773 0.1100 0.7275
vn -0.5716 -0.3406 0.7465
vn -0.5975 0.7920 0.1251
vn 0.4376 -0.1191 0.8913
vn 0.4088 -0.2845 0.8672
vn 0.5563 0.7766 0.2955
vn 0.2588 0.8720 -0.4156
vn -0.1586 0.7693 -0.6189
vn -0.2099 0.6563 -0.7247
vn 0.1254 0.5743 -0.8090
vn 0.1053 0.9054 -0.4112
vn 0.0837 0.5691 -0.8180
vn 0.3364 0.7650 -0.5492
vn -0.1986 0.7736 -0.6017
vn 0.1380 0.8317 -0.5379
vn -0.0835 0.7794 -0.6209
vn -0.0225 0.6011 -0.7989
vn 0.0467 0.8662 -0.4974
vn 0.0420 0.7037 -0.7092
vn 0.1200 0.7827 -0.6107
vn -0.0450 0.8140 -0.5791
vn 0.2605 -0.8389 0.4779
vn -0.2032 -0.6582 0.7249
vn -0.0089 -0.9427 0.3334
vn -0.1231 -0.6451 0.7541
vn -0.0346 0.8850 -0.4643
vn -0.1524 0.7798 -0.6073
vn 0.2583 0.9090 -0.3271
vn 0.5513 0.7792 0.2981
vn 0.5837 -0.2365 0.7767
vn 0.6047 0.1015 0.7899
vn -0.6371 0.6759 -0.3705
vn -0.8101 -0.3425 0.4759
vn -0.8700 -0.4256 0.2490
vn 0.1308 0.7759 -0.6172
vn 0.0156 0.8077 -0.5894
vn 0.1397 -0.6880 0.7121
vn -0.2787 -0.8293 0.4844
vn 0.2401 0.9681 -0.0710
vn 0.1491 0.7481 -0.6466
vn 0.0220 0.7224 -0.6911
vn 0.2397 0.7328 -0.6368
vn -0.0868 0.5216 -0.8488
vn -0.7101 -0.0028 -0.7041
vn -0.6149 -0.7719 0.1614
vn -0.7565 -0.6499 -0.0732
vn 0.8415 0.4186 -0.3416
vn 0.7439 -0.6352 0.2075
vn 0.6232 -0.7707 0.1327
vn 0.6522 0.4861 -0.5816
vn -0.2268 -0.8443 0.4854
vn 0.2403 -0.7891 0.5653
vn 0.0075 0.7686 -0.6396
vn 0.0872 0.7849 -0.6134
vn -0.2344 0.4017 -0.8853
vn 0.1525 0.7762 -0.6118
vn 0.0641 0.8095 -0.5837
vn 0.0342 -0.6004 0.7990
vn 0.2142 -0.8816 0.4205
vn 0.0449 0.9196 -0.3903
vn 0.4450 0.6709 -0.5932
vn 0.5188 -0.8482 -0.1070
vn 0.4469 -0.8817 -0.1514
vn 0.2553 0.8622 0.4375
vn 0.0199 -0.3501 0.9365
vn 0.0839 0.4344 0.8968
vn 0.0815 0.8147 -0.5741
vn 0.2303 0.9426 0.2418
vn 0.0773 0.7729 -0.6299
vn 0.4841 0.3809 -0.7878
vn -0.0122 0.7682 -0.6401
vn 0.0291 0.7990 -0.6006
vn 0.0983 -0.9259 0.3646
vn -0.2389 -0.6918 0.6815
vn 0.0063 0.8482 -0.5296
vn -0.0850 0.5742 -0.8143
vn -0.0400 0.9039 -0.4259
vn -0.4568 0.7676 0.4497
vn -0.3541 -0.1887 0.9159
vn -0.6596 -0.0151 0.7514
vn -0.1828 -0.4885 -0.8532
vn -0.2202 -0.9743 -0.0471
vn -0.0803 -0.9010 -0.4264
vn 0.0109 0.7878 -0.6158
vn -0.0233 0.3030 -0.9527
vn 0.0480 0.7679 -0.6388
vn -0.4571 0.8758 -0.1552
vn -0.3007 0.4700 -0.8298
vn 0.7461 0.3325 -0.5769
vn 0.4039 0.7386 0.5398
vn -0.4985 0.8506 0.1673
vn 0.2698 -0.8765 0.3987
vn 0.0824 0.9523 -0.2938
vn 0.0956 0.9689 -0.2284
vn -0.2634 -0.9393 -0.2199
vn -0.1489 0.8990 0.4119
vn 0.4162 0.1484 -0.8971
vn -0.4517 -0.8022 0.3905
vn 0.1689 0.9427 -0.2877
vn 0.2878 0.8636 -0.4140
vn 0.0196 -0.7357 0.6770
vn 0.8111 0.5727 0.1193
vn -0.6645 0.4804 -0.5724
vn -0.8093 -0.5238 -0.2657
vn -0.8115 -0.5134 -0.2792
vn -0.8900 0.1308 -0.4369
vn 0.7694 -0.4245 0.4774
vn 0.6733 -0.5001 0.5446
vn 0.9306 0.2061 0.3026
vn 0.1452 -0.4507 -0.8808
vn 0.2542 -0.9175 -0.3057
vn 0.4739 -0.0534 -0.8789
vn -0.3802 -0.2519 0.8900
vn -0.4619 -0.2886 0.8387
vn -0.4088 0.4150 0.8128
vn -0.9486 -0.1565 0.2751
vn -0.8658 -0.3476 0.3601
vn -0.8196 0.5086 0.2638
vn 0.3882 -0.1697 0.9058
vn 0.0732 -0.1419 0.9872
vn 0.2157 0.4469 0.8682
vn 0.8397 -0.4904 -0.2334
vn 0.6664 -0.7444 0.0419
vn 0.8931 0.1842 -0.4104
vn -0.3117 -0.6805 -0.6631
vn -0.3606 -0.7634 -0.5359
vn -0.2362 0.0923 -0.9673
vn -0.1231 0.7828 -0.6100
vn 0.3728 0.9151 -0.1539
vn 0.3555 0.9326 0.0617
vn -0.1170 0.9929 0.0231
vn 0.1444 0.7979 -0.5852
vn -0.0690 0.9960 0.0573
vn -0.2380 0.8531 -0.4643
vn 0.4263 0.8923 -0.1484
vn 0.0415 0.8954 -0.4434
vn 0.2774 0.8939 -0.3522
vn 0.0827 0.9941 0.0702
vn 0.1842 0.8699 -0.4575
vn 0.0679 0.9888 -0.1327
vn 0.0256 0.9433 -0.3309
vn 0.2607 0.9196 -0.2938
vn -0.1199 -0.9492 0.2911
vn -0.5504 -0.7914 0.2661
vn 0.1616 -0.9732 0.1633
vn -0.2964 -0.7284 0.6177
vn 0.0726 -0.9937 0.0850
vn 0.3030 0.8383 -0.4533
vn -0.0265 0.7037 -0.7100
vn -0.2300 0.0913 -0.9689
vn -0.5245 -0.6360 -0.5660
vn -0.3987 -0.4809 -0.7809
vn 0.8491 0.5282 0.0006
vn 0.8060 -0.5019 0.3136
vn 0.7697 -0.3593 0.5277
vn 0.0070 0.9457 -0.3249
vn 0.1776 0.9325 -0.3144
vn -0.2897 -0.9570 0.0147
vn 0.1245 -0.8284 0.5461
vn 0.0748 0.4712 -0.8789
vn -0.0360 0.9581 -0.2843
vn 0.1065 0.9823 -0.1542
vn -0.1554 0.9334 -0.3233
vn 0.1150 0.9706 0.2113
vn 0.5464 0.4538 0.7040
vn 0.4202 -0.4506 0.7877
vn 0.5166 -0.2084 0.8304
vn -0.7759 0.4288 -0.4628
vn -0.9315 -0.3630 0.0243
vn -0.8970 -0.3756 0.2329
vn -0.6671 0.6775 -0.3099
vn 0.0538 -0.8422 0.5365
vn -0.4894 -0.8560 0.1667
vn 0.1587 0.9596 -0.2322
vn 0.0686 0.9472 -0.3132
vn 0.2250 0.8884 0.4001
vn -0.0196 0.9399 -0.3408
vn 0.1168 0.9303 -0.3476
vn -0.0970 -0.9923 -0.0771
vn -0.5255 -0.7642 0.3740
vn 0.2315 0.7808 -0.5803
vn -0.4093 0.8255 -0.3886
vn -0.8453 -0.2252 0.4845
vn -0.7937 -0.2084 0.5714
vn 0.1125 0.0147 -0.9935
vn 0.0544 -0.9244 -0.3776
vn 0.2232 -0.4522 -0.8635
vn 0.0987 0.9239 -0.3697
vn 0.1324 0.1887 -0.9731
vn 0.0722 0.9564 -0.2830
vn -0.5811 0.8138 -0.0058
vn 0.1837 0.9580 -0.2202
vn 0.1536 0.9400 -0.3048
vn -0.4160 -0.7447 0.5218
vn 0.1822 -0.9514 0.2483
vn 0.2213 0.8921 -0.3940
vn 0.1446 0.9797 0.1389
vn 0.3252 0.8059 -0.4947
vn 0.7757 -0.0512 -0.6290
vn 0.5158 -0.8035 -0.2972
vn 0.8304 -0.5180 -0.2051
vn -0.1365 0.3968 0.9077
vn -0.1216 -0.3645 0.9232
vn -0.2982 -0.0310 0.9540
vn 0.1685 0.9475 -0.2716
vn -0.0712 0.9027 0.4243
vn 0.1059 0.9611 -0.2550
vn 0.7941 0.4622 -0.3947
vn 0.7206 0.1708 0.6720
vn -0.1072 0.5531 0.8262
vn 0.0788 0.9849 -0.1542
vn 0.7980 0.5862 -0.1397
vn -0.7461 -0.5601 -0.3602
vn 0.5437 0.7420 0.3922
vn 0.5313 0.7698 0.3538
vn -0.3460 -0.9335 -0.0939
vn 0.5460 0.8130 -0.2026
vn 0.0765 0.1839 0.9800
vn -0.2942 -0.7716 -0.5640
vn 0.4906 0.7675 0.4126
vn 0.4165 0.7395 0.5288
vn -0.5975 -0.5053 -0.6226
vn -0.1815 0.9314 0.3156
vn 0.9353 0.0668 0.3476
vn 0.5705 -0.8184 -0.0692
vn 0.2774 -0.9443 -0.1768
vn 0.9117 -0.4031 0.0794
vn -0.9749 0.0207 -0.2215
vn -0.9425 -0.0866 -0.3229
vn -0.6320 0.7608 0.1477
vn -0.1717 -0.5836 0.7936
vn -0.6385 -0.7552 0.1486
vn -0.1134 0.0132 0.9935
vn -0.1651 -0.2630 -0.9506
vn -0.1201 -0.3398 -0.9328
vn 0.3595 0.3973 -0.8444
vn 0.4772 -0.5741 -0.6654
vn 0.2386 -0.6696 -0.7034
vn 0.8720 0.1795 -0.4555
vn -0.6724 0.1810 -0.7178
vn -0.4425 0.0693 -0.8941
vn -0.0939 0.7651 -0.6370
vn -0.8854 -0.1455 0.4414
vn -0.9163 -0.3969 0.0536
vn -0.3695 0.5392 0.7568
vn -0.0692 -0.9458 0.3172
vn -0.1237 -0.9793 0.1602
vn 0.5300 -0.2005 0.8240
vn 0.6292 0.5272 0.5711
vn 0.3424 0.8574 0.3844
vn 0.3195 0.9180 0.2348
vn 0.6235 0.7721 0.1226
vn 0.5048 0.6180 0.6027
vn 0.5909 0.7987 0.1137
vn 0.7304 0.5435 0.4136
vn 0.3014 0.8672 0.3964
vn 0.5728 0.6661 0.4777
vn 0.4097 0.8235 0.3924
vn 0.4996 0.8530 0.1510
vn 0.4850 0.6976 0.5273
vn 0.5385 0.7934 0.2839
vn 0.5790 0.7104 0.4001
vn 0.4318 0.7859 0.4427
vn -0.2077 -0.8332 -0.5125
vn -0.6717 -0.7021 -0.2363
vn -0.3960 -0.6253 -0.6724
vn -0.6138 -0.7608 -0.2110
vn 0.4052 0.7230 0.5596
vn 0.5970 0.4761 0.6457
vn 0.5252 -0.1988 0.8275
vn 0.0790 -0.9840 0.1596
vn 0.1748 -0.8687 0.4635
vn -0.2030 0.8846 0.4198
vn -0.9947 -0.0696 -0.0762
vn -0.9614 0.0984 -0.2569
vn 0.5895 0.7068 0.3911
vn 0.4866 0.7592 0.4322
vn -0.3813 -0.8845 -0.2686
vn -0.6673 -0.5512 -0.5009
vn 0.4779 0.3175 0.8190
vn 0.6118 0.7081 0.3526
vn 0.5178 0.7978 0.3089
vn 0.6806 0.6470 0.3438
vn 0.4482 0.8921 0.0573
vn -0.2796 0.8994 -0.3359
vn -0.7899 -0.1094 -0.6034
vn -0.7716 0.1900 -0.6071
vn 0.9782 -0.0169 0.2068
vn 0.3794 -0.8021 -0.4612
vn 0.2775 -0.7373 -0.6159
vn 0.9449 0.2896 0.1527
vn -0.6274 -0.5852 -0.5137
vn -0.2529 -0.8681 -0.4272
vn 0.4931 0.7854 0.3740
vn 0.5529 0.7305 0.4008
vn 0.3096 0.9486 -0.0655
vn 0.6056 0.6915 0.3939
vn 0.5256 0.7302 0.4365
vn -0.4895 -0.8589 -0.1504
vn -0.2313 -0.7831 -0.5773
vn 0.6102 0.7291 0.3098
vn 0.4472 0.6397 0.6251
vn 0.8198 0.4815 0.3099
vn 0.2802 -0.5341 -0.7977
vn 0.2312 -0.4765 -0.8482
vn 0.2294 -0.1144 0.9666
vn -0.5030 -0.8537 0.1352
vn -0.2352 -0.5412 0.8074
vn 0.5373 0.7161 0.4457
vn 0.3186 0.0778 0.9447
vn 0.5491 0.7432 0.3824
vn 0.8709 0.4900 -0.0376
vn 0.4765 0.7959 0.3734
vn 0.5011 0.7571 0.4193
vn -0.3151 -0.6982 -0.6428
vn -0.6904 -0.6643 -0.2865
vn 0.4610 0.7357 0.4963
vn 0.4469 0.8865 0.1201
vn 0.3875 0.7046 0.5944
vn -0.4058 0.2121 0.8890
vn -0.7718 -0.5768 0.2676
vn -0.9126 -0.2232 0.3426
vn 0.1174 0.5387 -0.8343
vn -0.4078 -0.2419 -0.8804
vn -0.0952 -0.0014 -0.9955
vn 0.4898 0.7735 0.4022
vn 0.4960 0.8486 -0.1843
vn 0.5271 0.7632 0.3738
vn -0.0997 0.7093 0.6978
vn 0.7479 -0.6612 0.0586
vn -0.1255 -0.6019 0.7887
vn 0.0681 0.6837 0.7266
vn 0.8644 0.4944 0.0910
vn -0.9376 0.1201 -0.3263
vn 0.7240 -0.0468 0.6882
vn 0.7061 0.0288 0.7075
vn -0.4057 -0.4677 -0.7853
vn 0.5928 0.7029 0.3932
vn 0.0596 -0.9015 0.4285
vn -0.3580 0.2613 -0.8964
vn 0.6503 -0.0586 0.7574
vn 0.5367 -0.2431 0.8080
vn -0.7318 0.5048 -0.4580
vn -0.2024 0.1484 0.9680
vn 0.9155 -0.3303 -0.2296
vn 0.2699 -0.2788 -0.9216
vn 0.2813 -0.2884 -0.9153
vn 0.7710 -0.2463 -0.5873
vn -0.9110 0.2308 0.3419
vn -0.9280 0.2960 0.2263
vn -0.5513 0.2017 0.8095
vn -0.1478 -0.9827 -0.1113
vn -0.7126 -0.6217 -0.3252
vn -0.1103 -0.9292 0.3527
vn -0.1497 0.8727 -0.4648
vn -0.1060 0.8285 -0.5499
vn 0.3106 0.9449 -0.1033
vn 0.4444 0.3727 -0.8146
vn 0.2531 0.3999 -0.8809
vn 0.7819 0.5178 -0.3472
vn -0.6035 0.7776 0.1762
vn -0.4006 0.9148 -0.0525
vn -0.0831 0.9202 0.3826
vn -0.7908 -0.4866 0.3713
vn -0.9562 -0.2760 0.0976
vn -0.3570 -0.4896 0.7955
vn -0.0574 -0.7931 -0.6064
vn -0.1151 -0.6959 -0.7088
vn 0.4678 -0.8781 -0.1003
vn 0.7845 -0.4285 0.4483
vn 0.4313 0.0445 0.9011
vn 0.3867 0.2855 0.8769
vn 0.7851 0.3453 0.5142
vn 0.6402 -0.4224 0.6416
vn 0.7422 0.3747 0.5557
vn 0.9176 -0.2040 0.3412
vn 0.3716 0.0338 0.9278
vn 0.7541 -0.2225 0.6179
vn 0.5499 -0.1643 0.8189
vn 0.6298 0.3633 0.6866
vn 0.6326 -0.2713 0.7254
vn 0.7093 0.1459 0.6896
vn 0.7699 -0.0805 0.6330
vn 0.5647 -0.0889 0.8205
vn -0.2393 0.1452 -0.9600
vn -0.8675 -0.1467 -0.4754
vn -0.4819 0.4993 -0.7201
vn -0.7954 -0.2234 -0.5634
vn 0.5168 -0.2959 0.8034
vn 0.7191 -0.5452 0.4308
vn 0.4635 -0.8809 -0.0962
vn 0.0871 -0.6531 -0.7522
vn 0.1581 -0.8229 -0.5458
vn -0.2248 0.0099 0.9744
vn -0.9424 0.0425 0.3318
vn -0.8781 0.2968 0.3754
vn 0.7833 -0.0697 0.6177
vn 0.6442 -0.0930 0.7592
vn -0.4798 -0.2243 -0.8482
vn -0.8451 0.3216 -0.4271
vn 0.4820 -0.8411 0.2454
vn 0.8106 -0.0129 0.5855
vn 0.6835 0.1133 0.7211
vn 0.8854 -0.0420 0.4630
vn 0.5379 0.4950 0.6824
vn -0.2518 0.7197 0.6470
vn -0.7988 0.5996 0.0490
vn -0.6934 0.6737 0.2556
vn 0.9139 -0.2142 -0.3448
vn 0.3744 0.0732 -0.9244
vn 0.2899 0.2715 -0.9177
vn 0.9915 -0.0132 -0.1292
vn -0.8050 0.3214 -0.4988
vn -0.3026 0.0084 -0.9531
vn 0.6533 0.0104 0.7570
vn 0.7362 -0.0674 0.6734
vn 0.3361 0.6337 0.6968
vn 0.8026 -0.0842 0.5905
vn 0.6982 -0.1198 0.7058
vn -0.6156 -0.3675 -0.6971
vn -0.2694 0.2651 -0.9258
vn 0.5609 -0.4365 0.7034
vn 0.9802 -0.0981 0.1722
vn 0.2818 0.5463 -0.7888
vn 0.2357 0.6274 -0.7422
vn 0.1962 -0.9729 0.1226
vn -0.5608 -0.6669 -0.4907
vn -0.2030 -0.9777 -0.0541
vn 0.7132 -0.1429 0.6863
vn 0.2936 -0.9260 0.2373
vn 0.7313 -0.0316 0.6814
vn 0.9467 0.3220 0.0089
vn 0.6294 0.0187 0.7769
vn 0.6651 -0.0757 0.7429
vn -0.3789 0.4121 -0.8286
vn -0.8930 -0.0506 -0.4472
vn 0.6036 -0.2014 0.7714
vn 0.5496 0.4195 0.7225
vn 0.4867 -0.3532 0.7990
vn -0.3665 -0.7341 0.5716
vn -0.7946 -0.6054 -0.0450
vn -0.8123 -0.4669 0.3494
vn 0.1014 0.9910 0.0874
vn -0.4111 0.8481 -0.3344
vn -0.0758 0.9595 -0.2713
vn 0.6492 -0.0391 0.7596
vn 0.5399 0.7057 0.4588
vn 0.7012 -0.0050 0.7130
vn -0.1239 -0.3988 0.9086
vn 0.6004 0.6769 -0.4258
vn -0.1476 0.7853 0.6013
vn -0.6556 0.7549 0.0189
vn -0.2723 0.4963 -0.8244
vn -0.1017 -0.8501 0.5168
vn 0.0405 0.8091 -0.5863
vn -0.1738 0.9508 -0.2564
vn 0.5755 -0.8107 0.1076
vn -0.6336 0.6319 -0.4463
vn 0.8084 0.5340 0.2476
vn 0.1042 -0.9921 -0.0699
vn -0.1415 0.9710 -0.1929
vn 0.2219 0.8777 -0.4247
vn -0.2917 -0.9132 0.2845
vn -0.5555 0.6958 0.4553
vn 0.5076 0.4808 -0.7150
vn 0.8434 -0.3779 -0.3819
vn 0.7337 -0.2553 -0.6296
vn 0.6082 0.0492 -0.7923
vn -0.0770 -0.3928 0.9164
vn -0.7151 0.0147 0.6989
vn -0.6306 0.3310 0.7020
vn 0.9574 0.0005 0.2887
vn 0.5127 -0.6635 0.5449
vn 0.7037 0.5467 0.4538
vn -0.4868 -0.8587 -0.1602
vn -0.6079 -0.6939 -0.3860
vn -0.8273 -0.0969 -0.5533
vn 0.1892 -0.7853 -0.5896
vn 0.1645 -0.5182 -0.8393
vn -0.1517 0.1389 -0.9786
vn -0.6633 -0.6265 0.4093
vn -0.9484 -0.3048 0.0878
vn -0.9929 0.1104 0.0453
vn 0.1070 -0.1270 0.9861
vn 0.0122 -0.5317 0.8468
vn -0.0193 0.6760 0.7367
vn 0.8984 -0.4379 -0.0328
vn 0.7875 -0.6156 -0.0299
vn 0.8619 0.4352 -0.2602
vn 0.4644 0.7402 -0.4863
vn -0.4558 0.8687 0.1939
vn -0.4700 0.8819 -0.0370
vn -0.1475 0.8868 -0.4380
vn 0.4123 0.8570 -0.3091
vn -0.3652 0.8424 -0.3961
vn 0.1506 0.8618 -0.4844
vn -0.3138 0.9492 0.0255
vn 0.3449 0.6433 -0.6835
vn -0.1091 0.9894 -0.0957
vn -0.5112 0.8272 -0.2334
vn 0.2305 0.8184 -0.5264
vn -0.0034 0.9893 -0.1457
vn -0.5686 0.7205 -0.3970
vn 0.0402 0.9345 -0.3536
vn -0.5312 0.8448 -0.0637
vn -0.1530 -0.8969 -0.4149
vn 0.5346 -0.6149 0.5798
vn -0.0414 -0.5525 0.8325
vn 0.2230 -0.9619 -0.1582
vn 0.1728 -0.8715 0.4591
vn -0.1518 -0.9878 0.0339
vn 0.2459 -0.8846 0.3964
vn -0.2800 0.9597 -0.0241
vn 0.0894 0.9133 -0.3973
vn -0.3968 0.8845 0.2453
vn 0.4138 0.8173 -0.4010
vn 0.8625 0.4371 -0.2550
vn 0.8471 -0.4858 -0.2154
vn 0.9567 -0.2286 -0.1803
vn -0.4633 0.7275 0.5061
vn -0.3499 -0.3677 0.8616
vn -0.5538 -0.3282 0.7652
vn -0.0616 0.6813 -0.7294
vn -0.1202 0.9756 -0.1836
vn 0.3968 -0.9126 0.0980
vn -0.1874 -0.9017 0.3895
vn 0.6533 0.7427 -0.1468
vn 0.2976 -0.9495 0.0991
vn -0.5199 -0.7351 0.4351
vn -0.0076 0.8698 -0.4934
vn -0.4494 0.8505 -0.2731
vn -0.0504 0.8856 -0.4616
vn -0.5382 0.8087 -0.2374
vn -0.9126 0.2737 0.3038
vn -0.7623 -0.3818 0.5226
vn -0.6081 -0.5820 0.5399
vn 0.4811 0.3645 -0.7973
vn 0.3402 -0.3696 -0.8646
vn 0.1722 -0.8618 -0.4771
vn 0.3150 0.3729 -0.8728
vn -0.1485 -0.9244 0.3513
vn 0.3084 -0.9473 -0.0864
vn -0.1870 0.9608 -0.2049
vn 0.1921 0.8587 -0.4752
vn -0.7057 0.6986 -0.1181
vn -0.0419 0.9400 -0.3385
vn 0.6372 -0.6909 -0.3415
vn -0.0750 0.9702 -0.2304
vn 0.4268 -0.8663 0.2595
vn 0.1288 -0.9813 -0.1428
vn 0.5017 -0.6580 0.5615
vn 0.2886 -0.7714 -0.5671
vn -0.1708 0.9839 0.0522
vn -0.1086 0.7197 -0.6857
vn 0.3927 0.9131 -0.1098
vn 0.1560 0.7729 -0.6150
vn -0.1548 -0.5650 -0.8104
vn -0.1611 -0.8575 -0.4885
vn 0.8565 0.5123 0.0633
vn 0.6307 -0.6834 0.3678
vn 0.9292 0.0165 0.3691
vn 0.6939 0.7200 -0.0078
vn -0.1468 0.9364 -0.3187
vn -0.0971 0.6028 -0.7920
vn -0.3400 0.9394 -0.0437
vn -0.1280 -0.9271 0.3524
vn -0.1226 0.9712 -0.2042
vn -0.0313 -0.9978 -0.0585
vn 0.0685 -0.8798 0.4703
vn 0.2243 -0.6334 0.7406
vn -0.4746 -0.8344 -0.2802
vn -0.7681 0.6397 -0.0271
vn -0.1153 0.9827 -0.1446
vn -0.4323 0.8581 -0.2771
vn 0.0169 0.9993 -0.0338
vn 0.3459 0.5363 0.7699
vn 0.3960 -0.5075 0.7653
vn 0.0867 -0.2439 0.9659
vn -0.9639 -0.0670 -0.2577
vn -0.7249 -0.6888 -0.0071
vn -0.6706 -0.7237 -0.1629
vn -0.1547 0.9687 -0.1942
vn -0.6985 0.5997 -0.3905
vn -0.6736 0.7325 0.0984
vn -0.1057 0.7504 0.6525
vn -0.4291 0.7779 -0.4591
vn 0.5454 0.7043 -0.4544
vn 0.3872 0.6288 0.6743
vn -0.4664 0.7207 0.5129
vn 0.3348 -0.9415 -0.0385
vn -0.0418 0.9947 0.0945
vn -0.0238 0.9891 0.1456
vn -0.1786 -0.8688 -0.4618
vn -0.1338 0.7257 0.6749
vn 0.2246 0.6055 -0.7635
vn -0.2484 -0.9659 0.0729
vn 0.0269 0.9960 0.0850
vn 0.1085 0.9929 -0.0477
vn 0.1645 -0.9538 0.2512
vn 0.6964 0.6887 0.2019
vn -0.7348 0.6481 -0.2002
vn -0.9001 -0.2983 -0.3176
vn -0.7496 -0.5785 -0.3216
vn -0.9603 0.1905 -0.2039
vn 0.8296 -0.5432 0.1293
vn 0.7376 -0.6542 0.1671
vn 0.9393 0.2674 0.2148
vn 0.0301 -0.1004 -0.9945
vn 0.2379 -0.7603 -0.6044
vn 0.3064 0.4017 -0.8630
vn -0.1807 -0.6939 0.6970
vn -0.2565 -0.7187 0.6463
vn -0.2907 0.0435 0.9558
vn -0.8317 -0.4543 0.3192
vn -0.6928 -0.6598 0.2909
vn -0.7687 0.3134 0.5576
vn 0.5322 -0.5178 0.6698
vn 0.2410 -0.5670 0.7877
vn 0.3176 0.1660 0.9336
vn 0.7931 -0.3035 -0.5282
vn 0.6470 -0.6836 -0.3378
vn 0.7441 0.5262 -0.4116
vn -0.3374 -0.5147 -0.7882
vn -0.3435 -0.6454 -0.6822
vn -0.3931 0.4853 -0.7810
vn -0.1948 0.9626 -0.1884
vn 0.2087 0.9665 0.1494
vn 0.2277 0.9191 0.3214
vn -0.1606 0.9146 0.3712
vn -0.0230 0.9837 -0.1784
vn -0.1179 0.9125 0.3917
vn -0.3169 0.9482 -0.0225
vn 0.2549 0.9568 0.1398
vn -0.0905 0.9955 -0.0275
vn 0.1291 0.9832 0.1288
vn 0.0051 0.9250 0.3800
vn 0.0209 0.9977 -0.0642
vn -0.0339 0.9736 0.2258
vn -0.0905 0.9933 0.0719
vn 0.0994 0.9931 0.0616
vn -0.3496 -0.9369 -0.0030
vn 0.2186 -0.9484 -0.2297
vn -0.0991 -0.9637 0.2481
vn 0.1386 -0.9493 -0.2821
vn 0.1172 0.9893 -0.0871
vn -0.1737 0.9416 -0.2885
vn -0.3874 0.4857 -0.7836
vn -0.5218 -0.5435 -0.6576
vn -0.4746 -0.2746 -0.8363
vn 0.7142 0.6952 0.0810
vn 0.8355 -0.5474 -0.0483
vn 0.8431 -0.4987 0.2013
vn -0.1044 0.9914 0.0794
vn 0.0308 0.9976 0.0612
vn -0.1600 -0.9474 -0.2773
vn 0.2344 -0.9664 0.1059
vn -0.1036 0.8369 -0.5374
vn -0.1334 0.9840 0.1185
vn -0.0062 0.9792 0.2029
vn -0.2325 0.9677 0.0978
vn 0.0533 0.8744 0.4823
vn 0.6070 0.3038 0.7343
vn 0.5344 -0.7326 0.4216
vn 0.6463 -0.5077 0.5697
vn -0.8336 0.5405 -0.1140
vn -0.8257 -0.5639 0.0148
vn -0.7423 -0.6455 0.1795
vn -0.6845 0.7227 0.0953
vn 0.1763 -0.9790 0.1024
vn -0.3074 -0.9456 -0.1068
vn 0.0254 0.9909 0.1320
vn -0.0548 0.9952 0.0806
vn 0.1830 0.7731 0.6073
vn -0.1271 0.9895 0.0694
vn -0.0209 0.9988 0.0440
vn -0.0176 -0.9236 -0.3830
vn -0.3156 -0.9452 0.0840
vn 0.0480 0.9802 -0.1920
vn -0.4525 0.8905 0.0475
vn -0.6757 -0.5869 0.4461
vn -0.6147 -0.5951 0.5176
vn -0.0591 0.4662 -0.8827
vn 0.0595 -0.7695 -0.6359
vn 0.1078 -0.0959 -0.9895
vn -0.0375 0.9989 0.0283
vn -0.0499 0.6344 -0.7714
vn -0.0485 0.9933 0.1049
vn -0.5606 0.7391 0.3734
vn 0.0466 0.9894 0.1372
vn 0.0129 0.9972 0.0736
vn -0.2070 -0.9604 0.1863
vn 0.2451 -0.9558 -0.1625
vn 0.0121 -0.9958 -0.0908
vn -0.0419 0.9723 0.2298
vn 0.0570 0.9983 -0.0152
vn 0.0656 0.9041 0.4222
vn 0.1320 0.9825 -0.1317
vn 0.6337 0.3486 -0.6906
vn 0.4688 -0.6338 -0.6153
vn 0.7669 -0.4150 -0.4895
vn -0.0127 0.0287 0.9995
vn 0.0635 -0.7713 0.6334
vn -0.1203 -0.4943 0.8609
vn 0.0285 0.9948 0.0983
vn -0.0658 0.7354 0.6744
vn -0.0189 0.9923 0.1225
vn 0.5955 0.7610 -0.2575
vn -0.7959 0.3302 0.5075
vn -0.4301 0.8316 -0.3514
vn 0.3286 0.9214 0.2076
vn 0.0417 0.3305 0.9429
vn 0.4427 -0.5841 -0.6803
vn -0.2739 0.8350 0.4773
vn -0.2129 0.8533 0.4759
vn -0.2293 -0.9132 -0.3370
vn 0.3434 0.6884 0.6390
vn -0.8578 0.4716 -0.2044
vn 0.2852 -0.9463 -0.1519
vn -0.2499 0.8755 0.4135
vn -0.3394 0.8927 0.2964
vn 0.6407 -0.6269 -0.4433
vn 0.2668 0.9334 -0.2401
vn -0.6745 0.0456 0.7369
vn -0.3985 -0.8770 0.2685
vn -0.4114 -0.8687 0.2761
vn -0.5992 -0.3821 0.7035
vn 0.6168 0.0651 -0.7844
vn 0.6534 -0.0557 -0.7550
vn 0.4756 0.6954 -0.5388
vn -0.8812 -0.2860 -0.3764
vn -0.2141 -0.6464 -0.7324
vn -0.8551 0.3289 -0.4008
vn 0.8398 -0.5326 0.1054
vn 0.7708 -0.6196 0.1480
vn 0.7937 0.0867 0.6021
vn 0.0599 -0.7755 0.6285
vn 0.1334 -0.8548 0.5015
vn 0.0604 -0.0712 0.9956
vn 0.9199 0.0372 -0.3905
vn 0.9768 -0.1311 -0.1692
vn 0.8753 0.4769 0.0802
vn -0.0228 0.1004 -0.9947
vn 0.2180 -0.2555 -0.9419
vn -0.2187 0.7887 -0.5746
vn -0.6700 -0.7269 -0.1507
vn -0.5032 -0.8452 -0.1800
vn -0.9679 -0.0116 0.2510
vn -0.5979 0.5983 0.5334
vn -0.0860 0.9625 0.2572
vn 0.1039 0.9567 0.2720
vn -0.2182 0.7371 0.6395
vn -0.5255 0.7688 0.3643
vn 0.0088 0.7917 0.6108
vn -0.4927 0.5838 0.6453
vn -0.0693 0.9755 0.2086
vn -0.4156 0.7735 0.4785
vn -0.2851 0.9045 0.3170
vn 0.0531 0.8659 0.4974
vn -0.3879 0.8503 0.3557
vn -0.1338 0.8528 0.5048
vn -0.3189 0.7977 0.5118
vn -0.2359 0.9105 0.3397
vn 0.1567 -0.9852 -0.0701
vn 0.1886 -0.7274 -0.6597
vn 0.5314 -0.8161 -0.2271
vn 0.1219 -0.7843 -0.6082
vn -0.3728 0.8864 0.2744
vn -0.6731 0.6000 0.4324
vn -0.9393 -0.3233 0.1149
vn -0.6080 -0.7937 0.0210
vn -0.8004 -0.5987 0.0287
vn 0.1705 0.9408 -0.2929
vn 0.4895 0.0306 -0.8715
vn 0.6571 0.1164 -0.7447
vn -0.3177 0.7891 0.5257
vn -0.2719 0.8739 0.4031
vn -0.0206 -0.9430 -0.3321
vn 0.5409 -0.6306 -0.5566
vn -0.9016 0.3665 0.2300
vn -0.3045 0.7719 0.5581
vn -0.1445 0.8683 0.4745
vn -0.3111 0.6915 0.6519
vn 0.1913 0.8660 0.4620
vn 0.7454 0.6514 -0.1419
vn 0.8128 -0.1692 -0.5574
vn 0.8671 0.0812 -0.4915
vn -0.6063 -0.0662 0.7925
vn -0.1746 -0.8728 0.4558
vn 0.0343 -0.9020 0.4304
vn -0.4599 -0.0158 0.8878
vn 0.5123 -0.6769 -0.5285
vn -0.2026 0.8808 0.4280
vn -0.2940 0.8240 0.4843
vn 0.3937 0.8559 0.3354
vn -0.3374 0.7704 0.5410
vn -0.3144 0.8392 0.4437
vn -0.0625 -0.8717 -0.4860
vn 0.2549 -0.9637 -0.0797
vn -0.5521 0.7559 0.3518
vn -0.4652 0.4667 0.7522
vn 0.2906 -0.8667 0.4054
vn 0.4212 -0.7680 0.4824
vn -0.9893 0.1396 -0.0433
vn -0.3232 -0.7536 -0.5724
vn -0.8604 -0.2416 -0.4488
vn -0.9264 0.3666 0.0856
vn -0.2664 0.8322 0.4862
vn -0.1643 0.3663 0.9158
vn -0.1865 0.8929 0.4099
vn -0.2684 0.8655 0.4229
vn 0.4175 -0.8962 -0.1502
vn 0.2918 -0.6911 -0.6612
vn -0.0474 0.9145 0.4019
vn -0.2781 0.8885 0.3651
vn 0.0703 0.8618 0.5023
vn -0.4075 0.8800 0.2440
vn -0.5072 0.5368 -0.6743
vn -0.1565 -0.4036 -0.9014
vn 0.0402 0.0006 -0.9992
vn 0.9123 0.2382 0.3332
vn 0.8824 -0.4431 -0.1584
vn 0.9415 -0.2822 0.1841
vn -0.2356 0.8784 0.4159
vn 0.4179 0.6972 0.5824
vn -0.2343 0.8536 0.4653
vn -0.2217 0.9286 -0.2976
vn 0.2900 0.8485 -0.4427
vn -0.5592 0.7675 0.3134
vn -0.8860 -0.3029 -0.3510
vn -0.0958 -0.1009 -0.9903
vn 0.1020 -0.5424 0.8339
vn -0.4992 0.5388 -0.6786
vn -0.5449 0.4743 -0.6914
vn 0.8119 -0.0205 0.5834
vn -0.4915 -0.2631 -0.8302
vn -0.0949 0.9581 0.2702
vn 0.6864 -0.6764 0.2670
vn -0.5725 0.5493 -0.6087
vn -0.5792 0.6891 -0.4356
vn 0.1349 -0.8538 0.5028
vn -0.9832 0.1572 0.0927
vn 0.4793 0.5134 -0.7118
vn 0.9942 -0.0043 -0.1074
vn 0.9934 0.0102 -0.1145
vn 0.7595 0.2604 -0.5961
vn -0.5506 -0.3845 0.7409
vn -0.4673 -0.4891 0.7365
vn -0.9136 -0.0656 0.4012
vn 0.3974 0.7601 0.5141
vn 0.3811 0.1770 0.9074
vn -0.0448 0.8965 0.4407
vn 0.1224 -0.9770 -0.1746
vn 0.2235 -0.9550 -0.1949
vn -0.1575 -0.7506 -0.6417
vn 0.7131 -0.4700 -0.5201
vn 0.7327 -0.5830 -0.3511
vn 0.2898 -0.3098 -0.9056
vn -0.5211 -0.8143 0.2558
vn -0.3180 -0.9478 0.0251
vn -0.6693 -0.6851 -0.2875
vn -0.3239 0.2885 0.9010
vn -0.1665 -0.0504 0.9847
vn -0.6422 0.5940 0.4845
vn 0.8117 0.4453 0.3780
vn 0.8654 0.3039 0.3985
vn 0.4598 0.8829 -0.0951
vn -0.1416 0.8021 -0.5801
vn -0.7776 0.4382 -0.4510
vn -0.8411 0.2054 -0.5003
vn -0.4544 0.1563 -0.8770
vn -0.3483 0.8186 -0.4567
vn -0.5100 0.1314 -0.8501
vn -0.0921 0.6137 -0.7841
vn -0.8092 0.4369 -0.3928
vn -0.3715 0.6755 -0.6369
vn -0.6127 0.6293 -0.4781
vn -0.6474 0.1510 -0.7470
vn -0.4766 0.7158 -0.5103
vn -0.5658 0.3674 -0.7381
vn -0.4290 0.5634 -0.7060
vn -0.6361 0.5696 -0.5205
vn 0.8039 -0.5588 0.2038
vn 0.3395 -0.3421 0.8762
vn 0.4237 -0.8601 0.2842
vn 0.4588 -0.2833 0.8422
vn -0.5612 0.7263 -0.3970
vn -0.0987 0.8746 -0.4747
vn 0.4561 0.8854 -0.0903
vn 0.9268 0.3198 0.1970
vn 0.8024 0.5666 0.1877
vn -0.9480 0.2719 0.1657
vn -0.4854 -0.2357 0.8419
vn -0.5975 -0.4182 0.6842
vn -0.4160 0.5530 -0.7219
vn -0.5640 0.5777 -0.5900
vn 0.7785 -0.2796 0.5620
vn 0.1462 -0.7224 0.6759
vn 0.1288 0.9823 -0.1359
vn -0.3998 0.5013 -0.7674
vn -0.5889 0.3984 -0.7032
vn -0.2635 0.5070 -0.8207
vn -0.7023 0.0042 -0.7119
vn -0.8791 -0.4720 -0.0659
vn -0.3788 -0.7730 0.5089
vn -0.5767 -0.7257 0.3752
vn 0.5485 0.3700 -0.7498
vn 0.9004 -0.2746 -0.3375
vn 0.8151 -0.4727 -0.3349
vn 0.2961 0.3013 -0.9064
vn 0.2198 -0.7348 0.6417
vn 0.8309 -0.4593 0.3140
vn -0.5940 0.4905 -0.6376
vn -0.4766 0.5554 -0.6814
vn -0.7956 -0.1793 -0.5786
vn -0.3827 0.5622 -0.7331
vn -0.4964 0.5997 -0.6277
vn 0.6610 -0.1464 0.7360
vn 0.7279 -0.6604 0.1848
vn -0.4149 0.8265 -0.3805
vn 0.0415 0.4814 -0.8755
vn 0.2897 -0.3098 -0.9056
vn 0.6044 -0.6662 -0.4368
vn 0.5268 -0.7351 -0.4268
vn 0.2363 0.9543 0.1831
vn 0.5760 0.2072 0.7908
vn 0.3330 0.7580 0.5609
vn -0.4681 0.6177 -0.6320
vn 0.1313 0.9888 0.0707
vn -0.4966 0.5257 -0.6907
vn 0.0509 0.0463 -0.9976
vn -0.6194 0.4824 -0.6194
vn -0.5510 0.5639 -0.6152
vn 0.5707 -0.7893 0.2264
vn 0.2777 -0.4237 0.8622
vn -0.5579 0.3619 -0.7468
vn -0.5472 0.6623 -0.5118
vn -0.7129 0.0882 -0.6956
vn -0.5437 0.7641 -0.3472
vn -0.3562 0.7205 0.5949
vn 0.1011 0.2376 0.9661
vn -0.3137 0.2561 0.9143
vn -0.3860 -0.7918 -0.4733
vn -0.0361 -0.9968 0.0712
vn -0.0729 -0.9562 -0.2834
vn -0.5811 0.5329 -0.6152
vn -0.5626 -0.2596 -0.7849
vn -0.5398 0.5039 -0.6743
vn -0.7365 0.6361 0.2301
vt 0.180409 0.405356
vt 0.174463 0.396525
vt 0.180726 0.399422
vt 0.224328 0.351049
vt 0.213352 0.352959
vt 0.214747 0.346129
vt 0.195595 0.346361
vt 0.199581 0.354112
vt 0.194126 0.356052
vt 0.210701 0.369673
vt 0.216233 0.378713
vt 0.208019 0.375086
vt 0.222856 0.386915
vt 0.219958 0.392919
vt 0.216970 0.392066
vt 0.217833 0.357883
vt 0.217816 0.360530
vt 0.215497 0.359506
vt 0.214895 0.355268
vt 0.212200 0.356139
vt 0.213865 0.353831
vt 0.195782 0.393778
vt 0.200155 0.397052
vt 0.194074 0.396548
vt 0.201763 0.354479
vt 0.195314 0.348247
vt 0.201765 0.345648
vt 0.174423 0.388667
vt 0.179834 0.380909
vt 0.183421 0.388472
vt 0.198329 0.406773
vt 0.200707 0.400758
vt 0.203507 0.403613
vt 0.220166 0.351612
vt 0.217033 0.351743
vt 0.216941 0.349744
vt 0.223283 0.356492
vt 0.220168 0.356260
vt 0.221798 0.353982
vt 0.226855 0.396785
vt 0.221760 0.402267
vt 0.220633 0.398273
vt 0.215495 0.365677
vt 0.223852 0.368759
vt 0.213294 0.373388
vt 0.172702 0.416031
vt 0.170041 0.407937
vt 0.178424 0.411986
vt 0.181709 0.355917
vt 0.175430 0.348232
vt 0.182204 0.352448
vt 0.163260 0.354927
vt 0.173648 0.358187
vt 0.159117 0.353183
vt 0.167333 0.345112
vt 0.196209 0.365742
vt 0.203328 0.369863
vt 0.196784 0.371085
vt 0.191785 0.356454
vt 0.188855 0.366035
vt 0.186120 0.360712
vt 0.207787 0.373284
vt 0.206926 0.362382
vt 0.222072 0.352901
vt 0.216870 0.344813
vt 0.220387 0.346715
vt 0.209411 0.405945
vt 0.202505 0.398536
vt 0.205836 0.398864
vt 0.186839 0.380909
vt 0.189590 0.388581
vt 0.217183 0.355009
vt 0.224883 0.347769
vt 0.224883 0.356559
vt 0.210883 0.354094
vt 0.215981 0.347114
vt 0.210671 0.345444
vt 0.180208 0.367263
vt 0.171864 0.362485
vt 0.181273 0.361557
vt 0.173800 0.371163
vt 0.165579 0.361770
vt 0.163822 0.371197
vt 0.157360 0.362005
vt 0.224852 0.367483
vt 0.217172 0.364387
vt 0.224883 0.361019
vt 0.209438 0.372500
vt 0.217133 0.370209
vt 0.201710 0.371144
vt 0.209472 0.363625
vt 0.201491 0.350088
vt 0.194074 0.357467
vt 0.195398 0.351921
vt 0.208955 0.391699
vt 0.209225 0.381102
vt 0.213069 0.383749
vt 0.206281 0.346873
vt 0.205250 0.355053
vt 0.217499 0.364864
vt 0.220994 0.362275
vt 0.222072 0.365423
vt 0.171072 0.339045
vt 0.181212 0.340783
vt 0.179569 0.343270
vt 0.187818 0.406404
vt 0.190800 0.398276
vt 0.167625 0.395215
vt 0.172163 0.403383
vt 0.166402 0.398749
vt 0.219762 0.342924
vt 0.217359 0.336651
vt 0.222639 0.340301
vt 0.207994 0.353487
vt 0.200876 0.349228
vt 0.209157 0.350304
vt 0.214183 0.362519
vt 0.217370 0.371976
vt 0.166287 0.389411
vt 0.166924 0.391628
vt 0.211286 0.363306
vt 0.202957 0.362062
vt 0.209159 0.357388
vt 0.224741 0.364411
vt 0.222530 0.371218
vt 0.220086 0.364181
vt 0.211005 0.345163
vt 0.211163 0.339151
vt 0.214178 0.345365
vt 0.224406 0.354047
vt 0.226271 0.357714
vt 0.220131 0.348337
vt 0.217711 0.343939
vt 0.211222 0.353796
vt 0.212293 0.351395
vt 0.217717 0.364079
vt 0.222450 0.349361
vt 0.226269 0.350630
vt 0.223428 0.351704
vt 0.213178 0.358482
vt 0.219690 0.360414
vt 0.213176 0.349185
vt 0.215494 0.348249
vt 0.217142 0.403683
vt 0.216144 0.399281
vt 0.212358 0.401603
vt 0.209296 0.407597
vt 0.207910 0.402634
vt 0.204522 0.394396
vt 0.210333 0.396838
vt 0.205520 0.398798
vt 0.215145 0.394879
vt 0.212755 0.391043
vt 0.186120 0.365477
vt 0.217308 0.380294
vt 0.210365 0.387208
vt 0.210519 0.380294
vt 0.221941 0.406711
vt 0.215605 0.406164
vt 0.203729 0.380294
vt 0.203101 0.388173
vt 0.198888 0.385030
vt 0.215527 0.386797
vt 0.208352 0.392023
vt 0.217812 0.347313
vt 0.224189 0.358395
vt 0.164917 0.405482
vt 0.184470 0.413836
vt 0.186120 0.346523
vt 0.199886 0.357602
vt 0.201039 0.364033
vt 0.221996 0.355419
vt 0.194857 0.405406
vt 0.204966 0.341652
vt 0.210843 0.380294
vt 0.193163 0.368034
vt 0.186120 0.373895
vt 0.224823 0.370929
vt 0.224445 0.375399
vt 0.225925 0.391775
vt 0.206307 0.406469
vt 0.202995 0.410009
vt 0.218274 0.378218
vt 0.217947 0.355667
vt 0.200676 0.392779
vt 0.214801 0.412285
vt 0.227759 0.354200
vt 0.204337 0.367107
vt 0.208100 0.338911
vt 0.174134 0.375819
vt 0.182822 0.372273
vt 0.209360 0.415608
vt 0.213069 0.413370
vt 0.217942 0.360487
vt 0.199805 0.371460
vt 0.207479 0.386332
vt 0.225724 0.404006
vt 0.225033 0.348423
vt 0.229763 0.342115
vt 0.209097 0.340585
vt 0.196723 0.346375
vt 0.201748 0.362021
vt 0.195600 0.363422
vt 0.224554 0.344307
vt 0.216269 0.341847
vt 0.203906 0.388296
vt 0.176747 0.335726
vt 0.186071 0.362448
vt 0.168352 0.377830
vt 0.201460 0.343946
vt 0.171485 0.343668
vt 0.181846 0.346903
vt 0.175108 0.348233
vt 0.191015 0.364457
vt 0.202575 0.365304
vt 0.199024 0.371511
vt 0.208035 0.344168
vt 0.214126 0.353177
vt 0.208071 0.353291
vt 0.169977 0.369278
vt 0.172243 0.380864
vt 0.165628 0.374825
vt 0.186141 0.384450
vt 0.183243 0.390455
vt 0.180256 0.389602
vt 0.180901 0.359441
vt 0.179678 0.362435
vt 0.177811 0.360730
vt 0.178954 0.356108
vt 0.175935 0.356334
vt 0.178362 0.352722
vt 0.159068 0.391314
vt 0.163441 0.394588
vt 0.157360 0.394084
vt 0.208118 0.360833
vt 0.214618 0.367012
vt 0.208189 0.369663
vt 0.186321 0.353438
vt 0.185577 0.363944
vt 0.178961 0.359140
vt 0.158143 0.402942
vt 0.166793 0.401149
vt 0.161614 0.404309
vt 0.185095 0.354816
vt 0.181284 0.352520
vt 0.184869 0.351367
vt 0.187780 0.363446
vt 0.183293 0.359695
vt 0.185582 0.358285
vt 0.190140 0.394321
vt 0.185046 0.399802
vt 0.183918 0.395808
vt 0.203552 0.352444
vt 0.196095 0.344069
vt 0.207237 0.345438
vt 0.181054 0.380909
vt 0.188878 0.373159
vt 0.190800 0.380464
vt 0.180513 0.358223
vt 0.174234 0.350538
vt 0.181008 0.354754
vt 0.172451 0.360493
vt 0.166136 0.347418
vt 0.157921 0.355489
vt 0.162064 0.357233
vt 0.209293 0.361726
vt 0.215288 0.366072
vt 0.210049 0.367062
vt 0.193243 0.357416
vt 0.200722 0.350750
vt 0.200295 0.356719
vt 0.212320 0.346820
vt 0.211156 0.357709
vt 0.169762 0.363493
vt 0.167083 0.373017
vt 0.162891 0.368101
vt 0.179366 0.368690
vt 0.172114 0.371627
vt 0.173741 0.362889
vt 0.192694 0.360430
vt 0.185054 0.367733
vt 0.184982 0.358943
vt 0.199002 0.361293
vt 0.193962 0.368315
vt 0.199286 0.369941
vt 0.179012 0.369569
vt 0.170668 0.364791
vt 0.180077 0.363863
vt 0.172604 0.373469
vt 0.164383 0.364076
vt 0.162626 0.373503
vt 0.156163 0.364311
vt 0.184923 0.348019
vt 0.192629 0.351052
vt 0.184945 0.354484
vt 0.200295 0.342875
vt 0.192620 0.345230
vt 0.200334 0.351751
vt 0.214461 0.346226
vt 0.207141 0.353417
vt 0.209108 0.347871
vt 0.197176 0.373259
vt 0.198226 0.363084
vt 0.202750 0.370808
vt 0.207327 0.372803
vt 0.210770 0.365185
vt 0.161730 0.354106
vt 0.158838 0.359579
vt 0.156230 0.357509
vt 0.178372 0.345576
vt 0.175551 0.338032
vt 0.180016 0.343089
vt 0.164465 0.347658
vt 0.166981 0.355842
vt 0.213183 0.367062
vt 0.218479 0.374499
vt 0.214700 0.372751
vt 0.189128 0.360300
vt 0.194884 0.360862
vt 0.170329 0.349242
vt 0.164395 0.351887
vt 0.167151 0.348396
vt 0.175603 0.363074
vt 0.175581 0.373091
vt 0.192357 0.353257
vt 0.188914 0.348350
vt 0.172615 0.362727
vt 0.165085 0.359642
vt 0.170020 0.358211
vt 0.184983 0.368445
vt 0.180698 0.374262
vt 0.180656 0.366598
vt 0.192545 0.349112
vt 0.195452 0.354143
vt 0.190720 0.354250
vt 0.187704 0.342420
vt 0.183254 0.340841
vt 0.186421 0.339997
vt 0.186272 0.360081
vt 0.189224 0.358015
vt 0.175728 0.350664
vt 0.172602 0.353287
vt 0.178449 0.365672
vt 0.192944 0.349442
vt 0.190889 0.346847
vt 0.174346 0.359364
vt 0.184060 0.363313
vt 0.181486 0.362998
vt 0.188475 0.350252
vt 0.187261 0.353835
vt 0.179429 0.396817
vt 0.180427 0.401219
vt 0.175643 0.399139
vt 0.172582 0.405133
vt 0.171196 0.400170
vt 0.171637 0.389559
vt 0.168805 0.396334
vt 0.167807 0.391932
vt 0.176040 0.388579
vt 0.178431 0.392415
vt 0.184923 0.367783
vt 0.180593 0.377830
vt 0.173650 0.384744
vt 0.173804 0.377830
vt 0.185226 0.404247
vt 0.178890 0.403700
vt 0.167015 0.377830
vt 0.166386 0.385709
vt 0.162174 0.382566
vt 0.178813 0.384333
vt 0.170765 0.383868
vt 0.187196 0.357031
vt 0.177903 0.335933
vt 0.182684 0.335772
vt 0.161890 0.340660
vt 0.169876 0.341351
vt 0.184923 0.348829
vt 0.213250 0.360183
vt 0.189924 0.361416
vt 0.190724 0.356439
vt 0.190800 0.353290
vt 0.187425 0.350185
vt 0.163993 0.398294
vt 0.168842 0.337508
vt 0.178939 0.340795
vt 0.173618 0.394374
vt 0.175957 0.343928
vt 0.177669 0.347834
vt 0.170144 0.342845
vt 0.210280 0.339162
vt 0.198078 0.346804
vt 0.207141 0.345452
vt 0.184923 0.344574
vt 0.189211 0.389311
vt 0.169593 0.404005
vt 0.166281 0.407545
vt 0.215785 0.343275
vt 0.205816 0.338032
vt 0.181716 0.357462
vt 0.163961 0.390315
vt 0.171273 0.410662
vt 0.178086 0.409821
vt 0.186586 0.345774
vt 0.164782 0.364672
vt 0.201909 0.376453
vt 0.172937 0.378125
vt 0.181626 0.374579
vt 0.212478 0.376738
vt 0.207141 0.367062
vt 0.213183 0.368491
vt 0.164026 0.357666
vt 0.159012 0.368786
vt 0.184656 0.357106
vt 0.189010 0.401542
vt 0.174959 0.353223
vt 0.184144 0.363453
vt 0.186498 0.366745
vt 0.188712 0.370873
vt 0.189621 0.366300
vt 0.185719 0.373017
vt 0.205084 0.379914
vt 0.207141 0.377272
vt 0.211076 0.342325
vt 0.184144 0.353427
vt 0.215188 0.361814
vt 0.195866 0.375199
vt 0.194701 0.353440
vt 0.203500 0.407844
vt 0.196587 0.366449
vt 0.205150 0.362488
vt 0.204833 0.368422
vt 0.184895 0.344455
vt 0.192143 0.353745
vt 0.183500 0.351285
vt 0.165239 0.349228
vt 0.158490 0.356052
vt 0.159958 0.346361
vt 0.175065 0.369673
vt 0.180597 0.378713
vt 0.172383 0.375086
vt 0.219582 0.386593
vt 0.216684 0.392597
vt 0.213696 0.391745
vt 0.182196 0.357883
vt 0.182180 0.360530
vt 0.179861 0.359506
vt 0.179258 0.355268
vt 0.176564 0.356139
vt 0.178228 0.353831
vt 0.192508 0.393456
vt 0.196882 0.396730
vt 0.190800 0.396226
vt 0.190800 0.357374
vt 0.197864 0.349582
vt 0.197862 0.358413
vt 0.207845 0.351538
vt 0.196381 0.346011
vt 0.204258 0.343975
vt 0.195055 0.406451
vt 0.197433 0.400436
vt 0.200233 0.403292
vt 0.184530 0.351612
vt 0.181396 0.351743
vt 0.181304 0.349744
vt 0.187647 0.356492
vt 0.184531 0.356260
vt 0.186161 0.353982
vt 0.223581 0.396464
vt 0.218486 0.401945
vt 0.217359 0.397951
vt 0.185643 0.364003
vt 0.194000 0.367085
vt 0.183442 0.371714
vt 0.197126 0.379097
vt 0.194465 0.371003
vt 0.202849 0.375052
vt 0.209232 0.358233
vt 0.217789 0.352494
vt 0.217294 0.355963
vt 0.198845 0.354973
vt 0.211015 0.348278
vt 0.194702 0.353229
vt 0.202917 0.345158
vt 0.166356 0.364068
vt 0.173476 0.368189
vt 0.166932 0.369411
vt 0.190655 0.373017
vt 0.187725 0.382598
vt 0.184990 0.377275
vt 0.177934 0.371610
vt 0.177074 0.360708
vt 0.219431 0.389190
vt 0.214229 0.381102
vt 0.217745 0.383005
vt 0.198847 0.405945
vt 0.191941 0.398536
vt 0.195272 0.398864
vt 0.211264 0.343975
vt 0.214014 0.351647
vt 0.213282 0.358943
vt 0.220982 0.351703
vt 0.220981 0.360493
vt 0.206982 0.358028
vt 0.212080 0.351048
vt 0.206769 0.349378
vt 0.215793 0.367309
vt 0.207449 0.362531
vt 0.216858 0.361603
vt 0.199407 0.371243
vt 0.209385 0.371209
vt 0.192944 0.362051
vt 0.201164 0.361816
vt 0.220951 0.371417
vt 0.213271 0.368321
vt 0.220982 0.364953
vt 0.205537 0.376434
vt 0.213232 0.374143
vt 0.197808 0.375078
vt 0.205571 0.367559
vt 0.171639 0.348414
vt 0.164222 0.355793
vt 0.165546 0.350247
vt 0.198391 0.391699
vt 0.198661 0.381102
vt 0.202505 0.383749
vt 0.176429 0.345199
vt 0.175398 0.353379
vt 0.214857 0.401154
vt 0.218353 0.398565
vt 0.219431 0.401713
vt 0.215153 0.343316
vt 0.212332 0.335772
vt 0.216797 0.340829
vt 0.212242 0.369470
vt 0.215224 0.361342
vt 0.192049 0.358281
vt 0.190826 0.361815
vt 0.184125 0.342924
vt 0.181722 0.336651
vt 0.187003 0.340301
vt 0.172357 0.353487
vt 0.173520 0.350304
vt 0.182080 0.364079
vt 0.178547 0.362519
vt 0.190711 0.352477
vt 0.198848 0.351733
vt 0.191348 0.354694
vt 0.175649 0.363306
vt 0.167320 0.362062
vt 0.173523 0.357388
vt 0.189105 0.364411
vt 0.186893 0.371218
vt 0.184449 0.364181
vt 0.175368 0.345163
vt 0.175526 0.339151
vt 0.178541 0.345365
vt 0.188769 0.354047
vt 0.190634 0.357714
vt 0.184494 0.348337
vt 0.182074 0.343939
vt 0.175586 0.353796
vt 0.176656 0.351395
vt 0.187791 0.351704
vt 0.189396 0.348423
vt 0.190632 0.350630
vt 0.177542 0.358482
vt 0.184053 0.360414
vt 0.177539 0.349185
vt 0.179857 0.348249
vt 0.213868 0.403362
vt 0.212870 0.398959
vt 0.209084 0.401281
vt 0.206022 0.407275
vt 0.204637 0.402312
vt 0.201248 0.394074
vt 0.207059 0.396517
vt 0.202246 0.398476
vt 0.211871 0.394557
vt 0.209481 0.390721
vt 0.221656 0.362494
vt 0.221704 0.365523
vt 0.207245 0.379972
vt 0.212253 0.386475
vt 0.207091 0.386886
vt 0.218667 0.406390
vt 0.212331 0.405842
vt 0.200455 0.379972
vt 0.199827 0.387852
vt 0.195614 0.384708
vt 0.205078 0.391701
vt 0.182175 0.347313
vt 0.188552 0.358395
vt 0.189342 0.368548
vt 0.208894 0.376902
vt 0.206657 0.339091
vt 0.221704 0.346569
vt 0.170033 0.355928
vt 0.171187 0.362359
vt 0.191583 0.405084
vt 0.214034 0.379972
vt 0.181733 0.371976
vt 0.169329 0.341652
vt 0.180991 0.378620
vt 0.192033 0.384598
vt 0.184990 0.390459
vt 0.220922 0.374863
vt 0.188808 0.375399
vt 0.222651 0.391453
vt 0.199722 0.409687
vt 0.203033 0.406147
vt 0.188422 0.376544
vt 0.182310 0.355667
vt 0.186813 0.349361
vt 0.197402 0.392457
vt 0.211527 0.411964
vt 0.192122 0.354200
vt 0.198888 0.359591
vt 0.168701 0.367107
vt 0.204199 0.342845
vt 0.203937 0.377876
vt 0.209718 0.375865
vt 0.218407 0.372319
vt 0.198796 0.415608
vt 0.202505 0.413370
vt 0.213069 0.388923
vt 0.164168 0.371460
vt 0.204205 0.386010
vt 0.222450 0.403684
vt 0.163944 0.354112
vt 0.194126 0.342115
vt 0.179245 0.338911
vt 0.193342 0.388296
vt 0.166871 0.344701
vt 0.197847 0.365955
vt 0.159963 0.363422
vt 0.194701 0.342633
vt 0.186417 0.340173
vt 0.171956 0.382945
vt 0.222924 0.362089
vt 0.165046 0.412209
vt 0.160847 0.343473
vt 0.215710 0.352634
vt 0.159062 0.369089
vt 0.229763 0.366975
vt 0.191133 0.377181
vt 0.215121 0.376038
vt 0.224554 0.374160
vt 0.207988 0.413126
vt 0.201732 0.340191
vt 0.213234 0.348635
vt 0.191158 0.357184
vt 0.159651 0.345779
vt 0.157866 0.371395
vt 0.212040 0.353740
vt 0.193935 0.364920
vt 0.218479 0.367315
vt 0.184875 0.364754
vt 0.189809 0.366079
vt 0.202940 0.339456
vt 0.204563 0.340041
vt 0.194584 0.339384
vt 0.208268 0.375120
vt 0.167156 0.380136
vt 0.208146 0.376738
vt 0.215288 0.340041
vt 0.194476 0.349375
vt 0.191413 0.352181
vt 0.193072 0.360415
vt 0.189470 0.375275
vt 0.196432 0.343519
vt 0.192936 0.407844
vt 0.194647 0.369135
vt 0.215300 0.396776
vt 0.194126 0.366975
vt 0.190003 0.393745
vt 0.211219 0.379972
vt 0.194701 0.372486
vt 0.204714 0.412804
vt 0.197830 0.344126
vt 0.171607 0.342272
s 0
g crown_1_a_Material
usemtl Material
f 765/1333/1280 732/1334/1280 710/1335/1280
f 813/1336/1281 713/1337/1281 823/1338/1281
f 783/1339/1282 736/1340/1282 716/1341/1282
f 792/1342/1283 709/1343/1283 801/1344/1283
f 756/1345/1284 754/1346/1284 770/1347/1284
f 812/1348/1285 690/1349/1285 804/1350/1285
f 775/1351/1286 827/1352/1286 834/1353/1286
f 691/1354/1287 771/1355/1287 757/1356/1287
f 820/1357/1288 737/1358/1288 719/1359/1288
f 793/1360/1289 722/1361/1289 798/1362/1289
f 773/1363/1290 753/1364/1290 788/1365/1290
f 759/1366/1291 817/1367/1291 832/1368/1291
f 768/1369/1292 795/1370/1292 810/1371/1292
f 777/1372/1293 749/1373/1293 790/1374/1293
f 762/1375/1294 735/1376/1294 725/1377/1294
f 780/1378/1295 731/1379/1295 728/1380/1295
f 773/1381/1296 730/1382/1296 701/1383/1296
f 779/1384/1297 730/1382/1297 778/1385/1297
f 780/1386/1298 729/1387/1298 779/1384/1298
f 756/1388/1299 727/1389/1299 703/1390/1299
f 761/1391/1300 727/1392/1300 760/1393/1300
f 762/1375/1301 726/1394/1301 761/1395/1301
f 791/1396/1302 724/1397/1302 697/1398/1302
f 796/1399/1303 723/1400/1303 724/1401/1303
f 798/1362/1304 723/1402/1304 797/1403/1304
f 818/1404/1305 699/1405/1305 814/1406/1305
f 819/1407/1306 721/1408/1306 818/1404/1306
f 819/1407/1307 719/1359/1307 720/1409/1307
f 794/1410/1308 707/1411/1308 689/1412/1308
f 799/1413/1309 708/1414/1309 707/1411/1309
f 800/1415/1310 709/1416/1310 708/1414/1310
f 777/1417/1311 718/1418/1311 693/1419/1311
f 782/1420/1312 718/1418/1312 781/1421/1312
f 783/1422/1313 717/1423/1313 782/1420/1313
f 821/1424/1314 695/1425/1314 815/1426/1314
f 821/1427/1315 714/1428/1315 715/1429/1315
f 822/1430/1316 713/1337/1316 714/1431/1316
f 763/1432/1317 691/1433/1317 757/1434/1317
f 764/1435/1318 712/1436/1318 763/1437/1318
f 764/1438/1319 710/1335/1319 711/1439/1319
f 740/1440/1320 706/1441/1320 766/1442/1320
f 824/1443/1321 734/1444/1321 813/1445/1321
f 744/1446/1322 774/1447/1322 784/1448/1322
f 802/1449/1323 738/1450/1323 792/1342/1323
f 698/1451/1324 793/1360/1324 803/1452/1324
f 700/1453/1325 816/1454/1325 825/1455/1325
f 702/1456/1326 776/1457/1326 785/1458/1326
f 704/1459/1327 758/1460/1327 767/1461/1327
f 692/1462/1328 766/1463/1328 768/1369/1328
f 826/1464/1329 742/1465/1329 824/1443/1329
f 694/1466/1330 784/1448/1330 786/1467/1330
f 804/1350/1331 746/1468/1331 802/1449/1331
f 741/1469/1332 803/1470/1332 805/1471/1332
f 745/1472/1333 825/1455/1333 827/1352/1333
f 787/1473/1334 702/1456/1334 785/1458/1334
f 743/1474/1335 767/1461/1335 769/1475/1335
f 790/1374/1336 828/1476/1336 833/1477/1336
f 789/1478/1336 807/1479/1336 811/1480/1336
f 809/1481/1336 755/1482/1336 808/1483/1336
f 770/1347/1336 830/1484/1336 831/1485/1336
f 689/1412/1337 807/1486/1337 794/1410/1337
f 695/1487/1338 829/1488/1338 815/1489/1338
f 814/1490/1339 752/1491/1339 828/1476/1339
f 697/1492/1340 806/1493/1340 791/1494/1340
f 750/1495/1341 831/1485/1341 829/1488/1341
f 806/1493/1336 772/1496/1336 809/1481/1336
f 696/1497/1335 767/1461/1335 742/1465/1335
f 739/1498/1342 766/1463/1342 702/1456/1342
f 742/1465/1343 758/1460/1343 734/1444/1343
f 702/1499/1344 706/1441/1344 731/1379/1344
f 729/1500/1345 765/1333/1345 764/1438/1345
f 730/1382/1346 764/1435/1346 763/1437/1346
f 730/1382/1347 757/1501/1347 701/1383/1347
f 713/1337/1348 761/1395/1348 714/1431/1348
f 715/1502/1349 761/1395/1349 760/1503/1349
f 695/1425/1350 760/1503/1350 756/1388/1350
f 734/1504/1351 762/1375/1351 713/1337/1351
f 692/1462/1352 810/1371/1352 805/1471/1352
f 826/1464/1353 759/1366/1353 832/1368/1353
f 757/1356/1354 753/1364/1354 701/1505/1354
f 756/1345/1355 750/1495/1355 695/1487/1355
f 728/1380/1356 706/1441/1356 765/1333/1356
f 755/1482/1336 811/1480/1336 808/1483/1336
f 830/1484/1336 790/1374/1336 833/1477/1336
f 690/1349/1357 785/1458/1357 746/1468/1357
f 743/1474/1358 784/1448/1358 704/1459/1358
f 746/1468/1359 776/1457/1359 738/1450/1359
f 784/1448/1360 735/1506/1360 704/1459/1360
f 725/1377/1361 782/1507/1361 726/1394/1361
f 726/1508/1362 781/1509/1362 727/1392/1362
f 703/1510/1363 781/1421/1363 777/1417/1363
f 709/1416/1364 779/1384/1364 708/1414/1364
f 708/1414/1365 778/1385/1365 707/1411/1365
f 689/1412/1366 778/1385/1366 773/1381/1366
f 738/1450/1367 780/1511/1367 709/1343/1367
f 703/1512/1368 790/1374/1368 754/1346/1368
f 773/1363/1369 747/1513/1369 689/1514/1369
f 817/1367/1370 775/1351/1370 834/1353/1370
f 795/1370/1371 787/1473/1371 812/1348/1371
f 735/1376/1372 783/1515/1372 725/1377/1372
f 705/1516/1373 812/1348/1373 775/1351/1373
f 808/1483/1336 788/1365/1336 753/1364/1336
f 805/1471/1374 759/1366/1374 741/1469/1374
f 748/1517/1341 809/1481/1341 771/1355/1341
f 791/1494/1375 748/1517/1375 691/1354/1375
f 699/1518/1376 807/1479/1376 752/1491/1376
f 771/1355/1336 808/1483/1336 753/1364/1336
f 811/1480/1336 747/1513/1336 788/1365/1336
f 805/1471/1332 740/1519/1332 692/1462/1332
f 745/1472/1377 802/1449/1377 700/1453/1377
f 803/1452/1378 732/1334/1378 740/1440/1378
f 700/1453/1379 792/1342/1379 737/1520/1379
f 719/1359/1380 800/1521/1380 720/1409/1380
f 721/1522/1381 800/1415/1381 799/1413/1381
f 699/1523/1382 799/1413/1382 794/1410/1382
f 711/1439/1383 798/1362/1383 797/1403/1383
f 711/1524/1384 796/1399/1384 712/1525/1384
f 712/1526/1385 791/1396/1385 691/1433/1385
f 759/1366/1386 795/1370/1386 705/1516/1386
f 710/1335/1387 793/1360/1387 798/1362/1387
f 775/1351/1388 804/1350/1388 745/1472/1388
f 737/1520/1389 801/1344/1389 719/1527/1389
f 817/1367/1390 786/1467/1390 743/1474/1390
f 755/1482/1336 833/1477/1336 789/1478/1336
f 696/1497/1391 832/1368/1391 769/1475/1391
f 829/1488/1336 772/1496/1336 751/1528/1336
f 814/1490/1392 749/1373/1392 693/1529/1392
f 815/1489/1393 751/1528/1393 697/1492/1393
f 831/1485/1336 755/1482/1336 772/1496/1336
f 789/1478/1336 828/1476/1336 752/1491/1336
f 827/1352/1394 744/1446/1394 694/1466/1394
f 741/1469/1395 824/1443/1395 698/1530/1395
f 825/1455/1396 736/1340/1396 744/1446/1396
f 698/1530/1397 813/1445/1397 733/1531/1397
f 723/1532/1398 823/1338/1398 822/1430/1398
f 723/1400/1399 821/1427/1399 724/1401/1399
f 697/1533/1314 821/1424/1314 815/1426/1314
f 716/1534/1400 819/1407/1400 717/1423/1400
f 717/1423/1401 818/1404/1401 718/1418/1401
f 693/1419/1402 818/1404/1402 814/1406/1402
f 832/1368/1391 743/1474/1391 769/1475/1391
f 716/1341/1403 816/1454/1403 820/1535/1403
f 834/1353/1404 694/1466/1404 786/1467/1404
f 733/1536/1405 823/1338/1405 722/1537/1405
f 852/1441/1406 856/1335/1406 911/1333/1406
f 959/1336/1407 859/1337/1407 969/1338/1407
f 920/1447/1408 862/1341/1408 929/1339/1408
f 947/1344/1409 884/1450/1409 855/1343/1409
f 902/1345/1410 900/1346/1410 916/1347/1410
f 958/1348/1411 836/1349/1411 950/1350/1411
f 921/1351/1412 973/1352/1412 980/1353/1412
f 837/1354/1413 917/1355/1413 903/1356/1413
f 966/1357/1414 883/1358/1414 865/1359/1414
f 939/1360/1415 868/1361/1415 944/1362/1415
f 919/1363/1416 899/1364/1416 934/1365/1416
f 905/1366/1417 963/1367/1417 978/1368/1417
f 914/1369/1418 941/1370/1418 956/1371/1418
f 923/1372/1419 895/1373/1419 936/1374/1419
f 908/1375/1420 881/1376/1420 871/1377/1420
f 926/1378/1421 877/1379/1421 874/1380/1421
f 924/1385/1422 847/1383/1422 919/1381/1422
f 925/1384/1423 876/1382/1423 924/1385/1423
f 926/1386/1424 875/1387/1424 925/1384/1424
f 902/1388/1425 873/1389/1425 849/1390/1425
f 907/1391/1426 873/1392/1426 906/1393/1426
f 908/1375/1427 872/1394/1427 907/1395/1427
f 937/1396/1428 870/1397/1428 843/1398/1428
f 942/1399/1429 869/1400/1429 870/1401/1429
f 944/1362/1430 869/1402/1430 943/1403/1430
f 964/1404/1431 845/1405/1431 960/1406/1431
f 965/1407/1432 867/1408/1432 964/1404/1432
f 965/1407/1433 865/1359/1433 866/1409/1433
f 940/1410/1434 853/1411/1434 835/1412/1434
f 946/1415/1435 853/1411/1435 945/1413/1435
f 946/1415/1436 855/1416/1436 854/1414/1436
f 923/1417/1437 864/1418/1437 839/1419/1437
f 928/1420/1438 864/1418/1438 927/1421/1438
f 929/1422/1439 863/1423/1439 928/1420/1439
f 967/1424/1440 841/1425/1440 961/1426/1440
f 968/1538/1441 861/1429/1441 967/1427/1441
f 968/1430/1442 859/1337/1442 860/1431/1442
f 909/1432/1443 837/1433/1443 903/1434/1443
f 909/1437/1444 857/1539/1444 858/1436/1444
f 910/1438/1445 856/1335/1445 857/1439/1445
f 912/1442/1446 878/1334/1446 852/1441/1446
f 970/1443/1447 880/1444/1447 959/1445/1447
f 890/1446/1448 920/1447/1448 930/1448/1448
f 892/1468/1449 938/1342/1449 948/1449/1449
f 844/1451/1450 939/1360/1450 949/1452/1450
f 846/1453/1451 962/1454/1451 971/1455/1451
f 848/1456/1452 922/1457/1452 931/1458/1452
f 850/1459/1453 904/1460/1453 913/1461/1453
f 838/1462/1454 912/1463/1454 914/1369/1454
f 842/1497/1455 970/1443/1455 972/1464/1455
f 840/1466/1456 930/1448/1456 932/1467/1456
f 836/1349/1457 948/1449/1457 950/1350/1457
f 951/1471/1458 844/1530/1458 949/1470/1458
f 891/1472/1459 971/1455/1459 973/1352/1459
f 885/1498/1460 931/1458/1460 933/1473/1460
f 889/1474/1461 913/1461/1461 915/1475/1461
f 979/1477/1462 895/1373/1462 974/1476/1462
f 935/1478/1462 953/1479/1462 957/1480/1462
f 955/1481/1462 901/1482/1462 954/1483/1462
f 916/1347/1462 976/1484/1462 977/1485/1462
f 940/1410/1463 893/1540/1463 953/1486/1463
f 961/1489/1464 896/1495/1464 975/1488/1464
f 960/1490/1465 898/1491/1465 974/1476/1465
f 843/1492/1466 952/1493/1466 937/1494/1466
f 896/1495/1462 977/1485/1462 975/1488/1462
f 952/1493/1462 918/1496/1462 955/1481/1462
f 842/1497/1467 913/1461/1467 888/1465/1467
f 885/1498/1468 912/1463/1468 848/1456/1468
f 888/1465/1469 904/1460/1469 880/1444/1469
f 848/1499/1470 852/1441/1470 877/1379/1470
f 874/1380/1471 910/1438/1471 875/1500/1471
f 876/1382/1472 910/1435/1472 909/1437/1472
f 876/1382/1473 903/1501/1473 847/1383/1473
f 859/1337/1474 907/1395/1474 860/1431/1474
f 861/1502/1475 907/1395/1475 906/1503/1475
f 841/1425/1476 906/1503/1476 902/1388/1476
f 880/1504/1477 908/1375/1477 859/1337/1477
f 838/1462/1478 956/1371/1478 951/1471/1478
f 972/1464/1479 905/1366/1479 978/1368/1479
f 903/1356/1480 899/1364/1480 847/1505/1480
f 902/1345/1481 896/1495/1481 841/1487/1481
f 877/1379/1482 911/1333/1482 874/1380/1482
f 901/1482/1462 957/1480/1462 954/1483/1462
f 976/1484/1462 936/1374/1462 979/1477/1462
f 933/1473/1483 892/1468/1483 836/1349/1483
f 889/1474/1484 930/1448/1484 850/1459/1484
f 931/1458/1485 884/1450/1485 892/1468/1485
f 850/1459/1486 920/1447/1486 881/1506/1486
f 871/1377/1487 928/1507/1487 872/1394/1487
f 872/1508/1488 927/1509/1488 873/1392/1488
f 849/1510/1489 927/1421/1489 923/1417/1489
f 855/1416/1490 925/1384/1490 854/1414/1490
f 854/1414/1491 924/1385/1491 853/1411/1491
f 835/1412/1492 924/1385/1492 919/1381/1492
f 855/1343/1493 922/1457/1493 926/1511/1493
f 923/1372/1494 900/1346/1494 849/1512/1494
f 835/1514/1495 934/1365/1495 893/1513/1495
f 963/1367/1496 921/1351/1496 980/1353/1496
f 941/1370/1497 933/1473/1497 958/1348/1497
f 881/1376/1498 929/1515/1498 871/1377/1498
f 851/1516/1499 958/1348/1499 921/1351/1499
f 954/1483/1462 934/1365/1462 899/1364/1462
f 951/1471/1500 905/1366/1500 887/1469/1500
f 894/1517/1462 955/1481/1462 917/1355/1462
f 937/1494/1501 894/1517/1501 837/1354/1501
f 845/1518/1502 953/1479/1502 898/1491/1502
f 917/1355/1462 954/1483/1462 899/1364/1462
f 957/1480/1462 893/1513/1462 934/1365/1462
f 838/1462/1503 949/1470/1503 886/1519/1503
f 891/1472/1504 948/1449/1504 846/1453/1504
f 886/1440/1505 939/1360/1505 878/1334/1505
f 846/1453/1506 938/1342/1506 883/1520/1506
f 865/1359/1507 946/1521/1507 866/1409/1507
f 866/1541/1508 945/1413/1508 867/1522/1508
f 845/1523/1509 945/1413/1509 940/1410/1509
f 857/1439/1510 944/1362/1510 943/1403/1510
f 857/1524/1511 942/1399/1511 858/1525/1511
f 858/1526/1512 937/1396/1512 837/1433/1512
f 956/1371/1513 851/1516/1513 905/1366/1513
f 878/1334/1514 944/1362/1514 856/1335/1514
f 921/1351/1515 950/1350/1515 891/1472/1515
f 883/1520/1516 947/1344/1516 865/1527/1516
f 963/1367/1517 932/1467/1517 889/1474/1517
f 901/1482/1462 979/1477/1462 935/1478/1462
f 842/1497/1518 978/1368/1518 915/1475/1518
f 975/1488/1462 918/1496/1462 897/1528/1462
f 960/1490/1519 895/1373/1519 839/1529/1519
f 961/1489/1520 897/1528/1520 843/1492/1520
f 977/1485/1462 901/1482/1462 918/1496/1462
f 935/1478/1462 974/1476/1462 898/1491/1462
f 840/1466/1521 971/1455/1521 890/1446/1521
f 972/1464/1522 844/1530/1522 887/1469/1522
f 890/1446/1523 962/1454/1523 882/1340/1523
f 844/1530/1524 959/1445/1524 879/1531/1524
f 869/1532/1525 969/1338/1525 968/1430/1525
f 869/1400/1526 967/1427/1526 870/1401/1526
f 870/1542/1527 961/1426/1527 843/1533/1527
f 862/1534/1528 965/1407/1528 863/1423/1528
f 863/1423/1529 964/1404/1529 864/1418/1529
f 839/1419/1530 964/1404/1530 960/1406/1530
f 978/1368/1518 889/1474/1518 915/1475/1518
f 882/1340/1531 966/1535/1531 862/1341/1531
f 980/1353/1532 840/1466/1532 932/1467/1532
f 879/1536/1533 969/1338/1533 868/1537/1533
f 998/1441/1534 1002/1335/1534 1057/1333/1534
f 1105/1336/1535 1005/1337/1535 1115/1338/1535
f 1066/1447/1536 1008/1341/1536 1075/1339/1536
f 1093/1344/1537 1030/1450/1537 1001/1343/1537
f 1048/1345/1538 1046/1346/1538 1062/1347/1538
f 1104/1348/1539 982/1349/1539 1096/1350/1539
f 1067/1351/1540 1119/1352/1540 1126/1353/1540
f 983/1354/1541 1063/1355/1541 1049/1356/1541
f 1112/1357/1542 1029/1358/1542 1011/1359/1542
f 1085/1360/1543 1014/1361/1543 1090/1362/1543
f 1065/1363/1544 1045/1364/1544 1080/1365/1544
f 1051/1366/1545 1109/1367/1545 1124/1368/1545
f 1060/1369/1546 1087/1370/1546 1102/1371/1546
f 1069/1372/1547 1041/1373/1547 1082/1374/1547
f 1054/1375/1548 1027/1376/1548 1017/1377/1548
f 1072/1378/1549 1023/1379/1549 1020/1380/1549
f 1065/1381/1550 1022/1382/1550 993/1383/1550
f 1071/1384/1551 1022/1382/1551 1070/1385/1551
f 1072/1386/1552 1021/1387/1552 1071/1384/1552
f 1048/1388/1553 1019/1389/1553 995/1390/1553
f 1053/1391/1554 1019/1392/1554 1052/1393/1554
f 1054/1375/1555 1018/1394/1555 1053/1395/1555
f 1083/1396/1556 1016/1397/1556 989/1398/1556
f 1088/1399/1557 1015/1400/1557 1016/1401/1557
f 1090/1362/1558 1015/1402/1558 1089/1403/1558
f 1110/1404/1559 991/1405/1559 1106/1406/1559
f 1111/1407/1560 1013/1408/1560 1110/1404/1560
f 1111/1407/1561 1011/1359/1561 1012/1409/1561
f 1086/1410/1562 999/1411/1562 981/1412/1562
f 1092/1415/1563 999/1411/1563 1091/1413/1563
f 1092/1415/1564 1001/1416/1564 1000/1414/1564
f 1069/1417/1565 1010/1418/1565 985/1419/1565
f 1074/1420/1566 1010/1418/1566 1073/1421/1566
f 1075/1422/1567 1009/1423/1567 1074/1420/1567
f 1113/1424/1568 987/1425/1568 1107/1426/1568
f 1113/1427/1569 1006/1428/1569 1007/1429/1569
f 1114/1430/1570 1005/1337/1570 1006/1431/1570
f 1055/1432/1571 983/1433/1571 1049/1434/1571
f 1055/1437/1572 1003/1539/1572 1004/1436/1572
f 1056/1438/1573 1002/1335/1573 1003/1439/1573
f 1058/1442/1574 1024/1334/1574 998/1441/1574
f 1116/1443/1575 1026/1444/1575 1105/1445/1575
f 1036/1446/1576 1066/1447/1576 1076/1448/1576
f 1038/1468/1577 1084/1342/1577 1094/1449/1577
f 990/1451/1578 1085/1360/1578 1095/1452/1578
f 992/1453/1579 1108/1454/1579 1117/1455/1579
f 994/1456/1580 1068/1457/1580 1077/1458/1580
f 996/1459/1581 1050/1460/1581 1059/1461/1581
f 984/1462/1582 1058/1463/1582 1060/1369/1582
f 1118/1464/1583 1034/1465/1583 1116/1443/1583
f 986/1466/1584 1076/1448/1584 1078/1467/1584
f 982/1349/1585 1094/1449/1585 1096/1350/1585
f 1097/1471/1586 990/1530/1586 1095/1470/1586
f 1037/1472/1587 1117/1455/1587 1119/1352/1587
f 1079/1473/1588 994/1456/1588 1077/1458/1588
f 1035/1474/1589 1059/1461/1589 1061/1475/1589
f 1125/1477/1590 1041/1373/1590 1120/1476/1590
f 1081/1478/1590 1099/1479/1590 1103/1480/1590
f 1101/1481/1590 1047/1482/1590 1100/1483/1590
f 1062/1347/1590 1122/1484/1590 1123/1485/1590
f 1086/1410/1591 1039/1540/1591 1099/1486/1591
f 1107/1489/1592 1042/1495/1592 1121/1488/1592
f 1106/1490/1593 1044/1491/1593 1120/1476/1593
f 989/1492/1594 1098/1493/1594 1083/1494/1594
f 1042/1495/1590 1123/1485/1590 1121/1488/1590
f 1098/1493/1590 1064/1496/1590 1101/1481/1590
f 988/1497/1589 1059/1461/1589 1034/1465/1589
f 1031/1498/1595 1058/1463/1595 994/1456/1595
f 1034/1465/1596 1050/1460/1596 1026/1444/1596
f 994/1499/1597 998/1441/1597 1023/1379/1597
f 1020/1380/1598 1056/1438/1598 1021/1500/1598
f 1022/1382/1599 1056/1435/1599 1055/1437/1599
f 1022/1382/1600 1049/1501/1600 993/1383/1600
f 1005/1337/1601 1053/1395/1601 1006/1431/1601
f 1007/1502/1602 1053/1395/1602 1052/1503/1602
f 987/1425/1603 1052/1503/1603 1048/1388/1603
f 1026/1504/1604 1054/1375/1604 1005/1337/1604
f 984/1462/1605 1102/1371/1605 1097/1471/1605
f 1118/1464/1606 1051/1366/1606 1124/1368/1606
f 1049/1356/1607 1045/1364/1607 993/1505/1607
f 1048/1345/1608 1042/1495/1608 987/1487/1608
f 1020/1380/1609 998/1441/1609 1057/1333/1609
f 1047/1482/1590 1103/1480/1590 1100/1483/1590
f 1122/1484/1590 1082/1374/1590 1125/1477/1590
f 1079/1473/1610 1038/1468/1610 982/1349/1610
f 1035/1474/1611 1076/1448/1611 996/1459/1611
f 1077/1458/1612 1030/1450/1612 1038/1468/1612
f 1076/1448/1613 1027/1506/1613 996/1459/1613
f 1017/1377/1614 1074/1507/1614 1018/1394/1614
f 1018/1508/1615 1073/1509/1615 1019/1392/1615
f 995/1510/1616 1073/1421/1616 1069/1417/1616
f 1001/1416/1617 1071/1384/1617 1000/1414/1617
f 1000/1414/1618 1070/1385/1618 999/1411/1618
f 981/1412/1619 1070/1385/1619 1065/1381/1619
f 1001/1343/1620 1068/1457/1620 1072/1511/1620
f 1069/1372/1621 1046/1346/1621 995/1512/1621
f 981/1514/1622 1080/1365/1622 1039/1513/1622
f 1109/1367/1623 1067/1351/1623 1126/1353/1623
f 1087/1370/1624 1079/1473/1624 1104/1348/1624
f 1027/1376/1625 1075/1515/1625 1017/1377/1625
f 997/1516/1626 1104/1348/1626 1067/1351/1626
f 1100/1483/1590 1080/1365/1590 1045/1364/1590
f 1097/1471/1627 1051/1366/1627 1033/1469/1627
f 1040/1517/1590 1101/1481/1590 1063/1355/1590
f 1083/1494/1628 1040/1517/1628 983/1354/1628
f 991/1518/1629 1099/1479/1629 1044/1491/1629
f 1063/1355/1590 1100/1483/1590 1045/1364/1590
f 1103/1480/1590 1039/1513/1590 1080/1365/1590
f 984/1462/1630 1095/1470/1630 1032/1519/1630
f 1037/1472/1631 1094/1449/1631 992/1453/1631
f 1032/1440/1632 1085/1360/1632 1024/1334/1632
f 992/1453/1633 1084/1342/1633 1029/1520/1633
f 1011/1359/1634 1092/1521/1634 1012/1409/1634
f 1012/1541/1635 1091/1413/1635 1013/1522/1635
f 991/1523/1636 1091/1413/1636 1086/1410/1636
f 1003/1439/1637 1090/1362/1637 1089/1403/1637
f 1003/1524/1638 1088/1399/1638 1004/1525/1638
f 1004/1526/1639 1083/1396/1639 983/1433/1639
f 1102/1371/1640 997/1516/1640 1051/1366/1640
f 1024/1334/1641 1090/1362/1641 1002/1335/1641
f 1067/1351/1642 1096/1350/1642 1037/1472/1642
f 1029/1520/1643 1093/1344/1643 1011/1527/1643
f 1109/1367/1644 1078/1467/1644 1035/1474/1644
f 1047/1482/1590 1125/1477/1590 1081/1478/1590
f 988/1497/1645 1124/1368/1645 1061/1475/1645
f 1121/1488/1590 1064/1496/1590 1043/1528/1590
f 1106/1490/1646 1041/1373/1646 985/1529/1646
f 1107/1489/1647 1043/1528/1647 989/1492/1647
f 1123/1485/1590 1047/1482/1590 1064/1496/1590
f 1081/1478/1590 1120/1476/1590 1044/1491/1590
f 986/1466/1648 1117/1455/1648 1036/1446/1648
f 1118/1464/1649 990/1530/1649 1033/1469/1649
f 1036/1446/1650 1108/1454/1650 1028/1340/1650
f 990/1530/1651 1105/1445/1651 1025/1531/1651
f 1015/1532/1652 1115/1338/1652 1114/1430/1652
f 1015/1400/1653 1113/1427/1653 1016/1401/1653
f 1016/1542/1654 1107/1426/1654 989/1533/1654
f 1008/1534/1655 1111/1407/1655 1009/1423/1655
f 1009/1423/1656 1110/1404/1656 1010/1418/1656
f 985/1419/1657 1110/1404/1657 1106/1406/1657
f 1124/1368/1645 1035/1474/1645 1061/1475/1645
f 1028/1340/1658 1112/1535/1658 1008/1341/1658
f 1126/1353/1659 986/1466/1659 1078/1467/1659
f 1025/1536/1660 1115/1338/1660 1014/1537/1660
f 1144/1441/1661 1148/1335/1661 1203/1333/1661
f 1251/1336/1662 1151/1337/1662 1261/1338/1662
f 1221/1339/1663 1174/1340/1663 1154/1341/1663
f 1230/1342/1664 1147/1343/1664 1239/1344/1664
f 1194/1345/1665 1192/1346/1665 1208/1347/1665
f 1250/1348/1666 1128/1349/1666 1242/1350/1666
f 1213/1351/1667 1265/1352/1667 1272/1353/1667
f 1129/1354/1668 1209/1355/1668 1195/1356/1668
f 1258/1357/1669 1175/1358/1669 1157/1359/1669
f 1231/1360/1670 1160/1361/1670 1236/1362/1670
f 1211/1363/1671 1191/1364/1671 1226/1365/1671
f 1197/1366/1672 1255/1367/1672 1270/1368/1672
f 1206/1369/1673 1233/1370/1673 1248/1371/1673
f 1215/1372/1674 1187/1373/1674 1228/1374/1674
f 1200/1375/1675 1173/1376/1675 1163/1377/1675
f 1218/1378/1676 1169/1379/1676 1166/1380/1676
f 1211/1381/1677 1168/1382/1677 1139/1383/1677
f 1217/1384/1678 1168/1382/1678 1216/1385/1678
f 1218/1386/1679 1167/1387/1679 1217/1384/1679
f 1194/1388/1680 1165/1389/1680 1141/1390/1680
f 1199/1391/1681 1165/1392/1681 1198/1393/1681
f 1200/1375/1682 1164/1394/1682 1199/1395/1682
f 1229/1396/1683 1162/1397/1683 1135/1398/1683
f 1234/1399/1684 1161/1400/1684 1162/1401/1684
f 1236/1362/1685 1161/1402/1685 1235/1403/1685
f 1256/1404/1686 1137/1405/1686 1252/1406/1686
f 1257/1407/1687 1159/1408/1687 1256/1404/1687
f 1257/1407/1688 1157/1359/1688 1158/1409/1688
f 1232/1410/1689 1145/1411/1689 1127/1412/1689
f 1237/1413/1690 1146/1414/1690 1145/1411/1690
f 1238/1415/1691 1147/1416/1691 1146/1414/1691
f 1215/1417/1692 1156/1418/1692 1131/1419/1692
f 1220/1420/1693 1156/1418/1693 1219/1421/1693
f 1221/1422/1694 1155/1423/1694 1220/1420/1694
f 1259/1424/1695 1133/1425/1695 1253/1426/1695
f 1259/1427/1696 1152/1428/1696 1153/1429/1696
f 1260/1430/1697 1151/1337/1697 1152/1431/1697
f 1201/1432/1698 1129/1433/1698 1195/1434/1698
f 1202/1435/1699 1150/1436/1699 1201/1437/1699
f 1202/1438/1700 1148/1335/1700 1149/1439/1700
f 1204/1442/1701 1170/1334/1701 1144/1441/1701
f 1262/1443/1702 1172/1444/1702 1251/1445/1702
f 1182/1446/1703 1212/1447/1703 1222/1448/1703
f 1240/1449/1704 1176/1450/1704 1230/1342/1704
f 1136/1451/1705 1231/1360/1705 1241/1452/1705
f 1138/1453/1706 1254/1454/1706 1263/1455/1706
f 1140/1456/1707 1214/1457/1707 1223/1458/1707
f 1142/1459/1708 1196/1460/1708 1205/1461/1708
f 1206/1369/1709 1178/1519/1709 1204/1463/1709
f 1264/1464/1710 1180/1465/1710 1262/1443/1710
f 1132/1466/1711 1222/1448/1711 1224/1467/1711
f 1242/1350/1712 1184/1468/1712 1240/1449/1712
f 1179/1469/1713 1241/1470/1713 1243/1471/1713
f 1183/1472/1714 1263/1455/1714 1265/1352/1714
f 1225/1473/1715 1140/1456/1715 1223/1458/1715
f 1207/1475/1716 1142/1459/1716 1205/1461/1716
f 1228/1374/1717 1266/1476/1717 1271/1477/1717
f 1227/1478/1718 1245/1479/1718 1249/1480/1718
f 1247/1481/1719 1193/1482/1719 1246/1483/1719
f 1208/1347/1717 1268/1484/1717 1269/1485/1717
f 1127/1412/1720 1245/1486/1720 1232/1410/1720
f 1133/1487/1721 1267/1488/1721 1253/1489/1721
f 1252/1490/1722 1190/1491/1722 1266/1476/1722
f 1135/1492/1723 1244/1493/1723 1229/1494/1723
f 1188/1495/1717 1269/1485/1717 1267/1488/1717
f 1244/1493/1717 1210/1496/1717 1247/1481/1717
f 1134/1497/1724 1205/1461/1724 1180/1465/1724
f 1177/1498/1725 1204/1463/1725 1140/1456/1725
f 1180/1465/1726 1196/1460/1726 1172/1444/1726
f 1140/1499/1727 1144/1441/1727 1169/1379/1727
f 1166/1380/1728 1202/1438/1728 1167/1500/1728
f 1168/1382/1729 1202/1435/1729 1201/1437/1729
f 1168/1382/1730 1195/1501/1730 1139/1383/1730
f 1151/1337/1731 1199/1395/1731 1152/1431/1731
f 1153/1502/1732 1199/1395/1732 1198/1503/1732
f 1133/1425/1733 1198/1503/1733 1194/1388/1733
f 1172/1504/1734 1200/1375/1734 1151/1337/1734
f 1130/1462/1735 1248/1371/1735 1243/1471/1735
f 1264/1464/1736 1197/1366/1736 1270/1368/1736
f 1195/1356/1737 1191/1364/1737 1139/1505/1737
f 1194/1345/1738 1188/1495/1738 1133/1487/1738
f 1166/1380/1739 1144/1441/1739 1203/1333/1739
f 1193/1482/1740 1249/1480/1740 1246/1483/1740
f 1268/1484/1717 1228/1374/1717 1271/1477/1717
f 1128/1349/1741 1223/1458/1741 1184/1468/1741
f 1181/1474/1742 1222/1448/1742 1142/1459/1742
f 1184/1468/1743 1214/1457/1743 1176/1450/1743
f 1222/1448/1744 1173/1506/1744 1142/1459/1744
f 1163/1377/1745 1220/1507/1745 1164/1394/1745
f 1164/1508/1746 1219/1509/1746 1165/1392/1746
f 1141/1510/1747 1219/1421/1747 1215/1417/1747
f 1147/1416/1748 1217/1384/1748 1146/1414/1748
f 1146/1414/1749 1216/1385/1749 1145/1411/1749
f 1127/1412/1750 1216/1385/1750 1211/1381/1750
f 1176/1450/1751 1218/1511/1751 1147/1343/1751
f 1141/1512/1752 1228/1374/1752 1192/1346/1752
f 1127/1514/1753 1226/1365/1753 1185/1513/1753
f 1255/1367/1754 1213/1351/1754 1272/1353/1754
f 1233/1370/1755 1225/1473/1755 1250/1348/1755
f 1173/1376/1756 1221/1515/1756 1163/1377/1756
f 1143/1516/1757 1250/1348/1757 1213/1351/1757
f 1246/1483/1717 1226/1365/1717 1191/1364/1717
f 1243/1471/1758 1197/1366/1758 1179/1469/1758
f 1186/1517/1717 1247/1481/1717 1209/1355/1717
f 1229/1494/1759 1186/1517/1759 1129/1354/1759
f 1137/1518/1760 1245/1479/1760 1190/1491/1760
f 1209/1355/1717 1246/1483/1717 1191/1364/1717
f 1249/1480/1717 1185/1513/1717 1226/1365/1717
f 1130/1462/1761 1241/1470/1761 1178/1519/1761
f 1183/1472/1762 1240/1449/1762 1138/1453/1762
f 1241/1452/1763 1170/1334/1763 1178/1440/1763
f 1138/1453/1764 1230/1342/1764 1175/1520/1764
f 1157/1359/1765 1238/1521/1765 1158/1409/1765
f 1159/1522/1766 1238/1415/1766 1237/1413/1766
f 1137/1523/1767 1237/1413/1767 1232/1410/1767
f 1149/1439/1768 1236/1362/1768 1235/1403/1768
f 1149/1524/1769 1234/1399/1769 1150/1525/1769
f 1150/1526/1770 1229/1396/1770 1129/1433/1770
f 1197/1366/1771 1233/1370/1771 1143/1516/1771
f 1148/1335/1772 1231/1360/1772 1236/1362/1772
f 1213/1351/1773 1242/1350/1773 1183/1472/1773
f 1175/1520/1774 1239/1344/1774 1157/1527/1774
f 1181/1474/1775 1272/1353/1775 1224/1467/1775
f 1268/1484/1776 1227/1478/1776 1193/1482/1776
f 1134/1497/1777 1270/1368/1777 1207/1475/1777
f 1267/1488/1717 1210/1496/1717 1189/1528/1717
f 1252/1490/1778 1187/1373/1778 1131/1529/1778
f 1253/1489/1779 1189/1528/1779 1135/1492/1779
f 1269/1485/1780 1193/1482/1780 1210/1496/1780
f 1227/1478/1781 1266/1476/1781 1190/1491/1781
f 1132/1466/1782 1263/1455/1782 1182/1446/1782
f 1179/1469/1783 1262/1443/1783 1136/1530/1783
f 1263/1455/1784 1174/1340/1784 1182/1446/1784
f 1136/1530/1785 1251/1445/1785 1171/1531/1785
f 1161/1532/1786 1261/1338/1786 1260/1430/1786
f 1161/1400/1787 1259/1427/1787 1162/1401/1787
f 1135/1533/1695 1259/1424/1695 1253/1426/1695
f 1154/1534/1788 1257/1407/1788 1155/1423/1788
f 1155/1423/1789 1256/1404/1789 1156/1418/1789
f 1131/1419/1790 1256/1404/1790 1252/1406/1790
f 1207/1475/1791 1255/1367/1791 1181/1474/1791
f 1154/1341/1792 1254/1454/1792 1258/1535/1792
f 1272/1353/1793 1132/1466/1793 1224/1467/1793
f 1171/1536/1794 1261/1338/1794 1160/1537/1794
f 1349/1543/1795 1316/1544/1795 1294/1545/1795
f 1397/1546/1796 1297/1547/1796 1407/1548/1796
f 1367/1549/1797 1320/1550/1797 1300/1551/1797
f 1376/1552/1798 1293/1553/1798 1385/1554/1798
f 1340/1555/1799 1338/1556/1799 1354/1557/1799
f 1396/1558/1800 1274/1559/1800 1388/1560/1800
f 1359/1561/1801 1411/1562/1801 1418/1563/1801
f 1275/1564/1802 1355/1565/1802 1341/1566/1802
f 1404/1567/1803 1321/1568/1803 1303/1569/1803
f 1377/1570/1804 1306/1571/1804 1382/1572/1804
f 1285/1573/1805 1372/1574/1805 1357/1575/1805
f 1343/1576/1806 1401/1577/1806 1416/1578/1806
f 1352/1579/1807 1379/1580/1807 1394/1581/1807
f 1361/1582/1808 1333/1583/1808 1374/1584/1808
f 1346/1585/1809 1319/1586/1809 1309/1587/1809
f 1364/1588/1810 1315/1589/1810 1312/1590/1810
f 1357/1591/1811 1314/1592/1811 1285/1593/1811
f 1362/1594/1812 1313/1595/1812 1314/1592/1812
f 1364/1596/1813 1313/1595/1813 1363/1597/1813
f 1340/1598/1814 1311/1599/1814 1287/1600/1814
f 1345/1601/1815 1311/1602/1815 1344/1603/1815
f 1346/1585/1816 1310/1604/1816 1345/1605/1816
f 1380/1606/1817 1281/1607/1817 1375/1608/1817
f 1380/1606/1818 1307/1609/1818 1308/1610/1818
f 1382/1572/1819 1307/1609/1819 1381/1611/1819
f 1402/1612/1820 1283/1613/1820 1398/1614/1820
f 1403/1615/1821 1305/1616/1821 1402/1612/1821
f 1404/1567/1822 1304/1617/1822 1403/1615/1822
f 1378/1618/1823 1291/1619/1823 1273/1620/1823
f 1383/1621/1824 1292/1622/1824 1291/1619/1824
f 1384/1623/1825 1293/1624/1825 1292/1622/1825
f 1361/1625/1826 1302/1626/1826 1277/1627/1826
f 1366/1628/1827 1302/1626/1827 1365/1629/1827
f 1367/1549/1828 1301/1630/1828 1366/1628/1828
f 1405/1631/1829 1279/1632/1829 1399/1633/1829
f 1406/1634/1830 1299/1635/1830 1405/1636/1830
f 1406/1637/1831 1297/1547/1831 1298/1638/1831
f 1347/1639/1832 1275/1640/1832 1341/1641/1832
f 1347/1642/1833 1295/1643/1833 1296/1644/1833
f 1348/1645/1834 1294/1545/1834 1295/1646/1834
f 1324/1647/1835 1290/1648/1835 1350/1649/1835
f 1408/1650/1836 1318/1651/1836 1397/1546/1836
f 1368/1652/1837 1320/1653/1837 1358/1654/1837
f 1386/1655/1838 1322/1656/1838 1376/1552/1838
f 1282/1657/1839 1377/1570/1839 1387/1658/1839
f 1284/1659/1840 1400/1660/1840 1409/1661/1840
f 1286/1662/1841 1360/1663/1841 1369/1664/1841
f 1288/1665/1842 1342/1666/1842 1351/1667/1842
f 1276/1668/1843 1350/1669/1843 1352/1670/1843
f 1410/1671/1844 1326/1672/1844 1408/1650/1844
f 1370/1673/1845 1328/1674/1845 1368/1652/1845
f 1388/1560/1846 1330/1675/1846 1386/1655/1846
f 1325/1676/1847 1387/1658/1847 1389/1677/1847
f 1329/1678/1848 1409/1661/1848 1411/1562/1848
f 1323/1679/1849 1369/1664/1849 1371/1680/1849
f 1327/1681/1850 1351/1667/1850 1353/1682/1850
f 1417/1683/1851 1333/1583/1851 1412/1684/1851
f 1373/1685/1852 1391/1686/1852 1395/1687/1852
f 1356/1688/1853 1392/1689/1853 1393/1690/1853
f 1415/1691/1854 1338/1556/1854 1414/1692/1854
f 1273/1620/1855 1391/1693/1855 1378/1618/1855
f 1279/1694/1856 1413/1695/1856 1399/1696/1856
f 1398/1697/1857 1336/1698/1857 1412/1684/1857
f 1281/1699/1858 1390/1700/1858 1375/1701/1858
f 1334/1702/1859 1415/1691/1859 1413/1695/1859
f 1335/1703/1860 1393/1690/1860 1390/1700/1860
f 1280/1704/1861 1351/1667/1861 1326/1672/1861
f 1352/1579/1862 1286/1662/1862 1323/1679/1862
f 1326/1672/1863 1342/1666/1863 1318/1651/1863
f 1350/1669/1864 1315/1705/1864 1286/1706/1864
f 1313/1707/1865 1349/1543/1865 1348/1645/1865
f 1314/1592/1866 1348/1708/1866 1347/1642/1866
f 1314/1592/1867 1341/1709/1867 1285/1593/1867
f 1297/1547/1868 1345/1605/1868 1298/1638/1868
f 1299/1635/1869 1345/1601/1869 1344/1603/1869
f 1279/1632/1870 1344/1710/1870 1340/1598/1870
f 1318/1651/1871 1346/1585/1871 1297/1547/1871
f 1276/1711/1872 1394/1581/1872 1389/1712/1872
f 1325/1713/1873 1416/1578/1873 1410/1714/1873
f 1285/1573/1874 1355/1565/1874 1337/1715/1874
f 1340/1555/1875 1334/1702/1875 1279/1694/1875
f 1312/1716/1876 1290/1717/1876 1349/1543/1876
f 1339/1718/1877 1395/1687/1877 1392/1689/1877
f 1414/1692/1878 1374/1584/1878 1417/1683/1878
f 1274/1559/1879 1369/1664/1879 1330/1675/1879
f 1370/1673/1880 1288/1719/1880 1327/1720/1880
f 1330/1675/1881 1360/1663/1881 1322/1656/1881
f 1368/1652/1882 1319/1721/1882 1288/1719/1882
f 1309/1587/1883 1366/1722/1883 1310/1604/1883
f 1310/1723/1884 1365/1724/1884 1311/1602/1884
f 1287/1725/1885 1365/1629/1885 1361/1625/1885
f 1292/1622/1886 1364/1596/1886 1363/1597/1886
f 1291/1619/1887 1363/1597/1887 1362/1594/1887
f 1273/1620/1888 1362/1594/1888 1357/1591/1888
f 1322/1656/1889 1364/1588/1889 1293/1553/1889
f 1361/1582/1890 1338/1556/1890 1287/1726/1890
f 1357/1575/1891 1331/1727/1891 1273/1728/1891
f 1401/1577/1892 1359/1561/1892 1418/1563/1892
f 1379/1580/1893 1371/1680/1893 1396/1558/1893
f 1319/1729/1894 1367/1549/1894 1309/1730/1894
f 1289/1731/1895 1396/1558/1895 1359/1561/1895
f 1392/1689/1896 1372/1574/1896 1337/1715/1896
f 1389/1712/1897 1343/1576/1897 1325/1713/1897
f 1332/1732/1898 1393/1690/1898 1355/1565/1898
f 1375/1701/1899 1332/1732/1899 1275/1564/1899
f 1378/1733/1900 1336/1698/1900 1283/1734/1900
f 1355/1565/1901 1392/1689/1901 1337/1715/1901
f 1395/1687/1902 1331/1727/1902 1372/1574/1902
f 1389/1677/1903 1324/1735/1903 1276/1668/1903
f 1329/1678/1904 1386/1655/1904 1284/1659/1904
f 1387/1658/1905 1316/1544/1905 1324/1735/1905
f 1284/1659/1906 1376/1552/1906 1321/1736/1906
f 1303/1569/1907 1384/1737/1907 1304/1617/1907
f 1305/1738/1908 1384/1623/1908 1383/1621/1908
f 1283/1739/1909 1383/1621/1909 1378/1618/1909
f 1295/1646/1910 1382/1572/1910 1381/1611/1910
f 1296/1740/1911 1381/1741/1911 1380/1742/1911
f 1296/1743/1912 1375/1608/1912 1275/1640/1912
f 1394/1581/1913 1289/1731/1913 1343/1576/1913
f 1294/1545/1914 1377/1570/1914 1382/1572/1914
f 1359/1561/1915 1388/1560/1915 1329/1678/1915
f 1321/1736/1916 1385/1554/1916 1303/1744/1916
f 1327/1720/1917 1418/1563/1917 1370/1673/1917
f 1339/1718/1918 1417/1683/1918 1373/1685/1918
f 1280/1704/1919 1416/1745/1919 1353/1682/1919
f 1413/1695/1920 1356/1688/1920 1335/1703/1920
f 1398/1697/1921 1333/1583/1921 1277/1746/1921
f 1399/1696/1922 1335/1703/1922 1281/1699/1922
f 1415/1691/1923 1339/1718/1923 1356/1688/1923
f 1373/1685/1924 1412/1684/1924 1336/1698/1924
f 1411/1562/1925 1328/1674/1925 1278/1747/1925
f 1325/1748/1926 1408/1650/1926 1282/1749/1926
f 1409/1661/1927 1320/1653/1927 1328/1674/1927
f 1282/1749/1928 1397/1546/1928 1317/1750/1928
f 1307/1609/1929 1407/1751/1929 1406/1752/1929
f 1307/1753/1930 1405/1636/1930 1308/1754/1930
f 1281/1755/1829 1405/1631/1829 1399/1633/1829
f 1300/1551/1931 1403/1615/1931 1301/1630/1931
f 1301/1630/1932 1402/1612/1932 1302/1626/1932
f 1302/1626/1933 1398/1614/1933 1277/1627/1933
f 1353/1682/1934 1401/1756/1934 1327/1681/1934
f 1300/1551/1935 1400/1757/1935 1404/1567/1935
f 1418/1563/1936 1278/1747/1936 1370/1673/1936
f 1317/1750/1937 1407/1548/1937 1306/1758/1937
f 1436/1441/1938 1440/1335/1938 1495/1333/1938
f 1543/1336/1939 1443/1337/1939 1553/1338/1939
f 1504/1447/1940 1446/1341/1940 1513/1339/1940
f 1531/1344/1941 1468/1450/1941 1439/1343/1941
f 1486/1345/1942 1484/1346/1942 1500/1347/1942
f 1542/1348/1943 1420/1349/1943 1534/1350/1943
f 1505/1351/1944 1557/1352/1944 1564/1353/1944
f 1421/1354/1945 1501/1355/1945 1487/1356/1945
f 1550/1357/1946 1467/1358/1946 1449/1359/1946
f 1523/1360/1947 1452/1361/1947 1528/1362/1947
f 1503/1363/1948 1483/1364/1948 1518/1365/1948
f 1489/1366/1949 1547/1367/1949 1562/1368/1949
f 1498/1369/1950 1525/1370/1950 1540/1371/1950
f 1507/1372/1951 1479/1373/1951 1520/1374/1951
f 1492/1375/1952 1465/1376/1952 1455/1377/1952
f 1510/1378/1953 1461/1379/1953 1458/1380/1953
f 1503/1381/1954 1460/1382/1954 1431/1383/1954
f 1509/1384/1955 1460/1382/1955 1508/1385/1955
f 1510/1386/1956 1459/1387/1956 1509/1384/1956
f 1486/1388/1957 1457/1389/1957 1433/1390/1957
f 1491/1391/1958 1457/1392/1958 1490/1393/1958
f 1492/1375/1959 1456/1394/1959 1491/1395/1959
f 1521/1396/1960 1454/1397/1960 1427/1398/1960
f 1526/1399/1961 1453/1400/1961 1454/1401/1961
f 1528/1362/1962 1453/1402/1962 1527/1403/1962
f 1548/1404/1963 1429/1405/1963 1544/1406/1963
f 1549/1407/1964 1451/1408/1964 1548/1404/1964
f 1549/1407/1965 1449/1359/1965 1450/1409/1965
f 1524/1410/1966 1437/1411/1966 1419/1412/1966
f 1530/1415/1967 1437/1411/1967 1529/1413/1967
f 1530/1415/1968 1439/1416/1968 1438/1414/1968
f 1507/1417/1969 1448/1418/1969 1423/1419/1969
f 1512/1420/1970 1448/1418/1970 1511/1421/1970
f 1513/1422/1971 1447/1423/1971 1512/1420/1971
f 1551/1424/1972 1425/1425/1972 1545/1426/1972
f 1551/1427/1973 1444/1428/1973 1445/1429/1973
f 1552/1430/1974 1443/1337/1974 1444/1431/1974
f 1493/1432/1975 1421/1433/1975 1487/1434/1975
f 1493/1437/1976 1441/1539/1976 1442/1436/1976
f 1494/1438/1977 1440/1335/1977 1441/1439/1977
f 1496/1442/1978 1462/1334/1978 1436/1441/1978
f 1554/1443/1979 1464/1444/1979 1543/1445/1979
f 1474/1446/1980 1504/1447/1980 1514/1448/1980
f 1476/1468/1981 1522/1342/1981 1532/1449/1981
f 1428/1451/1982 1523/1360/1982 1533/1452/1982
f 1430/1453/1983 1546/1454/1983 1555/1455/1983
f 1432/1456/1984 1506/1457/1984 1515/1458/1984
f 1434/1459/1985 1488/1460/1985 1497/1461/1985
f 1422/1462/1986 1496/1463/1986 1498/1369/1986
f 1556/1464/1987 1472/1465/1987 1554/1443/1987
f 1424/1466/1988 1514/1448/1988 1516/1467/1988
f 1420/1349/1989 1532/1449/1989 1534/1350/1989
f 1535/1471/1990 1428/1530/1990 1533/1470/1990
f 1475/1472/1991 1555/1455/1991 1557/1352/1991
f 1517/1473/1992 1432/1456/1992 1515/1458/1992
f 1473/1474/1993 1497/1461/1993 1499/1475/1993
f 1563/1477/1994 1479/1373/1994 1558/1476/1994
f 1519/1478/1994 1537/1479/1994 1541/1480/1994
f 1539/1481/1994 1485/1482/1994 1538/1483/1994
f 1500/1347/1994 1560/1484/1994 1561/1485/1994
f 1524/1410/1995 1477/1540/1995 1537/1486/1995
f 1545/1489/1996 1480/1495/1996 1559/1488/1996
f 1544/1490/1997 1482/1491/1997 1558/1476/1997
f 1427/1492/1998 1536/1493/1998 1521/1494/1998
f 1480/1495/1994 1561/1485/1994 1559/1488/1994
f 1536/1493/1994 1502/1496/1994 1539/1481/1994
f 1426/1497/1993 1497/1461/1993 1472/1465/1993
f 1469/1498/1999 1496/1463/1999 1432/1456/1999
f 1472/1465/2000 1488/1460/2000 1464/1444/2000
f 1432/1499/2001 1436/1441/2001 1461/1379/2001
f 1458/1380/2002 1494/1438/2002 1459/1500/2002
f 1460/1382/2003 1494/1435/2003 1493/1437/2003
f 1460/1382/2004 1487/1501/2004 1431/1383/2004
f 1443/1337/2005 1491/1395/2005 1444/1431/2005
f 1445/1502/2006 1491/1395/2006 1490/1503/2006
f 1425/1425/2007 1490/1503/2007 1486/1388/2007
f 1464/1504/2008 1492/1375/2008 1443/1337/2008
f 1422/1462/2009 1540/1371/2009 1535/1471/2009
f 1556/1464/2010 1489/1366/2010 1562/1368/2010
f 1487/1356/2011 1483/1364/2011 1431/1505/2011
f 1486/1345/2012 1480/1495/2012 1425/1487/2012
f 1458/1380/2013 1436/1441/2013 1495/1333/2013
f 1485/1482/1994 1541/1480/1994 1538/1483/1994
f 1560/1484/1994 1520/1374/1994 1563/1477/1994
f 1517/1473/2014 1476/1468/2014 1420/1349/2014
f 1473/1474/2015 1514/1448/2015 1434/1459/2015
f 1515/1458/2016 1468/1450/2016 1476/1468/2016
f 1514/1448/2017 1465/1506/2017 1434/1459/2017
f 1455/1377/2018 1512/1507/2018 1456/1394/2018
f 1456/1508/2019 1511/1509/2019 1457/1392/2019
f 1433/1510/2020 1511/1421/2020 1507/1417/2020
f 1439/1416/2021 1509/1384/2021 1438/1414/2021
f 1438/1414/2022 1508/1385/2022 1437/1411/2022
f 1419/1412/2023 1508/1385/2023 1503/1381/2023
f 1439/1343/2024 1506/1457/2024 1510/1511/2024
f 1507/1372/2025 1484/1346/2025 1433/1512/2025
f 1419/1514/2026 1518/1365/2026 1477/1513/2026
f 1547/1367/2027 1505/1351/2027 1564/1353/2027
f 1525/1370/2028 1517/1473/2028 1542/1348/2028
f 1465/1376/2029 1513/1515/2029 1455/1377/2029
f 1435/1516/2030 1542/1348/2030 1505/1351/2030
f 1538/1483/1994 1518/1365/1994 1483/1364/1994
f 1535/1471/2031 1489/1366/2031 1471/1469/2031
f 1478/1517/1994 1539/1481/1994 1501/1355/1994
f 1521/1494/2032 1478/1517/2032 1421/1354/2032
f 1429/1518/2033 1537/1479/2033 1482/1491/2033
f 1501/1355/1994 1538/1483/1994 1483/1364/1994
f 1541/1480/1994 1477/1513/1994 1518/1365/1994
f 1422/1462/2034 1533/1470/2034 1470/1519/2034
f 1475/1472/2035 1532/1449/2035 1430/1453/2035
f 1470/1440/2036 1523/1360/2036 1462/1334/2036
f 1430/1453/2037 1522/1342/2037 1467/1520/2037
f 1449/1359/2038 1530/1521/2038 1450/1409/2038
f 1450/1541/2039 1529/1413/2039 1451/1522/2039
f 1429/1523/2040 1529/1413/2040 1524/1410/2040
f 1441/1439/2041 1528/1362/2041 1527/1403/2041
f 1441/1524/2042 1526/1399/2042 1442/1525/2042
f 1442/1526/2043 1521/1396/2043 1421/1433/2043
f 1540/1371/2044 1435/1516/2044 1489/1366/2044
f 1462/1334/2045 1528/1362/2045 1440/1335/2045
f 1505/1351/2046 1534/1350/2046 1475/1472/2046
f 1467/1520/2047 1531/1344/2047 1449/1527/2047
f 1547/1367/2048 1516/1467/2048 1473/1474/2048
f 1485/1482/1994 1563/1477/1994 1519/1478/1994
f 1426/1497/2049 1562/1368/2049 1499/1475/2049
f 1559/1488/1994 1502/1496/1994 1481/1528/1994
f 1544/1490/2050 1479/1373/2050 1423/1529/2050
f 1545/1489/2051 1481/1528/2051 1427/1492/2051
f 1561/1485/1994 1485/1482/1994 1502/1496/1994
f 1519/1478/1994 1558/1476/1994 1482/1491/1994
f 1424/1466/2052 1555/1455/2052 1474/1446/2052
f 1556/1464/2053 1428/1530/2053 1471/1469/2053
f 1474/1446/2054 1546/1454/2054 1466/1340/2054
f 1428/1530/2055 1543/1445/2055 1463/1531/2055
f 1453/1532/2056 1553/1338/2056 1552/1430/2056
f 1453/1400/2057 1551/1427/2057 1454/1401/2057
f 1454/1542/2058 1545/1426/2058 1427/1533/2058
f 1446/1534/2059 1549/1407/2059 1447/1423/2059
f 1447/1423/2060 1548/1404/2060 1448/1418/2060
f 1423/1419/2061 1548/1404/2061 1544/1406/2061
f 1562/1368/2049 1473/1474/2049 1499/1475/2049
f 1466/1340/2062 1550/1535/2062 1446/1341/2062
f 1564/1353/2063 1424/1466/2063 1516/1467/2063
f 1463/1536/2064 1553/1338/2064 1452/1537/2064
f 1582/1441/2065 1586/1335/2065 1641/1333/2065
f 1689/1336/2066 1589/1337/2066 1699/1338/2066
f 1659/1339/2067 1612/1340/2067 1592/1341/2067
f 1677/1344/2068 1614/1450/2068 1585/1343/2068
f 1632/1345/2069 1630/1346/2069 1646/1347/2069
f 1688/1348/2070 1566/1349/2070 1680/1350/2070
f 1651/1351/2071 1703/1352/2071 1710/1353/2071
f 1567/1354/2072 1647/1355/2072 1633/1356/2072
f 1692/1759/2073 1595/1359/2073 1696/1357/2073
f 1669/1360/2074 1598/1361/2074 1674/1362/2074
f 1649/1363/2075 1629/1364/2075 1664/1365/2075
f 1635/1366/2076 1693/1367/2076 1708/1368/2076
f 1644/1369/2077 1671/1370/2077 1686/1371/2077
f 1569/1529/2078 1666/1374/2078 1653/1372/2078
f 1638/1375/2079 1611/1376/2079 1601/1377/2079
f 1656/1378/2080 1607/1379/2080 1604/1380/2080
f 1654/1385/2081 1577/1383/2081 1649/1381/2081
f 1655/1384/2082 1606/1382/2082 1654/1385/2082
f 1656/1386/2083 1605/1387/2083 1655/1384/2083
f 1636/1503/2084 1579/1390/2084 1632/1388/2084
f 1637/1391/2085 1603/1392/2085 1636/1393/2085
f 1638/1375/2086 1602/1394/2086 1637/1395/2086
f 1667/1396/2087 1600/1397/2087 1573/1398/2087
f 1672/1399/2088 1599/1400/2088 1600/1401/2088
f 1674/1362/2089 1599/1402/2089 1673/1403/2089
f 1690/1406/2090 1597/1408/2090 1575/1405/2090
f 1694/1404/2091 1596/1409/2091 1597/1408/2091
f 1695/1407/2092 1595/1359/2092 1596/1409/2092
f 1670/1410/2093 1583/1411/2093 1565/1412/2093
f 1676/1415/2094 1583/1411/2094 1675/1413/2094
f 1676/1415/2095 1585/1416/2095 1584/1414/2095
f 1653/1417/2096 1594/1418/2096 1569/1419/2096
f 1657/1421/2097 1593/1423/2097 1594/1418/2097
f 1659/1422/2098 1593/1423/2098 1658/1420/2098
f 1697/1424/2099 1571/1425/2099 1691/1426/2099
f 1698/1538/2100 1591/1429/2100 1697/1427/2100
f 1698/1430/2101 1589/1337/2101 1590/1431/2101
f 1639/1432/2102 1567/1433/2102 1633/1434/2102
f 1639/1437/2103 1587/1539/2103 1588/1436/2103
f 1640/1438/2104 1586/1335/2104 1587/1439/2104
f 1642/1442/2105 1608/1334/2105 1582/1441/2105
f 1700/1443/2106 1610/1444/2106 1689/1445/2106
f 1620/1446/2107 1650/1447/2107 1660/1448/2107
f 1622/1468/2108 1668/1342/2108 1678/1449/2108
f 1574/1451/2109 1669/1360/2109 1679/1452/2109
f 1576/1453/2110 1692/1454/2110 1701/1455/2110
f 1578/1456/2111 1652/1457/2111 1661/1458/2111
f 1580/1459/2112 1634/1460/2112 1643/1461/2112
f 1568/1462/2113 1642/1463/2113 1644/1369/2113
f 1572/1497/2114 1700/1443/2114 1702/1464/2114
f 1662/1467/2115 1620/1446/2115 1660/1448/2115
f 1566/1349/2116 1678/1449/2116 1680/1350/2116
f 1681/1471/2117 1574/1530/2117 1679/1470/2117
f 1621/1472/2118 1701/1455/2118 1703/1352/2118
f 1615/1498/2119 1661/1458/2119 1663/1473/2119
f 1619/1474/2120 1643/1461/2120 1645/1475/2120
f 1709/1477/2121 1625/1373/2121 1704/1476/2121
f 1665/1478/2122 1683/1479/2122 1687/1480/2122
f 1685/1481/2123 1631/1482/2123 1684/1483/2123
f 1646/1347/2124 1706/1484/2124 1707/1485/2124
f 1670/1410/2125 1623/1540/2125 1683/1486/2125
f 1691/1489/2126 1626/1495/2126 1705/1488/2126
f 1575/1518/2127 1704/1476/2127 1690/1490/2127
f 1573/1492/2128 1682/1493/2128 1667/1494/2128
f 1626/1495/2129 1707/1485/2129 1705/1488/2129
f 1682/1493/2130 1648/1496/2130 1685/1481/2130
f 1572/1497/2120 1643/1461/2120 1618/1465/2120
f 1615/1498/2131 1642/1463/2131 1578/1456/2131
f 1618/1465/2132 1634/1460/2132 1610/1444/2132
f 1578/1499/2133 1582/1441/2133 1607/1379/2133
f 1604/1380/2134 1640/1438/2134 1605/1500/2134
f 1606/1382/2135 1640/1435/2135 1639/1437/2135
f 1606/1382/2136 1633/1501/2136 1577/1383/2136
f 1589/1337/2137 1637/1395/2137 1590/1431/2137
f 1590/1431/2138 1636/1503/2138 1591/1502/2138
f 1591/1502/2139 1632/1388/2139 1571/1425/2139
f 1610/1504/2140 1638/1375/2140 1589/1337/2140
f 1568/1462/2141 1686/1371/2141 1681/1471/2141
f 1702/1464/2142 1635/1366/2142 1708/1368/2142
f 1633/1356/2143 1629/1364/2143 1577/1505/2143
f 1632/1345/2144 1626/1495/2144 1571/1487/2144
f 1607/1379/2145 1641/1333/2145 1604/1380/2145
f 1631/1482/2146 1687/1480/2146 1684/1483/2146
f 1706/1484/2147 1666/1374/2147 1709/1477/2147
f 1663/1473/2148 1622/1468/2148 1566/1349/2148
f 1619/1474/2149 1660/1448/2149 1580/1459/2149
f 1661/1458/2150 1614/1450/2150 1622/1468/2150
f 1580/1459/2151 1650/1447/2151 1611/1506/2151
f 1601/1377/2152 1658/1507/2152 1602/1394/2152
f 1602/1508/2153 1657/1509/2153 1603/1392/2153
f 1579/1510/2154 1657/1421/2154 1653/1417/2154
f 1585/1416/2155 1655/1384/2155 1584/1414/2155
f 1584/1414/2156 1654/1385/2156 1583/1411/2156
f 1565/1412/2157 1654/1385/2157 1649/1381/2157
f 1585/1343/2158 1652/1457/2158 1656/1511/2158
f 1653/1372/2159 1630/1346/2159 1579/1512/2159
f 1565/1514/2160 1664/1365/2160 1623/1513/2160
f 1693/1367/2161 1651/1351/2161 1710/1353/2161
f 1671/1370/2162 1663/1473/2162 1688/1348/2162
f 1611/1376/2163 1659/1515/2163 1601/1377/2163
f 1581/1516/2164 1688/1348/2164 1651/1351/2164
f 1684/1483/2165 1664/1365/2165 1629/1364/2165
f 1681/1471/2166 1635/1366/2166 1617/1469/2166
f 1624/1517/2165 1685/1481/2165 1647/1355/2165
f 1667/1494/2167 1624/1517/2167 1567/1354/2167
f 1575/1518/2168 1683/1479/2168 1628/1491/2168
f 1647/1355/2165 1684/1483/2165 1629/1364/2165
f 1687/1480/2169 1623/1513/2169 1664/1365/2169
f 1568/1462/2170 1679/1470/2170 1616/1519/2170
f 1621/1472/2171 1678/1449/2171 1576/1453/2171
f 1616/1440/2172 1669/1360/2172 1608/1334/2172
f 1576/1453/2173 1668/1342/2173 1613/1520/2173
f 1595/1359/2174 1676/1521/2174 1596/1409/2174
f 1596/1541/2175 1675/1413/2175 1597/1522/2175
f 1575/1523/2176 1675/1413/2176 1670/1410/2176
f 1587/1439/2177 1674/1362/2177 1673/1403/2177
f 1588/1525/2178 1673/1760/2178 1672/1399/2178
f 1588/1526/2179 1667/1396/2179 1567/1433/2179
f 1686/1371/2180 1581/1516/2180 1635/1366/2180
f 1608/1334/2181 1674/1362/2181 1586/1335/2181
f 1651/1351/2182 1680/1350/2182 1621/1472/2182
f 1613/1520/2183 1677/1344/2183 1595/1527/2183
f 1693/1367/2184 1662/1467/2184 1619/1474/2184
f 1631/1482/2185 1709/1477/2185 1665/1478/2185
f 1572/1497/2186 1708/1368/2186 1645/1475/2186
f 1705/1488/2187 1648/1496/2187 1627/1528/2187
f 1690/1490/2188 1625/1373/2188 1569/1529/2188
f 1691/1489/2189 1627/1528/2189 1573/1492/2189
f 1707/1485/2190 1631/1482/2190 1648/1496/2190
f 1709/1477/2191 1628/1491/2191 1665/1478/2191
f 1570/1466/2192 1701/1455/2192 1620/1446/2192
f 1702/1464/2193 1574/1530/2193 1617/1469/2193
f 1620/1446/2194 1692/1454/2194 1612/1340/2194
f 1574/1530/2195 1689/1445/2195 1609/1531/2195
f 1599/1532/2196 1699/1338/2196 1698/1430/2196
f 1599/1400/2197 1697/1427/2197 1600/1401/2197
f 1573/1533/2198 1697/1424/2198 1691/1426/2198
f 1592/1534/2199 1695/1407/2199 1593/1423/2199
f 1594/1418/2200 1695/1407/2200 1694/1404/2200
f 1569/1419/2201 1694/1404/2201 1690/1406/2201
f 1708/1368/2186 1619/1474/2186 1645/1475/2186
f 1612/1340/2202 1696/1535/2202 1592/1341/2202
f 1710/1353/2203 1570/1466/2203 1662/1467/2203
f 1609/1536/2204 1699/1338/2204 1598/1537/2204
f 1728/1761/2205 1732/1762/2205 1787/1763/2205
f 1845/1764/2206 1756/1765/2206 1735/1766/2206
f 1796/1767/2207 1738/1768/2207 1805/1769/2207
f 1814/1770/2208 1731/1771/2208 1823/1772/2208
f 1778/1773/2209 1776/1774/2209 1792/1775/2209
f 1834/1776/2210 1712/1777/2210 1826/1778/2210
f 1797/1779/2211 1849/1780/2211 1856/1781/2211
f 1713/1782/2212 1793/1783/2212 1779/1784/2212
f 1838/1785/2213 1741/1786/2213 1842/1787/2213
f 1820/1788/2214 1755/1789/2214 1744/1790/2214
f 1795/1791/2215 1775/1792/2215 1810/1793/2215
f 1781/1794/2216 1839/1795/2216 1854/1796/2216
f 1790/1797/2217 1817/1798/2217 1832/1799/2217
f 1799/1800/2218 1771/1801/2218 1812/1802/2218
f 1784/1803/2219 1757/1804/2219 1747/1805/2219
f 1802/1806/2220 1753/1807/2220 1750/1808/2220
f 1800/1809/2221 1723/1810/2221 1795/1811/2221
f 1801/1812/2222 1752/1813/2222 1800/1809/2222
f 1802/1814/2223 1751/1815/2223 1801/1812/2223
f 1778/1816/2224 1749/1817/2224 1725/1818/2224
f 1783/1819/2225 1749/1820/2225 1782/1821/2225
f 1784/1803/2226 1748/1822/2226 1783/1823/2226
f 1813/1824/2227 1746/1825/2227 1719/1826/2227
f 1818/1827/2228 1745/1828/2228 1746/1829/2228
f 1820/1788/2229 1745/1830/2229 1819/1831/2229
f 1840/1832/2230 1721/1833/2230 1836/1834/2230
f 1841/1835/2231 1743/1836/2231 1840/1832/2231
f 1842/1787/2232 1742/1837/2232 1841/1835/2232
f 1816/1838/2233 1729/1839/2233 1711/1840/2233
f 1822/1841/2234 1729/1839/2234 1821/1842/2234
f 1822/1841/2235 1731/1843/2235 1730/1844/2235
f 1799/1845/2236 1740/1846/2236 1715/1847/2236
f 1804/1848/2237 1740/1846/2237 1803/1849/2237
f 1805/1850/2238 1739/1851/2238 1804/1848/2238
f 1843/1852/2239 1717/1853/2239 1837/1854/2239
f 1843/1855/2240 1736/1856/2240 1737/1857/2240
f 1844/1858/2241 1735/1766/2241 1736/1859/2241
f 1785/1860/2242 1713/1861/2242 1779/1862/2242
f 1785/1863/2243 1733/1864/2243 1734/1865/2243
f 1786/1866/2244 1732/1762/2244 1733/1867/2244
f 1762/1868/2245 1728/1761/2245 1788/1869/2245
f 1846/1870/2246 1756/1871/2246 1835/1872/2246
f 1766/1873/2247 1796/1767/2247 1806/1874/2247
f 1768/1875/2248 1814/1770/2248 1824/1876/2248
f 1720/1877/2249 1815/1878/2249 1825/1879/2249
f 1722/1880/2250 1838/1881/2250 1847/1882/2250
f 1724/1883/2251 1798/1884/2251 1807/1885/2251
f 1726/1886/2252 1780/1887/2252 1789/1888/2252
f 1714/1889/2253 1788/1890/2253 1790/1797/2253
f 1848/1891/2254 1764/1892/2254 1846/1870/2254
f 1716/1893/2255 1806/1874/2255 1808/1894/2255
f 1712/1777/2256 1824/1876/2256 1826/1778/2256
f 1827/1895/2257 1720/1896/2257 1825/1897/2257
f 1767/1898/2258 1847/1882/2258 1849/1780/2258
f 1809/1899/2259 1724/1883/2259 1807/1885/2259
f 1765/1900/2260 1789/1888/2260 1791/1901/2260
f 1812/1802/2261 1850/1902/2261 1855/1903/2261
f 1811/1904/2262 1829/1905/2262 1833/1906/2262
f 1831/1907/2263 1777/1908/2263 1830/1909/2263
f 1792/1775/2264 1852/1910/2264 1853/1911/2264
f 1816/1838/2265 1769/1912/2265 1829/1913/2265
f 1837/1914/2266 1772/1915/2266 1851/1916/2266
f 1836/1917/2267 1774/1918/2267 1850/1902/2267
f 1719/1919/2268 1828/1920/2268 1813/1921/2268
f 1772/1915/2269 1853/1911/2269 1851/1916/2269
f 1828/1920/2270 1794/1922/2270 1831/1907/2270
f 1718/1923/2271 1789/1888/2271 1764/1892/2271
f 1761/1924/2272 1788/1890/2272 1724/1883/2272
f 1764/1892/2273 1780/1887/2273 1756/1871/2273
f 1724/1925/2274 1728/1761/2274 1753/1807/2274
f 1751/1926/2275 1787/1763/2275 1786/1866/2275
f 1752/1813/2276 1786/1927/2276 1785/1863/2276
f 1752/1813/2277 1779/1928/2277 1723/1810/2277
f 1735/1766/2278 1783/1823/2278 1736/1859/2278
f 1737/1929/2279 1783/1823/2279 1782/1930/2279
f 1717/1853/2280 1782/1930/2280 1778/1816/2280
f 1756/1765/2281 1784/1803/2281 1735/1766/2281
f 1714/1889/2282 1832/1799/2282 1827/1895/2282
f 1848/1891/2283 1781/1794/2283 1854/1796/2283
f 1779/1784/2284 1775/1792/2284 1723/1931/2284
f 1778/1773/2285 1772/1915/2285 1717/1932/2285
f 1753/1807/2286 1787/1763/2286 1750/1808/2286
f 1777/1908/2287 1833/1906/2287 1830/1909/2287
f 1852/1910/2288 1812/1802/2288 1855/1903/2288
f 1809/1899/2289 1768/1875/2289 1712/1777/2289
f 1765/1900/2290 1806/1874/2290 1726/1886/2290
f 1807/1885/2291 1760/1933/2291 1768/1875/2291
f 1806/1874/2292 1757/1934/2292 1726/1886/2292
f 1747/1805/2293 1804/1935/2293 1748/1822/2293
f 1748/1936/2294 1803/1937/2294 1749/1820/2294
f 1725/1938/2295 1803/1849/2295 1799/1845/2295
f 1731/1843/2296 1801/1812/2296 1730/1844/2296
f 1730/1844/2297 1800/1809/2297 1729/1839/2297
f 1711/1840/2298 1800/1809/2298 1795/1811/2298
f 1760/1933/2299 1802/1939/2299 1731/1771/2299
f 1799/1800/2300 1776/1774/2300 1725/1940/2300
f 1711/1941/2301 1810/1793/2301 1769/1942/2301
f 1839/1795/2302 1797/1779/2302 1856/1781/2302
f 1817/1798/2303 1809/1899/2303 1834/1776/2303
f 1757/1804/2304 1805/1943/2304 1747/1805/2304
f 1727/1944/2305 1834/1776/2305 1797/1779/2305
f 1830/1909/2306 1810/1793/2306 1775/1792/2306
f 1827/1895/2307 1781/1794/2307 1763/1945/2307
f 1770/1946/2308 1831/1907/2308 1793/1783/2308
f 1813/1921/2309 1770/1946/2309 1713/1782/2309
f 1721/1947/2310 1829/1905/2310 1774/1918/2310
f 1793/1783/2311 1830/1909/2311 1775/1792/2311
f 1833/1906/2312 1769/1942/2312 1810/1793/2312
f 1714/1889/2313 1825/1897/2313 1762/1948/2313
f 1767/1898/2314 1824/1876/2314 1722/1880/2314
f 1762/1868/2315 1815/1878/2315 1754/1949/2315
f 1722/1880/2316 1814/1770/2316 1759/1950/2316
f 1741/1786/2317 1822/1951/2317 1742/1837/2317
f 1742/1952/2318 1821/1842/2318 1743/1953/2318
f 1721/1954/2319 1821/1842/2319 1816/1838/2319
f 1733/1867/2320 1820/1788/2320 1819/1831/2320
f 1733/1955/2321 1818/1827/2321 1734/1956/2321
f 1713/1861/2322 1818/1957/2322 1813/1824/2322
f 1832/1799/2323 1727/1944/2323 1781/1794/2323
f 1754/1949/2324 1820/1788/2324 1732/1762/2324
f 1797/1779/2325 1826/1778/2325 1767/1898/2325
f 1759/1950/2326 1823/1772/2326 1741/1958/2326
f 1839/1795/2327 1808/1894/2327 1765/1900/2327
f 1777/1908/2263 1855/1903/2263 1811/1904/2263
f 1718/1923/2328 1854/1796/2328 1791/1901/2328
f 1851/1916/2329 1794/1922/2329 1773/1959/2329
f 1836/1917/2330 1771/1801/2330 1715/1960/2330
f 1837/1914/2331 1773/1959/2331 1719/1919/2331
f 1853/1911/2263 1777/1908/2263 1794/1922/2263
f 1811/1904/2332 1850/1902/2332 1774/1918/2332
f 1716/1893/2333 1847/1882/2333 1766/1873/2333
f 1848/1891/2334 1720/1896/2334 1763/1945/2334
f 1766/1873/2335 1838/1881/2335 1758/1961/2335
f 1720/1896/2336 1835/1872/2336 1755/1962/2336
f 1745/1963/2337 1845/1764/2337 1844/1858/2337
f 1746/1829/2338 1844/1964/2338 1843/1855/2338
f 1719/1965/2239 1843/1852/2239 1837/1854/2239
f 1738/1966/2339 1841/1835/2339 1739/1851/2339
f 1739/1851/2340 1840/1832/2340 1740/1846/2340
f 1715/1847/2341 1840/1832/2341 1836/1834/2341
f 1854/1796/2328 1765/1900/2328 1791/1901/2328
f 1758/1961/2342 1842/1967/2342 1738/1768/2342
f 1856/1781/2343 1716/1893/2343 1808/1894/2343
f 1755/1968/2344 1845/1764/2344 1744/1969/2344
f 1933/1333/2345 1900/1334/2345 1878/1335/2345
f 1981/1336/2346 1881/1337/2346 1991/1338/2346
f 1951/1339/2347 1904/1340/2347 1884/1341/2347
f 1960/1342/2348 1877/1343/2348 1969/1344/2348
f 1924/1345/2349 1922/1346/2349 1938/1347/2349
f 1980/1348/2350 1858/1349/2350 1972/1350/2350
f 1943/1351/2351 1995/1352/2351 2002/1353/2351
f 1859/1354/2352 1939/1355/2352 1925/1356/2352
f 1988/1357/2353 1905/1358/2353 1887/1359/2353
f 1961/1360/2354 1890/1361/2354 1966/1362/2354
f 1941/1363/2355 1921/1364/2355 1956/1365/2355
f 1927/1366/2356 1985/1367/2356 2000/1368/2356
f 1936/1369/2357 1963/1370/2357 1978/1371/2357
f 1945/1372/2358 1917/1373/2358 1958/1374/2358
f 1930/1375/2359 1903/1376/2359 1893/1377/2359
f 1948/1378/2360 1899/1379/2360 1896/1380/2360
f 1941/1381/2361 1898/1382/2361 1869/1383/2361
f 1947/1384/2362 1898/1382/2362 1946/1385/2362
f 1948/1386/2363 1897/1387/2363 1947/1384/2363
f 1924/1388/2364 1895/1389/2364 1871/1390/2364
f 1929/1391/2365 1895/1392/2365 1928/1393/2365
f 1930/1375/2366 1894/1394/2366 1929/1395/2366
f 1959/1396/2367 1892/1397/2367 1865/1398/2367
f 1964/1399/2368 1891/1400/2368 1892/1401/2368
f 1966/1362/2369 1891/1402/2369 1965/1403/2369
f 1986/1404/2370 1867/1405/2370 1982/1406/2370
f 1987/1407/2371 1889/1408/2371 1986/1404/2371
f 1987/1407/2372 1887/1359/2372 1888/1409/2372
f 1962/1410/2373 1875/1411/2373 1857/1412/2373
f 1967/1413/2374 1876/1414/2374 1875/1411/2374
f 1968/1415/2375 1877/1416/2375 1876/1414/2375
f 1945/1417/2376 1886/1418/2376 1861/1419/2376
f 1950/1420/2377 1886/1418/2377 1949/1421/2377
f 1951/1422/2378 1885/1423/2378 1950/1420/2378
f 1989/1424/2379 1863/1425/2379 1983/1426/2379
f 1989/1427/2380 1882/1428/2380 1883/1429/2380
f 1990/1430/2381 1881/1337/2381 1882/1431/2381
f 1931/1432/2382 1859/1433/2382 1925/1434/2382
f 1932/1435/2383 1880/1436/2383 1931/1437/2383
f 1932/1438/2384 1878/1335/2384 1879/1439/2384
f 1908/1440/2385 1874/1441/2385 1934/1442/2385
f 1992/1443/2386 1902/1444/2386 1981/1445/2386
f 1912/1446/2387 1942/1447/2387 1952/1448/2387
f 1970/1449/2388 1906/1450/2388 1960/1342/2388
f 1866/1451/2389 1961/1360/2389 1971/1452/2389
f 1868/1453/2390 1984/1454/2390 1993/1455/2390
f 1870/1456/2391 1944/1457/2391 1953/1458/2391
f 1872/1459/2392 1926/1460/2392 1935/1461/2392
f 1860/1462/2393 1934/1463/2393 1936/1369/2393
f 1994/1464/2394 1910/1465/2394 1992/1443/2394
f 1862/1466/2395 1952/1448/2395 1954/1467/2395
f 1972/1350/2396 1914/1468/2396 1970/1449/2396
f 1909/1469/2397 1971/1470/2397 1973/1471/2397
f 1913/1472/2398 1993/1455/2398 1995/1352/2398
f 1955/1473/2399 1870/1456/2399 1953/1458/2399
f 1911/1474/2400 1935/1461/2400 1937/1475/2400
f 1958/1374/2401 1996/1476/2401 2001/1477/2401
f 1957/1478/2402 1975/1479/2402 1979/1480/2402
f 1977/1481/2402 1923/1482/2402 1976/1483/2402
f 1938/1347/2402 1998/1484/2402 1999/1485/2402
f 1857/1412/2403 1975/1486/2403 1962/1410/2403
f 1863/1487/2404 1997/1488/2404 1983/1489/2404
f 1982/1490/2405 1920/1491/2405 1996/1476/2405
f 1865/1492/2406 1974/1493/2406 1959/1494/2406
f 1918/1495/2401 1999/1485/2401 1997/1488/2401
f 1974/1493/2401 1940/1496/2401 1977/1481/2401
f 1864/1497/2400 1935/1461/2400 1910/1465/2400
f 1907/1498/2407 1934/1463/2407 1870/1456/2407
f 1910/1465/2408 1926/1460/2408 1902/1444/2408
f 1870/1499/2409 1874/1441/2409 1899/1379/2409
f 1897/1500/2410 1933/1333/2410 1932/1438/2410
f 1898/1382/2411 1932/1435/2411 1931/1437/2411
f 1898/1382/2412 1925/1501/2412 1869/1383/2412
f 1881/1337/2413 1929/1395/2413 1882/1431/2413
f 1883/1502/2414 1929/1395/2414 1928/1503/2414
f 1863/1425/2415 1928/1503/2415 1924/1388/2415
f 1902/1504/2416 1930/1375/2416 1881/1337/2416
f 1860/1462/2417 1978/1371/2417 1973/1471/2417
f 1994/1464/2418 1927/1366/2418 2000/1368/2418
f 1925/1356/2419 1921/1364/2419 1869/1505/2419
f 1924/1345/2420 1918/1495/2420 1863/1487/2420
f 1896/1380/2421 1874/1441/2421 1933/1333/2421
f 1923/1482/2401 1979/1480/2401 1976/1483/2401
f 1998/1484/2401 1958/1374/2401 2001/1477/2401
f 1858/1349/2422 1953/1458/2422 1914/1468/2422
f 1911/1474/2423 1952/1448/2423 1872/1459/2423
f 1914/1468/2424 1944/1457/2424 1906/1450/2424
f 1952/1448/2425 1903/1506/2425 1872/1459/2425
f 1893/1377/2426 1950/1507/2426 1894/1394/2426
f 1894/1508/2427 1949/1509/2427 1895/1392/2427
f 1871/1510/2428 1949/1421/2428 1945/1417/2428
f 1877/1416/2429 1947/1384/2429 1876/1414/2429
f 1876/1414/2430 1946/1385/2430 1875/1411/2430
f 1857/1412/2431 1946/1385/2431 1941/1381/2431
f 1906/1450/2432 1948/1511/2432 1877/1343/2432
f 1871/1512/2433 1958/1374/2433 1922/1346/2433
f 1941/1363/2434 1915/1513/2434 1857/1514/2434
f 1985/1367/2435 1943/1351/2435 2002/1353/2435
f 1963/1370/2436 1955/1473/2436 1980/1348/2436
f 1903/1376/2437 1951/1515/2437 1893/1377/2437
f 1873/1516/2438 1980/1348/2438 1943/1351/2438
f 1976/1483/2401 1956/1365/2401 1921/1364/2401
f 1973/1471/2439 1927/1366/2439 1909/1469/2439
f 1916/1517/2401 1977/1481/2401 1939/1355/2401
f 1959/1494/2440 1916/1517/2440 1859/1354/2440
f 1867/1518/2441 1975/1479/2441 1920/1491/2441
f 1939/1355/2401 1976/1483/2401 1921/1364/2401
f 1979/1480/2401 1915/1513/2401 1956/1365/2401
f 1973/1471/2397 1908/1519/2397 1860/1462/2397
f 1913/1472/2442 1970/1449/2442 1868/1453/2442
f 1971/1452/2443 1900/1334/2443 1908/1440/2443
f 1868/1453/2444 1960/1342/2444 1905/1520/2444
f 1887/1359/2445 1968/1521/2445 1888/1409/2445
f 1889/1522/2446 1968/1415/2446 1967/1413/2446
f 1867/1523/2447 1967/1413/2447 1962/1410/2447
f 1879/1439/2448 1966/1362/2448 1965/1403/2448
f 1879/1524/2449 1964/1399/2449 1880/1525/2449
f 1880/1526/2450 1959/1396/2450 1859/1433/2450
f 1927/1366/2451 1963/1370/2451 1873/1516/2451
f 1878/1335/2452 1961/1360/2452 1966/1362/2452
f 1943/1351/2453 1972/1350/2453 1913/1472/2453
f 1905/1520/2454 1969/1344/2454 1887/1527/2454
f 1985/1367/2455 1954/1467/2455 1911/1474/2455
f 1923/1482/2402 2001/1477/2402 1957/1478/2402
f 1864/1497/2456 2000/1368/2456 1937/1475/2456
f 1997/1488/2401 1940/1496/2401 1919/1528/2401
f 1982/1490/2457 1917/1373/2457 1861/1529/2457
f 1983/1489/2458 1919/1528/2458 1865/1492/2458
f 1999/1485/2402 1923/1482/2402 1940/1496/2402
f 1957/1478/2401 1996/1476/2401 1920/1491/2401
f 1995/1352/2459 1912/1446/2459 1862/1466/2459
f 1909/1469/2460 1992/1443/2460 1866/1530/2460
f 1993/1455/2461 1904/1340/2461 1912/1446/2461
f 1866/1530/2462 1981/1445/2462 1901/1531/2462
f 1891/1532/2463 1991/1338/2463 1990/1430/2463
f 1891/1400/2464 1989/1427/2464 1892/1401/2464
f 1865/1533/2379 1989/1424/2379 1983/1426/2379
f 1884/1534/2465 1987/1407/2465 1885/1423/2465
f 1885/1423/2466 1986/1404/2466 1886/1418/2466
f 1861/1419/2467 1986/1404/2467 1982/1406/2467
f 2000/1368/2456 1911/1474/2456 1937/1475/2456
f 1884/1341/2468 1984/1454/2468 1988/1535/2468
f 2002/1353/2469 1862/1466/2469 1954/1467/2469
f 1901/1536/2470 1991/1338/2470 1890/1537/2470
f 2020/1441/2471 2024/1335/2471 2079/1333/2471
f 2127/1336/2472 2027/1337/2472 2137/1338/2472
f 2088/1447/2473 2030/1341/2473 2097/1339/2473
f 2115/1344/2474 2052/1450/2474 2023/1343/2474
f 2070/1345/2475 2068/1346/2475 2084/1347/2475
f 2126/1348/2476 2004/1349/2476 2118/1350/2476
f 2089/1351/2477 2141/1352/2477 2148/1353/2477
f 2005/1354/2478 2085/1355/2478 2071/1356/2478
f 2134/1357/2479 2051/1358/2479 2033/1359/2479
f 2107/1360/2480 2036/1361/2480 2112/1362/2480
f 2087/1363/2481 2067/1364/2481 2102/1365/2481
f 2073/1366/2482 2131/1367/2482 2146/1368/2482
f 2082/1369/2483 2109/1370/2483 2124/1371/2483
f 2091/1372/2484 2063/1373/2484 2104/1374/2484
f 2076/1375/2485 2049/1376/2485 2039/1377/2485
f 2094/1378/2486 2045/1379/2486 2042/1380/2486
f 2092/1385/2487 2015/1383/2487 2087/1381/2487
f 2093/1384/2488 2044/1382/2488 2092/1385/2488
f 2094/1386/2489 2043/1387/2489 2093/1384/2489
f 2070/1388/2490 2041/1389/2490 2017/1390/2490
f 2075/1391/2491 2041/1392/2491 2074/1393/2491
f 2076/1375/2492 2040/1394/2492 2075/1395/2492
f 2105/1396/2493 2038/1397/2493 2011/1398/2493
f 2110/1399/2494 2037/1400/2494 2038/1401/2494
f 2112/1362/2495 2037/1402/2495 2111/1403/2495
f 2132/1404/2496 2013/1405/2496 2128/1406/2496
f 2133/1407/2497 2035/1408/2497 2132/1404/2497
f 2133/1407/2498 2033/1359/2498 2034/1409/2498
f 2108/1410/2499 2021/1411/2499 2003/1412/2499
f 2114/1415/2500 2021/1411/2500 2113/1413/2500
f 2114/1415/2501 2023/1416/2501 2022/1414/2501
f 2091/1417/2502 2032/1418/2502 2007/1419/2502
f 2096/1420/2503 2032/1418/2503 2095/1421/2503
f 2097/1422/2504 2031/1423/2504 2096/1420/2504
f 2135/1424/2505 2009/1425/2505 2129/1426/2505
f 2135/1427/2506 2028/1428/2506 2029/1429/2506
f 2136/1430/2507 2027/1337/2507 2028/1431/2507
f 2077/1432/2508 2005/1433/2508 2071/1434/2508
f 2077/1437/2509 2025/1539/2509 2026/1436/2509
f 2078/1438/2510 2024/1335/2510 2025/1439/2510
f 2080/1442/2511 2046/1334/2511 2020/1441/2511
f 2138/1443/2512 2048/1444/2512 2127/1445/2512
f 2058/1446/2513 2088/1447/2513 2098/1448/2513
f 2060/1468/2514 2106/1342/2514 2116/1449/2514
f 2012/1451/2515 2107/1360/2515 2117/1452/2515
f 2014/1453/2516 2130/1454/2516 2139/1455/2516
f 2016/1456/2517 2090/1457/2517 2099/1458/2517
f 2018/1459/2518 2072/1460/2518 2081/1461/2518
f 2006/1462/2519 2080/1463/2519 2082/1369/2519
f 2010/1497/2520 2138/1443/2520 2140/1464/2520
f 2008/1466/2521 2098/1448/2521 2100/1467/2521
f 2004/1349/2522 2116/1449/2522 2118/1350/2522
f 2119/1471/2523 2012/1530/2523 2117/1470/2523
f 2059/1472/2524 2139/1455/2524 2141/1352/2524
f 2101/1473/2525 2016/1456/2525 2099/1458/2525
f 2057/1474/2526 2081/1461/2526 2083/1475/2526
f 2147/1477/2527 2063/1373/2527 2142/1476/2527
f 2103/1478/2527 2121/1479/2527 2125/1480/2527
f 2123/1481/2527 2069/1482/2527 2122/1483/2527
f 2084/1347/2527 2144/1484/2527 2145/1485/2527
f 2108/1410/2528 2061/1540/2528 2121/1486/2528
f 2129/1489/2529 2064/1495/2529 2143/1488/2529
f 2128/1490/2530 2066/1491/2530 2142/1476/2530
f 2011/1492/2531 2120/1493/2531 2105/1494/2531
f 2064/1495/2527 2145/1485/2527 2143/1488/2527
f 2120/1493/2527 2086/1496/2527 2123/1481/2527
f 2010/1497/2526 2081/1461/2526 2056/1465/2526
f 2053/1498/2532 2080/1463/2532 2016/1456/2532
f 2056/1465/2533 2072/1460/2533 2048/1444/2533
f 2016/1499/2534 2020/1441/2534 2045/1379/2534
f 2042/1380/2535 2078/1438/2535 2043/1500/2535
f 2044/1382/2536 2078/1435/2536 2077/1437/2536
f 2044/1382/2537 2071/1501/2537 2015/1383/2537
f 2027/1337/2538 2075/1395/2538 2028/1431/2538
f 2029/1502/2539 2075/1395/2539 2074/1503/2539
f 2009/1425/2540 2074/1503/2540 2070/1388/2540
f 2048/1504/2541 2076/1375/2541 2027/1337/2541
f 2006/1462/2542 2124/1371/2542 2119/1471/2542
f 2140/1464/2543 2073/1366/2543 2146/1368/2543
f 2071/1356/2544 2067/1364/2544 2015/1505/2544
f 2070/1345/2545 2064/1495/2545 2009/1487/2545
f 2045/1379/2546 2079/1333/2546 2042/1380/2546
f 2069/1482/2527 2125/1480/2527 2122/1483/2527
f 2144/1484/2527 2104/1374/2527 2147/1477/2527
f 2101/1473/2547 2060/1468/2547 2004/1349/2547
f 2057/1474/2548 2098/1448/2548 2018/1459/2548
f 2099/1458/2549 2052/1450/2549 2060/1468/2549
f 2098/1448/2550 2049/1506/2550 2018/1459/2550
f 2039/1377/2551 2096/1507/2551 2040/1394/2551
f 2040/1508/2552 2095/1509/2552 2041/1392/2552
f 2017/1510/2553 2095/1421/2553 2091/1417/2553
f 2023/1416/2554 2093/1384/2554 2022/1414/2554
f 2022/1414/2555 2092/1385/2555 2021/1411/2555
f 2003/1412/2556 2092/1385/2556 2087/1381/2556
f 2023/1343/2557 2090/1457/2557 2094/1511/2557
f 2091/1372/2558 2068/1346/2558 2017/1512/2558
f 2003/1514/2559 2102/1365/2559 2061/1513/2559
f 2131/1367/2560 2089/1351/2560 2148/1353/2560
f 2109/1370/2561 2101/1473/2561 2126/1348/2561
f 2049/1376/2562 2097/1515/2562 2039/1377/2562
f 2019/1516/2563 2126/1348/2563 2089/1351/2563
f 2122/1483/2527 2102/1365/2527 2067/1364/2527
f 2119/1471/2564 2073/1366/2564 2055/1469/2564
f 2062/1517/2527 2123/1481/2527 2085/1355/2527
f 2105/1494/2565 2062/1517/2565 2005/1354/2565
f 2013/1518/2566 2121/1479/2566 2066/1491/2566
f 2085/1355/2527 2122/1483/2527 2067/1364/2527
f 2125/1480/2527 2061/1513/2527 2102/1365/2527
f 2006/1462/2567 2117/1470/2567 2054/1519/2567
f 2059/1472/2568 2116/1449/2568 2014/1453/2568
f 2054/1440/2569 2107/1360/2569 2046/1334/2569
f 2014/1453/2570 2106/1342/2570 2051/1520/2570
f 2033/1359/2571 2114/1521/2571 2034/1409/2571
f 2034/1541/2572 2113/1413/2572 2035/1522/2572
f 2013/1523/2573 2113/1413/2573 2108/1410/2573
f 2025/1439/2574 2112/1362/2574 2111/1403/2574
f 2025/1524/2575 2110/1399/2575 2026/1525/2575
f 2026/1526/2576 2105/1396/2576 2005/1433/2576
f 2124/1371/2577 2019/1516/2577 2073/1366/2577
f 2046/1334/2578 2112/1362/2578 2024/1335/2578
f 2089/1351/2579 2118/1350/2579 2059/1472/2579
f 2051/1520/2580 2115/1344/2580 2033/1527/2580
f 2131/1367/2581 2100/1467/2581 2057/1474/2581
f 2069/1482/2527 2147/1477/2527 2103/1478/2527
f 2010/1497/2582 2146/1368/2582 2083/1475/2582
f 2143/1488/2527 2086/1496/2527 2065/1528/2527
f 2128/1490/2583 2063/1373/2583 2007/1529/2583
f 2129/1489/2584 2065/1528/2584 2011/1492/2584
f 2145/1485/2527 2069/1482/2527 2086/1496/2527
f 2103/1478/2527 2142/1476/2527 2066/1491/2527
f 2008/1466/2585 2139/1455/2585 2058/1446/2585
f 2140/1464/2586 2012/1530/2586 2055/1469/2586
f 2058/1446/2587 2130/1454/2587 2050/1340/2587
f 2012/1530/2588 2127/1445/2588 2047/1531/2588
f 2037/1532/2589 2137/1338/2589 2136/1430/2589
f 2037/1400/2590 2135/1427/2590 2038/1401/2590
f 2011/1533/2505 2135/1424/2505 2129/1426/2505
f 2030/1534/2591 2133/1407/2591 2031/1423/2591
f 2031/1423/2592 2132/1404/2592 2032/1418/2592
f 2007/1419/2593 2132/1404/2593 2128/1406/2593
f 2146/1368/2582 2057/1474/2582 2083/1475/2582
f 2050/1340/2594 2134/1535/2594 2030/1341/2594
f 2148/1353/2595 2008/1466/2595 2100/1467/2595
f 2047/1536/2596 2137/1338/2596 2036/1537/2596
f 2166/1441/2597 2170/1335/2597 2225/1333/2597
f 2273/1336/2598 2173/1337/2598 2283/1338/2598
f 2234/1447/2599 2176/1341/2599 2243/1339/2599
f 2261/1344/2600 2198/1450/2600 2169/1343/2600
f 2216/1345/2601 2214/1346/2601 2230/1347/2601
f 2272/1348/2602 2150/1349/2602 2264/1350/2602
f 2235/1351/2603 2287/1352/2603 2294/1353/2603
f 2151/1354/2604 2231/1355/2604 2217/1356/2604
f 2280/1357/2605 2197/1358/2605 2179/1359/2605
f 2253/1360/2606 2182/1361/2606 2258/1362/2606
f 2233/1363/2607 2213/1364/2607 2248/1365/2607
f 2219/1366/2608 2277/1367/2608 2292/1368/2608
f 2228/1369/2609 2255/1370/2609 2270/1371/2609
f 2237/1372/2610 2209/1373/2610 2250/1374/2610
f 2222/1375/2611 2195/1376/2611 2185/1377/2611
f 2240/1378/2612 2191/1379/2612 2188/1380/2612
f 2233/1381/2613 2190/1382/2613 2161/1383/2613
f 2239/1384/2614 2190/1382/2614 2238/1385/2614
f 2240/1386/2615 2189/1387/2615 2239/1384/2615
f 2216/1388/2616 2187/1389/2616 2163/1390/2616
f 2221/1391/2617 2187/1392/2617 2220/1393/2617
f 2222/1375/2618 2186/1394/2618 2221/1395/2618
f 2251/1396/2619 2184/1397/2619 2157/1398/2619
f 2256/1399/2620 2183/1400/2620 2184/1401/2620
f 2258/1362/2621 2183/1402/2621 2257/1403/2621
f 2278/1404/2622 2159/1405/2622 2274/1406/2622
f 2279/1407/2623 2181/1408/2623 2278/1404/2623
f 2279/1407/2624 2179/1359/2624 2180/1409/2624
f 2254/1410/2625 2167/1411/2625 2149/1412/2625
f 2260/1415/2626 2167/1411/2626 2259/1413/2626
f 2260/1415/2627 2169/1416/2627 2168/1414/2627
f 2237/1417/2628 2178/1418/2628 2153/1419/2628
f 2242/1420/2629 2178/1418/2629 2241/1421/2629
f 2243/1422/2630 2177/1423/2630 2242/1420/2630
f 2281/1424/2631 2155/1425/2631 2275/1426/2631
f 2281/1427/2632 2174/1428/2632 2175/1429/2632
f 2282/1430/2633 2173/1337/2633 2174/1431/2633
f 2223/1432/2634 2151/1433/2634 2217/1434/2634
f 2223/1437/2635 2171/1539/2635 2172/1436/2635
f 2224/1438/2636 2170/1335/2636 2171/1439/2636
f 2200/1440/2637 2166/1441/2637 2226/1442/2637
f 2284/1443/2638 2194/1444/2638 2273/1445/2638
f 2204/1446/2639 2234/1447/2639 2244/1448/2639
f 2206/1468/2640 2252/1342/2640 2262/1449/2640
f 2158/1451/2641 2253/1360/2641 2263/1452/2641
f 2160/1453/2642 2276/1454/2642 2285/1455/2642
f 2162/1456/2643 2236/1457/2643 2245/1458/2643
f 2164/1459/2644 2218/1460/2644 2227/1461/2644
f 2152/1462/2645 2226/1463/2645 2228/1369/2645
f 2286/1464/2646 2202/1465/2646 2284/1443/2646
f 2154/1466/2647 2244/1448/2647 2246/1467/2647
f 2150/1349/2648 2262/1449/2648 2264/1350/2648
f 2265/1471/2649 2158/1530/2649 2263/1470/2649
f 2205/1472/2650 2285/1455/2650 2287/1352/2650
f 2247/1473/2651 2162/1456/2651 2245/1458/2651
f 2203/1474/2652 2227/1461/2652 2229/1475/2652
f 2293/1477/2653 2209/1373/2653 2288/1476/2653
f 2249/1478/2653 2267/1479/2653 2271/1480/2653
f 2269/1481/2653 2215/1482/2653 2268/1483/2653
f 2230/1347/2653 2290/1484/2653 2291/1485/2653
f 2254/1410/2654 2207/1540/2654 2267/1486/2654
f 2275/1489/2655 2210/1495/2655 2289/1488/2655
f 2274/1490/2656 2212/1491/2656 2288/1476/2656
f 2157/1492/2657 2266/1493/2657 2251/1494/2657
f 2210/1495/2653 2291/1485/2653 2289/1488/2653
f 2266/1493/2653 2232/1496/2653 2269/1481/2653
f 2156/1497/2652 2227/1461/2652 2202/1465/2652
f 2199/1498/2658 2226/1463/2658 2162/1456/2658
f 2202/1465/2659 2218/1460/2659 2194/1444/2659
f 2162/1499/2660 2166/1441/2660 2191/1379/2660
f 2188/1380/2661 2224/1438/2661 2189/1500/2661
f 2190/1382/2662 2224/1435/2662 2223/1437/2662
f 2190/1382/2663 2217/1501/2663 2161/1383/2663
f 2173/1337/2664 2221/1395/2664 2174/1431/2664
f 2175/1502/2665 2221/1395/2665 2220/1503/2665
f 2155/1425/2666 2220/1503/2666 2216/1388/2666
f 2194/1504/2667 2222/1375/2667 2173/1337/2667
f 2152/1462/2668 2270/1371/2668 2265/1471/2668
f 2286/1464/2669 2219/1366/2669 2292/1368/2669
f 2217/1356/2670 2213/1364/2670 2161/1505/2670
f 2216/1345/2671 2210/1495/2671 2155/1487/2671
f 2191/1379/2672 2225/1333/2672 2188/1380/2672
f 2215/1482/2653 2271/1480/2653 2268/1483/2653
f 2290/1484/2653 2250/1374/2653 2293/1477/2653
f 2247/1473/2673 2206/1468/2673 2150/1349/2673
f 2203/1474/2674 2244/1448/2674 2164/1459/2674
f 2245/1458/2675 2198/1450/2675 2206/1468/2675
f 2244/1448/2676 2195/1506/2676 2164/1459/2676
f 2185/1377/2677 2242/1507/2677 2186/1394/2677
f 2186/1508/2678 2241/1509/2678 2187/1392/2678
f 2163/1510/2679 2241/1421/2679 2237/1417/2679
f 2169/1416/2680 2239/1384/2680 2168/1414/2680
f 2168/1414/2681 2238/1385/2681 2167/1411/2681
f 2149/1412/2682 2238/1385/2682 2233/1381/2682
f 2169/1343/2683 2236/1457/2683 2240/1511/2683
f 2237/1372/2684 2214/1346/2684 2163/1512/2684
f 2149/1514/2685 2248/1365/2685 2207/1513/2685
f 2277/1367/2686 2235/1351/2686 2294/1353/2686
f 2255/1370/2687 2247/1473/2687 2272/1348/2687
f 2195/1376/2688 2243/1515/2688 2185/1377/2688
f 2165/1516/2689 2272/1348/2689 2235/1351/2689
f 2268/1483/2653 2248/1365/2653 2213/1364/2653
f 2265/1471/2690 2219/1366/2690 2201/1469/2690
f 2208/1517/2653 2269/1481/2653 2231/1355/2653
f 2251/1494/2691 2208/1517/2691 2151/1354/2691
f 2159/1518/2692 2267/1479/2692 2212/1491/2692
f 2231/1355/2653 2268/1483/2653 2213/1364/2653
f 2271/1480/2653 2207/1513/2653 2248/1365/2653
f 2152/1462/2693 2263/1470/2693 2200/1519/2693
f 2205/1472/2694 2262/1449/2694 2160/1453/2694
f 2200/1440/2695 2253/1360/2695 2192/1334/2695
f 2160/1453/2696 2252/1342/2696 2197/1520/2696
f 2179/1359/2697 2260/1521/2697 2180/1409/2697
f 2180/1541/2698 2259/1413/2698 2181/1522/2698
f 2159/1523/2699 2259/1413/2699 2254/1410/2699
f 2171/1439/2700 2258/1362/2700 2257/1403/2700
f 2171/1524/2701 2256/1399/2701 2172/1525/2701
f 2172/1526/2702 2251/1396/2702 2151/1433/2702
f 2270/1371/2703 2165/1516/2703 2219/1366/2703
f 2192/1334/2704 2258/1362/2704 2170/1335/2704
f 2235/1351/2705 2264/1350/2705 2205/1472/2705
f 2197/1520/2706 2261/1344/2706 2179/1527/2706
f 2277/1367/2707 2246/1467/2707 2203/1474/2707
f 2215/1482/2653 2293/1477/2653 2249/1478/2653
f 2156/1497/2708 2292/1368/2708 2229/1475/2708
f 2289/1488/2653 2232/1496/2653 2211/1528/2653
f 2274/1490/2709 2209/1373/2709 2153/1529/2709
f 2275/1489/2710 2211/1528/2710 2157/1492/2710
f 2291/1485/2653 2215/1482/2653 2232/1496/2653
f 2249/1478/2653 2288/1476/2653 2212/1491/2653
f 2154/1466/2711 2285/1455/2711 2204/1446/2711
f 2286/1464/2712 2158/1530/2712 2201/1469/2712
f 2204/1446/2713 2276/1454/2713 2196/1340/2713
f 2158/1530/2714 2273/1445/2714 2193/1531/2714
f 2183/1532/2715 2283/1338/2715 2282/1430/2715
f 2183/1400/2716 2281/1427/2716 2184/1401/2716
f 2184/1542/2717 2275/1426/2717 2157/1533/2717
f 2176/1534/2718 2279/1407/2718 2177/1423/2718
f 2177/1423/2719 2278/1404/2719 2178/1418/2719
f 2153/1419/2720 2278/1404/2720 2274/1406/2720
f 2292/1368/2708 2203/1474/2708 2229/1475/2708
f 2196/1340/2721 2280/1535/2721 2176/1341/2721
f 2294/1353/2722 2154/1466/2722 2246/1467/2722
f 2193/1536/2723 2283/1338/2723 2182/1537/2723
f 2312/1441/2724 2316/1335/2724 2371/1333/2724
f 2419/1336/2725 2319/1337/2725 2429/1338/2725
f 2380/1447/2726 2322/1341/2726 2389/1339/2726
f 2407/1344/2727 2344/1450/2727 2315/1343/2727
f 2362/1345/2728 2360/1346/2728 2376/1347/2728
f 2418/1348/2729 2296/1349/2729 2410/1350/2729
f 2381/1351/2730 2433/1352/2730 2440/1353/2730
f 2297/1354/2731 2377/1355/2731 2363/1356/2731
f 2426/1357/2732 2343/1358/2732 2325/1359/2732
f 2399/1360/2733 2328/1361/2733 2404/1362/2733
f 2379/1363/2734 2359/1364/2734 2394/1365/2734
f 2365/1366/2735 2423/1367/2735 2438/1368/2735
f 2374/1369/2736 2401/1370/2736 2416/1371/2736
f 2383/1372/2737 2355/1373/2737 2396/1374/2737
f 2368/1375/2738 2341/1376/2738 2331/1377/2738
f 2386/1378/2739 2337/1379/2739 2334/1380/2739
f 2384/1385/2740 2307/1383/2740 2379/1381/2740
f 2385/1384/2741 2336/1382/2741 2384/1385/2741
f 2386/1386/2742 2335/1387/2742 2385/1384/2742
f 2362/1388/2743 2333/1389/2743 2309/1390/2743
f 2367/1391/2744 2333/1392/2744 2366/1393/2744
f 2368/1375/2745 2332/1394/2745 2367/1395/2745
f 2397/1396/2746 2330/1397/2746 2303/1398/2746
f 2402/1399/2747 2329/1400/2747 2330/1401/2747
f 2404/1362/2748 2329/1402/2748 2403/1403/2748
f 2424/1404/2749 2305/1405/2749 2420/1406/2749
f 2425/1407/2750 2327/1408/2750 2424/1404/2750
f 2425/1407/2751 2325/1359/2751 2326/1409/2751
f 2400/1410/2752 2313/1411/2752 2295/1412/2752
f 2406/1415/2753 2313/1411/2753 2405/1413/2753
f 2406/1415/2754 2315/1416/2754 2314/1414/2754
f 2383/1417/2755 2324/1418/2755 2299/1419/2755
f 2388/1420/2756 2324/1418/2756 2387/1421/2756
f 2389/1422/2757 2323/1423/2757 2388/1420/2757
f 2427/1424/2758 2301/1425/2758 2421/1426/2758
f 2427/1427/2759 2320/1428/2759 2321/1429/2759
f 2428/1430/2760 2319/1337/2760 2320/1431/2760
f 2369/1432/2761 2297/1433/2761 2363/1434/2761
f 2369/1437/2762 2317/1539/2762 2318/1436/2762
f 2370/1438/2763 2316/1335/2763 2317/1439/2763
f 2372/1442/2764 2338/1334/2764 2312/1441/2764
f 2430/1443/2765 2340/1444/2765 2419/1445/2765
f 2350/1446/2766 2380/1447/2766 2390/1448/2766
f 2352/1468/2767 2398/1342/2767 2408/1449/2767
f 2304/1451/2768 2399/1360/2768 2409/1452/2768
f 2306/1453/2769 2422/1454/2769 2431/1455/2769
f 2308/1456/2770 2382/1457/2770 2391/1458/2770
f 2310/1459/2771 2364/1460/2771 2373/1461/2771
f 2298/1462/2772 2372/1463/2772 2374/1369/2772
f 2302/1497/2773 2430/1443/2773 2432/1464/2773
f 2300/1466/2774 2390/1448/2774 2392/1467/2774
f 2296/1349/2775 2408/1449/2775 2410/1350/2775
f 2411/1471/2776 2304/1530/2776 2409/1470/2776
f 2351/1472/2777 2431/1455/2777 2433/1352/2777
f 2393/1473/2778 2308/1456/2778 2391/1458/2778
f 2349/1474/2779 2373/1461/2779 2375/1475/2779
f 2439/1477/2780 2355/1373/2780 2434/1476/2780
f 2395/1478/2780 2413/1479/2780 2417/1480/2780
f 2415/1481/2781 2361/1482/2781 2414/1483/2781
f 2376/1347/2780 2436/1484/2780 2437/1485/2780
f 2400/1410/2782 2353/1540/2782 2413/1486/2782
f 2421/1489/2783 2356/1495/2783 2435/1488/2783
f 2420/1490/2784 2358/1491/2784 2434/1476/2784
f 2303/1492/2785 2412/1493/2785 2397/1494/2785
f 2356/1495/2780 2437/1485/2780 2435/1488/2780
f 2412/1493/2780 2378/1496/2780 2415/1481/2780
f 2302/1497/2779 2373/1461/2779 2348/1465/2779
f 2345/1498/2786 2372/1463/2786 2308/1456/2786
f 2348/1465/2787 2364/1460/2787 2340/1444/2787
f 2308/1499/2788 2312/1441/2788 2337/1379/2788
f 2334/1380/2789 2370/1438/2789 2335/1500/2789
f 2336/1382/2790 2370/1435/2790 2369/1437/2790
f 2336/1382/2791 2363/1501/2791 2307/1383/2791
f 2319/1337/2792 2367/1395/2792 2320/1431/2792
f 2321/1502/2793 2367/1395/2793 2366/1503/2793
f 2301/1425/2794 2366/1503/2794 2362/1388/2794
f 2340/1504/2795 2368/1375/2795 2319/1337/2795
f 2298/1462/2796 2416/1371/2796 2411/1471/2796
f 2432/1464/2797 2365/1366/2797 2438/1368/2797
f 2363/1356/2798 2359/1364/2798 2307/1505/2798
f 2362/1345/2799 2356/1495/2799 2301/1487/2799
f 2337/1379/2800 2371/1333/2800 2334/1380/2800
f 2361/1482/2780 2417/1480/2780 2414/1483/2780
f 2436/1484/2780 2396/1374/2780 2439/1477/2780
f 2393/1473/2801 2352/1468/2801 2296/1349/2801
f 2349/1474/2802 2390/1448/2802 2310/1459/2802
f 2391/1458/2803 2344/1450/2803 2352/1468/2803
f 2390/1448/2804 2341/1506/2804 2310/1459/2804
f 2331/1377/2805 2388/1507/2805 2332/1394/2805
f 2332/1508/2806 2387/1509/2806 2333/1392/2806
f 2309/1510/2807 2387/1421/2807 2383/1417/2807
f 2315/1416/2808 2385/1384/2808 2314/1414/2808
f 2314/1414/2809 2384/1385/2809 2313/1411/2809
f 2295/1412/2810 2384/1385/2810 2379/1381/2810
f 2315/1343/2811 2382/1457/2811 2386/1511/2811
f 2383/1372/2812 2360/1346/2812 2309/1512/2812
f 2295/1514/2813 2394/1365/2813 2353/1513/2813
f 2423/1367/2814 2381/1351/2814 2440/1353/2814
f 2401/1370/2815 2393/1473/2815 2418/1348/2815
f 2341/1376/2816 2389/1515/2816 2331/1377/2816
f 2311/1516/2817 2418/1348/2817 2381/1351/2817
f 2414/1483/2780 2394/1365/2780 2359/1364/2780
f 2411/1471/2818 2365/1366/2818 2347/1469/2818
f 2354/1517/2781 2415/1481/2781 2377/1355/2781
f 2397/1494/2819 2354/1517/2819 2297/1354/2819
f 2305/1518/2820 2413/1479/2820 2358/1491/2820
f 2377/1355/2780 2414/1483/2780 2359/1364/2780
f 2417/1480/2780 2353/1513/2780 2394/1365/2780
f 2298/1462/2821 2409/1470/2821 2346/1519/2821
f 2351/1472/2822 2408/1449/2822 2306/1453/2822
f 2346/1440/2823 2399/1360/2823 2338/1334/2823
f 2306/1453/2824 2398/1342/2824 2343/1520/2824
f 2325/1359/2825 2406/1521/2825 2326/1409/2825
f 2326/1541/2826 2405/1413/2826 2327/1522/2826
f 2305/1523/2827 2405/1413/2827 2400/1410/2827
f 2317/1439/2828 2404/1362/2828 2403/1403/2828
f 2317/1524/2829 2402/1399/2829 2318/1525/2829
f 2318/1526/2830 2397/1396/2830 2297/1433/2830
f 2416/1371/2831 2311/1516/2831 2365/1366/2831
f 2338/1334/2832 2404/1362/2832 2316/1335/2832
f 2381/1351/2833 2410/1350/2833 2351/1472/2833
f 2343/1520/2834 2407/1344/2834 2325/1527/2834
f 2423/1367/2835 2392/1467/2835 2349/1474/2835
f 2361/1482/2780 2439/1477/2780 2395/1478/2780
f 2302/1497/2836 2438/1368/2836 2375/1475/2836
f 2435/1488/2780 2378/1496/2780 2357/1528/2780
f 2420/1490/2837 2355/1373/2837 2299/1529/2837
f 2421/1489/2838 2357/1528/2838 2303/1492/2838
f 2437/1485/2780 2361/1482/2780 2378/1496/2780
f 2395/1478/2780 2434/1476/2780 2358/1491/2780
f 2300/1466/2839 2431/1455/2839 2350/1446/2839
f 2432/1464/2840 2304/1530/2840 2347/1469/2840
f 2350/1446/2841 2422/1454/2841 2342/1340/2841
f 2304/1530/2842 2419/1445/2842 2339/1531/2842
f 2329/1532/2843 2429/1338/2843 2428/1430/2843
f 2329/1400/2844 2427/1427/2844 2330/1401/2844
f 2303/1533/2758 2427/1424/2758 2421/1426/2758
f 2322/1534/2845 2425/1407/2845 2323/1423/2845
f 2323/1423/2846 2424/1404/2846 2324/1418/2846
f 2299/1419/2847 2424/1404/2847 2420/1406/2847
f 2438/1368/2836 2349/1474/2836 2375/1475/2836
f 2342/1340/2848 2426/1535/2848 2322/1341/2848
f 2440/1353/2849 2300/1466/2849 2392/1467/2849
f 2339/1536/2850 2429/1338/2850 2328/1537/2850
f 2458/1441/2851 2462/1335/2851 2517/1333/2851
f 2565/1336/2852 2465/1337/2852 2575/1338/2852
f 2526/1447/2853 2468/1341/2853 2535/1339/2853
f 2553/1344/2854 2490/1450/2854 2461/1343/2854
f 2508/1345/2855 2506/1346/2855 2522/1347/2855
f 2564/1348/2856 2442/1349/2856 2556/1350/2856
f 2527/1351/2857 2579/1352/2857 2586/1353/2857
f 2443/1354/2858 2523/1355/2858 2509/1356/2858
f 2572/1357/2859 2489/1358/2859 2471/1359/2859
f 2545/1360/2860 2474/1361/2860 2550/1362/2860
f 2525/1363/2861 2505/1364/2861 2540/1365/2861
f 2511/1366/2862 2569/1367/2862 2584/1368/2862
f 2520/1369/2863 2547/1370/2863 2562/1371/2863
f 2529/1372/2864 2501/1373/2864 2542/1374/2864
f 2514/1375/2865 2487/1376/2865 2477/1377/2865
f 2532/1378/2866 2483/1379/2866 2480/1380/2866
f 2525/1381/2867 2482/1382/2867 2453/1383/2867
f 2531/1384/2868 2482/1382/2868 2530/1385/2868
f 2532/1386/2869 2481/1387/2869 2531/1384/2869
f 2508/1388/2870 2479/1389/2870 2455/1390/2870
f 2513/1391/2871 2479/1392/2871 2512/1393/2871
f 2514/1375/2872 2478/1394/2872 2513/1395/2872
f 2543/1396/2873 2476/1397/2873 2449/1398/2873
f 2548/1399/2874 2475/1400/2874 2476/1401/2874
f 2550/1362/2875 2475/1402/2875 2549/1403/2875
f 2570/1404/2876 2451/1405/2876 2566/1406/2876
f 2571/1407/2877 2473/1408/2877 2570/1404/2877
f 2571/1407/2878 2471/1359/2878 2472/1409/2878
f 2546/1410/2879 2459/1411/2879 2441/1412/2879
f 2552/1415/2880 2459/1411/2880 2551/1413/2880
f 2552/1415/2881 2461/1416/2881 2460/1414/2881
f 2529/1417/2882 2470/1418/2882 2445/1419/2882
f 2534/1420/2883 2470/1418/2883 2533/1421/2883
f 2535/1422/2884 2469/1423/2884 2534/1420/2884
f 2573/1424/2885 2447/1425/2885 2567/1426/2885
f 2573/1427/2886 2466/1428/2886 2467/1429/2886
f 2574/1430/2887 2465/1337/2887 2466/1431/2887
f 2515/1432/2888 2443/1433/2888 2509/1434/2888
f 2515/1437/2889 2463/1539/2889 2464/1436/2889
f 2516/1438/2890 2462/1335/2890 2463/1439/2890
f 2518/1442/2891 2484/1334/2891 2458/1441/2891
f 2576/1443/2892 2486/1444/2892 2565/1445/2892
f 2496/1446/2893 2526/1447/2893 2536/1448/2893
f 2498/1468/2894 2544/1342/2894 2554/1449/2894
f 2450/1451/2895 2545/1360/2895 2555/1452/2895
f 2452/1453/2896 2568/1454/2896 2577/1455/2896
f 2454/1456/2897 2528/1457/2897 2537/1458/2897
f 2456/1459/2898 2510/1460/2898 2519/1461/2898
f 2444/1462/2899 2518/1463/2899 2520/1369/2899
f 2578/1464/2900 2494/1465/2900 2576/1443/2900
f 2446/1466/2901 2536/1448/2901 2538/1467/2901
f 2442/1349/2902 2554/1449/2902 2556/1350/2902
f 2557/1471/2903 2450/1530/2903 2555/1470/2903
f 2497/1472/2904 2577/1455/2904 2579/1352/2904
f 2539/1473/2905 2454/1456/2905 2537/1458/2905
f 2495/1474/2906 2519/1461/2906 2521/1475/2906
f 2585/1477/2907 2501/1373/2907 2580/1476/2907
f 2541/1478/2907 2559/1479/2907 2563/1480/2907
f 2561/1481/2907 2507/1482/2907 2560/1483/2907
f 2522/1347/2907 2582/1484/2907 2583/1485/2907
f 2546/1410/2908 2499/1540/2908 2559/1486/2908
f 2567/1489/2909 2502/1495/2909 2581/1488/2909
f 2566/1490/2910 2504/1491/2910 2580/1476/2910
f 2449/1492/2911 2558/1493/2911 2543/1494/2911
f 2502/1495/2907 2583/1485/2907 2581/1488/2907
f 2558/1493/2907 2524/1496/2907 2561/1481/2907
f 2448/1497/2906 2519/1461/2906 2494/1465/2906
f 2491/1498/2912 2518/1463/2912 2454/1456/2912
f 2494/1465/2913 2510/1460/2913 2486/1444/2913
f 2454/1499/2914 2458/1441/2914 2483/1379/2914
f 2480/1380/2915 2516/1438/2915 2481/1500/2915
f 2482/1382/2916 2516/1435/2916 2515/1437/2916
f 2482/1382/2917 2509/1501/2917 2453/1383/2917
f 2465/1337/2918 2513/1395/2918 2466/1431/2918
f 2467/1502/2919 2513/1395/2919 2512/1503/2919
f 2447/1425/2920 2512/1503/2920 2508/1388/2920
f 2486/1504/2921 2514/1375/2921 2465/1337/2921
f 2444/1462/2922 2562/1371/2922 2557/1471/2922
f 2578/1464/2923 2511/1366/2923 2584/1368/2923
f 2509/1356/2924 2505/1364/2924 2453/1505/2924
f 2508/1345/2925 2502/1495/2925 2447/1487/2925
f 2480/1380/2926 2458/1441/2926 2517/1333/2926
f 2507/1482/2907 2563/1480/2907 2560/1483/2907
f 2582/1484/2907 2542/1374/2907 2585/1477/2907
f 2539/1473/2927 2498/1468/2927 2442/1349/2927
f 2495/1474/2928 2536/1448/2928 2456/1459/2928
f 2537/1458/2929 2490/1450/2929 2498/1468/2929
f 2536/1448/2930 2487/1506/2930 2456/1459/2930
f 2477/1377/2931 2534/1507/2931 2478/1394/2931
f 2478/1508/2932 2533/1509/2932 2479/1392/2932
f 2455/1510/2933 2533/1421/2933 2529/1417/2933
f 2461/1416/2934 2531/1384/2934 2460/1414/2934
f 2460/1414/2935 2530/1385/2935 2459/1411/2935
f 2441/1412/2936 2530/1385/2936 2525/1381/2936
f 2461/1343/2937 2528/1457/2937 2532/1511/2937
f 2529/1372/2938 2506/1346/2938 2455/1512/2938
f 2441/1514/2939 2540/1365/2939 2499/1513/2939
f 2569/1367/2940 2527/1351/2940 2586/1353/2940
f 2547/1370/2941 2539/1473/2941 2564/1348/2941
f 2487/1376/2942 2535/1515/2942 2477/1377/2942
f 2457/1516/2943 2564/1348/2943 2527/1351/2943
f 2560/1483/2907 2540/1365/2907 2505/1364/2907
f 2557/1471/2944 2511/1366/2944 2493/1469/2944
f 2500/1517/2907 2561/1481/2907 2523/1355/2907
f 2543/1494/2945 2500/1517/2945 2443/1354/2945
f 2451/1518/2946 2559/1479/2946 2504/1491/2946
f 2523/1355/2907 2560/1483/2907 2505/1364/2907
f 2563/1480/2907 2499/1513/2907 2540/1365/2907
f 2444/1462/2947 2555/1470/2947 2492/1519/2947
f 2497/1472/2948 2554/1449/2948 2452/1453/2948
f 2492/1440/2949 2545/1360/2949 2484/1334/2949
f 2452/1453/2950 2544/1342/2950 2489/1520/2950
f 2471/1359/2951 2552/1521/2951 2472/1409/2951
f 2472/1541/2952 2551/1413/2952 2473/1522/2952
f 2451/1523/2953 2551/1413/2953 2546/1410/2953
f 2463/1439/2954 2550/1362/2954 2549/1403/2954
f 2463/1524/2955 2548/1399/2955 2464/1525/2955
f 2464/1526/2956 2543/1396/2956 2443/1433/2956
f 2562/1371/2957 2457/1516/2957 2511/1366/2957
f 2484/1334/2958 2550/1362/2958 2462/1335/2958
f 2527/1351/2959 2556/1350/2959 2497/1472/2959
f 2489/1520/2960 2553/1344/2960 2471/1527/2960
f 2569/1367/2961 2538/1467/2961 2495/1474/2961
f 2507/1482/2907 2585/1477/2907 2541/1478/2907
f 2448/1497/2962 2584/1368/2962 2521/1475/2962
f 2581/1488/2907 2524/1496/2907 2503/1528/2907
f 2566/1490/2963 2501/1373/2963 2445/1529/2963
f 2567/1489/2964 2503/1528/2964 2449/1492/2964
f 2583/1485/2907 2507/1482/2907 2524/1496/2907
f 2541/1478/2907 2580/1476/2907 2504/1491/2907
f 2446/1466/2965 2577/1455/2965 2496/1446/2965
f 2578/1464/2966 2450/1530/2966 2493/1469/2966
f 2496/1446/2967 2568/1454/2967 2488/1340/2967
f 2450/1530/2968 2565/1445/2968 2485/1531/2968
f 2475/1532/2969 2575/1338/2969 2574/1430/2969
f 2475/1400/2970 2573/1427/2970 2476/1401/2970
f 2476/1542/2971 2567/1426/2971 2449/1533/2971
f 2468/1534/2972 2571/1407/2972 2469/1423/2972
f 2469/1423/2973 2570/1404/2973 2470/1418/2973
f 2445/1419/2974 2570/1404/2974 2566/1406/2974
f 2584/1368/2962 2495/1474/2962 2521/1475/2962
f 2488/1340/2975 2572/1535/2975 2468/1341/2975
f 2586/1353/2976 2446/1466/2976 2538/1467/2976
f 2485/1536/2977 2575/1338/2977 2474/1537/2977
f 2604/1441/2978 2608/1335/2978 2663/1333/2978
f 2711/1336/2979 2611/1337/2979 2721/1338/2979
f 2681/1339/2980 2634/1340/2980 2614/1341/2980
f 2690/1342/2981 2607/1343/2981 2699/1344/2981
f 2654/1345/2982 2652/1346/2982 2668/1347/2982
f 2710/1348/2983 2588/1349/2983 2702/1350/2983
f 2673/1351/2984 2725/1352/2984 2732/1353/2984
f 2589/1354/2985 2669/1355/2985 2655/1356/2985
f 2718/1357/2986 2635/1358/2986 2617/1359/2986
f 2691/1360/2987 2620/1361/2987 2696/1362/2987
f 2671/1363/2988 2651/1364/2988 2686/1365/2988
f 2657/1366/2989 2715/1367/2989 2730/1368/2989
f 2666/1369/2990 2693/1370/2990 2708/1371/2990
f 2675/1372/2991 2647/1373/2991 2688/1374/2991
f 2660/1375/2992 2633/1376/2992 2623/1377/2992
f 2678/1378/2993 2629/1379/2993 2626/1380/2993
f 2676/1385/2994 2599/1383/2994 2671/1381/2994
f 2676/1385/2995 2627/1387/2995 2628/1382/2995
f 2678/1386/2996 2627/1387/2996 2677/1384/2996
f 2654/1388/2997 2625/1389/2997 2601/1390/2997
f 2659/1391/2998 2625/1392/2998 2658/1393/2998
f 2660/1375/2999 2624/1394/2999 2659/1395/2999
f 2689/1396/3000 2622/1397/3000 2595/1398/3000
f 2694/1399/3001 2621/1400/3001 2622/1401/3001
f 2696/1362/3002 2621/1402/3002 2695/1403/3002
f 2716/1404/3003 2597/1405/3003 2712/1406/3003
f 2717/1407/3004 2619/1408/3004 2716/1404/3004
f 2717/1407/3005 2617/1359/3005 2618/1409/3005
f 2692/1410/3006 2605/1411/3006 2587/1412/3006
f 2697/1413/3007 2606/1414/3007 2605/1411/3007
f 2698/1415/3008 2607/1416/3008 2606/1414/3008
f 2675/1417/3009 2616/1418/3009 2591/1419/3009
f 2680/1420/3010 2616/1418/3010 2679/1421/3010
f 2681/1422/3011 2615/1423/3011 2680/1420/3011
f 2719/1424/3012 2593/1425/3012 2713/1426/3012
f 2719/1427/3013 2612/1428/3013 2613/1429/3013
f 2720/1430/3014 2611/1337/3014 2612/1431/3014
f 2661/1432/3015 2589/1433/3015 2655/1434/3015
f 2662/1435/3016 2610/1436/3016 2661/1437/3016
f 2662/1438/3017 2608/1335/3017 2609/1439/3017
f 2664/1442/3018 2630/1334/3018 2604/1441/3018
f 2722/1443/3019 2632/1444/3019 2711/1445/3019
f 2642/1446/3020 2672/1447/3020 2682/1448/3020
f 2700/1449/3021 2636/1450/3021 2690/1342/3021
f 2596/1451/3022 2691/1360/3022 2701/1452/3022
f 2598/1453/3023 2714/1454/3023 2723/1455/3023
f 2600/1456/3024 2674/1457/3024 2683/1458/3024
f 2602/1459/3025 2656/1460/3025 2665/1461/3025
f 2666/1369/3026 2638/1519/3026 2664/1463/3026
f 2724/1464/3027 2640/1465/3027 2722/1443/3027
f 2592/1466/3028 2682/1448/3028 2684/1467/3028
f 2702/1350/3029 2644/1468/3029 2700/1449/3029
f 2639/1469/3030 2701/1470/3030 2703/1471/3030
f 2643/1472/3031 2723/1455/3031 2725/1352/3031
f 2685/1473/3032 2600/1456/3032 2683/1458/3032
f 2667/1475/3033 2602/1459/3033 2665/1461/3033
f 2688/1374/3034 2726/1476/3034 2731/1477/3034
f 2687/1478/3035 2705/1479/3035 2709/1480/3035
f 2707/1481/3036 2653/1482/3036 2706/1483/3036
f 2668/1347/3037 2728/1484/3037 2729/1485/3037
f 2587/1412/3038 2705/1486/3038 2692/1410/3038
f 2593/1487/3039 2727/1488/3039 2713/1489/3039
f 2712/1490/3040 2650/1491/3040 2726/1476/3040
f 2595/1492/3041 2704/1493/3041 2689/1494/3041
f 2648/1495/3042 2729/1485/3042 2727/1488/3042
f 2704/1493/3042 2670/1496/3042 2707/1481/3042
f 2594/1497/3043 2665/1461/3043 2640/1465/3043
f 2637/1498/3044 2664/1463/3044 2600/1456/3044
f 2640/1465/3045 2656/1460/3045 2632/1444/3045
f 2600/1499/3046 2604/1441/3046 2629/1379/3046
f 2626/1380/3047 2662/1438/3047 2627/1500/3047
f 2628/1382/3048 2662/1435/3048 2661/1437/3048
f 2628/1382/3049 2655/1501/3049 2599/1383/3049
f 2611/1337/3050 2659/1395/3050 2612/1431/3050
f 2613/1502/3051 2659/1395/3051 2658/1503/3051
f 2593/1425/3052 2658/1503/3052 2654/1388/3052
f 2632/1504/3053 2660/1375/3053 2611/1337/3053
f 2590/1462/3054 2708/1371/3054 2703/1471/3054
f 2724/1464/3055 2657/1366/3055 2730/1368/3055
f 2655/1356/3056 2651/1364/3056 2599/1505/3056
f 2654/1345/3057 2648/1495/3057 2593/1487/3057
f 2626/1380/3058 2604/1441/3058 2663/1333/3058
f 2653/1482/3059 2709/1480/3059 2706/1483/3059
f 2728/1484/3060 2688/1374/3060 2731/1477/3060
f 2588/1349/3061 2683/1458/3061 2644/1468/3061
f 2641/1474/3062 2682/1448/3062 2602/1459/3062
f 2644/1468/3063 2674/1457/3063 2636/1450/3063
f 2682/1448/3064 2633/1506/3064 2602/1459/3064
f 2623/1377/3065 2680/1507/3065 2624/1394/3065
f 2624/1508/3066 2679/1509/3066 2625/1392/3066
f 2601/1510/3067 2679/1421/3067 2675/1417/3067
f 2607/1416/3068 2677/1384/3068 2606/1414/3068
f 2605/1411/3069 2677/1384/3069 2676/1385/3069
f 2587/1412/3070 2676/1385/3070 2671/1381/3070
f 2636/1450/3071 2678/1511/3071 2607/1343/3071
f 2601/1512/3072 2688/1374/3072 2652/1346/3072
f 2587/1514/3073 2686/1365/3073 2645/1513/3073
f 2715/1367/3074 2673/1351/3074 2732/1353/3074
f 2693/1370/3075 2685/1473/3075 2710/1348/3075
f 2633/1376/3076 2681/1515/3076 2623/1377/3076
f 2603/1516/3077 2710/1348/3077 2673/1351/3077
f 2706/1483/3078 2686/1365/3078 2651/1364/3078
f 2703/1471/3079 2657/1366/3079 2639/1469/3079
f 2646/1517/3042 2707/1481/3042 2669/1355/3042
f 2689/1494/3080 2646/1517/3080 2589/1354/3080
f 2597/1518/3081 2705/1479/3081 2650/1491/3081
f 2669/1355/3082 2706/1483/3082 2651/1364/3082
f 2709/1480/3083 2645/1513/3083 2686/1365/3083
f 2590/1462/3084 2701/1470/3084 2638/1519/3084
f 2643/1472/3085 2700/1449/3085 2598/1453/3085
f 2701/1452/3086 2630/1334/3086 2638/1440/3086
f 2598/1453/3087 2690/1342/3087 2635/1520/3087
f 2617/1359/3088 2698/1521/3088 2618/1409/3088
f 2618/1541/3089 2697/1413/3089 2619/1522/3089
f 2597/1523/3090 2697/1413/3090 2692/1410/3090
f 2609/1439/3091 2696/1362/3091 2695/1403/3091
f 2609/1524/3092 2694/1399/3092 2610/1525/3092
f 2610/1526/3093 2689/1396/3093 2589/1433/3093
f 2657/1366/3094 2693/1370/3094 2603/1516/3094
f 2608/1335/3095 2691/1360/3095 2696/1362/3095
f 2673/1351/3096 2702/1350/3096 2643/1472/3096
f 2635/1520/3097 2699/1344/3097 2617/1527/3097
f 2641/1474/3098 2732/1353/3098 2684/1467/3098
f 2728/1484/3099 2687/1478/3099 2653/1482/3099
f 2594/1497/3100 2730/1368/3100 2667/1475/3100
f 2727/1488/3042 2670/1496/3042 2649/1528/3042
f 2712/1490/3101 2647/1373/3101 2591/1529/3101
f 2713/1489/3102 2649/1528/3102 2595/1492/3102
f 2729/1485/3103 2653/1482/3103 2670/1496/3103
f 2687/1478/3104 2726/1476/3104 2650/1491/3104
f 2592/1466/3105 2723/1455/3105 2642/1446/3105
f 2639/1469/3106 2722/1443/3106 2596/1530/3106
f 2723/1455/3107 2634/1340/3107 2642/1446/3107
f 2596/1530/3108 2711/1445/3108 2631/1531/3108
f 2621/1532/3109 2721/1338/3109 2720/1430/3109
f 2621/1400/3110 2719/1427/3110 2622/1401/3110
f 2595/1533/3012 2719/1424/3012 2713/1426/3012
f 2614/1534/3111 2717/1407/3111 2615/1423/3111
f 2615/1423/3112 2716/1404/3112 2616/1418/3112
f 2591/1419/3113 2716/1404/3113 2712/1406/3113
f 2667/1475/3114 2715/1367/3114 2641/1474/3114
f 2614/1341/3115 2714/1454/3115 2718/1535/3115
f 2732/1353/3116 2592/1466/3116 2684/1467/3116
f 2631/1536/3117 2721/1338/3117 2620/1537/3117
f 2750/1441/3118 2754/1335/3118 2809/1333/3118
f 2857/1336/3119 2757/1337/3119 2867/1338/3119
f 2818/1447/3120 2760/1341/3120 2827/1339/3120
f 2845/1344/3121 2782/1450/3121 2753/1343/3121
f 2800/1345/3122 2798/1346/3122 2814/1347/3122
f 2856/1348/3123 2734/1349/3123 2848/1350/3123
f 2819/1351/3124 2871/1352/3124 2878/1353/3124
f 2735/1354/3125 2815/1355/3125 2801/1356/3125
f 2864/1357/3126 2781/1358/3126 2763/1359/3126
f 2837/1360/3127 2766/1361/3127 2842/1362/3127
f 2817/1363/3128 2797/1364/3128 2832/1365/3128
f 2803/1366/3129 2861/1367/3129 2876/1368/3129
f 2812/1369/3130 2839/1370/3130 2854/1371/3130
f 2821/1372/3131 2793/1373/3131 2834/1374/3131
f 2806/1375/3132 2779/1376/3132 2769/1377/3132
f 2824/1378/3133 2775/1379/3133 2772/1380/3133
f 2822/1385/3134 2745/1383/3134 2817/1381/3134
f 2823/1384/3135 2774/1382/3135 2822/1385/3135
f 2824/1386/3136 2773/1387/3136 2823/1384/3136
f 2800/1388/3137 2771/1389/3137 2747/1390/3137
f 2805/1391/3138 2771/1392/3138 2804/1393/3138
f 2806/1375/3139 2770/1394/3139 2805/1395/3139
f 2835/1396/3140 2768/1397/3140 2741/1398/3140
f 2840/1399/3141 2767/1400/3141 2768/1401/3141
f 2842/1362/3142 2767/1402/3142 2841/1403/3142
f 2862/1404/3143 2743/1405/3143 2858/1406/3143
f 2863/1407/3144 2765/1408/3144 2862/1404/3144
f 2863/1407/3145 2763/1359/3145 2764/1409/3145
f 2838/1410/3146 2751/1411/3146 2733/1412/3146
f 2844/1415/3147 2751/1411/3147 2843/1413/3147
f 2844/1415/3148 2753/1416/3148 2752/1414/3148
f 2821/1417/3149 2762/1418/3149 2737/1419/3149
f 2826/1420/3150 2762/1418/3150 2825/1421/3150
f 2827/1422/3151 2761/1423/3151 2826/1420/3151
f 2865/1424/3152 2739/1425/3152 2859/1426/3152
f 2865/1427/3153 2758/1428/3153 2759/1429/3153
f 2866/1430/3154 2757/1337/3154 2758/1431/3154
f 2807/1432/3155 2735/1433/3155 2801/1434/3155
f 2807/1437/3156 2755/1539/3156 2756/1436/3156
f 2808/1438/3157 2754/1335/3157 2755/1439/3157
f 2810/1442/3158 2776/1334/3158 2750/1441/3158
f 2868/1443/3159 2778/1444/3159 2857/1445/3159
f 2788/1446/3160 2818/1447/3160 2828/1448/3160
f 2790/1468/3161 2836/1342/3161 2846/1449/3161
f 2742/1451/3162 2837/1360/3162 2847/1452/3162
f 2744/1453/3163 2860/1454/3163 2869/1455/3163
f 2746/1456/3164 2820/1457/3164 2829/1458/3164
f 2748/1459/3165 2802/1460/3165 2811/1461/3165
f 2736/1462/3166 2810/1463/3166 2812/1369/3166
f 2740/1497/3167 2868/1443/3167 2870/1464/3167
f 2738/1466/3168 2828/1448/3168 2830/1467/3168
f 2734/1349/3169 2846/1449/3169 2848/1350/3169
f 2849/1471/3170 2742/1530/3170 2847/1470/3170
f 2789/1472/3171 2869/1455/3171 2871/1352/3171
f 2831/1473/3172 2746/1456/3172 2829/1458/3172
f 2787/1474/3173 2811/1461/3173 2813/1475/3173
f 2877/1477/3174 2793/1373/3174 2872/1476/3174
f 2833/1478/3174 2851/1479/3174 2855/1480/3174
f 2853/1481/3174 2799/1482/3174 2852/1483/3174
f 2814/1347/3174 2874/1484/3174 2875/1485/3174
f 2838/1410/3175 2791/1540/3175 2851/1486/3175
f 2859/1489/3176 2794/1495/3176 2873/1488/3176
f 2858/1490/3177 2796/1491/3177 2872/1476/3177
f 2741/1492/3178 2850/1493/3178 2835/1494/3178
f 2794/1495/3174 2875/1485/3174 2873/1488/3174
f 2850/1493/3174 2816/1496/3174 2853/1481/3174
f 2740/1497/3173 2811/1461/3173 2786/1465/3173
f 2783/1498/3179 2810/1463/3179 2746/1456/3179
f 2786/1465/3180 2802/1460/3180 2778/1444/3180
f 2746/1499/3181 2750/1441/3181 2775/1379/3181
f 2772/1380/3182 2808/1438/3182 2773/1500/3182
f 2774/1382/3183 2808/1435/3183 2807/1437/3183
f 2774/1382/3184 2801/1501/3184 2745/1383/3184
f 2757/1337/3185 2805/1395/3185 2758/1431/3185
f 2759/1502/3186 2805/1395/3186 2804/1503/3186
f 2739/1425/3187 2804/1503/3187 2800/1388/3187
f 2778/1504/3188 2806/1375/3188 2757/1337/3188
f 2736/1462/3189 2854/1371/3189 2849/1471/3189
f 2870/1464/3190 2803/1366/3190 2876/1368/3190
f 2801/1356/3191 2797/1364/3191 2745/1505/3191
f 2800/1345/3192 2794/1495/3192 2739/1487/3192
f 2775/1379/3193 2809/1333/3193 2772/1380/3193
f 2799/1482/3174 2855/1480/3174 2852/1483/3174
f 2874/1484/3174 2834/1374/3174 2877/1477/3174
f 2831/1473/3194 2790/1468/3194 2734/1349/3194
f 2787/1474/3195 2828/1448/3195 2748/1459/3195
f 2829/1458/3196 2782/1450/3196 2790/1468/3196
f 2828/1448/3197 2779/1506/3197 2748/1459/3197
f 2769/1377/3198 2826/1507/3198 2770/1394/3198
f 2770/1508/3199 2825/1509/3199 2771/1392/3199
f 2747/1510/3200 2825/1421/3200 2821/1417/3200
f 2753/1416/3201 2823/1384/3201 2752/1414/3201
f 2752/1414/3202 2822/1385/3202 2751/1411/3202
f 2733/1412/3203 2822/1385/3203 2817/1381/3203
f 2753/1343/3204 2820/1457/3204 2824/1511/3204
f 2821/1372/3205 2798/1346/3205 2747/1512/3205
f 2733/1514/3206 2832/1365/3206 2791/1513/3206
f 2861/1367/3207 2819/1351/3207 2878/1353/3207
f 2839/1370/3208 2831/1473/3208 2856/1348/3208
f 2779/1376/3209 2827/1515/3209 2769/1377/3209
f 2749/1516/3210 2856/1348/3210 2819/1351/3210
f 2852/1483/3174 2832/1365/3174 2797/1364/3174
f 2849/1471/3211 2803/1366/3211 2785/1469/3211
f 2792/1517/3174 2853/1481/3174 2815/1355/3174
f 2835/1494/3212 2792/1517/3212 2735/1354/3212
f 2743/1518/3213 2851/1479/3213 2796/1491/3213
f 2815/1355/3174 2852/1483/3174 2797/1364/3174
f 2855/1480/3174 2791/1513/3174 2832/1365/3174
f 2736/1462/3214 2847/1470/3214 2784/1519/3214
f 2789/1472/3215 2846/1449/3215 2744/1453/3215
f 2784/1440/3216 2837/1360/3216 2776/1334/3216
f 2744/1453/3217 2836/1342/3217 2781/1520/3217
f 2763/1359/3218 2844/1521/3218 2764/1409/3218
f 2764/1541/3219 2843/1413/3219 2765/1522/3219
f 2743/1523/3220 2843/1413/3220 2838/1410/3220
f 2755/1439/3221 2842/1362/3221 2841/1403/3221
f 2755/1524/3222 2840/1399/3222 2756/1525/3222
f 2756/1526/3223 2835/1396/3223 2735/1433/3223
f 2854/1371/3224 2749/1516/3224 2803/1366/3224
f 2776/1334/3225 2842/1362/3225 2754/1335/3225
f 2819/1351/3226 2848/1350/3226 2789/1472/3226
f 2781/1520/3227 2845/1344/3227 2763/1527/3227
f 2861/1367/3228 2830/1467/3228 2787/1474/3228
f 2799/1482/3174 2877/1477/3174 2833/1478/3174
f 2740/1497/3229 2876/1368/3229 2813/1475/3229
f 2873/1488/3174 2816/1496/3174 2795/1528/3174
f 2858/1490/3230 2793/1373/3230 2737/1529/3230
f 2859/1489/3231 2795/1528/3231 2741/1492/3231
f 2875/1485/3174 2799/1482/3174 2816/1496/3174
f 2833/1478/3174 2872/1476/3174 2796/1491/3174
f 2738/1466/3232 2869/1455/3232 2788/1446/3232
f 2870/1464/3233 2742/1530/3233 2785/1469/3233
f 2788/1446/3234 2860/1454/3234 2780/1340/3234
f 2742/1530/3235 2857/1445/3235 2777/1531/3235
f 2767/1532/3236 2867/1338/3236 2866/1430/3236
f 2767/1400/3237 2865/1427/3237 2768/1401/3237
f 2741/1533/3152 2865/1424/3152 2859/1426/3152
f 2760/1534/3238 2863/1407/3238 2761/1423/3238
f 2761/1423/3239 2862/1404/3239 2762/1418/3239
f 2737/1419/3240 2862/1404/3240 2858/1406/3240
f 2876/1368/3241 2787/1474/3241 2813/1475/3241
f 2780/1340/3242 2864/1535/3242 2760/1341/3242
f 2878/1353/3243 2738/1466/3243 2830/1467/3243
f 2777/1536/3244 2867/1338/3244 2766/1537/3244
f 2955/1333/3245 2922/1334/3245 2900/1335/3245
f 3003/1336/3246 2903/1337/3246 3013/1338/3246
f 2973/1339/3247 2926/1340/3247 2906/1341/3247
f 2982/1342/3248 2899/1343/3248 2991/1344/3248
f 2946/1345/3249 2944/1346/3249 2960/1347/3249
f 3002/1348/3250 2880/1349/3250 2994/1350/3250
f 2965/1351/3251 3017/1352/3251 3024/1353/3251
f 2881/1354/3252 2961/1355/3252 2947/1356/3252
f 3010/1357/3253 2927/1358/3253 2909/1359/3253
f 2983/1360/3254 2912/1361/3254 2988/1362/3254
f 2963/1363/3255 2943/1364/3255 2978/1365/3255
f 2949/1366/3256 3007/1367/3256 3022/1368/3256
f 2958/1369/3257 2985/1370/3257 3000/1371/3257
f 2967/1372/3258 2939/1373/3258 2980/1374/3258
f 2952/1375/3259 2925/1376/3259 2915/1377/3259
f 2970/1378/3260 2921/1379/3260 2918/1380/3260
f 2963/1381/3261 2920/1382/3261 2891/1383/3261
f 2969/1384/3262 2920/1382/3262 2968/1385/3262
f 2970/1386/3263 2919/1387/3263 2969/1384/3263
f 2946/1388/3264 2917/1389/3264 2893/1390/3264
f 2951/1391/3265 2917/1392/3265 2950/1393/3265
f 2952/1375/3266 2916/1394/3266 2951/1395/3266
f 2981/1396/3267 2914/1397/3267 2887/1398/3267
f 2986/1399/3268 2913/1400/3268 2914/1401/3268
f 2988/1362/3269 2913/1402/3269 2987/1403/3269
f 3008/1404/3270 2889/1405/3270 3004/1406/3270
f 3009/1407/3271 2911/1408/3271 3008/1404/3271
f 3009/1407/3272 2909/1359/3272 2910/1409/3272
f 2984/1410/3273 2897/1411/3273 2879/1412/3273
f 2989/1413/3274 2898/1414/3274 2897/1411/3274
f 2990/1415/3275 2899/1416/3275 2898/1414/3275
f 2967/1417/3276 2908/1418/3276 2883/1419/3276
f 2972/1420/3277 2908/1418/3277 2971/1421/3277
f 2973/1422/3278 2907/1423/3278 2972/1420/3278
f 3011/1424/3279 2885/1425/3279 3005/1426/3279
f 3011/1427/3280 2904/1428/3280 2905/1429/3280
f 3012/1430/3281 2903/1337/3281 2904/1431/3281
f 2953/1432/3282 2881/1433/3282 2947/1434/3282
f 2954/1435/3283 2902/1436/3283 2953/1437/3283
f 2954/1438/3284 2900/1335/3284 2901/1439/3284
f 2930/1440/3285 2896/1441/3285 2956/1442/3285
f 3014/1443/3286 2924/1444/3286 3003/1445/3286
f 2934/1446/3287 2964/1447/3287 2974/1448/3287
f 2992/1449/3288 2928/1450/3288 2982/1342/3288
f 2888/1451/3289 2983/1360/3289 2993/1452/3289
f 2890/1453/3290 3006/1454/3290 3015/1455/3290
f 2892/1456/3291 2966/1457/3291 2975/1458/3291
f 2894/1459/3292 2948/1460/3292 2957/1461/3292
f 2882/1462/3293 2956/1463/3293 2958/1369/3293
f 3016/1464/3294 2932/1465/3294 3014/1443/3294
f 2884/1466/3295 2974/1448/3295 2976/1467/3295
f 2994/1350/3296 2936/1468/3296 2992/1449/3296
f 2931/1469/3297 2993/1470/3297 2995/1471/3297
f 2935/1472/3298 3015/1455/3298 3017/1352/3298
f 2977/1473/3299 2892/1456/3299 2975/1458/3299
f 2933/1474/3300 2957/1461/3300 2959/1475/3300
f 2980/1374/3301 3018/1476/3301 3023/1477/3301
f 2979/1478/3301 2997/1479/3301 3001/1480/3301
f 2999/1481/3301 2945/1482/3301 2998/1483/3301
f 2960/1347/3301 3020/1484/3301 3021/1485/3301
f 2879/1412/3302 2997/1486/3302 2984/1410/3302
f 2885/1487/3303 3019/1488/3303 3005/1489/3303
f 3004/1490/3304 2942/1491/3304 3018/1476/3304
f 2887/1492/3305 2996/1493/3305 2981/1494/3305
f 2940/1495/3301 3021/1485/3301 3019/1488/3301
f 2996/1493/3301 2962/1496/3301 2999/1481/3301
f 2886/1497/3306 2957/1461/3306 2932/1465/3306
f 2929/1498/3307 2956/1463/3307 2892/1456/3307
f 2932/1465/3308 2948/1460/3308 2924/1444/3308
f 2892/1499/3309 2896/1441/3309 2921/1379/3309
f 2919/1500/3310 2955/1333/3310 2954/1438/3310
f 2920/1382/3311 2954/1435/3311 2953/1437/3311
f 2920/1382/3312 2947/1501/3312 2891/1383/3312
f 2903/1337/3313 2951/1395/3313 2904/1431/3313
f 2905/1502/3314 2951/1395/3314 2950/1503/3314
f 2885/1425/3315 2950/1503/3315 2946/1388/3315
f 2924/1504/3316 2952/1375/3316 2903/1337/3316
f 2882/1462/3317 3000/1371/3317 2995/1471/3317
f 3016/1464/3318 2949/1366/3318 3022/1368/3318
f 2947/1356/3319 2943/1364/3319 2891/1505/3319
f 2946/1345/3320 2940/1495/3320 2885/1487/3320
f 2918/1380/3321 2896/1441/3321 2955/1333/3321
f 2945/1482/3322 3001/1480/3322 2998/1483/3322
f 3020/1484/3301 2980/1374/3301 3023/1477/3301
f 2880/1349/3323 2975/1458/3323 2936/1468/3323
f 2933/1474/3324 2974/1448/3324 2894/1459/3324
f 2936/1468/3325 2966/1457/3325 2928/1450/3325
f 2974/1448/3326 2925/1506/3326 2894/1459/3326
f 2915/1377/3327 2972/1507/3327 2916/1394/3327
f 2916/1508/3328 2971/1509/3328 2917/1392/3328
f 2893/1510/3329 2971/1421/3329 2967/1417/3329
f 2899/1416/3330 2969/1384/3330 2898/1414/3330
f 2898/1414/3331 2968/1385/3331 2897/1411/3331
f 2879/1412/3332 2968/1385/3332 2963/1381/3332
f 2928/1450/3333 2970/1511/3333 2899/1343/3333
f 2893/1512/3334 2980/1374/3334 2944/1346/3334
f 2963/1363/3335 2937/1513/3335 2879/1514/3335
f 3007/1367/3336 2965/1351/3336 3024/1353/3336
f 2985/1370/3337 2977/1473/3337 3002/1348/3337
f 2925/1376/3338 2973/1515/3338 2915/1377/3338
f 2895/1516/3339 3002/1348/3339 2965/1351/3339
f 2998/1483/3301 2978/1365/3301 2943/1364/3301
f 2995/1471/3340 2949/1366/3340 2931/1469/3340
f 2938/1517/3301 2999/1481/3301 2961/1355/3301
f 2981/1494/3341 2938/1517/3341 2881/1354/3341
f 2889/1518/3342 2997/1479/3342 2942/1491/3342
f 2961/1355/3301 2998/1483/3301 2943/1364/3301
f 3001/1480/3301 2937/1513/3301 2978/1365/3301
f 2995/1471/3297 2930/1519/3297 2882/1462/3297
f 2935/1472/3343 2992/1449/3343 2890/1453/3343
f 2993/1452/3344 2922/1334/3344 2930/1440/3344
f 2890/1453/3345 2982/1342/3345 2927/1520/3345
f 2909/1359/3346 2990/1521/3346 2910/1409/3346
f 2911/1522/3347 2990/1415/3347 2989/1413/3347
f 2889/1523/3348 2989/1413/3348 2984/1410/3348
f 2901/1439/3349 2988/1362/3349 2987/1403/3349
f 2901/1524/3350 2986/1399/3350 2902/1525/3350
f 2902/1526/3351 2981/1396/3351 2881/1433/3351
f 2949/1366/3352 2985/1370/3352 2895/1516/3352
f 2900/1335/3353 2983/1360/3353 2988/1362/3353
f 2965/1351/3354 2994/1350/3354 2935/1472/3354
f 2927/1520/3355 2991/1344/3355 2909/1527/3355
f 3007/1367/3356 2976/1467/3356 2933/1474/3356
f 2945/1482/3301 3023/1477/3301 2979/1478/3301
f 2886/1497/3357 3022/1368/3357 2959/1475/3357
f 3019/1488/3301 2962/1496/3301 2941/1528/3301
f 3004/1490/3358 2939/1373/3358 2883/1529/3358
f 3005/1489/3359 2941/1528/3359 2887/1492/3359
f 3021/1485/3322 2945/1482/3322 2962/1496/3322
f 2979/1478/3322 3018/1476/3322 2942/1491/3322
f 3017/1352/3360 2934/1446/3360 2884/1466/3360
f 2931/1469/3361 3014/1443/3361 2888/1530/3361
f 3015/1455/3362 2926/1340/3362 2934/1446/3362
f 2888/1530/3363 3003/1445/3363 2923/1531/3363
f 2913/1532/3364 3013/1338/3364 3012/1430/3364
f 2913/1400/3365 3011/1427/3365 2914/1401/3365
f 2887/1533/3279 3011/1424/3279 3005/1426/3279
f 2906/1534/3366 3009/1407/3366 2907/1423/3366
f 2907/1423/3367 3008/1404/3367 2908/1418/3367
f 2883/1419/3368 3008/1404/3368 3004/1406/3368
f 3022/1368/3369 2933/1474/3369 2959/1475/3369
f 2906/1341/3370 3006/1454/3370 3010/1535/3370
f 3024/1353/3371 2884/1466/3371 2976/1467/3371
f 2923/1536/3372 3013/1338/3372 2912/1537/3372
f 3042/1441/3373 3046/1335/3373 3101/1333/3373
f 3149/1336/3374 3049/1337/3374 3159/1338/3374
f 3110/1447/3375 3052/1341/3375 3119/1339/3375
f 3137/1344/3376 3074/1450/3376 3045/1343/3376
f 3092/1345/3377 3090/1346/3377 3106/1347/3377
f 3148/1348/3378 3026/1349/3378 3140/1350/3378
f 3111/1351/3379 3163/1352/3379 3170/1353/3379
f 3027/1354/3380 3107/1355/3380 3093/1356/3380
f 3156/1357/3381 3073/1358/3381 3055/1359/3381
f 3129/1360/3382 3058/1361/3382 3134/1362/3382
f 3109/1363/3383 3089/1364/3383 3124/1365/3383
f 3095/1366/3384 3153/1367/3384 3168/1368/3384
f 3104/1369/3385 3131/1370/3385 3146/1371/3385
f 3113/1372/3386 3085/1373/3386 3126/1374/3386
f 3098/1375/3387 3071/1376/3387 3061/1377/3387
f 3116/1378/3388 3067/1379/3388 3064/1380/3388
f 3109/1381/3389 3066/1382/3389 3037/1383/3389
f 3115/1384/3390 3066/1382/3390 3114/1385/3390
f 3116/1386/3391 3065/1387/3391 3115/1384/3391
f 3092/1388/3392 3063/1389/3392 3039/1390/3392
f 3097/1391/3393 3063/1392/3393 3096/1393/3393
f 3098/1375/3394 3062/1394/3394 3097/1395/3394
f 3127/1396/3395 3060/1397/3395 3033/1398/3395
f 3132/1399/3396 3059/1400/3396 3060/1401/3396
f 3134/1362/3397 3059/1402/3397 3133/1403/3397
f 3154/1404/3398 3035/1405/3398 3150/1406/3398
f 3155/1407/3399 3057/1408/3399 3154/1404/3399
f 3155/1407/3400 3055/1359/3400 3056/1409/3400
f 3130/1410/3401 3043/1411/3401 3025/1412/3401
f 3136/1415/3402 3043/1411/3402 3135/1413/3402
f 3136/1415/3403 3045/1416/3403 3044/1414/3403
f 3113/1417/3404 3054/1418/3404 3029/1419/3404
f 3118/1420/3405 3054/1418/3405 3117/1421/3405
f 3119/1422/3406 3053/1423/3406 3118/1420/3406
f 3157/1424/3407 3031/1425/3407 3151/1426/3407
f 3157/1427/3408 3050/1428/3408 3051/1429/3408
f 3158/1430/3409 3049/1337/3409 3050/1431/3409
f 3099/1432/3410 3027/1433/3410 3093/1434/3410
f 3099/1437/3411 3047/1539/3411 3048/1436/3411
f 3100/1438/3412 3046/1335/3412 3047/1439/3412
f 3102/1442/3413 3068/1334/3413 3042/1441/3413
f 3160/1443/3414 3070/1444/3414 3149/1445/3414
f 3080/1446/3415 3110/1447/3415 3120/1448/3415
f 3082/1468/3416 3128/1342/3416 3138/1449/3416
f 3034/1451/3417 3129/1360/3417 3139/1452/3417
f 3036/1453/3418 3152/1454/3418 3161/1455/3418
f 3038/1456/3419 3112/1457/3419 3121/1458/3419
f 3040/1459/3420 3094/1460/3420 3103/1461/3420
f 3028/1462/3421 3102/1463/3421 3104/1369/3421
f 3162/1464/3422 3078/1465/3422 3160/1443/3422
f 3030/1466/3423 3120/1448/3423 3122/1467/3423
f 3026/1349/3424 3138/1449/3424 3140/1350/3424
f 3141/1471/3425 3034/1530/3425 3139/1470/3425
f 3081/1472/3426 3161/1455/3426 3163/1352/3426
f 3123/1473/3427 3038/1456/3427 3121/1458/3427
f 3079/1474/3428 3103/1461/3428 3105/1475/3428
f 3169/1477/3429 3085/1373/3429 3164/1476/3429
f 3125/1478/3430 3143/1479/3430 3147/1480/3430
f 3145/1481/3431 3091/1482/3431 3144/1483/3431
f 3106/1347/3429 3166/1484/3429 3167/1485/3429
f 3130/1410/3432 3083/1540/3432 3143/1486/3432
f 3151/1489/3433 3086/1495/3433 3165/1488/3433
f 3150/1490/3434 3088/1491/3434 3164/1476/3434
f 3033/1492/3435 3142/1493/3435 3127/1494/3435
f 3086/1495/3429 3167/1485/3429 3165/1488/3429
f 3142/1493/3430 3108/1496/3430 3145/1481/3430
f 3032/1497/3436 3103/1461/3436 3078/1465/3436
f 3075/1498/3437 3102/1463/3437 3038/1456/3437
f 3078/1465/3438 3094/1460/3438 3070/1444/3438
f 3038/1499/3439 3042/1441/3439 3067/1379/3439
f 3064/1380/3440 3100/1438/3440 3065/1500/3440
f 3066/1382/3441 3100/1435/3441 3099/1437/3441
f 3066/1382/3442 3093/1501/3442 3037/1383/3442
f 3049/1337/3443 3097/1395/3443 3050/1431/3443
f 3051/1502/3444 3097/1395/3444 3096/1503/3444
f 3031/1425/3445 3096/1503/3445 3092/1388/3445
f 3070/1504/3446 3098/1375/3446 3049/1337/3446
f 3028/1462/3447 3146/1371/3447 3141/1471/3447
f 3162/1464/3448 3095/1366/3448 3168/1368/3448
f 3093/1356/3449 3089/1364/3449 3037/1505/3449
f 3092/1345/3450 3086/1495/3450 3031/1487/3450
f 3064/1380/3451 3042/1441/3451 3101/1333/3451
f 3091/1482/3429 3147/1480/3429 3144/1483/3429
f 3166/1484/3429 3126/1374/3429 3169/1477/3429
f 3123/1473/3452 3082/1468/3452 3026/1349/3452
f 3079/1474/3453 3120/1448/3453 3040/1459/3453
f 3121/1458/3454 3074/1450/3454 3082/1468/3454
f 3120/1448/3455 3071/1506/3455 3040/1459/3455
f 3061/1377/3456 3118/1507/3456 3062/1394/3456
f 3062/1508/3457 3117/1509/3457 3063/1392/3457
f 3039/1510/3458 3117/1421/3458 3113/1417/3458
f 3045/1416/3459 3115/1384/3459 3044/1414/3459
f 3044/1414/3460 3114/1385/3460 3043/1411/3460
f 3025/1412/3461 3114/1385/3461 3109/1381/3461
f 3045/1343/3462 3112/1457/3462 3116/1511/3462
f 3113/1372/3463 3090/1346/3463 3039/1512/3463
f 3025/1514/3464 3124/1365/3464 3083/1513/3464
f 3153/1367/3465 3111/1351/3465 3170/1353/3465
f 3131/1370/3466 3123/1473/3466 3148/1348/3466
f 3071/1376/3467 3119/1515/3467 3061/1377/3467
f 3041/1516/3468 3148/1348/3468 3111/1351/3468
f 3144/1483/3429 3124/1365/3429 3089/1364/3429
f 3141/1471/3469 3095/1366/3469 3077/1469/3469
f 3084/1517/3429 3145/1481/3429 3107/1355/3429
f 3127/1494/3470 3084/1517/3470 3027/1354/3470
f 3035/1518/3471 3143/1479/3471 3088/1491/3471
f 3107/1355/3429 3144/1483/3429 3089/1364/3429
f 3147/1480/3429 3083/1513/3429 3124/1365/3429
f 3028/1462/3472 3139/1470/3472 3076/1519/3472
f 3081/1472/3473 3138/1449/3473 3036/1453/3473
f 3076/1440/3474 3129/1360/3474 3068/1334/3474
f 3036/1453/3475 3128/1342/3475 3073/1520/3475
f 3055/1359/3476 3136/1521/3476 3056/1409/3476
f 3056/1541/3477 3135/1413/3477 3057/1522/3477
f 3035/1523/3478 3135/1413/3478 3130/1410/3478
f 3047/1439/3479 3134/1362/3479 3133/1403/3479
f 3047/1524/3480 3132/1399/3480 3048/1525/3480
f 3048/1526/3481 3127/1396/3481 3027/1433/3481
f 3146/1371/3482 3041/1516/3482 3095/1366/3482
f 3068/1334/3483 3134/1362/3483 3046/1335/3483
f 3111/1351/3484 3140/1350/3484 3081/1472/3484
f 3073/1520/3485 3137/1344/3485 3055/1527/3485
f 3153/1367/3486 3122/1467/3486 3079/1474/3486
f 3091/1482/3429 3169/1477/3429 3125/1478/3429
f 3032/1497/3487 3168/1368/3487 3105/1475/3487
f 3165/1488/3429 3108/1496/3429 3087/1528/3429
f 3150/1490/3488 3085/1373/3488 3029/1529/3488
f 3151/1489/3489 3087/1528/3489 3033/1492/3489
f 3167/1485/3429 3091/1482/3429 3108/1496/3429
f 3125/1478/3490 3164/1476/3490 3088/1491/3490
f 3030/1466/3491 3161/1455/3491 3080/1446/3491
f 3162/1464/3492 3034/1530/3492 3077/1469/3492
f 3080/1446/3493 3152/1454/3493 3072/1340/3493
f 3034/1530/3494 3149/1445/3494 3069/1531/3494
f 3059/1532/3495 3159/1338/3495 3158/1430/3495
f 3059/1400/3496 3157/1427/3496 3060/1401/3496
f 3060/1542/3497 3151/1426/3497 3033/1533/3497
f 3052/1534/3498 3155/1407/3498 3053/1423/3498
f 3053/1423/3499 3154/1404/3499 3054/1418/3499
f 3029/1419/3500 3154/1404/3500 3150/1406/3500
f 3168/1368/3487 3079/1474/3487 3105/1475/3487
f 3072/1340/3501 3156/1535/3501 3052/1341/3501
f 3170/1353/3502 3030/1466/3502 3122/1467/3502
f 3069/1536/3503 3159/1338/3503 3058/1537/3503
f 765/1333/3504 706/1441/3504 732/1334/3504
f 813/1336/3505 734/1504/3505 713/1337/3505
f 783/1339/3506 774/1447/3506 736/1340/3506
f 792/1342/3507 738/1450/3507 709/1343/3507
f 756/1345/3508 703/1512/3508 754/1346/3508
f 812/1348/3509 787/1473/3509 690/1349/3509
f 775/1351/3510 745/1472/3510 827/1352/3510
f 691/1354/3511 748/1517/3511 771/1355/3511
f 820/1357/3512 816/1759/3512 737/1358/3512
f 793/1360/3513 733/1970/3513 722/1361/3513
f 773/1363/3514 701/1505/3514 753/1364/3514
f 759/1366/3515 705/1516/3515 817/1367/3515
f 768/1369/3516 739/1498/3516 795/1370/3516
f 777/1372/3517 693/1529/3517 749/1373/3517
f 762/1375/3518 758/1971/3518 735/1376/3518
f 780/1378/3519 776/1972/3519 731/1379/3519
f 773/1381/3520 778/1385/3520 730/1382/3520
f 779/1384/3521 729/1387/3521 730/1382/3521
f 780/1386/3522 728/1973/3522 729/1387/3522
f 756/1388/3523 760/1503/3523 727/1389/3523
f 761/1391/3524 726/1508/3524 727/1392/3524
f 762/1375/3525 725/1377/3525 726/1394/3525
f 791/1396/3526 796/1974/3526 724/1397/3526
f 796/1399/3527 797/1760/3527 723/1400/3527
f 798/1362/3528 722/1361/3528 723/1402/3528
f 818/1404/3529 721/1408/3529 699/1405/3529
f 819/1407/3530 720/1409/3530 721/1408/3530
f 819/1407/3531 820/1357/3531 719/1359/3531
f 794/1410/3532 799/1413/3532 707/1411/3532
f 799/1413/3533 800/1415/3533 708/1414/3533
f 800/1415/3534 801/1975/3534 709/1416/3534
f 777/1417/3535 781/1421/3535 718/1418/3535
f 782/1420/3536 717/1423/3536 718/1418/3536
f 783/1422/3537 716/1534/3537 717/1423/3537
f 821/1424/3538 715/1502/3538 695/1425/3538
f 821/1427/3539 822/1538/3539 714/1428/3539
f 822/1430/3540 823/1338/3540 713/1337/3540
f 763/1432/3541 712/1526/3541 691/1433/3541
f 764/1435/3542 711/1539/3542 712/1436/3542
f 764/1438/3543 765/1333/3543 710/1335/3543
f 740/1440/3544 732/1334/3544 706/1441/3544
f 824/1443/3545 742/1465/3545 734/1444/3545
f 744/1446/3546 736/1340/3546 774/1447/3546
f 802/1449/3547 746/1468/3547 738/1450/3547
f 698/1451/3548 733/1970/3548 793/1360/3548
f 700/1453/3549 737/1520/3549 816/1454/3549
f 702/1456/3550 731/1976/3550 776/1457/3550
f 704/1459/3551 735/1506/3551 758/1460/3551
f 692/1462/3552 740/1519/3552 766/1463/3552
f 826/1464/3553 696/1497/3553 742/1465/3553
f 694/1466/3554 744/1446/3554 784/1448/3554
f 804/1350/1331 690/1349/1331 746/1468/1331
f 741/1469/3555 698/1530/3555 803/1470/3555
f 745/1472/3556 700/1453/3556 825/1455/3556
f 787/1473/3557 739/1498/3557 702/1456/3557
f 743/1474/3558 704/1459/3558 767/1461/3558
f 790/1374/1336 749/1373/1336 828/1476/1336
f 789/1478/1336 752/1491/1336 807/1479/1336
f 809/1481/1336 772/1496/1336 755/1482/1336
f 770/1347/1336 754/1346/1336 830/1484/1336
f 689/1412/3559 747/1540/3559 807/1486/3559
f 695/1487/3560 750/1495/3560 829/1488/3560
f 814/1490/3561 699/1518/3561 752/1491/3561
f 697/1492/3562 751/1528/3562 806/1493/3562
f 750/1495/1341 770/1347/1341 831/1485/1341
f 806/1493/1336 751/1528/1336 772/1496/1336
f 696/1497/1335 769/1475/1335 767/1461/1335
f 739/1498/3563 768/1369/3563 766/1463/3563
f 742/1465/1343 767/1461/1343 758/1460/1343
f 702/1499/3564 766/1442/3564 706/1441/3564
f 729/1500/3565 728/1380/3565 765/1333/3565
f 730/1382/3566 729/1387/3566 764/1435/3566
f 730/1382/3567 763/1437/3567 757/1501/3567
f 713/1337/3568 762/1375/3568 761/1395/3568
f 715/1502/3569 714/1431/3569 761/1395/3569
f 695/1425/3570 715/1502/3570 760/1503/3570
f 734/1504/3518 758/1971/3518 762/1375/3518
f 692/1462/3571 768/1369/3571 810/1371/3571
f 826/1464/3572 741/1469/3572 759/1366/3572
f 757/1356/3573 771/1355/3573 753/1364/3573
f 756/1345/3574 770/1347/3574 750/1495/3574
f 728/1380/3575 731/1379/3575 706/1441/3575
f 755/1482/1336 789/1478/1336 811/1480/1336
f 830/1484/1336 754/1346/1336 790/1374/1336
f 690/1349/3576 787/1473/3576 785/1458/3576
f 743/1474/3577 786/1467/3577 784/1448/3577
f 746/1468/3578 785/1458/3578 776/1457/3578
f 784/1448/3579 774/1447/3579 735/1506/3579
f 725/1377/3580 783/1515/3580 782/1507/3580
f 726/1508/3581 782/1977/3581 781/1509/3581
f 703/1510/3582 727/1978/3582 781/1421/3582
f 709/1416/3583 780/1386/3583 779/1384/3583
f 708/1414/3584 779/1384/3584 778/1385/3584
f 689/1412/3585 707/1411/3585 778/1385/3585
f 738/1450/3586 776/1457/3586 780/1511/3586
f 703/1512/3587 777/1372/3587 790/1374/3587
f 773/1363/1290 788/1365/1290 747/1513/1290
f 817/1367/3588 705/1516/3588 775/1351/3588
f 795/1370/3589 739/1498/3589 787/1473/3589
f 735/1376/3590 774/1979/3590 783/1515/3590
f 705/1516/3591 795/1370/3591 812/1348/3591
f 808/1483/1336 811/1480/1336 788/1365/1336
f 805/1471/3592 810/1371/3592 759/1366/3592
f 748/1517/1341 806/1493/1341 809/1481/1341
f 791/1494/3593 806/1493/3593 748/1517/3593
f 699/1518/3594 794/1980/3594 807/1479/3594
f 771/1355/1336 809/1481/1336 808/1483/1336
f 811/1480/1341 807/1479/1341 747/1513/1341
f 805/1471/1332 803/1470/1332 740/1519/1332
f 745/1472/1331 804/1350/1331 802/1449/1331
f 803/1452/3595 793/1360/3595 732/1334/3595
f 700/1453/3596 802/1449/3596 792/1342/3596
f 719/1359/3534 801/1981/3534 800/1521/3534
f 721/1522/3597 720/1541/3597 800/1415/3597
f 699/1523/3598 721/1522/3598 799/1413/3598
f 711/1439/3599 710/1335/3599 798/1362/3599
f 711/1524/3600 797/1760/3600 796/1399/3600
f 712/1526/3601 796/1974/3601 791/1396/3601
f 759/1366/3592 810/1371/3592 795/1370/3592
f 710/1335/3602 732/1334/3602 793/1360/3602
f 775/1351/3603 812/1348/3603 804/1350/3603
f 737/1520/3604 792/1342/3604 801/1344/3604
f 817/1367/3605 834/1353/3605 786/1467/3605
f 755/1482/1336 830/1484/1336 833/1477/1336
f 696/1497/3606 826/1464/3606 832/1368/3606
f 829/1488/1336 831/1485/1336 772/1496/1336
f 814/1490/3607 828/1476/3607 749/1373/3607
f 815/1489/3608 829/1488/3608 751/1528/3608
f 831/1485/1336 830/1484/1336 755/1482/1336
f 789/1478/1336 833/1477/1336 828/1476/1336
f 827/1352/3609 825/1455/3609 744/1446/3609
f 741/1469/3610 826/1464/3610 824/1443/3610
f 825/1455/3611 816/1454/3611 736/1340/3611
f 698/1530/3612 824/1443/3612 813/1445/3612
f 723/1532/3613 722/1537/3613 823/1338/3613
f 723/1400/3614 822/1538/3614 821/1427/3614
f 697/1533/3615 724/1542/3615 821/1424/3615
f 716/1534/3616 820/1357/3616 819/1407/3616
f 717/1423/3617 819/1407/3617 818/1404/3617
f 693/1419/3618 718/1418/3618 818/1404/3618
f 832/1368/3619 817/1367/3619 743/1474/3619
f 716/1341/3620 736/1340/3620 816/1454/3620
f 834/1353/3621 827/1352/3621 694/1466/3621
f 733/1536/3622 813/1336/3622 823/1338/3622
f 852/1441/3623 878/1334/3623 856/1335/3623
f 959/1336/3624 880/1504/3624 859/1337/3624
f 920/1447/3625 882/1340/3625 862/1341/3625
f 947/1344/3626 938/1342/3626 884/1450/3626
f 902/1345/3627 849/1512/3627 900/1346/3627
f 958/1348/3628 933/1473/3628 836/1349/3628
f 921/1351/3629 891/1472/3629 973/1352/3629
f 837/1354/3630 894/1517/3630 917/1355/3630
f 966/1357/3631 962/1759/3631 883/1358/3631
f 939/1360/3632 879/1970/3632 868/1361/3632
f 919/1363/3633 847/1505/3633 899/1364/3633
f 905/1366/3634 851/1516/3634 963/1367/3634
f 914/1369/3635 885/1498/3635 941/1370/3635
f 923/1372/3636 839/1529/3636 895/1373/3636
f 908/1375/3637 904/1971/3637 881/1376/3637
f 926/1378/3638 922/1972/3638 877/1379/3638
f 924/1385/3639 876/1382/3639 847/1383/3639
f 925/1384/3640 875/1387/3640 876/1382/3640
f 926/1386/3641 874/1973/3641 875/1387/3641
f 902/1388/3642 906/1503/3642 873/1389/3642
f 907/1391/3643 872/1508/3643 873/1392/3643
f 908/1375/3644 871/1377/3644 872/1394/3644
f 937/1396/3645 942/1974/3645 870/1397/3645
f 942/1399/3646 943/1760/3646 869/1400/3646
f 944/1362/3647 868/1361/3647 869/1402/3647
f 964/1404/3648 867/1408/3648 845/1405/3648
f 965/1407/3649 866/1409/3649 867/1408/3649
f 965/1407/3650 966/1357/3650 865/1359/3650
f 940/1410/3651 945/1413/3651 853/1411/3651
f 946/1415/3652 854/1414/3652 853/1411/3652
f 946/1415/3653 947/1975/3653 855/1416/3653
f 923/1417/3654 927/1421/3654 864/1418/3654
f 928/1420/3655 863/1423/3655 864/1418/3655
f 929/1422/3656 862/1534/3656 863/1423/3656
f 967/1424/3657 861/1502/3657 841/1425/3657
f 968/1538/3658 860/1428/3658 861/1429/3658
f 968/1430/3659 969/1338/3659 859/1337/3659
f 909/1432/3660 858/1526/3660 837/1433/3660
f 909/1437/3661 910/1435/3661 857/1539/3661
f 910/1438/3662 911/1333/3662 856/1335/3662
f 912/1442/3663 886/1440/3663 878/1334/3663
f 970/1443/3664 888/1465/3664 880/1444/3664
f 890/1446/3665 882/1340/3665 920/1447/3665
f 892/1468/3666 884/1450/3666 938/1342/3666
f 844/1451/3667 879/1970/3667 939/1360/3667
f 846/1453/3668 883/1520/3668 962/1454/3668
f 848/1456/3669 877/1976/3669 922/1457/3669
f 850/1459/3670 881/1506/3670 904/1460/3670
f 838/1462/3671 886/1519/3671 912/1463/3671
f 842/1497/3672 888/1465/3672 970/1443/3672
f 840/1466/3673 890/1446/3673 930/1448/3673
f 836/1349/3674 892/1468/3674 948/1449/3674
f 951/1471/3675 887/1469/3675 844/1530/3675
f 891/1472/3676 846/1453/3676 971/1455/3676
f 885/1498/3677 848/1456/3677 931/1458/3677
f 889/1474/3678 850/1459/3678 913/1461/3678
f 979/1477/1462 936/1374/1462 895/1373/1462
f 935/1478/1462 898/1491/1462 953/1479/1462
f 955/1481/1462 918/1496/1462 901/1482/1462
f 916/1347/1462 900/1346/1462 976/1484/1462
f 940/1410/3679 835/1412/3679 893/1540/3679
f 961/1489/3680 841/1487/3680 896/1495/3680
f 960/1490/3681 845/1518/3681 898/1491/3681
f 843/1492/3682 897/1528/3682 952/1493/3682
f 896/1495/1462 916/1347/1462 977/1485/1462
f 952/1493/1462 897/1528/1462 918/1496/1462
f 842/1497/1461 915/1475/1461 913/1461/1461
f 885/1498/3683 914/1369/3683 912/1463/3683
f 888/1465/1469 913/1461/1469 904/1460/1469
f 848/1499/3684 912/1442/3684 852/1441/3684
f 874/1380/3685 911/1333/3685 910/1438/3685
f 876/1382/3686 875/1387/3686 910/1435/3686
f 876/1382/3687 909/1437/3687 903/1501/3687
f 859/1337/3688 908/1375/3688 907/1395/3688
f 861/1502/3689 860/1431/3689 907/1395/3689
f 841/1425/3690 861/1502/3690 906/1503/3690
f 880/1504/3637 904/1971/3637 908/1375/3637
f 838/1462/3691 914/1369/3691 956/1371/3691
f 972/1464/3692 887/1469/3692 905/1366/3692
f 903/1356/3693 917/1355/3693 899/1364/3693
f 902/1345/3694 916/1347/3694 896/1495/3694
f 877/1379/3695 852/1441/3695 911/1333/3695
f 901/1482/1462 935/1478/1462 957/1480/1462
f 976/1484/1462 900/1346/1462 936/1374/1462
f 933/1473/3696 931/1458/3696 892/1468/3696
f 889/1474/3697 932/1467/3697 930/1448/3697
f 931/1458/3698 922/1457/3698 884/1450/3698
f 850/1459/3699 930/1448/3699 920/1447/3699
f 871/1377/3700 929/1515/3700 928/1507/3700
f 872/1508/3701 928/1977/3701 927/1509/3701
f 849/1510/3702 873/1978/3702 927/1421/3702
f 855/1416/3703 926/1386/3703 925/1384/3703
f 854/1414/3704 925/1384/3704 924/1385/3704
f 835/1412/3705 853/1411/3705 924/1385/3705
f 855/1343/3706 884/1450/3706 922/1457/3706
f 923/1372/3707 936/1374/3707 900/1346/3707
f 835/1514/3708 919/1363/3708 934/1365/3708
f 963/1367/3709 851/1516/3709 921/1351/3709
f 941/1370/3710 885/1498/3710 933/1473/3710
f 881/1376/3711 920/1979/3711 929/1515/3711
f 851/1516/3712 941/1370/3712 958/1348/3712
f 954/1483/1462 957/1480/1462 934/1365/1462
f 951/1471/3713 956/1371/3713 905/1366/3713
f 894/1517/1462 952/1493/1462 955/1481/1462
f 937/1494/3714 952/1493/3714 894/1517/3714
f 845/1518/3715 940/1980/3715 953/1479/3715
f 917/1355/1462 955/1481/1462 954/1483/1462
f 957/1480/1462 953/1479/1462 893/1513/1462
f 838/1462/3716 951/1471/3716 949/1470/3716
f 891/1472/1457 950/1350/1457 948/1449/1457
f 886/1440/3717 949/1452/3717 939/1360/3717
f 846/1453/3718 948/1449/3718 938/1342/3718
f 865/1359/3653 947/1981/3653 946/1521/3653
f 866/1541/3719 946/1415/3719 945/1413/3719
f 845/1523/3720 867/1522/3720 945/1413/3720
f 857/1439/3721 856/1335/3721 944/1362/3721
f 857/1524/3722 943/1760/3722 942/1399/3722
f 858/1526/3723 942/1974/3723 937/1396/3723
f 956/1371/3724 941/1370/3724 851/1516/3724
f 878/1334/3725 939/1360/3725 944/1362/3725
f 921/1351/3726 958/1348/3726 950/1350/3726
f 883/1520/3727 938/1342/3727 947/1344/3727
f 963/1367/3728 980/1353/3728 932/1467/3728
f 901/1482/1462 976/1484/1462 979/1477/1462
f 842/1497/3729 972/1464/3729 978/1368/3729
f 975/1488/1462 977/1485/1462 918/1496/1462
f 960/1490/3730 974/1476/3730 895/1373/3730
f 961/1489/3731 975/1488/3731 897/1528/3731
f 977/1485/1462 976/1484/1462 901/1482/1462
f 935/1478/1462 979/1477/1462 974/1476/1462
f 840/1466/1459 973/1352/1459 971/1455/1459
f 972/1464/3732 970/1443/3732 844/1530/3732
f 890/1446/3733 971/1455/3733 962/1454/3733
f 844/1530/3734 970/1443/3734 959/1445/3734
f 869/1532/3735 868/1537/3735 969/1338/3735
f 869/1400/3736 968/1538/3736 967/1427/3736
f 870/1542/3737 967/1424/3737 961/1426/3737
f 862/1534/3738 966/1357/3738 965/1407/3738
f 863/1423/3739 965/1407/3739 964/1404/3739
f 839/1419/3740 864/1418/3740 964/1404/3740
f 978/1368/3741 963/1367/3741 889/1474/3741
f 882/1340/3742 962/1454/3742 966/1535/3742
f 980/1353/3743 973/1352/3743 840/1466/3743
f 879/1536/3744 959/1336/3744 969/1338/3744
f 998/1441/3745 1024/1334/3745 1002/1335/3745
f 1105/1336/3746 1026/1504/3746 1005/1337/3746
f 1066/1447/3747 1028/1340/3747 1008/1341/3747
f 1093/1344/3748 1084/1342/3748 1030/1450/3748
f 1048/1345/3749 995/1512/3749 1046/1346/3749
f 1104/1348/3750 1079/1473/3750 982/1349/3750
f 1067/1351/3751 1037/1472/3751 1119/1352/3751
f 983/1354/3752 1040/1517/3752 1063/1355/3752
f 1112/1357/3753 1108/1759/3753 1029/1358/3753
f 1085/1360/3754 1025/1970/3754 1014/1361/3754
f 1065/1363/3755 993/1505/3755 1045/1364/3755
f 1051/1366/3756 997/1516/3756 1109/1367/3756
f 1060/1369/3757 1031/1498/3757 1087/1370/3757
f 1069/1372/3758 985/1529/3758 1041/1373/3758
f 1054/1375/3759 1050/1971/3759 1027/1376/3759
f 1072/1378/3760 1068/1972/3760 1023/1379/3760
f 1065/1381/3761 1070/1385/3761 1022/1382/3761
f 1071/1384/3762 1021/1387/3762 1022/1382/3762
f 1072/1386/3763 1020/1973/3763 1021/1387/3763
f 1048/1388/3764 1052/1503/3764 1019/1389/3764
f 1053/1391/3765 1018/1508/3765 1019/1392/3765
f 1054/1375/3766 1017/1377/3766 1018/1394/3766
f 1083/1396/3767 1088/1974/3767 1016/1397/3767
f 1088/1399/3768 1089/1760/3768 1015/1400/3768
f 1090/1362/3769 1014/1361/3769 1015/1402/3769
f 1110/1404/3770 1013/1408/3770 991/1405/3770
f 1111/1407/3771 1012/1409/3771 1013/1408/3771
f 1111/1407/3772 1112/1357/3772 1011/1359/3772
f 1086/1410/3773 1091/1413/3773 999/1411/3773
f 1092/1415/3774 1000/1414/3774 999/1411/3774
f 1092/1415/3775 1093/1975/3775 1001/1416/3775
f 1069/1417/3776 1073/1421/3776 1010/1418/3776
f 1074/1420/3777 1009/1423/3777 1010/1418/3777
f 1075/1422/3778 1008/1534/3778 1009/1423/3778
f 1113/1424/3779 1007/1502/3779 987/1425/3779
f 1113/1427/3780 1114/1538/3780 1006/1428/3780
f 1114/1430/3781 1115/1338/3781 1005/1337/3781
f 1055/1432/3782 1004/1526/3782 983/1433/3782
f 1055/1437/3783 1056/1435/3783 1003/1539/3783
f 1056/1438/3784 1057/1333/3784 1002/1335/3784
f 1058/1442/3785 1032/1440/3785 1024/1334/3785
f 1116/1443/3786 1034/1465/3786 1026/1444/3786
f 1036/1446/3787 1028/1340/3787 1066/1447/3787
f 1038/1468/3788 1030/1450/3788 1084/1342/3788
f 990/1451/3789 1025/1970/3789 1085/1360/3789
f 992/1453/3790 1029/1520/3790 1108/1454/3790
f 994/1456/3791 1023/1976/3791 1068/1457/3791
f 996/1459/3792 1027/1506/3792 1050/1460/3792
f 984/1462/3793 1032/1519/3793 1058/1463/3793
f 1118/1464/3794 988/1497/3794 1034/1465/3794
f 986/1466/3795 1036/1446/3795 1076/1448/3795
f 982/1349/1585 1038/1468/1585 1094/1449/1585
f 1097/1471/3796 1033/1469/3796 990/1530/3796
f 1037/1472/3797 992/1453/3797 1117/1455/3797
f 1079/1473/3798 1031/1498/3798 994/1456/3798
f 1035/1474/3799 996/1459/3799 1059/1461/3799
f 1125/1477/1590 1082/1374/1590 1041/1373/1590
f 1081/1478/1590 1044/1491/1590 1099/1479/1590
f 1101/1481/1590 1064/1496/1590 1047/1482/1590
f 1062/1347/1590 1046/1346/1590 1122/1484/1590
f 1086/1410/3800 981/1412/3800 1039/1540/3800
f 1107/1489/3801 987/1487/3801 1042/1495/3801
f 1106/1490/3802 991/1518/3802 1044/1491/3802
f 989/1492/3803 1043/1528/3803 1098/1493/3803
f 1042/1495/1590 1062/1347/1590 1123/1485/1590
f 1098/1493/1590 1043/1528/1590 1064/1496/1590
f 988/1497/1589 1061/1475/1589 1059/1461/1589
f 1031/1498/3804 1060/1369/3804 1058/1463/3804
f 1034/1465/1596 1059/1461/1596 1050/1460/1596
f 994/1499/3805 1058/1442/3805 998/1441/3805
f 1020/1380/3806 1057/1333/3806 1056/1438/3806
f 1022/1382/3807 1021/1387/3807 1056/1435/3807
f 1022/1382/3808 1055/1437/3808 1049/1501/3808
f 1005/1337/3809 1054/1375/3809 1053/1395/3809
f 1007/1502/3810 1006/1431/3810 1053/1395/3810
f 987/1425/3811 1007/1502/3811 1052/1503/3811
f 1026/1504/3759 1050/1971/3759 1054/1375/3759
f 984/1462/3812 1060/1369/3812 1102/1371/3812
f 1118/1464/3813 1033/1469/3813 1051/1366/3813
f 1049/1356/3814 1063/1355/3814 1045/1364/3814
f 1048/1345/3815 1062/1347/3815 1042/1495/3815
f 1020/1380/3816 1023/1379/3816 998/1441/3816
f 1047/1482/1590 1081/1478/1590 1103/1480/1590
f 1122/1484/1590 1046/1346/1590 1082/1374/1590
f 1079/1473/3817 1077/1458/3817 1038/1468/3817
f 1035/1474/3818 1078/1467/3818 1076/1448/3818
f 1077/1458/3819 1068/1457/3819 1030/1450/3819
f 1076/1448/3820 1066/1447/3820 1027/1506/3820
f 1017/1377/3821 1075/1515/3821 1074/1507/3821
f 1018/1508/3822 1074/1977/3822 1073/1509/3822
f 995/1510/3823 1019/1978/3823 1073/1421/3823
f 1001/1416/3824 1072/1386/3824 1071/1384/3824
f 1000/1414/3825 1071/1384/3825 1070/1385/3825
f 981/1412/3826 999/1411/3826 1070/1385/3826
f 1001/1343/3827 1030/1450/3827 1068/1457/3827
f 1069/1372/3828 1082/1374/3828 1046/1346/3828
f 981/1514/3829 1065/1363/3829 1080/1365/3829
f 1109/1367/3830 997/1516/3830 1067/1351/3830
f 1087/1370/3831 1031/1498/3831 1079/1473/3831
f 1027/1376/3832 1066/1979/3832 1075/1515/3832
f 997/1516/3833 1087/1370/3833 1104/1348/3833
f 1100/1483/1590 1103/1480/1590 1080/1365/1590
f 1097/1471/3834 1102/1371/3834 1051/1366/3834
f 1040/1517/1590 1098/1493/1590 1101/1481/1590
f 1083/1494/3835 1098/1493/3835 1040/1517/3835
f 991/1518/3836 1086/1980/3836 1099/1479/3836
f 1063/1355/1590 1101/1481/1590 1100/1483/1590
f 1103/1480/1590 1099/1479/1590 1039/1513/1590
f 984/1462/3837 1097/1471/3837 1095/1470/3837
f 1037/1472/1585 1096/1350/1585 1094/1449/1585
f 1032/1440/3838 1095/1452/3838 1085/1360/3838
f 992/1453/3839 1094/1449/3839 1084/1342/3839
f 1011/1359/3775 1093/1981/3775 1092/1521/3775
f 1012/1541/3840 1092/1415/3840 1091/1413/3840
f 991/1523/3841 1013/1522/3841 1091/1413/3841
f 1003/1439/3842 1002/1335/3842 1090/1362/3842
f 1003/1524/3843 1089/1760/3843 1088/1399/3843
f 1004/1526/3844 1088/1974/3844 1083/1396/3844
f 1102/1371/3845 1087/1370/3845 997/1516/3845
f 1024/1334/3846 1085/1360/3846 1090/1362/3846
f 1067/1351/3847 1104/1348/3847 1096/1350/3847
f 1029/1520/3848 1084/1342/3848 1093/1344/3848
f 1109/1367/3849 1126/1353/3849 1078/1467/3849
f 1047/1482/1590 1122/1484/1590 1125/1477/1590
f 988/1497/3850 1118/1464/3850 1124/1368/3850
f 1121/1488/1590 1123/1485/1590 1064/1496/1590
f 1106/1490/3851 1120/1476/3851 1041/1373/3851
f 1107/1489/3852 1121/1488/3852 1043/1528/3852
f 1123/1485/1590 1122/1484/1590 1047/1482/1590
f 1081/1478/1590 1125/1477/1590 1120/1476/1590
f 986/1466/1587 1119/1352/1587 1117/1455/1587
f 1118/1464/3853 1116/1443/3853 990/1530/3853
f 1036/1446/3854 1117/1455/3854 1108/1454/3854
f 990/1530/3855 1116/1443/3855 1105/1445/3855
f 1015/1532/3856 1014/1537/3856 1115/1338/3856
f 1015/1400/3857 1114/1538/3857 1113/1427/3857
f 1016/1542/3858 1113/1424/3858 1107/1426/3858
f 1008/1534/3859 1112/1357/3859 1111/1407/3859
f 1009/1423/3860 1111/1407/3860 1110/1404/3860
f 985/1419/3861 1010/1418/3861 1110/1404/3861
f 1124/1368/3862 1109/1367/3862 1035/1474/3862
f 1028/1340/3863 1108/1454/3863 1112/1535/3863
f 1126/1353/3864 1119/1352/3864 986/1466/3864
f 1025/1536/3865 1105/1336/3865 1115/1338/3865
f 1144/1441/3866 1170/1334/3866 1148/1335/3866
f 1251/1336/3867 1172/1504/3867 1151/1337/3867
f 1221/1339/3868 1212/1447/3868 1174/1340/3868
f 1230/1342/3869 1176/1450/3869 1147/1343/3869
f 1194/1345/3870 1141/1512/3870 1192/1346/3870
f 1250/1348/3871 1225/1473/3871 1128/1349/3871
f 1213/1351/3872 1183/1472/3872 1265/1352/3872
f 1129/1354/3873 1186/1517/3873 1209/1355/3873
f 1258/1357/3874 1254/1759/3874 1175/1358/3874
f 1231/1360/3875 1171/1970/3875 1160/1361/3875
f 1211/1363/3876 1139/1505/3876 1191/1364/3876
f 1197/1366/3877 1143/1516/3877 1255/1367/3877
f 1206/1369/3878 1177/1498/3878 1233/1370/3878
f 1215/1372/3879 1131/1529/3879 1187/1373/3879
f 1200/1375/3880 1196/1971/3880 1173/1376/3880
f 1218/1378/3881 1214/1972/3881 1169/1379/3881
f 1211/1381/3882 1216/1385/3882 1168/1382/3882
f 1217/1384/3883 1167/1387/3883 1168/1382/3883
f 1218/1386/3884 1166/1973/3884 1167/1387/3884
f 1194/1388/3885 1198/1503/3885 1165/1389/3885
f 1199/1391/3886 1164/1508/3886 1165/1392/3886
f 1200/1375/3887 1163/1377/3887 1164/1394/3887
f 1229/1396/3888 1234/1974/3888 1162/1397/3888
f 1234/1399/3889 1235/1760/3889 1161/1400/3889
f 1236/1362/3890 1160/1361/3890 1161/1402/3890
f 1256/1404/3891 1159/1408/3891 1137/1405/3891
f 1257/1407/3892 1158/1409/3892 1159/1408/3892
f 1257/1407/3893 1258/1357/3893 1157/1359/3893
f 1232/1410/3894 1237/1413/3894 1145/1411/3894
f 1237/1413/3895 1238/1415/3895 1146/1414/3895
f 1238/1415/3896 1239/1975/3896 1147/1416/3896
f 1215/1417/3897 1219/1421/3897 1156/1418/3897
f 1220/1420/3898 1155/1423/3898 1156/1418/3898
f 1221/1422/3899 1154/1534/3899 1155/1423/3899
f 1259/1424/3900 1153/1502/3900 1133/1425/3900
f 1259/1427/3901 1260/1538/3901 1152/1428/3901
f 1260/1430/3902 1261/1338/3902 1151/1337/3902
f 1201/1432/3903 1150/1526/3903 1129/1433/3903
f 1202/1435/3904 1149/1539/3904 1150/1436/3904
f 1202/1438/3905 1203/1333/3905 1148/1335/3905
f 1204/1442/3906 1178/1440/3906 1170/1334/3906
f 1262/1443/3907 1180/1465/3907 1172/1444/3907
f 1182/1446/3908 1174/1340/3908 1212/1447/3908
f 1240/1449/3909 1184/1468/3909 1176/1450/3909
f 1136/1451/3910 1171/1970/3910 1231/1360/3910
f 1138/1453/3911 1175/1520/3911 1254/1454/3911
f 1140/1456/3912 1169/1976/3912 1214/1457/3912
f 1142/1459/3913 1173/1506/3913 1196/1460/3913
f 1206/1369/3914 1130/1462/3914 1178/1519/3914
f 1264/1464/3915 1134/1497/3915 1180/1465/3915
f 1132/1466/3916 1182/1446/3916 1222/1448/3916
f 1242/1350/3917 1128/1349/3917 1184/1468/3917
f 1179/1469/3918 1136/1530/3918 1241/1470/3918
f 1183/1472/3919 1138/1453/3919 1263/1455/3919
f 1225/1473/3920 1177/1498/3920 1140/1456/3920
f 1207/1475/3921 1181/1474/3921 1142/1459/3921
f 1228/1374/1717 1187/1373/1717 1266/1476/1717
f 1227/1478/3922 1190/1491/3922 1245/1479/3922
f 1247/1481/3923 1210/1496/3923 1193/1482/3923
f 1208/1347/1717 1192/1346/1717 1268/1484/1717
f 1127/1412/3924 1185/1540/3924 1245/1486/3924
f 1133/1487/3925 1188/1495/3925 1267/1488/3925
f 1252/1490/3926 1137/1518/3926 1190/1491/3926
f 1135/1492/3927 1189/1528/3927 1244/1493/3927
f 1188/1495/1717 1208/1347/1717 1269/1485/1717
f 1244/1493/1717 1189/1528/1717 1210/1496/1717
f 1134/1497/3928 1207/1475/3928 1205/1461/3928
f 1177/1498/3929 1206/1369/3929 1204/1463/3929
f 1180/1465/3930 1205/1461/3930 1196/1460/3930
f 1140/1499/3931 1204/1442/3931 1144/1441/3931
f 1166/1380/3932 1203/1333/3932 1202/1438/3932
f 1168/1382/3933 1167/1387/3933 1202/1435/3933
f 1168/1382/3934 1201/1437/3934 1195/1501/3934
f 1151/1337/3935 1200/1375/3935 1199/1395/3935
f 1153/1502/3936 1152/1431/3936 1199/1395/3936
f 1133/1425/3937 1153/1502/3937 1198/1503/3937
f 1172/1504/3880 1196/1971/3880 1200/1375/3880
f 1130/1462/3938 1206/1369/3938 1248/1371/3938
f 1264/1464/3939 1179/1469/3939 1197/1366/3939
f 1195/1356/3940 1209/1355/3940 1191/1364/3940
f 1194/1345/3941 1208/1347/3941 1188/1495/3941
f 1166/1380/3942 1169/1379/3942 1144/1441/3942
f 1193/1482/3943 1227/1478/3943 1249/1480/3943
f 1268/1484/1717 1192/1346/1717 1228/1374/1717
f 1128/1349/3944 1225/1473/3944 1223/1458/3944
f 1181/1474/3945 1224/1467/3945 1222/1448/3945
f 1184/1468/3946 1223/1458/3946 1214/1457/3946
f 1222/1448/3947 1212/1447/3947 1173/1506/3947
f 1163/1377/3948 1221/1515/3948 1220/1507/3948
f 1164/1508/3949 1220/1977/3949 1219/1509/3949
f 1141/1510/3950 1165/1978/3950 1219/1421/3950
f 1147/1416/3951 1218/1386/3951 1217/1384/3951
f 1146/1414/3952 1217/1384/3952 1216/1385/3952
f 1127/1412/3953 1145/1411/3953 1216/1385/3953
f 1176/1450/3954 1214/1457/3954 1218/1511/3954
f 1141/1512/3955 1215/1372/3955 1228/1374/3955
f 1127/1514/3956 1211/1363/3956 1226/1365/3956
f 1255/1367/3957 1143/1516/3957 1213/1351/3957
f 1233/1370/3958 1177/1498/3958 1225/1473/3958
f 1173/1376/3959 1212/1979/3959 1221/1515/3959
f 1143/1516/3960 1233/1370/3960 1250/1348/3960
f 1246/1483/1717 1249/1480/1717 1226/1365/1717
f 1243/1471/3961 1248/1371/3961 1197/1366/3961
f 1186/1517/1717 1244/1493/1717 1247/1481/1717
f 1229/1494/3962 1244/1493/3962 1186/1517/3962
f 1137/1518/3963 1232/1980/3963 1245/1479/3963
f 1209/1355/1717 1247/1481/1717 1246/1483/1717
f 1249/1480/1717 1245/1479/1717 1185/1513/1717
f 1130/1462/3964 1243/1471/3964 1241/1470/3964
f 1183/1472/3965 1242/1350/3965 1240/1449/3965
f 1241/1452/3966 1231/1360/3966 1170/1334/3966
f 1138/1453/3967 1240/1449/3967 1230/1342/3967
f 1157/1359/3896 1239/1981/3896 1238/1521/3896
f 1159/1522/3968 1158/1541/3968 1238/1415/3968
f 1137/1523/3969 1159/1522/3969 1237/1413/3969
f 1149/1439/3970 1148/1335/3970 1236/1362/3970
f 1149/1524/3971 1235/1760/3971 1234/1399/3971
f 1150/1526/3972 1234/1974/3972 1229/1396/3972
f 1197/1366/3961 1248/1371/3961 1233/1370/3961
f 1148/1335/3973 1170/1334/3973 1231/1360/3973
f 1213/1351/3974 1250/1348/3974 1242/1350/3974
f 1175/1520/3975 1230/1342/3975 1239/1344/3975
f 1181/1474/3976 1255/1367/3976 1272/1353/3976
f 1268/1484/3977 1271/1477/3977 1227/1478/3977
f 1134/1497/3978 1264/1464/3978 1270/1368/3978
f 1267/1488/1717 1269/1485/1717 1210/1496/1717
f 1252/1490/3979 1266/1476/3979 1187/1373/3979
f 1253/1489/3980 1267/1488/3980 1189/1528/3980
f 1269/1485/3981 1268/1484/3981 1193/1482/3981
f 1227/1478/3977 1271/1477/3977 1266/1476/3977
f 1132/1466/3982 1265/1352/3982 1263/1455/3982
f 1179/1469/3983 1264/1464/3983 1262/1443/3983
f 1263/1455/3984 1254/1454/3984 1174/1340/3984
f 1136/1530/3985 1262/1443/3985 1251/1445/3985
f 1161/1532/3986 1160/1537/3986 1261/1338/3986
f 1161/1400/3987 1260/1538/3987 1259/1427/3987
f 1135/1533/3988 1162/1542/3988 1259/1424/3988
f 1154/1534/3989 1258/1357/3989 1257/1407/3989
f 1155/1423/3990 1257/1407/3990 1256/1404/3990
f 1131/1419/3991 1156/1418/3991 1256/1404/3991
f 1207/1475/3992 1270/1368/3992 1255/1367/3992
f 1154/1341/3993 1174/1340/3993 1254/1454/3993
f 1272/1353/3994 1265/1352/3994 1132/1466/3994
f 1171/1536/3995 1251/1336/3995 1261/1338/3995
f 1349/1543/3996 1290/1717/3996 1316/1544/3996
f 1397/1546/3997 1318/1651/3997 1297/1547/3997
f 1367/1549/3998 1358/1982/3998 1320/1550/3998
f 1376/1552/3999 1322/1656/3999 1293/1553/3999
f 1340/1555/4000 1287/1726/4000 1338/1556/4000
f 1396/1558/4001 1371/1680/4001 1274/1559/4001
f 1359/1561/4002 1329/1678/4002 1411/1562/4002
f 1275/1564/4003 1332/1732/4003 1355/1565/4003
f 1404/1567/4004 1400/1757/4004 1321/1568/4004
f 1377/1570/4005 1317/1983/4005 1306/1571/4005
f 1285/1573/4006 1337/1715/4006 1372/1574/4006
f 1343/1576/4007 1289/1731/4007 1401/1577/4007
f 1352/1579/4008 1323/1679/4008 1379/1580/4008
f 1361/1582/4009 1277/1746/4009 1333/1583/4009
f 1346/1585/4010 1342/1666/4010 1319/1586/4010
f 1364/1588/4011 1360/1663/4011 1315/1589/4011
f 1357/1591/4012 1362/1594/4012 1314/1592/4012
f 1362/1594/4013 1363/1597/4013 1313/1595/4013
f 1364/1596/4014 1312/1984/4014 1313/1595/4014
f 1340/1598/4015 1344/1710/4015 1311/1599/4015
f 1345/1601/4016 1310/1723/4016 1311/1602/4016
f 1346/1585/4017 1309/1587/4017 1310/1604/4017
f 1380/1606/4018 1308/1610/4018 1281/1607/4018
f 1380/1606/4019 1381/1611/4019 1307/1609/4019
f 1382/1572/4020 1306/1571/4020 1307/1609/4020
f 1402/1612/4021 1305/1616/4021 1283/1613/4021
f 1403/1615/4022 1304/1617/4022 1305/1616/4022
f 1404/1567/4023 1303/1569/4023 1304/1617/4023
f 1378/1618/4024 1383/1621/4024 1291/1619/4024
f 1383/1621/4025 1384/1623/4025 1292/1622/4025
f 1384/1623/4026 1385/1985/4026 1293/1624/4026
f 1361/1625/4027 1365/1629/4027 1302/1626/4027
f 1366/1628/4028 1301/1630/4028 1302/1626/4028
f 1367/1549/4029 1300/1551/4029 1301/1630/4029
f 1405/1631/4030 1299/1986/4030 1279/1632/4030
f 1406/1634/4031 1298/1987/4031 1299/1635/4031
f 1406/1637/4032 1407/1548/4032 1297/1547/4032
f 1347/1639/4033 1296/1743/4033 1275/1640/4033
f 1347/1642/4034 1348/1708/4034 1295/1643/4034
f 1348/1645/4035 1349/1543/4035 1294/1545/4035
f 1324/1647/4036 1316/1988/4036 1290/1648/4036
f 1408/1650/4037 1326/1672/4037 1318/1651/4037
f 1368/1652/4038 1328/1674/4038 1320/1653/4038
f 1386/1655/4039 1330/1675/4039 1322/1656/4039
f 1282/1657/4040 1317/1983/4040 1377/1570/4040
f 1284/1659/4041 1321/1736/4041 1400/1660/4041
f 1286/1662/4042 1315/1589/4042 1360/1663/4042
f 1288/1665/4043 1319/1586/4043 1342/1666/4043
f 1276/1668/4044 1324/1735/4044 1350/1669/4044
f 1410/1671/4045 1280/1704/4045 1326/1672/4045
f 1370/1673/4046 1278/1747/4046 1328/1674/4046
f 1388/1560/1846 1274/1559/1846 1330/1675/1846
f 1325/1676/4047 1282/1657/4047 1387/1658/4047
f 1329/1678/4048 1284/1659/4048 1409/1661/4048
f 1323/1679/4049 1286/1662/4049 1369/1664/4049
f 1327/1681/4050 1288/1665/4050 1351/1667/4050
f 1417/1683/4051 1374/1584/4051 1333/1583/4051
f 1373/1685/4052 1336/1698/4052 1391/1686/4052
f 1356/1688/4053 1339/1718/4053 1392/1689/4053
f 1415/1691/4054 1354/1557/4054 1338/1556/4054
f 1273/1620/4055 1331/1989/4055 1391/1693/4055
f 1279/1694/4056 1334/1702/4056 1413/1695/4056
f 1398/1697/4057 1283/1734/4057 1336/1698/4057
f 1281/1699/4058 1335/1703/4058 1390/1700/4058
f 1334/1702/4059 1354/1557/4059 1415/1691/4059
f 1335/1703/4060 1356/1688/4060 1393/1690/4060
f 1280/1704/4061 1353/1682/4061 1351/1667/4061
f 1352/1579/4062 1350/1990/4062 1286/1662/4062
f 1326/1672/4063 1351/1667/4063 1342/1666/4063
f 1350/1669/4064 1290/1717/4064 1315/1705/4064
f 1313/1707/4065 1312/1716/4065 1349/1543/4065
f 1314/1592/4066 1313/1595/4066 1348/1708/4066
f 1314/1592/4067 1347/1642/4067 1341/1709/4067
f 1297/1547/4068 1346/1585/4068 1345/1605/4068
f 1299/1635/4069 1298/1987/4069 1345/1601/4069
f 1279/1632/4070 1299/1986/4070 1344/1710/4070
f 1318/1651/4071 1342/1666/4071 1346/1585/4071
f 1276/1711/4072 1352/1579/4072 1394/1581/4072
f 1325/1713/4073 1343/1576/4073 1416/1578/4073
f 1285/1573/4074 1341/1566/4074 1355/1565/4074
f 1340/1555/4075 1354/1557/4075 1334/1702/4075
f 1312/1716/4076 1315/1705/4076 1290/1717/4076
f 1339/1718/4077 1373/1685/4077 1395/1687/4077
f 1414/1692/4078 1338/1556/4078 1374/1584/4078
f 1274/1559/4079 1371/1680/4079 1369/1664/4079
f 1370/1673/4080 1368/1652/4080 1288/1719/4080
f 1330/1675/4081 1369/1664/4081 1360/1663/4081
f 1368/1652/4082 1358/1654/4082 1319/1721/4082
f 1309/1587/4083 1367/1991/4083 1366/1722/4083
f 1310/1723/4084 1366/1992/4084 1365/1724/4084
f 1287/1725/4085 1311/1993/4085 1365/1629/4085
f 1292/1622/4086 1293/1624/4086 1364/1596/4086
f 1291/1619/4087 1292/1622/4087 1363/1597/4087
f 1273/1620/4088 1291/1619/4088 1362/1594/4088
f 1322/1656/4089 1360/1663/4089 1364/1588/4089
f 1361/1582/4090 1374/1584/4090 1338/1556/4090
f 1357/1575/4091 1372/1574/4091 1331/1727/4091
f 1401/1577/4092 1289/1731/4092 1359/1561/4092
f 1379/1580/4093 1323/1679/4093 1371/1680/4093
f 1319/1729/4094 1358/1982/4094 1367/1549/4094
f 1289/1731/4095 1379/1580/4095 1396/1558/4095
f 1392/1689/4096 1395/1687/4096 1372/1574/4096
f 1389/1712/4097 1394/1581/4097 1343/1576/4097
f 1332/1732/4051 1390/1700/4051 1393/1690/4051
f 1375/1701/4098 1390/1700/4098 1332/1732/4098
f 1378/1733/4099 1391/1686/4099 1336/1698/4099
f 1355/1565/4100 1393/1690/4100 1392/1689/4100
f 1395/1687/4101 1391/1686/4101 1331/1727/4101
f 1389/1677/4102 1387/1658/4102 1324/1735/4102
f 1329/1678/4103 1388/1560/4103 1386/1655/4103
f 1387/1658/4104 1377/1570/4104 1316/1544/4104
f 1284/1659/4105 1386/1655/4105 1376/1552/4105
f 1303/1569/4106 1385/1994/4106 1384/1737/4106
f 1305/1738/4107 1304/1995/4107 1384/1623/4107
f 1283/1739/4108 1305/1738/4108 1383/1621/4108
f 1295/1646/4109 1294/1545/4109 1382/1572/4109
f 1296/1740/4110 1295/1996/4110 1381/1741/4110
f 1296/1743/4111 1380/1606/4111 1375/1608/4111
f 1394/1581/4112 1379/1580/4112 1289/1731/4112
f 1294/1545/4113 1316/1544/4113 1377/1570/4113
f 1359/1561/4114 1396/1558/4114 1388/1560/4114
f 1321/1736/4115 1376/1552/4115 1385/1554/4115
f 1327/1720/4116 1401/1577/4116 1418/1563/4116
f 1339/1718/4117 1414/1692/4117 1417/1683/4117
f 1280/1704/4118 1410/1671/4118 1416/1745/4118
f 1413/1695/4119 1415/1691/4119 1356/1688/4119
f 1398/1697/4120 1412/1684/4120 1333/1583/4120
f 1399/1696/4121 1413/1695/4121 1335/1703/4121
f 1415/1691/4122 1414/1692/4122 1339/1718/4122
f 1373/1685/4123 1417/1683/4123 1412/1684/4123
f 1411/1562/4124 1409/1661/4124 1328/1674/4124
f 1325/1748/4125 1410/1671/4125 1408/1650/4125
f 1409/1661/4126 1400/1660/4126 1320/1653/4126
f 1282/1749/4127 1408/1650/4127 1397/1546/4127
f 1307/1609/4128 1306/1571/4128 1407/1751/4128
f 1307/1753/4129 1406/1634/4129 1405/1636/4129
f 1281/1755/4130 1308/1997/4130 1405/1631/4130
f 1300/1551/4131 1404/1567/4131 1403/1615/4131
f 1301/1630/4132 1403/1615/4132 1402/1612/4132
f 1302/1626/4133 1402/1612/4133 1398/1614/4133
f 1353/1682/4134 1416/1745/4134 1401/1756/4134
f 1300/1551/4135 1320/1550/4135 1400/1757/4135
f 1418/1563/4136 1411/1562/4136 1278/1747/4136
f 1317/1750/4137 1397/1546/4137 1407/1548/4137
f 1436/1441/4138 1462/1334/4138 1440/1335/4138
f 1543/1336/4139 1464/1504/4139 1443/1337/4139
f 1504/1447/4140 1466/1340/4140 1446/1341/4140
f 1531/1344/4141 1522/1342/4141 1468/1450/4141
f 1486/1345/4142 1433/1512/4142 1484/1346/4142
f 1542/1348/4143 1517/1473/4143 1420/1349/4143
f 1505/1351/4144 1475/1472/4144 1557/1352/4144
f 1421/1354/4145 1478/1517/4145 1501/1355/4145
f 1550/1357/4146 1546/1759/4146 1467/1358/4146
f 1523/1360/4147 1463/1970/4147 1452/1361/4147
f 1503/1363/4148 1431/1505/4148 1483/1364/4148
f 1489/1366/4149 1435/1516/4149 1547/1367/4149
f 1498/1369/4150 1469/1498/4150 1525/1370/4150
f 1507/1372/4151 1423/1529/4151 1479/1373/4151
f 1492/1375/4152 1488/1971/4152 1465/1376/4152
f 1510/1378/4153 1506/1972/4153 1461/1379/4153
f 1503/1381/4154 1508/1385/4154 1460/1382/4154
f 1509/1384/4155 1459/1387/4155 1460/1382/4155
f 1510/1386/4156 1458/1973/4156 1459/1387/4156
f 1486/1388/4157 1490/1503/4157 1457/1389/4157
f 1491/1391/4158 1456/1508/4158 1457/1392/4158
f 1492/1375/4159 1455/1377/4159 1456/1394/4159
f 1521/1396/4160 1526/1974/4160 1454/1397/4160
f 1526/1399/4161 1527/1760/4161 1453/1400/4161
f 1528/1362/4162 1452/1361/4162 1453/1402/4162
f 1548/1404/4163 1451/1408/4163 1429/1405/4163
f 1549/1407/4164 1450/1409/4164 1451/1408/4164
f 1549/1407/4165 1550/1357/4165 1449/1359/4165
f 1524/1410/4166 1529/1413/4166 1437/1411/4166
f 1530/1415/4167 1438/1414/4167 1437/1411/4167
f 1530/1415/4168 1531/1975/4168 1439/1416/4168
f 1507/1417/4169 1511/1421/4169 1448/1418/4169
f 1512/1420/4170 1447/1423/4170 1448/1418/4170
f 1513/1422/4171 1446/1534/4171 1447/1423/4171
f 1551/1424/4172 1445/1502/4172 1425/1425/4172
f 1551/1427/4173 1552/1538/4173 1444/1428/4173
f 1552/1430/4174 1553/1338/4174 1443/1337/4174
f 1493/1432/4175 1442/1526/4175 1421/1433/4175
f 1493/1437/4176 1494/1435/4176 1441/1539/4176
f 1494/1438/4177 1495/1333/4177 1440/1335/4177
f 1496/1442/4178 1470/1440/4178 1462/1334/4178
f 1554/1443/4179 1472/1465/4179 1464/1444/4179
f 1474/1446/4180 1466/1340/4180 1504/1447/4180
f 1476/1468/4181 1468/1450/4181 1522/1342/4181
f 1428/1451/4182 1463/1970/4182 1523/1360/4182
f 1430/1453/4183 1467/1520/4183 1546/1454/4183
f 1432/1456/4184 1461/1976/4184 1506/1457/4184
f 1434/1459/4185 1465/1506/4185 1488/1460/4185
f 1422/1462/4186 1470/1519/4186 1496/1463/4186
f 1556/1464/4187 1426/1497/4187 1472/1465/4187
f 1424/1466/4188 1474/1446/4188 1514/1448/4188
f 1420/1349/1989 1476/1468/1989 1532/1449/1989
f 1535/1471/4189 1471/1469/4189 1428/1530/4189
f 1475/1472/4190 1430/1453/4190 1555/1455/4190
f 1517/1473/4191 1469/1498/4191 1432/1456/4191
f 1473/1474/4192 1434/1459/4192 1497/1461/4192
f 1563/1477/1994 1520/1374/1994 1479/1373/1994
f 1519/1478/1994 1482/1491/1994 1537/1479/1994
f 1539/1481/1994 1502/1496/1994 1485/1482/1994
f 1500/1347/1994 1484/1346/1994 1560/1484/1994
f 1524/1410/4193 1419/1412/4193 1477/1540/4193
f 1545/1489/4194 1425/1487/4194 1480/1495/4194
f 1544/1490/4195 1429/1518/4195 1482/1491/4195
f 1427/1492/4196 1481/1528/4196 1536/1493/4196
f 1480/1495/1994 1500/1347/1994 1561/1485/1994
f 1536/1493/1994 1481/1528/1994 1502/1496/1994
f 1426/1497/1993 1499/1475/1993 1497/1461/1993
f 1469/1498/4197 1498/1369/4197 1496/1463/4197
f 1472/1465/2000 1497/1461/2000 1488/1460/2000
f 1432/1499/4198 1496/1442/4198 1436/1441/4198
f 1458/1380/4199 1495/1333/4199 1494/1438/4199
f 1460/1382/4200 1459/1387/4200 1494/1435/4200
f 1460/1382/4201 1493/1437/4201 1487/1501/4201
f 1443/1337/4202 1492/1375/4202 1491/1395/4202
f 1445/1502/4203 1444/1431/4203 1491/1395/4203
f 1425/1425/4204 1445/1502/4204 1490/1503/4204
f 1464/1504/4152 1488/1971/4152 1492/1375/4152
f 1422/1462/4205 1498/1369/4205 1540/1371/4205
f 1556/1464/4206 1471/1469/4206 1489/1366/4206
f 1487/1356/4207 1501/1355/4207 1483/1364/4207
f 1486/1345/4208 1500/1347/4208 1480/1495/4208
f 1458/1380/4209 1461/1379/4209 1436/1441/4209
f 1485/1482/1994 1519/1478/1994 1541/1480/1994
f 1560/1484/1994 1484/1346/1994 1520/1374/1994
f 1517/1473/4210 1515/1458/4210 1476/1468/4210
f 1473/1474/4211 1516/1467/4211 1514/1448/4211
f 1515/1458/4212 1506/1457/4212 1468/1450/4212
f 1514/1448/4213 1504/1447/4213 1465/1506/4213
f 1455/1377/4214 1513/1515/4214 1512/1507/4214
f 1456/1508/4215 1512/1977/4215 1511/1509/4215
f 1433/1510/4216 1457/1978/4216 1511/1421/4216
f 1439/1416/4217 1510/1386/4217 1509/1384/4217
f 1438/1414/4218 1509/1384/4218 1508/1385/4218
f 1419/1412/4219 1437/1411/4219 1508/1385/4219
f 1439/1343/4220 1468/1450/4220 1506/1457/4220
f 1507/1372/4221 1520/1374/4221 1484/1346/4221
f 1419/1514/4222 1503/1363/4222 1518/1365/4222
f 1547/1367/4223 1435/1516/4223 1505/1351/4223
f 1525/1370/4224 1469/1498/4224 1517/1473/4224
f 1465/1376/4225 1504/1979/4225 1513/1515/4225
f 1435/1516/4226 1525/1370/4226 1542/1348/4226
f 1538/1483/1994 1541/1480/1994 1518/1365/1994
f 1535/1471/4227 1540/1371/4227 1489/1366/4227
f 1478/1517/1994 1536/1493/1994 1539/1481/1994
f 1521/1494/4228 1536/1493/4228 1478/1517/4228
f 1429/1518/4229 1524/1980/4229 1537/1479/4229
f 1501/1355/1994 1539/1481/1994 1538/1483/1994
f 1541/1480/1994 1537/1479/1994 1477/1513/1994
f 1422/1462/4230 1535/1471/4230 1533/1470/4230
f 1475/1472/1989 1534/1350/1989 1532/1449/1989
f 1470/1440/4231 1533/1452/4231 1523/1360/4231
f 1430/1453/4232 1532/1449/4232 1522/1342/4232
f 1449/1359/4168 1531/1981/4168 1530/1521/4168
f 1450/1541/4233 1530/1415/4233 1529/1413/4233
f 1429/1523/4234 1451/1522/4234 1529/1413/4234
f 1441/1439/4235 1440/1335/4235 1528/1362/4235
f 1441/1524/4236 1527/1760/4236 1526/1399/4236
f 1442/1526/4237 1526/1974/4237 1521/1396/4237
f 1540/1371/4238 1525/1370/4238 1435/1516/4238
f 1462/1334/4239 1523/1360/4239 1528/1362/4239
f 1505/1351/4240 1542/1348/4240 1534/1350/4240
f 1467/1520/4241 1522/1342/4241 1531/1344/4241
f 1547/1367/4242 1564/1353/4242 1516/1467/4242
f 1485/1482/1994 1560/1484/1994 1563/1477/1994
f 1426/1497/4243 1556/1464/4243 1562/1368/4243
f 1559/1488/1994 1561/1485/1994 1502/1496/1994
f 1544/1490/4244 1558/1476/4244 1479/1373/4244
f 1545/1489/4245 1559/1488/4245 1481/1528/4245
f 1561/1485/1994 1560/1484/1994 1485/1482/1994
f 1519/1478/1994 1563/1477/1994 1558/1476/1994
f 1424/1466/1991 1557/1352/1991 1555/1455/1991
f 1556/1464/4246 1554/1443/4246 1428/1530/4246
f 1474/1446/4247 1555/1455/4247 1546/1454/4247
f 1428/1530/4248 1554/1443/4248 1543/1445/4248
f 1453/1532/4249 1452/1537/4249 1553/1338/4249
f 1453/1400/4250 1552/1538/4250 1551/1427/4250
f 1454/1542/4251 1551/1424/4251 1545/1426/4251
f 1446/1534/4252 1550/1357/4252 1549/1407/4252
f 1447/1423/4253 1549/1407/4253 1548/1404/4253
f 1423/1419/4254 1448/1418/4254 1548/1404/4254
f 1562/1368/4255 1547/1367/4255 1473/1474/4255
f 1466/1340/4256 1546/1454/4256 1550/1535/4256
f 1564/1353/4257 1557/1352/4257 1424/1466/4257
f 1463/1536/4258 1543/1336/4258 1553/1338/4258
f 1582/1441/4259 1608/1334/4259 1586/1335/4259
f 1689/1336/4260 1610/1504/4260 1589/1337/4260
f 1659/1339/4261 1650/1447/4261 1612/1340/4261
f 1677/1344/4262 1668/1342/4262 1614/1450/4262
f 1632/1345/4263 1579/1512/4263 1630/1346/4263
f 1688/1348/4264 1663/1473/4264 1566/1349/4264
f 1651/1351/4265 1621/1472/4265 1703/1352/4265
f 1567/1354/4266 1624/1517/4266 1647/1355/4266
f 1692/1759/4267 1613/1358/4267 1595/1359/4267
f 1669/1360/4268 1609/1970/4268 1598/1361/4268
f 1649/1363/4269 1577/1505/4269 1629/1364/4269
f 1635/1366/4270 1581/1516/4270 1693/1367/4270
f 1644/1369/4271 1615/1498/4271 1671/1370/4271
f 1569/1529/4272 1625/1373/4272 1666/1374/4272
f 1638/1375/4273 1634/1971/4273 1611/1376/4273
f 1656/1378/4274 1652/1972/4274 1607/1379/4274
f 1654/1385/4275 1606/1382/4275 1577/1383/4275
f 1655/1384/4276 1605/1387/4276 1606/1382/4276
f 1656/1386/4277 1604/1973/4277 1605/1387/4277
f 1636/1503/4278 1603/1389/4278 1579/1390/4278
f 1637/1391/4279 1602/1508/4279 1603/1392/4279
f 1638/1375/4280 1601/1377/4280 1602/1394/4280
f 1667/1396/4281 1672/1974/4281 1600/1397/4281
f 1672/1399/4282 1673/1760/4282 1599/1400/4282
f 1674/1362/4283 1598/1361/4283 1599/1402/4283
f 1690/1406/4284 1694/1404/4284 1597/1408/4284
f 1694/1404/4285 1695/1407/4285 1596/1409/4285
f 1695/1407/4286 1696/1357/4286 1595/1359/4286
f 1670/1410/4287 1675/1413/4287 1583/1411/4287
f 1676/1415/4288 1584/1414/4288 1583/1411/4288
f 1676/1415/4289 1677/1975/4289 1585/1416/4289
f 1653/1417/4290 1657/1421/4290 1594/1418/4290
f 1657/1421/4291 1658/1420/4291 1593/1423/4291
f 1659/1422/4292 1592/1534/4292 1593/1423/4292
f 1697/1424/4293 1591/1502/4293 1571/1425/4293
f 1698/1538/4294 1590/1428/4294 1591/1429/4294
f 1698/1430/4295 1699/1338/4295 1589/1337/4295
f 1639/1432/4296 1588/1526/4296 1567/1433/4296
f 1639/1437/4297 1640/1435/4297 1587/1539/4297
f 1640/1438/4298 1641/1333/4298 1586/1335/4298
f 1642/1442/4299 1616/1440/4299 1608/1334/4299
f 1700/1443/4300 1618/1465/4300 1610/1444/4300
f 1620/1446/4301 1612/1340/4301 1650/1447/4301
f 1622/1468/4302 1614/1450/4302 1668/1342/4302
f 1574/1451/4303 1609/1970/4303 1669/1360/4303
f 1576/1453/4304 1613/1520/4304 1692/1454/4304
f 1578/1456/4305 1607/1976/4305 1652/1457/4305
f 1580/1459/4306 1611/1506/4306 1634/1460/4306
f 1568/1462/4307 1616/1519/4307 1642/1463/4307
f 1572/1497/4308 1618/1465/4308 1700/1443/4308
f 1662/1467/4309 1570/1466/4309 1620/1446/4309
f 1566/1349/2116 1622/1468/2116 1678/1449/2116
f 1681/1471/4310 1617/1469/4310 1574/1530/4310
f 1621/1472/4311 1576/1453/4311 1701/1455/4311
f 1615/1498/4312 1578/1456/4312 1661/1458/4312
f 1619/1474/4313 1580/1459/4313 1643/1461/4313
f 1709/1477/4314 1666/1374/4314 1625/1373/4314
f 1665/1478/4315 1628/1491/4315 1683/1479/4315
f 1685/1481/4316 1648/1496/4316 1631/1482/4316
f 1646/1347/4317 1630/1346/4317 1706/1484/4317
f 1670/1410/4318 1565/1412/4318 1623/1540/4318
f 1691/1489/4319 1571/1487/4319 1626/1495/4319
f 1575/1518/4320 1628/1491/4320 1704/1476/4320
f 1573/1492/4321 1627/1528/4321 1682/1493/4321
f 1626/1495/4322 1646/1347/4322 1707/1485/4322
f 1682/1493/4323 1627/1528/4323 1648/1496/4323
f 1572/1497/2120 1645/1475/2120 1643/1461/2120
f 1615/1498/4324 1644/1369/4324 1642/1463/4324
f 1618/1465/2132 1643/1461/2132 1634/1460/2132
f 1578/1499/4325 1642/1442/4325 1582/1441/4325
f 1604/1380/4326 1641/1333/4326 1640/1438/4326
f 1606/1382/4327 1605/1387/4327 1640/1435/4327
f 1606/1382/4328 1639/1437/4328 1633/1501/4328
f 1589/1337/4329 1638/1375/4329 1637/1395/4329
f 1590/1431/4330 1637/1395/4330 1636/1503/4330
f 1591/1502/4331 1636/1503/4331 1632/1388/4331
f 1610/1504/4273 1634/1971/4273 1638/1375/4273
f 1568/1462/4332 1644/1369/4332 1686/1371/4332
f 1702/1464/4333 1617/1469/4333 1635/1366/4333
f 1633/1356/4334 1647/1355/4334 1629/1364/4334
f 1632/1345/4335 1646/1347/4335 1626/1495/4335
f 1607/1379/4336 1582/1441/4336 1641/1333/4336
f 1631/1482/4337 1665/1478/4337 1687/1480/4337
f 1706/1484/4338 1630/1346/4338 1666/1374/4338
f 1663/1473/4339 1661/1458/4339 1622/1468/4339
f 1619/1474/4340 1662/1467/4340 1660/1448/4340
f 1661/1458/4341 1652/1457/4341 1614/1450/4341
f 1580/1459/4342 1660/1448/4342 1650/1447/4342
f 1601/1377/4343 1659/1515/4343 1658/1507/4343
f 1602/1508/4344 1658/1977/4344 1657/1509/4344
f 1579/1510/4345 1603/1978/4345 1657/1421/4345
f 1585/1416/4346 1656/1386/4346 1655/1384/4346
f 1584/1414/4347 1655/1384/4347 1654/1385/4347
f 1565/1412/4348 1583/1411/4348 1654/1385/4348
f 1585/1343/4349 1614/1450/4349 1652/1457/4349
f 1653/1372/4350 1666/1374/4350 1630/1346/4350
f 1565/1514/4351 1649/1363/4351 1664/1365/4351
f 1693/1367/4352 1581/1516/4352 1651/1351/4352
f 1671/1370/4353 1615/1498/4353 1663/1473/4353
f 1611/1376/4354 1650/1979/4354 1659/1515/4354
f 1581/1516/4355 1671/1370/4355 1688/1348/4355
f 1684/1483/4356 1687/1480/4356 1664/1365/4356
f 1681/1471/4357 1686/1371/4357 1635/1366/4357
f 1624/1517/2165 1682/1493/2165 1685/1481/2165
f 1667/1494/4358 1682/1493/4358 1624/1517/4358
f 1575/1518/4359 1670/1980/4359 1683/1479/4359
f 1647/1355/2165 1685/1481/2165 1684/1483/2165
f 1687/1480/4360 1683/1479/4360 1623/1513/4360
f 1568/1462/2170 1681/1471/2170 1679/1470/2170
f 1621/1472/2116 1680/1350/2116 1678/1449/2116
f 1616/1440/4361 1679/1452/4361 1669/1360/4361
f 1576/1453/4362 1678/1449/4362 1668/1342/4362
f 1595/1359/4289 1677/1981/4289 1676/1521/4289
f 1596/1541/4363 1676/1415/4363 1675/1413/4363
f 1575/1523/4364 1597/1522/4364 1675/1413/4364
f 1587/1439/4365 1586/1335/4365 1674/1362/4365
f 1588/1525/4366 1587/1524/4366 1673/1760/4366
f 1588/1526/4367 1672/1974/4367 1667/1396/4367
f 1686/1371/4368 1671/1370/4368 1581/1516/4368
f 1608/1334/4369 1669/1360/4369 1674/1362/4369
f 1651/1351/4370 1688/1348/4370 1680/1350/4370
f 1613/1520/4371 1668/1342/4371 1677/1344/4371
f 1693/1367/4372 1710/1353/4372 1662/1467/4372
f 1631/1482/4373 1706/1484/4373 1709/1477/4373
f 1572/1497/4374 1702/1464/4374 1708/1368/4374
f 1705/1488/4375 1707/1485/4375 1648/1496/4375
f 1690/1490/4376 1704/1476/4376 1625/1373/4376
f 1691/1489/4377 1705/1488/4377 1627/1528/4377
f 1707/1485/4378 1706/1484/4378 1631/1482/4378
f 1709/1477/4379 1704/1476/4379 1628/1491/4379
f 1570/1466/2118 1703/1352/2118 1701/1455/2118
f 1702/1464/4380 1700/1443/4380 1574/1530/4380
f 1620/1446/4381 1701/1455/4381 1692/1454/4381
f 1574/1530/4382 1700/1443/4382 1689/1445/4382
f 1599/1532/4383 1598/1537/4383 1699/1338/4383
f 1599/1400/4384 1698/1538/4384 1697/1427/4384
f 1573/1533/4385 1600/1542/4385 1697/1424/4385
f 1592/1534/4386 1696/1357/4386 1695/1407/4386
f 1594/1418/4387 1593/1423/4387 1695/1407/4387
f 1569/1419/4388 1594/1418/4388 1694/1404/4388
f 1708/1368/4389 1693/1367/4389 1619/1474/4389
f 1612/1340/4390 1692/1454/4390 1696/1535/4390
f 1710/1353/4391 1703/1352/4391 1570/1466/4391
f 1609/1536/4392 1689/1336/4392 1699/1338/4392
f 1728/1761/4393 1754/1949/4393 1732/1762/4393
f 1845/1764/4394 1835/1998/4394 1756/1765/4394
f 1796/1767/4395 1758/1961/4395 1738/1768/4395
f 1814/1770/4396 1760/1933/4396 1731/1771/4396
f 1778/1773/4397 1725/1940/4397 1776/1774/4397
f 1834/1776/4398 1809/1899/4398 1712/1777/4398
f 1797/1779/4399 1767/1898/4399 1849/1780/4399
f 1713/1782/4400 1770/1946/4400 1793/1783/4400
f 1838/1785/4401 1759/1999/4401 1741/1786/4401
f 1820/1788/4402 1815/1878/4402 1755/1789/4402
f 1795/1791/4403 1723/1931/4403 1775/1792/4403
f 1781/1794/4404 1727/1944/4404 1839/1795/4404
f 1790/1797/4405 1761/1924/4405 1817/1798/4405
f 1799/1800/4406 1715/1960/4406 1771/1801/4406
f 1784/1803/4407 1780/2000/4407 1757/1804/4407
f 1802/1806/4408 1798/2001/4408 1753/1807/4408
f 1800/1809/4409 1752/1813/4409 1723/1810/4409
f 1801/1812/4410 1751/1815/4410 1752/1813/4410
f 1802/1814/4411 1750/2002/4411 1751/1815/4411
f 1778/1816/4412 1782/1930/4412 1749/1817/4412
f 1783/1819/4413 1748/1936/4413 1749/1820/4413
f 1784/1803/4414 1747/1805/4414 1748/1822/4414
f 1813/1824/4415 1818/1957/4415 1746/1825/4415
f 1818/1827/4416 1819/2003/4416 1745/1828/4416
f 1820/1788/4417 1744/1790/4417 1745/1830/4417
f 1840/1832/4418 1743/1836/4418 1721/1833/4418
f 1841/1835/4419 1742/1837/4419 1743/1836/4419
f 1842/1787/4420 1741/1786/4420 1742/1837/4420
f 1816/1838/4421 1821/1842/4421 1729/1839/4421
f 1822/1841/4422 1730/1844/4422 1729/1839/4422
f 1822/1841/4423 1823/2004/4423 1731/1843/4423
f 1799/1845/4424 1803/1849/4424 1740/1846/4424
f 1804/1848/4425 1739/1851/4425 1740/1846/4425
f 1805/1850/4426 1738/1966/4426 1739/1851/4426
f 1843/1852/4427 1737/1929/4427 1717/1853/4427
f 1843/1855/4428 1844/1964/4428 1736/1856/4428
f 1844/1858/4429 1845/1764/4429 1735/1766/4429
f 1785/1860/4430 1734/2005/4430 1713/1861/4430
f 1785/1863/4431 1786/1927/4431 1733/1864/4431
f 1786/1866/4432 1787/1763/4432 1732/1762/4432
f 1762/1868/4433 1754/1949/4433 1728/1761/4433
f 1846/1870/4434 1764/1892/4434 1756/1871/4434
f 1766/1873/4435 1758/1961/4435 1796/1767/4435
f 1768/1875/4436 1760/1933/4436 1814/1770/4436
f 1720/1877/4437 1755/1789/4437 1815/1878/4437
f 1722/1880/4438 1759/1950/4438 1838/1881/4438
f 1724/1883/4439 1753/2006/4439 1798/1884/4439
f 1726/1886/4440 1757/1934/4440 1780/1887/4440
f 1714/1889/4441 1762/1948/4441 1788/1890/4441
f 1848/1891/4442 1718/1923/4442 1764/1892/4442
f 1716/1893/4443 1766/1873/4443 1806/1874/4443
f 1712/1777/2256 1768/1875/2256 1824/1876/2256
f 1827/1895/4444 1763/1945/4444 1720/1896/4444
f 1767/1898/4445 1722/1880/4445 1847/1882/4445
f 1809/1899/4446 1761/1924/4446 1724/1883/4446
f 1765/1900/4447 1726/1886/4447 1789/1888/4447
f 1812/1802/2287 1771/1801/2287 1850/1902/2287
f 1811/1904/4448 1774/1918/4448 1829/1905/4448
f 1831/1907/2263 1794/1922/2263 1777/1908/2263
f 1792/1775/4449 1776/1774/4449 1852/1910/4449
f 1816/1838/4450 1711/1840/4450 1769/1912/4450
f 1837/1914/4451 1717/1932/4451 1772/1915/4451
f 1836/1917/4452 1721/1947/4452 1774/1918/4452
f 1719/1919/4453 1773/1959/4453 1828/1920/4453
f 1772/1915/4454 1792/1775/4454 1853/1911/4454
f 1828/1920/4455 1773/1959/4455 1794/1922/4455
f 1718/1923/4456 1791/1901/4456 1789/1888/4456
f 1761/1924/4457 1790/1797/4457 1788/1890/4457
f 1764/1892/2273 1789/1888/2273 1780/1887/2273
f 1724/1925/4458 1788/1869/4458 1728/1761/4458
f 1751/1926/4459 1750/1808/4459 1787/1763/4459
f 1752/1813/4460 1751/1815/4460 1786/1927/4460
f 1752/1813/4461 1785/1863/4461 1779/1928/4461
f 1735/1766/4462 1784/1803/4462 1783/1823/4462
f 1737/1929/4463 1736/1859/4463 1783/1823/4463
f 1717/1853/4464 1737/1929/4464 1782/1930/4464
f 1756/1765/4407 1780/2000/4407 1784/1803/4407
f 1714/1889/4465 1790/1797/4465 1832/1799/4465
f 1848/1891/4466 1763/1945/4466 1781/1794/4466
f 1779/1784/4467 1793/1783/4467 1775/1792/4467
f 1778/1773/4468 1792/1775/4468 1772/1915/4468
f 1753/1807/4469 1728/1761/4469 1787/1763/4469
f 1777/1908/2287 1811/1904/2287 1833/1906/2287
f 1852/1910/4470 1776/1774/4470 1812/1802/4470
f 1809/1899/4471 1807/1885/4471 1768/1875/4471
f 1765/1900/4472 1808/1894/4472 1806/1874/4472
f 1807/1885/4473 1798/1884/4473 1760/1933/4473
f 1806/1874/4474 1796/1767/4474 1757/1934/4474
f 1747/1805/4475 1805/1943/4475 1804/1935/4475
f 1748/1936/4476 1804/2007/4476 1803/1937/4476
f 1725/1938/4477 1749/2008/4477 1803/1849/4477
f 1731/1843/4478 1802/1814/4478 1801/1812/4478
f 1730/1844/4479 1801/1812/4479 1800/1809/4479
f 1711/1840/4480 1729/1839/4480 1800/1809/4480
f 1760/1933/4481 1798/1884/4481 1802/1939/4481
f 1799/1800/4482 1812/1802/4482 1776/1774/4482
f 1711/1941/4483 1795/1791/4483 1810/1793/4483
f 1839/1795/4484 1727/1944/4484 1797/1779/4484
f 1817/1798/4485 1761/1924/4485 1809/1899/4485
f 1757/1804/4486 1796/2009/4486 1805/1943/4486
f 1727/1944/4487 1817/1798/4487 1834/1776/4487
f 1830/1909/4488 1833/1906/4488 1810/1793/4488
f 1827/1895/4489 1832/1799/4489 1781/1794/4489
f 1770/1946/4490 1828/1920/4490 1831/1907/4490
f 1813/1921/4491 1828/1920/4491 1770/1946/4491
f 1721/1947/4492 1816/2010/4492 1829/1905/4492
f 1793/1783/4493 1831/1907/4493 1830/1909/4493
f 1833/1906/4494 1829/1905/4494 1769/1942/4494
f 1714/1889/2313 1827/1895/2313 1825/1897/2313
f 1767/1898/4495 1826/1778/4495 1824/1876/4495
f 1762/1868/4496 1825/1879/4496 1815/1878/4496
f 1722/1880/4497 1824/1876/4497 1814/1770/4497
f 1741/1786/4423 1823/2011/4423 1822/1951/4423
f 1742/1952/4498 1822/1841/4498 1821/1842/4498
f 1721/1954/4499 1743/1953/4499 1821/1842/4499
f 1733/1867/4500 1732/1762/4500 1820/1788/4500
f 1733/1955/4501 1819/2003/4501 1818/1827/4501
f 1713/1861/4502 1734/2005/4502 1818/1957/4502
f 1832/1799/4503 1817/1798/4503 1727/1944/4503
f 1754/1949/4504 1815/1878/4504 1820/1788/4504
f 1797/1779/4505 1834/1776/4505 1826/1778/4505
f 1759/1950/4506 1814/1770/4506 1823/1772/4506
f 1839/1795/4507 1856/1781/4507 1808/1894/4507
f 1777/1908/2263 1852/1910/2263 1855/1903/2263
f 1718/1923/4508 1848/1891/4508 1854/1796/4508
f 1851/1916/4509 1853/1911/4509 1794/1922/4509
f 1836/1917/4510 1850/1902/4510 1771/1801/4510
f 1837/1914/4511 1851/1916/4511 1773/1959/4511
f 1853/1911/2263 1852/1910/2263 1777/1908/2263
f 1811/1904/4512 1855/1903/4512 1850/1902/4512
f 1716/1893/2258 1849/1780/2258 1847/1882/2258
f 1848/1891/4513 1846/1870/4513 1720/1896/4513
f 1766/1873/4514 1847/1882/4514 1838/1881/4514
f 1720/1896/4515 1846/1870/4515 1835/1872/4515
f 1745/1963/4516 1744/1969/4516 1845/1764/4516
f 1746/1829/4517 1745/1828/4517 1844/1964/4517
f 1719/1965/4518 1746/2012/4518 1843/1852/4518
f 1738/1966/4519 1842/1787/4519 1841/1835/4519
f 1739/1851/4520 1841/1835/4520 1840/1832/4520
f 1715/1847/4521 1740/1846/4521 1840/1832/4521
f 1854/1796/4522 1839/1795/4522 1765/1900/4522
f 1758/1961/4523 1838/1881/4523 1842/1967/4523
f 1856/1781/4524 1849/1780/4524 1716/1893/4524
f 1755/1968/4525 1835/1998/4525 1845/1764/4525
f 1933/1333/4526 1874/1441/4526 1900/1334/4526
f 1981/1336/4527 1902/1504/4527 1881/1337/4527
f 1951/1339/4528 1942/1447/4528 1904/1340/4528
f 1960/1342/4529 1906/1450/4529 1877/1343/4529
f 1924/1345/4530 1871/1512/4530 1922/1346/4530
f 1980/1348/4531 1955/1473/4531 1858/1349/4531
f 1943/1351/4532 1913/1472/4532 1995/1352/4532
f 1859/1354/4533 1916/1517/4533 1939/1355/4533
f 1988/1357/4534 1984/1759/4534 1905/1358/4534
f 1961/1360/4535 1901/1970/4535 1890/1361/4535
f 1941/1363/4536 1869/1505/4536 1921/1364/4536
f 1927/1366/4537 1873/1516/4537 1985/1367/4537
f 1936/1369/4538 1907/1498/4538 1963/1370/4538
f 1945/1372/4539 1861/1529/4539 1917/1373/4539
f 1930/1375/4540 1926/1971/4540 1903/1376/4540
f 1948/1378/4541 1944/1972/4541 1899/1379/4541
f 1941/1381/4542 1946/1385/4542 1898/1382/4542
f 1947/1384/4543 1897/1387/4543 1898/1382/4543
f 1948/1386/4544 1896/1973/4544 1897/1387/4544
f 1924/1388/4545 1928/1503/4545 1895/1389/4545
f 1929/1391/4546 1894/1508/4546 1895/1392/4546
f 1930/1375/4547 1893/1377/4547 1894/1394/4547
f 1959/1396/4548 1964/1974/4548 1892/1397/4548
f 1964/1399/4549 1965/1760/4549 1891/1400/4549
f 1966/1362/4550 1890/1361/4550 1891/1402/4550
f 1986/1404/4551 1889/1408/4551 1867/1405/4551
f 1987/1407/4552 1888/1409/4552 1889/1408/4552
f 1987/1407/4553 1988/1357/4553 1887/1359/4553
f 1962/1410/4554 1967/1413/4554 1875/1411/4554
f 1967/1413/4555 1968/1415/4555 1876/1414/4555
f 1968/1415/4556 1969/1975/4556 1877/1416/4556
f 1945/1417/4557 1949/1421/4557 1886/1418/4557
f 1950/1420/4558 1885/1423/4558 1886/1418/4558
f 1951/1422/4559 1884/1534/4559 1885/1423/4559
f 1989/1424/4560 1883/1502/4560 1863/1425/4560
f 1989/1427/4561 1990/1538/4561 1882/1428/4561
f 1990/1430/4562 1991/1338/4562 1881/1337/4562
f 1931/1432/4563 1880/1526/4563 1859/1433/4563
f 1932/1435/4564 1879/1539/4564 1880/1436/4564
f 1932/1438/4565 1933/1333/4565 1878/1335/4565
f 1908/1440/4566 1900/1334/4566 1874/1441/4566
f 1992/1443/4567 1910/1465/4567 1902/1444/4567
f 1912/1446/4568 1904/1340/4568 1942/1447/4568
f 1970/1449/4569 1914/1468/4569 1906/1450/4569
f 1866/1451/4570 1901/1970/4570 1961/1360/4570
f 1868/1453/4571 1905/1520/4571 1984/1454/4571
f 1870/1456/4572 1899/1976/4572 1944/1457/4572
f 1872/1459/4573 1903/1506/4573 1926/1460/4573
f 1860/1462/4574 1908/1519/4574 1934/1463/4574
f 1994/1464/4575 1864/1497/4575 1910/1465/4575
f 1862/1466/4576 1912/1446/4576 1952/1448/4576
f 1972/1350/2396 1858/1349/2396 1914/1468/2396
f 1909/1469/4577 1866/1530/4577 1971/1470/4577
f 1913/1472/4578 1868/1453/4578 1993/1455/4578
f 1955/1473/4579 1907/1498/4579 1870/1456/4579
f 1911/1474/4580 1872/1459/4580 1935/1461/4580
f 1958/1374/2401 1917/1373/2401 1996/1476/2401
f 1957/1478/2402 1920/1491/2402 1975/1479/2402
f 1977/1481/2401 1940/1496/2401 1923/1482/2401
f 1938/1347/2402 1922/1346/2402 1998/1484/2402
f 1857/1412/4581 1915/1540/4581 1975/1486/4581
f 1863/1487/4582 1918/1495/4582 1997/1488/4582
f 1982/1490/4583 1867/1518/4583 1920/1491/4583
f 1865/1492/4584 1919/1528/4584 1974/1493/4584
f 1918/1495/2401 1938/1347/2401 1999/1485/2401
f 1974/1493/2401 1919/1528/2401 1940/1496/2401
f 1864/1497/2400 1937/1475/2400 1935/1461/2400
f 1907/1498/4585 1936/1369/4585 1934/1463/4585
f 1910/1465/2408 1935/1461/2408 1926/1460/2408
f 1870/1499/4586 1934/1442/4586 1874/1441/4586
f 1897/1500/4587 1896/1380/4587 1933/1333/4587
f 1898/1382/4588 1897/1387/4588 1932/1435/4588
f 1898/1382/4589 1931/1437/4589 1925/1501/4589
f 1881/1337/4590 1930/1375/4590 1929/1395/4590
f 1883/1502/4591 1882/1431/4591 1929/1395/4591
f 1863/1425/4592 1883/1502/4592 1928/1503/4592
f 1902/1504/4540 1926/1971/4540 1930/1375/4540
f 1860/1462/4593 1936/1369/4593 1978/1371/4593
f 1994/1464/4594 1909/1469/4594 1927/1366/4594
f 1925/1356/4595 1939/1355/4595 1921/1364/4595
f 1924/1345/4596 1938/1347/4596 1918/1495/4596
f 1896/1380/4597 1899/1379/4597 1874/1441/4597
f 1923/1482/2401 1957/1478/2401 1979/1480/2401
f 1998/1484/2401 1922/1346/2401 1958/1374/2401
f 1858/1349/4598 1955/1473/4598 1953/1458/4598
f 1911/1474/4599 1954/1467/4599 1952/1448/4599
f 1914/1468/4600 1953/1458/4600 1944/1457/4600
f 1952/1448/4601 1942/1447/4601 1903/1506/4601
f 1893/1377/4602 1951/1515/4602 1950/1507/4602
f 1894/1508/4603 1950/1977/4603 1949/1509/4603
f 1871/1510/4604 1895/1978/4604 1949/1421/4604
f 1877/1416/4605 1948/1386/4605 1947/1384/4605
f 1876/1414/4606 1947/1384/4606 1946/1385/4606
f 1857/1412/4607 1875/1411/4607 1946/1385/4607
f 1906/1450/4608 1944/1457/4608 1948/1511/4608
f 1871/1512/4609 1945/1372/4609 1958/1374/4609
f 1941/1363/2355 1956/1365/2355 1915/1513/2355
f 1985/1367/4610 1873/1516/4610 1943/1351/4610
f 1963/1370/4611 1907/1498/4611 1955/1473/4611
f 1903/1376/4612 1942/1979/4612 1951/1515/4612
f 1873/1516/4613 1963/1370/4613 1980/1348/4613
f 1976/1483/2401 1979/1480/2401 1956/1365/2401
f 1973/1471/4614 1978/1371/4614 1927/1366/4614
f 1916/1517/2401 1974/1493/2401 1977/1481/2401
f 1959/1494/4615 1974/1493/4615 1916/1517/4615
f 1867/1518/4616 1962/1980/4616 1975/1479/4616
f 1939/1355/2402 1977/1481/2402 1976/1483/2402
f 1979/1480/2401 1975/1479/2401 1915/1513/2401
f 1973/1471/2397 1971/1470/2397 1908/1519/2397
f 1913/1472/2396 1972/1350/2396 1970/1449/2396
f 1971/1452/4617 1961/1360/4617 1900/1334/4617
f 1868/1453/4618 1970/1449/4618 1960/1342/4618
f 1887/1359/4556 1969/1981/4556 1968/1521/4556
f 1889/1522/4619 1888/1541/4619 1968/1415/4619
f 1867/1523/4620 1889/1522/4620 1967/1413/4620
f 1879/1439/4621 1878/1335/4621 1966/1362/4621
f 1879/1524/4622 1965/1760/4622 1964/1399/4622
f 1880/1526/4623 1964/1974/4623 1959/1396/4623
f 1927/1366/4614 1978/1371/4614 1963/1370/4614
f 1878/1335/4624 1900/1334/4624 1961/1360/4624
f 1943/1351/4625 1980/1348/4625 1972/1350/4625
f 1905/1520/4626 1960/1342/4626 1969/1344/4626
f 1985/1367/4627 2002/1353/4627 1954/1467/4627
f 1923/1482/2401 1998/1484/2401 2001/1477/2401
f 1864/1497/4628 1994/1464/4628 2000/1368/4628
f 1997/1488/2402 1999/1485/2402 1940/1496/2402
f 1982/1490/4629 1996/1476/4629 1917/1373/4629
f 1983/1489/4630 1997/1488/4630 1919/1528/4630
f 1999/1485/2401 1998/1484/2401 1923/1482/2401
f 1957/1478/2401 2001/1477/2401 1996/1476/2401
f 1995/1352/4631 1993/1455/4631 1912/1446/4631
f 1909/1469/4632 1994/1464/4632 1992/1443/4632
f 1993/1455/4633 1984/1454/4633 1904/1340/4633
f 1866/1530/4634 1992/1443/4634 1981/1445/4634
f 1891/1532/4635 1890/1537/4635 1991/1338/4635
f 1891/1400/4636 1990/1538/4636 1989/1427/4636
f 1865/1533/4637 1892/1542/4637 1989/1424/4637
f 1884/1534/4638 1988/1357/4638 1987/1407/4638
f 1885/1423/4639 1987/1407/4639 1986/1404/4639
f 1861/1419/4640 1886/1418/4640 1986/1404/4640
f 2000/1368/4641 1985/1367/4641 1911/1474/4641
f 1884/1341/4642 1904/1340/4642 1984/1454/4642
f 2002/1353/4643 1995/1352/4643 1862/1466/4643
f 1901/1536/4644 1981/1336/4644 1991/1338/4644
f 2020/1441/4645 2046/1334/4645 2024/1335/4645
f 2127/1336/4646 2048/1504/4646 2027/1337/4646
f 2088/1447/4647 2050/1340/4647 2030/1341/4647
f 2115/1344/4648 2106/1342/4648 2052/1450/4648
f 2070/1345/4649 2017/1512/4649 2068/1346/4649
f 2126/1348/4650 2101/1473/4650 2004/1349/4650
f 2089/1351/4651 2059/1472/4651 2141/1352/4651
f 2005/1354/4652 2062/1517/4652 2085/1355/4652
f 2134/1357/4653 2130/1759/4653 2051/1358/4653
f 2107/1360/4654 2047/1970/4654 2036/1361/4654
f 2087/1363/4655 2015/1505/4655 2067/1364/4655
f 2073/1366/4656 2019/1516/4656 2131/1367/4656
f 2082/1369/4657 2053/1498/4657 2109/1370/4657
f 2091/1372/4658 2007/1529/4658 2063/1373/4658
f 2076/1375/4659 2072/1971/4659 2049/1376/4659
f 2094/1378/4660 2090/1972/4660 2045/1379/4660
f 2092/1385/4661 2044/1382/4661 2015/1383/4661
f 2093/1384/4662 2043/1387/4662 2044/1382/4662
f 2094/1386/4663 2042/1973/4663 2043/1387/4663
f 2070/1388/4664 2074/1503/4664 2041/1389/4664
f 2075/1391/4665 2040/1508/4665 2041/1392/4665
f 2076/1375/4666 2039/1377/4666 2040/1394/4666
f 2105/1396/4667 2110/1974/4667 2038/1397/4667
f 2110/1399/4668 2111/1760/4668 2037/1400/4668
f 2112/1362/4669 2036/1361/4669 2037/1402/4669
f 2132/1404/4670 2035/1408/4670 2013/1405/4670
f 2133/1407/4671 2034/1409/4671 2035/1408/4671
f 2133/1407/4672 2134/1357/4672 2033/1359/4672
f 2108/1410/4673 2113/1413/4673 2021/1411/4673
f 2114/1415/4674 2022/1414/4674 2021/1411/4674
f 2114/1415/4675 2115/1975/4675 2023/1416/4675
f 2091/1417/4676 2095/1421/4676 2032/1418/4676
f 2096/1420/4677 2031/1423/4677 2032/1418/4677
f 2097/1422/4678 2030/1534/4678 2031/1423/4678
f 2135/1424/4679 2029/1502/4679 2009/1425/4679
f 2135/1427/4680 2136/1538/4680 2028/1428/4680
f 2136/1430/4681 2137/1338/4681 2027/1337/4681
f 2077/1432/4682 2026/1526/4682 2005/1433/4682
f 2077/1437/4683 2078/1435/4683 2025/1539/4683
f 2078/1438/4684 2079/1333/4684 2024/1335/4684
f 2080/1442/4685 2054/1440/4685 2046/1334/4685
f 2138/1443/4686 2056/1465/4686 2048/1444/4686
f 2058/1446/4687 2050/1340/4687 2088/1447/4687
f 2060/1468/4688 2052/1450/4688 2106/1342/4688
f 2012/1451/4689 2047/1970/4689 2107/1360/4689
f 2014/1453/4690 2051/1520/4690 2130/1454/4690
f 2016/1456/4691 2045/1976/4691 2090/1457/4691
f 2018/1459/4692 2049/1506/4692 2072/1460/4692
f 2006/1462/4693 2054/1519/4693 2080/1463/4693
f 2010/1497/4694 2056/1465/4694 2138/1443/4694
f 2008/1466/4695 2058/1446/4695 2098/1448/4695
f 2004/1349/2522 2060/1468/2522 2116/1449/2522
f 2119/1471/4696 2055/1469/4696 2012/1530/4696
f 2059/1472/4697 2014/1453/4697 2139/1455/4697
f 2101/1473/4698 2053/1498/4698 2016/1456/4698
f 2057/1474/4699 2018/1459/4699 2081/1461/4699
f 2147/1477/2527 2104/1374/2527 2063/1373/2527
f 2103/1478/2527 2066/1491/2527 2121/1479/2527
f 2123/1481/2527 2086/1496/2527 2069/1482/2527
f 2084/1347/2527 2068/1346/2527 2144/1484/2527
f 2108/1410/4700 2003/1412/4700 2061/1540/4700
f 2129/1489/4701 2009/1487/4701 2064/1495/4701
f 2128/1490/4702 2013/1518/4702 2066/1491/4702
f 2011/1492/4703 2065/1528/4703 2120/1493/4703
f 2064/1495/2527 2084/1347/2527 2145/1485/2527
f 2120/1493/2527 2065/1528/2527 2086/1496/2527
f 2010/1497/2526 2083/1475/2526 2081/1461/2526
f 2053/1498/4704 2082/1369/4704 2080/1463/4704
f 2056/1465/4705 2081/1461/4705 2072/1460/4705
f 2016/1499/4706 2080/1442/4706 2020/1441/4706
f 2042/1380/4707 2079/1333/4707 2078/1438/4707
f 2044/1382/4708 2043/1387/4708 2078/1435/4708
f 2044/1382/4709 2077/1437/4709 2071/1501/4709
f 2027/1337/4710 2076/1375/4710 2075/1395/4710
f 2029/1502/4711 2028/1431/4711 2075/1395/4711
f 2009/1425/4712 2029/1502/4712 2074/1503/4712
f 2048/1504/4659 2072/1971/4659 2076/1375/4659
f 2006/1462/4713 2082/1369/4713 2124/1371/4713
f 2140/1464/4714 2055/1469/4714 2073/1366/4714
f 2071/1356/4715 2085/1355/4715 2067/1364/4715
f 2070/1345/4716 2084/1347/4716 2064/1495/4716
f 2045/1379/4717 2020/1441/4717 2079/1333/4717
f 2069/1482/2527 2103/1478/2527 2125/1480/2527
f 2144/1484/2527 2068/1346/2527 2104/1374/2527
f 2101/1473/4718 2099/1458/4718 2060/1468/4718
f 2057/1474/4719 2100/1467/4719 2098/1448/4719
f 2099/1458/4720 2090/1457/4720 2052/1450/4720
f 2098/1448/4721 2088/1447/4721 2049/1506/4721
f 2039/1377/4722 2097/1515/4722 2096/1507/4722
f 2040/1508/4723 2096/1977/4723 2095/1509/4723
f 2017/1510/4724 2041/1978/4724 2095/1421/4724
f 2023/1416/4725 2094/1386/4725 2093/1384/4725
f 2022/1414/4726 2093/1384/4726 2092/1385/4726
f 2003/1412/4727 2021/1411/4727 2092/1385/4727
f 2023/1343/4728 2052/1450/4728 2090/1457/4728
f 2091/1372/4729 2104/1374/4729 2068/1346/4729
f 2003/1514/4730 2087/1363/4730 2102/1365/4730
f 2131/1367/4731 2019/1516/4731 2089/1351/4731
f 2109/1370/4732 2053/1498/4732 2101/1473/4732
f 2049/1376/4733 2088/1979/4733 2097/1515/4733
f 2019/1516/4734 2109/1370/4734 2126/1348/4734
f 2122/1483/2527 2125/1480/2527 2102/1365/2527
f 2119/1471/4735 2124/1371/4735 2073/1366/4735
f 2062/1517/2527 2120/1493/2527 2123/1481/2527
f 2105/1494/4736 2120/1493/4736 2062/1517/4736
f 2013/1518/4737 2108/1980/4737 2121/1479/4737
f 2085/1355/2527 2123/1481/2527 2122/1483/2527
f 2125/1480/2527 2121/1479/2527 2061/1513/2527
f 2006/1462/2567 2119/1471/2567 2117/1470/2567
f 2059/1472/2522 2118/1350/2522 2116/1449/2522
f 2054/1440/4738 2117/1452/4738 2107/1360/4738
f 2014/1453/4739 2116/1449/4739 2106/1342/4739
f 2033/1359/4675 2115/1981/4675 2114/1521/4675
f 2034/1541/4740 2114/1415/4740 2113/1413/4740
f 2013/1523/4741 2035/1522/4741 2113/1413/4741
f 2025/1439/4742 2024/1335/4742 2112/1362/4742
f 2025/1524/4743 2111/1760/4743 2110/1399/4743
f 2026/1526/4744 2110/1974/4744 2105/1396/4744
f 2124/1371/4745 2109/1370/4745 2019/1516/4745
f 2046/1334/4746 2107/1360/4746 2112/1362/4746
f 2089/1351/4747 2126/1348/4747 2118/1350/4747
f 2051/1520/4748 2106/1342/4748 2115/1344/4748
f 2131/1367/4749 2148/1353/4749 2100/1467/4749
f 2069/1482/2527 2144/1484/2527 2147/1477/2527
f 2010/1497/4750 2140/1464/4750 2146/1368/4750
f 2143/1488/2527 2145/1485/2527 2086/1496/2527
f 2128/1490/4751 2142/1476/4751 2063/1373/4751
f 2129/1489/4752 2143/1488/4752 2065/1528/4752
f 2145/1485/2527 2144/1484/2527 2069/1482/2527
f 2103/1478/2527 2147/1477/2527 2142/1476/2527
f 2008/1466/2524 2141/1352/2524 2139/1455/2524
f 2140/1464/4753 2138/1443/4753 2012/1530/4753
f 2058/1446/4754 2139/1455/4754 2130/1454/4754
f 2012/1530/4755 2138/1443/4755 2127/1445/4755
f 2037/1532/4756 2036/1537/4756 2137/1338/4756
f 2037/1400/4757 2136/1538/4757 2135/1427/4757
f 2011/1533/4758 2038/1542/4758 2135/1424/4758
f 2030/1534/4759 2134/1357/4759 2133/1407/4759
f 2031/1423/4760 2133/1407/4760 2132/1404/4760
f 2007/1419/4761 2032/1418/4761 2132/1404/4761
f 2146/1368/4762 2131/1367/4762 2057/1474/4762
f 2050/1340/4763 2130/1454/4763 2134/1535/4763
f 2148/1353/4764 2141/1352/4764 2008/1466/4764
f 2047/1536/4765 2127/1336/4765 2137/1338/4765
f 2166/1441/4766 2192/1334/4766 2170/1335/4766
f 2273/1336/4767 2194/1504/4767 2173/1337/4767
f 2234/1447/4768 2196/1340/4768 2176/1341/4768
f 2261/1344/4769 2252/1342/4769 2198/1450/4769
f 2216/1345/4770 2163/1512/4770 2214/1346/4770
f 2272/1348/4771 2247/1473/4771 2150/1349/4771
f 2235/1351/4772 2205/1472/4772 2287/1352/4772
f 2151/1354/4773 2208/1517/4773 2231/1355/4773
f 2280/1357/4774 2276/1759/4774 2197/1358/4774
f 2253/1360/4775 2193/1970/4775 2182/1361/4775
f 2233/1363/4776 2161/1505/4776 2213/1364/4776
f 2219/1366/4777 2165/1516/4777 2277/1367/4777
f 2228/1369/4778 2199/1498/4778 2255/1370/4778
f 2237/1372/4779 2153/1529/4779 2209/1373/4779
f 2222/1375/4780 2218/1971/4780 2195/1376/4780
f 2240/1378/4781 2236/1972/4781 2191/1379/4781
f 2233/1381/4782 2238/1385/4782 2190/1382/4782
f 2239/1384/4783 2189/1387/4783 2190/1382/4783
f 2240/1386/4784 2188/1973/4784 2189/1387/4784
f 2216/1388/4785 2220/1503/4785 2187/1389/4785
f 2221/1391/4786 2186/1508/4786 2187/1392/4786
f 2222/1375/4787 2185/1377/4787 2186/1394/4787
f 2251/1396/4788 2256/1974/4788 2184/1397/4788
f 2256/1399/4789 2257/1760/4789 2183/1400/4789
f 2258/1362/4790 2182/1361/4790 2183/1402/4790
f 2278/1404/4791 2181/1408/4791 2159/1405/4791
f 2279/1407/4792 2180/1409/4792 2181/1408/4792
f 2279/1407/4793 2280/1357/4793 2179/1359/4793
f 2254/1410/4794 2259/1413/4794 2167/1411/4794
f 2260/1415/4795 2168/1414/4795 2167/1411/4795
f 2260/1415/4796 2261/1975/4796 2169/1416/4796
f 2237/1417/4797 2241/1421/4797 2178/1418/4797
f 2242/1420/4798 2177/1423/4798 2178/1418/4798
f 2243/1422/4799 2176/1534/4799 2177/1423/4799
f 2281/1424/4800 2175/1502/4800 2155/1425/4800
f 2281/1427/4801 2282/1538/4801 2174/1428/4801
f 2282/1430/4802 2283/1338/4802 2173/1337/4802
f 2223/1432/4803 2172/1526/4803 2151/1433/4803
f 2223/1437/4804 2224/1435/4804 2171/1539/4804
f 2224/1438/4805 2225/1333/4805 2170/1335/4805
f 2200/1440/4806 2192/1334/4806 2166/1441/4806
f 2284/1443/4807 2202/1465/4807 2194/1444/4807
f 2204/1446/4808 2196/1340/4808 2234/1447/4808
f 2206/1468/4809 2198/1450/4809 2252/1342/4809
f 2158/1451/4810 2193/1970/4810 2253/1360/4810
f 2160/1453/4811 2197/1520/4811 2276/1454/4811
f 2162/1456/4812 2191/1976/4812 2236/1457/4812
f 2164/1459/4813 2195/1506/4813 2218/1460/4813
f 2152/1462/4814 2200/1519/4814 2226/1463/4814
f 2286/1464/4815 2156/1497/4815 2202/1465/4815
f 2154/1466/4816 2204/1446/4816 2244/1448/4816
f 2150/1349/2648 2206/1468/2648 2262/1449/2648
f 2265/1471/4817 2201/1469/4817 2158/1530/4817
f 2205/1472/4818 2160/1453/4818 2285/1455/4818
f 2247/1473/4819 2199/1498/4819 2162/1456/4819
f 2203/1474/4820 2164/1459/4820 2227/1461/4820
f 2293/1477/2653 2250/1374/2653 2209/1373/2653
f 2249/1478/2653 2212/1491/2653 2267/1479/2653
f 2269/1481/2653 2232/1496/2653 2215/1482/2653
f 2230/1347/4821 2214/1346/4821 2290/1484/4821
f 2254/1410/4822 2149/1412/4822 2207/1540/4822
f 2275/1489/4823 2155/1487/4823 2210/1495/4823
f 2274/1490/4824 2159/1518/4824 2212/1491/4824
f 2157/1492/4825 2211/1528/4825 2266/1493/4825
f 2210/1495/2653 2230/1347/2653 2291/1485/2653
f 2266/1493/2653 2211/1528/2653 2232/1496/2653
f 2156/1497/2652 2229/1475/2652 2227/1461/2652
f 2199/1498/4826 2228/1369/4826 2226/1463/4826
f 2202/1465/2659 2227/1461/2659 2218/1460/2659
f 2162/1499/4827 2226/1442/4827 2166/1441/4827
f 2188/1380/4828 2225/1333/4828 2224/1438/4828
f 2190/1382/4829 2189/1387/4829 2224/1435/4829
f 2190/1382/4830 2223/1437/4830 2217/1501/4830
f 2173/1337/4831 2222/1375/4831 2221/1395/4831
f 2175/1502/4832 2174/1431/4832 2221/1395/4832
f 2155/1425/4833 2175/1502/4833 2220/1503/4833
f 2194/1504/4780 2218/1971/4780 2222/1375/4780
f 2152/1462/4834 2228/1369/4834 2270/1371/4834
f 2286/1464/4835 2201/1469/4835 2219/1366/4835
f 2217/1356/4836 2231/1355/4836 2213/1364/4836
f 2216/1345/4837 2230/1347/4837 2210/1495/4837
f 2191/1379/4838 2166/1441/4838 2225/1333/4838
f 2215/1482/2653 2249/1478/2653 2271/1480/2653
f 2290/1484/2653 2214/1346/2653 2250/1374/2653
f 2247/1473/4839 2245/1458/4839 2206/1468/4839
f 2203/1474/4840 2246/1467/4840 2244/1448/4840
f 2245/1458/4841 2236/1457/4841 2198/1450/4841
f 2244/1448/4842 2234/1447/4842 2195/1506/4842
f 2185/1377/4843 2243/1515/4843 2242/1507/4843
f 2186/1508/4844 2242/1977/4844 2241/1509/4844
f 2163/1510/4845 2187/1978/4845 2241/1421/4845
f 2169/1416/4846 2240/1386/4846 2239/1384/4846
f 2168/1414/4847 2239/1384/4847 2238/1385/4847
f 2149/1412/4848 2167/1411/4848 2238/1385/4848
f 2169/1343/4849 2198/1450/4849 2236/1457/4849
f 2237/1372/4850 2250/1374/4850 2214/1346/4850
f 2149/1514/4851 2233/1363/4851 2248/1365/4851
f 2277/1367/4852 2165/1516/4852 2235/1351/4852
f 2255/1370/4853 2199/1498/4853 2247/1473/4853
f 2195/1376/4854 2234/1979/4854 2243/1515/4854
f 2165/1516/4855 2255/1370/4855 2272/1348/4855
f 2268/1483/2653 2271/1480/2653 2248/1365/2653
f 2265/1471/4856 2270/1371/4856 2219/1366/4856
f 2208/1517/2653 2266/1493/2653 2269/1481/2653
f 2251/1494/4857 2266/1493/4857 2208/1517/4857
f 2159/1518/4858 2254/1980/4858 2267/1479/4858
f 2231/1355/2653 2269/1481/2653 2268/1483/2653
f 2271/1480/2653 2267/1479/2653 2207/1513/2653
f 2152/1462/2693 2265/1471/2693 2263/1470/2693
f 2205/1472/2648 2264/1350/2648 2262/1449/2648
f 2200/1440/4859 2263/1452/4859 2253/1360/4859
f 2160/1453/4860 2262/1449/4860 2252/1342/4860
f 2179/1359/4796 2261/1981/4796 2260/1521/4796
f 2180/1541/4861 2260/1415/4861 2259/1413/4861
f 2159/1523/4862 2181/1522/4862 2259/1413/4862
f 2171/1439/4863 2170/1335/4863 2258/1362/4863
f 2171/1524/4864 2257/1760/4864 2256/1399/4864
f 2172/1526/4865 2256/1974/4865 2251/1396/4865
f 2270/1371/4866 2255/1370/4866 2165/1516/4866
f 2192/1334/4867 2253/1360/4867 2258/1362/4867
f 2235/1351/4868 2272/1348/4868 2264/1350/4868
f 2197/1520/4869 2252/1342/4869 2261/1344/4869
f 2277/1367/4870 2294/1353/4870 2246/1467/4870
f 2215/1482/2653 2290/1484/2653 2293/1477/2653
f 2156/1497/4871 2286/1464/4871 2292/1368/4871
f 2289/1488/2653 2291/1485/2653 2232/1496/2653
f 2274/1490/4872 2288/1476/4872 2209/1373/4872
f 2275/1489/4873 2289/1488/4873 2211/1528/4873
f 2291/1485/2653 2290/1484/2653 2215/1482/2653
f 2249/1478/2653 2293/1477/2653 2288/1476/2653
f 2154/1466/2650 2287/1352/2650 2285/1455/2650
f 2286/1464/4874 2284/1443/4874 2158/1530/4874
f 2204/1446/4875 2285/1455/4875 2276/1454/4875
f 2158/1530/4876 2284/1443/4876 2273/1445/4876
f 2183/1532/4877 2182/1537/4877 2283/1338/4877
f 2183/1400/4878 2282/1538/4878 2281/1427/4878
f 2184/1542/4879 2281/1424/4879 2275/1426/4879
f 2176/1534/4880 2280/1357/4880 2279/1407/4880
f 2177/1423/4881 2279/1407/4881 2278/1404/4881
f 2153/1419/4882 2178/1418/4882 2278/1404/4882
f 2292/1368/4883 2277/1367/4883 2203/1474/4883
f 2196/1340/4884 2276/1454/4884 2280/1535/4884
f 2294/1353/4885 2287/1352/4885 2154/1466/4885
f 2193/1536/4886 2273/1336/4886 2283/1338/4886
f 2312/1441/4887 2338/1334/4887 2316/1335/4887
f 2419/1336/4888 2340/1504/4888 2319/1337/4888
f 2380/1447/4889 2342/1340/4889 2322/1341/4889
f 2407/1344/4890 2398/1342/4890 2344/1450/4890
f 2362/1345/4891 2309/1512/4891 2360/1346/4891
f 2418/1348/4892 2393/1473/4892 2296/1349/4892
f 2381/1351/4893 2351/1472/4893 2433/1352/4893
f 2297/1354/4894 2354/1517/4894 2377/1355/4894
f 2426/1357/4895 2422/1759/4895 2343/1358/4895
f 2399/1360/4896 2339/1970/4896 2328/1361/4896
f 2379/1363/4897 2307/1505/4897 2359/1364/4897
f 2365/1366/4898 2311/1516/4898 2423/1367/4898
f 2374/1369/4899 2345/1498/4899 2401/1370/4899
f 2383/1372/4900 2299/1529/4900 2355/1373/4900
f 2368/1375/4901 2364/1971/4901 2341/1376/4901
f 2386/1378/4902 2382/1972/4902 2337/1379/4902
f 2384/1385/4903 2336/1382/4903 2307/1383/4903
f 2385/1384/4904 2335/1387/4904 2336/1382/4904
f 2386/1386/4905 2334/1973/4905 2335/1387/4905
f 2362/1388/4906 2366/1503/4906 2333/1389/4906
f 2367/1391/4907 2332/1508/4907 2333/1392/4907
f 2368/1375/4908 2331/1377/4908 2332/1394/4908
f 2397/1396/4909 2402/1974/4909 2330/1397/4909
f 2402/1399/4910 2403/1760/4910 2329/1400/4910
f 2404/1362/4911 2328/1361/4911 2329/1402/4911
f 2424/1404/4912 2327/1408/4912 2305/1405/4912
f 2425/1407/4913 2326/1409/4913 2327/1408/4913
f 2425/1407/4914 2426/1357/4914 2325/1359/4914
f 2400/1410/4915 2405/1413/4915 2313/1411/4915
f 2406/1415/4916 2314/1414/4916 2313/1411/4916
f 2406/1415/4917 2407/1975/4917 2315/1416/4917
f 2383/1417/4918 2387/1421/4918 2324/1418/4918
f 2388/1420/4919 2323/1423/4919 2324/1418/4919
f 2389/1422/4920 2322/1534/4920 2323/1423/4920
f 2427/1424/4921 2321/1502/4921 2301/1425/4921
f 2427/1427/4922 2428/1538/4922 2320/1428/4922
f 2428/1430/4923 2429/1338/4923 2319/1337/4923
f 2369/1432/4924 2318/1526/4924 2297/1433/4924
f 2369/1437/4925 2370/1435/4925 2317/1539/4925
f 2370/1438/4926 2371/1333/4926 2316/1335/4926
f 2372/1442/4927 2346/1440/4927 2338/1334/4927
f 2430/1443/4928 2348/1465/4928 2340/1444/4928
f 2350/1446/4929 2342/1340/4929 2380/1447/4929
f 2352/1468/4930 2344/1450/4930 2398/1342/4930
f 2304/1451/4931 2339/1970/4931 2399/1360/4931
f 2306/1453/4932 2343/1520/4932 2422/1454/4932
f 2308/1456/4933 2337/1976/4933 2382/1457/4933
f 2310/1459/4934 2341/1506/4934 2364/1460/4934
f 2298/1462/4935 2346/1519/4935 2372/1463/4935
f 2302/1497/4936 2348/1465/4936 2430/1443/4936
f 2300/1466/4937 2350/1446/4937 2390/1448/4937
f 2296/1349/2775 2352/1468/2775 2408/1449/2775
f 2411/1471/4938 2347/1469/4938 2304/1530/4938
f 2351/1472/4939 2306/1453/4939 2431/1455/4939
f 2393/1473/4940 2345/1498/4940 2308/1456/4940
f 2349/1474/4941 2310/1459/4941 2373/1461/4941
f 2439/1477/2780 2396/1374/2780 2355/1373/2780
f 2395/1478/2780 2358/1491/2780 2413/1479/2780
f 2415/1481/2780 2378/1496/2780 2361/1482/2780
f 2376/1347/2780 2360/1346/2780 2436/1484/2780
f 2400/1410/4942 2295/1412/4942 2353/1540/4942
f 2421/1489/4943 2301/1487/4943 2356/1495/4943
f 2420/1490/4944 2305/1518/4944 2358/1491/4944
f 2303/1492/4945 2357/1528/4945 2412/1493/4945
f 2356/1495/2780 2376/1347/2780 2437/1485/2780
f 2412/1493/2780 2357/1528/2780 2378/1496/2780
f 2302/1497/2779 2375/1475/2779 2373/1461/2779
f 2345/1498/4946 2374/1369/4946 2372/1463/4946
f 2348/1465/2787 2373/1461/2787 2364/1460/2787
f 2308/1499/4947 2372/1442/4947 2312/1441/4947
f 2334/1380/4948 2371/1333/4948 2370/1438/4948
f 2336/1382/4949 2335/1387/4949 2370/1435/4949
f 2336/1382/4950 2369/1437/4950 2363/1501/4950
f 2319/1337/4951 2368/1375/4951 2367/1395/4951
f 2321/1502/4952 2320/1431/4952 2367/1395/4952
f 2301/1425/4953 2321/1502/4953 2366/1503/4953
f 2340/1504/4901 2364/1971/4901 2368/1375/4901
f 2298/1462/4954 2374/1369/4954 2416/1371/4954
f 2432/1464/4955 2347/1469/4955 2365/1366/4955
f 2363/1356/4956 2377/1355/4956 2359/1364/4956
f 2362/1345/4957 2376/1347/4957 2356/1495/4957
f 2337/1379/4958 2312/1441/4958 2371/1333/4958
f 2361/1482/2780 2395/1478/2780 2417/1480/2780
f 2436/1484/2781 2360/1346/2781 2396/1374/2781
f 2393/1473/4959 2391/1458/4959 2352/1468/4959
f 2349/1474/4960 2392/1467/4960 2390/1448/4960
f 2391/1458/4961 2382/1457/4961 2344/1450/4961
f 2390/1448/4962 2380/1447/4962 2341/1506/4962
f 2331/1377/4963 2389/1515/4963 2388/1507/4963
f 2332/1508/4964 2388/1977/4964 2387/1509/4964
f 2309/1510/4965 2333/1978/4965 2387/1421/4965
f 2315/1416/4966 2386/1386/4966 2385/1384/4966
f 2314/1414/4967 2385/1384/4967 2384/1385/4967
f 2295/1412/4968 2313/1411/4968 2384/1385/4968
f 2315/1343/4969 2344/1450/4969 2382/1457/4969
f 2383/1372/4970 2396/1374/4970 2360/1346/4970
f 2295/1514/4971 2379/1363/4971 2394/1365/4971
f 2423/1367/4972 2311/1516/4972 2381/1351/4972
f 2401/1370/4973 2345/1498/4973 2393/1473/4973
f 2341/1376/4974 2380/1979/4974 2389/1515/4974
f 2311/1516/4975 2401/1370/4975 2418/1348/4975
f 2414/1483/2781 2417/1480/2781 2394/1365/2781
f 2411/1471/4976 2416/1371/4976 2365/1366/4976
f 2354/1517/2780 2412/1493/2780 2415/1481/2780
f 2397/1494/4977 2412/1493/4977 2354/1517/4977
f 2305/1518/4978 2400/1980/4978 2413/1479/4978
f 2377/1355/2780 2415/1481/2780 2414/1483/2780
f 2417/1480/2780 2413/1479/2780 2353/1513/2780
f 2298/1462/2821 2411/1471/2821 2409/1470/2821
f 2351/1472/4979 2410/1350/4979 2408/1449/4979
f 2346/1440/4980 2409/1452/4980 2399/1360/4980
f 2306/1453/4981 2408/1449/4981 2398/1342/4981
f 2325/1359/4917 2407/1981/4917 2406/1521/4917
f 2326/1541/4982 2406/1415/4982 2405/1413/4982
f 2305/1523/4983 2327/1522/4983 2405/1413/4983
f 2317/1439/4984 2316/1335/4984 2404/1362/4984
f 2317/1524/4985 2403/1760/4985 2402/1399/4985
f 2318/1526/4986 2402/1974/4986 2397/1396/4986
f 2416/1371/4987 2401/1370/4987 2311/1516/4987
f 2338/1334/4988 2399/1360/4988 2404/1362/4988
f 2381/1351/4989 2418/1348/4989 2410/1350/4989
f 2343/1520/4990 2398/1342/4990 2407/1344/4990
f 2423/1367/4991 2440/1353/4991 2392/1467/4991
f 2361/1482/2781 2436/1484/2781 2439/1477/2781
f 2302/1497/4992 2432/1464/4992 2438/1368/4992
f 2435/1488/2780 2437/1485/2780 2378/1496/2780
f 2420/1490/4993 2434/1476/4993 2355/1373/4993
f 2421/1489/4994 2435/1488/4994 2357/1528/4994
f 2437/1485/2780 2436/1484/2780 2361/1482/2780
f 2395/1478/2780 2439/1477/2780 2434/1476/2780
f 2300/1466/2777 2433/1352/2777 2431/1455/2777
f 2432/1464/4995 2430/1443/4995 2304/1530/4995
f 2350/1446/4996 2431/1455/4996 2422/1454/4996
f 2304/1530/4997 2430/1443/4997 2419/1445/4997
f 2329/1532/4998 2328/1537/4998 2429/1338/4998
f 2329/1400/4999 2428/1538/4999 2427/1427/4999
f 2303/1533/5000 2330/1542/5000 2427/1424/5000
f 2322/1534/5001 2426/1357/5001 2425/1407/5001
f 2323/1423/5002 2425/1407/5002 2424/1404/5002
f 2299/1419/5003 2324/1418/5003 2424/1404/5003
f 2438/1368/5004 2423/1367/5004 2349/1474/5004
f 2342/1340/5005 2422/1454/5005 2426/1535/5005
f 2440/1353/5006 2433/1352/5006 2300/1466/5006
f 2339/1536/5007 2419/1336/5007 2429/1338/5007
f 2458/1441/5008 2484/1334/5008 2462/1335/5008
f 2565/1336/5009 2486/1504/5009 2465/1337/5009
f 2526/1447/5010 2488/1340/5010 2468/1341/5010
f 2553/1344/5011 2544/1342/5011 2490/1450/5011
f 2508/1345/5012 2455/1512/5012 2506/1346/5012
f 2564/1348/5013 2539/1473/5013 2442/1349/5013
f 2527/1351/5014 2497/1472/5014 2579/1352/5014
f 2443/1354/5015 2500/1517/5015 2523/1355/5015
f 2572/1357/5016 2568/1759/5016 2489/1358/5016
f 2545/1360/5017 2485/1970/5017 2474/1361/5017
f 2525/1363/5018 2453/1505/5018 2505/1364/5018
f 2511/1366/5019 2457/1516/5019 2569/1367/5019
f 2520/1369/5020 2491/1498/5020 2547/1370/5020
f 2529/1372/5021 2445/1529/5021 2501/1373/5021
f 2514/1375/5022 2510/1971/5022 2487/1376/5022
f 2532/1378/5023 2528/1972/5023 2483/1379/5023
f 2525/1381/5024 2530/1385/5024 2482/1382/5024
f 2531/1384/5025 2481/1387/5025 2482/1382/5025
f 2532/1386/5026 2480/1973/5026 2481/1387/5026
f 2508/1388/5027 2512/1503/5027 2479/1389/5027
f 2513/1391/5028 2478/1508/5028 2479/1392/5028
f 2514/1375/5029 2477/1377/5029 2478/1394/5029
f 2543/1396/5030 2548/1974/5030 2476/1397/5030
f 2548/1399/5031 2549/1760/5031 2475/1400/5031
f 2550/1362/5032 2474/1361/5032 2475/1402/5032
f 2570/1404/5033 2473/1408/5033 2451/1405/5033
f 2571/1407/5034 2472/1409/5034 2473/1408/5034
f 2571/1407/5035 2572/1357/5035 2471/1359/5035
f 2546/1410/5036 2551/1413/5036 2459/1411/5036
f 2552/1415/5037 2460/1414/5037 2459/1411/5037
f 2552/1415/5038 2553/1975/5038 2461/1416/5038
f 2529/1417/5039 2533/1421/5039 2470/1418/5039
f 2534/1420/5040 2469/1423/5040 2470/1418/5040
f 2535/1422/5041 2468/1534/5041 2469/1423/5041
f 2573/1424/5042 2467/1502/5042 2447/1425/5042
f 2573/1427/5043 2574/1538/5043 2466/1428/5043
f 2574/1430/5044 2575/1338/5044 2465/1337/5044
f 2515/1432/5045 2464/1526/5045 2443/1433/5045
f 2515/1437/5046 2516/1435/5046 2463/1539/5046
f 2516/1438/5047 2517/1333/5047 2462/1335/5047
f 2518/1442/5048 2492/1440/5048 2484/1334/5048
f 2576/1443/5049 2494/1465/5049 2486/1444/5049
f 2496/1446/5050 2488/1340/5050 2526/1447/5050
f 2498/1468/5051 2490/1450/5051 2544/1342/5051
f 2450/1451/5052 2485/1970/5052 2545/1360/5052
f 2452/1453/5053 2489/1520/5053 2568/1454/5053
f 2454/1456/5054 2483/1976/5054 2528/1457/5054
f 2456/1459/5055 2487/1506/5055 2510/1460/5055
f 2444/1462/5056 2492/1519/5056 2518/1463/5056
f 2578/1464/5057 2448/1497/5057 2494/1465/5057
f 2446/1466/5058 2496/1446/5058 2536/1448/5058
f 2442/1349/2902 2498/1468/2902 2554/1449/2902
f 2557/1471/5059 2493/1469/5059 2450/1530/5059
f 2497/1472/5060 2452/1453/5060 2577/1455/5060
f 2539/1473/5061 2491/1498/5061 2454/1456/5061
f 2495/1474/5062 2456/1459/5062 2519/1461/5062
f 2585/1477/2907 2542/1374/2907 2501/1373/2907
f 2541/1478/2907 2504/1491/2907 2559/1479/2907
f 2561/1481/2907 2524/1496/2907 2507/1482/2907
f 2522/1347/2907 2506/1346/2907 2582/1484/2907
f 2546/1410/5063 2441/1412/5063 2499/1540/5063
f 2567/1489/5064 2447/1487/5064 2502/1495/5064
f 2566/1490/5065 2451/1518/5065 2504/1491/5065
f 2449/1492/5066 2503/1528/5066 2558/1493/5066
f 2502/1495/2907 2522/1347/2907 2583/1485/2907
f 2558/1493/2907 2503/1528/2907 2524/1496/2907
f 2448/1497/2906 2521/1475/2906 2519/1461/2906
f 2491/1498/5067 2520/1369/5067 2518/1463/5067
f 2494/1465/2913 2519/1461/2913 2510/1460/2913
f 2454/1499/5068 2518/1442/5068 2458/1441/5068
f 2480/1380/5069 2517/1333/5069 2516/1438/5069
f 2482/1382/5070 2481/1387/5070 2516/1435/5070
f 2482/1382/5071 2515/1437/5071 2509/1501/5071
f 2465/1337/5072 2514/1375/5072 2513/1395/5072
f 2467/1502/5073 2466/1431/5073 2513/1395/5073
f 2447/1425/5074 2467/1502/5074 2512/1503/5074
f 2486/1504/5022 2510/1971/5022 2514/1375/5022
f 2444/1462/5075 2520/1369/5075 2562/1371/5075
f 2578/1464/5076 2493/1469/5076 2511/1366/5076
f 2509/1356/5077 2523/1355/5077 2505/1364/5077
f 2508/1345/5078 2522/1347/5078 2502/1495/5078
f 2480/1380/5079 2483/1379/5079 2458/1441/5079
f 2507/1482/2907 2541/1478/2907 2563/1480/2907
f 2582/1484/2907 2506/1346/2907 2542/1374/2907
f 2539/1473/5080 2537/1458/5080 2498/1468/5080
f 2495/1474/5081 2538/1467/5081 2536/1448/5081
f 2537/1458/5082 2528/1457/5082 2490/1450/5082
f 2536/1448/5083 2526/1447/5083 2487/1506/5083
f 2477/1377/5084 2535/1515/5084 2534/1507/5084
f 2478/1508/5085 2534/1977/5085 2533/1509/5085
f 2455/1510/5086 2479/1978/5086 2533/1421/5086
f 2461/1416/5087 2532/1386/5087 2531/1384/5087
f 2460/1414/5088 2531/1384/5088 2530/1385/5088
f 2441/1412/5089 2459/1411/5089 2530/1385/5089
f 2461/1343/5090 2490/1450/5090 2528/1457/5090
f 2529/1372/5091 2542/1374/5091 2506/1346/5091
f 2441/1514/5092 2525/1363/5092 2540/1365/5092
f 2569/1367/5093 2457/1516/5093 2527/1351/5093
f 2547/1370/5094 2491/1498/5094 2539/1473/5094
f 2487/1376/5095 2526/1979/5095 2535/1515/5095
f 2457/1516/5096 2547/1370/5096 2564/1348/5096
f 2560/1483/2907 2563/1480/2907 2540/1365/2907
f 2557/1471/5097 2562/1371/5097 2511/1366/5097
f 2500/1517/2907 2558/1493/2907 2561/1481/2907
f 2543/1494/5098 2558/1493/5098 2500/1517/5098
f 2451/1518/5099 2546/1980/5099 2559/1479/5099
f 2523/1355/2907 2561/1481/2907 2560/1483/2907
f 2563/1480/2907 2559/1479/2907 2499/1513/2907
f 2444/1462/2947 2557/1471/2947 2555/1470/2947
f 2497/1472/2902 2556/1350/2902 2554/1449/2902
f 2492/1440/5100 2555/1452/5100 2545/1360/5100
f 2452/1453/5101 2554/1449/5101 2544/1342/5101
f 2471/1359/5038 2553/1981/5038 2552/1521/5038
f 2472/1541/5102 2552/1415/5102 2551/1413/5102
f 2451/1523/5103 2473/1522/5103 2551/1413/5103
f 2463/1439/5104 2462/1335/5104 2550/1362/5104
f 2463/1524/5105 2549/1760/5105 2548/1399/5105
f 2464/1526/5106 2548/1974/5106 2543/1396/5106
f 2562/1371/5107 2547/1370/5107 2457/1516/5107
f 2484/1334/5108 2545/1360/5108 2550/1362/5108
f 2527/1351/5109 2564/1348/5109 2556/1350/5109
f 2489/1520/5110 2544/1342/5110 2553/1344/5110
f 2569/1367/5111 2586/1353/5111 2538/1467/5111
f 2507/1482/2907 2582/1484/2907 2585/1477/2907
f 2448/1497/5112 2578/1464/5112 2584/1368/5112
f 2581/1488/2907 2583/1485/2907 2524/1496/2907
f 2566/1490/5113 2580/1476/5113 2501/1373/5113
f 2567/1489/5114 2581/1488/5114 2503/1528/5114
f 2583/1485/2907 2582/1484/2907 2507/1482/2907
f 2541/1478/2907 2585/1477/2907 2580/1476/2907
f 2446/1466/2904 2579/1352/2904 2577/1455/2904
f 2578/1464/5115 2576/1443/5115 2450/1530/5115
f 2496/1446/5116 2577/1455/5116 2568/1454/5116
f 2450/1530/5117 2576/1443/5117 2565/1445/5117
f 2475/1532/5118 2474/1537/5118 2575/1338/5118
f 2475/1400/5119 2574/1538/5119 2573/1427/5119
f 2476/1542/5120 2573/1424/5120 2567/1426/5120
f 2468/1534/5121 2572/1357/5121 2571/1407/5121
f 2469/1423/5122 2571/1407/5122 2570/1404/5122
f 2445/1419/5123 2470/1418/5123 2570/1404/5123
f 2584/1368/5124 2569/1367/5124 2495/1474/5124
f 2488/1340/5125 2568/1454/5125 2572/1535/5125
f 2586/1353/5126 2579/1352/5126 2446/1466/5126
f 2485/1536/5127 2565/1336/5127 2575/1338/5127
f 2604/1441/5128 2630/1334/5128 2608/1335/5128
f 2711/1336/5129 2632/1504/5129 2611/1337/5129
f 2681/1339/5130 2672/1447/5130 2634/1340/5130
f 2690/1342/5131 2636/1450/5131 2607/1343/5131
f 2654/1345/5132 2601/1512/5132 2652/1346/5132
f 2710/1348/5133 2685/1473/5133 2588/1349/5133
f 2673/1351/5134 2643/1472/5134 2725/1352/5134
f 2589/1354/5135 2646/1517/5135 2669/1355/5135
f 2718/1357/5136 2714/1759/5136 2635/1358/5136
f 2691/1360/5137 2631/1970/5137 2620/1361/5137
f 2671/1363/5138 2599/1505/5138 2651/1364/5138
f 2657/1366/5139 2603/1516/5139 2715/1367/5139
f 2666/1369/5140 2637/1498/5140 2693/1370/5140
f 2675/1372/5141 2591/1529/5141 2647/1373/5141
f 2660/1375/5142 2656/1971/5142 2633/1376/5142
f 2678/1378/5143 2674/1972/5143 2629/1379/5143
f 2676/1385/5144 2628/1382/5144 2599/1383/5144
f 2676/1385/5145 2677/1384/5145 2627/1387/5145
f 2678/1386/5146 2626/1973/5146 2627/1387/5146
f 2654/1388/5147 2658/1503/5147 2625/1389/5147
f 2659/1391/5148 2624/1508/5148 2625/1392/5148
f 2660/1375/5149 2623/1377/5149 2624/1394/5149
f 2689/1396/5150 2694/1974/5150 2622/1397/5150
f 2694/1399/5151 2695/1760/5151 2621/1400/5151
f 2696/1362/5152 2620/1361/5152 2621/1402/5152
f 2716/1404/5153 2619/1408/5153 2597/1405/5153
f 2717/1407/5154 2618/1409/5154 2619/1408/5154
f 2717/1407/5155 2718/1357/5155 2617/1359/5155
f 2692/1410/5156 2697/1413/5156 2605/1411/5156
f 2697/1413/5157 2698/1415/5157 2606/1414/5157
f 2698/1415/5158 2699/1975/5158 2607/1416/5158
f 2675/1417/5159 2679/1421/5159 2616/1418/5159
f 2680/1420/5160 2615/1423/5160 2616/1418/5160
f 2681/1422/5161 2614/1534/5161 2615/1423/5161
f 2719/1424/5162 2613/1502/5162 2593/1425/5162
f 2719/1427/5163 2720/1538/5163 2612/1428/5163
f 2720/1430/5164 2721/1338/5164 2611/1337/5164
f 2661/1432/5165 2610/1526/5165 2589/1433/5165
f 2662/1435/5166 2609/1539/5166 2610/1436/5166
f 2662/1438/5167 2663/1333/5167 2608/1335/5167
f 2664/1442/5168 2638/1440/5168 2630/1334/5168
f 2722/1443/5169 2640/1465/5169 2632/1444/5169
f 2642/1446/5170 2634/1340/5170 2672/1447/5170
f 2700/1449/5171 2644/1468/5171 2636/1450/5171
f 2596/1451/5172 2631/1970/5172 2691/1360/5172
f 2598/1453/5173 2635/1520/5173 2714/1454/5173
f 2600/1456/5174 2629/1976/5174 2674/1457/5174
f 2602/1459/5175 2633/1506/5175 2656/1460/5175
f 2666/1369/5176 2590/1462/5176 2638/1519/5176
f 2724/1464/5177 2594/1497/5177 2640/1465/5177
f 2592/1466/5178 2642/1446/5178 2682/1448/5178
f 2702/1350/5179 2588/1349/5179 2644/1468/5179
f 2639/1469/5180 2596/1530/5180 2701/1470/5180
f 2643/1472/5181 2598/1453/5181 2723/1455/5181
f 2685/1473/5182 2637/1498/5182 2600/1456/5182
f 2667/1475/5183 2641/1474/5183 2602/1459/5183
f 2688/1374/3042 2647/1373/3042 2726/1476/3042
f 2687/1478/5184 2650/1491/5184 2705/1479/5184
f 2707/1481/5185 2670/1496/5185 2653/1482/5185
f 2668/1347/5186 2652/1346/5186 2728/1484/5186
f 2587/1412/5187 2645/1540/5187 2705/1486/5187
f 2593/1487/5188 2648/1495/5188 2727/1488/5188
f 2712/1490/5189 2597/1518/5189 2650/1491/5189
f 2595/1492/5190 2649/1528/5190 2704/1493/5190
f 2648/1495/3042 2668/1347/3042 2729/1485/3042
f 2704/1493/3042 2649/1528/3042 2670/1496/3042
f 2594/1497/5191 2667/1475/5191 2665/1461/5191
f 2637/1498/5192 2666/1369/5192 2664/1463/5192
f 2640/1465/5193 2665/1461/5193 2656/1460/5193
f 2600/1499/5194 2664/1442/5194 2604/1441/5194
f 2626/1380/5195 2663/1333/5195 2662/1438/5195
f 2628/1382/5196 2627/1387/5196 2662/1435/5196
f 2628/1382/5197 2661/1437/5197 2655/1501/5197
f 2611/1337/5198 2660/1375/5198 2659/1395/5198
f 2613/1502/5199 2612/1431/5199 2659/1395/5199
f 2593/1425/5200 2613/1502/5200 2658/1503/5200
f 2632/1504/5142 2656/1971/5142 2660/1375/5142
f 2590/1462/5201 2666/1369/5201 2708/1371/5201
f 2724/1464/5202 2639/1469/5202 2657/1366/5202
f 2655/1356/5203 2669/1355/5203 2651/1364/5203
f 2654/1345/5204 2668/1347/5204 2648/1495/5204
f 2626/1380/5205 2629/1379/5205 2604/1441/5205
f 2653/1482/5206 2687/1478/5206 2709/1480/5206
f 2728/1484/5207 2652/1346/5207 2688/1374/5207
f 2588/1349/5208 2685/1473/5208 2683/1458/5208
f 2641/1474/5209 2684/1467/5209 2682/1448/5209
f 2644/1468/5210 2683/1458/5210 2674/1457/5210
f 2682/1448/5211 2672/1447/5211 2633/1506/5211
f 2623/1377/5212 2681/1515/5212 2680/1507/5212
f 2624/1508/5213 2680/1977/5213 2679/1509/5213
f 2601/1510/5214 2625/1978/5214 2679/1421/5214
f 2607/1416/5215 2678/1386/5215 2677/1384/5215
f 2605/1411/5216 2606/1414/5216 2677/1384/5216
f 2587/1412/5217 2605/1411/5217 2676/1385/5217
f 2636/1450/5218 2674/1457/5218 2678/1511/5218
f 2601/1512/5219 2675/1372/5219 2688/1374/5219
f 2587/1514/5220 2671/1363/5220 2686/1365/5220
f 2715/1367/5221 2603/1516/5221 2673/1351/5221
f 2693/1370/5222 2637/1498/5222 2685/1473/5222
f 2633/1376/5223 2672/1979/5223 2681/1515/5223
f 2603/1516/5224 2693/1370/5224 2710/1348/5224
f 2706/1483/5225 2709/1480/5225 2686/1365/5225
f 2703/1471/5226 2708/1371/5226 2657/1366/5226
f 2646/1517/3042 2704/1493/3042 2707/1481/3042
f 2689/1494/5227 2704/1493/5227 2646/1517/5227
f 2597/1518/5228 2692/1980/5228 2705/1479/5228
f 2669/1355/5229 2707/1481/5229 2706/1483/5229
f 2709/1480/5230 2705/1479/5230 2645/1513/5230
f 2590/1462/5231 2703/1471/5231 2701/1470/5231
f 2643/1472/5232 2702/1350/5232 2700/1449/5232
f 2701/1452/5233 2691/1360/5233 2630/1334/5233
f 2598/1453/5234 2700/1449/5234 2690/1342/5234
f 2617/1359/5158 2699/1981/5158 2698/1521/5158
f 2618/1541/5235 2698/1415/5235 2697/1413/5235
f 2597/1523/5236 2619/1522/5236 2697/1413/5236
f 2609/1439/5237 2608/1335/5237 2696/1362/5237
f 2609/1524/5238 2695/1760/5238 2694/1399/5238
f 2610/1526/5239 2694/1974/5239 2689/1396/5239
f 2657/1366/5226 2708/1371/5226 2693/1370/5226
f 2608/1335/5240 2630/1334/5240 2691/1360/5240
f 2673/1351/5241 2710/1348/5241 2702/1350/5241
f 2635/1520/5242 2690/1342/5242 2699/1344/5242
f 2641/1474/5243 2715/1367/5243 2732/1353/5243
f 2728/1484/5244 2731/1477/5244 2687/1478/5244
f 2594/1497/5245 2724/1464/5245 2730/1368/5245
f 2727/1488/3042 2729/1485/3042 2670/1496/3042
f 2712/1490/5246 2726/1476/5246 2647/1373/5246
f 2713/1489/5247 2727/1488/5247 2649/1528/5247
f 2729/1485/5248 2728/1484/5248 2653/1482/5248
f 2687/1478/5249 2731/1477/5249 2726/1476/5249
f 2592/1466/5250 2725/1352/5250 2723/1455/5250
f 2639/1469/5251 2724/1464/5251 2722/1443/5251
f 2723/1455/5252 2714/1454/5252 2634/1340/5252
f 2596/1530/5253 2722/1443/5253 2711/1445/5253
f 2621/1532/5254 2620/1537/5254 2721/1338/5254
f 2621/1400/5255 2720/1538/5255 2719/1427/5255
f 2595/1533/5256 2622/1542/5256 2719/1424/5256
f 2614/1534/5257 2718/1357/5257 2717/1407/5257
f 2615/1423/5258 2717/1407/5258 2716/1404/5258
f 2591/1419/5259 2616/1418/5259 2716/1404/5259
f 2667/1475/5260 2730/1368/5260 2715/1367/5260
f 2614/1341/5261 2634/1340/5261 2714/1454/5261
f 2732/1353/5262 2725/1352/5262 2592/1466/5262
f 2631/1536/5263 2711/1336/5263 2721/1338/5263
f 2750/1441/5264 2776/1334/5264 2754/1335/5264
f 2857/1336/5265 2778/1504/5265 2757/1337/5265
f 2818/1447/5266 2780/1340/5266 2760/1341/5266
f 2845/1344/5267 2836/1342/5267 2782/1450/5267
f 2800/1345/5268 2747/1512/5268 2798/1346/5268
f 2856/1348/5269 2831/1473/5269 2734/1349/5269
f 2819/1351/5270 2789/1472/5270 2871/1352/5270
f 2735/1354/5271 2792/1517/5271 2815/1355/5271
f 2864/1357/5272 2860/1759/5272 2781/1358/5272
f 2837/1360/5273 2777/1970/5273 2766/1361/5273
f 2817/1363/5274 2745/1505/5274 2797/1364/5274
f 2803/1366/5275 2749/1516/5275 2861/1367/5275
f 2812/1369/5276 2783/1498/5276 2839/1370/5276
f 2821/1372/5277 2737/1529/5277 2793/1373/5277
f 2806/1375/5278 2802/1971/5278 2779/1376/5278
f 2824/1378/5279 2820/1972/5279 2775/1379/5279
f 2822/1385/5280 2774/1382/5280 2745/1383/5280
f 2823/1384/5281 2773/1387/5281 2774/1382/5281
f 2824/1386/5282 2772/1973/5282 2773/1387/5282
f 2800/1388/5283 2804/1503/5283 2771/1389/5283
f 2805/1391/5284 2770/1508/5284 2771/1392/5284
f 2806/1375/5285 2769/1377/5285 2770/1394/5285
f 2835/1396/5286 2840/1974/5286 2768/1397/5286
f 2840/1399/5287 2841/1760/5287 2767/1400/5287
f 2842/1362/5288 2766/1361/5288 2767/1402/5288
f 2862/1404/5289 2765/1408/5289 2743/1405/5289
f 2863/1407/5290 2764/1409/5290 2765/1408/5290
f 2863/1407/5291 2864/1357/5291 2763/1359/5291
f 2838/1410/5292 2843/1413/5292 2751/1411/5292
f 2844/1415/5293 2752/1414/5293 2751/1411/5293
f 2844/1415/5294 2845/1975/5294 2753/1416/5294
f 2821/1417/5295 2825/1421/5295 2762/1418/5295
f 2826/1420/5296 2761/1423/5296 2762/1418/5296
f 2827/1422/5297 2760/1534/5297 2761/1423/5297
f 2865/1424/5298 2759/1502/5298 2739/1425/5298
f 2865/1427/5299 2866/1538/5299 2758/1428/5299
f 2866/1430/5300 2867/1338/5300 2757/1337/5300
f 2807/1432/5301 2756/1526/5301 2735/1433/5301
f 2807/1437/5302 2808/1435/5302 2755/1539/5302
f 2808/1438/5303 2809/1333/5303 2754/1335/5303
f 2810/1442/5304 2784/1440/5304 2776/1334/5304
f 2868/1443/5305 2786/1465/5305 2778/1444/5305
f 2788/1446/5306 2780/1340/5306 2818/1447/5306
f 2790/1468/5307 2782/1450/5307 2836/1342/5307
f 2742/1451/5308 2777/1970/5308 2837/1360/5308
f 2744/1453/5309 2781/1520/5309 2860/1454/5309
f 2746/1456/5310 2775/1976/5310 2820/1457/5310
f 2748/1459/5311 2779/1506/5311 2802/1460/5311
f 2736/1462/5312 2784/1519/5312 2810/1463/5312
f 2740/1497/5313 2786/1465/5313 2868/1443/5313
f 2738/1466/5314 2788/1446/5314 2828/1448/5314
f 2734/1349/3169 2790/1468/3169 2846/1449/3169
f 2849/1471/5315 2785/1469/5315 2742/1530/5315
f 2789/1472/5316 2744/1453/5316 2869/1455/5316
f 2831/1473/5317 2783/1498/5317 2746/1456/5317
f 2787/1474/5318 2748/1459/5318 2811/1461/5318
f 2877/1477/3174 2834/1374/3174 2793/1373/3174
f 2833/1478/3174 2796/1491/3174 2851/1479/3174
f 2853/1481/3174 2816/1496/3174 2799/1482/3174
f 2814/1347/3174 2798/1346/3174 2874/1484/3174
f 2838/1410/5319 2733/1412/5319 2791/1540/5319
f 2859/1489/5320 2739/1487/5320 2794/1495/5320
f 2858/1490/5321 2743/1518/5321 2796/1491/5321
f 2741/1492/5322 2795/1528/5322 2850/1493/5322
f 2794/1495/3174 2814/1347/3174 2875/1485/3174
f 2850/1493/3174 2795/1528/3174 2816/1496/3174
f 2740/1497/3173 2813/1475/3173 2811/1461/3173
f 2783/1498/5323 2812/1369/5323 2810/1463/5323
f 2786/1465/3180 2811/1461/3180 2802/1460/3180
f 2746/1499/5324 2810/1442/5324 2750/1441/5324
f 2772/1380/5325 2809/1333/5325 2808/1438/5325
f 2774/1382/5326 2773/1387/5326 2808/1435/5326
f 2774/1382/5327 2807/1437/5327 2801/1501/5327
f 2757/1337/5328 2806/1375/5328 2805/1395/5328
f 2759/1502/5329 2758/1431/5329 2805/1395/5329
f 2739/1425/5330 2759/1502/5330 2804/1503/5330
f 2778/1504/5278 2802/1971/5278 2806/1375/5278
f 2736/1462/5331 2812/1369/5331 2854/1371/5331
f 2870/1464/5332 2785/1469/5332 2803/1366/5332
f 2801/1356/5333 2815/1355/5333 2797/1364/5333
f 2800/1345/5334 2814/1347/5334 2794/1495/5334
f 2775/1379/5335 2750/1441/5335 2809/1333/5335
f 2799/1482/3174 2833/1478/3174 2855/1480/3174
f 2874/1484/3174 2798/1346/3174 2834/1374/3174
f 2831/1473/5336 2829/1458/5336 2790/1468/5336
f 2787/1474/5337 2830/1467/5337 2828/1448/5337
f 2829/1458/5338 2820/1457/5338 2782/1450/5338
f 2828/1448/5339 2818/1447/5339 2779/1506/5339
f 2769/1377/5340 2827/1515/5340 2826/1507/5340
f 2770/1508/5341 2826/1977/5341 2825/1509/5341
f 2747/1510/5342 2771/1978/5342 2825/1421/5342
f 2753/1416/5343 2824/1386/5343 2823/1384/5343
f 2752/1414/5344 2823/1384/5344 2822/1385/5344
f 2733/1412/5345 2751/1411/5345 2822/1385/5345
f 2753/1343/5346 2782/1450/5346 2820/1457/5346
f 2821/1372/5347 2834/1374/5347 2798/1346/5347
f 2733/1514/5348 2817/1363/5348 2832/1365/5348
f 2861/1367/5349 2749/1516/5349 2819/1351/5349
f 2839/1370/5350 2783/1498/5350 2831/1473/5350
f 2779/1376/5351 2818/1979/5351 2827/1515/5351
f 2749/1516/5352 2839/1370/5352 2856/1348/5352
f 2852/1483/3174 2855/1480/3174 2832/1365/3174
f 2849/1471/5353 2854/1371/5353 2803/1366/5353
f 2792/1517/3174 2850/1493/3174 2853/1481/3174
f 2835/1494/5354 2850/1493/5354 2792/1517/5354
f 2743/1518/5355 2838/1980/5355 2851/1479/5355
f 2815/1355/3174 2853/1481/3174 2852/1483/3174
f 2855/1480/3174 2851/1479/3174 2791/1513/3174
f 2736/1462/3214 2849/1471/3214 2847/1470/3214
f 2789/1472/3169 2848/1350/3169 2846/1449/3169
f 2784/1440/5356 2847/1452/5356 2837/1360/5356
f 2744/1453/5357 2846/1449/5357 2836/1342/5357
f 2763/1359/5294 2845/1981/5294 2844/1521/5294
f 2764/1541/5358 2844/1415/5358 2843/1413/5358
f 2743/1523/5359 2765/1522/5359 2843/1413/5359
f 2755/1439/5360 2754/1335/5360 2842/1362/5360
f 2755/1524/5361 2841/1760/5361 2840/1399/5361
f 2756/1526/5362 2840/1974/5362 2835/1396/5362
f 2854/1371/5363 2839/1370/5363 2749/1516/5363
f 2776/1334/5364 2837/1360/5364 2842/1362/5364
f 2819/1351/5365 2856/1348/5365 2848/1350/5365
f 2781/1520/5366 2836/1342/5366 2845/1344/5366
f 2861/1367/5367 2878/1353/5367 2830/1467/5367
f 2799/1482/3174 2874/1484/3174 2877/1477/3174
f 2740/1497/5368 2870/1464/5368 2876/1368/5368
f 2873/1488/3174 2875/1485/3174 2816/1496/3174
f 2858/1490/5369 2872/1476/5369 2793/1373/5369
f 2859/1489/5370 2873/1488/5370 2795/1528/5370
f 2875/1485/3174 2874/1484/3174 2799/1482/3174
f 2833/1478/5371 2877/1477/5371 2872/1476/5371
f 2738/1466/5372 2871/1352/5372 2869/1455/5372
f 2870/1464/5373 2868/1443/5373 2742/1530/5373
f 2788/1446/5374 2869/1455/5374 2860/1454/5374
f 2742/1530/5375 2868/1443/5375 2857/1445/5375
f 2767/1532/5376 2766/1537/5376 2867/1338/5376
f 2767/1400/5377 2866/1538/5377 2865/1427/5377
f 2741/1533/5378 2768/1542/5378 2865/1424/5378
f 2760/1534/5379 2864/1357/5379 2863/1407/5379
f 2761/1423/5380 2863/1407/5380 2862/1404/5380
f 2737/1419/5381 2762/1418/5381 2862/1404/5381
f 2876/1368/5382 2861/1367/5382 2787/1474/5382
f 2780/1340/5383 2860/1454/5383 2864/1535/5383
f 2878/1353/5384 2871/1352/5384 2738/1466/5384
f 2777/1536/5385 2857/1336/5385 2867/1338/5385
f 2955/1333/5386 2896/1441/5386 2922/1334/5386
f 3003/1336/5387 2924/1504/5387 2903/1337/5387
f 2973/1339/5388 2964/1447/5388 2926/1340/5388
f 2982/1342/5389 2928/1450/5389 2899/1343/5389
f 2946/1345/5390 2893/1512/5390 2944/1346/5390
f 3002/1348/5391 2977/1473/5391 2880/1349/5391
f 2965/1351/5392 2935/1472/5392 3017/1352/5392
f 2881/1354/5393 2938/1517/5393 2961/1355/5393
f 3010/1357/5394 3006/1759/5394 2927/1358/5394
f 2983/1360/5395 2923/1970/5395 2912/1361/5395
f 2963/1363/5396 2891/1505/5396 2943/1364/5396
f 2949/1366/5397 2895/1516/5397 3007/1367/5397
f 2958/1369/5398 2929/1498/5398 2985/1370/5398
f 2967/1372/5399 2883/1529/5399 2939/1373/5399
f 2952/1375/5400 2948/1971/5400 2925/1376/5400
f 2970/1378/5401 2966/1972/5401 2921/1379/5401
f 2963/1381/5402 2968/1385/5402 2920/1382/5402
f 2969/1384/5403 2919/1387/5403 2920/1382/5403
f 2970/1386/5404 2918/1973/5404 2919/1387/5404
f 2946/1388/5405 2950/1503/5405 2917/1389/5405
f 2951/1391/5406 2916/1508/5406 2917/1392/5406
f 2952/1375/5407 2915/1377/5407 2916/1394/5407
f 2981/1396/5408 2986/1974/5408 2914/1397/5408
f 2986/1399/5409 2987/1760/5409 2913/1400/5409
f 2988/1362/5410 2912/1361/5410 2913/1402/5410
f 3008/1404/5411 2911/1408/5411 2889/1405/5411
f 3009/1407/5412 2910/1409/5412 2911/1408/5412
f 3009/1407/5413 3010/1357/5413 2909/1359/5413
f 2984/1410/5414 2989/1413/5414 2897/1411/5414
f 2989/1413/5415 2990/1415/5415 2898/1414/5415
f 2990/1415/5416 2991/1975/5416 2899/1416/5416
f 2967/1417/5417 2971/1421/5417 2908/1418/5417
f 2972/1420/5418 2907/1423/5418 2908/1418/5418
f 2973/1422/5419 2906/1534/5419 2907/1423/5419
f 3011/1424/5420 2905/1502/5420 2885/1425/5420
f 3011/1427/5421 3012/1538/5421 2904/1428/5421
f 3012/1430/5422 3013/1338/5422 2903/1337/5422
f 2953/1432/5423 2902/1526/5423 2881/1433/5423
f 2954/1435/5424 2901/1539/5424 2902/1436/5424
f 2954/1438/5425 2955/1333/5425 2900/1335/5425
f 2930/1440/5426 2922/1334/5426 2896/1441/5426
f 3014/1443/5427 2932/1465/5427 2924/1444/5427
f 2934/1446/5428 2926/1340/5428 2964/1447/5428
f 2992/1449/5429 2936/1468/5429 2928/1450/5429
f 2888/1451/5430 2923/1970/5430 2983/1360/5430
f 2890/1453/5431 2927/1520/5431 3006/1454/5431
f 2892/1456/5432 2921/1976/5432 2966/1457/5432
f 2894/1459/5433 2925/1506/5433 2948/1460/5433
f 2882/1462/5434 2930/1519/5434 2956/1463/5434
f 3016/1464/5435 2886/1497/5435 2932/1465/5435
f 2884/1466/5436 2934/1446/5436 2974/1448/5436
f 2994/1350/3296 2880/1349/3296 2936/1468/3296
f 2931/1469/5437 2888/1530/5437 2993/1470/5437
f 2935/1472/5438 2890/1453/5438 3015/1455/5438
f 2977/1473/5439 2929/1498/5439 2892/1456/5439
f 2933/1474/5440 2894/1459/5440 2957/1461/5440
f 2980/1374/3322 2939/1373/3322 3018/1476/3322
f 2979/1478/3301 2942/1491/3301 2997/1479/3301
f 2999/1481/3301 2962/1496/3301 2945/1482/3301
f 2960/1347/3301 2944/1346/3301 3020/1484/3301
f 2879/1412/5441 2937/1540/5441 2997/1486/5441
f 2885/1487/5442 2940/1495/5442 3019/1488/5442
f 3004/1490/5443 2889/1518/5443 2942/1491/5443
f 2887/1492/5444 2941/1528/5444 2996/1493/5444
f 2940/1495/3322 2960/1347/3322 3021/1485/3322
f 2996/1493/3322 2941/1528/3322 2962/1496/3322
f 2886/1497/3306 2959/1475/3306 2957/1461/3306
f 2929/1498/5445 2958/1369/5445 2956/1463/5445
f 2932/1465/3308 2957/1461/3308 2948/1460/3308
f 2892/1499/5446 2956/1442/5446 2896/1441/5446
f 2919/1500/5447 2918/1380/5447 2955/1333/5447
f 2920/1382/5448 2919/1387/5448 2954/1435/5448
f 2920/1382/5449 2953/1437/5449 2947/1501/5449
f 2903/1337/5450 2952/1375/5450 2951/1395/5450
f 2905/1502/5451 2904/1431/5451 2951/1395/5451
f 2885/1425/5452 2905/1502/5452 2950/1503/5452
f 2924/1504/5400 2948/1971/5400 2952/1375/5400
f 2882/1462/5453 2958/1369/5453 3000/1371/5453
f 3016/1464/5454 2931/1469/5454 2949/1366/5454
f 2947/1356/5455 2961/1355/5455 2943/1364/5455
f 2946/1345/5456 2960/1347/5456 2940/1495/5456
f 2918/1380/5457 2921/1379/5457 2896/1441/5457
f 2945/1482/3301 2979/1478/3301 3001/1480/3301
f 3020/1484/3301 2944/1346/3301 2980/1374/3301
f 2880/1349/5458 2977/1473/5458 2975/1458/5458
f 2933/1474/5459 2976/1467/5459 2974/1448/5459
f 2936/1468/5460 2975/1458/5460 2966/1457/5460
f 2974/1448/5461 2964/1447/5461 2925/1506/5461
f 2915/1377/5462 2973/1515/5462 2972/1507/5462
f 2916/1508/5463 2972/1977/5463 2971/1509/5463
f 2893/1510/5464 2917/1978/5464 2971/1421/5464
f 2899/1416/5465 2970/1386/5465 2969/1384/5465
f 2898/1414/5466 2969/1384/5466 2968/1385/5466
f 2879/1412/5467 2897/1411/5467 2968/1385/5467
f 2928/1450/5468 2966/1457/5468 2970/1511/5468
f 2893/1512/5469 2967/1372/5469 2980/1374/5469
f 2963/1363/3255 2978/1365/3255 2937/1513/3255
f 3007/1367/5470 2895/1516/5470 2965/1351/5470
f 2985/1370/5471 2929/1498/5471 2977/1473/5471
f 2925/1376/5472 2964/1979/5472 2973/1515/5472
f 2895/1516/5473 2985/1370/5473 3002/1348/5473
f 2998/1483/3301 3001/1480/3301 2978/1365/3301
f 2995/1471/5474 3000/1371/5474 2949/1366/5474
f 2938/1517/3322 2996/1493/3322 2999/1481/3322
f 2981/1494/5475 2996/1493/5475 2938/1517/5475
f 2889/1518/5476 2984/1980/5476 2997/1479/5476
f 2961/1355/3301 2999/1481/3301 2998/1483/3301
f 3001/1480/3301 2997/1479/3301 2937/1513/3301
f 2995/1471/3297 2993/1470/3297 2930/1519/3297
f 2935/1472/3296 2994/1350/3296 2992/1449/3296
f 2993/1452/5477 2983/1360/5477 2922/1334/5477
f 2890/1453/5478 2992/1449/5478 2982/1342/5478
f 2909/1359/5416 2991/1981/5416 2990/1521/5416
f 2911/1522/5479 2910/1541/5479 2990/1415/5479
f 2889/1523/5480 2911/1522/5480 2989/1413/5480
f 2901/1439/5481 2900/1335/5481 2988/1362/5481
f 2901/1524/5482 2987/1760/5482 2986/1399/5482
f 2902/1526/5483 2986/1974/5483 2981/1396/5483
f 2949/1366/5474 3000/1371/5474 2985/1370/5474
f 2900/1335/5484 2922/1334/5484 2983/1360/5484
f 2965/1351/5485 3002/1348/5485 2994/1350/5485
f 2927/1520/5486 2982/1342/5486 2991/1344/5486
f 3007/1367/5487 3024/1353/5487 2976/1467/5487
f 2945/1482/3322 3020/1484/3322 3023/1477/3322
f 2886/1497/5488 3016/1464/5488 3022/1368/5488
f 3019/1488/3322 3021/1485/3322 2962/1496/3322
f 3004/1490/5489 3018/1476/5489 2939/1373/5489
f 3005/1489/5490 3019/1488/5490 2941/1528/5490
f 3021/1485/3301 3020/1484/3301 2945/1482/3301
f 2979/1478/3301 3023/1477/3301 3018/1476/3301
f 3017/1352/5491 3015/1455/5491 2934/1446/5491
f 2931/1469/5492 3016/1464/5492 3014/1443/5492
f 3015/1455/5493 3006/1454/5493 2926/1340/5493
f 2888/1530/5494 3014/1443/5494 3003/1445/5494
f 2913/1532/5495 2912/1537/5495 3013/1338/5495
f 2913/1400/5496 3012/1538/5496 3011/1427/5496
f 2887/1533/5497 2914/1542/5497 3011/1424/5497
f 2906/1534/5498 3010/1357/5498 3009/1407/5498
f 2907/1423/5499 3009/1407/5499 3008/1404/5499
f 2883/1419/5500 2908/1418/5500 3008/1404/5500
f 3022/1368/5501 3007/1367/5501 2933/1474/5501
f 2906/1341/5502 2926/1340/5502 3006/1454/5502
f 3024/1353/5503 3017/1352/5503 2884/1466/5503
f 2923/1536/5504 3003/1336/5504 3013/1338/5504
f 3042/1441/5505 3068/1334/5505 3046/1335/5505
f 3149/1336/5506 3070/1504/5506 3049/1337/5506
f 3110/1447/5507 3072/1340/5507 3052/1341/5507
f 3137/1344/5508 3128/1342/5508 3074/1450/5508
f 3092/1345/5509 3039/1512/5509 3090/1346/5509
f 3148/1348/5510 3123/1473/5510 3026/1349/5510
f 3111/1351/5511 3081/1472/5511 3163/1352/5511
f 3027/1354/5512 3084/1517/5512 3107/1355/5512
f 3156/1357/5513 3152/1759/5513 3073/1358/5513
f 3129/1360/5514 3069/1970/5514 3058/1361/5514
f 3109/1363/5515 3037/1505/5515 3089/1364/5515
f 3095/1366/5516 3041/1516/5516 3153/1367/5516
f 3104/1369/5517 3075/1498/5517 3131/1370/5517
f 3113/1372/5518 3029/1529/5518 3085/1373/5518
f 3098/1375/5519 3094/1971/5519 3071/1376/5519
f 3116/1378/5520 3112/1972/5520 3067/1379/5520
f 3109/1381/5521 3114/1385/5521 3066/1382/5521
f 3115/1384/5522 3065/1387/5522 3066/1382/5522
f 3116/1386/5523 3064/1973/5523 3065/1387/5523
f 3092/1388/5524 3096/1503/5524 3063/1389/5524
f 3097/1391/5525 3062/1508/5525 3063/1392/5525
f 3098/1375/5526 3061/1377/5526 3062/1394/5526
f 3127/1396/5527 3132/1974/5527 3060/1397/5527
f 3132/1399/5528 3133/1760/5528 3059/1400/5528
f 3134/1362/5529 3058/1361/5529 3059/1402/5529
f 3154/1404/5530 3057/1408/5530 3035/1405/5530
f 3155/1407/5531 3056/1409/5531 3057/1408/5531
f 3155/1407/5532 3156/1357/5532 3055/1359/5532
f 3130/1410/5533 3135/1413/5533 3043/1411/5533
f 3136/1415/5534 3044/1414/5534 3043/1411/5534
f 3136/1415/5535 3137/1975/5535 3045/1416/5535
f 3113/1417/5536 3117/1421/5536 3054/1418/5536
f 3118/1420/5537 3053/1423/5537 3054/1418/5537
f 3119/1422/5538 3052/1534/5538 3053/1423/5538
f 3157/1424/5539 3051/1502/5539 3031/1425/5539
f 3157/1427/5540 3158/1538/5540 3050/1428/5540
f 3158/1430/5541 3159/1338/5541 3049/1337/5541
f 3099/1432/5542 3048/1526/5542 3027/1433/5542
f 3099/1437/5543 3100/1435/5543 3047/1539/5543
f 3100/1438/5544 3101/1333/5544 3046/1335/5544
f 3102/1442/5545 3076/1440/5545 3068/1334/5545
f 3160/1443/5546 3078/1465/5546 3070/1444/5546
f 3080/1446/5547 3072/1340/5547 3110/1447/5547
f 3082/1468/5548 3074/1450/5548 3128/1342/5548
f 3034/1451/5549 3069/1970/5549 3129/1360/5549
f 3036/1453/5550 3073/1520/5550 3152/1454/5550
f 3038/1456/5551 3067/1976/5551 3112/1457/5551
f 3040/1459/5552 3071/1506/5552 3094/1460/5552
f 3028/1462/5553 3076/1519/5553 3102/1463/5553
f 3162/1464/5554 3032/1497/5554 3078/1465/5554
f 3030/1466/5555 3080/1446/5555 3120/1448/5555
f 3026/1349/3424 3082/1468/3424 3138/1449/3424
f 3141/1471/5556 3077/1469/5556 3034/1530/5556
f 3081/1472/5557 3036/1453/5557 3161/1455/5557
f 3123/1473/5558 3075/1498/5558 3038/1456/5558
f 3079/1474/5559 3040/1459/5559 3103/1461/5559
f 3169/1477/3429 3126/1374/3429 3085/1373/3429
f 3125/1478/3429 3088/1491/3429 3143/1479/3429
f 3145/1481/3429 3108/1496/3429 3091/1482/3429
f 3106/1347/3429 3090/1346/3429 3166/1484/3429
f 3130/1410/5560 3025/1412/5560 3083/1540/5560
f 3151/1489/5561 3031/1487/5561 3086/1495/5561
f 3150/1490/5562 3035/1518/5562 3088/1491/5562
f 3033/1492/5563 3087/1528/5563 3142/1493/5563
f 3086/1495/3429 3106/1347/3429 3167/1485/3429
f 3142/1493/3430 3087/1528/3430 3108/1496/3430
f 3032/1497/3428 3105/1475/3428 3103/1461/3428
f 3075/1498/5564 3104/1369/5564 3102/1463/5564
f 3078/1465/3438 3103/1461/3438 3094/1460/3438
f 3038/1499/5565 3102/1442/5565 3042/1441/5565
f 3064/1380/5566 3101/1333/5566 3100/1438/5566
f 3066/1382/5567 3065/1387/5567 3100/1435/5567
f 3066/1382/5568 3099/1437/5568 3093/1501/5568
f 3049/1337/5569 3098/1375/5569 3097/1395/5569
f 3051/1502/5570 3050/1431/5570 3097/1395/5570
f 3031/1425/5571 3051/1502/5571 3096/1503/5571
f 3070/1504/5519 3094/1971/5519 3098/1375/5519
f 3028/1462/5572 3104/1369/5572 3146/1371/5572
f 3162/1464/5573 3077/1469/5573 3095/1366/5573
f 3093/1356/5574 3107/1355/5574 3089/1364/5574
f 3092/1345/5575 3106/1347/5575 3086/1495/5575
f 3064/1380/5576 3067/1379/5576 3042/1441/5576
f 3091/1482/3430 3125/1478/3430 3147/1480/3430
f 3166/1484/3429 3090/1346/3429 3126/1374/3429
f 3123/1473/5577 3121/1458/5577 3082/1468/5577
f 3079/1474/5578 3122/1467/5578 3120/1448/5578
f 3121/1458/5579 3112/1457/5579 3074/1450/5579
f 3120/1448/5580 3110/1447/5580 3071/1506/5580
f 3061/1377/5581 3119/1515/5581 3118/1507/5581
f 3062/1508/5582 3118/1977/5582 3117/1509/5582
f 3039/1510/5583 3063/1978/5583 3117/1421/5583
f 3045/1416/5584 3116/1386/5584 3115/1384/5584
f 3044/1414/5585 3115/1384/5585 3114/1385/5585
f 3025/1412/5586 3043/1411/5586 3114/1385/5586
f 3045/1343/5587 3074/1450/5587 3112/1457/5587
f 3113/1372/5588 3126/1374/5588 3090/1346/5588
f 3025/1514/5589 3109/1363/5589 3124/1365/5589
f 3153/1367/5590 3041/1516/5590 3111/1351/5590
f 3131/1370/5591 3075/1498/5591 3123/1473/5591
f 3071/1376/5592 3110/1979/5592 3119/1515/5592
f 3041/1516/5593 3131/1370/5593 3148/1348/5593
f 3144/1483/3429 3147/1480/3429 3124/1365/3429
f 3141/1471/5594 3146/1371/5594 3095/1366/5594
f 3084/1517/3490 3142/1493/3490 3145/1481/3490
f 3127/1494/5595 3142/1493/5595 3084/1517/5595
f 3035/1518/5596 3130/1980/5596 3143/1479/5596
f 3107/1355/3430 3145/1481/3430 3144/1483/3430
f 3147/1480/3429 3143/1479/3429 3083/1513/3429
f 3028/1462/3472 3141/1471/3472 3139/1470/3472
f 3081/1472/3424 3140/1350/3424 3138/1449/3424
f 3076/1440/5597 3139/1452/5597 3129/1360/5597
f 3036/1453/5598 3138/1449/5598 3128/1342/5598
f 3055/1359/5599 3137/1981/5599 3136/1521/5599
f 3056/1541/5600 3136/1415/5600 3135/1413/5600
f 3035/1523/5601 3057/1522/5601 3135/1413/5601
f 3047/1439/5602 3046/1335/5602 3134/1362/5602
f 3047/1524/5603 3133/1760/5603 3132/1399/5603
f 3048/1526/5604 3132/1974/5604 3127/1396/5604
f 3146/1371/5605 3131/1370/5605 3041/1516/5605
f 3068/1334/5606 3129/1360/5606 3134/1362/5606
f 3111/1351/5607 3148/1348/5607 3140/1350/5607
f 3073/1520/5608 3128/1342/5608 3137/1344/5608
f 3153/1367/5609 3170/1353/5609 3122/1467/5609
f 3091/1482/3429 3166/1484/3429 3169/1477/3429
f 3032/1497/5610 3162/1464/5610 3168/1368/5610
f 3165/1488/3429 3167/1485/3429 3108/1496/3429
f 3150/1490/5611 3164/1476/5611 3085/1373/5611
f 3151/1489/5612 3165/1488/5612 3087/1528/5612
f 3167/1485/3429 3166/1484/3429 3091/1482/3429
f 3125/1478/3429 3169/1477/3429 3164/1476/3429
f 3030/1466/5613 3163/1352/5613 3161/1455/5613
f 3162/1464/5614 3160/1443/5614 3034/1530/5614
f 3080/1446/5615 3161/1455/5615 3152/1454/5615
f 3034/1530/5616 3160/1443/5616 3149/1445/5616
f 3059/1532/5617 3058/1537/5617 3159/1338/5617
f 3059/1400/5618 3158/1538/5618 3157/1427/5618
f 3060/1542/5619 3157/1424/5619 3151/1426/5619
f 3052/1534/5620 3156/1357/5620 3155/1407/5620
f 3053/1423/5621 3155/1407/5621 3154/1404/5621
f 3029/1419/5622 3054/1418/5622 3154/1404/5622
f 3168/1368/5623 3153/1367/5623 3079/1474/5623
f 3072/1340/5624 3152/1454/5624 3156/1535/5624
f 3170/1353/5625 3163/1352/5625 3030/1466/5625
f 3069/1536/5626 3149/1336/5626 3159/1338/5626
